code,date,close
135A,2025-09-29,2577.0
135A,2025-10-06,2520.0
135A,2025-10-13,2942.0
135A,2025-10-20,2954.0
135A,2025-10-27,2906.0
135A,2025-11-03,3060.0
135A,2025-11-10,3470.0
135A,2025-11-17,3365.0
135A,2025-11-24,3810.0
135A,2025-12-01,3655.0
135A,2025-12-08,3235.0
135A,2025-12-15,3265.0
135A,2025-12-22,3220.0
135A,2025-12-29,3170.0
135A,2026-01-05,3250.0
135A,2026-01-12,3015.0
135A,2026-01-19,2700.0
135A,2026-01-26,2561.0
135A,2026-02-02,2387.0
135A,2026-02-09,2439.0
135A,2026-02-16,2686.0
135A,2026-02-23,2575.0
135A,2026-03-02,2471.0
135A,2026-03-09,2596.0
135A,2026-03-16,2518.0
135A,2026-03-23,2515.0
135A,2026-03-30,2499.0
135A,2026-04-06,2665.0
135A,2026-04-13,3490.0
135A,2026-04-20,3280.0
135A,2026-04-27,3335.0
135A,2026-05-04,3850.0
135A,2026-05-11,3860.0
135A,2026-05-18,4465.0
135A,2026-05-25,4200.0
135A,2026-06-01,3865.0
135A,2026-06-08,3670.0
135A,2026-06-15,4005.0
135A,2026-06-22,3985.0
135A,2026-06-29,4570.0
135A,2026-07-06,4415.0
135A,2026-07-13,3750.0
135A,2026-07-20,3670.0
135A,2026-07-27,3685.0
135A,2026-08-03,3860.0
135A,2026-08-10,4120.0
135A,2026-08-17,4390.0
135A,2026-08-24,4205.0
135A,2026-08-31,4180.0
135A,2026-09-07,4395.0
135A,2026-09-14,4710.0
135A,2026-09-21,4915.0
1848,2025-09-29,499.81
1848,2025-10-06,489.22
1848,2025-10-13,491.14
1848,2025-10-20,500.77
1848,2025-10-27,498.85
1848,2025-11-03,496.92
1848,2025-11-10,530.63
1848,2025-11-17,511.37
1848,2025-11-24,532.55
1848,2025-12-01,511.37
1848,2025-12-08,517.14
1848,2025-12-15,522.92
1848,2025-12-22,532.55
1848,2025-12-29,539.29
1848,2026-01-05,569.15
1848,2026-01-12,604.78
1848,2026-01-19,612.48
1848,2026-01-26,598.04
1848,2026-02-02,656.78
1848,2026-02-09,791.61
1848,2026-02-16,614.41
1848,2026-02-23,625.97
1848,2026-03-02,577.82
1848,2026-03-09,563.37
1848,2026-03-16,552.78
1848,2026-03-23,573.0
1848,2026-03-30,599.0
1848,2026-04-06,581.0
1848,2026-04-13,570.0
1848,2026-04-20,575.0
1848,2026-04-27,572.0
1848,2026-05-04,571.0
1848,2026-05-11,588.0
1848,2026-05-18,588.0
1848,2026-05-25,596.0
1848,2026-06-01,595.0
1848,2026-06-08,597.0
1848,2026-06-15,608.0
1848,2026-06-22,616.0
1848,2026-06-29,648.0
1848,2026-07-06,647.0
1848,2026-07-13,638.0
1848,2026-07-20,643.0
1848,2026-07-27,678.0
1848,2026-08-03,660.0
1848,2026-08-10,696.0
1848,2026-08-17,703.0
1848,2026-08-24,720.0
1848,2026-08-31,765.0
1848,2026-09-07,755.0
1848,2026-09-14,810.0
1848,2026-09-21,861.0
1897,2025-09-29,2840.03
1897,2025-10-06,2885.25
1897,2025-10-13,2836.1
1897,2025-10-20,2859.69
1897,2025-10-27,2839.05
1897,2025-11-03,2864.61
1897,2025-11-10,2875.42
1897,2025-11-17,2881.32
1897,2025-11-24,2927.53
1897,2025-12-01,2900.0
1897,2025-12-08,2846.92
1897,2025-12-15,2829.22
1897,2025-12-22,2900.0
1897,2025-12-29,2900.0
1897,2026-01-05,3020.0
1897,2026-01-12,2976.0
1897,2026-01-19,3165.0
1897,2026-01-26,3235.0
1897,2026-02-02,3330.0
1897,2026-02-09,3325.0
1897,2026-02-16,3310.0
1897,2026-02-23,3310.0
1897,2026-03-02,3310.0
1897,2026-03-09,3280.0
1897,2026-03-16,3250.0
1897,2026-03-23,3320.0
1897,2026-03-30,3330.0
1897,2026-04-06,3335.0
1897,2026-04-13,3300.0
1897,2026-04-20,3410.0
1897,2026-04-27,3350.0
1897,2026-05-04,3445.0
1897,2026-05-11,3180.0
1897,2026-05-18,3310.0
1897,2026-05-25,3250.0
1897,2026-06-01,3135.0
1897,2026-06-08,3040.0
1897,2026-06-15,3015.0
1897,2026-06-22,3075.0
1897,2026-06-29,3180.0
1897,2026-07-06,3090.0
1897,2026-07-13,3065.0
1897,2026-07-20,3100.0
1897,2026-07-27,3085.0
1897,2026-08-03,3575.0
1897,2026-08-10,3350.0
1897,2026-08-17,3310.0
1897,2026-08-24,3250.0
1897,2026-08-31,3310.0
1897,2026-09-07,3310.0
1897,2026-09-14,3700.0
1897,2026-09-21,3900.0
2340,2025-09-29,472.17
2340,2025-10-06,472.17
2340,2025-10-13,472.17
2340,2025-10-20,475.13
2340,2025-10-27,474.15
2340,2025-11-03,474.15
2340,2025-11-10,478.1
2340,2025-11-17,465.26
2340,2025-11-24,471.18
2340,2025-12-01,468.22
2340,2025-12-08,469.21
2340,2025-12-15,471.18
2340,2025-12-22,472.17
2340,2025-12-29,475.13
2340,2026-01-05,481.06
2340,2026-01-12,480.07
2340,2026-01-19,480.07
2340,2026-01-26,481.06
2340,2026-02-02,480.07
2340,2026-02-09,487.98
2340,2026-02-16,485.01
2340,2026-02-23,486.0
2340,2026-03-02,484.02
2340,2026-03-09,480.07
2340,2026-03-16,480.07
2340,2026-03-23,486.0
2340,2026-03-30,485.0
2340,2026-04-06,487.0
2340,2026-04-13,486.0
2340,2026-04-20,482.0
2340,2026-04-27,482.0
2340,2026-05-04,483.0
2340,2026-05-11,480.0
2340,2026-05-18,478.0
2340,2026-05-25,477.0
2340,2026-06-01,472.0
2340,2026-06-08,473.0
2340,2026-06-15,476.0
2340,2026-06-22,483.0
2340,2026-06-29,492.0
2340,2026-07-06,495.0
2340,2026-07-13,494.0
2340,2026-07-20,499.0
2340,2026-07-27,501.0
2340,2026-08-03,511.0
2340,2026-08-10,529.0
2340,2026-08-17,515.0
2340,2026-08-24,517.0
2340,2026-08-31,519.0
2340,2026-09-07,521.0
2340,2026-09-14,540.0
2340,2026-09-21,545.0
2481,2025-09-29,668.11
2481,2025-10-06,656.5
2481,2025-10-13,641.03
2481,2025-10-20,648.77
2481,2025-10-27,637.17
2481,2025-11-03,655.54
2481,2025-11-10,652.64
2481,2025-11-17,641.03
2481,2025-11-24,647.8
2481,2025-12-01,638.13
2481,2025-12-08,645.87
2481,2025-12-15,645.87
2481,2025-12-22,668.11
2481,2025-12-29,666.17
2481,2026-01-05,655.54
2481,2026-01-12,653.6
2481,2026-01-19,660.37
2481,2026-01-26,660.37
2481,2026-02-02,661.34
2481,2026-02-09,662.3
2481,2026-02-16,671.01
2481,2026-02-23,672.94
2481,2026-03-02,664.24
2481,2026-03-09,659.4
2481,2026-03-16,657.47
2481,2026-03-23,671.01
2481,2026-03-30,657.47
2481,2026-04-06,666.17
2481,2026-04-13,667.14
2481,2026-04-20,675.84
2481,2026-04-27,677.77
2481,2026-05-04,676.81
2481,2026-05-11,661.34
2481,2026-05-18,651.67
2481,2026-05-25,649.73
2481,2026-06-01,641.03
2481,2026-06-08,622.66
2481,2026-06-15,631.36
2481,2026-06-22,642.0
2481,2026-06-29,637.0
2481,2026-07-06,640.0
2481,2026-07-13,634.0
2481,2026-07-20,637.0
2481,2026-07-27,643.0
2481,2026-08-03,648.0
2481,2026-08-10,656.0
2481,2026-08-17,662.0
2481,2026-08-24,668.0
2481,2026-08-31,684.0
2481,2026-09-07,689.0
2481,2026-09-14,697.0
2481,2026-09-21,703.0
269A,2025-09-29,2450.0
269A,2025-10-06,2333.0
269A,2025-10-13,2194.0
269A,2025-10-20,2257.0
269A,2025-10-27,2333.0
269A,2025-11-03,2368.0
269A,2025-11-10,2535.0
269A,2025-11-17,2250.0
269A,2025-11-24,2354.0
269A,2025-12-01,2354.0
269A,2025-12-08,2300.0
269A,2025-12-15,2033.0
269A,2025-12-22,2055.0
269A,2025-12-29,1996.0
269A,2026-01-05,2144.0
269A,2026-01-12,2253.0
269A,2026-01-19,2175.0
269A,2026-01-26,2085.0
269A,2026-02-02,2023.0
269A,2026-02-09,2442.0
269A,2026-02-16,2324.0
269A,2026-02-23,2405.0
269A,2026-03-02,2388.0
269A,2026-03-09,2257.0
269A,2026-03-16,2182.0
269A,2026-03-23,2110.0
269A,2026-03-30,2121.0
269A,2026-04-06,2151.0
269A,2026-04-13,2415.0
269A,2026-04-20,2372.0
269A,2026-04-27,2312.0
269A,2026-05-04,2597.0
269A,2026-05-11,2648.0
269A,2026-05-18,2599.0
269A,2026-05-25,2441.0
269A,2026-06-01,2288.0
269A,2026-06-08,2122.0
269A,2026-06-15,2260.0
269A,2026-06-22,2205.0
269A,2026-06-29,2236.0
269A,2026-07-06,2227.0
269A,2026-07-13,2259.0
269A,2026-07-20,2398.0
269A,2026-07-27,2554.0
269A,2026-08-03,2520.0
269A,2026-08-10,2436.0
269A,2026-08-17,2685.0
269A,2026-08-24,2730.0
269A,2026-08-31,2836.0
269A,2026-09-07,2837.0
269A,2026-09-14,2920.0
269A,2026-09-21,3095.0
2737,2025-09-29,6611.73
2737,2025-10-06,6831.8
2737,2025-10-13,6870.07
2737,2025-10-20,7233.67
2737,2025-10-27,9032.52
2737,2025-11-03,9558.78
2737,2025-11-10,10381.66
2737,2025-11-17,10075.47
2737,2025-11-24,11194.96
2737,2025-12-01,11166.26
2737,2025-12-08,11194.96
2737,2025-12-15,11204.53
2737,2025-12-22,12333.6
2737,2025-12-29,12658.92
2737,2026-01-05,12036.98
2737,2026-01-12,13060.79
2737,2026-01-19,13979.35
2737,2026-01-26,11233.24
2737,2026-02-02,11635.11
2737,2026-02-09,11922.16
2737,2026-02-16,12869.42
2737,2026-02-23,13395.68
2737,2026-03-02,12046.55
2737,2026-03-09,11816.91
2737,2026-03-16,11807.34
2737,2026-03-23,11970.0
2737,2026-03-30,11960.0
2737,2026-04-06,12100.0
2737,2026-04-13,11800.0
2737,2026-04-20,14620.0
2737,2026-04-27,15070.0
2737,2026-05-04,16420.0
2737,2026-05-11,14600.0
2737,2026-05-18,14990.0
2737,2026-05-25,13990.0
2737,2026-06-01,14680.0
2737,2026-06-08,14490.0
2737,2026-06-15,16130.0
2737,2026-06-22,18470.0
2737,2026-06-29,16730.0
2737,2026-07-06,15690.0
2737,2026-07-13,15120.0
2737,2026-07-20,16520.0
2737,2026-07-27,21150.0
2737,2026-08-03,28800.0
2737,2026-08-10,31400.0
2737,2026-08-17,28350.0
2737,2026-08-24,31950.0
2737,2026-08-31,33050.0
2737,2026-09-07,34800.0
2737,2026-09-14,36850.0
2737,2026-09-21,39950.0
2805,2025-09-29,3287.3
2805,2025-10-06,3232.6
2805,2025-10-13,3242.54
2805,2025-10-20,3242.54
2805,2025-10-27,3317.14
2805,2025-11-03,3327.09
2805,2025-11-10,3396.71
2805,2025-11-17,3481.26
2805,2025-11-24,3555.85
2805,2025-12-01,3501.15
2805,2025-12-08,3680.19
2805,2025-12-15,3918.9
2805,2025-12-22,3908.95
2805,2025-12-29,4008.42
2805,2026-01-05,3918.9
2805,2026-01-12,4028.31
2805,2026-01-19,4386.38
2805,2026-01-26,4346.6
2805,2026-02-02,4431.14
2805,2026-02-09,4341.62
2805,2026-02-16,4421.2
2805,2026-02-23,4600.23
2805,2026-03-02,4550.5
2805,2026-03-09,4421.2
2805,2026-03-16,4530.61
2805,2026-03-23,4829.0
2805,2026-03-30,4995.0
2805,2026-04-06,5080.0
2805,2026-04-13,4720.0
2805,2026-04-20,4560.0
2805,2026-04-27,4550.0
2805,2026-05-04,4450.0
2805,2026-05-11,4960.0
2805,2026-05-18,5350.0
2805,2026-05-25,5630.0
2805,2026-06-01,4920.0
2805,2026-06-08,5190.0
2805,2026-06-15,5360.0
2805,2026-06-22,5240.0
2805,2026-06-29,5430.0
2805,2026-07-06,5810.0
2805,2026-07-13,5980.0
2805,2026-07-20,6300.0
2805,2026-07-27,6600.0
2805,2026-08-03,6890.0
2805,2026-08-10,6680.0
2805,2026-08-17,6800.0
2805,2026-08-24,7120.0
2805,2026-08-31,7320.0
2805,2026-09-07,7450.0
2805,2026-09-14,7930.0
2805,2026-09-21,7590.0
2892,2025-09-29,3376.74
2892,2025-10-06,3406.14
2892,2025-10-13,3425.75
2892,2025-10-20,3518.86
2892,2025-10-27,3460.05
2892,2025-11-03,3499.26
2892,2025-11-10,3464.95
2892,2025-11-17,3474.76
2892,2025-11-24,3533.57
2892,2025-12-01,3533.57
2892,2025-12-08,3548.27
2892,2025-12-15,3906.04
2892,2025-12-22,4028.56
2892,2025-12-29,3959.95
2892,2026-01-05,4028.56
2892,2026-01-12,4043.26
2892,2026-01-19,4082.47
2892,2026-01-26,3734.5
2892,2026-02-02,3734.5
2892,2026-02-09,3768.81
2892,2026-02-16,3866.83
2892,2026-02-23,3901.14
2892,2026-03-02,3763.91
2892,2026-03-09,3705.1
2892,2026-03-16,3660.99
2892,2026-03-23,3710.0
2892,2026-03-30,3865.0
2892,2026-04-06,3810.0
2892,2026-04-13,3885.0
2892,2026-04-20,3890.0
2892,2026-04-27,3815.0
2892,2026-05-04,3940.0
2892,2026-05-11,4010.0
2892,2026-05-18,3980.0
2892,2026-05-25,4035.0
2892,2026-06-01,4030.0
2892,2026-06-08,3950.0
2892,2026-06-15,3890.0
2892,2026-06-22,4155.0
2892,2026-06-29,4210.0
2892,2026-07-06,4400.0
2892,2026-07-13,4290.0
2892,2026-07-20,4555.0
2892,2026-07-27,4445.0
2892,2026-08-03,4315.0
2892,2026-08-10,4555.0
2892,2026-08-17,4510.0
2892,2026-08-24,4570.0
2892,2026-08-31,4585.0
2892,2026-09-07,4580.0
2892,2026-09-14,4870.0
2892,2026-09-21,4905.0
2962,2025-09-29,435.0
2962,2025-10-06,418.0
2962,2025-10-13,370.0
2962,2025-10-20,453.0
2962,2025-10-27,437.0
2962,2025-11-03,403.0
2962,2025-11-10,455.0
2962,2025-11-17,369.0
2962,2025-11-24,396.0
2962,2025-12-01,357.0
2962,2025-12-08,369.0
2962,2025-12-15,350.0
2962,2025-12-22,367.0
2962,2025-12-29,399.0
2962,2026-01-05,424.0
2962,2026-01-12,481.0
2962,2026-01-19,442.0
2962,2026-01-26,448.0
2962,2026-02-02,538.0
2962,2026-02-09,809.0
2962,2026-02-16,915.0
2962,2026-02-23,1237.0
2962,2026-03-02,1060.0
2962,2026-03-09,1132.0
2962,2026-03-16,975.0
2962,2026-03-23,882.0
2962,2026-03-30,823.0
2962,2026-04-06,884.0
2962,2026-04-13,833.0
2962,2026-04-20,906.0
2962,2026-04-27,933.0
2962,2026-05-04,1113.0
2962,2026-05-11,980.0
2962,2026-05-18,1109.0
2962,2026-05-25,1063.0
2962,2026-06-01,1343.0
2962,2026-06-08,974.0
2962,2026-06-15,1145.0
2962,2026-06-22,1888.0
2962,2026-06-29,1490.0
2962,2026-07-06,1280.0
2962,2026-07-13,1395.0
2962,2026-07-20,1277.0
2962,2026-07-27,1182.0
2962,2026-08-03,1250.0
2962,2026-08-10,1373.0
2962,2026-08-17,1549.0
2962,2026-08-24,1754.0
2962,2026-08-31,1608.0
2962,2026-09-07,1768.0
2962,2026-09-14,2231.0
2962,2026-09-21,2270.0
2984,2025-09-29,702.52
2984,2025-10-06,706.36
2984,2025-10-13,694.85
2984,2025-10-20,710.2
2984,2025-10-27,702.52
2984,2025-11-03,700.6
2984,2025-11-10,700.6
2984,2025-11-17,676.61
2984,2025-11-24,682.37
2984,2025-12-01,690.05
2984,2025-12-08,694.85
2984,2025-12-15,698.68
2984,2025-12-22,708.28
2984,2025-12-29,721.72
2984,2026-01-05,720.76
2984,2026-01-12,726.52
2984,2026-01-19,732.28
2984,2026-01-26,725.56
2984,2026-02-02,735.15
2984,2026-02-09,724.6
2984,2026-02-16,732.28
2984,2026-02-23,745.71
2984,2026-03-02,742.83
2984,2026-03-09,719.8
2984,2026-03-16,738.99
2984,2026-03-23,715.0
2984,2026-03-30,709.0
2984,2026-04-06,710.0
2984,2026-04-13,707.0
2984,2026-04-20,705.0
2984,2026-04-27,695.0
2984,2026-05-04,702.0
2984,2026-05-11,727.0
2984,2026-05-18,724.0
2984,2026-05-25,731.0
2984,2026-06-01,703.0
2984,2026-06-08,692.0
2984,2026-06-15,697.0
2984,2026-06-22,708.0
2984,2026-06-29,733.0
2984,2026-07-06,758.0
2984,2026-07-13,719.0
2984,2026-07-20,742.0
2984,2026-07-27,748.0
2984,2026-08-03,750.0
2984,2026-08-10,762.0
2984,2026-08-17,764.0
2984,2026-08-24,763.0
2984,2026-08-31,750.0
2984,2026-09-07,755.0
2984,2026-09-14,783.0
2984,2026-09-21,793.0
3040,2025-09-29,1405.29
3040,2025-10-06,1494.64
3040,2025-10-13,1434.43
3040,2025-10-20,1614.09
3040,2025-10-27,1667.51
3040,2025-11-03,1719.95
3040,2025-11-10,1793.76
3040,2025-11-17,1772.4
3040,2025-11-24,1845.23
3040,2025-12-01,1869.51
3040,2025-12-08,1931.67
3040,2025-12-15,1952.06
3040,2025-12-22,2031.7
3040,2025-12-29,2022.84
3040,2026-01-05,2013.98
3040,2026-01-12,2112.42
3040,2026-01-19,2015.95
3040,2026-01-26,1921.45
3040,2026-02-02,1895.86
3040,2026-02-09,1973.62
3040,2026-02-16,2054.34
3040,2026-02-23,1962.8
3040,2026-03-02,1837.78
3040,2026-03-09,1814.16
3040,2026-03-16,1775.77
3040,2026-03-23,1741.32
3040,2026-03-30,1646.82
3040,2026-04-06,1697.02
3040,2026-04-13,1734.43
3040,2026-04-20,1747.22
3040,2026-04-27,1746.24
3040,2026-05-04,1841.72
3040,2026-05-11,2017.92
3040,2026-05-18,2101.59
3040,2026-05-25,2069.1
3040,2026-06-01,2166.56
3040,2026-06-08,2041.54
3040,2026-06-15,1992.33
3040,2026-06-22,1887.0
3040,2026-06-29,1986.0
3040,2026-07-06,1988.0
3040,2026-07-13,1971.0
3040,2026-07-20,1957.0
3040,2026-07-27,1950.0
3040,2026-08-03,2006.0
3040,2026-08-10,2563.0
3040,2026-08-17,2385.0
3040,2026-08-24,2400.0
3040,2026-08-31,2355.0
3040,2026-09-07,2228.0
3040,2026-09-14,2499.0
3040,2026-09-21,2670.0
3077,2025-09-29,371.0
3077,2025-10-06,377.0
3077,2025-10-13,358.0
3077,2025-10-20,363.0
3077,2025-10-27,353.0
3077,2025-11-03,605.0
3077,2025-11-10,604.0
3077,2025-11-17,542.0
3077,2025-11-24,476.0
3077,2025-12-01,443.0
3077,2025-12-08,436.0
3077,2025-12-15,479.0
3077,2025-12-22,467.0
3077,2025-12-29,501.0
3077,2026-01-05,519.0
3077,2026-01-12,539.0
3077,2026-01-19,521.0
3077,2026-01-26,491.0
3077,2026-02-02,473.0
3077,2026-02-09,474.0
3077,2026-02-16,518.0
3077,2026-02-23,558.0
3077,2026-03-02,563.0
3077,2026-03-09,548.0
3077,2026-03-16,533.0
3077,2026-03-23,630.0
3077,2026-03-30,768.0
3077,2026-04-06,850.0
3077,2026-04-13,742.0
3077,2026-04-20,755.0
3077,2026-04-27,773.0
3077,2026-05-04,781.0
3077,2026-05-11,765.0
3077,2026-05-18,830.0
3077,2026-05-25,795.0
3077,2026-06-01,757.0
3077,2026-06-08,722.0
3077,2026-06-15,704.0
3077,2026-06-22,733.0
3077,2026-06-29,812.0
3077,2026-07-06,827.0
3077,2026-07-13,865.0
3077,2026-07-20,906.0
3077,2026-07-27,899.0
3077,2026-08-03,848.0
3077,2026-08-10,885.0
3077,2026-08-17,1021.0
3077,2026-08-24,1216.0
3077,2026-08-31,1240.0
3077,2026-09-07,1267.0
3077,2026-09-14,1349.0
3077,2026-09-21,1347.0
3106,2025-09-29,6811.71
3106,2025-10-06,6831.34
3106,2025-10-13,6841.16
3106,2025-10-20,7106.16
3106,2025-10-27,6890.23
3106,2025-11-03,6860.79
3106,2025-11-10,6880.42
3106,2025-11-17,7057.09
3106,2025-11-24,7400.62
3106,2025-12-01,7538.03
3106,2025-12-08,8185.83
3106,2025-12-15,8195.65
3106,2025-12-22,7979.71
3106,2025-12-29,8323.24
3106,2026-01-05,8794.37
3106,2026-01-12,9079.01
3106,2026-01-19,8912.15
3106,2026-01-26,8902.34
3106,2026-02-02,9412.72
3106,2026-02-09,9972.19
3106,2026-02-16,9579.58
3106,2026-02-23,9864.22
3106,2026-03-02,8921.97
3106,2026-03-09,8578.44
3106,2026-03-16,8598.07
3106,2026-03-23,8814.0
3106,2026-03-30,9010.0
3106,2026-04-06,9340.0
3106,2026-04-13,9940.0
3106,2026-04-20,9100.0
3106,2026-04-27,9450.0
3106,2026-05-04,9620.0
3106,2026-05-11,11550.0
3106,2026-05-18,10610.0
3106,2026-05-25,10280.0
3106,2026-06-01,9720.0
3106,2026-06-08,9230.0
3106,2026-06-15,10200.0
3106,2026-06-22,10300.0
3106,2026-06-29,10610.0
3106,2026-07-06,10020.0
3106,2026-07-13,9860.0
3106,2026-07-20,9990.0
3106,2026-07-27,9900.0
3106,2026-08-03,10910.0
3106,2026-08-10,10730.0
3106,2026-08-17,10400.0
3106,2026-08-24,10850.0
3106,2026-08-31,10940.0
3106,2026-09-07,10620.0
3106,2026-09-14,11320.0
3106,2026-09-21,11580.0
3131,2025-09-29,3165.62
3131,2025-10-06,3194.27
3131,2025-10-13,2974.64
3131,2025-10-20,3070.13
3131,2025-10-27,3347.06
3131,2025-11-03,3318.41
3131,2025-11-10,2627.99
3131,2025-11-17,2520.08
3131,2025-11-24,2593.62
3131,2025-12-01,2561.15
3131,2025-12-08,2616.53
3131,2025-12-15,2559.24
3131,2025-12-22,2746.41
3131,2025-12-29,2767.41
3131,2026-01-05,2797.02
3131,2026-01-12,2826.62
3131,2026-01-19,2874.37
3131,2026-01-26,2898.24
3131,2026-02-02,2847.63
3131,2026-02-09,2776.01
3131,2026-02-16,2825.67
3131,2026-02-23,2950.76
3131,2026-03-02,2801.79
3131,2026-03-09,2674.79
3131,2026-03-16,2700.57
3131,2026-03-23,2755.0
3131,2026-03-30,2695.0
3131,2026-04-06,2731.0
3131,2026-04-13,2779.0
3131,2026-04-20,2744.0
3131,2026-04-27,2857.0
3131,2026-05-04,3055.0
3131,2026-05-11,3125.0
3131,2026-05-18,3200.0
3131,2026-05-25,3455.0
3131,2026-06-01,3655.0
3131,2026-06-08,3350.0
3131,2026-06-15,3615.0
3131,2026-06-22,3555.0
3131,2026-06-29,4025.0
3131,2026-07-06,3635.0
3131,2026-07-13,3375.0
3131,2026-07-20,3515.0
3131,2026-07-27,4100.0
3131,2026-08-03,4455.0
3131,2026-08-10,6880.0
3131,2026-08-17,6080.0
3131,2026-08-24,5970.0
3131,2026-08-31,6630.0
3131,2026-09-07,6310.0
3131,2026-09-14,7210.0
3131,2026-09-21,7550.0
3132,2025-09-29,1975.79
3132,2025-10-06,1974.81
3132,2025-10-13,2028.51
3132,2025-10-20,2176.82
3132,2025-10-27,2166.96
3132,2025-11-03,2236.93
3132,2025-11-10,2297.04
3132,2025-11-17,2189.63
3132,2025-11-24,2286.2
3132,2025-12-01,2318.23
3132,2025-12-08,2510.88
3132,2025-12-15,2374.89
3132,2025-12-22,2379.82
3132,2025-12-29,2357.65
3132,2026-01-05,2440.91
3132,2026-01-12,2552.27
3132,2026-01-19,2602.53
3132,2026-01-26,2609.42
3132,2026-02-02,2490.68
3132,2026-02-09,2606.47
3132,2026-02-16,2590.7
3132,2026-02-23,2728.17
3132,2026-03-02,2426.63
3132,2026-03-09,2254.67
3132,2026-03-16,2337.94
3132,2026-03-23,2367.5
3132,2026-03-30,2289.5
3132,2026-04-06,2299.0
3132,2026-04-13,2378.0
3132,2026-04-20,2535.5
3132,2026-04-27,2594.0
3132,2026-05-04,2765.0
3132,2026-05-11,3241.0
3132,2026-05-18,3227.0
3132,2026-05-25,3110.0
3132,2026-06-01,3493.0
3132,2026-06-08,3170.0
3132,2026-06-15,3350.0
3132,2026-06-22,3184.0
3132,2026-06-29,3175.0
3132,2026-07-06,3256.0
3132,2026-07-13,3201.0
3132,2026-07-20,3378.0
3132,2026-07-27,3295.0
3132,2026-08-03,3621.0
3132,2026-08-10,3798.0
3132,2026-08-17,3332.0
3132,2026-08-24,3577.0
3132,2026-08-31,3547.0
3132,2026-09-07,3761.0
3132,2026-09-14,4088.0
3132,2026-09-21,4214.0
3156,2025-09-29,2563.76
3156,2025-10-06,2504.26
3156,2025-10-13,2524.74
3156,2025-10-20,2566.69
3156,2025-10-27,2519.86
3156,2025-11-03,2480.84
3156,2025-11-10,2505.23
3156,2025-11-17,2509.13
3156,2025-11-24,2693.51
3156,2025-12-01,2647.66
3156,2025-12-08,2634.0
3156,2025-12-15,2615.47
3156,2025-12-22,2726.68
3156,2025-12-29,2726.68
3156,2026-01-05,2773.51
3156,2026-01-12,2810.58
3156,2026-01-19,2911.06
3156,2026-01-26,2864.24
3156,2026-02-02,2913.01
3156,2026-02-09,3038.86
3156,2026-02-16,3014.47
3156,2026-02-23,3073.01
3156,2026-03-02,2868.14
3156,2026-03-09,2770.58
3156,2026-03-16,2749.12
3156,2026-03-23,2714.0
3156,2026-03-30,2716.0
3156,2026-04-06,2821.0
3156,2026-04-13,2827.0
3156,2026-04-20,2847.0
3156,2026-04-27,2828.0
3156,2026-05-04,2975.0
3156,2026-05-11,3465.0
3156,2026-05-18,3550.0
3156,2026-05-25,4065.0
3156,2026-06-01,4390.0
3156,2026-06-08,4410.0
3156,2026-06-15,4410.0
3156,2026-06-22,4305.0
3156,2026-06-29,4020.0
3156,2026-07-06,3730.0
3156,2026-07-13,3495.0
3156,2026-07-20,3540.0
3156,2026-07-27,4125.0
3156,2026-08-03,4415.0
3156,2026-08-10,5510.0
3156,2026-08-17,4755.0
3156,2026-08-24,5150.0
3156,2026-08-31,5220.0
3156,2026-09-07,5330.0
3156,2026-09-14,5890.0
3156,2026-09-21,6140.0
3393,2025-09-29,2640.76
3393,2025-10-06,2722.95
3393,2025-10-13,2654.3
3393,2025-10-20,2725.85
3393,2025-10-27,2670.74
3393,2025-11-03,2596.28
3393,2025-11-10,2560.5
3393,2025-11-17,2523.76
3393,2025-11-24,2524.73
3393,2025-12-01,2543.1
3393,2025-12-08,2576.94
3393,2025-12-15,2618.52
3393,2025-12-22,2738.42
3393,2025-12-29,2785.8
3393,2026-01-05,2818.68
3393,2026-01-12,2915.38
3393,2026-01-19,2853.49
3393,2026-01-26,2720.05
3393,2026-02-02,2664.93
3393,2026-02-09,2585.64
3393,2026-02-16,2844.79
3393,2026-02-23,2987.9
3393,2026-03-02,2852.52
3393,2026-03-09,2738.42
3393,2026-03-16,2632.06
3393,2026-03-23,2663.0
3393,2026-03-30,2740.0
3393,2026-04-06,2797.0
3393,2026-04-13,2834.0
3393,2026-04-20,2757.0
3393,2026-04-27,2742.0
3393,2026-05-04,2770.0
3393,2026-05-11,2700.0
3393,2026-05-18,3005.0
3393,2026-05-25,2982.0
3393,2026-06-01,2911.0
3393,2026-06-08,2865.0
3393,2026-06-15,2945.0
3393,2026-06-22,2988.0
3393,2026-06-29,3100.0
3393,2026-07-06,3085.0
3393,2026-07-13,3065.0
3393,2026-07-20,3045.0
3393,2026-07-27,3080.0
3393,2026-08-03,3035.0
3393,2026-08-10,3030.0
3393,2026-08-17,3015.0
3393,2026-08-24,3000.0
3393,2026-08-31,3040.0
3393,2026-09-07,3025.0
3393,2026-09-14,3260.0
3393,2026-09-21,3265.0
3512,2025-09-29,576.2
3512,2025-10-06,571.28
3512,2025-10-13,573.25
3512,2025-10-20,574.23
3512,2025-10-27,584.08
3512,2025-11-03,594.92
3512,2025-11-10,607.72
3512,2025-11-17,620.53
3512,2025-11-24,630.38
3512,2025-12-01,634.32
3512,2025-12-08,612.65
3512,2025-12-15,619.54
3512,2025-12-22,757.44
3512,2025-12-29,886.47
3512,2026-01-05,866.77
3512,2026-01-12,910.11
3512,2026-01-19,911.09
3512,2026-01-26,866.77
3512,2026-02-02,858.89
3512,2026-02-09,876.62
3512,2026-02-16,886.47
3512,2026-02-23,879.57
3512,2026-03-02,911.09
3512,2026-03-09,1039.14
3512,2026-03-16,944.58
3512,2026-03-23,917.0
3512,2026-03-30,1000.0
3512,2026-04-06,974.0
3512,2026-04-13,990.0
3512,2026-04-20,900.0
3512,2026-04-27,892.0
3512,2026-05-04,865.0
3512,2026-05-11,777.0
3512,2026-05-18,850.0
3512,2026-05-25,890.0
3512,2026-06-01,836.0
3512,2026-06-08,771.0
3512,2026-06-15,806.0
3512,2026-06-22,790.0
3512,2026-06-29,1042.0
3512,2026-07-06,1022.0
3512,2026-07-13,973.0
3512,2026-07-20,973.0
3512,2026-07-27,920.0
3512,2026-08-03,924.0
3512,2026-08-10,969.0
3512,2026-08-17,1030.0
3512,2026-08-24,1030.0
3512,2026-08-31,1029.0
3512,2026-09-07,1022.0
3512,2026-09-14,1013.0
3512,2026-09-21,1065.0
3537,2025-09-29,1528.88
3537,2025-10-06,1527.91
3537,2025-10-13,1524.03
3537,2025-10-20,1520.15
3537,2025-10-27,1495.88
3537,2025-11-03,1460.93
3537,2025-11-10,1480.35
3537,2025-11-17,1492.97
3537,2025-11-24,1539.56
3537,2025-12-01,1530.82
3537,2025-12-08,1516.26
3537,2025-12-15,1514.32
3537,2025-12-22,1504.61
3537,2025-12-29,1509.47
3537,2026-01-05,1509.47
3537,2026-01-12,1519.18
3537,2026-01-19,1530.82
3537,2026-01-26,1525.97
3537,2026-02-02,1535.68
3537,2026-02-09,1547.33
3537,2026-02-16,1560.92
3537,2026-02-23,1573.54
3537,2026-03-02,1537.62
3537,2026-03-09,1528.88
3537,2026-03-16,1530.82
3537,2026-03-23,1525.0
3537,2026-03-30,1560.0
3537,2026-04-06,1570.0
3537,2026-04-13,1572.0
3537,2026-04-20,1580.0
3537,2026-04-27,1600.0
3537,2026-05-04,1602.0
3537,2026-05-11,1620.0
3537,2026-05-18,1650.0
3537,2026-05-25,1638.0
3537,2026-06-01,1608.0
3537,2026-06-08,1604.0
3537,2026-06-15,1600.0
3537,2026-06-22,1619.0
3537,2026-06-29,1630.0
3537,2026-07-06,1646.0
3537,2026-07-13,1649.0
3537,2026-07-20,1670.0
3537,2026-07-27,1669.0
3537,2026-08-03,1743.0
3537,2026-08-10,1729.0
3537,2026-08-17,1716.0
3537,2026-08-24,1717.0
3537,2026-08-31,1759.0
3537,2026-09-07,1747.0
3537,2026-09-14,1728.0
3537,2026-09-21,1823.0
3628,2025-09-29,608.0
3628,2025-10-06,600.0
3628,2025-10-13,599.0
3628,2025-10-20,642.0
3628,2025-10-27,640.0
3628,2025-11-03,629.0
3628,2025-11-10,550.0
3628,2025-11-17,510.0
3628,2025-11-24,512.0
3628,2025-12-01,512.0
3628,2025-12-08,509.0
3628,2025-12-15,506.0
3628,2025-12-22,490.0
3628,2025-12-29,495.0
3628,2026-01-05,525.0
3628,2026-01-12,527.0
3628,2026-01-19,515.0
3628,2026-01-26,516.0
3628,2026-02-02,494.0
3628,2026-02-09,480.0
3628,2026-02-16,464.0
3628,2026-02-23,466.0
3628,2026-03-02,484.0
3628,2026-03-09,529.0
3628,2026-03-16,510.0
3628,2026-03-23,496.0
3628,2026-03-30,508.0
3628,2026-04-06,502.0
3628,2026-04-13,492.0
3628,2026-04-20,475.0
3628,2026-04-27,434.0
3628,2026-05-04,456.0
3628,2026-05-11,581.0
3628,2026-05-18,658.0
3628,2026-05-25,685.0
3628,2026-06-01,600.0
3628,2026-06-08,516.0
3628,2026-06-15,512.0
3628,2026-06-22,483.0
3628,2026-06-29,498.0
3628,2026-07-06,539.0
3628,2026-07-13,578.0
3628,2026-07-20,590.0
3628,2026-07-27,609.0
3628,2026-08-03,568.0
3628,2026-08-10,602.0
3628,2026-08-17,592.0
3628,2026-08-24,595.0
3628,2026-08-31,642.0
3628,2026-09-07,668.0
3628,2026-09-14,715.0
3628,2026-09-21,719.0
3708,2025-09-29,1528.86
3708,2025-10-06,1449.42
3708,2025-10-13,1477.86
3708,2025-10-20,1524.93
3708,2025-10-27,1455.31
3708,2025-11-03,1455.31
3708,2025-11-10,1479.82
3708,2025-11-17,1458.25
3708,2025-11-24,1504.34
3708,2025-12-01,1455.31
3708,2025-12-08,1493.55
3708,2025-12-15,1526.89
3708,2025-12-22,1549.45
3708,2025-12-29,1549.45
3708,2026-01-05,1654.38
3708,2026-01-12,1657.32
3708,2026-01-19,1676.94
3708,2026-01-26,1621.04
3708,2026-02-02,1609.27
3708,2026-02-09,1645.56
3708,2026-02-16,1635.75
3708,2026-02-23,1659.28
3708,2026-03-02,1587.7
3708,2026-03-09,1576.91
3708,2026-03-16,1576.91
3708,2026-03-23,1623.0
3708,2026-03-30,1616.0
3708,2026-04-06,1612.0
3708,2026-04-13,1610.0
3708,2026-04-20,1565.0
3708,2026-04-27,1601.0
3708,2026-05-04,1636.0
3708,2026-05-11,1714.0
3708,2026-05-18,1725.0
3708,2026-05-25,1794.0
3708,2026-06-01,1772.0
3708,2026-06-08,1814.0
3708,2026-06-15,1839.0
3708,2026-06-22,1856.0
3708,2026-06-29,1958.0
3708,2026-07-06,1953.0
3708,2026-07-13,2050.0
3708,2026-07-20,2126.0
3708,2026-07-27,2086.0
3708,2026-08-03,2050.0
3708,2026-08-10,2141.0
3708,2026-08-17,2174.0
3708,2026-08-24,2191.0
3708,2026-08-31,2143.0
3708,2026-09-07,2135.0
3708,2026-09-14,2216.0
3708,2026-09-21,2227.0
3793,2025-09-29,459.0
3793,2025-10-06,455.0
3793,2025-10-13,452.0
3793,2025-10-20,464.0
3793,2025-10-27,460.0
3793,2025-11-03,450.0
3793,2025-11-10,455.0
3793,2025-11-17,434.0
3793,2025-11-24,446.0
3793,2025-12-01,415.0
3793,2025-12-08,415.0
3793,2025-12-15,410.0
3793,2025-12-22,396.0
3793,2025-12-29,400.0
3793,2026-01-05,417.0
3793,2026-01-12,436.0
3793,2026-01-19,431.0
3793,2026-01-26,449.0
3793,2026-02-02,407.0
3793,2026-02-09,398.0
3793,2026-02-16,412.0
3793,2026-02-23,409.0
3793,2026-03-02,403.0
3793,2026-03-09,403.0
3793,2026-03-16,400.0
3793,2026-03-23,403.0
3793,2026-03-30,401.0
3793,2026-04-06,408.0
3793,2026-04-13,432.0
3793,2026-04-20,408.0
3793,2026-04-27,405.0
3793,2026-05-04,414.0
3793,2026-05-11,459.0
3793,2026-05-18,440.0
3793,2026-05-25,420.0
3793,2026-06-01,417.0
3793,2026-06-08,393.0
3793,2026-06-15,398.0
3793,2026-06-22,393.0
3793,2026-06-29,417.0
3793,2026-07-06,418.0
3793,2026-07-13,417.0
3793,2026-07-20,425.0
3793,2026-07-27,440.0
3793,2026-08-03,456.0
3793,2026-08-10,463.0
3793,2026-08-17,491.0
3793,2026-08-24,521.0
3793,2026-08-31,496.0
3793,2026-09-07,502.0
3793,2026-09-14,568.0
3793,2026-09-21,575.0
3864,2025-09-29,659.71
3864,2025-10-06,657.74
3864,2025-10-13,646.95
3864,2025-10-20,644.98
3864,2025-10-27,599.82
3864,2025-11-03,596.88
3864,2025-11-10,623.38
3864,2025-11-17,614.55
3864,2025-11-24,638.11
3864,2025-12-01,621.42
3864,2025-12-08,632.22
3864,2025-12-15,633.2
3864,2025-12-22,647.93
3864,2025-12-29,643.02
3864,2026-01-05,660.69
3864,2026-01-12,673.45
3864,2026-01-19,666.58
3864,2026-01-26,654.8
3864,2026-02-02,679.34
3864,2026-02-09,683.27
3864,2026-02-16,774.57
3864,2026-02-23,839.36
3864,2026-03-02,866.85
3864,2026-03-09,816.78
3864,2026-03-16,798.13
3864,2026-03-23,805.0
3864,2026-03-30,850.0
3864,2026-04-06,895.0
3864,2026-04-13,990.0
3864,2026-04-20,959.0
3864,2026-04-27,928.0
3864,2026-05-04,944.0
3864,2026-05-11,1009.0
3864,2026-05-18,1095.0
3864,2026-05-25,1100.0
3864,2026-06-01,1061.0
3864,2026-06-08,1061.0
3864,2026-06-15,1032.0
3864,2026-06-22,1039.0
3864,2026-06-29,1015.0
3864,2026-07-06,1001.0
3864,2026-07-13,1092.0
3864,2026-07-20,1133.0
3864,2026-07-27,1123.0
3864,2026-08-03,1170.0
3864,2026-08-10,1152.0
3864,2026-08-17,1199.0
3864,2026-08-24,1199.0
3864,2026-08-31,1177.0
3864,2026-09-07,1169.0
3864,2026-09-14,1225.0
3864,2026-09-21,1226.0
3979,2025-09-29,418.5
3979,2025-10-06,412.56
3979,2025-10-13,413.55
3979,2025-10-20,404.65
3979,2025-10-27,400.69
3979,2025-11-03,411.57
3979,2025-11-10,436.31
3979,2025-11-17,415.53
3979,2025-11-24,421.47
3979,2025-12-01,409.6
3979,2025-12-08,398.71
3979,2025-12-15,423.45
3979,2025-12-22,408.61
3979,2025-12-29,411.57
3979,2026-01-05,414.54
3979,2026-01-12,413.55
3979,2026-01-19,423.45
3979,2026-01-26,415.53
3979,2026-02-02,404.65
3979,2026-02-09,402.67
3979,2026-02-16,384.86
3979,2026-02-23,378.93
3979,2026-03-02,374.97
3979,2026-03-09,386.84
3979,2026-03-16,374.97
3979,2026-03-23,372.0
3979,2026-03-30,368.0
3979,2026-04-06,355.0
3979,2026-04-13,340.0
3979,2026-04-20,328.0
3979,2026-04-27,346.0
3979,2026-05-04,364.0
3979,2026-05-11,346.0
3979,2026-05-18,372.0
3979,2026-05-25,390.0
3979,2026-06-01,398.0
3979,2026-06-08,376.0
3979,2026-06-15,385.0
3979,2026-06-22,363.0
3979,2026-06-29,395.0
3979,2026-07-06,407.0
3979,2026-07-13,420.0
3979,2026-07-20,413.0
3979,2026-07-27,401.0
3979,2026-08-03,399.0
3979,2026-08-10,416.0
3979,2026-08-17,431.0
3979,2026-08-24,429.0
3979,2026-08-31,442.0
3979,2026-09-07,450.0
3979,2026-09-14,475.0
3979,2026-09-21,456.0
4175,2025-09-29,2260.0
4175,2025-10-06,2208.0
4175,2025-10-13,2030.0
4175,2025-10-20,2063.0
4175,2025-10-27,2050.0
4175,2025-11-03,2059.0
4175,2025-11-10,2010.0
4175,2025-11-17,1836.0
4175,2025-11-24,1920.0
4175,2025-12-01,1829.0
4175,2025-12-08,1780.0
4175,2025-12-15,1938.0
4175,2025-12-22,1929.0
4175,2025-12-29,1878.0
4175,2026-01-05,1900.0
4175,2026-01-12,1899.0
4175,2026-01-19,1809.0
4175,2026-01-26,1821.0
4175,2026-02-02,1835.0
4175,2026-02-09,1876.0
4175,2026-02-16,1846.0
4175,2026-02-23,1855.0
4175,2026-03-02,1807.0
4175,2026-03-09,1905.0
4175,2026-03-16,1983.0
4175,2026-03-23,2074.0
4175,2026-03-30,2008.0
4175,2026-04-06,2070.0
4175,2026-04-13,2069.0
4175,2026-04-20,1993.0
4175,2026-04-27,1861.0
4175,2026-05-04,1905.0
4175,2026-05-11,1671.0
4175,2026-05-18,2082.0
4175,2026-05-25,2204.0
4175,2026-06-01,2157.0
4175,2026-06-08,1994.0
4175,2026-06-15,1869.0
4175,2026-06-22,2238.0
4175,2026-06-29,2498.0
4175,2026-07-06,2545.0
4175,2026-07-13,2749.0
4175,2026-07-20,2615.0
4175,2026-07-27,2809.0
4175,2026-08-03,2747.0
4175,2026-08-10,2798.0
4175,2026-08-17,2770.0
4175,2026-08-24,2871.0
4175,2026-08-31,2915.0
4175,2026-09-07,2820.0
4175,2026-09-14,3025.0
4175,2026-09-21,3045.0
4258,2025-09-29,3611.79
4258,2025-10-06,3686.41
4258,2025-10-13,3785.91
4258,2025-10-20,4243.6
4258,2025-10-27,3691.39
4258,2025-11-03,3666.51
4258,2025-11-10,3761.03
4258,2025-11-17,3567.01
4258,2025-11-24,3472.49
4258,2025-12-01,2982.96
4258,2025-12-08,2783.96
4258,2025-12-15,2882.46
4258,2025-12-22,3119.27
4258,2025-12-29,3085.0
4258,2026-01-05,3265.0
4258,2026-01-12,3130.0
4258,2026-01-19,3060.0
4258,2026-01-26,2900.0
4258,2026-02-02,2787.0
4258,2026-02-09,3035.0
4258,2026-02-16,3425.0
4258,2026-02-23,3050.0
4258,2026-03-02,3180.0
4258,2026-03-09,3060.0
4258,2026-03-16,2946.0
4258,2026-03-23,2995.0
4258,2026-03-30,2776.0
4258,2026-04-06,2820.0
4258,2026-04-13,2935.0
4258,2026-04-20,3000.0
4258,2026-04-27,2958.0
4258,2026-05-04,3100.0
4258,2026-05-11,2795.0
4258,2026-05-18,3010.0
4258,2026-05-25,3370.0
4258,2026-06-01,3535.0
4258,2026-06-08,3145.0
4258,2026-06-15,3200.0
4258,2026-06-22,3250.0
4258,2026-06-29,4395.0
4258,2026-07-06,4380.0
4258,2026-07-13,4315.0
4258,2026-07-20,4250.0
4258,2026-07-27,4335.0
4258,2026-08-03,4760.0
4258,2026-08-10,4675.0
4258,2026-08-17,4605.0
4258,2026-08-24,4680.0
4258,2026-08-31,4340.0
4258,2026-09-07,4890.0
4258,2026-09-14,5750.0
4258,2026-09-21,5800.0
4286,2025-09-29,919.84
4286,2025-10-06,957.22
4286,2025-10-13,917.87
4286,2025-10-20,948.37
4286,2025-10-27,959.19
4286,2025-11-03,922.79
4286,2025-11-10,1110.69
4286,2025-11-17,1175.62
4286,2025-11-24,1175.62
4286,2025-12-01,1064.45
4286,2025-12-08,1049.7
4286,2025-12-15,1136.27
4286,2025-12-22,1092.0
4286,2025-12-29,1074.0
4286,2026-01-05,1065.0
4286,2026-01-12,1104.0
4286,2026-01-19,1070.0
4286,2026-01-26,1035.0
4286,2026-02-02,1093.0
4286,2026-02-09,1159.0
4286,2026-02-16,1153.0
4286,2026-02-23,1154.0
4286,2026-03-02,1091.0
4286,2026-03-09,1028.0
4286,2026-03-16,1016.0
4286,2026-03-23,1068.0
4286,2026-03-30,1075.0
4286,2026-04-06,1068.0
4286,2026-04-13,1160.0
4286,2026-04-20,1148.0
4286,2026-04-27,1171.0
4286,2026-05-04,1220.0
4286,2026-05-11,1220.0
4286,2026-05-18,1174.0
4286,2026-05-25,1115.0
4286,2026-06-01,1094.0
4286,2026-06-08,1074.0
4286,2026-06-15,1117.0
4286,2026-06-22,1040.0
4286,2026-06-29,1144.0
4286,2026-07-06,1111.0
4286,2026-07-13,1128.0
4286,2026-07-20,1110.0
4286,2026-07-27,1154.0
4286,2026-08-03,1084.0
4286,2026-08-10,1135.0
4286,2026-08-17,1332.0
4286,2026-08-24,1386.0
4286,2026-08-31,1294.0
4286,2026-09-07,1245.0
4286,2026-09-14,1312.0
4286,2026-09-21,1356.0
4436,2025-09-29,461.0
4436,2025-10-06,460.0
4436,2025-10-13,444.0
4436,2025-10-20,450.0
4436,2025-10-27,482.0
4436,2025-11-03,472.0
4436,2025-11-10,492.0
4436,2025-11-17,443.0
4436,2025-11-24,457.0
4436,2025-12-01,419.0
4436,2025-12-08,438.0
4436,2025-12-15,430.0
4436,2025-12-22,441.0
4436,2025-12-29,442.0
4436,2026-01-05,468.0
4436,2026-01-12,473.0
4436,2026-01-19,469.0
4436,2026-01-26,475.0
4436,2026-02-02,442.0
4436,2026-02-09,456.0
4436,2026-02-16,461.0
4436,2026-02-23,471.0
4436,2026-03-02,452.0
4436,2026-03-09,434.0
4436,2026-03-16,420.0
4436,2026-03-23,437.0
4436,2026-03-30,409.0
4436,2026-04-06,415.0
4436,2026-04-13,430.0
4436,2026-04-20,416.0
4436,2026-04-27,421.0
4436,2026-05-04,428.0
4436,2026-05-11,441.0
4436,2026-05-18,486.0
4436,2026-05-25,479.0
4436,2026-06-01,455.0
4436,2026-06-08,412.0
4436,2026-06-15,409.0
4436,2026-06-22,418.0
4436,2026-06-29,433.0
4436,2026-07-06,465.0
4436,2026-07-13,449.0
4436,2026-07-20,450.0
4436,2026-07-27,454.0
4436,2026-08-03,447.0
4436,2026-08-10,471.0
4436,2026-08-17,422.0
4436,2026-08-24,415.0
4436,2026-08-31,415.0
4436,2026-09-07,413.0
4436,2026-09-14,600.0
4436,2026-09-21,700.0
446A,2025-11-17,1467.0
446A,2025-11-24,1332.0
446A,2025-12-01,1355.0
446A,2025-12-08,1424.0
446A,2025-12-15,1464.0
446A,2025-12-22,1640.0
446A,2025-12-29,1782.0
446A,2026-01-05,1795.0
446A,2026-01-12,1579.0
446A,2026-01-19,1550.0
446A,2026-01-26,1579.0
446A,2026-02-02,1167.0
446A,2026-02-09,1110.0
446A,2026-02-16,1090.0
446A,2026-02-23,1082.0
446A,2026-03-02,1151.0
446A,2026-03-09,1231.0
446A,2026-03-16,1359.0
446A,2026-03-23,1255.0
446A,2026-03-30,1297.0
446A,2026-04-06,1358.0
446A,2026-04-13,1593.0
446A,2026-04-20,1365.0
446A,2026-04-27,1263.0
446A,2026-05-04,1367.0
446A,2026-05-11,1130.0
446A,2026-05-18,1233.0
446A,2026-05-25,1263.0
446A,2026-06-01,1391.0
446A,2026-06-08,1208.0
446A,2026-06-15,1178.0
446A,2026-06-22,1165.0
446A,2026-06-29,1325.0
446A,2026-07-06,1319.0
446A,2026-07-13,1640.0
446A,2026-07-20,1450.0
446A,2026-07-27,1573.0
446A,2026-08-03,1645.0
446A,2026-08-10,1840.0
446A,2026-08-17,1985.0
446A,2026-08-24,2141.0
446A,2026-08-31,2312.0
446A,2026-09-07,1914.0
446A,2026-09-14,2309.0
446A,2026-09-21,2384.0
4665,2025-09-29,3721.61
4665,2025-10-06,3687.16
4665,2025-10-13,3665.5
4665,2025-10-20,3682.24
4665,2025-10-27,3658.61
4665,2025-11-03,3729.48
4665,2025-11-10,3892.87
4665,2025-11-17,3954.89
4665,2025-11-24,3969.65
4665,2025-12-01,4049.38
4665,2025-12-08,4200.96
4665,2025-12-15,4301.36
4665,2025-12-22,4236.39
4665,2025-12-29,4188.16
4665,2026-01-05,4231.47
4665,2026-01-12,4293.48
4665,2026-01-19,4350.57
4665,2026-01-26,4179.3
4665,2026-02-02,4258.05
4665,2026-02-09,4239.35
4665,2026-02-16,4160.6
4665,2026-02-23,4255.09
4665,2026-03-02,4194.07
4665,2026-03-09,4152.73
4665,2026-03-16,4204.9
4665,2026-03-23,4261.0
4665,2026-03-30,4210.0
4665,2026-04-06,4163.0
4665,2026-04-13,4136.0
4665,2026-04-20,3940.0
4665,2026-04-27,3915.0
4665,2026-05-04,3933.0
4665,2026-05-11,3975.0
4665,2026-05-18,4156.0
4665,2026-05-25,4015.0
4665,2026-06-01,4100.0
4665,2026-06-08,4285.0
4665,2026-06-15,4168.0
4665,2026-06-22,4296.0
4665,2026-06-29,4389.0
4665,2026-07-06,4469.0
4665,2026-07-13,4538.0
4665,2026-07-20,4466.0
4665,2026-07-27,4447.0
4665,2026-08-03,4386.0
4665,2026-08-10,4584.0
4665,2026-08-17,4691.0
4665,2026-08-24,4682.0
4665,2026-08-31,4665.0
4665,2026-09-07,4580.0
4665,2026-09-14,4732.0
4665,2026-09-21,4737.0
479A,2025-12-22,1759.0
479A,2025-12-29,1777.0
479A,2026-01-05,1994.0
479A,2026-01-12,1838.0
479A,2026-01-19,1879.0
479A,2026-01-26,1768.0
479A,2026-02-02,1575.0
479A,2026-02-09,1514.0
479A,2026-02-16,1546.0
479A,2026-02-23,1508.0
479A,2026-03-02,1470.0
479A,2026-03-09,1484.0
479A,2026-03-16,1451.0
479A,2026-03-23,1340.0
479A,2026-03-30,1317.0
479A,2026-04-06,1326.0
479A,2026-04-13,1435.0
479A,2026-04-20,1520.0
479A,2026-04-27,1548.0
479A,2026-05-04,1577.0
479A,2026-05-11,1511.0
479A,2026-05-18,1512.0
479A,2026-05-25,1398.0
479A,2026-06-01,1354.0
479A,2026-06-08,1220.0
479A,2026-06-15,1274.0
479A,2026-06-22,1249.0
479A,2026-06-29,1457.0
479A,2026-07-06,1413.0
479A,2026-07-13,1364.0
479A,2026-07-20,1313.0
479A,2026-07-27,1331.0
479A,2026-08-03,1356.0
479A,2026-08-10,1734.0
479A,2026-08-17,1888.0
479A,2026-08-24,2009.0
479A,2026-08-31,1987.0
479A,2026-09-07,1910.0
479A,2026-09-14,2255.0
479A,2026-09-21,2188.0
4847,2025-09-29,986.47
4847,2025-10-06,999.93
4847,2025-10-13,980.7
4847,2025-10-20,1016.27
4847,2025-10-27,996.08
4847,2025-11-03,931.66
4847,2025-11-10,933.59
4847,2025-11-17,907.63
4847,2025-11-24,936.47
4847,2025-12-01,916.28
4847,2025-12-08,917.24
4847,2025-12-15,909.55
4847,2025-12-22,925.89
4847,2025-12-29,936.66
4847,2026-01-05,963.09
4847,2026-01-12,978.75
4847,2026-01-19,962.11
4847,2026-01-26,930.79
4847,2026-02-02,944.49
4847,2026-02-09,938.62
4847,2026-02-16,950.36
4847,2026-02-23,988.53
4847,2026-03-02,1001.26
4847,2026-03-09,977.77
4847,2026-03-16,959.17
4847,2026-03-23,947.43
4847,2026-03-30,953.3
4847,2026-04-06,950.36
4847,2026-04-13,967.98
4847,2026-04-20,960.15
4847,2026-04-27,949.38
4847,2026-05-04,973.85
4847,2026-05-11,902.4
4847,2026-05-18,919.04
4847,2026-05-25,918.06
4847,2026-06-01,926.87
4847,2026-06-08,920.02
4847,2026-06-15,911.21
4847,2026-06-22,921.0
4847,2026-06-29,967.0
4847,2026-07-06,954.0
4847,2026-07-13,952.0
4847,2026-07-20,1003.0
4847,2026-07-27,1000.0
4847,2026-08-03,1236.0
4847,2026-08-10,1281.0
4847,2026-08-17,1319.0
4847,2026-08-24,1398.0
4847,2026-08-31,1355.0
4847,2026-09-07,1378.0
4847,2026-09-14,1530.0
4847,2026-09-21,1539.0
4933,2025-09-29,1353.32
4933,2025-10-06,1309.07
4933,2025-10-13,1275.63
4933,2025-10-20,1303.17
4933,2025-10-27,1237.27
4933,2025-11-03,1234.32
4933,2025-11-10,1467.41
4933,2025-11-17,1405.45
4933,2025-11-24,1400.53
4933,2025-12-01,1313.0
4933,2025-12-08,1355.29
4933,2025-12-15,1424.14
4933,2025-12-22,1356.28
4933,2025-12-29,1320.48
4933,2026-01-05,1344.34
4933,2026-01-12,1365.22
4933,2026-01-19,1355.28
4933,2026-01-26,1328.43
4933,2026-02-02,1341.36
4933,2026-02-09,1229.99
4933,2026-02-16,1094.76
4933,2026-02-23,1119.62
4933,2026-03-02,1070.9
4933,2026-03-09,1042.06
4933,2026-03-16,1070.9
4933,2026-03-23,1137.52
4933,2026-03-30,1148.46
4933,2026-04-06,1133.54
4933,2026-04-13,1161.39
4933,2026-04-20,1042.06
4933,2026-04-27,1091.78
4933,2026-05-04,1086.81
4933,2026-05-11,1139.51
4933,2026-05-18,1243.92
4933,2026-05-25,1289.65
4933,2026-06-01,1285.68
4933,2026-06-08,1316.5
4933,2026-06-15,1297.61
4933,2026-06-22,1229.0
4933,2026-06-29,1202.0
4933,2026-07-06,1210.0
4933,2026-07-13,1212.0
4933,2026-07-20,1222.0
4933,2026-07-27,1256.0
4933,2026-08-03,1269.0
4933,2026-08-10,1447.0
4933,2026-08-17,1441.0
4933,2026-08-24,1477.0
4933,2026-08-31,1463.0
4933,2026-09-07,1418.0
4933,2026-09-14,2370.0
4933,2026-09-21,2409.0
5033,2025-09-29,839.0
5033,2025-10-06,807.0
5033,2025-10-13,815.0
5033,2025-10-20,809.0
5033,2025-10-27,771.0
5033,2025-11-03,757.0
5033,2025-11-10,817.0
5033,2025-11-17,765.0
5033,2025-11-24,783.0
5033,2025-12-01,804.0
5033,2025-12-08,794.0
5033,2025-12-15,765.0
5033,2025-12-22,750.0
5033,2025-12-29,741.0
5033,2026-01-05,760.0
5033,2026-01-12,751.0
5033,2026-01-19,760.0
5033,2026-01-26,733.0
5033,2026-02-02,728.0
5033,2026-02-09,743.0
5033,2026-02-16,746.0
5033,2026-02-23,760.0
5033,2026-03-02,750.0
5033,2026-03-09,740.0
5033,2026-03-16,749.0
5033,2026-03-23,690.0
5033,2026-03-30,754.0
5033,2026-04-06,747.0
5033,2026-04-13,759.0
5033,2026-04-20,739.0
5033,2026-04-27,748.0
5033,2026-05-04,761.0
5033,2026-05-11,676.0
5033,2026-05-18,719.0
5033,2026-05-25,722.0
5033,2026-06-01,770.0
5033,2026-06-08,713.0
5033,2026-06-15,821.0
5033,2026-06-22,898.0
5033,2026-06-29,890.0
5033,2026-07-06,899.0
5033,2026-07-13,930.0
5033,2026-07-20,884.0
5033,2026-07-27,849.0
5033,2026-08-03,815.0
5033,2026-08-10,859.0
5033,2026-08-17,858.0
5033,2026-08-24,953.0
5033,2026-08-31,1172.0
5033,2026-09-07,1175.0
5033,2026-09-14,1255.0
5033,2026-09-21,1218.0
5121,2025-09-29,1886.38
5121,2025-10-06,1892.28
5121,2025-10-13,1892.28
5121,2025-10-20,1991.51
5121,2025-10-27,1901.12
5121,2025-11-03,1889.33
5121,2025-11-10,1820.56
5121,2025-11-17,1743.92
5121,2025-11-24,1856.91
5121,2025-12-01,1921.75
5121,2025-12-08,1896.21
5121,2025-12-15,1868.7
5121,2025-12-22,1991.51
5121,2025-12-29,2020.0
5121,2026-01-05,2022.95
5121,2026-01-12,2176.22
5121,2026-01-19,2190.96
5121,2026-01-26,2227.31
5121,2026-02-02,2362.89
5121,2026-02-09,2490.62
5121,2026-02-16,2559.39
5121,2026-02-23,2670.41
5121,2026-03-02,2701.85
5121,2026-03-09,2492.58
5121,2026-03-16,2456.23
5121,2026-03-23,2413.0
5121,2026-03-30,2579.0
5121,2026-04-06,2611.0
5121,2026-04-13,2500.0
5121,2026-04-20,2494.0
5121,2026-04-27,2519.0
5121,2026-05-04,2590.0
5121,2026-05-11,2545.0
5121,2026-05-18,2416.0
5121,2026-05-25,2474.0
5121,2026-06-01,2543.0
5121,2026-06-08,2550.0
5121,2026-06-15,2668.0
5121,2026-06-22,2595.0
5121,2026-06-29,2585.0
5121,2026-07-06,2584.0
5121,2026-07-13,2466.0
5121,2026-07-20,2484.0
5121,2026-07-27,2504.0
5121,2026-08-03,2789.0
5121,2026-08-10,2764.0
5121,2026-08-17,2745.0
5121,2026-08-24,2693.0
5121,2026-08-31,2668.0
5121,2026-09-07,2660.0
5121,2026-09-14,2833.0
5121,2026-09-21,2895.0
5252,2025-09-29,559.77
5252,2025-10-06,531.09
5252,2025-10-13,481.64
5252,2025-10-20,502.41
5252,2025-10-27,488.57
5252,2025-11-03,493.51
5252,2025-11-10,500.43
5252,2025-11-17,483.62
5252,2025-11-24,494.5
5252,2025-12-01,475.71
5252,2025-12-08,529.11
5252,2025-12-15,590.43
5252,2025-12-22,593.4
5252,2025-12-29,607.25
5252,2026-01-05,589.44
5252,2026-01-12,589.44
5252,2026-01-19,605.27
5252,2026-01-26,637.9
5252,2026-02-02,690.32
5252,2026-02-09,739.77
5252,2026-02-16,858.45
5252,2026-02-23,899.99
5252,2026-03-02,894.05
5252,2026-03-09,928.67
5252,2026-03-16,906.91
5252,2026-03-23,899.0
5252,2026-03-30,765.0
5252,2026-04-06,777.0
5252,2026-04-13,772.0
5252,2026-04-20,785.0
5252,2026-04-27,800.0
5252,2026-05-04,785.0
5252,2026-05-11,777.0
5252,2026-05-18,780.0
5252,2026-05-25,779.0
5252,2026-06-01,770.0
5252,2026-06-08,763.0
5252,2026-06-15,698.0
5252,2026-06-22,749.0
5252,2026-06-29,815.0
5252,2026-07-06,710.0
5252,2026-07-13,746.0
5252,2026-07-20,790.0
5252,2026-07-27,810.0
5252,2026-08-03,830.0
5252,2026-08-10,826.0
5252,2026-08-17,789.0
5252,2026-08-24,757.0
5252,2026-08-31,745.0
5252,2026-09-07,892.0
5252,2026-09-14,1019.0
5252,2026-09-21,1019.0
5301,2025-09-29,1003.6
5301,2025-10-06,1081.48
5301,2025-10-13,1036.7
5301,2025-10-20,1084.4
5301,2025-10-27,1006.04
5301,2025-11-03,962.62
5301,2025-11-10,1007.01
5301,2025-11-17,963.89
5301,2025-11-24,1000.68
5301,2025-12-01,972.74
5301,2025-12-08,958.14
5301,2025-12-15,936.73
5301,2025-12-22,961.74
5301,2025-12-29,957.99
5301,2026-01-05,996.34
5301,2026-01-12,1057.13
5301,2026-01-19,1041.31
5301,2026-01-26,1054.66
5301,2026-02-02,1093.7
5301,2026-02-09,1011.66
5301,2026-02-16,1029.95
5301,2026-02-23,1100.62
5301,2026-03-02,1002.27
5301,2026-03-09,948.6
5301,2026-03-16,908.07
5301,2026-03-23,952.06
5301,2026-03-30,985.37
5301,2026-04-06,989.42
5301,2026-04-13,1024.02
5301,2026-04-20,1041.31
5301,2026-04-27,1132.25
5301,2026-05-04,1176.23
5301,2026-05-11,1512.3
5301,2026-05-18,1608.18
5301,2026-05-25,1759.41
5301,2026-06-01,1877.53
5301,2026-06-08,1795.98
5301,2026-06-15,1730.75
5301,2026-06-22,1709.0
5301,2026-06-29,1758.5
5301,2026-07-06,1671.5
5301,2026-07-13,1615.5
5301,2026-07-20,1632.0
5301,2026-07-27,1537.5
5301,2026-08-03,1734.0
5301,2026-08-10,1797.0
5301,2026-08-17,1685.0
5301,2026-08-24,1681.5
5301,2026-08-31,1819.5
5301,2026-09-07,1987.5
5301,2026-09-14,2127.5
5301,2026-09-21,2273.0
5537,2025-09-29,264.75
5537,2025-10-06,264.75
5537,2025-10-13,264.75
5537,2025-10-20,264.75
5537,2025-10-27,264.75
5537,2025-11-03,264.75
5537,2025-11-10,264.75
5537,2025-11-17,264.75
5537,2025-11-24,264.75
5537,2025-12-01,264.75
5537,2025-12-08,264.75
5537,2025-12-15,2094.0
5537,2025-12-22,2411.0
5537,2025-12-29,2147.0
5537,2026-01-05,2420.0
5537,2026-01-12,2227.0
5537,2026-01-19,2120.0
5537,2026-01-26,2139.0
5537,2026-02-02,2399.0
5537,2026-02-09,2582.0
5537,2026-02-16,3520.0
5537,2026-02-23,3505.0
5537,2026-03-02,3305.0
5537,2026-03-09,3305.0
5537,2026-03-16,3325.0
5537,2026-03-23,3040.0
5537,2026-03-30,2945.0
5537,2026-04-06,2753.0
5537,2026-04-13,2486.0
5537,2026-04-20,2222.0
5537,2026-04-27,2159.0
5537,2026-05-04,2166.0
5537,2026-05-11,2324.0
5537,2026-05-18,2792.0
5537,2026-05-25,2261.0
5537,2026-06-01,2374.0
5537,2026-06-08,2236.0
5537,2026-06-15,2568.0
5537,2026-06-22,2643.0
5537,2026-06-29,3130.0
5537,2026-07-06,2977.0
5537,2026-07-13,2880.0
5537,2026-07-20,2904.0
5537,2026-07-27,2581.0
5537,2026-08-03,3055.0
5537,2026-08-10,2720.0
5537,2026-08-17,3255.0
5537,2026-08-24,3510.0
5537,2026-08-31,3510.0
5537,2026-09-07,3100.0
5537,2026-09-14,3690.0
5537,2026-09-21,3915.0
5574,2025-09-29,3020.0
5574,2025-10-06,3215.0
5574,2025-10-13,2814.0
5574,2025-10-20,2781.0
5574,2025-10-27,2900.0
5574,2025-11-03,2737.0
5574,2025-11-10,2738.0
5574,2025-11-17,2585.0
5574,2025-11-24,2709.0
5574,2025-12-01,2558.0
5574,2025-12-08,2551.0
5574,2025-12-15,2519.0
5574,2025-12-22,2430.0
5574,2025-12-29,2386.0
5574,2026-01-05,2698.0
5574,2026-01-12,3045.0
5574,2026-01-19,2878.0
5574,2026-01-26,2713.0
5574,2026-02-02,3050.0
5574,2026-02-09,2927.0
5574,2026-02-16,3000.0
5574,2026-02-23,3160.0
5574,2026-03-02,3040.0
5574,2026-03-09,2985.0
5574,2026-03-16,2940.0
5574,2026-03-23,2920.0
5574,2026-03-30,2917.0
5574,2026-04-06,3000.0
5574,2026-04-13,2832.0
5574,2026-04-20,2530.0
5574,2026-04-27,2517.0
5574,2026-05-04,2706.0
5574,2026-05-11,2649.0
5574,2026-05-18,2560.0
5574,2026-05-25,2267.0
5574,2026-06-01,2422.0
5574,2026-06-08,2086.0
5574,2026-06-15,2182.0
5574,2026-06-22,2072.0
5574,2026-06-29,2276.0
5574,2026-07-06,2359.0
5574,2026-07-13,2330.0
5574,2026-07-20,2287.0
5574,2026-07-27,2732.0
5574,2026-08-03,2728.0
5574,2026-08-10,3030.0
5574,2026-08-17,2746.0
5574,2026-08-24,3080.0
5574,2026-08-31,3075.0
5574,2026-09-07,2965.0
5574,2026-09-14,3260.0
5574,2026-09-21,3345.0
5832,2025-09-29,2116.4
5832,2025-10-06,2061.9
5832,2025-10-13,2026.07
5832,2025-10-20,2079.58
5832,2025-10-27,2111.0
5832,2025-11-03,2132.11
5832,2025-11-10,2181.2
5832,2025-11-17,2188.07
5832,2025-11-24,2290.68
5832,2025-12-01,2264.17
5832,2025-12-08,2321.6
5832,2025-12-15,2417.83
5832,2025-12-22,2403.1
5832,2025-12-29,2425.68
5832,2026-01-05,2572.96
5832,2026-01-12,2713.86
5832,2026-01-19,2753.62
5832,2026-01-26,2737.91
5832,2026-02-02,3154.71
5832,2026-02-09,3365.81
5832,2026-02-16,3287.26
5832,2026-02-23,3153.73
5832,2026-03-02,2901.88
5832,2026-03-09,2781.61
5832,2026-03-16,2777.19
5832,2026-03-23,2868.5
5832,2026-03-30,2984.5
5832,2026-04-06,3086.0
5832,2026-04-13,3009.0
5832,2026-04-20,2794.5
5832,2026-04-27,2845.5
5832,2026-05-04,2870.5
5832,2026-05-11,3033.0
5832,2026-05-18,3103.0
5832,2026-05-25,2987.5
5832,2026-06-01,2979.0
5832,2026-06-08,3099.0
5832,2026-06-15,3037.0
5832,2026-06-22,3090.0
5832,2026-06-29,3225.0
5832,2026-07-06,3235.0
5832,2026-07-13,3122.0
5832,2026-07-20,3410.0
5832,2026-07-27,3323.0
5832,2026-08-03,3385.0
5832,2026-08-10,3518.0
5832,2026-08-17,3411.0
5832,2026-08-24,3550.0
5832,2026-08-31,3534.0
5832,2026-09-07,3508.0
5832,2026-09-14,3652.0
5832,2026-09-21,3652.0
5966,2025-09-29,2370.88
5966,2025-10-06,2390.51
5966,2025-10-13,2356.15
5966,2025-10-20,2438.62
5966,2025-10-27,2395.42
5966,2025-11-03,2394.44
5966,2025-11-10,2385.6
5966,2025-11-17,2402.29
5966,2025-11-24,2415.05
5966,2025-12-01,2429.78
5966,2025-12-08,2508.32
5966,2025-12-15,2419.96
5966,2025-12-22,2429.78
5966,2025-12-29,2456.29
5966,2026-01-05,2450.4
5966,2026-01-12,2454.32
5966,2026-01-19,2432.73
5966,2026-01-26,2454.32
5966,2026-02-02,2451.38
5966,2026-02-09,2537.77
5966,2026-02-16,2478.87
5966,2026-02-23,2527.95
5966,2026-03-02,2483.78
5966,2026-03-09,2472.98
5966,2026-03-16,2473.96
5966,2026-03-23,2418.0
5966,2026-03-30,2420.0
5966,2026-04-06,2465.0
5966,2026-04-13,2420.0
5966,2026-04-20,2419.0
5966,2026-04-27,2463.0
5966,2026-05-04,2460.0
5966,2026-05-11,2499.0
5966,2026-05-18,2450.0
5966,2026-05-25,2450.0
5966,2026-06-01,2401.0
5966,2026-06-08,2450.0
5966,2026-06-15,2492.0
5966,2026-06-22,2540.0
5966,2026-06-29,2482.0
5966,2026-07-06,2501.0
5966,2026-07-13,2599.0
5966,2026-07-20,2601.0
5966,2026-07-27,2510.0
5966,2026-08-03,2649.0
5966,2026-08-10,2620.0
5966,2026-08-17,2565.0
5966,2026-08-24,2660.0
5966,2026-08-31,2636.0
5966,2026-09-07,2705.0
5966,2026-09-14,2700.0
5966,2026-09-21,2870.0
5971,2025-09-29,7027.46
5971,2025-10-06,6582.06
5971,2025-10-13,6898.79
5971,2025-10-20,6839.4
5971,2025-10-27,7037.36
5971,2025-11-03,6671.14
5971,2025-11-10,6908.68
5971,2025-11-17,6908.68
5971,2025-11-24,6878.99
5971,2025-12-01,6878.99
5971,2025-12-08,6908.68
5971,2025-12-15,7324.39
5971,2025-12-22,7433.27
5971,2025-12-29,7522.35
5971,2026-01-05,7344.19
5971,2026-01-12,7076.95
5971,2026-01-19,7076.95
5971,2026-01-26,7096.74
5971,2026-02-02,7146.23
5971,2026-02-09,7265.01
5971,2026-02-16,7373.88
5971,2026-02-23,7581.74
5971,2026-03-02,7324.39
5971,2026-03-09,7393.68
5971,2026-03-16,7641.12
5971,2026-03-23,7601.53
5971,2026-03-30,7789.59
5971,2026-04-06,7680.71
5971,2026-04-13,7730.2
5971,2026-04-20,7730.2
5971,2026-04-27,7270.0
5971,2026-05-04,7350.0
5971,2026-05-11,7100.0
5971,2026-05-18,7010.0
5971,2026-05-25,6950.0
5971,2026-06-01,6950.0
5971,2026-06-08,7010.0
5971,2026-06-15,7550.0
5971,2026-06-22,8080.0
5971,2026-06-29,8190.0
5971,2026-07-06,8060.0
5971,2026-07-13,8120.0
5971,2026-07-20,8120.0
5971,2026-07-27,8290.0
5971,2026-08-03,8040.0
5971,2026-08-10,8160.0
5971,2026-08-17,7820.0
5971,2026-08-24,8600.0
5971,2026-08-31,8250.0
5971,2026-09-07,8410.0
5971,2026-09-14,8700.0
5971,2026-09-21,8780.0
5985,2025-09-29,1045.54
5985,2025-10-06,1023.76
5985,2025-10-13,970.3
5985,2025-10-20,1062.38
5985,2025-10-27,1001.98
5985,2025-11-03,1039.6
5985,2025-11-10,1052.48
5985,2025-11-17,1155.45
5985,2025-11-24,1144.55
5985,2025-12-01,1065.35
5985,2025-12-08,980.2
5985,2025-12-15,912.87
5985,2025-12-22,893.07
5985,2025-12-29,912.87
5985,2026-01-05,941.58
5985,2026-01-12,1034.65
5985,2026-01-19,979.21
5985,2026-01-26,944.55
5985,2026-02-02,990.1
5985,2026-02-09,1189.11
5985,2026-02-16,1130.69
5985,2026-02-23,1200.99
5985,2026-03-02,1615.84
5985,2026-03-09,2097.03
5985,2026-03-16,1963.37
5985,2026-03-23,1500.0
5985,2026-03-30,1442.0
5985,2026-04-06,1429.0
5985,2026-04-13,1645.0
5985,2026-04-20,1600.0
5985,2026-04-27,1718.0
5985,2026-05-04,2124.0
5985,2026-05-11,1619.0
5985,2026-05-18,1842.0
5985,2026-05-25,1705.0
5985,2026-06-01,1701.0
5985,2026-06-08,1381.0
5985,2026-06-15,2014.0
5985,2026-06-22,1800.0
5985,2026-06-29,1655.0
5985,2026-07-06,1569.0
5985,2026-07-13,1230.0
5985,2026-07-20,1248.0
5985,2026-07-27,1275.0
5985,2026-08-03,1450.0
5985,2026-08-10,2138.0
5985,2026-08-17,2500.0
5985,2026-08-24,2188.0
5985,2026-08-31,2033.0
5985,2026-09-07,2120.0
5985,2026-09-14,2320.0
5985,2026-09-21,2416.0
6091,2025-09-29,808.07
6091,2025-10-06,827.4
6091,2025-10-13,808.07
6091,2025-10-20,820.64
6091,2025-10-27,787.77
6091,2025-11-03,811.94
6091,2025-11-10,850.6
6091,2025-11-17,809.04
6091,2025-11-24,813.87
6091,2025-12-01,783.91
6091,2025-12-08,815.8
6091,2025-12-15,807.1
6091,2025-12-22,816.77
6091,2025-12-29,810.97
6091,2026-01-05,835.14
6091,2026-01-12,834.17
6091,2026-01-19,816.77
6091,2026-01-26,804.2
6091,2026-02-02,816.77
6091,2026-02-09,826.44
6091,2026-02-16,856.4
6091,2026-02-23,880.57
6091,2026-03-02,887.33
6091,2026-03-09,877.67
6091,2026-03-16,841.9
6091,2026-03-23,806.14
6091,2026-03-30,834.17
6091,2026-04-06,833.2
6091,2026-04-13,820.64
6091,2026-04-20,833.2
6091,2026-04-27,825.47
6091,2026-05-04,829.34
6091,2026-05-11,815.8
6091,2026-05-18,812.9
6091,2026-05-25,819.67
6091,2026-06-01,818.7
6091,2026-06-08,825.47
6091,2026-06-15,854.47
6091,2026-06-22,871.87
6091,2026-06-29,924.06
6091,2026-07-06,897.96
6091,2026-07-13,898.93
6091,2026-07-20,886.37
6091,2026-07-27,869.0
6091,2026-08-03,899.0
6091,2026-08-10,919.0
6091,2026-08-17,900.0
6091,2026-08-24,901.0
6091,2026-08-31,888.0
6091,2026-09-07,876.0
6091,2026-09-14,952.0
6091,2026-09-21,993.0
618A,2026-09-07,1670.0
618A,2026-09-14,1614.0
618A,2026-09-21,1860.0
627A,2026-09-14,1037.0
627A,2026-09-21,1337.0
6317,2025-09-29,1537.67
6317,2025-10-06,1491.63
6317,2025-10-13,1555.9
6317,2025-10-20,1599.06
6317,2025-10-27,1550.14
6317,2025-11-03,1585.63
6317,2025-11-10,1647.98
6317,2025-11-17,1707.46
6317,2025-11-24,1691.15
6317,2025-12-01,1688.27
6317,2025-12-08,1676.76
6317,2025-12-15,1657.58
6317,2025-12-22,1662.37
6317,2025-12-29,1663.33
6317,2026-01-05,1709.38
6317,2026-01-12,1794.75
6317,2026-01-19,1773.65
6317,2026-01-26,1694.99
6317,2026-02-02,1727.6
6317,2026-02-09,1804.34
6317,2026-02-16,1718.01
6317,2026-02-23,1830.24
6317,2026-03-02,1717.05
6317,2026-03-09,1634.55
6317,2026-03-16,1624.96
6317,2026-03-23,1577.0
6317,2026-03-30,1605.0
6317,2026-04-06,1666.0
6317,2026-04-13,1642.0
6317,2026-04-20,1538.0
6317,2026-04-27,1569.0
6317,2026-05-04,1619.0
6317,2026-05-11,1646.0
6317,2026-05-18,1703.0
6317,2026-05-25,1690.0
6317,2026-06-01,1679.0
6317,2026-06-08,1581.0
6317,2026-06-15,1704.0
6317,2026-06-22,1711.0
6317,2026-06-29,1678.0
6317,2026-07-06,1735.0
6317,2026-07-13,1642.0
6317,2026-07-20,1688.0
6317,2026-07-27,1646.0
6317,2026-08-03,1729.0
6317,2026-08-10,1875.0
6317,2026-08-17,1881.0
6317,2026-08-24,1824.0
6317,2026-08-31,1812.0
6317,2026-09-07,1707.0
6317,2026-09-14,2535.0
6317,2026-09-21,2570.0
6333,2025-09-29,3086.44
6333,2025-10-06,3003.68
6333,2025-10-13,3003.68
6333,2025-10-20,3062.1
6333,2025-10-27,3008.55
6333,2025-11-03,2940.39
6333,2025-11-10,2950.13
6333,2025-11-17,2908.26
6333,2025-11-24,3018.28
6333,2025-12-01,2930.66
6333,2025-12-08,2935.52
6333,2025-12-15,3008.55
6333,2025-12-22,3008.55
6333,2025-12-29,2989.07
6333,2026-01-05,3018.28
6333,2026-01-12,3213.01
6333,2026-01-19,3047.49
6333,2026-01-26,2964.73
6333,2026-02-02,3028.02
6333,2026-02-09,2969.6
6333,2026-02-16,3076.7
6333,2026-02-23,3334.72
6333,2026-03-02,3139.99
6333,2026-03-09,2909.24
6333,2026-03-16,2940.39
6333,2026-03-23,2881.0
6333,2026-03-30,2857.0
6333,2026-04-06,2996.0
6333,2026-04-13,2899.0
6333,2026-04-20,2787.0
6333,2026-04-27,2773.0
6333,2026-05-04,2861.0
6333,2026-05-11,2791.0
6333,2026-05-18,2829.0
6333,2026-05-25,2935.0
6333,2026-06-01,2961.0
6333,2026-06-08,2980.0
6333,2026-06-15,3110.0
6333,2026-06-22,3185.0
6333,2026-06-29,3105.0
6333,2026-07-06,3190.0
6333,2026-07-13,3120.0
6333,2026-07-20,3235.0
6333,2026-07-27,3355.0
6333,2026-08-03,3270.0
6333,2026-08-10,3210.0
6333,2026-08-17,3375.0
6333,2026-08-24,3395.0
6333,2026-08-31,3400.0
6333,2026-09-07,3430.0
6333,2026-09-14,3510.0
6333,2026-09-21,3570.0
6594,2025-09-29,2612.5
6594,2025-10-06,2672.0
6594,2025-10-13,2494.0
6594,2025-10-20,2460.0
6594,2025-10-27,1883.0
6594,2025-11-03,2021.0
6594,2025-11-10,2246.0
6594,2025-11-17,1921.0
6594,2025-11-24,1969.0
6594,2025-12-01,2071.0
6594,2025-12-08,2012.0
6594,2025-12-15,1998.0
6594,2025-12-22,2076.0
6594,2025-12-29,2132.0
6594,2026-01-05,2075.0
6594,2026-01-12,2153.0
6594,2026-01-19,2379.0
6594,2026-01-26,2206.0
6594,2026-02-02,2319.0
6594,2026-02-09,2333.0
6594,2026-02-16,2300.0
6594,2026-02-23,2462.0
6594,2026-03-02,2307.0
6594,2026-03-09,2315.0
6594,2026-03-16,2164.0
6594,2026-03-23,2080.0
6594,2026-03-30,2184.0
6594,2026-04-06,2298.0
6594,2026-04-13,2268.0
6594,2026-04-20,2465.0
6594,2026-04-27,2398.0
6594,2026-05-04,2607.0
6594,2026-05-11,2573.0
6594,2026-05-18,2715.0
6594,2026-05-25,2792.0
6594,2026-06-01,2773.0
6594,2026-06-08,2627.0
6594,2026-06-15,2695.0
6594,2026-06-22,2543.0
6594,2026-06-29,2787.0
6594,2026-07-06,2660.0
6594,2026-07-13,2482.0
6594,2026-07-20,2549.0
6594,2026-07-27,2591.0
6594,2026-08-03,2712.0
6594,2026-08-10,2772.0
6594,2026-08-17,2627.0
6594,2026-08-24,2626.0
6594,2026-08-31,2611.0
6594,2026-09-07,2691.0
6594,2026-09-14,2856.0
6594,2026-09-21,2822.0
6599,2025-09-29,2323.63
6599,2025-10-06,2356.16
6599,2025-10-13,2335.46
6599,2025-10-20,3376.5
6599,2025-10-27,2887.53
6599,2025-11-03,2674.59
6599,2025-11-10,2689.37
6599,2025-11-17,2594.73
6599,2025-11-24,2643.04
6599,2025-12-01,2552.34
6599,2025-12-08,2603.61
6599,2025-12-15,2584.87
6599,2025-12-22,2498.12
6599,2025-12-29,2687.4
6599,2026-01-05,2848.09
6599,2026-01-12,2911.19
6599,2026-01-19,2884.57
6599,2026-01-26,2770.21
6599,2026-02-02,2864.85
6599,2026-02-09,2671.63
6599,2026-02-16,2972.31
6599,2026-02-23,3105.4
6599,2026-03-02,3001.88
6599,2026-03-09,2847.11
6599,2026-03-16,2934.85
6599,2026-03-23,3342.0
6599,2026-03-30,3615.0
6599,2026-04-06,3755.0
6599,2026-04-13,3755.0
6599,2026-04-20,3520.0
6599,2026-04-27,3405.0
6599,2026-05-04,3520.0
6599,2026-05-11,3270.0
6599,2026-05-18,3395.0
6599,2026-05-25,3515.0
6599,2026-06-01,3315.0
6599,2026-06-08,2973.0
6599,2026-06-15,3230.0
6599,2026-06-22,3215.0
6599,2026-06-29,3075.0
6599,2026-07-06,3040.0
6599,2026-07-13,2906.0
6599,2026-07-20,2940.0
6599,2026-07-27,2986.0
6599,2026-08-03,3140.0
6599,2026-08-10,3430.0
6599,2026-08-17,3185.0
6599,2026-08-24,3360.0
6599,2026-08-31,3765.0
6599,2026-09-07,3765.0
6599,2026-09-14,4070.0
6599,2026-09-21,4330.0
6742,2025-09-29,494.71
6742,2025-10-06,492.77
6742,2025-10-13,491.8
6742,2025-10-20,517.99
6742,2025-10-27,513.14
6742,2025-11-03,514.11
6742,2025-11-10,540.3
6742,2025-11-17,526.72
6742,2025-11-24,535.45
6742,2025-12-01,566.49
6742,2025-12-08,586.86
6742,2025-12-15,598.5
6742,2025-12-22,583.95
6742,2025-12-29,591.71
6742,2026-01-05,600.44
6742,2026-01-12,602.38
6742,2026-01-19,632.45
6742,2026-01-26,652.82
6742,2026-02-02,704.23
6742,2026-02-09,699.38
6742,2026-02-16,759.52
6742,2026-02-23,753.7
6742,2026-03-02,693.56
6742,2026-03-09,662.52
6742,2026-03-16,639.24
6742,2026-03-23,647.0
6742,2026-03-30,640.0
6742,2026-04-06,661.0
6742,2026-04-13,701.0
6742,2026-04-20,699.0
6742,2026-04-27,716.0
6742,2026-05-04,749.0
6742,2026-05-11,766.0
6742,2026-05-18,745.0
6742,2026-05-25,754.0
6742,2026-06-01,951.0
6742,2026-06-08,946.0
6742,2026-06-15,1011.0
6742,2026-06-22,976.0
6742,2026-06-29,920.0
6742,2026-07-06,897.0
6742,2026-07-13,864.0
6742,2026-07-20,910.0
6742,2026-07-27,872.0
6742,2026-08-03,924.0
6742,2026-08-10,1056.0
6742,2026-08-17,1032.0
6742,2026-08-24,1036.0
6742,2026-08-31,994.0
6742,2026-09-07,1020.0
6742,2026-09-14,1106.0
6742,2026-09-21,1110.0
6862,2025-09-29,843.48
6862,2025-10-06,813.71
6862,2025-10-13,797.84
6862,2025-10-20,826.61
6862,2025-10-27,850.43
6862,2025-11-03,853.41
6862,2025-11-10,1053.86
6862,2025-11-17,1034.01
6862,2025-11-24,1170.95
6862,2025-12-01,1234.46
6862,2025-12-08,1316.83
6862,2025-12-15,1314.84
6862,2025-12-22,1455.75
6862,2025-12-29,1443.85
6862,2026-01-05,1540.1
6862,2026-01-12,1666.13
6862,2026-01-19,1814.98
6862,2026-01-26,1637.35
6862,2026-02-02,1441.86
6862,2026-02-09,2304.2
6862,2026-02-16,2418.32
6862,2026-02-23,2641.59
6862,2026-03-02,2639.61
6862,2026-03-09,2352.82
6862,2026-03-16,2238.71
6862,2026-03-23,2330.0
6862,2026-03-30,2039.0
6862,2026-04-06,2198.0
6862,2026-04-13,2372.0
6862,2026-04-20,2482.0
6862,2026-04-27,3060.0
6862,2026-05-04,3885.0
6862,2026-05-11,2729.0
6862,2026-05-18,2548.0
6862,2026-05-25,2204.0
6862,2026-06-01,2269.0
6862,2026-06-08,1920.0
6862,2026-06-15,2540.0
6862,2026-06-22,2179.0
6862,2026-06-29,2139.0
6862,2026-07-06,2044.0
6862,2026-07-13,1765.0
6862,2026-07-20,1846.0
6862,2026-07-27,2022.0
6862,2026-08-03,2252.0
6862,2026-08-10,3800.0
6862,2026-08-17,3370.0
6862,2026-08-24,3300.0
6862,2026-08-31,4110.0
6862,2026-09-07,4310.0
6862,2026-09-14,5180.0
6862,2026-09-21,5590.0
6904,2025-09-29,454.78
6904,2025-10-06,455.77
6904,2025-10-13,455.77
6904,2025-10-20,463.64
6904,2025-10-27,459.7
6904,2025-11-03,468.56
6904,2025-11-10,460.69
6904,2025-11-17,457.73
6904,2025-11-24,455.77
6904,2025-12-01,454.78
6904,2025-12-08,449.86
6904,2025-12-15,448.88
6904,2025-12-22,451.83
6904,2025-12-29,454.78
6904,2026-01-05,469.55
6904,2026-01-12,480.38
6904,2026-01-19,484.31
6904,2026-01-26,479.39
6904,2026-02-02,477.42
6904,2026-02-09,471.52
6904,2026-02-16,486.28
6904,2026-02-23,491.2
6904,2026-03-02,474.47
6904,2026-03-09,478.41
6904,2026-03-16,487.27
6904,2026-03-23,472.5
6904,2026-03-30,467.0
6904,2026-04-06,464.0
6904,2026-04-13,461.0
6904,2026-04-20,464.0
6904,2026-04-27,463.0
6904,2026-05-04,463.0
6904,2026-05-11,454.0
6904,2026-05-18,452.0
6904,2026-05-25,449.0
6904,2026-06-01,441.0
6904,2026-06-08,445.0
6904,2026-06-15,443.0
6904,2026-06-22,442.0
6904,2026-06-29,446.0
6904,2026-07-06,449.0
6904,2026-07-13,449.0
6904,2026-07-20,448.0
6904,2026-07-27,450.0
6904,2026-08-03,449.0
6904,2026-08-10,540.0
6904,2026-08-17,572.0
6904,2026-08-24,560.0
6904,2026-08-31,631.0
6904,2026-09-07,612.0
6904,2026-09-14,680.0
6904,2026-09-21,749.0
6912,2025-09-29,1535.87
6912,2025-10-06,1558.12
6912,2025-10-13,1593.9
6912,2025-10-20,1615.18
6912,2025-10-27,1596.8
6912,2025-11-03,1549.41
6912,2025-11-10,1720.6
6912,2025-11-17,1695.46
6912,2025-11-24,1781.53
6912,2025-12-01,1702.23
6912,2025-12-08,1815.39
6912,2025-12-15,1790.24
6912,2025-12-22,1836.66
6912,2025-12-29,1802.81
6912,2026-01-05,1806.68
6912,2026-01-12,1826.99
6912,2026-01-19,1826.99
6912,2026-01-26,1836.66
6912,2026-02-02,2014.62
6912,2026-02-09,2009.79
6912,2026-02-16,2019.46
6912,2026-02-23,2251.58
6912,2026-03-02,2167.44
6912,2026-03-09,2200.32
6912,2026-03-16,2087.16
6912,2026-03-23,2033.0
6912,2026-03-30,2032.0
6912,2026-04-06,2102.0
6912,2026-04-13,2250.0
6912,2026-04-20,2262.0
6912,2026-04-27,2410.0
6912,2026-05-04,2530.0
6912,2026-05-11,2500.0
6912,2026-05-18,2094.0
6912,2026-05-25,2097.0
6912,2026-06-01,2119.0
6912,2026-06-08,1952.0
6912,2026-06-15,2076.0
6912,2026-06-22,2062.0
6912,2026-06-29,1996.0
6912,2026-07-06,2000.0
6912,2026-07-13,1926.0
6912,2026-07-20,1909.0
6912,2026-07-27,2264.0
6912,2026-08-03,2298.0
6912,2026-08-10,2409.0
6912,2026-08-17,2412.0
6912,2026-08-24,2416.0
6912,2026-08-31,2546.0
6912,2026-09-07,2428.0
6912,2026-09-14,2636.0
6912,2026-09-21,2671.0
6915,2025-09-29,3015.6
6915,2025-10-06,2996.58
6915,2025-10-13,3010.84
6915,2025-10-20,3039.38
6915,2025-10-27,2944.25
6915,2025-11-03,2891.93
6915,2025-11-10,3001.33
6915,2025-11-17,2996.58
6915,2025-11-24,3082.19
6915,2025-12-01,3110.73
6915,2025-12-08,3101.22
6915,2025-12-15,3148.78
6915,2025-12-22,3125.0
6915,2025-12-29,3245.0
6915,2026-01-05,3215.0
6915,2026-01-12,3330.0
6915,2026-01-19,3310.0
6915,2026-01-26,3305.0
6915,2026-02-02,3340.0
6915,2026-02-09,3295.0
6915,2026-02-16,3315.0
6915,2026-02-23,3415.0
6915,2026-03-02,3295.0
6915,2026-03-09,3250.0
6915,2026-03-16,3210.0
6915,2026-03-23,3375.0
6915,2026-03-30,3360.0
6915,2026-04-06,3315.0
6915,2026-04-13,3220.0
6915,2026-04-20,3120.0
6915,2026-04-27,3010.0
6915,2026-05-04,3000.0
6915,2026-05-11,3130.0
6915,2026-05-18,3170.0
6915,2026-05-25,3160.0
6915,2026-06-01,3145.0
6915,2026-06-08,3200.0
6915,2026-06-15,3270.0
6915,2026-06-22,3170.0
6915,2026-06-29,3270.0
6915,2026-07-06,3245.0
6915,2026-07-13,3260.0
6915,2026-07-20,3340.0
6915,2026-07-27,3260.0
6915,2026-08-03,3270.0
6915,2026-08-10,3490.0
6915,2026-08-17,3505.0
6915,2026-08-24,3465.0
6915,2026-08-31,3395.0
6915,2026-09-07,3405.0
6915,2026-09-14,3465.0
6915,2026-09-21,3545.0
6943,2025-09-29,4495.62
6943,2025-10-06,4564.48
6943,2025-10-13,4426.75
6943,2025-10-20,4525.13
6943,2025-10-27,4534.96
6943,2025-11-03,4431.67
6943,2025-11-10,4426.75
6943,2025-11-17,4461.19
6943,2025-11-24,4554.64
6943,2025-12-01,4515.29
6943,2025-12-08,4426.75
6943,2025-12-15,4387.41
6943,2025-12-22,4382.49
6943,2025-12-29,4525.13
6943,2026-01-05,4539.88
6943,2026-01-12,4712.03
6943,2026-01-19,4608.74
6943,2026-01-26,4608.74
6943,2026-02-02,4662.85
6943,2026-02-09,5016.99
6943,2026-02-16,5016.99
6943,2026-02-23,5115.36
6943,2026-03-02,4820.24
6943,2026-03-09,4844.84
6943,2026-03-16,4830.08
6943,2026-03-23,4835.0
6943,2026-03-30,4870.0
6943,2026-04-06,4910.0
6943,2026-04-13,4980.0
6943,2026-04-20,4870.0
6943,2026-04-27,4860.0
6943,2026-05-04,4940.0
6943,2026-05-11,4890.0
6943,2026-05-18,4870.0
6943,2026-05-25,5010.0
6943,2026-06-01,4865.0
6943,2026-06-08,4865.0
6943,2026-06-15,4930.0
6943,2026-06-22,4945.0
6943,2026-06-29,4980.0
6943,2026-07-06,4990.0
6943,2026-07-13,4990.0
6943,2026-07-20,4995.0
6943,2026-07-27,4980.0
6943,2026-08-03,5540.0
6943,2026-08-10,5450.0
6943,2026-08-17,5480.0
6943,2026-08-24,5570.0
6943,2026-08-31,5490.0
6943,2026-09-07,5550.0
6943,2026-09-14,5620.0
6943,2026-09-21,5800.0
6998,2025-09-29,1347.89
6998,2025-10-06,1322.2
6998,2025-10-13,1381.49
6998,2025-10-20,1472.4
6998,2025-10-27,1474.38
6998,2025-11-03,1428.92
6998,2025-11-10,1335.05
6998,2025-11-17,1338.01
6998,2025-11-24,1359.75
6998,2025-12-01,1407.18
6998,2025-12-08,1393.35
6998,2025-12-15,1400.27
6998,2025-12-22,1467.46
6998,2025-12-29,1490.19
6998,2026-01-05,1595.93
6998,2026-01-12,1714.51
6998,2026-01-19,1925.98
6998,2026-01-26,2198.72
6998,2026-02-02,1887.44
6998,2026-02-09,1923.02
6998,2026-02-16,2034.68
6998,2026-02-23,2158.21
6998,2026-03-02,2253.08
6998,2026-03-09,2233.31
6998,2026-03-16,2267.9
6998,2026-03-23,2092.0
6998,2026-03-30,2074.0
6998,2026-04-06,2128.0
6998,2026-04-13,2074.0
6998,2026-04-20,1957.0
6998,2026-04-27,1931.0
6998,2026-05-04,2049.0
6998,2026-05-11,1998.0
6998,2026-05-18,1892.0
6998,2026-05-25,2150.0
6998,2026-06-01,2199.0
6998,2026-06-08,1898.0
6998,2026-06-15,2353.0
6998,2026-06-22,2045.0
6998,2026-06-29,2089.0
6998,2026-07-06,2011.0
6998,2026-07-13,1897.0
6998,2026-07-20,1900.0
6998,2026-07-27,1904.0
6998,2026-08-03,3120.0
6998,2026-08-10,3270.0
6998,2026-08-17,3180.0
6998,2026-08-24,3110.0
6998,2026-08-31,3485.0
6998,2026-09-07,3500.0
6998,2026-09-14,4025.0
6998,2026-09-21,4250.0
7083,2025-09-29,863.82
7083,2025-10-06,869.74
7083,2025-10-13,857.9
7083,2025-10-20,859.87
7083,2025-10-27,848.04
7083,2025-11-03,816.49
7083,2025-11-10,858.89
7083,2025-11-17,844.1
7083,2025-11-24,876.0
7083,2025-12-01,880.0
7083,2025-12-08,868.0
7083,2025-12-15,838.0
7083,2025-12-22,823.0
7083,2025-12-29,873.0
7083,2026-01-05,891.0
7083,2026-01-12,903.0
7083,2026-01-19,838.0
7083,2026-01-26,848.0
7083,2026-02-02,841.0
7083,2026-02-09,832.0
7083,2026-02-16,819.0
7083,2026-02-23,825.0
7083,2026-03-02,801.0
7083,2026-03-09,753.0
7083,2026-03-16,748.0
7083,2026-03-23,755.0
7083,2026-03-30,725.0
7083,2026-04-06,727.0
7083,2026-04-13,711.0
7083,2026-04-20,709.0
7083,2026-04-27,709.0
7083,2026-05-04,707.0
7083,2026-05-11,728.0
7083,2026-05-18,766.0
7083,2026-05-25,766.0
7083,2026-06-01,734.0
7083,2026-06-08,747.0
7083,2026-06-15,916.0
7083,2026-06-22,1000.0
7083,2026-06-29,984.0
7083,2026-07-06,991.0
7083,2026-07-13,1030.0
7083,2026-07-20,1072.0
7083,2026-07-27,1058.0
7083,2026-08-03,1021.0
7083,2026-08-10,1051.0
7083,2026-08-17,1089.0
7083,2026-08-24,1088.0
7083,2026-08-31,1101.0
7083,2026-09-07,1105.0
7083,2026-09-14,1170.0
7083,2026-09-21,1185.0
7133,2025-09-29,1260.29
7133,2025-10-06,1333.96
7133,2025-10-13,1257.35
7133,2025-10-20,1303.51
7133,2025-10-27,1247.52
7133,2025-11-03,1216.09
7133,2025-11-10,1227.88
7133,2025-11-17,1034.36
7133,2025-11-24,1047.13
7133,2025-12-01,1036.33
7133,2025-12-08,1074.64
7133,2025-12-15,1085.44
7133,2025-12-22,1108.04
7133,2025-12-29,1152.24
7133,2026-01-05,1140.45
7133,2026-01-12,1199.39
7133,2026-01-19,1178.76
7133,2026-01-26,1176.8
7133,2026-02-02,1172.87
7133,2026-02-09,1160.1
7133,2026-02-16,1039.27
7133,2026-02-23,1055.97
7133,2026-03-02,1031.42
7133,2026-03-09,1041.24
7133,2026-03-16,1033.38
7133,2026-03-23,1110.0
7133,2026-03-30,1126.0
7133,2026-04-06,1108.0
7133,2026-04-13,1113.0
7133,2026-04-20,1122.0
7133,2026-04-27,1077.0
7133,2026-05-04,1085.0
7133,2026-05-11,932.0
7133,2026-05-18,944.0
7133,2026-05-25,943.0
7133,2026-06-01,1032.0
7133,2026-06-08,1037.0
7133,2026-06-15,1012.0
7133,2026-06-22,1060.0
7133,2026-06-29,1115.0
7133,2026-07-06,1164.0
7133,2026-07-13,1248.0
7133,2026-07-20,1199.0
7133,2026-07-27,1218.0
7133,2026-08-03,1230.0
7133,2026-08-10,1318.0
7133,2026-08-17,1314.0
7133,2026-08-24,1298.0
7133,2026-08-31,1308.0
7133,2026-09-07,1310.0
7133,2026-09-14,1330.0
7133,2026-09-21,1343.0
7267,2025-09-29,1484.68
7267,2025-10-06,1515.36
7267,2025-10-13,1477.86
7267,2025-10-20,1552.85
7267,2025-10-27,1519.25
7267,2025-11-03,1543.6
7267,2025-11-10,1515.85
7267,2025-11-17,1498.32
7267,2025-11-24,1530.94
7267,2025-12-01,1480.3
7267,2025-12-08,1558.21
7267,2025-12-15,1516.33
7267,2025-12-22,1500.26
7267,2025-12-29,1495.88
7267,2026-01-05,1530.94
7267,2026-01-12,1592.78
7267,2026-01-19,1573.79
7267,2026-01-26,1514.38
7267,2026-02-02,1647.81
7267,2026-02-09,1559.18
7267,2026-02-16,1502.7
7267,2026-02-23,1543.11
7267,2026-03-02,1423.81
7267,2026-03-09,1332.27
7267,2026-03-16,1267.99
7267,2026-03-23,1305.0
7267,2026-03-30,1269.0
7267,2026-04-06,1269.5
7267,2026-04-13,1300.5
7267,2026-04-20,1296.5
7267,2026-04-27,1262.5
7267,2026-05-04,1269.0
7267,2026-05-11,1430.0
7267,2026-05-18,1401.0
7267,2026-05-25,1452.5
7267,2026-06-01,1444.5
7267,2026-06-08,1411.0
7267,2026-06-15,1412.5
7267,2026-06-22,1449.5
7267,2026-06-29,1550.0
7267,2026-07-06,1495.5
7267,2026-07-13,1535.5
7267,2026-07-20,1536.0
7267,2026-07-27,1625.5
7267,2026-08-03,1683.0
7267,2026-08-10,1658.0
7267,2026-08-17,1753.0
7267,2026-08-24,1702.5
7267,2026-08-31,1696.5
7267,2026-09-07,1664.0
7267,2026-09-14,1689.0
7267,2026-09-21,1733.0
7327,2025-09-29,1399.54
7327,2025-10-06,1400.52
7327,2025-10-13,1417.22
7327,2025-10-20,1432.93
7327,2025-10-27,1461.42
7327,2025-11-03,1457.49
7327,2025-11-10,1472.22
7327,2025-11-17,1502.67
7327,2025-11-24,1590.07
7327,2025-12-01,1622.49
7327,2025-12-08,1602.84
7327,2025-12-15,1619.54
7327,2025-12-22,1594.0
7327,2025-12-29,1598.91
7327,2026-01-05,1712.84
7327,2026-01-12,1780.61
7327,2026-01-19,1819.89
7327,2026-01-26,1804.18
7327,2026-02-02,1868.02
7327,2026-02-09,1997.66
7327,2026-02-16,1962.3
7327,2026-02-23,2004.54
7327,2026-03-02,2011.41
7327,2026-03-09,1936.77
7327,2026-03-16,1931.86
7327,2026-03-23,1979.0
7327,2026-03-30,1937.0
7327,2026-04-06,2015.0
7327,2026-04-13,1996.0
7327,2026-04-20,1841.0
7327,2026-04-27,1944.0
7327,2026-05-04,1977.0
7327,2026-05-11,2030.0
7327,2026-05-18,2115.0
7327,2026-05-25,2020.0
7327,2026-06-01,2046.0
7327,2026-06-08,2104.0
7327,2026-06-15,2076.0
7327,2026-06-22,2131.0
7327,2026-06-29,2211.0
7327,2026-07-06,2246.0
7327,2026-07-13,2202.0
7327,2026-07-20,2365.0
7327,2026-07-27,2308.0
7327,2026-08-03,2372.0
7327,2026-08-10,2500.0
7327,2026-08-17,2465.0
7327,2026-08-24,2586.0
7327,2026-08-31,2646.0
7327,2026-09-07,2631.0
7327,2026-09-14,2664.0
7327,2026-09-21,2692.0
7380,2025-09-29,1055.97
7380,2025-10-06,1055.97
7380,2025-10-13,1061.88
7380,2025-10-20,1091.43
7380,2025-10-27,1107.19
7380,2025-11-03,1132.8
7380,2025-11-10,1168.26
7380,2025-11-17,1205.69
7380,2025-11-24,1225.39
7380,2025-12-01,1258.88
7380,2025-12-08,1294.35
7380,2025-12-15,1319.96
7380,2025-12-22,1345.57
7380,2025-12-29,1418.46
7380,2026-01-05,1461.8
7380,2026-01-12,1591.83
7380,2026-01-19,1676.54
7380,2026-01-26,1615.47
7380,2026-02-02,1780.96
7380,2026-02-09,1802.63
7380,2026-02-16,1946.44
7380,2026-02-23,2029.19
7380,2026-03-02,1869.61
7380,2026-03-09,1784.9
7380,2026-03-16,1741.56
7380,2026-03-23,1844.0
7380,2026-03-30,1870.0
7380,2026-04-06,2055.0
7380,2026-04-13,2116.0
7380,2026-04-20,1999.0
7380,2026-04-27,2059.0
7380,2026-05-04,2060.0
7380,2026-05-11,2045.0
7380,2026-05-18,2151.0
7380,2026-05-25,2116.0
7380,2026-06-01,2095.0
7380,2026-06-08,2197.0
7380,2026-06-15,2179.0
7380,2026-06-22,2290.0
7380,2026-06-29,2461.0
7380,2026-07-06,2464.0
7380,2026-07-13,2312.0
7380,2026-07-20,2562.0
7380,2026-07-27,2366.0
7380,2026-08-03,2416.0
7380,2026-08-10,2582.0
7380,2026-08-17,2512.0
7380,2026-08-24,2617.0
7380,2026-08-31,2650.0
7380,2026-09-07,2633.0
7380,2026-09-14,2723.0
7380,2026-09-21,2709.0
7384,2025-09-29,1672.6
7384,2025-10-06,1651.76
7384,2025-10-13,1655.73
7384,2025-10-20,1682.52
7384,2025-10-27,1718.23
7384,2025-11-03,1710.3
7384,2025-11-10,1748.99
7384,2025-11-17,1666.65
7384,2025-11-24,1740.06
7384,2025-12-01,1723.19
7384,2025-12-08,1778.75
7384,2025-12-15,1809.5
7384,2025-12-22,2063.47
7384,2025-12-29,2161.68
7384,2026-01-05,2321.4
7384,2026-01-12,2395.8
7384,2026-01-19,2751.95
7384,2026-01-26,2654.73
7384,2026-02-02,2886.87
7384,2026-02-09,2793.62
7384,2026-02-16,2837.27
7384,2026-02-23,2957.3
7384,2026-03-02,3010.87
7384,2026-03-09,3035.68
7384,2026-03-16,3045.6
7384,2026-03-23,3120.0
7384,2026-03-30,3160.0
7384,2026-04-06,3250.0
7384,2026-04-13,3790.0
7384,2026-04-20,3435.0
7384,2026-04-27,3525.0
7384,2026-05-04,3580.0
7384,2026-05-11,3445.0
7384,2026-05-18,3820.0
7384,2026-05-25,3915.0
7384,2026-06-01,3960.0
7384,2026-06-08,3550.0
7384,2026-06-15,3445.0
7384,2026-06-22,3555.0
7384,2026-06-29,4055.0
7384,2026-07-06,4065.0
7384,2026-07-13,3860.0
7384,2026-07-20,4330.0
7384,2026-07-27,4000.0
7384,2026-08-03,4315.0
7384,2026-08-10,4625.0
7384,2026-08-17,4480.0
7384,2026-08-24,4650.0
7384,2026-08-31,4820.0
7384,2026-09-07,5110.0
7384,2026-09-14,5430.0
7384,2026-09-21,5400.0
7413,2025-09-29,2649.84
7413,2025-10-06,2565.48
7413,2025-10-13,2512.88
7413,2025-10-20,2608.16
7413,2025-10-27,2594.26
7413,2025-11-03,2481.12
7413,2025-11-10,2471.2
7413,2025-11-17,2506.93
7413,2025-11-24,2519.83
7413,2025-12-01,2605.18
7413,2025-12-08,2640.91
7413,2025-12-15,2564.49
7413,2025-12-22,2587.32
7413,2025-12-29,2686.56
7413,2026-01-05,2711.37
7413,2026-01-12,2791.76
7413,2026-01-19,2821.54
7413,2026-01-26,2610.14
7413,2026-02-02,2685.57
7413,2026-02-09,2868.18
7413,2026-02-16,2838.41
7413,2026-02-23,2835.43
7413,2026-03-02,2785.81
7413,2026-03-09,2779.85
7413,2026-03-16,2674.65
7413,2026-03-23,2629.0
7413,2026-03-30,2500.0
7413,2026-04-06,2613.0
7413,2026-04-13,2557.0
7413,2026-04-20,2562.0
7413,2026-04-27,2565.0
7413,2026-05-04,2564.0
7413,2026-05-11,2565.0
7413,2026-05-18,2560.0
7413,2026-05-25,2521.0
7413,2026-06-01,2495.0
7413,2026-06-08,2500.0
7413,2026-06-15,2550.0
7413,2026-06-22,2557.0
7413,2026-06-29,2680.0
7413,2026-07-06,2600.0
7413,2026-07-13,2625.0
7413,2026-07-20,2600.0
7413,2026-07-27,2670.0
7413,2026-08-03,2658.0
7413,2026-08-10,2658.0
7413,2026-08-17,2640.0
7413,2026-08-24,2615.0
7413,2026-08-31,2685.0
7413,2026-09-07,2730.0
7413,2026-09-14,2860.0
7413,2026-09-21,2940.0
7433,2025-09-29,3726.69
7433,2025-10-06,3663.19
7433,2025-10-13,3682.73
7433,2025-10-20,3731.57
7433,2025-10-27,3770.65
7433,2025-11-03,3726.69
7433,2025-11-10,3751.11
7433,2025-11-17,3756.0
7433,2025-11-24,3829.26
7433,2025-12-01,3785.3
7433,2025-12-08,3790.19
7433,2025-12-15,3775.53
7433,2025-12-22,3824.38
7433,2025-12-29,3824.38
7433,2026-01-05,3853.68
7433,2026-01-12,3907.41
7433,2026-01-19,3917.18
7433,2026-01-26,4053.94
7433,2026-02-02,4190.69
7433,2026-02-09,4234.65
7433,2026-02-16,4220.0
7433,2026-02-23,4332.34
7433,2026-03-02,4127.2
7433,2026-03-09,4093.01
7433,2026-03-16,4073.47
7433,2026-03-23,4220.0
7433,2026-03-30,4230.0
7433,2026-04-06,4280.0
7433,2026-04-13,4235.0
7433,2026-04-20,4145.0
7433,2026-04-27,4165.0
7433,2026-05-04,4205.0
7433,2026-05-11,4570.0
7433,2026-05-18,4535.0
7433,2026-05-25,4545.0
7433,2026-06-01,4575.0
7433,2026-06-08,4475.0
7433,2026-06-15,4530.0
7433,2026-06-22,4550.0
7433,2026-06-29,4635.0
7433,2026-07-06,4590.0
7433,2026-07-13,4400.0
7433,2026-07-20,4590.0
7433,2026-07-27,4940.0
7433,2026-08-03,5360.0
7433,2026-08-10,5280.0
7433,2026-08-17,5220.0
7433,2026-08-24,5270.0
7433,2026-08-31,5280.0
7433,2026-09-07,5410.0
7433,2026-09-14,5470.0
7433,2026-09-21,5610.0
7438,2025-09-29,1656.7
7438,2025-10-06,1661.61
7438,2025-10-13,1644.9
7438,2025-10-20,1673.41
7438,2025-10-27,1651.78
7438,2025-11-03,1622.29
7438,2025-11-10,1537.73
7438,2025-11-17,1487.59
7438,2025-11-24,1506.27
7438,2025-12-01,1459.07
7438,2025-12-08,1483.66
7438,2025-12-15,1498.4
7438,2025-12-22,1546.58
7438,2025-12-29,1548.55
7438,2026-01-05,1539.7
7438,2026-01-12,1528.88
7438,2026-01-19,1496.44
7438,2026-01-26,1465.96
7438,2026-02-02,1486.6
7438,2026-02-09,1483.66
7438,2026-02-16,1485.62
7438,2026-02-23,1522.98
7438,2026-03-02,1463.99
7438,2026-03-09,1430.56
7438,2026-03-16,1450.23
7438,2026-03-23,1522.0
7438,2026-03-30,1515.0
7438,2026-04-06,1534.0
7438,2026-04-13,1509.0
7438,2026-04-20,1458.0
7438,2026-04-27,1458.0
7438,2026-05-04,1453.0
7438,2026-05-11,1497.0
7438,2026-05-18,1438.0
7438,2026-05-25,1437.0
7438,2026-06-01,1428.0
7438,2026-06-08,1459.0
7438,2026-06-15,1507.0
7438,2026-06-22,1505.0
7438,2026-06-29,1539.0
7438,2026-07-06,1551.0
7438,2026-07-13,1522.0
7438,2026-07-20,1557.0
7438,2026-07-27,1534.0
7438,2026-08-03,1550.0
7438,2026-08-10,1606.0
7438,2026-08-17,1608.0
7438,2026-08-24,1686.0
7438,2026-08-31,1688.0
7438,2026-09-07,1721.0
7438,2026-09-14,1800.0
7438,2026-09-21,1775.0
7459,2025-09-29,2503.23
7459,2025-10-06,2496.31
7459,2025-10-13,2501.74
7459,2025-10-20,2539.8
7459,2025-10-27,2480.99
7459,2025-11-03,2554.63
7459,2025-11-10,2615.91
7459,2025-11-17,2639.63
7459,2025-11-24,2694.99
7459,2025-12-01,2620.85
7459,2025-12-08,2724.64
7459,2025-12-15,2771.59
7459,2025-12-22,2760.72
7459,2025-12-29,2737.98
7459,2026-01-05,2814.09
7459,2026-01-12,2832.38
7459,2026-01-19,2889.21
7459,2026-01-26,2766.65
7459,2026-02-02,2821.01
7459,2026-02-09,2900.09
7459,2026-02-16,2886.25
7459,2026-02-23,3031.55
7459,2026-03-02,2903.05
7459,2026-03-09,2762.69
7459,2026-03-16,2835.84
7459,2026-03-23,2907.5
7459,2026-03-30,3010.0
7459,2026-04-06,2893.0
7459,2026-04-13,2805.5
7459,2026-04-20,2778.5
7459,2026-04-27,2815.0
7459,2026-05-04,2772.5
7459,2026-05-11,2809.5
7459,2026-05-18,2797.5
7459,2026-05-25,2747.0
7459,2026-06-01,2672.5
7459,2026-06-08,2638.0
7459,2026-06-15,2591.5
7459,2026-06-22,2625.5
7459,2026-06-29,2645.5
7459,2026-07-06,2636.0
7459,2026-07-13,2848.5
7459,2026-07-20,2876.5
7459,2026-07-27,2883.0
7459,2026-08-03,2833.0
7459,2026-08-10,2827.5
7459,2026-08-17,2917.5
7459,2026-08-24,2883.5
7459,2026-08-31,2919.0
7459,2026-09-07,2886.0
7459,2026-09-14,2906.5
7459,2026-09-21,3122.0
7480,2025-09-29,1616.56
7480,2025-10-06,1608.9
7480,2025-10-13,1620.39
7480,2025-10-20,1606.99
7480,2025-10-27,1604.11
7480,2025-11-03,1586.87
7480,2025-11-10,1598.37
7480,2025-11-17,1611.77
7480,2025-11-24,1635.72
7480,2025-12-01,1585.92
7480,2025-12-08,1575.38
7480,2025-12-15,1580.17
7480,2025-12-22,1603.16
7480,2025-12-29,1612.73
7480,2026-01-05,1641.46
7480,2026-01-12,1701.8
7480,2026-01-19,1675.94
7480,2026-01-26,1637.63
7480,2026-02-02,1661.57
7480,2026-02-09,1677.85
7480,2026-02-16,1675.94
7480,2026-02-23,1727.65
7480,2026-03-02,1695.09
7480,2026-03-09,1680.73
7480,2026-03-16,1681.69
7480,2026-03-23,1708.5
7480,2026-03-30,1768.0
7480,2026-04-06,1764.0
7480,2026-04-13,1782.0
7480,2026-04-20,1734.0
7480,2026-04-27,1723.0
7480,2026-05-04,1980.0
7480,2026-05-11,1988.0
7480,2026-05-18,2040.0
7480,2026-05-25,2035.0
7480,2026-06-01,2146.0
7480,2026-06-08,2119.0
7480,2026-06-15,2215.0
7480,2026-06-22,2238.0
7480,2026-06-29,2522.0
7480,2026-07-06,2548.0
7480,2026-07-13,2388.0
7480,2026-07-20,2434.0
7480,2026-07-27,2480.0
7480,2026-08-03,3385.0
7480,2026-08-10,3410.0
7480,2026-08-17,3395.0
7480,2026-08-24,3515.0
7480,2026-08-31,3420.0
7480,2026-09-07,3470.0
7480,2026-09-14,3625.0
7480,2026-09-21,3605.0
7552,2025-09-29,3279.63
7552,2025-10-06,3245.62
7552,2025-10-13,3138.72
7552,2025-10-20,3172.74
7552,2025-10-27,3056.13
7552,2025-11-03,3095.0
7552,2025-11-10,3041.55
7552,2025-11-17,3031.83
7552,2025-11-24,3153.3
7552,2025-12-01,2939.52
7552,2025-12-08,2915.22
7552,2025-12-15,2813.19
7552,2025-12-22,2847.2
7552,2025-12-29,2861.78
7552,2026-01-05,2821.94
7552,2026-01-12,2856.92
7552,2026-01-19,2834.57
7552,2026-01-26,2685.89
7552,2026-02-02,2637.31
7552,2026-02-09,2635.36
7552,2026-02-16,2798.62
7552,2026-02-23,3095.0
7552,2026-03-02,3080.42
7552,2026-03-09,2905.51
7552,2026-03-16,2766.55
7552,2026-03-23,2751.0
7552,2026-03-30,2718.0
7552,2026-04-06,2747.0
7552,2026-04-13,2798.0
7552,2026-04-20,2685.0
7552,2026-04-27,2670.0
7552,2026-05-04,2631.0
7552,2026-05-11,2647.0
7552,2026-05-18,2710.0
7552,2026-05-25,2775.0
7552,2026-06-01,2748.0
7552,2026-06-08,2711.0
7552,2026-06-15,2744.0
7552,2026-06-22,2903.0
7552,2026-06-29,2990.0
7552,2026-07-06,3110.0
7552,2026-07-13,3105.0
7552,2026-07-20,3040.0
7552,2026-07-27,3315.0
7552,2026-08-03,3390.0
7552,2026-08-10,3480.0
7552,2026-08-17,3695.0
7552,2026-08-24,3755.0
7552,2026-08-31,3660.0
7552,2026-09-07,3740.0
7552,2026-09-14,4075.0
7552,2026-09-21,4190.0
7608,2025-09-29,551.76
7608,2025-10-06,544.01
7608,2025-10-13,661.72
7608,2025-10-20,664.63
7608,2025-10-27,650.09
7608,2025-11-03,646.22
7608,2025-11-10,681.58
7608,2025-11-17,630.23
7608,2025-11-24,674.31
7608,2025-12-01,690.79
7608,2025-12-08,683.52
7608,2025-12-15,702.9
7608,2025-12-22,732.45
7608,2025-12-29,722.27
7608,2026-01-05,752.79
7608,2026-01-12,739.71
7608,2026-01-19,775.07
7608,2026-01-26,719.37
7608,2026-02-02,738.74
7608,2026-02-09,783.79
7608,2026-02-16,848.22
7608,2026-02-23,914.62
7608,2026-03-02,896.88
7608,2026-03-09,834.78
7608,2026-03-16,777.62
7608,2026-03-23,779.59
7608,2026-03-30,769.74
7608,2026-04-06,779.59
7608,2026-04-13,856.47
7608,2026-04-20,813.1
7608,2026-04-27,802.26
7608,2026-05-04,819.01
7608,2026-05-11,763.82
7608,2026-05-18,726.37
7608,2026-05-25,749.04
7608,2026-06-01,727.36
7608,2026-06-08,713.56
7608,2026-06-15,724.4
7608,2026-06-22,737.21
7608,2026-06-29,800.29
7608,2026-07-06,837.74
7608,2026-07-13,720.46
7608,2026-07-20,765.79
7608,2026-07-27,764.81
7608,2026-08-03,790.43
7608,2026-08-10,819.01
7608,2026-08-17,829.86
7608,2026-08-24,837.0
7608,2026-08-31,874.0
7608,2026-09-07,878.0
7608,2026-09-14,932.0
7608,2026-09-21,945.0
7619,2025-09-29,789.69
7619,2025-10-06,790.67
7619,2025-10-13,805.31
7619,2025-10-20,831.67
7619,2025-10-27,819.95
7619,2025-11-03,819.95
7619,2025-11-10,800.43
7619,2025-11-17,791.65
7619,2025-11-24,806.29
7619,2025-12-01,811.17
7619,2025-12-08,815.07
7619,2025-12-15,824.84
7619,2025-12-22,867.79
7619,2025-12-29,867.79
7619,2026-01-05,885.36
7619,2026-01-12,886.33
7619,2026-01-19,893.16
7619,2026-01-26,905.85
7619,2026-02-02,896.09
7619,2026-02-09,888.28
7619,2026-02-16,887.31
7619,2026-02-23,904.88
7619,2026-03-02,882.43
7619,2026-03-09,860.95
7619,2026-03-16,860.95
7619,2026-03-23,859.0
7619,2026-03-30,831.0
7619,2026-04-06,858.0
7619,2026-04-13,840.0
7619,2026-04-20,836.0
7619,2026-04-27,844.0
7619,2026-05-04,837.0
7619,2026-05-11,868.0
7619,2026-05-18,879.0
7619,2026-05-25,887.0
7619,2026-06-01,910.0
7619,2026-06-08,868.0
7619,2026-06-15,876.0
7619,2026-06-22,878.0
7619,2026-06-29,881.0
7619,2026-07-06,893.0
7619,2026-07-13,897.0
7619,2026-07-20,915.0
7619,2026-07-27,918.0
7619,2026-08-03,954.0
7619,2026-08-10,969.0
7619,2026-08-17,960.0
7619,2026-08-24,963.0
7619,2026-08-31,968.0
7619,2026-09-07,989.0
7619,2026-09-14,994.0
7619,2026-09-21,1029.0
7624,2025-09-29,134.17
7624,2025-10-06,134.17
7624,2025-10-13,133.19
7624,2025-10-20,136.11
7624,2025-10-27,133.19
7624,2025-11-03,135.14
7624,2025-11-10,136.11
7624,2025-11-17,133.19
7624,2025-11-24,136.11
7624,2025-12-01,135.14
7624,2025-12-08,135.14
7624,2025-12-15,137.08
7624,2025-12-22,131.25
7624,2025-12-29,129.31
7624,2026-01-05,138.06
7624,2026-01-12,138.06
7624,2026-01-19,140.0
7624,2026-01-26,135.14
7624,2026-02-02,137.08
7624,2026-02-09,140.0
7624,2026-02-16,140.0
7624,2026-02-23,144.0
7624,2026-03-02,139.0
7624,2026-03-09,136.0
7624,2026-03-16,136.0
7624,2026-03-23,134.0
7624,2026-03-30,133.0
7624,2026-04-06,133.0
7624,2026-04-13,133.0
7624,2026-04-20,133.0
7624,2026-04-27,134.0
7624,2026-05-04,134.0
7624,2026-05-11,134.0
7624,2026-05-18,133.0
7624,2026-05-25,135.0
7624,2026-06-01,134.0
7624,2026-06-08,132.0
7624,2026-06-15,136.0
7624,2026-06-22,138.0
7624,2026-06-29,142.0
7624,2026-07-06,141.0
7624,2026-07-13,140.0
7624,2026-07-20,139.0
7624,2026-07-27,139.0
7624,2026-08-03,140.0
7624,2026-08-10,145.0
7624,2026-08-17,152.0
7624,2026-08-24,153.0
7624,2026-08-31,156.0
7624,2026-09-07,154.0
7624,2026-09-14,167.0
7624,2026-09-21,169.0
7689,2025-09-29,501.0
7689,2025-10-06,502.0
7689,2025-10-13,496.0
7689,2025-10-20,490.0
7689,2025-10-27,469.0
7689,2025-11-03,469.0
7689,2025-11-10,471.0
7689,2025-11-17,466.0
7689,2025-11-24,463.0
7689,2025-12-01,455.0
7689,2025-12-08,446.0
7689,2025-12-15,422.0
7689,2025-12-22,409.0
7689,2025-12-29,420.0
7689,2026-01-05,462.0
7689,2026-01-12,432.0
7689,2026-01-19,431.0
7689,2026-01-26,458.0
7689,2026-02-02,464.0
7689,2026-02-09,465.0
7689,2026-02-16,495.0
7689,2026-02-23,474.0
7689,2026-03-02,432.0
7689,2026-03-09,450.0
7689,2026-03-16,455.0
7689,2026-03-23,460.0
7689,2026-03-30,464.0
7689,2026-04-06,453.0
7689,2026-04-13,424.0
7689,2026-04-20,434.0
7689,2026-04-27,431.0
7689,2026-05-04,422.0
7689,2026-05-11,416.0
7689,2026-05-18,410.0
7689,2026-05-25,406.0
7689,2026-06-01,384.0
7689,2026-06-08,363.0
7689,2026-06-15,306.0
7689,2026-06-22,295.0
7689,2026-06-29,301.0
7689,2026-07-06,296.0
7689,2026-07-13,288.0
7689,2026-07-20,305.0
7689,2026-07-27,312.0
7689,2026-08-03,307.0
7689,2026-08-10,300.0
7689,2026-08-17,307.0
7689,2026-08-24,300.0
7689,2026-08-31,381.0
7689,2026-09-07,342.0
7689,2026-09-14,513.0
7689,2026-09-21,436.0
7727,2025-09-29,586.34
7727,2025-10-06,595.22
7727,2025-10-13,596.21
7727,2025-10-20,625.82
7727,2025-10-27,649.51
7727,2025-11-03,619.9
7727,2025-11-10,626.81
7727,2025-11-17,549.81
7727,2025-11-24,591.27
7727,2025-12-01,588.31
7727,2025-12-08,588.31
7727,2025-12-15,576.46
7727,2025-12-22,602.13
7727,2025-12-29,618.91
7727,2026-01-05,636.68
7727,2026-01-12,685.05
7727,2026-01-19,775.86
7727,2026-01-26,735.39
7727,2026-02-02,700.84
7727,2026-02-09,723.54
7727,2026-02-16,830.15
7727,2026-02-23,903.19
7727,2026-03-02,882.46
7727,2026-03-09,796.59
7727,2026-03-16,790.66
7727,2026-03-23,765.0
7727,2026-03-30,765.0
7727,2026-04-06,770.0
7727,2026-04-13,717.0
7727,2026-04-20,675.0
7727,2026-04-27,703.0
7727,2026-05-04,736.0
7727,2026-05-11,716.0
7727,2026-05-18,799.0
7727,2026-05-25,782.0
7727,2026-06-01,778.0
7727,2026-06-08,710.0
7727,2026-06-15,776.0
7727,2026-06-22,781.0
7727,2026-06-29,770.0
7727,2026-07-06,755.0
7727,2026-07-13,728.0
7727,2026-07-20,721.0
7727,2026-07-27,728.0
7727,2026-08-03,779.0
7727,2026-08-10,925.0
7727,2026-08-17,801.0
7727,2026-08-24,845.0
7727,2026-08-31,836.0
7727,2026-09-07,833.0
7727,2026-09-14,898.0
7727,2026-09-21,948.0
7743,2025-09-29,517.28
7743,2025-10-06,521.18
7743,2025-10-13,522.16
7743,2025-10-20,543.63
7743,2025-10-27,554.37
7743,2025-11-03,568.03
7743,2025-11-10,555.34
7743,2025-11-17,571.94
7743,2025-11-24,573.89
7743,2025-12-01,558.27
7743,2025-12-08,556.32
7743,2025-12-15,551.44
7743,2025-12-22,549.49
7743,2025-12-29,561.2
7743,2026-01-05,569.01
7743,2026-01-12,602.19
7743,2026-01-19,575.84
7743,2026-01-26,564.13
7743,2026-02-02,577.79
7743,2026-02-09,511.42
7743,2026-02-16,519.23
7743,2026-02-23,553.39
7743,2026-03-02,525.09
7743,2026-03-09,611.95
7743,2026-03-16,557.3
7743,2026-03-23,610.0
7743,2026-03-30,611.0
7743,2026-04-06,603.0
7743,2026-04-13,581.0
7743,2026-04-20,534.0
7743,2026-04-27,537.0
7743,2026-05-04,545.0
7743,2026-05-11,505.0
7743,2026-05-18,517.0
7743,2026-05-25,500.0
7743,2026-06-01,488.0
7743,2026-06-08,485.0
7743,2026-06-15,488.0
7743,2026-06-22,502.0
7743,2026-06-29,512.0
7743,2026-07-06,514.0
7743,2026-07-13,509.0
7743,2026-07-20,515.0
7743,2026-07-27,535.0
7743,2026-08-03,522.0
7743,2026-08-10,533.0
7743,2026-08-17,534.0
7743,2026-08-24,735.0
7743,2026-08-31,792.0
7743,2026-09-07,792.0
7743,2026-09-14,792.0
7743,2026-09-21,792.0
7839,2025-09-29,1700.0
7839,2025-10-06,1675.0
7839,2025-10-13,1675.0
7839,2025-10-20,1695.0
7839,2025-10-27,1639.0
7839,2025-11-03,1690.0
7839,2025-11-10,1745.0
7839,2025-11-17,1829.0
7839,2025-11-24,1860.0
7839,2025-12-01,1850.0
7839,2025-12-08,1843.0
7839,2025-12-15,1785.0
7839,2025-12-22,1798.0
7839,2025-12-29,1777.0
7839,2026-01-05,1819.0
7839,2026-01-12,1816.0
7839,2026-01-19,1799.0
7839,2026-01-26,1775.0
7839,2026-02-02,1726.0
7839,2026-02-09,1714.0
7839,2026-02-16,1704.0
7839,2026-02-23,1800.0
7839,2026-03-02,1678.0
7839,2026-03-09,1618.0
7839,2026-03-16,1605.0
7839,2026-03-23,1652.0
7839,2026-03-30,1717.0
7839,2026-04-06,1677.0
7839,2026-04-13,1717.0
7839,2026-04-20,1620.0
7839,2026-04-27,1850.0
7839,2026-05-04,1815.0
7839,2026-05-11,1794.0
7839,2026-05-18,1670.0
7839,2026-05-25,1746.0
7839,2026-06-01,1871.0
7839,2026-06-08,1824.0
7839,2026-06-15,1797.0
7839,2026-06-22,1774.0
7839,2026-06-29,1841.0
7839,2026-07-06,1826.0
7839,2026-07-13,1874.0
7839,2026-07-20,1897.0
7839,2026-07-27,1951.0
7839,2026-08-03,2018.0
7839,2026-08-10,2051.0
7839,2026-08-17,2077.0
7839,2026-08-24,2113.0
7839,2026-08-31,2111.0
7839,2026-09-07,2046.0
7839,2026-09-14,2122.0
7839,2026-09-21,2144.0
7867,2025-09-29,3120.5
7867,2025-10-06,3272.72
7867,2025-10-13,3119.51
7867,2025-10-20,3114.57
7867,2025-10-27,3139.28
7867,2025-11-03,3177.83
7867,2025-11-10,2957.41
7867,2025-11-17,2887.23
7867,2025-11-24,2860.54
7867,2025-12-01,2739.46
7867,2025-12-08,2701.9
7867,2025-12-15,2688.55
7867,2025-12-22,2718.21
7867,2025-12-29,2725.62
7867,2026-01-05,2841.76
7867,2026-01-12,2843.25
7867,2026-01-19,2814.09
7867,2026-01-26,2693.5
7867,2026-02-02,2698.44
7867,2026-02-09,2762.69
7867,2026-02-16,2691.03
7867,2026-02-23,2840.77
7867,2026-03-02,2751.82
7867,2026-03-09,2767.63
7867,2026-03-16,2722.16
7867,2026-03-23,2736.0
7867,2026-03-30,2750.5
7867,2026-04-06,2708.0
7867,2026-04-13,2753.5
7867,2026-04-20,2610.0
7867,2026-04-27,2532.0
7867,2026-05-04,2630.0
7867,2026-05-11,2789.5
7867,2026-05-18,2983.0
7867,2026-05-25,3159.0
7867,2026-06-01,3063.0
7867,2026-06-08,2925.5
7867,2026-06-15,2925.5
7867,2026-06-22,3200.0
7867,2026-06-29,3259.0
7867,2026-07-06,3322.0
7867,2026-07-13,3531.0
7867,2026-07-20,3417.0
7867,2026-07-27,3627.0
7867,2026-08-03,3602.0
7867,2026-08-10,3598.0
7867,2026-08-17,3641.0
7867,2026-08-24,3727.0
7867,2026-08-31,3654.0
7867,2026-09-07,3639.0
7867,2026-09-14,4040.0
7867,2026-09-21,4052.0
7976,2025-09-29,2122.88
7976,2025-10-06,2131.68
7976,2025-10-13,2125.81
7976,2025-10-20,2110.17
7976,2025-10-27,2002.61
7976,2025-11-03,2087.68
7976,2025-11-10,2090.61
7976,2025-11-17,2079.85
7976,2025-11-24,2102.34
7976,2025-12-01,2087.68
7976,2025-12-08,2169.81
7976,2025-12-15,2129.72
7976,2025-12-22,2174.7
7976,2025-12-29,2153.93
7976,2026-01-05,2204.39
7976,2026-01-12,2284.53
7976,2026-01-19,2325.09
7976,2026-01-26,2265.73
7976,2026-02-02,2307.28
7976,2026-02-09,2157.88
7976,2026-02-16,2252.87
7976,2026-02-23,2426.01
7976,2026-03-02,2283.54
7976,2026-03-09,2289.47
7976,2026-03-16,2319.16
7976,2026-03-23,2384.46
7976,2026-03-30,2412.16
7976,2026-04-06,2436.9
7976,2026-04-13,2462.62
7976,2026-04-20,2342.9
7976,2026-04-27,2520.01
7976,2026-05-04,2494.28
7976,2026-05-11,2531.88
7976,2026-05-18,2572.44
7976,2026-05-25,2595.2
7976,2026-06-01,2461.63
7976,2026-06-08,2581.35
7976,2026-06-15,2521.98
7976,2026-06-22,2660.5
7976,2026-06-29,2690.0
7976,2026-07-06,2696.0
7976,2026-07-13,2688.0
7976,2026-07-20,2610.0
7976,2026-07-27,2771.0
7976,2026-08-03,2934.0
7976,2026-08-10,2897.0
7976,2026-08-17,2971.0
7976,2026-08-24,3065.0
7976,2026-08-31,3110.0
7976,2026-09-07,3195.0
7976,2026-09-14,3305.0
7976,2026-09-21,3370.0
8037,2025-09-29,2823.06
8037,2025-10-06,2775.99
8037,2025-10-13,2805.41
8037,2025-10-20,2966.22
8037,2025-10-27,2861.3
8037,2025-11-03,2927.0
8037,2025-11-10,2786.77
8037,2025-11-17,2756.38
8037,2025-11-24,2851.49
8037,2025-12-01,2786.77
8037,2025-12-08,2836.78
8037,2025-12-15,2951.51
8037,2025-12-22,2934.84
8037,2025-12-29,2961.32
8037,2026-01-05,3128.01
8037,2026-01-12,3240.78
8037,2026-01-19,3186.85
8037,2026-01-26,3020.15
8037,2026-02-02,3162.33
8037,2026-02-09,3196.65
8037,2026-02-16,3211.36
8037,2026-02-23,3329.03
8037,2026-03-02,3103.5
8037,2026-03-09,3010.34
8037,2026-03-16,3083.89
8037,2026-03-23,3280.0
8037,2026-03-30,3450.0
8037,2026-04-06,3425.0
8037,2026-04-13,3295.0
8037,2026-04-20,3185.0
8037,2026-04-27,3220.0
8037,2026-05-04,3345.0
8037,2026-05-11,3335.0
8037,2026-05-18,3565.0
8037,2026-05-25,3605.0
8037,2026-06-01,3440.0
8037,2026-06-08,3430.0
8037,2026-06-15,3490.0
8037,2026-06-22,3455.0
8037,2026-06-29,3545.0
8037,2026-07-06,3640.0
8037,2026-07-13,3630.0
8037,2026-07-20,3720.0
8037,2026-07-27,3895.0
8037,2026-08-03,4150.0
8037,2026-08-10,4335.0
8037,2026-08-17,4355.0
8037,2026-08-24,4585.0
8037,2026-08-31,4525.0
8037,2026-09-07,4605.0
8037,2026-09-14,5080.0
8037,2026-09-21,5160.0
8104,2025-09-29,565.57
8104,2025-10-06,560.78
8104,2025-10-13,564.61
8104,2025-10-20,564.61
8104,2025-10-27,566.53
8104,2025-11-03,558.86
8104,2025-11-10,556.95
8104,2025-11-17,532.98
8104,2025-11-24,575.16
8104,2025-12-01,575.16
8104,2025-12-08,584.75
8104,2025-12-15,577.08
8104,2025-12-22,613.5
8104,2025-12-29,613.5
8104,2026-01-05,597.21
8104,2026-01-12,619.25
8104,2026-01-19,605.83
8104,2026-01-26,612.54
8104,2026-02-02,618.3
8104,2026-02-09,593.37
8104,2026-02-16,595.29
8104,2026-02-23,597.21
8104,2026-03-02,590.5
8104,2026-03-09,578.04
8104,2026-03-16,586.66
8104,2026-03-23,602.0
8104,2026-03-30,572.0
8104,2026-04-06,586.0
8104,2026-04-13,572.0
8104,2026-04-20,575.0
8104,2026-04-27,570.0
8104,2026-05-04,575.0
8104,2026-05-11,571.0
8104,2026-05-18,610.0
8104,2026-05-25,628.0
8104,2026-06-01,633.0
8104,2026-06-08,618.0
8104,2026-06-15,656.0
8104,2026-06-22,650.0
8104,2026-06-29,688.0
8104,2026-07-06,681.0
8104,2026-07-13,672.0
8104,2026-07-20,698.0
8104,2026-07-27,692.0
8104,2026-08-03,675.0
8104,2026-08-10,690.0
8104,2026-08-17,693.0
8104,2026-08-24,723.0
8104,2026-08-31,705.0
8104,2026-09-07,707.0
8104,2026-09-14,770.0
8104,2026-09-21,810.0
8137,2025-09-29,2573.11
8137,2025-10-06,2560.36
8137,2025-10-13,2588.81
8137,2025-10-20,2681.02
8137,2025-10-27,2630.01
8137,2025-11-03,2747.73
8137,2025-11-10,2748.71
8137,2025-11-17,2807.57
8137,2025-11-24,2873.3
8137,2025-12-01,2835.04
8137,2025-12-08,2828.17
8137,2025-12-15,2817.38
8137,2025-12-22,2864.47
8137,2025-12-29,2911.55
8137,2026-01-05,2942.94
8137,2026-01-12,3060.66
8137,2026-01-19,3021.42
8137,2026-01-26,2942.94
8137,2026-02-02,3119.52
8137,2026-02-09,3188.19
8137,2026-02-16,3247.05
8137,2026-02-23,3413.82
8137,2026-03-02,3232.33
8137,2026-03-09,3109.71
8137,2026-03-16,3099.9
8137,2026-03-23,3198.0
8137,2026-03-30,3135.0
8137,2026-04-06,3110.0
8137,2026-04-13,3210.0
8137,2026-04-20,3215.0
8137,2026-04-27,3185.0
8137,2026-05-04,3255.0
8137,2026-05-11,3680.0
8137,2026-05-18,3740.0
8137,2026-05-25,3850.0
8137,2026-06-01,3870.0
8137,2026-06-08,3645.0
8137,2026-06-15,3795.0
8137,2026-06-22,3605.0
8137,2026-06-29,3865.0
8137,2026-07-06,3870.0
8137,2026-07-13,3655.0
8137,2026-07-20,3840.0
8137,2026-07-27,3605.0
8137,2026-08-03,3970.0
8137,2026-08-10,4180.0
8137,2026-08-17,3960.0
8137,2026-08-24,4210.0
8137,2026-08-31,4220.0
8137,2026-09-07,4375.0
8137,2026-09-14,4640.0
8137,2026-09-21,4705.0
8157,2025-09-29,3142.89
8157,2025-10-06,3005.81
8157,2025-10-13,2981.34
8157,2025-10-20,3206.53
8157,2025-10-27,3093.93
8157,2025-11-03,2976.44
8157,2025-11-10,3137.99
8157,2025-11-17,3186.95
8157,2025-11-24,3177.15
8157,2025-12-01,3049.87
8157,2025-12-08,3108.62
8157,2025-12-15,3201.63
8157,2025-12-22,3417.03
8157,2025-12-29,3412.14
8157,2026-01-05,3392.55
8157,2026-01-12,3519.84
8157,2026-01-19,3485.57
8157,2026-01-26,3563.9
8157,2026-02-02,3617.75
8157,2026-02-09,3656.91
8157,2026-02-16,3901.68
8157,2026-02-23,4087.71
8157,2026-03-02,3842.94
8157,2026-03-09,3583.48
8157,2026-03-16,3539.42
8157,2026-03-23,3559.0
8157,2026-03-30,3540.0
8157,2026-04-06,3510.0
8157,2026-04-13,3560.0
8157,2026-04-20,3490.0
8157,2026-04-27,3460.0
8157,2026-05-04,3630.0
8157,2026-05-11,3950.0
8157,2026-05-18,4140.0
8157,2026-05-25,4090.0
8157,2026-06-01,4065.0
8157,2026-06-08,3930.0
8157,2026-06-15,4030.0
8157,2026-06-22,3930.0
8157,2026-06-29,3955.0
8157,2026-07-06,4055.0
8157,2026-07-13,3895.0
8157,2026-07-20,3995.0
8157,2026-07-27,3820.0
8157,2026-08-03,4045.0
8157,2026-08-10,4180.0
8157,2026-08-17,4120.0
8157,2026-08-24,4195.0
8157,2026-08-31,4170.0
8157,2026-09-07,4130.0
8157,2026-09-14,4290.0
8157,2026-09-21,4270.0
8285,2025-09-29,456.86
8285,2025-10-06,458.84
8285,2025-10-13,458.84
8285,2025-10-20,491.47
8285,2025-10-27,493.45
8285,2025-11-03,503.34
8285,2025-11-10,522.13
8285,2025-11-17,533.0
8285,2025-11-24,539.92
8285,2025-12-01,562.67
8285,2025-12-08,547.84
8285,2025-12-15,554.76
8285,2025-12-22,560.69
8285,2025-12-29,559.7
8285,2026-01-05,565.64
8285,2026-01-12,622.0
8285,2026-01-19,622.99
8285,2026-01-26,595.3
8285,2026-02-02,681.33
8285,2026-02-09,706.06
8285,2026-02-16,697.16
8285,2026-02-23,721.88
8285,2026-03-02,706.06
8285,2026-03-09,711.99
8285,2026-03-16,703.09
8285,2026-03-23,711.0
8285,2026-03-30,745.0
8285,2026-04-06,748.0
8285,2026-04-13,779.0
8285,2026-04-20,783.0
8285,2026-04-27,685.0
8285,2026-05-04,681.0
8285,2026-05-11,695.0
8285,2026-05-18,650.0
8285,2026-05-25,664.0
8285,2026-06-01,637.0
8285,2026-06-08,626.0
8285,2026-06-15,686.0
8285,2026-06-22,701.0
8285,2026-06-29,696.0
8285,2026-07-06,710.0
8285,2026-07-13,661.0
8285,2026-07-20,685.0
8285,2026-07-27,700.0
8285,2026-08-03,737.0
8285,2026-08-10,785.0
8285,2026-08-17,786.0
8285,2026-08-24,793.0
8285,2026-08-31,788.0
8285,2026-09-07,796.0
8285,2026-09-14,838.0
8285,2026-09-21,835.0
8334,2025-09-29,1580.52
8334,2025-10-06,1547.98
8334,2025-10-13,1503.12
8334,2025-10-20,1561.79
8334,2025-10-27,1578.55
8334,2025-11-03,1576.58
8334,2025-11-10,1613.06
8334,2025-11-17,1622.92
8334,2025-11-24,1710.18
8334,2025-12-01,1710.67
8334,2025-12-08,1701.8
8334,2025-12-15,1746.17
8334,2025-12-22,1701.8
8334,2025-12-29,1703.28
8334,2026-01-05,1786.1
8334,2026-01-12,1909.84
8334,2026-01-19,1922.16
8334,2026-01-26,1912.3
8334,2026-02-02,2142.53
8334,2026-02-09,2199.72
8334,2026-02-16,2174.57
8334,2026-02-23,2230.28
8334,2026-03-02,2104.08
8334,2026-03-09,2071.05
8334,2026-03-16,2095.2
8334,2026-03-23,2250.0
8334,2026-03-30,2231.5
8334,2026-04-06,2269.0
8334,2026-04-13,2214.0
8334,2026-04-20,2030.0
8334,2026-04-27,2157.0
8334,2026-05-04,2164.0
8334,2026-05-11,2232.0
8334,2026-05-18,2316.0
8334,2026-05-25,2260.0
8334,2026-06-01,2262.5
8334,2026-06-08,2343.5
8334,2026-06-15,2316.5
8334,2026-06-22,2334.0
8334,2026-06-29,2419.0
8334,2026-07-06,2492.5
8334,2026-07-13,2436.5
8334,2026-07-20,2609.0
8334,2026-07-27,2538.5
8334,2026-08-03,2595.0
8334,2026-08-10,2765.0
8334,2026-08-17,2701.0
8334,2026-08-24,2830.5
8334,2026-08-31,2899.5
8334,2026-09-07,2891.0
8334,2026-09-14,2999.5
8334,2026-09-21,3001.0
8362,2025-09-29,2060.5
8362,2025-10-06,2008.71
8362,2025-10-13,1997.97
8362,2025-10-20,2070.27
8362,2025-10-27,2124.0
8362,2025-11-03,2136.7
8362,2025-11-10,2146.47
8362,2025-11-17,2155.27
8362,2025-11-24,2351.64
8362,2025-12-01,2353.6
8362,2025-12-08,2323.31
8362,2025-12-15,2387.79
8362,2025-12-22,2469.86
8362,2025-12-29,2531.41
8362,2026-01-05,2681.87
8362,2026-01-12,2775.66
8362,2026-01-19,2812.79
8362,2026-01-26,2846.98
8362,2026-02-02,3165.48
8362,2026-02-09,3326.69
8362,2026-02-16,3341.34
8362,2026-02-23,3448.81
8362,2026-03-02,3292.49
8362,2026-03-09,3189.91
8362,2026-03-16,3272.95
8362,2026-03-23,3356.0
8362,2026-03-30,3345.0
8362,2026-04-06,3555.0
8362,2026-04-13,3875.0
8362,2026-04-20,3460.0
8362,2026-04-27,3765.0
8362,2026-05-04,3940.0
8362,2026-05-11,4450.0
8362,2026-05-18,4645.0
8362,2026-05-25,4590.0
8362,2026-06-01,5390.0
8362,2026-06-08,5340.0
8362,2026-06-15,4960.0
8362,2026-06-22,5440.0
8362,2026-06-29,6010.0
8362,2026-07-06,5760.0
8362,2026-07-13,5630.0
8362,2026-07-20,6180.0
8362,2026-07-27,5680.0
8362,2026-08-03,6180.0
8362,2026-08-10,6720.0
8362,2026-08-17,6860.0
8362,2026-08-24,7210.0
8362,2026-08-31,7050.0
8362,2026-09-07,7680.0
8362,2026-09-14,8080.0
8362,2026-09-21,7770.0
8392,2025-09-29,1001.39
8392,2025-10-06,955.78
8392,2025-10-13,961.73
8392,2025-10-20,993.46
8392,2025-10-27,1009.32
8392,2025-11-03,1029.15
8392,2025-11-10,1064.84
8392,2025-11-17,1048.98
8392,2025-11-24,1156.06
8392,2025-12-01,1221.5
8392,2025-12-08,1219.51
8392,2025-12-15,1259.17
8392,2025-12-22,1237.36
8392,2025-12-29,1286.93
8392,2026-01-05,1384.1
8392,2026-01-12,1487.21
8392,2026-01-19,1598.26
8392,2026-01-26,1622.05
8392,2026-02-02,1867.94
8392,2026-02-09,1895.7
8392,2026-02-16,1917.51
8392,2026-02-23,1988.9
8392,2026-03-02,1963.12
8392,2026-03-09,1873.89
8392,2026-03-16,1893.72
8392,2026-03-23,1977.0
8392,2026-03-30,1873.0
8392,2026-04-06,2110.0
8392,2026-04-13,2164.0
8392,2026-04-20,1980.0
8392,2026-04-27,2103.0
8392,2026-05-04,2132.0
8392,2026-05-11,2209.0
8392,2026-05-18,2258.0
8392,2026-05-25,2254.0
8392,2026-06-01,2241.0
8392,2026-06-08,2390.0
8392,2026-06-15,2264.0
8392,2026-06-22,2336.0
8392,2026-06-29,2547.0
8392,2026-07-06,2509.0
8392,2026-07-13,2443.0
8392,2026-07-20,2790.0
8392,2026-07-27,2565.0
8392,2026-08-03,2712.0
8392,2026-08-10,2843.0
8392,2026-08-17,2763.0
8392,2026-08-24,2902.0
8392,2026-08-31,2991.0
8392,2026-09-07,3040.0
8392,2026-09-14,3135.0
8392,2026-09-21,3110.0
8393,2025-09-29,886.76
8393,2025-10-06,864.03
8393,2025-10-13,872.92
8393,2025-10-20,906.54
8393,2025-10-27,917.41
8393,2025-11-03,1008.36
8393,2025-11-10,1028.13
8393,2025-11-17,1020.22
8393,2025-11-24,1126.99
8393,2025-12-01,1178.4
8393,2025-12-08,1190.26
8393,2025-12-15,1227.83
8393,2025-12-22,1235.74
8393,2025-12-29,1293.07
8393,2026-01-05,1399.84
8393,2026-01-12,1494.75
8393,2026-01-19,1583.72
8393,2026-01-26,1536.27
8393,2026-02-02,1743.87
8393,2026-02-09,1872.39
8393,2026-02-16,1874.37
8393,2026-02-23,1921.82
8393,2026-03-02,1832.84
8393,2026-03-09,1741.89
8393,2026-03-16,1779.46
8393,2026-03-23,1906.0
8393,2026-03-30,1844.0
8393,2026-04-06,2017.0
8393,2026-04-13,2117.0
8393,2026-04-20,1929.0
8393,2026-04-27,1955.0
8393,2026-05-04,1952.0
8393,2026-05-11,1996.0
8393,2026-05-18,2050.0
8393,2026-05-25,1856.0
8393,2026-06-01,1943.0
8393,2026-06-08,2130.0
8393,2026-06-15,1998.0
8393,2026-06-22,2124.0
8393,2026-06-29,2222.0
8393,2026-07-06,2194.0
8393,2026-07-13,2147.0
8393,2026-07-20,2478.0
8393,2026-07-27,2339.0
8393,2026-08-03,2389.0
8393,2026-08-10,2497.0
8393,2026-08-17,2440.0
8393,2026-08-24,2544.0
8393,2026-08-31,2651.0
8393,2026-09-07,2693.0
8393,2026-09-14,2782.0
8393,2026-09-21,2754.0
8541,2025-09-29,1162.08
8541,2025-10-06,1133.59
8541,2025-10-13,1135.56
8541,2025-10-20,1202.36
8541,2025-10-27,1227.9
8541,2025-11-03,1227.9
8541,2025-11-10,1234.77
8541,2025-11-17,1242.63
8541,2025-11-24,1293.71
8541,2025-12-01,1341.85
8541,2025-12-08,1369.35
8541,2025-12-15,1382.12
8541,2025-12-22,1443.02
8541,2025-12-29,1463.65
8541,2026-01-05,1541.26
8541,2026-01-12,1639.49
8541,2026-01-19,1710.21
8541,2026-01-26,1667.97
8541,2026-02-02,1786.83
8541,2026-02-09,1918.47
8541,2026-02-16,1874.26
8541,2026-02-23,1859.53
8541,2026-03-02,1705.3
8541,2026-03-09,1587.42
8541,2026-03-16,1553.04
8541,2026-03-23,1611.0
8541,2026-03-30,1609.0
8541,2026-04-06,1721.0
8541,2026-04-13,1836.0
8541,2026-04-20,1722.0
8541,2026-04-27,1790.0
8541,2026-05-04,1857.0
8541,2026-05-11,1913.0
8541,2026-05-18,1984.0
8541,2026-05-25,1934.0
8541,2026-06-01,1992.0
8541,2026-06-08,2044.0
8541,2026-06-15,1945.0
8541,2026-06-22,2053.0
8541,2026-06-29,2210.0
8541,2026-07-06,2239.0
8541,2026-07-13,2317.0
8541,2026-07-20,2794.0
8541,2026-07-27,2781.0
8541,2026-08-03,2853.0
8541,2026-08-10,3065.0
8541,2026-08-17,3260.0
8541,2026-08-24,3215.0
8541,2026-08-31,3210.0
8541,2026-09-07,3295.0
8541,2026-09-14,3390.0
8541,2026-09-21,3470.0
8600,2025-09-29,647.95
8600,2025-10-06,645.98
8600,2025-10-13,639.09
8600,2025-10-20,667.64
8600,2025-10-27,672.57
8600,2025-11-03,694.23
8600,2025-11-10,685.37
8600,2025-11-17,692.26
8600,2025-11-24,736.57
8600,2025-12-01,738.54
8600,2025-12-08,743.47
8600,2025-12-15,751.34
8600,2025-12-22,753.31
8600,2025-12-29,772.02
8600,2026-01-05,798.61
8600,2026-01-12,854.74
8600,2026-01-19,860.65
8600,2026-01-26,859.66
8600,2026-02-02,917.76
8600,2026-02-09,949.27
8600,2026-02-16,961.09
8600,2026-02-23,967.98
8600,2026-03-02,884.28
8600,2026-03-09,845.88
8600,2026-03-16,838.98
8600,2026-03-23,838.0
8600,2026-03-30,888.0
8600,2026-04-06,924.0
8600,2026-04-13,939.0
8600,2026-04-20,866.0
8600,2026-04-27,892.0
8600,2026-05-04,889.0
8600,2026-05-11,878.0
8600,2026-05-18,888.0
8600,2026-05-25,876.0
8600,2026-06-01,852.0
8600,2026-06-08,890.0
8600,2026-06-15,861.0
8600,2026-06-22,876.0
8600,2026-06-29,895.0
8600,2026-07-06,910.0
8600,2026-07-13,908.0
8600,2026-07-20,1024.0
8600,2026-07-27,997.0
8600,2026-08-03,1078.0
8600,2026-08-10,1118.0
8600,2026-08-17,1083.0
8600,2026-08-24,1143.0
8600,2026-08-31,1136.0
8600,2026-09-07,1137.0
8600,2026-09-14,1183.0
8600,2026-09-21,1180.0
8609,2025-09-29,633.64
8609,2025-10-06,637.42
8609,2025-10-13,646.86
8609,2025-10-20,653.47
8609,2025-10-27,653.47
8609,2025-11-03,640.25
8609,2025-11-10,674.24
8609,2025-11-17,677.08
8609,2025-11-24,682.74
8609,2025-12-01,678.97
8609,2025-12-08,695.96
8609,2025-12-15,691.24
8609,2025-12-22,711.07
8609,2025-12-29,710.13
8609,2026-01-05,748.85
8609,2026-01-12,827.22
8609,2026-01-19,820.61
8609,2026-01-26,834.78
8609,2026-02-02,879.16
8609,2026-02-09,900.88
8609,2026-02-16,902.77
8609,2026-02-23,941.49
8609,2026-03-02,827.22
8609,2026-03-09,802.67
8609,2026-03-16,825.34
8609,2026-03-23,848.0
8609,2026-03-30,866.0
8609,2026-04-06,903.0
8609,2026-04-13,911.0
8609,2026-04-20,883.0
8609,2026-04-27,905.0
8609,2026-05-04,890.0
8609,2026-05-11,930.0
8609,2026-05-18,918.0
8609,2026-05-25,941.0
8609,2026-06-01,938.0
8609,2026-06-08,941.0
8609,2026-06-15,949.0
8609,2026-06-22,959.0
8609,2026-06-29,997.0
8609,2026-07-06,1016.0
8609,2026-07-13,1022.0
8609,2026-07-20,1056.0
8609,2026-07-27,1115.0
8609,2026-08-03,1115.0
8609,2026-08-10,1115.0
8609,2026-08-17,1157.0
8609,2026-08-24,1254.0
8609,2026-08-31,1238.0
8609,2026-09-07,1221.0
8609,2026-09-14,1261.0
8609,2026-09-21,1228.0
8876,2025-09-29,1631.21
8876,2025-10-06,1633.14
8876,2025-10-13,1616.74
8876,2025-10-20,1621.08
8876,2025-10-27,1599.85
8876,2025-11-03,1597.92
8876,2025-11-10,1715.16
8876,2025-11-17,1664.99
8876,2025-11-24,1654.86
8876,2025-12-01,1615.78
8876,2025-12-08,1623.49
8876,2025-12-15,1665.47
8876,2025-12-22,1677.05
8876,2025-12-29,1655.34
8876,2026-01-05,1692.49
8876,2026-01-12,1731.57
8876,2026-01-19,1747.01
8876,2026-01-26,1690.56
8876,2026-02-02,1724.81
8876,2026-02-09,1772.58
8876,2026-02-16,1785.6
8876,2026-02-23,1858.46
8876,2026-03-02,1860.87
8876,2026-03-09,1852.67
8876,2026-03-16,1891.26
8876,2026-03-23,1898.5
8876,2026-03-30,1998.0
8876,2026-04-06,1945.0
8876,2026-04-13,1974.0
8876,2026-04-20,1958.0
8876,2026-04-27,1927.0
8876,2026-05-04,1916.0
8876,2026-05-11,2034.5
8876,2026-05-18,1970.5
8876,2026-05-25,1841.5
8876,2026-06-01,1804.0
8876,2026-06-08,1816.0
8876,2026-06-15,1781.5
8876,2026-06-22,1887.0
8876,2026-06-29,2058.0
8876,2026-07-06,2089.0
8876,2026-07-13,2013.0
8876,2026-07-20,2000.5
8876,2026-07-27,2014.0
8876,2026-08-03,2132.5
8876,2026-08-10,2161.0
8876,2026-08-17,2162.0
8876,2026-08-24,2179.0
8876,2026-08-31,2261.5
8876,2026-09-07,2134.0
8876,2026-09-14,2282.0
8876,2026-09-21,2294.5
9081,2025-09-29,3608.54
9081,2025-10-06,3495.0
9081,2025-10-13,3524.62
9081,2025-10-20,3569.05
9081,2025-10-27,3465.38
9081,2025-11-03,3435.76
9081,2025-11-10,3485.13
9081,2025-11-17,3559.17
9081,2025-11-24,3643.09
9081,2025-12-01,3593.73
9081,2025-12-08,3707.27
9081,2025-12-15,3598.67
9081,2025-12-22,3682.58
9081,2025-12-29,3702.33
9081,2026-01-05,3751.69
9081,2026-01-12,3801.06
9081,2026-01-19,3712.2
9081,2026-01-26,3623.35
9081,2026-02-02,3564.11
9081,2026-02-09,3608.54
9081,2026-02-16,3598.67
9081,2026-02-23,3648.03
9081,2026-03-02,3559.17
9081,2026-03-09,3495.0
9081,2026-03-16,3652.97
9081,2026-03-23,3495.0
9081,2026-03-30,3570.0
9081,2026-04-06,3585.0
9081,2026-04-13,3540.0
9081,2026-04-20,3400.0
9081,2026-04-27,3285.0
9081,2026-05-04,3255.0
9081,2026-05-11,3255.0
9081,2026-05-18,3290.0
9081,2026-05-25,3320.0
9081,2026-06-01,3385.0
9081,2026-06-08,3520.0
9081,2026-06-15,3505.0
9081,2026-06-22,3570.0
9081,2026-06-29,3570.0
9081,2026-07-06,3650.0
9081,2026-07-13,3785.0
9081,2026-07-20,3865.0
9081,2026-07-27,3870.0
9081,2026-08-03,3765.0
9081,2026-08-10,3855.0
9081,2026-08-17,3950.0
9081,2026-08-24,4005.0
9081,2026-08-31,4000.0
9081,2026-09-07,4000.0
9081,2026-09-14,4065.0
9081,2026-09-21,4045.0
9110,2025-09-29,5023.33
9110,2025-10-06,5013.6
9110,2025-10-13,5072.01
9110,2025-10-20,5179.1
9110,2025-10-27,5364.06
9110,2025-11-03,5480.88
9110,2025-11-10,5393.27
9110,2025-11-17,5529.56
9110,2025-11-24,5821.61
9110,2025-12-01,6055.26
9110,2025-12-08,6201.29
9110,2025-12-15,5889.76
9110,2025-12-22,5957.91
9110,2025-12-29,5938.44
9110,2026-01-05,6483.6
9110,2026-01-12,6503.07
9110,2026-01-19,6688.04
9110,2026-01-26,6707.51
9110,2026-02-02,7184.53
9110,2026-02-09,7281.89
9110,2026-02-16,7447.38
9110,2026-02-23,7447.38
9110,2026-03-02,6911.95
9110,2026-03-09,6882.75
9110,2026-03-16,7466.85
9110,2026-03-23,7535.0
9110,2026-03-30,7550.0
9110,2026-04-06,7500.0
9110,2026-04-13,7380.0
9110,2026-04-20,7070.0
9110,2026-04-27,7850.0
9110,2026-05-04,8010.0
9110,2026-05-11,7940.0
9110,2026-05-18,7560.0
9110,2026-05-25,7820.0
9110,2026-06-01,7490.0
9110,2026-06-08,7060.0
9110,2026-06-15,6870.0
9110,2026-06-22,6660.0
9110,2026-06-29,6690.0
9110,2026-07-06,6710.0
9110,2026-07-13,7010.0
9110,2026-07-20,7360.0
9110,2026-07-27,8040.0
9110,2026-08-03,10450.0
9110,2026-08-10,10440.0
9110,2026-08-17,10440.0
9110,2026-08-24,10480.0
9110,2026-08-31,10490.0
9110,2026-09-07,10480.0
9110,2026-09-14,10510.0
9110,2026-09-21,10510.0
9236,2025-09-29,1028.0
9236,2025-10-06,1021.0
9236,2025-10-13,1007.0
9236,2025-10-20,1019.0
9236,2025-10-27,1005.0
9236,2025-11-03,1030.0
9236,2025-11-10,1027.0
9236,2025-11-17,1070.0
9236,2025-11-24,1078.0
9236,2025-12-01,1015.0
9236,2025-12-08,980.0
9236,2025-12-15,982.0
9236,2025-12-22,990.0
9236,2025-12-29,1004.0
9236,2026-01-05,1026.0
9236,2026-01-12,1007.0
9236,2026-01-19,1049.0
9236,2026-01-26,1011.0
9236,2026-02-02,1001.0
9236,2026-02-09,993.0
9236,2026-02-16,1010.0
9236,2026-02-23,1000.0
9236,2026-03-02,1008.0
9236,2026-03-09,988.0
9236,2026-03-16,1001.0
9236,2026-03-23,1015.0
9236,2026-03-30,1015.0
9236,2026-04-06,1240.0
9236,2026-04-13,1126.0
9236,2026-04-20,1252.0
9236,2026-04-27,1150.0
9236,2026-05-04,1200.0
9236,2026-05-11,1190.0
9236,2026-05-18,1185.0
9236,2026-05-25,1185.0
9236,2026-06-01,989.0
9236,2026-06-08,1104.0
9236,2026-06-15,1000.0
9236,2026-06-22,1015.0
9236,2026-06-29,1025.0
9236,2026-07-06,1026.0
9236,2026-07-13,1025.0
9236,2026-07-20,1080.0
9236,2026-07-27,1235.0
9236,2026-08-03,1172.0
9236,2026-08-10,1304.0
9236,2026-08-17,1299.0
9236,2026-08-24,1401.0
9236,2026-08-31,1404.0
9236,2026-09-07,1421.0
9236,2026-09-14,1385.0
9236,2026-09-21,1494.0
9244,2025-09-29,972.0
9244,2025-10-06,955.0
9244,2025-10-13,950.0
9244,2025-10-20,988.0
9244,2025-10-27,951.0
9244,2025-11-03,912.0
9244,2025-11-10,974.0
9244,2025-11-17,868.0
9244,2025-11-24,895.0
9244,2025-12-01,871.0
9244,2025-12-08,873.0
9244,2025-12-15,913.0
9244,2025-12-22,904.0
9244,2025-12-29,931.0
9244,2026-01-05,968.0
9244,2026-01-12,1009.0
9244,2026-01-19,1028.0
9244,2026-01-26,1014.0
9244,2026-02-02,999.0
9244,2026-02-09,1056.0
9244,2026-02-16,1014.0
9244,2026-02-23,1020.0
9244,2026-03-02,986.0
9244,2026-03-09,950.0
9244,2026-03-16,945.0
9244,2026-03-23,1023.0
9244,2026-03-30,997.0
9244,2026-04-06,1010.0
9244,2026-04-13,1029.0
9244,2026-04-20,1019.0
9244,2026-04-27,1048.0
9244,2026-05-04,1033.0
9244,2026-05-11,971.0
9244,2026-05-18,1063.0
9244,2026-05-25,1049.0
9244,2026-06-01,1043.0
9244,2026-06-08,1008.0
9244,2026-06-15,1020.0
9244,2026-06-22,1164.0
9244,2026-06-29,1240.0
9244,2026-07-06,1270.0
9244,2026-07-13,1196.0
9244,2026-07-20,1178.0
9244,2026-07-27,1271.0
9244,2026-08-03,1283.0
9244,2026-08-10,1205.0
9244,2026-08-17,1267.0
9244,2026-08-24,1386.0
9244,2026-08-31,1432.0
9244,2026-09-07,1398.0
9244,2026-09-14,1447.0
9244,2026-09-21,1492.0
9249,2025-09-29,1502.66
9249,2025-10-06,1499.67
9249,2025-10-13,1497.68
9249,2025-10-20,1508.62
9249,2025-10-27,1503.65
9249,2025-11-03,1497.68
9249,2025-11-10,1503.65
9249,2025-11-17,1491.72
9249,2025-11-24,1573.27
9249,2025-12-01,1546.41
9249,2025-12-08,1535.47
9249,2025-12-15,1527.52
9249,2025-12-22,1540.45
9249,2025-12-29,1540.45
9249,2026-01-05,1590.17
9249,2026-01-12,1573.27
9249,2026-01-19,1583.21
9249,2026-01-26,1579.23
9249,2026-02-02,1586.19
9249,2026-02-09,1573.27
9249,2026-02-16,1580.23
9249,2026-02-23,1630.94
9249,2026-03-02,1606.08
9249,2026-03-09,1621.99
9249,2026-03-16,1625.97
9249,2026-03-23,1621.0
9249,2026-03-30,1538.0
9249,2026-04-06,1533.0
9249,2026-04-13,1522.0
9249,2026-04-20,1543.0
9249,2026-04-27,1545.0
9249,2026-05-04,1546.0
9249,2026-05-11,1553.0
9249,2026-05-18,1580.0
9249,2026-05-25,1570.0
9249,2026-06-01,1577.0
9249,2026-06-08,1590.0
9249,2026-06-15,1601.0
9249,2026-06-22,1581.0
9249,2026-06-29,1623.0
9249,2026-07-06,1643.0
9249,2026-07-13,1630.0
9249,2026-07-20,1630.0
9249,2026-07-27,1631.0
9249,2026-08-03,1649.0
9249,2026-08-10,1648.0
9249,2026-08-17,1663.0
9249,2026-08-24,1664.0
9249,2026-08-31,1676.0
9249,2026-09-07,1632.0
9249,2026-09-14,1667.0
9249,2026-09-21,1658.0
9380,2025-09-29,333.01
9380,2025-10-06,339.92
9380,2025-10-13,345.85
9380,2025-10-20,349.81
9380,2025-10-27,350.79
9380,2025-11-03,344.86
9380,2025-11-10,350.79
9380,2025-11-17,354.75
9380,2025-11-24,368.58
9380,2025-12-01,372.53
9380,2025-12-08,370.56
9380,2025-12-15,367.59
9380,2025-12-22,372.53
9380,2025-12-29,375.5
9380,2026-01-05,402.18
9380,2026-01-12,418.98
9380,2026-01-19,413.05
9380,2026-01-26,411.07
9380,2026-02-02,418.98
9380,2026-02-09,423.92
9380,2026-02-16,417.0
9380,2026-02-23,420.95
9380,2026-03-02,434.79
9380,2026-03-09,424.91
9380,2026-03-16,429.85
9380,2026-03-23,417.0
9380,2026-03-30,410.0
9380,2026-04-06,408.0
9380,2026-04-13,403.0
9380,2026-04-20,392.0
9380,2026-04-27,390.0
9380,2026-05-04,394.0
9380,2026-05-11,401.0
9380,2026-05-18,408.0
9380,2026-05-25,410.0
9380,2026-06-01,415.0
9380,2026-06-08,406.0
9380,2026-06-15,403.0
9380,2026-06-22,405.0
9380,2026-06-29,418.0
9380,2026-07-06,407.0
9380,2026-07-13,416.0
9380,2026-07-20,418.0
9380,2026-07-27,416.0
9380,2026-08-03,417.0
9380,2026-08-10,431.0
9380,2026-08-17,438.0
9380,2026-08-24,438.0
9380,2026-08-31,437.0
9380,2026-09-07,437.0
9380,2026-09-14,438.0
9380,2026-09-21,443.0
9639,2025-09-29,2008.8
9639,2025-10-06,2006.84
9639,2025-10-13,1983.32
9639,2025-10-20,2001.94
9639,2025-10-27,1966.66
9639,2025-11-03,1955.88
9639,2025-11-10,1958.82
9639,2025-11-17,1958.82
9639,2025-11-24,1971.56
9639,2025-12-01,1970.58
9639,2025-12-08,1988.22
9639,2025-12-15,2061.71
9639,2025-12-22,2052.89
9639,2025-12-29,2085.23
9639,2026-01-05,2071.51
9639,2026-01-12,2093.07
9639,2026-01-19,2091.11
9639,2026-01-26,2084.25
9639,2026-02-02,2104.83
9639,2026-02-09,2113.65
9639,2026-02-16,2190.08
9639,2026-02-23,2227.32
9639,2026-03-02,2221.44
9639,2026-03-09,2191.06
9639,2026-03-16,2167.54
9639,2026-03-23,2194.0
9639,2026-03-30,2148.0
9639,2026-04-06,2163.0
9639,2026-04-13,2170.0
9639,2026-04-20,2160.0
9639,2026-04-27,2155.0
9639,2026-05-04,2130.0
9639,2026-05-11,2178.0
9639,2026-05-18,2149.0
9639,2026-05-25,2148.0
9639,2026-06-01,2139.0
9639,2026-06-08,2150.0
9639,2026-06-15,2222.0
9639,2026-06-22,2262.0
9639,2026-06-29,2289.0
9639,2026-07-06,2293.0
9639,2026-07-13,2259.0
9639,2026-07-20,2264.0
9639,2026-07-27,2304.0
9639,2026-08-03,2363.0
9639,2026-08-10,2345.0
9639,2026-08-17,2326.0
9639,2026-08-24,2341.0
9639,2026-08-31,2386.0
9639,2026-09-07,2352.0
9639,2026-09-14,2380.0
9639,2026-09-21,2383.0
