code,date,close
1438,2025-08-25,1897.24
1438,2025-09-01,1939.38
1438,2025-09-08,1956.04
1438,2025-09-15,1974.66
1438,2025-09-22,1917.82
1438,2025-09-29,1905.95
1438,2025-10-06,1927.71
1438,2025-10-13,1926.72
1438,2025-10-20,1910.9
1438,2025-10-27,1880.24
1438,2025-11-03,1879.25
1438,2025-11-10,1942.55
1438,2025-11-17,1839.68
1438,2025-11-24,1829.79
1438,2025-12-01,1833.75
1438,2025-12-08,1806.05
1438,2025-12-15,1802.1
1438,2025-12-22,1764.51
1438,2025-12-29,1795.17
1438,2026-01-05,1770.45
1438,2026-01-12,1772.43
1438,2026-01-19,1774.4
1438,2026-01-26,1755.61
1438,2026-02-02,1751.66
1438,2026-02-09,1790.23
1438,2026-02-16,1859.46
1438,2026-02-23,1862.43
1438,2026-03-02,1810.01
1438,2026-03-09,1828.8
1438,2026-03-16,1818.91
1438,2026-03-23,1811.0
1438,2026-03-30,1810.0
1438,2026-04-06,1849.0
1438,2026-04-13,1869.0
1438,2026-04-20,1910.0
1438,2026-04-27,1860.0
1438,2026-05-04,1863.0
1438,2026-05-11,1950.0
1438,2026-05-18,1899.0
1438,2026-05-25,1833.0
1438,2026-06-01,1856.0
1438,2026-06-08,1831.0
1438,2026-06-15,1872.0
1438,2026-06-22,1890.0
1438,2026-06-29,1879.0
1438,2026-07-06,1896.0
1438,2026-07-13,1871.0
1438,2026-07-20,1931.0
1438,2026-07-27,1965.0
1438,2026-08-03,2145.0
1438,2026-08-10,2187.0
1438,2026-08-17,2349.0
150A,2025-08-25,471.0
150A,2025-09-01,445.0
150A,2025-09-08,435.0
150A,2025-09-15,448.0
150A,2025-09-22,452.0
150A,2025-09-29,440.0
150A,2025-10-06,439.0
150A,2025-10-13,429.0
150A,2025-10-20,422.0
150A,2025-10-27,424.0
150A,2025-11-03,417.0
150A,2025-11-10,413.0
150A,2025-11-17,415.0
150A,2025-11-24,420.0
150A,2025-12-01,415.0
150A,2025-12-08,412.0
150A,2025-12-15,415.0
150A,2025-12-22,409.0
150A,2025-12-29,405.0
150A,2026-01-05,409.0
150A,2026-01-12,405.0
150A,2026-01-19,403.0
150A,2026-01-26,415.0
150A,2026-02-02,403.0
150A,2026-02-09,407.0
150A,2026-02-16,401.0
150A,2026-02-23,402.0
150A,2026-03-02,403.0
150A,2026-03-09,391.0
150A,2026-03-16,368.0
150A,2026-03-23,346.0
150A,2026-03-30,360.0
150A,2026-04-06,370.0
150A,2026-04-13,383.0
150A,2026-04-20,360.0
150A,2026-04-27,365.0
150A,2026-05-04,360.0
150A,2026-05-11,357.0
150A,2026-05-18,373.0
150A,2026-05-25,365.0
150A,2026-06-01,348.0
150A,2026-06-08,336.0
150A,2026-06-15,342.0
150A,2026-06-22,343.0
150A,2026-06-29,357.0
150A,2026-07-06,360.0
150A,2026-07-13,542.0
150A,2026-07-20,556.0
150A,2026-07-27,425.0
150A,2026-08-03,473.0
150A,2026-08-10,619.0
150A,2026-08-17,764.0
1879,2025-08-25,1823.44
1879,2025-09-01,1852.41
1879,2025-09-08,1869.79
1879,2025-09-15,1785.77
1879,2025-09-22,1813.78
1879,2025-09-29,1768.63
1879,2025-10-06,1750.96
1879,2025-10-13,1785.31
1879,2025-10-20,1801.02
1879,2025-10-27,1740.17
1879,2025-11-03,1772.56
1879,2025-11-10,1785.31
1879,2025-11-17,1849.11
1879,2025-11-24,1930.57
1879,2025-12-01,1852.06
1879,2025-12-08,1908.98
1879,2025-12-15,1990.44
1879,2025-12-22,1986.52
1879,2025-12-29,1997.31
1879,2026-01-05,2025.78
1879,2026-01-12,2101.35
1879,2026-01-19,2065.04
1879,2026-01-26,1958.06
1879,2026-02-02,2033.63
1879,2026-02-09,2026.76
1879,2026-02-16,2021.85
1879,2026-02-23,2160.24
1879,2026-03-02,1987.5
1879,2026-03-09,1958.06
1879,2026-03-16,1937.44
1879,2026-03-23,1961.0
1879,2026-03-30,1963.0
1879,2026-04-06,2019.0
1879,2026-04-13,1953.0
1879,2026-04-20,1924.0
1879,2026-04-27,1934.0
1879,2026-05-04,1928.0
1879,2026-05-11,2256.0
1879,2026-05-18,2280.0
1879,2026-05-25,2262.0
1879,2026-06-01,2210.0
1879,2026-06-08,2241.0
1879,2026-06-15,2199.0
1879,2026-06-22,2097.0
1879,2026-06-29,2119.0
1879,2026-07-06,2094.0
1879,2026-07-13,2034.0
1879,2026-07-20,2061.0
1879,2026-07-27,2112.0
1879,2026-08-03,2243.0
1879,2026-08-10,2293.0
1879,2026-08-17,2334.0
1899,2025-08-25,2848.2
1899,2025-09-01,3186.69
1899,2025-09-08,3239.89
1899,2025-09-15,3177.02
1899,2025-09-22,3380.12
1899,2025-09-29,3225.38
1899,2025-10-06,3264.06
1899,2025-10-13,3331.76
1899,2025-10-20,3389.79
1899,2025-10-27,3326.93
1899,2025-11-03,3438.15
1899,2025-11-10,3510.68
1899,2025-11-17,3660.59
1899,2025-11-24,3849.18
1899,2025-12-01,3742.79
1899,2025-12-08,3776.64
1899,2025-12-15,3747.63
1899,2025-12-22,3825.0
1899,2025-12-29,3760.0
1899,2026-01-05,3985.0
1899,2026-01-12,4115.0
1899,2026-01-19,4125.0
1899,2026-01-26,3900.0
1899,2026-02-02,4175.0
1899,2026-02-09,3710.0
1899,2026-02-16,3680.0
1899,2026-02-23,3925.0
1899,2026-03-02,3785.0
1899,2026-03-09,3795.0
1899,2026-03-16,3965.0
1899,2026-03-23,4155.0
1899,2026-03-30,4315.0
1899,2026-04-06,4290.0
1899,2026-04-13,4105.0
1899,2026-04-20,4070.0
1899,2026-04-27,4215.0
1899,2026-05-04,4215.0
1899,2026-05-11,4090.0
1899,2026-05-18,3785.0
1899,2026-05-25,3745.0
1899,2026-06-01,3675.0
1899,2026-06-08,3620.0
1899,2026-06-15,3970.0
1899,2026-06-22,3785.0
1899,2026-06-29,3655.0
1899,2026-07-06,3760.0
1899,2026-07-13,3720.0
1899,2026-07-20,3900.0
1899,2026-07-27,3870.0
1899,2026-08-03,4440.0
1899,2026-08-10,4895.0
1899,2026-08-17,4875.0
2004,2025-08-25,2888.92
2004,2025-09-01,2923.66
2004,2025-09-08,2986.38
2004,2025-09-15,3000.85
2004,2025-09-22,3053.92
2004,2025-09-29,2946.08
2004,2025-10-06,2941.18
2004,2025-10-13,2975.49
2004,2025-10-20,3019.61
2004,2025-10-27,2885.29
2004,2025-11-03,2937.25
2004,2025-11-10,2946.08
2004,2025-11-17,2990.2
2004,2025-11-24,3044.12
2004,2025-12-01,2799.02
2004,2025-12-08,2811.76
2004,2025-12-15,2815.69
2004,2025-12-22,2941.18
2004,2025-12-29,2955.88
2004,2026-01-05,3024.51
2004,2026-01-12,3068.63
2004,2026-01-19,3171.57
2004,2026-01-26,3088.24
2004,2026-02-02,3210.78
2004,2026-02-09,3299.02
2004,2026-02-16,3318.63
2004,2026-02-23,3357.84
2004,2026-03-02,3269.61
2004,2026-03-09,3191.18
2004,2026-03-16,3196.08
2004,2026-03-23,3250.0
2004,2026-03-30,3255.0
2004,2026-04-06,3180.0
2004,2026-04-13,3210.0
2004,2026-04-20,3070.0
2004,2026-04-27,3010.0
2004,2026-05-04,3010.0
2004,2026-05-11,3160.0
2004,2026-05-18,3160.0
2004,2026-05-25,3180.0
2004,2026-06-01,3175.0
2004,2026-06-08,3315.0
2004,2026-06-15,3285.0
2004,2026-06-22,3400.0
2004,2026-06-29,3375.0
2004,2026-07-06,3485.0
2004,2026-07-13,3540.0
2004,2026-07-20,3475.0
2004,2026-07-27,3550.0
2004,2026-08-03,3540.0
2004,2026-08-10,3605.0
2004,2026-08-17,3670.0
2109,2025-08-25,3126.98
2109,2025-09-01,3203.95
2109,2025-09-08,3184.71
2109,2025-09-15,3189.52
2109,2025-09-22,3218.38
2109,2025-09-29,3090.82
2109,2025-10-06,3071.2
2109,2025-10-13,3110.45
2109,2025-10-20,3144.79
2109,2025-10-27,2977.98
2109,2025-11-03,3061.39
2109,2025-11-10,3159.51
2109,2025-11-17,3238.01
2109,2025-11-24,3257.63
2109,2025-12-01,3144.79
2109,2025-12-08,3134.98
2109,2025-12-15,3193.85
2109,2025-12-22,3247.82
2109,2025-12-29,3267.44
2109,2026-01-05,3311.6
2109,2026-01-12,3341.03
2109,2026-01-19,3414.62
2109,2026-01-26,3291.97
2109,2026-02-02,3350.85
2109,2026-02-09,3448.97
2109,2026-02-16,3395.0
2109,2026-02-23,3483.31
2109,2026-03-02,3360.66
2109,2026-03-09,3316.5
2109,2026-03-16,3301.78
2109,2026-03-23,3395.0
2109,2026-03-30,3470.0
2109,2026-04-06,3515.0
2109,2026-04-13,3450.0
2109,2026-04-20,3335.0
2109,2026-04-27,3300.0
2109,2026-05-04,3255.0
2109,2026-05-11,3290.0
2109,2026-05-18,3285.0
2109,2026-05-25,3250.0
2109,2026-06-01,3210.0
2109,2026-06-08,3230.0
2109,2026-06-15,3220.0
2109,2026-06-22,3225.0
2109,2026-06-29,3295.0
2109,2026-07-06,3315.0
2109,2026-07-13,3355.0
2109,2026-07-20,3370.0
2109,2026-07-27,3430.0
2109,2026-08-03,3465.0
2109,2026-08-10,3515.0
2109,2026-08-17,3600.0
2121,2025-08-25,3139.86
2121,2025-09-01,3144.65
2121,2025-09-08,3197.38
2121,2025-09-15,3163.82
2121,2025-09-22,3082.33
2121,2025-09-29,3155.6
2121,2025-10-06,3062.79
2121,2025-10-13,2984.64
2121,2025-10-20,3092.1
2121,2025-10-27,3043.25
2121,2025-11-03,2979.75
2121,2025-11-10,2945.56
2121,2025-11-17,2830.27
2121,2025-11-24,2830.27
2121,2025-12-01,2710.11
2121,2025-12-08,2681.78
2121,2025-12-15,2645.63
2121,2025-12-22,2662.24
2121,2025-12-29,2664.19
2121,2026-01-05,2716.95
2121,2026-01-12,2682.75
2121,2026-01-19,2699.36
2121,2026-01-26,2654.42
2121,2026-02-02,2556.72
2121,2026-02-09,2542.07
2121,2026-02-16,2554.77
2121,2026-02-23,2623.16
2121,2026-03-02,2565.52
2121,2026-03-09,2586.03
2121,2026-03-16,2555.75
2121,2026-03-23,2545.0
2121,2026-03-30,2540.0
2121,2026-04-06,2528.0
2121,2026-04-13,2645.0
2121,2026-04-20,2520.0
2121,2026-04-27,2595.0
2121,2026-05-04,2603.0
2121,2026-05-11,2662.0
2121,2026-05-18,2676.0
2121,2026-05-25,2643.0
2121,2026-06-01,2694.0
2121,2026-06-08,2667.0
2121,2026-06-15,2588.0
2121,2026-06-22,2619.0
2121,2026-06-29,2813.0
2121,2026-07-06,2933.0
2121,2026-07-13,2958.0
2121,2026-07-20,2827.0
2121,2026-07-27,2896.0
2121,2026-08-03,3275.0
2121,2026-08-10,3325.0
2121,2026-08-17,3430.0
2207,2025-08-25,2087.03
2207,2025-09-01,2142.86
2207,2025-09-08,2248.63
2207,2025-09-15,2204.56
2207,2025-09-22,2232.96
2207,2025-09-29,2115.38
2207,2025-10-06,2076.85
2207,2025-10-13,2095.62
2207,2025-10-20,2104.51
2207,2025-10-27,2106.49
2207,2025-11-03,2143.05
2207,2025-11-10,2172.69
2207,2025-11-17,2171.7
2207,2025-11-24,2333.74
2207,2025-12-01,2279.39
2207,2025-12-08,2324.84
2207,2025-12-15,2322.87
2207,2025-12-22,2331.76
2207,2025-12-29,2383.14
2207,2026-01-05,2489.85
2207,2026-01-12,2471.07
2207,2026-01-19,2485.89
2207,2026-01-26,2533.32
2207,2026-02-02,2567.9
2207,2026-02-09,2537.27
2207,2026-02-16,2551.1
2207,2026-02-23,2705.24
2207,2026-03-02,2815.9
2207,2026-03-09,2834.67
2207,2026-03-16,2871.23
2207,2026-03-23,2890.0
2207,2026-03-30,3095.0
2207,2026-04-06,3070.0
2207,2026-04-13,3260.0
2207,2026-04-20,3205.0
2207,2026-04-27,3280.0
2207,2026-05-04,3275.0
2207,2026-05-11,3090.0
2207,2026-05-18,3015.0
2207,2026-05-25,3000.0
2207,2026-06-01,2943.0
2207,2026-06-08,2946.0
2207,2026-06-15,3015.0
2207,2026-06-22,3160.0
2207,2026-06-29,3195.0
2207,2026-07-06,3110.0
2207,2026-07-13,3130.0
2207,2026-07-20,3155.0
2207,2026-07-27,3195.0
2207,2026-08-03,3245.0
2207,2026-08-10,3625.0
2207,2026-08-17,3710.0
2613,2025-08-25,1964.04
2613,2025-09-01,2009.47
2613,2025-09-08,2002.71
2613,2025-09-15,2014.3
2613,2025-09-22,2052.0
2613,2025-09-29,1993.03
2613,2025-10-06,1969.45
2613,2025-10-13,1982.22
2613,2025-10-20,2014.66
2613,2025-10-27,1982.22
2613,2025-11-03,1957.66
2613,2025-11-10,1960.6
2613,2025-11-17,1981.24
2613,2025-11-24,2001.88
2613,2025-12-01,1934.07
2613,2025-12-08,1916.38
2613,2025-12-15,1945.86
2613,2025-12-22,1974.36
2613,2025-12-29,1968.47
2613,2026-01-05,2000.9
2613,2026-01-12,2007.78
2613,2026-01-19,2003.84
2613,2026-01-26,1992.05
2613,2026-02-02,2003.84
2613,2026-02-09,2021.53
2613,2026-02-16,2003.84
2613,2026-02-23,2059.86
2613,2026-03-02,2009.74
2613,2026-03-09,1957.66
2613,2026-03-16,1959.62
2613,2026-03-23,1995.0
2613,2026-03-30,2055.0
2613,2026-04-06,2057.0
2613,2026-04-13,2036.0
2613,2026-04-20,1960.0
2613,2026-04-27,1962.0
2613,2026-05-04,1946.0
2613,2026-05-11,1993.0
2613,2026-05-18,1994.0
2613,2026-05-25,1977.0
2613,2026-06-01,1975.0
2613,2026-06-08,2075.0
2613,2026-06-15,2023.0
2613,2026-06-22,2053.0
2613,2026-06-29,2066.0
2613,2026-07-06,2096.0
2613,2026-07-13,2103.0
2613,2026-07-20,2067.0
2613,2026-07-27,2086.0
2613,2026-08-03,2068.0
2613,2026-08-10,2141.0
2613,2026-08-17,2175.0
2654,2025-08-25,392.98
2654,2025-09-01,395.9
2654,2025-09-08,396.88
2654,2025-09-15,397.85
2654,2025-09-22,405.65
2654,2025-09-29,354.95
2654,2025-10-06,356.9
2654,2025-10-13,357.87
2654,2025-10-20,356.9
2654,2025-10-27,351.04
2654,2025-11-03,365.67
2654,2025-11-10,374.45
2654,2025-11-17,374.45
2654,2025-11-24,384.2
2654,2025-12-01,379.32
2654,2025-12-08,380.3
2654,2025-12-15,383.22
2654,2025-12-22,379.32
2654,2025-12-29,379.32
2654,2026-01-05,384.2
2654,2026-01-12,383.22
2654,2026-01-19,390.05
2654,2026-01-26,389.07
2654,2026-02-02,389.07
2654,2026-02-09,396.88
2654,2026-02-16,392.0
2654,2026-02-23,399.8
2654,2026-03-02,396.88
2654,2026-03-09,392.0
2654,2026-03-16,399.8
2654,2026-03-23,392.0
2654,2026-03-30,400.0
2654,2026-04-06,401.0
2654,2026-04-13,404.0
2654,2026-04-20,400.0
2654,2026-04-27,396.0
2654,2026-05-04,400.0
2654,2026-05-11,395.0
2654,2026-05-18,396.0
2654,2026-05-25,398.0
2654,2026-06-01,390.0
2654,2026-06-08,390.0
2654,2026-06-15,394.0
2654,2026-06-22,390.0
2654,2026-06-29,399.0
2654,2026-07-06,401.0
2654,2026-07-13,398.0
2654,2026-07-20,400.0
2654,2026-07-27,406.0
2654,2026-08-03,410.0
2654,2026-08-10,416.0
2654,2026-08-17,424.0
2664,2025-08-25,2713.84
2664,2025-09-01,2766.1
2664,2025-09-08,2799.98
2664,2025-09-15,2791.27
2664,2025-09-22,2851.27
2664,2025-09-29,2804.82
2664,2025-10-06,2840.63
2664,2025-10-13,2831.92
2664,2025-10-20,2855.14
2664,2025-10-27,2873.53
2664,2025-11-03,2913.22
2664,2025-11-10,2888.05
2664,2025-11-17,2966.45
2664,2025-11-24,2927.73
2664,2025-12-01,2823.21
2664,2025-12-08,2795.14
2664,2025-12-15,2859.98
2664,2025-12-22,2918.05
2664,2025-12-29,2903.54
2664,2026-01-05,2932.57
2664,2026-01-12,2927.73
2664,2026-01-19,3000.32
2664,2026-01-26,3000.32
2664,2026-02-02,3029.36
2664,2026-02-09,3029.36
2664,2026-02-16,3029.36
2664,2026-02-23,3203.57
2664,2026-03-02,3000.32
2664,2026-03-09,2923.0
2664,2026-03-16,2991.0
2664,2026-03-23,2997.0
2664,2026-03-30,3050.0
2664,2026-04-06,3030.0
2664,2026-04-13,2923.0
2664,2026-04-20,2815.0
2664,2026-04-27,3000.0
2664,2026-05-04,3045.0
2664,2026-05-11,3065.0
2664,2026-05-18,3120.0
2664,2026-05-25,3280.0
2664,2026-06-01,3350.0
2664,2026-06-08,3510.0
2664,2026-06-15,3480.0
2664,2026-06-22,3485.0
2664,2026-06-29,3390.0
2664,2026-07-06,3440.0
2664,2026-07-13,3380.0
2664,2026-07-20,3335.0
2664,2026-07-27,3325.0
2664,2026-08-03,3645.0
2664,2026-08-10,3770.0
2664,2026-08-17,3850.0
2705,2025-08-25,5443.94
2705,2025-09-01,5573.56
2705,2025-09-08,5713.15
2705,2025-09-15,5792.91
2705,2025-09-22,5862.71
2705,2025-09-29,5513.74
2705,2025-10-06,5503.76
2705,2025-10-13,5573.56
2705,2025-10-20,5683.24
2705,2025-10-27,5623.41
2705,2025-11-03,5812.85
2705,2025-11-10,5703.18
2705,2025-11-17,5723.12
2705,2025-11-24,5753.03
2705,2025-12-01,5772.97
2705,2025-12-08,5822.82
2705,2025-12-15,5812.85
2705,2025-12-22,5812.85
2705,2025-12-29,5892.62
2705,2026-01-05,6032.21
2705,2026-01-12,6381.18
2705,2026-01-19,6391.15
2705,2026-01-26,6530.74
2705,2026-02-02,6570.62
2705,2026-02-09,6780.0
2705,2026-02-16,7158.88
2705,2026-02-23,7537.76
2705,2026-03-02,7338.35
2705,2026-03-09,7009.32
2705,2026-03-16,6919.59
2705,2026-03-23,6780.0
2705,2026-03-30,6790.0
2705,2026-04-06,6930.0
2705,2026-04-13,6970.0
2705,2026-04-20,6890.0
2705,2026-04-27,6850.0
2705,2026-05-04,6750.0
2705,2026-05-11,7290.0
2705,2026-05-18,7890.0
2705,2026-05-25,7740.0
2705,2026-06-01,7000.0
2705,2026-06-08,7690.0
2705,2026-06-15,7050.0
2705,2026-06-22,7500.0
2705,2026-06-29,7700.0
2705,2026-07-06,8040.0
2705,2026-07-13,8050.0
2705,2026-07-20,8100.0
2705,2026-07-27,8580.0
2705,2026-08-03,8530.0
2705,2026-08-10,8440.0
2705,2026-08-17,8720.0
2734,2025-08-25,979.92
2734,2025-09-01,986.72
2734,2025-09-08,1001.27
2734,2025-09-15,1032.32
2734,2025-09-22,1103.14
2734,2025-09-29,1029.41
2734,2025-10-06,1030.38
2734,2025-10-13,1062.39
2734,2025-10-20,1060.45
2734,2025-10-27,1019.7
2734,2025-11-03,1039.11
2734,2025-11-10,1069.18
2734,2025-11-17,1079.86
2734,2025-11-24,1123.71
2734,2025-12-01,1059.75
2734,2025-12-08,1064.67
2734,2025-12-15,1071.56
2734,2025-12-22,1108.95
2734,2025-12-29,1115.84
2734,2026-01-05,1133.55
2734,2026-01-12,1063.69
2734,2026-01-19,1089.27
2734,2026-01-26,1089.27
2734,2026-02-02,1106.0
2734,2026-02-09,1153.23
2734,2026-02-16,1157.17
2734,2026-02-23,1202.43
2734,2026-03-02,1116.82
2734,2026-03-09,1038.1
2734,2026-03-16,1040.07
2734,2026-03-23,1040.07
2734,2026-03-30,1047.94
2734,2026-04-06,1060.73
2734,2026-04-13,1048.93
2734,2026-04-20,1019.41
2734,2026-04-27,1017.44
2734,2026-05-04,1022.36
2734,2026-05-11,993.82
2734,2026-05-18,982.02
2734,2026-05-25,968.0
2734,2026-06-01,979.0
2734,2026-06-08,1020.0
2734,2026-06-15,1048.0
2734,2026-06-22,1062.0
2734,2026-06-29,1093.0
2734,2026-07-06,1146.0
2734,2026-07-13,1155.0
2734,2026-07-20,1134.0
2734,2026-07-27,1146.0
2734,2026-08-03,1156.0
2734,2026-08-10,1199.0
2734,2026-08-17,1230.0
2737,2025-08-25,5989.78
2737,2025-09-01,6066.33
2737,2025-09-08,6267.27
2737,2025-09-15,6420.36
2737,2025-09-22,6496.91
2737,2025-09-29,6611.73
2737,2025-10-06,6831.8
2737,2025-10-13,6870.07
2737,2025-10-20,7233.67
2737,2025-10-27,9032.52
2737,2025-11-03,9558.78
2737,2025-11-10,10381.66
2737,2025-11-17,10075.47
2737,2025-11-24,11194.96
2737,2025-12-01,11166.26
2737,2025-12-08,11194.96
2737,2025-12-15,11204.53
2737,2025-12-22,12333.6
2737,2025-12-29,12658.92
2737,2026-01-05,12036.98
2737,2026-01-12,13060.79
2737,2026-01-19,13979.35
2737,2026-01-26,11233.24
2737,2026-02-02,11635.11
2737,2026-02-09,11922.16
2737,2026-02-16,12869.42
2737,2026-02-23,13395.68
2737,2026-03-02,12046.55
2737,2026-03-09,11816.91
2737,2026-03-16,11807.34
2737,2026-03-23,11970.0
2737,2026-03-30,11960.0
2737,2026-04-06,12100.0
2737,2026-04-13,11800.0
2737,2026-04-20,14620.0
2737,2026-04-27,15070.0
2737,2026-05-04,16420.0
2737,2026-05-11,14600.0
2737,2026-05-18,14990.0
2737,2026-05-25,13990.0
2737,2026-06-01,14680.0
2737,2026-06-08,14490.0
2737,2026-06-15,16130.0
2737,2026-06-22,18470.0
2737,2026-06-29,16730.0
2737,2026-07-06,15690.0
2737,2026-07-13,15120.0
2737,2026-07-20,16520.0
2737,2026-07-27,21150.0
2737,2026-08-03,28800.0
2737,2026-08-10,31400.0
2737,2026-08-17,30700.0
2788,2025-08-25,352.35
2788,2025-09-01,364.0
2788,2025-09-08,357.21
2788,2025-09-15,341.68
2788,2025-09-22,341.68
2788,2025-09-29,337.79
2788,2025-10-06,332.94
2788,2025-10-13,331.97
2788,2025-10-20,338.77
2788,2025-10-27,331.0
2788,2025-11-03,339.74
2788,2025-11-10,331.97
2788,2025-11-17,331.0
2788,2025-11-24,332.94
2788,2025-12-01,332.94
2788,2025-12-08,331.0
2788,2025-12-15,329.06
2788,2025-12-22,331.0
2788,2025-12-29,337.0
2788,2026-01-05,341.0
2788,2026-01-12,347.0
2788,2026-01-19,360.0
2788,2026-01-26,350.0
2788,2026-02-02,343.0
2788,2026-02-09,350.0
2788,2026-02-16,356.0
2788,2026-02-23,361.0
2788,2026-03-02,356.0
2788,2026-03-09,350.0
2788,2026-03-16,347.0
2788,2026-03-23,343.0
2788,2026-03-30,345.0
2788,2026-04-06,348.0
2788,2026-04-13,352.0
2788,2026-04-20,342.0
2788,2026-04-27,339.0
2788,2026-05-04,335.0
2788,2026-05-11,347.0
2788,2026-05-18,377.0
2788,2026-05-25,378.0
2788,2026-06-01,378.0
2788,2026-06-08,369.0
2788,2026-06-15,366.0
2788,2026-06-22,361.0
2788,2026-06-29,379.0
2788,2026-07-06,385.0
2788,2026-07-13,381.0
2788,2026-07-20,382.0
2788,2026-07-27,390.0
2788,2026-08-03,405.0
2788,2026-08-10,400.0
2788,2026-08-17,418.0
2798,2025-08-25,2898.0
2798,2025-09-01,2901.0
2798,2025-09-08,2912.0
2798,2025-09-15,2901.0
2798,2025-09-22,2930.0
2798,2025-09-29,2926.0
2798,2025-10-06,2914.0
2798,2025-10-13,2910.0
2798,2025-10-20,2915.0
2798,2025-10-27,2929.0
2798,2025-11-03,2901.0
2798,2025-11-10,2906.0
2798,2025-11-17,2897.0
2798,2025-11-24,2919.0
2798,2025-12-01,2907.0
2798,2025-12-08,2921.0
2798,2025-12-15,2936.0
2798,2025-12-22,2946.0
2798,2025-12-29,2974.0
2798,2026-01-05,2995.0
2798,2026-01-12,3010.0
2798,2026-01-19,2995.0
2798,2026-01-26,2983.0
2798,2026-02-02,3005.0
2798,2026-02-09,3010.0
2798,2026-02-16,3015.0
2798,2026-02-23,2910.0
2798,2026-03-02,2907.0
2798,2026-03-09,2938.0
2798,2026-03-16,2915.0
2798,2026-03-23,2924.0
2798,2026-03-30,2948.0
2798,2026-04-06,2959.0
2798,2026-04-13,2968.0
2798,2026-04-20,2975.0
2798,2026-04-27,2989.0
2798,2026-05-04,2993.0
2798,2026-05-11,2993.0
2798,2026-05-18,2985.0
2798,2026-05-25,2999.0
2798,2026-06-01,2988.0
2798,2026-06-08,2988.0
2798,2026-06-15,2990.0
2798,2026-06-22,2980.0
2798,2026-06-29,2998.0
2798,2026-07-06,3010.0
2798,2026-07-13,3015.0
2798,2026-07-20,3025.0
2798,2026-07-27,3020.0
2798,2026-08-03,3045.0
2798,2026-08-10,3065.0
2798,2026-08-17,3065.0
3131,2025-08-25,3065.36
3131,2025-09-01,2969.86
3131,2025-09-08,3199.05
3131,2025-09-15,3151.3
3131,2025-09-22,3199.05
3131,2025-09-29,3165.62
3131,2025-10-06,3194.27
3131,2025-10-13,2974.64
3131,2025-10-20,3070.13
3131,2025-10-27,3347.06
3131,2025-11-03,3318.41
3131,2025-11-10,2627.99
3131,2025-11-17,2520.08
3131,2025-11-24,2593.62
3131,2025-12-01,2561.15
3131,2025-12-08,2616.53
3131,2025-12-15,2559.24
3131,2025-12-22,2746.41
3131,2025-12-29,2767.41
3131,2026-01-05,2797.02
3131,2026-01-12,2826.62
3131,2026-01-19,2874.37
3131,2026-01-26,2898.24
3131,2026-02-02,2847.63
3131,2026-02-09,2776.01
3131,2026-02-16,2825.67
3131,2026-02-23,2950.76
3131,2026-03-02,2801.79
3131,2026-03-09,2674.79
3131,2026-03-16,2700.57
3131,2026-03-23,2755.0
3131,2026-03-30,2695.0
3131,2026-04-06,2731.0
3131,2026-04-13,2779.0
3131,2026-04-20,2744.0
3131,2026-04-27,2857.0
3131,2026-05-04,3055.0
3131,2026-05-11,3125.0
3131,2026-05-18,3200.0
3131,2026-05-25,3455.0
3131,2026-06-01,3655.0
3131,2026-06-08,3350.0
3131,2026-06-15,3615.0
3131,2026-06-22,3555.0
3131,2026-06-29,4025.0
3131,2026-07-06,3635.0
3131,2026-07-13,3375.0
3131,2026-07-20,3515.0
3131,2026-07-27,4100.0
3131,2026-08-03,4455.0
3131,2026-08-10,6880.0
3131,2026-08-17,6690.0
3167,2025-08-25,1015.79
3167,2025-09-01,1022.57
3167,2025-09-08,1028.38
3167,2025-09-15,1023.54
3167,2025-09-22,1046.78
3167,2025-09-29,984.8
3167,2025-10-06,982.83
3167,2025-10-13,987.75
3167,2025-10-20,1012.35
3167,2025-10-27,1004.48
3167,2025-11-03,1018.25
3167,2025-11-10,1025.14
3167,2025-11-17,1048.75
3167,2025-11-24,1063.51
3167,2025-12-01,1028.09
3167,2025-12-08,1036.94
3167,2025-12-15,1057.6
3167,2025-12-22,1062.52
3167,2025-12-29,1063.51
3167,2026-01-05,1061.54
3167,2026-01-12,1119.58
3167,2026-01-19,1148.11
3167,2026-01-26,1129.42
3167,2026-02-02,1160.9
3167,2026-02-09,1184.51
3167,2026-02-16,1185.5
3167,2026-02-23,1192.39
3167,2026-03-02,1154.02
3167,2026-03-09,1141.23
3167,2026-03-16,1138.28
3167,2026-03-23,1155.0
3167,2026-03-30,1172.0
3167,2026-04-06,1178.0
3167,2026-04-13,1187.0
3167,2026-04-20,1142.0
3167,2026-04-27,1133.0
3167,2026-05-04,1129.0
3167,2026-05-11,1130.0
3167,2026-05-18,1133.0
3167,2026-05-25,1105.0
3167,2026-06-01,1083.0
3167,2026-06-08,1124.0
3167,2026-06-15,1105.0
3167,2026-06-22,1143.0
3167,2026-06-29,1148.0
3167,2026-07-06,1149.0
3167,2026-07-13,1149.0
3167,2026-07-20,1140.0
3167,2026-07-27,1162.0
3167,2026-08-03,1219.0
3167,2026-08-10,1232.0
3167,2026-08-17,1251.0
3177,2025-08-25,3296.55
3177,2025-09-01,3306.19
3177,2025-09-08,3282.09
3177,2025-09-15,3286.91
3177,2025-09-22,3306.19
3177,2025-09-29,3257.99
3177,2025-10-06,3243.54
3177,2025-10-13,3229.08
3177,2025-10-20,3296.55
3177,2025-10-27,3248.36
3177,2025-11-03,3248.36
3177,2025-11-10,3277.27
3177,2025-11-17,3339.93
3177,2025-11-24,3339.93
3177,2025-12-01,3277.27
3177,2025-12-08,3335.11
3177,2025-12-15,3335.11
3177,2025-12-22,3344.75
3177,2025-12-29,3441.14
3177,2026-01-05,3441.14
3177,2026-01-12,3667.65
3177,2026-01-19,3662.83
3177,2026-01-26,3614.64
3177,2026-02-02,3725.49
3177,2026-02-09,3807.42
3177,2026-02-16,3711.03
3177,2026-02-23,3685.0
3177,2026-03-02,3600.0
3177,2026-03-09,3550.0
3177,2026-03-16,3415.0
3177,2026-03-23,3465.0
3177,2026-03-30,3435.0
3177,2026-04-06,3515.0
3177,2026-04-13,3605.0
3177,2026-04-20,3675.0
3177,2026-04-27,3625.0
3177,2026-05-04,3505.0
3177,2026-05-11,3505.0
3177,2026-05-18,3575.0
3177,2026-05-25,3405.0
3177,2026-06-01,3290.0
3177,2026-06-08,3440.0
3177,2026-06-15,3410.0
3177,2026-06-22,3545.0
3177,2026-06-29,3530.0
3177,2026-07-06,3595.0
3177,2026-07-13,3880.0
3177,2026-07-20,4085.0
3177,2026-07-27,4075.0
3177,2026-08-03,4190.0
3177,2026-08-10,4235.0
3177,2026-08-17,4265.0
3187,2025-08-25,305.22
3187,2025-09-01,328.01
3187,2025-09-08,335.94
3187,2025-09-15,331.97
3187,2025-09-22,329.0
3187,2025-09-29,312.0
3187,2025-10-06,323.0
3187,2025-10-13,317.0
3187,2025-10-20,319.0
3187,2025-10-27,298.0
3187,2025-11-03,306.0
3187,2025-11-10,327.0
3187,2025-11-17,291.0
3187,2025-11-24,292.0
3187,2025-12-01,276.0
3187,2025-12-08,258.0
3187,2025-12-15,250.0
3187,2025-12-22,256.0
3187,2025-12-29,252.0
3187,2026-01-05,278.0
3187,2026-01-12,271.0
3187,2026-01-19,267.0
3187,2026-01-26,264.0
3187,2026-02-02,262.0
3187,2026-02-09,260.0
3187,2026-02-16,269.0
3187,2026-02-23,274.0
3187,2026-03-02,266.0
3187,2026-03-09,264.0
3187,2026-03-16,256.0
3187,2026-03-23,256.0
3187,2026-03-30,252.0
3187,2026-04-06,250.0
3187,2026-04-13,262.0
3187,2026-04-20,250.0
3187,2026-04-27,247.0
3187,2026-05-04,238.0
3187,2026-05-11,243.0
3187,2026-05-18,237.0
3187,2026-05-25,238.0
3187,2026-06-01,253.0
3187,2026-06-08,245.0
3187,2026-06-15,242.0
3187,2026-06-22,234.0
3187,2026-06-29,257.0
3187,2026-07-06,281.0
3187,2026-07-13,314.0
3187,2026-07-20,347.0
3187,2026-07-27,313.0
3187,2026-08-03,295.0
3187,2026-08-10,341.0
3187,2026-08-17,400.0
3276,2025-08-25,1263.21
3276,2025-09-01,1239.79
3276,2025-09-08,1272.0
3276,2025-09-15,1264.19
3276,2025-09-22,1309.1
3276,2025-09-29,1230.02
3276,2025-10-06,1242.71
3276,2025-10-13,1246.62
3276,2025-10-20,1267.12
3276,2025-10-27,1223.19
3276,2025-11-03,1222.21
3276,2025-11-10,1236.86
3276,2025-11-17,1251.5
3276,2025-11-24,1265.17
3276,2025-12-01,1224.17
3276,2025-12-08,1227.09
3276,2025-12-15,1257.36
3276,2025-12-22,1272.0
3276,2025-12-29,1290.0
3276,2026-01-05,1292.0
3276,2026-01-12,1294.0
3276,2026-01-19,1291.0
3276,2026-01-26,1280.0
3276,2026-02-02,1289.0
3276,2026-02-09,1332.0
3276,2026-02-16,1352.0
3276,2026-02-23,1375.0
3276,2026-03-02,1341.0
3276,2026-03-09,1330.0
3276,2026-03-16,1321.0
3276,2026-03-23,1328.0
3276,2026-03-30,1322.0
3276,2026-04-06,1329.0
3276,2026-04-13,1316.0
3276,2026-04-20,1292.0
3276,2026-04-27,1298.0
3276,2026-05-04,1281.0
3276,2026-05-11,1353.0
3276,2026-05-18,1323.0
3276,2026-05-25,1329.0
3276,2026-06-01,1315.0
3276,2026-06-08,1303.0
3276,2026-06-15,1310.0
3276,2026-06-22,1310.0
3276,2026-06-29,1329.0
3276,2026-07-06,1587.0
3276,2026-07-13,1781.0
3276,2026-07-20,1794.0
3276,2026-07-27,1822.0
3276,2026-08-03,2244.0
3276,2026-08-10,2245.0
3276,2026-08-17,2244.0
3551,2025-08-25,907.32
3551,2025-09-01,894.85
3551,2025-09-08,958.15
3551,2025-09-15,961.99
3551,2025-09-22,967.74
3551,2025-09-29,945.68
3551,2025-10-06,921.71
3551,2025-10-13,928.42
3551,2025-10-20,961.99
3551,2025-10-27,967.74
3551,2025-11-03,929.38
3551,2025-11-10,941.85
3551,2025-11-17,907.32
3551,2025-11-24,940.89
3551,2025-12-01,927.46
3551,2025-12-08,978.29
3551,2025-12-15,1009.94
3551,2025-12-22,1018.58
3551,2025-12-29,1041.59
3551,2026-01-05,1066.53
3551,2026-01-12,1089.55
3551,2026-01-19,1093.39
3551,2026-01-26,1071.33
3551,2026-02-02,1102.98
3551,2026-02-09,1170.12
3551,2026-02-16,1179.71
3551,2026-02-23,1193.13
3551,2026-03-02,1176.83
3551,2026-03-09,1143.26
3551,2026-03-16,1133.67
3551,2026-03-23,1079.0
3551,2026-03-30,1061.0
3551,2026-04-06,1080.0
3551,2026-04-13,1099.0
3551,2026-04-20,1079.0
3551,2026-04-27,1035.0
3551,2026-05-04,1020.0
3551,2026-05-11,1298.0
3551,2026-05-18,1339.0
3551,2026-05-25,1406.0
3551,2026-06-01,1320.0
3551,2026-06-08,1236.0
3551,2026-06-15,1400.0
3551,2026-06-22,1289.0
3551,2026-06-29,1320.0
3551,2026-07-06,1366.0
3551,2026-07-13,1431.0
3551,2026-07-20,1391.0
3551,2026-07-27,1367.0
3551,2026-08-03,1395.0
3551,2026-08-10,1585.0
3551,2026-08-17,1600.0
3676,2025-08-25,953.74
3676,2025-09-01,933.29
3676,2025-09-08,944.0
3676,2025-09-15,950.82
3676,2025-09-22,986.87
3676,2025-09-29,920.35
3676,2025-10-06,963.71
3676,2025-10-13,916.41
3676,2025-10-20,958.78
3676,2025-10-27,945.97
3676,2025-11-03,933.16
3676,2025-11-10,951.89
3676,2025-11-17,931.19
3676,2025-11-24,936.12
3676,2025-12-01,921.34
3676,2025-12-08,915.43
3676,2025-12-15,931.19
3676,2025-12-22,911.49
3676,2025-12-29,895.72
3676,2026-01-05,936.12
3676,2026-01-12,930.21
3676,2026-01-19,931.19
3676,2026-01-26,905.57
3676,2026-02-02,898.68
3676,2026-02-09,843.49
3676,2026-02-16,820.83
3676,2026-02-23,883.89
3676,2026-03-02,931.19
3676,2026-03-09,908.53
3676,2026-03-16,898.68
3676,2026-03-23,910.5
3676,2026-03-30,855.0
3676,2026-04-06,840.0
3676,2026-04-13,879.0
3676,2026-04-20,843.0
3676,2026-04-27,827.0
3676,2026-05-04,833.0
3676,2026-05-11,759.0
3676,2026-05-18,761.0
3676,2026-05-25,746.0
3676,2026-06-01,733.0
3676,2026-06-08,684.0
3676,2026-06-15,694.0
3676,2026-06-22,711.0
3676,2026-06-29,749.0
3676,2026-07-06,732.0
3676,2026-07-13,727.0
3676,2026-07-20,725.0
3676,2026-07-27,755.0
3676,2026-08-03,903.0
3676,2026-08-10,1058.0
3676,2026-08-17,1059.0
3753,2025-08-25,227.0
3753,2025-09-01,223.0
3753,2025-09-08,204.0
3753,2025-09-15,201.0
3753,2025-09-22,203.0
3753,2025-09-29,201.0
3753,2025-10-06,196.0
3753,2025-10-13,187.0
3753,2025-10-20,188.0
3753,2025-10-27,182.0
3753,2025-11-03,179.0
3753,2025-11-10,179.0
3753,2025-11-17,174.0
3753,2025-11-24,178.0
3753,2025-12-01,158.0
3753,2025-12-08,153.0
3753,2025-12-15,155.0
3753,2025-12-22,151.0
3753,2025-12-29,156.0
3753,2026-01-05,163.0
3753,2026-01-12,173.0
3753,2026-01-19,164.0
3753,2026-01-26,171.0
3753,2026-02-02,160.0
3753,2026-02-09,159.0
3753,2026-02-16,152.0
3753,2026-02-23,148.0
3753,2026-03-02,146.0
3753,2026-03-09,145.0
3753,2026-03-16,147.0
3753,2026-03-23,167.0
3753,2026-03-30,151.0
3753,2026-04-06,156.0
3753,2026-04-13,161.0
3753,2026-04-20,154.0
3753,2026-04-27,147.0
3753,2026-05-04,150.0
3753,2026-05-11,165.0
3753,2026-05-18,221.0
3753,2026-05-25,176.0
3753,2026-06-01,157.0
3753,2026-06-08,138.0
3753,2026-06-15,154.0
3753,2026-06-22,146.0
3753,2026-06-29,174.0
3753,2026-07-06,195.0
3753,2026-07-13,190.0
3753,2026-07-20,189.0
3753,2026-07-27,183.0
3753,2026-08-03,187.0
3753,2026-08-10,237.0
3753,2026-08-17,248.0
3778,2025-08-25,2999.27
3778,2025-09-01,2938.39
3778,2025-09-08,2875.51
3778,2025-09-15,3732.87
3778,2025-09-22,3393.52
3778,2025-09-29,3079.12
3778,2025-10-06,3258.77
3778,2025-10-13,3218.85
3778,2025-10-20,3398.51
3778,2025-10-27,3433.44
3778,2025-11-03,3143.99
3778,2025-11-10,3099.08
3778,2025-11-17,3004.26
3778,2025-11-24,3124.03
3778,2025-12-01,3049.17
3778,2025-12-08,3014.24
3778,2025-12-15,2910.44
3778,2025-12-22,2808.63
3778,2025-12-29,2774.7
3778,2026-01-05,2729.78
3778,2026-01-12,2799.65
3778,2026-01-19,2756.73
3778,2026-01-26,2652.93
3778,2026-02-02,2837.58
3778,2026-02-09,2848.56
3778,2026-02-16,2881.49
3778,2026-02-23,3014.24
3778,2026-03-02,2951.36
3778,2026-03-09,2787.67
3778,2026-03-16,2774.7
3778,2026-03-23,2617.0
3778,2026-03-30,2967.0
3778,2026-04-06,3050.0
3778,2026-04-13,3750.0
3778,2026-04-20,3645.0
3778,2026-04-27,3065.0
3778,2026-05-04,3215.0
3778,2026-05-11,3060.0
3778,2026-05-18,2913.0
3778,2026-05-25,3025.0
3778,2026-06-01,2878.0
3778,2026-06-08,2677.0
3778,2026-06-15,3150.0
3778,2026-06-22,2828.0
3778,2026-06-29,2816.0
3778,2026-07-06,2876.0
3778,2026-07-13,2783.0
3778,2026-07-20,2818.0
3778,2026-07-27,3075.0
3778,2026-08-03,3440.0
3778,2026-08-10,3870.0
3778,2026-08-17,4300.0
3843,2025-08-25,1579.58
3843,2025-09-01,1539.7
3843,2025-09-08,1600.01
3843,2025-09-15,1597.09
3843,2025-09-22,1639.89
3843,2025-09-29,1529.0
3843,2025-10-06,1506.63
3843,2025-10-13,1562.07
3843,2025-10-20,1552.35
3843,2025-10-27,1545.54
3843,2025-11-03,1539.7
3843,2025-11-10,1519.28
3843,2025-11-17,1550.4
3843,2025-11-24,1548.46
3843,2025-12-01,1523.17
3843,2025-12-08,1531.92
3843,2025-12-15,1588.33
3843,2025-12-22,1615.57
3843,2025-12-29,1647.67
3843,2026-01-05,1659.34
3843,2026-01-12,1677.82
3843,2026-01-19,1671.98
3843,2026-01-26,1601.95
3843,2026-02-02,1561.1
3843,2026-02-09,1531.92
3843,2026-02-16,1505.66
3843,2026-02-23,1556.24
3843,2026-03-02,1549.43
3843,2026-03-09,1509.55
3843,2026-03-16,1439.52
3843,2026-03-23,1452.16
3843,2026-03-30,1499.82
3843,2026-04-06,1506.63
3843,2026-04-13,1507.61
3843,2026-04-20,1448.27
3843,2026-04-27,1403.0
3843,2026-05-04,1405.0
3843,2026-05-11,1414.0
3843,2026-05-18,1369.0
3843,2026-05-25,1433.0
3843,2026-06-01,1441.0
3843,2026-06-08,1440.0
3843,2026-06-15,1483.0
3843,2026-06-22,1467.0
3843,2026-06-29,1502.0
3843,2026-07-06,1583.0
3843,2026-07-13,1579.0
3843,2026-07-20,1566.0
3843,2026-07-27,1562.0
3843,2026-08-03,1593.0
3843,2026-08-10,1695.0
3843,2026-08-17,1772.0
3950,2025-08-25,1147.95
3950,2025-09-01,1135.33
3950,2025-09-08,1131.44
3950,2025-09-15,1167.38
3950,2025-09-22,1169.32
3950,2025-09-29,1164.46
3950,2025-10-06,1180.0
3950,2025-10-13,1194.57
3950,2025-10-20,1204.28
3950,2025-10-27,1166.4
3950,2025-11-03,1170.29
3950,2025-11-10,1222.73
3950,2025-11-17,1222.73
3950,2025-11-24,1266.44
3950,2025-12-01,1220.79
3950,2025-12-08,1223.7
3950,2025-12-15,1231.47
3950,2025-12-22,1273.24
3950,2025-12-29,1275.21
3950,2026-01-05,1284.1
3950,2026-01-12,1290.03
3950,2026-01-19,1291.02
3950,2026-01-26,1279.16
3950,2026-02-02,1297.93
3950,2026-02-09,1331.51
3950,2026-02-16,1276.2
3950,2026-02-23,1321.64
3950,2026-03-02,1321.64
3950,2026-03-09,1303.86
3950,2026-03-16,1312.75
3950,2026-03-23,1308.79
3950,2026-03-30,1334.48
3950,2026-04-06,1340.4
3950,2026-04-13,1337.44
3950,2026-04-20,1275.21
3950,2026-04-27,1290.03
3950,2026-05-04,1314.72
3950,2026-05-11,1307.81
3950,2026-05-18,1321.64
3950,2026-05-25,1278.17
3950,2026-06-01,1226.81
3950,2026-06-08,1304.84
3950,2026-06-15,1343.37
3950,2026-06-22,1373.0
3950,2026-06-29,1358.0
3950,2026-07-06,1343.0
3950,2026-07-13,1421.0
3950,2026-07-20,1448.0
3950,2026-07-27,1451.0
3950,2026-08-03,1457.0
3950,2026-08-10,1467.0
3950,2026-08-17,1482.0
4025,2025-08-25,3522.86
4025,2025-09-01,3650.42
4025,2025-09-08,3831.96
4025,2025-09-15,3782.9
4025,2025-09-22,3861.4
4025,2025-09-29,3748.55
4025,2025-10-06,3709.3
4025,2025-10-13,3709.3
4025,2025-10-20,3694.58
4025,2025-10-27,3542.48
4025,2025-11-03,3616.08
4025,2025-11-10,3527.76
4025,2025-11-17,3503.23
4025,2025-11-24,3620.99
4025,2025-12-01,3473.79
4025,2025-12-08,3581.73
4025,2025-12-15,3743.65
4025,2025-12-22,3935.0
4025,2025-12-29,3825.0
4025,2026-01-05,4005.0
4025,2026-01-12,4105.0
4025,2026-01-19,4050.0
4025,2026-01-26,3925.0
4025,2026-02-02,4015.0
4025,2026-02-09,3735.0
4025,2026-02-16,3830.0
4025,2026-02-23,3900.0
4025,2026-03-02,3715.0
4025,2026-03-09,4020.0
4025,2026-03-16,4420.0
4025,2026-03-23,5100.0
4025,2026-03-30,4510.0
4025,2026-04-06,4460.0
4025,2026-04-13,4365.0
4025,2026-04-20,4505.0
4025,2026-04-27,4670.0
4025,2026-05-04,5180.0
4025,2026-05-11,5450.0
4025,2026-05-18,5220.0
4025,2026-05-25,5010.0
4025,2026-06-01,5430.0
4025,2026-06-08,5290.0
4025,2026-06-15,4700.0
4025,2026-06-22,4735.0
4025,2026-06-29,4960.0
4025,2026-07-06,4775.0
4025,2026-07-13,4855.0
4025,2026-07-20,5020.0
4025,2026-07-27,4965.0
4025,2026-08-03,6140.0
4025,2026-08-10,5810.0
4025,2026-08-17,6070.0
4076,2025-08-25,1445.41
4076,2025-09-01,1441.55
4076,2025-09-08,1465.64
4076,2025-09-15,1498.4
4076,2025-09-22,1535.02
4076,2025-09-29,1503.22
4076,2025-10-06,1658.36
4076,2025-10-13,1634.27
4076,2025-10-20,1625.6
4076,2025-10-27,1624.64
4076,2025-11-03,1553.33
4076,2025-11-10,1541.77
4076,2025-11-17,1575.49
4076,2025-11-24,1634.27
4076,2025-12-01,1589.95
4076,2025-12-08,1609.22
4076,2025-12-15,1640.05
4076,2025-12-22,1622.71
4076,2025-12-29,1652.58
4076,2026-01-05,1681.49
4076,2026-01-12,1703.65
4076,2026-01-19,1815.43
4076,2026-01-26,1694.02
4076,2026-02-02,1657.4
4076,2026-02-09,1619.82
4076,2026-02-16,1638.13
4076,2026-02-23,1647.76
4076,2026-03-02,1641.02
4076,2026-03-09,1638.13
4076,2026-03-16,1637.16
4076,2026-03-23,1625.6
4076,2026-03-30,1608.25
4076,2026-04-06,1704.62
4076,2026-04-13,1696.91
4076,2026-04-20,1644.87
4076,2026-04-27,1661.25
4076,2026-05-04,1709.43
4076,2026-05-11,1694.02
4076,2026-05-18,1656.43
4076,2026-05-25,1646.0
4076,2026-06-01,1623.0
4076,2026-06-08,1640.0
4076,2026-06-15,1680.0
4076,2026-06-22,1681.0
4076,2026-06-29,1693.0
4076,2026-07-06,1720.0
4076,2026-07-13,1824.0
4076,2026-07-20,1803.0
4076,2026-07-27,1818.0
4076,2026-08-03,1846.0
4076,2026-08-10,1951.0
4076,2026-08-17,1970.0
4196,2025-08-25,1476.0
4196,2025-09-01,1471.0
4196,2025-09-08,1485.0
4196,2025-09-15,1464.0
4196,2025-09-22,1399.0
4196,2025-09-29,1094.0
4196,2025-10-06,1113.0
4196,2025-10-13,1144.0
4196,2025-10-20,1158.0
4196,2025-10-27,1113.0
4196,2025-11-03,1114.0
4196,2025-11-10,1132.0
4196,2025-11-17,1143.0
4196,2025-11-24,1164.0
4196,2025-12-01,1178.0
4196,2025-12-08,1172.0
4196,2025-12-15,1158.0
4196,2025-12-22,1156.0
4196,2025-12-29,1166.0
4196,2026-01-05,1220.0
4196,2026-01-12,1218.0
4196,2026-01-19,1220.0
4196,2026-01-26,1287.0
4196,2026-02-02,1345.0
4196,2026-02-09,1349.0
4196,2026-02-16,1339.0
4196,2026-02-23,1354.0
4196,2026-03-02,1390.0
4196,2026-03-09,1439.0
4196,2026-03-16,1428.0
4196,2026-03-23,1423.0
4196,2026-03-30,1430.0
4196,2026-04-06,1446.0
4196,2026-04-13,1447.0
4196,2026-04-20,1437.0
4196,2026-04-27,1428.0
4196,2026-05-04,1424.0
4196,2026-05-11,1432.0
4196,2026-05-18,1450.0
4196,2026-05-25,1479.0
4196,2026-06-01,1575.0
4196,2026-06-08,1674.0
4196,2026-06-15,1699.0
4196,2026-06-22,1696.0
4196,2026-06-29,1695.0
4196,2026-07-06,1697.0
4196,2026-07-13,1686.0
4196,2026-07-20,1727.0
4196,2026-07-27,1853.0
4196,2026-08-03,1937.0
4196,2026-08-10,2010.0
4196,2026-08-17,1993.0
4221,2025-08-25,4723.55
4221,2025-09-01,5010.99
4221,2025-09-08,4972.66
4221,2025-09-15,5135.54
4221,2025-09-22,5317.59
4221,2025-09-29,5145.13
4221,2025-10-06,4982.24
4221,2025-10-13,4991.83
4221,2025-10-20,5355.91
4221,2025-10-27,4761.88
4221,2025-11-03,4766.67
4221,2025-11-10,5001.41
4221,2025-11-17,4661.27
4221,2025-11-24,4757.09
4221,2025-12-01,4642.11
4221,2025-12-08,4651.69
4221,2025-12-15,4680.44
4221,2025-12-22,4766.67
4221,2025-12-29,4756.89
4221,2026-01-05,4639.56
4221,2026-01-12,4796.0
4221,2026-01-19,4835.11
4221,2026-01-26,4659.11
4221,2026-02-02,4791.11
4221,2026-02-09,4869.33
4221,2026-02-16,4874.22
4221,2026-02-23,5123.56
4221,2026-03-02,4786.22
4221,2026-03-09,4629.78
4221,2026-03-16,4580.89
4221,2026-03-23,4654.22
4221,2026-03-30,4649.33
4221,2026-04-06,4727.56
4221,2026-04-13,4620.0
4221,2026-04-20,4444.0
4221,2026-04-27,4800.89
4221,2026-05-04,4918.22
4221,2026-05-11,4869.33
4221,2026-05-18,4673.78
4221,2026-05-25,4791.11
4221,2026-06-01,4761.78
4221,2026-06-08,4703.11
4221,2026-06-15,4898.67
4221,2026-06-22,4840.0
4221,2026-06-29,4875.0
4221,2026-07-06,4975.0
4221,2026-07-13,4920.0
4221,2026-07-20,5070.0
4221,2026-07-27,5550.0
4221,2026-08-03,5630.0
4221,2026-08-10,5690.0
4221,2026-08-17,5770.0
4246,2025-08-25,709.02
4246,2025-09-01,731.53
4246,2025-09-08,712.78
4246,2025-09-15,720.28
4246,2025-09-22,718.4
4246,2025-09-29,704.94
4246,2025-10-06,689.55
4246,2025-10-13,694.36
4246,2025-10-20,722.25
4246,2025-10-27,702.05
4246,2025-11-03,715.52
4246,2025-11-10,711.67
4246,2025-11-17,728.98
4246,2025-11-24,735.71
4246,2025-12-01,729.94
4246,2025-12-08,734.75
4246,2025-12-15,758.79
4246,2025-12-22,750.14
4246,2025-12-29,766.49
4246,2026-01-05,785.72
4246,2026-01-12,796.3
4246,2026-01-19,819.38
4246,2026-01-26,787.65
4246,2026-02-02,829.0
4246,2026-02-09,877.09
4246,2026-02-16,875.16
4246,2026-02-23,907.86
4246,2026-03-02,850.16
4246,2026-03-09,821.31
4246,2026-03-16,834.77
4246,2026-03-23,829.0
4246,2026-03-30,884.0
4246,2026-04-06,870.0
4246,2026-04-13,878.0
4246,2026-04-20,859.0
4246,2026-04-27,849.0
4246,2026-05-04,874.0
4246,2026-05-11,1069.0
4246,2026-05-18,1033.0
4246,2026-05-25,1092.0
4246,2026-06-01,1045.0
4246,2026-06-08,1003.0
4246,2026-06-15,1018.0
4246,2026-06-22,1005.0
4246,2026-06-29,1005.0
4246,2026-07-06,995.0
4246,2026-07-13,993.0
4246,2026-07-20,1005.0
4246,2026-07-27,1030.0
4246,2026-08-03,1089.0
4246,2026-08-10,1127.0
4246,2026-08-17,1143.0
428A,2025-10-06,622.0
428A,2025-10-13,723.0
428A,2025-10-20,707.0
428A,2025-10-27,679.0
428A,2025-11-03,685.0
428A,2025-11-10,690.0
428A,2025-11-17,682.0
428A,2025-11-24,689.0
428A,2025-12-01,682.0
428A,2025-12-08,679.0
428A,2025-12-15,739.0
428A,2025-12-22,773.0
428A,2025-12-29,825.0
428A,2026-01-05,831.0
428A,2026-01-12,860.0
428A,2026-01-19,892.0
428A,2026-01-26,870.0
428A,2026-02-02,837.0
428A,2026-02-09,838.0
428A,2026-02-16,839.0
428A,2026-02-23,813.0
428A,2026-03-02,810.0
428A,2026-03-09,811.0
428A,2026-03-16,810.0
428A,2026-03-23,838.0
428A,2026-03-30,883.0
428A,2026-04-06,881.0
428A,2026-04-13,908.0
428A,2026-04-20,906.0
428A,2026-04-27,945.0
428A,2026-05-04,999.0
428A,2026-05-11,1032.0
428A,2026-05-18,1048.0
428A,2026-05-25,1278.0
428A,2026-06-01,1189.0
428A,2026-06-08,1223.0
428A,2026-06-15,1186.0
428A,2026-06-22,1226.0
428A,2026-06-29,1270.0
428A,2026-07-06,1231.0
428A,2026-07-13,1386.0
428A,2026-07-20,1327.0
428A,2026-07-27,1360.0
428A,2026-08-03,1384.0
428A,2026-08-10,1401.0
428A,2026-08-17,1478.0
446A,2025-11-17,1467.0
446A,2025-11-24,1332.0
446A,2025-12-01,1355.0
446A,2025-12-08,1424.0
446A,2025-12-15,1464.0
446A,2025-12-22,1640.0
446A,2025-12-29,1782.0
446A,2026-01-05,1795.0
446A,2026-01-12,1579.0
446A,2026-01-19,1550.0
446A,2026-01-26,1579.0
446A,2026-02-02,1167.0
446A,2026-02-09,1110.0
446A,2026-02-16,1090.0
446A,2026-02-23,1082.0
446A,2026-03-02,1151.0
446A,2026-03-09,1231.0
446A,2026-03-16,1359.0
446A,2026-03-23,1255.0
446A,2026-03-30,1297.0
446A,2026-04-06,1358.0
446A,2026-04-13,1593.0
446A,2026-04-20,1365.0
446A,2026-04-27,1263.0
446A,2026-05-04,1367.0
446A,2026-05-11,1130.0
446A,2026-05-18,1233.0
446A,2026-05-25,1263.0
446A,2026-06-01,1391.0
446A,2026-06-08,1208.0
446A,2026-06-15,1178.0
446A,2026-06-22,1165.0
446A,2026-06-29,1325.0
446A,2026-07-06,1319.0
446A,2026-07-13,1640.0
446A,2026-07-20,1450.0
446A,2026-07-27,1573.0
446A,2026-08-03,1645.0
446A,2026-08-10,1840.0
446A,2026-08-17,1865.0
4471,2025-08-25,4129.99
4471,2025-09-01,4115.53
4471,2025-09-08,4076.98
4471,2025-09-15,4028.79
4471,2025-09-22,4096.26
4471,2025-09-29,3968.4
4471,2025-10-06,3992.99
4471,2025-10-13,3978.24
4471,2025-10-20,4214.28
4471,2025-10-27,4130.68
4471,2025-11-03,4263.45
4471,2025-11-10,4474.9
4471,2025-11-17,4440.48
4471,2025-11-24,4627.34
4471,2025-12-01,4578.17
4471,2025-12-08,4824.04
4471,2025-12-15,4858.47
4471,2025-12-22,5114.17
4471,2025-12-29,5133.84
4471,2026-01-05,5045.33
4471,2026-01-12,5438.73
4471,2026-01-19,5507.57
4471,2026-01-26,5428.89
4471,2026-02-02,5537.08
4471,2026-02-09,5812.46
4471,2026-02-16,5782.95
4471,2026-02-23,5861.63
4471,2026-03-02,5330.54
4471,2026-03-09,5153.51
4471,2026-03-16,5114.17
4471,2026-03-23,5065.0
4471,2026-03-30,4960.0
4471,2026-04-06,5220.0
4471,2026-04-13,5120.0
4471,2026-04-20,5030.0
4471,2026-04-27,4965.0
4471,2026-05-04,5130.0
4471,2026-05-11,5440.0
4471,2026-05-18,5110.0
4471,2026-05-25,5240.0
4471,2026-06-01,5180.0
4471,2026-06-08,5180.0
4471,2026-06-15,5110.0
4471,2026-06-22,5000.0
4471,2026-06-29,4920.0
4471,2026-07-06,4875.0
4471,2026-07-13,4865.0
4471,2026-07-20,4920.0
4471,2026-07-27,4865.0
4471,2026-08-03,6120.0
4471,2026-08-10,6350.0
4471,2026-08-17,6330.0
4599,2025-08-25,305.0
4599,2025-09-01,313.0
4599,2025-09-08,305.0
4599,2025-09-15,298.0
4599,2025-09-22,303.0
4599,2025-09-29,290.0
4599,2025-10-06,299.0
4599,2025-10-13,295.0
4599,2025-10-20,291.0
4599,2025-10-27,277.0
4599,2025-11-03,273.0
4599,2025-11-10,287.0
4599,2025-11-17,278.0
4599,2025-11-24,280.0
4599,2025-12-01,254.0
4599,2025-12-08,260.0
4599,2025-12-15,260.0
4599,2025-12-22,255.0
4599,2025-12-29,263.0
4599,2026-01-05,279.0
4599,2026-01-12,290.0
4599,2026-01-19,291.0
4599,2026-01-26,290.0
4599,2026-02-02,285.0
4599,2026-02-09,291.0
4599,2026-02-16,299.0
4599,2026-02-23,307.0
4599,2026-03-02,300.0
4599,2026-03-09,296.0
4599,2026-03-16,296.0
4599,2026-03-23,303.0
4599,2026-03-30,299.0
4599,2026-04-06,304.0
4599,2026-04-13,311.0
4599,2026-04-20,303.0
4599,2026-04-27,299.0
4599,2026-05-04,300.0
4599,2026-05-11,307.0
4599,2026-05-18,293.0
4599,2026-05-25,296.0
4599,2026-06-01,295.0
4599,2026-06-08,286.0
4599,2026-06-15,300.0
4599,2026-06-22,313.0
4599,2026-06-29,313.0
4599,2026-07-06,316.0
4599,2026-07-13,294.0
4599,2026-07-20,299.0
4599,2026-07-27,298.0
4599,2026-08-03,303.0
4599,2026-08-10,348.0
4599,2026-08-17,348.0
4619,2025-08-25,2031.78
4619,2025-09-01,2081.87
4619,2025-09-08,2082.81
4619,2025-09-15,2076.2
4619,2025-09-22,2051.63
4619,2025-09-29,2011.97
4619,2025-10-06,1994.56
4619,2025-10-13,2043.89
4619,2025-10-20,2055.5
4619,2025-10-27,2021.64
4619,2025-11-03,1995.52
4619,2025-11-10,2090.32
4619,2025-11-17,2120.3
4619,2025-11-24,2170.6
4619,2025-12-01,2112.57
4619,2025-12-08,2212.2
4619,2025-12-15,2256.69
4619,2025-12-22,2260.56
4619,2025-12-29,2258.63
4619,2026-01-05,2323.43
4619,2026-01-12,2370.83
4619,2026-01-19,2340.85
4619,2026-01-26,2266.36
4619,2026-02-02,2355.36
4619,2026-02-09,2312.79
4619,2026-02-16,2346.65
4619,2026-02-23,2461.76
4619,2026-03-02,2336.01
4619,2026-03-09,2252.82
4619,2026-03-16,2216.07
4619,2026-03-23,2218.0
4619,2026-03-30,2207.0
4619,2026-04-06,2216.0
4619,2026-04-13,2156.0
4619,2026-04-20,2096.0
4619,2026-04-27,2035.0
4619,2026-05-04,2079.0
4619,2026-05-11,2396.0
4619,2026-05-18,2408.0
4619,2026-05-25,2364.0
4619,2026-06-01,2273.0
4619,2026-06-08,2300.0
4619,2026-06-15,2331.0
4619,2026-06-22,2329.0
4619,2026-06-29,2389.0
4619,2026-07-06,2406.0
4619,2026-07-13,2385.0
4619,2026-07-20,2436.0
4619,2026-07-27,2471.0
4619,2026-08-03,2529.0
4619,2026-08-10,2740.0
4619,2026-08-17,2738.0
4623,2025-08-25,1670.06
4623,2025-09-01,1675.86
4623,2025-09-08,1684.55
4623,2025-09-15,1693.24
4623,2025-09-22,1690.34
4623,2025-09-29,1706.07
4623,2025-10-06,1697.22
4623,2025-10-13,1690.34
4623,2025-10-20,1694.28
4623,2025-10-27,1690.34
4623,2025-11-03,1689.36
4623,2025-11-10,1686.41
4623,2025-11-17,1692.31
4623,2025-11-24,1688.38
4623,2025-12-01,1681.5
4623,2025-12-08,1682.48
4623,2025-12-15,1685.43
4623,2025-12-22,1689.36
4623,2025-12-29,1694.28
4623,2026-01-05,1699.19
4623,2026-01-12,1710.0
4623,2026-01-19,1702.14
4623,2026-01-26,1702.14
4623,2026-02-02,1709.02
4623,2026-02-09,1712.95
4623,2026-02-16,1738.5
4623,2026-02-23,1730.64
4623,2026-03-02,1705.09
4623,2026-03-09,1695.26
4623,2026-03-16,1710.0
4623,2026-03-23,1710.0
4623,2026-03-30,1730.0
4623,2026-04-06,1732.0
4623,2026-04-13,1722.0
4623,2026-04-20,1711.0
4623,2026-04-27,1710.0
4623,2026-05-04,1706.0
4623,2026-05-11,1700.0
4623,2026-05-18,1710.0
4623,2026-05-25,1700.0
4623,2026-06-01,1701.0
4623,2026-06-08,1700.0
4623,2026-06-15,1693.0
4623,2026-06-22,1708.0
4623,2026-06-29,1725.0
4623,2026-07-06,1712.0
4623,2026-07-13,1711.0
4623,2026-07-20,1719.0
4623,2026-07-27,1721.0
4623,2026-08-03,1723.0
4623,2026-08-10,1820.0
4623,2026-08-17,1840.0
4635,2025-08-25,1342.96
4635,2025-09-01,1329.57
4635,2025-09-08,1329.57
4635,2025-09-15,1276.0
4635,2025-09-22,1339.13
4635,2025-09-29,1343.03
4635,2025-10-06,1356.67
4635,2025-10-13,1362.52
4635,2025-10-20,1440.49
4635,2025-10-27,1372.27
4635,2025-11-03,1321.59
4635,2025-11-10,1307.94
4635,2025-11-17,1304.05
4635,2025-11-24,1419.05
4635,2025-12-01,1374.22
4635,2025-12-08,1389.81
4635,2025-12-15,1413.2
4635,2025-12-22,1461.93
4635,2025-12-29,1398.58
4635,2026-01-05,1437.57
4635,2026-01-12,1515.54
4635,2026-01-19,1484.35
4635,2026-01-26,1438.54
4635,2026-02-02,1486.3
4635,2026-02-09,1753.35
4635,2026-02-16,1729.96
4635,2026-02-23,1778.69
4635,2026-03-02,1608.13
4635,2026-03-09,1523.34
4635,2026-03-16,1460.96
4635,2026-03-23,1421.0
4635,2026-03-30,1370.0
4635,2026-04-06,1391.0
4635,2026-04-13,1350.0
4635,2026-04-20,1317.0
4635,2026-04-27,1309.0
4635,2026-05-04,1300.0
4635,2026-05-11,1250.0
4635,2026-05-18,1228.0
4635,2026-05-25,1260.0
4635,2026-06-01,1239.0
4635,2026-06-08,1239.0
4635,2026-06-15,1323.0
4635,2026-06-22,1330.0
4635,2026-06-29,1384.0
4635,2026-07-06,1367.0
4635,2026-07-13,1370.0
4635,2026-07-20,1412.0
4635,2026-07-27,1399.0
4635,2026-08-03,2048.0
4635,2026-08-10,2092.0
4635,2026-08-17,2083.0
4674,2025-08-25,1647.53
4674,2025-09-01,1588.99
4674,2025-09-08,1617.78
4674,2025-09-15,1612.98
4674,2025-09-22,1631.21
4674,2025-09-29,1599.0
4674,2025-10-06,1610.71
4674,2025-10-13,1570.69
4674,2025-10-20,1620.48
4674,2025-10-27,1586.31
4674,2025-11-03,1495.52
4674,2025-11-10,1478.93
4674,2025-11-17,1479.9
4674,2025-11-24,1497.48
4674,2025-12-01,1534.57
4674,2025-12-08,1732.74
4674,2025-12-15,1697.6
4674,2025-12-22,1711.26
4674,2025-12-29,1704.43
4674,2026-01-05,1739.57
4674,2026-01-12,1743.48
4674,2026-01-19,1702.48
4674,2026-01-26,1634.14
4674,2026-02-02,1520.9
4674,2026-02-09,1550.19
4674,2026-02-16,1498.45
4674,2026-02-23,1501.38
4674,2026-03-02,1450.62
4674,2026-03-09,1447.69
4674,2026-03-16,1405.71
4674,2026-03-23,1435.0
4674,2026-03-30,1446.0
4674,2026-04-06,1447.0
4674,2026-04-13,1454.0
4674,2026-04-20,1382.0
4674,2026-04-27,1376.0
4674,2026-05-04,1400.0
4674,2026-05-11,1538.0
4674,2026-05-18,1566.0
4674,2026-05-25,1526.0
4674,2026-06-01,1521.0
4674,2026-06-08,1454.0
4674,2026-06-15,1456.0
4674,2026-06-22,1445.0
4674,2026-06-29,1502.0
4674,2026-07-06,1546.0
4674,2026-07-13,1523.0
4674,2026-07-20,1557.0
4674,2026-07-27,1617.0
4674,2026-08-03,1805.0
4674,2026-08-10,1955.0
4674,2026-08-17,1998.0
4937,2025-08-25,1232.0
4937,2025-09-01,1247.0
4937,2025-09-08,1110.0
4937,2025-09-15,1113.0
4937,2025-09-22,1383.0
4937,2025-09-29,1400.0
4937,2025-10-06,1465.0
4937,2025-10-13,1375.0
4937,2025-10-20,1410.0
4937,2025-10-27,1397.0
4937,2025-11-03,1400.0
4937,2025-11-10,1766.0
4937,2025-11-17,1773.0
4937,2025-11-24,1725.0
4937,2025-12-01,1736.0
4937,2025-12-08,1393.0
4937,2025-12-15,1444.0
4937,2025-12-22,1340.0
4937,2025-12-29,1377.0
4937,2026-01-05,1410.0
4937,2026-01-12,1427.0
4937,2026-01-19,1401.0
4937,2026-01-26,1384.0
4937,2026-02-02,1400.0
4937,2026-02-09,1411.0
4937,2026-02-16,1515.0
4937,2026-02-23,1538.0
4937,2026-03-02,1530.0
4937,2026-03-09,1395.0
4937,2026-03-16,1384.0
4937,2026-03-23,1360.0
4937,2026-03-30,1357.0
4937,2026-04-06,1280.0
4937,2026-04-13,1317.0
4937,2026-04-20,1300.0
4937,2026-04-27,1317.0
4937,2026-05-04,1447.0
4937,2026-05-11,1580.0
4937,2026-05-18,1600.0
4937,2026-05-25,1572.0
4937,2026-06-01,1549.0
4937,2026-06-08,1540.0
4937,2026-06-15,1543.0
4937,2026-06-22,1495.0
4937,2026-06-29,1500.0
4937,2026-07-06,1450.0
4937,2026-07-13,1480.0
4937,2026-07-20,1501.0
4937,2026-07-27,1487.0
4937,2026-08-03,1568.0
4937,2026-08-10,2030.0
4937,2026-08-17,2210.0
4958,2025-08-25,2895.94
4958,2025-09-01,2895.94
4958,2025-09-08,2885.26
4958,2025-09-15,2895.94
4958,2025-09-22,2959.99
4958,2025-09-29,2748.77
4958,2025-10-06,2721.27
4958,2025-10-13,2679.02
4958,2025-10-20,2707.51
4958,2025-10-27,2654.46
4958,2025-11-03,2651.52
4958,2025-11-10,2707.51
4958,2025-11-17,2723.23
4958,2025-11-24,2784.14
4958,2025-12-01,2670.18
4958,2025-12-08,2710.46
4958,2025-12-15,2788.07
4958,2025-12-22,2798.88
4958,2025-12-29,2768.42
4958,2026-01-05,2828.35
4958,2026-01-12,2832.28
4958,2026-01-19,2858.8
4958,2026-01-26,2791.02
4958,2026-02-02,2812.63
4958,2026-02-09,2828.35
4958,2026-02-16,2799.86
4958,2026-02-23,2867.65
4958,2026-03-02,2802.81
4958,2026-03-09,2794.95
4958,2026-03-16,2787.09
4958,2026-03-23,2792.0
4958,2026-03-30,2855.0
4958,2026-04-06,2923.0
4958,2026-04-13,2861.0
4958,2026-04-20,2865.0
4958,2026-04-27,2882.0
4958,2026-05-04,2933.0
4958,2026-05-11,3070.0
4958,2026-05-18,3125.0
4958,2026-05-25,3075.0
4958,2026-06-01,3060.0
4958,2026-06-08,3205.0
4958,2026-06-15,3255.0
4958,2026-06-22,3215.0
4958,2026-06-29,3250.0
4958,2026-07-06,3225.0
4958,2026-07-13,3300.0
4958,2026-07-20,3225.0
4958,2026-07-27,3250.0
4958,2026-08-03,3310.0
4958,2026-08-10,3350.0
4958,2026-08-17,3350.0
4997,2025-08-25,940.98
4997,2025-09-01,998.89
4997,2025-09-08,968.97
4997,2025-09-15,989.23
4997,2025-09-22,987.3
4997,2025-09-29,952.15
4997,2025-10-06,934.57
4997,2025-10-13,914.06
4997,2025-10-20,914.06
4997,2025-10-27,843.75
4997,2025-11-03,847.66
4997,2025-11-10,864.26
4997,2025-11-17,867.19
4997,2025-11-24,868.16
4997,2025-12-01,880.86
4997,2025-12-08,970.7
4997,2025-12-15,995.12
4997,2025-12-22,982.42
4997,2025-12-29,990.23
4997,2026-01-05,994.14
4997,2026-01-12,1012.7
4997,2026-01-19,1005.86
4997,2026-01-26,990.23
4997,2026-02-02,1034.18
4997,2026-02-09,998.05
4997,2026-02-16,993.16
4997,2026-02-23,1066.41
4997,2026-03-02,989.26
4997,2026-03-09,990.23
4997,2026-03-16,984.38
4997,2026-03-23,1000.0
4997,2026-03-30,1031.0
4997,2026-04-06,1021.0
4997,2026-04-13,1017.0
4997,2026-04-20,1003.0
4997,2026-04-27,999.0
4997,2026-05-04,964.0
4997,2026-05-11,986.0
4997,2026-05-18,976.0
4997,2026-05-25,1057.0
4997,2026-06-01,1017.0
4997,2026-06-08,1028.0
4997,2026-06-15,1004.0
4997,2026-06-22,1022.0
4997,2026-06-29,1033.0
4997,2026-07-06,1014.0
4997,2026-07-13,987.0
4997,2026-07-20,1085.0
4997,2026-07-27,1077.0
4997,2026-08-03,1132.0
4997,2026-08-10,1178.0
4997,2026-08-17,1190.0
5010,2025-08-25,191.0
5010,2025-09-01,194.0
5010,2025-09-08,195.0
5010,2025-09-15,200.0
5010,2025-09-22,196.0
5010,2025-09-29,193.0
5010,2025-10-06,193.0
5010,2025-10-13,189.0
5010,2025-10-20,193.0
5010,2025-10-27,187.0
5010,2025-11-03,188.0
5010,2025-11-10,189.0
5010,2025-11-17,191.0
5010,2025-11-24,189.0
5010,2025-12-01,190.0
5010,2025-12-08,191.0
5010,2025-12-15,190.0
5010,2025-12-22,189.0
5010,2025-12-29,190.0
5010,2026-01-05,196.0
5010,2026-01-12,199.0
5010,2026-01-19,197.0
5010,2026-01-26,197.0
5010,2026-02-02,197.0
5010,2026-02-09,223.0
5010,2026-02-16,309.0
5010,2026-02-23,317.0
5010,2026-03-02,280.0
5010,2026-03-09,283.0
5010,2026-03-16,272.0
5010,2026-03-23,268.0
5010,2026-03-30,244.0
5010,2026-04-06,239.0
5010,2026-04-13,247.0
5010,2026-04-20,246.0
5010,2026-04-27,243.0
5010,2026-05-04,245.0
5010,2026-05-11,229.0
5010,2026-05-18,258.0
5010,2026-05-25,256.0
5010,2026-06-01,234.0
5010,2026-06-08,222.0
5010,2026-06-15,226.0
5010,2026-06-22,228.0
5010,2026-06-29,237.0
5010,2026-07-06,238.0
5010,2026-07-13,230.0
5010,2026-07-20,234.0
5010,2026-07-27,236.0
5010,2026-08-03,239.0
5010,2026-08-10,246.0
5010,2026-08-17,333.0
5142,2025-08-25,1077.83
5142,2025-09-01,1108.93
5142,2025-09-08,1107.96
5142,2025-09-15,1126.42
5142,2025-09-22,1192.51
5142,2025-09-29,1165.3
5142,2025-10-06,1239.16
5142,2025-10-13,1241.1
5142,2025-10-20,1282.9
5142,2025-10-27,1220.69
5142,2025-11-03,1146.83
5142,2025-11-10,1261.51
5142,2025-11-17,1235.27
5142,2025-11-24,1245.96
5142,2025-12-01,1278.04
5142,2025-12-08,1308.16
5142,2025-12-15,1358.7
5142,2025-12-22,1420.9
5142,2025-12-29,1405.35
5142,2026-01-05,1452.98
5142,2026-01-12,1461.72
5142,2026-01-19,1457.84
5142,2026-01-26,1408.27
5142,2026-02-02,1463.67
5142,2026-02-09,1582.24
5142,2026-02-16,1608.48
5142,2026-02-23,1742.6
5142,2026-03-02,1636.66
5142,2026-03-09,1416.04
5142,2026-03-16,1415.07
5142,2026-03-23,1383.0
5142,2026-03-30,1358.0
5142,2026-04-06,1467.0
5142,2026-04-13,1502.0
5142,2026-04-20,1411.0
5142,2026-04-27,1439.0
5142,2026-05-04,1562.0
5142,2026-05-11,1246.0
5142,2026-05-18,1230.0
5142,2026-05-25,1217.0
5142,2026-06-01,1187.0
5142,2026-06-08,1138.0
5142,2026-06-15,1207.0
5142,2026-06-22,1159.0
5142,2026-06-29,1217.0
5142,2026-07-06,1214.0
5142,2026-07-13,1211.0
5142,2026-07-20,1268.0
5142,2026-07-27,1298.0
5142,2026-08-03,1689.0
5142,2026-08-10,1887.0
5142,2026-08-17,1980.0
5632,2025-08-25,1668.86
5632,2025-09-01,1702.33
5632,2025-09-08,1693.72
5632,2025-09-15,1666.94
5632,2025-09-22,1709.98
5632,2025-09-29,1647.37
5632,2025-10-06,1777.48
5632,2025-10-13,1894.87
5632,2025-10-20,1893.89
5632,2025-10-27,1837.15
5632,2025-11-03,1663.02
5632,2025-11-10,1720.74
5632,2025-11-17,1709.0
5632,2025-11-24,1791.17
5632,2025-12-01,1706.07
5632,2025-12-08,1741.28
5632,2025-12-15,1697.26
5632,2025-12-22,1782.37
5632,2025-12-29,1836.17
5632,2026-01-05,1887.04
5632,2026-01-12,1968.24
5632,2026-01-19,1918.35
5632,2026-01-26,1837.15
5632,2026-02-02,1854.76
5632,2026-02-09,1880.2
5632,2026-02-16,1979.98
5632,2026-02-23,2077.8
5632,2026-03-02,1872.37
5632,2026-03-09,1799.0
5632,2026-03-16,1794.11
5632,2026-03-23,1844.0
5632,2026-03-30,1815.0
5632,2026-04-06,1791.0
5632,2026-04-13,1822.0
5632,2026-04-20,1789.0
5632,2026-04-27,1812.0
5632,2026-05-04,1835.0
5632,2026-05-11,2169.0
5632,2026-05-18,2144.0
5632,2026-05-25,2157.0
5632,2026-06-01,2150.0
5632,2026-06-08,2139.0
5632,2026-06-15,2331.0
5632,2026-06-22,2177.0
5632,2026-06-29,2208.0
5632,2026-07-06,2107.0
5632,2026-07-13,2101.0
5632,2026-07-20,2177.0
5632,2026-07-27,2180.0
5632,2026-08-03,2285.0
5632,2026-08-10,2431.0
5632,2026-08-17,2568.0
575A,2026-06-01,1509.0
575A,2026-06-08,1414.0
575A,2026-06-15,1421.0
575A,2026-06-22,1360.0
575A,2026-06-29,1489.0
575A,2026-07-06,1517.0
575A,2026-07-13,1800.0
575A,2026-07-20,1811.0
575A,2026-07-27,1795.0
575A,2026-08-03,1805.0
575A,2026-08-10,1846.0
575A,2026-08-17,1859.0
5830,2025-08-25,2006.12
5830,2025-09-01,1978.78
5830,2025-09-08,2018.82
5830,2025-09-15,2074.49
5830,2025-09-22,2188.28
5830,2025-09-29,2162.54
5830,2025-10-06,2086.81
5830,2025-10-13,2070.97
5830,2025-10-20,2166.99
5830,2025-10-27,2382.8
5830,2025-11-03,2296.18
5830,2025-11-10,2354.59
5830,2025-11-17,2353.6
5830,2025-11-24,2541.19
5830,2025-12-01,2533.77
5830,2025-12-08,2541.69
5830,2025-12-15,2574.85
5830,2025-12-22,2522.38
5830,2025-12-29,2525.85
5830,2026-01-05,2681.27
5830,2026-01-12,2847.58
5830,2026-01-19,2806.5
5830,2026-01-26,2842.14
5830,2026-02-02,3128.23
5830,2026-02-09,3491.54
5830,2026-02-16,3456.89
5830,2026-02-23,3359.88
5830,2026-03-02,3028.25
5830,2026-03-09,2920.84
5830,2026-03-16,2899.06
5830,2026-03-23,2954.0
5830,2026-03-30,3071.0
5830,2026-04-06,3180.0
5830,2026-04-13,3181.0
5830,2026-04-20,2895.5
5830,2026-04-27,3015.0
5830,2026-05-04,3085.0
5830,2026-05-11,3162.0
5830,2026-05-18,3115.0
5830,2026-05-25,3054.0
5830,2026-06-01,3064.0
5830,2026-06-08,3075.0
5830,2026-06-15,3071.0
5830,2026-06-22,3181.0
5830,2026-06-29,3335.0
5830,2026-07-06,3259.0
5830,2026-07-13,3229.0
5830,2026-07-20,3556.0
5830,2026-07-27,3634.0
5830,2026-08-03,3813.0
5830,2026-08-10,3964.0
5830,2026-08-17,4039.0
5831,2025-08-25,1905.56
5831,2025-09-01,1876.55
5831,2025-09-08,1930.69
5831,2025-09-15,1909.42
5831,2025-09-22,1988.7
5831,2025-09-29,2000.03
5831,2025-10-06,1944.36
5831,2025-10-13,1934.01
5831,2025-10-20,1991.17
5831,2025-10-27,2044.87
5831,2025-11-03,2070.5
5831,2025-11-10,2104.5
5831,2025-11-17,2187.28
5831,2025-11-24,2229.65
5831,2025-12-01,2328.2
5831,2025-12-08,2394.72
5831,2025-12-15,2408.02
5831,2025-12-22,2381.91
5831,2025-12-29,2396.69
5831,2026-01-05,2532.69
5831,2026-01-12,2602.66
5831,2026-01-19,2512.98
5831,2026-01-26,2481.44
5831,2026-02-02,2734.22
5831,2026-02-09,3001.78
5831,2026-02-16,3073.72
5831,2026-02-23,3098.35
5831,2026-03-02,2737.18
5831,2026-03-09,2572.11
5831,2026-03-16,2521.85
5831,2026-03-23,2783.0
5831,2026-03-30,2755.0
5831,2026-04-06,2864.0
5831,2026-04-13,2803.0
5831,2026-04-20,2674.5
5831,2026-04-27,2762.0
5831,2026-05-04,2762.0
5831,2026-05-11,2915.5
5831,2026-05-18,2997.0
5831,2026-05-25,2871.0
5831,2026-06-01,2896.5
5831,2026-06-08,3052.0
5831,2026-06-15,3026.0
5831,2026-06-22,3032.0
5831,2026-06-29,3232.0
5831,2026-07-06,3279.0
5831,2026-07-13,3148.0
5831,2026-07-20,3380.0
5831,2026-07-27,3180.0
5831,2026-08-03,3413.0
5831,2026-08-10,3513.0
5831,2026-08-17,3566.0
5832,2025-08-25,2045.33
5832,2025-09-01,2041.47
5832,2025-09-08,2078.17
5832,2025-09-15,2060.3
5832,2025-09-22,2169.91
5832,2025-09-29,2116.4
5832,2025-10-06,2061.9
5832,2025-10-13,2026.07
5832,2025-10-20,2079.58
5832,2025-10-27,2111.0
5832,2025-11-03,2132.11
5832,2025-11-10,2181.2
5832,2025-11-17,2188.07
5832,2025-11-24,2290.68
5832,2025-12-01,2264.17
5832,2025-12-08,2321.6
5832,2025-12-15,2417.83
5832,2025-12-22,2403.1
5832,2025-12-29,2425.68
5832,2026-01-05,2572.96
5832,2026-01-12,2713.86
5832,2026-01-19,2753.62
5832,2026-01-26,2737.91
5832,2026-02-02,3154.71
5832,2026-02-09,3365.81
5832,2026-02-16,3287.26
5832,2026-02-23,3153.73
5832,2026-03-02,2901.88
5832,2026-03-09,2781.61
5832,2026-03-16,2777.19
5832,2026-03-23,2868.5
5832,2026-03-30,2984.5
5832,2026-04-06,3086.0
5832,2026-04-13,3009.0
5832,2026-04-20,2794.5
5832,2026-04-27,2845.5
5832,2026-05-04,2870.5
5832,2026-05-11,3033.0
5832,2026-05-18,3103.0
5832,2026-05-25,2987.5
5832,2026-06-01,2979.0
5832,2026-06-08,3099.0
5832,2026-06-15,3037.0
5832,2026-06-22,3090.0
5832,2026-06-29,3225.0
5832,2026-07-06,3235.0
5832,2026-07-13,3122.0
5832,2026-07-20,3410.0
5832,2026-07-27,3323.0
5832,2026-08-03,3385.0
5832,2026-08-10,3518.0
5832,2026-08-17,3545.0
5844,2025-08-25,2809.37
5844,2025-09-01,2777.32
5844,2025-09-08,2821.33
5844,2025-09-15,2908.39
5844,2025-09-22,3083.46
5844,2025-09-29,3041.81
5844,2025-10-06,2961.4
5844,2025-10-13,2904.25
5844,2025-10-20,3029.22
5844,2025-10-27,3026.31
5844,2025-11-03,3087.34
5844,2025-11-10,3150.31
5844,2025-11-17,3136.74
5844,2025-11-24,3293.68
5844,2025-12-01,3306.27
5844,2025-12-08,3336.3
5844,2025-12-15,3362.46
5844,2025-12-22,3328.55
5844,2025-12-29,3319.83
5844,2026-01-05,3401.21
5844,2026-01-12,3578.49
5844,2026-01-19,3654.05
5844,2026-01-26,3610.45
5844,2026-02-02,3706.36
5844,2026-02-09,3756.73
5844,2026-02-16,3582.36
5844,2026-02-23,3755.76
5844,2026-03-02,4038.63
5844,2026-03-09,4328.28
5844,2026-03-16,4258.53
5844,2026-03-23,4337.0
5844,2026-03-30,4337.0
5844,2026-04-06,4330.0
5844,2026-04-13,4393.0
5844,2026-04-20,4295.0
5844,2026-04-27,4373.0
5844,2026-05-04,4395.0
5844,2026-05-11,4413.0
5844,2026-05-18,4479.0
5844,2026-05-25,4419.0
5844,2026-06-01,4622.0
5844,2026-06-08,4462.0
5844,2026-06-15,4726.0
5844,2026-06-22,4477.0
5844,2026-06-29,4710.0
5844,2026-07-06,4654.0
5844,2026-07-13,4384.0
5844,2026-07-20,4634.0
5844,2026-07-27,4437.0
5844,2026-08-03,4668.0
5844,2026-08-10,5073.0
5844,2026-08-17,5022.0
5902,2025-08-25,2004.38
5902,2025-09-01,2100.38
5902,2025-09-08,2219.41
5902,2025-09-15,2201.17
5902,2025-09-22,2196.37
5902,2025-09-29,2141.9
5902,2025-10-06,2115.64
5902,2025-10-13,2144.82
5902,2025-10-20,2173.03
5902,2025-10-27,2094.24
5902,2025-11-03,2101.05
5902,2025-11-10,2201.24
5902,2025-11-17,2182.76
5902,2025-11-24,2254.74
5902,2025-12-01,2209.02
5902,2025-12-08,2205.13
5902,2025-12-15,2215.83
5902,2025-12-22,2274.19
5902,2025-12-29,2311.15
5902,2026-01-05,2349.09
5902,2026-01-12,2355.9
5902,2026-01-19,2335.47
5902,2026-01-26,2272.25
5902,2026-02-02,2350.06
5902,2026-02-09,2273.22
5902,2026-02-16,2298.51
5902,2026-02-23,2451.22
5902,2026-03-02,2388.0
5902,2026-03-09,2319.91
5902,2026-03-16,2286.84
5902,2026-03-23,2281.0
5902,2026-03-30,2285.0
5902,2026-04-06,2273.0
5902,2026-04-13,2260.0
5902,2026-04-20,2190.0
5902,2026-04-27,2150.0
5902,2026-05-04,2160.0
5902,2026-05-11,2234.0
5902,2026-05-18,2235.0
5902,2026-05-25,2240.0
5902,2026-06-01,2289.0
5902,2026-06-08,2356.0
5902,2026-06-15,2360.0
5902,2026-06-22,2343.0
5902,2026-06-29,2374.0
5902,2026-07-06,2335.0
5902,2026-07-13,2353.0
5902,2026-07-20,2372.0
5902,2026-07-27,2386.0
5902,2026-08-03,2385.0
5902,2026-08-10,2585.0
5902,2026-08-17,2714.0
590A,2025-08-25,1373.72
590A,2025-09-01,1202.5
590A,2025-09-08,1237.14
590A,2025-09-15,1241.1
590A,2025-09-22,1187.66
590A,2025-09-29,1173.8
590A,2025-10-06,1112.44
590A,2025-10-13,1083.74
590A,2025-10-20,1114.42
590A,2025-10-27,1078.79
590A,2025-11-03,1029.3
590A,2025-11-10,1072.85
590A,2025-11-17,1096.6
590A,2025-11-24,1155.99
590A,2025-12-01,1112.44
590A,2025-12-08,1131.24
590A,2025-12-15,1175.78
590A,2025-12-22,1251.0
590A,2025-12-29,1256.0
590A,2026-01-05,1312.0
590A,2026-01-12,1354.0
590A,2026-01-19,1369.0
590A,2026-01-26,1270.0
590A,2026-02-02,1225.0
590A,2026-02-09,1145.0
590A,2026-02-16,982.0
590A,2026-02-23,1035.0
590A,2026-03-02,1122.0
590A,2026-03-09,1126.0
590A,2026-03-16,1081.0
590A,2026-03-23,1130.0
590A,2026-03-30,1105.0
590A,2026-04-06,1094.0
590A,2026-04-13,1129.0
590A,2026-04-20,1063.0
590A,2026-04-27,1151.0
590A,2026-05-04,1200.0
590A,2026-05-11,1068.0
590A,2026-05-18,1123.0
590A,2026-05-25,1147.0
590A,2026-06-01,1169.0
590A,2026-06-08,1039.0
590A,2026-06-15,1047.0
590A,2026-06-22,995.0
590A,2026-06-29,1107.0
590A,2026-07-06,1006.0
590A,2026-07-13,998.0
590A,2026-07-20,998.0
590A,2026-07-27,1052.0
590A,2026-08-03,1105.0
590A,2026-08-10,1188.0
590A,2026-08-17,1318.0
5970,2025-08-25,1882.26
5970,2025-09-01,1939.32
5970,2025-09-08,1906.98
5970,2025-09-15,1886.06
5970,2025-09-22,1921.25
5970,2025-09-29,1880.39
5970,2025-10-06,1890.12
5970,2025-10-13,1909.58
5970,2025-10-20,1983.51
5970,2025-10-27,1929.03
5970,2025-11-03,1934.87
5970,2025-11-10,1865.8
5970,2025-11-17,1823.97
5970,2025-11-24,1893.04
5970,2025-12-01,1785.06
5970,2025-12-08,1825.92
5970,2025-12-15,1848.29
5970,2025-12-22,1916.39
5970,2025-12-29,1910.55
5970,2026-01-05,1957.24
5970,2026-01-12,2035.07
5970,2026-01-19,1966.97
5970,2026-01-26,1905.69
5970,2026-02-02,1954.33
5970,2026-02-09,1934.87
5970,2026-02-16,1965.03
5970,2026-02-23,2010.75
5970,2026-03-02,1872.61
5970,2026-03-09,1822.03
5970,2026-03-16,1787.01
5970,2026-03-23,1823.0
5970,2026-03-30,1876.0
5970,2026-04-06,1883.0
5970,2026-04-13,1873.0
5970,2026-04-20,1814.0
5970,2026-04-27,1804.0
5970,2026-05-04,1834.0
5970,2026-05-11,1903.0
5970,2026-05-18,2065.0
5970,2026-05-25,2212.0
5970,2026-06-01,2153.0
5970,2026-06-08,2070.0
5970,2026-06-15,2104.0
5970,2026-06-22,2054.0
5970,2026-06-29,2084.0
5970,2026-07-06,2080.0
5970,2026-07-13,2083.0
5970,2026-07-20,2102.0
5970,2026-07-27,2163.0
5970,2026-08-03,2225.0
5970,2026-08-10,2310.0
5970,2026-08-17,2382.0
5971,2025-08-25,5899.11
5971,2025-09-01,5948.6
5971,2025-09-08,6354.41
5971,2025-09-15,6176.25
5971,2025-09-22,6483.08
5971,2025-09-29,7027.46
5971,2025-10-06,6582.06
5971,2025-10-13,6898.79
5971,2025-10-20,6839.4
5971,2025-10-27,7037.36
5971,2025-11-03,6671.14
5971,2025-11-10,6908.68
5971,2025-11-17,6908.68
5971,2025-11-24,6878.99
5971,2025-12-01,6878.99
5971,2025-12-08,6908.68
5971,2025-12-15,7324.39
5971,2025-12-22,7433.27
5971,2025-12-29,7522.35
5971,2026-01-05,7344.19
5971,2026-01-12,7076.95
5971,2026-01-19,7076.95
5971,2026-01-26,7096.74
5971,2026-02-02,7146.23
5971,2026-02-09,7265.01
5971,2026-02-16,7373.88
5971,2026-02-23,7581.74
5971,2026-03-02,7324.39
5971,2026-03-09,7393.68
5971,2026-03-16,7641.12
5971,2026-03-23,7601.53
5971,2026-03-30,7789.59
5971,2026-04-06,7680.71
5971,2026-04-13,7730.2
5971,2026-04-20,7730.2
5971,2026-04-27,7270.0
5971,2026-05-04,7350.0
5971,2026-05-11,7100.0
5971,2026-05-18,7010.0
5971,2026-05-25,6950.0
5971,2026-06-01,6950.0
5971,2026-06-08,7010.0
5971,2026-06-15,7550.0
5971,2026-06-22,8080.0
5971,2026-06-29,8190.0
5971,2026-07-06,8060.0
5971,2026-07-13,8120.0
5971,2026-07-20,8120.0
5971,2026-07-27,8290.0
5971,2026-08-03,8040.0
5971,2026-08-10,8160.0
5971,2026-08-17,8170.0
5976,2025-08-25,1159.28
5976,2025-09-01,1170.62
5976,2025-09-08,1188.59
5976,2025-09-15,1180.08
5976,2025-09-22,1173.46
5976,2025-09-29,1148.2
5976,2025-10-06,1152.09
5976,2025-10-13,1160.83
5976,2025-10-20,1170.55
5976,2025-10-27,1158.89
5976,2025-11-03,1164.72
5976,2025-11-10,1151.12
5976,2025-11-17,1161.8
5976,2025-11-24,1192.89
5976,2025-12-01,1170.55
5976,2025-12-08,1197.74
5976,2025-12-15,1207.46
5976,2025-12-22,1217.17
5976,2025-12-29,1238.54
5976,2026-01-05,1268.66
5976,2026-01-12,1318.2
5976,2026-01-19,1310.43
5976,2026-01-26,1281.29
5976,2026-02-02,1328.88
5976,2026-02-09,1389.11
5976,2026-02-16,1408.54
5976,2026-02-23,1463.91
5976,2026-03-02,1365.8
5976,2026-03-09,1301.69
5976,2026-03-16,1291.97
5976,2026-03-23,1291.0
5976,2026-03-30,1293.0
5976,2026-04-06,1309.0
5976,2026-04-13,1317.0
5976,2026-04-20,1283.0
5976,2026-04-27,1294.0
5976,2026-05-04,1309.0
5976,2026-05-11,1270.0
5976,2026-05-18,1274.0
5976,2026-05-25,1309.0
5976,2026-06-01,1289.0
5976,2026-06-08,1291.0
5976,2026-06-15,1294.0
5976,2026-06-22,1279.0
5976,2026-06-29,1308.0
5976,2026-07-06,1313.0
5976,2026-07-13,1326.0
5976,2026-07-20,1367.0
5976,2026-07-27,1380.0
5976,2026-08-03,1458.0
5976,2026-08-10,1494.0
5976,2026-08-17,1515.0
5985,2025-08-25,846.07
5985,2025-09-01,846.07
5985,2025-09-08,891.38
5985,2025-09-15,1052.91
5985,2025-09-22,946.53
5985,2025-09-29,1045.54
5985,2025-10-06,1023.76
5985,2025-10-13,970.3
5985,2025-10-20,1062.38
5985,2025-10-27,1001.98
5985,2025-11-03,1039.6
5985,2025-11-10,1052.48
5985,2025-11-17,1155.45
5985,2025-11-24,1144.55
5985,2025-12-01,1065.35
5985,2025-12-08,980.2
5985,2025-12-15,912.87
5985,2025-12-22,893.07
5985,2025-12-29,912.87
5985,2026-01-05,941.58
5985,2026-01-12,1034.65
5985,2026-01-19,979.21
5985,2026-01-26,944.55
5985,2026-02-02,990.1
5985,2026-02-09,1189.11
5985,2026-02-16,1130.69
5985,2026-02-23,1200.99
5985,2026-03-02,1615.84
5985,2026-03-09,2097.03
5985,2026-03-16,1963.37
5985,2026-03-23,1500.0
5985,2026-03-30,1442.0
5985,2026-04-06,1429.0
5985,2026-04-13,1645.0
5985,2026-04-20,1600.0
5985,2026-04-27,1718.0
5985,2026-05-04,2124.0
5985,2026-05-11,1619.0
5985,2026-05-18,1842.0
5985,2026-05-25,1705.0
5985,2026-06-01,1701.0
5985,2026-06-08,1381.0
5985,2026-06-15,2014.0
5985,2026-06-22,1800.0
5985,2026-06-29,1655.0
5985,2026-07-06,1569.0
5985,2026-07-13,1230.0
5985,2026-07-20,1248.0
5985,2026-07-27,1275.0
5985,2026-08-03,1450.0
5985,2026-08-10,2138.0
5985,2026-08-17,2434.0
6027,2025-08-25,3285.0
6027,2025-09-01,3725.0
6027,2025-09-08,3610.0
6027,2025-09-15,3370.0
6027,2025-09-22,3310.0
6027,2025-09-29,3045.0
6027,2025-10-06,3020.0
6027,2025-10-13,3035.0
6027,2025-10-20,3105.0
6027,2025-10-27,3050.0
6027,2025-11-03,2891.0
6027,2025-11-10,2891.0
6027,2025-11-17,2880.0
6027,2025-11-24,2943.0
6027,2025-12-01,3135.0
6027,2025-12-08,3010.0
6027,2025-12-15,2994.0
6027,2025-12-22,3185.0
6027,2025-12-29,3150.0
6027,2026-01-05,3270.0
6027,2026-01-12,3380.0
6027,2026-01-19,3040.0
6027,2026-01-26,2902.0
6027,2026-02-02,2500.0
6027,2026-02-09,2435.0
6027,2026-02-16,2307.0
6027,2026-02-23,2439.0
6027,2026-03-02,2801.0
6027,2026-03-09,2765.0
6027,2026-03-16,2850.0
6027,2026-03-23,2894.0
6027,2026-03-30,2835.0
6027,2026-04-06,2565.0
6027,2026-04-13,2583.0
6027,2026-04-20,2525.0
6027,2026-04-27,2520.0
6027,2026-05-04,2720.0
6027,2026-05-11,2710.0
6027,2026-05-18,2548.0
6027,2026-05-25,2406.0
6027,2026-06-01,2289.0
6027,2026-06-08,2106.0
6027,2026-06-15,2236.0
6027,2026-06-22,2050.0
6027,2026-06-29,2390.0
6027,2026-07-06,2374.0
6027,2026-07-13,2390.0
6027,2026-07-20,2199.0
6027,2026-07-27,2312.0
6027,2026-08-03,2388.0
6027,2026-08-10,3750.0
6027,2026-08-17,3740.0
6045,2025-08-25,1580.47
6045,2025-09-01,1476.94
6045,2025-09-08,1562.72
6045,2025-09-15,1559.76
6045,2025-09-22,1685.96
6045,2025-09-29,1500.29
6045,2025-10-06,1431.78
6045,2025-10-13,1428.8
6045,2025-10-20,1520.15
6045,2025-10-27,1516.18
6045,2025-11-03,1501.28
6045,2025-11-10,1595.61
6045,2025-11-17,1465.54
6045,2025-11-24,1532.06
6045,2025-12-01,1514.19
6045,2025-12-08,1544.97
6045,2025-12-15,1598.59
6045,2025-12-22,1592.63
6045,2025-12-29,1638.3
6045,2026-01-05,1660.15
6045,2026-01-12,1651.21
6045,2026-01-19,1830.93
6045,2026-01-26,1817.03
6045,2026-02-02,1826.96
6045,2026-02-09,1775.33
6045,2026-02-16,1743.55
6045,2026-02-23,1753.48
6045,2026-03-02,1701.85
6045,2026-03-09,1696.89
6045,2026-03-16,1658.16
6045,2026-03-23,1681.0
6045,2026-03-30,1621.0
6045,2026-04-06,1673.0
6045,2026-04-13,1667.0
6045,2026-04-20,1645.0
6045,2026-04-27,1648.0
6045,2026-05-04,1613.0
6045,2026-05-11,1563.0
6045,2026-05-18,1569.0
6045,2026-05-25,1506.0
6045,2026-06-01,1391.0
6045,2026-06-08,1370.0
6045,2026-06-15,1455.0
6045,2026-06-22,1409.0
6045,2026-06-29,1511.0
6045,2026-07-06,1585.0
6045,2026-07-13,1613.0
6045,2026-07-20,1620.0
6045,2026-07-27,1649.0
6045,2026-08-03,1644.0
6045,2026-08-10,1692.0
6045,2026-08-17,2035.0
6071,2025-08-25,795.01
6071,2025-09-01,834.52
6071,2025-09-08,872.04
6071,2025-09-15,848.34
6071,2025-09-22,866.12
6071,2025-09-29,830.57
6071,2025-10-06,814.76
6071,2025-10-13,804.89
6071,2025-10-20,815.75
6071,2025-10-27,796.0
6071,2025-11-03,796.0
6071,2025-11-10,783.16
6071,2025-11-17,781.19
6071,2025-11-24,757.48
6071,2025-12-01,744.65
6071,2025-12-08,759.46
6071,2025-12-15,777.24
6071,2025-12-22,796.0
6071,2025-12-29,786.0
6071,2026-01-05,807.0
6071,2026-01-12,786.0
6071,2026-01-19,731.0
6071,2026-01-26,723.0
6071,2026-02-02,720.0
6071,2026-02-09,717.0
6071,2026-02-16,737.0
6071,2026-02-23,769.0
6071,2026-03-02,741.0
6071,2026-03-09,717.0
6071,2026-03-16,696.0
6071,2026-03-23,692.0
6071,2026-03-30,681.0
6071,2026-04-06,709.0
6071,2026-04-13,775.0
6071,2026-04-20,732.0
6071,2026-04-27,724.0
6071,2026-05-04,744.0
6071,2026-05-11,743.0
6071,2026-05-18,801.0
6071,2026-05-25,825.0
6071,2026-06-01,791.0
6071,2026-06-08,795.0
6071,2026-06-15,779.0
6071,2026-06-22,763.0
6071,2026-06-29,814.0
6071,2026-07-06,847.0
6071,2026-07-13,838.0
6071,2026-07-20,803.0
6071,2026-07-27,823.0
6071,2026-08-03,827.0
6071,2026-08-10,841.0
6071,2026-08-17,963.0
6087,2025-08-25,3333.15
6087,2025-09-01,3265.22
6087,2025-09-08,3289.48
6087,2025-09-15,3323.44
6087,2025-09-22,3338.0
6087,2025-09-29,3075.0
6087,2025-10-06,3110.0
6087,2025-10-13,3100.0
6087,2025-10-20,3115.0
6087,2025-10-27,3115.0
6087,2025-11-03,3135.0
6087,2025-11-10,3175.0
6087,2025-11-17,3195.0
6087,2025-11-24,3215.0
6087,2025-12-01,3340.0
6087,2025-12-08,3305.0
6087,2025-12-15,3305.0
6087,2025-12-22,3370.0
6087,2025-12-29,3360.0
6087,2026-01-05,3380.0
6087,2026-01-12,3405.0
6087,2026-01-19,3395.0
6087,2026-01-26,3380.0
6087,2026-02-02,3400.0
6087,2026-02-09,3405.0
6087,2026-02-16,3420.0
6087,2026-02-23,3460.0
6087,2026-03-02,3440.0
6087,2026-03-09,3435.0
6087,2026-03-16,3450.0
6087,2026-03-23,3485.0
6087,2026-03-30,3375.0
6087,2026-04-06,3390.0
6087,2026-04-13,3410.0
6087,2026-04-20,3390.0
6087,2026-04-27,3405.0
6087,2026-05-04,3410.0
6087,2026-05-11,3400.0
6087,2026-05-18,3400.0
6087,2026-05-25,3405.0
6087,2026-06-01,3395.0
6087,2026-06-08,3335.0
6087,2026-06-15,3330.0
6087,2026-06-22,3320.0
6087,2026-06-29,3375.0
6087,2026-07-06,3450.0
6087,2026-07-13,3440.0
6087,2026-07-20,3435.0
6087,2026-07-27,3465.0
6087,2026-08-03,3470.0
6087,2026-08-10,3505.0
6087,2026-08-17,3515.0
6138,2025-08-25,1037.35
6138,2025-09-01,1025.95
6138,2025-09-08,1052.55
6138,2025-09-15,970.85
6138,2025-09-22,992.7
6138,2025-09-29,996.5
6138,2025-10-06,987.0
6138,2025-10-13,987.95
6138,2025-10-20,1012.65
6138,2025-10-27,1018.35
6138,2025-11-03,849.26
6138,2025-11-10,854.96
6138,2025-11-17,843.56
6138,2025-11-24,861.61
6138,2025-12-01,870.16
6138,2025-12-08,880.61
6138,2025-12-15,875.86
6138,2025-12-22,914.81
6138,2025-12-29,914.81
6138,2026-01-05,987.0
6138,2026-01-12,977.5
6138,2026-01-19,985.1
6138,2026-01-26,992.7
6138,2026-02-02,992.7
6138,2026-02-09,1049.7
6138,2026-02-16,1125.7
6138,2026-02-23,1149.44
6138,2026-03-02,1101.95
6138,2026-03-09,1094.35
6138,2026-03-16,1058.25
6138,2026-03-23,1044.0
6138,2026-03-30,1083.0
6138,2026-04-06,1073.0
6138,2026-04-13,1061.0
6138,2026-04-20,1076.0
6138,2026-04-27,1163.0
6138,2026-05-04,1163.0
6138,2026-05-11,1001.0
6138,2026-05-18,1015.0
6138,2026-05-25,1130.0
6138,2026-06-01,1104.0
6138,2026-06-08,1088.0
6138,2026-06-15,1108.0
6138,2026-06-22,1106.0
6138,2026-06-29,1145.0
6138,2026-07-06,1126.0
6138,2026-07-13,1168.0
6138,2026-07-20,1215.0
6138,2026-07-27,1137.0
6138,2026-08-03,1272.0
6138,2026-08-10,1985.0
6138,2026-08-17,2021.0
6306,2025-08-25,770.89
6306,2025-09-01,766.14
6306,2025-09-08,760.43
6306,2025-09-15,758.53
6306,2025-09-22,756.63
6306,2025-09-29,732.35
6306,2025-10-06,737.21
6306,2025-10-13,744.01
6306,2025-10-20,761.49
6306,2025-10-27,743.03
6306,2025-11-03,731.38
6306,2025-11-10,742.06
6306,2025-11-17,735.26
6306,2025-11-24,749.83
6306,2025-12-01,730.41
6306,2025-12-08,740.12
6306,2025-12-15,764.4
6306,2025-12-22,796.45
6306,2025-12-29,768.29
6306,2026-01-05,790.63
6306,2026-01-12,810.05
6306,2026-01-19,794.51
6306,2026-01-26,791.6
6306,2026-02-02,811.02
6306,2026-02-09,841.13
6306,2026-02-16,831.42
6306,2026-02-23,851.82
6306,2026-03-02,790.63
6306,2026-03-09,772.17
6306,2026-03-16,778.0
6306,2026-03-23,778.0
6306,2026-03-30,788.0
6306,2026-04-06,796.0
6306,2026-04-13,805.0
6306,2026-04-20,799.0
6306,2026-04-27,799.0
6306,2026-05-04,802.0
6306,2026-05-11,842.0
6306,2026-05-18,844.0
6306,2026-05-25,855.0
6306,2026-06-01,866.0
6306,2026-06-08,844.0
6306,2026-06-15,914.0
6306,2026-06-22,912.0
6306,2026-06-29,945.0
6306,2026-07-06,951.0
6306,2026-07-13,932.0
6306,2026-07-20,960.0
6306,2026-07-27,982.0
6306,2026-08-03,988.0
6306,2026-08-10,1014.0
6306,2026-08-17,1026.0
6444,2025-08-25,152.0
6444,2025-09-01,156.0
6444,2025-09-08,156.0
6444,2025-09-15,148.0
6444,2025-09-22,145.0
6444,2025-09-29,145.0
6444,2025-10-06,145.0
6444,2025-10-13,141.0
6444,2025-10-20,145.0
6444,2025-10-27,144.0
6444,2025-11-03,140.0
6444,2025-11-10,144.0
6444,2025-11-17,138.0
6444,2025-11-24,136.0
6444,2025-12-01,122.0
6444,2025-12-08,128.0
6444,2025-12-15,120.0
6444,2025-12-22,127.0
6444,2025-12-29,135.0
6444,2026-01-05,141.0
6444,2026-01-12,138.0
6444,2026-01-19,148.0
6444,2026-01-26,137.0
6444,2026-02-02,143.0
6444,2026-02-09,154.0
6444,2026-02-16,165.0
6444,2026-02-23,193.0
6444,2026-03-02,165.0
6444,2026-03-09,161.0
6444,2026-03-16,149.0
6444,2026-03-23,151.0
6444,2026-03-30,168.0
6444,2026-04-06,175.0
6444,2026-04-13,174.0
6444,2026-04-20,173.0
6444,2026-04-27,175.0
6444,2026-05-04,179.0
6444,2026-05-11,161.0
6444,2026-05-18,157.0
6444,2026-05-25,167.0
6444,2026-06-01,159.0
6444,2026-06-08,148.0
6444,2026-06-15,157.0
6444,2026-06-22,157.0
6444,2026-06-29,160.0
6444,2026-07-06,161.0
6444,2026-07-13,158.0
6444,2026-07-20,156.0
6444,2026-07-27,164.0
6444,2026-08-03,164.0
6444,2026-08-10,203.0
6444,2026-08-17,202.0
6508,2025-08-25,5745.06
6508,2025-09-01,5666.76
6508,2025-09-08,5989.74
6508,2025-09-15,5813.57
6508,2025-09-22,5754.85
6508,2025-09-29,5672.96
6508,2025-10-06,5732.16
6508,2025-10-13,5860.41
6508,2025-10-20,6531.3
6508,2025-10-27,6047.87
6508,2025-11-03,5968.94
6508,2025-11-10,5949.21
6508,2025-11-17,5446.04
6508,2025-11-24,5722.29
6508,2025-12-01,5544.7
6508,2025-12-08,5633.5
6508,2025-12-15,5376.98
6508,2025-12-22,5505.24
6508,2025-12-29,5495.37
6508,2026-01-05,5761.75
6508,2026-01-12,6146.53
6508,2026-01-19,6166.26
6508,2026-01-26,5959.07
6508,2026-02-02,6570.77
6508,2026-02-09,6699.03
6508,2026-02-16,7557.37
6508,2026-02-23,7715.23
6508,2026-03-02,7271.25
6508,2026-03-09,7419.24
6508,2026-03-16,7508.04
6508,2026-03-23,8100.0
6508,2026-03-30,8040.0
6508,2026-04-06,8390.0
6508,2026-04-13,8180.0
6508,2026-04-20,8120.0
6508,2026-04-27,8460.0
6508,2026-05-04,9350.0
6508,2026-05-11,10940.0
6508,2026-05-18,11050.0
6508,2026-05-25,10070.0
6508,2026-06-01,9820.0
6508,2026-06-08,8900.0
6508,2026-06-15,10740.0
6508,2026-06-22,9750.0
6508,2026-06-29,9780.0
6508,2026-07-06,9070.0
6508,2026-07-13,8470.0
6508,2026-07-20,9020.0
6508,2026-07-27,9620.0
6508,2026-08-03,10850.0
6508,2026-08-10,12370.0
6508,2026-08-17,12250.0
6523,2025-08-25,948.54
6523,2025-09-01,1068.67
6523,2025-09-08,980.25
6523,2025-09-15,962.96
6523,2025-09-22,968.72
6523,2025-09-29,932.41
6523,2025-10-06,1013.87
6523,2025-10-13,1020.74
6523,2025-10-20,1028.59
6523,2025-10-27,990.31
6523,2025-11-03,1008.96
6523,2025-11-10,949.09
6523,2025-11-17,971.67
6523,2025-11-24,1007.98
6523,2025-12-01,1048.22
6523,2025-12-08,1063.93
6523,2025-12-15,1098.28
6523,2025-12-22,1107.11
6523,2025-12-29,1091.41
6523,2026-01-05,1156.19
6523,2026-01-12,1157.17
6523,2026-01-19,1147.35
6523,2026-01-26,1063.93
6523,2026-02-02,1069.81
6523,2026-02-09,1001.11
6523,2026-02-16,1024.67
6523,2026-02-23,1079.63
6523,2026-03-02,1013.87
6523,2026-03-09,965.78
6523,2026-03-16,981.48
6523,2026-03-23,1113.0
6523,2026-03-30,1115.0
6523,2026-04-06,1076.0
6523,2026-04-13,1064.0
6523,2026-04-20,1000.0
6523,2026-04-27,1005.0
6523,2026-05-04,1007.0
6523,2026-05-11,963.0
6523,2026-05-18,1071.0
6523,2026-05-25,1105.0
6523,2026-06-01,1090.0
6523,2026-06-08,1070.0
6523,2026-06-15,1043.0
6523,2026-06-22,1012.0
6523,2026-06-29,1035.0
6523,2026-07-06,1051.0
6523,2026-07-13,1095.0
6523,2026-07-20,1079.0
6523,2026-07-27,1100.0
6523,2026-08-03,1311.0
6523,2026-08-10,1415.0
6523,2026-08-17,1446.0
6645,2025-08-25,3700.3
6645,2025-09-01,3795.93
6645,2025-09-08,3862.28
6645,2025-09-15,3857.4
6645,2025-09-22,3996.95
6645,2025-09-29,4104.68
6645,2025-10-06,4319.15
6645,2025-10-13,4177.82
6645,2025-10-20,4390.31
6645,2025-10-27,4259.85
6645,2025-11-03,4198.57
6645,2025-11-10,3915.9
6645,2025-11-17,3726.13
6645,2025-11-24,3952.47
6645,2025-12-01,4063.17
6645,2025-12-08,4054.27
6645,2025-12-15,3852.64
6645,2025-12-22,3897.12
6645,2025-12-29,3913.92
6645,2026-01-05,3966.31
6645,2026-01-12,3999.91
6645,2026-01-19,3960.38
6645,2026-01-26,3871.42
6645,2026-02-02,4479.27
6645,2026-02-09,4687.81
6645,2026-02-16,5108.85
6645,2026-02-23,5487.4
6645,2026-03-02,4870.66
6645,2026-03-09,4479.27
6645,2026-03-16,4512.87
6645,2026-03-23,4417.0
6645,2026-03-30,4428.0
6645,2026-04-06,4672.0
6645,2026-04-13,4997.0
6645,2026-04-20,5093.0
6645,2026-04-27,5588.0
6645,2026-05-04,6247.0
6645,2026-05-11,5700.0
6645,2026-05-18,5480.0
6645,2026-05-25,5744.0
6645,2026-06-01,6162.0
6645,2026-06-08,5490.0
6645,2026-06-15,6134.0
6645,2026-06-22,5612.0
6645,2026-06-29,6056.0
6645,2026-07-06,6010.0
6645,2026-07-13,5309.0
6645,2026-07-20,5479.0
6645,2026-07-27,5430.0
6645,2026-08-03,6632.0
6645,2026-08-10,7004.0
6645,2026-08-17,6850.0
6742,2025-08-25,510.29
6742,2025-09-01,515.1
6742,2025-09-08,518.94
6742,2025-09-15,507.41
6742,2025-09-22,517.02
6742,2025-09-29,494.71
6742,2025-10-06,492.77
6742,2025-10-13,491.8
6742,2025-10-20,517.99
6742,2025-10-27,513.14
6742,2025-11-03,514.11
6742,2025-11-10,540.3
6742,2025-11-17,526.72
6742,2025-11-24,535.45
6742,2025-12-01,566.49
6742,2025-12-08,586.86
6742,2025-12-15,598.5
6742,2025-12-22,583.95
6742,2025-12-29,591.71
6742,2026-01-05,600.44
6742,2026-01-12,602.38
6742,2026-01-19,632.45
6742,2026-01-26,652.82
6742,2026-02-02,704.23
6742,2026-02-09,699.38
6742,2026-02-16,759.52
6742,2026-02-23,753.7
6742,2026-03-02,693.56
6742,2026-03-09,662.52
6742,2026-03-16,639.24
6742,2026-03-23,647.0
6742,2026-03-30,640.0
6742,2026-04-06,661.0
6742,2026-04-13,701.0
6742,2026-04-20,699.0
6742,2026-04-27,716.0
6742,2026-05-04,749.0
6742,2026-05-11,766.0
6742,2026-05-18,745.0
6742,2026-05-25,754.0
6742,2026-06-01,951.0
6742,2026-06-08,946.0
6742,2026-06-15,1011.0
6742,2026-06-22,976.0
6742,2026-06-29,920.0
6742,2026-07-06,897.0
6742,2026-07-13,864.0
6742,2026-07-20,910.0
6742,2026-07-27,872.0
6742,2026-08-03,924.0
6742,2026-08-10,1056.0
6742,2026-08-17,1060.0
6862,2025-08-25,809.74
6862,2025-09-01,816.69
6862,2025-09-08,819.67
6862,2025-09-15,859.36
6862,2025-09-22,889.13
6862,2025-09-29,843.48
6862,2025-10-06,813.71
6862,2025-10-13,797.84
6862,2025-10-20,826.61
6862,2025-10-27,850.43
6862,2025-11-03,853.41
6862,2025-11-10,1053.86
6862,2025-11-17,1034.01
6862,2025-11-24,1170.95
6862,2025-12-01,1234.46
6862,2025-12-08,1316.83
6862,2025-12-15,1314.84
6862,2025-12-22,1455.75
6862,2025-12-29,1443.85
6862,2026-01-05,1540.1
6862,2026-01-12,1666.13
6862,2026-01-19,1814.98
6862,2026-01-26,1637.35
6862,2026-02-02,1441.86
6862,2026-02-09,2304.2
6862,2026-02-16,2418.32
6862,2026-02-23,2641.59
6862,2026-03-02,2639.61
6862,2026-03-09,2352.82
6862,2026-03-16,2238.71
6862,2026-03-23,2330.0
6862,2026-03-30,2039.0
6862,2026-04-06,2198.0
6862,2026-04-13,2372.0
6862,2026-04-20,2482.0
6862,2026-04-27,3060.0
6862,2026-05-04,3885.0
6862,2026-05-11,2729.0
6862,2026-05-18,2548.0
6862,2026-05-25,2204.0
6862,2026-06-01,2269.0
6862,2026-06-08,1920.0
6862,2026-06-15,2540.0
6862,2026-06-22,2179.0
6862,2026-06-29,2139.0
6862,2026-07-06,2044.0
6862,2026-07-13,1765.0
6862,2026-07-20,1846.0
6862,2026-07-27,2022.0
6862,2026-08-03,2252.0
6862,2026-08-10,3800.0
6862,2026-08-17,3845.0
6904,2025-08-25,453.8
6904,2025-09-01,461.67
6904,2025-09-08,459.7
6904,2025-09-15,464.62
6904,2025-09-22,465.61
6904,2025-09-29,454.78
6904,2025-10-06,455.77
6904,2025-10-13,455.77
6904,2025-10-20,463.64
6904,2025-10-27,459.7
6904,2025-11-03,468.56
6904,2025-11-10,460.69
6904,2025-11-17,457.73
6904,2025-11-24,455.77
6904,2025-12-01,454.78
6904,2025-12-08,449.86
6904,2025-12-15,448.88
6904,2025-12-22,451.83
6904,2025-12-29,454.78
6904,2026-01-05,469.55
6904,2026-01-12,480.38
6904,2026-01-19,484.31
6904,2026-01-26,479.39
6904,2026-02-02,477.42
6904,2026-02-09,471.52
6904,2026-02-16,486.28
6904,2026-02-23,491.2
6904,2026-03-02,474.47
6904,2026-03-09,478.41
6904,2026-03-16,487.27
6904,2026-03-23,472.5
6904,2026-03-30,467.0
6904,2026-04-06,464.0
6904,2026-04-13,461.0
6904,2026-04-20,464.0
6904,2026-04-27,463.0
6904,2026-05-04,463.0
6904,2026-05-11,454.0
6904,2026-05-18,452.0
6904,2026-05-25,449.0
6904,2026-06-01,441.0
6904,2026-06-08,445.0
6904,2026-06-15,443.0
6904,2026-06-22,442.0
6904,2026-06-29,446.0
6904,2026-07-06,449.0
6904,2026-07-13,449.0
6904,2026-07-20,448.0
6904,2026-07-27,450.0
6904,2026-08-03,449.0
6904,2026-08-10,540.0
6904,2026-08-17,562.0
6915,2025-08-25,2996.58
6915,2025-09-01,2958.52
6915,2025-09-08,3110.73
6915,2025-09-15,3139.27
6915,2025-09-22,3167.81
6915,2025-09-29,3015.6
6915,2025-10-06,2996.58
6915,2025-10-13,3010.84
6915,2025-10-20,3039.38
6915,2025-10-27,2944.25
6915,2025-11-03,2891.93
6915,2025-11-10,3001.33
6915,2025-11-17,2996.58
6915,2025-11-24,3082.19
6915,2025-12-01,3110.73
6915,2025-12-08,3101.22
6915,2025-12-15,3148.78
6915,2025-12-22,3125.0
6915,2025-12-29,3245.0
6915,2026-01-05,3215.0
6915,2026-01-12,3330.0
6915,2026-01-19,3310.0
6915,2026-01-26,3305.0
6915,2026-02-02,3340.0
6915,2026-02-09,3295.0
6915,2026-02-16,3315.0
6915,2026-02-23,3415.0
6915,2026-03-02,3295.0
6915,2026-03-09,3250.0
6915,2026-03-16,3210.0
6915,2026-03-23,3375.0
6915,2026-03-30,3360.0
6915,2026-04-06,3315.0
6915,2026-04-13,3220.0
6915,2026-04-20,3120.0
6915,2026-04-27,3010.0
6915,2026-05-04,3000.0
6915,2026-05-11,3130.0
6915,2026-05-18,3170.0
6915,2026-05-25,3160.0
6915,2026-06-01,3145.0
6915,2026-06-08,3200.0
6915,2026-06-15,3270.0
6915,2026-06-22,3170.0
6915,2026-06-29,3270.0
6915,2026-07-06,3245.0
6915,2026-07-13,3260.0
6915,2026-07-20,3340.0
6915,2026-07-27,3260.0
6915,2026-08-03,3270.0
6915,2026-08-10,3490.0
6915,2026-08-17,3510.0
6998,2025-08-25,1343.76
6998,2025-09-01,1335.03
6998,2025-09-08,1338.91
6998,2025-09-15,1341.82
6998,2025-09-22,1334.06
6998,2025-09-29,1347.89
6998,2025-10-06,1322.2
6998,2025-10-13,1381.49
6998,2025-10-20,1472.4
6998,2025-10-27,1474.38
6998,2025-11-03,1428.92
6998,2025-11-10,1335.05
6998,2025-11-17,1338.01
6998,2025-11-24,1359.75
6998,2025-12-01,1407.18
6998,2025-12-08,1393.35
6998,2025-12-15,1400.27
6998,2025-12-22,1467.46
6998,2025-12-29,1490.19
6998,2026-01-05,1595.93
6998,2026-01-12,1714.51
6998,2026-01-19,1925.98
6998,2026-01-26,2198.72
6998,2026-02-02,1887.44
6998,2026-02-09,1923.02
6998,2026-02-16,2034.68
6998,2026-02-23,2158.21
6998,2026-03-02,2253.08
6998,2026-03-09,2233.31
6998,2026-03-16,2267.9
6998,2026-03-23,2092.0
6998,2026-03-30,2074.0
6998,2026-04-06,2128.0
6998,2026-04-13,2074.0
6998,2026-04-20,1957.0
6998,2026-04-27,1931.0
6998,2026-05-04,2049.0
6998,2026-05-11,1998.0
6998,2026-05-18,1892.0
6998,2026-05-25,2150.0
6998,2026-06-01,2199.0
6998,2026-06-08,1898.0
6998,2026-06-15,2353.0
6998,2026-06-22,2045.0
6998,2026-06-29,2089.0
6998,2026-07-06,2011.0
6998,2026-07-13,1897.0
6998,2026-07-20,1900.0
6998,2026-07-27,1904.0
6998,2026-08-03,3120.0
6998,2026-08-10,3270.0
6998,2026-08-17,3460.0
7035,2025-08-25,263.0
7035,2025-09-01,259.0
7035,2025-09-08,251.0
7035,2025-09-15,248.0
7035,2025-09-22,246.0
7035,2025-09-29,236.0
7035,2025-10-06,233.0
7035,2025-10-13,214.0
7035,2025-10-20,225.0
7035,2025-10-27,211.0
7035,2025-11-03,207.0
7035,2025-11-10,207.0
7035,2025-11-17,205.0
7035,2025-11-24,216.0
7035,2025-12-01,211.0
7035,2025-12-08,208.0
7035,2025-12-15,207.0
7035,2025-12-22,205.0
7035,2025-12-29,204.0
7035,2026-01-05,219.0
7035,2026-01-12,214.0
7035,2026-01-19,215.0
7035,2026-01-26,216.0
7035,2026-02-02,216.0
7035,2026-02-09,215.0
7035,2026-02-16,215.0
7035,2026-02-23,221.0
7035,2026-03-02,218.0
7035,2026-03-09,215.0
7035,2026-03-16,215.0
7035,2026-03-23,215.0
7035,2026-03-30,217.0
7035,2026-04-06,222.0
7035,2026-04-13,223.0
7035,2026-04-20,224.0
7035,2026-04-27,220.0
7035,2026-05-04,223.0
7035,2026-05-11,236.0
7035,2026-05-18,235.0
7035,2026-05-25,253.0
7035,2026-06-01,244.0
7035,2026-06-08,228.0
7035,2026-06-15,229.0
7035,2026-06-22,231.0
7035,2026-06-29,248.0
7035,2026-07-06,245.0
7035,2026-07-13,247.0
7035,2026-07-20,243.0
7035,2026-07-27,250.0
7035,2026-08-03,252.0
7035,2026-08-10,258.0
7035,2026-08-17,292.0
7167,2025-08-25,892.11
7167,2025-09-01,882.36
7167,2025-09-08,904.88
7167,2025-09-15,885.68
7167,2025-09-22,935.3
7167,2025-09-29,915.26
7167,2025-10-06,907.26
7167,2025-10-13,875.37
7167,2025-10-20,900.25
7167,2025-10-27,949.72
7167,2025-11-03,936.49
7167,2025-11-10,966.8
7167,2025-11-17,946.86
7167,2025-11-24,1006.59
7167,2025-12-01,1020.41
7167,2025-12-08,1038.68
7167,2025-12-15,1054.97
7167,2025-12-22,1025.84
7167,2025-12-29,1024.86
7167,2026-01-05,1087.06
7167,2026-01-12,1151.23
7167,2026-01-19,1132.97
7167,2026-01-26,1148.77
7167,2026-02-02,1257.87
7167,2026-02-09,1298.35
7167,2026-02-16,1303.28
7167,2026-02-23,1325.99
7167,2026-03-02,1239.6
7167,2026-03-09,1166.04
7167,2026-03-16,1183.32
7167,2026-03-23,1247.5
7167,2026-03-30,1286.0
7167,2026-04-06,1353.5
7167,2026-04-13,1343.5
7167,2026-04-20,1222.0
7167,2026-04-27,1296.0
7167,2026-05-04,1313.5
7167,2026-05-11,1377.5
7167,2026-05-18,1396.5
7167,2026-05-25,1329.5
7167,2026-06-01,1357.5
7167,2026-06-08,1402.0
7167,2026-06-15,1411.0
7167,2026-06-22,1407.5
7167,2026-06-29,1509.0
7167,2026-07-06,1539.5
7167,2026-07-13,1427.0
7167,2026-07-20,1541.0
7167,2026-07-27,1497.0
7167,2026-08-03,1580.0
7167,2026-08-10,1658.5
7167,2026-08-17,1691.5
7189,2025-08-25,2397.28
7189,2025-09-01,2385.71
7189,2025-09-08,2400.17
7189,2025-09-15,2329.81
7189,2025-09-22,2452.22
7189,2025-09-29,2374.7
7189,2025-10-06,2363.91
7189,2025-10-13,2317.79
7189,2025-10-20,2494.42
7189,2025-10-27,2588.62
7189,2025-11-03,2626.89
7189,2025-11-10,2840.32
7189,2025-11-17,2818.24
7189,2025-11-24,2909.5
7189,2025-12-01,2963.47
7189,2025-12-08,2953.66
7189,2025-12-15,3106.74
7189,2025-12-22,3085.15
7189,2025-12-29,3150.9
7189,2026-01-05,3345.19
7189,2026-01-12,3640.56
7189,2026-01-19,3637.61
7189,2026-01-26,3660.18
7189,2026-02-02,4081.15
7189,2026-02-09,4227.36
7189,2026-02-16,4336.29
7189,2026-02-23,4370.63
7189,2026-03-02,4043.86
7189,2026-03-09,3844.66
7189,2026-03-16,3795.6
7189,2026-03-23,3827.0
7189,2026-03-30,4008.0
7189,2026-04-06,4217.0
7189,2026-04-13,4185.0
7189,2026-04-20,3812.0
7189,2026-04-27,3908.0
7189,2026-05-04,3946.0
7189,2026-05-11,4050.0
7189,2026-05-18,4097.0
7189,2026-05-25,3953.0
7189,2026-06-01,4008.0
7189,2026-06-08,4169.0
7189,2026-06-15,4072.0
7189,2026-06-22,4204.0
7189,2026-06-29,4282.0
7189,2026-07-06,4340.0
7189,2026-07-13,4106.0
7189,2026-07-20,4441.0
7189,2026-07-27,4268.0
7189,2026-08-03,4532.0
7189,2026-08-10,4771.0
7189,2026-08-17,4873.0
7236,2025-08-25,630.63
7236,2025-09-01,639.95
7236,2025-09-08,614.8
7236,2025-09-15,712.6
7236,2025-09-22,693.04
7236,2025-09-29,654.96
7236,2025-10-06,648.3
7236,2025-10-13,650.2
7236,2025-10-20,691.14
7236,2025-10-27,665.43
7236,2025-11-03,836.79
7236,2025-11-10,874.87
7236,2025-11-17,870.11
7236,2025-11-24,855.83
7236,2025-12-01,799.66
7236,2025-12-08,815.85
7236,2025-12-15,801.57
7236,2025-12-22,791.1
7236,2025-12-29,781.58
7236,2026-01-05,772.06
7236,2026-01-12,836.79
7236,2026-01-19,825.37
7236,2026-01-26,812.04
7236,2026-02-02,1068.12
7236,2026-02-09,1094.78
7236,2026-02-16,1041.47
7236,2026-02-23,1027.19
7236,2026-03-02,928.18
7236,2026-03-09,871.06
7236,2026-03-16,840.6
7236,2026-03-23,793.0
7236,2026-03-30,805.0
7236,2026-04-06,820.0
7236,2026-04-13,904.0
7236,2026-04-20,815.0
7236,2026-04-27,1460.0
7236,2026-05-04,1450.0
7236,2026-05-11,1437.0
7236,2026-05-18,1474.0
7236,2026-05-25,1486.0
7236,2026-06-01,1436.0
7236,2026-06-08,1395.0
7236,2026-06-15,1428.0
7236,2026-06-22,1505.0
7236,2026-06-29,1559.0
7236,2026-07-06,1478.0
7236,2026-07-13,1482.0
7236,2026-07-20,1502.0
7236,2026-07-27,1483.0
7236,2026-08-03,1526.0
7236,2026-08-10,1585.0
7236,2026-08-17,1581.0
7322,2025-08-25,874.02
7322,2025-09-01,853.42
7322,2025-09-08,853.42
7322,2025-09-15,840.08
7322,2025-09-22,878.87
7322,2025-09-29,860.12
7322,2025-10-06,866.29
7322,2025-10-13,874.92
7322,2025-10-20,898.37
7322,2025-10-27,900.84
7322,2025-11-03,920.58
7322,2025-11-10,942.8
7322,2025-11-17,950.2
7322,2025-11-24,1009.43
7322,2025-12-01,1004.5
7322,2025-12-08,1010.67
7322,2025-12-15,1042.75
7322,2025-12-22,1043.99
7322,2025-12-29,1087.18
7322,2026-01-05,1148.88
7322,2026-01-12,1229.09
7322,2026-01-19,1263.64
7322,2026-01-26,1234.03
7322,2026-02-02,1377.17
7322,2026-02-09,1505.51
7322,2026-02-16,1510.45
7322,2026-02-23,1557.34
7322,2026-03-02,1515.38
7322,2026-03-09,1495.64
7322,2026-03-16,1503.04
7322,2026-03-23,1545.0
7322,2026-03-30,1516.0
7322,2026-04-06,1646.0
7322,2026-04-13,1680.0
7322,2026-04-20,1529.0
7322,2026-04-27,1634.0
7322,2026-05-04,1659.0
7322,2026-05-11,1697.0
7322,2026-05-18,1711.0
7322,2026-05-25,1598.0
7322,2026-06-01,1612.0
7322,2026-06-08,1751.0
7322,2026-06-15,1660.0
7322,2026-06-22,1721.0
7322,2026-06-29,1825.0
7322,2026-07-06,1799.0
7322,2026-07-13,1775.0
7322,2026-07-20,1997.0
7322,2026-07-27,1910.0
7322,2026-08-03,1901.0
7322,2026-08-10,2077.0
7322,2026-08-17,2081.0
7327,2025-08-25,1278.25
7327,2025-09-01,1300.73
7327,2025-09-08,1318.39
7327,2025-09-15,1294.31
7327,2025-09-22,1371.39
7327,2025-09-29,1399.54
7327,2025-10-06,1400.52
7327,2025-10-13,1417.22
7327,2025-10-20,1432.93
7327,2025-10-27,1461.42
7327,2025-11-03,1457.49
7327,2025-11-10,1472.22
7327,2025-11-17,1502.67
7327,2025-11-24,1590.07
7327,2025-12-01,1622.49
7327,2025-12-08,1602.84
7327,2025-12-15,1619.54
7327,2025-12-22,1594.0
7327,2025-12-29,1598.91
7327,2026-01-05,1712.84
7327,2026-01-12,1780.61
7327,2026-01-19,1819.89
7327,2026-01-26,1804.18
7327,2026-02-02,1868.02
7327,2026-02-09,1997.66
7327,2026-02-16,1962.3
7327,2026-02-23,2004.54
7327,2026-03-02,2011.41
7327,2026-03-09,1936.77
7327,2026-03-16,1931.86
7327,2026-03-23,1979.0
7327,2026-03-30,1937.0
7327,2026-04-06,2015.0
7327,2026-04-13,1996.0
7327,2026-04-20,1841.0
7327,2026-04-27,1944.0
7327,2026-05-04,1977.0
7327,2026-05-11,2030.0
7327,2026-05-18,2115.0
7327,2026-05-25,2020.0
7327,2026-06-01,2046.0
7327,2026-06-08,2104.0
7327,2026-06-15,2076.0
7327,2026-06-22,2131.0
7327,2026-06-29,2211.0
7327,2026-07-06,2246.0
7327,2026-07-13,2202.0
7327,2026-07-20,2365.0
7327,2026-07-27,2308.0
7327,2026-08-03,2372.0
7327,2026-08-10,2500.0
7327,2026-08-17,2555.0
7337,2025-08-25,1364.81
7337,2025-09-01,1363.36
7337,2025-09-08,1374.46
7337,2025-09-15,1351.78
7337,2025-09-22,1414.02
7337,2025-09-29,1381.09
7337,2025-10-06,1360.94
7337,2025-10-13,1337.84
7337,2025-10-20,1369.78
7337,2025-10-27,1415.49
7337,2025-11-03,1431.22
7337,2025-11-10,1452.85
7337,2025-11-17,1463.17
7337,2025-11-24,1522.15
7337,2025-12-01,1519.69
7337,2025-12-08,1546.72
7337,2025-12-15,1580.63
7337,2025-12-22,1541.31
7337,2025-12-29,1554.58
7337,2026-01-05,1631.26
7337,2026-01-12,1704.0
7337,2026-01-19,1697.61
7337,2026-01-26,1717.27
7337,2026-02-02,1861.27
7337,2026-02-09,1906.49
7337,2026-02-16,1891.75
7337,2026-02-23,1903.54
7337,2026-03-02,1818.52
7337,2026-03-09,1799.84
7337,2026-03-16,1750.69
7337,2026-03-23,1790.5
7337,2026-03-30,1810.0
7337,2026-04-06,1928.5
7337,2026-04-13,1923.5
7337,2026-04-20,1791.5
7337,2026-04-27,1842.5
7337,2026-05-04,1857.5
7337,2026-05-11,2053.5
7337,2026-05-18,2082.0
7337,2026-05-25,2017.5
7337,2026-06-01,2022.5
7337,2026-06-08,2081.5
7337,2026-06-15,2080.5
7337,2026-06-22,2100.5
7337,2026-06-29,2198.5
7337,2026-07-06,2199.0
7337,2026-07-13,2131.0
7337,2026-07-20,2304.0
7337,2026-07-27,2204.5
7337,2026-08-03,2268.0
7337,2026-08-10,2364.5
7337,2026-08-17,2394.5
7350,2025-08-25,3582.97
7350,2025-09-01,3515.46
7350,2025-09-08,3500.99
7350,2025-09-15,3549.22
7350,2025-09-22,3756.57
7350,2025-09-29,3682.92
7350,2025-10-06,3619.08
7350,2025-10-13,3569.97
7350,2025-10-20,3732.02
7350,2025-10-27,3776.22
7350,2025-11-03,3835.14
7350,2025-11-10,4247.63
7350,2025-11-17,4242.72
7350,2025-11-24,4561.91
7350,2025-12-01,4517.71
7350,2025-12-08,4522.62
7350,2025-12-15,4620.83
7350,2025-12-22,4620.83
7350,2025-12-29,4679.76
7350,2026-01-05,4876.18
7350,2026-01-12,5126.62
7350,2026-01-19,5303.4
7350,2026-01-26,5156.08
7350,2026-02-02,5598.03
7350,2026-02-09,5735.53
7350,2026-02-16,5794.45
7350,2026-02-23,5902.49
7350,2026-03-02,5460.54
7350,2026-03-09,5313.22
7350,2026-03-16,5352.5
7350,2026-03-23,5490.0
7350,2026-03-30,5380.0
7350,2026-04-06,5720.0
7350,2026-04-13,5910.0
7350,2026-04-20,5500.0
7350,2026-04-27,5590.0
7350,2026-05-04,5700.0
7350,2026-05-11,5910.0
7350,2026-05-18,6150.0
7350,2026-05-25,6170.0
7350,2026-06-01,6190.0
7350,2026-06-08,6470.0
7350,2026-06-15,6250.0
7350,2026-06-22,6330.0
7350,2026-06-29,6630.0
7350,2026-07-06,6760.0
7350,2026-07-13,6830.0
7350,2026-07-20,7360.0
7350,2026-07-27,7350.0
7350,2026-08-03,7610.0
7350,2026-08-10,7940.0
7350,2026-08-17,8120.0
7358,2025-08-25,1475.73
7358,2025-09-01,1405.97
7358,2025-09-08,1400.16
7358,2025-09-15,1457.32
7358,2025-09-22,1400.16
7358,2025-09-29,1373.02
7358,2025-10-06,1431.16
7358,2025-10-13,1435.04
7358,2025-10-20,1451.51
7358,2025-10-27,1406.94
7358,2025-11-03,1394.34
7358,2025-11-10,1337.17
7358,2025-11-17,1357.52
7358,2025-11-24,1326.51
7358,2025-12-01,1394.34
7358,2025-12-08,1386.59
7358,2025-12-15,1401.12
7358,2025-12-22,1405.0
7358,2025-12-29,1414.0
7358,2026-01-05,1446.0
7358,2026-01-12,1450.0
7358,2026-01-19,1402.0
7358,2026-01-26,1361.0
7358,2026-02-02,1386.0
7358,2026-02-09,1435.0
7358,2026-02-16,1406.0
7358,2026-02-23,1456.0
7358,2026-03-02,1423.0
7358,2026-03-09,1451.0
7358,2026-03-16,1440.0
7358,2026-03-23,1455.0
7358,2026-03-30,1440.0
7358,2026-04-06,1438.0
7358,2026-04-13,1421.0
7358,2026-04-20,1394.0
7358,2026-04-27,1510.0
7358,2026-05-04,1449.0
7358,2026-05-11,1385.0
7358,2026-05-18,1366.0
7358,2026-05-25,1360.0
7358,2026-06-01,1405.0
7358,2026-06-08,1372.0
7358,2026-06-15,1380.0
7358,2026-06-22,1400.0
7358,2026-06-29,1459.0
7358,2026-07-06,1492.0
7358,2026-07-13,1483.0
7358,2026-07-20,1477.0
7358,2026-07-27,1479.0
7358,2026-08-03,1467.0
7358,2026-08-10,1733.0
7358,2026-08-17,1785.0
7380,2025-08-25,1056.59
7380,2025-09-01,1060.46
7380,2025-09-08,1072.08
7380,2025-09-15,1054.66
7380,2025-09-22,1091.43
7380,2025-09-29,1055.97
7380,2025-10-06,1055.97
7380,2025-10-13,1061.88
7380,2025-10-20,1091.43
7380,2025-10-27,1107.19
7380,2025-11-03,1132.8
7380,2025-11-10,1168.26
7380,2025-11-17,1205.69
7380,2025-11-24,1225.39
7380,2025-12-01,1258.88
7380,2025-12-08,1294.35
7380,2025-12-15,1319.96
7380,2025-12-22,1345.57
7380,2025-12-29,1418.46
7380,2026-01-05,1461.8
7380,2026-01-12,1591.83
7380,2026-01-19,1676.54
7380,2026-01-26,1615.47
7380,2026-02-02,1780.96
7380,2026-02-09,1802.63
7380,2026-02-16,1946.44
7380,2026-02-23,2029.19
7380,2026-03-02,1869.61
7380,2026-03-09,1784.9
7380,2026-03-16,1741.56
7380,2026-03-23,1844.0
7380,2026-03-30,1870.0
7380,2026-04-06,2055.0
7380,2026-04-13,2116.0
7380,2026-04-20,1999.0
7380,2026-04-27,2059.0
7380,2026-05-04,2060.0
7380,2026-05-11,2045.0
7380,2026-05-18,2151.0
7380,2026-05-25,2116.0
7380,2026-06-01,2095.0
7380,2026-06-08,2197.0
7380,2026-06-15,2179.0
7380,2026-06-22,2290.0
7380,2026-06-29,2461.0
7380,2026-07-06,2464.0
7380,2026-07-13,2312.0
7380,2026-07-20,2562.0
7380,2026-07-27,2366.0
7380,2026-08-03,2416.0
7380,2026-08-10,2582.0
7380,2026-08-17,2630.0
7381,2025-08-25,599.49
7381,2025-09-01,612.12
7381,2025-09-08,624.75
7381,2025-09-15,609.21
7381,2025-09-22,651.96
7381,2025-09-29,649.0
7381,2025-10-06,633.19
7381,2025-10-13,628.25
7381,2025-10-20,651.96
7381,2025-10-27,650.97
7381,2025-11-03,638.13
7381,2025-11-10,641.09
7381,2025-11-17,641.09
7381,2025-11-24,693.45
7381,2025-12-01,700.36
7381,2025-12-08,705.3
7381,2025-12-15,706.29
7381,2025-12-22,785.31
7381,2025-12-29,798.16
7381,2026-01-05,889.04
7381,2026-01-12,969.05
7381,2026-01-19,964.11
7381,2026-01-26,913.73
7381,2026-02-02,930.52
7381,2026-02-09,968.06
7381,2026-02-16,1000.66
7381,2026-02-23,1041.16
7381,2026-03-02,1008.56
7381,2026-03-09,952.26
7381,2026-03-16,952.26
7381,2026-03-23,973.0
7381,2026-03-30,985.0
7381,2026-04-06,1024.0
7381,2026-04-13,1015.0
7381,2026-04-20,924.0
7381,2026-04-27,963.0
7381,2026-05-04,1014.0
7381,2026-05-11,1044.0
7381,2026-05-18,1056.0
7381,2026-05-25,1037.0
7381,2026-06-01,1034.0
7381,2026-06-08,989.0
7381,2026-06-15,961.0
7381,2026-06-22,978.0
7381,2026-06-29,1043.0
7381,2026-07-06,1034.0
7381,2026-07-13,1072.0
7381,2026-07-20,1156.0
7381,2026-07-27,1107.0
7381,2026-08-03,1214.0
7381,2026-08-10,1268.0
7381,2026-08-17,1302.0
7384,2025-08-25,1672.2
7384,2025-09-01,1656.55
7384,2025-09-08,1679.05
7384,2025-09-15,1665.35
7384,2025-09-22,1713.27
7384,2025-09-29,1672.6
7384,2025-10-06,1651.76
7384,2025-10-13,1655.73
7384,2025-10-20,1682.52
7384,2025-10-27,1718.23
7384,2025-11-03,1710.3
7384,2025-11-10,1748.99
7384,2025-11-17,1666.65
7384,2025-11-24,1740.06
7384,2025-12-01,1723.19
7384,2025-12-08,1778.75
7384,2025-12-15,1809.5
7384,2025-12-22,2063.47
7384,2025-12-29,2161.68
7384,2026-01-05,2321.4
7384,2026-01-12,2395.8
7384,2026-01-19,2751.95
7384,2026-01-26,2654.73
7384,2026-02-02,2886.87
7384,2026-02-09,2793.62
7384,2026-02-16,2837.27
7384,2026-02-23,2957.3
7384,2026-03-02,3010.87
7384,2026-03-09,3035.68
7384,2026-03-16,3045.6
7384,2026-03-23,3120.0
7384,2026-03-30,3160.0
7384,2026-04-06,3250.0
7384,2026-04-13,3790.0
7384,2026-04-20,3435.0
7384,2026-04-27,3525.0
7384,2026-05-04,3580.0
7384,2026-05-11,3445.0
7384,2026-05-18,3820.0
7384,2026-05-25,3915.0
7384,2026-06-01,3960.0
7384,2026-06-08,3550.0
7384,2026-06-15,3445.0
7384,2026-06-22,3555.0
7384,2026-06-29,4055.0
7384,2026-07-06,4065.0
7384,2026-07-13,3860.0
7384,2026-07-20,4330.0
7384,2026-07-27,4000.0
7384,2026-08-03,4315.0
7384,2026-08-10,4625.0
7384,2026-08-17,4830.0
7565,2025-08-25,5842.68
7565,2025-09-01,5697.82
7565,2025-09-08,5321.18
7565,2025-09-15,4973.52
7565,2025-09-22,5079.75
7565,2025-09-29,4787.25
7565,2025-10-06,4914.0
7565,2025-10-13,4801.88
7565,2025-10-20,4762.88
7565,2025-10-27,5343.0
7565,2025-11-03,5040.75
7565,2025-11-10,5079.75
7565,2025-11-17,4972.5
7565,2025-11-24,5167.5
7565,2025-12-01,5274.75
7565,2025-12-08,5440.5
7565,2025-12-15,5508.75
7565,2025-12-22,5733.0
7565,2025-12-29,5869.5
7565,2026-01-05,5674.5
7565,2026-01-12,5840.25
7565,2026-01-19,5820.75
7565,2026-01-26,5850.0
7565,2026-02-02,5947.5
7565,2026-02-09,5820.75
7565,2026-02-16,5791.5
7565,2026-02-23,5898.75
7565,2026-03-02,5937.75
7565,2026-03-09,5830.5
7565,2026-03-16,5801.25
7565,2026-03-23,5850.0
7565,2026-03-30,5950.0
7565,2026-04-06,5950.0
7565,2026-04-13,6070.0
7565,2026-04-20,5850.0
7565,2026-04-27,6100.0
7565,2026-05-04,6000.0
7565,2026-05-11,6330.0
7565,2026-05-18,6100.0
7565,2026-05-25,6040.0
7565,2026-06-01,6200.0
7565,2026-06-08,6100.0
7565,2026-06-15,6130.0
7565,2026-06-22,5960.0
7565,2026-06-29,6200.0
7565,2026-07-06,6400.0
7565,2026-07-13,6710.0
7565,2026-07-20,6730.0
7565,2026-07-27,7090.0
7565,2026-08-03,7150.0
7565,2026-08-10,8000.0
7565,2026-08-17,7850.0
7624,2025-08-25,134.17
7624,2025-09-01,134.17
7624,2025-09-08,137.08
7624,2025-09-15,137.08
7624,2025-09-22,137.08
7624,2025-09-29,134.17
7624,2025-10-06,134.17
7624,2025-10-13,133.19
7624,2025-10-20,136.11
7624,2025-10-27,133.19
7624,2025-11-03,135.14
7624,2025-11-10,136.11
7624,2025-11-17,133.19
7624,2025-11-24,136.11
7624,2025-12-01,135.14
7624,2025-12-08,135.14
7624,2025-12-15,137.08
7624,2025-12-22,131.25
7624,2025-12-29,129.31
7624,2026-01-05,138.06
7624,2026-01-12,138.06
7624,2026-01-19,140.0
7624,2026-01-26,135.14
7624,2026-02-02,137.08
7624,2026-02-09,140.0
7624,2026-02-16,140.0
7624,2026-02-23,144.0
7624,2026-03-02,139.0
7624,2026-03-09,136.0
7624,2026-03-16,136.0
7624,2026-03-23,134.0
7624,2026-03-30,133.0
7624,2026-04-06,133.0
7624,2026-04-13,133.0
7624,2026-04-20,133.0
7624,2026-04-27,134.0
7624,2026-05-04,134.0
7624,2026-05-11,134.0
7624,2026-05-18,133.0
7624,2026-05-25,135.0
7624,2026-06-01,134.0
7624,2026-06-08,132.0
7624,2026-06-15,136.0
7624,2026-06-22,138.0
7624,2026-06-29,142.0
7624,2026-07-06,141.0
7624,2026-07-13,140.0
7624,2026-07-20,139.0
7624,2026-07-27,139.0
7624,2026-08-03,140.0
7624,2026-08-10,145.0
7624,2026-08-17,151.0
7747,2025-08-25,2502.97
7747,2025-09-01,2686.06
7747,2025-09-08,2654.97
7747,2025-09-15,2524.69
7747,2025-09-22,2382.07
7747,2025-09-29,2251.79
7747,2025-10-06,2329.27
7747,2025-10-13,2282.38
7747,2025-10-20,2426.98
7747,2025-10-27,2415.13
7747,2025-11-03,2372.2
7747,2025-11-10,2363.81
7747,2025-11-17,2855.32
7747,2025-11-24,2888.39
7747,2025-12-01,3021.14
7747,2025-12-08,2998.44
7747,2025-12-15,2970.8
7747,2025-12-22,2906.15
7747,2025-12-29,2899.25
7747,2026-01-05,2914.54
7747,2026-01-12,2893.82
7747,2026-01-19,2763.54
7747,2026-01-26,2536.53
7747,2026-02-02,2498.04
7747,2026-02-09,2566.14
7747,2026-02-16,2941.69
7747,2026-02-23,3322.17
7747,2026-03-02,3251.1
7747,2026-03-09,3048.77
7747,2026-03-16,3112.93
7747,2026-03-23,3311.31
7747,2026-03-30,3465.28
7747,2026-04-06,3486.99
7747,2026-04-13,3450.47
7747,2026-04-20,3311.31
7747,2026-04-27,3203.73
7747,2026-05-04,3262.95
7747,2026-05-11,3349.8
7747,2026-05-18,3632.08
7747,2026-05-25,3716.96
7747,2026-06-01,3722.88
7747,2026-06-08,3587.66
7747,2026-06-15,3446.52
7747,2026-06-22,3676.49
7747,2026-06-29,3864.0
7747,2026-07-06,3573.0
7747,2026-07-13,3569.0
7747,2026-07-20,3379.0
7747,2026-07-27,3593.0
7747,2026-08-03,3689.0
7747,2026-08-10,3874.0
7747,2026-08-17,4100.0
7856,2025-08-25,1572.62
7856,2025-09-01,1602.34
7856,2025-09-08,1627.27
7856,2025-09-15,1643.58
7856,2025-09-22,1645.49
7856,2025-09-29,1602.34
7856,2025-10-06,1599.47
7856,2025-10-13,1616.73
7856,2025-10-20,1651.25
7856,2025-10-27,1577.5
7856,2025-11-03,1536.37
7856,2025-11-10,1552.04
7856,2025-11-17,1553.02
7856,2025-11-24,1563.79
7856,2025-12-01,1572.6
7856,2025-12-08,1609.81
7856,2025-12-15,1618.62
7856,2025-12-22,1654.85
7856,2025-12-29,1656.81
7856,2026-01-05,1677.38
7856,2026-01-12,1695.0
7856,2026-01-19,1680.31
7856,2026-01-26,1665.63
7856,2026-02-02,1688.15
7856,2026-02-09,1733.19
7856,2026-02-16,1742.98
7856,2026-02-23,1816.42
7856,2026-03-02,1752.77
7856,2026-03-09,1672.48
7856,2026-03-16,1672.48
7856,2026-03-23,1702.84
7856,2026-03-30,1729.27
7856,2026-04-06,1705.77
7856,2026-04-13,1704.79
7856,2026-04-20,1651.92
7856,2026-04-27,1643.0
7856,2026-05-04,1652.0
7856,2026-05-11,1717.0
7856,2026-05-18,1672.0
7856,2026-05-25,1652.0
7856,2026-06-01,1670.0
7856,2026-06-08,1698.0
7856,2026-06-15,1729.0
7856,2026-06-22,1754.0
7856,2026-06-29,1734.0
7856,2026-07-06,1761.0
7856,2026-07-13,1777.0
7856,2026-07-20,1778.0
7856,2026-07-27,1781.0
7856,2026-08-03,1828.0
7856,2026-08-10,1870.0
7856,2026-08-17,1885.0
7928,2025-08-25,597.1
7928,2025-09-01,588.17
7928,2025-09-08,596.11
7928,2025-09-15,592.14
7928,2025-09-22,586.19
7928,2025-09-29,586.19
7928,2025-10-06,576.27
7928,2025-10-13,575.28
7928,2025-10-20,578.25
7928,2025-10-27,573.29
7928,2025-11-03,572.3
7928,2025-11-10,577.26
7928,2025-11-17,577.26
7928,2025-11-24,583.21
7928,2025-12-01,578.25
7928,2025-12-08,576.27
7928,2025-12-15,572.3
7928,2025-12-22,577.26
7928,2025-12-29,584.2
7928,2026-01-05,587.18
7928,2026-01-12,609.0
7928,2026-01-19,611.98
7928,2026-01-26,594.12
7928,2026-02-02,607.02
7928,2026-02-09,609.99
7928,2026-02-16,606.02
7928,2026-02-23,618.0
7928,2026-03-02,601.0
7928,2026-03-09,599.0
7928,2026-03-16,615.0
7928,2026-03-23,610.0
7928,2026-03-30,621.0
7928,2026-04-06,614.0
7928,2026-04-13,620.0
7928,2026-04-20,610.0
7928,2026-04-27,604.0
7928,2026-05-04,607.0
7928,2026-05-11,608.0
7928,2026-05-18,608.0
7928,2026-05-25,600.0
7928,2026-06-01,600.0
7928,2026-06-08,596.0
7928,2026-06-15,612.0
7928,2026-06-22,610.0
7928,2026-06-29,621.0
7928,2026-07-06,639.0
7928,2026-07-13,620.0
7928,2026-07-20,630.0
7928,2026-07-27,632.0
7928,2026-08-03,638.0
7928,2026-08-10,651.0
7928,2026-08-17,654.0
7942,2025-08-25,1873.13
7942,2025-09-01,1900.0
7942,2025-09-08,1884.65
7942,2025-09-15,1878.89
7942,2025-09-22,1916.31
7942,2025-09-29,1878.12
7942,2025-10-06,1836.02
7942,2025-10-13,1859.52
7942,2025-10-20,1900.65
7942,2025-10-27,1848.75
7942,2025-11-03,1897.71
7942,2025-11-10,2088.65
7942,2025-11-17,2286.46
7942,2025-11-24,2306.04
7942,2025-12-01,2272.75
7942,2025-12-08,2297.23
7942,2025-12-15,2303.1
7942,2025-12-22,2371.65
7942,2025-12-29,2396.13
7942,2026-01-05,2480.34
7942,2026-01-12,2474.46
7942,2026-01-19,2522.44
7942,2026-01-26,2386.33
7942,2026-02-02,2677.16
7942,2026-02-09,2734.93
7942,2026-02-16,2726.12
7942,2026-02-23,2855.38
7942,2026-03-02,2502.86
7942,2026-03-09,2390.25
7942,2026-03-16,2386.33
7942,2026-03-23,2355.0
7942,2026-03-30,2293.0
7942,2026-04-06,2461.0
7942,2026-04-13,2434.0
7942,2026-04-20,2333.0
7942,2026-04-27,2461.0
7942,2026-05-04,2610.0
7942,2026-05-11,2585.0
7942,2026-05-18,2540.0
7942,2026-05-25,2585.0
7942,2026-06-01,2605.0
7942,2026-06-08,2592.0
7942,2026-06-15,2595.0
7942,2026-06-22,2508.0
7942,2026-06-29,2531.0
7942,2026-07-06,2450.0
7942,2026-07-13,2432.0
7942,2026-07-20,2446.0
7942,2026-07-27,2533.0
7942,2026-08-03,2980.0
7942,2026-08-10,3085.0
7942,2026-08-17,3160.0
8037,2025-08-25,2740.79
8037,2025-09-01,2809.26
8037,2025-09-08,2816.97
8037,2025-09-15,2851.69
8037,2025-09-22,2922.09
8037,2025-09-29,2823.06
8037,2025-10-06,2775.99
8037,2025-10-13,2805.41
8037,2025-10-20,2966.22
8037,2025-10-27,2861.3
8037,2025-11-03,2927.0
8037,2025-11-10,2786.77
8037,2025-11-17,2756.38
8037,2025-11-24,2851.49
8037,2025-12-01,2786.77
8037,2025-12-08,2836.78
8037,2025-12-15,2951.51
8037,2025-12-22,2934.84
8037,2025-12-29,2961.32
8037,2026-01-05,3128.01
8037,2026-01-12,3240.78
8037,2026-01-19,3186.85
8037,2026-01-26,3020.15
8037,2026-02-02,3162.33
8037,2026-02-09,3196.65
8037,2026-02-16,3211.36
8037,2026-02-23,3329.03
8037,2026-03-02,3103.5
8037,2026-03-09,3010.34
8037,2026-03-16,3083.89
8037,2026-03-23,3280.0
8037,2026-03-30,3450.0
8037,2026-04-06,3425.0
8037,2026-04-13,3295.0
8037,2026-04-20,3185.0
8037,2026-04-27,3220.0
8037,2026-05-04,3345.0
8037,2026-05-11,3335.0
8037,2026-05-18,3565.0
8037,2026-05-25,3605.0
8037,2026-06-01,3440.0
8037,2026-06-08,3430.0
8037,2026-06-15,3490.0
8037,2026-06-22,3455.0
8037,2026-06-29,3545.0
8037,2026-07-06,3640.0
8037,2026-07-13,3630.0
8037,2026-07-20,3720.0
8037,2026-07-27,3895.0
8037,2026-08-03,4150.0
8037,2026-08-10,4335.0
8037,2026-08-17,4420.0
8043,2025-08-25,1155.86
8043,2025-09-01,1170.37
8043,2025-09-08,1170.37
8043,2025-09-15,1180.05
8043,2025-09-22,1200.36
8043,2025-09-29,1126.85
8043,2025-10-06,1111.37
8043,2025-10-13,1121.04
8043,2025-10-20,1145.22
8043,2025-10-27,1122.98
8043,2025-11-03,1136.52
8043,2025-11-10,1150.06
8043,2025-11-17,1172.31
8043,2025-11-24,1211.0
8043,2025-12-01,1157.8
8043,2025-12-08,1186.82
8043,2025-12-15,1226.47
8043,2025-12-22,1209.06
8043,2025-12-29,1213.9
8043,2026-01-05,1234.21
8043,2026-01-12,1276.77
8043,2026-01-19,1275.8
8043,2026-01-26,1276.77
8043,2026-02-02,1305.79
8043,2026-02-09,1309.66
8043,2026-02-16,1299.02
8043,2026-02-23,1329.97
8043,2026-03-02,1265.16
8043,2026-03-09,1224.54
8043,2026-03-16,1222.6
8043,2026-03-23,1270.0
8043,2026-03-30,1278.0
8043,2026-04-06,1241.0
8043,2026-04-13,1205.0
8043,2026-04-20,1135.0
8043,2026-04-27,1138.0
8043,2026-05-04,1118.0
8043,2026-05-11,1148.0
8043,2026-05-18,1127.0
8043,2026-05-25,1175.0
8043,2026-06-01,1150.0
8043,2026-06-08,1171.0
8043,2026-06-15,1186.0
8043,2026-06-22,1191.0
8043,2026-06-29,1232.0
8043,2026-07-06,1287.0
8043,2026-07-13,1291.0
8043,2026-07-20,1299.0
8043,2026-07-27,1347.0
8043,2026-08-03,1365.0
8043,2026-08-10,1507.0
8043,2026-08-17,1529.0
8066,2025-08-25,2064.71
8066,2025-09-01,2079.09
8066,2025-09-08,2068.54
8066,2025-09-15,2103.05
8066,2025-09-22,2103.05
8066,2025-09-29,2183.26
8066,2025-10-06,2239.99
8066,2025-10-13,2191.08
8066,2025-10-20,2226.3
8066,2025-10-27,2269.34
8066,2025-11-03,2306.51
8066,2025-11-10,2327.05
8066,2025-11-17,2323.14
8066,2025-11-24,2332.92
8066,2025-12-01,2166.63
8066,2025-12-08,2216.52
8066,2025-12-15,2296.73
8066,2025-12-22,2215.54
8066,2025-12-29,2248.8
8066,2026-01-05,2210.65
8066,2026-01-12,2208.69
8066,2026-01-19,2166.63
8066,2026-01-26,2328.03
8066,2026-02-02,2445.41
8066,2026-02-09,2688.97
8066,2026-02-16,2553.98
8066,2026-02-23,2787.76
8066,2026-03-02,2581.37
8066,2026-03-09,2521.7
8066,2026-03-16,2419.97
8066,2026-03-23,2374.0
8066,2026-03-30,2359.0
8066,2026-04-06,2359.0
8066,2026-04-13,2370.0
8066,2026-04-20,2397.0
8066,2026-04-27,2666.0
8066,2026-05-04,2740.0
8066,2026-05-11,2718.0
8066,2026-05-18,2574.0
8066,2026-05-25,2481.0
8066,2026-06-01,2447.0
8066,2026-06-08,2491.0
8066,2026-06-15,2509.0
8066,2026-06-22,2507.0
8066,2026-06-29,2679.0
8066,2026-07-06,2751.0
8066,2026-07-13,2813.0
8066,2026-07-20,2785.0
8066,2026-07-27,2897.0
8066,2026-08-03,3145.0
8066,2026-08-10,3230.0
8066,2026-08-17,3350.0
8075,2025-08-25,2162.7
8075,2025-09-01,2227.66
8075,2025-09-08,2186.58
8075,2025-09-15,2162.7
8075,2025-09-22,2188.5
8075,2025-09-29,2139.6
8075,2025-10-06,2196.32
8075,2025-10-13,2251.08
8075,2025-10-20,2321.49
8075,2025-10-27,2275.53
8075,2025-11-03,2274.55
8075,2025-11-10,2259.88
8075,2025-11-17,2297.04
8075,2025-11-24,2379.18
8075,2025-12-01,2331.27
8075,2025-12-08,2415.36
8075,2025-12-15,2425.14
8075,2025-12-22,2443.72
8075,2025-12-29,2475.01
8075,2026-01-05,2559.11
8075,2026-01-12,2652.01
8075,2026-01-19,2607.03
8075,2026-01-26,2596.27
8075,2026-02-02,2739.04
8075,2026-02-09,2689.17
8075,2026-02-16,2652.99
8075,2026-02-23,2707.75
8075,2026-03-02,2460.35
8075,2026-03-09,2335.18
8075,2026-03-16,2317.58
8075,2026-03-23,2343.0
8075,2026-03-30,2378.0
8075,2026-04-06,2400.0
8075,2026-04-13,2398.0
8075,2026-04-20,2278.0
8075,2026-04-27,2311.0
8075,2026-05-04,2313.0
8075,2026-05-11,2401.0
8075,2026-05-18,2394.0
8075,2026-05-25,2448.0
8075,2026-06-01,2367.0
8075,2026-06-08,2410.0
8075,2026-06-15,2450.0
8075,2026-06-22,2388.0
8075,2026-06-29,2410.0
8075,2026-07-06,2452.0
8075,2026-07-13,2453.0
8075,2026-07-20,2553.0
8075,2026-07-27,2577.0
8075,2026-08-03,3005.0
8075,2026-08-10,3020.0
8075,2026-08-17,3125.0
8084,2025-08-25,2952.91
8084,2025-09-01,3020.02
8084,2025-09-08,3053.57
8084,2025-09-15,3043.99
8084,2025-09-22,3053.57
8084,2025-09-29,2987.94
8084,2025-10-06,2914.46
8084,2025-10-13,2958.55
8084,2025-10-20,3046.72
8084,2025-10-27,3134.88
8084,2025-11-03,2978.14
8084,2025-11-10,3090.8
8084,2025-11-17,3134.88
8084,2025-11-24,3208.36
8084,2025-12-01,3257.34
8084,2025-12-08,3409.19
8084,2025-12-15,3423.88
8084,2025-12-22,3477.76
8084,2025-12-29,3536.54
8084,2026-01-05,3551.24
8084,2026-01-12,3712.88
8084,2026-01-19,3761.86
8084,2026-01-26,3605.12
8084,2026-02-02,3531.64
8084,2026-02-09,3590.42
8084,2026-02-16,3477.76
8084,2026-02-23,3644.3
8084,2026-03-02,3399.39
8084,2026-03-09,3262.24
8084,2026-03-16,3286.73
8084,2026-03-23,3370.0
8084,2026-03-30,3340.0
8084,2026-04-06,3310.0
8084,2026-04-13,3500.0
8084,2026-04-20,3425.0
8084,2026-04-27,3545.0
8084,2026-05-04,3550.0
8084,2026-05-11,3575.0
8084,2026-05-18,3680.0
8084,2026-05-25,3790.0
8084,2026-06-01,3980.0
8084,2026-06-08,3930.0
8084,2026-06-15,3895.0
8084,2026-06-22,3925.0
8084,2026-06-29,4010.0
8084,2026-07-06,3920.0
8084,2026-07-13,3790.0
8084,2026-07-20,3870.0
8084,2026-07-27,4360.0
8084,2026-08-03,4560.0
8084,2026-08-10,4680.0
8084,2026-08-17,4815.0
8095,2025-08-25,499.82
8095,2025-09-01,497.89
8095,2025-09-08,498.85
8095,2025-09-15,500.78
8095,2025-09-22,518.11
8095,2025-09-29,497.89
8095,2025-10-06,471.89
8095,2025-10-13,457.44
8095,2025-10-20,465.15
8095,2025-10-27,450.7
8095,2025-11-03,450.7
8095,2025-11-10,462.26
8095,2025-11-17,457.44
8095,2025-11-24,468.2
8095,2025-12-01,447.59
8095,2025-12-08,456.42
8095,2025-12-15,468.2
8095,2025-12-22,477.04
8095,2025-12-29,474.09
8095,2026-01-05,476.06
8095,2026-01-12,475.07
8095,2026-01-19,478.02
8095,2026-01-26,469.18
8095,2026-02-02,472.13
8095,2026-02-09,477.04
8095,2026-02-16,489.8
8095,2026-02-23,500.59
8095,2026-03-02,474.09
8095,2026-03-09,462.31
8095,2026-03-16,463.3
8095,2026-03-23,475.07
8095,2026-03-30,474.09
8095,2026-04-06,471.15
8095,2026-04-13,482.93
8095,2026-04-20,476.06
8095,2026-04-27,472.13
8095,2026-05-04,472.13
8095,2026-05-11,471.15
8095,2026-05-18,478.02
8095,2026-05-25,483.0
8095,2026-06-01,485.0
8095,2026-06-08,494.0
8095,2026-06-15,508.0
8095,2026-06-22,508.0
8095,2026-06-29,500.0
8095,2026-07-06,525.0
8095,2026-07-13,510.0
8095,2026-07-20,516.0
8095,2026-07-27,505.0
8095,2026-08-03,521.0
8095,2026-08-10,539.0
8095,2026-08-17,540.0
8132,2025-08-25,6471.45
8132,2025-09-01,6422.2
8132,2025-09-08,6599.5
8132,2025-09-15,6776.8
8132,2025-09-22,6885.15
8132,2025-09-29,6254.75
8132,2025-10-06,6156.25
8132,2025-10-13,6451.75
8132,2025-10-20,6402.5
8132,2025-10-27,6087.3
8132,2025-11-03,6451.75
8132,2025-11-10,6432.05
8132,2025-11-17,6481.3
8132,2025-11-24,6707.85
8132,2025-12-01,6166.1
8132,2025-12-08,6166.1
8132,2025-12-15,6343.4
8132,2025-12-22,6501.0
8132,2025-12-29,6205.5
8132,2026-01-05,6402.5
8132,2026-01-12,6589.65
8132,2026-01-19,6323.7
8132,2026-01-26,6284.3
8132,2026-02-02,6304.0
8132,2026-02-09,6530.55
8132,2026-02-16,6786.65
8132,2026-02-23,7013.2
8132,2026-03-02,6629.05
8132,2026-03-09,6875.3
8132,2026-03-16,7141.25
8132,2026-03-23,7880.0
8132,2026-03-30,8160.0
8132,2026-04-06,7400.0
8132,2026-04-13,7300.0
8132,2026-04-20,6880.0
8132,2026-04-27,6980.0
8132,2026-05-04,6920.0
8132,2026-05-11,7980.0
8132,2026-05-18,7840.0
8132,2026-05-25,7600.0
8132,2026-06-01,7860.0
8132,2026-06-08,7900.0
8132,2026-06-15,7670.0
8132,2026-06-22,7120.0
8132,2026-06-29,6810.0
8132,2026-07-06,7020.0
8132,2026-07-13,6930.0
8132,2026-07-20,7070.0
8132,2026-07-27,6640.0
8132,2026-08-03,6390.0
8132,2026-08-10,7920.0
8132,2026-08-17,9050.0
8137,2025-08-25,2501.09
8137,2025-09-01,2517.4
8137,2025-09-08,2551.94
8137,2025-09-15,2582.64
8137,2025-09-22,2613.33
8137,2025-09-29,2573.11
8137,2025-10-06,2560.36
8137,2025-10-13,2588.81
8137,2025-10-20,2681.02
8137,2025-10-27,2630.01
8137,2025-11-03,2747.73
8137,2025-11-10,2748.71
8137,2025-11-17,2807.57
8137,2025-11-24,2873.3
8137,2025-12-01,2835.04
8137,2025-12-08,2828.17
8137,2025-12-15,2817.38
8137,2025-12-22,2864.47
8137,2025-12-29,2911.55
8137,2026-01-05,2942.94
8137,2026-01-12,3060.66
8137,2026-01-19,3021.42
8137,2026-01-26,2942.94
8137,2026-02-02,3119.52
8137,2026-02-09,3188.19
8137,2026-02-16,3247.05
8137,2026-02-23,3413.82
8137,2026-03-02,3232.33
8137,2026-03-09,3109.71
8137,2026-03-16,3099.9
8137,2026-03-23,3198.0
8137,2026-03-30,3135.0
8137,2026-04-06,3110.0
8137,2026-04-13,3210.0
8137,2026-04-20,3215.0
8137,2026-04-27,3185.0
8137,2026-05-04,3255.0
8137,2026-05-11,3680.0
8137,2026-05-18,3740.0
8137,2026-05-25,3850.0
8137,2026-06-01,3870.0
8137,2026-06-08,3645.0
8137,2026-06-15,3795.0
8137,2026-06-22,3605.0
8137,2026-06-29,3865.0
8137,2026-07-06,3870.0
8137,2026-07-13,3655.0
8137,2026-07-20,3840.0
8137,2026-07-27,3605.0
8137,2026-08-03,3970.0
8137,2026-08-10,4180.0
8137,2026-08-17,4100.0
8159,2025-08-25,2818.53
8159,2025-09-01,2899.72
8159,2025-09-08,2889.09
8159,2025-09-15,2849.46
8159,2025-09-22,2870.73
8159,2025-09-29,2769.46
8159,2025-10-06,2679.02
8159,2025-10-13,2678.03
8159,2025-10-20,2813.7
8159,2025-10-27,2787.16
8159,2025-11-03,2765.53
8159,2025-11-10,2823.54
8159,2025-11-17,2873.68
8159,2025-11-24,2926.76
8159,2025-12-01,2921.85
8159,2025-12-08,2978.87
8159,2025-12-15,3013.28
8159,2025-12-22,2998.53
8159,2025-12-29,3023.11
8159,2026-01-05,3131.25
8159,2026-01-12,3101.76
8159,2026-01-19,3067.35
8159,2026-01-26,2993.62
8159,2026-02-02,3072.27
8159,2026-02-09,3234.48
8159,2026-02-16,3327.88
8159,2026-02-23,3347.54
8159,2026-03-02,3018.19
8159,2026-03-09,2847.13
8159,2026-03-16,2822.55
8159,2026-03-23,2913.0
8159,2026-03-30,2915.0
8159,2026-04-06,2918.0
8159,2026-04-13,2921.0
8159,2026-04-20,2831.0
8159,2026-04-27,2885.0
8159,2026-05-04,3020.0
8159,2026-05-11,3085.0
8159,2026-05-18,3020.0
8159,2026-05-25,3205.0
8159,2026-06-01,3280.0
8159,2026-06-08,3040.0
8159,2026-06-15,3095.0
8159,2026-06-22,3185.0
8159,2026-06-29,3380.0
8159,2026-07-06,3365.0
8159,2026-07-13,3205.0
8159,2026-07-20,3365.0
8159,2026-07-27,3460.0
8159,2026-08-03,4105.0
8159,2026-08-10,4280.0
8159,2026-08-17,4245.0
8285,2025-08-25,395.11
8285,2025-09-01,412.71
8285,2025-09-08,423.47
8285,2025-09-15,444.98
8285,2025-09-22,444.0
8285,2025-09-29,456.86
8285,2025-10-06,458.84
8285,2025-10-13,458.84
8285,2025-10-20,491.47
8285,2025-10-27,493.45
8285,2025-11-03,503.34
8285,2025-11-10,522.13
8285,2025-11-17,533.0
8285,2025-11-24,539.92
8285,2025-12-01,562.67
8285,2025-12-08,547.84
8285,2025-12-15,554.76
8285,2025-12-22,560.69
8285,2025-12-29,559.7
8285,2026-01-05,565.64
8285,2026-01-12,622.0
8285,2026-01-19,622.99
8285,2026-01-26,595.3
8285,2026-02-02,681.33
8285,2026-02-09,706.06
8285,2026-02-16,697.16
8285,2026-02-23,721.88
8285,2026-03-02,706.06
8285,2026-03-09,711.99
8285,2026-03-16,703.09
8285,2026-03-23,711.0
8285,2026-03-30,745.0
8285,2026-04-06,748.0
8285,2026-04-13,779.0
8285,2026-04-20,783.0
8285,2026-04-27,685.0
8285,2026-05-04,681.0
8285,2026-05-11,695.0
8285,2026-05-18,650.0
8285,2026-05-25,664.0
8285,2026-06-01,637.0
8285,2026-06-08,626.0
8285,2026-06-15,686.0
8285,2026-06-22,701.0
8285,2026-06-29,696.0
8285,2026-07-06,710.0
8285,2026-07-13,661.0
8285,2026-07-20,685.0
8285,2026-07-27,700.0
8285,2026-08-03,737.0
8285,2026-08-10,785.0
8285,2026-08-17,801.0
8308,2025-08-25,1469.38
8308,2025-09-01,1451.2
8308,2025-09-08,1493.46
8308,2025-09-15,1465.94
8308,2025-09-22,1540.14
8308,2025-09-29,1471.2
8308,2025-10-06,1478.14
8308,2025-10-13,1391.34
8308,2025-10-20,1429.53
8308,2025-10-27,1481.61
8308,2025-11-03,1495.5
8308,2025-11-10,1578.83
8308,2025-11-17,1547.59
8308,2025-11-24,1576.85
8308,2025-12-01,1557.51
8308,2025-12-08,1541.63
8308,2025-12-15,1546.59
8308,2025-12-22,1490.05
8308,2025-12-29,1481.12
8308,2026-01-05,1613.06
8308,2026-01-12,1781.21
8308,2026-01-19,1802.54
8308,2026-01-26,1775.26
8308,2026-02-02,1997.97
8308,2026-02-09,2124.95
8308,2026-02-16,1964.74
8308,2026-02-23,1895.3
8308,2026-03-02,1796.59
8308,2026-03-09,1733.59
8308,2026-03-16,1753.43
8308,2026-03-23,1807.5
8308,2026-03-30,1823.0
8308,2026-04-06,1888.5
8308,2026-04-13,1966.0
8308,2026-04-20,1820.5
8308,2026-04-27,1927.0
8308,2026-05-04,1940.0
8308,2026-05-11,2042.0
8308,2026-05-18,2139.5
8308,2026-05-25,2039.5
8308,2026-06-01,2118.0
8308,2026-06-08,2147.0
8308,2026-06-15,2196.0
8308,2026-06-22,2102.0
8308,2026-06-29,2245.5
8308,2026-07-06,2335.5
8308,2026-07-13,2224.5
8308,2026-07-20,2365.5
8308,2026-07-27,2191.5
8308,2026-08-03,2313.0
8308,2026-08-10,2454.0
8308,2026-08-17,2500.0
8331,2025-08-25,1481.51
8331,2025-09-01,1478.1
8331,2025-09-08,1484.42
8331,2025-09-15,1479.56
8331,2025-09-22,1559.25
8331,2025-09-29,1495.62
8331,2025-10-06,1467.5
8331,2025-10-13,1410.28
8331,2025-10-20,1459.11
8331,2025-10-27,1485.26
8331,2025-11-03,1476.38
8331,2025-11-10,1540.01
8331,2025-11-17,1561.22
8331,2025-11-24,1622.39
8331,2025-12-01,1669.74
8331,2025-12-08,1686.52
8331,2025-12-15,1719.56
8331,2025-12-22,1743.74
8331,2025-12-29,1724.5
8331,2026-01-05,1861.63
8331,2026-01-12,2039.21
8331,2026-01-19,2022.44
8331,2026-01-26,2055.98
8331,2026-02-02,2303.6
8331,2026-02-09,2362.8
8331,2026-02-16,2351.45
8331,2026-02-23,2295.71
8331,2026-03-02,2088.04
8331,2026-03-09,2008.63
8331,2026-03-16,1976.56
8331,2026-03-23,2054.5
8331,2026-03-30,2138.0
8331,2026-04-06,2212.5
8331,2026-04-13,2189.0
8331,2026-04-20,2029.0
8331,2026-04-27,2154.0
8331,2026-05-04,2154.5
8331,2026-05-11,2280.0
8331,2026-05-18,2378.5
8331,2026-05-25,2326.0
8331,2026-06-01,2380.5
8331,2026-06-08,2430.5
8331,2026-06-15,2491.0
8331,2026-06-22,2464.0
8331,2026-06-29,2665.0
8331,2026-07-06,2753.5
8331,2026-07-13,2536.0
8331,2026-07-20,2755.5
8331,2026-07-27,2627.0
8331,2026-08-03,2666.0
8331,2026-08-10,2828.5
8331,2026-08-17,2837.5
8334,2025-08-25,1503.62
8334,2025-09-01,1521.05
8334,2025-09-08,1562.7
8334,2025-09-15,1514.76
8334,2025-09-22,1640.67
8334,2025-09-29,1580.52
8334,2025-10-06,1547.98
8334,2025-10-13,1503.12
8334,2025-10-20,1561.79
8334,2025-10-27,1578.55
8334,2025-11-03,1576.58
8334,2025-11-10,1613.06
8334,2025-11-17,1622.92
8334,2025-11-24,1710.18
8334,2025-12-01,1710.67
8334,2025-12-08,1701.8
8334,2025-12-15,1746.17
8334,2025-12-22,1701.8
8334,2025-12-29,1703.28
8334,2026-01-05,1786.1
8334,2026-01-12,1909.84
8334,2026-01-19,1922.16
8334,2026-01-26,1912.3
8334,2026-02-02,2142.53
8334,2026-02-09,2199.72
8334,2026-02-16,2174.57
8334,2026-02-23,2230.28
8334,2026-03-02,2104.08
8334,2026-03-09,2071.05
8334,2026-03-16,2095.2
8334,2026-03-23,2250.0
8334,2026-03-30,2231.5
8334,2026-04-06,2269.0
8334,2026-04-13,2214.0
8334,2026-04-20,2030.0
8334,2026-04-27,2157.0
8334,2026-05-04,2164.0
8334,2026-05-11,2232.0
8334,2026-05-18,2316.0
8334,2026-05-25,2260.0
8334,2026-06-01,2262.5
8334,2026-06-08,2343.5
8334,2026-06-15,2316.5
8334,2026-06-22,2334.0
8334,2026-06-29,2419.0
8334,2026-07-06,2492.5
8334,2026-07-13,2436.5
8334,2026-07-20,2609.0
8334,2026-07-27,2538.5
8334,2026-08-03,2595.0
8334,2026-08-10,2765.0
8334,2026-08-17,2800.5
8336,2025-08-25,1245.32
8336,2025-09-01,1243.7
8336,2025-09-08,1274.31
8336,2025-09-15,1263.04
8336,2025-09-22,1317.81
8336,2025-09-29,1316.17
8336,2025-10-06,1299.74
8336,2025-10-13,1296.45
8336,2025-10-20,1317.81
8336,2025-10-27,1363.82
8336,2025-11-03,1404.9
8336,2025-11-10,1449.26
8336,2025-11-17,1459.12
8336,2025-11-24,1534.71
8336,2025-12-01,1534.71
8336,2025-12-08,1524.85
8336,2025-12-15,1569.21
8336,2025-12-22,1575.79
8336,2025-12-29,1597.15
8336,2026-01-05,1685.88
8336,2026-01-12,1814.04
8336,2026-01-19,1846.91
8336,2026-01-26,1807.47
8336,2026-02-02,1968.5
8336,2026-02-09,2014.51
8336,2026-02-16,2083.52
8336,2026-02-23,2142.68
8336,2026-03-02,2014.51
8336,2026-03-09,1945.5
8336,2026-03-16,2060.52
8336,2026-03-23,2096.67
8336,2026-03-30,2194.0
8336,2026-04-06,2408.0
8336,2026-04-13,2381.0
8336,2026-04-20,2333.0
8336,2026-04-27,2388.0
8336,2026-05-04,2390.0
8336,2026-05-11,2438.0
8336,2026-05-18,2497.0
8336,2026-05-25,2423.0
8336,2026-06-01,2431.0
8336,2026-06-08,2513.0
8336,2026-06-15,2432.0
8336,2026-06-22,2519.0
8336,2026-06-29,2584.0
8336,2026-07-06,2621.0
8336,2026-07-13,2523.0
8336,2026-07-20,2741.0
8336,2026-07-27,2577.0
8336,2026-08-03,2654.0
8336,2026-08-10,2775.0
8336,2026-08-17,2816.0
8338,2025-08-25,292.58
8338,2025-09-01,296.55
8338,2025-09-08,300.51
8338,2025-09-15,287.62
8338,2025-09-22,304.48
8338,2025-09-29,303.49
8338,2025-10-06,292.58
8338,2025-10-13,287.62
8338,2025-10-20,298.53
8338,2025-10-27,312.41
8338,2025-11-03,315.39
8338,2025-11-10,347.13
8338,2025-11-17,345.14
8338,2025-11-24,383.82
8338,2025-12-01,399.69
8338,2025-12-08,410.6
8338,2025-12-15,406.63
8338,2025-12-22,411.59
8338,2025-12-29,412.58
8338,2026-01-05,448.29
8338,2026-01-12,482.01
8338,2026-01-19,522.67
8338,2026-01-26,505.81
8338,2026-02-02,623.84
8338,2026-02-09,699.21
8338,2026-02-16,709.13
8338,2026-02-23,703.18
8338,2026-03-02,625.82
8338,2026-03-09,598.05
8338,2026-03-16,587.14
8338,2026-03-23,604.0
8338,2026-03-30,588.0
8338,2026-04-06,609.0
8338,2026-04-13,618.0
8338,2026-04-20,553.0
8338,2026-04-27,596.0
8338,2026-05-04,636.0
8338,2026-05-11,624.0
8338,2026-05-18,642.0
8338,2026-05-25,610.0
8338,2026-06-01,623.0
8338,2026-06-08,683.0
8338,2026-06-15,635.0
8338,2026-06-22,627.0
8338,2026-06-29,652.0
8338,2026-07-06,615.0
8338,2026-07-13,599.0
8338,2026-07-20,670.0
8338,2026-07-27,622.0
8338,2026-08-03,657.0
8338,2026-08-10,755.0
8338,2026-08-17,775.0
8341,2025-08-25,1839.75
8341,2025-09-01,1827.5
8341,2025-09-08,1880.03
8341,2025-09-15,1875.19
8341,2025-09-22,2016.99
8341,2025-09-29,2007.8
8341,2025-10-06,1905.73
8341,2025-10-13,1867.34
8341,2025-10-20,2045.21
8341,2025-10-27,2170.9
8341,2025-11-03,2186.0
8341,2025-11-10,2259.51
8341,2025-11-17,2266.73
8341,2025-11-24,2369.12
8341,2025-12-01,2447.88
8341,2025-12-08,2440.67
8341,2025-12-15,2502.69
8341,2025-12-22,2482.34
8341,2025-12-29,2474.8
8341,2026-01-05,2644.46
8341,2026-01-12,2849.25
8341,2026-01-19,2864.02
8341,2026-01-26,2775.08
8341,2026-02-02,2999.23
8341,2026-02-09,3160.69
8341,2026-02-16,3225.34
8341,2026-02-23,3228.29
8341,2026-03-02,3020.89
8341,2026-03-09,2980.19
8341,2026-03-16,2969.36
8341,2026-03-23,3119.67
8341,2026-03-30,3211.0
8341,2026-04-06,3262.0
8341,2026-04-13,3279.0
8341,2026-04-20,2929.5
8341,2026-04-27,3004.0
8341,2026-05-04,2987.5
8341,2026-05-11,3141.0
8341,2026-05-18,3201.0
8341,2026-05-25,3154.0
8341,2026-06-01,3174.0
8341,2026-06-08,3267.0
8341,2026-06-15,3317.0
8341,2026-06-22,3335.0
8341,2026-06-29,3519.0
8341,2026-07-06,3515.0
8341,2026-07-13,3311.0
8341,2026-07-20,3631.0
8341,2026-07-27,3495.0
8341,2026-08-03,3661.0
8341,2026-08-10,3837.0
8341,2026-08-17,3912.0
8343,2025-08-25,3384.44
8343,2025-09-01,3365.24
8343,2025-09-08,3456.45
8343,2025-09-15,3365.24
8343,2025-09-22,3451.65
8343,2025-09-29,3427.14
8343,2025-10-06,3378.11
8343,2025-10-13,3387.91
8343,2025-10-20,3505.58
8343,2025-10-27,3584.03
8343,2025-11-03,3637.96
8343,2025-11-10,3672.28
8343,2025-11-17,3672.28
8343,2025-11-24,3799.76
8343,2025-12-01,3868.4
8343,2025-12-08,3843.88
8343,2025-12-15,3888.01
8343,2025-12-22,3897.82
8343,2025-12-29,3946.84
8343,2026-01-05,4226.31
8343,2026-01-12,4549.9
8343,2026-01-19,4633.25
8343,2026-01-26,4971.55
8343,2026-02-02,5314.76
8343,2026-02-09,5383.4
8343,2026-02-16,5442.23
8343,2026-02-23,5501.07
8343,2026-03-02,5099.03
8343,2026-03-09,4902.91
8343,2026-03-16,4902.91
8343,2026-03-23,5050.0
8343,2026-03-30,5100.0
8343,2026-04-06,5490.0
8343,2026-04-13,5820.0
8343,2026-04-20,5220.0
8343,2026-04-27,5390.0
8343,2026-05-04,5480.0
8343,2026-05-11,5790.0
8343,2026-05-18,6140.0
8343,2026-05-25,5990.0
8343,2026-06-01,5920.0
8343,2026-06-08,6350.0
8343,2026-06-15,6170.0
8343,2026-06-22,6800.0
8343,2026-06-29,7060.0
8343,2026-07-06,7140.0
8343,2026-07-13,6830.0
8343,2026-07-20,7670.0
8343,2026-07-27,7260.0
8343,2026-08-03,8030.0
8343,2026-08-10,8550.0
8343,2026-08-17,8940.0
8344,2025-08-25,1537.39
8344,2025-09-01,1545.08
8344,2025-09-08,1580.66
8344,2025-09-15,1559.51
8344,2025-09-22,1633.54
8344,2025-09-29,1612.03
8344,2025-10-06,1564.13
8344,2025-10-13,1547.51
8344,2025-10-20,1583.68
8344,2025-10-27,1641.36
8344,2025-11-03,1662.87
8344,2025-11-10,1711.75
8344,2025-11-17,1717.61
8344,2025-11-24,1824.17
8344,2025-12-01,1783.11
8344,2025-12-08,1784.09
8344,2025-12-15,1841.76
8344,2025-12-22,1859.36
8344,2025-12-29,1890.64
8344,2026-01-05,2013.82
8344,2026-01-12,2104.73
8344,2026-01-19,2142.86
8344,2026-01-26,2158.5
8344,2026-02-02,2356.95
8344,2026-02-09,2595.48
8344,2026-02-16,2627.74
8344,2026-02-23,2668.8
8344,2026-03-02,2492.83
8344,2026-03-09,2349.13
8344,2026-03-16,2332.51
8344,2026-03-23,2442.0
8344,2026-03-30,2510.0
8344,2026-04-06,2678.0
8344,2026-04-13,2786.0
8344,2026-04-20,2415.0
8344,2026-04-27,2503.0
8344,2026-05-04,2515.0
8344,2026-05-11,2655.0
8344,2026-05-18,3055.0
8344,2026-05-25,3095.0
8344,2026-06-01,3075.0
8344,2026-06-08,3495.0
8344,2026-06-15,3370.0
8344,2026-06-22,3365.0
8344,2026-06-29,3965.0
8344,2026-07-06,3690.0
8344,2026-07-13,3615.0
8344,2026-07-20,4000.0
8344,2026-07-27,3740.0
8344,2026-08-03,4230.0
8344,2026-08-10,4575.0
8344,2026-08-17,4690.0
8346,2025-08-25,386.11
8346,2025-09-01,403.57
8346,2025-09-08,421.03
8346,2025-09-15,414.24
8346,2025-09-22,442.38
8346,2025-09-29,427.6
8346,2025-10-06,426.61
8346,2025-10-13,433.51
8346,2025-10-20,446.32
8346,2025-10-27,449.27
8346,2025-11-03,450.26
8346,2025-11-10,467.99
8346,2025-11-17,468.98
8346,2025-11-24,501.49
8346,2025-12-01,509.37
8346,2025-12-08,512.33
8346,2025-12-15,529.08
8346,2025-12-22,523.17
8346,2025-12-29,533.02
8346,2026-01-05,550.76
8346,2026-01-12,603.96
8346,2026-01-19,599.03
8346,2026-01-26,592.14
8346,2026-02-02,669.97
8346,2026-02-09,724.16
8346,2026-02-16,703.47
8346,2026-02-23,716.28
8346,2026-03-02,653.22
8346,2026-03-09,622.68
8346,2026-03-16,651.25
8346,2026-03-23,668.0
8346,2026-03-30,681.0
8346,2026-04-06,701.0
8346,2026-04-13,704.0
8346,2026-04-20,650.0
8346,2026-04-27,666.0
8346,2026-05-04,693.0
8346,2026-05-11,705.0
8346,2026-05-18,773.0
8346,2026-05-25,752.0
8346,2026-06-01,750.0
8346,2026-06-08,777.0
8346,2026-06-15,751.0
8346,2026-06-22,774.0
8346,2026-06-29,818.0
8346,2026-07-06,820.0
8346,2026-07-13,813.0
8346,2026-07-20,904.0
8346,2026-07-27,860.0
8346,2026-08-03,942.0
8346,2026-08-10,1003.0
8346,2026-08-17,1009.0
8354,2025-08-25,4314.2
8354,2025-09-01,4307.43
8354,2025-09-08,4341.26
8354,2025-09-15,4209.82
8354,2025-09-22,4377.98
8354,2025-09-29,4264.72
8354,2025-10-06,4261.76
8354,2025-10-13,4180.01
8354,2025-10-20,4264.72
8354,2025-10-27,4417.38
8354,2025-11-03,4391.77
8354,2025-11-10,4478.44
8354,2025-11-17,4598.61
8354,2025-11-24,4734.52
8354,2025-12-01,4806.42
8354,2025-12-08,4965.98
8354,2025-12-15,5016.21
8354,2025-12-22,4979.77
8354,2025-12-29,4990.6
8354,2026-01-05,5260.47
8354,2026-01-12,5585.5
8354,2026-01-19,5539.21
8354,2026-01-26,5516.55
8354,2026-02-02,6762.48
8354,2026-02-09,7022.5
8354,2026-02-16,6704.37
8354,2026-02-23,6739.83
8354,2026-03-02,6075.0
8354,2026-03-09,6007.05
8354,2026-03-16,5997.2
8354,2026-03-23,6206.0
8354,2026-03-30,6320.0
8354,2026-04-06,6556.0
8354,2026-04-13,6520.0
8354,2026-04-20,6090.0
8354,2026-04-27,6415.0
8354,2026-05-04,6371.0
8354,2026-05-11,6612.0
8354,2026-05-18,6657.0
8354,2026-05-25,6556.0
8354,2026-06-01,6797.0
8354,2026-06-08,6867.0
8354,2026-06-15,6974.0
8354,2026-06-22,6861.0
8354,2026-06-29,7221.0
8354,2026-07-06,7286.0
8354,2026-07-13,7081.0
8354,2026-07-20,7646.0
8354,2026-07-27,7360.0
8354,2026-08-03,7544.0
8354,2026-08-10,7730.0
8354,2026-08-17,7763.0
8358,2025-08-25,1436.41
8358,2025-09-01,1470.29
8358,2025-09-08,1492.55
8358,2025-09-15,1460.61
8358,2025-09-22,1526.43
8358,2025-09-29,1544.1
8358,2025-10-06,1464.58
8358,2025-10-13,1427.28
8358,2025-10-20,1482.25
8358,2025-10-27,1512.68
8358,2025-11-03,1492.07
8358,2025-11-10,1532.32
8358,2025-11-17,1551.95
8358,2025-11-24,1650.11
8358,2025-12-01,1650.11
8358,2025-12-08,1674.65
8358,2025-12-15,1698.21
8358,2025-12-22,1671.71
8358,2025-12-29,1677.6
8358,2026-01-05,1757.11
8358,2026-01-12,1897.48
8358,2026-01-19,1946.56
8358,2026-01-26,1903.37
8358,2026-02-02,2016.26
8358,2026-02-09,2074.17
8358,2026-02-16,2108.53
8358,2026-02-23,2083.99
8358,2026-03-02,1922.02
8358,2026-03-09,1869.01
8358,2026-03-16,1874.9
8358,2026-03-23,2030.0
8358,2026-03-30,2091.0
8358,2026-04-06,2270.0
8358,2026-04-13,2290.0
8358,2026-04-20,2253.0
8358,2026-04-27,2266.0
8358,2026-05-04,2217.0
8358,2026-05-11,2336.0
8358,2026-05-18,2370.0
8358,2026-05-25,2317.0
8358,2026-06-01,2266.0
8358,2026-06-08,2354.0
8358,2026-06-15,2397.0
8358,2026-06-22,2384.0
8358,2026-06-29,2540.0
8358,2026-07-06,2569.0
8358,2026-07-13,2545.0
8358,2026-07-20,2745.0
8358,2026-07-27,2605.0
8358,2026-08-03,2735.0
8358,2026-08-10,2897.0
8358,2026-08-17,2943.0
8359,2025-08-25,1399.84
8359,2025-09-01,1393.55
8359,2025-09-08,1445.82
8359,2025-09-15,1437.11
8359,2025-09-22,1519.4
8359,2025-09-29,1453.21
8359,2025-10-06,1425.26
8359,2025-10-13,1388.98
8359,2025-10-20,1443.4
8359,2025-10-27,1523.32
8359,2025-11-03,1528.71
8359,2025-11-10,1537.05
8359,2025-11-17,1543.91
8359,2025-11-24,1640.99
8359,2025-12-01,1676.78
8359,2025-12-08,1640.01
8359,2025-12-15,1666.48
8359,2025-12-22,1643.93
8359,2025-12-29,1664.52
8359,2026-01-05,1762.58
8359,2026-01-12,1889.56
8359,2026-01-19,1915.55
8359,2026-01-26,1887.6
8359,2026-02-02,2051.85
8359,2026-02-09,2040.08
8359,2026-02-16,2050.87
8359,2026-02-23,2039.1
8359,2026-03-02,1922.41
8359,2026-03-09,1904.76
8359,2026-03-16,1921.92
8359,2026-03-23,2019.0
8359,2026-03-30,2027.5
8359,2026-04-06,2105.5
8359,2026-04-13,2104.0
8359,2026-04-20,2027.5
8359,2026-04-27,2094.5
8359,2026-05-04,2201.5
8359,2026-05-11,2388.0
8359,2026-05-18,2335.0
8359,2026-05-25,2323.5
8359,2026-06-01,2380.5
8359,2026-06-08,2342.5
8359,2026-06-15,2347.0
8359,2026-06-22,2387.0
8359,2026-06-29,2529.5
8359,2026-07-06,2551.0
8359,2026-07-13,2456.5
8359,2026-07-20,2674.0
8359,2026-07-27,2508.0
8359,2026-08-03,2607.0
8359,2026-08-10,2698.0
8359,2026-08-17,2730.0
8360,2025-08-25,2997.76
8360,2025-09-01,3002.61
8360,2025-09-08,3080.09
8360,2025-09-15,3021.98
8360,2025-09-22,3147.89
8360,2025-09-29,3107.45
8360,2025-10-06,3127.18
8360,2025-10-13,3127.18
8360,2025-10-20,3151.84
8360,2025-10-27,3240.62
8360,2025-11-03,3319.54
8360,2025-11-10,3418.19
8360,2025-11-17,3437.92
8360,2025-11-24,3719.07
8360,2025-12-01,3867.05
8360,2025-12-08,3802.93
8360,2025-12-15,3931.17
8360,2025-12-22,3857.18
8360,2025-12-29,3985.43
8360,2026-01-05,4232.05
8360,2026-01-12,4774.62
8360,2026-01-19,4828.88
8360,2026-01-26,4666.1
8360,2026-02-02,5188.95
8360,2026-02-09,5267.86
8360,2026-02-16,5346.78
8360,2026-02-23,5435.57
8360,2026-03-02,5011.38
8360,2026-03-09,4754.89
8360,2026-03-16,4833.81
8360,2026-03-23,5258.0
8360,2026-03-30,5400.0
8360,2026-04-06,5870.0
8360,2026-04-13,5840.0
8360,2026-04-20,5170.0
8360,2026-04-27,5390.0
8360,2026-05-04,5370.0
8360,2026-05-11,5990.0
8360,2026-05-18,5970.0
8360,2026-05-25,5870.0
8360,2026-06-01,5920.0
8360,2026-06-08,6120.0
8360,2026-06-15,5800.0
8360,2026-06-22,6150.0
8360,2026-06-29,6480.0
8360,2026-07-06,6510.0
8360,2026-07-13,6190.0
8360,2026-07-20,7090.0
8360,2026-07-27,6440.0
8360,2026-08-03,7070.0
8360,2026-08-10,7480.0
8360,2026-08-17,7540.0
8361,2025-08-25,3043.84
8361,2025-09-01,3072.92
8361,2025-09-08,3203.79
8361,2025-09-15,3189.25
8361,2025-09-22,3378.28
8361,2025-09-29,3333.96
8361,2025-10-06,3471.85
8361,2025-10-13,3457.07
8361,2025-10-20,3629.43
8361,2025-10-27,3634.36
8361,2025-11-03,3668.83
8361,2025-11-10,3678.68
8361,2025-11-17,3742.7
8361,2025-11-24,4151.44
8361,2025-12-01,4323.8
8361,2025-12-08,4249.93
8361,2025-12-15,4560.18
8361,2025-12-22,4638.98
8361,2025-12-29,4619.28
8361,2026-01-05,5141.29
8361,2026-01-12,5594.35
8361,2026-01-19,5771.63
8361,2026-01-26,5545.1
8361,2026-02-02,6017.87
8361,2026-02-09,6205.0
8361,2026-02-16,6392.13
8361,2026-02-23,6736.86
8361,2026-03-02,6313.34
8361,2026-03-09,5929.22
8361,2026-03-16,6008.02
8361,2026-03-23,6205.0
8361,2026-03-30,6290.0
8361,2026-04-06,6910.0
8361,2026-04-13,7100.0
8361,2026-04-20,6780.0
8361,2026-04-27,7040.0
8361,2026-05-04,7090.0
8361,2026-05-11,7410.0
8361,2026-05-18,7750.0
8361,2026-05-25,7220.0
8361,2026-06-01,7280.0
8361,2026-06-08,7370.0
8361,2026-06-15,7090.0
8361,2026-06-22,7320.0
8361,2026-06-29,7850.0
8361,2026-07-06,7860.0
8361,2026-07-13,7350.0
8361,2026-07-20,8120.0
8361,2026-07-27,7210.0
8361,2026-08-03,7560.0
8361,2026-08-10,8050.0
8361,2026-08-17,8240.0
8362,2025-08-25,1916.15
8362,2025-09-01,1936.39
8362,2025-09-08,1941.21
8362,2025-09-15,1929.65
8362,2025-09-22,2078.08
8362,2025-09-29,2060.5
8362,2025-10-06,2008.71
8362,2025-10-13,1997.97
8362,2025-10-20,2070.27
8362,2025-10-27,2124.0
8362,2025-11-03,2136.7
8362,2025-11-10,2146.47
8362,2025-11-17,2155.27
8362,2025-11-24,2351.64
8362,2025-12-01,2353.6
8362,2025-12-08,2323.31
8362,2025-12-15,2387.79
8362,2025-12-22,2469.86
8362,2025-12-29,2531.41
8362,2026-01-05,2681.87
8362,2026-01-12,2775.66
8362,2026-01-19,2812.79
8362,2026-01-26,2846.98
8362,2026-02-02,3165.48
8362,2026-02-09,3326.69
8362,2026-02-16,3341.34
8362,2026-02-23,3448.81
8362,2026-03-02,3292.49
8362,2026-03-09,3189.91
8362,2026-03-16,3272.95
8362,2026-03-23,3356.0
8362,2026-03-30,3345.0
8362,2026-04-06,3555.0
8362,2026-04-13,3875.0
8362,2026-04-20,3460.0
8362,2026-04-27,3765.0
8362,2026-05-04,3940.0
8362,2026-05-11,4450.0
8362,2026-05-18,4645.0
8362,2026-05-25,4590.0
8362,2026-06-01,5390.0
8362,2026-06-08,5340.0
8362,2026-06-15,4960.0
8362,2026-06-22,5440.0
8362,2026-06-29,6010.0
8362,2026-07-06,5760.0
8362,2026-07-13,5630.0
8362,2026-07-20,6180.0
8362,2026-07-27,5680.0
8362,2026-08-03,6180.0
8362,2026-08-10,6720.0
8362,2026-08-17,7000.0
8364,2025-08-25,1845.97
8364,2025-09-01,1906.36
8364,2025-09-08,2030.08
8364,2025-09-15,1956.05
8364,2025-09-22,2019.36
8364,2025-09-29,1991.69
8364,2025-10-06,1976.86
8364,2025-10-13,1982.79
8364,2025-10-20,1989.71
8364,2025-10-27,1991.69
8364,2025-11-03,2032.21
8364,2025-11-10,2008.49
8364,2025-11-17,2076.69
8364,2025-11-24,2164.66
8364,2025-12-01,2132.04
8364,2025-12-08,2172.57
8364,2025-12-15,2214.08
8364,2025-12-22,2429.56
8364,2025-12-29,2402.87
8364,2026-01-05,2481.95
8364,2026-01-12,2535.32
8364,2026-01-19,2498.75
8364,2026-01-26,2480.96
8364,2026-02-02,2740.92
8364,2026-02-09,2761.67
8364,2026-02-16,2817.03
8364,2026-02-23,2891.16
8364,2026-03-02,2734.0
8364,2026-03-09,2531.37
8364,2026-03-16,2520.5
8364,2026-03-23,2563.0
8364,2026-03-30,2502.0
8364,2026-04-06,2509.0
8364,2026-04-13,2586.0
8364,2026-04-20,2514.0
8364,2026-04-27,2512.0
8364,2026-05-04,2606.0
8364,2026-05-11,2645.0
8364,2026-05-18,2546.0
8364,2026-05-25,2499.0
8364,2026-06-01,2427.0
8364,2026-06-08,2440.0
8364,2026-06-15,2459.0
8364,2026-06-22,2350.0
8364,2026-06-29,2480.0
8364,2026-07-06,2636.0
8364,2026-07-13,2491.0
8364,2026-07-20,2787.0
8364,2026-07-27,2681.0
8364,2026-08-03,2793.0
8364,2026-08-10,3075.0
8364,2026-08-17,3290.0
8367,2025-08-25,959.82
8367,2025-09-01,949.2
8367,2025-09-08,962.72
8367,2025-09-15,951.13
8367,2025-09-22,988.79
8367,2025-09-29,955.34
8367,2025-10-06,945.5
8367,2025-10-13,950.42
8367,2025-10-20,982.89
8367,2025-10-27,1009.45
8367,2025-11-03,1023.23
8367,2025-11-10,1040.94
8367,2025-11-17,1046.84
8367,2025-11-24,1113.74
8367,2025-12-01,1135.39
8367,2025-12-08,1137.35
8367,2025-12-15,1157.03
8367,2025-12-22,1151.13
8367,2025-12-29,1172.77
8367,2026-01-05,1221.97
8367,2026-01-12,1322.32
8367,2026-01-19,1340.03
8367,2026-01-26,1310.52
8367,2026-02-02,1414.81
8367,2026-02-09,1473.84
8367,2026-02-16,1473.84
8367,2026-02-23,1505.32
8367,2026-03-02,1442.35
8367,2026-03-09,1395.13
8367,2026-03-16,1403.0
8367,2026-03-23,1464.0
8367,2026-03-30,1466.0
8367,2026-04-06,1526.0
8367,2026-04-13,1561.0
8367,2026-04-20,1448.0
8367,2026-04-27,1466.0
8367,2026-05-04,1619.0
8367,2026-05-11,1655.0
8367,2026-05-18,1762.0
8367,2026-05-25,1686.0
8367,2026-06-01,1672.0
8367,2026-06-08,1780.0
8367,2026-06-15,1726.0
8367,2026-06-22,1756.0
8367,2026-06-29,1850.0
8367,2026-07-06,1859.0
8367,2026-07-13,1791.0
8367,2026-07-20,1922.0
8367,2026-07-27,1720.0
8367,2026-08-03,1808.0
8367,2026-08-10,1941.0
8367,2026-08-17,1976.0
8368,2025-08-25,811.23
8368,2025-09-01,836.52
8368,2025-09-08,867.64
8368,2025-09-15,857.92
8368,2025-09-22,893.9
8368,2025-09-29,891.93
8368,2025-10-06,884.04
8368,2025-10-13,918.57
8368,2025-10-20,920.54
8368,2025-10-27,942.25
8368,2025-11-03,938.3
8368,2025-11-10,956.06
8368,2025-11-17,980.73
8368,2025-11-24,1029.08
8368,2025-12-01,1035.98
8368,2025-12-08,1077.42
8368,2025-12-15,1111.95
8368,2025-12-22,1107.02
8368,2025-12-29,1130.7
8368,2026-01-05,1194.83
8368,2026-01-12,1313.23
8368,2026-01-19,1464.19
8368,2026-01-26,1384.27
8368,2026-02-02,1498.72
8368,2026-02-09,1536.21
8368,2026-02-16,1536.21
8368,2026-02-23,1677.3
8368,2026-03-02,1553.97
8368,2026-03-09,1507.6
8368,2026-03-16,1483.92
8368,2026-03-23,1552.0
8368,2026-03-30,1596.0
8368,2026-04-06,1805.0
8368,2026-04-13,1887.0
8368,2026-04-20,1692.0
8368,2026-04-27,1811.0
8368,2026-05-04,1809.0
8368,2026-05-11,1953.0
8368,2026-05-18,1972.0
8368,2026-05-25,1906.0
8368,2026-06-01,1924.0
8368,2026-06-08,1945.0
8368,2026-06-15,1890.0
8368,2026-06-22,1960.0
8368,2026-06-29,2081.0
8368,2026-07-06,2064.0
8368,2026-07-13,1924.0
8368,2026-07-20,2080.0
8368,2026-07-27,2017.0
8368,2026-08-03,2121.0
8368,2026-08-10,2308.0
8368,2026-08-17,2341.0
8370,2025-08-25,2795.12
8370,2025-09-01,2829.74
8370,2025-09-08,2918.2
8370,2025-09-15,2839.35
8370,2025-09-22,2873.97
8370,2025-09-29,2796.51
8370,2025-10-06,2768.07
8370,2025-10-13,2778.86
8370,2025-10-20,2923.98
8370,2025-10-27,2941.63
8370,2025-11-03,3005.36
8370,2025-11-10,2921.03
8370,2025-11-17,2892.6
8370,2025-11-24,3010.26
8370,2025-12-01,3049.49
8370,2025-12-08,3083.8
8370,2025-12-15,3191.66
8370,2025-12-22,3181.86
8370,2025-12-29,3196.57
8370,2026-01-05,3333.84
8370,2026-01-12,3500.53
8370,2026-01-19,3637.81
8370,2026-01-26,3696.64
8370,2026-02-02,4005.51
8370,2026-02-09,4083.96
8370,2026-02-16,4186.91
8370,2026-02-23,4201.62
8370,2026-03-02,3995.71
8370,2026-03-09,3789.79
8370,2026-03-16,3819.21
8370,2026-03-23,3981.0
8370,2026-03-30,4020.0
8370,2026-04-06,4210.0
8370,2026-04-13,4140.0
8370,2026-04-20,3885.0
8370,2026-04-27,4155.0
8370,2026-05-04,4200.0
8370,2026-05-11,4405.0
8370,2026-05-18,4525.0
8370,2026-05-25,4240.0
8370,2026-06-01,4320.0
8370,2026-06-08,4515.0
8370,2026-06-15,4430.0
8370,2026-06-22,4460.0
8370,2026-06-29,4550.0
8370,2026-07-06,4605.0
8370,2026-07-13,4550.0
8370,2026-07-20,4945.0
8370,2026-07-27,4690.0
8370,2026-08-03,4845.0
8370,2026-08-10,5070.0
8370,2026-08-17,5080.0
8381,2025-08-25,1297.68
8381,2025-09-01,1310.19
8381,2025-09-08,1318.85
8381,2025-09-15,1321.74
8381,2025-09-22,1371.8
8381,2025-09-29,1304.05
8381,2025-10-06,1302.08
8381,2025-10-13,1290.3
8381,2025-10-20,1320.74
8381,2025-10-27,1330.56
8381,2025-11-03,1336.45
8381,2025-11-10,1376.71
8381,2025-11-17,1374.75
8381,2025-11-24,1426.79
8381,2025-12-01,1430.72
8381,2025-12-08,1425.81
8381,2025-12-15,1451.34
8381,2025-12-22,1435.63
8381,2025-12-29,1462.14
8381,2026-01-05,1547.57
8381,2026-01-12,1596.67
8381,2026-01-19,1583.9
8381,2026-01-26,1549.54
8381,2026-02-02,1655.59
8381,2026-02-09,1720.4
8381,2026-02-16,1732.18
8381,2026-02-23,1738.07
8381,2026-03-02,1561.32
8381,2026-03-09,1660.5
8381,2026-03-16,1609.44
8381,2026-03-23,1742.0
8381,2026-03-30,1863.0
8381,2026-04-06,1985.0
8381,2026-04-13,1998.0
8381,2026-04-20,1793.0
8381,2026-04-27,1866.0
8381,2026-05-04,1887.0
8381,2026-05-11,1969.0
8381,2026-05-18,2113.0
8381,2026-05-25,2063.0
8381,2026-06-01,2094.0
8381,2026-06-08,2159.0
8381,2026-06-15,2186.0
8381,2026-06-22,2227.0
8381,2026-06-29,2391.0
8381,2026-07-06,2428.0
8381,2026-07-13,2341.0
8381,2026-07-20,2511.0
8381,2026-07-27,2336.0
8381,2026-08-03,2504.0
8381,2026-08-10,2631.0
8381,2026-08-17,2640.0
8386,2025-08-25,1204.04
8386,2025-09-01,1202.83
8386,2025-09-08,1228.17
8386,2025-09-15,1194.39
8386,2025-09-22,1259.53
8386,2025-09-29,1220.85
8386,2025-10-06,1222.08
8386,2025-10-13,1219.62
8386,2025-10-20,1251.65
8386,2025-10-27,1330.49
8386,2025-11-03,1411.8
8386,2025-11-10,1446.3
8386,2025-11-17,1473.4
8386,2025-11-24,1532.53
8386,2025-12-01,1530.07
8386,2025-12-08,1539.92
8386,2025-12-15,1591.66
8386,2025-12-22,1594.13
8386,2025-12-29,1640.94
8386,2026-01-05,1732.1
8386,2026-01-12,1921.82
8386,2026-01-19,2064.73
8386,2026-01-26,2057.34
8386,2026-02-02,2325.9
8386,2026-02-09,2365.32
8386,2026-02-16,2340.68
8386,2026-02-23,2407.21
8386,2026-03-02,2180.53
8386,2026-03-09,2101.69
8386,2026-03-16,2089.37
8386,2026-03-23,2148.5
8386,2026-03-30,2205.0
8386,2026-04-06,2322.0
8386,2026-04-13,2445.0
8386,2026-04-20,2275.0
8386,2026-04-27,2371.0
8386,2026-05-04,2360.0
8386,2026-05-11,2467.0
8386,2026-05-18,2559.0
8386,2026-05-25,2485.0
8386,2026-06-01,2438.0
8386,2026-06-08,2521.0
8386,2026-06-15,2388.0
8386,2026-06-22,2560.0
8386,2026-06-29,2669.0
8386,2026-07-06,2651.0
8386,2026-07-13,2628.0
8386,2026-07-20,2966.0
8386,2026-07-27,2846.0
8386,2026-08-03,2872.0
8386,2026-08-10,3085.0
8386,2026-08-17,3135.0
8388,2025-08-25,3366.02
8388,2025-09-01,3366.02
8388,2025-09-08,3463.03
8388,2025-09-15,3424.22
8388,2025-09-22,3560.03
8388,2025-09-29,3584.68
8388,2025-10-06,3495.93
8388,2025-10-13,3495.93
8388,2025-10-20,3545.24
8388,2025-10-27,3589.61
8388,2025-11-03,3643.85
8388,2025-11-10,3772.05
8388,2025-11-17,3860.81
8388,2025-11-24,4092.55
8388,2025-12-01,4161.59
8388,2025-12-08,4171.45
8388,2025-12-15,4289.79
8388,2025-12-22,4230.62
8388,2025-12-29,4324.3
8388,2026-01-05,4546.19
8388,2026-01-12,4916.0
8388,2026-01-19,4989.96
8388,2026-01-26,5118.16
8388,2026-02-02,5581.65
8388,2026-02-09,5709.85
8388,2026-02-16,5729.58
8388,2026-02-23,5907.08
8388,2026-03-02,5552.07
8388,2026-03-09,5384.42
8388,2026-03-16,5650.68
8388,2026-03-23,5877.5
8388,2026-03-30,6120.0
8388,2026-04-06,6510.0
8388,2026-04-13,6630.0
8388,2026-04-20,6170.0
8388,2026-04-27,6270.0
8388,2026-05-04,6160.0
8388,2026-05-11,6720.0
8388,2026-05-18,6870.0
8388,2026-05-25,6700.0
8388,2026-06-01,6750.0
8388,2026-06-08,6990.0
8388,2026-06-15,6820.0
8388,2026-06-22,7070.0
8388,2026-06-29,7540.0
8388,2026-07-06,7530.0
8388,2026-07-13,7630.0
8388,2026-07-20,8680.0
8388,2026-07-27,8340.0
8388,2026-08-03,8930.0
8388,2026-08-10,9320.0
8388,2026-08-17,9460.0
8392,2025-08-25,954.54
8392,2025-09-01,948.69
8392,2025-09-08,976.96
8392,2025-09-15,960.39
8392,2025-09-22,998.41
8392,2025-09-29,1001.39
8392,2025-10-06,955.78
8392,2025-10-13,961.73
8392,2025-10-20,993.46
8392,2025-10-27,1009.32
8392,2025-11-03,1029.15
8392,2025-11-10,1064.84
8392,2025-11-17,1048.98
8392,2025-11-24,1156.06
8392,2025-12-01,1221.5
8392,2025-12-08,1219.51
8392,2025-12-15,1259.17
8392,2025-12-22,1237.36
8392,2025-12-29,1286.93
8392,2026-01-05,1384.1
8392,2026-01-12,1487.21
8392,2026-01-19,1598.26
8392,2026-01-26,1622.05
8392,2026-02-02,1867.94
8392,2026-02-09,1895.7
8392,2026-02-16,1917.51
8392,2026-02-23,1988.9
8392,2026-03-02,1963.12
8392,2026-03-09,1873.89
8392,2026-03-16,1893.72
8392,2026-03-23,1977.0
8392,2026-03-30,1873.0
8392,2026-04-06,2110.0
8392,2026-04-13,2164.0
8392,2026-04-20,1980.0
8392,2026-04-27,2103.0
8392,2026-05-04,2132.0
8392,2026-05-11,2209.0
8392,2026-05-18,2258.0
8392,2026-05-25,2254.0
8392,2026-06-01,2241.0
8392,2026-06-08,2390.0
8392,2026-06-15,2264.0
8392,2026-06-22,2336.0
8392,2026-06-29,2547.0
8392,2026-07-06,2509.0
8392,2026-07-13,2443.0
8392,2026-07-20,2790.0
8392,2026-07-27,2565.0
8392,2026-08-03,2712.0
8392,2026-08-10,2843.0
8392,2026-08-17,2897.0
8395,2025-08-25,2836.78
8395,2025-09-01,2863.02
8395,2025-09-08,2964.09
8395,2025-09-15,2964.09
8395,2025-09-22,2998.1
8395,2025-09-29,2998.1
8395,2025-10-06,2993.16
8395,2025-10-13,3037.61
8395,2025-10-20,3111.7
8395,2025-10-27,3166.03
8395,2025-11-03,3175.91
8395,2025-11-10,3304.33
8395,2025-11-17,3353.72
8395,2025-11-24,3571.05
8395,2025-12-01,3694.53
8395,2025-12-08,3724.16
8395,2025-12-15,3832.83
8395,2025-12-22,3877.28
8395,2025-12-29,4000.76
8395,2026-01-05,4262.54
8395,2026-01-12,4519.38
8395,2026-01-19,4623.1
8395,2026-01-26,4534.19
8395,2026-02-02,4949.09
8395,2026-02-09,4998.48
8395,2026-02-16,5018.24
8395,2026-02-23,5117.02
8395,2026-03-02,4756.46
8395,2026-03-09,4608.28
8395,2026-03-16,4672.49
8395,2026-03-23,4875.0
8395,2026-03-30,4910.0
8395,2026-04-06,5240.0
8395,2026-04-13,5370.0
8395,2026-04-20,5050.0
8395,2026-04-27,5080.0
8395,2026-05-04,5080.0
8395,2026-05-11,5220.0
8395,2026-05-18,5290.0
8395,2026-05-25,5210.0
8395,2026-06-01,5280.0
8395,2026-06-08,5530.0
8395,2026-06-15,5130.0
8395,2026-06-22,5220.0
8395,2026-06-29,5470.0
8395,2026-07-06,5590.0
8395,2026-07-13,5340.0
8395,2026-07-20,5910.0
8395,2026-07-27,5600.0
8395,2026-08-03,5880.0
8395,2026-08-10,6380.0
8395,2026-08-17,6750.0
8399,2025-08-25,1266.98
8399,2025-09-01,1301.4
8399,2025-09-08,1372.16
8399,2025-09-15,1370.25
8399,2025-09-22,1416.15
8399,2025-09-29,1408.35
8399,2025-10-06,1380.11
8399,2025-10-13,1369.39
8399,2025-10-20,1530.1
8399,2025-10-27,1465.82
8399,2025-11-03,1480.43
8399,2025-11-10,1538.86
8399,2025-11-17,1571.98
8399,2025-11-24,1758.01
8399,2025-12-01,1728.79
8399,2025-12-08,1712.23
8399,2025-12-15,1784.3
8399,2025-12-22,1785.28
8399,2025-12-29,1801.84
8399,2026-01-05,1956.7
8399,2026-01-12,2101.82
8399,2026-01-19,2216.74
8399,2026-01-26,2142.72
8399,2026-02-02,2327.78
8399,2026-02-09,2402.77
8399,2026-02-16,2397.9
8399,2026-02-23,2389.14
8399,2026-03-02,2267.39
8399,2026-03-09,2210.9
8399,2026-03-16,2216.74
8399,2026-03-23,2282.0
8399,2026-03-30,2304.0
8399,2026-04-06,2409.0
8399,2026-04-13,2513.0
8399,2026-04-20,2455.0
8399,2026-04-27,2499.0
8399,2026-05-04,2466.0
8399,2026-05-11,2577.0
8399,2026-05-18,2603.0
8399,2026-05-25,2506.0
8399,2026-06-01,2461.0
8399,2026-06-08,2579.0
8399,2026-06-15,2478.0
8399,2026-06-22,2541.0
8399,2026-06-29,2651.0
8399,2026-07-06,2755.0
8399,2026-07-13,2729.0
8399,2026-07-20,2999.0
8399,2026-07-27,2943.0
8399,2026-08-03,3095.0
8399,2026-08-10,3295.0
8399,2026-08-17,3370.0
8410,2025-08-25,279.16
8410,2025-09-01,277.14
8410,2025-09-08,277.43
8410,2025-09-15,278.48
8410,2025-09-22,278.97
8410,2025-09-29,284.06
8410,2025-10-06,277.2
8410,2025-10-13,274.16
8410,2025-10-20,281.71
8410,2025-10-27,277.5
8410,2025-11-03,274.55
8410,2025-11-10,283.87
8410,2025-11-17,282.69
8410,2025-11-24,283.96
8410,2025-12-01,285.24
8410,2025-12-08,293.86
8410,2025-12-15,295.24
8410,2025-12-22,297.2
8410,2025-12-29,299.06
8410,2026-01-05,298.96
8410,2026-01-12,299.06
8410,2026-01-19,291.12
8410,2026-01-26,291.41
8410,2026-02-02,302.59
8410,2026-02-09,295.04
8410,2026-02-16,289.85
8410,2026-02-23,294.94
8410,2026-03-02,277.3
8410,2026-03-09,263.28
8410,2026-03-16,266.22
8410,2026-03-23,272.3
8410,2026-03-30,274.9
8410,2026-04-06,270.7
8410,2026-04-13,270.3
8410,2026-04-20,264.3
8410,2026-04-27,267.0
8410,2026-05-04,271.4
8410,2026-05-11,272.1
8410,2026-05-18,271.9
8410,2026-05-25,270.1
8410,2026-06-01,276.1
8410,2026-06-08,289.6
8410,2026-06-15,276.7
8410,2026-06-22,277.5
8410,2026-06-29,288.8
8410,2026-07-06,290.2
8410,2026-07-13,302.8
8410,2026-07-20,310.6
8410,2026-07-27,318.6
8410,2026-08-03,325.0
8410,2026-08-10,336.1
8410,2026-08-17,342.1
8508,2025-08-25,428.24
8508,2025-09-01,431.14
8508,2025-09-08,437.89
8508,2025-09-15,422.46
8508,2025-09-22,433.06
8508,2025-09-29,417.63
8508,2025-10-06,416.67
8508,2025-10-13,404.13
8508,2025-10-20,407.99
8508,2025-10-27,391.59
8508,2025-11-03,402.2
8508,2025-11-10,414.74
8508,2025-11-17,410.88
8508,2025-11-24,416.67
8508,2025-12-01,406.06
8508,2025-12-08,417.63
8508,2025-12-15,446.57
8508,2025-12-22,462.0
8508,2025-12-29,477.0
8508,2026-01-05,484.0
8508,2026-01-12,498.0
8508,2026-01-19,495.0
8508,2026-01-26,488.0
8508,2026-02-02,468.0
8508,2026-02-09,476.0
8508,2026-02-16,520.0
8508,2026-02-23,539.0
8508,2026-03-02,558.0
8508,2026-03-09,560.0
8508,2026-03-16,549.0
8508,2026-03-23,548.0
8508,2026-03-30,566.0
8508,2026-04-06,609.0
8508,2026-04-13,616.0
8508,2026-04-20,609.0
8508,2026-04-27,662.0
8508,2026-05-04,681.0
8508,2026-05-11,708.0
8508,2026-05-18,797.0
8508,2026-05-25,761.0
8508,2026-06-01,724.0
8508,2026-06-08,715.0
8508,2026-06-15,764.0
8508,2026-06-22,807.0
8508,2026-06-29,818.0
8508,2026-07-06,822.0
8508,2026-07-13,841.0
8508,2026-07-20,833.0
8508,2026-07-27,817.0
8508,2026-08-03,885.0
8508,2026-08-10,895.0
8508,2026-08-17,903.0
8522,2025-08-25,3271.65
8522,2025-09-01,3368.35
8522,2025-09-08,3345.79
8522,2025-09-15,3255.53
8522,2025-09-22,3368.35
8522,2025-09-29,3316.03
8522,2025-10-06,3379.79
8522,2025-10-13,3379.79
8522,2025-10-20,3634.87
8522,2025-10-27,3860.52
8522,2025-11-03,3909.57
8522,2025-11-10,3939.01
8522,2025-11-17,3924.29
8522,2025-11-24,4292.19
8522,2025-12-01,4341.25
8522,2025-12-08,4351.06
8522,2025-12-15,4419.73
8522,2025-12-22,4238.23
8522,2025-12-29,4272.57
8522,2026-01-05,4552.18
8522,2026-01-12,4758.2
8522,2026-01-19,4993.66
8522,2026-01-26,4797.44
8522,2026-02-02,5484.2
8522,2026-02-09,5631.36
8522,2026-02-16,5405.71
8522,2026-02-23,5817.76
8522,2026-03-02,5484.2
8522,2026-03-09,5258.55
8522,2026-03-16,5287.98
8522,2026-03-23,6220.0
8522,2026-03-30,5800.0
8522,2026-04-06,5880.0
8522,2026-04-13,5990.0
8522,2026-04-20,5690.0
8522,2026-04-27,5780.0
8522,2026-05-04,5830.0
8522,2026-05-11,6150.0
8522,2026-05-18,6060.0
8522,2026-05-25,5860.0
8522,2026-06-01,5840.0
8522,2026-06-08,5970.0
8522,2026-06-15,5800.0
8522,2026-06-22,5910.0
8522,2026-06-29,6300.0
8522,2026-07-06,6460.0
8522,2026-07-13,6260.0
8522,2026-07-20,6890.0
8522,2026-07-27,6510.0
8522,2026-08-03,6450.0
8522,2026-08-10,6870.0
8522,2026-08-17,7080.0
8524,2025-08-25,677.6
8524,2025-09-01,698.89
8524,2025-09-08,699.86
8524,2025-09-15,693.08
8524,2025-09-22,717.28
8524,2025-09-29,698.24
8524,2025-10-06,685.55
8524,2025-10-13,670.9
8524,2025-10-20,706.05
8524,2025-10-27,705.08
8524,2025-11-03,715.82
8524,2025-11-10,723.63
8524,2025-11-17,732.42
8524,2025-11-24,806.64
8524,2025-12-01,814.45
8524,2025-12-08,806.64
8524,2025-12-15,832.03
8524,2025-12-22,821.29
8524,2025-12-29,834.57
8524,2026-01-05,908.39
8524,2026-01-12,945.79
8524,2026-01-19,926.1
8524,2026-01-26,906.42
8524,2026-02-02,961.53
8524,2026-02-09,997.95
8524,2026-02-16,1031.41
8524,2026-02-23,1080.62
8524,2026-03-02,987.12
8524,2026-03-09,932.01
8524,2026-03-16,916.26
8524,2026-03-23,956.61
8524,2026-03-30,990.87
8524,2026-04-06,1035.54
8524,2026-04-13,1038.52
8524,2026-04-20,923.35
8524,2026-04-27,982.92
8524,2026-05-04,973.99
8524,2026-05-11,987.89
8524,2026-05-18,999.8
8524,2026-05-25,966.04
8524,2026-06-01,985.9
8524,2026-06-08,1012.71
8524,2026-06-15,1009.73
8524,2026-06-22,1111.0
8524,2026-06-29,1141.0
8524,2026-07-06,1170.0
8524,2026-07-13,1114.0
8524,2026-07-20,1217.0
8524,2026-07-27,1157.0
8524,2026-08-03,1221.0
8524,2026-08-10,1301.0
8524,2026-08-17,1324.0
8537,2025-08-25,1747.17
8537,2025-09-01,1730.88
8537,2025-09-08,1706.92
8537,2025-09-15,1635.04
8537,2025-09-22,1690.63
8537,2025-09-29,1663.25
8537,2025-10-06,1645.65
8537,2025-10-13,1629.02
8537,2025-10-20,1693.56
8537,2025-10-27,1706.27
8537,2025-11-03,1685.74
8537,2025-11-10,1684.76
8537,2025-11-17,1674.98
8537,2025-11-24,1811.87
8537,2025-12-01,1912.59
8537,2025-12-08,1908.68
8537,2025-12-15,1909.65
8537,2025-12-22,2043.61
8537,2025-12-29,2023.08
8537,2026-01-05,2275.35
8537,2026-01-12,2406.38
8537,2026-01-19,2436.69
8537,2026-01-26,2316.42
8537,2026-02-02,2461.14
8537,2026-02-09,2546.2
8537,2026-02-16,2829.77
8537,2026-02-23,2832.7
8537,2026-03-02,2576.52
8537,2026-03-09,2447.45
8537,2026-03-16,2417.13
8537,2026-03-23,2379.0
8537,2026-03-30,2375.0
8537,2026-04-06,2539.0
8537,2026-04-13,2617.0
8537,2026-04-20,2393.0
8537,2026-04-27,2506.0
8537,2026-05-04,2592.0
8537,2026-05-11,2740.0
8537,2026-05-18,2981.0
8537,2026-05-25,2834.0
8537,2026-06-01,2807.0
8537,2026-06-08,2841.0
8537,2026-06-15,2721.0
8537,2026-06-22,2740.0
8537,2026-06-29,2843.0
8537,2026-07-06,2721.0
8537,2026-07-13,2633.0
8537,2026-07-20,2889.0
8537,2026-07-27,2592.0
8537,2026-08-03,2695.0
8537,2026-08-10,2945.0
8537,2026-08-17,3160.0
8541,2025-08-25,1169.32
8541,2025-09-01,1186.76
8541,2025-09-08,1189.67
8541,2025-09-15,1159.63
8541,2025-09-22,1195.48
8541,2025-09-29,1162.08
8541,2025-10-06,1133.59
8541,2025-10-13,1135.56
8541,2025-10-20,1202.36
8541,2025-10-27,1227.9
8541,2025-11-03,1227.9
8541,2025-11-10,1234.77
8541,2025-11-17,1242.63
8541,2025-11-24,1293.71
8541,2025-12-01,1341.85
8541,2025-12-08,1369.35
8541,2025-12-15,1382.12
8541,2025-12-22,1443.02
8541,2025-12-29,1463.65
8541,2026-01-05,1541.26
8541,2026-01-12,1639.49
8541,2026-01-19,1710.21
8541,2026-01-26,1667.97
8541,2026-02-02,1786.83
8541,2026-02-09,1918.47
8541,2026-02-16,1874.26
8541,2026-02-23,1859.53
8541,2026-03-02,1705.3
8541,2026-03-09,1587.42
8541,2026-03-16,1553.04
8541,2026-03-23,1611.0
8541,2026-03-30,1609.0
8541,2026-04-06,1721.0
8541,2026-04-13,1836.0
8541,2026-04-20,1722.0
8541,2026-04-27,1790.0
8541,2026-05-04,1857.0
8541,2026-05-11,1913.0
8541,2026-05-18,1984.0
8541,2026-05-25,1934.0
8541,2026-06-01,1992.0
8541,2026-06-08,2044.0
8541,2026-06-15,1945.0
8541,2026-06-22,2053.0
8541,2026-06-29,2210.0
8541,2026-07-06,2239.0
8541,2026-07-13,2317.0
8541,2026-07-20,2794.0
8541,2026-07-27,2781.0
8541,2026-08-03,2853.0
8541,2026-08-10,3065.0
8541,2026-08-17,3320.0
8542,2025-08-25,1359.87
8542,2025-09-01,1346.34
8542,2025-09-08,1330.88
8542,2025-09-15,1293.18
8542,2025-09-22,1309.61
8542,2025-09-29,1300.75
8542,2025-10-06,1310.6
8542,2025-10-13,1308.63
8542,2025-10-20,1334.23
8542,2025-10-27,1359.83
8542,2025-11-03,1392.33
8542,2025-11-10,1387.4
8542,2025-11-17,1370.66
8542,2025-11-24,1414.97
8542,2025-12-01,1440.58
8542,2025-12-08,1463.22
8542,2025-12-15,1451.41
8542,2025-12-22,1469.13
8542,2025-12-29,1463.22
8542,2026-01-05,1528.21
8542,2026-01-12,1586.31
8542,2026-01-19,1610.92
8542,2026-01-26,1584.34
8542,2026-02-02,1788.16
8542,2026-02-09,1791.12
8542,2026-02-16,1746.81
8542,2026-02-23,1712.34
8542,2026-03-02,1632.59
8542,2026-03-09,1601.08
8542,2026-03-16,1576.46
8542,2026-03-23,1606.0
8542,2026-03-30,1586.0
8542,2026-04-06,1610.0
8542,2026-04-13,1641.0
8542,2026-04-20,1553.0
8542,2026-04-27,1546.0
8542,2026-05-04,1568.0
8542,2026-05-11,1520.0
8542,2026-05-18,1525.0
8542,2026-05-25,1490.0
8542,2026-06-01,1445.0
8542,2026-06-08,1481.0
8542,2026-06-15,1497.0
8542,2026-06-22,1487.0
8542,2026-06-29,1514.0
8542,2026-07-06,1529.0
8542,2026-07-13,1500.0
8542,2026-07-20,1621.0
8542,2026-07-27,1638.0
8542,2026-08-03,1759.0
8542,2026-08-10,1895.0
8542,2026-08-17,1997.0
8551,2025-08-25,3636.27
8551,2025-09-01,3698.55
8551,2025-09-08,3703.34
8551,2025-09-15,3645.85
8551,2025-09-22,3808.74
8551,2025-09-29,3646.25
8551,2025-10-06,3553.26
8551,2025-10-13,3519.0
8551,2025-10-20,3665.82
8551,2025-10-27,3695.19
8551,2025-11-03,3675.61
8551,2025-11-10,4023.11
8551,2025-11-17,4116.1
8551,2025-11-24,4287.4
8551,2025-12-01,4204.2
8551,2025-12-08,4199.3
8551,2025-12-15,4238.46
8551,2025-12-22,4292.29
8551,2025-12-29,4424.44
8551,2026-01-05,4644.68
8551,2026-01-12,4904.08
8551,2026-01-19,4972.6
8551,2026-01-26,4585.95
8551,2026-02-02,4889.4
8551,2026-02-09,5119.43
8551,2026-02-16,5099.85
8551,2026-02-23,5187.95
8551,2026-03-02,4757.25
8551,2026-03-09,4561.48
8551,2026-03-16,4507.64
8551,2026-03-23,4630.0
8551,2026-03-30,4675.0
8551,2026-04-06,4900.0
8551,2026-04-13,5040.0
8551,2026-04-20,4660.0
8551,2026-04-27,4755.0
8551,2026-05-04,4785.0
8551,2026-05-11,5240.0
8551,2026-05-18,5500.0
8551,2026-05-25,5440.0
8551,2026-06-01,5320.0
8551,2026-06-08,5410.0
8551,2026-06-15,5200.0
8551,2026-06-22,5260.0
8551,2026-06-29,5680.0
8551,2026-07-06,5700.0
8551,2026-07-13,6030.0
8551,2026-07-20,6790.0
8551,2026-07-27,6650.0
8551,2026-08-03,6710.0
8551,2026-08-10,7380.0
8551,2026-08-17,7630.0
8600,2025-08-25,614.42
8600,2025-09-01,629.87
8600,2025-09-08,634.7
8600,2025-09-15,639.53
8600,2025-09-22,662.72
8600,2025-09-29,647.95
8600,2025-10-06,645.98
8600,2025-10-13,639.09
8600,2025-10-20,667.64
8600,2025-10-27,672.57
8600,2025-11-03,694.23
8600,2025-11-10,685.37
8600,2025-11-17,692.26
8600,2025-11-24,736.57
8600,2025-12-01,738.54
8600,2025-12-08,743.47
8600,2025-12-15,751.34
8600,2025-12-22,753.31
8600,2025-12-29,772.02
8600,2026-01-05,798.61
8600,2026-01-12,854.74
8600,2026-01-19,860.65
8600,2026-01-26,859.66
8600,2026-02-02,917.76
8600,2026-02-09,949.27
8600,2026-02-16,961.09
8600,2026-02-23,967.98
8600,2026-03-02,884.28
8600,2026-03-09,845.88
8600,2026-03-16,838.98
8600,2026-03-23,838.0
8600,2026-03-30,888.0
8600,2026-04-06,924.0
8600,2026-04-13,939.0
8600,2026-04-20,866.0
8600,2026-04-27,892.0
8600,2026-05-04,889.0
8600,2026-05-11,878.0
8600,2026-05-18,888.0
8600,2026-05-25,876.0
8600,2026-06-01,852.0
8600,2026-06-08,890.0
8600,2026-06-15,861.0
8600,2026-06-22,876.0
8600,2026-06-29,895.0
8600,2026-07-06,910.0
8600,2026-07-13,908.0
8600,2026-07-20,1024.0
8600,2026-07-27,997.0
8600,2026-08-03,1078.0
8600,2026-08-10,1118.0
8600,2026-08-17,1130.0
8617,2025-08-25,480.61
8617,2025-09-01,504.15
8617,2025-09-08,506.11
8617,2025-09-15,507.1
8617,2025-09-22,494.34
8617,2025-09-29,493.36
8617,2025-10-06,489.44
8617,2025-10-13,473.75
8617,2025-10-20,467.86
8617,2025-10-27,463.94
8617,2025-11-03,453.15
8617,2025-11-10,452.17
8617,2025-11-17,457.07
8617,2025-11-24,464.92
8617,2025-12-01,467.86
8617,2025-12-08,462.96
8617,2025-12-15,431.57
8617,2025-12-22,449.23
8617,2025-12-29,446.28
8617,2026-01-05,465.9
8617,2026-01-12,492.38
8617,2026-01-19,504.15
8617,2026-01-26,526.71
8617,2026-02-02,543.39
8617,2026-02-09,547.31
8617,2026-02-16,559.08
8617,2026-02-23,587.52
8617,2026-03-02,541.43
8617,2026-03-09,521.81
8617,2026-03-16,547.31
8617,2026-03-23,512.0
8617,2026-03-30,506.0
8617,2026-04-06,535.0
8617,2026-04-13,553.0
8617,2026-04-20,560.0
8617,2026-04-27,547.0
8617,2026-05-04,540.0
8617,2026-05-11,521.0
8617,2026-05-18,524.0
8617,2026-05-25,524.0
8617,2026-06-01,539.0
8617,2026-06-08,527.0
8617,2026-06-15,528.0
8617,2026-06-22,539.0
8617,2026-06-29,546.0
8617,2026-07-06,567.0
8617,2026-07-13,572.0
8617,2026-07-20,556.0
8617,2026-07-27,556.0
8617,2026-08-03,555.0
8617,2026-08-10,585.0
8617,2026-08-17,609.0
8713,2025-08-25,1523.41
8713,2025-09-01,1534.91
8713,2025-09-08,1579.01
8713,2025-09-15,1551.21
8713,2025-09-22,1594.35
8713,2025-09-29,1544.82
8713,2025-10-06,1520.3
8713,2025-10-13,1524.22
8713,2025-10-20,1556.59
8713,2025-10-27,1623.29
8713,2025-11-03,1628.19
8713,2025-11-10,1636.04
8713,2025-11-17,1672.33
8713,2025-11-24,1715.49
8713,2025-12-01,1738.04
8713,2025-12-08,1756.68
8713,2025-12-15,1800.82
8713,2025-12-22,1835.15
8713,2025-12-29,1865.55
8713,2026-01-05,1984.24
8713,2026-01-12,2041.12
8713,2026-01-19,2022.49
8713,2026-01-26,1963.64
8713,2026-02-02,2131.36
8713,2026-02-09,2156.86
8713,2026-02-16,2142.15
8713,2026-02-23,2148.04
8713,2026-03-02,1959.71
8713,2026-03-09,1890.07
8713,2026-03-16,1873.4
8713,2026-03-23,1919.5
8713,2026-03-30,1909.0
8713,2026-04-06,1942.0
8713,2026-04-13,2023.0
8713,2026-04-20,1892.0
8713,2026-04-27,1916.0
8713,2026-05-04,1986.0
8713,2026-05-11,1944.0
8713,2026-05-18,2011.0
8713,2026-05-25,1944.0
8713,2026-06-01,1956.0
8713,2026-06-08,2038.0
8713,2026-06-15,1953.0
8713,2026-06-22,1910.0
8713,2026-06-29,2005.0
8713,2026-07-06,2034.0
8713,2026-07-13,2010.0
8713,2026-07-20,2132.0
8713,2026-07-27,2160.0
8713,2026-08-03,2454.0
8713,2026-08-10,2630.0
8713,2026-08-17,2770.0
8789,2025-08-25,110.15
8789,2025-09-01,120.87
8789,2025-09-08,117.95
8789,2025-09-15,117.95
8789,2025-09-22,116.0
8789,2025-09-29,114.0
8789,2025-10-06,111.0
8789,2025-10-13,107.0
8789,2025-10-20,106.0
8789,2025-10-27,102.0
8789,2025-11-03,108.0
8789,2025-11-10,128.0
8789,2025-11-17,139.0
8789,2025-11-24,150.0
8789,2025-12-01,156.0
8789,2025-12-08,141.0
8789,2025-12-15,141.0
8789,2025-12-22,139.0
8789,2025-12-29,138.0
8789,2026-01-05,143.0
8789,2026-01-12,144.0
8789,2026-01-19,146.0
8789,2026-01-26,146.0
8789,2026-02-02,155.0
8789,2026-02-09,149.0
8789,2026-02-16,148.0
8789,2026-02-23,155.0
8789,2026-03-02,143.0
8789,2026-03-09,134.0
8789,2026-03-16,128.0
8789,2026-03-23,125.0
8789,2026-03-30,120.0
8789,2026-04-06,126.0
8789,2026-04-13,129.0
8789,2026-04-20,126.0
8789,2026-04-27,127.0
8789,2026-05-04,129.0
8789,2026-05-11,135.0
8789,2026-05-18,136.0
8789,2026-05-25,129.0
8789,2026-06-01,123.0
8789,2026-06-08,121.0
8789,2026-06-15,122.0
8789,2026-06-22,120.0
8789,2026-06-29,128.0
8789,2026-07-06,130.0
8789,2026-07-13,129.0
8789,2026-07-20,131.0
8789,2026-07-27,132.0
8789,2026-08-03,134.0
8789,2026-08-10,154.0
8789,2026-08-17,164.0
9076,2025-08-25,2201.99
9076,2025-09-01,2205.82
9076,2025-09-08,2183.8
9076,2025-09-15,2134.49
9076,2025-09-22,2171.83
9076,2025-09-29,2086.93
9076,2025-10-06,2108.4
9076,2025-10-13,2116.69
9076,2025-10-20,2154.75
9076,2025-10-27,2125.48
9076,2025-11-03,2129.87
9076,2025-11-10,2164.02
9076,2025-11-17,2175.73
9076,2025-11-24,2199.16
9076,2025-12-01,2220.63
9076,2025-12-08,2275.27
9076,2025-12-15,2291.86
9076,2025-12-22,2291.86
9076,2025-12-29,2299.18
9076,2026-01-05,2342.12
9076,2026-01-12,2350.91
9076,2026-01-19,2394.82
9076,2026-01-26,2349.93
9076,2026-02-02,2411.9
9076,2026-02-09,2458.74
9076,2026-02-16,2543.64
9076,2026-02-23,2601.22
9076,2026-03-02,2545.11
9076,2026-03-09,2433.86
9076,2026-03-16,2396.77
9076,2026-03-23,2468.5
9076,2026-03-30,2491.5
9076,2026-04-06,2507.0
9076,2026-04-13,2476.0
9076,2026-04-20,2451.5
9076,2026-04-27,2391.5
9076,2026-05-04,2442.5
9076,2026-05-11,2547.0
9076,2026-05-18,2569.0
9076,2026-05-25,2724.0
9076,2026-06-01,2685.5
9076,2026-06-08,2709.0
9076,2026-06-15,2619.0
9076,2026-06-22,2619.5
9076,2026-06-29,2646.5
9076,2026-07-06,2652.5
9076,2026-07-13,2704.5
9076,2026-07-20,2705.5
9076,2026-07-27,2634.0
9076,2026-08-03,2692.0
9076,2026-08-10,2776.0
9076,2026-08-17,2827.0
9101,2025-08-25,5116.22
9101,2025-09-01,5295.62
9101,2025-09-08,5311.93
9101,2025-09-15,5223.67
9101,2025-09-22,5116.22
9101,2025-09-29,4951.5
9101,2025-10-06,4880.91
9101,2025-10-13,4951.5
9101,2025-10-20,5107.4
9101,2025-10-27,5227.02
9101,2025-11-03,4931.89
9101,2025-11-10,4876.98
9101,2025-11-17,4855.41
9101,2025-11-24,4853.45
9101,2025-12-01,4736.77
9101,2025-12-08,4852.47
9101,2025-12-15,4802.47
9101,2025-12-22,4926.99
9101,2025-12-29,4978.96
9101,2026-01-05,5171.13
9101,2026-01-12,5049.55
9101,2026-01-19,4923.07
9101,2026-01-26,4973.07
9101,2026-02-02,4952.48
9101,2026-02-09,4950.52
9101,2026-02-16,5113.28
9101,2026-02-23,5264.28
9101,2026-03-02,5432.92
9101,2026-03-09,5529.99
9101,2026-03-16,6020.24
9101,2026-03-23,5781.0
9101,2026-03-30,6164.0
9101,2026-04-06,6163.0
9101,2026-04-13,6096.0
9101,2026-04-20,5874.0
9101,2026-04-27,5629.0
9101,2026-05-04,5571.0
9101,2026-05-11,5498.0
9101,2026-05-18,5391.0
9101,2026-05-25,5313.0
9101,2026-06-01,5609.0
9101,2026-06-08,5630.0
9101,2026-06-15,5152.0
9101,2026-06-22,5265.0
9101,2026-06-29,5211.0
9101,2026-07-06,5286.0
9101,2026-07-13,5706.0
9101,2026-07-20,5946.0
9101,2026-07-27,6110.0
9101,2026-08-03,6115.0
9101,2026-08-10,6400.0
9101,2026-08-17,6784.0
9107,2025-08-25,2159.94
9107,2025-09-01,2207.07
9107,2025-09-08,2219.45
9107,2025-09-15,2172.79
9107,2025-09-22,2133.28
9107,2025-09-29,2024.19
9107,2025-10-06,1975.76
9107,2025-10-13,2055.99
9107,2025-10-20,2117.13
9107,2025-10-27,2165.07
9107,2025-11-03,2072.13
9107,2025-11-10,2063.33
9107,2025-11-17,2044.74
9107,2025-11-24,2033.49
9107,2025-12-01,2035.93
9107,2025-12-08,2100.01
9107,2025-12-15,2055.5
9107,2025-12-22,2110.78
9107,2025-12-29,2133.77
9107,2026-01-05,2234.54
9107,2026-01-12,2154.31
9107,2026-01-19,2164.58
9107,2026-01-26,2180.73
9107,2026-02-02,2290.3
9107,2026-02-09,2268.29
9107,2026-02-16,2353.4
9107,2026-02-23,2458.58
9107,2026-03-02,2551.03
9107,2026-03-09,2586.25
9107,2026-03-16,2720.77
9107,2026-03-23,2710.5
9107,2026-03-30,2698.0
9107,2026-04-06,2661.0
9107,2026-04-13,2659.5
9107,2026-04-20,2544.0
9107,2026-04-27,2503.5
9107,2026-05-04,2503.0
9107,2026-05-11,2522.5
9107,2026-05-18,2511.0
9107,2026-05-25,2520.0
9107,2026-06-01,2701.5
9107,2026-06-08,2622.5
9107,2026-06-15,2476.0
9107,2026-06-22,2459.0
9107,2026-06-29,2543.5
9107,2026-07-06,2526.5
9107,2026-07-13,2723.5
9107,2026-07-20,2806.0
9107,2026-07-27,2850.0
9107,2026-08-03,2855.0
9107,2026-08-10,3030.0
9107,2026-08-17,3141.0
9251,2025-08-25,944.18
9251,2025-09-01,948.0
9251,2025-09-08,953.73
9251,2025-09-15,1179.99
9251,2025-09-22,1305.05
9251,2025-09-29,1273.55
9251,2025-10-06,1247.77
9251,2025-10-13,1240.13
9251,2025-10-20,1256.36
9251,2025-10-27,1097.0
9251,2025-11-03,1067.0
9251,2025-11-10,1092.0
9251,2025-11-17,1087.0
9251,2025-11-24,1112.0
9251,2025-12-01,1100.0
9251,2025-12-08,1102.0
9251,2025-12-15,1155.0
9251,2025-12-22,1183.0
9251,2025-12-29,1204.0
9251,2026-01-05,1233.0
9251,2026-01-12,1209.0
9251,2026-01-19,1207.0
9251,2026-01-26,1208.0
9251,2026-02-02,1206.0
9251,2026-02-09,1223.0
9251,2026-02-16,1250.0
9251,2026-02-23,1275.0
9251,2026-03-02,1278.0
9251,2026-03-09,1255.0
9251,2026-03-16,1274.0
9251,2026-03-23,1258.0
9251,2026-03-30,1240.0
9251,2026-04-06,1219.0
9251,2026-04-13,1216.0
9251,2026-04-20,1201.0
9251,2026-04-27,1202.0
9251,2026-05-04,1208.0
9251,2026-05-11,1196.0
9251,2026-05-18,1202.0
9251,2026-05-25,1205.0
9251,2026-06-01,1211.0
9251,2026-06-08,1204.0
9251,2026-06-15,1254.0
9251,2026-06-22,1276.0
9251,2026-06-29,1326.0
9251,2026-07-06,1324.0
9251,2026-07-13,1340.0
9251,2026-07-20,1332.0
9251,2026-07-27,1367.0
9251,2026-08-03,1383.0
9251,2026-08-10,1402.0
9251,2026-08-17,1450.0
9308,2025-08-25,1601.72
9308,2025-09-01,1626.56
9308,2025-09-08,1598.74
9308,2025-09-15,1603.7
9308,2025-09-22,1660.34
9308,2025-09-29,1625.5
9308,2025-10-06,1592.65
9308,2025-10-13,1568.76
9308,2025-10-20,1599.62
9308,2025-10-27,1559.8
9308,2025-11-03,1550.84
9308,2025-11-10,1415.47
9308,2025-11-17,1391.58
9308,2025-11-24,1451.3
9308,2025-12-01,1452.3
9308,2025-12-08,1356.74
9308,2025-12-15,1340.81
9308,2025-12-22,1361.72
9308,2025-12-29,1365.7
9308,2026-01-05,1380.63
9308,2026-01-12,1365.7
9308,2026-01-19,1328.87
9308,2026-01-26,1289.05
9308,2026-02-02,1287.06
9308,2026-02-09,1500.08
9308,2026-02-16,1538.9
9308,2026-02-23,1640.43
9308,2026-03-02,1631.47
9308,2026-03-09,1598.62
9308,2026-03-16,1589.67
9308,2026-03-23,1502.07
9308,2026-03-30,1535.0
9308,2026-04-06,1541.0
9308,2026-04-13,1593.0
9308,2026-04-20,1452.0
9308,2026-04-27,1516.0
9308,2026-05-04,1531.0
9308,2026-05-11,1614.0
9308,2026-05-18,1554.0
9308,2026-05-25,1618.0
9308,2026-06-01,1542.0
9308,2026-06-08,1529.0
9308,2026-06-15,1505.0
9308,2026-06-22,1440.0
9308,2026-06-29,1467.0
9308,2026-07-06,1588.0
9308,2026-07-13,1656.0
9308,2026-07-20,1736.0
9308,2026-07-27,1890.0
9308,2026-08-03,1936.0
9308,2026-08-10,2059.0
9308,2026-08-17,2120.0
9344,2025-08-25,802.31
9344,2025-09-01,798.46
9344,2025-09-08,816.76
9344,2025-09-15,833.13
9344,2025-09-22,850.47
9344,2025-09-29,842.76
9344,2025-10-06,864.92
9344,2025-10-13,818.68
9344,2025-10-20,855.28
9344,2025-10-27,856.25
9344,2025-11-03,837.95
9344,2025-11-10,829.28
9344,2025-11-17,858.17
9344,2025-11-24,890.92
9344,2025-12-01,895.74
9344,2025-12-08,897.66
9344,2025-12-15,920.78
9344,2025-12-22,907.29
9344,2025-12-29,884.18
9344,2026-01-05,877.44
9344,2026-01-12,887.07
9344,2026-01-19,897.66
9344,2026-01-26,887.07
9344,2026-02-02,881.29
9344,2026-02-09,876.47
9344,2026-02-16,871.66
9344,2026-02-23,876.47
9344,2026-03-02,872.62
9344,2026-03-09,870.69
9344,2026-03-16,870.69
9344,2026-03-23,867.81
9344,2026-03-30,868.77
9344,2026-04-06,874.55
9344,2026-04-13,888.03
9344,2026-04-20,887.07
9344,2026-04-27,872.62
9344,2026-05-04,881.29
9344,2026-05-11,892.85
9344,2026-05-18,903.44
9344,2026-05-25,921.74
9344,2026-06-01,916.93
9344,2026-06-08,915.0
9344,2026-06-15,907.29
9344,2026-06-22,915.0
9344,2026-06-29,930.0
9344,2026-07-06,937.0
9344,2026-07-13,931.0
9344,2026-07-20,931.0
9344,2026-07-27,920.0
9344,2026-08-03,944.0
9344,2026-08-10,989.0
9344,2026-08-17,1369.0
9366,2025-08-25,818.41
9366,2025-09-01,823.22
9366,2025-09-08,853.03
9366,2025-09-15,841.49
9366,2025-09-22,859.76
9366,2025-09-29,831.87
9366,2025-10-06,831.87
9366,2025-10-13,824.18
9366,2025-10-20,825.14
9366,2025-10-27,823.22
9366,2025-11-03,818.41
9366,2025-11-10,828.03
9366,2025-11-17,812.64
9366,2025-11-24,813.6
9366,2025-12-01,838.6
9366,2025-12-08,833.8
9366,2025-12-15,860.72
9366,2025-12-22,870.34
9366,2025-12-29,879.96
9366,2026-01-05,884.77
9366,2026-01-12,891.5
9366,2026-01-19,876.11
9366,2026-01-26,875.15
9366,2026-02-02,866.49
9366,2026-02-09,887.65
9366,2026-02-16,922.27
9366,2026-02-23,937.66
9366,2026-03-02,894.38
9366,2026-03-09,880.92
9366,2026-03-16,866.49
9366,2026-03-23,904.0
9366,2026-03-30,923.0
9366,2026-04-06,917.0
9366,2026-04-13,940.0
9366,2026-04-20,935.0
9366,2026-04-27,931.0
9366,2026-05-04,935.0
9366,2026-05-11,950.0
9366,2026-05-18,991.0
9366,2026-05-25,976.0
9366,2026-06-01,960.0
9366,2026-06-08,975.0
9366,2026-06-15,1019.0
9366,2026-06-22,993.0
9366,2026-06-29,1000.0
9366,2026-07-06,1050.0
9366,2026-07-13,1020.0
9366,2026-07-20,1029.0
9366,2026-07-27,1026.0
9366,2026-08-03,1034.0
9366,2026-08-10,1108.0
9366,2026-08-17,1102.0
9563,2025-08-25,322.0
9563,2025-09-01,319.0
9563,2025-09-08,316.0
9563,2025-09-15,318.0
9563,2025-09-22,317.0
9563,2025-09-29,318.0
9563,2025-10-06,316.0
9563,2025-10-13,314.0
9563,2025-10-20,313.0
9563,2025-10-27,310.0
9563,2025-11-03,303.0
9563,2025-11-10,297.0
9563,2025-11-17,287.0
9563,2025-11-24,297.0
9563,2025-12-01,282.0
9563,2025-12-08,283.0
9563,2025-12-15,284.0
9563,2025-12-22,280.0
9563,2025-12-29,285.0
9563,2026-01-05,297.0
9563,2026-01-12,294.0
9563,2026-01-19,299.0
9563,2026-01-26,291.0
9563,2026-02-02,291.0
9563,2026-02-09,284.0
9563,2026-02-16,294.0
9563,2026-02-23,292.0
9563,2026-03-02,289.0
9563,2026-03-09,286.0
9563,2026-03-16,288.0
9563,2026-03-23,278.0
9563,2026-03-30,287.0
9563,2026-04-06,287.0
9563,2026-04-13,289.0
9563,2026-04-20,288.0
9563,2026-04-27,283.0
9563,2026-05-04,286.0
9563,2026-05-11,291.0
9563,2026-05-18,295.0
9563,2026-05-25,308.0
9563,2026-06-01,287.0
9563,2026-06-08,287.0
9563,2026-06-15,286.0
9563,2026-06-22,292.0
9563,2026-06-29,296.0
9563,2026-07-06,299.0
9563,2026-07-13,295.0
9563,2026-07-20,299.0
9563,2026-07-27,301.0
9563,2026-08-03,310.0
9563,2026-08-10,321.0
9563,2026-08-17,363.0
9619,2025-08-25,1730.81
9619,2025-09-01,1776.99
9619,2025-09-08,1914.57
9619,2025-09-15,1923.23
9619,2025-09-22,1985.77
9619,2025-09-29,1940.68
9619,2025-10-06,1937.74
9619,2025-10-13,1931.86
9619,2025-10-20,1990.67
9619,2025-10-27,1974.99
9619,2025-11-03,1965.18
9619,2025-11-10,2000.47
9619,2025-11-17,2036.73
9619,2025-11-24,2054.38
9619,2025-12-01,1990.67
9619,2025-12-08,2058.3
9619,2025-12-15,2060.26
9619,2025-12-22,2068.1
9619,2025-12-29,2085.74
9619,2026-01-05,2106.32
9619,2026-01-12,2104.36
9619,2026-01-19,2085.74
9619,2026-01-26,2066.14
9619,2026-02-02,2091.62
9619,2026-02-09,2149.45
9619,2026-02-16,2116.13
9619,2026-02-23,2142.59
9619,2026-03-02,2059.28
9619,2026-03-09,2029.87
9619,2026-03-16,2022.03
9619,2026-03-23,2073.0
9619,2026-03-30,2136.0
9619,2026-04-06,2120.0
9619,2026-04-13,2156.0
9619,2026-04-20,2150.0
9619,2026-04-27,2149.0
9619,2026-05-04,2132.0
9619,2026-05-11,2134.0
9619,2026-05-18,2134.0
9619,2026-05-25,2138.0
9619,2026-06-01,2122.0
9619,2026-06-08,2193.0
9619,2026-06-15,2214.0
9619,2026-06-22,2218.0
9619,2026-06-29,2223.0
9619,2026-07-06,2285.0
9619,2026-07-13,2357.0
9619,2026-07-20,2377.0
9619,2026-07-27,2370.0
9619,2026-08-03,2599.0
9619,2026-08-10,2654.0
9619,2026-08-17,2686.0
9633,2025-08-25,1362.74
9633,2025-09-01,1382.5
9633,2025-09-08,1383.49
9633,2025-09-15,1383.49
9633,2025-09-22,1412.15
9633,2025-09-29,1383.49
9633,2025-10-06,1387.44
9633,2025-10-13,1382.5
9633,2025-10-20,1392.38
9633,2025-10-27,1430.92
9633,2025-11-03,1403.25
9633,2025-11-10,1404.24
9633,2025-11-17,1433.89
9633,2025-11-24,1408.2
9633,2025-12-01,1414.12
9633,2025-12-08,1417.09
9633,2025-12-15,1418.08
9633,2025-12-22,1469.46
9633,2025-12-29,1507.02
9633,2026-01-05,1474.41
9633,2026-01-12,1468.48
9633,2026-01-19,1475.39
9633,2026-01-26,1481.32
9633,2026-02-02,1481.32
9633,2026-02-09,1485.28
9633,2026-02-16,1508.99
9633,2026-02-23,1569.27
9633,2026-03-02,1606.83
9633,2026-03-09,1679.95
9633,2026-03-16,1677.98
9633,2026-03-23,1676.0
9633,2026-03-30,1647.0
9633,2026-04-06,1601.0
9633,2026-04-13,1578.0
9633,2026-04-20,1550.0
9633,2026-04-27,1570.0
9633,2026-05-04,1579.0
9633,2026-05-11,1633.0
9633,2026-05-18,1616.0
9633,2026-05-25,1672.0
9633,2026-06-01,1643.0
9633,2026-06-08,1659.0
9633,2026-06-15,1608.0
9633,2026-06-22,1617.0
9633,2026-06-29,1625.0
9633,2026-07-06,1631.0
9633,2026-07-13,1635.0
9633,2026-07-20,1638.0
9633,2026-07-27,1633.0
9633,2026-08-03,1646.0
9633,2026-08-10,1722.0
9633,2026-08-17,1772.0
9780,2025-08-25,845.66
9780,2025-09-01,828.29
9780,2025-09-08,826.35
9780,2025-09-15,836.01
9780,2025-09-22,836.01
9780,2025-09-29,852.71
9780,2025-10-06,834.04
9780,2025-10-13,813.41
9780,2025-10-20,839.94
9780,2025-10-27,828.15
9780,2025-11-03,816.36
9780,2025-11-10,840.92
9780,2025-11-17,828.15
9780,2025-11-24,828.15
9780,2025-12-01,836.99
9780,2025-12-08,854.67
9780,2025-12-15,876.29
9780,2025-12-22,864.5
9780,2025-12-29,866.46
9780,2026-01-05,884.15
9780,2026-01-12,912.63
9780,2026-01-19,903.79
9780,2026-01-26,896.92
9780,2026-02-02,908.7
9780,2026-02-09,987.3
9780,2026-02-16,979.44
9780,2026-02-23,1008.91
9780,2026-03-02,982.38
9780,2026-03-09,948.0
9780,2026-03-16,938.18
9780,2026-03-23,948.0
9780,2026-03-30,970.0
9780,2026-04-06,971.0
9780,2026-04-13,961.0
9780,2026-04-20,943.0
9780,2026-04-27,941.0
9780,2026-05-04,948.0
9780,2026-05-11,925.0
9780,2026-05-18,897.0
9780,2026-05-25,908.0
9780,2026-06-01,901.0
9780,2026-06-08,898.0
9780,2026-06-15,891.0
9780,2026-06-22,891.0
9780,2026-06-29,915.0
9780,2026-07-06,933.0
9780,2026-07-13,925.0
9780,2026-07-20,918.0
9780,2026-07-27,916.0
9780,2026-08-03,948.0
9780,2026-08-10,1015.0
9780,2026-08-17,1071.0
9900,2025-08-25,1881.78
9900,2025-09-01,1891.74
9900,2025-09-08,1855.86
9900,2025-09-15,1867.82
9900,2025-09-22,1952.54
9900,2025-09-29,1789.08
9900,2025-10-06,1736.26
9900,2025-10-13,1756.19
9900,2025-10-20,1710.34
9900,2025-10-27,1664.49
9900,2025-11-03,1724.3
9900,2025-11-10,1722.3
9900,2025-11-17,1814.0
9900,2025-11-24,1846.89
9900,2025-12-01,1818.98
9900,2025-12-08,1866.83
9900,2025-12-15,1884.77
9900,2025-12-22,1868.82
9900,2025-12-29,1891.74
9900,2026-01-05,1894.73
9900,2026-01-12,1923.64
9900,2026-01-19,1926.63
9900,2026-01-26,1923.64
9900,2026-02-02,1967.49
9900,2026-02-09,1929.62
9900,2026-02-16,1874.8
9900,2026-02-23,1892.74
9900,2026-03-02,1846.89
9900,2026-03-09,1774.13
9900,2026-03-16,1785.1
9900,2026-03-23,1814.0
9900,2026-03-30,1848.0
9900,2026-04-06,1835.0
9900,2026-04-13,1795.0
9900,2026-04-20,1716.0
9900,2026-04-27,1727.0
9900,2026-05-04,1704.0
9900,2026-05-11,1754.0
9900,2026-05-18,1717.0
9900,2026-05-25,1672.0
9900,2026-06-01,1529.0
9900,2026-06-08,1620.0
9900,2026-06-15,1578.0
9900,2026-06-22,1613.0
9900,2026-06-29,1646.0
9900,2026-07-06,1753.0
9900,2026-07-13,1794.0
9900,2026-07-20,1921.0
9900,2026-07-27,2075.0
9900,2026-08-03,2193.0
9900,2026-08-10,2249.0
9900,2026-08-17,2270.0
