code,date,close
135A,2025-10-06,2520.0
135A,2025-10-13,2942.0
135A,2025-10-20,2954.0
135A,2025-10-27,2906.0
135A,2025-11-03,3060.0
135A,2025-11-10,3470.0
135A,2025-11-17,3365.0
135A,2025-11-24,3810.0
135A,2025-12-01,3655.0
135A,2025-12-08,3235.0
135A,2025-12-15,3265.0
135A,2025-12-22,3220.0
135A,2025-12-29,3170.0
135A,2026-01-05,3250.0
135A,2026-01-12,3015.0
135A,2026-01-19,2700.0
135A,2026-01-26,2561.0
135A,2026-02-02,2387.0
135A,2026-02-09,2439.0
135A,2026-02-16,2686.0
135A,2026-02-23,2575.0
135A,2026-03-02,2471.0
135A,2026-03-09,2596.0
135A,2026-03-16,2518.0
135A,2026-03-23,2515.0
135A,2026-03-30,2499.0
135A,2026-04-06,2665.0
135A,2026-04-13,3490.0
135A,2026-04-20,3280.0
135A,2026-04-27,3335.0
135A,2026-05-04,3850.0
135A,2026-05-11,3860.0
135A,2026-05-18,4465.0
135A,2026-05-25,4200.0
135A,2026-06-01,3865.0
135A,2026-06-08,3670.0
135A,2026-06-15,4005.0
135A,2026-06-22,3985.0
135A,2026-06-29,4570.0
135A,2026-07-06,4415.0
135A,2026-07-13,3750.0
135A,2026-07-20,3670.0
135A,2026-07-27,3685.0
135A,2026-08-03,3860.0
135A,2026-08-10,4120.0
135A,2026-08-17,4390.0
135A,2026-08-24,4205.0
135A,2026-08-31,4180.0
135A,2026-09-07,4395.0
135A,2026-09-14,4710.0
135A,2026-09-21,4865.0
135A,2026-09-28,5410.0
142A,2025-10-06,826.0
142A,2025-10-13,833.0
142A,2025-10-20,836.0
142A,2025-10-27,796.0
142A,2025-11-03,772.0
142A,2025-11-10,731.0
142A,2025-11-17,715.0
142A,2025-11-24,727.0
142A,2025-12-01,677.0
142A,2025-12-08,637.0
142A,2025-12-15,656.0
142A,2025-12-22,680.0
142A,2025-12-29,725.0
142A,2026-01-05,710.0
142A,2026-01-12,691.0
142A,2026-01-19,672.0
142A,2026-01-26,670.0
142A,2026-02-02,710.0
142A,2026-02-09,590.0
142A,2026-02-16,572.0
142A,2026-02-23,538.0
142A,2026-03-02,575.0
142A,2026-03-09,680.0
142A,2026-03-16,695.0
142A,2026-03-23,654.0
142A,2026-03-30,698.0
142A,2026-04-06,702.0
142A,2026-04-13,694.0
142A,2026-04-20,675.0
142A,2026-04-27,699.0
142A,2026-05-04,733.0
142A,2026-05-11,800.0
142A,2026-05-18,863.0
142A,2026-05-25,859.0
142A,2026-06-01,810.0
142A,2026-06-08,714.0
142A,2026-06-15,716.0
142A,2026-06-22,729.0
142A,2026-06-29,769.0
142A,2026-07-06,764.0
142A,2026-07-13,760.0
142A,2026-07-20,756.0
142A,2026-07-27,761.0
142A,2026-08-03,772.0
142A,2026-08-10,793.0
142A,2026-08-17,861.0
142A,2026-08-24,855.0
142A,2026-08-31,828.0
142A,2026-09-07,829.0
142A,2026-09-14,915.0
142A,2026-09-21,925.0
142A,2026-09-28,1070.0
1770,2025-10-06,1493.43
1770,2025-10-13,1492.47
1770,2025-10-20,1512.62
1770,2025-10-27,1505.9
1770,2025-11-03,1497.27
1770,2025-11-10,1597.02
1770,2025-11-17,1572.08
1770,2025-11-24,1597.98
1770,2025-12-01,1611.41
1770,2025-12-08,1726.51
1770,2025-12-15,1691.02
1770,2025-12-22,1685.27
1770,2025-12-29,1704.45
1770,2026-01-05,1738.02
1770,2026-01-12,1754.33
1770,2026-01-19,1712.12
1770,2026-01-26,1680.47
1770,2026-02-02,1764.88
1770,2026-02-09,1755.29
1770,2026-02-16,1736.1
1770,2026-02-23,1835.86
1770,2026-03-02,1828.18
1770,2026-03-09,1662.25
1770,2026-03-16,1600.86
1770,2026-03-23,1581.68
1770,2026-03-30,1636.9
1770,2026-04-06,1637.88
1770,2026-04-13,1648.73
1770,2026-04-20,1656.62
1770,2026-04-27,1705.92
1770,2026-05-04,1748.32
1770,2026-05-11,1689.16
1770,2026-05-18,1686.2
1770,2026-05-25,1687.19
1770,2026-06-01,1799.6
1770,2026-06-08,1750.3
1770,2026-06-15,1859.75
1770,2026-06-22,1821.29
1770,2026-06-29,2043.16
1770,2026-07-06,2151.63
1770,2026-07-13,1994.85
1770,2026-07-20,2110.22
1770,2026-07-27,2006.68
1770,2026-08-03,2051.05
1770,2026-08-10,2085.56
1770,2026-08-17,2062.89
1770,2026-08-24,2068.8
1770,2026-08-31,2075.7
1770,2026-09-07,2236.44
1770,2026-09-14,2268.98
1770,2026-09-21,2330.11
1770,2026-09-28,2091.0
1783,2025-10-06,57.0
1783,2025-10-13,55.0
1783,2025-10-20,58.0
1783,2025-10-27,52.0
1783,2025-11-03,59.0
1783,2025-11-10,69.0
1783,2025-11-17,64.0
1783,2025-11-24,63.0
1783,2025-12-01,58.0
1783,2025-12-08,55.0
1783,2025-12-15,60.0
1783,2025-12-22,61.0
1783,2025-12-29,61.0
1783,2026-01-05,60.0
1783,2026-01-12,62.0
1783,2026-01-19,65.0
1783,2026-01-26,66.0
1783,2026-02-02,65.0
1783,2026-02-09,65.0
1783,2026-02-16,68.0
1783,2026-02-23,70.0
1783,2026-03-02,69.0
1783,2026-03-09,64.0
1783,2026-03-16,63.0
1783,2026-03-23,66.0
1783,2026-03-30,63.0
1783,2026-04-06,61.0
1783,2026-04-13,63.0
1783,2026-04-20,63.0
1783,2026-04-27,65.0
1783,2026-05-04,64.0
1783,2026-05-11,63.0
1783,2026-05-18,63.0
1783,2026-05-25,56.0
1783,2026-06-01,55.0
1783,2026-06-08,53.0
1783,2026-06-15,53.0
1783,2026-06-22,50.0
1783,2026-06-29,52.0
1783,2026-07-06,51.0
1783,2026-07-13,48.0
1783,2026-07-20,49.0
1783,2026-07-27,49.0
1783,2026-08-03,47.0
1783,2026-08-10,49.0
1783,2026-08-17,50.0
1783,2026-08-24,49.0
1783,2026-08-31,51.0
1783,2026-09-07,78.0
1783,2026-09-14,71.0
1783,2026-09-21,74.0
1783,2026-09-28,80.0
1848,2025-10-06,489.22
1848,2025-10-13,491.14
1848,2025-10-20,500.77
1848,2025-10-27,498.85
1848,2025-11-03,496.92
1848,2025-11-10,530.63
1848,2025-11-17,511.37
1848,2025-11-24,532.55
1848,2025-12-01,511.37
1848,2025-12-08,517.14
1848,2025-12-15,522.92
1848,2025-12-22,532.55
1848,2025-12-29,539.29
1848,2026-01-05,569.15
1848,2026-01-12,604.78
1848,2026-01-19,612.48
1848,2026-01-26,598.04
1848,2026-02-02,656.78
1848,2026-02-09,791.61
1848,2026-02-16,614.41
1848,2026-02-23,625.97
1848,2026-03-02,577.82
1848,2026-03-09,563.37
1848,2026-03-16,552.78
1848,2026-03-23,573.0
1848,2026-03-30,599.0
1848,2026-04-06,581.0
1848,2026-04-13,570.0
1848,2026-04-20,575.0
1848,2026-04-27,572.0
1848,2026-05-04,571.0
1848,2026-05-11,588.0
1848,2026-05-18,588.0
1848,2026-05-25,596.0
1848,2026-06-01,595.0
1848,2026-06-08,597.0
1848,2026-06-15,608.0
1848,2026-06-22,616.0
1848,2026-06-29,648.0
1848,2026-07-06,647.0
1848,2026-07-13,638.0
1848,2026-07-20,643.0
1848,2026-07-27,678.0
1848,2026-08-03,660.0
1848,2026-08-10,696.0
1848,2026-08-17,703.0
1848,2026-08-24,720.0
1848,2026-08-31,765.0
1848,2026-09-07,755.0
1848,2026-09-14,810.0
1848,2026-09-21,872.0
1848,2026-09-28,873.0
1897,2025-10-06,2885.25
1897,2025-10-13,2836.1
1897,2025-10-20,2859.69
1897,2025-10-27,2839.05
1897,2025-11-03,2864.61
1897,2025-11-10,2875.42
1897,2025-11-17,2881.32
1897,2025-11-24,2927.53
1897,2025-12-01,2900.0
1897,2025-12-08,2846.92
1897,2025-12-15,2829.22
1897,2025-12-22,2900.0
1897,2025-12-29,2900.0
1897,2026-01-05,3020.0
1897,2026-01-12,2976.0
1897,2026-01-19,3165.0
1897,2026-01-26,3235.0
1897,2026-02-02,3330.0
1897,2026-02-09,3325.0
1897,2026-02-16,3310.0
1897,2026-02-23,3310.0
1897,2026-03-02,3310.0
1897,2026-03-09,3280.0
1897,2026-03-16,3250.0
1897,2026-03-23,3320.0
1897,2026-03-30,3330.0
1897,2026-04-06,3335.0
1897,2026-04-13,3300.0
1897,2026-04-20,3410.0
1897,2026-04-27,3350.0
1897,2026-05-04,3445.0
1897,2026-05-11,3180.0
1897,2026-05-18,3310.0
1897,2026-05-25,3250.0
1897,2026-06-01,3135.0
1897,2026-06-08,3040.0
1897,2026-06-15,3015.0
1897,2026-06-22,3075.0
1897,2026-06-29,3180.0
1897,2026-07-06,3090.0
1897,2026-07-13,3065.0
1897,2026-07-20,3100.0
1897,2026-07-27,3085.0
1897,2026-08-03,3575.0
1897,2026-08-10,3350.0
1897,2026-08-17,3310.0
1897,2026-08-24,3250.0
1897,2026-08-31,3310.0
1897,2026-09-07,3310.0
1897,2026-09-14,3700.0
1897,2026-09-21,3895.0
1897,2026-09-28,3635.0
1939,2025-10-06,1262.8
1939,2025-10-13,1293.5
1939,2025-10-20,1322.29
1939,2025-10-27,1351.08
1939,2025-11-03,1329.97
1939,2025-11-10,1382.74
1939,2025-11-17,1396.18
1939,2025-11-24,1448.0
1939,2025-12-01,1394.26
1939,2025-12-08,1418.25
1939,2025-12-15,1448.96
1939,2025-12-22,1470.07
1939,2025-12-29,1495.01
1939,2026-01-05,1533.4
1939,2026-01-12,1637.99
1939,2026-01-19,1660.06
1939,2026-01-26,1606.33
1939,2026-02-02,1878.84
1939,2026-02-09,1921.07
1939,2026-02-16,1929.7
1939,2026-02-23,2026.62
1939,2026-03-02,1866.37
1939,2026-03-09,1879.8
1939,2026-03-16,1888.44
1939,2026-03-23,1886.52
1939,2026-03-30,1888.48
1939,2026-04-06,1946.43
1939,2026-04-13,1878.66
1939,2026-04-20,1934.64
1939,2026-04-27,1983.74
1939,2026-05-04,2008.29
1939,2026-05-11,1977.85
1939,2026-05-18,1874.74
1939,2026-05-25,1919.91
1939,2026-06-01,1818.76
1939,2026-06-08,1847.24
1939,2026-06-15,1948.39
1939,2026-06-22,2025.97
1939,2026-06-29,1969.99
1939,2026-07-06,1964.1
1939,2026-07-13,1897.32
1939,2026-07-20,1954.28
1939,2026-07-27,1970.98
1939,2026-08-03,2043.65
1939,2026-08-10,2086.86
1939,2026-08-17,2081.95
1939,2026-08-24,2139.89
1939,2026-08-31,2250.86
1939,2026-09-07,2228.27
1939,2026-09-14,2261.66
1939,2026-09-21,2305.86
1939,2026-09-28,2233.0
2004,2025-10-06,2888.72
2004,2025-10-13,2922.42
2004,2025-10-20,2965.75
2004,2025-10-27,2833.84
2004,2025-11-03,2884.87
2004,2025-11-10,2893.54
2004,2025-11-17,2936.87
2004,2025-11-24,2989.83
2004,2025-12-01,2749.1
2004,2025-12-08,2761.62
2004,2025-12-15,2765.47
2004,2025-12-22,2888.72
2004,2025-12-29,2903.17
2004,2026-01-05,2970.57
2004,2026-01-12,3013.9
2004,2026-01-19,3115.01
2004,2026-01-26,3033.16
2004,2026-02-02,3153.52
2004,2026-02-09,3240.18
2004,2026-02-16,3259.44
2004,2026-02-23,3297.96
2004,2026-03-02,3211.3
2004,2026-03-09,3134.26
2004,2026-03-16,3139.08
2004,2026-03-23,3192.04
2004,2026-03-30,3196.95
2004,2026-04-06,3123.29
2004,2026-04-13,3152.75
2004,2026-04-20,3015.25
2004,2026-04-27,2956.32
2004,2026-05-04,2956.32
2004,2026-05-11,3103.64
2004,2026-05-18,3103.64
2004,2026-05-25,3123.29
2004,2026-06-01,3118.38
2004,2026-06-08,3255.88
2004,2026-06-15,3226.41
2004,2026-06-22,3339.36
2004,2026-06-29,3314.81
2004,2026-07-06,3422.85
2004,2026-07-13,3476.87
2004,2026-07-20,3413.03
2004,2026-07-27,3486.69
2004,2026-08-03,3476.87
2004,2026-08-10,3540.71
2004,2026-08-17,3678.21
2004,2026-08-24,3688.03
2004,2026-08-31,3791.16
2004,2026-09-07,3855.0
2004,2026-09-14,3874.64
2004,2026-09-21,3894.29
2004,2026-09-28,3690.0
2109,2025-10-06,3016.22
2109,2025-10-13,3054.76
2109,2025-10-20,3088.49
2109,2025-10-27,2924.67
2109,2025-11-03,3006.58
2109,2025-11-10,3102.94
2109,2025-11-17,3180.04
2109,2025-11-24,3199.31
2109,2025-12-01,3088.49
2109,2025-12-08,3078.85
2109,2025-12-15,3136.67
2109,2025-12-22,3189.67
2109,2025-12-29,3208.95
2109,2026-01-05,3252.31
2109,2026-01-12,3281.22
2109,2026-01-19,3353.49
2109,2026-01-26,3233.04
2109,2026-02-02,3290.86
2109,2026-02-09,3387.22
2109,2026-02-16,3334.22
2109,2026-02-23,3420.95
2109,2026-03-02,3300.49
2109,2026-03-09,3257.13
2109,2026-03-16,3242.67
2109,2026-03-23,3334.22
2109,2026-03-30,3407.88
2109,2026-04-06,3452.07
2109,2026-04-13,3388.24
2109,2026-04-20,3275.29
2109,2026-04-27,3240.92
2109,2026-05-04,3196.73
2109,2026-05-11,3231.1
2109,2026-05-18,3226.19
2109,2026-05-25,3191.82
2109,2026-06-01,3152.53
2109,2026-06-08,3172.17
2109,2026-06-15,3162.35
2109,2026-06-22,3167.26
2109,2026-06-29,3236.01
2109,2026-07-06,3255.65
2109,2026-07-13,3294.94
2109,2026-07-20,3309.67
2109,2026-07-27,3368.59
2109,2026-08-03,3402.97
2109,2026-08-10,3452.07
2109,2026-08-17,3594.48
2109,2026-08-24,3599.39
2109,2026-08-31,3781.07
2109,2026-09-07,3736.88
2109,2026-09-14,3785.98
2109,2026-09-21,3830.18
2109,2026-09-28,3770.0
2340,2025-10-06,472.17
2340,2025-10-13,472.17
2340,2025-10-20,475.13
2340,2025-10-27,474.15
2340,2025-11-03,474.15
2340,2025-11-10,478.1
2340,2025-11-17,465.26
2340,2025-11-24,471.18
2340,2025-12-01,468.22
2340,2025-12-08,469.21
2340,2025-12-15,471.18
2340,2025-12-22,472.17
2340,2025-12-29,475.13
2340,2026-01-05,481.06
2340,2026-01-12,480.07
2340,2026-01-19,480.07
2340,2026-01-26,481.06
2340,2026-02-02,480.07
2340,2026-02-09,487.98
2340,2026-02-16,485.01
2340,2026-02-23,486.0
2340,2026-03-02,484.02
2340,2026-03-09,480.07
2340,2026-03-16,480.07
2340,2026-03-23,486.0
2340,2026-03-30,485.0
2340,2026-04-06,487.0
2340,2026-04-13,486.0
2340,2026-04-20,482.0
2340,2026-04-27,482.0
2340,2026-05-04,483.0
2340,2026-05-11,480.0
2340,2026-05-18,478.0
2340,2026-05-25,477.0
2340,2026-06-01,472.0
2340,2026-06-08,473.0
2340,2026-06-15,476.0
2340,2026-06-22,483.0
2340,2026-06-29,492.0
2340,2026-07-06,495.0
2340,2026-07-13,494.0
2340,2026-07-20,499.0
2340,2026-07-27,501.0
2340,2026-08-03,511.0
2340,2026-08-10,529.0
2340,2026-08-17,515.0
2340,2026-08-24,517.0
2340,2026-08-31,519.0
2340,2026-09-07,521.0
2340,2026-09-14,540.0
2340,2026-09-21,540.0
2340,2026-09-28,510.0
2384,2025-10-06,3427.84
2384,2025-10-13,3383.89
2384,2025-10-20,3379.01
2384,2025-10-27,3310.65
2384,2025-11-03,3359.48
2384,2025-11-10,3598.75
2384,2025-11-17,3491.32
2384,2025-11-24,3681.76
2384,2025-12-01,3613.39
2384,2025-12-08,3676.87
2384,2025-12-15,3715.94
2384,2025-12-22,3755.0
2384,2025-12-29,3780.0
2384,2026-01-05,3895.0
2384,2026-01-12,3930.0
2384,2026-01-19,3920.0
2384,2026-01-26,3855.0
2384,2026-02-02,3915.0
2384,2026-02-09,4055.0
2384,2026-02-16,4155.0
2384,2026-02-23,4270.0
2384,2026-03-02,4045.0
2384,2026-03-09,3940.0
2384,2026-03-16,4045.0
2384,2026-03-23,4345.0
2384,2026-03-30,4285.0
2384,2026-04-06,4255.0
2384,2026-04-13,4155.0
2384,2026-04-20,4055.0
2384,2026-04-27,4200.0
2384,2026-05-04,4510.0
2384,2026-05-11,4485.0
2384,2026-05-18,4865.0
2384,2026-05-25,4885.0
2384,2026-06-01,4540.0
2384,2026-06-08,4525.0
2384,2026-06-15,4255.0
2384,2026-06-22,4260.0
2384,2026-06-29,4315.0
2384,2026-07-06,4155.0
2384,2026-07-13,4560.0
2384,2026-07-20,4415.0
2384,2026-07-27,4460.0
2384,2026-08-03,4600.0
2384,2026-08-10,4865.0
2384,2026-08-17,5190.0
2384,2026-08-24,5170.0
2384,2026-08-31,5030.0
2384,2026-09-07,4810.0
2384,2026-09-14,5260.0
2384,2026-09-21,5390.0
2384,2026-09-28,5110.0
2449,2025-10-06,1014.69
2449,2025-10-13,1022.38
2449,2025-10-20,1073.36
2449,2025-10-27,1049.31
2449,2025-11-03,1046.43
2449,2025-11-10,1063.74
2449,2025-11-17,1047.39
2449,2025-11-24,1072.4
2449,2025-12-01,1060.85
2449,2025-12-08,1039.69
2449,2025-12-15,1065.66
2449,2025-12-22,1089.71
2449,2025-12-29,1088.75
2449,2026-01-05,1154.15
2449,2026-01-12,1087.78
2449,2026-01-19,1091.63
2449,2026-01-26,1078.17
2449,2026-02-02,1042.58
2449,2026-02-09,1049.31
2449,2026-02-16,1049.31
2449,2026-02-23,1066.62
2449,2026-03-02,1027.19
2449,2026-03-09,1021.42
2449,2026-03-16,1021.42
2449,2026-03-23,1048.35
2449,2026-03-30,1044.5
2449,2026-04-06,1056.04
2449,2026-04-13,1058.93
2449,2026-04-20,1046.43
2449,2026-04-27,1029.11
2449,2026-05-04,1046.43
2449,2026-05-11,1034.89
2449,2026-05-18,1019.5
2449,2026-05-25,1021.42
2449,2026-06-01,1013.73
2449,2026-06-08,991.6
2449,2026-06-15,1009.88
2449,2026-06-22,991.6
2449,2026-06-29,1016.61
2449,2026-07-06,1019.5
2449,2026-07-13,1010.84
2449,2026-07-20,1037.77
2449,2026-07-27,1054.12
2449,2026-08-03,1039.69
2449,2026-08-10,1051.24
2449,2026-08-17,1050.27
2449,2026-08-24,1042.0
2449,2026-08-31,1045.0
2449,2026-09-07,1050.0
2449,2026-09-14,1061.0
2449,2026-09-21,1034.0
2449,2026-09-28,1348.0
2479,2025-10-06,235.46
2479,2025-10-13,230.71
2479,2025-10-20,237.35
2479,2025-10-27,233.56
2479,2025-11-03,222.16
2479,2025-11-10,222.16
2479,2025-11-17,222.16
2479,2025-11-24,225.01
2479,2025-12-01,223.11
2479,2025-12-08,222.16
2479,2025-12-15,228.81
2479,2025-12-22,226.91
2479,2025-12-29,226.91
2479,2026-01-05,238.3
2479,2026-01-12,240.2
2479,2026-01-19,241.15
2479,2026-01-26,241.15
2479,2026-02-02,230.71
2479,2026-02-09,233.56
2479,2026-02-16,237.35
2479,2026-02-23,244.95
2479,2026-03-02,235.46
2479,2026-03-09,228.81
2479,2026-03-16,236.4
2479,2026-03-23,244.0
2479,2026-03-30,237.0
2479,2026-04-06,239.0
2479,2026-04-13,238.0
2479,2026-04-20,238.0
2479,2026-04-27,236.0
2479,2026-05-04,237.0
2479,2026-05-11,238.0
2479,2026-05-18,243.0
2479,2026-05-25,237.0
2479,2026-06-01,236.0
2479,2026-06-08,228.0
2479,2026-06-15,223.0
2479,2026-06-22,227.0
2479,2026-06-29,241.0
2479,2026-07-06,238.0
2479,2026-07-13,236.0
2479,2026-07-20,240.0
2479,2026-07-27,243.0
2479,2026-08-03,237.0
2479,2026-08-10,247.0
2479,2026-08-17,245.0
2479,2026-08-24,246.0
2479,2026-08-31,265.0
2479,2026-09-07,260.0
2479,2026-09-14,268.0
2479,2026-09-21,264.0
2479,2026-09-28,252.0
2481,2025-10-06,656.5
2481,2025-10-13,641.03
2481,2025-10-20,648.77
2481,2025-10-27,637.17
2481,2025-11-03,655.54
2481,2025-11-10,652.64
2481,2025-11-17,641.03
2481,2025-11-24,647.8
2481,2025-12-01,638.13
2481,2025-12-08,645.87
2481,2025-12-15,645.87
2481,2025-12-22,668.11
2481,2025-12-29,666.17
2481,2026-01-05,655.54
2481,2026-01-12,653.6
2481,2026-01-19,660.37
2481,2026-01-26,660.37
2481,2026-02-02,661.34
2481,2026-02-09,662.3
2481,2026-02-16,671.01
2481,2026-02-23,672.94
2481,2026-03-02,664.24
2481,2026-03-09,659.4
2481,2026-03-16,657.47
2481,2026-03-23,671.01
2481,2026-03-30,657.47
2481,2026-04-06,666.17
2481,2026-04-13,667.14
2481,2026-04-20,675.84
2481,2026-04-27,677.77
2481,2026-05-04,676.81
2481,2026-05-11,661.34
2481,2026-05-18,651.67
2481,2026-05-25,649.73
2481,2026-06-01,641.03
2481,2026-06-08,622.66
2481,2026-06-15,631.36
2481,2026-06-22,642.0
2481,2026-06-29,637.0
2481,2026-07-06,640.0
2481,2026-07-13,634.0
2481,2026-07-20,637.0
2481,2026-07-27,643.0
2481,2026-08-03,648.0
2481,2026-08-10,656.0
2481,2026-08-17,662.0
2481,2026-08-24,668.0
2481,2026-08-31,684.0
2481,2026-09-07,689.0
2481,2026-09-14,697.0
2481,2026-09-21,721.0
2481,2026-09-28,700.0
2492,2025-10-06,316.64
2492,2025-10-13,310.74
2492,2025-10-20,324.5
2492,2025-10-27,322.54
2492,2025-11-03,329.42
2492,2025-11-10,338.27
2492,2025-11-17,346.14
2492,2025-11-24,353.02
2492,2025-12-01,367.77
2492,2025-12-08,392.35
2492,2025-12-15,395.3
2492,2025-12-22,421.86
2492,2025-12-29,420.08
2492,2026-01-05,418.1
2492,2026-01-12,447.82
2492,2026-01-19,456.74
2492,2026-01-26,447.82
2492,2026-02-02,378.47
2492,2026-02-09,361.63
2492,2026-02-16,365.59
2492,2026-02-23,399.28
2492,2026-03-02,416.12
2492,2026-03-09,395.31
2492,2026-03-16,396.3
2492,2026-03-23,426.03
2492,2026-03-30,466.65
2492,2026-04-06,424.04
2492,2026-04-13,464.67
2492,2026-04-20,437.92
2492,2026-04-27,394.32
2492,2026-05-04,417.11
2492,2026-05-11,390.36
2492,2026-05-18,372.53
2492,2026-05-25,387.39
2492,2026-06-01,366.58
2492,2026-06-08,360.64
2492,2026-06-15,399.28
2492,2026-06-22,352.71
2492,2026-06-29,479.0
2492,2026-07-06,490.0
2492,2026-07-13,489.0
2492,2026-07-20,521.0
2492,2026-07-27,569.0
2492,2026-08-03,585.0
2492,2026-08-10,614.0
2492,2026-08-17,590.0
2492,2026-08-24,685.0
2492,2026-08-31,700.0
2492,2026-09-07,700.0
2492,2026-09-14,713.0
2492,2026-09-21,712.0
2492,2026-09-28,738.0
2737,2025-10-06,6831.8
2737,2025-10-13,6870.07
2737,2025-10-20,7233.67
2737,2025-10-27,9032.52
2737,2025-11-03,9558.78
2737,2025-11-10,10381.66
2737,2025-11-17,10075.47
2737,2025-11-24,11194.96
2737,2025-12-01,11166.26
2737,2025-12-08,11194.96
2737,2025-12-15,11204.53
2737,2025-12-22,12333.6
2737,2025-12-29,12658.92
2737,2026-01-05,12036.98
2737,2026-01-12,13060.79
2737,2026-01-19,13979.35
2737,2026-01-26,11233.24
2737,2026-02-02,11635.11
2737,2026-02-09,11922.16
2737,2026-02-16,12869.42
2737,2026-02-23,13395.68
2737,2026-03-02,12046.55
2737,2026-03-09,11816.91
2737,2026-03-16,11807.34
2737,2026-03-23,11970.0
2737,2026-03-30,11960.0
2737,2026-04-06,12100.0
2737,2026-04-13,11800.0
2737,2026-04-20,14620.0
2737,2026-04-27,15070.0
2737,2026-05-04,16420.0
2737,2026-05-11,14600.0
2737,2026-05-18,14990.0
2737,2026-05-25,13990.0
2737,2026-06-01,14680.0
2737,2026-06-08,14490.0
2737,2026-06-15,16130.0
2737,2026-06-22,18470.0
2737,2026-06-29,16730.0
2737,2026-07-06,15690.0
2737,2026-07-13,15120.0
2737,2026-07-20,16520.0
2737,2026-07-27,21150.0
2737,2026-08-03,28800.0
2737,2026-08-10,31400.0
2737,2026-08-17,28350.0
2737,2026-08-24,31950.0
2737,2026-08-31,33050.0
2737,2026-09-07,34800.0
2737,2026-09-14,36850.0
2737,2026-09-21,43700.0
2737,2026-09-28,37100.0
2831,2025-10-06,3154.93
2831,2025-10-13,3238.34
2831,2025-10-20,3228.53
2831,2025-10-27,3213.81
2831,2025-11-03,3208.9
2831,2025-11-10,3213.81
2831,2025-11-17,3154.93
2831,2025-11-24,3179.46
2831,2025-12-01,3174.56
2831,2025-12-08,3184.37
2831,2025-12-15,3267.78
2831,2025-12-22,3287.41
2831,2025-12-29,3267.78
2831,2026-01-05,3277.59
2831,2026-01-12,3297.22
2831,2026-01-19,3321.75
2831,2026-01-26,3321.75
2831,2026-02-02,3336.47
2831,2026-02-09,3331.57
2831,2026-02-16,3429.7
2831,2026-02-23,3414.98
2831,2026-03-02,3400.26
2831,2026-03-09,3498.39
2831,2026-03-16,3503.3
2831,2026-03-23,3596.52
2831,2026-03-30,3477.63
2831,2026-04-06,3433.04
2831,2026-04-13,3428.09
2831,2026-04-20,3497.44
2831,2026-04-27,3403.32
2831,2026-05-04,3413.23
2831,2026-05-11,3413.23
2831,2026-05-18,3447.91
2831,2026-05-25,3428.09
2831,2026-06-01,3428.09
2831,2026-06-08,3438.0
2831,2026-06-15,3457.81
2831,2026-06-22,3467.72
2831,2026-06-29,3433.04
2831,2026-07-06,3433.04
2831,2026-07-13,3487.54
2831,2026-07-20,3586.61
2831,2026-07-27,3646.06
2831,2026-08-03,3606.43
2831,2026-08-10,3655.97
2831,2026-08-17,3641.11
2831,2026-08-24,3626.24
2831,2026-08-31,3651.01
2831,2026-09-07,3626.24
2831,2026-09-14,3651.01
2831,2026-09-21,3715.42
2831,2026-09-28,3630.0
2883,2025-10-06,1882.4
2883,2025-10-13,1884.35
2883,2025-10-20,1887.26
2883,2025-10-27,1888.23
2883,2025-11-03,1903.75
2883,2025-11-10,1905.69
2883,2025-11-17,1905.69
2883,2025-11-24,1916.37
2883,2025-12-01,1907.63
2883,2025-12-08,1905.69
2883,2025-12-15,1899.87
2883,2025-12-22,1906.66
2883,2025-12-29,1910.54
2883,2026-01-05,1937.71
2883,2026-01-12,1940.62
2883,2026-01-19,1942.56
2883,2026-01-26,1945.47
2883,2026-02-02,1944.5
2883,2026-02-09,1933.83
2883,2026-02-16,1938.68
2883,2026-02-23,1944.5
2883,2026-03-02,1941.59
2883,2026-03-09,1939.65
2883,2026-03-16,1943.53
2883,2026-03-23,1961.0
2883,2026-03-30,1988.0
2883,2026-04-06,1994.0
2883,2026-04-13,1995.0
2883,2026-04-20,1992.0
2883,2026-04-27,1982.0
2883,2026-05-04,1981.0
2883,2026-05-11,1965.0
2883,2026-05-18,1976.0
2883,2026-05-25,1987.0
2883,2026-06-01,1971.0
2883,2026-06-08,1971.0
2883,2026-06-15,1960.0
2883,2026-06-22,1975.0
2883,2026-06-29,1985.0
2883,2026-07-06,1992.0
2883,2026-07-13,1999.0
2883,2026-07-20,1996.0
2883,2026-07-27,1999.0
2883,2026-08-03,2000.0
2883,2026-08-10,2002.0
2883,2026-08-17,2020.0
2883,2026-08-24,2022.0
2883,2026-08-31,2027.0
2883,2026-09-07,2044.0
2883,2026-09-14,2054.0
2883,2026-09-21,2055.0
2883,2026-09-28,1970.0
2892,2025-10-06,3352.7
2892,2025-10-13,3372.0
2892,2025-10-20,3463.65
2892,2025-10-27,3405.76
2892,2025-11-03,3444.36
2892,2025-11-10,3410.59
2892,2025-11-17,3420.24
2892,2025-11-24,3478.12
2892,2025-12-01,3478.12
2892,2025-12-08,3492.6
2892,2025-12-15,3844.75
2892,2025-12-22,3965.35
2892,2025-12-29,3897.81
2892,2026-01-05,3965.35
2892,2026-01-12,3979.82
2892,2026-01-19,4018.41
2892,2026-01-26,3675.91
2892,2026-02-02,3675.91
2892,2026-02-09,3709.68
2892,2026-02-16,3806.16
2892,2026-02-23,3839.93
2892,2026-03-02,3704.85
2892,2026-03-09,3646.96
2892,2026-03-16,3603.55
2892,2026-03-23,3651.79
2892,2026-03-30,3804.36
2892,2026-04-06,3750.22
2892,2026-04-13,3824.04
2892,2026-04-20,3828.96
2892,2026-04-27,3755.14
2892,2026-05-04,3878.18
2892,2026-05-11,3947.08
2892,2026-05-18,3917.55
2892,2026-05-25,3971.69
2892,2026-06-01,3966.77
2892,2026-06-08,3888.02
2892,2026-06-15,3828.96
2892,2026-06-22,4089.81
2892,2026-06-29,4143.94
2892,2026-07-06,4330.96
2892,2026-07-13,4222.69
2892,2026-07-20,4483.53
2892,2026-07-27,4375.26
2892,2026-08-03,4247.3
2892,2026-08-10,4483.53
2892,2026-08-17,4439.24
2892,2026-08-24,4498.29
2892,2026-08-31,4513.06
2892,2026-09-07,4508.14
2892,2026-09-14,4793.59
2892,2026-09-21,4754.22
2892,2026-09-28,4900.0
2962,2025-10-06,418.0
2962,2025-10-13,370.0
2962,2025-10-20,453.0
2962,2025-10-27,437.0
2962,2025-11-03,403.0
2962,2025-11-10,455.0
2962,2025-11-17,369.0
2962,2025-11-24,396.0
2962,2025-12-01,357.0
2962,2025-12-08,369.0
2962,2025-12-15,350.0
2962,2025-12-22,367.0
2962,2025-12-29,399.0
2962,2026-01-05,424.0
2962,2026-01-12,481.0
2962,2026-01-19,442.0
2962,2026-01-26,448.0
2962,2026-02-02,538.0
2962,2026-02-09,809.0
2962,2026-02-16,915.0
2962,2026-02-23,1237.0
2962,2026-03-02,1060.0
2962,2026-03-09,1132.0
2962,2026-03-16,975.0
2962,2026-03-23,882.0
2962,2026-03-30,823.0
2962,2026-04-06,884.0
2962,2026-04-13,833.0
2962,2026-04-20,906.0
2962,2026-04-27,933.0
2962,2026-05-04,1113.0
2962,2026-05-11,980.0
2962,2026-05-18,1109.0
2962,2026-05-25,1063.0
2962,2026-06-01,1343.0
2962,2026-06-08,974.0
2962,2026-06-15,1145.0
2962,2026-06-22,1888.0
2962,2026-06-29,1490.0
2962,2026-07-06,1280.0
2962,2026-07-13,1395.0
2962,2026-07-20,1277.0
2962,2026-07-27,1182.0
2962,2026-08-03,1250.0
2962,2026-08-10,1373.0
2962,2026-08-17,1549.0
2962,2026-08-24,1754.0
2962,2026-08-31,1608.0
2962,2026-09-07,1768.0
2962,2026-09-14,2231.0
2962,2026-09-21,2184.0
2962,2026-09-28,2732.0
2984,2025-10-06,706.36
2984,2025-10-13,694.85
2984,2025-10-20,710.2
2984,2025-10-27,702.52
2984,2025-11-03,700.6
2984,2025-11-10,700.6
2984,2025-11-17,676.61
2984,2025-11-24,682.37
2984,2025-12-01,690.05
2984,2025-12-08,694.85
2984,2025-12-15,698.68
2984,2025-12-22,708.28
2984,2025-12-29,721.72
2984,2026-01-05,720.76
2984,2026-01-12,726.52
2984,2026-01-19,732.28
2984,2026-01-26,725.56
2984,2026-02-02,735.15
2984,2026-02-09,724.6
2984,2026-02-16,732.28
2984,2026-02-23,745.71
2984,2026-03-02,742.83
2984,2026-03-09,719.8
2984,2026-03-16,738.99
2984,2026-03-23,715.0
2984,2026-03-30,709.0
2984,2026-04-06,710.0
2984,2026-04-13,707.0
2984,2026-04-20,705.0
2984,2026-04-27,695.0
2984,2026-05-04,702.0
2984,2026-05-11,727.0
2984,2026-05-18,724.0
2984,2026-05-25,731.0
2984,2026-06-01,703.0
2984,2026-06-08,692.0
2984,2026-06-15,697.0
2984,2026-06-22,708.0
2984,2026-06-29,733.0
2984,2026-07-06,758.0
2984,2026-07-13,719.0
2984,2026-07-20,742.0
2984,2026-07-27,748.0
2984,2026-08-03,750.0
2984,2026-08-10,762.0
2984,2026-08-17,764.0
2984,2026-08-24,763.0
2984,2026-08-31,750.0
2984,2026-09-07,755.0
2984,2026-09-14,783.0
2984,2026-09-21,785.0
2984,2026-09-28,810.0
3020,2025-10-06,3778.24
3020,2025-10-13,3778.24
3020,2025-10-20,3783.11
3020,2025-10-27,3807.46
3020,2025-11-03,3758.77
3020,2025-11-10,4021.69
3020,2025-11-17,3885.36
3020,2025-11-24,3977.87
3020,2025-12-01,3938.92
3020,2025-12-08,4498.83
3020,2025-12-15,4391.72
3020,2025-12-22,4401.46
3020,2025-12-29,4308.95
3020,2026-01-05,4245.65
3020,2026-01-12,4235.92
3020,2026-01-19,4158.01
3020,2026-01-26,4109.33
3020,2026-02-02,4201.83
3020,2026-02-09,4284.6
3020,2026-02-16,4167.75
3020,2026-02-23,4231.05
3020,2026-03-02,4021.69
3020,2026-03-09,3885.36
3020,2026-03-16,3797.72
3020,2026-03-23,3851.28
3020,2026-03-30,3905.94
3020,2026-04-06,3940.72
3020,2026-04-13,3905.94
3020,2026-04-20,3950.66
3020,2026-04-27,3851.28
3020,2026-05-04,3851.28
3020,2026-05-11,4079.87
3020,2026-05-18,4010.3
3020,2026-05-25,4134.53
3020,2026-06-01,4035.14
3020,2026-06-08,3975.51
3020,2026-06-15,3940.72
3020,2026-06-22,4010.3
3020,2026-06-29,4064.96
3020,2026-07-06,4099.74
3020,2026-07-13,4045.08
3020,2026-07-20,4154.41
3020,2026-07-27,4069.93
3020,2026-08-03,4144.47
3020,2026-08-10,4298.52
3020,2026-08-17,4333.31
3020,2026-08-24,4303.49
3020,2026-08-31,4328.34
3020,2026-09-07,4641.41
3020,2026-09-14,4730.86
3020,2026-09-21,4770.61
3020,2026-09-28,4955.0
3040,2025-10-06,1494.64
3040,2025-10-13,1434.43
3040,2025-10-20,1614.09
3040,2025-10-27,1667.51
3040,2025-11-03,1719.95
3040,2025-11-10,1793.76
3040,2025-11-17,1772.4
3040,2025-11-24,1845.23
3040,2025-12-01,1869.51
3040,2025-12-08,1931.67
3040,2025-12-15,1952.06
3040,2025-12-22,2031.7
3040,2025-12-29,2022.84
3040,2026-01-05,2013.98
3040,2026-01-12,2112.42
3040,2026-01-19,2015.95
3040,2026-01-26,1921.45
3040,2026-02-02,1895.86
3040,2026-02-09,1973.62
3040,2026-02-16,2054.34
3040,2026-02-23,1962.8
3040,2026-03-02,1837.78
3040,2026-03-09,1814.16
3040,2026-03-16,1775.77
3040,2026-03-23,1741.32
3040,2026-03-30,1646.82
3040,2026-04-06,1697.02
3040,2026-04-13,1734.43
3040,2026-04-20,1747.22
3040,2026-04-27,1746.24
3040,2026-05-04,1841.72
3040,2026-05-11,2017.92
3040,2026-05-18,2101.59
3040,2026-05-25,2069.1
3040,2026-06-01,2166.56
3040,2026-06-08,2041.54
3040,2026-06-15,1992.33
3040,2026-06-22,1887.0
3040,2026-06-29,1986.0
3040,2026-07-06,1988.0
3040,2026-07-13,1971.0
3040,2026-07-20,1957.0
3040,2026-07-27,1950.0
3040,2026-08-03,2006.0
3040,2026-08-10,2563.0
3040,2026-08-17,2385.0
3040,2026-08-24,2400.0
3040,2026-08-31,2355.0
3040,2026-09-07,2228.0
3040,2026-09-14,2499.0
3040,2026-09-21,2719.0
3040,2026-09-28,2648.0
3077,2025-10-06,377.0
3077,2025-10-13,358.0
3077,2025-10-20,363.0
3077,2025-10-27,353.0
3077,2025-11-03,605.0
3077,2025-11-10,604.0
3077,2025-11-17,542.0
3077,2025-11-24,476.0
3077,2025-12-01,443.0
3077,2025-12-08,436.0
3077,2025-12-15,479.0
3077,2025-12-22,467.0
3077,2025-12-29,501.0
3077,2026-01-05,519.0
3077,2026-01-12,539.0
3077,2026-01-19,521.0
3077,2026-01-26,491.0
3077,2026-02-02,473.0
3077,2026-02-09,474.0
3077,2026-02-16,518.0
3077,2026-02-23,558.0
3077,2026-03-02,563.0
3077,2026-03-09,548.0
3077,2026-03-16,533.0
3077,2026-03-23,630.0
3077,2026-03-30,768.0
3077,2026-04-06,850.0
3077,2026-04-13,742.0
3077,2026-04-20,755.0
3077,2026-04-27,773.0
3077,2026-05-04,781.0
3077,2026-05-11,765.0
3077,2026-05-18,830.0
3077,2026-05-25,795.0
3077,2026-06-01,757.0
3077,2026-06-08,722.0
3077,2026-06-15,704.0
3077,2026-06-22,733.0
3077,2026-06-29,812.0
3077,2026-07-06,827.0
3077,2026-07-13,865.0
3077,2026-07-20,906.0
3077,2026-07-27,899.0
3077,2026-08-03,848.0
3077,2026-08-10,885.0
3077,2026-08-17,1021.0
3077,2026-08-24,1216.0
3077,2026-08-31,1240.0
3077,2026-09-07,1267.0
3077,2026-09-14,1349.0
3077,2026-09-21,1367.0
3077,2026-09-28,1443.0
3105,2025-10-06,1181.66
3105,2025-10-13,1135.14
3105,2025-10-20,1199.78
3105,2025-10-27,1193.91
3105,2025-11-03,1260.02
3105,2025-11-10,1205.66
3105,2025-11-17,1192.44
3105,2025-11-24,1239.94
3105,2025-12-01,1233.08
3105,2025-12-08,1280.09
3105,2025-12-15,1266.38
3105,2025-12-22,1319.76
3105,2025-12-29,1301.4
3105,2026-01-05,1334.15
3105,2026-01-12,1429.45
3105,2026-01-19,1398.68
3105,2026-01-26,1420.02
3105,2026-02-02,1688.54
3105,2026-02-09,1556.02
3105,2026-02-16,1698.96
3105,2026-02-23,1741.15
3105,2026-03-02,1613.1
3105,2026-03-09,1546.59
3105,2026-03-16,1502.41
3105,2026-03-23,1514.32
3105,2026-03-30,1509.86
3105,2026-04-06,1634.93
3105,2026-04-13,1806.67
3105,2026-04-20,1900.47
3105,2026-04-27,1994.28
3105,2026-05-04,2087.59
3105,2026-05-11,2216.14
3105,2026-05-18,2371.99
3105,2026-05-25,2391.35
3105,2026-06-01,2355.12
3105,2026-06-08,2093.05
3105,2026-06-15,2216.14
3105,2026-06-22,2439.0
3105,2026-06-29,2480.0
3105,2026-07-06,2224.0
3105,2026-07-13,2201.5
3105,2026-07-20,2253.5
3105,2026-07-27,2179.5
3105,2026-08-03,2420.5
3105,2026-08-10,2479.0
3105,2026-08-17,2135.0
3105,2026-08-24,2157.0
3105,2026-08-31,2239.0
3105,2026-09-07,2235.0
3105,2026-09-14,2435.5
3105,2026-09-21,2559.0
3105,2026-09-28,2698.5
3106,2025-10-06,1269.18
3106,2025-10-13,1271.0
3106,2025-10-20,1320.24
3106,2025-10-27,1280.12
3106,2025-11-03,1274.65
3106,2025-11-10,1278.3
3106,2025-11-17,1311.12
3106,2025-11-24,1374.94
3106,2025-12-01,1400.47
3106,2025-12-08,1520.83
3106,2025-12-15,1522.65
3106,2025-12-22,1482.53
3106,2025-12-29,1546.36
3106,2026-01-05,1633.89
3106,2026-01-12,1686.77
3106,2026-01-19,1655.77
3106,2026-01-26,1653.94
3106,2026-02-02,1748.77
3106,2026-02-09,1852.71
3106,2026-02-16,1779.77
3106,2026-02-23,1832.65
3106,2026-03-02,1657.59
3106,2026-03-09,1593.77
3106,2026-03-16,1597.41
3106,2026-03-23,1637.53
3106,2026-03-30,1673.95
3106,2026-04-06,1735.26
3106,2026-04-13,1846.73
3106,2026-04-20,1690.67
3106,2026-04-27,1755.69
3106,2026-05-04,1787.28
3106,2026-05-11,2145.85
3106,2026-05-18,1971.21
3106,2026-05-25,1909.9
3106,2026-06-01,1805.86
3106,2026-06-08,1714.82
3106,2026-06-15,1895.03
3106,2026-06-22,1913.61
3106,2026-06-29,1971.21
3106,2026-07-06,1861.59
3106,2026-07-13,1831.87
3106,2026-07-20,1856.02
3106,2026-07-27,1839.3
3106,2026-08-03,2026.94
3106,2026-08-10,1993.5
3106,2026-08-17,1932.19
3106,2026-08-24,2015.8
3106,2026-08-31,2032.52
3106,2026-09-07,1973.07
3106,2026-09-14,2103.12
3106,2026-09-21,2171.86
3106,2026-09-28,2315.0
3131,2025-10-06,3194.27
3131,2025-10-13,2974.64
3131,2025-10-20,3070.13
3131,2025-10-27,3347.06
3131,2025-11-03,3318.41
3131,2025-11-10,2627.99
3131,2025-11-17,2520.08
3131,2025-11-24,2593.62
3131,2025-12-01,2561.15
3131,2025-12-08,2616.53
3131,2025-12-15,2559.24
3131,2025-12-22,2746.41
3131,2025-12-29,2767.41
3131,2026-01-05,2797.02
3131,2026-01-12,2826.62
3131,2026-01-19,2874.37
3131,2026-01-26,2898.24
3131,2026-02-02,2847.63
3131,2026-02-09,2776.01
3131,2026-02-16,2825.67
3131,2026-02-23,2950.76
3131,2026-03-02,2801.79
3131,2026-03-09,2674.79
3131,2026-03-16,2700.57
3131,2026-03-23,2755.0
3131,2026-03-30,2695.0
3131,2026-04-06,2731.0
3131,2026-04-13,2779.0
3131,2026-04-20,2744.0
3131,2026-04-27,2857.0
3131,2026-05-04,3055.0
3131,2026-05-11,3125.0
3131,2026-05-18,3200.0
3131,2026-05-25,3455.0
3131,2026-06-01,3655.0
3131,2026-06-08,3350.0
3131,2026-06-15,3615.0
3131,2026-06-22,3555.0
3131,2026-06-29,4025.0
3131,2026-07-06,3635.0
3131,2026-07-13,3375.0
3131,2026-07-20,3515.0
3131,2026-07-27,4100.0
3131,2026-08-03,4455.0
3131,2026-08-10,6880.0
3131,2026-08-17,6080.0
3131,2026-08-24,5970.0
3131,2026-08-31,6630.0
3131,2026-09-07,6310.0
3131,2026-09-14,7210.0
3131,2026-09-21,7950.0
3131,2026-09-28,7940.0
3132,2025-10-06,1956.1
3132,2025-10-13,2009.3
3132,2025-10-20,2156.21
3132,2025-10-27,2146.44
3132,2025-11-03,2215.75
3132,2025-11-10,2275.29
3132,2025-11-17,2168.89
3132,2025-11-24,2264.55
3132,2025-12-01,2296.28
3132,2025-12-08,2487.1
3132,2025-12-15,2352.4
3132,2025-12-22,2357.28
3132,2025-12-29,2335.32
3132,2026-01-05,2417.8
3132,2026-01-12,2528.1
3132,2026-01-19,2577.88
3132,2026-01-26,2584.71
3132,2026-02-02,2467.09
3132,2026-02-09,2581.78
3132,2026-02-16,2566.17
3132,2026-02-23,2702.33
3132,2026-03-02,2403.65
3132,2026-03-09,2233.32
3132,2026-03-16,2315.8
3132,2026-03-23,2345.08
3132,2026-03-30,2267.82
3132,2026-04-06,2277.23
3132,2026-04-13,2355.48
3132,2026-04-20,2511.49
3132,2026-04-27,2569.44
3132,2026-05-04,2738.82
3132,2026-05-11,3210.31
3132,2026-05-18,3196.44
3132,2026-05-25,3080.55
3132,2026-06-01,3459.92
3132,2026-06-08,3139.98
3132,2026-06-15,3318.28
3132,2026-06-22,3153.85
3132,2026-06-29,3144.93
3132,2026-07-06,3225.17
3132,2026-07-13,3170.69
3132,2026-07-20,3346.01
3132,2026-07-27,3263.8
3132,2026-08-03,3586.71
3132,2026-08-10,3762.03
3132,2026-08-17,3300.45
3132,2026-08-24,3543.13
3132,2026-08-31,3513.41
3132,2026-09-07,3725.38
3132,2026-09-14,4049.29
3132,2026-09-21,4246.4
3132,2026-09-28,4178.0
3143,2025-10-06,698.24
3143,2025-10-13,696.29
3143,2025-10-20,717.66
3143,2025-10-27,719.6
3143,2025-11-03,731.25
3143,2025-11-10,702.12
3143,2025-11-17,705.03
3143,2025-11-24,684.64
3143,2025-12-01,684.64
3143,2025-12-08,677.84
3143,2025-12-15,663.28
3143,2025-12-22,653.56
3143,2025-12-29,665.22
3143,2026-01-05,685.61
3143,2026-01-12,680.76
3143,2026-01-19,695.32
3143,2026-01-26,681.73
3143,2026-02-02,690.47
3143,2026-02-09,713.77
3143,2026-02-16,713.77
3143,2026-02-23,742.91
3143,2026-03-02,731.25
3143,2026-03-09,718.63
3143,2026-03-16,712.8
3143,2026-03-23,728.34
3143,2026-03-30,708.39
3143,2026-04-06,706.39
3143,2026-04-13,743.31
3143,2026-04-20,727.34
3143,2026-04-27,723.35
3143,2026-05-04,736.32
3143,2026-05-11,681.45
3143,2026-05-18,668.48
3143,2026-05-25,649.52
3143,2026-06-01,633.56
3143,2026-06-08,638.55
3143,2026-06-15,674.46
3143,2026-06-22,678.45
3143,2026-06-29,685.44
3143,2026-07-06,696.41
3143,2026-07-13,675.46
3143,2026-07-20,690.43
3143,2026-07-27,686.44
3143,2026-08-03,683.44
3143,2026-08-10,698.41
3143,2026-08-17,691.42
3143,2026-08-24,685.44
3143,2026-08-31,722.35
3143,2026-09-07,708.39
3143,2026-09-14,712.38
3143,2026-09-21,728.34
3143,2026-09-28,1096.0
3156,2025-10-06,2475.8
3156,2025-10-13,2496.05
3156,2025-10-20,2537.52
3156,2025-10-27,2491.23
3156,2025-11-03,2452.65
3156,2025-11-10,2476.76
3156,2025-11-17,2480.62
3156,2025-11-24,2662.91
3156,2025-12-01,2617.57
3156,2025-12-08,2604.07
3156,2025-12-15,2585.75
3156,2025-12-22,2695.7
3156,2025-12-29,2695.7
3156,2026-01-05,2741.99
3156,2026-01-12,2778.64
3156,2026-01-19,2877.98
3156,2026-01-26,2831.69
3156,2026-02-02,2879.91
3156,2026-02-09,3004.33
3156,2026-02-16,2980.22
3156,2026-02-23,3038.08
3156,2026-03-02,2835.55
3156,2026-03-09,2739.1
3156,2026-03-16,2717.88
3156,2026-03-23,2683.16
3156,2026-03-30,2685.14
3156,2026-04-06,2788.94
3156,2026-04-13,2794.88
3156,2026-04-20,2814.65
3156,2026-04-27,2795.86
3156,2026-05-04,2941.19
3156,2026-05-11,3425.62
3156,2026-05-18,3509.66
3156,2026-05-25,4018.81
3156,2026-06-01,4340.11
3156,2026-06-08,4359.89
3156,2026-06-15,4359.89
3156,2026-06-22,4256.08
3156,2026-06-29,3974.32
3156,2026-07-06,3687.61
3156,2026-07-13,3455.28
3156,2026-07-20,3499.77
3156,2026-07-27,4078.12
3156,2026-08-03,4364.83
3156,2026-08-10,5447.39
3156,2026-08-17,4700.97
3156,2026-08-24,5091.48
3156,2026-08-31,5160.68
3156,2026-09-07,5269.43
3156,2026-09-14,5823.07
3156,2026-09-21,6208.64
3156,2026-09-28,6080.0
3177,2025-10-06,3243.54
3177,2025-10-13,3229.08
3177,2025-10-20,3296.55
3177,2025-10-27,3248.36
3177,2025-11-03,3248.36
3177,2025-11-10,3277.27
3177,2025-11-17,3339.93
3177,2025-11-24,3339.93
3177,2025-12-01,3277.27
3177,2025-12-08,3335.11
3177,2025-12-15,3335.11
3177,2025-12-22,3344.75
3177,2025-12-29,3441.14
3177,2026-01-05,3441.14
3177,2026-01-12,3667.65
3177,2026-01-19,3662.83
3177,2026-01-26,3614.64
3177,2026-02-02,3725.49
3177,2026-02-09,3807.42
3177,2026-02-16,3711.03
3177,2026-02-23,3685.0
3177,2026-03-02,3600.0
3177,2026-03-09,3550.0
3177,2026-03-16,3415.0
3177,2026-03-23,3465.0
3177,2026-03-30,3435.0
3177,2026-04-06,3515.0
3177,2026-04-13,3605.0
3177,2026-04-20,3675.0
3177,2026-04-27,3625.0
3177,2026-05-04,3505.0
3177,2026-05-11,3505.0
3177,2026-05-18,3575.0
3177,2026-05-25,3405.0
3177,2026-06-01,3290.0
3177,2026-06-08,3440.0
3177,2026-06-15,3410.0
3177,2026-06-22,3545.0
3177,2026-06-29,3530.0
3177,2026-07-06,3595.0
3177,2026-07-13,3880.0
3177,2026-07-20,4085.0
3177,2026-07-27,4075.0
3177,2026-08-03,4190.0
3177,2026-08-10,4235.0
3177,2026-08-17,4310.0
3177,2026-08-24,4420.0
3177,2026-08-31,4240.0
3177,2026-09-07,4210.0
3177,2026-09-14,4570.0
3177,2026-09-21,4750.0
3177,2026-09-28,4835.0
319A,2025-10-06,8660.0
319A,2025-10-13,8850.0
319A,2025-10-20,9200.0
319A,2025-10-27,8790.0
319A,2025-11-03,9130.0
319A,2025-11-10,9070.0
319A,2025-11-17,9650.0
319A,2025-11-24,10870.0
319A,2025-12-01,9770.0
319A,2025-12-08,9230.0
319A,2025-12-15,9740.0
319A,2025-12-22,9600.0
319A,2025-12-29,9870.0
319A,2026-01-05,11360.0
319A,2026-01-12,11740.0
319A,2026-01-19,10450.0
319A,2026-01-26,9250.0
319A,2026-02-02,9520.0
319A,2026-02-09,10260.0
319A,2026-02-16,10770.0
319A,2026-02-23,12020.0
319A,2026-03-02,13500.0
319A,2026-03-09,13600.0
319A,2026-03-16,12450.0
319A,2026-03-23,12620.0
319A,2026-03-30,11660.0
319A,2026-04-06,12900.0
319A,2026-04-13,13590.0
319A,2026-04-20,13500.0
319A,2026-04-27,13660.0
319A,2026-05-04,14330.0
319A,2026-05-11,13280.0
319A,2026-05-18,17160.0
319A,2026-05-25,18110.0
319A,2026-06-01,16190.0
319A,2026-06-08,16540.0
319A,2026-06-15,17360.0
319A,2026-06-22,16810.0
319A,2026-06-29,17480.0
319A,2026-07-06,18470.0
319A,2026-07-13,17680.0
319A,2026-07-20,15910.0
319A,2026-07-27,16560.0
319A,2026-08-03,19370.0
319A,2026-08-10,20380.0
319A,2026-08-17,21080.0
319A,2026-08-24,20440.0
319A,2026-08-31,20800.0
319A,2026-09-07,19060.0
319A,2026-09-14,19300.0
319A,2026-09-21,21460.0
319A,2026-09-28,21120.0
325A,2025-10-06,1630.0
325A,2025-10-13,1255.0
325A,2025-10-20,1373.33
325A,2025-10-27,1351.67
325A,2025-11-03,1351.67
325A,2025-11-10,1440.0
325A,2025-11-17,1355.0
325A,2025-11-24,1405.0
325A,2025-12-01,1353.33
325A,2025-12-08,1316.67
325A,2025-12-15,1336.67
325A,2025-12-22,1433.33
325A,2025-12-29,1400.0
325A,2026-01-05,1616.67
325A,2026-01-12,1453.33
325A,2026-01-19,1353.33
325A,2026-01-26,1323.33
325A,2026-02-02,1253.33
325A,2026-02-09,1316.67
325A,2026-02-16,1375.0
325A,2026-02-23,1445.0
325A,2026-03-02,1315.0
325A,2026-03-09,1256.67
325A,2026-03-16,1158.33
325A,2026-03-23,1146.67
325A,2026-03-30,1153.33
325A,2026-04-06,1215.0
325A,2026-04-13,1463.33
325A,2026-04-20,1316.67
325A,2026-04-27,1306.67
325A,2026-05-04,1325.0
325A,2026-05-11,1180.0
325A,2026-05-18,1196.67
325A,2026-05-25,1160.0
325A,2026-06-01,1331.67
325A,2026-06-08,1233.33
325A,2026-06-15,1346.67
325A,2026-06-22,1378.33
325A,2026-06-29,1350.0
325A,2026-07-06,1400.0
325A,2026-07-13,1633.0
325A,2026-07-20,1672.0
325A,2026-07-27,1522.0
325A,2026-08-03,1488.0
325A,2026-08-10,1585.0
325A,2026-08-17,1824.0
325A,2026-08-24,1766.0
325A,2026-08-31,1804.0
325A,2026-09-07,1746.0
325A,2026-09-14,1877.0
325A,2026-09-21,1977.0
325A,2026-09-28,2105.0
334A,2025-10-06,827.69
334A,2025-10-13,752.13
334A,2025-10-20,785.0
334A,2025-10-27,718.28
334A,2025-11-03,691.78
334A,2025-11-10,752.13
334A,2025-11-17,775.19
334A,2025-11-24,787.46
334A,2025-12-01,757.04
334A,2025-12-08,850.75
334A,2025-12-15,816.4
334A,2025-12-22,837.5
334A,2025-12-29,824.5
334A,2026-01-05,1014.0
334A,2026-01-12,1025.0
334A,2026-01-19,1029.5
334A,2026-01-26,1019.5
334A,2026-02-02,848.5
334A,2026-02-09,820.5
334A,2026-02-16,789.0
334A,2026-02-23,758.5
334A,2026-03-02,758.0
334A,2026-03-09,750.0
334A,2026-03-16,721.5
334A,2026-03-23,744.5
334A,2026-03-30,809.5
334A,2026-04-06,853.5
334A,2026-04-13,934.5
334A,2026-04-20,903.0
334A,2026-04-27,940.0
334A,2026-05-04,945.0
334A,2026-05-11,878.0
334A,2026-05-18,886.0
334A,2026-05-25,881.0
334A,2026-06-01,911.0
334A,2026-06-08,945.0
334A,2026-06-15,930.0
334A,2026-06-22,908.0
334A,2026-06-29,939.0
334A,2026-07-06,934.0
334A,2026-07-13,900.0
334A,2026-07-20,897.0
334A,2026-07-27,918.0
334A,2026-08-03,960.0
334A,2026-08-10,917.0
334A,2026-08-17,927.0
334A,2026-08-24,1045.0
334A,2026-08-31,1030.0
334A,2026-09-07,1068.0
334A,2026-09-14,1110.0
334A,2026-09-21,1173.0
334A,2026-09-28,1210.0
3374,2025-10-06,2027.74
3374,2025-10-13,2057.38
3374,2025-10-20,2042.08
3374,2025-10-27,2050.68
3374,2025-11-03,2021.05
3374,2025-11-10,2017.22
3374,2025-11-17,1972.29
3374,2025-11-24,2013.4
3374,2025-12-01,2020.09
3374,2025-12-08,2008.62
3374,2025-12-15,2044.95
3374,2025-12-22,2120.47
3374,2025-12-29,2159.67
3374,2026-01-05,2194.09
3374,2026-01-12,2304.03
3374,2026-01-19,2351.83
3374,2026-01-26,2321.24
3374,2026-02-02,2408.24
3374,2026-02-09,2381.47
3374,2026-02-16,2447.44
3374,2026-02-23,2540.17
3374,2026-03-02,2449.35
3374,2026-03-09,2441.7
3374,2026-03-16,2413.02
3374,2026-03-23,2283.0
3374,2026-03-30,2401.0
3374,2026-04-06,2432.0
3374,2026-04-13,2460.0
3374,2026-04-20,2388.0
3374,2026-04-27,2812.0
3374,2026-05-04,3005.0
3374,2026-05-11,2840.0
3374,2026-05-18,3025.0
3374,2026-05-25,3055.0
3374,2026-06-01,3005.0
3374,2026-06-08,2908.0
3374,2026-06-15,3555.0
3374,2026-06-22,3390.0
3374,2026-06-29,3435.0
3374,2026-07-06,3330.0
3374,2026-07-13,3175.0
3374,2026-07-20,3360.0
3374,2026-07-27,3110.0
3374,2026-08-03,3510.0
3374,2026-08-10,4455.0
3374,2026-08-17,4030.0
3374,2026-08-24,4325.0
3374,2026-08-31,4030.0
3374,2026-09-07,3900.0
3374,2026-09-14,4080.0
3374,2026-09-21,4600.0
3374,2026-09-28,5030.0
3600,2025-10-06,1531.83
3600,2025-10-13,1550.28
3600,2025-10-20,1549.31
3600,2025-10-27,1562.9
3600,2025-11-03,1545.42
3600,2025-11-10,1572.6
3600,2025-11-17,1555.13
3600,2025-11-24,1556.1
3600,2025-12-01,1567.75
3600,2025-12-08,1559.98
3600,2025-12-15,1561.93
3600,2025-12-22,1569.69
3600,2025-12-29,1576.49
3600,2026-01-05,1636.67
3600,2026-01-12,1600.76
3600,2026-01-19,1601.73
3600,2026-01-26,1604.64
3600,2026-02-02,1609.49
3600,2026-02-09,1637.64
3600,2026-02-16,1664.82
3600,2026-02-23,1670.65
3600,2026-03-02,1636.67
3600,2026-03-09,1612.4
3600,2026-03-16,1644.44
3600,2026-03-23,1659.0
3600,2026-03-30,1710.0
3600,2026-04-06,1711.0
3600,2026-04-13,1670.0
3600,2026-04-20,1671.0
3600,2026-04-27,1673.0
3600,2026-05-04,1658.0
3600,2026-05-11,1641.0
3600,2026-05-18,1687.0
3600,2026-05-25,1676.0
3600,2026-06-01,1670.0
3600,2026-06-08,1680.0
3600,2026-06-15,1680.0
3600,2026-06-22,1700.0
3600,2026-06-29,1721.0
3600,2026-07-06,1704.0
3600,2026-07-13,1701.0
3600,2026-07-20,1730.0
3600,2026-07-27,1708.0
3600,2026-08-03,1706.0
3600,2026-08-10,1724.0
3600,2026-08-17,1793.0
3600,2026-08-24,1770.0
3600,2026-08-31,1720.0
3600,2026-09-07,1720.0
3600,2026-09-14,1750.0
3600,2026-09-21,1770.0
3600,2026-09-28,1760.0
3607,2025-10-06,323.91
3607,2025-10-13,322.95
3607,2025-10-20,321.01
3607,2025-10-27,314.24
3607,2025-11-03,314.24
3607,2025-11-10,312.31
3607,2025-11-17,300.71
3607,2025-11-24,303.61
3607,2025-12-01,303.61
3607,2025-12-08,300.71
3607,2025-12-15,301.67
3607,2025-12-22,298.77
3607,2025-12-29,304.57
3607,2026-01-05,321.01
3607,2026-01-12,339.38
3607,2026-01-19,349.05
3607,2026-01-26,343.25
3607,2026-02-02,338.42
3607,2026-02-09,340.35
3607,2026-02-16,346.15
3607,2026-02-23,340.36
3607,2026-03-02,335.46
3607,2026-03-09,334.48
3607,2026-03-16,338.4
3607,2026-03-23,336.44
3607,2026-03-30,354.1
3607,2026-04-06,356.06
3607,2026-04-13,370.77
3607,2026-04-20,369.79
3607,2026-04-27,359.98
3607,2026-05-04,354.1
3607,2026-05-11,344.29
3607,2026-05-18,348.21
3607,2026-05-25,365.87
3607,2026-06-01,341.34
3607,2026-06-08,356.06
3607,2026-06-15,365.87
3607,2026-06-22,380.58
3607,2026-06-29,338.4
3607,2026-07-06,359.98
3607,2026-07-13,346.25
3607,2026-07-20,353.11
3607,2026-07-27,349.19
3607,2026-08-03,354.1
3607,2026-08-10,359.0
3607,2026-08-17,355.08
3607,2026-08-24,353.0
3607,2026-08-31,350.0
3607,2026-09-07,355.0
3607,2026-09-14,368.0
3607,2026-09-21,370.0
3607,2026-09-28,354.0
3776,2025-10-06,162.64
3776,2025-10-13,157.71
3776,2025-10-20,161.66
3776,2025-10-27,165.6
3776,2025-11-03,171.51
3776,2025-11-10,170.53
3776,2025-11-17,176.44
3776,2025-11-24,181.37
3776,2025-12-01,170.53
3776,2025-12-08,174.47
3776,2025-12-15,198.13
3776,2025-12-22,184.33
3776,2025-12-29,182.33
3776,2026-01-05,185.32
3776,2026-01-12,183.33
3776,2026-01-19,182.33
3776,2026-01-26,177.35
3776,2026-02-02,194.29
3776,2026-02-09,220.2
3776,2026-02-16,220.2
3776,2026-02-23,229.16
3776,2026-03-02,242.12
3776,2026-03-09,229.16
3776,2026-03-16,219.2
3776,2026-03-23,204.25
3776,2026-03-30,226.17
3776,2026-04-06,235.14
3776,2026-04-13,236.14
3776,2026-04-20,226.17
3776,2026-04-27,241.12
3776,2026-05-04,259.05
3776,2026-05-11,249.09
3776,2026-05-18,268.02
3776,2026-05-25,255.07
3776,2026-06-01,262.04
3776,2026-06-08,273.0
3776,2026-06-15,276.99
3776,2026-06-22,274.0
3776,2026-06-29,292.0
3776,2026-07-06,290.0
3776,2026-07-13,282.0
3776,2026-07-20,236.0
3776,2026-07-27,230.0
3776,2026-08-03,252.0
3776,2026-08-10,250.0
3776,2026-08-17,243.0
3776,2026-08-24,252.0
3776,2026-08-31,251.0
3776,2026-09-07,240.0
3776,2026-09-14,249.0
3776,2026-09-21,254.0
3776,2026-09-28,265.0
3842,2025-10-06,1158.72
3842,2025-10-13,1120.75
3842,2025-10-20,1162.62
3842,2025-10-27,1154.83
3842,2025-11-03,1270.7
3842,2025-11-10,985.4
3842,2025-11-17,1000.98
3842,2025-11-24,991.24
3842,2025-12-01,982.48
3842,2025-12-08,970.79
3842,2025-12-15,969.82
3842,2025-12-22,987.35
3842,2025-12-29,1007.8
3842,2026-01-05,1007.8
3842,2026-01-12,1009.74
3842,2026-01-19,1032.14
3842,2026-01-26,989.29
3842,2026-02-02,980.53
3842,2026-02-09,1016.56
3842,2026-02-16,1115.88
3842,2026-02-23,1114.9
3842,2026-03-02,1081.8
3842,2026-03-09,1018.51
3842,2026-03-16,974.69
3842,2026-03-23,968.85
3842,2026-03-30,965.88
3842,2026-04-06,969.84
3842,2026-04-13,973.79
3842,2026-04-20,956.98
3842,2026-04-27,968.85
3842,2026-05-04,963.9
3842,2026-05-11,980.71
3842,2026-05-18,960.94
3842,2026-05-25,980.71
3842,2026-06-01,953.03
3842,2026-06-08,904.59
3842,2026-06-15,893.71
3842,2026-06-22,916.45
3842,2026-06-29,923.37
3842,2026-07-06,911.51
3842,2026-07-13,899.64
3842,2026-07-20,970.82
3842,2026-07-27,978.73
3842,2026-08-03,986.64
3842,2026-08-10,1034.1
3842,2026-08-17,1023.22
3842,2026-08-24,1030.14
3842,2026-08-31,1040.03
3842,2026-09-07,1055.85
3842,2026-09-14,1260.49
3842,2026-09-21,1241.71
3842,2026-09-28,1370.0
3864,2025-10-06,654.02
3864,2025-10-13,643.28
3864,2025-10-20,641.33
3864,2025-10-27,596.42
3864,2025-11-03,593.49
3864,2025-11-10,619.85
3864,2025-11-17,611.07
3864,2025-11-24,634.49
3864,2025-12-01,617.9
3864,2025-12-08,628.64
3864,2025-12-15,629.61
3864,2025-12-22,644.25
3864,2025-12-29,639.37
3864,2026-01-05,656.94
3864,2026-01-12,669.63
3864,2026-01-19,662.8
3864,2026-01-26,651.09
3864,2026-02-02,675.49
3864,2026-02-09,679.4
3864,2026-02-16,770.18
3864,2026-02-23,834.6
3864,2026-03-02,861.93
3864,2026-03-09,812.15
3864,2026-03-16,793.6
3864,2026-03-23,800.44
3864,2026-03-30,845.18
3864,2026-04-06,889.93
3864,2026-04-13,984.39
3864,2026-04-20,953.56
3864,2026-04-27,922.74
3864,2026-05-04,938.65
3864,2026-05-11,1003.28
3864,2026-05-18,1088.79
3864,2026-05-25,1093.77
3864,2026-06-01,1054.99
3864,2026-06-08,1054.99
3864,2026-06-15,1026.15
3864,2026-06-22,1033.11
3864,2026-06-29,1009.25
3864,2026-07-06,995.33
3864,2026-07-13,1085.81
3864,2026-07-20,1126.58
3864,2026-07-27,1116.63
3864,2026-08-03,1163.37
3864,2026-08-10,1145.47
3864,2026-08-17,1192.2
3864,2026-08-24,1192.2
3864,2026-08-31,1170.33
3864,2026-09-07,1162.37
3864,2026-09-14,1218.06
3864,2026-09-21,1221.04
3864,2026-09-28,1223.0
3878,2025-10-06,746.05
3878,2025-10-13,726.41
3878,2025-10-20,798.07
3878,2025-10-27,789.24
3878,2025-11-03,740.16
3878,2025-11-10,739.18
3878,2025-11-17,739.18
3878,2025-11-24,779.42
3878,2025-12-01,758.81
3878,2025-12-08,764.7
3878,2025-12-15,773.53
3878,2025-12-22,768.62
3878,2025-12-29,757.83
3878,2026-01-05,782.37
3878,2026-01-12,784.33
3878,2026-01-19,783.35
3878,2026-01-26,765.68
3878,2026-02-02,774.51
3878,2026-02-09,792.18
3878,2026-02-16,879.55
3878,2026-02-23,918.82
3878,2026-03-02,863.84
3878,2026-03-09,852.06
3878,2026-03-16,827.52
3878,2026-03-23,802.0
3878,2026-03-30,779.0
3878,2026-04-06,884.0
3878,2026-04-13,881.0
3878,2026-04-20,870.0
3878,2026-04-27,877.0
3878,2026-05-04,907.0
3878,2026-05-11,916.0
3878,2026-05-18,864.0
3878,2026-05-25,880.0
3878,2026-06-01,830.0
3878,2026-06-08,794.0
3878,2026-06-15,814.0
3878,2026-06-22,795.0
3878,2026-06-29,787.0
3878,2026-07-06,768.0
3878,2026-07-13,743.0
3878,2026-07-20,843.0
3878,2026-07-27,833.0
3878,2026-08-03,858.0
3878,2026-08-10,888.0
3878,2026-08-17,873.0
3878,2026-08-24,877.0
3878,2026-08-31,856.0
3878,2026-09-07,824.0
3878,2026-09-14,838.0
3878,2026-09-21,866.0
3878,2026-09-28,969.0
3967,2025-10-06,675.0
3967,2025-10-13,663.0
3967,2025-10-20,667.0
3967,2025-10-27,636.0
3967,2025-11-03,642.0
3967,2025-11-10,648.0
3967,2025-11-17,630.0
3967,2025-11-24,636.0
3967,2025-12-01,621.0
3967,2025-12-08,618.0
3967,2025-12-15,607.0
3967,2025-12-22,612.0
3967,2025-12-29,650.0
3967,2026-01-05,686.0
3967,2026-01-12,685.0
3967,2026-01-19,658.0
3967,2026-01-26,640.0
3967,2026-02-02,650.0
3967,2026-02-09,657.0
3967,2026-02-16,673.0
3967,2026-02-23,623.0
3967,2026-03-02,606.0
3967,2026-03-09,585.0
3967,2026-03-16,576.0
3967,2026-03-23,587.0
3967,2026-03-30,585.0
3967,2026-04-06,610.0
3967,2026-04-13,589.0
3967,2026-04-20,582.0
3967,2026-04-27,587.0
3967,2026-05-04,601.0
3967,2026-05-11,596.0
3967,2026-05-18,594.0
3967,2026-05-25,587.0
3967,2026-06-01,579.0
3967,2026-06-08,556.0
3967,2026-06-15,546.0
3967,2026-06-22,561.0
3967,2026-06-29,570.0
3967,2026-07-06,580.0
3967,2026-07-13,579.0
3967,2026-07-20,574.0
3967,2026-07-27,593.0
3967,2026-08-03,598.0
3967,2026-08-10,599.0
3967,2026-08-17,605.0
3967,2026-08-24,586.0
3967,2026-08-31,565.0
3967,2026-09-07,551.0
3967,2026-09-14,575.0
3967,2026-09-21,576.0
3967,2026-09-28,773.0
4012,2025-10-06,1578.37
4012,2025-10-13,1527.96
4012,2025-10-20,1555.1
4012,2025-10-27,1512.45
4012,2025-11-03,1500.81
4012,2025-11-10,1474.63
4012,2025-11-17,1465.91
4012,2025-11-24,1473.66
4012,2025-12-01,1455.24
4012,2025-12-08,1436.82
4012,2025-12-15,1448.46
4012,2025-12-22,1463.0
4012,2025-12-29,1493.0
4012,2026-01-05,1524.0
4012,2026-01-12,1506.0
4012,2026-01-19,1493.0
4012,2026-01-26,1429.0
4012,2026-02-02,1646.0
4012,2026-02-09,1601.0
4012,2026-02-16,1650.0
4012,2026-02-23,1649.0
4012,2026-03-02,1580.0
4012,2026-03-09,1550.0
4012,2026-03-16,1516.0
4012,2026-03-23,1541.0
4012,2026-03-30,1545.0
4012,2026-04-06,1561.0
4012,2026-04-13,1585.0
4012,2026-04-20,1542.0
4012,2026-04-27,1529.0
4012,2026-05-04,1682.0
4012,2026-05-11,1606.0
4012,2026-05-18,1595.0
4012,2026-05-25,1627.0
4012,2026-06-01,1636.0
4012,2026-06-08,1613.0
4012,2026-06-15,1601.0
4012,2026-06-22,1620.0
4012,2026-06-29,1674.0
4012,2026-07-06,1658.0
4012,2026-07-13,1667.0
4012,2026-07-20,1727.0
4012,2026-07-27,1738.0
4012,2026-08-03,1750.0
4012,2026-08-10,1775.0
4012,2026-08-17,1733.0
4012,2026-08-24,1751.0
4012,2026-08-31,1751.0
4012,2026-09-07,1676.0
4012,2026-09-14,1732.0
4012,2026-09-21,1736.0
4012,2026-09-28,1733.0
4053,2025-10-06,435.0
4053,2025-10-13,423.0
4053,2025-10-20,433.0
4053,2025-10-27,433.0
4053,2025-11-03,437.0
4053,2025-11-10,442.0
4053,2025-11-17,513.0
4053,2025-11-24,492.0
4053,2025-12-01,450.0
4053,2025-12-08,461.0
4053,2025-12-15,473.0
4053,2025-12-22,491.0
4053,2025-12-29,449.0
4053,2026-01-05,466.0
4053,2026-01-12,473.0
4053,2026-01-19,467.0
4053,2026-01-26,453.0
4053,2026-02-02,446.0
4053,2026-02-09,431.0
4053,2026-02-16,414.0
4053,2026-02-23,417.0
4053,2026-03-02,406.0
4053,2026-03-09,387.0
4053,2026-03-16,390.0
4053,2026-03-23,445.0
4053,2026-03-30,454.0
4053,2026-04-06,437.0
4053,2026-04-13,442.0
4053,2026-04-20,414.0
4053,2026-04-27,420.0
4053,2026-05-04,430.0
4053,2026-05-11,445.0
4053,2026-05-18,460.0
4053,2026-05-25,445.0
4053,2026-06-01,454.0
4053,2026-06-08,431.0
4053,2026-06-15,425.0
4053,2026-06-22,420.0
4053,2026-06-29,441.0
4053,2026-07-06,441.0
4053,2026-07-13,457.0
4053,2026-07-20,448.0
4053,2026-07-27,461.0
4053,2026-08-03,463.0
4053,2026-08-10,446.0
4053,2026-08-17,467.0
4053,2026-08-24,466.0
4053,2026-08-31,468.0
4053,2026-09-07,451.0
4053,2026-09-14,485.0
4053,2026-09-21,505.0
4053,2026-09-28,518.0
4073,2025-10-06,591.0
4073,2025-10-13,637.0
4073,2025-10-20,637.0
4073,2025-10-27,632.0
4073,2025-11-03,630.0
4073,2025-11-10,646.0
4073,2025-11-17,582.0
4073,2025-11-24,606.0
4073,2025-12-01,595.0
4073,2025-12-08,577.0
4073,2025-12-15,567.0
4073,2025-12-22,584.0
4073,2025-12-29,584.0
4073,2026-01-05,595.0
4073,2026-01-12,602.0
4073,2026-01-19,579.0
4073,2026-01-26,560.0
4073,2026-02-02,571.0
4073,2026-02-09,560.0
4073,2026-02-16,545.0
4073,2026-02-23,565.0
4073,2026-03-02,515.0
4073,2026-03-09,508.0
4073,2026-03-16,506.0
4073,2026-03-23,512.0
4073,2026-03-30,500.0
4073,2026-04-06,511.0
4073,2026-04-13,519.0
4073,2026-04-20,510.0
4073,2026-04-27,509.0
4073,2026-05-04,520.0
4073,2026-05-11,495.0
4073,2026-05-18,494.0
4073,2026-05-25,494.0
4073,2026-06-01,441.0
4073,2026-06-08,426.0
4073,2026-06-15,421.0
4073,2026-06-22,418.0
4073,2026-06-29,431.0
4073,2026-07-06,435.0
4073,2026-07-13,428.0
4073,2026-07-20,498.0
4073,2026-07-27,449.0
4073,2026-08-03,566.0
4073,2026-08-10,570.0
4073,2026-08-17,482.0
4073,2026-08-24,507.0
4073,2026-08-31,491.0
4073,2026-09-07,466.0
4073,2026-09-14,549.0
4073,2026-09-21,637.0
4073,2026-09-28,683.0
4076,2025-10-06,1658.36
4076,2025-10-13,1634.27
4076,2025-10-20,1625.6
4076,2025-10-27,1624.64
4076,2025-11-03,1553.33
4076,2025-11-10,1541.77
4076,2025-11-17,1575.49
4076,2025-11-24,1634.27
4076,2025-12-01,1589.95
4076,2025-12-08,1609.22
4076,2025-12-15,1640.05
4076,2025-12-22,1622.71
4076,2025-12-29,1652.58
4076,2026-01-05,1681.49
4076,2026-01-12,1703.65
4076,2026-01-19,1815.43
4076,2026-01-26,1694.02
4076,2026-02-02,1657.4
4076,2026-02-09,1619.82
4076,2026-02-16,1638.13
4076,2026-02-23,1647.76
4076,2026-03-02,1641.02
4076,2026-03-09,1638.13
4076,2026-03-16,1637.16
4076,2026-03-23,1625.6
4076,2026-03-30,1608.25
4076,2026-04-06,1704.62
4076,2026-04-13,1696.91
4076,2026-04-20,1644.87
4076,2026-04-27,1661.25
4076,2026-05-04,1709.43
4076,2026-05-11,1694.02
4076,2026-05-18,1656.43
4076,2026-05-25,1646.0
4076,2026-06-01,1623.0
4076,2026-06-08,1640.0
4076,2026-06-15,1680.0
4076,2026-06-22,1681.0
4076,2026-06-29,1693.0
4076,2026-07-06,1720.0
4076,2026-07-13,1824.0
4076,2026-07-20,1803.0
4076,2026-07-27,1818.0
4076,2026-08-03,1846.0
4076,2026-08-10,1951.0
4076,2026-08-17,1980.0
4076,2026-08-24,2012.0
4076,2026-08-31,2005.0
4076,2026-09-07,1961.0
4076,2026-09-14,1985.0
4076,2026-09-21,2020.0
4076,2026-09-28,2005.0
4124,2025-10-06,2518.45
4124,2025-10-13,2524.33
4124,2025-10-20,2528.26
4124,2025-10-27,2507.65
4124,2025-11-03,2488.03
4124,2025-11-10,2590.06
4124,2025-11-17,2458.6
4124,2025-11-24,2461.54
4124,2025-12-01,2457.62
4124,2025-12-08,2320.27
4124,2025-12-15,2296.72
4124,2025-12-22,2393.85
4124,2025-12-29,2391.89
4124,2026-01-05,2428.19
4124,2026-01-12,2392.87
4124,2026-01-19,2406.6
4124,2026-01-26,2389.92
4124,2026-02-02,2384.04
4124,2026-02-09,2403.66
4124,2026-02-16,2400.72
4124,2026-02-23,2390.9
4124,2026-03-02,2366.38
4124,2026-03-09,2371.28
4124,2026-03-16,2514.52
4124,2026-03-23,2694.06
4124,2026-03-30,2598.09
4124,2026-04-06,2653.5
4124,2026-04-13,2691.09
4124,2026-04-20,2676.25
4124,2026-04-27,2672.29
4124,2026-05-04,2700.99
4124,2026-05-11,2621.84
4124,2026-05-18,2547.63
4124,2026-05-25,2523.89
4124,2026-06-01,2522.9
4124,2026-06-08,2512.02
4124,2026-06-15,2505.09
4124,2026-06-22,2509.05
4124,2026-06-29,2582.26
4124,2026-07-06,2691.09
4124,2026-07-13,2655.47
4124,2026-07-20,2653.5
4124,2026-07-27,2671.3
4124,2026-08-03,2700.99
4124,2026-08-10,2839.5
4124,2026-08-17,2855.33
4124,2026-08-24,2906.77
4124,2026-08-31,2906.77
4124,2026-09-07,2924.58
4124,2026-09-14,2928.54
4124,2026-09-21,3017.58
4124,2026-09-28,2935.0
415A,2025-10-06,4772.17
415A,2025-10-13,4943.28
415A,2025-10-20,5009.82
415A,2025-10-27,4762.66
415A,2025-11-03,4772.17
415A,2025-11-10,4753.15
415A,2025-11-17,4672.35
415A,2025-11-24,4800.68
415A,2025-12-01,4710.37
415A,2025-12-08,4572.53
415A,2025-12-15,4482.22
415A,2025-12-22,4748.4
415A,2025-12-29,4710.0
415A,2026-01-05,4755.0
415A,2026-01-12,4700.0
415A,2026-01-19,4745.0
415A,2026-01-26,4645.0
415A,2026-02-02,4600.0
415A,2026-02-09,4940.0
415A,2026-02-16,5230.0
415A,2026-02-23,5590.0
415A,2026-03-02,5410.0
415A,2026-03-09,5270.0
415A,2026-03-16,5110.0
415A,2026-03-23,5110.0
415A,2026-03-30,5020.0
415A,2026-04-06,5170.0
415A,2026-04-13,5490.0
415A,2026-04-20,5290.0
415A,2026-04-27,5360.0
415A,2026-05-04,5410.0
415A,2026-05-11,5170.0
415A,2026-05-18,4820.0
415A,2026-05-25,4795.0
415A,2026-06-01,4765.0
415A,2026-06-08,4650.0
415A,2026-06-15,4660.0
415A,2026-06-22,4645.0
415A,2026-06-29,4715.0
415A,2026-07-06,4740.0
415A,2026-07-13,4785.0
415A,2026-07-20,4810.0
415A,2026-07-27,4780.0
415A,2026-08-03,4805.0
415A,2026-08-10,5030.0
415A,2026-08-17,5130.0
415A,2026-08-24,5130.0
415A,2026-08-31,5150.0
415A,2026-09-07,5170.0
415A,2026-09-14,5460.0
415A,2026-09-21,5330.0
415A,2026-09-28,5540.0
4178,2025-10-06,732.0
4178,2025-10-13,710.0
4178,2025-10-20,723.0
4178,2025-10-27,700.0
4178,2025-11-03,681.0
4178,2025-11-10,686.0
4178,2025-11-17,604.0
4178,2025-11-24,610.0
4178,2025-12-01,611.0
4178,2025-12-08,607.0
4178,2025-12-15,610.0
4178,2025-12-22,597.0
4178,2025-12-29,621.0
4178,2026-01-05,631.0
4178,2026-01-12,608.0
4178,2026-01-19,608.0
4178,2026-01-26,620.0
4178,2026-02-02,608.0
4178,2026-02-09,619.0
4178,2026-02-16,565.0
4178,2026-02-23,568.0
4178,2026-03-02,560.0
4178,2026-03-09,542.0
4178,2026-03-16,563.0
4178,2026-03-23,540.0
4178,2026-03-30,554.0
4178,2026-04-06,549.0
4178,2026-04-13,545.0
4178,2026-04-20,550.0
4178,2026-04-27,535.0
4178,2026-05-04,525.0
4178,2026-05-11,528.0
4178,2026-05-18,531.0
4178,2026-05-25,525.0
4178,2026-06-01,537.0
4178,2026-06-08,513.0
4178,2026-06-15,527.0
4178,2026-06-22,520.0
4178,2026-06-29,522.0
4178,2026-07-06,515.0
4178,2026-07-13,502.0
4178,2026-07-20,506.0
4178,2026-07-27,484.0
4178,2026-08-03,497.0
4178,2026-08-10,520.0
4178,2026-08-17,510.0
4178,2026-08-24,543.0
4178,2026-08-31,540.0
4178,2026-09-07,519.0
4178,2026-09-14,553.0
4178,2026-09-21,551.0
4178,2026-09-28,929.0
4203,2025-10-06,4852.55
4203,2025-10-13,4769.19
4203,2025-10-20,4982.99
4203,2025-10-27,5042.81
4203,2025-11-03,4998.68
4203,2025-11-10,4944.74
4203,2025-11-17,4942.78
4203,2025-11-24,4993.77
4203,2025-12-01,4978.08
4203,2025-12-08,5162.46
4203,2025-12-15,5113.42
4203,2025-12-22,5069.29
4203,2025-12-29,5063.4
4203,2026-01-05,5052.62
4203,2026-01-12,5137.94
4203,2026-01-19,5338.98
4203,2026-01-26,5335.06
4203,2026-02-02,5334.08
4203,2026-02-09,5549.84
4203,2026-02-16,5675.37
4203,2026-02-23,5902.89
4203,2026-03-02,5462.55
4203,2026-03-09,5235.03
4203,2026-03-16,4994.75
4203,2026-03-23,4902.57
4203,2026-03-30,4964.11
4203,2026-04-06,5248.0
4203,2026-04-13,5151.72
4203,2026-04-20,5196.38
4203,2026-04-27,5392.92
4203,2026-05-04,5505.09
4203,2026-05-11,6523.52
4203,2026-05-18,6715.1
4203,2026-05-25,6849.1
4203,2026-06-01,6461.98
4203,2026-06-08,6432.2
4203,2026-06-15,7653.13
4203,2026-06-22,7559.82
4203,2026-06-29,7450.63
4203,2026-07-06,7146.89
4203,2026-07-13,6917.59
4203,2026-07-20,6744.88
4203,2026-07-27,6464.96
4203,2026-08-03,7384.13
4203,2026-08-10,7741.47
4203,2026-08-17,7118.1
4203,2026-08-24,7389.09
4203,2026-08-31,7003.95
4203,2026-09-07,7532.03
4203,2026-09-14,7728.57
4203,2026-09-21,8122.64
4203,2026-09-28,8581.0
428A,2025-10-06,617.38
428A,2025-10-13,717.63
428A,2025-10-20,701.75
428A,2025-10-27,673.96
428A,2025-11-03,679.91
428A,2025-11-10,684.88
428A,2025-11-17,676.94
428A,2025-11-24,683.88
428A,2025-12-01,676.94
428A,2025-12-08,673.96
428A,2025-12-15,733.51
428A,2025-12-22,767.26
428A,2025-12-29,818.88
428A,2026-01-05,824.83
428A,2026-01-12,853.62
428A,2026-01-19,885.38
428A,2026-01-26,863.54
428A,2026-02-02,830.79
428A,2026-02-09,831.78
428A,2026-02-16,832.77
428A,2026-02-23,806.96
428A,2026-03-02,803.99
428A,2026-03-09,804.98
428A,2026-03-16,803.99
428A,2026-03-23,831.78
428A,2026-03-30,876.44
428A,2026-04-06,874.46
428A,2026-04-13,901.26
428A,2026-04-20,899.27
428A,2026-04-27,937.98
428A,2026-05-04,991.58
428A,2026-05-11,1024.34
428A,2026-05-18,1040.22
428A,2026-05-25,1268.51
428A,2026-06-01,1180.17
428A,2026-06-08,1213.92
428A,2026-06-15,1177.2
428A,2026-06-22,1216.9
428A,2026-06-29,1260.57
428A,2026-07-06,1221.86
428A,2026-07-13,1375.71
428A,2026-07-20,1317.15
428A,2026-07-27,1349.9
428A,2026-08-03,1373.73
428A,2026-08-10,1390.6
428A,2026-08-17,1425.34
428A,2026-08-24,1371.0
428A,2026-08-31,1587.0
428A,2026-09-07,1546.0
428A,2026-09-14,1710.0
428A,2026-09-21,1618.0
428A,2026-09-28,1781.0
4331,2025-10-06,778.98
4331,2025-10-13,768.73
4331,2025-10-20,769.67
4331,2025-10-27,766.87
4331,2025-11-03,760.35
4331,2025-11-10,733.33
4331,2025-11-17,729.6
4331,2025-11-24,726.8
4331,2025-12-01,710.03
4331,2025-12-08,711.89
4331,2025-12-15,722.14
4331,2025-12-22,741.71
4331,2025-12-29,753.35
4331,2026-01-05,777.59
4331,2026-01-12,801.82
4331,2026-01-19,799.89
4331,2026-01-26,770.8
4331,2026-02-02,768.86
4331,2026-02-09,779.53
4331,2026-02-16,691.3
4331,2026-02-23,725.23
4331,2026-03-02,702.93
4331,2026-03-09,682.57
4331,2026-03-16,678.69
4331,2026-03-23,696.14
4331,2026-03-30,682.57
4331,2026-04-06,683.54
4331,2026-04-13,679.66
4331,2026-04-20,666.09
4331,2026-04-27,663.18
4331,2026-05-04,700.02
4331,2026-05-11,671.9
4331,2026-05-18,673.84
4331,2026-05-25,662.21
4331,2026-06-01,658.33
4331,2026-06-08,647.67
4331,2026-06-15,640.88
4331,2026-06-22,637.0
4331,2026-06-29,661.0
4331,2026-07-06,682.0
4331,2026-07-13,667.0
4331,2026-07-20,672.0
4331,2026-07-27,680.0
4331,2026-08-03,682.0
4331,2026-08-10,733.0
4331,2026-08-17,752.0
4331,2026-08-24,735.0
4331,2026-08-31,746.0
4331,2026-09-07,743.0
4331,2026-09-14,751.0
4331,2026-09-21,749.0
4331,2026-09-28,856.0
4371,2025-10-06,942.12
4371,2025-10-13,918.49
4371,2025-10-20,958.86
4371,2025-10-27,936.21
4371,2025-11-03,917.51
4371,2025-11-10,1046.47
4371,2025-11-17,1004.14
4371,2025-11-24,1045.49
4371,2025-12-01,1085.85
4371,2025-12-08,1136.06
4371,2025-12-15,1162.64
4371,2025-12-22,1203.0
4371,2025-12-29,1195.0
4371,2026-01-05,1303.0
4371,2026-01-12,1380.0
4371,2026-01-19,1264.0
4371,2026-01-26,1276.0
4371,2026-02-02,1174.0
4371,2026-02-09,1106.0
4371,2026-02-16,1120.0
4371,2026-02-23,1110.0
4371,2026-03-02,1072.0
4371,2026-03-09,1028.0
4371,2026-03-16,985.0
4371,2026-03-23,998.0
4371,2026-03-30,943.0
4371,2026-04-06,907.0
4371,2026-04-13,1145.0
4371,2026-04-20,1422.0
4371,2026-04-27,1329.0
4371,2026-05-04,1390.0
4371,2026-05-11,1271.0
4371,2026-05-18,1253.0
4371,2026-05-25,1428.0
4371,2026-06-01,1397.0
4371,2026-06-08,1317.0
4371,2026-06-15,1406.0
4371,2026-06-22,1380.0
4371,2026-06-29,1474.0
4371,2026-07-06,1416.0
4371,2026-07-13,1372.0
4371,2026-07-20,1364.0
4371,2026-07-27,1450.0
4371,2026-08-03,1453.0
4371,2026-08-10,1525.0
4371,2026-08-17,1308.0
4371,2026-08-24,1483.0
4371,2026-08-31,1437.0
4371,2026-09-07,1432.0
4371,2026-09-14,1481.0
4371,2026-09-21,1457.0
4371,2026-09-28,1579.0
4376,2025-10-06,176.0
4376,2025-10-13,177.0
4376,2025-10-20,174.0
4376,2025-10-27,170.0
4376,2025-11-03,174.0
4376,2025-11-10,183.0
4376,2025-11-17,178.0
4376,2025-11-24,179.0
4376,2025-12-01,171.0
4376,2025-12-08,172.0
4376,2025-12-15,169.0
4376,2025-12-22,151.0
4376,2025-12-29,163.0
4376,2026-01-05,162.0
4376,2026-01-12,165.0
4376,2026-01-19,168.0
4376,2026-01-26,158.0
4376,2026-02-02,158.0
4376,2026-02-09,160.0
4376,2026-02-16,174.0
4376,2026-02-23,174.0
4376,2026-03-02,166.0
4376,2026-03-09,157.0
4376,2026-03-16,157.0
4376,2026-03-23,155.0
4376,2026-03-30,151.0
4376,2026-04-06,149.0
4376,2026-04-13,150.0
4376,2026-04-20,155.0
4376,2026-04-27,150.0
4376,2026-05-04,154.0
4376,2026-05-11,159.0
4376,2026-05-18,151.0
4376,2026-05-25,169.0
4376,2026-06-01,178.0
4376,2026-06-08,172.0
4376,2026-06-15,156.0
4376,2026-06-22,156.0
4376,2026-06-29,158.0
4376,2026-07-06,158.0
4376,2026-07-13,156.0
4376,2026-07-20,156.0
4376,2026-07-27,155.0
4376,2026-08-03,158.0
4376,2026-08-10,167.0
4376,2026-08-17,162.0
4376,2026-08-24,162.0
4376,2026-08-31,167.0
4376,2026-09-07,161.0
4376,2026-09-14,173.0
4376,2026-09-21,177.0
4376,2026-09-28,190.0
4389,2025-10-06,899.52
4389,2025-10-13,849.6
4389,2025-10-20,837.12
4389,2025-10-27,765.12
4389,2025-11-03,781.44
4389,2025-11-10,777.6
4389,2025-11-17,738.24
4389,2025-11-24,761.28
4389,2025-12-01,760.32
4389,2025-12-08,767.04
4389,2025-12-15,816.0
4389,2025-12-22,783.36
4389,2025-12-29,799.68
4389,2026-01-05,883.2
4389,2026-01-12,870.72
4389,2026-01-19,885.12
4389,2026-01-26,886.08
4389,2026-02-02,871.68
4389,2026-02-09,756.48
4389,2026-02-16,772.8
4389,2026-02-23,773.76
4389,2026-03-02,820.8
4389,2026-03-09,813.12
4389,2026-03-16,776.64
4389,2026-03-23,768.0
4389,2026-03-30,800.0
4389,2026-04-06,805.0
4389,2026-04-13,806.0
4389,2026-04-20,790.0
4389,2026-04-27,781.0
4389,2026-05-04,770.0
4389,2026-05-11,890.0
4389,2026-05-18,881.0
4389,2026-05-25,879.0
4389,2026-06-01,862.0
4389,2026-06-08,889.0
4389,2026-06-15,873.0
4389,2026-06-22,883.0
4389,2026-06-29,995.0
4389,2026-07-06,1089.0
4389,2026-07-13,1014.0
4389,2026-07-20,1046.0
4389,2026-07-27,1041.0
4389,2026-08-03,1090.0
4389,2026-08-10,1034.0
4389,2026-08-17,1044.0
4389,2026-08-24,1020.0
4389,2026-08-31,1069.0
4389,2026-09-07,1068.0
4389,2026-09-14,1058.0
4389,2026-09-21,1046.0
4389,2026-09-28,1098.0
4394,2025-10-06,397.26
4394,2025-10-13,389.02
4394,2025-10-20,391.45
4394,2025-10-27,393.38
4394,2025-11-03,391.45
4394,2025-11-10,387.57
4394,2025-11-17,380.79
4394,2025-11-24,382.29
4394,2025-12-01,378.32
4394,2025-12-08,373.34
4394,2025-12-15,366.88
4394,2025-12-22,381.8
4394,2025-12-29,384.78
4394,2026-01-05,402.18
4394,2026-01-12,384.28
4394,2026-01-19,395.72
4394,2026-01-26,388.26
4394,2026-02-02,387.26
4394,2026-02-09,387.26
4394,2026-02-16,387.26
4394,2026-02-23,392.24
4394,2026-03-02,387.76
4394,2026-03-09,386.27
4394,2026-03-16,385.77
4394,2026-03-23,383.29
4394,2026-03-30,391.24
4394,2026-04-06,423.55
4394,2026-04-13,423.55
4394,2026-04-20,426.54
4394,2026-04-27,429.52
4394,2026-05-04,437.97
4394,2026-05-11,433.5
4394,2026-05-18,426.54
4394,2026-05-25,414.0
4394,2026-06-01,396.0
4394,2026-06-08,397.0
4394,2026-06-15,385.0
4394,2026-06-22,393.0
4394,2026-06-29,450.0
4394,2026-07-06,546.0
4394,2026-07-13,545.0
4394,2026-07-20,552.0
4394,2026-07-27,557.0
4394,2026-08-03,541.0
4394,2026-08-10,547.0
4394,2026-08-17,556.0
4394,2026-08-24,636.0
4394,2026-08-31,686.0
4394,2026-09-07,630.0
4394,2026-09-14,685.0
4394,2026-09-21,712.0
4394,2026-09-28,800.0
4409,2025-10-06,747.72
4409,2025-10-13,745.77
4409,2025-10-20,762.3
4409,2025-10-27,765.22
4409,2025-11-03,721.47
4409,2025-11-10,708.83
4409,2025-11-17,704.94
4409,2025-11-24,701.05
4409,2025-12-01,702.99
4409,2025-12-08,702.02
4409,2025-12-15,702.99
4409,2025-12-22,702.02
4409,2025-12-29,718.55
4409,2026-01-05,720.49
4409,2026-01-12,720.49
4409,2026-01-19,733.13
4409,2026-01-26,734.11
4409,2026-02-02,719.52
4409,2026-02-09,724.38
4409,2026-02-16,756.47
4409,2026-02-23,764.25
4409,2026-03-02,758.42
4409,2026-03-09,759.39
4409,2026-03-16,758.42
4409,2026-03-23,773.0
4409,2026-03-30,760.0
4409,2026-04-06,755.0
4409,2026-04-13,746.0
4409,2026-04-20,740.0
4409,2026-04-27,736.0
4409,2026-05-04,754.0
4409,2026-05-11,721.0
4409,2026-05-18,725.0
4409,2026-05-25,721.0
4409,2026-06-01,722.0
4409,2026-06-08,722.0
4409,2026-06-15,722.0
4409,2026-06-22,722.0
4409,2026-06-29,739.0
4409,2026-07-06,744.0
4409,2026-07-13,764.0
4409,2026-07-20,735.0
4409,2026-07-27,740.0
4409,2026-08-03,740.0
4409,2026-08-10,765.0
4409,2026-08-17,779.0
4409,2026-08-24,780.0
4409,2026-08-31,782.0
4409,2026-09-07,789.0
4409,2026-09-14,785.0
4409,2026-09-21,826.0
4409,2026-09-28,881.0
446A,2025-11-17,1467.0
446A,2025-11-24,1332.0
446A,2025-12-01,1355.0
446A,2025-12-08,1424.0
446A,2025-12-15,1464.0
446A,2025-12-22,1640.0
446A,2025-12-29,1782.0
446A,2026-01-05,1795.0
446A,2026-01-12,1579.0
446A,2026-01-19,1550.0
446A,2026-01-26,1579.0
446A,2026-02-02,1167.0
446A,2026-02-09,1110.0
446A,2026-02-16,1090.0
446A,2026-02-23,1082.0
446A,2026-03-02,1151.0
446A,2026-03-09,1231.0
446A,2026-03-16,1359.0
446A,2026-03-23,1255.0
446A,2026-03-30,1297.0
446A,2026-04-06,1358.0
446A,2026-04-13,1593.0
446A,2026-04-20,1365.0
446A,2026-04-27,1263.0
446A,2026-05-04,1367.0
446A,2026-05-11,1130.0
446A,2026-05-18,1233.0
446A,2026-05-25,1263.0
446A,2026-06-01,1391.0
446A,2026-06-08,1208.0
446A,2026-06-15,1178.0
446A,2026-06-22,1165.0
446A,2026-06-29,1325.0
446A,2026-07-06,1319.0
446A,2026-07-13,1640.0
446A,2026-07-20,1450.0
446A,2026-07-27,1573.0
446A,2026-08-03,1645.0
446A,2026-08-10,1840.0
446A,2026-08-17,1985.0
446A,2026-08-24,2141.0
446A,2026-08-31,2312.0
446A,2026-09-07,1914.0
446A,2026-09-14,2309.0
446A,2026-09-21,2313.0
446A,2026-09-28,2572.0
4475,2025-10-06,1511.61
4475,2025-10-13,1392.19
4475,2025-10-20,1444.93
4475,2025-10-27,1459.86
4475,2025-11-03,1421.05
4475,2025-11-10,1298.65
4475,2025-11-17,1310.59
4475,2025-11-24,1314.57
4475,2025-12-01,1298.65
4475,2025-12-08,1265.81
4475,2025-12-15,1270.79
4475,2025-12-22,1299.64
4475,2025-12-29,1268.8
4475,2026-01-05,1311.59
4475,2026-01-12,1313.58
4475,2026-01-19,1244.91
4475,2026-01-26,1156.35
4475,2026-02-02,972.25
4475,2026-02-09,959.31
4475,2026-02-16,977.22
4475,2026-02-23,1000.11
4475,2026-03-02,1023.0
4475,2026-03-09,968.26
4475,2026-03-16,957.32
4475,2026-03-23,939.41
4475,2026-03-30,945.4
4475,2026-04-06,932.42
4475,2026-04-13,1005.29
4475,2026-04-20,965.36
4475,2026-04-27,953.38
4475,2026-05-04,993.31
4475,2026-05-11,1051.22
4475,2026-05-18,1123.09
4475,2026-05-25,1104.13
4475,2026-06-01,1160.03
4475,2026-06-08,1046.22
4475,2026-06-15,1013.28
4475,2026-06-22,1031.25
4475,2026-06-29,1245.89
4475,2026-07-06,1210.95
4475,2026-07-13,1333.74
4475,2026-07-20,1248.88
4475,2026-07-27,1299.79
4475,2026-08-03,1473.5
4475,2026-08-10,1526.41
4475,2026-08-17,1509.44
4475,2026-08-24,1784.97
4475,2026-08-31,1661.18
4475,2026-09-07,1629.24
4475,2026-09-14,1791.96
4475,2026-09-21,1776.98
4475,2026-09-28,1760.0
456A,2025-11-24,977.5
456A,2025-12-01,1042.5
456A,2025-12-08,1082.5
456A,2025-12-15,950.0
456A,2025-12-22,1062.5
456A,2025-12-29,1048.75
456A,2026-01-05,1116.25
456A,2026-01-12,1070.0
456A,2026-01-19,1023.75
456A,2026-01-26,962.5
456A,2026-02-02,936.25
456A,2026-02-09,947.5
456A,2026-02-16,848.75
456A,2026-02-23,807.5
456A,2026-03-02,912.5
456A,2026-03-09,887.5
456A,2026-03-16,1087.5
456A,2026-03-23,1372.5
456A,2026-03-30,1217.5
456A,2026-04-06,1250.0
456A,2026-04-13,1405.0
456A,2026-04-20,1238.75
456A,2026-04-27,1452.0
456A,2026-05-04,1467.0
456A,2026-05-11,1275.0
456A,2026-05-18,1427.0
456A,2026-05-25,1397.0
456A,2026-06-01,1525.0
456A,2026-06-08,1648.0
456A,2026-06-15,1510.0
456A,2026-06-22,1477.0
456A,2026-06-29,1587.0
456A,2026-07-06,1537.0
456A,2026-07-13,1493.0
456A,2026-07-20,1390.0
456A,2026-07-27,1321.0
456A,2026-08-03,1385.0
456A,2026-08-10,1429.0
456A,2026-08-17,1662.0
456A,2026-08-24,1621.0
456A,2026-08-31,1562.0
456A,2026-09-07,1377.0
456A,2026-09-14,1682.0
456A,2026-09-21,1763.0
456A,2026-09-28,2170.0
4616,2025-10-06,2183.48
4616,2025-10-13,2046.89
4616,2025-10-20,2122.55
4616,2025-10-27,2206.08
4616,2025-11-03,2221.8
4616,2025-11-10,2313.19
4616,2025-11-17,2370.18
4616,2025-11-24,2179.0
4616,2025-12-01,1900.0
4616,2025-12-08,1865.0
4616,2025-12-15,1875.0
4616,2025-12-22,1880.0
4616,2025-12-29,1909.0
4616,2026-01-05,1950.0
4616,2026-01-12,1998.0
4616,2026-01-19,1990.0
4616,2026-01-26,1952.0
4616,2026-02-02,1984.0
4616,2026-02-09,1950.0
4616,2026-02-16,1994.0
4616,2026-02-23,2015.0
4616,2026-03-02,1912.0
4616,2026-03-09,1876.0
4616,2026-03-16,1877.0
4616,2026-03-23,1878.0
4616,2026-03-30,1862.0
4616,2026-04-06,1901.0
4616,2026-04-13,1855.0
4616,2026-04-20,1845.0
4616,2026-04-27,1863.0
4616,2026-05-04,1846.0
4616,2026-05-11,1824.0
4616,2026-05-18,1827.0
4616,2026-05-25,1809.0
4616,2026-06-01,1789.0
4616,2026-06-08,1790.0
4616,2026-06-15,1801.0
4616,2026-06-22,1860.0
4616,2026-06-29,1841.0
4616,2026-07-06,1935.0
4616,2026-07-13,1980.0
4616,2026-07-20,1993.0
4616,2026-07-27,2017.0
4616,2026-08-03,2112.0
4616,2026-08-10,2035.0
4616,2026-08-17,2041.0
4616,2026-08-24,2198.0
4616,2026-08-31,2411.0
4616,2026-09-07,2528.0
4616,2026-09-14,2471.0
4616,2026-09-21,2544.0
4616,2026-09-28,2731.0
4623,2025-10-06,1670.34
4623,2025-10-13,1663.57
4623,2025-10-20,1667.44
4623,2025-10-27,1663.57
4623,2025-11-03,1662.6
4623,2025-11-10,1659.7
4623,2025-11-17,1665.51
4623,2025-11-24,1661.64
4623,2025-12-01,1654.87
4623,2025-12-08,1655.83
4623,2025-12-15,1658.73
4623,2025-12-22,1662.6
4623,2025-12-29,1667.44
4623,2026-01-05,1672.28
4623,2026-01-12,1682.91
4623,2026-01-19,1675.18
4623,2026-01-26,1675.18
4623,2026-02-02,1681.95
4623,2026-02-09,1685.82
4623,2026-02-16,1710.96
4623,2026-02-23,1703.23
4623,2026-03-02,1678.08
4623,2026-03-09,1668.41
4623,2026-03-16,1682.91
4623,2026-03-23,1682.91
4623,2026-03-30,1702.6
4623,2026-04-06,1704.57
4623,2026-04-13,1694.72
4623,2026-04-20,1683.9
4623,2026-04-27,1682.91
4623,2026-05-04,1678.98
4623,2026-05-11,1673.07
4623,2026-05-18,1682.91
4623,2026-05-25,1673.07
4623,2026-06-01,1674.06
4623,2026-06-08,1673.07
4623,2026-06-15,1666.18
4623,2026-06-22,1680.95
4623,2026-06-29,1697.68
4623,2026-07-06,1684.88
4623,2026-07-13,1683.9
4623,2026-07-20,1691.77
4623,2026-07-27,1693.74
4623,2026-08-03,1695.71
4623,2026-08-10,1791.17
4623,2026-08-17,1840.38
4623,2026-08-24,1847.27
4623,2026-08-31,1815.78
4623,2026-09-07,1801.01
4623,2026-09-14,1847.27
4623,2026-09-21,1864.0
4623,2026-09-28,1852.0
4627,2025-10-06,1606.21
4627,2025-10-13,1578.2
4627,2025-10-20,1564.68
4627,2025-10-27,1551.05
4627,2025-11-03,1524.5
4627,2025-11-10,1538.27
4627,2025-11-17,1527.45
4627,2025-11-24,1529.42
4627,2025-12-01,1542.2
4627,2025-12-08,1561.87
4627,2025-12-15,1527.45
4627,2025-12-22,1522.53
4627,2025-12-29,1530.4
4627,2026-01-05,1563.84
4627,2026-01-12,1577.61
4627,2026-01-19,1573.67
4627,2026-01-26,1555.97
4627,2026-02-02,1573.67
4627,2026-02-09,1571.71
4627,2026-02-16,1681.86
4627,2026-02-23,1748.75
4627,2026-03-02,1770.38
4627,2026-03-09,1770.38
4627,2026-03-16,1790.05
4627,2026-03-23,1726.12
4627,2026-03-30,1673.01
4627,2026-04-06,1662.19
4627,2026-04-13,1680.88
4627,2026-04-20,1623.84
4627,2026-04-27,1594.0
4627,2026-05-04,1608.0
4627,2026-05-11,1641.0
4627,2026-05-18,1659.0
4627,2026-05-25,1738.0
4627,2026-06-01,1741.0
4627,2026-06-08,1719.0
4627,2026-06-15,1769.0
4627,2026-06-22,1777.0
4627,2026-06-29,1773.0
4627,2026-07-06,1754.0
4627,2026-07-13,1745.0
4627,2026-07-20,1723.0
4627,2026-07-27,1769.0
4627,2026-08-03,1743.0
4627,2026-08-10,1795.0
4627,2026-08-17,1853.0
4627,2026-08-24,1880.0
4627,2026-08-31,1940.0
4627,2026-09-07,1919.0
4627,2026-09-14,1941.0
4627,2026-09-21,1965.0
4627,2026-09-28,2084.0
4665,2025-10-06,3640.36
4665,2025-10-13,3618.98
4665,2025-10-20,3635.5
4665,2025-10-27,3612.17
4665,2025-11-03,3682.14
4665,2025-11-10,3843.46
4665,2025-11-17,3904.69
4665,2025-11-24,3919.26
4665,2025-12-01,3997.98
4665,2025-12-08,4147.64
4665,2025-12-15,4246.76
4665,2025-12-22,4182.62
4665,2025-12-29,4135.0
4665,2026-01-05,4177.76
4665,2026-01-12,4238.98
4665,2026-01-19,4295.35
4665,2026-01-26,4126.26
4665,2026-02-02,4204.0
4665,2026-02-09,4185.54
4665,2026-02-16,4107.79
4665,2026-02-23,4201.08
4665,2026-03-02,4140.83
4665,2026-03-09,4100.02
4665,2026-03-16,4151.52
4665,2026-03-23,4206.92
4665,2026-03-30,4156.56
4665,2026-04-06,4110.16
4665,2026-04-13,4083.5
4665,2026-04-20,3889.99
4665,2026-04-27,3865.31
4665,2026-05-04,3883.08
4665,2026-05-11,3924.55
4665,2026-05-18,4103.25
4665,2026-05-25,3964.04
4665,2026-06-01,4047.96
4665,2026-06-08,4230.61
4665,2026-06-15,4115.1
4665,2026-06-22,4241.47
4665,2026-06-29,4333.29
4665,2026-07-06,4412.27
4665,2026-07-13,4480.4
4665,2026-07-20,4409.31
4665,2026-07-27,4390.55
4665,2026-08-03,4330.33
4665,2026-08-10,4525.81
4665,2026-08-17,4631.46
4665,2026-08-24,4622.57
4665,2026-08-31,4605.79
4665,2026-09-07,4521.87
4665,2026-09-14,4671.94
4665,2026-09-21,4711.43
4665,2026-09-28,4610.0
4746,2025-10-06,928.6
4746,2025-10-13,933.37
4746,2025-10-20,944.1
4746,2025-10-27,914.3
4746,2025-11-03,954.82
4746,2025-11-10,995.35
4746,2025-11-17,994.16
4746,2025-11-24,1002.51
4746,2025-12-01,979.86
4746,2025-12-08,959.59
4746,2025-12-15,954.82
4746,2025-12-22,960.79
4746,2025-12-29,990.32
4746,2026-01-05,1061.41
4746,2026-01-12,1101.86
4746,2026-01-19,1088.38
4746,2026-01-26,1033.22
4746,2026-02-02,1020.96
4746,2026-02-09,1052.83
4746,2026-02-16,1041.8
4746,2026-02-23,1087.15
4746,2026-03-02,1045.48
4746,2026-03-09,1052.83
4746,2026-03-16,1051.61
4746,2026-03-23,1047.93
4746,2026-03-30,1035.67
4746,2026-04-06,1107.99
4746,2026-04-13,1101.86
4746,2026-04-20,1079.8
4746,2026-04-27,1058.96
4746,2026-05-04,1011.16
4746,2026-05-11,986.65
4746,2026-05-18,1030.77
4746,2026-05-25,1056.51
4746,2026-06-01,1035.67
4746,2026-06-08,1029.54
4746,2026-06-15,1041.8
4746,2026-06-22,1088.38
4746,2026-06-29,1121.25
4746,2026-07-06,1185.0
4746,2026-07-13,1195.0
4746,2026-07-20,1206.25
4746,2026-07-27,1255.0
4746,2026-08-03,1650.0
4746,2026-08-10,1625.0
4746,2026-08-17,1667.5
4746,2026-08-24,1710.0
4746,2026-08-31,1780.0
4746,2026-09-07,1787.5
4746,2026-09-14,1812.5
4746,2026-09-21,1885.0
4746,2026-09-28,1968.0
4761,2025-10-06,1279.31
4761,2025-10-13,1258.38
4761,2025-10-20,1271.7
4761,2025-10-27,1275.5
4761,2025-11-03,1175.63
4761,2025-11-10,1196.56
4761,2025-11-17,1156.61
4761,2025-11-24,1193.7
4761,2025-12-01,1170.88
4761,2025-12-08,1174.68
4761,2025-12-15,1169.92
4761,2025-12-22,1212.73
4761,2025-12-29,1201.31
4761,2026-01-05,1258.38
4761,2026-01-12,1300.23
4761,2026-01-19,1262.19
4761,2026-01-26,1159.46
4761,2026-02-02,1169.92
4761,2026-02-09,1174.68
4761,2026-02-16,1181.34
4761,2026-02-23,1224.14
4761,2026-03-02,1238.41
4761,2026-03-09,1216.53
4761,2026-03-16,1275.5
4761,2026-03-23,1267.89
4761,2026-03-30,1289.43
4761,2026-04-06,1258.1
4761,2026-04-13,1299.22
4761,2026-04-20,1266.91
4761,2026-04-27,1272.79
4761,2026-05-04,1276.7
4761,2026-05-11,1329.57
4761,2026-05-18,1345.24
4761,2026-05-25,1364.82
4761,2026-06-01,1368.74
4761,2026-06-08,1335.45
4761,2026-06-15,1339.37
4761,2026-06-22,1351.11
4761,2026-06-29,1409.86
4761,2026-07-06,1441.19
4761,2026-07-13,1407.9
4761,2026-07-20,1434.33
4761,2026-07-27,1477.41
4761,2026-08-03,1386.36
4761,2026-08-10,1409.86
4761,2026-08-17,1403.98
4761,2026-08-24,1428.46
4761,2026-08-31,1403.98
4761,2026-09-07,1400.07
4761,2026-09-14,1450.98
4761,2026-09-21,1456.85
4761,2026-09-28,1468.0
4768,2025-10-06,2889.32
4768,2025-10-13,2876.75
4768,2025-10-20,2988.89
4768,2025-10-27,2948.29
4768,2025-11-03,2919.29
4768,2025-11-10,2899.95
4768,2025-11-17,3008.22
4768,2025-11-24,2984.05
4768,2025-12-01,3052.68
4768,2025-12-08,3198.65
4768,2025-12-15,3195.75
4768,2025-12-22,3170.62
4768,2025-12-29,3167.68
4768,2026-01-05,3132.39
4768,2026-01-12,3160.82
4768,2026-01-19,3158.85
4768,2026-01-26,3001.06
4768,2026-02-02,2952.05
4768,2026-02-09,2962.84
4768,2026-02-16,2979.5
4768,2026-02-23,3086.33
4768,2026-03-02,3005.96
4768,2026-03-09,2892.27
4768,2026-03-16,2876.59
4768,2026-03-23,2954.01
4768,2026-03-30,3014.78
4768,2026-04-06,2922.65
4768,2026-04-13,2987.34
4768,2026-04-20,2911.87
4768,2026-04-27,2797.2
4768,2026-05-04,2977.54
4768,2026-05-11,2845.22
4768,2026-05-18,2826.6
4768,2026-05-25,2831.5
4768,2026-06-01,2899.62
4768,2026-06-08,2794.26
4768,2026-06-15,2711.44
4768,2026-06-22,2708.5
4768,2026-06-29,2853.0
4768,2026-07-06,2893.5
4768,2026-07-13,3015.0
4768,2026-07-20,3026.0
4768,2026-07-27,3274.0
4768,2026-08-03,3443.0
4768,2026-08-10,3536.0
4768,2026-08-17,3478.0
4768,2026-08-24,3652.0
4768,2026-08-31,3654.0
4768,2026-09-07,3528.0
4768,2026-09-14,3646.0
4768,2026-09-21,3662.0
4768,2026-09-28,3675.0
4849,2025-10-06,1587.38
4849,2025-10-13,1492.17
4849,2025-10-20,1551.43
4849,2025-10-27,1512.57
4849,2025-11-03,1465.94
4849,2025-11-10,1328.97
4849,2025-11-17,1398.91
4849,2025-11-24,1469.83
4849,2025-12-01,1399.88
4849,2025-12-08,1419.31
4849,2025-12-15,1485.37
4849,2025-12-22,1501.89
4849,2025-12-29,1497.03
4849,2026-01-05,1505.77
4849,2026-01-12,1486.34
4849,2026-01-19,1470.8
4849,2026-01-26,1394.05
4849,2026-02-02,1392.11
4849,2026-02-09,1202.67
4849,2026-02-16,1170.62
4849,2026-02-23,1205.59
4849,2026-03-02,1157.99
4849,2026-03-09,1157.02
4849,2026-03-16,1090.96
4849,2026-03-23,1113.3
4849,2026-03-30,1150.0
4849,2026-04-06,1143.0
4849,2026-04-13,1134.0
4849,2026-04-20,1101.0
4849,2026-04-27,1093.0
4849,2026-05-04,1112.0
4849,2026-05-11,1177.0
4849,2026-05-18,1272.0
4849,2026-05-25,1247.0
4849,2026-06-01,1217.0
4849,2026-06-08,1183.0
4849,2026-06-15,1163.0
4849,2026-06-22,1099.0
4849,2026-06-29,1152.0
4849,2026-07-06,1216.0
4849,2026-07-13,1262.0
4849,2026-07-20,1257.0
4849,2026-07-27,1283.0
4849,2026-08-03,1352.0
4849,2026-08-10,1495.0
4849,2026-08-17,1594.0
4849,2026-08-24,1668.0
4849,2026-08-31,1639.0
4849,2026-09-07,1603.0
4849,2026-09-14,1731.0
4849,2026-09-21,1727.0
4849,2026-09-28,1755.0
4967,2025-10-06,5125.76
4967,2025-10-13,5058.08
4967,2025-10-20,5148.32
4967,2025-10-27,5026.7
4967,2025-11-03,5221.88
4967,2025-11-10,5344.48
4967,2025-11-17,5265.04
4967,2025-11-24,5119.88
4967,2025-12-01,5126.74
4967,2025-12-08,5147.34
4967,2025-12-15,5159.11
4967,2025-12-22,5251.31
4967,2025-12-29,5384.23
4967,2026-01-05,5443.74
4967,2026-01-12,5376.29
4967,2026-01-19,5464.57
4967,2026-01-26,5363.4
4967,2026-02-02,5254.28
4967,2026-02-09,5461.6
4967,2026-02-16,5589.56
4967,2026-02-23,5782.98
4967,2026-03-02,5568.73
4967,2026-03-09,5591.54
4967,2026-03-16,5546.9
4967,2026-03-23,5808.77
4967,2026-03-30,6024.02
4967,2026-04-06,5863.33
4967,2026-04-13,5877.22
4967,2026-04-20,5701.65
4967,2026-04-27,5760.17
4967,2026-05-04,5857.38
4967,2026-05-11,5774.06
4967,2026-05-18,5807.78
4967,2026-05-25,5804.81
4967,2026-06-01,5532.02
4967,2026-06-08,5476.48
4967,2026-06-15,5257.26
4967,2026-06-22,5535.0
4967,2026-06-29,5579.0
4967,2026-07-06,5545.0
4967,2026-07-13,5527.0
4967,2026-07-20,5439.0
4967,2026-07-27,5588.0
4967,2026-08-03,5473.0
4967,2026-08-10,5566.0
4967,2026-08-17,5634.0
4967,2026-08-24,5690.0
4967,2026-08-31,5695.0
4967,2026-09-07,5768.0
4967,2026-09-14,5860.0
4967,2026-09-21,6885.0
4967,2026-09-28,7107.0
4972,2025-10-06,2032.58
4972,2025-10-13,2071.67
4972,2025-10-20,2188.94
4972,2025-10-27,2335.52
4972,2025-11-03,2366.79
4972,2025-11-10,2383.4
4972,2025-11-17,2444.96
4972,2025-11-24,2565.16
4972,2025-12-01,2519.23
4972,2025-12-08,2623.79
4972,2025-12-15,2565.16
4972,2025-12-22,2565.16
4972,2025-12-29,2578.84
4972,2026-01-05,2640.4
4972,2026-01-12,2681.45
4972,2026-01-19,2716.63
4972,2026-01-26,2754.74
4972,2026-02-02,2891.55
4972,2026-02-09,2891.55
4972,2026-02-16,3092.85
4972,2026-02-23,3215.0
4972,2026-03-02,3200.34
4972,2026-03-09,3180.8
4972,2026-03-16,3171.03
4972,2026-03-23,3215.0
4972,2026-03-30,3385.0
4972,2026-04-06,3515.0
4972,2026-04-13,3340.0
4972,2026-04-20,3395.0
4972,2026-04-27,3280.0
4972,2026-05-04,3330.0
4972,2026-05-11,3355.0
4972,2026-05-18,3405.0
4972,2026-05-25,3445.0
4972,2026-06-01,3505.0
4972,2026-06-08,3500.0
4972,2026-06-15,3370.0
4972,2026-06-22,3205.0
4972,2026-06-29,3545.0
4972,2026-07-06,3515.0
4972,2026-07-13,3330.0
4972,2026-07-20,3795.0
4972,2026-07-27,3090.0
4972,2026-08-03,3345.0
4972,2026-08-10,3345.0
4972,2026-08-17,3345.0
4972,2026-08-24,3660.0
4972,2026-08-31,4040.0
4972,2026-09-07,3755.0
4972,2026-09-14,4095.0
4972,2026-09-21,4195.0
4972,2026-09-28,4435.0
5033,2025-10-06,807.0
5033,2025-10-13,815.0
5033,2025-10-20,809.0
5033,2025-10-27,771.0
5033,2025-11-03,757.0
5033,2025-11-10,817.0
5033,2025-11-17,765.0
5033,2025-11-24,783.0
5033,2025-12-01,804.0
5033,2025-12-08,794.0
5033,2025-12-15,765.0
5033,2025-12-22,750.0
5033,2025-12-29,741.0
5033,2026-01-05,760.0
5033,2026-01-12,751.0
5033,2026-01-19,760.0
5033,2026-01-26,733.0
5033,2026-02-02,728.0
5033,2026-02-09,743.0
5033,2026-02-16,746.0
5033,2026-02-23,760.0
5033,2026-03-02,750.0
5033,2026-03-09,740.0
5033,2026-03-16,749.0
5033,2026-03-23,690.0
5033,2026-03-30,754.0
5033,2026-04-06,747.0
5033,2026-04-13,759.0
5033,2026-04-20,739.0
5033,2026-04-27,748.0
5033,2026-05-04,761.0
5033,2026-05-11,676.0
5033,2026-05-18,719.0
5033,2026-05-25,722.0
5033,2026-06-01,770.0
5033,2026-06-08,713.0
5033,2026-06-15,821.0
5033,2026-06-22,898.0
5033,2026-06-29,890.0
5033,2026-07-06,899.0
5033,2026-07-13,930.0
5033,2026-07-20,884.0
5033,2026-07-27,849.0
5033,2026-08-03,815.0
5033,2026-08-10,859.0
5033,2026-08-17,858.0
5033,2026-08-24,953.0
5033,2026-08-31,1172.0
5033,2026-09-07,1175.0
5033,2026-09-14,1255.0
5033,2026-09-21,1213.0
5033,2026-09-28,1238.0
5121,2025-10-06,1865.03
5121,2025-10-13,1865.03
5121,2025-10-20,1962.83
5121,2025-10-27,1873.74
5121,2025-11-03,1862.12
5121,2025-11-10,1794.34
5121,2025-11-17,1718.81
5121,2025-11-24,1830.17
5121,2025-12-01,1894.08
5121,2025-12-08,1868.9
5121,2025-12-15,1841.79
5121,2025-12-22,1962.83
5121,2025-12-29,1990.91
5121,2026-01-05,1993.82
5121,2026-01-12,2144.88
5121,2026-01-19,2159.41
5121,2026-01-26,2195.23
5121,2026-02-02,2328.87
5121,2026-02-09,2454.75
5121,2026-02-16,2522.53
5121,2026-02-23,2631.96
5121,2026-03-02,2662.94
5121,2026-03-09,2456.69
5121,2026-03-16,2420.86
5121,2026-03-23,2378.25
5121,2026-03-30,2541.86
5121,2026-04-06,2573.4
5121,2026-04-13,2464.0
5121,2026-04-20,2458.08
5121,2026-04-27,2482.73
5121,2026-05-04,2552.7
5121,2026-05-11,2508.35
5121,2026-05-18,2381.21
5121,2026-05-25,2438.37
5121,2026-06-01,2506.38
5121,2026-06-08,2513.28
5121,2026-06-15,2629.58
5121,2026-06-22,2557.63
5121,2026-06-29,2547.77
5121,2026-07-06,2546.79
5121,2026-07-13,2430.49
5121,2026-07-20,2448.23
5121,2026-07-27,2467.94
5121,2026-08-03,2748.84
5121,2026-08-10,2724.2
5121,2026-08-17,2705.47
5121,2026-08-24,2654.22
5121,2026-08-31,2629.58
5121,2026-09-07,2621.69
5121,2026-09-14,2792.2
5121,2026-09-21,2956.8
5121,2026-09-28,2975.0
5136,2025-10-06,1885.0
5136,2025-10-13,1759.0
5136,2025-10-20,1775.0
5136,2025-10-27,1700.0
5136,2025-11-03,1627.0
5136,2025-11-10,1757.0
5136,2025-11-17,1633.0
5136,2025-11-24,1642.0
5136,2025-12-01,1600.0
5136,2025-12-08,1697.0
5136,2025-12-15,1934.0
5136,2025-12-22,1874.0
5136,2025-12-29,1814.0
5136,2026-01-05,1894.0
5136,2026-01-12,1947.0
5136,2026-01-19,1900.0
5136,2026-01-26,1750.0
5136,2026-02-02,1659.0
5136,2026-02-09,1582.0
5136,2026-02-16,1574.0
5136,2026-02-23,1552.0
5136,2026-03-02,1358.0
5136,2026-03-09,1376.0
5136,2026-03-16,1534.0
5136,2026-03-23,1565.0
5136,2026-03-30,1573.0
5136,2026-04-06,1673.0
5136,2026-04-13,1560.0
5136,2026-04-20,1371.0
5136,2026-04-27,1405.0
5136,2026-05-04,1471.0
5136,2026-05-11,1415.0
5136,2026-05-18,1572.0
5136,2026-05-25,1487.0
5136,2026-06-01,1456.0
5136,2026-06-08,1394.0
5136,2026-06-15,1692.0
5136,2026-06-22,1653.0
5136,2026-06-29,1961.0
5136,2026-07-06,1924.0
5136,2026-07-13,1761.0
5136,2026-07-20,1646.0
5136,2026-07-27,1774.0
5136,2026-08-03,1778.0
5136,2026-08-10,1788.0
5136,2026-08-17,1987.0
5136,2026-08-24,2028.0
5136,2026-08-31,1997.0
5136,2026-09-07,2025.0
5136,2026-09-14,2336.0
5136,2026-09-21,2410.0
5136,2026-09-28,2394.0
5195,2025-10-06,1811.78
5195,2025-10-13,1835.36
5195,2025-10-20,1892.89
5195,2025-10-27,1827.81
5195,2025-11-03,1860.82
5195,2025-11-10,1843.85
5195,2025-11-17,1857.99
5195,2025-11-24,1947.59
5195,2025-12-01,1874.97
5195,2025-12-08,1888.17
5195,2025-12-15,1903.27
5195,2025-12-22,1922.13
5195,2025-12-29,1931.56
5195,2026-01-05,1963.63
5195,2026-01-12,2020.22
5195,2026-01-19,1997.58
5195,2026-01-26,1908.92
5195,2026-02-02,1958.91
5195,2026-02-09,2186.21
5195,2026-02-16,2195.64
5195,2026-02-23,2252.23
5195,2026-03-02,2071.15
5195,2026-03-09,1949.48
5195,2026-03-16,1959.85
5195,2026-03-23,1997.58
5195,2026-03-30,2045.61
5195,2026-04-06,2106.38
5195,2026-04-13,2103.44
5195,2026-04-20,1984.84
5195,2026-04-27,1982.88
5195,2026-05-04,1998.56
5195,2026-05-11,2165.19
5195,2026-05-18,2196.55
5195,2026-05-25,2197.53
5195,2026-06-01,2156.37
5195,2026-06-08,2136.76
5195,2026-06-15,2196.55
5195,2026-06-22,2176.95
5195,2026-06-29,2186.75
5195,2026-07-06,2195.57
5195,2026-07-13,2181.85
5195,2026-07-20,2263.2
5195,2026-07-27,2374.94
5195,2026-08-03,2427.87
5195,2026-08-10,2427.87
5195,2026-08-17,2364.16
5195,2026-08-24,2443.56
5195,2026-08-31,2416.11
5195,2026-09-07,2401.41
5195,2026-09-14,2405.33
5195,2026-09-21,2476.88
5195,2026-09-28,2450.0
5243,2025-10-06,1500.0
5243,2025-10-13,1409.0
5243,2025-10-20,1456.0
5243,2025-10-27,1298.0
5243,2025-11-03,1527.0
5243,2025-11-10,1422.0
5243,2025-11-17,1420.0
5243,2025-11-24,1662.0
5243,2025-12-01,1521.0
5243,2025-12-08,1454.0
5243,2025-12-15,1581.0
5243,2025-12-22,1598.0
5243,2025-12-29,1632.0
5243,2026-01-05,1950.0
5243,2026-01-12,2531.0
5243,2026-01-19,2971.0
5243,2026-01-26,2658.0
5243,2026-02-02,2779.0
5243,2026-02-09,2233.0
5243,2026-02-16,2160.0
5243,2026-02-23,2216.0
5243,2026-03-02,2135.0
5243,2026-03-09,2510.0
5243,2026-03-16,2188.0
5243,2026-03-23,2519.0
5243,2026-03-30,2541.0
5243,2026-04-06,2703.0
5243,2026-04-13,2608.0
5243,2026-04-20,2449.0
5243,2026-04-27,2363.0
5243,2026-05-04,2150.0
5243,2026-05-11,2255.0
5243,2026-05-18,2248.0
5243,2026-05-25,2070.0
5243,2026-06-01,1848.0
5243,2026-06-08,1655.0
5243,2026-06-15,1760.0
5243,2026-06-22,1745.0
5243,2026-06-29,2075.0
5243,2026-07-06,2258.0
5243,2026-07-13,2050.0
5243,2026-07-20,2025.0
5243,2026-07-27,2129.0
5243,2026-08-03,2274.0
5243,2026-08-10,2560.0
5243,2026-08-17,2550.0
5243,2026-08-24,3085.0
5243,2026-08-31,2970.0
5243,2026-09-07,2812.0
5243,2026-09-14,3135.0
5243,2026-09-21,3055.0
5243,2026-09-28,4100.0
5252,2025-10-06,531.09
5252,2025-10-13,481.64
5252,2025-10-20,502.41
5252,2025-10-27,488.57
5252,2025-11-03,493.51
5252,2025-11-10,500.43
5252,2025-11-17,483.62
5252,2025-11-24,494.5
5252,2025-12-01,475.71
5252,2025-12-08,529.11
5252,2025-12-15,590.43
5252,2025-12-22,593.4
5252,2025-12-29,607.25
5252,2026-01-05,589.44
5252,2026-01-12,589.44
5252,2026-01-19,605.27
5252,2026-01-26,637.9
5252,2026-02-02,690.32
5252,2026-02-09,739.77
5252,2026-02-16,858.45
5252,2026-02-23,899.99
5252,2026-03-02,894.05
5252,2026-03-09,928.67
5252,2026-03-16,906.91
5252,2026-03-23,899.0
5252,2026-03-30,765.0
5252,2026-04-06,777.0
5252,2026-04-13,772.0
5252,2026-04-20,785.0
5252,2026-04-27,800.0
5252,2026-05-04,785.0
5252,2026-05-11,777.0
5252,2026-05-18,780.0
5252,2026-05-25,779.0
5252,2026-06-01,770.0
5252,2026-06-08,763.0
5252,2026-06-15,698.0
5252,2026-06-22,749.0
5252,2026-06-29,815.0
5252,2026-07-06,710.0
5252,2026-07-13,746.0
5252,2026-07-20,790.0
5252,2026-07-27,810.0
5252,2026-08-03,830.0
5252,2026-08-10,826.0
5252,2026-08-17,789.0
5252,2026-08-24,757.0
5252,2026-08-31,745.0
5252,2026-09-07,892.0
5252,2026-09-14,1019.0
5252,2026-09-21,1024.0
5252,2026-09-28,970.0
5301,2025-10-06,1081.48
5301,2025-10-13,1036.7
5301,2025-10-20,1084.4
5301,2025-10-27,1006.04
5301,2025-11-03,962.62
5301,2025-11-10,1007.01
5301,2025-11-17,963.89
5301,2025-11-24,1000.68
5301,2025-12-01,972.74
5301,2025-12-08,958.14
5301,2025-12-15,936.73
5301,2025-12-22,961.74
5301,2025-12-29,957.99
5301,2026-01-05,996.34
5301,2026-01-12,1057.13
5301,2026-01-19,1041.31
5301,2026-01-26,1054.66
5301,2026-02-02,1093.7
5301,2026-02-09,1011.66
5301,2026-02-16,1029.95
5301,2026-02-23,1100.62
5301,2026-03-02,1002.27
5301,2026-03-09,948.6
5301,2026-03-16,908.07
5301,2026-03-23,952.06
5301,2026-03-30,985.37
5301,2026-04-06,989.42
5301,2026-04-13,1024.02
5301,2026-04-20,1041.31
5301,2026-04-27,1132.25
5301,2026-05-04,1176.23
5301,2026-05-11,1512.3
5301,2026-05-18,1608.18
5301,2026-05-25,1759.41
5301,2026-06-01,1877.53
5301,2026-06-08,1795.98
5301,2026-06-15,1730.75
5301,2026-06-22,1709.0
5301,2026-06-29,1758.5
5301,2026-07-06,1671.5
5301,2026-07-13,1615.5
5301,2026-07-20,1632.0
5301,2026-07-27,1537.5
5301,2026-08-03,1734.0
5301,2026-08-10,1797.0
5301,2026-08-17,1685.0
5301,2026-08-24,1681.5
5301,2026-08-31,1819.5
5301,2026-09-07,1987.5
5301,2026-09-14,2127.5
5301,2026-09-21,2289.5
5301,2026-09-28,2318.0
5337,2025-10-06,561.0
5337,2025-10-13,564.0
5337,2025-10-20,541.0
5337,2025-10-27,523.0
5337,2025-11-03,503.0
5337,2025-11-10,503.0
5337,2025-11-17,516.0
5337,2025-11-24,505.0
5337,2025-12-01,511.0
5337,2025-12-08,582.0
5337,2025-12-15,516.0
5337,2025-12-22,502.0
5337,2025-12-29,506.0
5337,2026-01-05,543.0
5337,2026-01-12,529.0
5337,2026-01-19,537.0
5337,2026-01-26,528.0
5337,2026-02-02,623.0
5337,2026-02-09,620.0
5337,2026-02-16,649.0
5337,2026-02-23,661.0
5337,2026-03-02,639.0
5337,2026-03-09,604.0
5337,2026-03-16,622.0
5337,2026-03-23,593.0
5337,2026-03-30,604.0
5337,2026-04-06,625.0
5337,2026-04-13,696.0
5337,2026-04-20,870.0
5337,2026-04-27,805.0
5337,2026-05-04,823.0
5337,2026-05-11,790.0
5337,2026-05-18,797.0
5337,2026-05-25,840.0
5337,2026-06-01,780.0
5337,2026-06-08,827.0
5337,2026-06-15,792.0
5337,2026-06-22,811.0
5337,2026-06-29,876.0
5337,2026-07-06,870.0
5337,2026-07-13,816.0
5337,2026-07-20,896.0
5337,2026-07-27,763.0
5337,2026-08-03,830.0
5337,2026-08-10,833.0
5337,2026-08-17,828.0
5337,2026-08-24,836.0
5337,2026-08-31,833.0
5337,2026-09-07,827.0
5337,2026-09-14,854.0
5337,2026-09-21,858.0
5337,2026-09-28,919.0
5363,2025-10-06,492.12
5363,2025-10-13,510.35
5363,2025-10-20,523.78
5363,2025-10-27,530.49
5363,2025-11-03,533.37
5363,2025-11-10,541.04
5363,2025-11-17,535.29
5363,2025-11-24,534.33
5363,2025-12-01,529.53
5363,2025-12-08,532.41
5363,2025-12-15,544.88
5363,2025-12-22,560.23
5363,2025-12-29,564.07
5363,2026-01-05,601.48
5363,2026-01-12,605.32
5363,2026-01-19,624.5
5363,2026-01-26,591.89
5363,2026-02-02,563.11
5363,2026-02-09,584.21
5363,2026-02-16,578.46
5363,2026-02-23,608.19
5363,2026-03-02,588.05
5363,2026-03-09,560.23
5363,2026-03-16,549.68
5363,2026-03-23,544.88
5363,2026-03-30,554.75
5363,2026-04-06,561.66
5363,2026-04-13,554.75
5363,2026-04-20,595.22
5363,2026-04-27,586.34
5363,2026-05-04,582.39
5363,2026-05-11,610.03
5363,2026-05-18,648.53
5363,2026-05-25,705.78
5363,2026-06-01,709.73
5363,2026-06-08,681.1
5363,2026-06-15,681.1
5363,2026-06-22,665.31
5363,2026-06-29,662.34
5363,2026-07-06,676.16
5363,2026-07-13,678.14
5363,2026-07-20,683.07
5363,2026-07-27,685.05
5363,2026-08-03,693.93
5363,2026-08-10,696.89
5363,2026-08-17,685.05
5363,2026-08-24,683.07
5363,2026-08-31,673.2
5363,2026-09-07,660.37
5363,2026-09-14,684.06
5363,2026-09-21,715.65
5363,2026-09-28,719.0
5542,2025-10-06,771.08
5542,2025-10-13,743.99
5542,2025-10-20,779.79
5542,2025-10-27,773.02
5542,2025-11-03,716.9
5542,2025-11-10,721.74
5542,2025-11-17,711.1
5542,2025-11-24,713.03
5542,2025-12-01,715.94
5542,2025-12-08,702.39
5542,2025-12-15,703.36
5542,2025-12-22,703.36
5542,2025-12-29,715.21
5542,2026-01-05,725.09
5542,2026-01-12,768.56
5542,2026-01-19,759.67
5542,2026-01-26,758.68
5542,2026-02-02,743.86
5542,2026-02-09,768.56
5542,2026-02-16,805.11
5542,2026-02-23,850.55
5542,2026-03-02,789.3
5542,2026-03-09,795.23
5542,2026-03-16,807.08
5542,2026-03-23,789.3
5542,2026-03-30,793.25
5542,2026-04-06,812.02
5542,2026-04-13,812.02
5542,2026-04-20,816.96
5542,2026-04-27,842.65
5542,2026-05-04,843.64
5542,2026-05-11,794.24
5542,2026-05-18,806.1
5542,2026-05-25,839.68
5542,2026-06-01,814.99
5542,2026-06-08,801.16
5542,2026-06-15,816.96
5542,2026-06-22,814.0
5542,2026-06-29,809.0
5542,2026-07-06,806.0
5542,2026-07-13,800.0
5542,2026-07-20,797.0
5542,2026-07-27,785.0
5542,2026-08-03,844.0
5542,2026-08-10,960.0
5542,2026-08-17,950.0
5542,2026-08-24,943.0
5542,2026-08-31,947.0
5542,2026-09-07,896.0
5542,2026-09-14,1236.0
5542,2026-09-21,1121.0
5542,2026-09-28,1287.0
558A,2026-04-20,3245.0
558A,2026-04-27,3290.0
558A,2026-05-04,3340.0
558A,2026-05-11,3805.0
558A,2026-05-18,4340.0
558A,2026-05-25,5270.0
558A,2026-06-01,4805.0
558A,2026-06-08,4440.0
558A,2026-06-15,4080.0
558A,2026-06-22,4435.0
558A,2026-06-29,4540.0
558A,2026-07-06,4415.0
558A,2026-07-13,4485.0
558A,2026-07-20,4350.0
558A,2026-07-27,4400.0
558A,2026-08-03,4510.0
558A,2026-08-10,5040.0
558A,2026-08-17,5570.0
558A,2026-08-24,5950.0
558A,2026-08-31,5880.0
558A,2026-09-07,5670.0
558A,2026-09-14,5780.0
558A,2026-09-21,6150.0
558A,2026-09-28,6140.0
5632,2025-10-06,1741.76
5632,2025-10-13,1856.8
5632,2025-10-20,1855.84
5632,2025-10-27,1800.24
5632,2025-11-03,1629.61
5632,2025-11-10,1686.17
5632,2025-11-17,1674.66
5632,2025-11-24,1755.18
5632,2025-12-01,1671.79
5632,2025-12-08,1706.3
5632,2025-12-15,1663.16
5632,2025-12-22,1746.56
5632,2025-12-29,1799.28
5632,2026-01-05,1849.13
5632,2026-01-12,1928.69
5632,2026-01-19,1879.8
5632,2026-01-26,1800.24
5632,2026-02-02,1817.49
5632,2026-02-09,1842.42
5632,2026-02-16,1940.19
5632,2026-02-23,2036.05
5632,2026-03-02,1834.75
5632,2026-03-09,1762.85
5632,2026-03-16,1758.06
5632,2026-03-23,1806.95
5632,2026-03-30,1778.53
5632,2026-04-06,1755.01
5632,2026-04-13,1785.39
5632,2026-04-20,1753.05
5632,2026-04-27,1775.59
5632,2026-05-04,1798.13
5632,2026-05-11,2125.42
5632,2026-05-18,2100.92
5632,2026-05-25,2113.66
5632,2026-06-01,2106.8
5632,2026-06-08,2096.02
5632,2026-06-15,2284.16
5632,2026-06-22,2133.26
5632,2026-06-29,2163.64
5632,2026-07-06,2064.66
5632,2026-07-13,2058.79
5632,2026-07-20,2133.26
5632,2026-07-27,2136.2
5632,2026-08-03,2239.09
5632,2026-08-10,2382.15
5632,2026-08-17,2390.97
5632,2026-08-24,2398.81
5632,2026-08-31,2275.34
5632,2026-09-07,2262.61
5632,2026-09-14,2509.54
5632,2026-09-21,2540.9
5632,2026-09-28,2395.0
5832,2025-10-06,2034.27
5832,2025-10-13,1998.92
5832,2025-10-20,2051.71
5832,2025-10-27,2082.71
5832,2025-11-03,2103.54
5832,2025-11-10,2151.97
5832,2025-11-17,2158.75
5832,2025-11-24,2259.98
5832,2025-12-01,2233.83
5832,2025-12-08,2290.5
5832,2025-12-15,2385.43
5832,2025-12-22,2370.9
5832,2025-12-29,2393.18
5832,2026-01-05,2538.48
5832,2026-01-12,2677.49
5832,2026-01-19,2716.72
5832,2026-01-26,2701.23
5832,2026-02-02,3112.44
5832,2026-02-09,3320.71
5832,2026-02-16,3243.21
5832,2026-02-23,3111.47
5832,2026-03-02,2863.0
5832,2026-03-09,2744.33
5832,2026-03-16,2739.97
5832,2026-03-23,2830.06
5832,2026-03-30,2944.51
5832,2026-04-06,3044.65
5832,2026-04-13,2968.68
5832,2026-04-20,2757.05
5832,2026-04-27,2807.37
5832,2026-05-04,2832.04
5832,2026-05-11,2992.36
5832,2026-05-18,3061.42
5832,2026-05-25,2947.47
5832,2026-06-01,2939.08
5832,2026-06-08,3057.47
5832,2026-06-15,2996.3
5832,2026-06-22,3048.59
5832,2026-06-29,3181.79
5832,2026-07-06,3191.65
5832,2026-07-13,3080.17
5832,2026-07-20,3364.31
5832,2026-07-27,3278.47
5832,2026-08-03,3339.64
5832,2026-08-10,3470.86
5832,2026-08-17,3365.29
5832,2026-08-24,3502.43
5832,2026-08-31,3486.64
5832,2026-09-07,3460.99
5832,2026-09-14,3603.06
5832,2026-09-21,3743.16
5832,2026-09-28,3711.0
5942,2025-10-06,525.01
5942,2025-10-13,524.06
5942,2025-10-20,530.72
5942,2025-10-27,525.01
5942,2025-11-03,519.3
5942,2025-11-10,524.06
5942,2025-11-17,524.06
5942,2025-11-24,517.4
5942,2025-12-01,506.66
5942,2025-12-08,513.5
5942,2025-12-15,516.43
5942,2025-12-22,528.14
5942,2025-12-29,532.05
5942,2026-01-05,542.78
5942,2026-01-12,565.24
5942,2026-01-19,555.48
5942,2026-01-26,541.81
5942,2026-02-02,550.59
5942,2026-02-09,552.55
5942,2026-02-16,557.43
5942,2026-02-23,561.33
5942,2026-03-02,566.21
5942,2026-03-09,560.36
5942,2026-03-16,562.31
5942,2026-03-23,584.76
5942,2026-03-30,614.05
5942,2026-04-06,607.22
5942,2026-04-13,604.29
5942,2026-04-20,597.45
5942,2026-04-27,607.22
5942,2026-05-04,599.41
5942,2026-05-11,587.69
5942,2026-05-18,572.07
5942,2026-05-25,570.0
5942,2026-06-01,573.0
5942,2026-06-08,562.0
5942,2026-06-15,597.0
5942,2026-06-22,599.0
5942,2026-06-29,658.0
5942,2026-07-06,663.0
5942,2026-07-13,637.0
5942,2026-07-20,639.0
5942,2026-07-27,647.0
5942,2026-08-03,649.0
5942,2026-08-10,651.0
5942,2026-08-17,644.0
5942,2026-08-24,645.0
5942,2026-08-31,637.0
5942,2026-09-07,630.0
5942,2026-09-14,641.0
5942,2026-09-21,668.0
5942,2026-09-28,746.0
5962,2025-10-06,1625.07
5962,2025-10-13,1605.95
5962,2025-10-20,1756.04
5962,2025-10-27,1815.3
5962,2025-11-03,1740.74
5962,2025-11-10,1749.34
5962,2025-11-17,1782.8
5962,2025-11-24,1781.85
5962,2025-12-01,1768.46
5962,2025-12-08,1769.42
5962,2025-12-15,1701.55
5962,2025-12-22,1701.55
5962,2025-12-29,1690.08
5962,2026-01-05,1678.61
5962,2026-01-12,1687.21
5962,2026-01-19,1713.97
5962,2026-01-26,1691.99
5962,2026-02-02,1696.77
5962,2026-02-09,1880.31
5962,2026-02-16,1958.69
5962,2026-02-23,1978.77
5962,2026-03-02,1975.9
5962,2026-03-09,1910.9
5962,2026-03-16,1969.21
5962,2026-03-23,1952.0
5962,2026-03-30,2021.0
5962,2026-04-06,2000.0
5962,2026-04-13,2005.0
5962,2026-04-20,1996.0
5962,2026-04-27,1869.0
5962,2026-05-04,1894.0
5962,2026-05-11,1750.0
5962,2026-05-18,1720.0
5962,2026-05-25,1758.0
5962,2026-06-01,1667.0
5962,2026-06-08,1663.0
5962,2026-06-15,1915.0
5962,2026-06-22,1884.0
5962,2026-06-29,2050.0
5962,2026-07-06,1987.0
5962,2026-07-13,1959.0
5962,2026-07-20,1950.0
5962,2026-07-27,2005.0
5962,2026-08-03,1966.0
5962,2026-08-10,1990.0
5962,2026-08-17,1995.0
5962,2026-08-24,2013.0
5962,2026-08-31,2138.0
5962,2026-09-07,2075.0
5962,2026-09-14,2076.0
5962,2026-09-21,2130.0
5962,2026-09-28,2160.0
5966,2025-10-06,2356.96
5966,2025-10-13,2323.08
5966,2025-10-20,2404.39
5966,2025-10-27,2361.8
5966,2025-11-03,2360.83
5966,2025-11-10,2352.12
5966,2025-11-17,2368.58
5966,2025-11-24,2381.16
5966,2025-12-01,2395.68
5966,2025-12-08,2473.11
5966,2025-12-15,2386.0
5966,2025-12-22,2395.68
5966,2025-12-29,2421.81
5966,2026-01-05,2416.01
5966,2026-01-12,2419.88
5966,2026-01-19,2398.58
5966,2026-01-26,2419.88
5966,2026-02-02,2416.97
5966,2026-02-09,2502.15
5966,2026-02-16,2444.08
5966,2026-02-23,2492.47
5966,2026-03-02,2448.92
5966,2026-03-09,2438.27
5966,2026-03-16,2439.24
5966,2026-03-23,2384.06
5966,2026-03-30,2386.04
5966,2026-04-06,2430.4
5966,2026-04-13,2386.04
5966,2026-04-20,2385.05
5966,2026-04-27,2428.43
5966,2026-05-04,2425.47
5966,2026-05-11,2463.93
5966,2026-05-18,2415.61
5966,2026-05-25,2415.61
5966,2026-06-01,2367.3
5966,2026-06-08,2415.61
5966,2026-06-15,2457.02
5966,2026-06-22,2504.35
5966,2026-06-29,2447.16
5966,2026-07-06,2465.9
5966,2026-07-13,2562.52
5966,2026-07-20,2564.49
5966,2026-07-27,2474.77
5966,2026-08-03,2611.82
5966,2026-08-10,2583.23
5966,2026-08-17,2529.0
5966,2026-08-24,2622.67
5966,2026-08-31,2599.0
5966,2026-09-07,2667.04
5966,2026-09-14,2662.11
5966,2026-09-21,2690.7
5966,2026-09-28,2760.0
5971,2025-10-06,6582.06
5971,2025-10-13,6898.79
5971,2025-10-20,6839.4
5971,2025-10-27,7037.36
5971,2025-11-03,6671.14
5971,2025-11-10,6908.68
5971,2025-11-17,6908.68
5971,2025-11-24,6878.99
5971,2025-12-01,6878.99
5971,2025-12-08,6908.68
5971,2025-12-15,7324.39
5971,2025-12-22,7433.27
5971,2025-12-29,7522.35
5971,2026-01-05,7344.19
5971,2026-01-12,7076.95
5971,2026-01-19,7076.95
5971,2026-01-26,7096.74
5971,2026-02-02,7146.23
5971,2026-02-09,7265.01
5971,2026-02-16,7373.88
5971,2026-02-23,7581.74
5971,2026-03-02,7324.39
5971,2026-03-09,7393.68
5971,2026-03-16,7641.12
5971,2026-03-23,7601.53
5971,2026-03-30,7789.59
5971,2026-04-06,7680.71
5971,2026-04-13,7730.2
5971,2026-04-20,7730.2
5971,2026-04-27,7270.0
5971,2026-05-04,7350.0
5971,2026-05-11,7100.0
5971,2026-05-18,7010.0
5971,2026-05-25,6950.0
5971,2026-06-01,6950.0
5971,2026-06-08,7010.0
5971,2026-06-15,7550.0
5971,2026-06-22,8080.0
5971,2026-06-29,8190.0
5971,2026-07-06,8060.0
5971,2026-07-13,8120.0
5971,2026-07-20,8120.0
5971,2026-07-27,8290.0
5971,2026-08-03,8040.0
5971,2026-08-10,8160.0
5971,2026-08-17,7820.0
5971,2026-08-24,8600.0
5971,2026-08-31,8250.0
5971,2026-09-07,8410.0
5971,2026-09-14,8700.0
5971,2026-09-21,8630.0
5971,2026-09-28,9100.0
5985,2025-10-06,1015.34
5985,2025-10-13,962.31
5985,2025-10-20,1053.64
5985,2025-10-27,993.74
5985,2025-11-03,1031.05
5985,2025-11-10,1043.82
5985,2025-11-17,1145.94
5985,2025-11-24,1135.14
5985,2025-12-01,1056.58
5985,2025-12-08,972.13
5985,2025-12-15,905.36
5985,2025-12-22,885.72
5985,2025-12-29,905.36
5985,2026-01-05,933.84
5985,2026-01-12,1026.14
5985,2026-01-19,971.15
5985,2026-01-26,936.78
5985,2026-02-02,981.95
5985,2026-02-09,1179.33
5985,2026-02-16,1121.39
5985,2026-02-23,1191.11
5985,2026-03-02,1602.55
5985,2026-03-09,2079.78
5985,2026-03-16,1947.21
5985,2026-03-23,1487.66
5985,2026-03-30,1430.14
5985,2026-04-06,1417.24
5985,2026-04-13,1631.47
5985,2026-04-20,1586.84
5985,2026-04-27,1703.87
5985,2026-05-04,2106.53
5985,2026-05-11,1605.68
5985,2026-05-18,1826.85
5985,2026-05-25,1690.97
5985,2026-06-01,1687.01
5985,2026-06-08,1369.64
5985,2026-06-15,1997.43
5985,2026-06-22,1785.19
5985,2026-06-29,1641.38
5985,2026-07-06,1556.09
5985,2026-07-13,1219.88
5985,2026-07-20,1237.73
5985,2026-07-27,1264.51
5985,2026-08-03,1438.07
5985,2026-08-10,2120.41
5985,2026-08-17,2479.43
5985,2026-08-24,2170.0
5985,2026-08-31,2016.27
5985,2026-09-07,2102.56
5985,2026-09-14,2300.91
5985,2026-09-21,2424.88
5985,2026-09-28,2484.0
5986,2025-10-06,192.55
5986,2025-10-13,189.7
5986,2025-10-20,192.55
5986,2025-10-27,191.6
5986,2025-11-03,194.44
5986,2025-11-10,186.85
5986,2025-11-17,184.96
5986,2025-11-24,184.01
5986,2025-12-01,183.06
5986,2025-12-08,180.21
5986,2025-12-15,177.37
5986,2025-12-22,179.27
5986,2025-12-29,181.16
5986,2026-01-05,188.75
5986,2026-01-12,189.7
5986,2026-01-19,188.75
5986,2026-01-26,186.85
5986,2026-02-02,193.49
5986,2026-02-09,211.52
5986,2026-02-16,225.74
5986,2026-02-23,223.85
5986,2026-03-02,220.05
5986,2026-03-09,214.36
5986,2026-03-16,216.26
5986,2026-03-23,221.0
5986,2026-03-30,226.0
5986,2026-04-06,231.0
5986,2026-04-13,231.0
5986,2026-04-20,230.0
5986,2026-04-27,227.0
5986,2026-05-04,230.0
5986,2026-05-11,235.0
5986,2026-05-18,232.0
5986,2026-05-25,245.0
5986,2026-06-01,233.0
5986,2026-06-08,226.0
5986,2026-06-15,232.0
5986,2026-06-22,227.0
5986,2026-06-29,234.0
5986,2026-07-06,235.0
5986,2026-07-13,236.0
5986,2026-07-20,240.0
5986,2026-07-27,249.0
5986,2026-08-03,250.0
5986,2026-08-10,254.0
5986,2026-08-17,257.0
5986,2026-08-24,258.0
5986,2026-08-31,257.0
5986,2026-09-07,258.0
5986,2026-09-14,261.0
5986,2026-09-21,263.0
5986,2026-09-28,289.0
6091,2025-10-06,827.4
6091,2025-10-13,808.07
6091,2025-10-20,820.64
6091,2025-10-27,787.77
6091,2025-11-03,811.94
6091,2025-11-10,850.6
6091,2025-11-17,809.04
6091,2025-11-24,813.87
6091,2025-12-01,783.91
6091,2025-12-08,815.8
6091,2025-12-15,807.1
6091,2025-12-22,816.77
6091,2025-12-29,810.97
6091,2026-01-05,835.14
6091,2026-01-12,834.17
6091,2026-01-19,816.77
6091,2026-01-26,804.2
6091,2026-02-02,816.77
6091,2026-02-09,826.44
6091,2026-02-16,856.4
6091,2026-02-23,880.57
6091,2026-03-02,887.33
6091,2026-03-09,877.67
6091,2026-03-16,841.9
6091,2026-03-23,806.14
6091,2026-03-30,834.17
6091,2026-04-06,833.2
6091,2026-04-13,820.64
6091,2026-04-20,833.2
6091,2026-04-27,825.47
6091,2026-05-04,829.34
6091,2026-05-11,815.8
6091,2026-05-18,812.9
6091,2026-05-25,819.67
6091,2026-06-01,818.7
6091,2026-06-08,825.47
6091,2026-06-15,854.47
6091,2026-06-22,871.87
6091,2026-06-29,924.06
6091,2026-07-06,897.96
6091,2026-07-13,898.93
6091,2026-07-20,886.37
6091,2026-07-27,869.0
6091,2026-08-03,899.0
6091,2026-08-10,919.0
6091,2026-08-17,900.0
6091,2026-08-24,901.0
6091,2026-08-31,888.0
6091,2026-09-07,876.0
6091,2026-09-14,952.0
6091,2026-09-21,997.0
6091,2026-09-28,946.0
618A,2026-09-07,1670.0
618A,2026-09-14,1614.0
618A,2026-09-21,1757.0
618A,2026-09-28,1976.0
6194,2025-10-06,749.0
6194,2025-10-13,717.0
6194,2025-10-20,713.0
6194,2025-10-27,700.0
6194,2025-11-03,695.0
6194,2025-11-10,683.0
6194,2025-11-17,670.0
6194,2025-11-24,659.0
6194,2025-12-01,621.0
6194,2025-12-08,628.0
6194,2025-12-15,667.0
6194,2025-12-22,702.0
6194,2025-12-29,710.0
6194,2026-01-05,721.0
6194,2026-01-12,706.0
6194,2026-01-19,705.0
6194,2026-01-26,693.0
6194,2026-02-02,688.0
6194,2026-02-09,718.0
6194,2026-02-16,696.0
6194,2026-02-23,738.0
6194,2026-03-02,744.0
6194,2026-03-09,700.0
6194,2026-03-16,667.0
6194,2026-03-23,669.0
6194,2026-03-30,668.0
6194,2026-04-06,660.0
6194,2026-04-13,666.0
6194,2026-04-20,653.0
6194,2026-04-27,646.0
6194,2026-05-04,662.0
6194,2026-05-11,715.0
6194,2026-05-18,712.0
6194,2026-05-25,690.0
6194,2026-06-01,683.0
6194,2026-06-08,705.0
6194,2026-06-15,700.0
6194,2026-06-22,693.0
6194,2026-06-29,704.0
6194,2026-07-06,805.0
6194,2026-07-13,823.0
6194,2026-07-20,822.0
6194,2026-07-27,861.0
6194,2026-08-03,870.0
6194,2026-08-10,891.0
6194,2026-08-17,902.0
6194,2026-08-24,898.0
6194,2026-08-31,869.0
6194,2026-09-07,856.0
6194,2026-09-14,887.0
6194,2026-09-21,882.0
6194,2026-09-28,919.0
619A,2026-09-14,329.0
619A,2026-09-21,308.0
619A,2026-09-28,324.0
623A,2026-09-14,562.0
623A,2026-09-21,592.0
623A,2026-09-28,654.0
625A,2026-09-14,1555.0
625A,2026-09-21,1627.0
625A,2026-09-28,1711.0
627A,2026-09-14,1037.0
627A,2026-09-21,1637.0
627A,2026-09-28,1778.0
6282,2025-10-06,2224.5
6282,2025-10-13,2171.31
6282,2025-10-20,2229.34
6282,2025-10-27,2187.75
6282,2025-11-03,2084.26
6282,2025-11-10,2061.05
6282,2025-11-17,2062.98
6282,2025-11-24,2120.05
6282,2025-12-01,2101.67
6282,2025-12-08,2172.27
6282,2025-12-15,2216.76
6282,2025-12-22,2242.88
6282,2025-12-29,2273.83
6282,2026-01-05,2357.97
6282,2026-01-12,2462.43
6282,2026-01-19,2421.8
6282,2026-01-26,2350.23
6282,2026-02-02,2421.8
6282,2026-02-09,2505.95
6282,2026-02-16,2509.82
6282,2026-02-23,2597.83
6282,2026-03-02,2414.07
6282,2026-03-09,2291.24
6282,2026-03-16,2318.32
6282,2026-03-23,2415.03
6282,2026-03-30,2418.97
6282,2026-04-06,2652.21
6282,2026-04-13,2500.65
6282,2026-04-20,2477.03
6282,2026-04-27,2572.49
6282,2026-05-04,2680.75
6282,2026-05-11,2611.86
6282,2026-05-18,2546.91
6282,2026-05-25,2527.22
6282,2026-06-01,2634.49
6282,2026-06-08,2638.43
6282,2026-06-15,2760.46
6282,2026-06-22,2729.95
6282,2026-06-29,2798.84
6282,2026-07-06,2825.41
6282,2026-07-13,2761.45
6282,2026-07-20,2738.81
6282,2026-07-27,2808.68
6282,2026-08-03,2885.44
6282,2026-08-10,2904.14
6282,2026-08-17,2848.05
6282,2026-08-24,2889.38
6282,2026-08-31,2834.27
6282,2026-09-07,2805.73
6282,2026-09-14,2889.38
6282,2026-09-21,2943.51
6282,2026-09-28,2779.0
6333,2025-10-06,2949.44
6333,2025-10-13,2949.44
6333,2025-10-20,3006.8
6333,2025-10-27,2954.22
6333,2025-11-03,2887.3
6333,2025-11-10,2896.86
6333,2025-11-17,2855.75
6333,2025-11-24,2963.78
6333,2025-12-01,2877.74
6333,2025-12-08,2882.52
6333,2025-12-15,2954.22
6333,2025-12-22,2954.22
6333,2025-12-29,2935.1
6333,2026-01-05,2963.78
6333,2026-01-12,3154.99
6333,2026-01-19,2992.46
6333,2026-01-26,2911.2
6333,2026-02-02,2973.34
6333,2026-02-09,2915.98
6333,2026-02-16,3021.14
6333,2026-02-23,3274.5
6333,2026-03-02,3083.29
6333,2026-03-09,2856.7
6333,2026-03-16,2887.3
6333,2026-03-23,2828.98
6333,2026-03-30,2805.41
6333,2026-04-06,2941.9
6333,2026-04-13,2846.65
6333,2026-04-20,2736.67
6333,2026-04-27,2722.93
6333,2026-05-04,2809.34
6333,2026-05-11,2740.6
6333,2026-05-18,2777.92
6333,2026-05-25,2882.0
6333,2026-06-01,2907.53
6333,2026-06-08,2926.19
6333,2026-06-15,3053.84
6333,2026-06-22,3127.49
6333,2026-06-29,3048.93
6333,2026-07-06,3132.4
6333,2026-07-13,3063.66
6333,2026-07-20,3176.58
6333,2026-07-27,3294.42
6333,2026-08-03,3210.95
6333,2026-08-10,3152.04
6333,2026-08-17,3314.06
6333,2026-08-24,3333.69
6333,2026-08-31,3338.6
6333,2026-09-07,3368.06
6333,2026-09-14,3446.62
6333,2026-09-21,3539.9
6333,2026-09-28,3565.0
6337,2025-10-06,1891.44
6337,2025-10-13,1855.39
6337,2025-10-20,1838.32
6337,2025-10-27,1992.93
6337,2025-11-03,1977.76
6337,2025-11-10,1955.94
6337,2025-11-17,1876.26
6337,2025-11-24,1916.1
6337,2025-12-01,1917.05
6337,2025-12-08,1928.43
6337,2025-12-15,1921.79
6337,2025-12-22,1944.56
6337,2025-12-29,1962.58
6337,2026-01-05,2070.72
6337,2026-01-12,2199.72
6337,2026-01-19,2371.41
6337,2026-01-26,2805.85
6337,2026-02-02,2639.86
6337,2026-02-09,2702.46
6337,2026-02-16,2682.54
6337,2026-02-23,2744.2
6337,2026-03-02,2532.67
6337,2026-03-09,2409.35
6337,2026-03-16,2521.29
6337,2026-03-23,2493.78
6337,2026-03-30,2389.25
6337,2026-04-06,2665.35
6337,2026-04-13,2700.85
6337,2026-04-20,2713.67
6337,2026-04-27,2801.43
6337,2026-05-04,2921.73
6337,2026-05-11,2469.13
6337,2026-05-18,2449.4
6337,2026-05-25,2512.51
6337,2026-06-01,2717.62
6337,2026-06-08,2392.21
6337,2026-06-15,2567.73
6337,2026-06-22,2501.67
6337,2026-06-29,2467.15
6337,2026-07-06,2362.63
6337,2026-07-13,2167.39
6337,2026-07-20,2307.41
6337,2026-07-27,3091.34
6337,2026-08-03,3175.15
6337,2026-08-10,3392.09
6337,2026-08-17,3012.45
6337,2026-08-24,3239.25
6337,2026-08-31,3510.42
6337,2026-09-07,3254.04
6337,2026-09-14,3411.81
6337,2026-09-21,3613.96
6337,2026-09-28,3810.0
6345,2025-10-06,1264.56
6345,2025-10-13,1295.15
6345,2025-10-20,1322.87
6345,2025-10-27,1232.06
6345,2025-11-03,1252.14
6345,2025-11-10,1257.87
6345,2025-11-17,1256.91
6345,2025-11-24,1271.25
6345,2025-12-01,1245.44
6345,2025-12-08,1260.74
6345,2025-12-15,1282.72
6345,2025-12-22,1303.75
6345,2025-12-29,1308.53
6345,2026-01-05,1327.65
6345,2026-01-12,1364.92
6345,2026-01-19,1335.29
6345,2026-01-26,1302.79
6345,2026-02-02,1297.06
6345,2026-02-09,1337.2
6345,2026-02-16,1341.98
6345,2026-02-23,1401.24
6345,2026-03-02,1335.29
6345,2026-03-09,1304.71
6345,2026-03-16,1282.72
6345,2026-03-23,1280.81
6345,2026-03-30,1303.3
6345,2026-04-06,1366.85
6345,2026-04-13,1350.23
6345,2026-04-20,1316.01
6345,2026-04-27,1355.12
6345,2026-05-04,1357.07
6345,2026-05-11,1374.67
6345,2026-05-18,1300.36
6345,2026-05-25,1366.85
6345,2026-06-01,1311.12
6345,2026-06-08,1319.92
6345,2026-06-15,1333.61
6345,2026-06-22,1328.72
6345,2026-06-29,1347.3
6345,2026-07-06,1371.74
6345,2026-07-13,1359.03
6345,2026-07-20,1391.29
6345,2026-07-27,1418.67
6345,2026-08-03,1382.49
6345,2026-08-10,1387.38
6345,2026-08-17,1403.03
6345,2026-08-24,1421.6
6345,2026-08-31,1440.18
6345,2026-09-07,1400.09
6345,2026-09-14,1428.45
6345,2026-09-21,1453.87
6345,2026-09-28,1430.0
634A,2026-09-21,2111.0
634A,2026-09-28,3150.0
6351,2025-10-06,1940.99
6351,2025-10-13,1972.55
6351,2025-10-20,1989.32
6351,2025-10-27,1919.29
6351,2025-11-03,1937.04
6351,2025-11-10,2088.93
6351,2025-11-17,2160.93
6351,2025-11-24,2260.54
6351,2025-12-01,2101.75
6351,2025-12-08,2145.15
6351,2025-12-15,2090.9
6351,2025-12-22,2081.04
6351,2025-12-29,2109.64
6351,2026-01-05,2145.15
6351,2026-01-12,2364.1
6351,2026-01-19,2237.86
6351,2026-01-26,2152.05
6351,2026-02-02,2261.53
6351,2026-02-09,2198.41
6351,2026-02-16,2172.76
6351,2026-02-23,2196.43
6351,2026-03-02,1997.21
6351,2026-03-09,1933.1
6351,2026-03-16,2036.66
6351,2026-03-23,2054.41
6351,2026-03-30,2304.88
6351,2026-04-06,2378.43
6351,2026-04-13,2245.24
6351,2026-04-20,2153.8
6351,2026-04-27,2173.68
6351,2026-05-04,2145.85
6351,2026-05-11,2008.69
6351,2026-05-18,2047.45
6351,2026-05-25,2107.09
6351,2026-06-01,2089.2
6351,2026-06-08,2089.2
6351,2026-06-15,2267.11
6351,2026-06-22,2257.17
6351,2026-06-29,2415.2
6351,2026-07-06,2254.19
6351,2026-07-13,2203.5
6351,2026-07-20,2157.78
6351,2026-07-27,2213.44
6351,2026-08-03,2427.13
6351,2026-08-10,2398.3
6351,2026-08-17,2332.71
6351,2026-08-24,2426.13
6351,2026-08-31,2566.27
6351,2026-09-07,2536.46
6351,2026-09-14,2553.35
6351,2026-09-21,2631.87
6351,2026-09-28,2552.0
6392,2025-10-06,5341.79
6392,2025-10-13,5341.79
6392,2025-10-20,5264.23
6392,2025-10-27,5167.29
6392,2025-11-03,5080.03
6392,2025-11-10,5477.52
6392,2025-11-17,5332.1
6392,2025-11-24,5574.46
6392,2025-12-01,5865.31
6392,2025-12-08,6301.57
6392,2025-12-15,6640.88
6392,2025-12-22,6718.44
6392,2025-12-29,6592.41
6392,2026-01-05,6805.69
6392,2026-01-12,6650.58
6392,2026-01-19,6602.1
6392,2026-01-26,6534.24
6392,2026-02-02,6417.91
6392,2026-02-09,6456.68
6392,2026-02-16,6543.94
6392,2026-02-23,6466.38
6392,2026-03-02,6417.91
6392,2026-03-09,6233.71
6392,2026-03-16,6194.93
6392,2026-03-23,6340.35
6392,2026-03-30,6468.73
6392,2026-04-06,6340.35
6392,2026-04-13,6202.08
6392,2026-04-20,6765.01
6392,2026-04-27,6715.63
6392,2026-05-04,6271.22
6392,2026-05-11,6814.39
6392,2026-05-18,7002.03
6392,2026-05-25,7703.23
6392,2026-06-01,7327.94
6392,2026-06-08,7248.93
6392,2026-06-15,7160.05
6392,2026-06-22,7021.79
6392,2026-06-29,7090.92
6392,2026-07-06,7090.92
6392,2026-07-13,7347.69
6392,2026-07-20,7377.32
6392,2026-07-27,7406.95
6392,2026-08-03,7416.82
6392,2026-08-10,7476.08
6392,2026-08-17,7555.09
6392,2026-08-24,7722.98
6392,2026-08-31,7673.6
6392,2026-09-07,7890.87
6392,2026-09-14,7772.36
6392,2026-09-21,7841.49
6392,2026-09-28,7870.0
640A,2025-10-06,600.14
640A,2025-10-13,595.16
640A,2025-10-20,609.1
640A,2025-10-27,586.21
640A,2025-11-03,591.18
640A,2025-11-10,599.14
640A,2025-11-17,590.19
640A,2025-11-24,591.18
640A,2025-12-01,519.52
640A,2025-12-08,542.41
640A,2025-12-15,530.47
640A,2025-12-22,522.51
640A,2025-12-29,530.47
640A,2026-01-05,553.36
640A,2026-01-12,557.34
640A,2026-01-19,553.36
640A,2026-01-26,551.37
640A,2026-02-02,547.39
640A,2026-02-09,552.37
640A,2026-02-16,514.55
640A,2026-02-23,522.51
640A,2026-03-02,506.58
640A,2026-03-09,503.6
640A,2026-03-16,503.6
640A,2026-03-23,502.6
640A,2026-03-30,473.68
640A,2026-04-06,461.72
640A,2026-04-13,430.8
640A,2026-04-20,432.8
640A,2026-04-27,428.81
640A,2026-05-04,425.82
640A,2026-05-11,407.87
640A,2026-05-18,418.84
640A,2026-05-25,394.9
640A,2026-06-01,392.91
640A,2026-06-08,396.9
640A,2026-06-15,393.91
640A,2026-06-22,393.91
640A,2026-06-29,394.9
640A,2026-07-06,402.88
640A,2026-07-13,400.89
640A,2026-07-20,416.84
640A,2026-07-27,439.78
640A,2026-08-03,434.79
640A,2026-08-10,438.78
640A,2026-08-17,444.76
640A,2026-08-24,453.74
640A,2026-08-31,433.8
640A,2026-09-07,419.83
640A,2026-09-14,355.01
640A,2026-09-21,354.02
640A,2026-09-28,413.0
641A,2026-10-02,2848.0
642A,2025-10-06,1446.92
642A,2025-10-13,1459.6
642A,2025-10-20,1493.22
642A,2025-10-27,1476.65
642A,2025-11-03,1515.64
642A,2025-11-10,1545.37
642A,2025-11-17,1595.56
642A,2025-11-24,1697.91
642A,2025-12-01,1578.02
642A,2025-12-08,1590.69
642A,2025-12-15,1635.04
642A,2025-12-22,1646.25
642A,2025-12-29,1636.5
642A,2026-01-05,1674.51
642A,2026-01-12,1725.69
642A,2026-01-19,1709.12
642A,2026-01-26,1678.9
642A,2026-02-02,1747.13
642A,2026-02-09,1815.84
642A,2026-02-16,1895.77
642A,2026-02-23,1963.02
642A,2026-03-02,1737.38
642A,2026-03-09,1725.69
642A,2026-03-16,1719.35
642A,2026-03-23,1797.32
642A,2026-03-30,1888.23
642A,2026-04-06,1797.32
642A,2026-04-13,1767.68
642A,2026-04-20,1693.08
642A,2026-04-27,1688.14
642A,2026-05-04,1730.63
642A,2026-05-11,1763.73
642A,2026-05-18,1651.09
642A,2026-05-25,1619.47
642A,2026-06-01,1623.42
642A,2026-06-08,1617.99
642A,2026-06-15,1617.49
642A,2026-06-22,1644.17
642A,2026-06-29,1683.2
642A,2026-07-06,1693.08
642A,2026-07-13,1746.44
642A,2026-07-20,1760.27
642A,2026-07-27,1757.8
642A,2026-08-03,1773.12
642A,2026-08-10,1850.19
642A,2026-08-17,1940.1
642A,2026-08-24,1944.55
642A,2026-08-31,2132.78
642A,2026-09-07,2153.53
642A,2026-09-14,2103.14
642A,2026-09-21,2036.93
642A,2026-09-28,1969.5
646A,2026-09-28,216.7
6523,2025-10-06,999.34
6523,2025-10-13,1006.11
6523,2025-10-20,1013.85
6523,2025-10-27,976.12
6523,2025-11-03,994.5
6523,2025-11-10,935.49
6523,2025-11-17,957.74
6523,2025-11-24,993.53
6523,2025-12-01,1033.2
6523,2025-12-08,1048.68
6523,2025-12-15,1082.53
6523,2025-12-22,1091.24
6523,2025-12-29,1075.76
6523,2026-01-05,1139.61
6523,2026-01-12,1140.58
6523,2026-01-19,1130.91
6523,2026-01-26,1048.68
6523,2026-02-02,1054.48
6523,2026-02-09,986.76
6523,2026-02-16,1009.98
6523,2026-02-23,1064.15
6523,2026-03-02,999.34
6523,2026-03-09,951.93
6523,2026-03-16,967.41
6523,2026-03-23,1097.05
6523,2026-03-30,1099.02
6523,2026-04-06,1060.58
6523,2026-04-13,1048.75
6523,2026-04-20,985.67
6523,2026-04-27,990.59
6523,2026-05-04,992.57
6523,2026-05-11,949.2
6523,2026-05-18,1055.65
6523,2026-05-25,1089.16
6523,2026-06-01,1074.38
6523,2026-06-08,1054.66
6523,2026-06-15,1028.05
6523,2026-06-22,997.49
6523,2026-06-29,1020.16
6523,2026-07-06,1035.93
6523,2026-07-13,1079.3
6523,2026-07-20,1063.53
6523,2026-07-27,1084.23
6523,2026-08-03,1292.21
6523,2026-08-10,1394.72
6523,2026-08-17,1451.89
6523,2026-08-24,1517.92
6523,2026-08-31,1415.42
6523,2026-09-07,1206.45
6523,2026-09-14,1338.53
6523,2026-09-21,1409.5
6523,2026-09-28,1602.0
6533,2025-10-06,769.05
6533,2025-10-13,759.15
6533,2025-10-20,770.04
6533,2025-10-27,756.18
6533,2025-11-03,737.38
6533,2025-11-10,775.98
6533,2025-11-17,1205.54
6533,2025-11-24,1184.75
6533,2025-12-01,1243.15
6533,2025-12-08,1174.86
6533,2025-12-15,1198.61
6533,2025-12-22,1161.0
6533,2025-12-29,1116.0
6533,2026-01-05,1090.0
6533,2026-01-12,1123.0
6533,2026-01-19,1199.0
6533,2026-01-26,1269.0
6533,2026-02-02,1155.0
6533,2026-02-09,1163.0
6533,2026-02-16,1101.0
6533,2026-02-23,1147.0
6533,2026-03-02,1060.0
6533,2026-03-09,1018.0
6533,2026-03-16,1014.0
6533,2026-03-23,1066.0
6533,2026-03-30,1035.0
6533,2026-04-06,1020.0
6533,2026-04-13,1080.0
6533,2026-04-20,1037.0
6533,2026-04-27,1020.0
6533,2026-05-04,1012.0
6533,2026-05-11,1053.0
6533,2026-05-18,987.0
6533,2026-05-25,1020.0
6533,2026-06-01,1012.0
6533,2026-06-08,962.0
6533,2026-06-15,1008.0
6533,2026-06-22,1232.0
6533,2026-06-29,1183.0
6533,2026-07-06,1177.0
6533,2026-07-13,1166.0
6533,2026-07-20,1185.0
6533,2026-07-27,1166.0
6533,2026-08-03,1222.0
6533,2026-08-10,1263.0
6533,2026-08-17,1229.0
6533,2026-08-24,1150.0
6533,2026-08-31,1152.0
6533,2026-09-07,1124.0
6533,2026-09-14,1234.0
6533,2026-09-21,1228.0
6533,2026-09-28,2022.0
6570,2025-10-06,1159.83
6570,2025-10-13,1192.33
6570,2025-10-20,1247.46
6570,2025-10-27,1170.66
6570,2025-11-03,1149.0
6570,2025-11-10,1147.03
6570,2025-11-17,1060.39
6570,2025-11-24,1122.42
6570,2025-12-01,1088.94
6570,2025-12-08,1086.98
6570,2025-12-15,1220.88
6570,2025-12-22,1191.34
6570,2025-12-29,1182.48
6570,2026-01-05,1222.85
6570,2026-01-12,1230.72
6570,2026-01-19,1218.91
6570,2026-01-26,1174.6
6570,2026-02-02,1210.05
6570,2026-02-09,1244.51
6570,2026-02-16,1255.34
6570,2026-02-23,1257.31
6570,2026-03-02,1288.81
6570,2026-03-09,1294.72
6570,2026-03-16,1262.23
6570,2026-03-23,1211.03
6570,2026-03-30,1205.56
6570,2026-04-06,1214.51
6570,2026-04-13,1263.25
6570,2026-04-20,1221.48
6570,2026-04-27,1225.46
6570,2026-05-04,1249.33
6570,2026-05-11,1590.51
6570,2026-05-18,1683.01
6570,2026-05-25,1644.22
6570,2026-06-01,1631.29
6570,2026-06-08,1603.44
6570,2026-06-15,1777.51
6570,2026-06-22,1897.86
6570,2026-06-29,1872.0
6570,2026-07-06,1889.91
6570,2026-07-13,1918.75
6570,2026-07-20,1994.35
6570,2026-07-27,2094.81
6570,2026-08-03,2090.83
6570,2026-08-10,3078.56
6570,2026-08-17,3859.39
6570,2026-08-24,3655.48
6570,2026-08-31,4232.4
6570,2026-09-07,3242.68
6570,2026-09-14,3481.41
6570,2026-09-21,3804.68
6570,2026-09-28,4395.0
6599,2025-10-06,2356.16
6599,2025-10-13,2335.46
6599,2025-10-20,3376.5
6599,2025-10-27,2887.53
6599,2025-11-03,2674.59
6599,2025-11-10,2689.37
6599,2025-11-17,2594.73
6599,2025-11-24,2643.04
6599,2025-12-01,2552.34
6599,2025-12-08,2603.61
6599,2025-12-15,2584.87
6599,2025-12-22,2498.12
6599,2025-12-29,2687.4
6599,2026-01-05,2848.09
6599,2026-01-12,2911.19
6599,2026-01-19,2884.57
6599,2026-01-26,2770.21
6599,2026-02-02,2864.85
6599,2026-02-09,2671.63
6599,2026-02-16,2972.31
6599,2026-02-23,3105.4
6599,2026-03-02,3001.88
6599,2026-03-09,2847.11
6599,2026-03-16,2934.85
6599,2026-03-23,3342.0
6599,2026-03-30,3615.0
6599,2026-04-06,3755.0
6599,2026-04-13,3755.0
6599,2026-04-20,3520.0
6599,2026-04-27,3405.0
6599,2026-05-04,3520.0
6599,2026-05-11,3270.0
6599,2026-05-18,3395.0
6599,2026-05-25,3515.0
6599,2026-06-01,3315.0
6599,2026-06-08,2973.0
6599,2026-06-15,3230.0
6599,2026-06-22,3215.0
6599,2026-06-29,3075.0
6599,2026-07-06,3040.0
6599,2026-07-13,2906.0
6599,2026-07-20,2940.0
6599,2026-07-27,2986.0
6599,2026-08-03,3140.0
6599,2026-08-10,3430.0
6599,2026-08-17,3185.0
6599,2026-08-24,3360.0
6599,2026-08-31,3765.0
6599,2026-09-07,3765.0
6599,2026-09-14,4070.0
6599,2026-09-21,4420.0
6599,2026-09-28,4435.0
6638,2025-10-06,1673.81
6638,2025-10-13,1614.69
6638,2025-10-20,1674.78
6638,2025-10-27,1651.52
6638,2025-11-03,1565.26
6638,2025-11-10,1502.26
6638,2025-11-17,1458.65
6638,2025-11-24,1509.05
6638,2025-12-01,1488.69
6638,2025-12-08,1508.08
6638,2025-12-15,1566.23
6638,2025-12-22,1605.0
6638,2025-12-29,1586.58
6638,2026-01-05,1591.43
6638,2026-01-12,1636.98
6638,2026-01-19,1720.33
6638,2026-01-26,1704.83
6638,2026-02-02,1791.08
6638,2026-02-09,1754.26
6638,2026-02-16,1782.36
6638,2026-02-23,1805.62
6638,2026-03-02,1770.73
6638,2026-03-09,1659.27
6638,2026-03-16,1579.8
6638,2026-03-23,1569.14
6638,2026-03-30,1578.03
6638,2026-04-06,1580.0
6638,2026-04-13,1571.11
6638,2026-04-20,1484.21
6638,2026-04-27,1478.29
6638,2026-05-04,1684.68
6638,2026-05-11,1791.33
6638,2026-05-18,1718.25
6638,2026-05-25,1805.15
6638,2026-06-01,1822.93
6638,2026-06-08,1760.71
6638,2026-06-15,1817.0
6638,2026-06-22,1781.45
6638,2026-06-29,1859.46
6638,2026-07-06,2073.75
6638,2026-07-13,1997.71
6638,2026-07-20,2181.39
6638,2026-07-27,2089.55
6638,2026-08-03,1876.25
6638,2026-08-10,1976.97
6638,2026-08-17,1861.44
6638,2026-08-24,1969.08
6638,2026-08-31,1876.25
6638,2026-09-07,1941.43
6638,2026-09-14,2065.85
6638,2026-09-21,2213.98
6638,2026-09-28,2269.0
6668,2025-10-06,1413.15
6668,2025-10-13,1272.62
6668,2025-10-20,1228.09
6668,2025-10-27,1199.39
6668,2025-11-03,1218.19
6668,2025-11-10,1248.87
6668,2025-11-17,1204.34
6668,2025-11-24,1261.74
6668,2025-12-01,1229.08
6668,2025-12-08,1223.14
6668,2025-12-15,1222.15
6668,2025-12-22,1234.03
6668,2025-12-29,1243.92
6668,2026-01-05,1325.07
6668,2026-01-12,1415.12
6668,2026-01-19,1460.65
6668,2026-01-26,1590.28
6668,2026-02-02,1860.44
6668,2026-02-09,1915.86
6668,2026-02-16,1890.13
6668,2026-02-23,1985.04
6668,2026-03-02,1868.56
6668,2026-03-09,1910.38
6668,2026-03-16,1895.44
6668,2026-03-23,1809.83
6668,2026-03-30,1727.2
6668,2026-04-06,1993.0
6668,2026-04-13,2791.4
6668,2026-04-20,2602.25
6668,2026-04-27,2650.04
6668,2026-05-04,3051.22
6668,2026-05-11,3185.62
6668,2026-05-18,3110.96
6668,2026-05-25,3101.0
6668,2026-06-01,3205.53
6668,2026-06-08,2934.75
6668,2026-06-15,3748.08
6668,2026-06-22,4161.21
6668,2026-06-29,3713.24
6668,2026-07-06,3723.19
6668,2026-07-13,3110.96
6668,2026-07-20,3120.91
6668,2026-07-27,2858.1
6668,2026-08-03,3499.2
6668,2026-08-10,3703.28
6668,2026-08-17,3429.52
6668,2026-08-24,4180.0
6668,2026-08-31,4075.0
6668,2026-09-07,3965.0
6668,2026-09-14,4160.0
6668,2026-09-21,4280.0
6668,2026-09-28,4845.0
6676,2025-10-06,1728.42
6676,2025-10-13,1716.18
6676,2025-10-20,1774.94
6676,2025-10-27,1699.04
6676,2025-11-03,1743.11
6676,2025-11-10,2401.68
6676,2025-11-17,2374.75
6676,2025-11-24,2467.78
6676,2025-12-01,2355.16
6676,2025-12-08,2318.44
6676,2025-12-15,2374.75
6676,2025-12-22,2401.68
6676,2025-12-29,2377.19
6676,2026-01-05,2457.98
6676,2026-01-12,2389.43
6676,2026-01-19,2311.09
6676,2026-01-26,2198.48
6676,2026-02-02,2271.92
6676,2026-02-09,2653.84
6676,2026-02-16,2457.98
6676,2026-02-23,2585.29
6676,2026-03-02,2409.02
6676,2026-03-09,2401.68
6676,2026-03-16,2416.36
6676,2026-03-23,2421.26
6676,2026-03-30,2399.95
6676,2026-04-06,2448.52
6676,2026-04-13,2513.95
6676,2026-04-20,2444.56
6676,2026-04-27,2395.98
6676,2026-05-04,2503.04
6676,2026-05-11,2518.9
6676,2026-05-18,2333.53
6676,2026-05-25,2303.79
6676,2026-06-01,2331.55
6676,2026-06-08,2518.9
6676,2026-06-15,2742.94
6676,2026-06-22,2400.94
6676,2026-06-29,2517.91
6676,2026-07-06,2620.02
6676,2026-07-13,2561.53
6676,2026-07-20,2688.42
6676,2026-07-27,2717.17
6676,2026-08-03,2868.83
6676,2026-08-10,2856.94
6676,2026-08-17,2916.42
6676,2026-08-24,3058.17
6676,2026-08-31,3043.3
6676,2026-09-07,3003.65
6676,2026-09-14,3444.78
6676,2026-09-21,3504.26
6676,2026-09-28,3605.0
6730,2025-10-06,1146.07
6730,2025-10-13,1166.97
6730,2025-10-20,1250.6
6730,2025-10-27,1314.27
6730,2025-11-03,1204.04
6730,2025-11-10,1222.09
6730,2025-11-17,1191.68
6730,2025-11-24,1237.3
6730,2025-12-01,1210.69
6730,2025-12-08,1151.77
6730,2025-12-15,1159.37
6730,2025-12-22,1171.73
6730,2025-12-29,1147.97
6730,2026-01-05,1177.43
6730,2026-01-12,1220.19
6730,2026-01-19,1202.14
6730,2026-01-26,1161.27
6730,2026-02-02,1212.59
6730,2026-02-09,1164.12
6730,2026-02-16,1178.38
6730,2026-02-23,1216.39
6730,2026-03-02,1117.56
6730,2026-03-09,1092.85
6730,2026-03-16,1097.6
6730,2026-03-23,1090.0
6730,2026-03-30,1112.0
6730,2026-04-06,1149.0
6730,2026-04-13,1143.0
6730,2026-04-20,1145.0
6730,2026-04-27,1155.0
6730,2026-05-04,1147.0
6730,2026-05-11,1058.0
6730,2026-05-18,1077.0
6730,2026-05-25,1190.0
6730,2026-06-01,1217.0
6730,2026-06-08,1155.0
6730,2026-06-15,1182.0
6730,2026-06-22,1108.0
6730,2026-06-29,1209.0
6730,2026-07-06,1172.0
6730,2026-07-13,1096.0
6730,2026-07-20,1118.0
6730,2026-07-27,1101.0
6730,2026-08-03,1081.0
6730,2026-08-10,1105.0
6730,2026-08-17,1199.0
6730,2026-08-24,1200.0
6730,2026-08-31,1201.0
6730,2026-09-07,1136.0
6730,2026-09-14,1213.0
6730,2026-09-21,1225.0
6730,2026-09-28,1634.0
6742,2025-10-06,490.51
6742,2025-10-13,489.55
6742,2025-10-20,515.62
6742,2025-10-27,510.79
6742,2025-11-03,511.75
6742,2025-11-10,537.82
6742,2025-11-17,524.31
6742,2025-11-24,533.0
6742,2025-12-01,563.89
6742,2025-12-08,584.17
6742,2025-12-15,595.76
6742,2025-12-22,581.28
6742,2025-12-29,589.0
6742,2026-01-05,597.69
6742,2026-01-12,599.62
6742,2026-01-19,629.55
6742,2026-01-26,649.83
6742,2026-02-02,701.01
6742,2026-02-09,696.18
6742,2026-02-16,756.04
6742,2026-02-23,750.25
6742,2026-03-02,690.39
6742,2026-03-09,659.49
6742,2026-03-16,636.31
6742,2026-03-23,644.04
6742,2026-03-30,637.07
6742,2026-04-06,657.97
6742,2026-04-13,697.79
6742,2026-04-20,695.8
6742,2026-04-27,712.72
6742,2026-05-04,745.57
6742,2026-05-11,762.49
6742,2026-05-18,741.59
6742,2026-05-25,750.55
6742,2026-06-01,946.65
6742,2026-06-08,941.67
6742,2026-06-15,1006.37
6742,2026-06-22,971.53
6742,2026-06-29,915.79
6742,2026-07-06,892.89
6742,2026-07-13,860.04
6742,2026-07-20,905.83
6742,2026-07-27,868.01
6742,2026-08-03,919.77
6742,2026-08-10,1051.16
6742,2026-08-17,1027.27
6742,2026-08-24,1031.26
6742,2026-08-31,989.45
6742,2026-09-07,1015.33
6742,2026-09-14,1100.94
6742,2026-09-21,1114.87
6742,2026-09-28,1132.0
6750,2025-10-06,1746.03
6750,2025-10-13,1740.23
6750,2025-10-20,1820.52
6750,2025-10-27,1745.07
6750,2025-11-03,1753.77
6750,2025-11-10,1727.65
6750,2025-11-17,1736.36
6750,2025-11-24,1730.56
6750,2025-12-01,1683.16
6750,2025-12-08,1704.44
6750,2025-12-15,1721.85
6750,2025-12-22,1683.16
6750,2025-12-29,1665.74
6750,2026-01-05,1630.92
6750,2026-01-12,1652.2
6750,2026-01-19,1640.59
6750,2026-01-26,1592.23
6750,2026-02-02,1600.93
6750,2026-02-09,1606.74
6750,2026-02-16,1725.72
6750,2026-02-23,1735.39
6750,2026-03-02,1690.9
6750,2026-03-09,1639.63
6750,2026-03-16,1592.23
6750,2026-03-23,1599.0
6750,2026-03-30,1611.81
6750,2026-04-06,1609.84
6750,2026-04-13,1623.64
6750,2026-04-20,1577.31
6750,2026-04-27,1582.24
6750,2026-05-04,1602.94
6750,2026-05-11,1583.23
6750,2026-05-18,1641.39
6750,2026-05-25,1671.95
6750,2026-06-01,1715.33
6750,2026-06-08,1725.18
6750,2026-06-15,1724.2
6750,2026-06-22,1774.47
6750,2026-06-29,1778.42
6750,2026-07-06,1793.2
6750,2026-07-13,1759.69
6750,2026-07-20,1808.98
6750,2026-07-27,1834.61
6750,2026-08-03,1821.79
6750,2026-08-10,1900.66
6750,2026-08-17,1910.52
6750,2026-08-24,1978.54
6750,2026-08-31,2012.06
6750,2026-09-07,1927.28
6750,2026-09-14,2000.23
6750,2026-09-21,2019.94
6750,2026-09-28,2005.0
6776,2025-10-06,263.02
6776,2025-10-13,256.15
6776,2025-10-20,258.11
6776,2025-10-27,251.24
6776,2025-11-03,255.17
6776,2025-11-10,254.19
6776,2025-11-17,258.11
6776,2025-11-24,259.09
6776,2025-12-01,254.19
6776,2025-12-08,252.22
6776,2025-12-15,252.22
6776,2025-12-22,249.28
6776,2025-12-29,254.19
6776,2026-01-05,256.15
6776,2026-01-12,258.11
6776,2026-01-19,264.98
6776,2026-01-26,263.02
6776,2026-02-02,264.0
6776,2026-02-09,264.98
6776,2026-02-16,264.0
6776,2026-02-23,279.7
6776,2026-03-02,266.94
6776,2026-03-09,269.89
6776,2026-03-16,274.8
6776,2026-03-23,264.0
6776,2026-03-30,275.0
6776,2026-04-06,286.0
6776,2026-04-13,283.0
6776,2026-04-20,279.0
6776,2026-04-27,277.0
6776,2026-05-04,274.0
6776,2026-05-11,271.0
6776,2026-05-18,270.0
6776,2026-05-25,266.0
6776,2026-06-01,260.0
6776,2026-06-08,253.0
6776,2026-06-15,266.0
6776,2026-06-22,263.0
6776,2026-06-29,268.0
6776,2026-07-06,271.0
6776,2026-07-13,260.0
6776,2026-07-20,260.0
6776,2026-07-27,269.0
6776,2026-08-03,269.0
6776,2026-08-10,275.0
6776,2026-08-17,276.0
6776,2026-08-24,283.0
6776,2026-08-31,286.0
6776,2026-09-07,282.0
6776,2026-09-14,287.0
6776,2026-09-21,295.0
6776,2026-09-28,299.0
6785,2025-10-06,2062.63
6785,2025-10-13,2051.06
6785,2025-10-20,2160.94
6785,2025-10-27,2080.94
6785,2025-11-03,2033.71
6785,2025-11-10,2156.12
6785,2025-11-17,2192.75
6785,2025-11-24,2239.01
6785,2025-12-01,2223.59
6785,2025-12-08,2283.35
6785,2025-12-15,2259.25
6785,2025-12-22,2351.78
6785,2025-12-29,2366.51
6785,2026-01-05,2333.12
6785,2026-01-12,2397.93
6785,2026-01-19,2404.81
6785,2026-01-26,2459.8
6785,2026-02-02,2602.18
6785,2026-02-09,2806.43
6785,2026-02-16,2932.12
6785,2026-02-23,3024.42
6785,2026-03-02,2874.18
6785,2026-03-09,2738.67
6785,2026-03-16,2728.85
6785,2026-03-23,2769.11
6785,2026-03-30,2705.29
6785,2026-04-06,2783.84
6785,2026-04-13,2765.18
6785,2026-04-20,2663.06
6785,2026-04-27,3039.15
6785,2026-05-04,3122.62
6785,2026-05-11,3039.15
6785,2026-05-18,3117.71
6785,2026-05-25,3368.11
6785,2026-06-01,3299.37
6785,2026-06-08,3102.98
6785,2026-06-15,3358.29
6785,2026-06-22,3265.0
6785,2026-06-29,3305.0
6785,2026-07-06,3290.0
6785,2026-07-13,2992.0
6785,2026-07-20,2980.0
6785,2026-07-27,2998.0
6785,2026-08-03,3145.0
6785,2026-08-10,3065.0
6785,2026-08-17,2888.0
6785,2026-08-24,2919.0
6785,2026-08-31,3195.0
6785,2026-09-07,3065.0
6785,2026-09-14,3130.0
6785,2026-09-21,3235.0
6785,2026-09-28,3460.0
6788,2025-10-06,4473.57
6788,2025-10-13,4570.72
6788,2025-10-20,4677.58
6788,2025-10-27,4677.58
6788,2025-11-03,4731.01
6788,2025-11-10,4842.73
6788,2025-11-17,4818.44
6788,2025-11-24,4808.73
6788,2025-12-01,4701.87
6788,2025-12-08,4711.58
6788,2025-12-15,4876.73
6788,2025-12-22,4925.3
6788,2025-12-29,4886.44
6788,2026-01-05,4876.73
6788,2026-01-12,4983.59
6788,2026-01-19,4857.3
6788,2026-01-26,4653.29
6788,2026-02-02,4896.16
6788,2026-02-09,4867.01
6788,2026-02-16,4944.73
6788,2026-02-23,4925.3
6788,2026-03-02,4803.87
6788,2026-03-09,4755.3
6788,2026-03-16,4459.0
6788,2026-03-23,4425.0
6788,2026-03-30,4330.0
6788,2026-04-06,4395.0
6788,2026-04-13,4360.0
6788,2026-04-20,4280.0
6788,2026-04-27,4260.0
6788,2026-05-04,4290.0
6788,2026-05-11,4240.0
6788,2026-05-18,4305.0
6788,2026-05-25,4275.0
6788,2026-06-01,4500.0
6788,2026-06-08,4435.0
6788,2026-06-15,4590.0
6788,2026-06-22,4485.0
6788,2026-06-29,4510.0
6788,2026-07-06,4540.0
6788,2026-07-13,4670.0
6788,2026-07-20,4525.0
6788,2026-07-27,4765.0
6788,2026-08-03,4705.0
6788,2026-08-10,5000.0
6788,2026-08-17,5000.0
6788,2026-08-24,4935.0
6788,2026-08-31,4985.0
6788,2026-09-07,5030.0
6788,2026-09-14,5040.0
6788,2026-09-21,5130.0
6788,2026-09-28,5210.0
6810,2025-10-06,2074.3
6810,2025-10-13,2069.41
6810,2025-10-20,2161.3
6810,2025-10-27,2188.67
6810,2025-11-03,2080.16
6810,2025-11-10,2096.78
6810,2025-11-17,2102.65
6810,2025-11-24,2175.96
6810,2025-12-01,2143.7
6810,2025-12-08,2384.17
6810,2025-12-15,2390.04
6810,2025-12-22,2373.42
6810,2025-12-29,2346.05
6810,2026-01-05,2312.81
6810,2026-01-12,2386.13
6810,2026-01-19,2397.86
6810,2026-01-26,2165.21
6810,2026-02-02,2139.79
6810,2026-02-09,2150.54
6810,2026-02-16,2175.96
6810,2026-02-23,2240.48
6810,2026-03-02,2042.04
6810,2026-03-09,1999.03
6810,2026-03-16,1977.52
6810,2026-03-23,2055.72
6810,2026-03-30,2127.94
6810,2026-04-06,2187.3
6810,2026-04-13,2090.35
6810,2026-04-20,2124.97
6810,2026-04-27,1975.59
6810,2026-05-04,1932.06
6810,2026-05-11,1893.48
6810,2026-05-18,1863.8
6810,2026-05-25,1921.18
6810,2026-06-01,2039.9
6810,2026-06-08,2112.11
6810,2026-06-15,2234.78
6810,2026-06-22,2124.97
6810,2026-06-29,2129.92
6810,2026-07-06,2064.63
6810,2026-07-13,2003.29
6810,2026-07-20,2095.3
6810,2026-07-27,2047.81
6810,2026-08-03,2402.96
6810,2026-08-10,2415.82
6810,2026-08-17,2307.99
6810,2026-08-24,2480.13
6810,2026-08-31,2443.52
6810,2026-09-07,2474.19
6810,2026-09-14,2526.62
6810,2026-09-21,2603.79
6810,2026-09-28,2592.0
6857,2025-10-06,17810.76
6857,2025-10-13,16847.07
6857,2025-10-20,17056.78
6857,2025-10-27,23103.55
6857,2025-11-03,19932.87
6857,2025-11-10,19503.45
6857,2025-11-17,18290.11
6857,2025-11-24,20547.03
6857,2025-12-01,20172.54
6857,2025-12-08,20756.75
6857,2025-12-15,19168.91
6857,2025-12-22,20217.48
6857,2025-12-29,19608.31
6857,2026-01-05,20227.47
6857,2026-01-12,22769.01
6857,2026-01-19,23498.02
6857,2026-01-26,25470.33
6857,2026-02-02,24496.66
6857,2026-02-09,27093.12
6857,2026-02-16,25440.37
6857,2026-02-23,26813.5
6857,2026-03-02,25675.05
6857,2026-03-09,23617.85
6857,2026-03-16,23947.4
6857,2026-03-23,22040.0
6857,2026-03-30,21555.0
6857,2026-04-06,24990.0
6857,2026-04-13,27870.0
6857,2026-04-20,29440.0
6857,2026-04-27,27815.0
6857,2026-05-04,29885.0
6857,2026-05-11,26360.0
6857,2026-05-18,26845.0
6857,2026-05-25,26170.0
6857,2026-06-01,26765.0
6857,2026-06-08,27325.0
6857,2026-06-15,31740.0
6857,2026-06-22,32440.0
6857,2026-06-29,29345.0
6857,2026-07-06,29830.0
6857,2026-07-13,27505.0
6857,2026-07-20,28945.0
6857,2026-07-27,32500.0
6857,2026-08-03,32190.0
6857,2026-08-10,36870.0
6857,2026-08-17,35900.0
6857,2026-08-24,35270.0
6857,2026-08-31,33090.0
6857,2026-09-07,31720.0
6857,2026-09-14,32050.0
6857,2026-09-21,34000.0
6857,2026-09-28,38630.0
6890,2025-10-06,4059.38
6890,2025-10-13,4069.17
6890,2025-10-20,4509.34
6890,2025-10-27,4959.3
6890,2025-11-03,4631.61
6890,2025-11-10,4396.85
6890,2025-11-17,4626.72
6890,2025-11-24,4788.12
6890,2025-12-01,4778.34
6890,2025-12-08,4636.5
6890,2025-12-15,4783.23
6890,2025-12-22,4851.7
6890,2025-12-29,4920.17
6890,2026-01-05,5145.15
6890,2026-01-12,5810.3
6890,2026-01-19,6612.39
6890,2026-01-26,5800.52
6890,2026-02-02,5761.39
6890,2026-02-09,6182.0
6890,2026-02-16,6309.16
6890,2026-02-23,6211.35
6890,2026-03-02,6162.44
6890,2026-03-09,5917.9
6890,2026-03-16,5878.77
6890,2026-03-23,6358.07
6890,2026-03-30,6510.44
6890,2026-04-06,6906.22
6890,2026-04-13,6629.18
6890,2026-04-20,7400.93
6890,2026-04-27,8004.48
6890,2026-05-04,9478.73
6890,2026-05-11,9360.0
6890,2026-05-18,8835.6
6890,2026-05-25,8598.14
6890,2026-06-01,9003.81
6890,2026-06-08,9003.81
6890,2026-06-15,10359.32
6890,2026-06-22,9360.0
6890,2026-06-29,9280.0
6890,2026-07-06,9090.0
6890,2026-07-13,7010.0
6890,2026-07-20,8920.0
6890,2026-07-27,8300.0
6890,2026-08-03,8660.0
6890,2026-08-10,9110.0
6890,2026-08-17,8580.0
6890,2026-08-24,9600.0
6890,2026-08-31,8930.0
6890,2026-09-07,8620.0
6890,2026-09-14,9130.0
6890,2026-09-21,10640.0
6890,2026-09-28,11540.0
6904,2025-10-06,455.77
6904,2025-10-13,455.77
6904,2025-10-20,463.64
6904,2025-10-27,459.7
6904,2025-11-03,468.56
6904,2025-11-10,460.69
6904,2025-11-17,457.73
6904,2025-11-24,455.77
6904,2025-12-01,454.78
6904,2025-12-08,449.86
6904,2025-12-15,448.88
6904,2025-12-22,451.83
6904,2025-12-29,454.78
6904,2026-01-05,469.55
6904,2026-01-12,480.38
6904,2026-01-19,484.31
6904,2026-01-26,479.39
6904,2026-02-02,477.42
6904,2026-02-09,471.52
6904,2026-02-16,486.28
6904,2026-02-23,491.2
6904,2026-03-02,474.47
6904,2026-03-09,478.41
6904,2026-03-16,487.27
6904,2026-03-23,472.5
6904,2026-03-30,467.0
6904,2026-04-06,464.0
6904,2026-04-13,461.0
6904,2026-04-20,464.0
6904,2026-04-27,463.0
6904,2026-05-04,463.0
6904,2026-05-11,454.0
6904,2026-05-18,452.0
6904,2026-05-25,449.0
6904,2026-06-01,441.0
6904,2026-06-08,445.0
6904,2026-06-15,443.0
6904,2026-06-22,442.0
6904,2026-06-29,446.0
6904,2026-07-06,449.0
6904,2026-07-13,449.0
6904,2026-07-20,448.0
6904,2026-07-27,450.0
6904,2026-08-03,449.0
6904,2026-08-10,540.0
6904,2026-08-17,572.0
6904,2026-08-24,560.0
6904,2026-08-31,631.0
6904,2026-09-07,612.0
6904,2026-09-14,680.0
6904,2026-09-21,885.0
6904,2026-09-28,855.0
6912,2025-10-06,1558.12
6912,2025-10-13,1593.9
6912,2025-10-20,1615.18
6912,2025-10-27,1596.8
6912,2025-11-03,1549.41
6912,2025-11-10,1720.6
6912,2025-11-17,1695.46
6912,2025-11-24,1781.53
6912,2025-12-01,1702.23
6912,2025-12-08,1815.39
6912,2025-12-15,1790.24
6912,2025-12-22,1836.66
6912,2025-12-29,1802.81
6912,2026-01-05,1806.68
6912,2026-01-12,1826.99
6912,2026-01-19,1826.99
6912,2026-01-26,1836.66
6912,2026-02-02,2014.62
6912,2026-02-09,2009.79
6912,2026-02-16,2019.46
6912,2026-02-23,2251.58
6912,2026-03-02,2167.44
6912,2026-03-09,2200.32
6912,2026-03-16,2087.16
6912,2026-03-23,2033.0
6912,2026-03-30,2032.0
6912,2026-04-06,2102.0
6912,2026-04-13,2250.0
6912,2026-04-20,2262.0
6912,2026-04-27,2410.0
6912,2026-05-04,2530.0
6912,2026-05-11,2500.0
6912,2026-05-18,2094.0
6912,2026-05-25,2097.0
6912,2026-06-01,2119.0
6912,2026-06-08,1952.0
6912,2026-06-15,2076.0
6912,2026-06-22,2062.0
6912,2026-06-29,1996.0
6912,2026-07-06,2000.0
6912,2026-07-13,1926.0
6912,2026-07-20,1909.0
6912,2026-07-27,2264.0
6912,2026-08-03,2298.0
6912,2026-08-10,2409.0
6912,2026-08-17,2412.0
6912,2026-08-24,2416.0
6912,2026-08-31,2546.0
6912,2026-09-07,2428.0
6912,2026-09-14,2636.0
6912,2026-09-21,2718.0
6912,2026-09-28,2824.0
6915,2025-10-06,2996.58
6915,2025-10-13,3010.84
6915,2025-10-20,3039.38
6915,2025-10-27,2944.25
6915,2025-11-03,2891.93
6915,2025-11-10,3001.33
6915,2025-11-17,2996.58
6915,2025-11-24,3082.19
6915,2025-12-01,3110.73
6915,2025-12-08,3101.22
6915,2025-12-15,3148.78
6915,2025-12-22,3125.0
6915,2025-12-29,3245.0
6915,2026-01-05,3215.0
6915,2026-01-12,3330.0
6915,2026-01-19,3310.0
6915,2026-01-26,3305.0
6915,2026-02-02,3340.0
6915,2026-02-09,3295.0
6915,2026-02-16,3315.0
6915,2026-02-23,3415.0
6915,2026-03-02,3295.0
6915,2026-03-09,3250.0
6915,2026-03-16,3210.0
6915,2026-03-23,3375.0
6915,2026-03-30,3360.0
6915,2026-04-06,3315.0
6915,2026-04-13,3220.0
6915,2026-04-20,3120.0
6915,2026-04-27,3010.0
6915,2026-05-04,3000.0
6915,2026-05-11,3130.0
6915,2026-05-18,3170.0
6915,2026-05-25,3160.0
6915,2026-06-01,3145.0
6915,2026-06-08,3200.0
6915,2026-06-15,3270.0
6915,2026-06-22,3170.0
6915,2026-06-29,3270.0
6915,2026-07-06,3245.0
6915,2026-07-13,3260.0
6915,2026-07-20,3340.0
6915,2026-07-27,3260.0
6915,2026-08-03,3270.0
6915,2026-08-10,3490.0
6915,2026-08-17,3505.0
6915,2026-08-24,3465.0
6915,2026-08-31,3395.0
6915,2026-09-07,3405.0
6915,2026-09-14,3465.0
6915,2026-09-21,3585.0
6915,2026-09-28,3525.0
6918,2025-10-06,2318.86
6918,2025-10-13,2266.6
6918,2025-10-20,2303.37
6918,2025-10-27,2221.11
6918,2025-11-03,2161.11
6918,2025-11-10,2505.64
6918,2025-11-17,2518.23
6918,2025-11-24,2613.07
6918,2025-12-01,2766.95
6918,2025-12-08,2697.27
6918,2025-12-15,2507.58
6918,2025-12-22,2548.23
6918,2025-12-29,2774.69
6918,2026-01-05,2716.63
6918,2026-01-12,2942.12
6918,2026-01-19,2835.67
6918,2026-01-26,2867.6
6918,2026-02-02,2893.73
6918,2026-02-09,2877.28
6918,2026-02-16,2896.64
6918,2026-02-23,2927.61
6918,2026-03-02,2641.14
6918,2026-03-09,2612.1
6918,2026-03-16,2643.07
6918,2026-03-23,2689.53
6918,2026-03-30,2564.13
6918,2026-04-06,2729.02
6918,2026-04-13,2765.55
6918,2026-04-20,2991.66
6918,2026-04-27,3065.71
6918,2026-05-04,3282.92
6918,2026-05-11,3475.45
6918,2026-05-18,3356.97
6918,2026-05-25,3480.39
6918,2026-06-01,3213.81
6918,2026-06-08,3016.34
6918,2026-06-15,3322.42
6918,2026-06-22,3228.62
6918,2026-06-29,3332.29
6918,2026-07-06,3238.49
6918,2026-07-13,2986.72
6918,2026-07-20,3134.82
6918,2026-07-27,3080.52
6918,2026-08-03,3184.19
6918,2026-08-10,3880.27
6918,2026-08-17,3505.07
6918,2026-08-24,3554.44
6918,2026-08-31,3529.76
6918,2026-09-07,3480.39
6918,2026-09-14,3707.48
6918,2026-09-21,4008.62
6918,2026-09-28,4355.0
6943,2025-10-06,4529.09
6943,2025-10-13,4392.44
6943,2025-10-20,4490.05
6943,2025-10-27,4499.81
6943,2025-11-03,4397.32
6943,2025-11-10,4392.44
6943,2025-11-17,4426.6
6943,2025-11-24,4519.33
6943,2025-12-01,4480.29
6943,2025-12-08,4392.44
6943,2025-12-15,4353.4
6943,2025-12-22,4348.51
6943,2025-12-29,4490.05
6943,2026-01-05,4504.69
6943,2026-01-12,4675.51
6943,2026-01-19,4573.02
6943,2026-01-26,4573.02
6943,2026-02-02,4626.7
6943,2026-02-09,4978.1
6943,2026-02-16,4978.1
6943,2026-02-23,5075.71
6943,2026-03-02,4782.88
6943,2026-03-09,4807.28
6943,2026-03-16,4792.64
6943,2026-03-23,4797.52
6943,2026-03-30,4832.25
6943,2026-04-06,4871.94
6943,2026-04-13,4941.4
6943,2026-04-20,4832.25
6943,2026-04-27,4822.33
6943,2026-05-04,4901.71
6943,2026-05-11,4852.09
6943,2026-05-18,4832.25
6943,2026-05-25,4971.16
6943,2026-06-01,4827.29
6943,2026-06-08,4827.29
6943,2026-06-15,4891.78
6943,2026-06-22,4906.67
6943,2026-06-29,4941.4
6943,2026-07-06,4951.32
6943,2026-07-13,4951.32
6943,2026-07-20,4956.28
6943,2026-07-27,4941.4
6943,2026-08-03,5497.05
6943,2026-08-10,5407.75
6943,2026-08-17,5437.52
6943,2026-08-24,5526.82
6943,2026-08-31,5447.44
6943,2026-09-07,5506.98
6943,2026-09-14,5576.43
6943,2026-09-21,6052.71
6943,2026-09-28,6350.0
6947,2025-10-06,4617.2
6947,2025-10-13,4545.72
6947,2025-10-20,4560.02
6947,2025-10-27,4545.72
6947,2025-11-03,4355.13
6947,2025-11-10,4455.19
6947,2025-11-17,4431.37
6947,2025-11-24,4479.02
6947,2025-12-01,4445.66
6947,2025-12-08,4407.54
6947,2025-12-15,4545.72
6947,2025-12-22,4683.91
6947,2025-12-29,4655.32
6947,2026-01-05,4926.92
6947,2026-01-12,4812.56
6947,2026-01-19,4917.39
6947,2026-01-26,4593.37
6947,2026-02-02,4269.36
6947,2026-02-09,4326.54
6947,2026-02-16,4345.6
6947,2026-02-23,4402.78
6947,2026-03-02,4407.54
6947,2026-03-09,4207.42
6947,2026-03-16,4245.53
6947,2026-03-23,4355.13
6947,2026-03-30,4433.95
6947,2026-04-06,4335.42
6947,2026-04-13,4488.15
6947,2026-04-20,4310.79
6947,2026-04-27,4305.86
6947,2026-05-04,4463.51
6947,2026-05-11,4498.0
6947,2026-05-18,4749.26
6947,2026-05-25,4586.68
6947,2026-06-01,4571.9
6947,2026-06-08,4443.81
6947,2026-06-15,4394.54
6947,2026-06-22,4438.88
6947,2026-06-29,4640.87
6947,2026-07-06,4675.36
6947,2026-07-13,4473.37
6947,2026-07-20,4473.37
6947,2026-07-27,4764.04
6947,2026-08-03,4788.67
6947,2026-08-10,4926.61
6947,2026-08-17,4867.5
6947,2026-08-24,5103.97
6947,2026-08-31,4857.64
6947,2026-09-07,4586.68
6947,2026-09-14,4946.32
6947,2026-09-21,5054.71
6947,2026-09-28,5370.0
6958,2025-10-06,357.13
6958,2025-10-13,342.65
6958,2025-10-20,381.26
6958,2025-10-27,388.02
6958,2025-11-03,422.77
6958,2025-11-10,477.78
6958,2025-11-17,470.06
6958,2025-11-24,496.12
6958,2025-12-01,482.61
6958,2025-12-08,471.03
6958,2025-12-15,475.85
6958,2025-12-22,508.67
6958,2025-12-29,505.77
6958,2026-01-05,504.81
6958,2026-01-12,534.73
6958,2026-01-19,523.15
6958,2026-01-26,528.94
6958,2026-02-02,554.03
6958,2026-02-09,580.1
6958,2026-02-16,576.23
6958,2026-02-23,607.12
6958,2026-03-02,564.65
6958,2026-03-09,558.86
6958,2026-03-16,557.9
6958,2026-03-23,555.0
6958,2026-03-30,554.0
6958,2026-04-06,592.0
6958,2026-04-13,596.0
6958,2026-04-20,609.0
6958,2026-04-27,641.0
6958,2026-05-04,656.0
6958,2026-05-11,648.0
6958,2026-05-18,695.0
6958,2026-05-25,768.0
6958,2026-06-01,784.0
6958,2026-06-08,721.0
6958,2026-06-15,748.0
6958,2026-06-22,657.0
6958,2026-06-29,663.0
6958,2026-07-06,657.0
6958,2026-07-13,627.0
6958,2026-07-20,636.0
6958,2026-07-27,630.0
6958,2026-08-03,703.0
6958,2026-08-10,783.0
6958,2026-08-17,722.0
6958,2026-08-24,768.0
6958,2026-08-31,770.0
6958,2026-09-07,719.0
6958,2026-09-14,765.0
6958,2026-09-21,795.0
6958,2026-09-28,788.0
7083,2025-10-06,869.74
7083,2025-10-13,857.9
7083,2025-10-20,859.87
7083,2025-10-27,848.04
7083,2025-11-03,816.49
7083,2025-11-10,858.89
7083,2025-11-17,844.1
7083,2025-11-24,876.0
7083,2025-12-01,880.0
7083,2025-12-08,868.0
7083,2025-12-15,838.0
7083,2025-12-22,823.0
7083,2025-12-29,873.0
7083,2026-01-05,891.0
7083,2026-01-12,903.0
7083,2026-01-19,838.0
7083,2026-01-26,848.0
7083,2026-02-02,841.0
7083,2026-02-09,832.0
7083,2026-02-16,819.0
7083,2026-02-23,825.0
7083,2026-03-02,801.0
7083,2026-03-09,753.0
7083,2026-03-16,748.0
7083,2026-03-23,755.0
7083,2026-03-30,725.0
7083,2026-04-06,727.0
7083,2026-04-13,711.0
7083,2026-04-20,709.0
7083,2026-04-27,709.0
7083,2026-05-04,707.0
7083,2026-05-11,728.0
7083,2026-05-18,766.0
7083,2026-05-25,766.0
7083,2026-06-01,734.0
7083,2026-06-08,747.0
7083,2026-06-15,916.0
7083,2026-06-22,1000.0
7083,2026-06-29,984.0
7083,2026-07-06,991.0
7083,2026-07-13,1030.0
7083,2026-07-20,1072.0
7083,2026-07-27,1058.0
7083,2026-08-03,1021.0
7083,2026-08-10,1051.0
7083,2026-08-17,1089.0
7083,2026-08-24,1088.0
7083,2026-08-31,1101.0
7083,2026-09-07,1105.0
7083,2026-09-14,1170.0
7083,2026-09-21,1169.0
7083,2026-09-28,1320.0
7091,2025-10-06,967.92
7091,2025-10-13,975.89
7091,2025-10-20,993.81
7091,2025-10-27,975.89
7091,2025-11-03,980.86
7091,2025-11-10,987.84
7091,2025-11-17,1006.76
7091,2025-11-24,1029.66
7091,2025-12-01,1063.52
7091,2025-12-08,1040.61
7091,2025-12-15,1034.64
7091,2025-12-22,1035.63
7091,2025-12-29,1053.56
7091,2026-01-05,1121.27
7091,2026-01-12,1125.26
7091,2026-01-19,1151.15
7091,2026-01-26,1197.95
7091,2026-02-02,1222.84
7091,2026-02-09,1301.51
7091,2026-02-16,1162.1
7091,2026-02-23,1227.82
7091,2026-03-02,1182.02
7091,2026-03-09,1216.87
7091,2026-03-16,1212.89
7091,2026-03-23,1186.0
7091,2026-03-30,1287.0
7091,2026-04-06,1308.0
7091,2026-04-13,1287.0
7091,2026-04-20,1284.0
7091,2026-04-27,1264.0
7091,2026-05-04,1259.0
7091,2026-05-11,1319.0
7091,2026-05-18,1180.0
7091,2026-05-25,1189.0
7091,2026-06-01,1179.0
7091,2026-06-08,1170.0
7091,2026-06-15,1203.0
7091,2026-06-22,1199.0
7091,2026-06-29,1214.0
7091,2026-07-06,1238.0
7091,2026-07-13,1212.0
7091,2026-07-20,1186.0
7091,2026-07-27,1197.0
7091,2026-08-03,1200.0
7091,2026-08-10,1191.0
7091,2026-08-17,1269.0
7091,2026-08-24,1295.0
7091,2026-08-31,1257.0
7091,2026-09-07,1248.0
7091,2026-09-14,1300.0
7091,2026-09-21,1325.0
7091,2026-09-28,1193.0
7127,2025-10-06,679.0
7127,2025-10-13,686.0
7127,2025-10-20,685.0
7127,2025-10-27,679.0
7127,2025-11-03,680.0
7127,2025-11-10,689.0
7127,2025-11-17,668.0
7127,2025-11-24,671.0
7127,2025-12-01,668.0
7127,2025-12-08,674.0
7127,2025-12-15,673.0
7127,2025-12-22,669.0
7127,2025-12-29,679.0
7127,2026-01-05,684.0
7127,2026-01-12,692.0
7127,2026-01-19,690.0
7127,2026-01-26,693.0
7127,2026-02-02,699.0
7127,2026-02-09,705.0
7127,2026-02-16,711.0
7127,2026-02-23,715.0
7127,2026-03-02,711.0
7127,2026-03-09,708.0
7127,2026-03-16,712.0
7127,2026-03-23,709.0
7127,2026-03-30,684.0
7127,2026-04-06,684.0
7127,2026-04-13,684.0
7127,2026-04-20,681.0
7127,2026-04-27,686.0
7127,2026-05-04,684.0
7127,2026-05-11,685.0
7127,2026-05-18,689.0
7127,2026-05-25,681.0
7127,2026-06-01,684.0
7127,2026-06-08,687.0
7127,2026-06-15,690.0
7127,2026-06-22,694.0
7127,2026-06-29,701.0
7127,2026-07-06,709.0
7127,2026-07-13,701.0
7127,2026-07-20,699.0
7127,2026-07-27,698.0
7127,2026-08-03,703.0
7127,2026-08-10,693.0
7127,2026-08-17,703.0
7127,2026-08-24,703.0
7127,2026-08-31,709.0
7127,2026-09-07,706.0
7127,2026-09-14,711.0
7127,2026-09-21,712.0
7127,2026-09-28,689.0
7133,2025-10-06,1333.96
7133,2025-10-13,1257.35
7133,2025-10-20,1303.51
7133,2025-10-27,1247.52
7133,2025-11-03,1216.09
7133,2025-11-10,1227.88
7133,2025-11-17,1034.36
7133,2025-11-24,1047.13
7133,2025-12-01,1036.33
7133,2025-12-08,1074.64
7133,2025-12-15,1085.44
7133,2025-12-22,1108.04
7133,2025-12-29,1152.24
7133,2026-01-05,1140.45
7133,2026-01-12,1199.39
7133,2026-01-19,1178.76
7133,2026-01-26,1176.8
7133,2026-02-02,1172.87
7133,2026-02-09,1160.1
7133,2026-02-16,1039.27
7133,2026-02-23,1055.97
7133,2026-03-02,1031.42
7133,2026-03-09,1041.24
7133,2026-03-16,1033.38
7133,2026-03-23,1110.0
7133,2026-03-30,1126.0
7133,2026-04-06,1108.0
7133,2026-04-13,1113.0
7133,2026-04-20,1122.0
7133,2026-04-27,1077.0
7133,2026-05-04,1085.0
7133,2026-05-11,932.0
7133,2026-05-18,944.0
7133,2026-05-25,943.0
7133,2026-06-01,1032.0
7133,2026-06-08,1037.0
7133,2026-06-15,1012.0
7133,2026-06-22,1060.0
7133,2026-06-29,1115.0
7133,2026-07-06,1164.0
7133,2026-07-13,1248.0
7133,2026-07-20,1199.0
7133,2026-07-27,1218.0
7133,2026-08-03,1230.0
7133,2026-08-10,1318.0
7133,2026-08-17,1314.0
7133,2026-08-24,1298.0
7133,2026-08-31,1308.0
7133,2026-09-07,1310.0
7133,2026-09-14,1330.0
7133,2026-09-21,1341.0
7133,2026-09-28,2104.0
7161,2025-10-06,400.88
7161,2025-10-13,391.97
7161,2025-10-20,398.9
7161,2025-10-27,396.92
7161,2025-11-03,398.9
7161,2025-11-10,388.01
7161,2025-11-17,366.23
7161,2025-11-24,388.01
7161,2025-12-01,389.0
7161,2025-12-08,380.09
7161,2025-12-15,386.03
7161,2025-12-22,401.87
7161,2025-12-29,400.88
7161,2026-01-05,429.58
7161,2026-01-12,465.21
7161,2026-01-19,474.12
7161,2026-01-26,452.35
7161,2026-02-02,526.58
7161,2026-02-09,584.98
7161,2026-02-16,600.82
7161,2026-02-23,590.92
7161,2026-03-02,519.65
7161,2026-03-09,495.9
7161,2026-03-16,484.02
7161,2026-03-23,486.0
7161,2026-03-30,484.0
7161,2026-04-06,499.0
7161,2026-04-13,493.0
7161,2026-04-20,457.0
7161,2026-04-27,467.0
7161,2026-05-04,476.0
7161,2026-05-11,506.0
7161,2026-05-18,548.0
7161,2026-05-25,527.0
7161,2026-06-01,511.0
7161,2026-06-08,500.0
7161,2026-06-15,497.0
7161,2026-06-22,494.0
7161,2026-06-29,508.0
7161,2026-07-06,497.0
7161,2026-07-13,491.0
7161,2026-07-20,531.0
7161,2026-07-27,504.0
7161,2026-08-03,520.0
7161,2026-08-10,564.0
7161,2026-08-17,558.0
7161,2026-08-24,588.0
7161,2026-08-31,622.0
7161,2026-09-07,604.0
7161,2026-09-14,640.0
7161,2026-09-21,663.0
7161,2026-09-28,675.0
7167,2025-10-06,895.76
7167,2025-10-13,864.27
7167,2025-10-20,888.84
7167,2025-10-27,937.67
7167,2025-11-03,924.61
7167,2025-11-10,954.54
7167,2025-11-17,934.85
7167,2025-11-24,993.82
7167,2025-12-01,1007.47
7167,2025-12-08,1025.5
7167,2025-12-15,1041.59
7167,2025-12-22,1012.83
7167,2025-12-29,1011.86
7167,2026-01-05,1073.27
7167,2026-01-12,1136.63
7167,2026-01-19,1118.6
7167,2026-01-26,1134.2
7167,2026-02-02,1241.91
7167,2026-02-09,1281.88
7167,2026-02-16,1286.75
7167,2026-02-23,1309.17
7167,2026-03-02,1223.88
7167,2026-03-09,1151.25
7167,2026-03-16,1168.31
7167,2026-03-23,1231.68
7167,2026-03-30,1269.69
7167,2026-04-06,1336.33
7167,2026-04-13,1326.46
7167,2026-04-20,1206.5
7167,2026-04-27,1279.56
7167,2026-05-04,1296.84
7167,2026-05-11,1360.03
7167,2026-05-18,1378.79
7167,2026-05-25,1312.64
7167,2026-06-01,1340.28
7167,2026-06-08,1384.22
7167,2026-06-15,1393.1
7167,2026-06-22,1389.65
7167,2026-06-29,1489.86
7167,2026-07-06,1519.97
7167,2026-07-13,1408.9
7167,2026-07-20,1521.45
7167,2026-07-27,1478.01
7167,2026-08-03,1559.96
7167,2026-08-10,1637.46
7167,2026-08-17,1627.59
7167,2026-08-24,1678.93
7167,2026-08-31,1685.35
7167,2026-09-07,1648.82
7167,2026-09-14,1660.67
7167,2026-09-21,1707.56
7167,2026-09-28,1660.0
7180,2025-10-06,830.06
7180,2025-10-13,811.13
7180,2025-10-20,840.99
7180,2025-10-27,862.36
7180,2025-11-03,866.85
7180,2025-11-10,875.24
7180,2025-11-17,890.37
7180,2025-11-24,939.26
7180,2025-12-01,941.7
7180,2025-12-08,978.78
7180,2025-12-15,976.83
7180,2025-12-22,981.22
7180,2025-12-29,993.42
7180,2026-01-05,1059.78
7180,2026-01-12,1137.36
7180,2026-01-19,1140.28
7180,2026-01-26,1127.6
7180,2026-02-02,1266.66
7180,2026-02-09,1301.79
7180,2026-02-16,1286.17
7180,2026-02-23,1305.69
7180,2026-03-02,1201.76
7180,2026-03-09,1144.67
7180,2026-03-16,1131.99
7180,2026-03-23,1166.63
7180,2026-03-30,1215.1
7180,2026-04-06,1280.87
7180,2026-04-13,1300.65
7180,2026-04-20,1229.44
7180,2026-04-27,1251.2
7180,2026-05-04,1245.26
7180,2026-05-11,1402.03
7180,2026-05-18,1437.64
7180,2026-05-25,1366.92
7180,2026-06-01,1401.05
7180,2026-06-08,1429.23
7180,2026-06-15,1423.79
7180,2026-06-22,1420.83
7180,2026-06-29,1496.0
7180,2026-07-06,1500.94
7180,2026-07-13,1466.82
7180,2026-07-20,1586.99
7180,2026-07-27,1468.3
7180,2026-08-03,1473.25
7180,2026-08-10,1530.62
7180,2026-08-17,1490.56
7180,2026-08-24,1548.42
7180,2026-08-31,1592.43
7180,2026-09-07,1597.87
7180,2026-09-14,1659.69
7180,2026-09-21,1725.96
7180,2026-09-28,1696.0
7181,2025-10-06,1342.73
7181,2025-10-13,1312.54
7181,2025-10-20,1301.83
7181,2025-10-27,1295.98
7181,2025-11-03,1294.04
7181,2025-11-10,1346.63
7181,2025-11-17,1380.39
7181,2025-11-24,1410.58
7181,2025-12-01,1422.27
7181,2025-12-08,1435.26
7181,2025-12-15,1483.95
7181,2025-12-22,1511.87
7181,2025-12-29,1529.73
7181,2026-01-05,1633.94
7181,2026-01-12,1682.64
7181,2026-01-19,1548.56
7181,2026-01-26,1550.18
7181,2026-02-02,1627.12
7181,2026-02-09,1662.51
7181,2026-02-16,1609.92
7181,2026-02-23,1656.34
7181,2026-03-02,1538.49
7181,2026-03-09,1491.75
7181,2026-03-16,1528.75
7181,2026-03-23,1595.96
7181,2026-03-30,1597.44
7181,2026-04-06,1573.76
7181,2026-04-13,1578.69
7181,2026-04-20,1475.13
7181,2026-04-27,1510.14
7181,2026-05-04,1537.27
7181,2026-05-11,1625.55
7181,2026-05-18,1505.7
7181,2026-05-25,1410.02
7181,2026-06-01,1403.12
7181,2026-06-08,1520.01
7181,2026-06-15,1504.22
7181,2026-06-22,1471.18
7181,2026-06-29,1591.02
7181,2026-07-06,1590.53
7181,2026-07-13,1588.56
7181,2026-07-20,1744.9
7181,2026-07-27,1746.87
7181,2026-08-03,1763.64
7181,2026-08-10,1673.88
7181,2026-08-17,1629.0
7181,2026-08-24,1655.14
7181,2026-08-31,1711.86
7181,2026-09-07,1743.42
7181,2026-09-14,1774.98
7181,2026-09-21,1803.1
7181,2026-09-28,1695.0
7182,2025-10-06,1662.54
7182,2025-10-13,1614.91
7182,2025-10-20,1670.8
7182,2025-10-27,1679.55
7182,2025-11-03,1707.25
7182,2025-11-10,1708.22
7182,2025-11-17,1715.02
7182,2025-11-24,1824.85
7182,2025-12-01,1904.55
7182,2025-12-08,2070.27
7182,2025-12-15,1988.63
7182,2025-12-22,2096.03
7182,2025-12-29,2147.06
7182,2026-01-05,2251.54
7182,2026-01-12,2478.5
7182,2026-01-19,2468.78
7182,2026-01-26,2663.17
7182,2026-02-02,2854.64
7182,2026-02-09,3007.24
7182,2026-02-16,2968.36
7182,2026-02-23,2975.17
7182,2026-03-02,2743.35
7182,2026-03-09,2555.77
7182,2026-03-16,2527.09
7182,2026-03-23,2565.0
7182,2026-03-30,2628.5
7182,2026-04-06,2710.5
7182,2026-04-13,2731.5
7182,2026-04-20,2510.0
7182,2026-04-27,2656.0
7182,2026-05-04,2724.5
7182,2026-05-11,2829.0
7182,2026-05-18,3104.0
7182,2026-05-25,3069.0
7182,2026-06-01,3161.0
7182,2026-06-08,3211.0
7182,2026-06-15,3190.0
7182,2026-06-22,3069.0
7182,2026-06-29,3230.0
7182,2026-07-06,3261.0
7182,2026-07-13,3141.0
7182,2026-07-20,3442.0
7182,2026-07-27,3111.0
7182,2026-08-03,3188.0
7182,2026-08-10,3275.0
7182,2026-08-17,3151.0
7182,2026-08-24,3335.0
7182,2026-08-31,3377.0
7182,2026-09-07,3290.0
7182,2026-09-14,3264.0
7182,2026-09-21,3349.0
7182,2026-09-28,3395.0
7184,2025-10-06,1423.32
7184,2025-10-13,1375.88
7184,2025-10-20,1432.04
7184,2025-10-27,1410.73
7184,2025-11-03,1372.97
7184,2025-11-10,1522.08
7184,2025-11-17,1545.32
7184,2025-11-24,1653.76
7184,2025-12-01,1669.26
7184,2025-12-08,1720.57
7184,2025-12-15,1725.41
7184,2025-12-22,1731.22
7184,2025-12-29,1757.37
7184,2026-01-05,1879.37
7184,2026-01-12,2079.79
7184,2026-01-19,2346.06
7184,2026-01-26,2152.41
7184,2026-02-02,2652.99
7184,2026-02-09,2629.76
7184,2026-02-16,2508.73
7184,2026-02-23,2637.5
7184,2026-03-02,2325.73
7184,2026-03-09,2377.04
7184,2026-03-16,2428.36
7184,2026-03-23,2466.12
7184,2026-03-30,2422.56
7184,2026-04-06,2576.01
7184,2026-04-13,2727.49
7184,2026-04-20,2461.17
7184,2026-04-27,2540.37
7184,2026-05-04,2544.33
7184,2026-05-11,2668.09
7184,2026-05-18,2673.04
7184,2026-05-25,2473.05
7184,2026-06-01,2465.13
7184,2026-06-08,2472.06
7184,2026-06-15,2376.03
7184,2026-06-22,2411.67
7184,2026-06-29,2644.33
7184,2026-07-06,2650.27
7184,2026-07-13,2658.19
7184,2026-07-20,3034.39
7184,2026-07-27,2881.93
7184,2026-08-03,3024.49
7184,2026-08-10,3276.94
7184,2026-08-17,3143.29
7184,2026-08-24,3380.9
7184,2026-08-31,3371.0
7184,2026-09-07,3430.4
7184,2026-09-14,3499.7
7184,2026-09-21,3628.4
7184,2026-09-28,3640.0
7189,2025-10-06,2331.36
7189,2025-10-13,2285.88
7189,2025-10-20,2460.07
7189,2025-10-27,2552.98
7189,2025-11-03,2590.72
7189,2025-11-10,2801.21
7189,2025-11-17,2779.44
7189,2025-11-24,2869.44
7189,2025-12-01,2922.67
7189,2025-12-08,2912.99
7189,2025-12-15,3063.96
7189,2025-12-22,3042.67
7189,2025-12-29,3107.51
7189,2026-01-05,3299.13
7189,2026-01-12,3590.43
7189,2026-01-19,3587.53
7189,2026-01-26,3609.79
7189,2026-02-02,4024.96
7189,2026-02-09,4169.16
7189,2026-02-16,4276.58
7189,2026-02-23,4310.45
7189,2026-03-02,3988.18
7189,2026-03-09,3791.73
7189,2026-03-16,3743.34
7189,2026-03-23,3774.31
7189,2026-03-30,3952.82
7189,2026-04-06,4158.94
7189,2026-04-13,4127.38
7189,2026-04-20,3759.51
7189,2026-04-27,3854.19
7189,2026-05-04,3891.67
7189,2026-05-11,3994.24
7189,2026-05-18,4040.59
7189,2026-05-25,3898.57
7189,2026-06-01,3952.82
7189,2026-06-08,4111.6
7189,2026-06-15,4015.93
7189,2026-06-22,4146.12
7189,2026-06-29,4223.04
7189,2026-07-06,4280.24
7189,2026-07-13,4049.47
7189,2026-07-20,4379.85
7189,2026-07-27,4209.24
7189,2026-08-03,4469.6
7189,2026-08-10,4705.31
7189,2026-08-17,4598.8
7189,2026-08-24,4772.37
7189,2026-08-31,4861.13
7189,2026-09-07,4799.0
7189,2026-09-14,4895.65
7189,2026-09-21,5075.15
7189,2026-09-28,4872.0
7239,2025-10-06,1837.22
7239,2025-10-13,1874.32
7239,2025-10-20,1912.38
7239,2025-10-27,1864.81
7239,2025-11-03,1883.84
7239,2025-11-10,1926.65
7239,2025-11-17,1911.43
7239,2025-11-24,1935.21
7239,2025-12-01,1888.59
7239,2025-12-08,1939.02
7239,2025-12-15,1969.47
7239,2025-12-22,1985.64
7239,2025-12-29,1981.83
7239,2026-01-05,2013.23
7239,2026-01-12,2057.0
7239,2026-01-19,2055.09
7239,2026-01-26,2001.81
7239,2026-02-02,2106.47
7239,2026-02-09,2155.0
7239,2026-02-16,2175.93
7239,2026-02-23,2234.92
7239,2026-03-02,2093.15
7239,2026-03-09,2004.67
7239,2026-03-16,1978.98
7239,2026-03-23,2014.18
7239,2026-03-30,2027.94
7239,2026-04-06,2047.46
7239,2026-04-13,2064.05
7239,2026-04-20,2016.23
7239,2026-04-27,2001.59
7239,2026-05-04,2039.65
7239,2026-05-11,2119.68
7239,2026-05-18,2127.49
7239,2026-05-25,2217.27
7239,2026-06-01,2147.0
7239,2026-06-08,2093.33
7239,2026-06-15,2136.27
7239,2026-06-22,2098.21
7239,2026-06-29,2099.19
7239,2026-07-06,2094.31
7239,2026-07-13,2094.31
7239,2026-07-20,2116.75
7239,2026-07-27,2207.51
7239,2026-08-03,2228.98
7239,2026-08-10,2253.38
7239,2026-08-17,2281.68
7239,2026-08-24,2298.27
7239,2026-08-31,2321.69
7239,2026-09-07,2229.96
7239,2026-09-14,2318.76
7239,2026-09-21,2340.24
7239,2026-09-28,2281.0
7256,2025-10-06,98.0
7256,2025-10-13,94.0
7256,2025-10-20,109.0
7256,2025-10-27,135.0
7256,2025-11-03,123.0
7256,2025-11-10,106.0
7256,2025-11-17,105.0
7256,2025-11-24,118.0
7256,2025-12-01,119.0
7256,2025-12-08,139.0
7256,2025-12-15,134.0
7256,2025-12-22,132.0
7256,2025-12-29,132.0
7256,2026-01-05,151.0
7256,2026-01-12,162.0
7256,2026-01-19,152.0
7256,2026-01-26,158.0
7256,2026-02-02,162.0
7256,2026-02-09,163.0
7256,2026-02-16,355.0
7256,2026-02-23,314.0
7256,2026-03-02,276.0
7256,2026-03-09,287.0
7256,2026-03-16,280.0
7256,2026-03-23,273.0
7256,2026-03-30,267.0
7256,2026-04-06,269.0
7256,2026-04-13,274.0
7256,2026-04-20,455.0
7256,2026-04-27,345.0
7256,2026-05-04,434.0
7256,2026-05-11,443.0
7256,2026-05-18,405.0
7256,2026-05-25,373.0
7256,2026-06-01,362.0
7256,2026-06-08,355.0
7256,2026-06-15,487.0
7256,2026-06-22,407.0
7256,2026-06-29,444.0
7256,2026-07-06,432.0
7256,2026-07-13,418.0
7256,2026-07-20,411.0
7256,2026-07-27,411.0
7256,2026-08-03,430.0
7256,2026-08-10,451.0
7256,2026-08-17,432.0
7256,2026-08-24,416.0
7256,2026-08-31,429.0
7256,2026-09-07,429.0
7256,2026-09-14,469.0
7256,2026-09-21,565.0
7256,2026-09-28,468.0
7322,2025-10-06,858.04
7322,2025-10-13,866.6
7322,2025-10-20,889.82
7322,2025-10-27,892.27
7322,2025-11-03,911.82
7322,2025-11-10,933.82
7322,2025-11-17,941.16
7322,2025-11-24,999.83
7322,2025-12-01,994.94
7322,2025-12-08,1001.05
7322,2025-12-15,1032.83
7322,2025-12-22,1034.05
7322,2025-12-29,1076.83
7322,2026-01-05,1137.95
7322,2026-01-12,1217.39
7322,2026-01-19,1251.62
7322,2026-01-26,1222.28
7322,2026-02-02,1364.07
7322,2026-02-09,1491.19
7322,2026-02-16,1496.07
7322,2026-02-23,1542.52
7322,2026-03-02,1500.96
7322,2026-03-09,1481.41
7322,2026-03-16,1488.74
7322,2026-03-23,1530.3
7322,2026-03-30,1501.57
7322,2026-04-06,1630.34
7322,2026-04-13,1664.01
7322,2026-04-20,1514.45
7322,2026-04-27,1618.45
7322,2026-05-04,1643.21
7322,2026-05-11,1680.85
7322,2026-05-18,1694.72
7322,2026-05-25,1582.79
7322,2026-06-01,1596.66
7322,2026-06-08,1734.34
7322,2026-06-15,1644.2
7322,2026-06-22,1704.62
7322,2026-06-29,1807.63
7322,2026-07-06,1781.88
7322,2026-07-13,1758.11
7322,2026-07-20,1978.0
7322,2026-07-27,1891.83
7322,2026-08-03,1882.91
7322,2026-08-10,2057.24
7322,2026-08-17,1992.85
7322,2026-08-24,2131.52
7322,2026-08-31,2138.46
7322,2026-09-07,2013.65
7322,2026-09-14,2067.14
7322,2026-09-21,2216.7
7322,2026-09-28,2255.0
7327,2025-10-06,1380.98
7327,2025-10-13,1397.44
7327,2025-10-20,1412.93
7327,2025-10-27,1441.02
7327,2025-11-03,1437.15
7327,2025-11-10,1451.67
7327,2025-11-17,1481.69
7327,2025-11-24,1567.88
7327,2025-12-01,1599.84
7327,2025-12-08,1580.47
7327,2025-12-15,1596.94
7327,2025-12-22,1571.76
7327,2025-12-29,1576.6
7327,2026-01-05,1688.94
7327,2026-01-12,1755.76
7327,2026-01-19,1794.49
7327,2026-01-26,1779.0
7327,2026-02-02,1841.95
7327,2026-02-09,1969.78
7327,2026-02-16,1934.92
7327,2026-02-23,1976.56
7327,2026-03-02,1983.34
7327,2026-03-09,1909.74
7327,2026-03-16,1904.9
7327,2026-03-23,1951.38
7327,2026-03-30,1909.97
7327,2026-04-06,1986.88
7327,2026-04-13,1968.14
7327,2026-04-20,1815.31
7327,2026-04-27,1916.87
7327,2026-05-04,1949.41
7327,2026-05-11,2001.67
7327,2026-05-18,2085.48
7327,2026-05-25,1991.81
7327,2026-06-01,2017.44
7327,2026-06-08,2074.64
7327,2026-06-15,2047.03
7327,2026-06-22,2101.26
7327,2026-06-29,2180.14
7327,2026-07-06,2214.65
7327,2026-07-13,2171.27
7327,2026-07-20,2331.99
7327,2026-07-27,2275.79
7327,2026-08-03,2338.89
7327,2026-08-10,2465.11
7327,2026-08-17,2430.6
7327,2026-08-24,2549.91
7327,2026-08-31,2609.07
7327,2026-09-07,2594.28
7327,2026-09-14,2626.82
7327,2026-09-21,2815.15
7327,2026-09-28,2674.0
7337,2025-10-06,1341.64
7337,2025-10-13,1318.87
7337,2025-10-20,1350.37
7337,2025-10-27,1395.43
7337,2025-11-03,1410.93
7337,2025-11-10,1432.25
7337,2025-11-17,1442.43
7337,2025-11-24,1500.57
7337,2025-12-01,1498.15
7337,2025-12-08,1524.79
7337,2025-12-15,1558.23
7337,2025-12-22,1519.46
7337,2025-12-29,1532.55
7337,2026-01-05,1608.13
7337,2026-01-12,1679.84
7337,2026-01-19,1673.54
7337,2026-01-26,1692.92
7337,2026-02-02,1834.89
7337,2026-02-09,1879.47
7337,2026-02-16,1864.93
7337,2026-02-23,1876.56
7337,2026-03-02,1792.74
7337,2026-03-09,1774.32
7337,2026-03-16,1725.87
7337,2026-03-23,1765.12
7337,2026-03-30,1784.34
7337,2026-04-06,1901.16
7337,2026-04-13,1896.23
7337,2026-04-20,1766.1
7337,2026-04-27,1816.38
7337,2026-05-04,1831.17
7337,2026-05-11,2024.39
7337,2026-05-18,2052.49
7337,2026-05-25,1988.9
7337,2026-06-01,1993.83
7337,2026-06-08,2051.99
7337,2026-06-15,2051.01
7337,2026-06-22,2070.72
7337,2026-06-29,2167.33
7337,2026-07-06,2167.83
7337,2026-07-13,2100.79
7337,2026-07-20,2271.34
7337,2026-07-27,2173.25
7337,2026-08-03,2235.85
7337,2026-08-10,2330.98
7337,2026-08-17,2267.89
7337,2026-08-24,2344.29
7337,2026-08-31,2362.03
7337,2026-09-07,2327.53
7337,2026-09-14,2366.47
7337,2026-09-21,2434.99
7337,2026-09-28,2374.0
7350,2025-10-06,3575.16
7350,2025-10-13,3526.65
7350,2025-10-20,3686.73
7350,2025-10-27,3730.39
7350,2025-11-03,3788.6
7350,2025-11-10,4196.08
7350,2025-11-17,4191.23
7350,2025-11-24,4506.54
7350,2025-12-01,4462.88
7350,2025-12-08,4467.73
7350,2025-12-15,4564.75
7350,2025-12-22,4564.75
7350,2025-12-29,4622.97
7350,2026-01-05,4817.0
7350,2026-01-12,5064.4
7350,2026-01-19,5239.04
7350,2026-01-26,5093.51
7350,2026-02-02,5530.09
7350,2026-02-09,5665.92
7350,2026-02-16,5724.13
7350,2026-02-23,5830.85
7350,2026-03-02,5394.27
7350,2026-03-09,5248.74
7350,2026-03-16,5287.55
7350,2026-03-23,5423.37
7350,2026-03-30,5314.71
7350,2026-04-06,5650.58
7350,2026-04-13,5838.28
7350,2026-04-20,5433.25
7350,2026-04-27,5522.16
7350,2026-05-04,5630.83
7350,2026-05-11,5838.28
7350,2026-05-18,6075.36
7350,2026-05-25,6095.12
7350,2026-06-01,6114.88
7350,2026-06-08,6391.48
7350,2026-06-15,6174.15
7350,2026-06-22,6253.18
7350,2026-06-29,6549.54
7350,2026-07-06,6677.96
7350,2026-07-13,6747.11
7350,2026-07-20,7270.68
7350,2026-07-27,7260.8
7350,2026-08-03,7517.65
7350,2026-08-10,7843.64
7350,2026-08-17,7557.16
7350,2026-08-24,7843.64
7350,2026-08-31,7814.0
7350,2026-09-07,7655.95
7350,2026-09-14,7863.4
7350,2026-09-21,8179.51
7350,2026-09-28,7830.0
7366,2025-10-06,1268.6
7366,2025-10-13,1225.98
7366,2025-10-20,1235.89
7366,2025-10-27,1223.01
7366,2025-11-03,1184.36
7366,2025-11-10,1229.95
7366,2025-11-17,1241.84
7366,2025-11-24,1273.55
7366,2025-12-01,1261.66
7366,2025-12-08,1216.07
7366,2025-12-15,1301.31
7366,2025-12-22,1280.49
7366,2025-12-29,1282.47
7366,2026-01-05,1282.47
7366,2026-01-12,1286.44
7366,2026-01-19,1300.31
7366,2026-01-26,1178.41
7366,2026-02-02,1262.65
7366,2026-02-09,1274.55
7366,2026-02-16,1331.04
7366,2026-02-23,1333.02
7366,2026-03-02,1344.91
7366,2026-03-09,1275.54
7366,2026-03-16,1270.58
7366,2026-03-23,1224.0
7366,2026-03-30,1229.0
7366,2026-04-06,1240.0
7366,2026-04-13,1263.0
7366,2026-04-20,1209.0
7366,2026-04-27,1187.0
7366,2026-05-04,1179.0
7366,2026-05-11,1532.0
7366,2026-05-18,1619.0
7366,2026-05-25,1591.0
7366,2026-06-01,1507.0
7366,2026-06-08,1580.0
7366,2026-06-15,1602.0
7366,2026-06-22,1512.0
7366,2026-06-29,1668.0
7366,2026-07-06,1645.0
7366,2026-07-13,1620.0
7366,2026-07-20,1593.0
7366,2026-07-27,1591.0
7366,2026-08-03,1774.0
7366,2026-08-10,1791.0
7366,2026-08-17,1833.0
7366,2026-08-24,1886.0
7366,2026-08-31,1834.0
7366,2026-09-07,1786.0
7366,2026-09-14,1886.0
7366,2026-09-21,1905.0
7366,2026-09-28,1933.0
7380,2025-10-06,1054.13
7380,2025-10-13,1060.03
7380,2025-10-20,1089.53
7380,2025-10-27,1105.26
7380,2025-11-03,1130.83
7380,2025-11-10,1166.23
7380,2025-11-17,1203.6
7380,2025-11-24,1223.26
7380,2025-12-01,1256.7
7380,2025-12-08,1292.1
7380,2025-12-15,1317.66
7380,2025-12-22,1343.23
7380,2025-12-29,1416.0
7380,2026-01-05,1459.26
7380,2026-01-12,1589.06
7380,2026-01-19,1673.63
7380,2026-01-26,1612.66
7380,2026-02-02,1777.86
7380,2026-02-09,1799.49
7380,2026-02-16,1943.06
7380,2026-02-23,2025.66
7380,2026-03-02,1866.36
7380,2026-03-09,1781.79
7380,2026-03-16,1738.53
7380,2026-03-23,1840.79
7380,2026-03-30,1866.75
7380,2026-04-06,2051.43
7380,2026-04-13,2112.32
7380,2026-04-20,1995.52
7380,2026-04-27,2055.42
7380,2026-05-04,2056.42
7380,2026-05-11,2041.44
7380,2026-05-18,2147.26
7380,2026-05-25,2112.32
7380,2026-06-01,2091.36
7380,2026-06-08,2193.18
7380,2026-06-15,2175.21
7380,2026-06-22,2286.02
7380,2026-06-29,2456.72
7380,2026-07-06,2459.72
7380,2026-07-13,2307.98
7380,2026-07-20,2557.55
7380,2026-07-27,2361.89
7380,2026-08-03,2411.8
7380,2026-08-10,2577.51
7380,2026-08-17,2507.63
7380,2026-08-24,2612.45
7380,2026-08-31,2645.39
7380,2026-09-07,2628.42
7380,2026-09-14,2718.27
7380,2026-09-21,2844.05
7380,2026-09-28,2783.0
7381,2025-10-06,626.49
7381,2025-10-13,621.61
7381,2025-10-20,645.06
7381,2025-10-27,644.09
7381,2025-11-03,631.38
7381,2025-11-10,634.31
7381,2025-11-17,634.31
7381,2025-11-24,686.11
7381,2025-12-01,692.95
7381,2025-12-08,697.84
7381,2025-12-15,698.82
7381,2025-12-22,777.01
7381,2025-12-29,789.71
7381,2026-01-05,879.63
7381,2026-01-12,958.8
7381,2026-01-19,953.91
7381,2026-01-26,904.07
7381,2026-02-02,920.68
7381,2026-02-09,957.82
7381,2026-02-16,990.07
7381,2026-02-23,1030.15
7381,2026-03-02,997.89
7381,2026-03-09,942.18
7381,2026-03-16,942.18
7381,2026-03-23,962.71
7381,2026-03-30,974.58
7381,2026-04-06,1013.17
7381,2026-04-13,1004.26
7381,2026-04-20,914.23
7381,2026-04-27,952.81
7381,2026-05-04,1003.27
7381,2026-05-11,1032.96
7381,2026-05-18,1044.83
7381,2026-05-25,1026.03
7381,2026-06-01,1023.06
7381,2026-06-08,978.54
7381,2026-06-15,950.83
7381,2026-06-22,967.65
7381,2026-06-29,1031.97
7381,2026-07-06,1023.06
7381,2026-07-13,1060.66
7381,2026-07-20,1143.77
7381,2026-07-27,1095.29
7381,2026-08-03,1201.16
7381,2026-08-10,1254.59
7381,2026-08-17,1214.02
7381,2026-08-24,1259.53
7381,2026-08-31,1276.35
7381,2026-09-07,1264.48
7381,2026-09-14,1316.92
7381,2026-09-21,1355.51
7381,2026-09-28,1336.0
7384,2025-10-06,1637.2
7384,2025-10-13,1641.13
7384,2025-10-20,1667.68
7384,2025-10-27,1703.08
7384,2025-11-03,1695.21
7384,2025-11-10,1733.56
7384,2025-11-17,1651.95
7384,2025-11-24,1724.71
7384,2025-12-01,1708.0
7384,2025-12-08,1763.06
7384,2025-12-15,1793.54
7384,2025-12-22,2045.27
7384,2025-12-29,2142.62
7384,2026-01-05,2300.93
7384,2026-01-12,2374.68
7384,2026-01-19,2727.68
7384,2026-01-26,2631.32
7384,2026-02-02,2861.41
7384,2026-02-09,2768.98
7384,2026-02-16,2812.25
7384,2026-02-23,2931.23
7384,2026-03-02,2984.32
7384,2026-03-09,3008.91
7384,2026-03-16,3018.74
7384,2026-03-23,3092.49
7384,2026-03-30,3132.13
7384,2026-04-06,3221.34
7384,2026-04-13,3756.58
7384,2026-04-20,3404.71
7384,2026-04-27,3493.92
7384,2026-05-04,3548.43
7384,2026-05-11,3414.62
7384,2026-05-18,3786.31
7384,2026-05-25,3880.48
7384,2026-06-01,3925.08
7384,2026-06-08,3518.69
7384,2026-06-15,3414.62
7384,2026-06-22,3523.65
7384,2026-06-29,4019.24
7384,2026-07-06,4029.15
7384,2026-07-13,3825.96
7384,2026-07-20,4291.82
7384,2026-07-27,3964.73
7384,2026-08-03,4276.95
7384,2026-08-10,4584.22
7384,2026-08-17,4440.49
7384,2026-08-24,4608.99
7384,2026-08-31,4777.5
7384,2026-09-07,5064.94
7384,2026-09-14,5382.12
7384,2026-09-21,5580.35
7384,2026-09-28,5720.0
7389,2025-10-06,716.16
7389,2025-10-13,726.95
7389,2025-10-20,732.84
7389,2025-10-27,779.93
7389,2025-11-03,807.39
7389,2025-11-10,825.05
7389,2025-11-17,839.77
7389,2025-11-24,911.38
7389,2025-12-01,931.01
7389,2025-12-08,904.52
7389,2025-12-15,925.12
7389,2025-12-22,889.8
7389,2025-12-29,902.56
7389,2026-01-05,970.25
7389,2026-01-12,1079.14
7389,2026-01-19,1104.65
7389,2026-01-26,1073.26
7389,2026-02-02,1157.63
7389,2026-02-09,1243.96
7389,2026-02-16,1226.3
7389,2026-02-23,1294.97
7389,2026-03-02,1177.25
7389,2026-03-09,1177.25
7389,2026-03-16,1241.99
7389,2026-03-23,1385.23
7389,2026-03-30,1421.97
7389,2026-04-06,1576.87
7389,2026-04-13,1628.51
7389,2026-04-20,1448.78
7389,2026-04-27,1467.65
7389,2026-05-04,1488.5
7389,2026-05-11,1511.34
7389,2026-05-18,1403.1
7389,2026-05-25,1347.49
7389,2026-06-01,1336.57
7389,2026-06-08,1357.42
7389,2026-06-15,1345.51
7389,2026-06-22,1374.3
7389,2026-06-29,1472.61
7389,2026-07-06,1487.5
7389,2026-07-13,1675.18
7389,2026-07-20,1815.19
7389,2026-07-27,1724.83
7389,2026-08-03,1610.64
7389,2026-08-10,1854.91
7389,2026-08-17,1790.37
7389,2026-08-24,1944.28
7389,2026-08-31,1909.53
7389,2026-09-07,1965.14
7389,2026-09-14,1963.15
7389,2026-09-21,2051.53
7389,2026-09-28,2026.0
7413,2025-10-06,2565.48
7413,2025-10-13,2512.88
7413,2025-10-20,2608.16
7413,2025-10-27,2594.26
7413,2025-11-03,2481.12
7413,2025-11-10,2471.2
7413,2025-11-17,2506.93
7413,2025-11-24,2519.83
7413,2025-12-01,2605.18
7413,2025-12-08,2640.91
7413,2025-12-15,2564.49
7413,2025-12-22,2587.32
7413,2025-12-29,2686.56
7413,2026-01-05,2711.37
7413,2026-01-12,2791.76
7413,2026-01-19,2821.54
7413,2026-01-26,2610.14
7413,2026-02-02,2685.57
7413,2026-02-09,2868.18
7413,2026-02-16,2838.41
7413,2026-02-23,2835.43
7413,2026-03-02,2785.81
7413,2026-03-09,2779.85
7413,2026-03-16,2674.65
7413,2026-03-23,2629.0
7413,2026-03-30,2500.0
7413,2026-04-06,2613.0
7413,2026-04-13,2557.0
7413,2026-04-20,2562.0
7413,2026-04-27,2565.0
7413,2026-05-04,2564.0
7413,2026-05-11,2565.0
7413,2026-05-18,2560.0
7413,2026-05-25,2521.0
7413,2026-06-01,2495.0
7413,2026-06-08,2500.0
7413,2026-06-15,2550.0
7413,2026-06-22,2557.0
7413,2026-06-29,2680.0
7413,2026-07-06,2600.0
7413,2026-07-13,2625.0
7413,2026-07-20,2600.0
7413,2026-07-27,2670.0
7413,2026-08-03,2658.0
7413,2026-08-10,2658.0
7413,2026-08-17,2640.0
7413,2026-08-24,2615.0
7413,2026-08-31,2685.0
7413,2026-09-07,2730.0
7413,2026-09-14,2860.0
7413,2026-09-21,2950.0
7413,2026-09-28,2900.0
7433,2025-10-06,1142.43
7433,2025-10-13,1148.52
7433,2025-10-20,1163.75
7433,2025-10-27,1175.94
7433,2025-11-03,1162.23
7433,2025-11-10,1169.85
7433,2025-11-17,1171.37
7433,2025-11-24,1194.22
7433,2025-12-01,1180.51
7433,2025-12-08,1182.03
7433,2025-12-15,1177.46
7433,2025-12-22,1192.69
7433,2025-12-29,1192.69
7433,2026-01-05,1201.83
7433,2026-01-12,1218.59
7433,2026-01-19,1221.64
7433,2026-01-26,1264.29
7433,2026-02-02,1306.94
7433,2026-02-09,1320.65
7433,2026-02-16,1316.08
7433,2026-02-23,1351.11
7433,2026-03-02,1287.13
7433,2026-03-09,1276.47
7433,2026-03-16,1270.38
7433,2026-03-23,1316.08
7433,2026-03-30,1319.19
7433,2026-04-06,1334.79
7433,2026-04-13,1320.75
7433,2026-04-20,1292.69
7433,2026-04-27,1298.92
7433,2026-05-04,1311.4
7433,2026-05-11,1425.23
7433,2026-05-18,1414.31
7433,2026-05-25,1417.43
7433,2026-06-01,1426.79
7433,2026-06-08,1395.6
7433,2026-06-15,1412.75
7433,2026-06-22,1418.99
7433,2026-06-29,1445.5
7433,2026-07-06,1431.47
7433,2026-07-13,1372.21
7433,2026-07-20,1431.47
7433,2026-07-27,1540.62
7433,2026-08-03,1671.6
7433,2026-08-10,1646.65
7433,2026-08-17,1627.94
7433,2026-08-24,1643.54
7433,2026-08-31,1646.65
7433,2026-09-07,1687.2
7433,2026-09-14,1705.91
7433,2026-09-21,1777.64
7433,2026-09-28,1836.0
7435,2025-10-06,985.01
7435,2025-10-13,969.43
7435,2025-10-20,969.43
7435,2025-10-27,974.42
7435,2025-11-03,957.69
7435,2025-11-10,960.64
7435,2025-11-17,958.67
7435,2025-11-24,977.37
7435,2025-12-01,972.45
7435,2025-12-08,944.89
7435,2025-12-15,963.59
7435,2025-12-22,955.72
7435,2025-12-29,960.64
7435,2026-01-05,968.52
7435,2026-01-12,971.47
7435,2026-01-19,955.72
7435,2026-01-26,963.59
7435,2026-02-02,974.42
7435,2026-02-09,996.08
7435,2026-02-16,998.04
7435,2026-02-23,1033.48
7435,2026-03-02,978.36
7435,2026-03-09,1102.38
7435,2026-03-16,1089.58
7435,2026-03-23,1095.49
7435,2026-03-30,1204.74
7435,2026-04-06,1235.25
7435,2026-04-13,1234.27
7435,2026-04-20,1219.5
7435,2026-04-27,1036.0
7435,2026-05-04,992.0
7435,2026-05-11,981.0
7435,2026-05-18,959.0
7435,2026-05-25,1160.0
7435,2026-06-01,1019.0
7435,2026-06-08,1093.0
7435,2026-06-15,1251.0
7435,2026-06-22,1292.0
7435,2026-06-29,1305.0
7435,2026-07-06,1289.0
7435,2026-07-13,1215.0
7435,2026-07-20,1196.0
7435,2026-07-27,1196.0
7435,2026-08-03,1263.0
7435,2026-08-10,1323.0
7435,2026-08-17,1350.0
7435,2026-08-24,1343.0
7435,2026-08-31,1305.0
7435,2026-09-07,1239.0
7435,2026-09-14,1290.0
7435,2026-09-21,1341.0
7435,2026-09-28,1381.0
7475,2025-10-06,2741.46
7475,2025-10-13,2745.41
7475,2025-10-20,2744.42
7475,2025-10-27,2647.74
7475,2025-11-03,2693.12
7475,2025-11-10,2671.42
7475,2025-11-17,2694.11
7475,2025-11-24,2688.19
7475,2025-12-01,2599.41
7475,2025-12-08,2595.46
7475,2025-12-15,2617.16
7475,2025-12-22,2647.74
7475,2025-12-29,2648.73
7475,2026-01-05,2677.34
7475,2026-01-12,2678.32
7475,2026-01-19,2688.19
7475,2026-01-26,2582.64
7475,2026-02-02,2615.19
7475,2026-02-09,2701.01
7475,2026-02-16,2673.39
7475,2026-02-23,2735.54
7475,2026-03-02,2648.73
7475,2026-03-09,2571.78
7475,2026-03-16,2555.01
7475,2026-03-23,2556.0
7475,2026-03-30,2611.0
7475,2026-04-06,2615.0
7475,2026-04-13,2600.0
7475,2026-04-20,2517.0
7475,2026-04-27,2476.0
7475,2026-05-04,2498.0
7475,2026-05-11,2509.0
7475,2026-05-18,2442.0
7475,2026-05-25,2431.0
7475,2026-06-01,2423.0
7475,2026-06-08,2484.0
7475,2026-06-15,2462.0
7475,2026-06-22,2460.0
7475,2026-06-29,2500.0
7475,2026-07-06,2525.0
7475,2026-07-13,2585.0
7475,2026-07-20,2644.0
7475,2026-07-27,2544.0
7475,2026-08-03,2468.0
7475,2026-08-10,2543.0
7475,2026-08-17,2551.0
7475,2026-08-24,2540.0
7475,2026-08-31,2521.0
7475,2026-09-07,3775.0
7475,2026-09-14,3765.0
7475,2026-09-21,3765.0
7475,2026-09-28,3770.0
7480,2025-10-06,1570.36
7480,2025-10-13,1581.58
7480,2025-10-20,1568.49
7480,2025-10-27,1565.69
7480,2025-11-03,1548.86
7480,2025-11-10,1560.08
7480,2025-11-17,1573.16
7480,2025-11-24,1596.53
7480,2025-12-01,1547.93
7480,2025-12-08,1537.64
7480,2025-12-15,1542.32
7480,2025-12-22,1564.75
7480,2025-12-29,1574.1
7480,2026-01-05,1602.14
7480,2026-01-12,1661.03
7480,2026-01-19,1635.79
7480,2026-01-26,1598.4
7480,2026-02-02,1621.77
7480,2026-02-09,1637.66
7480,2026-02-16,1635.79
7480,2026-02-23,1686.27
7480,2026-03-02,1654.49
7480,2026-03-09,1640.46
7480,2026-03-16,1641.4
7480,2026-03-23,1667.57
7480,2026-03-30,1725.65
7480,2026-04-06,1721.74
7480,2026-04-13,1739.31
7480,2026-04-20,1692.46
7480,2026-04-27,1681.72
7480,2026-05-04,1932.57
7480,2026-05-11,1940.38
7480,2026-05-18,1991.13
7480,2026-05-25,1986.25
7480,2026-06-01,2094.59
7480,2026-06-08,2068.24
7480,2026-06-15,2161.94
7480,2026-06-22,2184.39
7480,2026-06-29,2461.58
7480,2026-07-06,2486.96
7480,2026-07-13,2330.79
7480,2026-07-20,2375.69
7480,2026-07-27,2420.59
7480,2026-08-03,3303.91
7480,2026-08-10,3328.31
7480,2026-08-17,3313.67
7480,2026-08-24,3430.8
7480,2026-08-31,3338.07
7480,2026-09-07,3386.87
7480,2026-09-14,3538.16
7480,2026-09-21,3596.72
7480,2026-09-28,3760.0
7537,2025-10-06,1046.1
7537,2025-10-13,1047.06
7537,2025-10-20,1144.86
7537,2025-10-27,1139.11
7537,2025-11-03,1089.25
7537,2025-11-10,1127.6
7537,2025-11-17,1112.26
7537,2025-11-24,1160.2
7537,2025-12-01,1145.82
7537,2025-12-08,1151.57
7537,2025-12-15,1181.3
7537,2025-12-22,1224.45
7537,2025-12-29,1249.38
7537,2026-01-05,1304.03
7537,2026-01-12,1328.96
7537,2026-01-19,1354.85
7537,2026-01-26,1313.62
7537,2026-02-02,1216.78
7537,2026-02-09,1222.53
7537,2026-02-16,1191.85
7537,2026-02-23,1222.53
7537,2026-03-02,1134.31
7537,2026-03-09,1076.78
7537,2026-03-16,1074.87
7537,2026-03-23,1113.22
7537,2026-03-30,1132.82
7537,2026-04-06,1158.3
7537,2026-04-13,1163.2
7537,2026-04-20,1147.52
7537,2026-04-27,1169.08
7537,2026-05-04,1198.48
7537,2026-05-11,1549.3
7537,2026-05-18,1554.2
7537,2026-05-25,1685.51
7537,2026-06-01,1682.57
7537,2026-06-08,1571.84
7537,2026-06-15,1707.07
7537,2026-06-22,1618.87
7537,2026-06-29,1649.25
7537,2026-07-06,1652.19
7537,2026-07-13,1578.69
7537,2026-07-20,1651.21
7537,2026-07-27,1661.01
7537,2026-08-03,1725.69
7537,2026-08-10,1852.1
7537,2026-08-17,1742.35
7537,2026-08-24,1828.58
7537,2026-08-31,1766.84
7537,2026-09-07,1761.95
7537,2026-09-14,1837.4
7537,2026-09-21,1874.64
7537,2026-09-28,1882.0
7552,2025-10-06,3234.27
7552,2025-10-13,3127.75
7552,2025-10-20,3161.64
7552,2025-10-27,3045.44
7552,2025-11-03,3084.17
7552,2025-11-10,3030.92
7552,2025-11-17,3021.23
7552,2025-11-24,3142.28
7552,2025-12-01,2929.24
7552,2025-12-08,2905.03
7552,2025-12-15,2803.35
7552,2025-12-22,2837.25
7552,2025-12-29,2851.77
7552,2026-01-05,2812.07
7552,2026-01-12,2846.93
7552,2026-01-19,2824.66
7552,2026-01-26,2676.5
7552,2026-02-02,2628.08
7552,2026-02-09,2626.15
7552,2026-02-16,2788.83
7552,2026-02-23,3084.17
7552,2026-03-02,3069.65
7552,2026-03-09,2895.35
7552,2026-03-16,2756.87
7552,2026-03-23,2741.38
7552,2026-03-30,2708.5
7552,2026-04-06,2737.4
7552,2026-04-13,2788.22
7552,2026-04-20,2675.61
7552,2026-04-27,2660.66
7552,2026-05-04,2621.8
7552,2026-05-11,2637.74
7552,2026-05-18,2700.52
7552,2026-05-25,2765.3
7552,2026-06-01,2738.39
7552,2026-06-08,2701.52
7552,2026-06-15,2734.41
7552,2026-06-22,2892.85
7552,2026-06-29,2979.55
7552,2026-07-06,3099.13
7552,2026-07-13,3094.14
7552,2026-07-20,3029.37
7552,2026-07-27,3303.41
7552,2026-08-03,3378.15
7552,2026-08-10,3467.83
7552,2026-08-17,3682.08
7552,2026-08-24,3741.87
7552,2026-08-31,3647.2
7552,2026-09-07,3726.92
7552,2026-09-14,4060.75
7552,2026-09-21,4275.0
7552,2026-09-28,4950.0
7590,2025-10-06,410.25
7590,2025-10-13,417.17
7590,2025-10-20,426.07
7590,2025-10-27,416.18
7590,2025-11-03,421.13
7590,2025-11-10,432.0
7590,2025-11-17,436.94
7590,2025-11-24,415.19
7590,2025-12-01,412.23
7590,2025-12-08,407.29
7590,2025-12-15,414.21
7590,2025-12-22,415.19
7590,2025-12-29,417.17
7590,2026-01-05,429.03
7590,2026-01-12,432.0
7590,2026-01-19,406.0
7590,2026-01-26,402.0
7590,2026-02-02,398.0
7590,2026-02-09,399.0
7590,2026-02-16,397.0
7590,2026-02-23,407.0
7590,2026-03-02,386.0
7590,2026-03-09,379.0
7590,2026-03-16,379.0
7590,2026-03-23,392.0
7590,2026-03-30,390.0
7590,2026-04-06,397.0
7590,2026-04-13,397.0
7590,2026-04-20,385.0
7590,2026-04-27,389.0
7590,2026-05-04,393.0
7590,2026-05-11,400.0
7590,2026-05-18,400.0
7590,2026-05-25,386.0
7590,2026-06-01,399.0
7590,2026-06-08,395.0
7590,2026-06-15,400.0
7590,2026-06-22,401.0
7590,2026-06-29,401.0
7590,2026-07-06,399.0
7590,2026-07-13,390.0
7590,2026-07-20,388.0
7590,2026-07-27,391.0
7590,2026-08-03,393.0
7590,2026-08-10,401.0
7590,2026-08-17,403.0
7590,2026-08-24,402.0
7590,2026-08-31,398.0
7590,2026-09-07,391.0
7590,2026-09-14,394.0
7590,2026-09-21,397.0
7590,2026-09-28,399.0
7608,2025-10-06,544.01
7608,2025-10-13,661.72
7608,2025-10-20,664.63
7608,2025-10-27,650.09
7608,2025-11-03,646.22
7608,2025-11-10,681.58
7608,2025-11-17,630.23
7608,2025-11-24,674.31
7608,2025-12-01,690.78
7608,2025-12-08,683.52
7608,2025-12-15,702.9
7608,2025-12-22,732.45
7608,2025-12-29,722.27
7608,2026-01-05,752.79
7608,2026-01-12,739.71
7608,2026-01-19,775.07
7608,2026-01-26,719.37
7608,2026-02-02,738.74
7608,2026-02-09,783.79
7608,2026-02-16,848.22
7608,2026-02-23,914.62
7608,2026-03-02,896.88
7608,2026-03-09,834.78
7608,2026-03-16,777.62
7608,2026-03-23,779.59
7608,2026-03-30,769.74
7608,2026-04-06,779.59
7608,2026-04-13,856.47
7608,2026-04-20,813.1
7608,2026-04-27,802.26
7608,2026-05-04,819.01
7608,2026-05-11,763.82
7608,2026-05-18,726.37
7608,2026-05-25,749.04
7608,2026-06-01,727.36
7608,2026-06-08,713.56
7608,2026-06-15,724.4
7608,2026-06-22,737.21
7608,2026-06-29,800.29
7608,2026-07-06,837.74
7608,2026-07-13,720.46
7608,2026-07-20,765.79
7608,2026-07-27,764.81
7608,2026-08-03,790.43
7608,2026-08-10,819.01
7608,2026-08-17,829.86
7608,2026-08-24,837.0
7608,2026-08-31,874.0
7608,2026-09-07,878.0
7608,2026-09-14,932.0
7608,2026-09-21,955.0
7608,2026-09-28,968.0
7624,2025-10-06,134.17
7624,2025-10-13,133.19
7624,2025-10-20,136.11
7624,2025-10-27,133.19
7624,2025-11-03,135.14
7624,2025-11-10,136.11
7624,2025-11-17,133.19
7624,2025-11-24,136.11
7624,2025-12-01,135.14
7624,2025-12-08,135.14
7624,2025-12-15,137.08
7624,2025-12-22,131.25
7624,2025-12-29,129.31
7624,2026-01-05,138.06
7624,2026-01-12,138.06
7624,2026-01-19,140.0
7624,2026-01-26,135.14
7624,2026-02-02,137.08
7624,2026-02-09,140.0
7624,2026-02-16,140.0
7624,2026-02-23,144.0
7624,2026-03-02,139.0
7624,2026-03-09,136.0
7624,2026-03-16,136.0
7624,2026-03-23,134.0
7624,2026-03-30,133.0
7624,2026-04-06,133.0
7624,2026-04-13,133.0
7624,2026-04-20,133.0
7624,2026-04-27,134.0
7624,2026-05-04,134.0
7624,2026-05-11,134.0
7624,2026-05-18,133.0
7624,2026-05-25,135.0
7624,2026-06-01,134.0
7624,2026-06-08,132.0
7624,2026-06-15,136.0
7624,2026-06-22,138.0
7624,2026-06-29,142.0
7624,2026-07-06,141.0
7624,2026-07-13,140.0
7624,2026-07-20,139.0
7624,2026-07-27,139.0
7624,2026-08-03,140.0
7624,2026-08-10,145.0
7624,2026-08-17,152.0
7624,2026-08-24,153.0
7624,2026-08-31,156.0
7624,2026-09-07,154.0
7624,2026-09-14,167.0
7624,2026-09-21,170.0
7624,2026-09-28,182.0
7713,2025-10-06,1465.17
7713,2025-10-13,1443.68
7713,2025-10-20,1466.14
7713,2025-10-27,1465.17
7713,2025-11-03,1472.01
7713,2025-11-10,1481.77
7713,2025-11-17,1445.63
7713,2025-11-24,1504.53
7713,2025-12-01,1504.53
7713,2025-12-08,1496.6
7713,2025-12-15,1495.61
7713,2025-12-22,1505.52
7713,2025-12-29,1520.37
7713,2026-01-05,1535.23
7713,2026-01-12,1581.78
7713,2026-01-19,1577.82
7713,2026-01-26,1553.06
7713,2026-02-02,1683.8
7713,2026-02-09,1704.6
7713,2026-02-16,1912.6
7713,2026-02-23,2056.22
7713,2026-03-02,2027.5
7713,2026-03-09,1989.86
7713,2026-03-16,1879.92
7713,2026-03-23,1915.57
7713,2026-03-30,1908.64
7713,2026-04-06,1770.96
7713,2026-04-13,1809.59
7713,2026-04-20,1902.7
7713,2026-04-27,1913.59
7713,2026-05-04,2154.28
7713,2026-05-11,2093.86
7713,2026-05-18,2163.19
7713,2026-05-25,2390.0
7713,2026-06-01,2557.0
7713,2026-06-08,2035.0
7713,2026-06-15,2507.0
7713,2026-06-22,2245.0
7713,2026-06-29,2111.0
7713,2026-07-06,2018.0
7713,2026-07-13,1929.0
7713,2026-07-20,1929.0
7713,2026-07-27,1878.0
7713,2026-08-03,2160.0
7713,2026-08-10,2362.0
7713,2026-08-17,2155.0
7713,2026-08-24,2359.0
7713,2026-08-31,2378.0
7713,2026-09-07,2303.0
7713,2026-09-14,2476.0
7713,2026-09-21,2526.0
7713,2026-09-28,2580.0
7727,2025-10-06,586.01
7727,2025-10-13,586.98
7727,2025-10-20,616.14
7727,2025-10-27,639.46
7727,2025-11-03,610.31
7727,2025-11-10,617.11
7727,2025-11-17,541.31
7727,2025-11-24,582.12
7727,2025-12-01,579.21
7727,2025-12-08,579.21
7727,2025-12-15,567.55
7727,2025-12-22,592.81
7727,2025-12-29,609.34
7727,2026-01-05,626.83
7727,2026-01-12,674.45
7727,2026-01-19,763.86
7727,2026-01-26,724.01
7727,2026-02-02,690.0
7727,2026-02-09,712.35
7727,2026-02-16,817.31
7727,2026-02-23,889.22
7727,2026-03-02,868.81
7727,2026-03-09,784.26
7727,2026-03-16,778.43
7727,2026-03-23,753.17
7727,2026-03-30,753.17
7727,2026-04-06,758.09
7727,2026-04-13,705.91
7727,2026-04-20,664.56
7727,2026-04-27,692.12
7727,2026-05-04,724.61
7727,2026-05-11,704.92
7727,2026-05-18,786.64
7727,2026-05-25,769.9
7727,2026-06-01,765.96
7727,2026-06-08,699.02
7727,2026-06-15,764.0
7727,2026-06-22,768.92
7727,2026-06-29,758.09
7727,2026-07-06,743.32
7727,2026-07-13,716.74
7727,2026-07-20,709.85
7727,2026-07-27,716.74
7727,2026-08-03,766.95
7727,2026-08-10,910.69
7727,2026-08-17,788.61
7727,2026-08-24,831.93
7727,2026-08-31,823.07
7727,2026-09-07,820.11
7727,2026-09-14,884.11
7727,2026-09-21,927.43
7727,2026-09-28,950.0
7743,2025-10-06,521.18
7743,2025-10-13,522.16
7743,2025-10-20,543.63
7743,2025-10-27,554.37
7743,2025-11-03,568.03
7743,2025-11-10,555.34
7743,2025-11-17,571.94
7743,2025-11-24,573.89
7743,2025-12-01,558.27
7743,2025-12-08,556.32
7743,2025-12-15,551.44
7743,2025-12-22,549.49
7743,2025-12-29,561.2
7743,2026-01-05,569.01
7743,2026-01-12,602.19
7743,2026-01-19,575.84
7743,2026-01-26,564.13
7743,2026-02-02,577.79
7743,2026-02-09,511.42
7743,2026-02-16,519.23
7743,2026-02-23,553.39
7743,2026-03-02,525.09
7743,2026-03-09,611.95
7743,2026-03-16,557.3
7743,2026-03-23,610.0
7743,2026-03-30,611.0
7743,2026-04-06,603.0
7743,2026-04-13,581.0
7743,2026-04-20,534.0
7743,2026-04-27,537.0
7743,2026-05-04,545.0
7743,2026-05-11,505.0
7743,2026-05-18,517.0
7743,2026-05-25,500.0
7743,2026-06-01,488.0
7743,2026-06-08,485.0
7743,2026-06-15,488.0
7743,2026-06-22,502.0
7743,2026-06-29,512.0
7743,2026-07-06,514.0
7743,2026-07-13,509.0
7743,2026-07-20,515.0
7743,2026-07-27,535.0
7743,2026-08-03,522.0
7743,2026-08-10,533.0
7743,2026-08-17,534.0
7743,2026-08-24,735.0
7743,2026-08-31,792.0
7743,2026-09-07,792.0
7743,2026-09-14,792.0
7743,2026-09-21,793.0
7743,2026-09-28,793.0
7811,2025-10-06,1680.22
7811,2025-10-13,1703.29
7811,2025-10-20,1739.82
7811,2025-10-27,1743.67
7811,2025-11-03,1734.05
7811,2025-11-10,1736.94
7811,2025-11-17,1712.91
7811,2025-11-24,1739.82
7811,2025-12-01,1727.32
7811,2025-12-08,1757.12
7811,2025-12-15,1812.87
7811,2025-12-22,1822.49
7811,2025-12-29,1859.01
7811,2026-01-05,1915.72
7811,2026-01-12,1923.41
7811,2026-01-19,1934.95
7811,2026-01-26,1907.07
7811,2026-02-02,1933.99
7811,2026-02-09,1980.13
7811,2026-02-16,1943.6
7811,2026-02-23,1958.27
7811,2026-03-02,1897.56
7811,2026-03-09,1862.31
7811,2026-03-16,1801.61
7811,2026-03-23,1814.34
7811,2026-03-30,1735.03
7811,2026-04-06,1830.98
7811,2026-04-13,1888.75
7811,2026-04-20,1890.71
7811,2026-04-27,1845.67
7811,2026-05-04,1873.08
7811,2026-05-11,1881.9
7811,2026-05-18,1876.02
7811,2026-05-25,1874.06
7811,2026-06-01,1838.82
7811,2026-06-08,1827.07
7811,2026-06-15,1852.52
7811,2026-06-22,1866.23
7811,2026-06-29,1921.06
7811,2026-07-06,1900.5
7811,2026-07-13,1874.06
7811,2026-07-20,1869.17
7811,2026-07-27,1856.44
7811,2026-08-03,1864.27
7811,2026-08-10,1904.42
7811,2026-08-17,1912.25
7811,2026-08-24,1957.0
7811,2026-08-31,1987.0
7811,2026-09-07,1937.0
7811,2026-09-14,2282.0
7811,2026-09-21,2329.0
7811,2026-09-28,2240.0
7826,2025-10-06,2729.29
7826,2025-10-13,2778.33
7826,2025-10-20,2908.76
7826,2025-10-27,2795.98
7826,2025-11-03,3040.18
7826,2025-11-10,3064.69
7826,2025-11-17,3000.95
7826,2025-11-24,3172.57
7826,2025-12-01,3187.28
7826,2025-12-08,3192.18
7826,2025-12-15,3069.6
7826,2025-12-22,3432.46
7826,2025-12-29,3447.17
7826,2026-01-05,3643.31
7826,2026-01-12,3947.32
7826,2026-01-19,3873.77
7826,2026-01-26,4133.66
7826,2026-02-02,4212.11
7826,2026-02-09,6198.04
7826,2026-02-16,7247.39
7826,2026-02-23,7521.98
7826,2026-03-02,7198.35
7826,2026-03-09,6766.84
7826,2026-03-16,6894.33
7826,2026-03-23,6247.07
7826,2026-03-30,6011.7
7826,2026-04-06,6864.91
7826,2026-04-13,7296.42
7826,2026-04-20,7276.81
7826,2026-04-27,7110.09
7826,2026-05-04,8335.96
7826,2026-05-11,9885.47
7826,2026-05-18,9885.47
7826,2026-05-25,8600.75
7826,2026-06-01,8649.79
7826,2026-06-08,8708.63
7826,2026-06-15,8914.58
7826,2026-06-22,8385.0
7826,2026-06-29,7690.0
7826,2026-07-06,7390.0
7826,2026-07-13,6500.0
7826,2026-07-20,6690.0
7826,2026-07-27,6660.0
7826,2026-08-03,7920.0
7826,2026-08-10,8510.0
7826,2026-08-17,8140.0
7826,2026-08-24,8970.0
7826,2026-08-31,10430.0
7826,2026-09-07,10330.0
7826,2026-09-14,10870.0
7826,2026-09-21,11700.0
7826,2026-09-28,11840.0
7839,2025-10-06,1628.32
7839,2025-10-13,1628.32
7839,2025-10-20,1647.76
7839,2025-10-27,1593.32
7839,2025-11-03,1642.9
7839,2025-11-10,1696.37
7839,2025-11-17,1778.03
7839,2025-11-24,1808.17
7839,2025-12-01,1798.44
7839,2025-12-08,1791.64
7839,2025-12-15,1735.26
7839,2025-12-22,1747.89
7839,2025-12-29,1727.48
7839,2026-01-05,1768.31
7839,2026-01-12,1765.39
7839,2026-01-19,1748.87
7839,2026-01-26,1725.53
7839,2026-02-02,1677.9
7839,2026-02-09,1666.23
7839,2026-02-16,1656.51
7839,2026-02-23,1749.84
7839,2026-03-02,1631.24
7839,2026-03-09,1572.91
7839,2026-03-16,1560.27
7839,2026-03-23,1605.96
7839,2026-03-30,1669.15
7839,2026-04-06,1630.27
7839,2026-04-13,1669.15
7839,2026-04-20,1574.85
7839,2026-04-27,1798.44
7839,2026-05-04,1764.42
7839,2026-05-11,1744.0
7839,2026-05-18,1623.46
7839,2026-05-25,1697.34
7839,2026-06-01,1818.86
7839,2026-06-08,1773.17
7839,2026-06-15,1746.92
7839,2026-06-22,1724.56
7839,2026-06-29,1789.69
7839,2026-07-06,1775.11
7839,2026-07-13,1821.78
7839,2026-07-20,1844.13
7839,2026-07-27,1896.63
7839,2026-08-03,1961.76
7839,2026-08-10,1993.84
7839,2026-08-17,2019.12
7839,2026-08-24,2054.11
7839,2026-08-31,2052.17
7839,2026-09-07,1988.98
7839,2026-09-14,2062.86
7839,2026-09-21,2090.08
7839,2026-09-28,2150.0
7847,2025-10-06,599.64
7847,2025-10-13,599.64
7847,2025-10-20,592.95
7847,2025-10-27,586.25
7847,2025-11-03,586.25
7847,2025-11-10,586.25
7847,2025-11-17,587.21
7847,2025-11-24,591.99
7847,2025-12-01,597.73
7847,2025-12-08,594.86
7847,2025-12-15,596.77
7847,2025-12-22,597.73
7847,2025-12-29,608.25
7847,2026-01-05,616.86
7847,2026-01-12,630.24
7847,2026-01-19,640.76
7847,2026-01-26,644.59
7847,2026-02-02,635.03
7847,2026-02-09,651.28
7847,2026-02-16,647.46
7847,2026-02-23,638.72
7847,2026-03-02,634.81
7847,2026-03-09,621.12
7847,2026-03-16,621.12
7847,2026-03-23,608.4
7847,2026-03-30,604.49
7847,2026-04-06,601.55
7847,2026-04-13,632.85
7847,2026-04-20,625.03
7847,2026-04-27,604.49
7847,2026-05-04,596.66
7847,2026-05-11,619.16
7847,2026-05-18,608.4
7847,2026-05-25,612.31
7847,2026-06-01,601.55
7847,2026-06-08,607.42
7847,2026-06-15,588.84
7847,2026-06-22,598.62
7847,2026-06-29,593.73
7847,2026-07-06,595.68
7847,2026-07-13,622.09
7847,2026-07-20,621.12
7847,2026-07-27,644.59
7847,2026-08-03,650.46
7847,2026-08-10,647.52
7847,2026-08-17,652.42
7847,2026-08-24,667.0
7847,2026-08-31,630.0
7847,2026-09-07,628.0
7847,2026-09-14,662.0
7847,2026-09-21,694.0
7847,2026-09-28,777.0
7867,2025-10-06,3244.78
7867,2025-10-13,3092.88
7867,2025-10-20,3087.98
7867,2025-10-27,3112.48
7867,2025-11-03,3150.7
7867,2025-11-10,2932.16
7867,2025-11-17,2862.58
7867,2025-11-24,2836.12
7867,2025-12-01,2716.07
7867,2025-12-08,2678.83
7867,2025-12-15,2665.6
7867,2025-12-22,2695.0
7867,2025-12-29,2702.35
7867,2026-01-05,2817.5
7867,2026-01-12,2818.97
7867,2026-01-19,2790.06
7867,2026-01-26,2670.5
7867,2026-02-02,2675.4
7867,2026-02-09,2739.1
7867,2026-02-16,2668.05
7867,2026-02-23,2816.52
7867,2026-03-02,2728.32
7867,2026-03-09,2744.0
7867,2026-03-16,2698.92
7867,2026-03-23,2712.64
7867,2026-03-30,2727.01
7867,2026-04-06,2684.88
7867,2026-04-13,2729.99
7867,2026-04-20,2587.71
7867,2026-04-27,2510.38
7867,2026-05-04,2607.54
7867,2026-05-11,2765.68
7867,2026-05-18,2957.53
7867,2026-05-25,3132.03
7867,2026-06-01,3036.85
7867,2026-06-08,2900.52
7867,2026-06-15,2900.52
7867,2026-06-22,3172.68
7867,2026-06-29,3231.17
7867,2026-07-06,3293.63
7867,2026-07-13,3500.85
7867,2026-07-20,3387.82
7867,2026-07-27,3596.03
7867,2026-08-03,3571.24
7867,2026-08-10,3567.28
7867,2026-08-17,3609.91
7867,2026-08-24,3695.18
7867,2026-08-31,3622.8
7867,2026-09-07,3607.93
7867,2026-09-14,4005.5
7867,2026-09-21,4051.11
7867,2026-09-28,4202.0
7883,2025-10-06,339.64
7883,2025-10-13,341.6
7883,2025-10-20,346.49
7883,2025-10-27,350.41
7883,2025-11-03,342.58
7883,2025-11-10,346.49
7883,2025-11-17,341.6
7883,2025-11-24,345.51
7883,2025-12-01,343.55
7883,2025-12-08,350.41
7883,2025-12-15,351.38
7883,2025-12-22,353.34
7883,2025-12-29,356.28
7883,2026-01-05,359.22
7883,2026-01-12,361.17
7883,2026-01-19,361.17
7883,2026-01-26,361.17
7883,2026-02-02,358.24
7883,2026-02-09,362.15
7883,2026-02-16,361.17
7883,2026-02-23,365.09
7883,2026-03-02,363.13
7883,2026-03-09,362.15
7883,2026-03-16,363.13
7883,2026-03-23,361.17
7883,2026-03-30,360.18
7883,2026-04-06,361.17
7883,2026-04-13,359.19
7883,2026-04-20,360.18
7883,2026-04-27,362.17
7883,2026-05-04,362.17
7883,2026-05-11,368.12
7883,2026-05-18,366.13
7883,2026-05-25,369.11
7883,2026-06-01,377.05
7883,2026-06-08,378.04
7883,2026-06-15,378.04
7883,2026-06-22,380.03
7883,2026-06-29,380.03
7883,2026-07-06,388.96
7883,2026-07-13,387.96
7883,2026-07-20,387.96
7883,2026-07-27,386.97
7883,2026-08-03,396.89
7883,2026-08-10,400.86
7883,2026-08-17,395.9
7883,2026-08-24,400.86
7883,2026-08-31,397.89
7883,2026-09-07,394.91
7883,2026-09-14,397.89
7883,2026-09-21,481.23
7883,2026-09-28,457.0
7897,2025-10-06,118.74
7897,2025-10-13,114.81
7897,2025-10-20,118.74
7897,2025-10-27,111.87
7897,2025-11-03,110.89
7897,2025-11-10,109.91
7897,2025-11-17,105.0
7897,2025-11-24,110.89
7897,2025-12-01,107.94
7897,2025-12-08,108.93
7897,2025-12-15,108.93
7897,2025-12-22,106.96
7897,2025-12-29,108.93
7897,2026-01-05,111.87
7897,2026-01-12,112.85
7897,2026-01-19,113.83
7897,2026-01-26,110.89
7897,2026-02-02,109.91
7897,2026-02-09,109.91
7897,2026-02-16,111.87
7897,2026-02-23,113.83
7897,2026-03-02,106.96
7897,2026-03-09,105.98
7897,2026-03-16,105.0
7897,2026-03-23,105.0
7897,2026-03-30,106.0
7897,2026-04-06,106.0
7897,2026-04-13,105.0
7897,2026-04-20,102.0
7897,2026-04-27,102.0
7897,2026-05-04,105.0
7897,2026-05-11,101.0
7897,2026-05-18,101.0
7897,2026-05-25,103.0
7897,2026-06-01,100.0
7897,2026-06-08,99.0
7897,2026-06-15,99.0
7897,2026-06-22,98.0
7897,2026-06-29,101.0
7897,2026-07-06,103.0
7897,2026-07-13,99.0
7897,2026-07-20,101.0
7897,2026-07-27,100.0
7897,2026-08-03,103.0
7897,2026-08-10,105.0
7897,2026-08-17,106.0
7897,2026-08-24,108.0
7897,2026-08-31,106.0
7897,2026-09-07,106.0
7897,2026-09-14,107.0
7897,2026-09-21,108.0
7897,2026-09-28,115.0
7919,2025-10-06,187.17
7919,2025-10-13,181.38
7919,2025-10-20,185.24
7919,2025-10-27,182.34
7919,2025-11-03,184.27
7919,2025-11-10,185.24
7919,2025-11-17,183.31
7919,2025-11-24,186.2
7919,2025-12-01,185.24
7919,2025-12-08,187.17
7919,2025-12-15,196.82
7919,2025-12-22,196.82
7919,2025-12-29,198.74
7919,2026-01-05,206.46
7919,2026-01-12,208.39
7919,2026-01-19,214.18
7919,2026-01-26,192.96
7919,2026-02-02,201.64
7919,2026-02-09,201.64
7919,2026-02-16,202.6
7919,2026-02-23,204.53
7919,2026-03-02,204.53
7919,2026-03-09,206.46
7919,2026-03-16,202.6
7919,2026-03-23,202.6
7919,2026-03-30,203.59
7919,2026-04-06,202.6
7919,2026-04-13,204.58
7919,2026-04-20,202.6
7919,2026-04-27,198.65
7919,2026-05-04,197.66
7919,2026-05-11,191.73
7919,2026-05-18,186.79
7919,2026-05-25,187.78
7919,2026-06-01,187.78
7919,2026-06-08,188.77
7919,2026-06-15,189.76
7919,2026-06-22,186.79
7919,2026-06-29,188.77
7919,2026-07-06,195.69
7919,2026-07-13,194.7
7919,2026-07-20,197.66
7919,2026-07-27,205.57
7919,2026-08-03,205.57
7919,2026-08-10,213.48
7919,2026-08-17,221.38
7919,2026-08-24,226.32
7919,2026-08-31,224.35
7919,2026-09-07,223.36
7919,2026-09-14,220.39
7919,2026-09-21,222.37
7919,2026-09-28,219.0
7976,2025-10-06,2131.68
7976,2025-10-13,2125.81
7976,2025-10-20,2110.17
7976,2025-10-27,2002.61
7976,2025-11-03,2087.68
7976,2025-11-10,2090.61
7976,2025-11-17,2079.85
7976,2025-11-24,2102.34
7976,2025-12-01,2087.68
7976,2025-12-08,2169.81
7976,2025-12-15,2129.72
7976,2025-12-22,2174.7
7976,2025-12-29,2153.93
7976,2026-01-05,2204.39
7976,2026-01-12,2284.53
7976,2026-01-19,2325.09
7976,2026-01-26,2265.73
7976,2026-02-02,2307.28
7976,2026-02-09,2157.88
7976,2026-02-16,2252.87
7976,2026-02-23,2426.01
7976,2026-03-02,2283.54
7976,2026-03-09,2289.47
7976,2026-03-16,2319.16
7976,2026-03-23,2384.46
7976,2026-03-30,2412.16
7976,2026-04-06,2436.9
7976,2026-04-13,2462.62
7976,2026-04-20,2342.9
7976,2026-04-27,2520.01
7976,2026-05-04,2494.28
7976,2026-05-11,2531.88
7976,2026-05-18,2572.44
7976,2026-05-25,2595.2
7976,2026-06-01,2461.63
7976,2026-06-08,2581.35
7976,2026-06-15,2521.98
7976,2026-06-22,2660.5
7976,2026-06-29,2690.0
7976,2026-07-06,2696.0
7976,2026-07-13,2688.0
7976,2026-07-20,2610.0
7976,2026-07-27,2771.0
7976,2026-08-03,2934.0
7976,2026-08-10,2897.0
7976,2026-08-17,2971.0
7976,2026-08-24,3065.0
7976,2026-08-31,3110.0
7976,2026-09-07,3195.0
7976,2026-09-14,3305.0
7976,2026-09-21,3395.0
7976,2026-09-28,3445.0
8066,2025-10-06,2214.11
8066,2025-10-13,2165.77
8066,2025-10-20,2200.57
8066,2025-10-27,2243.12
8066,2025-11-03,2279.86
8066,2025-11-10,2300.16
8066,2025-11-17,2296.29
8066,2025-11-24,2305.96
8066,2025-12-01,2141.6
8066,2025-12-08,2190.91
8066,2025-12-15,2270.19
8066,2025-12-22,2189.94
8066,2025-12-29,2222.81
8066,2026-01-05,2185.1
8066,2026-01-12,2183.17
8066,2026-01-19,2141.6
8066,2026-01-26,2301.13
8066,2026-02-02,2417.15
8066,2026-02-09,2657.9
8066,2026-02-16,2524.47
8066,2026-02-23,2755.55
8066,2026-03-02,2551.54
8066,2026-03-09,2492.57
8066,2026-03-16,2392.01
8066,2026-03-23,2346.57
8066,2026-03-30,2331.74
8066,2026-04-06,2331.74
8066,2026-04-13,2342.62
8066,2026-04-20,2369.3
8066,2026-04-27,2635.2
8066,2026-05-04,2708.34
8066,2026-05-11,2686.6
8066,2026-05-18,2544.26
8066,2026-05-25,2452.33
8066,2026-06-01,2418.73
8066,2026-06-08,2462.22
8066,2026-06-15,2480.01
8066,2026-06-22,2478.03
8066,2026-06-29,2648.05
8066,2026-07-06,2719.21
8066,2026-07-13,2780.5
8066,2026-07-20,2752.82
8066,2026-07-27,2863.53
8066,2026-08-03,3108.66
8066,2026-08-10,3192.68
8066,2026-08-17,3079.01
8066,2026-08-24,3439.79
8066,2026-08-31,3553.46
8066,2026-09-07,3489.21
8066,2026-09-14,3558.4
8066,2026-09-21,3612.77
8066,2026-09-28,3460.0
8075,2025-10-06,2149.18
8075,2025-10-13,2202.77
8075,2025-10-20,2271.66
8075,2025-10-27,2226.69
8075,2025-11-03,2225.73
8075,2025-11-10,2211.38
8075,2025-11-17,2247.74
8075,2025-11-24,2328.12
8075,2025-12-01,2281.23
8075,2025-12-08,2363.52
8075,2025-12-15,2373.09
8075,2025-12-22,2391.27
8075,2025-12-29,2421.9
8075,2026-01-05,2504.19
8075,2026-01-12,2595.09
8075,2026-01-19,2551.08
8075,2026-01-26,2540.55
8075,2026-02-02,2680.26
8075,2026-02-09,2631.45
8075,2026-02-16,2596.05
8075,2026-02-23,2649.64
8075,2026-03-02,2407.54
8075,2026-03-09,2285.06
8075,2026-03-16,2267.84
8075,2026-03-23,2292.71
8075,2026-03-30,2326.96
8075,2026-04-06,2348.49
8075,2026-04-13,2346.53
8075,2026-04-20,2229.11
8075,2026-04-27,2261.4
8075,2026-05-04,2263.36
8075,2026-05-11,2349.47
8075,2026-05-18,2342.62
8075,2026-05-25,2395.46
8075,2026-06-01,2316.2
8075,2026-06-08,2358.28
8075,2026-06-15,2397.42
8075,2026-06-22,2336.75
8075,2026-06-29,2358.28
8075,2026-07-06,2399.38
8075,2026-07-13,2400.35
8075,2026-07-20,2498.21
8075,2026-07-27,2521.69
8075,2026-08-03,2940.51
8075,2026-08-10,2955.19
8075,2026-08-17,2979.65
8075,2026-08-24,3033.47
8075,2026-08-31,3053.04
8075,2026-09-07,3018.79
8075,2026-09-14,3106.86
8075,2026-09-21,3155.79
8075,2026-09-28,3110.0
8084,2025-10-06,1406.41
8084,2025-10-13,1427.69
8084,2025-10-20,1470.24
8084,2025-10-27,1512.78
8084,2025-11-03,1437.14
8084,2025-11-10,1491.51
8084,2025-11-17,1512.78
8084,2025-11-24,1548.24
8084,2025-12-01,1571.88
8084,2025-12-08,1645.15
8084,2025-12-15,1652.24
8084,2025-12-22,1678.24
8084,2025-12-29,1706.61
8084,2026-01-05,1713.7
8084,2026-01-12,1791.7
8084,2026-01-19,1815.34
8084,2026-01-26,1739.7
8084,2026-02-02,1704.24
8084,2026-02-09,1732.61
8084,2026-02-16,1678.24
8084,2026-02-23,1758.61
8084,2026-03-02,1640.42
8084,2026-03-09,1574.24
8084,2026-03-16,1586.06
8084,2026-03-23,1626.24
8084,2026-03-30,1611.76
8084,2026-04-06,1597.29
8084,2026-04-13,1688.97
8084,2026-04-20,1652.78
8084,2026-04-27,1710.69
8084,2026-05-04,1713.1
8084,2026-05-11,1725.17
8084,2026-05-18,1775.84
8084,2026-05-25,1828.92
8084,2026-06-01,1920.61
8084,2026-06-08,1896.48
8084,2026-06-15,1879.59
8084,2026-06-22,1894.06
8084,2026-06-29,1935.08
8084,2026-07-06,1891.65
8084,2026-07-13,1828.92
8084,2026-07-20,1867.52
8084,2026-07-27,2103.98
8084,2026-08-03,2200.49
8084,2026-08-10,2258.4
8084,2026-08-17,2318.72
8084,2026-08-24,2309.07
8084,2026-08-31,2294.59
8084,2026-09-07,2321.13
8084,2026-09-14,2318.72
8084,2026-09-21,2388.69
8084,2026-09-28,2413.0
8104,2025-10-06,560.78
8104,2025-10-13,564.61
8104,2025-10-20,564.61
8104,2025-10-27,566.53
8104,2025-11-03,558.86
8104,2025-11-10,556.95
8104,2025-11-17,532.98
8104,2025-11-24,575.16
8104,2025-12-01,575.16
8104,2025-12-08,584.75
8104,2025-12-15,577.08
8104,2025-12-22,613.5
8104,2025-12-29,613.5
8104,2026-01-05,597.21
8104,2026-01-12,619.25
8104,2026-01-19,605.83
8104,2026-01-26,612.54
8104,2026-02-02,618.3
8104,2026-02-09,593.37
8104,2026-02-16,595.29
8104,2026-02-23,597.21
8104,2026-03-02,590.5
8104,2026-03-09,578.04
8104,2026-03-16,586.66
8104,2026-03-23,602.0
8104,2026-03-30,572.0
8104,2026-04-06,586.0
8104,2026-04-13,572.0
8104,2026-04-20,575.0
8104,2026-04-27,570.0
8104,2026-05-04,575.0
8104,2026-05-11,571.0
8104,2026-05-18,610.0
8104,2026-05-25,628.0
8104,2026-06-01,633.0
8104,2026-06-08,618.0
8104,2026-06-15,656.0
8104,2026-06-22,650.0
8104,2026-06-29,688.0
8104,2026-07-06,681.0
8104,2026-07-13,672.0
8104,2026-07-20,698.0
8104,2026-07-27,692.0
8104,2026-08-03,675.0
8104,2026-08-10,690.0
8104,2026-08-17,693.0
8104,2026-08-24,723.0
8104,2026-08-31,705.0
8104,2026-09-07,707.0
8104,2026-09-14,770.0
8104,2026-09-21,798.0
8104,2026-09-28,791.0
8137,2025-10-06,2525.36
8137,2025-10-13,2553.42
8137,2025-10-20,2644.37
8137,2025-10-27,2594.06
8137,2025-11-03,2710.17
8137,2025-11-10,2711.14
8137,2025-11-17,2769.19
8137,2025-11-24,2834.02
8137,2025-12-01,2796.28
8137,2025-12-08,2789.51
8137,2025-12-15,2778.87
8137,2025-12-22,2825.31
8137,2025-12-29,2871.75
8137,2026-01-05,2902.72
8137,2026-01-12,3018.82
8137,2026-01-19,2980.12
8137,2026-01-26,2902.72
8137,2026-02-02,3076.88
8137,2026-02-09,3144.61
8137,2026-02-16,3202.66
8137,2026-02-23,3367.15
8137,2026-03-02,3188.15
8137,2026-03-09,3067.2
8137,2026-03-16,3057.53
8137,2026-03-23,3154.28
8137,2026-03-30,3092.15
8137,2026-04-06,3067.49
8137,2026-04-13,3166.12
8137,2026-04-20,3171.05
8137,2026-04-27,3141.46
8137,2026-05-04,3210.5
8137,2026-05-11,3629.7
8137,2026-05-18,3688.87
8137,2026-05-25,3797.37
8137,2026-06-01,3817.1
8137,2026-06-08,3595.17
8137,2026-06-15,3743.12
8137,2026-06-22,3555.72
8137,2026-06-29,3812.17
8137,2026-07-06,3817.1
8137,2026-07-13,3605.04
8137,2026-07-20,3787.51
8137,2026-07-27,3555.72
8137,2026-08-03,3915.73
8137,2026-08-10,4122.86
8137,2026-08-17,3905.87
8137,2026-08-24,4152.45
8137,2026-08-31,4162.31
8137,2026-09-07,4315.19
8137,2026-09-14,4576.57
8137,2026-09-21,4778.77
8137,2026-09-28,4745.0
8154,2025-10-06,3392.69
8154,2025-10-13,3382.92
8154,2025-10-20,3519.8
8154,2025-10-27,3495.35
8154,2025-11-03,3353.58
8154,2025-11-10,3412.25
8154,2025-11-17,3470.91
8154,2025-11-24,3671.34
8154,2025-12-01,3666.45
8154,2025-12-08,3783.78
8154,2025-12-15,3749.56
8154,2025-12-22,3803.33
8154,2025-12-29,3788.67
8154,2026-01-05,3808.22
8154,2026-01-12,3901.11
8154,2026-01-19,3920.66
8154,2026-01-26,3778.89
8154,2026-02-02,3783.78
8154,2026-02-09,4003.77
8154,2026-02-16,4086.87
8154,2026-02-23,4262.86
8154,2026-03-02,4023.32
8154,2026-03-09,3822.89
8154,2026-03-16,3774.0
8154,2026-03-23,3808.22
8154,2026-03-30,3753.32
8154,2026-04-06,3972.93
8154,2026-04-13,4107.69
8154,2026-04-20,4192.54
8154,2026-04-27,4202.52
8154,2026-05-04,4332.29
8154,2026-05-11,4192.54
8154,2026-05-18,4187.55
8154,2026-05-25,4417.14
8154,2026-06-01,4971.15
8154,2026-06-08,4467.05
8154,2026-06-15,4437.1
8154,2026-06-22,4242.45
8154,2026-06-29,4197.53
8154,2026-07-06,4252.43
8154,2026-07-13,4097.71
8154,2026-07-20,4347.26
8154,2026-07-27,4686.66
8154,2026-08-03,4836.39
8154,2026-08-10,5090.94
8154,2026-08-17,4921.24
8154,2026-08-24,5011.08
8154,2026-08-31,4901.28
8154,2026-09-07,4791.47
8154,2026-09-14,5100.92
8154,2026-09-21,5410.37
8154,2026-09-28,5340.0
8157,2025-10-06,2938.94
8157,2025-10-13,2915.01
8157,2025-10-20,3135.19
8157,2025-10-27,3025.1
8157,2025-11-03,2910.22
8157,2025-11-10,3068.18
8157,2025-11-17,3116.04
8157,2025-11-24,3106.47
8157,2025-12-01,2982.02
8157,2025-12-08,3039.46
8157,2025-12-15,3130.4
8157,2025-12-22,3341.01
8157,2025-12-29,3336.22
8157,2026-01-05,3317.08
8157,2026-01-12,3441.53
8157,2026-01-19,3408.02
8157,2026-01-26,3484.6
8157,2026-02-02,3537.26
8157,2026-02-09,3575.55
8157,2026-02-16,3814.88
8157,2026-02-23,3996.77
8157,2026-03-02,3757.44
8157,2026-03-09,3503.75
8157,2026-03-16,3460.67
8157,2026-03-23,3479.82
8157,2026-03-30,3461.24
8157,2026-04-06,3431.91
8157,2026-04-13,3480.8
8157,2026-04-20,3412.35
8157,2026-04-27,3383.02
8157,2026-05-04,3549.24
8157,2026-05-11,3862.12
8157,2026-05-18,4047.89
8157,2026-05-25,3999.0
8157,2026-06-01,3974.56
8157,2026-06-08,3842.56
8157,2026-06-15,3940.34
8157,2026-06-22,3842.56
8157,2026-06-29,3867.01
8157,2026-07-06,3964.78
8157,2026-07-13,3808.34
8157,2026-07-20,3906.12
8157,2026-07-27,3735.01
8157,2026-08-03,3955.01
8157,2026-08-10,4087.0
8157,2026-08-17,4028.34
8157,2026-08-24,4101.67
8157,2026-08-31,4077.22
8157,2026-09-07,4038.11
8157,2026-09-14,4194.55
8157,2026-09-21,4263.0
8157,2026-09-28,4290.0
8207,2025-10-06,276.0
8207,2025-10-13,276.0
8207,2025-10-20,277.0
8207,2025-10-27,277.0
8207,2025-11-03,276.0
8207,2025-11-10,278.0
8207,2025-11-17,279.0
8207,2025-11-24,280.0
8207,2025-12-01,282.0
8207,2025-12-08,283.0
8207,2025-12-15,283.0
8207,2025-12-22,284.0
8207,2025-12-29,286.0
8207,2026-01-05,292.0
8207,2026-01-12,292.0
8207,2026-01-19,292.0
8207,2026-01-26,291.0
8207,2026-02-02,291.0
8207,2026-02-09,291.0
8207,2026-02-16,291.0
8207,2026-02-23,298.0
8207,2026-03-02,297.0
8207,2026-03-09,298.0
8207,2026-03-16,298.0
8207,2026-03-23,300.0
8207,2026-03-30,288.0
8207,2026-04-06,287.0
8207,2026-04-13,286.0
8207,2026-04-20,286.0
8207,2026-04-27,285.0
8207,2026-05-04,285.0
8207,2026-05-11,282.0
8207,2026-05-18,281.0
8207,2026-05-25,282.0
8207,2026-06-01,282.0
8207,2026-06-08,283.0
8207,2026-06-15,285.0
8207,2026-06-22,283.0
8207,2026-06-29,288.0
8207,2026-07-06,293.0
8207,2026-07-13,293.0
8207,2026-07-20,293.0
8207,2026-07-27,294.0
8207,2026-08-03,293.0
8207,2026-08-10,295.0
8207,2026-08-17,296.0
8207,2026-08-24,303.0
8207,2026-08-31,301.0
8207,2026-09-07,301.0
8207,2026-09-14,301.0
8207,2026-09-21,302.0
8207,2026-09-28,290.0
8304,2025-10-06,2201.38
8304,2025-10-13,2144.96
8304,2025-10-20,2174.14
8304,2025-10-27,2145.44
8304,2025-11-03,2178.03
8304,2025-11-10,2374.53
8304,2025-11-17,2245.15
8304,2025-11-24,2349.24
8304,2025-12-01,2333.68
8304,2025-12-08,2297.2
8304,2025-12-15,2413.93
8304,2025-12-22,2432.41
8304,2025-12-29,2462.35
8304,2026-01-05,2521.23
8304,2026-01-12,2588.95
8304,2026-01-19,2479.52
8304,2026-01-26,2455.48
8304,2026-02-02,2743.52
8304,2026-02-09,2761.18
8304,2026-02-16,2823.99
8304,2026-02-23,2772.47
8304,2026-03-02,2549.2
8304,2026-03-09,2441.74
8304,2026-03-16,2438.3
8304,2026-03-23,2579.13
8304,2026-03-30,2616.78
8304,2026-04-06,2662.36
8304,2026-04-13,2638.09
8304,2026-04-20,2600.93
8304,2026-04-27,2502.84
8304,2026-05-04,2576.66
8304,2026-05-11,2695.06
8304,2026-05-18,2767.89
8304,2026-05-25,2646.01
8304,2026-06-01,2598.45
8304,2026-06-08,2719.33
8304,2026-06-15,2765.41
8304,2026-06-22,2701.5
8304,2026-06-29,2830.0
8304,2026-07-06,2907.5
8304,2026-07-13,2883.0
8304,2026-07-20,3034.0
8304,2026-07-27,3038.0
8304,2026-08-03,3259.0
8304,2026-08-10,3434.0
8304,2026-08-17,3285.0
8304,2026-08-24,3429.0
8304,2026-08-31,3405.0
8304,2026-09-07,3457.0
8304,2026-09-14,3486.0
8304,2026-09-21,3526.0
8304,2026-09-28,3389.0
8334,2025-10-06,1531.05
8334,2025-10-13,1486.68
8334,2025-10-20,1544.71
8334,2025-10-27,1561.28
8334,2025-11-03,1559.33
8334,2025-11-10,1595.42
8334,2025-11-17,1605.17
8334,2025-11-24,1691.47
8334,2025-12-01,1691.96
8334,2025-12-08,1683.18
8334,2025-12-15,1727.07
8334,2025-12-22,1683.18
8334,2025-12-29,1684.65
8334,2026-01-05,1766.56
8334,2026-01-12,1888.95
8334,2026-01-19,1901.14
8334,2026-01-26,1891.39
8334,2026-02-02,2119.09
8334,2026-02-09,2175.66
8334,2026-02-16,2150.79
8334,2026-02-23,2205.89
8334,2026-03-02,2081.06
8334,2026-03-09,2048.39
8334,2026-03-16,2072.29
8334,2026-03-23,2225.39
8334,2026-03-30,2207.09
8334,2026-04-06,2244.18
8334,2026-04-13,2189.78
8334,2026-04-20,2007.8
8334,2026-04-27,2133.41
8334,2026-05-04,2140.33
8334,2026-05-11,2207.59
8334,2026-05-18,2290.67
8334,2026-05-25,2235.28
8334,2026-06-01,2237.75
8334,2026-06-08,2317.87
8334,2026-06-15,2291.16
8334,2026-06-22,2308.47
8334,2026-06-29,2392.54
8334,2026-07-06,2465.24
8334,2026-07-13,2409.85
8334,2026-07-20,2580.46
8334,2026-07-27,2510.74
8334,2026-08-03,2566.62
8334,2026-08-10,2734.76
8334,2026-08-17,2671.46
8334,2026-08-24,2799.54
8334,2026-08-31,2867.79
8334,2026-09-07,2859.38
8334,2026-09-14,2966.69
8334,2026-09-21,3172.91
8334,2026-09-28,2989.0
8336,2025-10-06,1281.82
8336,2025-10-13,1278.58
8336,2025-10-20,1299.64
8336,2025-10-27,1345.02
8336,2025-11-03,1385.53
8336,2025-11-10,1429.28
8336,2025-11-17,1439.01
8336,2025-11-24,1513.55
8336,2025-12-01,1513.55
8336,2025-12-08,1503.83
8336,2025-12-15,1547.58
8336,2025-12-22,1554.06
8336,2025-12-29,1575.13
8336,2026-01-05,1662.64
8336,2026-01-12,1789.04
8336,2026-01-19,1821.45
8336,2026-01-26,1782.55
8336,2026-02-02,1941.36
8336,2026-02-09,1986.74
8336,2026-02-16,2054.8
8336,2026-02-23,2113.14
8336,2026-03-02,1986.74
8336,2026-03-09,1918.68
8336,2026-03-16,2032.11
8336,2026-03-23,2067.76
8336,2026-03-30,2163.75
8336,2026-04-06,2374.8
8336,2026-04-13,2348.18
8336,2026-04-20,2300.84
8336,2026-04-27,2355.08
8336,2026-05-04,2357.05
8336,2026-05-11,2404.39
8336,2026-05-18,2462.58
8336,2026-05-25,2389.6
8336,2026-06-01,2397.49
8336,2026-06-08,2478.36
8336,2026-06-15,2398.47
8336,2026-06-22,2484.27
8336,2026-06-29,2548.38
8336,2026-07-06,2584.87
8336,2026-07-13,2488.22
8336,2026-07-20,2703.21
8336,2026-07-27,2541.47
8336,2026-08-03,2617.41
8336,2026-08-10,2736.74
8336,2026-08-17,2653.9
8336,2026-08-24,2756.47
8336,2026-08-31,2794.93
8336,2026-09-07,2760.41
8336,2026-09-14,2835.36
8336,2026-09-21,2916.23
8336,2026-09-28,2909.0
8338,2025-10-06,292.58
8338,2025-10-13,287.62
8338,2025-10-20,298.53
8338,2025-10-27,312.41
8338,2025-11-03,315.39
8338,2025-11-10,347.13
8338,2025-11-17,345.14
8338,2025-11-24,383.82
8338,2025-12-01,399.69
8338,2025-12-08,410.6
8338,2025-12-15,406.63
8338,2025-12-22,411.59
8338,2025-12-29,412.58
8338,2026-01-05,448.29
8338,2026-01-12,482.01
8338,2026-01-19,522.67
8338,2026-01-26,505.81
8338,2026-02-02,623.84
8338,2026-02-09,699.21
8338,2026-02-16,709.13
8338,2026-02-23,703.18
8338,2026-03-02,625.82
8338,2026-03-09,598.05
8338,2026-03-16,587.14
8338,2026-03-23,604.0
8338,2026-03-30,588.0
8338,2026-04-06,609.0
8338,2026-04-13,618.0
8338,2026-04-20,553.0
8338,2026-04-27,596.0
8338,2026-05-04,636.0
8338,2026-05-11,624.0
8338,2026-05-18,642.0
8338,2026-05-25,610.0
8338,2026-06-01,623.0
8338,2026-06-08,683.0
8338,2026-06-15,635.0
8338,2026-06-22,627.0
8338,2026-06-29,652.0
8338,2026-07-06,615.0
8338,2026-07-13,599.0
8338,2026-07-20,670.0
8338,2026-07-27,622.0
8338,2026-08-03,657.0
8338,2026-08-10,755.0
8338,2026-08-17,712.0
8338,2026-08-24,757.0
8338,2026-08-31,769.0
8338,2026-09-07,726.0
8338,2026-09-14,739.0
8338,2026-09-21,788.0
8338,2026-09-28,817.0
8341,2025-10-06,1882.11
8341,2025-10-13,1844.18
8341,2025-10-20,2019.85
8341,2025-10-27,2143.99
8341,2025-11-03,2158.89
8341,2025-11-10,2231.5
8341,2025-11-17,2238.63
8341,2025-11-24,2339.75
8341,2025-12-01,2417.53
8341,2025-12-08,2410.4
8341,2025-12-15,2471.66
8341,2025-12-22,2451.57
8341,2025-12-29,2444.11
8341,2026-01-05,2611.68
8341,2026-01-12,2813.92
8341,2026-01-19,2828.51
8341,2026-01-26,2740.67
8341,2026-02-02,2962.04
8341,2026-02-09,3121.5
8341,2026-02-16,3185.35
8341,2026-02-23,3188.27
8341,2026-03-02,2983.43
8341,2026-03-09,2943.24
8341,2026-03-16,2932.54
8341,2026-03-23,3080.99
8341,2026-03-30,3171.19
8341,2026-04-06,3221.56
8341,2026-04-13,3238.34
8341,2026-04-20,2893.18
8341,2026-04-27,2966.75
8341,2026-05-04,2950.46
8341,2026-05-11,3102.06
8341,2026-05-18,3161.31
8341,2026-05-25,3114.89
8341,2026-06-01,3134.65
8341,2026-06-08,3226.49
8341,2026-06-15,3275.87
8341,2026-06-22,3293.65
8341,2026-06-29,3475.37
8341,2026-07-06,3471.42
8341,2026-07-13,3269.95
8341,2026-07-20,3585.98
8341,2026-07-27,3451.67
8341,2026-08-03,3615.61
8341,2026-08-10,3789.43
8341,2026-08-17,3689.68
8341,2026-08-24,3901.03
8341,2026-08-31,3968.18
8341,2026-09-07,3923.74
8341,2026-09-14,4133.11
8341,2026-09-21,4144.96
8341,2026-09-28,4075.0
8343,2025-10-06,642.95
8343,2025-10-13,644.82
8343,2025-10-20,667.21
8343,2025-10-27,682.14
8343,2025-11-03,692.41
8343,2025-11-10,698.94
8343,2025-11-17,698.94
8343,2025-11-24,723.2
8343,2025-12-01,736.27
8343,2025-12-08,731.6
8343,2025-12-15,740.0
8343,2025-12-22,741.87
8343,2025-12-29,751.2
8343,2026-01-05,804.39
8343,2026-01-12,865.98
8343,2026-01-19,881.84
8343,2026-01-26,946.23
8343,2026-02-02,1011.55
8343,2026-02-09,1024.62
8343,2026-02-16,1035.81
8343,2026-02-23,1047.01
8343,2026-03-02,970.49
8343,2026-03-09,933.17
8343,2026-03-16,933.17
8343,2026-03-23,961.16
8343,2026-03-30,970.68
8343,2026-04-06,1044.91
8343,2026-04-13,1107.71
8343,2026-04-20,993.52
8343,2026-04-27,1025.87
8343,2026-05-04,1043.0
8343,2026-05-11,1102.0
8343,2026-05-18,1168.62
8343,2026-05-25,1140.07
8343,2026-06-01,1126.75
8343,2026-06-08,1208.59
8343,2026-06-15,1174.33
8343,2026-06-22,1294.24
8343,2026-06-29,1343.72
8343,2026-07-06,1358.95
8343,2026-07-13,1299.95
8343,2026-07-20,1459.82
8343,2026-07-27,1381.79
8343,2026-08-03,1528.34
8343,2026-08-10,1627.31
8343,2026-08-17,1604.47
8343,2026-08-24,1724.38
8343,2026-08-31,1718.67
8343,2026-09-07,1796.7
8343,2026-09-14,1880.45
8343,2026-09-21,1950.87
8343,2026-09-28,2033.0
8344,2025-10-06,1550.69
8344,2025-10-13,1534.21
8344,2025-10-20,1570.07
8344,2025-10-27,1627.25
8344,2025-11-03,1648.57
8344,2025-11-10,1697.03
8344,2025-11-17,1702.85
8344,2025-11-24,1808.49
8344,2025-12-01,1767.78
8344,2025-12-08,1768.75
8344,2025-12-15,1825.93
8344,2025-12-22,1843.38
8344,2025-12-29,1874.39
8344,2026-01-05,1996.51
8344,2026-01-12,2086.64
8344,2026-01-19,2124.44
8344,2026-01-26,2139.95
8344,2026-02-02,2336.69
8344,2026-02-09,2573.17
8344,2026-02-16,2605.15
8344,2026-02-23,2645.86
8344,2026-03-02,2471.4
8344,2026-03-09,2328.94
8344,2026-03-16,2312.46
8344,2026-03-23,2421.01
8344,2026-03-30,2488.42
8344,2026-04-06,2654.98
8344,2026-04-13,2762.05
8344,2026-04-20,2394.24
8344,2026-04-27,2481.48
8344,2026-05-04,2493.38
8344,2026-05-11,2632.18
8344,2026-05-18,3028.74
8344,2026-05-25,3068.39
8344,2026-06-01,3048.57
8344,2026-06-08,3464.96
8344,2026-06-15,3341.03
8344,2026-06-22,3336.07
8344,2026-06-29,3930.92
8344,2026-07-06,3658.28
8344,2026-07-13,3583.92
8344,2026-07-20,3965.61
8344,2026-07-27,3707.85
8344,2026-08-03,4193.64
8344,2026-08-10,4535.67
8344,2026-08-17,4327.48
8344,2026-08-24,4689.34
8344,2026-08-31,4595.16
8344,2026-09-07,4942.15
8344,2026-09-14,5333.75
8344,2026-09-21,5631.17
8344,2026-09-28,5600.0
8345,2025-10-06,905.58
8345,2025-10-13,943.32
8345,2025-10-20,953.05
8345,2025-10-27,985.92
8345,2025-11-03,982.27
8345,2025-11-10,1156.32
8345,2025-11-17,1140.5
8345,2025-11-24,1203.79
8345,2025-12-01,1202.58
8345,2025-12-08,1217.18
8345,2025-12-15,1224.48
8345,2025-12-22,1246.39
8345,2025-12-29,1265.87
8345,2026-01-05,1358.37
8345,2026-01-12,1489.83
8345,2026-01-19,1528.78
8345,2026-01-26,1484.96
8345,2026-02-02,1611.55
8345,2026-02-09,1648.06
8345,2026-02-16,1669.97
8345,2026-02-23,1728.4
8345,2026-03-02,1635.89
8345,2026-03-09,1567.73
8345,2026-03-16,1567.73
8345,2026-03-23,1660.24
8345,2026-03-30,1644.4
8345,2026-04-06,1783.99
8345,2026-04-13,2009.71
8345,2026-04-20,1802.8
8345,2026-04-27,1936.45
8345,2026-05-04,1920.61
8345,2026-05-11,1858.24
8345,2026-05-18,1935.46
8345,2026-05-25,1848.34
8345,2026-06-01,1887.94
8345,2026-06-08,2046.34
8345,2026-06-15,1921.6
8345,2026-06-22,2009.71
8345,2026-06-29,2139.4
8345,2026-07-06,2062.18
8345,2026-07-13,2037.43
8345,2026-07-20,2247.31
8345,2026-07-27,2133.46
8345,2026-08-03,2334.43
8345,2026-08-10,2419.57
8345,2026-08-17,2301.76
8345,2026-08-24,2540.35
8345,2026-08-31,2513.62
8345,2026-09-07,2596.78
8345,2026-09-14,2750.23
8345,2026-09-21,2877.94
8345,2026-09-28,2810.0
8346,2025-10-06,421.64
8346,2025-10-13,428.46
8346,2025-10-20,441.12
8346,2025-10-27,444.04
8346,2025-11-03,445.01
8346,2025-11-10,462.54
8346,2025-11-17,463.52
8346,2025-11-24,495.65
8346,2025-12-01,503.44
8346,2025-12-08,506.36
8346,2025-12-15,522.92
8346,2025-12-22,517.07
8346,2025-12-29,526.81
8346,2026-01-05,544.34
8346,2026-01-12,596.92
8346,2026-01-19,592.05
8346,2026-01-26,585.24
8346,2026-02-02,662.17
8346,2026-02-09,715.72
8346,2026-02-16,695.27
8346,2026-02-23,707.93
8346,2026-03-02,645.61
8346,2026-03-09,615.43
8346,2026-03-16,643.66
8346,2026-03-23,660.22
8346,2026-03-30,673.07
8346,2026-04-06,692.83
8346,2026-04-13,695.8
8346,2026-04-20,642.43
8346,2026-04-27,658.24
8346,2026-05-04,684.93
8346,2026-05-11,696.79
8346,2026-05-18,764.0
8346,2026-05-25,743.24
8346,2026-06-01,741.26
8346,2026-06-08,767.95
8346,2026-06-15,742.25
8346,2026-06-22,764.98
8346,2026-06-29,808.47
8346,2026-07-06,810.45
8346,2026-07-13,803.53
8346,2026-07-20,893.47
8346,2026-07-27,849.98
8346,2026-08-03,931.03
8346,2026-08-10,991.32
8346,2026-08-17,938.93
8346,2026-08-24,980.44
8346,2026-08-31,980.44
8346,2026-09-07,997.25
8346,2026-09-14,1012.07
8346,2026-09-21,1084.22
8346,2026-09-28,1112.0
8354,2025-10-06,4205.83
8354,2025-10-13,4125.15
8354,2025-10-20,4208.74
8354,2025-10-27,4359.4
8354,2025-11-03,4334.13
8354,2025-11-10,4419.67
8354,2025-11-17,4538.25
8354,2025-11-24,4672.38
8354,2025-12-01,4743.34
8354,2025-12-08,4900.8
8354,2025-12-15,4950.38
8354,2025-12-22,4914.41
8354,2025-12-29,4925.1
8354,2026-01-05,5191.43
8354,2026-01-12,5512.19
8354,2026-01-19,5466.5
8354,2026-01-26,5444.15
8354,2026-02-02,6673.72
8354,2026-02-09,6930.33
8354,2026-02-16,6616.38
8354,2026-02-23,6651.37
8354,2026-03-02,5995.27
8354,2026-03-09,5928.2
8354,2026-03-16,5918.48
8354,2026-03-23,6124.55
8354,2026-03-30,6237.05
8354,2026-04-06,6469.95
8354,2026-04-13,6434.42
8354,2026-04-20,6010.07
8354,2026-04-27,6330.8
8354,2026-05-04,6287.38
8354,2026-05-11,6525.22
8354,2026-05-18,6569.63
8354,2026-05-25,6469.95
8354,2026-06-01,6707.79
8354,2026-06-08,6776.87
8354,2026-06-15,6882.47
8354,2026-06-22,6770.95
8354,2026-06-29,7126.22
8354,2026-07-06,7190.37
8354,2026-07-13,6988.06
8354,2026-07-20,7545.65
8354,2026-07-27,7263.4
8354,2026-08-03,7444.98
8354,2026-08-10,7628.54
8354,2026-08-17,7464.72
8354,2026-08-24,7743.02
8354,2026-08-31,7820.98
8354,2026-09-07,7724.27
8354,2026-09-14,7644.33
8354,2026-09-21,7902.9
8354,2026-09-28,7789.0
8358,2025-10-06,1444.77
8358,2025-10-13,1407.98
8358,2025-10-20,1462.2
8358,2025-10-27,1492.22
8358,2025-11-03,1471.89
8358,2025-11-10,1511.59
8358,2025-11-17,1530.96
8358,2025-11-24,1627.79
8358,2025-12-01,1627.79
8358,2025-12-08,1652.0
8358,2025-12-15,1675.24
8358,2025-12-22,1649.09
8358,2025-12-29,1654.9
8358,2026-01-05,1733.34
8358,2026-01-12,1871.81
8358,2026-01-19,1920.23
8358,2026-01-26,1877.62
8358,2026-02-02,1988.98
8358,2026-02-09,2046.12
8358,2026-02-16,2080.01
8358,2026-02-23,2055.8
8358,2026-03-02,1896.02
8358,2026-03-09,1843.73
8358,2026-03-16,1849.54
8358,2026-03-23,2002.54
8358,2026-03-30,2062.71
8358,2026-04-06,2239.29
8358,2026-04-13,2259.02
8358,2026-04-20,2222.52
8358,2026-04-27,2235.35
8358,2026-05-04,2187.01
8358,2026-05-11,2304.4
8358,2026-05-18,2337.94
8358,2026-05-25,2285.66
8358,2026-06-01,2235.35
8358,2026-06-08,2322.16
8358,2026-06-15,2364.58
8358,2026-06-22,2351.75
8358,2026-06-29,2505.64
8358,2026-07-06,2534.25
8358,2026-07-13,2510.57
8358,2026-07-20,2707.87
8358,2026-07-27,2569.76
8358,2026-08-03,2698.0
8358,2026-08-10,2857.81
8358,2026-08-17,2823.29
8358,2026-08-24,2944.62
8358,2026-08-31,2938.7
8358,2026-09-07,2768.04
8358,2026-09-14,2785.8
8358,2026-09-21,2851.89
8358,2026-09-28,2936.0
8359,2025-10-06,1410.31
8359,2025-10-13,1374.41
8359,2025-10-20,1428.26
8359,2025-10-27,1507.34
8359,2025-11-03,1512.68
8359,2025-11-10,1520.93
8359,2025-11-17,1527.72
8359,2025-11-24,1623.78
8359,2025-12-01,1659.19
8359,2025-12-08,1622.81
8359,2025-12-15,1649.0
8359,2025-12-22,1626.69
8359,2025-12-29,1647.06
8359,2026-01-05,1744.09
8359,2026-01-12,1869.74
8359,2026-01-19,1895.46
8359,2026-01-26,1867.8
8359,2026-02-02,2030.33
8359,2026-02-09,2018.68
8359,2026-02-16,2029.36
8359,2026-02-23,2017.71
8359,2026-03-02,1902.25
8359,2026-03-09,1884.78
8359,2026-03-16,1901.76
8359,2026-03-23,1997.82
8359,2026-03-30,2006.23
8359,2026-04-06,2083.41
8359,2026-04-13,2081.93
8359,2026-04-20,2006.23
8359,2026-04-27,2072.53
8359,2026-05-04,2178.41
8359,2026-05-11,2362.95
8359,2026-05-18,2310.51
8359,2026-05-25,2299.13
8359,2026-06-01,2355.53
8359,2026-06-08,2317.93
8359,2026-06-15,2322.38
8359,2026-06-22,2361.96
8359,2026-06-29,2502.97
8359,2026-07-06,2524.24
8359,2026-07-13,2430.73
8359,2026-07-20,2645.95
8359,2026-07-27,2481.69
8359,2026-08-03,2579.65
8359,2026-08-10,2669.7
8359,2026-08-17,2553.93
8359,2026-08-24,2669.2
8359,2026-08-31,2703.34
8359,2026-09-07,2675.14
8359,2026-09-14,2668.71
8359,2026-09-21,2810.21
8359,2026-09-28,2758.0
8360,2025-10-06,592.29
8360,2025-10-13,592.29
8360,2025-10-20,596.96
8360,2025-10-27,613.78
8360,2025-11-03,628.73
8360,2025-11-10,647.41
8360,2025-11-17,651.15
8360,2025-11-24,704.4
8360,2025-12-01,732.43
8360,2025-12-08,720.28
8360,2025-12-15,744.57
8360,2025-12-22,730.56
8360,2025-12-29,754.85
8360,2026-01-05,801.56
8360,2026-01-12,904.32
8360,2026-01-19,914.6
8360,2026-01-26,883.77
8360,2026-02-02,982.8
8360,2026-02-09,997.74
8360,2026-02-16,1012.69
8360,2026-02-23,1029.51
8360,2026-03-02,949.16
8360,2026-03-09,900.58
8360,2026-03-16,915.53
8360,2026-03-23,995.87
8360,2026-03-30,1022.77
8360,2026-04-06,1111.79
8360,2026-04-13,1106.11
8360,2026-04-20,979.21
8360,2026-04-27,1020.88
8360,2026-05-04,1017.09
8360,2026-05-11,1134.52
8360,2026-05-18,1130.73
8360,2026-05-25,1111.79
8360,2026-06-01,1121.26
8360,2026-06-08,1159.14
8360,2026-06-15,1098.53
8360,2026-06-22,1164.82
8360,2026-06-29,1227.32
8360,2026-07-06,1233.01
8360,2026-07-13,1172.4
8360,2026-07-20,1342.86
8360,2026-07-27,1219.75
8360,2026-08-03,1339.07
8360,2026-08-10,1416.73
8360,2026-08-17,1350.43
8360,2026-08-24,1403.47
8360,2026-08-31,1361.8
8360,2026-09-07,1365.59
8360,2026-09-14,1399.68
8360,2026-09-21,1443.24
8360,2026-09-28,1505.0
8361,2025-10-06,664.91
8361,2025-10-13,662.08
8361,2025-10-20,695.09
8361,2025-10-27,696.04
8361,2025-11-03,702.64
8361,2025-11-10,704.53
8361,2025-11-17,716.79
8361,2025-11-24,795.07
8361,2025-12-01,828.08
8361,2025-12-08,813.93
8361,2025-12-15,873.35
8361,2025-12-22,888.44
8361,2025-12-29,884.66
8361,2026-01-05,984.64
8361,2026-01-12,1071.41
8361,2026-01-19,1105.36
8361,2026-01-26,1061.98
8361,2026-02-02,1152.52
8361,2026-02-09,1188.36
8361,2026-02-16,1224.2
8361,2026-02-23,1290.21
8361,2026-03-02,1209.1
8361,2026-03-09,1135.54
8361,2026-03-16,1150.63
8361,2026-03-23,1188.36
8361,2026-03-30,1204.63
8361,2026-04-06,1323.37
8361,2026-04-13,1359.76
8361,2026-04-20,1298.48
8361,2026-04-27,1348.27
8361,2026-05-04,1357.85
8361,2026-05-11,1419.13
8361,2026-05-18,1484.25
8361,2026-05-25,1382.74
8361,2026-06-01,1394.24
8361,2026-06-08,1411.47
8361,2026-06-15,1357.85
8361,2026-06-22,1401.9
8361,2026-06-29,1503.4
8361,2026-07-06,1505.31
8361,2026-07-13,1407.64
8361,2026-07-20,1555.11
8361,2026-07-27,1380.83
8361,2026-08-03,1447.86
8361,2026-08-10,1541.7
8361,2026-08-17,1516.81
8361,2026-08-24,1572.35
8361,2026-08-31,1581.92
8361,2026-09-07,1566.6
8361,2026-09-14,1616.39
8361,2026-09-21,1694.92
8361,2026-09-28,1810.0
8364,2025-10-06,1958.78
8364,2025-10-13,1964.66
8364,2025-10-20,1971.51
8364,2025-10-27,1973.47
8364,2025-11-03,2013.63
8364,2025-11-10,1990.12
8364,2025-11-17,2057.7
8364,2025-11-24,2144.86
8364,2025-12-01,2112.54
8364,2025-12-08,2152.7
8364,2025-12-15,2193.83
8364,2025-12-22,2407.34
8364,2025-12-29,2380.9
8364,2026-01-05,2459.25
8364,2026-01-12,2512.14
8364,2026-01-19,2475.9
8364,2026-01-26,2458.27
8364,2026-02-02,2715.85
8364,2026-02-09,2736.42
8364,2026-02-16,2791.26
8364,2026-02-23,2864.72
8364,2026-03-02,2708.99
8364,2026-03-09,2508.22
8364,2026-03-16,2497.44
8364,2026-03-23,2539.56
8364,2026-03-30,2479.12
8364,2026-04-06,2486.05
8364,2026-04-13,2562.35
8364,2026-04-20,2491.01
8364,2026-04-27,2489.02
8364,2026-05-04,2582.16
8364,2026-05-11,2620.81
8364,2026-05-18,2522.71
8364,2026-05-25,2476.14
8364,2026-06-01,2404.8
8364,2026-06-08,2417.68
8364,2026-06-15,2436.51
8364,2026-06-22,2328.51
8364,2026-06-29,2457.32
8364,2026-07-06,2611.89
8364,2026-07-13,2468.22
8364,2026-07-20,2761.51
8364,2026-07-27,2656.48
8364,2026-08-03,2767.45
8364,2026-08-10,3046.88
8364,2026-08-17,3061.74
8364,2026-08-24,3180.64
8364,2026-08-31,3210.37
8364,2026-09-07,3081.55
8364,2026-09-14,3101.37
8364,2026-09-21,3250.0
8364,2026-09-28,3240.0
8366,2025-10-06,1220.28
8366,2025-10-13,1200.6
8366,2025-10-20,1210.44
8366,2025-10-27,1226.19
8366,2025-11-03,1251.78
8366,2025-11-10,1220.28
8366,2025-11-17,1216.35
8366,2025-11-24,1338.38
8366,2025-12-01,1387.58
8366,2025-12-08,1442.69
8366,2025-12-15,1476.15
8366,2025-12-22,1413.17
8366,2025-12-29,1413.17
8366,2026-01-05,1501.74
8366,2026-01-12,1598.18
8366,2026-01-19,1615.89
8366,2026-01-26,1552.91
8366,2026-02-02,1708.4
8366,2026-02-09,1743.83
8366,2026-02-16,1730.05
8366,2026-02-23,1779.25
8366,2026-03-02,1680.84
8366,2026-03-09,1686.75
8366,2026-03-16,1732.02
8366,2026-03-23,1897.35
8366,2026-03-30,1885.44
8366,2026-04-06,2072.9
8366,2026-04-13,2039.18
8366,2026-04-20,1853.71
8366,2026-04-27,1870.57
8366,2026-05-04,1843.79
8366,2026-05-11,2039.18
8366,2026-05-18,2147.28
8366,2026-05-25,1985.62
8366,2026-06-01,2074.88
8366,2026-06-08,2249.44
8366,2026-06-15,2275.23
8366,2026-06-22,2392.26
8366,2026-06-29,2619.39
8366,2026-07-06,2864.37
8366,2026-07-13,2521.2
8366,2026-07-20,2633.27
8366,2026-07-27,2380.36
8366,2026-08-03,2532.11
8366,2026-08-10,2752.29
8366,2026-08-17,2644.18
8366,2026-08-24,2793.95
8366,2026-08-31,2838.58
8366,2026-09-07,2828.66
8366,2026-09-14,2859.41
8366,2026-09-21,2995.29
8366,2026-09-28,3020.0
8367,2025-10-06,932.95
8367,2025-10-13,937.8
8367,2025-10-20,969.84
8367,2025-10-27,996.05
8367,2025-11-03,1009.64
8367,2025-11-10,1027.12
8367,2025-11-17,1032.94
8367,2025-11-24,1098.96
8367,2025-12-01,1120.31
8367,2025-12-08,1122.25
8367,2025-12-15,1141.67
8367,2025-12-22,1135.85
8367,2025-12-29,1157.2
8367,2026-01-05,1205.74
8367,2026-01-12,1304.77
8367,2026-01-19,1322.24
8367,2026-01-26,1293.12
8367,2026-02-02,1396.02
8367,2026-02-09,1454.27
8367,2026-02-16,1454.27
8367,2026-02-23,1485.34
8367,2026-03-02,1423.21
8367,2026-03-09,1376.61
8367,2026-03-16,1384.37
8367,2026-03-23,1444.56
8367,2026-03-30,1446.54
8367,2026-04-06,1505.74
8367,2026-04-13,1540.28
8367,2026-04-20,1428.78
8367,2026-04-27,1446.54
8367,2026-05-04,1597.51
8367,2026-05-11,1633.03
8367,2026-05-18,1738.61
8367,2026-05-25,1663.62
8367,2026-06-01,1649.8
8367,2026-06-08,1756.37
8367,2026-06-15,1703.08
8367,2026-06-22,1732.69
8367,2026-06-29,1825.44
8367,2026-07-06,1834.32
8367,2026-07-13,1767.22
8367,2026-07-20,1896.48
8367,2026-07-27,1697.16
8367,2026-08-03,1784.0
8367,2026-08-10,1915.23
8367,2026-08-17,1847.15
8367,2026-08-24,1930.03
8367,2026-08-31,1943.85
8367,2026-09-07,1925.1
8367,2026-09-14,1996.14
8367,2026-09-21,2060.28
8367,2026-09-28,2025.0
8368,2025-10-06,876.97
8368,2025-10-13,911.22
8368,2025-10-20,913.18
8368,2025-10-27,934.71
8368,2025-11-03,930.8
8368,2025-11-10,948.42
8368,2025-11-17,972.88
8368,2025-11-24,1020.84
8368,2025-12-01,1027.69
8368,2025-12-08,1068.8
8368,2025-12-15,1103.06
8368,2025-12-22,1098.16
8368,2025-12-29,1121.66
8368,2026-01-05,1185.27
8368,2026-01-12,1302.72
8368,2026-01-19,1452.47
8368,2026-01-26,1373.2
8368,2026-02-02,1486.73
8368,2026-02-09,1523.92
8368,2026-02-16,1523.92
8368,2026-02-23,1663.89
8368,2026-03-02,1541.54
8368,2026-03-09,1495.54
8368,2026-03-16,1472.05
8368,2026-03-23,1539.58
8368,2026-03-30,1583.23
8368,2026-04-06,1790.56
8368,2026-04-13,1871.9
8368,2026-04-20,1678.46
8368,2026-04-27,1796.51
8368,2026-05-04,1794.53
8368,2026-05-11,1937.38
8368,2026-05-18,1956.22
8368,2026-05-25,1890.75
8368,2026-06-01,1908.61
8368,2026-06-08,1929.44
8368,2026-06-15,1874.88
8368,2026-06-22,1944.32
8368,2026-06-29,2064.35
8368,2026-07-06,2047.49
8368,2026-07-13,1908.61
8368,2026-07-20,2063.36
8368,2026-07-27,2000.86
8368,2026-08-03,2104.03
8368,2026-08-10,2289.54
8368,2026-08-17,2237.95
8368,2026-08-24,2423.46
8368,2026-08-31,2356.99
8368,2026-09-07,2379.81
8368,2026-09-14,2461.15
8368,2026-09-21,2585.15
8368,2026-09-28,2584.0
8370,2025-10-06,882.85
8370,2025-10-13,886.29
8370,2025-10-20,932.58
8370,2025-10-27,938.21
8370,2025-11-03,958.54
8370,2025-11-10,931.64
8370,2025-11-17,922.57
8370,2025-11-24,960.1
8370,2025-12-01,972.61
8370,2025-12-08,983.56
8370,2025-12-15,1017.96
8370,2025-12-22,1014.83
8370,2025-12-29,1019.52
8370,2026-01-05,1063.3
8370,2026-01-12,1116.47
8370,2026-01-19,1160.25
8370,2026-01-26,1179.02
8370,2026-02-02,1277.53
8370,2026-02-09,1302.55
8370,2026-02-16,1335.38
8370,2026-02-23,1340.07
8370,2026-03-02,1274.4
8370,2026-03-09,1208.73
8370,2026-03-16,1218.11
8370,2026-03-23,1269.71
8370,2026-03-30,1282.15
8370,2026-04-06,1342.75
8370,2026-04-13,1320.42
8370,2026-04-20,1239.09
8370,2026-04-27,1325.2
8370,2026-05-04,1339.56
8370,2026-05-11,1404.94
8370,2026-05-18,1443.21
8370,2026-05-25,1352.31
8370,2026-06-01,1377.83
8370,2026-06-08,1440.02
8370,2026-06-15,1412.91
8370,2026-06-22,1422.48
8370,2026-06-29,1451.19
8370,2026-07-06,1468.73
8370,2026-07-13,1451.19
8370,2026-07-20,1577.17
8370,2026-07-27,1495.84
8370,2026-08-03,1545.27
8370,2026-08-10,1617.04
8370,2026-08-17,1558.03
8370,2026-08-24,1626.61
8370,2026-08-31,1645.74
8370,2026-09-07,1613.85
8370,2026-09-14,1693.58
8370,2026-09-21,1719.1
8370,2026-09-28,1747.0
8377,2025-10-06,3368.92
8377,2025-10-13,3214.5
8377,2025-10-20,3278.46
8377,2025-10-27,3452.98
8377,2025-11-03,3760.91
8377,2025-11-10,3847.71
8377,2025-11-17,4020.4
8377,2025-11-24,4057.87
8377,2025-12-01,4077.97
8377,2025-12-08,4059.69
8377,2025-12-15,4173.0
8377,2025-12-22,4216.86
8377,2025-12-29,4194.01
8377,2026-01-05,4540.32
8377,2026-01-12,4919.51
8377,2026-01-19,4893.93
8377,2026-01-26,4842.76
8377,2026-02-02,5387.34
8377,2026-02-09,5667.86
8377,2026-02-16,5693.44
8377,2026-02-23,5711.71
8377,2026-03-02,5510.69
8377,2026-03-09,5252.11
8377,2026-03-16,5259.42
8377,2026-03-23,5507.95
8377,2026-03-30,5673.97
8377,2026-04-06,5736.18
8377,2026-04-13,5763.62
8377,2026-04-20,5124.23
8377,2026-04-27,5432.49
8377,2026-05-04,5558.72
8377,2026-05-11,5903.57
8377,2026-05-18,6208.17
8377,2026-05-25,5905.4
8377,2026-06-01,5880.7
8377,2026-06-08,5950.22
8377,2026-06-15,5867.89
8377,2026-06-22,6131.33
8377,2026-06-29,6649.98
8377,2026-07-06,6869.51
8377,2026-07-13,6371.9
8377,2026-07-20,7056.11
8377,2026-07-27,6832.0
8377,2026-08-03,7366.2
8377,2026-08-10,7859.23
8377,2026-08-17,7355.22
8377,2026-08-24,7646.1
8377,2026-08-31,7606.77
8377,2026-09-07,7546.4
8377,2026-09-14,7870.2
8377,2026-09-21,806.32
8377,2026-09-28,877.3
8381,2025-10-06,1285.58
8381,2025-10-13,1273.95
8381,2025-10-20,1304.0
8381,2025-10-27,1313.7
8381,2025-11-03,1319.51
8381,2025-11-10,1359.26
8381,2025-11-17,1357.33
8381,2025-11-24,1408.71
8381,2025-12-01,1412.59
8381,2025-12-08,1407.74
8381,2025-12-15,1432.95
8381,2025-12-22,1417.44
8381,2025-12-29,1443.61
8381,2026-01-05,1527.96
8381,2026-01-12,1576.44
8381,2026-01-19,1563.83
8381,2026-01-26,1529.9
8381,2026-02-02,1634.61
8381,2026-02-09,1698.6
8381,2026-02-16,1710.23
8381,2026-02-23,1716.05
8381,2026-03-02,1541.53
8381,2026-03-09,1639.45
8381,2026-03-16,1589.04
8381,2026-03-23,1719.92
8381,2026-03-30,1839.39
8381,2026-04-06,1959.85
8381,2026-04-13,1972.68
8381,2026-04-20,1770.28
8381,2026-04-27,1842.35
8381,2026-05-04,1863.09
8381,2026-05-11,1944.05
8381,2026-05-18,2086.22
8381,2026-05-25,2036.86
8381,2026-06-01,2067.46
8381,2026-06-08,2131.64
8381,2026-06-15,2158.3
8381,2026-06-22,2198.78
8381,2026-06-29,2360.7
8381,2026-07-06,2397.23
8381,2026-07-13,2311.33
8381,2026-07-20,2479.18
8381,2026-07-27,2306.4
8381,2026-08-03,2472.27
8381,2026-08-10,2597.66
8381,2026-08-17,2485.1
8381,2026-08-24,2589.76
8381,2026-08-31,2577.91
8381,2026-09-07,2546.32
8381,2026-09-14,2567.05
8381,2026-09-21,2626.29
8381,2026-09-28,2532.0
8386,2025-10-06,1209.08
8386,2025-10-13,1206.64
8386,2025-10-20,1238.33
8386,2025-10-27,1316.34
8386,2025-11-03,1396.78
8386,2025-11-10,1430.91
8386,2025-11-17,1457.72
8386,2025-11-24,1516.23
8386,2025-12-01,1513.79
8386,2025-12-08,1523.54
8386,2025-12-15,1574.73
8386,2025-12-22,1577.17
8386,2025-12-29,1623.48
8386,2026-01-05,1713.68
8386,2026-01-12,1901.38
8386,2026-01-19,2042.76
8386,2026-01-26,2035.45
8386,2026-02-02,2301.16
8386,2026-02-09,2340.16
8386,2026-02-16,2315.78
8386,2026-02-23,2381.6
8386,2026-03-02,2157.33
8386,2026-03-09,2079.33
8386,2026-03-16,2067.14
8386,2026-03-23,2125.64
8386,2026-03-30,2181.54
8386,2026-04-06,2297.3
8386,2026-04-13,2418.99
8386,2026-04-20,2250.8
8386,2026-04-27,2345.78
8386,2026-05-04,2334.89
8386,2026-05-11,2440.76
8386,2026-05-18,2531.78
8386,2026-05-25,2458.56
8386,2026-06-01,2412.06
8386,2026-06-08,2494.18
8386,2026-06-15,2362.6
8386,2026-06-22,2532.77
8386,2026-06-29,2640.61
8386,2026-07-06,2622.8
8386,2026-07-13,2600.04
8386,2026-07-20,2934.45
8386,2026-07-27,2815.72
8386,2026-08-03,2841.45
8386,2026-08-10,3052.18
8386,2026-08-17,2948.3
8386,2026-08-24,3101.65
8386,2026-08-31,3081.86
8386,2026-09-07,3052.18
8386,2026-09-14,3106.6
8386,2026-09-21,3210.48
8386,2026-09-28,3210.0
8387,2025-10-06,1365.6
8387,2025-10-13,1363.64
8387,2025-10-20,1388.08
8387,2025-10-27,1422.29
8387,2025-11-03,1457.48
8387,2025-11-10,1481.92
8387,2025-11-17,1493.65
8387,2025-11-24,1627.57
8387,2025-12-01,1612.91
8387,2025-12-08,1620.73
8387,2025-12-15,1679.38
8387,2025-12-22,1693.07
8387,2025-12-29,1718.48
8387,2026-01-05,1849.47
8387,2026-01-12,1933.54
8387,2026-01-19,1993.17
8387,2026-01-26,1989.26
8387,2026-02-02,2263.94
8387,2026-02-09,2288.38
8387,2026-02-16,2353.87
8387,2026-02-23,2397.86
8387,2026-03-02,2251.23
8387,2026-03-09,2232.66
8387,2026-03-16,2252.21
8387,2026-03-23,2335.3
8387,2026-03-30,2339.26
8387,2026-04-06,2454.19
8387,2026-04-13,2675.14
8387,2026-04-20,2466.08
8387,2026-04-27,2524.54
8387,2026-05-04,2528.5
8387,2026-05-11,2669.19
8387,2026-05-18,2799.98
8387,2026-05-25,2723.69
8387,2026-06-01,2724.68
8387,2026-06-08,2866.36
8387,2026-06-15,2724.68
8387,2026-06-22,2914.91
8387,2026-06-29,3111.09
8387,2026-07-06,3106.13
8387,2026-07-13,3066.5
8387,2026-07-20,3433.1
8387,2026-07-27,3299.34
8387,2026-08-03,3482.63
8387,2026-08-10,3512.36
8387,2026-08-17,3338.97
8387,2026-08-24,3581.71
8387,2026-08-31,3740.24
8387,2026-09-07,4087.02
8387,2026-09-14,4399.12
8387,2026-09-21,4592.32
8387,2026-09-28,4685.0
8388,2025-10-06,667.78
8388,2025-10-13,667.78
8388,2025-10-20,677.19
8388,2025-10-27,685.67
8388,2025-11-03,696.03
8388,2025-11-10,720.52
8388,2025-11-17,737.47
8388,2025-11-24,781.74
8388,2025-12-01,794.93
8388,2025-12-08,796.81
8388,2025-12-15,819.41
8388,2025-12-22,808.11
8388,2025-12-29,826.01
8388,2026-01-05,868.39
8388,2026-01-12,939.03
8388,2026-01-19,953.16
8388,2026-01-26,977.65
8388,2026-02-02,1066.18
8388,2026-02-09,1090.67
8388,2026-02-16,1094.44
8388,2026-02-23,1128.34
8388,2026-03-02,1060.53
8388,2026-03-09,1028.51
8388,2026-03-16,1079.37
8388,2026-03-23,1122.69
8388,2026-03-30,1169.01
8388,2026-04-06,1243.51
8388,2026-04-13,1266.43
8388,2026-04-20,1178.56
8388,2026-04-27,1197.67
8388,2026-05-04,1176.65
8388,2026-05-11,1283.62
8388,2026-05-18,1312.28
8388,2026-05-25,1279.8
8388,2026-06-01,1289.35
8388,2026-06-08,1335.2
8388,2026-06-15,1302.72
8388,2026-06-22,1350.48
8388,2026-06-29,1440.26
8388,2026-07-06,1438.35
8388,2026-07-13,1457.45
8388,2026-07-20,1658.01
8388,2026-07-27,1593.07
8388,2026-08-03,1705.77
8388,2026-08-10,1780.26
8388,2026-08-17,1719.14
8388,2026-08-24,1948.36
8388,2026-08-31,1898.69
8388,2026-09-07,1946.45
8388,2026-09-14,1982.74
8388,2026-09-21,2108.81
8388,2026-09-28,2202.0
8392,2025-10-06,948.56
8392,2025-10-13,954.47
8392,2025-10-20,985.95
8392,2025-10-27,1001.7
8392,2025-11-03,1021.38
8392,2025-11-10,1056.8
8392,2025-11-17,1041.06
8392,2025-11-24,1147.33
8392,2025-12-01,1212.27
8392,2025-12-08,1210.3
8392,2025-12-15,1249.66
8392,2025-12-22,1228.01
8392,2025-12-29,1277.21
8392,2026-01-05,1373.64
8392,2026-01-12,1475.98
8392,2026-01-19,1586.19
8392,2026-01-26,1609.8
8392,2026-02-02,1853.83
8392,2026-02-09,1881.38
8392,2026-02-16,1903.03
8392,2026-02-23,1973.88
8392,2026-03-02,1948.29
8392,2026-03-09,1859.73
8392,2026-03-16,1879.41
8392,2026-03-23,1962.07
8392,2026-03-30,1858.85
8392,2026-04-06,2094.06
8392,2026-04-13,2147.66
8392,2026-04-20,1965.05
8392,2026-04-27,2087.12
8392,2026-05-04,2115.9
8392,2026-05-11,2192.32
8392,2026-05-18,2240.95
8392,2026-05-25,2236.98
8392,2026-06-01,2224.07
8392,2026-06-08,2371.95
8392,2026-06-15,2246.9
8392,2026-06-22,2318.36
8392,2026-06-29,2527.76
8392,2026-07-06,2490.05
8392,2026-07-13,2424.55
8392,2026-07-20,2768.93
8392,2026-07-27,2545.63
8392,2026-08-03,2691.52
8392,2026-08-10,2821.53
8392,2026-08-17,2742.13
8392,2026-08-24,2880.08
8392,2026-08-31,2968.41
8392,2026-09-07,3017.04
8392,2026-09-14,3111.32
8392,2026-09-21,3255.23
8392,2026-09-28,3250.0
8393,2025-10-06,856.0
8393,2025-10-13,864.82
8393,2025-10-20,898.12
8393,2025-10-27,908.89
8393,2025-11-03,999.0
8393,2025-11-10,1018.58
8393,2025-11-17,1010.75
8393,2025-11-24,1116.53
8393,2025-12-01,1167.45
8393,2025-12-08,1179.21
8393,2025-12-15,1216.43
8393,2025-12-22,1224.26
8393,2025-12-29,1281.07
8393,2026-01-05,1386.84
8393,2026-01-12,1480.87
8393,2026-01-19,1569.01
8393,2026-01-26,1522.0
8393,2026-02-02,1727.68
8393,2026-02-09,1855.0
8393,2026-02-16,1856.96
8393,2026-02-23,1903.97
8393,2026-03-02,1815.82
8393,2026-03-09,1725.72
8393,2026-03-16,1762.93
8393,2026-03-23,1888.3
8393,2026-03-30,1826.88
8393,2026-04-06,1998.27
8393,2026-04-13,2097.34
8393,2026-04-20,1911.09
8393,2026-04-27,1936.84
8393,2026-05-04,1933.87
8393,2026-05-11,1977.46
8393,2026-05-18,2030.96
8393,2026-05-25,1838.76
8393,2026-06-01,1924.96
8393,2026-06-08,2110.22
8393,2026-06-15,1979.44
8393,2026-06-22,2104.27
8393,2026-06-29,2201.36
8393,2026-07-06,2173.62
8393,2026-07-13,2127.06
8393,2026-07-20,2454.99
8393,2026-07-27,2317.28
8393,2026-08-03,2366.81
8393,2026-08-10,2473.81
8393,2026-08-17,2417.34
8393,2026-08-24,2520.37
8393,2026-08-31,2626.38
8393,2026-09-07,2667.99
8393,2026-09-14,2756.16
8393,2026-09-21,2927.56
8393,2026-09-28,2897.0
8395,2025-10-06,2969.64
8395,2025-10-13,3013.75
8395,2025-10-20,3087.25
8395,2025-10-27,3141.16
8395,2025-11-03,3150.96
8395,2025-11-10,3278.37
8395,2025-11-17,3327.37
8395,2025-11-24,3542.99
8395,2025-12-01,3665.5
8395,2025-12-08,3694.9
8395,2025-12-15,3802.71
8395,2025-12-22,3846.82
8395,2025-12-29,3969.33
8395,2026-01-05,4229.05
8395,2026-01-12,4483.87
8395,2026-01-19,4586.78
8395,2026-01-26,4498.57
8395,2026-02-02,4910.2
8395,2026-02-09,4959.21
8395,2026-02-16,4978.81
8395,2026-02-23,5076.82
8395,2026-03-02,4719.09
8395,2026-03-09,4572.07
8395,2026-03-16,4635.78
8395,2026-03-23,4836.7
8395,2026-03-30,4871.42
8395,2026-04-06,5198.83
8395,2026-04-13,5327.81
8395,2026-04-20,5010.32
8395,2026-04-27,5040.09
8395,2026-05-04,5040.09
8395,2026-05-11,5178.99
8395,2026-05-18,5248.44
8395,2026-05-25,5169.06
8395,2026-06-01,5238.51
8395,2026-06-08,5486.55
8395,2026-06-15,5089.69
8395,2026-06-22,5178.99
8395,2026-06-29,5427.02
8395,2026-07-06,5546.08
8395,2026-07-13,5298.04
8395,2026-07-20,5863.56
8395,2026-07-27,5556.0
8395,2026-08-03,5833.8
8395,2026-08-10,6329.87
8395,2026-08-17,6409.24
8395,2026-08-24,6577.91
8395,2026-08-31,6518.38
8395,2026-09-07,6548.14
8395,2026-09-14,6726.73
8395,2026-09-21,7024.37
8395,2026-09-28,6970.0
8411,2025-10-06,4661.87
8411,2025-10-13,4478.57
8411,2025-10-20,4788.31
8411,2025-10-27,5047.09
8411,2025-11-03,4946.13
8411,2025-11-10,5195.1
8411,2025-11-17,5060.81
8411,2025-11-24,5364.68
8411,2025-12-01,5550.92
8411,2025-12-08,5607.77
8411,2025-12-15,5514.65
8411,2025-12-22,5554.84
8411,2025-12-29,5587.18
8411,2026-01-05,6072.39
8411,2026-01-12,6713.44
8411,2026-01-19,6597.78
8411,2026-01-26,6648.75
8411,2026-02-02,7201.59
8411,2026-02-09,7528.98
8411,2026-02-16,7032.99
8411,2026-02-23,7009.47
8411,2026-03-02,6422.32
8411,2026-03-09,6014.56
8411,2026-03-16,6028.28
8411,2026-03-23,6252.75
8411,2026-03-30,6412.87
8411,2026-04-06,6728.16
8411,2026-04-13,6710.31
8411,2026-04-20,6372.22
8411,2026-04-27,6646.86
8411,2026-05-04,6713.29
8411,2026-05-11,6853.08
8411,2026-05-18,7393.44
8411,2026-05-25,7133.67
8411,2026-06-01,7650.23
8411,2026-06-08,7498.54
8411,2026-06-15,7816.8
8411,2026-06-22,7727.57
8411,2026-06-29,8009.15
8411,2026-07-06,8236.19
8411,2026-07-13,7862.41
8411,2026-07-20,8578.25
8411,2026-07-27,8097.39
8411,2026-08-03,8374.01
8411,2026-08-10,8546.53
8411,2026-08-17,8040.87
8411,2026-08-24,8413.67
8411,2026-08-31,8699.21
8411,2026-09-07,8580.24
8411,2026-09-14,8422.59
8411,2026-09-21,8552.47
8411,2026-09-28,8446.0
8418,2025-10-06,1662.03
8418,2025-10-13,1623.56
8418,2025-10-20,1699.04
8418,2025-10-27,1721.44
8418,2025-11-03,1726.31
8418,2025-11-10,1756.99
8418,2025-11-17,1749.68
8418,2025-11-24,1984.89
8418,2025-12-01,1998.04
8418,2025-12-08,2065.24
8418,2025-12-15,2052.09
8418,2025-12-22,2030.18
8418,2025-12-29,2067.67
8418,2026-01-05,2183.57
8418,2026-01-12,2291.68
8418,2026-01-19,2404.17
8418,2026-01-26,2392.0
8418,2026-02-02,2593.11
8418,2026-02-09,2694.4
8418,2026-02-16,2658.86
8418,2026-02-23,2680.28
8418,2026-03-02,2516.17
8418,2026-03-09,2435.82
8418,2026-03-16,2386.15
8418,2026-03-23,2447.51
8418,2026-03-30,2560.47
8418,2026-04-06,2662.07
8418,2026-04-13,2732.12
8418,2026-04-20,2519.03
8418,2026-04-27,2604.36
8418,2026-05-04,2604.36
8418,2026-05-11,2775.03
8418,2026-05-18,2824.35
8418,2026-05-25,2703.51
8418,2026-06-01,2694.14
8418,2026-06-08,2880.58
8418,2026-06-15,2820.9
8418,2026-06-22,2837.67
8418,2026-06-29,2946.68
8418,2026-07-06,2932.38
8418,2026-07-13,2862.83
8418,2026-07-20,3078.87
8418,2026-07-27,2935.83
8418,2026-08-03,3033.49
8418,2026-08-10,3158.78
8418,2026-08-17,3064.07
8418,2026-08-24,3154.83
8418,2026-08-31,3182.45
8418,2026-09-07,3159.76
8418,2026-09-14,3396.53
8418,2026-09-21,3502.08
8418,2026-09-28,3461.0
8522,2025-10-06,3334.61
8522,2025-10-13,3334.61
8522,2025-10-20,3586.28
8522,2025-10-27,3808.91
8522,2025-11-03,3857.31
8522,2025-11-10,3886.35
8522,2025-11-17,3871.83
8522,2025-11-24,4234.81
8522,2025-12-01,4283.21
8522,2025-12-08,4292.89
8522,2025-12-15,4360.64
8522,2025-12-22,4181.57
8522,2025-12-29,4215.45
8522,2026-01-05,4491.32
8522,2026-01-12,4694.59
8522,2026-01-19,4926.9
8522,2026-01-26,4733.31
8522,2026-02-02,5410.88
8522,2026-02-09,5556.07
8522,2026-02-16,5333.44
8522,2026-02-23,5739.98
8522,2026-03-02,5410.88
8522,2026-03-09,5188.25
8522,2026-03-16,5217.29
8522,2026-03-23,6136.84
8522,2026-03-30,5722.46
8522,2026-04-06,5801.39
8522,2026-04-13,5909.92
8522,2026-04-20,5613.93
8522,2026-04-27,5702.73
8522,2026-05-04,5752.06
8522,2026-05-11,6067.78
8522,2026-05-18,5978.98
8522,2026-05-25,5781.66
8522,2026-06-01,5761.93
8522,2026-06-08,5890.19
8522,2026-06-15,5722.46
8522,2026-06-22,5830.99
8522,2026-06-29,6215.78
8522,2026-07-06,6373.64
8522,2026-07-13,6176.31
8522,2026-07-20,6797.89
8522,2026-07-27,6422.97
8522,2026-08-03,6363.77
8522,2026-08-10,6778.16
8522,2026-08-17,6886.68
8522,2026-08-24,7084.01
8522,2026-08-31,7044.55
8522,2026-09-07,7054.41
8522,2026-09-14,7123.48
8522,2026-09-21,7370.13
8522,2026-09-28,7200.0
8524,2025-10-06,681.56
8524,2025-10-13,667.0
8524,2025-10-20,701.95
8524,2025-10-27,700.98
8524,2025-11-03,711.66
8524,2025-11-10,719.43
8524,2025-11-17,728.17
8524,2025-11-24,801.95
8524,2025-12-01,809.72
8524,2025-12-08,801.95
8524,2025-12-15,827.2
8524,2025-12-22,816.52
8524,2025-12-29,829.73
8524,2026-01-05,903.11
8524,2026-01-12,940.29
8524,2026-01-19,920.72
8524,2026-01-26,901.15
8524,2026-02-02,955.95
8524,2026-02-09,992.15
8524,2026-02-16,1025.42
8524,2026-02-23,1074.34
8524,2026-03-02,981.39
8524,2026-03-09,926.59
8524,2026-03-16,910.94
8524,2026-03-23,951.05
8524,2026-03-30,985.11
8524,2026-04-06,1029.53
8524,2026-04-13,1032.49
8524,2026-04-20,917.99
8524,2026-04-27,977.21
8524,2026-05-04,968.33
8524,2026-05-11,982.15
8524,2026-05-18,993.99
8524,2026-05-25,960.43
8524,2026-06-01,980.17
8524,2026-06-08,1006.82
8524,2026-06-15,1003.86
8524,2026-06-22,1104.55
8524,2026-06-29,1134.37
8524,2026-07-06,1163.2
8524,2026-07-13,1107.53
8524,2026-07-20,1209.93
8524,2026-07-27,1150.28
8524,2026-08-03,1213.91
8524,2026-08-10,1293.44
8524,2026-08-17,1253.67
8524,2026-08-24,1298.41
8524,2026-08-31,1310.34
8524,2026-09-07,1290.46
8524,2026-09-14,1314.32
8524,2026-09-21,1367.01
8524,2026-09-28,1361.0
8537,2025-10-06,1620.03
8537,2025-10-13,1603.67
8537,2025-10-20,1667.2
8537,2025-10-27,1679.71
8537,2025-11-03,1659.5
8537,2025-11-10,1658.53
8537,2025-11-17,1648.91
8537,2025-11-24,1783.67
8537,2025-12-01,1882.82
8537,2025-12-08,1878.97
8537,2025-12-15,1879.93
8537,2025-12-22,2011.8
8537,2025-12-29,1991.59
8537,2026-01-05,2239.94
8537,2026-01-12,2368.92
8537,2026-01-19,2398.76
8537,2026-01-26,2280.36
8537,2026-02-02,2422.83
8537,2026-02-09,2506.57
8537,2026-02-16,2785.72
8537,2026-02-23,2788.61
8537,2026-03-02,2536.41
8537,2026-03-09,2409.35
8537,2026-03-16,2379.51
8537,2026-03-23,2341.97
8537,2026-03-30,2338.03
8537,2026-04-06,2499.48
8537,2026-04-13,2576.27
8537,2026-04-20,2355.75
8537,2026-04-27,2466.99
8537,2026-05-04,2551.65
8537,2026-05-11,2697.35
8537,2026-05-18,2934.6
8537,2026-05-25,2789.89
8537,2026-06-01,2763.31
8537,2026-06-08,2796.78
8537,2026-06-15,2678.65
8537,2026-06-22,2697.35
8537,2026-06-29,2798.75
8537,2026-07-06,2678.65
8537,2026-07-13,2592.02
8537,2026-07-20,2844.03
8537,2026-07-27,2551.65
8537,2026-08-03,2653.05
8537,2026-08-10,2899.16
8537,2026-08-17,2931.65
8537,2026-08-24,3007.45
8537,2026-08-31,3105.89
8537,2026-09-07,3076.36
8537,2026-09-14,3194.49
8537,2026-09-21,3307.7
8537,2026-09-28,3415.0
8544,2025-10-06,1228.47
8544,2025-10-13,1220.65
8544,2025-10-20,1240.21
8544,2025-10-27,1271.51
8544,2025-11-03,1292.05
8544,2025-11-10,1398.66
8544,2025-11-17,1411.38
8544,2025-11-24,1503.32
8544,2025-12-01,1607.97
8544,2025-12-08,1621.66
8544,2025-12-15,1591.34
8544,2025-12-22,1583.52
8544,2025-12-29,1627.53
8544,2026-01-05,1695.02
8544,2026-01-12,1808.48
8544,2026-01-19,1842.71
8544,2026-01-26,1812.39
8544,2026-02-02,1982.58
8544,2026-02-09,2099.95
8544,2026-02-16,2103.86
8544,2026-02-23,2202.65
8544,2026-03-02,2012.9
8544,2026-03-09,1960.08
8544,2026-03-16,1965.95
8544,2026-03-23,2040.28
8544,2026-03-30,2156.99
8544,2026-04-06,2238.08
8544,2026-04-13,2232.15
8544,2026-04-20,2081.82
8544,2026-04-27,2093.69
8544,2026-05-04,2087.76
8544,2026-05-11,2341.93
8544,2026-05-18,2452.69
8544,2026-05-25,2552.58
8544,2026-06-01,2402.25
8544,2026-06-08,2496.21
8544,2026-06-15,2394.34
8544,2026-06-22,2443.79
8544,2026-06-29,2608.95
8544,2026-07-06,2562.47
8544,2026-07-13,2441.81
8544,2026-07-20,2812.68
8544,2026-07-27,2620.82
8544,2026-08-03,2613.9
8544,2026-08-10,2757.3
8544,2026-08-17,2657.41
8544,2026-08-24,2820.6
8544,2026-08-31,2838.4
8544,2026-09-07,2807.74
8544,2026-09-14,2823.56
8544,2026-09-21,2976.86
8544,2026-09-28,2927.0
8550,2025-10-06,471.56
8550,2025-10-13,464.75
8550,2025-10-20,486.14
8550,2025-10-27,534.75
8550,2025-11-03,560.03
8550,2025-11-10,601.84
8550,2025-11-17,597.95
8550,2025-11-24,672.82
8550,2025-12-01,693.24
8550,2025-12-08,707.82
8550,2025-12-15,697.13
8550,2025-12-22,701.99
8550,2025-12-29,705.88
8550,2026-01-05,771.02
8550,2026-01-12,843.94
8550,2026-01-19,889.64
8550,2026-01-26,812.83
8550,2026-02-02,970.34
8550,2026-02-09,978.11
8550,2026-02-16,974.23
8550,2026-02-23,988.81
8550,2026-03-02,901.3
8550,2026-03-09,874.08
8550,2026-03-16,877.0
8550,2026-03-23,883.8
8550,2026-03-30,890.72
8550,2026-04-06,941.08
8550,2026-04-13,1007.24
8550,2026-04-20,897.63
8550,2026-04-27,950.95
8550,2026-05-04,947.0
8550,2026-05-11,925.28
8550,2026-05-18,959.84
8550,2026-05-25,932.19
8550,2026-06-01,918.37
8550,2026-06-08,958.85
8550,2026-06-15,909.48
8550,2026-06-22,903.55
8550,2026-06-29,961.81
8550,2026-07-06,963.79
8550,2026-07-13,921.33
8550,2026-07-20,1015.14
8550,2026-07-27,939.1
8550,2026-08-03,1015.14
8550,2026-08-10,1103.03
8550,2026-08-17,1027.98
8550,2026-08-24,1080.31
8550,2026-08-31,1087.23
8550,2026-09-07,1060.56
8550,2026-09-14,1114.88
8550,2026-09-21,1192.89
8550,2026-09-28,1192.0
8551,2025-10-06,1147.06
8551,2025-10-13,1136.0
8551,2025-10-20,1183.4
8551,2025-10-27,1192.88
8551,2025-11-03,1186.56
8551,2025-11-10,1298.73
8551,2025-11-17,1328.75
8551,2025-11-24,1384.05
8551,2025-12-01,1357.19
8551,2025-12-08,1355.61
8551,2025-12-15,1368.25
8551,2025-12-22,1385.63
8551,2025-12-29,1428.29
8551,2026-01-05,1499.39
8551,2026-01-12,1583.13
8551,2026-01-19,1605.25
8551,2026-01-26,1480.43
8551,2026-02-02,1578.39
8551,2026-02-09,1652.65
8551,2026-02-16,1646.33
8551,2026-02-23,1674.77
8551,2026-03-02,1535.73
8551,2026-03-09,1472.53
8551,2026-03-16,1455.15
8551,2026-03-23,1494.65
8551,2026-03-30,1509.18
8551,2026-04-06,1581.81
8551,2026-04-13,1627.01
8551,2026-04-20,1504.33
8551,2026-04-27,1535.0
8551,2026-05-04,1544.69
8551,2026-05-11,1691.57
8551,2026-05-18,1775.5
8551,2026-05-25,1756.13
8551,2026-06-01,1717.39
8551,2026-06-08,1746.45
8551,2026-06-15,1678.66
8551,2026-06-22,1698.03
8551,2026-06-29,1833.61
8551,2026-07-06,1840.07
8551,2026-07-13,1946.6
8551,2026-07-20,2191.94
8551,2026-07-27,2146.74
8551,2026-08-03,2166.11
8551,2026-08-10,2382.4
8551,2026-08-17,2417.91
8551,2026-08-24,2608.37
8551,2026-08-31,2582.55
8551,2026-09-07,2737.5
8551,2026-09-14,2753.64
8551,2026-09-21,2924.74
8551,2026-09-28,2977.0
8563,2025-10-06,738.03
8563,2025-10-13,728.42
8563,2025-10-20,738.99
8563,2025-10-27,749.56
8563,2025-11-03,746.68
8563,2025-11-10,752.44
8563,2025-11-17,744.76
8563,2025-11-24,761.09
8563,2025-12-01,775.51
8563,2025-12-08,788.96
8563,2025-12-15,806.26
8563,2025-12-22,835.09
8563,2025-12-29,871.6
8563,2026-01-05,909.08
8563,2026-01-12,935.03
8563,2026-01-19,947.52
8563,2026-01-26,960.98
8563,2026-02-02,1032.09
8563,2026-02-09,1093.59
8563,2026-02-16,1133.95
8563,2026-02-23,1157.01
8563,2026-03-02,1048.42
8563,2026-03-09,992.69
8563,2026-03-16,964.82
8563,2026-03-23,985.0
8563,2026-03-30,983.0
8563,2026-04-06,1002.0
8563,2026-04-13,1018.0
8563,2026-04-20,958.0
8563,2026-04-27,956.0
8563,2026-05-04,967.0
8563,2026-05-11,990.0
8563,2026-05-18,1020.0
8563,2026-05-25,979.0
8563,2026-06-01,958.0
8563,2026-06-08,968.0
8563,2026-06-15,956.0
8563,2026-06-22,946.0
8563,2026-06-29,978.0
8563,2026-07-06,982.0
8563,2026-07-13,989.0
8563,2026-07-20,1045.0
8563,2026-07-27,1020.0
8563,2026-08-03,1049.0
8563,2026-08-10,1095.0
8563,2026-08-17,1107.0
8563,2026-08-24,1152.0
8563,2026-08-31,1179.0
8563,2026-09-07,1177.0
8563,2026-09-14,1200.0
8563,2026-09-21,1202.0
8563,2026-09-28,1260.0
8600,2025-10-06,638.09
8600,2025-10-13,631.29
8600,2025-10-20,659.49
8600,2025-10-27,664.36
8600,2025-11-03,685.76
8600,2025-11-10,677.0
8600,2025-11-17,683.81
8600,2025-11-24,727.58
8600,2025-12-01,729.53
8600,2025-12-08,734.39
8600,2025-12-15,742.17
8600,2025-12-22,744.12
8600,2025-12-29,762.6
8600,2026-01-05,788.86
8600,2026-01-12,844.31
8600,2026-01-19,850.14
8600,2026-01-26,849.17
8600,2026-02-02,906.56
8600,2026-02-09,937.69
8600,2026-02-16,949.36
8600,2026-02-23,956.17
8600,2026-03-02,873.49
8600,2026-03-09,835.55
8600,2026-03-16,828.74
8600,2026-03-23,827.77
8600,2026-03-30,877.16
8600,2026-04-06,912.72
8600,2026-04-13,927.54
8600,2026-04-20,855.43
8600,2026-04-27,881.11
8600,2026-05-04,878.15
8600,2026-05-11,867.28
8600,2026-05-18,877.16
8600,2026-05-25,865.31
8600,2026-06-01,841.6
8600,2026-06-08,879.14
8600,2026-06-15,850.49
8600,2026-06-22,865.31
8600,2026-06-29,884.08
8600,2026-07-06,898.89
8600,2026-07-13,896.92
8600,2026-07-20,1011.5
8600,2026-07-27,984.83
8600,2026-08-03,1064.84
8600,2026-08-10,1104.35
8600,2026-08-17,1069.78
8600,2026-08-24,1129.05
8600,2026-08-31,1122.14
8600,2026-09-07,1123.12
8600,2026-09-14,1168.56
8600,2026-09-21,1211.04
8600,2026-09-28,1187.0
8704,2025-10-06,942.08
8704,2025-10-13,901.66
8704,2025-10-20,891.07
8704,2025-10-27,862.21
8704,2025-11-03,851.62
8704,2025-11-10,910.32
8704,2025-11-17,877.6
8704,2025-11-24,897.81
8704,2025-12-01,863.17
8704,2025-12-08,856.43
8704,2025-12-15,878.56
8704,2025-12-22,908.4
8704,2025-12-29,916.09
8704,2026-01-05,934.38
8704,2026-01-12,966.13
8704,2026-01-19,964.21
8704,2026-01-26,934.38
8704,2026-02-02,986.34
8704,2026-02-09,1038.3
8704,2026-02-16,1060.44
8704,2026-02-23,1105.66
8704,2026-03-02,1048.89
8704,2026-03-09,997.89
8704,2026-03-16,991.15
8704,2026-03-23,1007.51
8704,2026-03-30,1024.25
8704,2026-04-06,1031.15
8704,2026-04-13,1028.19
8704,2026-04-20,1013.42
8704,2026-04-27,1110.92
8704,2026-05-04,1216.3
8704,2026-05-11,1151.3
8704,2026-05-18,1121.75
8704,2026-05-25,1174.94
8704,2026-06-01,1120.77
8704,2026-06-08,1136.53
8704,2026-06-15,1143.42
8704,2026-06-22,1131.6
8704,2026-06-29,1249.79
8704,2026-07-06,1227.13
8704,2026-07-13,1223.19
8704,2026-07-20,1252.74
8704,2026-07-27,1228.12
8704,2026-08-03,1277.36
8704,2026-08-10,1330.54
8704,2026-08-17,1362.06
8704,2026-08-24,1377.82
8704,2026-08-31,1398.5
8704,2026-09-07,1383.73
8704,2026-09-14,1386.68
8704,2026-09-21,1414.26
8704,2026-09-28,1385.0
8714,2025-10-06,621.24
8714,2025-10-13,621.24
8714,2025-10-20,629.02
8714,2025-10-27,646.52
8714,2025-11-03,653.33
8714,2025-11-10,681.52
8714,2025-11-17,713.6
8714,2025-11-24,760.27
8714,2025-12-01,761.24
8714,2025-12-08,752.49
8714,2025-12-15,762.22
8714,2025-12-22,753.47
8714,2025-12-29,769.02
8714,2026-01-05,801.1
8714,2026-01-12,839.02
8714,2026-01-19,839.02
8714,2026-01-26,793.33
8714,2026-02-02,869.16
8714,2026-02-09,895.41
8714,2026-02-16,910.96
8714,2026-02-23,897.35
8714,2026-03-02,819.58
8714,2026-03-09,771.94
8714,2026-03-16,765.13
8714,2026-03-23,882.77
8714,2026-03-30,904.01
8714,2026-04-06,987.0
8714,2026-04-13,924.76
8714,2026-04-20,887.22
8714,2026-04-27,905.99
8714,2026-05-04,903.02
8714,2026-05-11,943.53
8714,2026-05-18,959.34
8714,2026-05-25,952.42
8714,2026-06-01,981.08
8714,2026-06-08,996.88
8714,2026-06-15,967.24
8714,2026-06-22,963.29
8714,2026-06-29,1003.8
8714,2026-07-06,997.87
8714,2026-07-13,973.17
8714,2026-07-20,1034.43
8714,2026-07-27,934.64
8714,2026-08-03,1018.62
8714,2026-08-10,1085.8
8714,2026-08-17,1042.33
8714,2026-08-24,1090.74
8714,2026-08-31,1069.99
8714,2026-09-07,1058.14
8714,2026-09-14,1088.77
8714,2026-09-21,1125.32
8714,2026-09-28,1118.0
8876,2025-10-06,1608.81
8876,2025-10-13,1592.65
8876,2025-10-20,1596.92
8876,2025-10-27,1576.01
8876,2025-11-03,1574.11
8876,2025-11-10,1689.6
8876,2025-11-17,1640.17
8876,2025-11-24,1630.19
8876,2025-12-01,1591.7
8876,2025-12-08,1599.3
8876,2025-12-15,1640.65
8876,2025-12-22,1652.06
8876,2025-12-29,1630.67
8876,2026-01-05,1667.26
8876,2026-01-12,1705.76
8876,2026-01-19,1720.97
8876,2026-01-26,1665.36
8876,2026-02-02,1699.11
8876,2026-02-09,1746.16
8876,2026-02-16,1758.99
8876,2026-02-23,1830.76
8876,2026-03-02,1833.14
8876,2026-03-09,1825.06
8876,2026-03-16,1863.08
8876,2026-03-23,1870.21
8876,2026-03-30,1968.22
8876,2026-04-06,1916.01
8876,2026-04-13,1944.58
8876,2026-04-20,1928.82
8876,2026-04-27,1898.28
8876,2026-05-04,1887.45
8876,2026-05-11,2004.18
8876,2026-05-18,1941.13
8876,2026-05-25,1814.06
8876,2026-06-01,1777.12
8876,2026-06-08,1788.94
8876,2026-06-15,1754.95
8876,2026-06-22,1858.88
8876,2026-06-29,2027.33
8876,2026-07-06,2057.87
8876,2026-07-13,1983.0
8876,2026-07-20,1970.69
8876,2026-07-27,1983.99
8876,2026-08-03,2100.72
8876,2026-08-10,2128.79
8876,2026-08-17,2129.78
8876,2026-08-24,2146.53
8876,2026-08-31,2227.8
8876,2026-09-07,2102.2
8876,2026-09-14,2247.99
8876,2026-09-21,2282.96
8876,2026-09-28,2302.5
9039,2025-10-06,2754.29
9039,2025-10-13,2755.25
9039,2025-10-20,2791.96
9039,2025-10-27,2721.44
9039,2025-11-03,2765.88
9039,2025-11-10,2679.9
9039,2025-11-17,2781.34
9039,2025-11-24,2758.15
9039,2025-12-01,2699.22
9039,2025-12-08,2704.05
9039,2025-12-15,2762.01
9039,2025-12-22,2755.25
9039,2025-12-29,2769.74
9039,2026-01-05,2840.27
9039,2026-01-12,2876.98
9039,2026-01-19,2884.71
9039,2026-01-26,2817.08
9039,2026-02-02,2839.3
9039,2026-02-09,2807.42
9039,2026-02-16,2796.79
9039,2026-02-23,2826.74
9039,2026-03-02,2681.83
9039,2026-03-09,2620.0
9039,2026-03-16,2627.73
9039,2026-03-23,2704.05
9039,2026-03-30,2789.2
9039,2026-04-06,2863.46
9039,2026-04-13,2882.27
9039,2026-04-20,2864.45
9039,2026-04-27,2843.66
9039,2026-05-04,2858.51
9039,2026-05-11,2777.32
9039,2026-05-18,2793.16
9039,2026-05-25,2832.77
9039,2026-06-01,2842.67
9039,2026-06-08,2789.2
9039,2026-06-15,2825.84
9039,2026-06-22,2891.18
9039,2026-06-29,2885.24
9039,2026-07-06,2870.39
9039,2026-07-13,2961.48
9039,2026-07-20,2952.57
9039,2026-07-27,2947.62
9039,2026-08-03,2869.4
9039,2026-08-10,2975.35
9039,2026-08-17,3000.1
9039,2026-08-24,2965.44
9039,2026-08-31,2939.7
9039,2026-09-07,2911.98
9039,2026-09-14,2990.2
9039,2026-09-21,3049.61
9039,2026-09-28,2926.0
9081,2025-10-06,3456.87
9081,2025-10-13,3486.17
9081,2025-10-20,3530.11
9081,2025-10-27,3427.58
9081,2025-11-03,3398.28
9081,2025-11-10,3447.11
9081,2025-11-17,3520.35
9081,2025-11-24,3603.35
9081,2025-12-01,3554.52
9081,2025-12-08,3666.82
9081,2025-12-15,3559.41
9081,2025-12-22,3642.41
9081,2025-12-29,3661.94
9081,2026-01-05,3710.77
9081,2026-01-12,3759.59
9081,2026-01-19,3671.71
9081,2026-01-26,3583.82
9081,2026-02-02,3525.23
9081,2026-02-09,3569.17
9081,2026-02-16,3559.41
9081,2026-02-23,3608.23
9081,2026-03-02,3520.35
9081,2026-03-09,3456.87
9081,2026-03-16,3613.12
9081,2026-03-23,3456.87
9081,2026-03-30,3531.05
9081,2026-04-06,3545.89
9081,2026-04-13,3501.38
9081,2026-04-20,3362.91
9081,2026-04-27,3249.16
9081,2026-05-04,3219.49
9081,2026-05-11,3219.49
9081,2026-05-18,3254.11
9081,2026-05-25,3283.78
9081,2026-06-01,3348.07
9081,2026-06-08,3481.6
9081,2026-06-15,3466.76
9081,2026-06-22,3531.05
9081,2026-06-29,3531.05
9081,2026-07-06,3610.18
9081,2026-07-13,3743.71
9081,2026-07-20,3822.84
9081,2026-07-27,3827.78
9081,2026-08-03,3723.93
9081,2026-08-10,3812.95
9081,2026-08-17,3906.91
9081,2026-08-24,3961.31
9081,2026-08-31,3956.36
9081,2026-09-07,3956.36
9081,2026-09-14,4020.65
9081,2026-09-21,4050.33
9081,2026-09-28,3825.0
9244,2025-10-06,955.0
9244,2025-10-13,950.0
9244,2025-10-20,988.0
9244,2025-10-27,951.0
9244,2025-11-03,912.0
9244,2025-11-10,974.0
9244,2025-11-17,868.0
9244,2025-11-24,895.0
9244,2025-12-01,871.0
9244,2025-12-08,873.0
9244,2025-12-15,913.0
9244,2025-12-22,904.0
9244,2025-12-29,931.0
9244,2026-01-05,968.0
9244,2026-01-12,1009.0
9244,2026-01-19,1028.0
9244,2026-01-26,1014.0
9244,2026-02-02,999.0
9244,2026-02-09,1056.0
9244,2026-02-16,1014.0
9244,2026-02-23,1020.0
9244,2026-03-02,986.0
9244,2026-03-09,950.0
9244,2026-03-16,945.0
9244,2026-03-23,1023.0
9244,2026-03-30,997.0
9244,2026-04-06,1010.0
9244,2026-04-13,1029.0
9244,2026-04-20,1019.0
9244,2026-04-27,1048.0
9244,2026-05-04,1033.0
9244,2026-05-11,971.0
9244,2026-05-18,1063.0
9244,2026-05-25,1049.0
9244,2026-06-01,1043.0
9244,2026-06-08,1008.0
9244,2026-06-15,1020.0
9244,2026-06-22,1164.0
9244,2026-06-29,1240.0
9244,2026-07-06,1270.0
9244,2026-07-13,1196.0
9244,2026-07-20,1178.0
9244,2026-07-27,1271.0
9244,2026-08-03,1283.0
9244,2026-08-10,1205.0
9244,2026-08-17,1267.0
9244,2026-08-24,1386.0
9244,2026-08-31,1432.0
9244,2026-09-07,1398.0
9244,2026-09-14,1447.0
9244,2026-09-21,1573.0
9244,2026-09-28,1128.0
9246,2025-10-06,1220.0
9246,2025-10-13,1221.0
9246,2025-10-20,1210.0
9246,2025-10-27,1203.0
9246,2025-11-03,1229.0
9246,2025-11-10,1225.0
9246,2025-11-17,1189.0
9246,2025-11-24,1219.0
9246,2025-12-01,1220.0
9246,2025-12-08,1198.0
9246,2025-12-15,1184.0
9246,2025-12-22,1098.0
9246,2025-12-29,1122.0
9246,2026-01-05,1193.0
9246,2026-01-12,1220.0
9246,2026-01-19,1203.0
9246,2026-01-26,1177.0
9246,2026-02-02,1173.0
9246,2026-02-09,1147.0
9246,2026-02-16,1100.0
9246,2026-02-23,1130.0
9246,2026-03-02,1090.0
9246,2026-03-09,1090.0
9246,2026-03-16,1100.0
9246,2026-03-23,1110.0
9246,2026-03-30,1054.0
9246,2026-04-06,1035.0
9246,2026-04-13,1053.0
9246,2026-04-20,1037.0
9246,2026-04-27,992.0
9246,2026-05-04,1009.0
9246,2026-05-11,996.0
9246,2026-05-18,1013.0
9246,2026-05-25,1009.0
9246,2026-06-01,1009.0
9246,2026-06-08,997.0
9246,2026-06-15,1100.0
9246,2026-06-22,1009.0
9246,2026-06-29,1010.0
9246,2026-07-06,1033.0
9246,2026-07-13,1010.0
9246,2026-07-20,1016.0
9246,2026-07-27,1052.0
9246,2026-08-03,1099.0
9246,2026-08-10,1115.0
9246,2026-08-17,1085.0
9246,2026-08-24,1110.0
9246,2026-08-31,1127.0
9246,2026-09-07,1095.0
9246,2026-09-14,1120.0
9246,2026-09-21,1110.0
9246,2026-09-28,2194.0
9274,2025-10-06,721.05
9274,2025-10-13,740.31
9274,2025-10-20,771.11
9274,2025-10-27,734.53
9274,2025-11-03,748.01
9274,2025-11-10,750.9
9274,2025-11-17,695.06
9274,2025-11-24,722.02
9274,2025-12-01,698.91
9274,2025-12-08,734.53
9274,2025-12-15,764.37
9274,2025-12-22,775.93
9274,2025-12-29,793.25
9274,2026-01-05,830.8
9274,2026-01-12,851.02
9274,2026-01-19,842.35
9274,2026-01-26,850.05
9274,2026-02-02,884.71
9274,2026-02-09,877.97
9274,2026-02-16,873.16
9274,2026-02-23,900.11
9274,2026-03-02,876.05
9274,2026-03-09,844.28
9274,2026-03-16,834.65
9274,2026-03-23,849.09
9274,2026-03-30,887.42
9274,2026-04-06,899.21
9274,2026-04-13,959.16
9274,2026-04-20,924.76
9274,2026-04-27,957.19
9274,2026-05-04,979.8
9274,2026-05-11,954.24
9274,2026-05-18,989.62
9274,2026-05-25,992.57
9274,2026-06-01,918.87
9274,2026-06-08,932.62
9274,2026-06-15,1000.43
9274,2026-06-22,991.59
9274,2026-06-29,1014.19
9274,2026-07-06,1014.19
9274,2026-07-13,1028.93
9274,2026-07-20,1069.23
9274,2026-07-27,1090.85
9274,2026-08-03,1098.71
9274,2026-08-10,1076.1
9274,2026-08-17,1102.64
9274,2026-08-24,1085.93
9274,2026-08-31,1078.07
9274,2026-09-07,1074.14
9274,2026-09-14,1111.48
9274,2026-09-21,1155.71
9274,2026-09-28,1122.0
9304,2025-10-06,1073.38
9304,2025-10-13,1066.68
9304,2025-10-20,1083.9
9304,2025-10-27,1059.03
9304,2025-11-03,1053.29
9304,2025-11-10,1074.34
9304,2025-11-17,1111.65
9304,2025-11-24,1132.69
9304,2025-12-01,1124.08
9304,2025-12-08,1148.0
9304,2025-12-15,1203.48
9304,2025-12-22,1222.62
9304,2025-12-29,1219.75
9304,2026-01-05,1254.19
9304,2026-01-12,1280.02
9304,2026-01-19,1265.67
9304,2026-01-26,1241.75
9304,2026-02-02,1278.1
9304,2026-02-09,1312.54
9304,2026-02-16,1328.81
9304,2026-02-23,1354.64
9304,2026-03-02,1318.28
9304,2026-03-09,1253.23
9304,2026-03-16,1254.19
9304,2026-03-23,1292.45
9304,2026-03-30,1315.97
9304,2026-04-06,1306.17
9304,2026-04-13,1306.17
9304,2026-04-20,1250.32
9304,2026-04-27,1243.46
9304,2026-05-04,1250.32
9304,2026-05-11,1393.38
9304,2026-05-18,1405.14
9304,2026-05-25,1384.56
9304,2026-06-01,1393.38
9304,2026-06-08,1463.93
9304,2026-06-15,1520.77
9304,2026-06-22,1554.08
9304,2026-06-29,1721.64
9304,2026-07-06,1831.39
9304,2026-07-13,1939.17
9304,2026-07-20,1763.77
9304,2026-07-27,1782.39
9304,2026-08-03,1862.74
9304,2026-08-10,1937.21
9304,2026-08-17,1948.97
9304,2026-08-24,2136.13
9304,2026-08-31,2000.9
9304,2026-09-07,2039.12
9304,2026-09-14,2063.62
9304,2026-09-21,2213.54
9304,2026-09-28,2126.0
9308,2025-10-06,1588.73
9308,2025-10-13,1564.9
9308,2025-10-20,1595.68
9308,2025-10-27,1555.96
9308,2025-11-03,1547.03
9308,2025-11-10,1411.99
9308,2025-11-17,1388.16
9308,2025-11-24,1447.73
9308,2025-12-01,1448.73
9308,2025-12-08,1353.4
9308,2025-12-15,1337.51
9308,2025-12-22,1358.37
9308,2025-12-29,1362.34
9308,2026-01-05,1377.23
9308,2026-01-12,1362.34
9308,2026-01-19,1325.6
9308,2026-01-26,1285.88
9308,2026-02-02,1283.89
9308,2026-02-09,1496.39
9308,2026-02-16,1535.11
9308,2026-02-23,1636.39
9308,2026-03-02,1627.46
9308,2026-03-09,1594.69
9308,2026-03-16,1585.75
9308,2026-03-23,1498.37
9308,2026-03-30,1531.22
9308,2026-04-06,1537.21
9308,2026-04-13,1589.08
9308,2026-04-20,1448.43
9308,2026-04-27,1512.27
9308,2026-05-04,1527.23
9308,2026-05-11,1610.03
9308,2026-05-18,1550.18
9308,2026-05-25,1614.02
9308,2026-06-01,1538.21
9308,2026-06-08,1525.24
9308,2026-06-15,1501.3
9308,2026-06-22,1436.46
9308,2026-06-29,1463.39
9308,2026-07-06,1584.09
9308,2026-07-13,1651.92
9308,2026-07-20,1731.73
9308,2026-07-27,1885.35
9308,2026-08-03,1931.24
9308,2026-08-10,2053.93
9308,2026-08-17,2091.84
9308,2026-08-24,2129.75
9308,2026-08-31,2075.88
9308,2026-09-07,2090.84
9308,2026-09-14,2356.19
9308,2026-09-21,2422.02
9308,2026-09-28,2125.0
9324,2025-10-06,2069.38
9324,2025-10-13,2169.31
9324,2025-10-20,2117.89
9324,2025-10-27,2105.28
9324,2025-11-03,2059.68
9324,2025-11-10,2140.21
9324,2025-11-17,2147.0
9324,2025-11-24,2171.25
9324,2025-12-01,2142.15
9324,2025-12-08,2181.92
9324,2025-12-15,2174.16
9324,2025-12-22,2142.15
9324,2025-12-29,2135.36
9324,2026-01-05,2143.12
9324,2026-01-12,2230.43
9324,2026-01-19,2193.57
9324,2026-01-26,2157.67
9324,2026-02-02,2337.15
9324,2026-02-09,2520.52
9324,2026-02-16,2461.33
9324,2026-02-23,2475.89
9324,2026-03-02,2395.36
9324,2026-03-09,2259.54
9324,2026-03-16,2285.73
9324,2026-03-23,2373.05
9324,2026-03-30,2429.29
9324,2026-04-06,2345.42
9324,2026-04-13,2305.95
9324,2026-04-20,2195.44
9324,2026-04-27,2169.79
9324,2026-05-04,2254.64
9324,2026-05-11,2256.62
9324,2026-05-18,2329.63
9324,2026-05-25,2220.11
9324,2026-06-01,2180.64
9324,2026-06-08,2207.28
9324,2026-06-15,2293.12
9324,2026-06-22,2333.58
9324,2026-06-29,2402.65
9324,2026-07-06,2420.41
9324,2026-07-13,2539.8
9324,2026-07-20,2512.18
9324,2026-07-27,2508.23
9324,2026-08-03,2441.13
9324,2026-08-10,2525.99
9324,2026-08-17,2551.64
9324,2026-08-24,2504.28
9324,2026-08-31,2499.35
9324,2026-09-07,2619.73
9324,2026-09-14,2648.34
9324,2026-09-21,2760.83
9324,2026-09-28,2584.0
9380,2025-10-06,337.66
9380,2025-10-13,343.55
9380,2025-10-20,347.47
9380,2025-10-27,348.46
9380,2025-11-03,342.57
9380,2025-11-10,348.46
9380,2025-11-17,352.38
9380,2025-11-24,366.12
9380,2025-12-01,370.05
9380,2025-12-08,368.09
9380,2025-12-15,365.14
9380,2025-12-22,370.05
9380,2025-12-29,372.99
9380,2026-01-05,399.5
9380,2026-01-12,416.18
9380,2026-01-19,410.29
9380,2026-01-26,408.33
9380,2026-02-02,416.18
9380,2026-02-09,421.09
9380,2026-02-16,414.22
9380,2026-02-23,418.15
9380,2026-03-02,431.89
9380,2026-03-09,422.07
9380,2026-03-16,426.98
9380,2026-03-23,414.22
9380,2026-03-30,407.27
9380,2026-04-06,405.28
9380,2026-04-13,400.31
9380,2026-04-20,389.39
9380,2026-04-27,387.4
9380,2026-05-04,391.37
9380,2026-05-11,398.33
9380,2026-05-18,405.28
9380,2026-05-25,407.27
9380,2026-06-01,412.23
9380,2026-06-08,403.29
9380,2026-06-15,400.31
9380,2026-06-22,402.3
9380,2026-06-29,415.21
9380,2026-07-06,404.29
9380,2026-07-13,413.23
9380,2026-07-20,415.21
9380,2026-07-27,413.23
9380,2026-08-03,414.22
9380,2026-08-10,428.13
9380,2026-08-17,435.08
9380,2026-08-24,435.08
9380,2026-08-31,434.09
9380,2026-09-07,434.09
9380,2026-09-14,435.08
9380,2026-09-21,446.01
9380,2026-09-28,440.0
9619,2025-10-06,1906.39
9619,2025-10-13,1900.6
9619,2025-10-20,1958.46
9619,2025-10-27,1943.03
9619,2025-11-03,1933.39
9619,2025-11-10,1968.1
9619,2025-11-17,2003.78
9619,2025-11-24,2021.13
9619,2025-12-01,1958.46
9619,2025-12-08,2024.99
9619,2025-12-15,2026.92
9619,2025-12-22,2034.63
9619,2025-12-29,2051.99
9619,2026-01-05,2072.24
9619,2026-01-12,2070.31
9619,2026-01-19,2051.99
9619,2026-01-26,2032.71
9619,2026-02-02,2057.78
9619,2026-02-09,2114.67
9619,2026-02-16,2081.88
9619,2026-02-23,2107.92
9619,2026-03-02,2025.96
9619,2026-03-09,1997.03
9619,2026-03-16,1989.31
9619,2026-03-23,2039.46
9619,2026-03-30,2101.44
9619,2026-04-06,2085.7
9619,2026-04-13,2121.11
9619,2026-04-20,2115.21
9619,2026-04-27,2114.23
9619,2026-05-04,2097.5
9619,2026-05-11,2099.47
9619,2026-05-18,2099.47
9619,2026-05-25,2103.4
9619,2026-06-01,2087.66
9619,2026-06-08,2157.51
9619,2026-06-15,2178.17
9619,2026-06-22,2182.11
9619,2026-06-29,2187.03
9619,2026-07-06,2248.03
9619,2026-07-13,2318.86
9619,2026-07-20,2338.54
9619,2026-07-27,2331.65
9619,2026-08-03,2556.95
9619,2026-08-10,2611.05
9619,2026-08-17,2655.33
9619,2026-08-24,2685.83
9619,2026-08-31,2666.15
9619,2026-09-07,2594.33
9619,2026-09-14,2697.63
9619,2026-09-21,2717.31
9619,2026-09-28,2680.0
9632,2025-10-06,3329.42
9632,2025-10-13,3344.07
9632,2025-10-20,3446.59
9632,2025-10-27,3207.38
9632,2025-11-03,3197.61
9632,2025-11-10,3261.08
9632,2025-11-17,3261.08
9632,2025-11-24,3305.01
9632,2025-12-01,3119.5
9632,2025-12-08,2968.17
9632,2025-12-15,3007.22
9632,2025-12-22,3099.98
9632,2025-12-29,3051.16
9632,2026-01-05,3178.08
9632,2026-01-12,3222.02
9632,2026-01-19,3075.57
9632,2026-01-26,2986.99
9632,2026-02-02,3362.84
9632,2026-02-09,3377.68
9632,2026-02-16,3486.48
9632,2026-02-23,3615.05
9632,2026-03-02,3600.22
9632,2026-03-09,3511.2
9632,2026-03-16,3644.73
9632,2026-03-23,3634.84
9632,2026-03-30,3654.62
9632,2026-04-06,3629.89
9632,2026-04-13,3526.04
9632,2026-04-20,3451.86
9632,2026-04-27,3417.24
9632,2026-05-04,3441.97
9632,2026-05-11,3466.69
9632,2026-05-18,3575.49
9632,2026-05-25,3629.89
9632,2026-06-01,3615.05
9632,2026-06-08,3570.55
9632,2026-06-15,3461.75
9632,2026-06-22,3481.53
9632,2026-06-29,3506.26
9632,2026-07-06,3545.82
9632,2026-07-13,3476.58
9632,2026-07-20,3516.15
9632,2026-07-27,3645.0
9632,2026-08-03,3635.0
9632,2026-08-10,3720.0
9632,2026-08-17,3700.0
9632,2026-08-24,3760.0
9632,2026-08-31,3610.0
9632,2026-09-07,3510.0
9632,2026-09-14,3525.0
9632,2026-09-21,3505.0
9632,2026-09-28,5050.0
9639,2025-10-06,1965.1
9639,2025-10-13,1942.07
9639,2025-10-20,1960.3
9639,2025-10-27,1925.76
9639,2025-11-03,1915.2
9639,2025-11-10,1918.08
9639,2025-11-17,1918.08
9639,2025-11-24,1930.56
9639,2025-12-01,1929.6
9639,2025-12-08,1946.87
9639,2025-12-15,2018.83
9639,2025-12-22,2010.2
9639,2025-12-29,2041.86
9639,2026-01-05,2028.43
9639,2026-01-12,2049.54
9639,2026-01-19,2047.62
9639,2026-01-26,2040.9
9639,2026-02-02,2061.05
9639,2026-02-09,2069.69
9639,2026-02-16,2144.53
9639,2026-02-23,2180.99
9639,2026-03-02,2175.23
9639,2026-03-09,2145.49
9639,2026-03-16,2122.46
9639,2026-03-23,2148.37
9639,2026-03-30,2103.32
9639,2026-04-06,2118.01
9639,2026-04-13,2124.87
9639,2026-04-20,2115.07
9639,2026-04-27,2110.18
9639,2026-05-04,2085.7
9639,2026-05-11,2132.7
9639,2026-05-18,2104.3
9639,2026-05-25,2103.32
9639,2026-06-01,2094.51
9639,2026-06-08,2105.28
9639,2026-06-15,2175.79
9639,2026-06-22,2214.95
9639,2026-06-29,2241.39
9639,2026-07-06,2245.31
9639,2026-07-13,2212.02
9639,2026-07-20,2216.91
9639,2026-07-27,2256.08
9639,2026-08-03,2313.85
9639,2026-08-10,2296.23
9639,2026-08-17,2277.62
9639,2026-08-24,2292.31
9639,2026-08-31,2336.37
9639,2026-09-07,2303.08
9639,2026-09-14,2330.5
9639,2026-09-21,2353.02
9639,2026-09-28,2287.0
9824,2025-10-06,4323.12
9824,2025-10-13,4366.83
9824,2025-10-20,4454.27
9824,2025-10-27,4469.9
9824,2025-11-03,4410.63
9824,2025-11-10,4598.32
9824,2025-11-17,4445.21
9824,2025-11-24,4716.86
9824,2025-12-01,4968.75
9824,2025-12-08,5383.64
9824,2025-12-15,5393.52
9824,2025-12-22,5334.25
9824,2025-12-29,5314.49
9824,2026-01-05,5433.03
9824,2026-01-12,5591.08
9824,2026-01-19,5660.23
9824,2026-01-26,5699.74
9824,2026-02-02,6035.6
9824,2026-02-09,6252.92
9824,2026-02-16,6381.34
9824,2026-02-23,6371.46
9824,2026-03-02,6005.97
9824,2026-03-09,6134.38
9824,2026-03-16,6035.6
9824,2026-03-23,5976.33
9824,2026-03-30,6144.26
9824,2026-04-06,6312.19
9824,2026-04-13,6213.41
9824,2026-04-20,6302.31
9824,2026-04-27,6140.0
9824,2026-05-04,6230.0
9824,2026-05-11,6460.0
9824,2026-05-18,5990.0
9824,2026-05-25,6400.0
9824,2026-06-01,7010.0
9824,2026-06-08,6860.0
9824,2026-06-15,7130.0
9824,2026-06-22,7080.0
9824,2026-06-29,6760.0
9824,2026-07-06,6420.0
9824,2026-07-13,6500.0
9824,2026-07-20,6220.0
9824,2026-07-27,6090.0
9824,2026-08-03,6620.0
9824,2026-08-10,6790.0
9824,2026-08-17,6940.0
9824,2026-08-24,7180.0
9824,2026-08-31,7380.0
9824,2026-09-07,7780.0
9824,2026-09-14,8010.0
9824,2026-09-21,7930.0
9824,2026-09-28,8190.0
9928,2025-10-06,1744.85
9928,2025-10-13,1720.7
9928,2025-10-20,1754.51
9928,2025-10-27,1704.27
9928,2025-11-03,1774.8
9928,2025-11-10,1805.72
9928,2025-11-17,1797.02
9928,2025-11-24,1821.17
9928,2025-12-01,1780.6
9928,2025-12-08,1790.26
9928,2025-12-15,1826.0
9928,2025-12-22,1915.86
9928,2025-12-29,1921.65
9928,2026-01-05,1929.38
9928,2026-01-12,1951.6
9928,2026-01-19,1905.23
9928,2026-01-26,1865.62
9928,2026-02-02,1737.12
9928,2026-02-09,1652.1
9928,2026-02-16,1684.95
9928,2026-02-23,1741.95
9928,2026-03-02,1697.51
9928,2026-03-09,1660.79
9928,2026-03-16,1664.66
9928,2026-03-23,1712.0
9928,2026-03-30,1792.0
9928,2026-04-06,1772.0
9928,2026-04-13,1805.0
9928,2026-04-20,1739.0
9928,2026-04-27,1700.0
9928,2026-05-04,1723.0
9928,2026-05-11,1710.0
9928,2026-05-18,1735.0
9928,2026-05-25,1694.0
9928,2026-06-01,1736.0
9928,2026-06-08,1747.0
9928,2026-06-15,1727.0
9928,2026-06-22,1749.0
9928,2026-06-29,1774.0
9928,2026-07-06,1817.0
9928,2026-07-13,1813.0
9928,2026-07-20,1796.0
9928,2026-07-27,1823.0
9928,2026-08-03,1835.0
9928,2026-08-10,1923.0
9928,2026-08-17,1955.0
9928,2026-08-24,2070.0
9928,2026-08-31,2059.0
9928,2026-09-07,2000.0
9928,2026-09-14,2036.0
9928,2026-09-21,2086.0
9928,2026-09-28,2123.0
9976,2025-10-06,980.51
9976,2025-10-13,995.1
9976,2025-10-20,1001.91
9976,2025-10-27,990.24
9976,2025-11-03,993.15
9976,2025-11-10,1001.91
9976,2025-11-17,1006.77
9976,2025-11-24,996.07
9976,2025-12-01,1001.91
9976,2025-12-08,1003.85
9976,2025-12-15,1048.6
9976,2025-12-22,1014.55
9976,2025-12-29,1010.66
9976,2026-01-05,1018.45
9976,2026-01-12,1035.95
9976,2026-01-19,1021.36
9976,2026-01-26,1019.42
9976,2026-02-02,1022.34
9976,2026-02-09,1056.38
9976,2026-02-16,1050.0
9976,2026-02-23,1042.0
9976,2026-03-02,1041.0
9976,2026-03-09,1045.0
9976,2026-03-16,1079.0
9976,2026-03-23,1014.0
9976,2026-03-30,1035.0
9976,2026-04-06,1017.0
9976,2026-04-13,1055.0
9976,2026-04-20,1050.0
9976,2026-04-27,1059.0
9976,2026-05-04,1060.0
9976,2026-05-11,1060.0
9976,2026-05-18,1040.0
9976,2026-05-25,1029.0
9976,2026-06-01,1029.0
9976,2026-06-08,1040.0
9976,2026-06-15,1060.0
9976,2026-06-22,1030.0
9976,2026-06-29,1033.0
9976,2026-07-06,1043.0
9976,2026-07-13,1080.0
9976,2026-07-20,1060.0
9976,2026-07-27,1055.0
9976,2026-08-03,1047.0
9976,2026-08-10,1056.0
9976,2026-08-17,1060.0
9976,2026-08-24,1052.0
9976,2026-08-31,1083.0
9976,2026-09-07,1079.0
9976,2026-09-14,1142.0
9976,2026-09-21,1200.0
9976,2026-09-28,1086.0
9997,2025-10-06,943.8
9997,2025-10-13,954.33
9997,2025-10-20,972.51
9997,2025-10-27,973.47
9997,2025-11-03,985.91
9997,2025-11-10,1009.84
9997,2025-11-17,935.18
9997,2025-11-24,961.98
9997,2025-12-01,933.27
9997,2025-12-08,926.57
9997,2025-12-15,947.62
9997,2025-12-22,945.71
9997,2025-12-29,953.37
9997,2026-01-05,956.24
9997,2026-01-12,969.64
9997,2026-01-19,944.75
9997,2026-01-26,931.35
9997,2026-02-02,913.17
9997,2026-02-09,934.22
9997,2026-02-16,933.27
9997,2026-02-23,946.67
9997,2026-03-02,899.76
9997,2026-03-09,872.96
9997,2026-03-16,859.56
9997,2026-03-23,872.96
9997,2026-03-30,861.18
9997,2026-04-06,867.07
9997,2026-04-13,845.47
9997,2026-04-20,817.97
9997,2026-04-27,819.94
9997,2026-05-04,874.93
9997,2026-05-11,913.22
9997,2026-05-18,904.39
9997,2026-05-25,908.31
9997,2026-06-01,933.85
9997,2026-06-08,924.03
9997,2026-06-15,927.95
9997,2026-06-22,928.94
9997,2026-06-29,943.66
9997,2026-07-06,1004.55
9997,2026-07-13,1043.82
9997,2026-07-20,1054.63
9997,2026-07-27,1054.63
9997,2026-08-03,978.03
9997,2026-08-10,1014.37
9997,2026-08-17,1044.81
9997,2026-08-24,1054.63
9997,2026-08-31,1027.13
9997,2026-09-07,1015.35
9997,2026-09-14,1060.52
9997,2026-09-21,1083.1
9997,2026-09-28,1038.0
