code,date,close
150A,2025-08-25,471.0
150A,2025-09-01,445.0
150A,2025-09-08,435.0
150A,2025-09-15,448.0
150A,2025-09-22,452.0
150A,2025-09-29,440.0
150A,2025-10-06,439.0
150A,2025-10-13,429.0
150A,2025-10-20,422.0
150A,2025-10-27,424.0
150A,2025-11-03,417.0
150A,2025-11-10,413.0
150A,2025-11-17,415.0
150A,2025-11-24,420.0
150A,2025-12-01,415.0
150A,2025-12-08,412.0
150A,2025-12-15,415.0
150A,2025-12-22,409.0
150A,2025-12-29,405.0
150A,2026-01-05,409.0
150A,2026-01-12,405.0
150A,2026-01-19,403.0
150A,2026-01-26,415.0
150A,2026-02-02,403.0
150A,2026-02-09,407.0
150A,2026-02-16,401.0
150A,2026-02-23,402.0
150A,2026-03-02,403.0
150A,2026-03-09,391.0
150A,2026-03-16,368.0
150A,2026-03-23,346.0
150A,2026-03-30,360.0
150A,2026-04-06,370.0
150A,2026-04-13,383.0
150A,2026-04-20,360.0
150A,2026-04-27,365.0
150A,2026-05-04,360.0
150A,2026-05-11,357.0
150A,2026-05-18,373.0
150A,2026-05-25,365.0
150A,2026-06-01,348.0
150A,2026-06-08,336.0
150A,2026-06-15,342.0
150A,2026-06-22,343.0
150A,2026-06-29,357.0
150A,2026-07-06,360.0
150A,2026-07-13,542.0
150A,2026-07-20,556.0
150A,2026-07-27,425.0
150A,2026-08-03,473.0
150A,2026-08-10,619.0
150A,2026-08-17,801.0
2004,2025-08-25,2888.92
2004,2025-09-01,2923.66
2004,2025-09-08,2986.38
2004,2025-09-15,3000.85
2004,2025-09-22,3053.92
2004,2025-09-29,2946.08
2004,2025-10-06,2941.18
2004,2025-10-13,2975.49
2004,2025-10-20,3019.61
2004,2025-10-27,2885.29
2004,2025-11-03,2937.25
2004,2025-11-10,2946.08
2004,2025-11-17,2990.2
2004,2025-11-24,3044.12
2004,2025-12-01,2799.02
2004,2025-12-08,2811.76
2004,2025-12-15,2815.69
2004,2025-12-22,2941.18
2004,2025-12-29,2955.88
2004,2026-01-05,3024.51
2004,2026-01-12,3068.63
2004,2026-01-19,3171.57
2004,2026-01-26,3088.24
2004,2026-02-02,3210.78
2004,2026-02-09,3299.02
2004,2026-02-16,3318.63
2004,2026-02-23,3357.84
2004,2026-03-02,3269.61
2004,2026-03-09,3191.18
2004,2026-03-16,3196.08
2004,2026-03-23,3250.0
2004,2026-03-30,3255.0
2004,2026-04-06,3180.0
2004,2026-04-13,3210.0
2004,2026-04-20,3070.0
2004,2026-04-27,3010.0
2004,2026-05-04,3010.0
2004,2026-05-11,3160.0
2004,2026-05-18,3160.0
2004,2026-05-25,3180.0
2004,2026-06-01,3175.0
2004,2026-06-08,3315.0
2004,2026-06-15,3285.0
2004,2026-06-22,3400.0
2004,2026-06-29,3375.0
2004,2026-07-06,3485.0
2004,2026-07-13,3540.0
2004,2026-07-20,3475.0
2004,2026-07-27,3550.0
2004,2026-08-03,3540.0
2004,2026-08-10,3605.0
2004,2026-08-17,3730.0
2053,2025-08-25,1675.78
2053,2025-09-01,1691.21
2053,2025-09-08,1672.89
2053,2025-09-15,1694.1
2053,2025-09-22,1743.27
2053,2025-09-29,1677.58
2053,2025-10-06,1609.93
2053,2025-10-13,1636.4
2053,2025-10-20,1691.31
2053,2025-10-27,1570.71
2053,2025-11-03,1618.75
2053,2025-11-10,1676.6
2053,2025-11-17,1734.45
2053,2025-11-24,1769.75
2053,2025-12-01,1739.35
2053,2025-12-08,1679.54
2053,2025-12-15,1716.8
2053,2025-12-22,1701.11
2053,2025-12-29,1696.21
2053,2026-01-05,1721.7
2053,2026-01-12,1746.21
2053,2026-01-19,1733.47
2053,2026-01-26,1768.77
2053,2026-02-02,1855.05
2053,2026-02-09,1877.6
2053,2026-02-16,1895.25
2053,2026-02-23,1948.19
2053,2026-03-02,1822.69
2053,2026-03-09,1752.1
2053,2026-03-16,1731.51
2053,2026-03-23,1757.0
2053,2026-03-30,1775.0
2053,2026-04-06,1714.0
2053,2026-04-13,1727.0
2053,2026-04-20,1709.0
2053,2026-04-27,1682.0
2053,2026-05-04,1693.0
2053,2026-05-11,1804.0
2053,2026-05-18,1742.0
2053,2026-05-25,1703.0
2053,2026-06-01,1718.0
2053,2026-06-08,1842.0
2053,2026-06-15,1837.0
2053,2026-06-22,1824.0
2053,2026-06-29,1891.0
2053,2026-07-06,1907.0
2053,2026-07-13,1930.0
2053,2026-07-20,1954.0
2053,2026-07-27,1891.0
2053,2026-08-03,1898.0
2053,2026-08-10,1997.0
2053,2026-08-17,2034.0
2060,2025-08-25,1089.26
2060,2025-09-01,1111.39
2060,2025-09-08,1103.69
2060,2025-09-15,1103.69
2060,2025-09-22,1117.16
2060,2025-09-29,1056.4
2060,2025-10-06,1017.21
2060,2025-10-13,1032.89
2060,2025-10-20,1044.65
2060,2025-10-27,997.61
2060,2025-11-03,983.89
2060,2025-11-10,986.83
2060,2025-11-17,1022.11
2060,2025-11-24,1005.45
2060,2025-12-01,998.59
2060,2025-12-08,991.73
2060,2025-12-15,1031.91
2060,2025-12-22,1034.85
2060,2025-12-29,1037.79
2060,2026-01-05,1060.32
2060,2026-01-12,1070.12
2060,2026-01-19,1068.16
2060,2026-01-26,1088.74
2060,2026-02-02,1174.98
2060,2026-02-09,1237.7
2060,2026-02-16,1230.84
2060,2026-02-23,1306.3
2060,2026-03-02,1239.66
2060,2026-03-09,1179.88
2060,2026-03-16,1167.14
2060,2026-03-23,1198.5
2060,2026-03-30,1170.0
2060,2026-04-06,1144.0
2060,2026-04-13,1125.0
2060,2026-04-20,1085.0
2060,2026-04-27,1102.0
2060,2026-05-04,1092.0
2060,2026-05-11,1253.0
2060,2026-05-18,1188.0
2060,2026-05-25,1200.0
2060,2026-06-01,1167.0
2060,2026-06-08,1211.0
2060,2026-06-15,1205.0
2060,2026-06-22,1219.0
2060,2026-06-29,1258.0
2060,2026-07-06,1261.0
2060,2026-07-13,1284.0
2060,2026-07-20,1283.0
2060,2026-07-27,1284.0
2060,2026-08-03,1273.0
2060,2026-08-10,1410.0
2060,2026-08-17,1432.0
2108,2025-08-25,2618.53
2108,2025-09-01,2703.28
2108,2025-09-08,2812.1
2108,2025-09-15,2800.55
2108,2025-09-22,2805.36
2108,2025-09-29,2803.43
2108,2025-10-06,2715.8
2108,2025-10-13,2743.73
2108,2025-10-20,2903.59
2108,2025-10-27,2880.48
2108,2025-11-03,2990.27
2108,2025-11-10,3192.51
2108,2025-11-17,3491.05
2108,2025-11-24,3500.68
2108,2025-12-01,3462.16
2108,2025-12-08,3500.68
2108,2025-12-15,3505.5
2108,2025-12-22,3659.58
2108,2025-12-29,3688.48
2108,2026-01-05,3808.86
2108,2026-01-12,3895.53
2108,2026-01-19,4015.91
2108,2026-01-26,3987.02
2108,2026-02-02,4011.1
2108,2026-02-09,4237.41
2108,2026-02-16,4155.55
2108,2026-02-23,4352.98
2108,2026-03-02,4126.66
2108,2026-03-09,3972.58
2108,2026-03-16,4044.8
2108,2026-03-23,4170.0
2108,2026-03-30,4140.0
2108,2026-04-06,4020.0
2108,2026-04-13,4000.0
2108,2026-04-20,4000.0
2108,2026-04-27,4020.0
2108,2026-05-04,3975.0
2108,2026-05-11,4240.0
2108,2026-05-18,4280.0
2108,2026-05-25,4280.0
2108,2026-06-01,4315.0
2108,2026-06-08,4570.0
2108,2026-06-15,4600.0
2108,2026-06-22,4680.0
2108,2026-06-29,4975.0
2108,2026-07-06,4720.0
2108,2026-07-13,4645.0
2108,2026-07-20,4960.0
2108,2026-07-27,5040.0
2108,2026-08-03,5170.0
2108,2026-08-10,5440.0
2108,2026-08-17,5580.0
2109,2025-08-25,3126.98
2109,2025-09-01,3203.95
2109,2025-09-08,3184.71
2109,2025-09-15,3189.52
2109,2025-09-22,3218.38
2109,2025-09-29,3090.82
2109,2025-10-06,3071.2
2109,2025-10-13,3110.45
2109,2025-10-20,3144.79
2109,2025-10-27,2977.98
2109,2025-11-03,3061.39
2109,2025-11-10,3159.51
2109,2025-11-17,3238.01
2109,2025-11-24,3257.63
2109,2025-12-01,3144.79
2109,2025-12-08,3134.98
2109,2025-12-15,3193.85
2109,2025-12-22,3247.82
2109,2025-12-29,3267.44
2109,2026-01-05,3311.6
2109,2026-01-12,3341.03
2109,2026-01-19,3414.62
2109,2026-01-26,3291.97
2109,2026-02-02,3350.85
2109,2026-02-09,3448.97
2109,2026-02-16,3395.0
2109,2026-02-23,3483.31
2109,2026-03-02,3360.66
2109,2026-03-09,3316.5
2109,2026-03-16,3301.78
2109,2026-03-23,3395.0
2109,2026-03-30,3470.0
2109,2026-04-06,3515.0
2109,2026-04-13,3450.0
2109,2026-04-20,3335.0
2109,2026-04-27,3300.0
2109,2026-05-04,3255.0
2109,2026-05-11,3290.0
2109,2026-05-18,3285.0
2109,2026-05-25,3250.0
2109,2026-06-01,3210.0
2109,2026-06-08,3230.0
2109,2026-06-15,3220.0
2109,2026-06-22,3225.0
2109,2026-06-29,3295.0
2109,2026-07-06,3315.0
2109,2026-07-13,3355.0
2109,2026-07-20,3370.0
2109,2026-07-27,3430.0
2109,2026-08-03,3465.0
2109,2026-08-10,3515.0
2109,2026-08-17,3665.0
2121,2025-08-25,3139.86
2121,2025-09-01,3144.65
2121,2025-09-08,3197.38
2121,2025-09-15,3163.82
2121,2025-09-22,3082.33
2121,2025-09-29,3155.6
2121,2025-10-06,3062.79
2121,2025-10-13,2984.64
2121,2025-10-20,3092.1
2121,2025-10-27,3043.25
2121,2025-11-03,2979.75
2121,2025-11-10,2945.56
2121,2025-11-17,2830.27
2121,2025-11-24,2830.27
2121,2025-12-01,2710.11
2121,2025-12-08,2681.78
2121,2025-12-15,2645.63
2121,2025-12-22,2662.24
2121,2025-12-29,2664.19
2121,2026-01-05,2716.95
2121,2026-01-12,2682.75
2121,2026-01-19,2699.36
2121,2026-01-26,2654.42
2121,2026-02-02,2556.72
2121,2026-02-09,2542.07
2121,2026-02-16,2554.77
2121,2026-02-23,2623.16
2121,2026-03-02,2565.52
2121,2026-03-09,2586.03
2121,2026-03-16,2555.75
2121,2026-03-23,2545.0
2121,2026-03-30,2540.0
2121,2026-04-06,2528.0
2121,2026-04-13,2645.0
2121,2026-04-20,2520.0
2121,2026-04-27,2595.0
2121,2026-05-04,2603.0
2121,2026-05-11,2662.0
2121,2026-05-18,2676.0
2121,2026-05-25,2643.0
2121,2026-06-01,2694.0
2121,2026-06-08,2667.0
2121,2026-06-15,2588.0
2121,2026-06-22,2619.0
2121,2026-06-29,2813.0
2121,2026-07-06,2933.0
2121,2026-07-13,2958.0
2121,2026-07-20,2827.0
2121,2026-07-27,2896.0
2121,2026-08-03,3275.0
2121,2026-08-10,3325.0
2121,2026-08-17,3510.0
2170,2025-08-25,549.73
2170,2025-09-01,538.1
2170,2025-09-08,527.44
2170,2025-09-15,517.74
2170,2025-09-22,527.44
2170,2025-09-29,497.25
2170,2025-10-06,498.23
2170,2025-10-13,486.5
2170,2025-10-20,497.25
2170,2025-10-27,481.62
2170,2025-11-03,481.62
2170,2025-11-10,477.71
2170,2025-11-17,483.57
2170,2025-11-24,499.2
2170,2025-12-01,478.69
2170,2025-12-08,483.57
2170,2025-12-15,496.27
2170,2025-12-22,499.2
2170,2025-12-29,503.24
2170,2026-01-05,518.01
2170,2026-01-12,519.98
2170,2026-01-19,519.98
2170,2026-01-26,495.36
2170,2026-02-02,492.41
2170,2026-02-09,553.47
2170,2026-02-16,508.16
2170,2026-02-23,553.47
2170,2026-03-02,548.54
2170,2026-03-09,547.56
2170,2026-03-16,528.85
2170,2026-03-23,535.74
2170,2026-03-30,602.32
2170,2026-04-06,576.52
2170,2026-04-13,546.75
2170,2026-04-20,520.95
2170,2026-04-27,564.61
2170,2026-05-04,569.58
2170,2026-05-11,527.9
2170,2026-05-18,545.76
2170,2026-05-25,558.66
2170,2026-06-01,558.66
2170,2026-06-08,546.75
2170,2026-06-15,540.8
2170,2026-06-22,527.9
2170,2026-06-29,565.0
2170,2026-07-06,585.0
2170,2026-07-13,597.0
2170,2026-07-20,597.0
2170,2026-07-27,633.0
2170,2026-08-03,640.0
2170,2026-08-10,607.0
2170,2026-08-17,691.0
2179,2025-08-25,758.7
2179,2025-09-01,765.51
2179,2025-09-08,752.86
2179,2025-09-15,748.97
2179,2025-09-22,759.67
2179,2025-09-29,775.46
2179,2025-10-06,767.56
2179,2025-10-13,772.5
2179,2025-10-20,768.55
2179,2025-10-27,767.56
2179,2025-11-03,775.46
2179,2025-11-10,768.55
2179,2025-11-17,766.58
2179,2025-11-24,797.16
2179,2025-12-01,781.38
2179,2025-12-08,783.35
2179,2025-12-15,780.39
2179,2025-12-22,777.43
2179,2025-12-29,778.42
2179,2026-01-05,799.13
2179,2026-01-12,794.2
2179,2026-01-19,813.93
2179,2026-01-26,799.13
2179,2026-02-02,804.07
2179,2026-02-09,799.13
2179,2026-02-16,803.08
2179,2026-02-23,811.96
2179,2026-03-02,806.04
2179,2026-03-09,802.09
2179,2026-03-16,804.07
2179,2026-03-23,809.0
2179,2026-03-30,770.0
2179,2026-04-06,769.0
2179,2026-04-13,760.0
2179,2026-04-20,763.0
2179,2026-04-27,753.0
2179,2026-05-04,750.0
2179,2026-05-11,790.0
2179,2026-05-18,807.0
2179,2026-05-25,805.0
2179,2026-06-01,762.0
2179,2026-06-08,775.0
2179,2026-06-15,767.0
2179,2026-06-22,784.0
2179,2026-06-29,777.0
2179,2026-07-06,794.0
2179,2026-07-13,798.0
2179,2026-07-20,801.0
2179,2026-07-27,819.0
2179,2026-08-03,823.0
2179,2026-08-10,835.0
2179,2026-08-17,888.0
2349,2025-08-25,2313.07
2349,2025-09-01,2330.86
2349,2025-09-08,2342.73
2349,2025-09-15,2268.59
2349,2025-09-22,2300.22
2349,2025-09-29,2313.07
2349,2025-10-06,2257.72
2349,2025-10-13,2272.54
2349,2025-10-20,2312.08
2349,2025-10-27,2253.76
2349,2025-11-03,2271.55
2349,2025-11-10,2262.66
2349,2025-11-17,2261.67
2349,2025-11-24,2279.46
2349,2025-12-01,2313.07
2349,2025-12-08,2255.74
2349,2025-12-15,2283.42
2349,2025-12-22,2278.47
2349,2025-12-29,2250.8
2349,2026-01-05,2249.81
2349,2026-01-12,2251.78
2349,2026-01-19,2295.28
2349,2026-01-26,2291.32
2349,2026-02-02,2415.87
2349,2026-02-09,2352.61
2349,2026-02-16,2438.61
2349,2026-02-23,2476.17
2349,2026-03-02,2411.92
2349,2026-03-09,2451.46
2349,2026-03-16,2478.15
2349,2026-03-23,2491.0
2349,2026-03-30,2392.0
2349,2026-04-06,2331.0
2349,2026-04-13,2360.0
2349,2026-04-20,2446.0
2349,2026-04-27,2360.0
2349,2026-05-04,2320.0
2349,2026-05-11,2316.0
2349,2026-05-18,2323.0
2349,2026-05-25,2480.0
2349,2026-06-01,2333.0
2349,2026-06-08,2314.0
2349,2026-06-15,2259.0
2349,2026-06-22,2304.0
2349,2026-06-29,2419.0
2349,2026-07-06,2499.0
2349,2026-07-13,2515.0
2349,2026-07-20,2512.0
2349,2026-07-27,2521.0
2349,2026-08-03,2511.0
2349,2026-08-10,2550.0
2349,2026-08-17,2550.0
2464,2025-08-25,339.31
2464,2025-09-01,338.34
2464,2025-09-08,337.37
2464,2025-09-15,341.24
2464,2025-09-22,345.12
2464,2025-09-29,341.24
2464,2025-10-06,339.31
2464,2025-10-13,340.27
2464,2025-10-20,337.37
2464,2025-10-27,336.4
2464,2025-11-03,336.4
2464,2025-11-10,337.37
2464,2025-11-17,337.37
2464,2025-11-24,332.52
2464,2025-12-01,329.61
2464,2025-12-08,325.73
2464,2025-12-15,323.79
2464,2025-12-22,325.73
2464,2025-12-29,328.64
2464,2026-01-05,328.64
2464,2026-01-12,326.7
2464,2026-01-19,330.58
2464,2026-01-26,330.58
2464,2026-02-02,330.58
2464,2026-02-09,327.67
2464,2026-02-16,331.55
2464,2026-02-23,333.49
2464,2026-03-02,336.4
2464,2026-03-09,338.34
2464,2026-03-16,334.46
2464,2026-03-23,349.0
2464,2026-03-30,345.0
2464,2026-04-06,344.0
2464,2026-04-13,340.0
2464,2026-04-20,338.0
2464,2026-04-27,339.0
2464,2026-05-04,340.0
2464,2026-05-11,335.0
2464,2026-05-18,334.0
2464,2026-05-25,321.0
2464,2026-06-01,317.0
2464,2026-06-08,315.0
2464,2026-06-15,311.0
2464,2026-06-22,319.0
2464,2026-06-29,317.0
2464,2026-07-06,320.0
2464,2026-07-13,332.0
2464,2026-07-20,334.0
2464,2026-07-27,329.0
2464,2026-08-03,327.0
2464,2026-08-10,349.0
2464,2026-08-17,361.0
2597,2025-08-25,951.88
2597,2025-09-01,970.72
2597,2025-09-08,963.78
2597,2025-09-15,970.72
2597,2025-09-22,984.6
2597,2025-09-29,996.5
2597,2025-10-06,993.52
2597,2025-10-13,1002.45
2597,2025-10-20,1002.45
2597,2025-10-27,1006.41
2597,2025-11-03,1006.41
2597,2025-11-10,1028.23
2597,2025-11-17,1059.96
2597,2025-11-24,1100.61
2597,2025-12-01,1121.43
2597,2025-12-08,1099.62
2597,2025-12-15,1130.36
2597,2025-12-22,1172.0
2597,2025-12-29,1055.0
2597,2026-01-05,1025.0
2597,2026-01-12,1033.0
2597,2026-01-19,1023.0
2597,2026-01-26,1037.0
2597,2026-02-02,1027.0
2597,2026-02-09,1047.0
2597,2026-02-16,1050.0
2597,2026-02-23,1070.0
2597,2026-03-02,1051.0
2597,2026-03-09,1048.0
2597,2026-03-16,1073.0
2597,2026-03-23,1076.0
2597,2026-03-30,1086.0
2597,2026-04-06,1094.0
2597,2026-04-13,1093.0
2597,2026-04-20,1072.0
2597,2026-04-27,1066.0
2597,2026-05-04,1060.0
2597,2026-05-11,1065.0
2597,2026-05-18,1073.0
2597,2026-05-25,1079.0
2597,2026-06-01,1078.0
2597,2026-06-08,1085.0
2597,2026-06-15,1078.0
2597,2026-06-22,1106.0
2597,2026-06-29,1120.0
2597,2026-07-06,1159.0
2597,2026-07-13,1127.0
2597,2026-07-20,1138.0
2597,2026-07-27,1155.0
2597,2026-08-03,1178.0
2597,2026-08-10,1164.0
2597,2026-08-17,1182.0
2613,2025-08-25,1964.04
2613,2025-09-01,2009.47
2613,2025-09-08,2002.71
2613,2025-09-15,2014.3
2613,2025-09-22,2052.0
2613,2025-09-29,1993.03
2613,2025-10-06,1969.45
2613,2025-10-13,1982.22
2613,2025-10-20,2014.66
2613,2025-10-27,1982.22
2613,2025-11-03,1957.66
2613,2025-11-10,1960.6
2613,2025-11-17,1981.24
2613,2025-11-24,2001.88
2613,2025-12-01,1934.07
2613,2025-12-08,1916.38
2613,2025-12-15,1945.86
2613,2025-12-22,1974.36
2613,2025-12-29,1968.47
2613,2026-01-05,2000.9
2613,2026-01-12,2007.78
2613,2026-01-19,2003.84
2613,2026-01-26,1992.05
2613,2026-02-02,2003.84
2613,2026-02-09,2021.53
2613,2026-02-16,2003.84
2613,2026-02-23,2059.86
2613,2026-03-02,2009.74
2613,2026-03-09,1957.66
2613,2026-03-16,1959.62
2613,2026-03-23,1995.0
2613,2026-03-30,2055.0
2613,2026-04-06,2057.0
2613,2026-04-13,2036.0
2613,2026-04-20,1960.0
2613,2026-04-27,1962.0
2613,2026-05-04,1946.0
2613,2026-05-11,1993.0
2613,2026-05-18,1994.0
2613,2026-05-25,1977.0
2613,2026-06-01,1975.0
2613,2026-06-08,2075.0
2613,2026-06-15,2023.0
2613,2026-06-22,2053.0
2613,2026-06-29,2066.0
2613,2026-07-06,2096.0
2613,2026-07-13,2103.0
2613,2026-07-20,2067.0
2613,2026-07-27,2086.0
2613,2026-08-03,2068.0
2613,2026-08-10,2141.0
2613,2026-08-17,2212.0
2654,2025-08-25,392.98
2654,2025-09-01,395.9
2654,2025-09-08,396.88
2654,2025-09-15,397.85
2654,2025-09-22,405.65
2654,2025-09-29,354.95
2654,2025-10-06,356.9
2654,2025-10-13,357.87
2654,2025-10-20,356.9
2654,2025-10-27,351.04
2654,2025-11-03,365.67
2654,2025-11-10,374.45
2654,2025-11-17,374.45
2654,2025-11-24,384.2
2654,2025-12-01,379.32
2654,2025-12-08,380.3
2654,2025-12-15,383.22
2654,2025-12-22,379.32
2654,2025-12-29,379.32
2654,2026-01-05,384.2
2654,2026-01-12,383.22
2654,2026-01-19,390.05
2654,2026-01-26,389.07
2654,2026-02-02,389.07
2654,2026-02-09,396.88
2654,2026-02-16,392.0
2654,2026-02-23,399.8
2654,2026-03-02,396.88
2654,2026-03-09,392.0
2654,2026-03-16,399.8
2654,2026-03-23,392.0
2654,2026-03-30,400.0
2654,2026-04-06,401.0
2654,2026-04-13,404.0
2654,2026-04-20,400.0
2654,2026-04-27,396.0
2654,2026-05-04,400.0
2654,2026-05-11,395.0
2654,2026-05-18,396.0
2654,2026-05-25,398.0
2654,2026-06-01,390.0
2654,2026-06-08,390.0
2654,2026-06-15,394.0
2654,2026-06-22,390.0
2654,2026-06-29,399.0
2654,2026-07-06,401.0
2654,2026-07-13,398.0
2654,2026-07-20,400.0
2654,2026-07-27,406.0
2654,2026-08-03,410.0
2654,2026-08-10,416.0
2654,2026-08-17,425.0
2705,2025-08-25,5443.94
2705,2025-09-01,5573.56
2705,2025-09-08,5713.15
2705,2025-09-15,5792.91
2705,2025-09-22,5862.71
2705,2025-09-29,5513.74
2705,2025-10-06,5503.76
2705,2025-10-13,5573.56
2705,2025-10-20,5683.24
2705,2025-10-27,5623.41
2705,2025-11-03,5812.85
2705,2025-11-10,5703.18
2705,2025-11-17,5723.12
2705,2025-11-24,5753.03
2705,2025-12-01,5772.97
2705,2025-12-08,5822.82
2705,2025-12-15,5812.85
2705,2025-12-22,5812.85
2705,2025-12-29,5892.62
2705,2026-01-05,6032.21
2705,2026-01-12,6381.18
2705,2026-01-19,6391.15
2705,2026-01-26,6530.74
2705,2026-02-02,6570.62
2705,2026-02-09,6780.0
2705,2026-02-16,7158.88
2705,2026-02-23,7537.76
2705,2026-03-02,7338.35
2705,2026-03-09,7009.32
2705,2026-03-16,6919.59
2705,2026-03-23,6780.0
2705,2026-03-30,6790.0
2705,2026-04-06,6930.0
2705,2026-04-13,6970.0
2705,2026-04-20,6890.0
2705,2026-04-27,6850.0
2705,2026-05-04,6750.0
2705,2026-05-11,7290.0
2705,2026-05-18,7890.0
2705,2026-05-25,7740.0
2705,2026-06-01,7000.0
2705,2026-06-08,7690.0
2705,2026-06-15,7050.0
2705,2026-06-22,7500.0
2705,2026-06-29,7700.0
2705,2026-07-06,8040.0
2705,2026-07-13,8050.0
2705,2026-07-20,8100.0
2705,2026-07-27,8580.0
2705,2026-08-03,8530.0
2705,2026-08-10,8440.0
2705,2026-08-17,9160.0
2734,2025-08-25,979.92
2734,2025-09-01,986.72
2734,2025-09-08,1001.27
2734,2025-09-15,1032.32
2734,2025-09-22,1103.14
2734,2025-09-29,1029.41
2734,2025-10-06,1030.38
2734,2025-10-13,1062.39
2734,2025-10-20,1060.45
2734,2025-10-27,1019.7
2734,2025-11-03,1039.11
2734,2025-11-10,1069.18
2734,2025-11-17,1079.86
2734,2025-11-24,1123.71
2734,2025-12-01,1059.75
2734,2025-12-08,1064.67
2734,2025-12-15,1071.56
2734,2025-12-22,1108.95
2734,2025-12-29,1115.84
2734,2026-01-05,1133.55
2734,2026-01-12,1063.69
2734,2026-01-19,1089.27
2734,2026-01-26,1089.27
2734,2026-02-02,1106.0
2734,2026-02-09,1153.23
2734,2026-02-16,1157.17
2734,2026-02-23,1202.43
2734,2026-03-02,1116.82
2734,2026-03-09,1038.1
2734,2026-03-16,1040.07
2734,2026-03-23,1040.07
2734,2026-03-30,1047.94
2734,2026-04-06,1060.73
2734,2026-04-13,1048.93
2734,2026-04-20,1019.41
2734,2026-04-27,1017.44
2734,2026-05-04,1022.36
2734,2026-05-11,993.82
2734,2026-05-18,982.02
2734,2026-05-25,968.0
2734,2026-06-01,979.0
2734,2026-06-08,1020.0
2734,2026-06-15,1048.0
2734,2026-06-22,1062.0
2734,2026-06-29,1093.0
2734,2026-07-06,1146.0
2734,2026-07-13,1155.0
2734,2026-07-20,1134.0
2734,2026-07-27,1146.0
2734,2026-08-03,1156.0
2734,2026-08-10,1199.0
2734,2026-08-17,1228.0
2735,2025-08-25,655.5
2735,2025-09-01,644.62
2735,2025-09-08,645.61
2735,2025-09-15,646.6
2735,2025-09-22,652.53
2735,2025-09-29,637.7
2735,2025-10-06,632.76
2735,2025-10-13,680.22
2735,2025-10-20,654.51
2735,2025-10-27,626.83
2735,2025-11-03,633.75
2735,2025-11-10,633.75
2735,2025-11-17,633.75
2735,2025-11-24,618.92
2735,2025-12-01,604.09
2735,2025-12-08,618.92
2735,2025-12-15,635.73
2735,2025-12-22,628.81
2735,2025-12-29,635.73
2735,2026-01-05,658.47
2735,2026-01-12,664.4
2735,2026-01-19,652.53
2735,2026-01-26,645.61
2735,2026-02-02,658.47
2735,2026-02-09,666.38
2735,2026-02-16,658.47
2735,2026-02-23,670.0
2735,2026-03-02,636.0
2735,2026-03-09,634.0
2735,2026-03-16,627.0
2735,2026-03-23,620.0
2735,2026-03-30,612.0
2735,2026-04-06,620.0
2735,2026-04-13,605.0
2735,2026-04-20,595.0
2735,2026-04-27,594.0
2735,2026-05-04,595.0
2735,2026-05-11,607.0
2735,2026-05-18,606.0
2735,2026-05-25,611.0
2735,2026-06-01,616.0
2735,2026-06-08,613.0
2735,2026-06-15,612.0
2735,2026-06-22,611.0
2735,2026-06-29,632.0
2735,2026-07-06,674.0
2735,2026-07-13,665.0
2735,2026-07-20,665.0
2735,2026-07-27,677.0
2735,2026-08-03,677.0
2735,2026-08-10,685.0
2735,2026-08-17,714.0
2801,2025-08-25,1248.08
2801,2025-09-01,1281.46
2801,2025-09-08,1275.57
2801,2025-09-15,1267.72
2801,2025-09-22,1271.15
2801,2025-09-29,1233.55
2801,2025-10-06,1267.19
2801,2025-10-13,1277.09
2801,2025-10-20,1251.36
2801,2025-10-27,1213.26
2801,2025-11-03,1354.28
2801,2025-11-10,1360.71
2801,2025-11-17,1423.55
2801,2025-11-24,1415.14
2801,2025-12-01,1378.52
2801,2025-12-08,1420.09
2801,2025-12-15,1442.35
2801,2025-12-22,1410.19
2801,2025-12-29,1407.22
2801,2026-01-05,1381.49
2801,2026-01-12,1374.57
2801,2026-01-19,1427.02
2801,2026-01-26,1376.05
2801,2026-02-02,1385.95
2801,2026-02-09,1475.51
2801,2026-02-16,1467.59
2801,2026-02-23,1484.41
2801,2026-03-02,1392.87
2801,2026-03-09,1300.84
2801,2026-03-16,1322.61
2801,2026-03-23,1428.5
2801,2026-03-30,1558.0
2801,2026-04-06,1523.0
2801,2026-04-13,1484.0
2801,2026-04-20,1434.0
2801,2026-04-27,1434.0
2801,2026-05-04,1386.5
2801,2026-05-11,1408.0
2801,2026-05-18,1425.5
2801,2026-05-25,1393.0
2801,2026-06-01,1437.0
2801,2026-06-08,1629.0
2801,2026-06-15,1540.0
2801,2026-06-22,1633.5
2801,2026-06-29,1631.5
2801,2026-07-06,1619.0
2801,2026-07-13,1667.0
2801,2026-07-20,1613.0
2801,2026-07-27,1647.5
2801,2026-08-03,1760.0
2801,2026-08-10,1792.0
2801,2026-08-17,1838.0
2820,2025-08-25,4633.05
2820,2025-09-01,4972.06
2820,2025-09-08,4854.14
2820,2025-09-15,5080.14
2820,2025-09-22,4962.23
2820,2025-09-29,4750.97
2820,2025-10-06,4151.57
2820,2025-10-13,4009.09
2820,2025-10-20,3974.7
2820,2025-10-27,3935.39
2820,2025-11-03,3876.43
2820,2025-11-10,4407.05
2820,2025-11-17,4303.87
2820,2025-11-24,4338.27
2820,2025-12-01,4077.87
2820,2025-12-08,4023.83
2820,2025-12-15,4623.23
2820,2025-12-22,4618.31
2820,2025-12-29,4901.51
2820,2026-01-05,4807.44
2820,2026-01-12,4614.35
2820,2026-01-19,4871.8
2820,2026-01-26,4817.34
2820,2026-02-02,5020.33
2820,2026-02-09,5188.67
2820,2026-02-16,5218.38
2820,2026-02-23,5050.04
2820,2026-03-02,5030.24
2820,2026-03-09,4653.96
2820,2026-03-16,4535.13
2820,2026-03-23,4337.09
2820,2026-03-30,4173.71
2820,2026-04-06,4297.49
2820,2026-04-13,4243.02
2820,2026-04-20,4109.35
2820,2026-04-27,4035.08
2820,2026-05-04,3827.14
2820,2026-05-11,3772.68
2820,2026-05-18,4178.66
2820,2026-05-25,4545.04
2820,2026-06-01,4238.07
2820,2026-06-08,4624.25
2820,2026-06-15,4733.18
2820,2026-06-22,4852.0
2820,2026-06-29,5060.0
2820,2026-07-06,4720.0
2820,2026-07-13,5040.0
2820,2026-07-20,4755.0
2820,2026-07-27,4975.0
2820,2026-08-03,5080.0
2820,2026-08-10,5900.0
2820,2026-08-17,6210.0
3054,2025-08-25,297.84
3054,2025-09-01,294.92
3054,2025-09-08,295.9
3054,2025-09-15,296.87
3054,2025-09-22,300.76
3054,2025-09-29,294.92
3054,2025-10-06,299.79
3054,2025-10-13,301.74
3054,2025-10-20,310.5
3054,2025-10-27,308.55
3054,2025-11-03,307.58
3054,2025-11-10,311.47
3054,2025-11-17,290.05
3054,2025-11-24,285.19
3054,2025-12-01,273.51
3054,2025-12-08,274.48
3054,2025-12-15,276.43
3054,2025-12-22,285.19
3054,2025-12-29,281.74
3054,2026-01-05,281.74
3054,2026-01-12,287.65
3054,2026-01-19,296.52
3054,2026-01-26,288.64
3054,2026-02-02,275.83
3054,2026-02-09,280.76
3054,2026-02-16,264.01
3054,2026-02-23,273.86
3054,2026-03-02,264.99
3054,2026-03-09,254.16
3054,2026-03-16,250.22
3054,2026-03-23,246.28
3054,2026-03-30,254.16
3054,2026-04-06,252.19
3054,2026-04-13,252.19
3054,2026-04-20,264.99
3054,2026-04-27,260.07
3054,2026-05-04,257.11
3054,2026-05-11,243.32
3054,2026-05-18,233.47
3054,2026-05-25,232.49
3054,2026-06-01,230.51
3054,2026-06-08,227.56
3054,2026-06-15,228.54
3054,2026-06-22,231.5
3054,2026-06-29,244.0
3054,2026-07-06,240.0
3054,2026-07-13,240.0
3054,2026-07-20,243.0
3054,2026-07-27,241.0
3054,2026-08-03,238.0
3054,2026-08-10,240.0
3054,2026-08-17,373.0
3077,2025-08-25,429.0
3077,2025-09-01,423.0
3077,2025-09-08,405.0
3077,2025-09-15,402.0
3077,2025-09-22,398.0
3077,2025-09-29,371.0
3077,2025-10-06,377.0
3077,2025-10-13,358.0
3077,2025-10-20,363.0
3077,2025-10-27,353.0
3077,2025-11-03,605.0
3077,2025-11-10,604.0
3077,2025-11-17,542.0
3077,2025-11-24,476.0
3077,2025-12-01,443.0
3077,2025-12-08,436.0
3077,2025-12-15,479.0
3077,2025-12-22,467.0
3077,2025-12-29,501.0
3077,2026-01-05,519.0
3077,2026-01-12,539.0
3077,2026-01-19,521.0
3077,2026-01-26,491.0
3077,2026-02-02,473.0
3077,2026-02-09,474.0
3077,2026-02-16,518.0
3077,2026-02-23,558.0
3077,2026-03-02,563.0
3077,2026-03-09,548.0
3077,2026-03-16,533.0
3077,2026-03-23,630.0
3077,2026-03-30,768.0
3077,2026-04-06,850.0
3077,2026-04-13,742.0
3077,2026-04-20,755.0
3077,2026-04-27,773.0
3077,2026-05-04,781.0
3077,2026-05-11,765.0
3077,2026-05-18,830.0
3077,2026-05-25,795.0
3077,2026-06-01,757.0
3077,2026-06-08,722.0
3077,2026-06-15,704.0
3077,2026-06-22,733.0
3077,2026-06-29,812.0
3077,2026-07-06,827.0
3077,2026-07-13,865.0
3077,2026-07-20,906.0
3077,2026-07-27,899.0
3077,2026-08-03,848.0
3077,2026-08-10,885.0
3077,2026-08-17,1002.0
3097,2025-08-25,4150.88
3097,2025-09-01,4324.25
3097,2025-09-08,4299.48
3097,2025-09-15,4353.97
3097,2025-09-22,4477.8
3097,2025-09-29,4180.6
3097,2025-10-06,3972.56
3097,2025-10-13,3923.03
3097,2025-10-20,3893.31
3097,2025-10-27,3819.01
3097,2025-11-03,3883.4
3097,2025-11-10,4200.42
3097,2025-11-17,4269.76
3097,2025-11-24,4393.6
3097,2025-12-01,4344.06
3097,2025-12-08,4314.34
3097,2025-12-15,4457.99
3097,2025-12-22,4502.57
3097,2025-12-29,4388.14
3097,2026-01-05,4373.21
3097,2026-01-12,4398.09
3097,2026-01-19,4328.44
3097,2026-01-26,4134.4
3097,2026-02-02,4223.96
3097,2026-02-09,4835.91
3097,2026-02-16,4985.17
3097,2026-02-23,4985.17
3097,2026-03-02,5214.03
3097,2026-03-09,4875.71
3097,2026-03-16,4771.23
3097,2026-03-23,4791.13
3097,2026-03-30,4786.16
3097,2026-04-06,4447.84
3097,2026-04-13,4383.17
3097,2026-04-20,4194.11
3097,2026-04-27,4278.69
3097,2026-05-04,4184.16
3097,2026-05-11,4766.26
3097,2026-05-18,4855.81
3097,2026-05-25,5005.07
3097,2026-06-01,4607.05
3097,2026-06-08,4706.55
3097,2026-06-15,4617.0
3097,2026-06-22,4617.0
3097,2026-06-29,4740.0
3097,2026-07-06,4985.0
3097,2026-07-13,5200.0
3097,2026-07-20,4975.0
3097,2026-07-27,5480.0
3097,2026-08-03,5510.0
3097,2026-08-10,5660.0
3097,2026-08-17,5680.0
3177,2025-08-25,3296.55
3177,2025-09-01,3306.19
3177,2025-09-08,3282.09
3177,2025-09-15,3286.91
3177,2025-09-22,3306.19
3177,2025-09-29,3257.99
3177,2025-10-06,3243.54
3177,2025-10-13,3229.08
3177,2025-10-20,3296.55
3177,2025-10-27,3248.36
3177,2025-11-03,3248.36
3177,2025-11-10,3277.27
3177,2025-11-17,3339.93
3177,2025-11-24,3339.93
3177,2025-12-01,3277.27
3177,2025-12-08,3335.11
3177,2025-12-15,3335.11
3177,2025-12-22,3344.75
3177,2025-12-29,3441.14
3177,2026-01-05,3441.14
3177,2026-01-12,3667.65
3177,2026-01-19,3662.83
3177,2026-01-26,3614.64
3177,2026-02-02,3725.49
3177,2026-02-09,3807.42
3177,2026-02-16,3711.03
3177,2026-02-23,3685.0
3177,2026-03-02,3600.0
3177,2026-03-09,3550.0
3177,2026-03-16,3415.0
3177,2026-03-23,3465.0
3177,2026-03-30,3435.0
3177,2026-04-06,3515.0
3177,2026-04-13,3605.0
3177,2026-04-20,3675.0
3177,2026-04-27,3625.0
3177,2026-05-04,3505.0
3177,2026-05-11,3505.0
3177,2026-05-18,3575.0
3177,2026-05-25,3405.0
3177,2026-06-01,3290.0
3177,2026-06-08,3440.0
3177,2026-06-15,3410.0
3177,2026-06-22,3545.0
3177,2026-06-29,3530.0
3177,2026-07-06,3595.0
3177,2026-07-13,3880.0
3177,2026-07-20,4085.0
3177,2026-07-27,4075.0
3177,2026-08-03,4190.0
3177,2026-08-10,4235.0
3177,2026-08-17,4360.0
3276,2025-08-25,1263.21
3276,2025-09-01,1239.79
3276,2025-09-08,1272.0
3276,2025-09-15,1264.19
3276,2025-09-22,1309.1
3276,2025-09-29,1230.02
3276,2025-10-06,1242.71
3276,2025-10-13,1246.62
3276,2025-10-20,1267.12
3276,2025-10-27,1223.19
3276,2025-11-03,1222.21
3276,2025-11-10,1236.86
3276,2025-11-17,1251.5
3276,2025-11-24,1265.17
3276,2025-12-01,1224.17
3276,2025-12-08,1227.09
3276,2025-12-15,1257.36
3276,2025-12-22,1272.0
3276,2025-12-29,1290.0
3276,2026-01-05,1292.0
3276,2026-01-12,1294.0
3276,2026-01-19,1291.0
3276,2026-01-26,1280.0
3276,2026-02-02,1289.0
3276,2026-02-09,1332.0
3276,2026-02-16,1352.0
3276,2026-02-23,1375.0
3276,2026-03-02,1341.0
3276,2026-03-09,1330.0
3276,2026-03-16,1321.0
3276,2026-03-23,1328.0
3276,2026-03-30,1322.0
3276,2026-04-06,1329.0
3276,2026-04-13,1316.0
3276,2026-04-20,1292.0
3276,2026-04-27,1298.0
3276,2026-05-04,1281.0
3276,2026-05-11,1353.0
3276,2026-05-18,1323.0
3276,2026-05-25,1329.0
3276,2026-06-01,1315.0
3276,2026-06-08,1303.0
3276,2026-06-15,1310.0
3276,2026-06-22,1310.0
3276,2026-06-29,1329.0
3276,2026-07-06,1587.0
3276,2026-07-13,1781.0
3276,2026-07-20,1794.0
3276,2026-07-27,1822.0
3276,2026-08-03,2244.0
3276,2026-08-10,2245.0
3276,2026-08-17,2244.0
3600,2025-08-25,1577.46
3600,2025-09-01,1565.81
3600,2025-09-08,1552.22
3600,2025-09-15,1551.25
3600,2025-09-22,1566.78
3600,2025-09-29,1531.83
3600,2025-10-06,1531.83
3600,2025-10-13,1550.28
3600,2025-10-20,1549.31
3600,2025-10-27,1562.9
3600,2025-11-03,1545.42
3600,2025-11-10,1572.6
3600,2025-11-17,1555.13
3600,2025-11-24,1556.1
3600,2025-12-01,1567.75
3600,2025-12-08,1559.98
3600,2025-12-15,1561.93
3600,2025-12-22,1569.69
3600,2025-12-29,1576.49
3600,2026-01-05,1636.67
3600,2026-01-12,1600.76
3600,2026-01-19,1601.73
3600,2026-01-26,1604.64
3600,2026-02-02,1609.49
3600,2026-02-09,1637.64
3600,2026-02-16,1664.82
3600,2026-02-23,1670.65
3600,2026-03-02,1636.67
3600,2026-03-09,1612.4
3600,2026-03-16,1644.44
3600,2026-03-23,1659.0
3600,2026-03-30,1710.0
3600,2026-04-06,1711.0
3600,2026-04-13,1670.0
3600,2026-04-20,1671.0
3600,2026-04-27,1673.0
3600,2026-05-04,1658.0
3600,2026-05-11,1641.0
3600,2026-05-18,1687.0
3600,2026-05-25,1676.0
3600,2026-06-01,1670.0
3600,2026-06-08,1680.0
3600,2026-06-15,1680.0
3600,2026-06-22,1700.0
3600,2026-06-29,1721.0
3600,2026-07-06,1704.0
3600,2026-07-13,1701.0
3600,2026-07-20,1730.0
3600,2026-07-27,1708.0
3600,2026-08-03,1706.0
3600,2026-08-10,1724.0
3600,2026-08-17,1793.0
3676,2025-08-25,953.74
3676,2025-09-01,933.29
3676,2025-09-08,944.0
3676,2025-09-15,950.82
3676,2025-09-22,986.87
3676,2025-09-29,920.35
3676,2025-10-06,963.71
3676,2025-10-13,916.41
3676,2025-10-20,958.78
3676,2025-10-27,945.97
3676,2025-11-03,933.16
3676,2025-11-10,951.89
3676,2025-11-17,931.19
3676,2025-11-24,936.12
3676,2025-12-01,921.34
3676,2025-12-08,915.43
3676,2025-12-15,931.19
3676,2025-12-22,911.49
3676,2025-12-29,895.72
3676,2026-01-05,936.12
3676,2026-01-12,930.21
3676,2026-01-19,931.19
3676,2026-01-26,905.57
3676,2026-02-02,898.68
3676,2026-02-09,843.49
3676,2026-02-16,820.83
3676,2026-02-23,883.89
3676,2026-03-02,931.19
3676,2026-03-09,908.53
3676,2026-03-16,898.68
3676,2026-03-23,910.5
3676,2026-03-30,855.0
3676,2026-04-06,840.0
3676,2026-04-13,879.0
3676,2026-04-20,843.0
3676,2026-04-27,827.0
3676,2026-05-04,833.0
3676,2026-05-11,759.0
3676,2026-05-18,761.0
3676,2026-05-25,746.0
3676,2026-06-01,733.0
3676,2026-06-08,684.0
3676,2026-06-15,694.0
3676,2026-06-22,711.0
3676,2026-06-29,749.0
3676,2026-07-06,732.0
3676,2026-07-13,727.0
3676,2026-07-20,725.0
3676,2026-07-27,755.0
3676,2026-08-03,903.0
3676,2026-08-10,1058.0
3676,2026-08-17,1060.0
3753,2025-08-25,227.0
3753,2025-09-01,223.0
3753,2025-09-08,204.0
3753,2025-09-15,201.0
3753,2025-09-22,203.0
3753,2025-09-29,201.0
3753,2025-10-06,196.0
3753,2025-10-13,187.0
3753,2025-10-20,188.0
3753,2025-10-27,182.0
3753,2025-11-03,179.0
3753,2025-11-10,179.0
3753,2025-11-17,174.0
3753,2025-11-24,178.0
3753,2025-12-01,158.0
3753,2025-12-08,153.0
3753,2025-12-15,155.0
3753,2025-12-22,151.0
3753,2025-12-29,156.0
3753,2026-01-05,163.0
3753,2026-01-12,173.0
3753,2026-01-19,164.0
3753,2026-01-26,171.0
3753,2026-02-02,160.0
3753,2026-02-09,159.0
3753,2026-02-16,152.0
3753,2026-02-23,148.0
3753,2026-03-02,146.0
3753,2026-03-09,145.0
3753,2026-03-16,147.0
3753,2026-03-23,167.0
3753,2026-03-30,151.0
3753,2026-04-06,156.0
3753,2026-04-13,161.0
3753,2026-04-20,154.0
3753,2026-04-27,147.0
3753,2026-05-04,150.0
3753,2026-05-11,165.0
3753,2026-05-18,221.0
3753,2026-05-25,176.0
3753,2026-06-01,157.0
3753,2026-06-08,138.0
3753,2026-06-15,154.0
3753,2026-06-22,146.0
3753,2026-06-29,174.0
3753,2026-07-06,195.0
3753,2026-07-13,190.0
3753,2026-07-20,189.0
3753,2026-07-27,183.0
3753,2026-08-03,187.0
3753,2026-08-10,237.0
3753,2026-08-17,263.0
3851,2025-08-25,876.75
3851,2025-09-01,874.76
3851,2025-09-08,861.84
3851,2025-09-15,861.84
3851,2025-09-22,842.95
3851,2025-09-29,854.88
3851,2025-10-06,824.07
3851,2025-10-13,832.02
3851,2025-10-20,825.06
3851,2025-10-27,830.03
3851,2025-11-03,814.12
3851,2025-11-10,815.12
3851,2025-11-17,801.2
3851,2025-11-24,804.18
3851,2025-12-01,802.2
3851,2025-12-08,791.26
3851,2025-12-15,781.32
3851,2025-12-22,784.3
3851,2025-12-29,805.18
3851,2026-01-05,805.18
3851,2026-01-12,820.09
3851,2026-01-19,824.07
3851,2026-01-26,823.07
3851,2026-02-02,803.19
3851,2026-02-09,800.21
3851,2026-02-16,820.09
3851,2026-02-23,823.07
3851,2026-03-02,830.03
3851,2026-03-09,837.98
3851,2026-03-16,843.95
3851,2026-03-23,835.0
3851,2026-03-30,843.0
3851,2026-04-06,843.0
3851,2026-04-13,848.0
3851,2026-04-20,849.0
3851,2026-04-27,841.0
3851,2026-05-04,825.0
3851,2026-05-11,830.0
3851,2026-05-18,830.0
3851,2026-05-25,825.0
3851,2026-06-01,826.0
3851,2026-06-08,810.0
3851,2026-06-15,820.0
3851,2026-06-22,829.0
3851,2026-06-29,836.0
3851,2026-07-06,858.0
3851,2026-07-13,896.0
3851,2026-07-20,901.0
3851,2026-07-27,1063.0
3851,2026-08-03,1057.0
3851,2026-08-10,1180.0
3851,2026-08-17,1254.0
3877,2025-08-25,1644.97
3877,2025-09-01,1680.19
3877,2025-09-08,1674.48
3877,2025-09-15,1645.92
3877,2025-09-22,1684.0
3877,2025-09-29,1618.74
3877,2025-10-06,1613.87
3877,2025-10-13,1618.74
3877,2025-10-20,1693.74
3877,2025-10-27,1621.66
3877,2025-11-03,1621.66
3877,2025-11-10,1685.95
3877,2025-11-17,1730.75
3877,2025-11-24,1993.72
3877,2025-12-01,1951.84
3877,2025-12-08,1939.18
3877,2025-12-15,1987.88
3877,2025-12-22,1977.16
3877,2025-12-29,1973.27
3877,2026-01-05,1974.24
3877,2026-01-12,1975.21
3877,2026-01-19,1971.32
3877,2026-01-26,1967.42
3877,2026-02-02,1947.94
3877,2026-02-09,1959.63
3877,2026-02-16,1956.71
3877,2026-02-23,1983.01
3877,2026-03-02,1901.19
3877,2026-03-09,1871.0
3877,2026-03-16,1837.89
3877,2026-03-23,1871.0
3877,2026-03-30,1862.0
3877,2026-04-06,1911.0
3877,2026-04-13,1930.0
3877,2026-04-20,1928.0
3877,2026-04-27,1935.0
3877,2026-05-04,1996.0
3877,2026-05-11,2025.0
3877,2026-05-18,1968.0
3877,2026-05-25,2035.0
3877,2026-06-01,2000.0
3877,2026-06-08,1998.0
3877,2026-06-15,2005.0
3877,2026-06-22,2013.0
3877,2026-06-29,2033.0
3877,2026-07-06,2084.0
3877,2026-07-13,2105.0
3877,2026-07-20,2155.0
3877,2026-07-27,2091.0
3877,2026-08-03,2219.0
3877,2026-08-10,2206.0
3877,2026-08-17,2257.0
3932,2025-08-25,2877.82
3932,2025-09-01,2747.27
3932,2025-09-08,2792.39
3932,2025-09-15,2692.55
3932,2025-09-22,2683.92
3932,2025-09-29,2635.94
3932,2025-10-06,2615.37
3932,2025-10-13,2548.79
3932,2025-10-20,2567.39
3932,2025-10-27,2575.23
3932,2025-11-03,2597.75
3932,2025-11-10,2596.77
3932,2025-11-17,2565.44
3932,2025-11-24,2631.04
3932,2025-12-01,2527.25
3932,2025-12-08,2582.08
3932,2025-12-15,2678.04
3932,2025-12-22,2608.52
3932,2025-12-29,2596.77
3932,2026-01-05,2606.56
3932,2026-01-12,2620.27
3932,2026-01-19,2609.5
3932,2026-01-26,2493.96
3932,2026-02-02,2449.89
3932,2026-02-09,2659.44
3932,2026-02-16,2991.38
3932,2026-02-23,3015.86
3932,2026-03-02,2991.38
3932,2026-03-09,3045.23
3932,2026-03-16,2962.0
3932,2026-03-23,2821.0
3932,2026-03-30,2824.0
3932,2026-04-06,2785.0
3932,2026-04-13,2896.0
3932,2026-04-20,2808.0
3932,2026-04-27,2726.0
3932,2026-05-04,2811.0
3932,2026-05-11,2994.0
3932,2026-05-18,3320.0
3932,2026-05-25,3160.0
3932,2026-06-01,3065.0
3932,2026-06-08,2914.0
3932,2026-06-15,2827.0
3932,2026-06-22,2874.0
3932,2026-06-29,3085.0
3932,2026-07-06,2915.0
3932,2026-07-13,2882.0
3932,2026-07-20,2905.0
3932,2026-07-27,3050.0
3932,2026-08-03,3200.0
3932,2026-08-10,3360.0
3932,2026-08-17,3610.0
3937,2025-08-25,1051.99
3937,2025-09-01,1066.38
3937,2025-09-08,1058.71
3937,2025-09-15,1063.5
3937,2025-09-22,1070.22
3937,2025-09-29,1057.75
3937,2025-10-06,1047.2
3937,2025-10-13,1027.06
3937,2025-10-20,1048.16
3937,2025-10-27,1100.9
3937,2025-11-03,961.85
3937,2025-11-10,1028.98
3937,2025-11-17,1054.87
3937,2025-11-24,1043.36
3937,2025-12-01,1005.01
3937,2025-12-08,1003.09
3937,2025-12-15,1040.49
3937,2025-12-22,1012.68
3937,2025-12-29,1000.21
3937,2026-01-05,1013.64
3937,2026-01-12,1058.71
3937,2026-01-19,1038.57
3937,2026-01-26,994.46
3937,2026-02-02,945.55
3937,2026-02-09,916.78
3937,2026-02-16,918.7
3937,2026-02-23,967.61
3937,2026-03-02,944.59
3937,2026-03-09,916.78
3937,2026-03-16,908.15
3937,2026-03-23,935.0
3937,2026-03-30,962.0
3937,2026-04-06,947.0
3937,2026-04-13,993.0
3937,2026-04-20,966.0
3937,2026-04-27,940.0
3937,2026-05-04,976.0
3937,2026-05-11,1025.0
3937,2026-05-18,952.0
3937,2026-05-25,945.0
3937,2026-06-01,971.0
3937,2026-06-08,923.0
3937,2026-06-15,943.0
3937,2026-06-22,941.0
3937,2026-06-29,1000.0
3937,2026-07-06,1000.0
3937,2026-07-13,1020.0
3937,2026-07-20,1004.0
3937,2026-07-27,1003.0
3937,2026-08-03,1062.0
3937,2026-08-10,1205.0
3937,2026-08-17,1264.0
3944,2025-08-25,2106.81
3944,2025-09-01,2116.6
3944,2025-09-08,2142.07
3944,2025-09-15,2233.16
3944,2025-09-22,2330.13
3944,2025-09-29,2193.98
3944,2025-10-06,2301.72
3944,2025-10-13,2237.08
3944,2025-10-20,2331.11
3944,2025-10-27,2272.34
3944,2025-11-03,2326.21
3944,2025-11-10,2255.69
3944,2025-11-17,2241.0
3944,2025-11-24,2236.1
3944,2025-12-01,2311.52
3944,2025-12-08,2318.37
3944,2025-12-15,2333.06
3944,2025-12-22,2301.72
3944,2025-12-29,2326.47
3944,2026-01-05,2320.53
3944,2026-01-12,2387.85
3944,2026-01-19,2503.68
3944,2026-01-26,2586.84
3944,2026-02-02,2705.64
3944,2026-02-09,2692.77
3944,2026-02-16,2677.92
3944,2026-02-23,2671.98
3944,2026-03-02,2600.7
3944,2026-03-09,2559.12
3944,2026-03-16,2565.06
3944,2026-03-23,2348.25
3944,2026-03-30,2367.06
3944,2026-04-06,2363.1
3944,2026-04-13,2356.17
3944,2026-04-20,2326.47
3944,2026-04-27,2335.38
3944,2026-05-04,2348.25
3944,2026-05-11,2346.27
3944,2026-05-18,2376.96
3944,2026-05-25,2317.56
3944,2026-06-01,2309.64
3944,2026-06-08,2297.76
3944,2026-06-15,2327.46
3944,2026-06-22,2472.0
3944,2026-06-29,2450.0
3944,2026-07-06,2429.0
3944,2026-07-13,2415.0
3944,2026-07-20,2525.0
3944,2026-07-27,2710.0
3944,2026-08-03,2899.0
3944,2026-08-10,3180.0
3944,2026-08-17,3260.0
3950,2025-08-25,1147.95
3950,2025-09-01,1135.33
3950,2025-09-08,1131.44
3950,2025-09-15,1167.38
3950,2025-09-22,1169.32
3950,2025-09-29,1164.46
3950,2025-10-06,1180.0
3950,2025-10-13,1194.57
3950,2025-10-20,1204.28
3950,2025-10-27,1166.4
3950,2025-11-03,1170.29
3950,2025-11-10,1222.73
3950,2025-11-17,1222.73
3950,2025-11-24,1266.44
3950,2025-12-01,1220.79
3950,2025-12-08,1223.7
3950,2025-12-15,1231.47
3950,2025-12-22,1273.24
3950,2025-12-29,1275.21
3950,2026-01-05,1284.1
3950,2026-01-12,1290.03
3950,2026-01-19,1291.02
3950,2026-01-26,1279.16
3950,2026-02-02,1297.93
3950,2026-02-09,1331.51
3950,2026-02-16,1276.2
3950,2026-02-23,1321.64
3950,2026-03-02,1321.64
3950,2026-03-09,1303.86
3950,2026-03-16,1312.75
3950,2026-03-23,1308.79
3950,2026-03-30,1334.48
3950,2026-04-06,1340.4
3950,2026-04-13,1337.44
3950,2026-04-20,1275.21
3950,2026-04-27,1290.03
3950,2026-05-04,1314.72
3950,2026-05-11,1307.81
3950,2026-05-18,1321.64
3950,2026-05-25,1278.17
3950,2026-06-01,1226.81
3950,2026-06-08,1304.84
3950,2026-06-15,1343.37
3950,2026-06-22,1373.0
3950,2026-06-29,1358.0
3950,2026-07-06,1343.0
3950,2026-07-13,1421.0
3950,2026-07-20,1448.0
3950,2026-07-27,1451.0
3950,2026-08-03,1457.0
3950,2026-08-10,1467.0
3950,2026-08-17,1510.0
3976,2025-08-25,414.0
3976,2025-09-01,415.0
3976,2025-09-08,408.0
3976,2025-09-15,389.0
3976,2025-09-22,404.0
3976,2025-09-29,417.0
3976,2025-10-06,413.0
3976,2025-10-13,395.0
3976,2025-10-20,414.0
3976,2025-10-27,406.0
3976,2025-11-03,395.0
3976,2025-11-10,392.0
3976,2025-11-17,387.0
3976,2025-11-24,384.0
3976,2025-12-01,387.0
3976,2025-12-08,381.0
3976,2025-12-15,371.0
3976,2025-12-22,366.0
3976,2025-12-29,367.0
3976,2026-01-05,363.0
3976,2026-01-12,367.0
3976,2026-01-19,367.0
3976,2026-01-26,356.0
3976,2026-02-02,384.0
3976,2026-02-09,395.0
3976,2026-02-16,375.0
3976,2026-02-23,405.0
3976,2026-03-02,394.0
3976,2026-03-09,395.0
3976,2026-03-16,382.0
3976,2026-03-23,378.0
3976,2026-03-30,377.0
3976,2026-04-06,370.0
3976,2026-04-13,373.0
3976,2026-04-20,404.0
3976,2026-04-27,379.0
3976,2026-05-04,389.0
3976,2026-05-11,387.0
3976,2026-05-18,468.0
3976,2026-05-25,500.0
3976,2026-06-01,487.0
3976,2026-06-08,471.0
3976,2026-06-15,570.0
3976,2026-06-22,560.0
3976,2026-06-29,565.0
3976,2026-07-06,582.0
3976,2026-07-13,590.0
3976,2026-07-20,555.0
3976,2026-07-27,566.0
3976,2026-08-03,515.0
3976,2026-08-10,606.0
3976,2026-08-17,728.0
3989,2025-08-25,1062.79
3989,2025-09-01,976.26
3989,2025-09-08,1010.12
3989,2025-09-15,988.49
3989,2025-09-22,979.08
3989,2025-09-29,955.61
3989,2025-10-06,940.94
3989,2025-10-13,885.19
3989,2025-10-20,894.97
3989,2025-10-27,914.53
3989,2025-11-03,916.48
3989,2025-11-10,909.64
3989,2025-11-17,1017.23
3989,2025-11-24,1027.99
3989,2025-12-01,1090.59
3989,2025-12-08,1175.68
3989,2025-12-15,1181.55
3989,2025-12-22,1170.79
3989,2025-12-29,1159.05
3989,2026-01-05,1181.55
3989,2026-01-12,1188.4
3989,2026-01-19,1190.35
3989,2026-01-26,1137.54
3989,2026-02-02,1093.52
3989,2026-02-09,1101.35
3989,2026-02-16,1113.08
3989,2026-02-23,1206.98
3989,2026-03-02,1230.46
3989,2026-03-09,1244.15
3989,2026-03-16,1155.14
3989,2026-03-23,1228.5
3989,2026-03-30,1195.0
3989,2026-04-06,1200.0
3989,2026-04-13,1185.0
3989,2026-04-20,1220.0
3989,2026-04-27,1151.0
3989,2026-05-04,1124.0
3989,2026-05-11,1104.0
3989,2026-05-18,1006.0
3989,2026-05-25,987.0
3989,2026-06-01,1007.0
3989,2026-06-08,980.0
3989,2026-06-15,1015.0
3989,2026-06-22,995.0
3989,2026-06-29,1423.0
3989,2026-07-06,1429.0
3989,2026-07-13,1414.0
3989,2026-07-20,1402.0
3989,2026-07-27,1340.0
3989,2026-08-03,1396.0
3989,2026-08-10,1481.0
3989,2026-08-17,1543.0
4286,2025-08-25,900.16
4286,2025-09-01,981.82
4286,2025-09-08,945.42
4286,2025-09-15,982.8
4286,2025-09-22,973.95
4286,2025-09-29,919.84
4286,2025-10-06,957.22
4286,2025-10-13,917.87
4286,2025-10-20,948.37
4286,2025-10-27,959.19
4286,2025-11-03,922.79
4286,2025-11-10,1110.69
4286,2025-11-17,1175.62
4286,2025-11-24,1175.62
4286,2025-12-01,1064.45
4286,2025-12-08,1049.7
4286,2025-12-15,1136.27
4286,2025-12-22,1092.0
4286,2025-12-29,1074.0
4286,2026-01-05,1065.0
4286,2026-01-12,1104.0
4286,2026-01-19,1070.0
4286,2026-01-26,1035.0
4286,2026-02-02,1093.0
4286,2026-02-09,1159.0
4286,2026-02-16,1153.0
4286,2026-02-23,1154.0
4286,2026-03-02,1091.0
4286,2026-03-09,1028.0
4286,2026-03-16,1016.0
4286,2026-03-23,1068.0
4286,2026-03-30,1075.0
4286,2026-04-06,1068.0
4286,2026-04-13,1160.0
4286,2026-04-20,1148.0
4286,2026-04-27,1171.0
4286,2026-05-04,1220.0
4286,2026-05-11,1220.0
4286,2026-05-18,1174.0
4286,2026-05-25,1115.0
4286,2026-06-01,1094.0
4286,2026-06-08,1074.0
4286,2026-06-15,1117.0
4286,2026-06-22,1040.0
4286,2026-06-29,1144.0
4286,2026-07-06,1111.0
4286,2026-07-13,1128.0
4286,2026-07-20,1110.0
4286,2026-07-27,1154.0
4286,2026-08-03,1084.0
4286,2026-08-10,1135.0
4286,2026-08-17,1344.0
428A,2025-10-06,622.0
428A,2025-10-13,723.0
428A,2025-10-20,707.0
428A,2025-10-27,679.0
428A,2025-11-03,685.0
428A,2025-11-10,690.0
428A,2025-11-17,682.0
428A,2025-11-24,689.0
428A,2025-12-01,682.0
428A,2025-12-08,679.0
428A,2025-12-15,739.0
428A,2025-12-22,773.0
428A,2025-12-29,825.0
428A,2026-01-05,831.0
428A,2026-01-12,860.0
428A,2026-01-19,892.0
428A,2026-01-26,870.0
428A,2026-02-02,837.0
428A,2026-02-09,838.0
428A,2026-02-16,839.0
428A,2026-02-23,813.0
428A,2026-03-02,810.0
428A,2026-03-09,811.0
428A,2026-03-16,810.0
428A,2026-03-23,838.0
428A,2026-03-30,883.0
428A,2026-04-06,881.0
428A,2026-04-13,908.0
428A,2026-04-20,906.0
428A,2026-04-27,945.0
428A,2026-05-04,999.0
428A,2026-05-11,1032.0
428A,2026-05-18,1048.0
428A,2026-05-25,1278.0
428A,2026-06-01,1189.0
428A,2026-06-08,1223.0
428A,2026-06-15,1186.0
428A,2026-06-22,1226.0
428A,2026-06-29,1270.0
428A,2026-07-06,1231.0
428A,2026-07-13,1386.0
428A,2026-07-20,1327.0
428A,2026-07-27,1360.0
428A,2026-08-03,1384.0
428A,2026-08-10,1401.0
428A,2026-08-17,1434.0
4443,2025-08-25,1916.94
4443,2025-09-01,1906.96
4443,2025-09-08,1939.91
4443,2025-09-15,1937.91
4443,2025-09-22,1907.96
4443,2025-09-29,1822.1
4443,2025-10-06,1805.12
4443,2025-10-13,1740.23
4443,2025-10-20,1810.11
4443,2025-10-27,1820.1
4443,2025-11-03,1743.22
4443,2025-11-10,1748.21
4443,2025-11-17,1699.29
4443,2025-11-24,1683.32
4443,2025-12-01,1637.39
4443,2025-12-08,1679.32
4443,2025-12-15,1734.24
4443,2025-12-22,1776.17
4443,2025-12-29,1731.24
4443,2026-01-05,1791.15
4443,2026-01-12,1914.95
4443,2026-01-19,1659.36
4443,2026-01-26,1492.62
4443,2026-02-02,1148.17
4443,2026-02-09,1085.27
4443,2026-02-16,1103.24
4443,2026-02-23,1172.13
4443,2026-03-02,1238.03
4443,2026-03-09,1146.17
4443,2026-03-16,1110.23
4443,2026-03-23,1139.18
4443,2026-03-30,1214.06
4443,2026-04-06,1237.03
4443,2026-04-13,1333.87
4443,2026-04-20,1264.98
4443,2026-04-27,1248.01
4443,2026-05-04,1316.9
4443,2026-05-11,1305.92
4443,2026-05-18,1467.66
4443,2026-05-25,1679.0
4443,2026-06-01,1603.0
4443,2026-06-08,1435.0
4443,2026-06-15,1438.0
4443,2026-06-22,1383.0
4443,2026-06-29,1716.0
4443,2026-07-06,1723.0
4443,2026-07-13,1827.0
4443,2026-07-20,1787.0
4443,2026-07-27,1989.0
4443,2026-08-03,1900.0
4443,2026-08-10,2106.0
4443,2026-08-17,2220.0
446A,2025-11-17,1467.0
446A,2025-11-24,1332.0
446A,2025-12-01,1355.0
446A,2025-12-08,1424.0
446A,2025-12-15,1464.0
446A,2025-12-22,1640.0
446A,2025-12-29,1782.0
446A,2026-01-05,1795.0
446A,2026-01-12,1579.0
446A,2026-01-19,1550.0
446A,2026-01-26,1579.0
446A,2026-02-02,1167.0
446A,2026-02-09,1110.0
446A,2026-02-16,1090.0
446A,2026-02-23,1082.0
446A,2026-03-02,1151.0
446A,2026-03-09,1231.0
446A,2026-03-16,1359.0
446A,2026-03-23,1255.0
446A,2026-03-30,1297.0
446A,2026-04-06,1358.0
446A,2026-04-13,1593.0
446A,2026-04-20,1365.0
446A,2026-04-27,1263.0
446A,2026-05-04,1367.0
446A,2026-05-11,1130.0
446A,2026-05-18,1233.0
446A,2026-05-25,1263.0
446A,2026-06-01,1391.0
446A,2026-06-08,1208.0
446A,2026-06-15,1178.0
446A,2026-06-22,1165.0
446A,2026-06-29,1325.0
446A,2026-07-06,1319.0
446A,2026-07-13,1640.0
446A,2026-07-20,1450.0
446A,2026-07-27,1573.0
446A,2026-08-03,1645.0
446A,2026-08-10,1840.0
446A,2026-08-17,2034.0
4526,2025-08-25,2814.65
4526,2025-09-01,2867.63
4526,2025-09-08,2857.03
4526,2025-09-15,2873.41
4526,2025-09-22,2899.42
4526,2025-09-29,2769.9
4526,2025-10-06,2752.24
4526,2025-10-13,2779.71
4526,2025-10-20,2796.39
4526,2025-10-27,2745.37
4526,2025-11-03,2798.35
4526,2025-11-10,2791.49
4526,2025-11-17,2860.17
4526,2025-11-24,2900.4
4526,2025-12-01,2770.88
4526,2025-12-08,2810.13
4526,2025-12-15,2910.21
4526,2025-12-22,2925.91
4526,2025-12-29,2911.19
4526,2026-01-05,2933.76
4526,2026-01-12,2987.72
4526,2026-01-19,3071.13
4526,2026-01-26,3046.6
4526,2026-02-02,3144.71
4526,2026-02-09,3002.44
4526,2026-02-16,2943.57
4526,2026-02-23,3041.69
4526,2026-03-02,2939.65
4526,2026-03-09,2826.81
4526,2026-03-16,2820.92
4526,2026-03-23,2869.0
4526,2026-03-30,2943.0
4526,2026-04-06,2925.0
4526,2026-04-13,2864.0
4526,2026-04-20,2740.0
4526,2026-04-27,2770.0
4526,2026-05-04,2699.0
4526,2026-05-11,2825.0
4526,2026-05-18,2803.0
4526,2026-05-25,2806.0
4526,2026-06-01,2913.0
4526,2026-06-08,2995.0
4526,2026-06-15,2988.0
4526,2026-06-22,3080.0
4526,2026-06-29,3095.0
4526,2026-07-06,3135.0
4526,2026-07-13,3155.0
4526,2026-07-20,3120.0
4526,2026-07-27,3210.0
4526,2026-08-03,3155.0
4526,2026-08-10,3280.0
4526,2026-08-17,3320.0
4588,2025-08-25,636.0
4588,2025-09-01,647.0
4588,2025-09-08,621.0
4588,2025-09-15,631.0
4588,2025-09-22,622.0
4588,2025-09-29,678.0
4588,2025-10-06,803.0
4588,2025-10-13,700.0
4588,2025-10-20,711.0
4588,2025-10-27,748.0
4588,2025-11-03,851.0
4588,2025-11-10,1043.0
4588,2025-11-17,986.0
4588,2025-11-24,1174.0
4588,2025-12-01,923.0
4588,2025-12-08,1061.0
4588,2025-12-15,859.0
4588,2025-12-22,1101.0
4588,2025-12-29,1384.0
4588,2026-01-05,1519.0
4588,2026-01-12,1943.0
4588,2026-01-19,1808.0
4588,2026-01-26,1739.0
4588,2026-02-02,1873.0
4588,2026-02-09,2440.0
4588,2026-02-16,2215.0
4588,2026-02-23,2730.0
4588,2026-03-02,3150.0
4588,2026-03-09,2702.0
4588,2026-03-16,2246.0
4588,2026-03-23,2338.0
4588,2026-03-30,2266.0
4588,2026-04-06,2501.0
4588,2026-04-13,2860.0
4588,2026-04-20,2978.0
4588,2026-04-27,2717.0
4588,2026-05-04,2918.0
4588,2026-05-11,2680.0
4588,2026-05-18,2797.0
4588,2026-05-25,2765.0
4588,2026-06-01,2614.0
4588,2026-06-08,2467.0
4588,2026-06-15,2591.0
4588,2026-06-22,2733.0
4588,2026-06-29,2680.0
4588,2026-07-06,2575.0
4588,2026-07-13,2351.0
4588,2026-07-20,2469.0
4588,2026-07-27,2665.0
4588,2026-08-03,2848.0
4588,2026-08-10,3250.0
4588,2026-08-17,3720.0
4623,2025-08-25,1670.06
4623,2025-09-01,1675.86
4623,2025-09-08,1684.55
4623,2025-09-15,1693.24
4623,2025-09-22,1690.34
4623,2025-09-29,1706.07
4623,2025-10-06,1697.22
4623,2025-10-13,1690.34
4623,2025-10-20,1694.28
4623,2025-10-27,1690.34
4623,2025-11-03,1689.36
4623,2025-11-10,1686.41
4623,2025-11-17,1692.31
4623,2025-11-24,1688.38
4623,2025-12-01,1681.5
4623,2025-12-08,1682.48
4623,2025-12-15,1685.43
4623,2025-12-22,1689.36
4623,2025-12-29,1694.28
4623,2026-01-05,1699.19
4623,2026-01-12,1710.0
4623,2026-01-19,1702.14
4623,2026-01-26,1702.14
4623,2026-02-02,1709.02
4623,2026-02-09,1712.95
4623,2026-02-16,1738.5
4623,2026-02-23,1730.64
4623,2026-03-02,1705.09
4623,2026-03-09,1695.26
4623,2026-03-16,1710.0
4623,2026-03-23,1710.0
4623,2026-03-30,1730.0
4623,2026-04-06,1732.0
4623,2026-04-13,1722.0
4623,2026-04-20,1711.0
4623,2026-04-27,1710.0
4623,2026-05-04,1706.0
4623,2026-05-11,1700.0
4623,2026-05-18,1710.0
4623,2026-05-25,1700.0
4623,2026-06-01,1701.0
4623,2026-06-08,1700.0
4623,2026-06-15,1693.0
4623,2026-06-22,1708.0
4623,2026-06-29,1725.0
4623,2026-07-06,1712.0
4623,2026-07-13,1711.0
4623,2026-07-20,1719.0
4623,2026-07-27,1721.0
4623,2026-08-03,1723.0
4623,2026-08-10,1820.0
4623,2026-08-17,1871.0
4671,2025-08-25,2382.32
4671,2025-09-01,2400.44
4671,2025-09-08,2519.65
4671,2025-09-15,2450.03
4671,2025-09-22,2514.88
4671,2025-09-29,2444.06
4671,2025-10-06,2421.59
4671,2025-10-13,2481.18
4671,2025-10-20,2487.04
4671,2025-10-27,2424.53
4671,2025-11-03,2451.88
4671,2025-11-10,2498.77
4671,2025-11-17,2512.44
4671,2025-11-24,2508.53
4671,2025-12-01,2489.0
4671,2025-12-08,2528.07
4671,2025-12-15,2558.35
4671,2025-12-22,2605.24
4671,2025-12-29,2618.92
4671,2026-01-05,2668.74
4671,2026-01-12,2686.32
4671,2026-01-19,2661.9
4671,2026-01-26,2615.01
4671,2026-02-02,2613.06
4671,2026-02-09,2651.15
4671,2026-02-16,2617.94
4671,2026-02-23,2666.78
4671,2026-03-02,2615.99
4671,2026-03-09,2565.19
4671,2026-03-16,2551.51
4671,2026-03-23,2636.5
4671,2026-03-30,2631.0
4671,2026-04-06,2620.0
4671,2026-04-13,2604.0
4671,2026-04-20,2552.0
4671,2026-04-27,2512.0
4671,2026-05-04,2512.0
4671,2026-05-11,2587.0
4671,2026-05-18,2521.0
4671,2026-05-25,2565.0
4671,2026-06-01,2545.0
4671,2026-06-08,2573.0
4671,2026-06-15,2572.0
4671,2026-06-22,2542.0
4671,2026-06-29,2617.0
4671,2026-07-06,2682.0
4671,2026-07-13,2700.0
4671,2026-07-20,2672.0
4671,2026-07-27,2651.0
4671,2026-08-03,2690.0
4671,2026-08-10,2834.0
4671,2026-08-17,2830.0
4674,2025-08-25,1647.53
4674,2025-09-01,1588.99
4674,2025-09-08,1617.78
4674,2025-09-15,1612.98
4674,2025-09-22,1631.21
4674,2025-09-29,1599.0
4674,2025-10-06,1610.71
4674,2025-10-13,1570.69
4674,2025-10-20,1620.48
4674,2025-10-27,1586.31
4674,2025-11-03,1495.52
4674,2025-11-10,1478.93
4674,2025-11-17,1479.9
4674,2025-11-24,1497.48
4674,2025-12-01,1534.57
4674,2025-12-08,1732.74
4674,2025-12-15,1697.6
4674,2025-12-22,1711.26
4674,2025-12-29,1704.43
4674,2026-01-05,1739.57
4674,2026-01-12,1743.48
4674,2026-01-19,1702.48
4674,2026-01-26,1634.14
4674,2026-02-02,1520.9
4674,2026-02-09,1550.19
4674,2026-02-16,1498.45
4674,2026-02-23,1501.38
4674,2026-03-02,1450.62
4674,2026-03-09,1447.69
4674,2026-03-16,1405.71
4674,2026-03-23,1435.0
4674,2026-03-30,1446.0
4674,2026-04-06,1447.0
4674,2026-04-13,1454.0
4674,2026-04-20,1382.0
4674,2026-04-27,1376.0
4674,2026-05-04,1400.0
4674,2026-05-11,1538.0
4674,2026-05-18,1566.0
4674,2026-05-25,1526.0
4674,2026-06-01,1521.0
4674,2026-06-08,1454.0
4674,2026-06-15,1456.0
4674,2026-06-22,1445.0
4674,2026-06-29,1502.0
4674,2026-07-06,1546.0
4674,2026-07-13,1523.0
4674,2026-07-20,1557.0
4674,2026-07-27,1617.0
4674,2026-08-03,1805.0
4674,2026-08-10,1955.0
4674,2026-08-17,2033.0
4689,2025-08-25,459.92
4689,2025-09-01,467.18
4689,2025-09-08,482.77
4689,2025-09-15,485.13
4689,2025-09-22,476.2
4689,2025-09-29,453.05
4689,2025-10-06,452.95
4689,2025-10-13,431.76
4689,2025-10-20,446.18
4689,2025-10-27,444.42
4689,2025-11-03,417.14
4689,2025-11-10,422.05
4689,2025-11-17,417.53
4689,2025-11-24,412.53
4689,2025-12-01,408.8
4689,2025-12-08,403.8
4689,2025-12-15,419.59
4689,2025-12-22,405.47
4689,2025-12-29,409.29
4689,2026-01-05,409.39
4689,2026-01-12,396.05
4689,2026-01-19,398.31
4689,2026-01-26,389.08
4689,2026-02-02,415.18
4689,2026-02-09,380.16
4689,2026-02-16,367.21
4689,2026-02-23,381.63
4689,2026-03-02,386.14
4689,2026-03-09,390.65
4689,2026-03-16,390.36
4689,2026-03-23,377.9
4689,2026-03-30,393.2
4689,2026-04-06,403.6
4689,2026-04-13,427.9
4689,2026-04-20,415.9
4689,2026-04-27,419.7
4689,2026-05-04,440.0
4689,2026-05-11,417.3
4689,2026-05-18,409.2
4689,2026-05-25,417.3
4689,2026-06-01,408.0
4689,2026-06-08,402.3
4689,2026-06-15,409.5
4689,2026-06-22,410.0
4689,2026-06-29,438.2
4689,2026-07-06,445.4
4689,2026-07-13,447.4
4689,2026-07-20,435.3
4689,2026-07-27,446.8
4689,2026-08-03,483.6
4689,2026-08-10,506.3
4689,2026-08-17,517.5
4848,2025-08-25,1706.0
4848,2025-09-01,1709.84
4848,2025-09-08,1698.31
4848,2025-09-15,1690.63
4848,2025-09-22,1713.68
4848,2025-09-29,1671.42
4848,2025-10-06,1656.05
4848,2025-10-13,1628.19
4848,2025-10-20,1675.26
4848,2025-10-27,1625.31
4848,2025-11-03,1628.19
4848,2025-11-10,1636.84
4848,2025-11-17,1626.27
4848,2025-11-24,1645.48
4848,2025-12-01,1591.69
4848,2025-12-08,1599.37
4848,2025-12-15,1615.7
4848,2025-12-22,1638.76
4848,2025-12-29,1632.88
4848,2026-01-05,1669.11
4848,2026-01-12,1656.38
4848,2026-01-19,1723.93
4848,2026-01-26,1647.57
4848,2026-02-02,1674.98
4848,2026-02-09,1671.06
4848,2026-02-16,1600.58
4848,2026-02-23,1651.48
4848,2026-03-02,1635.82
4848,2026-03-09,1610.37
4848,2026-03-16,1619.18
4848,2026-03-23,1634.84
4848,2026-03-30,1668.13
4848,2026-04-06,1672.04
4848,2026-04-13,1659.32
4848,2026-04-20,1586.87
4848,2026-04-27,1573.17
4848,2026-05-04,1571.21
4848,2026-05-11,1498.77
4848,2026-05-18,1485.06
4848,2026-05-25,1507.58
4848,2026-06-01,1511.49
4848,2026-06-08,1506.6
4848,2026-06-15,1493.87
4848,2026-06-22,1488.0
4848,2026-06-29,1540.0
4848,2026-07-06,1602.0
4848,2026-07-13,1643.0
4848,2026-07-20,1648.0
4848,2026-07-27,1728.0
4848,2026-08-03,1680.0
4848,2026-08-10,1856.0
4848,2026-08-17,1885.0
4911,2025-08-25,2357.75
4911,2025-09-01,2354.32
4911,2025-09-08,2322.47
4911,2025-09-15,2370.0
4911,2025-09-22,2476.81
4911,2025-09-29,2469.46
4911,2025-10-06,2558.15
4911,2025-10-13,2651.73
4911,2025-10-20,2672.31
4911,2025-10-27,2547.86
4911,2025-11-03,2519.44
4911,2025-11-10,2612.04
4911,2025-11-17,2156.86
4911,2025-11-24,2176.46
4911,2025-12-01,2297.97
4911,2025-12-08,2388.62
4911,2025-12-15,2302.38
4911,2025-12-22,2306.79
4911,2025-12-29,2251.44
4911,2026-01-05,2381.41
4911,2026-01-12,2639.86
4911,2026-01-19,2716.95
4911,2026-01-26,2598.35
4911,2026-02-02,2720.91
4911,2026-02-09,3262.52
4911,2026-02-16,3038.17
4911,2026-02-23,3261.53
4911,2026-03-02,3041.13
4911,2026-03-09,2976.89
4911,2026-03-16,2950.7
4911,2026-03-23,3176.53
4911,2026-03-30,3345.54
4911,2026-04-06,3327.75
4911,2026-04-13,3070.78
4911,2026-04-20,3116.24
4911,2026-04-27,3123.16
4911,2026-05-04,3347.52
4911,2026-05-11,2914.13
4911,2026-05-18,2650.74
4911,2026-05-25,2777.74
4911,2026-06-01,2549.43
4911,2026-06-08,2576.61
4911,2026-06-15,2499.52
4911,2026-06-22,2543.5
4911,2026-06-29,2769.0
4911,2026-07-06,2755.0
4911,2026-07-13,3060.0
4911,2026-07-20,3045.0
4911,2026-07-27,3154.0
4911,2026-08-03,3619.0
4911,2026-08-10,3557.0
4911,2026-08-17,3668.0
4919,2025-08-25,2414.66
4919,2025-09-01,2429.16
4919,2025-09-08,2427.23
4919,2025-09-15,2392.43
4919,2025-09-22,2447.53
4919,2025-09-29,2368.26
4919,2025-10-06,2338.3
4919,2025-10-13,2314.13
4919,2025-10-20,2310.26
4919,2025-10-27,2238.73
4919,2025-11-03,2302.53
4919,2025-11-10,2324.76
4919,2025-11-17,2483.29
4919,2025-11-24,2456.23
4919,2025-12-01,2351.83
4919,2025-12-08,2404.03
4919,2025-12-15,2388.56
4919,2025-12-22,2458.16
4919,2025-12-29,2399.05
4919,2026-01-05,2389.19
4919,2026-01-12,2428.6
4919,2026-01-19,2540.92
4919,2026-01-26,2499.54
4919,2026-02-02,2618.75
4919,2026-02-09,2680.82
4919,2026-02-16,2675.9
4919,2026-02-23,2769.49
4919,2026-03-02,2692.65
4919,2026-03-09,2639.44
4919,2026-03-16,2637.47
4919,2026-03-23,2688.7
4919,2026-03-30,2703.48
4919,2026-04-06,2720.23
4919,2026-04-13,2691.66
4919,2026-04-20,2545.85
4919,2026-04-27,2498.55
4919,2026-05-04,2478.85
4919,2026-05-11,2503.48
4919,2026-05-18,2657.18
4919,2026-05-25,2612.84
4919,2026-06-01,2535.99
4919,2026-06-08,2703.48
4919,2026-06-15,2594.12
4919,2026-06-22,2669.0
4919,2026-06-29,2764.0
4919,2026-07-06,2774.0
4919,2026-07-13,2834.0
4919,2026-07-20,2785.0
4919,2026-07-27,2781.0
4919,2026-08-03,2894.0
4919,2026-08-10,3250.0
4919,2026-08-17,3235.0
4937,2025-08-25,1232.0
4937,2025-09-01,1247.0
4937,2025-09-08,1110.0
4937,2025-09-15,1113.0
4937,2025-09-22,1383.0
4937,2025-09-29,1400.0
4937,2025-10-06,1465.0
4937,2025-10-13,1375.0
4937,2025-10-20,1410.0
4937,2025-10-27,1397.0
4937,2025-11-03,1400.0
4937,2025-11-10,1766.0
4937,2025-11-17,1773.0
4937,2025-11-24,1725.0
4937,2025-12-01,1736.0
4937,2025-12-08,1393.0
4937,2025-12-15,1444.0
4937,2025-12-22,1340.0
4937,2025-12-29,1377.0
4937,2026-01-05,1410.0
4937,2026-01-12,1427.0
4937,2026-01-19,1401.0
4937,2026-01-26,1384.0
4937,2026-02-02,1400.0
4937,2026-02-09,1411.0
4937,2026-02-16,1515.0
4937,2026-02-23,1538.0
4937,2026-03-02,1530.0
4937,2026-03-09,1395.0
4937,2026-03-16,1384.0
4937,2026-03-23,1360.0
4937,2026-03-30,1357.0
4937,2026-04-06,1280.0
4937,2026-04-13,1317.0
4937,2026-04-20,1300.0
4937,2026-04-27,1317.0
4937,2026-05-04,1447.0
4937,2026-05-11,1580.0
4937,2026-05-18,1600.0
4937,2026-05-25,1572.0
4937,2026-06-01,1549.0
4937,2026-06-08,1540.0
4937,2026-06-15,1543.0
4937,2026-06-22,1495.0
4937,2026-06-29,1500.0
4937,2026-07-06,1450.0
4937,2026-07-13,1480.0
4937,2026-07-20,1501.0
4937,2026-07-27,1487.0
4937,2026-08-03,1568.0
4937,2026-08-10,2030.0
4937,2026-08-17,2355.0
4958,2025-08-25,2895.94
4958,2025-09-01,2895.94
4958,2025-09-08,2885.26
4958,2025-09-15,2895.94
4958,2025-09-22,2959.99
4958,2025-09-29,2748.77
4958,2025-10-06,2721.27
4958,2025-10-13,2679.02
4958,2025-10-20,2707.51
4958,2025-10-27,2654.46
4958,2025-11-03,2651.52
4958,2025-11-10,2707.51
4958,2025-11-17,2723.23
4958,2025-11-24,2784.14
4958,2025-12-01,2670.18
4958,2025-12-08,2710.46
4958,2025-12-15,2788.07
4958,2025-12-22,2798.88
4958,2025-12-29,2768.42
4958,2026-01-05,2828.35
4958,2026-01-12,2832.28
4958,2026-01-19,2858.8
4958,2026-01-26,2791.02
4958,2026-02-02,2812.63
4958,2026-02-09,2828.35
4958,2026-02-16,2799.86
4958,2026-02-23,2867.65
4958,2026-03-02,2802.81
4958,2026-03-09,2794.95
4958,2026-03-16,2787.09
4958,2026-03-23,2792.0
4958,2026-03-30,2855.0
4958,2026-04-06,2923.0
4958,2026-04-13,2861.0
4958,2026-04-20,2865.0
4958,2026-04-27,2882.0
4958,2026-05-04,2933.0
4958,2026-05-11,3070.0
4958,2026-05-18,3125.0
4958,2026-05-25,3075.0
4958,2026-06-01,3060.0
4958,2026-06-08,3205.0
4958,2026-06-15,3255.0
4958,2026-06-22,3215.0
4958,2026-06-29,3250.0
4958,2026-07-06,3225.0
4958,2026-07-13,3300.0
4958,2026-07-20,3225.0
4958,2026-07-27,3250.0
4958,2026-08-03,3310.0
4958,2026-08-10,3350.0
4958,2026-08-17,3340.0
4997,2025-08-25,940.98
4997,2025-09-01,998.89
4997,2025-09-08,968.97
4997,2025-09-15,989.23
4997,2025-09-22,987.3
4997,2025-09-29,952.15
4997,2025-10-06,934.57
4997,2025-10-13,914.06
4997,2025-10-20,914.06
4997,2025-10-27,843.75
4997,2025-11-03,847.66
4997,2025-11-10,864.26
4997,2025-11-17,867.19
4997,2025-11-24,868.16
4997,2025-12-01,880.86
4997,2025-12-08,970.7
4997,2025-12-15,995.12
4997,2025-12-22,982.42
4997,2025-12-29,990.23
4997,2026-01-05,994.14
4997,2026-01-12,1012.7
4997,2026-01-19,1005.86
4997,2026-01-26,990.23
4997,2026-02-02,1034.18
4997,2026-02-09,998.05
4997,2026-02-16,993.16
4997,2026-02-23,1066.41
4997,2026-03-02,989.26
4997,2026-03-09,990.23
4997,2026-03-16,984.38
4997,2026-03-23,1000.0
4997,2026-03-30,1031.0
4997,2026-04-06,1021.0
4997,2026-04-13,1017.0
4997,2026-04-20,1003.0
4997,2026-04-27,999.0
4997,2026-05-04,964.0
4997,2026-05-11,986.0
4997,2026-05-18,976.0
4997,2026-05-25,1057.0
4997,2026-06-01,1017.0
4997,2026-06-08,1028.0
4997,2026-06-15,1004.0
4997,2026-06-22,1022.0
4997,2026-06-29,1033.0
4997,2026-07-06,1014.0
4997,2026-07-13,987.0
4997,2026-07-20,1085.0
4997,2026-07-27,1077.0
4997,2026-08-03,1132.0
4997,2026-08-10,1178.0
4997,2026-08-17,1206.0
5142,2025-08-25,1077.83
5142,2025-09-01,1108.93
5142,2025-09-08,1107.96
5142,2025-09-15,1126.42
5142,2025-09-22,1192.51
5142,2025-09-29,1165.3
5142,2025-10-06,1239.16
5142,2025-10-13,1241.1
5142,2025-10-20,1282.9
5142,2025-10-27,1220.69
5142,2025-11-03,1146.83
5142,2025-11-10,1261.51
5142,2025-11-17,1235.27
5142,2025-11-24,1245.96
5142,2025-12-01,1278.04
5142,2025-12-08,1308.16
5142,2025-12-15,1358.7
5142,2025-12-22,1420.9
5142,2025-12-29,1405.35
5142,2026-01-05,1452.98
5142,2026-01-12,1461.72
5142,2026-01-19,1457.84
5142,2026-01-26,1408.27
5142,2026-02-02,1463.67
5142,2026-02-09,1582.24
5142,2026-02-16,1608.48
5142,2026-02-23,1742.6
5142,2026-03-02,1636.66
5142,2026-03-09,1416.04
5142,2026-03-16,1415.07
5142,2026-03-23,1383.0
5142,2026-03-30,1358.0
5142,2026-04-06,1467.0
5142,2026-04-13,1502.0
5142,2026-04-20,1411.0
5142,2026-04-27,1439.0
5142,2026-05-04,1562.0
5142,2026-05-11,1246.0
5142,2026-05-18,1230.0
5142,2026-05-25,1217.0
5142,2026-06-01,1187.0
5142,2026-06-08,1138.0
5142,2026-06-15,1207.0
5142,2026-06-22,1159.0
5142,2026-06-29,1217.0
5142,2026-07-06,1214.0
5142,2026-07-13,1211.0
5142,2026-07-20,1268.0
5142,2026-07-27,1298.0
5142,2026-08-03,1689.0
5142,2026-08-10,1887.0
5142,2026-08-17,2016.0
590A,2025-08-25,1373.72
590A,2025-09-01,1202.5
590A,2025-09-08,1237.14
590A,2025-09-15,1241.1
590A,2025-09-22,1187.66
590A,2025-09-29,1173.8
590A,2025-10-06,1112.44
590A,2025-10-13,1083.74
590A,2025-10-20,1114.42
590A,2025-10-27,1078.79
590A,2025-11-03,1029.3
590A,2025-11-10,1072.85
590A,2025-11-17,1096.6
590A,2025-11-24,1155.99
590A,2025-12-01,1112.44
590A,2025-12-08,1131.24
590A,2025-12-15,1175.78
590A,2025-12-22,1251.0
590A,2025-12-29,1256.0
590A,2026-01-05,1312.0
590A,2026-01-12,1354.0
590A,2026-01-19,1369.0
590A,2026-01-26,1270.0
590A,2026-02-02,1225.0
590A,2026-02-09,1145.0
590A,2026-02-16,982.0
590A,2026-02-23,1035.0
590A,2026-03-02,1122.0
590A,2026-03-09,1126.0
590A,2026-03-16,1081.0
590A,2026-03-23,1130.0
590A,2026-03-30,1105.0
590A,2026-04-06,1094.0
590A,2026-04-13,1129.0
590A,2026-04-20,1063.0
590A,2026-04-27,1151.0
590A,2026-05-04,1200.0
590A,2026-05-11,1068.0
590A,2026-05-18,1123.0
590A,2026-05-25,1147.0
590A,2026-06-01,1169.0
590A,2026-06-08,1039.0
590A,2026-06-15,1047.0
590A,2026-06-22,995.0
590A,2026-06-29,1107.0
590A,2026-07-06,1006.0
590A,2026-07-13,998.0
590A,2026-07-20,998.0
590A,2026-07-27,1052.0
590A,2026-08-03,1105.0
590A,2026-08-10,1188.0
590A,2026-08-17,1406.0
6027,2025-08-25,3285.0
6027,2025-09-01,3725.0
6027,2025-09-08,3610.0
6027,2025-09-15,3370.0
6027,2025-09-22,3310.0
6027,2025-09-29,3045.0
6027,2025-10-06,3020.0
6027,2025-10-13,3035.0
6027,2025-10-20,3105.0
6027,2025-10-27,3050.0
6027,2025-11-03,2891.0
6027,2025-11-10,2891.0
6027,2025-11-17,2880.0
6027,2025-11-24,2943.0
6027,2025-12-01,3135.0
6027,2025-12-08,3010.0
6027,2025-12-15,2994.0
6027,2025-12-22,3185.0
6027,2025-12-29,3150.0
6027,2026-01-05,3270.0
6027,2026-01-12,3380.0
6027,2026-01-19,3040.0
6027,2026-01-26,2902.0
6027,2026-02-02,2500.0
6027,2026-02-09,2435.0
6027,2026-02-16,2307.0
6027,2026-02-23,2439.0
6027,2026-03-02,2801.0
6027,2026-03-09,2765.0
6027,2026-03-16,2850.0
6027,2026-03-23,2894.0
6027,2026-03-30,2835.0
6027,2026-04-06,2565.0
6027,2026-04-13,2583.0
6027,2026-04-20,2525.0
6027,2026-04-27,2520.0
6027,2026-05-04,2720.0
6027,2026-05-11,2710.0
6027,2026-05-18,2548.0
6027,2026-05-25,2406.0
6027,2026-06-01,2289.0
6027,2026-06-08,2106.0
6027,2026-06-15,2236.0
6027,2026-06-22,2050.0
6027,2026-06-29,2390.0
6027,2026-07-06,2374.0
6027,2026-07-13,2390.0
6027,2026-07-20,2199.0
6027,2026-07-27,2312.0
6027,2026-08-03,2388.0
6027,2026-08-10,3750.0
6027,2026-08-17,4320.0
6080,2025-08-25,3088.56
6080,2025-09-01,3177.08
6080,2025-09-08,3142.65
6080,2025-09-15,3132.82
6080,2025-09-22,3127.9
6080,2025-09-29,3155.0
6080,2025-10-06,3120.0
6080,2025-10-13,3210.0
6080,2025-10-20,3270.0
6080,2025-10-27,2955.0
6080,2025-11-03,3090.0
6080,2025-11-10,3170.0
6080,2025-11-17,3300.0
6080,2025-11-24,3360.0
6080,2025-12-01,3260.0
6080,2025-12-08,3290.0
6080,2025-12-15,3400.0
6080,2025-12-22,3405.0
6080,2025-12-29,3370.0
6080,2026-01-05,3490.0
6080,2026-01-12,3500.0
6080,2026-01-19,3425.0
6080,2026-01-26,3145.0
6080,2026-02-02,3415.0
6080,2026-02-09,3380.0
6080,2026-02-16,3495.0
6080,2026-02-23,3740.0
6080,2026-03-02,3495.0
6080,2026-03-09,3400.0
6080,2026-03-16,3155.0
6080,2026-03-23,3100.0
6080,2026-03-30,3080.0
6080,2026-04-06,3235.0
6080,2026-04-13,3350.0
6080,2026-04-20,3170.0
6080,2026-04-27,3275.0
6080,2026-05-04,3400.0
6080,2026-05-11,3370.0
6080,2026-05-18,3600.0
6080,2026-05-25,3440.0
6080,2026-06-01,3480.0
6080,2026-06-08,3465.0
6080,2026-06-15,3580.0
6080,2026-06-22,3390.0
6080,2026-06-29,3575.0
6080,2026-07-06,3610.0
6080,2026-07-13,3660.0
6080,2026-07-20,3735.0
6080,2026-07-27,3885.0
6080,2026-08-03,4020.0
6080,2026-08-10,4085.0
6080,2026-08-17,4160.0
6087,2025-08-25,3333.15
6087,2025-09-01,3265.22
6087,2025-09-08,3289.48
6087,2025-09-15,3323.44
6087,2025-09-22,3338.0
6087,2025-09-29,3075.0
6087,2025-10-06,3110.0
6087,2025-10-13,3100.0
6087,2025-10-20,3115.0
6087,2025-10-27,3115.0
6087,2025-11-03,3135.0
6087,2025-11-10,3175.0
6087,2025-11-17,3195.0
6087,2025-11-24,3215.0
6087,2025-12-01,3340.0
6087,2025-12-08,3305.0
6087,2025-12-15,3305.0
6087,2025-12-22,3370.0
6087,2025-12-29,3360.0
6087,2026-01-05,3380.0
6087,2026-01-12,3405.0
6087,2026-01-19,3395.0
6087,2026-01-26,3380.0
6087,2026-02-02,3400.0
6087,2026-02-09,3405.0
6087,2026-02-16,3420.0
6087,2026-02-23,3460.0
6087,2026-03-02,3440.0
6087,2026-03-09,3435.0
6087,2026-03-16,3450.0
6087,2026-03-23,3485.0
6087,2026-03-30,3375.0
6087,2026-04-06,3390.0
6087,2026-04-13,3410.0
6087,2026-04-20,3390.0
6087,2026-04-27,3405.0
6087,2026-05-04,3410.0
6087,2026-05-11,3400.0
6087,2026-05-18,3400.0
6087,2026-05-25,3405.0
6087,2026-06-01,3395.0
6087,2026-06-08,3335.0
6087,2026-06-15,3330.0
6087,2026-06-22,3320.0
6087,2026-06-29,3375.0
6087,2026-07-06,3450.0
6087,2026-07-13,3440.0
6087,2026-07-20,3435.0
6087,2026-07-27,3465.0
6087,2026-08-03,3470.0
6087,2026-08-10,3505.0
6087,2026-08-17,3525.0
6306,2025-08-25,770.89
6306,2025-09-01,766.14
6306,2025-09-08,760.43
6306,2025-09-15,758.53
6306,2025-09-22,756.63
6306,2025-09-29,732.35
6306,2025-10-06,737.21
6306,2025-10-13,744.01
6306,2025-10-20,761.49
6306,2025-10-27,743.03
6306,2025-11-03,731.38
6306,2025-11-10,742.06
6306,2025-11-17,735.26
6306,2025-11-24,749.83
6306,2025-12-01,730.41
6306,2025-12-08,740.12
6306,2025-12-15,764.4
6306,2025-12-22,796.45
6306,2025-12-29,768.29
6306,2026-01-05,790.63
6306,2026-01-12,810.05
6306,2026-01-19,794.51
6306,2026-01-26,791.6
6306,2026-02-02,811.02
6306,2026-02-09,841.13
6306,2026-02-16,831.42
6306,2026-02-23,851.82
6306,2026-03-02,790.63
6306,2026-03-09,772.17
6306,2026-03-16,778.0
6306,2026-03-23,778.0
6306,2026-03-30,788.0
6306,2026-04-06,796.0
6306,2026-04-13,805.0
6306,2026-04-20,799.0
6306,2026-04-27,799.0
6306,2026-05-04,802.0
6306,2026-05-11,842.0
6306,2026-05-18,844.0
6306,2026-05-25,855.0
6306,2026-06-01,866.0
6306,2026-06-08,844.0
6306,2026-06-15,914.0
6306,2026-06-22,912.0
6306,2026-06-29,945.0
6306,2026-07-06,951.0
6306,2026-07-13,932.0
6306,2026-07-20,960.0
6306,2026-07-27,982.0
6306,2026-08-03,988.0
6306,2026-08-10,1014.0
6306,2026-08-17,1038.0
6349,2025-08-25,1476.25
6349,2025-09-01,1484.85
6349,2025-09-08,1459.99
6349,2025-09-15,1453.3
6349,2025-09-22,1481.98
6349,2025-09-29,1457.53
6349,2025-10-06,1449.7
6349,2025-10-13,1455.57
6349,2025-10-20,1492.74
6349,2025-10-27,1419.38
6349,2025-11-03,1414.49
6349,2025-11-10,1449.7
6349,2025-11-17,1449.7
6349,2025-11-24,1555.35
6349,2025-12-01,1494.7
6349,2025-12-08,1526.0
6349,2025-12-15,1502.53
6349,2025-12-22,1553.39
6349,2025-12-29,1551.44
6349,2026-01-05,1564.15
6349,2026-01-12,1609.15
6349,2026-01-19,1597.41
6349,2026-01-26,1636.54
6349,2026-02-02,1701.1
6349,2026-02-09,1689.36
6349,2026-02-16,1697.19
6349,2026-02-23,1778.38
6349,2026-03-02,1657.08
6349,2026-03-09,1591.54
6349,2026-03-16,1571.98
6349,2026-03-23,1571.0
6349,2026-03-30,1615.0
6349,2026-04-06,1636.0
6349,2026-04-13,1619.0
6349,2026-04-20,1551.0
6349,2026-04-27,1506.0
6349,2026-05-04,1565.0
6349,2026-05-11,1502.0
6349,2026-05-18,1454.0
6349,2026-05-25,1480.0
6349,2026-06-01,1477.0
6349,2026-06-08,1454.0
6349,2026-06-15,1492.0
6349,2026-06-22,1509.0
6349,2026-06-29,1519.0
6349,2026-07-06,1603.0
6349,2026-07-13,1606.0
6349,2026-07-20,1651.0
6349,2026-07-27,1865.0
6349,2026-08-03,1902.0
6349,2026-08-10,1916.0
6349,2026-08-17,1985.0
6379,2025-08-25,1802.18
6379,2025-09-01,1827.74
6379,2025-09-08,1822.06
6379,2025-09-15,1804.08
6379,2025-09-22,1839.1
6379,2025-09-29,1814.87
6379,2025-10-06,1804.21
6379,2025-10-13,1853.63
6379,2025-10-20,1901.11
6379,2025-10-27,1857.51
6379,2025-11-03,1879.79
6379,2025-11-10,2164.67
6379,2025-11-17,2192.77
6379,2025-11-24,2299.36
6379,2025-12-01,2345.87
6379,2025-12-08,2274.16
6379,2025-12-15,2292.57
6379,2025-12-22,2296.45
6379,2025-12-29,2357.49
6379,2026-01-05,2415.63
6379,2026-01-12,2471.83
6379,2026-01-19,2479.58
6379,2026-01-26,2441.79
6379,2026-02-02,2544.5
6379,2026-02-09,2530.94
6379,2026-02-16,2497.99
6379,2026-02-23,2547.41
6379,2026-03-02,2382.69
6379,2026-03-09,2306.14
6379,2026-03-16,2273.19
6379,2026-03-23,2248.0
6379,2026-03-30,2312.0
6379,2026-04-06,2337.0
6379,2026-04-13,2322.0
6379,2026-04-20,2234.0
6379,2026-04-27,2297.0
6379,2026-05-04,2285.0
6379,2026-05-11,2310.0
6379,2026-05-18,2329.0
6379,2026-05-25,2235.0
6379,2026-06-01,2156.0
6379,2026-06-08,2232.0
6379,2026-06-15,2241.0
6379,2026-06-22,2239.0
6379,2026-06-29,2343.0
6379,2026-07-06,2434.0
6379,2026-07-13,2488.0
6379,2026-07-20,2619.0
6379,2026-07-27,2911.0
6379,2026-08-03,2868.0
6379,2026-08-10,2931.0
6379,2026-08-17,3115.0
6381,2025-08-25,1501.36
6381,2025-09-01,1513.68
6381,2025-09-08,1539.28
6381,2025-09-15,1529.8
6381,2025-09-22,1546.86
6381,2025-09-29,1511.86
6381,2025-10-06,1497.27
6381,2025-10-13,1482.69
6381,2025-10-20,1538.11
6381,2025-10-27,1476.86
6381,2025-11-03,1470.05
6381,2025-11-10,1458.38
6381,2025-11-17,1485.61
6381,2025-11-24,1525.47
6381,2025-12-01,1493.38
6381,2025-12-08,1554.64
6381,2025-12-15,1554.64
6381,2025-12-22,1572.14
6381,2025-12-29,1588.67
6381,2026-01-05,1661.58
6381,2026-01-12,1690.75
6381,2026-01-19,1657.7
6381,2026-01-26,1607.14
6381,2026-02-02,1711.17
6381,2026-02-09,1656.72
6381,2026-02-16,1705.34
6381,2026-02-23,1705.34
6381,2026-03-02,1615.89
6381,2026-03-09,1570.19
6381,2026-03-16,1593.53
6381,2026-03-23,1612.0
6381,2026-03-30,1620.0
6381,2026-04-06,1652.0
6381,2026-04-13,1630.0
6381,2026-04-20,1588.0
6381,2026-04-27,1591.0
6381,2026-05-04,1629.0
6381,2026-05-11,1674.0
6381,2026-05-18,1656.0
6381,2026-05-25,1631.0
6381,2026-06-01,1620.0
6381,2026-06-08,1610.0
6381,2026-06-15,1697.0
6381,2026-06-22,1683.0
6381,2026-06-29,1753.0
6381,2026-07-06,1760.0
6381,2026-07-13,1720.0
6381,2026-07-20,1769.0
6381,2026-07-27,1803.0
6381,2026-08-03,1890.0
6381,2026-08-10,1955.0
6381,2026-08-17,1959.0
6523,2025-08-25,948.54
6523,2025-09-01,1068.67
6523,2025-09-08,980.25
6523,2025-09-15,962.96
6523,2025-09-22,968.72
6523,2025-09-29,932.41
6523,2025-10-06,1013.87
6523,2025-10-13,1020.74
6523,2025-10-20,1028.59
6523,2025-10-27,990.31
6523,2025-11-03,1008.96
6523,2025-11-10,949.09
6523,2025-11-17,971.67
6523,2025-11-24,1007.98
6523,2025-12-01,1048.22
6523,2025-12-08,1063.93
6523,2025-12-15,1098.28
6523,2025-12-22,1107.11
6523,2025-12-29,1091.41
6523,2026-01-05,1156.19
6523,2026-01-12,1157.17
6523,2026-01-19,1147.35
6523,2026-01-26,1063.93
6523,2026-02-02,1069.81
6523,2026-02-09,1001.11
6523,2026-02-16,1024.67
6523,2026-02-23,1079.63
6523,2026-03-02,1013.87
6523,2026-03-09,965.78
6523,2026-03-16,981.48
6523,2026-03-23,1113.0
6523,2026-03-30,1115.0
6523,2026-04-06,1076.0
6523,2026-04-13,1064.0
6523,2026-04-20,1000.0
6523,2026-04-27,1005.0
6523,2026-05-04,1007.0
6523,2026-05-11,963.0
6523,2026-05-18,1071.0
6523,2026-05-25,1105.0
6523,2026-06-01,1090.0
6523,2026-06-08,1070.0
6523,2026-06-15,1043.0
6523,2026-06-22,1012.0
6523,2026-06-29,1035.0
6523,2026-07-06,1051.0
6523,2026-07-13,1095.0
6523,2026-07-20,1079.0
6523,2026-07-27,1100.0
6523,2026-08-03,1311.0
6523,2026-08-10,1415.0
6523,2026-08-17,1486.0
6570,2025-08-25,1251.96
6570,2025-09-01,1275.49
6570,2025-09-08,1263.73
6570,2025-09-15,1310.78
6570,2025-09-22,1284.31
6570,2025-09-29,1209.58
6570,2025-10-06,1166.03
6570,2025-10-13,1198.69
6570,2025-10-20,1254.12
6570,2025-10-27,1176.92
6570,2025-11-03,1155.14
6570,2025-11-10,1153.16
6570,2025-11-17,1066.05
6570,2025-11-24,1128.41
6570,2025-12-01,1094.76
6570,2025-12-08,1092.78
6570,2025-12-15,1227.4
6570,2025-12-22,1197.7
6570,2025-12-29,1188.79
6570,2026-01-05,1229.38
6570,2026-01-12,1237.3
6570,2026-01-19,1225.42
6570,2026-01-26,1180.88
6570,2026-02-02,1216.51
6570,2026-02-09,1251.15
6570,2026-02-16,1262.04
6570,2026-02-23,1264.02
6570,2026-03-02,1295.7
6570,2026-03-09,1301.64
6570,2026-03-16,1268.97
6570,2026-03-23,1217.5
6570,2026-03-30,1212.0
6570,2026-04-06,1221.0
6570,2026-04-13,1270.0
6570,2026-04-20,1228.0
6570,2026-04-27,1232.0
6570,2026-05-04,1256.0
6570,2026-05-11,1599.0
6570,2026-05-18,1692.0
6570,2026-05-25,1653.0
6570,2026-06-01,1640.0
6570,2026-06-08,1612.0
6570,2026-06-15,1787.0
6570,2026-06-22,1908.0
6570,2026-06-29,1882.0
6570,2026-07-06,1900.0
6570,2026-07-13,1929.0
6570,2026-07-20,2005.0
6570,2026-07-27,2106.0
6570,2026-08-03,2102.0
6570,2026-08-10,3095.0
6570,2026-08-17,3970.0
6904,2025-08-25,453.8
6904,2025-09-01,461.67
6904,2025-09-08,459.7
6904,2025-09-15,464.62
6904,2025-09-22,465.61
6904,2025-09-29,454.78
6904,2025-10-06,455.77
6904,2025-10-13,455.77
6904,2025-10-20,463.64
6904,2025-10-27,459.7
6904,2025-11-03,468.56
6904,2025-11-10,460.69
6904,2025-11-17,457.73
6904,2025-11-24,455.77
6904,2025-12-01,454.78
6904,2025-12-08,449.86
6904,2025-12-15,448.88
6904,2025-12-22,451.83
6904,2025-12-29,454.78
6904,2026-01-05,469.55
6904,2026-01-12,480.38
6904,2026-01-19,484.31
6904,2026-01-26,479.39
6904,2026-02-02,477.42
6904,2026-02-09,471.52
6904,2026-02-16,486.28
6904,2026-02-23,491.2
6904,2026-03-02,474.47
6904,2026-03-09,478.41
6904,2026-03-16,487.27
6904,2026-03-23,472.5
6904,2026-03-30,467.0
6904,2026-04-06,464.0
6904,2026-04-13,461.0
6904,2026-04-20,464.0
6904,2026-04-27,463.0
6904,2026-05-04,463.0
6904,2026-05-11,454.0
6904,2026-05-18,452.0
6904,2026-05-25,449.0
6904,2026-06-01,441.0
6904,2026-06-08,445.0
6904,2026-06-15,443.0
6904,2026-06-22,442.0
6904,2026-06-29,446.0
6904,2026-07-06,449.0
6904,2026-07-13,449.0
6904,2026-07-20,448.0
6904,2026-07-27,450.0
6904,2026-08-03,449.0
6904,2026-08-10,540.0
6904,2026-08-17,569.0
7033,2025-08-25,1490.61
7033,2025-09-01,1462.29
7033,2025-09-08,1511.13
7033,2025-09-15,1514.06
7033,2025-09-22,1477.92
7033,2025-09-29,1375.35
7033,2025-10-06,1395.86
7033,2025-10-13,1338.23
7033,2025-10-20,1376.33
7033,2025-10-27,1309.9
7033,2025-11-03,1303.07
7033,2025-11-10,1299.16
7033,2025-11-17,1340.19
7033,2025-11-24,1323.58
7033,2025-12-01,1288.41
7033,2025-12-08,1250.32
7033,2025-12-15,1297.21
7033,2025-12-22,1348.0
7033,2025-12-29,1377.0
7033,2026-01-05,1376.0
7033,2026-01-12,1399.0
7033,2026-01-19,1364.0
7033,2026-01-26,1302.0
7033,2026-02-02,1273.0
7033,2026-02-09,1210.0
7033,2026-02-16,1382.0
7033,2026-02-23,1480.0
7033,2026-03-02,1466.0
7033,2026-03-09,1349.0
7033,2026-03-16,1311.0
7033,2026-03-23,1301.0
7033,2026-03-30,1325.0
7033,2026-04-06,1325.0
7033,2026-04-13,1370.0
7033,2026-04-20,1322.0
7033,2026-04-27,1323.0
7033,2026-05-04,1343.0
7033,2026-05-11,1265.0
7033,2026-05-18,1352.0
7033,2026-05-25,1385.0
7033,2026-06-01,1351.0
7033,2026-06-08,1332.0
7033,2026-06-15,1372.0
7033,2026-06-22,1319.0
7033,2026-06-29,1361.0
7033,2026-07-06,1352.0
7033,2026-07-13,1362.0
7033,2026-07-20,1344.0
7033,2026-07-27,1432.0
7033,2026-08-03,1439.0
7033,2026-08-10,1520.0
7033,2026-08-17,1712.0
7267,2025-08-25,1565.19
7267,2025-09-01,1613.81
7267,2025-09-08,1572.34
7267,2025-09-15,1554.71
7267,2025-09-22,1572.82
7267,2025-09-29,1484.68
7267,2025-10-06,1515.36
7267,2025-10-13,1477.86
7267,2025-10-20,1552.85
7267,2025-10-27,1519.25
7267,2025-11-03,1543.6
7267,2025-11-10,1515.85
7267,2025-11-17,1498.32
7267,2025-11-24,1530.94
7267,2025-12-01,1480.3
7267,2025-12-08,1558.21
7267,2025-12-15,1516.33
7267,2025-12-22,1500.26
7267,2025-12-29,1495.88
7267,2026-01-05,1530.94
7267,2026-01-12,1592.78
7267,2026-01-19,1573.79
7267,2026-01-26,1514.38
7267,2026-02-02,1647.81
7267,2026-02-09,1559.18
7267,2026-02-16,1502.7
7267,2026-02-23,1543.11
7267,2026-03-02,1423.81
7267,2026-03-09,1332.27
7267,2026-03-16,1267.99
7267,2026-03-23,1305.0
7267,2026-03-30,1269.0
7267,2026-04-06,1269.5
7267,2026-04-13,1300.5
7267,2026-04-20,1296.5
7267,2026-04-27,1262.5
7267,2026-05-04,1269.0
7267,2026-05-11,1430.0
7267,2026-05-18,1401.0
7267,2026-05-25,1452.5
7267,2026-06-01,1444.5
7267,2026-06-08,1411.0
7267,2026-06-15,1412.5
7267,2026-06-22,1449.5
7267,2026-06-29,1550.0
7267,2026-07-06,1495.5
7267,2026-07-13,1535.5
7267,2026-07-20,1536.0
7267,2026-07-27,1625.5
7267,2026-08-03,1683.0
7267,2026-08-10,1658.0
7267,2026-08-17,1741.5
7354,2025-08-25,305.7
7354,2025-09-01,293.98
7354,2025-09-08,293.0
7354,2025-09-15,292.02
7354,2025-09-22,302.77
7354,2025-09-29,286.16
7354,2025-10-06,277.37
7354,2025-10-13,262.72
7354,2025-10-20,267.61
7354,2025-10-27,261.75
7354,2025-11-03,261.75
7354,2025-11-10,270.54
7354,2025-11-17,280.3
7354,2025-11-24,293.0
7354,2025-12-01,293.0
7354,2025-12-08,290.07
7354,2025-12-15,291.05
7354,2025-12-22,293.0
7354,2025-12-29,291.0
7354,2026-01-05,298.0
7354,2026-01-12,311.0
7354,2026-01-19,322.0
7354,2026-01-26,313.0
7354,2026-02-02,311.0
7354,2026-02-09,292.0
7354,2026-02-16,345.0
7354,2026-02-23,347.0
7354,2026-03-02,311.0
7354,2026-03-09,287.0
7354,2026-03-16,295.0
7354,2026-03-23,307.0
7354,2026-03-30,310.0
7354,2026-04-06,312.0
7354,2026-04-13,327.0
7354,2026-04-20,301.0
7354,2026-04-27,299.0
7354,2026-05-04,308.0
7354,2026-05-11,304.0
7354,2026-05-18,273.0
7354,2026-05-25,273.0
7354,2026-06-01,298.0
7354,2026-06-08,304.0
7354,2026-06-15,308.0
7354,2026-06-22,311.0
7354,2026-06-29,329.0
7354,2026-07-06,352.0
7354,2026-07-13,350.0
7354,2026-07-20,340.0
7354,2026-07-27,346.0
7354,2026-08-03,349.0
7354,2026-08-10,362.0
7354,2026-08-17,383.0
7366,2025-08-25,1335.99
7366,2025-09-01,1293.38
7366,2025-09-08,1416.27
7366,2025-09-15,1369.69
7366,2025-09-22,1387.53
7366,2025-09-29,1285.45
7366,2025-10-06,1268.6
7366,2025-10-13,1225.98
7366,2025-10-20,1235.89
7366,2025-10-27,1223.01
7366,2025-11-03,1184.36
7366,2025-11-10,1229.95
7366,2025-11-17,1241.84
7366,2025-11-24,1273.55
7366,2025-12-01,1261.66
7366,2025-12-08,1216.07
7366,2025-12-15,1301.31
7366,2025-12-22,1280.49
7366,2025-12-29,1282.47
7366,2026-01-05,1282.47
7366,2026-01-12,1286.44
7366,2026-01-19,1300.31
7366,2026-01-26,1178.41
7366,2026-02-02,1262.65
7366,2026-02-09,1274.55
7366,2026-02-16,1331.04
7366,2026-02-23,1333.02
7366,2026-03-02,1344.91
7366,2026-03-09,1275.54
7366,2026-03-16,1270.58
7366,2026-03-23,1224.0
7366,2026-03-30,1229.0
7366,2026-04-06,1240.0
7366,2026-04-13,1263.0
7366,2026-04-20,1209.0
7366,2026-04-27,1187.0
7366,2026-05-04,1179.0
7366,2026-05-11,1532.0
7366,2026-05-18,1619.0
7366,2026-05-25,1591.0
7366,2026-06-01,1507.0
7366,2026-06-08,1580.0
7366,2026-06-15,1602.0
7366,2026-06-22,1512.0
7366,2026-06-29,1668.0
7366,2026-07-06,1645.0
7366,2026-07-13,1620.0
7366,2026-07-20,1593.0
7366,2026-07-27,1591.0
7366,2026-08-03,1774.0
7366,2026-08-10,1791.0
7366,2026-08-17,1869.0
7466,2025-08-25,1131.85
7466,2025-09-01,1148.85
7466,2025-09-08,1153.22
7466,2025-09-15,1147.39
7466,2025-09-22,1161.96
7466,2025-09-29,1125.03
7466,2025-10-06,1125.03
7466,2025-10-13,1118.63
7466,2025-10-20,1150.63
7466,2025-10-27,1103.37
7466,2025-11-03,1121.09
7466,2025-11-10,1119.61
7466,2025-11-17,1145.22
7466,2025-11-24,1164.91
7466,2025-12-01,1140.79
7466,2025-12-08,1139.8
7466,2025-12-15,1142.26
7466,2025-12-22,1155.56
7466,2025-12-29,1167.37
7466,2026-01-05,1186.57
7466,2026-01-12,1195.93
7466,2026-01-19,1172.3
7466,2026-01-26,1142.26
7466,2026-02-02,1177.71
7466,2026-02-09,1285.54
7466,2026-02-16,1306.71
7466,2026-02-23,1345.11
7466,2026-03-02,1280.12
7466,2026-03-09,1286.03
7466,2026-03-16,1268.31
7466,2026-03-23,1288.0
7466,2026-03-30,1267.0
7466,2026-04-06,1321.0
7466,2026-04-13,1325.0
7466,2026-04-20,1270.0
7466,2026-04-27,1261.0
7466,2026-05-04,1246.0
7466,2026-05-11,1212.0
7466,2026-05-18,1238.0
7466,2026-05-25,1249.0
7466,2026-06-01,1238.0
7466,2026-06-08,1214.0
7466,2026-06-15,1266.0
7466,2026-06-22,1269.0
7466,2026-06-29,1313.0
7466,2026-07-06,1376.0
7466,2026-07-13,1346.0
7466,2026-07-20,1350.0
7466,2026-07-27,1387.0
7466,2026-08-03,1356.0
7466,2026-08-10,1400.0
7466,2026-08-17,1450.0
7513,2025-08-25,1123.0
7513,2025-09-01,1110.0
7513,2025-09-08,1168.0
7513,2025-09-15,1186.0
7513,2025-09-22,1196.0
7513,2025-09-29,1086.0
7513,2025-10-06,1090.0
7513,2025-10-13,1081.0
7513,2025-10-20,1118.0
7513,2025-10-27,1101.0
7513,2025-11-03,1119.0
7513,2025-11-10,1119.0
7513,2025-11-17,1134.0
7513,2025-11-24,1175.0
7513,2025-12-01,1141.0
7513,2025-12-08,1152.0
7513,2025-12-15,1180.0
7513,2025-12-22,1201.0
7513,2025-12-29,1188.0
7513,2026-01-05,1179.0
7513,2026-01-12,1276.0
7513,2026-01-19,1274.0
7513,2026-01-26,1250.0
7513,2026-02-02,1251.0
7513,2026-02-09,1295.0
7513,2026-02-16,1338.0
7513,2026-02-23,1324.0
7513,2026-03-02,1305.0
7513,2026-03-09,1316.0
7513,2026-03-16,1356.0
7513,2026-03-23,1335.0
7513,2026-03-30,1340.0
7513,2026-04-06,1326.0
7513,2026-04-13,1273.0
7513,2026-04-20,1204.0
7513,2026-04-27,1197.0
7513,2026-05-04,1172.0
7513,2026-05-11,1213.0
7513,2026-05-18,1350.0
7513,2026-05-25,1387.0
7513,2026-06-01,1372.0
7513,2026-06-08,1430.0
7513,2026-06-15,1389.0
7513,2026-06-22,1275.0
7513,2026-06-29,1271.0
7513,2026-07-06,1268.0
7513,2026-07-13,1320.0
7513,2026-07-20,1361.0
7513,2026-07-27,1379.0
7513,2026-08-03,1366.0
7513,2026-08-10,1358.0
7513,2026-08-17,1470.0
7552,2025-08-25,3355.26
7552,2025-09-01,3272.95
7552,2025-09-08,3137.39
7552,2025-09-15,3001.82
7552,2025-09-22,3447.25
7552,2025-09-29,3279.63
7552,2025-10-06,3245.62
7552,2025-10-13,3138.72
7552,2025-10-20,3172.74
7552,2025-10-27,3056.13
7552,2025-11-03,3095.0
7552,2025-11-10,3041.55
7552,2025-11-17,3031.83
7552,2025-11-24,3153.3
7552,2025-12-01,2939.52
7552,2025-12-08,2915.22
7552,2025-12-15,2813.19
7552,2025-12-22,2847.2
7552,2025-12-29,2861.78
7552,2026-01-05,2821.94
7552,2026-01-12,2856.92
7552,2026-01-19,2834.57
7552,2026-01-26,2685.89
7552,2026-02-02,2637.31
7552,2026-02-09,2635.36
7552,2026-02-16,2798.62
7552,2026-02-23,3095.0
7552,2026-03-02,3080.42
7552,2026-03-09,2905.51
7552,2026-03-16,2766.55
7552,2026-03-23,2751.0
7552,2026-03-30,2718.0
7552,2026-04-06,2747.0
7552,2026-04-13,2798.0
7552,2026-04-20,2685.0
7552,2026-04-27,2670.0
7552,2026-05-04,2631.0
7552,2026-05-11,2647.0
7552,2026-05-18,2710.0
7552,2026-05-25,2775.0
7552,2026-06-01,2748.0
7552,2026-06-08,2711.0
7552,2026-06-15,2744.0
7552,2026-06-22,2903.0
7552,2026-06-29,2990.0
7552,2026-07-06,3110.0
7552,2026-07-13,3105.0
7552,2026-07-20,3040.0
7552,2026-07-27,3315.0
7552,2026-08-03,3390.0
7552,2026-08-10,3480.0
7552,2026-08-17,3760.0
7733,2025-08-25,1688.73
7733,2025-09-01,1835.29
7733,2025-09-08,1782.35
7733,2025-09-15,1815.2
7733,2025-09-22,1845.59
7733,2025-09-29,1813.73
7733,2025-10-06,1814.71
7733,2025-10-13,1801.96
7733,2025-10-20,1896.57
7733,2025-10-27,1862.25
7733,2025-11-03,1834.8
7733,2025-11-10,2064.71
7733,2025-11-17,2030.88
7733,2025-11-24,2058.82
7733,2025-12-01,1987.75
7733,2025-12-08,2004.41
7733,2025-12-15,1952.94
7733,2025-12-22,1950.98
7733,2025-12-29,1945.59
7733,2026-01-05,2044.61
7733,2026-01-12,2002.94
7733,2026-01-19,1863.73
7733,2026-01-26,1804.9
7733,2026-02-02,1848.53
7733,2026-02-09,1816.18
7733,2026-02-16,1450.98
7733,2026-02-23,1498.04
7733,2026-03-02,1334.31
7733,2026-03-09,1284.8
7733,2026-03-16,1347.06
7733,2026-03-23,1500.0
7733,2026-03-30,1550.0
7733,2026-04-06,1568.5
7733,2026-04-13,1583.5
7733,2026-04-20,1528.5
7733,2026-04-27,1571.0
7733,2026-05-04,1571.5
7733,2026-05-11,1720.0
7733,2026-05-18,1888.0
7733,2026-05-25,1785.5
7733,2026-06-01,1843.5
7733,2026-06-08,1703.0
7733,2026-06-15,1646.0
7733,2026-06-22,1684.0
7733,2026-06-29,1768.0
7733,2026-07-06,1753.5
7733,2026-07-13,1771.5
7733,2026-07-20,1729.5
7733,2026-07-27,1820.0
7733,2026-08-03,1906.0
7733,2026-08-10,2110.5
7733,2026-08-17,2187.0
7806,2025-08-25,4567.32
7806,2025-09-01,4293.68
7806,2025-09-08,4512.59
7806,2025-09-15,5054.9
7806,2025-09-22,5035.0
7806,2025-09-29,4365.0
7806,2025-10-06,4165.0
7806,2025-10-13,3880.0
7806,2025-10-20,3905.0
7806,2025-10-27,3720.0
7806,2025-11-03,3730.0
7806,2025-11-10,4920.0
7806,2025-11-17,4430.0
7806,2025-11-24,4535.0
7806,2025-12-01,4935.0
7806,2025-12-08,4765.0
7806,2025-12-15,4765.0
7806,2025-12-22,4775.0
7806,2025-12-29,4730.0
7806,2026-01-05,4745.0
7806,2026-01-12,4390.0
7806,2026-01-19,4340.0
7806,2026-01-26,4235.0
7806,2026-02-02,4175.0
7806,2026-02-09,5380.0
7806,2026-02-16,5270.0
7806,2026-02-23,5750.0
7806,2026-03-02,5800.0
7806,2026-03-09,6270.0
7806,2026-03-16,6160.0
7806,2026-03-23,6470.0
7806,2026-03-30,6380.0
7806,2026-04-06,6070.0
7806,2026-04-13,6600.0
7806,2026-04-20,6270.0
7806,2026-04-27,6100.0
7806,2026-05-04,6290.0
7806,2026-05-11,6710.0
7806,2026-05-18,6220.0
7806,2026-05-25,7500.0
7806,2026-06-01,6800.0
7806,2026-06-08,7060.0
7806,2026-06-15,7650.0
7806,2026-06-22,7260.0
7806,2026-06-29,8100.0
7806,2026-07-06,7550.0
7806,2026-07-13,7460.0
7806,2026-07-20,7670.0
7806,2026-07-27,7610.0
7806,2026-08-03,8170.0
7806,2026-08-10,8130.0
7806,2026-08-17,8640.0
7832,2025-08-25,5008.19
7832,2025-09-01,4917.76
7832,2025-09-08,4932.5
7832,2025-09-15,4759.5
7832,2025-09-22,4846.99
7832,2025-09-29,4773.91
7832,2025-10-06,4761.07
7832,2025-10-13,4604.04
7832,2025-10-20,4747.24
7832,2025-10-27,4742.3
7832,2025-11-03,4503.31
7832,2025-11-10,4549.73
7832,2025-11-17,4487.51
7832,2025-11-24,4520.1
7832,2025-12-01,4268.27
7832,2025-12-08,4228.77
7832,2025-12-15,4164.58
7832,2025-12-22,4173.46
7832,2025-12-29,4120.14
7832,2026-01-05,4156.68
7832,2026-01-12,4120.14
7832,2026-01-19,4055.94
7832,2026-01-26,3960.15
7832,2026-02-02,4142.85
7832,2026-02-09,3960.15
7832,2026-02-16,3979.9
7832,2026-02-23,4191.24
7832,2026-03-02,4074.71
7832,2026-03-09,4210.99
7832,2026-03-16,4125.07
7832,2026-03-23,3972.0
7832,2026-03-30,3977.0
7832,2026-04-06,3854.0
7832,2026-04-13,3935.0
7832,2026-04-20,3744.0
7832,2026-04-27,3608.0
7832,2026-05-04,3637.0
7832,2026-05-11,3709.0
7832,2026-05-18,3704.0
7832,2026-05-25,3641.0
7832,2026-06-01,3751.0
7832,2026-06-08,3666.0
7832,2026-06-15,3591.0
7832,2026-06-22,3698.0
7832,2026-06-29,3916.0
7832,2026-07-06,4017.0
7832,2026-07-13,4189.0
7832,2026-07-20,4111.0
7832,2026-07-27,4609.0
7832,2026-08-03,5398.0
7832,2026-08-10,5435.0
7832,2026-08-17,5554.0
7839,2025-08-25,1792.41
7839,2025-09-01,1790.48
7839,2025-09-08,1785.64
7839,2025-09-15,1783.71
7839,2025-09-22,1775.0
7839,2025-09-29,1700.0
7839,2025-10-06,1675.0
7839,2025-10-13,1675.0
7839,2025-10-20,1695.0
7839,2025-10-27,1639.0
7839,2025-11-03,1690.0
7839,2025-11-10,1745.0
7839,2025-11-17,1829.0
7839,2025-11-24,1860.0
7839,2025-12-01,1850.0
7839,2025-12-08,1843.0
7839,2025-12-15,1785.0
7839,2025-12-22,1798.0
7839,2025-12-29,1777.0
7839,2026-01-05,1819.0
7839,2026-01-12,1816.0
7839,2026-01-19,1799.0
7839,2026-01-26,1775.0
7839,2026-02-02,1726.0
7839,2026-02-09,1714.0
7839,2026-02-16,1704.0
7839,2026-02-23,1800.0
7839,2026-03-02,1678.0
7839,2026-03-09,1618.0
7839,2026-03-16,1605.0
7839,2026-03-23,1652.0
7839,2026-03-30,1717.0
7839,2026-04-06,1677.0
7839,2026-04-13,1717.0
7839,2026-04-20,1620.0
7839,2026-04-27,1850.0
7839,2026-05-04,1815.0
7839,2026-05-11,1794.0
7839,2026-05-18,1670.0
7839,2026-05-25,1746.0
7839,2026-06-01,1871.0
7839,2026-06-08,1824.0
7839,2026-06-15,1797.0
7839,2026-06-22,1774.0
7839,2026-06-29,1841.0
7839,2026-07-06,1826.0
7839,2026-07-13,1874.0
7839,2026-07-20,1897.0
7839,2026-07-27,1951.0
7839,2026-08-03,2018.0
7839,2026-08-10,2051.0
7839,2026-08-17,2089.0
8613,2025-08-25,896.45
8613,2025-09-01,909.51
8613,2025-09-08,904.85
8613,2025-09-15,914.17
8613,2025-09-22,914.17
8613,2025-09-29,889.1
8613,2025-10-06,900.67
8613,2025-10-13,910.32
8613,2025-10-20,901.64
8613,2025-10-27,894.89
8613,2025-11-03,893.92
8613,2025-11-10,916.1
8613,2025-11-17,922.85
8613,2025-11-24,943.1
8613,2025-12-01,932.5
8613,2025-12-08,945.03
8613,2025-12-15,956.6
8613,2025-12-22,981.68
8613,2025-12-29,978.78
8613,2026-01-05,1010.61
8613,2026-01-12,1036.64
8613,2026-01-19,1032.79
8613,2026-01-26,1019.29
8613,2026-02-02,1036.64
8613,2026-02-09,1048.21
8613,2026-02-16,1042.43
8613,2026-02-23,1078.11
8613,2026-03-02,1007.71
8613,2026-03-09,974.93
8613,2026-03-16,1026.04
8613,2026-03-23,1027.0
8613,2026-03-30,1047.0
8613,2026-04-06,1060.0
8613,2026-04-13,1077.0
8613,2026-04-20,1024.0
8613,2026-04-27,1047.0
8613,2026-05-04,1031.0
8613,2026-05-11,1063.0
8613,2026-05-18,1063.0
8613,2026-05-25,1037.0
8613,2026-06-01,1054.0
8613,2026-06-08,1057.0
8613,2026-06-15,1040.0
8613,2026-06-22,1056.0
8613,2026-06-29,1080.0
8613,2026-07-06,1119.0
8613,2026-07-13,1141.0
8613,2026-07-20,1136.0
8613,2026-07-27,1216.0
8613,2026-08-03,1219.0
8613,2026-08-10,1219.0
8613,2026-08-17,1252.0
8616,2025-08-25,543.23
8616,2025-09-01,549.73
8616,2025-09-08,548.8
8616,2025-09-15,551.59
8616,2025-09-22,570.16
8616,2025-09-29,549.94
8616,2025-10-06,557.64
8616,2025-10-13,557.64
8616,2025-10-20,556.68
8616,2025-10-27,550.9
8616,2025-11-03,568.23
8616,2025-11-10,589.42
8616,2025-11-17,597.13
8616,2025-11-24,623.13
8616,2025-12-01,619.28
8616,2025-12-08,647.21
8616,2025-12-15,641.43
8616,2025-12-22,659.73
8616,2025-12-29,661.66
8616,2026-01-05,689.59
8616,2026-01-12,724.26
8616,2026-01-19,715.59
8616,2026-01-26,712.7
8616,2026-02-02,726.18
8616,2026-02-09,738.7
8616,2026-02-16,744.48
8616,2026-02-23,799.38
8616,2026-03-02,732.93
8616,2026-03-09,714.63
8616,2026-03-16,720.41
8616,2026-03-23,731.0
8616,2026-03-30,737.0
8616,2026-04-06,750.0
8616,2026-04-13,755.0
8616,2026-04-20,716.0
8616,2026-04-27,688.0
8616,2026-05-04,692.0
8616,2026-05-11,710.0
8616,2026-05-18,704.0
8616,2026-05-25,694.0
8616,2026-06-01,709.0
8616,2026-06-08,728.0
8616,2026-06-15,740.0
8616,2026-06-22,764.0
8616,2026-06-29,766.0
8616,2026-07-06,776.0
8616,2026-07-13,778.0
8616,2026-07-20,812.0
8616,2026-07-27,802.0
8616,2026-08-03,822.0
8616,2026-08-10,837.0
8616,2026-08-17,853.0
8622,2025-08-25,516.86
8622,2025-09-01,520.61
8622,2025-09-08,515.93
8622,2025-09-15,535.59
8622,2025-09-22,539.33
8622,2025-09-29,507.61
8622,2025-10-06,509.53
8622,2025-10-13,510.49
8622,2025-10-20,504.72
8622,2025-10-27,493.19
8622,2025-11-03,494.15
8622,2025-11-10,508.57
8622,2025-11-17,507.61
8622,2025-11-24,515.3
8622,2025-12-01,510.49
8622,2025-12-08,524.91
8622,2025-12-15,521.07
8622,2025-12-22,541.26
8622,2025-12-29,532.6
8622,2026-01-05,547.99
8622,2026-01-12,576.83
8622,2026-01-19,577.79
8622,2026-01-26,577.79
8622,2026-02-02,593.17
8622,2026-02-09,606.63
8622,2026-02-16,605.67
8622,2026-02-23,657.58
8622,2026-03-02,691.23
8622,2026-03-09,703.73
8622,2026-03-16,704.69
8622,2026-03-23,697.0
8622,2026-03-30,707.0
8622,2026-04-06,709.0
8622,2026-04-13,715.0
8622,2026-04-20,667.0
8622,2026-04-27,652.0
8622,2026-05-04,653.0
8622,2026-05-11,652.0
8622,2026-05-18,652.0
8622,2026-05-25,632.0
8622,2026-06-01,639.0
8622,2026-06-08,658.0
8622,2026-06-15,658.0
8622,2026-06-22,657.0
8622,2026-06-29,672.0
8622,2026-07-06,697.0
8622,2026-07-13,713.0
8622,2026-07-20,780.0
8622,2026-07-27,815.0
8622,2026-08-03,849.0
8622,2026-08-10,862.0
8622,2026-08-17,919.0
8624,2025-08-25,751.6
8624,2025-09-01,755.32
8624,2025-09-08,763.67
8624,2025-09-15,808.21
8624,2025-09-22,811.92
8624,2025-09-29,800.39
8624,2025-10-06,812.88
8624,2025-10-13,807.11
8624,2025-10-20,817.68
8624,2025-10-27,816.72
8624,2025-11-03,825.37
8624,2025-11-10,878.22
8624,2025-11-17,901.28
8624,2025-11-24,946.44
8624,2025-12-01,960.85
8624,2025-12-08,1000.24
8624,2025-12-15,982.95
8624,2025-12-22,1025.23
8624,2025-12-29,1041.56
8624,2026-01-05,1058.86
8624,2026-01-12,1113.62
8624,2026-01-19,1188.57
8624,2026-01-26,1156.86
8624,2026-02-02,1268.32
8624,2026-02-09,1309.64
8624,2026-02-16,1265.44
8624,2026-02-23,1455.69
8624,2026-03-02,1386.51
8624,2026-03-09,1274.09
8624,2026-03-16,1357.68
8624,2026-03-23,1448.0
8624,2026-03-30,1492.0
8624,2026-04-06,1541.0
8624,2026-04-13,1523.0
8624,2026-04-20,1401.0
8624,2026-04-27,1291.0
8624,2026-05-04,1270.0
8624,2026-05-11,1284.0
8624,2026-05-18,1241.0
8624,2026-05-25,1295.0
8624,2026-06-01,1289.0
8624,2026-06-08,1344.0
8624,2026-06-15,1362.0
8624,2026-06-22,1368.0
8624,2026-06-29,1429.0
8624,2026-07-06,1479.0
8624,2026-07-13,1501.0
8624,2026-07-20,1550.0
8624,2026-07-27,1558.0
8624,2026-08-03,1561.0
8624,2026-08-10,1653.0
8624,2026-08-17,1718.0
8707,2025-08-25,2481.32
8707,2025-09-01,2531.83
8707,2025-09-08,2558.95
8707,2025-09-15,2534.64
8707,2025-09-22,2583.27
8707,2025-09-29,2554.59
8707,2025-10-06,2598.57
8707,2025-10-13,2642.55
8707,2025-10-20,2661.67
8707,2025-10-27,2699.91
8707,2025-11-03,2644.46
8707,2025-11-10,2808.9
8707,2025-11-17,2872.96
8707,2025-11-24,3002.02
8707,2025-12-01,2935.1
8707,2025-12-08,3021.15
8707,2025-12-15,3002.02
8707,2025-12-22,3116.75
8707,2025-12-29,3126.31
8707,2026-01-05,3331.86
8707,2026-01-12,3499.17
8707,2026-01-19,3451.37
8707,2026-01-26,3322.3
8707,2026-02-02,3460.93
8707,2026-02-09,3680.83
8707,2026-02-16,3771.65
8707,2026-02-23,3771.65
8707,2026-03-02,3503.95
8707,2026-03-09,3374.89
8707,2026-03-16,3432.25
8707,2026-03-23,3590.0
8707,2026-03-30,3595.0
8707,2026-04-06,3655.0
8707,2026-04-13,3810.0
8707,2026-04-20,3740.0
8707,2026-04-27,3650.0
8707,2026-05-04,3705.0
8707,2026-05-11,3640.0
8707,2026-05-18,3705.0
8707,2026-05-25,3870.0
8707,2026-06-01,3830.0
8707,2026-06-08,3940.0
8707,2026-06-15,4000.0
8707,2026-06-22,3960.0
8707,2026-06-29,4015.0
8707,2026-07-06,4185.0
8707,2026-07-13,4205.0
8707,2026-07-20,4275.0
8707,2026-07-27,4195.0
8707,2026-08-03,4305.0
8707,2026-08-10,4430.0
8707,2026-08-17,4550.0
8789,2025-08-25,110.15
8789,2025-09-01,120.87
8789,2025-09-08,117.95
8789,2025-09-15,117.95
8789,2025-09-22,116.0
8789,2025-09-29,114.0
8789,2025-10-06,111.0
8789,2025-10-13,107.0
8789,2025-10-20,106.0
8789,2025-10-27,102.0
8789,2025-11-03,108.0
8789,2025-11-10,128.0
8789,2025-11-17,139.0
8789,2025-11-24,150.0
8789,2025-12-01,156.0
8789,2025-12-08,141.0
8789,2025-12-15,141.0
8789,2025-12-22,139.0
8789,2025-12-29,138.0
8789,2026-01-05,143.0
8789,2026-01-12,144.0
8789,2026-01-19,146.0
8789,2026-01-26,146.0
8789,2026-02-02,155.0
8789,2026-02-09,149.0
8789,2026-02-16,148.0
8789,2026-02-23,155.0
8789,2026-03-02,143.0
8789,2026-03-09,134.0
8789,2026-03-16,128.0
8789,2026-03-23,125.0
8789,2026-03-30,120.0
8789,2026-04-06,126.0
8789,2026-04-13,129.0
8789,2026-04-20,126.0
8789,2026-04-27,127.0
8789,2026-05-04,129.0
8789,2026-05-11,135.0
8789,2026-05-18,136.0
8789,2026-05-25,129.0
8789,2026-06-01,123.0
8789,2026-06-08,121.0
8789,2026-06-15,122.0
8789,2026-06-22,120.0
8789,2026-06-29,128.0
8789,2026-07-06,130.0
8789,2026-07-13,129.0
8789,2026-07-20,131.0
8789,2026-07-27,132.0
8789,2026-08-03,134.0
8789,2026-08-10,154.0
8789,2026-08-17,173.0
9251,2025-08-25,944.18
9251,2025-09-01,948.0
9251,2025-09-08,953.73
9251,2025-09-15,1179.99
9251,2025-09-22,1305.05
9251,2025-09-29,1273.55
9251,2025-10-06,1247.77
9251,2025-10-13,1240.13
9251,2025-10-20,1256.36
9251,2025-10-27,1097.0
9251,2025-11-03,1067.0
9251,2025-11-10,1092.0
9251,2025-11-17,1087.0
9251,2025-11-24,1112.0
9251,2025-12-01,1100.0
9251,2025-12-08,1102.0
9251,2025-12-15,1155.0
9251,2025-12-22,1183.0
9251,2025-12-29,1204.0
9251,2026-01-05,1233.0
9251,2026-01-12,1209.0
9251,2026-01-19,1207.0
9251,2026-01-26,1208.0
9251,2026-02-02,1206.0
9251,2026-02-09,1223.0
9251,2026-02-16,1250.0
9251,2026-02-23,1275.0
9251,2026-03-02,1278.0
9251,2026-03-09,1255.0
9251,2026-03-16,1274.0
9251,2026-03-23,1258.0
9251,2026-03-30,1240.0
9251,2026-04-06,1219.0
9251,2026-04-13,1216.0
9251,2026-04-20,1201.0
9251,2026-04-27,1202.0
9251,2026-05-04,1208.0
9251,2026-05-11,1196.0
9251,2026-05-18,1202.0
9251,2026-05-25,1205.0
9251,2026-06-01,1211.0
9251,2026-06-08,1204.0
9251,2026-06-15,1254.0
9251,2026-06-22,1276.0
9251,2026-06-29,1326.0
9251,2026-07-06,1324.0
9251,2026-07-13,1340.0
9251,2026-07-20,1332.0
9251,2026-07-27,1367.0
9251,2026-08-03,1383.0
9251,2026-08-10,1402.0
9251,2026-08-17,1466.0
9633,2025-08-25,1362.74
9633,2025-09-01,1382.5
9633,2025-09-08,1383.49
9633,2025-09-15,1383.49
9633,2025-09-22,1412.15
9633,2025-09-29,1383.49
9633,2025-10-06,1387.44
9633,2025-10-13,1382.5
9633,2025-10-20,1392.38
9633,2025-10-27,1430.92
9633,2025-11-03,1403.25
9633,2025-11-10,1404.24
9633,2025-11-17,1433.89
9633,2025-11-24,1408.2
9633,2025-12-01,1414.12
9633,2025-12-08,1417.09
9633,2025-12-15,1418.08
9633,2025-12-22,1469.46
9633,2025-12-29,1507.02
9633,2026-01-05,1474.41
9633,2026-01-12,1468.48
9633,2026-01-19,1475.39
9633,2026-01-26,1481.32
9633,2026-02-02,1481.32
9633,2026-02-09,1485.28
9633,2026-02-16,1508.99
9633,2026-02-23,1569.27
9633,2026-03-02,1606.83
9633,2026-03-09,1679.95
9633,2026-03-16,1677.98
9633,2026-03-23,1676.0
9633,2026-03-30,1647.0
9633,2026-04-06,1601.0
9633,2026-04-13,1578.0
9633,2026-04-20,1550.0
9633,2026-04-27,1570.0
9633,2026-05-04,1579.0
9633,2026-05-11,1633.0
9633,2026-05-18,1616.0
9633,2026-05-25,1672.0
9633,2026-06-01,1643.0
9633,2026-06-08,1659.0
9633,2026-06-15,1608.0
9633,2026-06-22,1617.0
9633,2026-06-29,1625.0
9633,2026-07-06,1631.0
9633,2026-07-13,1635.0
9633,2026-07-20,1638.0
9633,2026-07-27,1633.0
9633,2026-08-03,1646.0
9633,2026-08-10,1722.0
9633,2026-08-17,1790.0
9698,2025-08-25,1129.91
9698,2025-09-01,1130.86
9698,2025-09-08,1117.48
9698,2025-09-15,1122.26
9698,2025-09-22,1137.56
9698,2025-09-29,1113.66
9698,2025-10-06,1118.44
9698,2025-10-13,1119.39
9698,2025-10-20,1118.44
9698,2025-10-27,1126.08
9698,2025-11-03,1128.0
9698,2025-11-10,1128.0
9698,2025-11-17,1126.08
9698,2025-11-24,1132.78
9698,2025-12-01,1139.47
9698,2025-12-08,1149.03
9698,2025-12-15,1155.72
9698,2025-12-22,1170.06
9698,2025-12-29,1197.78
9698,2026-01-05,1204.47
9698,2026-01-12,1215.94
9698,2026-01-19,1225.5
9698,2026-01-26,1183.44
9698,2026-02-02,1182.48
9698,2026-02-09,1160.5
9698,2026-02-16,1154.76
9698,2026-02-23,1154.76
9698,2026-03-02,1143.29
9698,2026-03-09,1162.41
9698,2026-03-16,1162.41
9698,2026-03-23,1193.0
9698,2026-03-30,1201.0
9698,2026-04-06,1191.0
9698,2026-04-13,1190.0
9698,2026-04-20,1185.0
9698,2026-04-27,1186.0
9698,2026-05-04,1206.0
9698,2026-05-11,1204.0
9698,2026-05-18,1197.0
9698,2026-05-25,1194.0
9698,2026-06-01,1193.0
9698,2026-06-08,1195.0
9698,2026-06-15,1197.0
9698,2026-06-22,1206.0
9698,2026-06-29,1202.0
9698,2026-07-06,1221.0
9698,2026-07-13,1255.0
9698,2026-07-20,1275.0
9698,2026-07-27,1265.0
9698,2026-08-03,1274.0
9698,2026-08-10,1297.0
9698,2026-08-17,1340.0
9930,2025-08-25,352.77
9930,2025-09-01,352.77
9930,2025-09-08,350.83
9930,2025-09-15,351.8
9930,2025-09-22,360.55
9930,2025-09-29,354.72
9930,2025-10-06,350.83
9930,2025-10-13,355.69
9930,2025-10-20,351.8
9930,2025-10-27,358.61
9930,2025-11-03,357.63
9930,2025-11-10,355.69
9930,2025-11-17,350.83
9930,2025-11-24,353.75
9930,2025-12-01,342.08
9930,2025-12-08,340.14
9930,2025-12-15,340.14
9930,2025-12-22,338.2
9930,2025-12-29,339.17
9930,2026-01-05,348.89
9930,2026-01-12,349.86
9930,2026-01-19,343.06
9930,2026-01-26,346.94
9930,2026-02-02,343.06
9930,2026-02-09,345.0
9930,2026-02-16,346.94
9930,2026-02-23,347.92
9930,2026-03-02,344.03
9930,2026-03-09,342.08
9930,2026-03-16,341.11
9930,2026-03-23,345.0
9930,2026-03-30,352.0
9930,2026-04-06,348.0
9930,2026-04-13,350.0
9930,2026-04-20,347.0
9930,2026-04-27,362.0
9930,2026-05-04,378.0
9930,2026-05-11,357.0
9930,2026-05-18,352.0
9930,2026-05-25,346.0
9930,2026-06-01,344.0
9930,2026-06-08,360.0
9930,2026-06-15,367.0
9930,2026-06-22,352.0
9930,2026-06-29,356.0
9930,2026-07-06,362.0
9930,2026-07-13,366.0
9930,2026-07-20,373.0
9930,2026-07-27,378.0
9930,2026-08-03,383.0
9930,2026-08-10,381.0
9930,2026-08-17,418.0
