code,date,close
1939,2025-09-01,1331.6
1939,2025-09-08,1321.1
1939,2025-09-15,1305.83
1939,2025-09-22,1323.01
1939,2025-09-29,1290.76
1939,2025-10-06,1285.88
1939,2025-10-13,1317.15
1939,2025-10-20,1346.46
1939,2025-10-27,1375.77
1939,2025-11-03,1354.28
1939,2025-11-10,1408.02
1939,2025-11-17,1421.7
1939,2025-11-24,1474.46
1939,2025-12-01,1419.74
1939,2025-12-08,1444.17
1939,2025-12-15,1475.44
1939,2025-12-22,1496.93
1939,2025-12-29,1522.34
1939,2026-01-05,1561.42
1939,2026-01-12,1667.93
1939,2026-01-19,1690.4
1939,2026-01-26,1635.68
1939,2026-02-02,1913.18
1939,2026-02-09,1956.18
1939,2026-02-16,1964.97
1939,2026-02-23,2063.66
1939,2026-03-02,1900.48
1939,2026-03-09,1914.16
1939,2026-03-16,1922.95
1939,2026-03-23,1921.0
1939,2026-03-30,1923.0
1939,2026-04-06,1982.0
1939,2026-04-13,1913.0
1939,2026-04-20,1970.0
1939,2026-04-27,2020.0
1939,2026-05-04,2045.0
1939,2026-05-11,2014.0
1939,2026-05-18,1909.0
1939,2026-05-25,1955.0
1939,2026-06-01,1852.0
1939,2026-06-08,1881.0
1939,2026-06-15,1984.0
1939,2026-06-22,2063.0
1939,2026-06-29,2006.0
1939,2026-07-06,2000.0
1939,2026-07-13,1932.0
1939,2026-07-20,1990.0
1939,2026-07-27,2007.0
1939,2026-08-03,2081.0
1939,2026-08-10,2125.0
1939,2026-08-17,2120.0
1939,2026-08-24,2140.0
196A,2025-09-01,324.0
196A,2025-09-08,314.0
196A,2025-09-15,314.0
196A,2025-09-22,329.0
196A,2025-09-29,313.0
196A,2025-10-06,299.0
196A,2025-10-13,291.0
196A,2025-10-20,297.0
196A,2025-10-27,274.0
196A,2025-11-03,265.0
196A,2025-11-10,271.0
196A,2025-11-17,288.0
196A,2025-11-24,292.0
196A,2025-12-01,280.0
196A,2025-12-08,289.0
196A,2025-12-15,307.0
196A,2025-12-22,305.0
196A,2025-12-29,308.0
196A,2026-01-05,299.0
196A,2026-01-12,292.0
196A,2026-01-19,287.0
196A,2026-01-26,278.0
196A,2026-02-02,279.0
196A,2026-02-09,288.0
196A,2026-02-16,276.0
196A,2026-02-23,287.0
196A,2026-03-02,245.0
196A,2026-03-09,249.0
196A,2026-03-16,241.0
196A,2026-03-23,241.0
196A,2026-03-30,246.0
196A,2026-04-06,263.0
196A,2026-04-13,308.0
196A,2026-04-20,275.0
196A,2026-04-27,267.0
196A,2026-05-04,267.0
196A,2026-05-11,248.0
196A,2026-05-18,248.0
196A,2026-05-25,259.0
196A,2026-06-01,294.0
196A,2026-06-08,286.0
196A,2026-06-15,253.0
196A,2026-06-22,264.0
196A,2026-06-29,279.0
196A,2026-07-06,269.0
196A,2026-07-13,282.0
196A,2026-07-20,278.0
196A,2026-07-27,281.0
196A,2026-08-03,290.0
196A,2026-08-10,306.0
196A,2026-08-17,333.0
196A,2026-08-24,368.0
2004,2025-09-01,2923.66
2004,2025-09-08,2986.38
2004,2025-09-15,3000.85
2004,2025-09-22,3053.92
2004,2025-09-29,2946.08
2004,2025-10-06,2941.18
2004,2025-10-13,2975.49
2004,2025-10-20,3019.61
2004,2025-10-27,2885.29
2004,2025-11-03,2937.25
2004,2025-11-10,2946.08
2004,2025-11-17,2990.2
2004,2025-11-24,3044.12
2004,2025-12-01,2799.02
2004,2025-12-08,2811.76
2004,2025-12-15,2815.69
2004,2025-12-22,2941.18
2004,2025-12-29,2955.88
2004,2026-01-05,3024.51
2004,2026-01-12,3068.63
2004,2026-01-19,3171.57
2004,2026-01-26,3088.24
2004,2026-02-02,3210.78
2004,2026-02-09,3299.02
2004,2026-02-16,3318.63
2004,2026-02-23,3357.84
2004,2026-03-02,3269.61
2004,2026-03-09,3191.18
2004,2026-03-16,3196.08
2004,2026-03-23,3250.0
2004,2026-03-30,3255.0
2004,2026-04-06,3180.0
2004,2026-04-13,3210.0
2004,2026-04-20,3070.0
2004,2026-04-27,3010.0
2004,2026-05-04,3010.0
2004,2026-05-11,3160.0
2004,2026-05-18,3160.0
2004,2026-05-25,3180.0
2004,2026-06-01,3175.0
2004,2026-06-08,3315.0
2004,2026-06-15,3285.0
2004,2026-06-22,3400.0
2004,2026-06-29,3375.0
2004,2026-07-06,3485.0
2004,2026-07-13,3540.0
2004,2026-07-20,3475.0
2004,2026-07-27,3550.0
2004,2026-08-03,3540.0
2004,2026-08-10,3605.0
2004,2026-08-17,3745.0
2004,2026-08-24,3775.0
2053,2025-09-01,1691.21
2053,2025-09-08,1672.89
2053,2025-09-15,1694.1
2053,2025-09-22,1743.27
2053,2025-09-29,1677.58
2053,2025-10-06,1609.93
2053,2025-10-13,1636.4
2053,2025-10-20,1691.31
2053,2025-10-27,1570.71
2053,2025-11-03,1618.75
2053,2025-11-10,1676.6
2053,2025-11-17,1734.45
2053,2025-11-24,1769.75
2053,2025-12-01,1739.35
2053,2025-12-08,1679.54
2053,2025-12-15,1716.8
2053,2025-12-22,1701.11
2053,2025-12-29,1696.21
2053,2026-01-05,1721.7
2053,2026-01-12,1746.21
2053,2026-01-19,1733.47
2053,2026-01-26,1768.77
2053,2026-02-02,1855.05
2053,2026-02-09,1877.6
2053,2026-02-16,1895.25
2053,2026-02-23,1948.19
2053,2026-03-02,1822.69
2053,2026-03-09,1752.1
2053,2026-03-16,1731.51
2053,2026-03-23,1757.0
2053,2026-03-30,1775.0
2053,2026-04-06,1714.0
2053,2026-04-13,1727.0
2053,2026-04-20,1709.0
2053,2026-04-27,1682.0
2053,2026-05-04,1693.0
2053,2026-05-11,1804.0
2053,2026-05-18,1742.0
2053,2026-05-25,1703.0
2053,2026-06-01,1718.0
2053,2026-06-08,1842.0
2053,2026-06-15,1837.0
2053,2026-06-22,1824.0
2053,2026-06-29,1891.0
2053,2026-07-06,1907.0
2053,2026-07-13,1930.0
2053,2026-07-20,1954.0
2053,2026-07-27,1891.0
2053,2026-08-03,1898.0
2053,2026-08-10,1997.0
2053,2026-08-17,2031.0
2053,2026-08-24,2032.0
2109,2025-09-01,3203.95
2109,2025-09-08,3184.71
2109,2025-09-15,3189.52
2109,2025-09-22,3218.38
2109,2025-09-29,3090.82
2109,2025-10-06,3071.2
2109,2025-10-13,3110.45
2109,2025-10-20,3144.79
2109,2025-10-27,2977.98
2109,2025-11-03,3061.39
2109,2025-11-10,3159.51
2109,2025-11-17,3238.01
2109,2025-11-24,3257.63
2109,2025-12-01,3144.79
2109,2025-12-08,3134.98
2109,2025-12-15,3193.85
2109,2025-12-22,3247.82
2109,2025-12-29,3267.44
2109,2026-01-05,3311.6
2109,2026-01-12,3341.03
2109,2026-01-19,3414.62
2109,2026-01-26,3291.97
2109,2026-02-02,3350.85
2109,2026-02-09,3448.97
2109,2026-02-16,3395.0
2109,2026-02-23,3483.31
2109,2026-03-02,3360.66
2109,2026-03-09,3316.5
2109,2026-03-16,3301.78
2109,2026-03-23,3395.0
2109,2026-03-30,3470.0
2109,2026-04-06,3515.0
2109,2026-04-13,3450.0
2109,2026-04-20,3335.0
2109,2026-04-27,3300.0
2109,2026-05-04,3255.0
2109,2026-05-11,3290.0
2109,2026-05-18,3285.0
2109,2026-05-25,3250.0
2109,2026-06-01,3210.0
2109,2026-06-08,3230.0
2109,2026-06-15,3220.0
2109,2026-06-22,3225.0
2109,2026-06-29,3295.0
2109,2026-07-06,3315.0
2109,2026-07-13,3355.0
2109,2026-07-20,3370.0
2109,2026-07-27,3430.0
2109,2026-08-03,3465.0
2109,2026-08-10,3515.0
2109,2026-08-17,3660.0
2109,2026-08-24,3700.0
2181,2025-09-01,269.07
2181,2025-09-08,275.94
2181,2025-09-15,266.01
2181,2025-09-22,263.15
2181,2025-09-29,256.62
2181,2025-10-06,258.96
2181,2025-10-13,251.55
2181,2025-10-20,254.87
2181,2025-10-27,249.31
2181,2025-11-03,251.16
2181,2025-11-10,270.65
2181,2025-11-17,280.49
2181,2025-11-24,273.67
2181,2025-12-01,268.7
2181,2025-12-08,273.47
2181,2025-12-15,283.41
2181,2025-12-22,284.68
2181,2025-12-29,283.12
2181,2026-01-05,285.17
2181,2026-01-12,275.91
2181,2026-01-19,274.16
2181,2026-01-26,263.44
2181,2026-02-02,262.08
2181,2026-02-09,252.82
2181,2026-02-16,234.31
2181,2026-02-23,243.37
2181,2026-03-02,237.52
2181,2026-03-09,228.56
2181,2026-03-16,221.25
2181,2026-03-23,227.1
2181,2026-03-30,238.1
2181,2026-04-06,238.9
2181,2026-04-13,241.0
2181,2026-04-20,236.7
2181,2026-04-27,232.7
2181,2026-05-04,236.5
2181,2026-05-11,236.3
2181,2026-05-18,241.2
2181,2026-05-25,242.4
2181,2026-06-01,239.2
2181,2026-06-08,244.2
2181,2026-06-15,238.0
2181,2026-06-22,243.1
2181,2026-06-29,254.2
2181,2026-07-06,255.3
2181,2026-07-13,266.1
2181,2026-07-20,259.9
2181,2026-07-27,263.8
2181,2026-08-03,263.3
2181,2026-08-10,287.9
2181,2026-08-17,291.5
2181,2026-08-24,298.1
2212,2025-09-01,3313.53
2212,2025-09-08,3286.02
2212,2025-09-15,3285.04
2212,2025-09-22,3314.51
2212,2025-09-29,3092.5
2212,2025-10-06,3085.62
2212,2025-10-13,3091.51
2212,2025-10-20,3110.18
2212,2025-10-27,2966.75
2212,2025-11-03,3146.53
2212,2025-11-10,3128.84
2212,2025-11-17,3199.57
2212,2025-11-24,3218.24
2212,2025-12-01,3109.2
2212,2025-12-08,3185.82
2212,2025-12-15,3377.38
2212,2025-12-22,3343.0
2212,2025-12-29,3293.0
2212,2026-01-05,3309.0
2212,2026-01-12,3338.0
2212,2026-01-19,3443.0
2212,2026-01-26,3264.0
2212,2026-02-02,3519.0
2212,2026-02-09,3530.0
2212,2026-02-16,3384.0
2212,2026-02-23,3509.0
2212,2026-03-02,3364.0
2212,2026-03-09,3171.0
2212,2026-03-16,3210.0
2212,2026-03-23,3483.0
2212,2026-03-30,3629.0
2212,2026-04-06,3267.0
2212,2026-04-13,3255.0
2212,2026-04-20,3172.0
2212,2026-04-27,3244.0
2212,2026-05-04,3215.0
2212,2026-05-11,3111.0
2212,2026-05-18,3160.0
2212,2026-05-25,3132.0
2212,2026-06-01,3058.0
2212,2026-06-08,3130.0
2212,2026-06-15,3088.0
2212,2026-06-22,3206.0
2212,2026-06-29,3224.0
2212,2026-07-06,3176.0
2212,2026-07-13,3372.0
2212,2026-07-20,3359.0
2212,2026-07-27,3359.0
2212,2026-08-03,3544.0
2212,2026-08-10,3544.0
2212,2026-08-17,3612.0
2212,2026-08-24,3676.0
2269,2025-09-01,3091.2
2269,2025-09-08,3051.42
2269,2025-09-15,3036.87
2269,2025-09-22,3057.24
2269,2025-09-29,2974.86
2269,2025-10-06,2909.24
2269,2025-10-13,2968.94
2269,2025-10-20,2958.58
2269,2025-10-27,2923.55
2269,2025-11-03,3044.91
2269,2025-11-10,3141.61
2269,2025-11-17,3137.66
2269,2025-11-24,3324.14
2269,2025-12-01,3189.95
2269,2025-12-08,3240.27
2269,2025-12-15,3375.45
2269,2025-12-22,3470.17
2269,2025-12-29,3438.6
2269,2026-01-05,3494.84
2269,2026-01-12,3499.77
2269,2026-01-19,3631.99
2269,2026-01-26,3574.76
2269,2026-02-02,3750.39
2269,2026-02-09,3809.59
2269,2026-02-16,3806.63
2269,2026-02-23,3973.38
2269,2026-03-02,3808.61
2269,2026-03-09,3878.66
2269,2026-03-16,3876.69
2269,2026-03-23,3890.5
2269,2026-03-30,3977.0
2269,2026-04-06,3903.0
2269,2026-04-13,3814.0
2269,2026-04-20,3731.0
2269,2026-04-27,3714.0
2269,2026-05-04,3670.0
2269,2026-05-11,3701.0
2269,2026-05-18,3713.0
2269,2026-05-25,3768.0
2269,2026-06-01,3674.0
2269,2026-06-08,3727.0
2269,2026-06-15,3581.0
2269,2026-06-22,3786.0
2269,2026-06-29,3818.0
2269,2026-07-06,3771.0
2269,2026-07-13,3812.0
2269,2026-07-20,3743.0
2269,2026-07-27,3789.0
2269,2026-08-03,4110.0
2269,2026-08-10,4248.0
2269,2026-08-17,4351.0
2269,2026-08-24,4411.0
2489,2025-09-01,297.91
2489,2025-09-08,300.84
2489,2025-09-15,314.51
2489,2025-09-22,318.42
2489,2025-09-29,286.18
2489,2025-10-06,287.16
2489,2025-10-13,278.37
2489,2025-10-20,293.02
2489,2025-10-27,285.21
2489,2025-11-03,288.14
2489,2025-11-10,292.04
2489,2025-11-17,268.6
2489,2025-11-24,269.58
2489,2025-12-01,251.02
2489,2025-12-08,249.07
2489,2025-12-15,269.58
2489,2025-12-22,269.58
2489,2025-12-29,264.0
2489,2026-01-05,270.0
2489,2026-01-12,264.0
2489,2026-01-19,275.0
2489,2026-01-26,263.0
2489,2026-02-02,257.0
2489,2026-02-09,288.0
2489,2026-02-16,282.0
2489,2026-02-23,290.0
2489,2026-03-02,278.0
2489,2026-03-09,268.0
2489,2026-03-16,269.0
2489,2026-03-23,279.0
2489,2026-03-30,271.0
2489,2026-04-06,280.0
2489,2026-04-13,282.0
2489,2026-04-20,278.0
2489,2026-04-27,286.0
2489,2026-05-04,294.0
2489,2026-05-11,286.0
2489,2026-05-18,272.0
2489,2026-05-25,265.0
2489,2026-06-01,272.0
2489,2026-06-08,264.0
2489,2026-06-15,286.0
2489,2026-06-22,284.0
2489,2026-06-29,297.0
2489,2026-07-06,303.0
2489,2026-07-13,309.0
2489,2026-07-20,304.0
2489,2026-07-27,317.0
2489,2026-08-03,311.0
2489,2026-08-10,376.0
2489,2026-08-17,380.0
2489,2026-08-24,394.0
2597,2025-09-01,970.72
2597,2025-09-08,963.78
2597,2025-09-15,970.72
2597,2025-09-22,984.6
2597,2025-09-29,996.5
2597,2025-10-06,993.52
2597,2025-10-13,1002.45
2597,2025-10-20,1002.45
2597,2025-10-27,1006.41
2597,2025-11-03,1006.41
2597,2025-11-10,1028.23
2597,2025-11-17,1059.96
2597,2025-11-24,1100.61
2597,2025-12-01,1121.43
2597,2025-12-08,1099.62
2597,2025-12-15,1130.36
2597,2025-12-22,1172.0
2597,2025-12-29,1055.0
2597,2026-01-05,1025.0
2597,2026-01-12,1033.0
2597,2026-01-19,1023.0
2597,2026-01-26,1037.0
2597,2026-02-02,1027.0
2597,2026-02-09,1047.0
2597,2026-02-16,1050.0
2597,2026-02-23,1070.0
2597,2026-03-02,1051.0
2597,2026-03-09,1048.0
2597,2026-03-16,1073.0
2597,2026-03-23,1076.0
2597,2026-03-30,1086.0
2597,2026-04-06,1094.0
2597,2026-04-13,1093.0
2597,2026-04-20,1072.0
2597,2026-04-27,1066.0
2597,2026-05-04,1060.0
2597,2026-05-11,1065.0
2597,2026-05-18,1073.0
2597,2026-05-25,1079.0
2597,2026-06-01,1078.0
2597,2026-06-08,1085.0
2597,2026-06-15,1078.0
2597,2026-06-22,1106.0
2597,2026-06-29,1120.0
2597,2026-07-06,1159.0
2597,2026-07-13,1127.0
2597,2026-07-20,1138.0
2597,2026-07-27,1155.0
2597,2026-08-03,1178.0
2597,2026-08-10,1164.0
2597,2026-08-17,1192.0
2597,2026-08-24,1212.0
2602,2025-09-01,1713.34
2602,2025-09-08,1706.89
2602,2025-09-15,1710.11
2602,2025-09-22,1719.79
2602,2025-09-29,1667.28
2602,2025-10-06,1670.56
2602,2025-10-13,1680.41
2602,2025-10-20,1706.67
2602,2025-10-27,1670.56
2602,2025-11-03,1654.15
2602,2025-11-10,1683.69
2602,2025-11-17,1716.51
2602,2025-11-24,1739.49
2602,2025-12-01,1654.15
2602,2025-12-08,1680.41
2602,2025-12-15,1719.79
2602,2025-12-22,1736.21
2602,2025-12-29,1723.08
2602,2026-01-05,1749.33
2602,2026-01-12,1785.44
2602,2026-01-19,1847.79
2602,2026-01-26,1847.79
2602,2026-02-02,1890.46
2602,2026-02-09,1926.56
2602,2026-02-16,1939.69
2602,2026-02-23,2002.05
2602,2026-03-02,1939.69
2602,2026-03-09,1877.33
2602,2026-03-16,1890.46
2602,2026-03-23,1920.0
2602,2026-03-30,1925.0
2602,2026-04-06,1925.0
2602,2026-04-13,1884.0
2602,2026-04-20,1800.0
2602,2026-04-27,1798.0
2602,2026-05-04,1797.0
2602,2026-05-11,1805.0
2602,2026-05-18,1738.0
2602,2026-05-25,1753.0
2602,2026-06-01,1743.0
2602,2026-06-08,1804.0
2602,2026-06-15,1794.0
2602,2026-06-22,1858.0
2602,2026-06-29,1858.0
2602,2026-07-06,1873.0
2602,2026-07-13,1943.0
2602,2026-07-20,1950.0
2602,2026-07-27,1906.0
2602,2026-08-03,1924.0
2602,2026-08-10,2016.0
2602,2026-08-17,2067.0
2602,2026-08-24,2051.0
2613,2025-09-01,2009.47
2613,2025-09-08,2002.71
2613,2025-09-15,2014.3
2613,2025-09-22,2052.0
2613,2025-09-29,1993.03
2613,2025-10-06,1969.45
2613,2025-10-13,1982.22
2613,2025-10-20,2014.66
2613,2025-10-27,1982.22
2613,2025-11-03,1957.66
2613,2025-11-10,1960.6
2613,2025-11-17,1981.24
2613,2025-11-24,2001.88
2613,2025-12-01,1934.07
2613,2025-12-08,1916.38
2613,2025-12-15,1945.86
2613,2025-12-22,1974.36
2613,2025-12-29,1968.47
2613,2026-01-05,2000.9
2613,2026-01-12,2007.78
2613,2026-01-19,2003.84
2613,2026-01-26,1992.05
2613,2026-02-02,2003.84
2613,2026-02-09,2021.53
2613,2026-02-16,2003.84
2613,2026-02-23,2059.86
2613,2026-03-02,2009.74
2613,2026-03-09,1957.66
2613,2026-03-16,1959.62
2613,2026-03-23,1995.0
2613,2026-03-30,2055.0
2613,2026-04-06,2057.0
2613,2026-04-13,2036.0
2613,2026-04-20,1960.0
2613,2026-04-27,1962.0
2613,2026-05-04,1946.0
2613,2026-05-11,1993.0
2613,2026-05-18,1994.0
2613,2026-05-25,1977.0
2613,2026-06-01,1975.0
2613,2026-06-08,2075.0
2613,2026-06-15,2023.0
2613,2026-06-22,2053.0
2613,2026-06-29,2066.0
2613,2026-07-06,2096.0
2613,2026-07-13,2103.0
2613,2026-07-20,2067.0
2613,2026-07-27,2086.0
2613,2026-08-03,2068.0
2613,2026-08-10,2141.0
2613,2026-08-17,2226.0
2613,2026-08-24,2230.0
2654,2025-09-01,395.9
2654,2025-09-08,396.88
2654,2025-09-15,397.85
2654,2025-09-22,405.65
2654,2025-09-29,354.95
2654,2025-10-06,356.9
2654,2025-10-13,357.87
2654,2025-10-20,356.9
2654,2025-10-27,351.04
2654,2025-11-03,365.67
2654,2025-11-10,374.45
2654,2025-11-17,374.45
2654,2025-11-24,384.2
2654,2025-12-01,379.32
2654,2025-12-08,380.3
2654,2025-12-15,383.22
2654,2025-12-22,379.32
2654,2025-12-29,379.32
2654,2026-01-05,384.2
2654,2026-01-12,383.22
2654,2026-01-19,390.05
2654,2026-01-26,389.07
2654,2026-02-02,389.07
2654,2026-02-09,396.88
2654,2026-02-16,392.0
2654,2026-02-23,399.8
2654,2026-03-02,396.88
2654,2026-03-09,392.0
2654,2026-03-16,399.8
2654,2026-03-23,392.0
2654,2026-03-30,400.0
2654,2026-04-06,401.0
2654,2026-04-13,404.0
2654,2026-04-20,400.0
2654,2026-04-27,396.0
2654,2026-05-04,400.0
2654,2026-05-11,395.0
2654,2026-05-18,396.0
2654,2026-05-25,398.0
2654,2026-06-01,390.0
2654,2026-06-08,390.0
2654,2026-06-15,394.0
2654,2026-06-22,390.0
2654,2026-06-29,399.0
2654,2026-07-06,401.0
2654,2026-07-13,398.0
2654,2026-07-20,400.0
2654,2026-07-27,406.0
2654,2026-08-03,410.0
2654,2026-08-10,416.0
2654,2026-08-17,426.0
2654,2026-08-24,424.0
2767,2025-09-01,2176.99
2767,2025-09-08,2133.19
2767,2025-09-15,2105.57
2767,2025-09-22,2164.61
2767,2025-09-29,2216.04
2767,2025-10-06,2236.04
2767,2025-10-13,2132.24
2767,2025-10-20,2120.81
2767,2025-10-27,2068.43
2767,2025-11-03,1890.35
2767,2025-11-10,1911.3
2767,2025-11-17,1818.92
2767,2025-11-24,1900.82
2767,2025-12-01,1779.88
2767,2025-12-08,1761.78
2767,2025-12-15,1760.83
2767,2025-12-22,1767.5
2767,2025-12-29,1766.55
2767,2026-01-05,1714.17
2767,2026-01-12,1695.12
2767,2026-01-19,1762.74
2767,2026-01-26,1745.6
2767,2026-02-02,1689.41
2767,2026-02-09,1549.42
2767,2026-02-16,1453.23
2767,2026-02-23,1478.95
2767,2026-03-02,1435.14
2767,2026-03-09,1426.57
2767,2026-03-16,1383.72
2767,2026-03-23,1398.0
2767,2026-03-30,1459.0
2767,2026-04-06,1453.0
2767,2026-04-13,1480.0
2767,2026-04-20,1431.0
2767,2026-04-27,1389.0
2767,2026-05-04,1425.0
2767,2026-05-11,1463.0
2767,2026-05-18,1406.0
2767,2026-05-25,1383.0
2767,2026-06-01,1378.0
2767,2026-06-08,1364.0
2767,2026-06-15,1338.0
2767,2026-06-22,1380.0
2767,2026-06-29,1378.0
2767,2026-07-06,1435.0
2767,2026-07-13,1467.0
2767,2026-07-20,1475.0
2767,2026-07-27,2410.0
2767,2026-08-03,2508.0
2767,2026-08-10,2473.0
2767,2026-08-17,2540.0
2767,2026-08-24,2524.0
2782,2025-09-01,3025.09
2782,2025-09-08,3113.2
2782,2025-09-15,3044.67
2782,2025-09-22,3078.94
2782,2025-09-29,3004.69
2782,2025-10-06,3069.04
2782,2025-10-13,3029.44
2782,2025-10-20,3004.69
2782,2025-10-27,2906.68
2782,2025-11-03,3093.79
2782,2025-11-10,3108.64
2782,2025-11-17,3192.79
2782,2025-11-24,3237.34
2782,2025-12-01,3108.64
2782,2025-12-08,3465.04
2782,2025-12-15,3583.85
2782,2025-12-22,3445.24
2782,2025-12-29,3445.24
2782,2026-01-05,3623.45
2782,2026-01-12,3757.1
2782,2026-01-19,3801.65
2782,2026-01-26,3653.15
2782,2026-02-02,4088.75
2782,2026-02-09,4202.6
2782,2026-02-16,4281.8
2782,2026-02-23,4296.65
2782,2026-03-02,3984.8
2782,2026-03-09,4207.55
2782,2026-03-16,4014.5
2782,2026-03-23,3965.0
2782,2026-03-30,3785.0
2782,2026-04-06,3370.0
2782,2026-04-13,3550.0
2782,2026-04-20,3440.0
2782,2026-04-27,3455.0
2782,2026-05-04,3360.0
2782,2026-05-11,3600.0
2782,2026-05-18,3685.0
2782,2026-05-25,3795.0
2782,2026-06-01,3725.0
2782,2026-06-08,3555.0
2782,2026-06-15,3680.0
2782,2026-06-22,3715.0
2782,2026-06-29,3580.0
2782,2026-07-06,3625.0
2782,2026-07-13,3730.0
2782,2026-07-20,3805.0
2782,2026-07-27,3850.0
2782,2026-08-03,4160.0
2782,2026-08-10,4090.0
2782,2026-08-17,4250.0
2782,2026-08-24,4435.0
2788,2025-09-01,364.0
2788,2025-09-08,357.21
2788,2025-09-15,341.68
2788,2025-09-22,341.68
2788,2025-09-29,337.79
2788,2025-10-06,332.94
2788,2025-10-13,331.97
2788,2025-10-20,338.77
2788,2025-10-27,331.0
2788,2025-11-03,339.74
2788,2025-11-10,331.97
2788,2025-11-17,331.0
2788,2025-11-24,332.94
2788,2025-12-01,332.94
2788,2025-12-08,331.0
2788,2025-12-15,329.06
2788,2025-12-22,331.0
2788,2025-12-29,337.0
2788,2026-01-05,341.0
2788,2026-01-12,347.0
2788,2026-01-19,360.0
2788,2026-01-26,350.0
2788,2026-02-02,343.0
2788,2026-02-09,350.0
2788,2026-02-16,356.0
2788,2026-02-23,361.0
2788,2026-03-02,356.0
2788,2026-03-09,350.0
2788,2026-03-16,347.0
2788,2026-03-23,343.0
2788,2026-03-30,345.0
2788,2026-04-06,348.0
2788,2026-04-13,352.0
2788,2026-04-20,342.0
2788,2026-04-27,339.0
2788,2026-05-04,335.0
2788,2026-05-11,347.0
2788,2026-05-18,377.0
2788,2026-05-25,378.0
2788,2026-06-01,378.0
2788,2026-06-08,369.0
2788,2026-06-15,366.0
2788,2026-06-22,361.0
2788,2026-06-29,379.0
2788,2026-07-06,385.0
2788,2026-07-13,381.0
2788,2026-07-20,382.0
2788,2026-07-27,390.0
2788,2026-08-03,405.0
2788,2026-08-10,400.0
2788,2026-08-17,413.0
2788,2026-08-24,437.0
3087,2025-09-01,2629.48
3087,2025-09-08,2615.62
3087,2025-09-15,2649.28
3087,2025-09-22,2695.82
3087,2025-09-29,2555.23
3087,2025-10-06,2591.86
3087,2025-10-13,2472.07
3087,2025-10-20,2433.46
3087,2025-10-27,2380.0
3087,2025-11-03,2408.71
3087,2025-11-10,2445.34
3087,2025-11-17,2482.96
3087,2025-11-24,2537.41
3087,2025-12-01,2492.86
3087,2025-12-08,2520.58
3087,2025-12-15,2548.3
3087,2025-12-22,2583.94
3087,2025-12-29,2572.06
3087,2026-01-05,2605.72
3087,2026-01-12,2700.77
3087,2026-01-19,2798.78
3087,2026-01-26,2791.85
3087,2026-02-02,2863.13
3087,2026-02-09,2926.49
3087,2026-02-16,2945.3
3087,2026-02-23,2996.0
3087,2026-03-02,2910.0
3087,2026-03-09,2887.0
3087,2026-03-16,2920.0
3087,2026-03-23,2994.0
3087,2026-03-30,3010.0
3087,2026-04-06,2998.0
3087,2026-04-13,2888.0
3087,2026-04-20,2762.0
3087,2026-04-27,2761.0
3087,2026-05-04,2759.0
3087,2026-05-11,2868.0
3087,2026-05-18,2830.0
3087,2026-05-25,2663.0
3087,2026-06-01,2575.0
3087,2026-06-08,2677.0
3087,2026-06-15,2647.0
3087,2026-06-22,2690.0
3087,2026-06-29,2740.0
3087,2026-07-06,2756.0
3087,2026-07-13,2958.0
3087,2026-07-20,3090.0
3087,2026-07-27,3195.0
3087,2026-08-03,3115.0
3087,2026-08-10,3205.0
3087,2026-08-17,3290.0
3087,2026-08-24,3375.0
3167,2025-09-01,1022.57
3167,2025-09-08,1028.38
3167,2025-09-15,1023.54
3167,2025-09-22,1046.78
3167,2025-09-29,984.8
3167,2025-10-06,982.83
3167,2025-10-13,987.75
3167,2025-10-20,1012.35
3167,2025-10-27,1004.48
3167,2025-11-03,1018.25
3167,2025-11-10,1025.14
3167,2025-11-17,1048.75
3167,2025-11-24,1063.51
3167,2025-12-01,1028.09
3167,2025-12-08,1036.94
3167,2025-12-15,1057.6
3167,2025-12-22,1062.52
3167,2025-12-29,1063.51
3167,2026-01-05,1061.54
3167,2026-01-12,1119.58
3167,2026-01-19,1148.11
3167,2026-01-26,1129.42
3167,2026-02-02,1160.9
3167,2026-02-09,1184.51
3167,2026-02-16,1185.5
3167,2026-02-23,1192.39
3167,2026-03-02,1154.02
3167,2026-03-09,1141.23
3167,2026-03-16,1138.28
3167,2026-03-23,1155.0
3167,2026-03-30,1172.0
3167,2026-04-06,1178.0
3167,2026-04-13,1187.0
3167,2026-04-20,1142.0
3167,2026-04-27,1133.0
3167,2026-05-04,1129.0
3167,2026-05-11,1130.0
3167,2026-05-18,1133.0
3167,2026-05-25,1105.0
3167,2026-06-01,1083.0
3167,2026-06-08,1124.0
3167,2026-06-15,1105.0
3167,2026-06-22,1143.0
3167,2026-06-29,1148.0
3167,2026-07-06,1149.0
3167,2026-07-13,1149.0
3167,2026-07-20,1140.0
3167,2026-07-27,1162.0
3167,2026-08-03,1219.0
3167,2026-08-10,1232.0
3167,2026-08-17,1263.0
3167,2026-08-24,1286.0
3276,2025-09-01,1239.79
3276,2025-09-08,1272.0
3276,2025-09-15,1264.19
3276,2025-09-22,1309.1
3276,2025-09-29,1230.02
3276,2025-10-06,1242.71
3276,2025-10-13,1246.62
3276,2025-10-20,1267.12
3276,2025-10-27,1223.19
3276,2025-11-03,1222.21
3276,2025-11-10,1236.86
3276,2025-11-17,1251.5
3276,2025-11-24,1265.17
3276,2025-12-01,1224.17
3276,2025-12-08,1227.09
3276,2025-12-15,1257.36
3276,2025-12-22,1272.0
3276,2025-12-29,1290.0
3276,2026-01-05,1292.0
3276,2026-01-12,1294.0
3276,2026-01-19,1291.0
3276,2026-01-26,1280.0
3276,2026-02-02,1289.0
3276,2026-02-09,1332.0
3276,2026-02-16,1352.0
3276,2026-02-23,1375.0
3276,2026-03-02,1341.0
3276,2026-03-09,1330.0
3276,2026-03-16,1321.0
3276,2026-03-23,1328.0
3276,2026-03-30,1322.0
3276,2026-04-06,1329.0
3276,2026-04-13,1316.0
3276,2026-04-20,1292.0
3276,2026-04-27,1298.0
3276,2026-05-04,1281.0
3276,2026-05-11,1353.0
3276,2026-05-18,1323.0
3276,2026-05-25,1329.0
3276,2026-06-01,1315.0
3276,2026-06-08,1303.0
3276,2026-06-15,1310.0
3276,2026-06-22,1310.0
3276,2026-06-29,1329.0
3276,2026-07-06,1587.0
3276,2026-07-13,1781.0
3276,2026-07-20,1794.0
3276,2026-07-27,1822.0
3276,2026-08-03,2244.0
3276,2026-08-10,2245.0
3276,2026-08-17,2244.0
3276,2026-08-24,2247.0
3454,2025-09-01,1093.93
3454,2025-09-08,1098.79
3454,2025-09-15,1102.68
3454,2025-09-22,1118.22
3454,2025-09-29,1114.34
3454,2025-10-06,1159.03
3454,2025-10-13,1155.14
3454,2025-10-20,1165.83
3454,2025-10-27,1157.08
3454,2025-11-03,1159.03
3454,2025-11-10,1202.74
3454,2025-11-17,1183.31
3454,2025-11-24,1169.0
3454,2025-12-01,1178.0
3454,2025-12-08,1182.0
3454,2025-12-15,1193.0
3454,2025-12-22,1216.0
3454,2025-12-29,1221.0
3454,2026-01-05,1220.0
3454,2026-01-12,1171.0
3454,2026-01-19,1176.0
3454,2026-01-26,1200.0
3454,2026-02-02,1220.0
3454,2026-02-09,1207.0
3454,2026-02-16,1218.0
3454,2026-02-23,1248.0
3454,2026-03-02,1190.0
3454,2026-03-09,1196.0
3454,2026-03-16,1170.0
3454,2026-03-23,1161.0
3454,2026-03-30,1203.0
3454,2026-04-06,1227.0
3454,2026-04-13,1196.0
3454,2026-04-20,1161.0
3454,2026-04-27,1172.0
3454,2026-05-04,1162.0
3454,2026-05-11,1181.0
3454,2026-05-18,1190.0
3454,2026-05-25,1202.0
3454,2026-06-01,1193.0
3454,2026-06-08,1198.0
3454,2026-06-15,1189.0
3454,2026-06-22,1190.0
3454,2026-06-29,1212.0
3454,2026-07-06,1240.0
3454,2026-07-13,1251.0
3454,2026-07-20,1270.0
3454,2026-07-27,1265.0
3454,2026-08-03,1257.0
3454,2026-08-10,1272.0
3454,2026-08-17,1280.0
3454,2026-08-24,1288.0
3467,2025-09-01,2115.92
3467,2025-09-08,2229.86
3467,2025-09-15,2215.5
3467,2025-09-22,2276.77
3467,2025-09-29,2156.14
3467,2025-10-06,2131.24
3467,2025-10-13,2171.45
3467,2025-10-20,2180.07
3467,2025-10-27,2167.62
3467,2025-11-03,2148.48
3467,2025-11-10,2213.58
3467,2025-11-17,2158.05
3467,2025-11-24,2216.45
3467,2025-12-01,2230.82
3467,2025-12-08,2288.26
3467,2025-12-15,2300.71
3467,2025-12-22,2316.98
3467,2025-12-29,2373.47
3467,2026-01-05,2433.79
3467,2026-01-12,2435.71
3467,2026-01-19,2464.43
3467,2026-01-26,2448.15
3467,2026-02-02,2520.92
3467,2026-02-09,2611.87
3467,2026-02-16,2725.81
3467,2026-02-23,2723.89
3467,2026-03-02,2632.94
3467,2026-03-09,2681.77
3467,2026-03-16,2687.51
3467,2026-03-23,2654.0
3467,2026-03-30,2519.0
3467,2026-04-06,2502.0
3467,2026-04-13,2380.0
3467,2026-04-20,2309.0
3467,2026-04-27,2252.0
3467,2026-05-04,2244.0
3467,2026-05-11,2625.0
3467,2026-05-18,2545.0
3467,2026-05-25,2526.0
3467,2026-06-01,2479.0
3467,2026-06-08,2440.0
3467,2026-06-15,2468.0
3467,2026-06-22,2500.0
3467,2026-06-29,2653.0
3467,2026-07-06,2673.0
3467,2026-07-13,2690.0
3467,2026-07-20,2761.0
3467,2026-07-27,2753.0
3467,2026-08-03,2723.0
3467,2026-08-10,2864.0
3467,2026-08-17,2845.0
3467,2026-08-24,2948.0
3612,2025-09-01,1522.4
3612,2025-09-08,1497.85
3612,2025-09-15,1426.15
3612,2025-09-22,1436.95
3612,2025-09-29,1340.21
3612,2025-10-06,1326.46
3612,2025-10-13,1319.09
3612,2025-10-20,1367.71
3612,2025-10-27,1330.38
3612,2025-11-03,1358.87
3612,2025-11-10,1400.12
3612,2025-11-17,1452.67
3612,2025-11-24,1488.03
3612,2025-12-01,1460.03
3612,2025-12-08,1463.47
3612,2025-12-15,1532.23
3612,2025-12-22,1519.95
3612,2025-12-29,1519.95
3612,2026-01-05,1537.14
3612,2026-01-12,1519.95
3612,2026-01-19,1502.76
3612,2026-01-26,1539.59
3612,2026-02-02,1554.32
3612,2026-02-09,1581.34
3612,2026-02-16,1620.62
3612,2026-02-23,1651.0
3612,2026-03-02,1606.0
3612,2026-03-09,1536.0
3612,2026-03-16,1453.0
3612,2026-03-23,1488.0
3612,2026-03-30,1586.0
3612,2026-04-06,1614.0
3612,2026-04-13,1567.0
3612,2026-04-20,1500.0
3612,2026-04-27,1505.0
3612,2026-05-04,1519.0
3612,2026-05-11,1513.0
3612,2026-05-18,1504.0
3612,2026-05-25,1490.0
3612,2026-06-01,1499.0
3612,2026-06-08,1540.0
3612,2026-06-15,1533.0
3612,2026-06-22,1577.0
3612,2026-06-29,1598.0
3612,2026-07-06,1590.0
3612,2026-07-13,1607.0
3612,2026-07-20,1588.0
3612,2026-07-27,1605.0
3612,2026-08-03,1606.0
3612,2026-08-10,1630.0
3612,2026-08-17,1682.0
3612,2026-08-24,1705.0
3843,2025-09-01,1539.7
3843,2025-09-08,1600.01
3843,2025-09-15,1597.09
3843,2025-09-22,1639.89
3843,2025-09-29,1529.0
3843,2025-10-06,1506.63
3843,2025-10-13,1562.07
3843,2025-10-20,1552.35
3843,2025-10-27,1545.54
3843,2025-11-03,1539.7
3843,2025-11-10,1519.28
3843,2025-11-17,1550.4
3843,2025-11-24,1548.46
3843,2025-12-01,1523.17
3843,2025-12-08,1531.92
3843,2025-12-15,1588.33
3843,2025-12-22,1615.57
3843,2025-12-29,1647.67
3843,2026-01-05,1659.34
3843,2026-01-12,1677.82
3843,2026-01-19,1671.98
3843,2026-01-26,1601.95
3843,2026-02-02,1561.1
3843,2026-02-09,1531.92
3843,2026-02-16,1505.66
3843,2026-02-23,1556.24
3843,2026-03-02,1549.43
3843,2026-03-09,1509.55
3843,2026-03-16,1439.52
3843,2026-03-23,1452.16
3843,2026-03-30,1499.82
3843,2026-04-06,1506.63
3843,2026-04-13,1507.61
3843,2026-04-20,1448.27
3843,2026-04-27,1403.0
3843,2026-05-04,1405.0
3843,2026-05-11,1414.0
3843,2026-05-18,1369.0
3843,2026-05-25,1433.0
3843,2026-06-01,1441.0
3843,2026-06-08,1440.0
3843,2026-06-15,1483.0
3843,2026-06-22,1467.0
3843,2026-06-29,1502.0
3843,2026-07-06,1583.0
3843,2026-07-13,1579.0
3843,2026-07-20,1566.0
3843,2026-07-27,1562.0
3843,2026-08-03,1593.0
3843,2026-08-10,1695.0
3843,2026-08-17,1697.0
3843,2026-08-24,1779.0
3851,2025-09-01,874.76
3851,2025-09-08,861.84
3851,2025-09-15,861.84
3851,2025-09-22,842.95
3851,2025-09-29,854.88
3851,2025-10-06,824.07
3851,2025-10-13,832.02
3851,2025-10-20,825.06
3851,2025-10-27,830.03
3851,2025-11-03,814.12
3851,2025-11-10,815.12
3851,2025-11-17,801.2
3851,2025-11-24,804.18
3851,2025-12-01,802.2
3851,2025-12-08,791.26
3851,2025-12-15,781.32
3851,2025-12-22,784.3
3851,2025-12-29,805.18
3851,2026-01-05,805.18
3851,2026-01-12,820.09
3851,2026-01-19,824.07
3851,2026-01-26,823.07
3851,2026-02-02,803.19
3851,2026-02-09,800.21
3851,2026-02-16,820.09
3851,2026-02-23,823.07
3851,2026-03-02,830.03
3851,2026-03-09,837.98
3851,2026-03-16,843.95
3851,2026-03-23,835.0
3851,2026-03-30,843.0
3851,2026-04-06,843.0
3851,2026-04-13,848.0
3851,2026-04-20,849.0
3851,2026-04-27,841.0
3851,2026-05-04,825.0
3851,2026-05-11,830.0
3851,2026-05-18,830.0
3851,2026-05-25,825.0
3851,2026-06-01,826.0
3851,2026-06-08,810.0
3851,2026-06-15,820.0
3851,2026-06-22,829.0
3851,2026-06-29,836.0
3851,2026-07-06,858.0
3851,2026-07-13,896.0
3851,2026-07-20,901.0
3851,2026-07-27,1063.0
3851,2026-08-03,1057.0
3851,2026-08-10,1180.0
3851,2026-08-17,1238.0
3851,2026-08-24,1266.0
3950,2025-09-01,1135.33
3950,2025-09-08,1131.44
3950,2025-09-15,1167.38
3950,2025-09-22,1169.32
3950,2025-09-29,1164.46
3950,2025-10-06,1180.0
3950,2025-10-13,1194.57
3950,2025-10-20,1204.28
3950,2025-10-27,1166.4
3950,2025-11-03,1170.29
3950,2025-11-10,1222.73
3950,2025-11-17,1222.73
3950,2025-11-24,1266.44
3950,2025-12-01,1220.79
3950,2025-12-08,1223.7
3950,2025-12-15,1231.47
3950,2025-12-22,1273.24
3950,2025-12-29,1275.21
3950,2026-01-05,1284.1
3950,2026-01-12,1290.03
3950,2026-01-19,1291.02
3950,2026-01-26,1279.16
3950,2026-02-02,1297.93
3950,2026-02-09,1331.51
3950,2026-02-16,1276.2
3950,2026-02-23,1321.64
3950,2026-03-02,1321.64
3950,2026-03-09,1303.86
3950,2026-03-16,1312.75
3950,2026-03-23,1308.79
3950,2026-03-30,1334.48
3950,2026-04-06,1340.4
3950,2026-04-13,1337.44
3950,2026-04-20,1275.21
3950,2026-04-27,1290.03
3950,2026-05-04,1314.72
3950,2026-05-11,1307.81
3950,2026-05-18,1321.64
3950,2026-05-25,1278.17
3950,2026-06-01,1226.81
3950,2026-06-08,1304.84
3950,2026-06-15,1343.37
3950,2026-06-22,1373.0
3950,2026-06-29,1358.0
3950,2026-07-06,1343.0
3950,2026-07-13,1421.0
3950,2026-07-20,1448.0
3950,2026-07-27,1451.0
3950,2026-08-03,1457.0
3950,2026-08-10,1467.0
3950,2026-08-17,1509.0
3950,2026-08-24,1522.0
3989,2025-09-01,976.26
3989,2025-09-08,1010.12
3989,2025-09-15,988.49
3989,2025-09-22,979.08
3989,2025-09-29,955.61
3989,2025-10-06,940.94
3989,2025-10-13,885.19
3989,2025-10-20,894.97
3989,2025-10-27,914.53
3989,2025-11-03,916.48
3989,2025-11-10,909.64
3989,2025-11-17,1017.23
3989,2025-11-24,1027.99
3989,2025-12-01,1090.59
3989,2025-12-08,1175.68
3989,2025-12-15,1181.55
3989,2025-12-22,1170.79
3989,2025-12-29,1159.05
3989,2026-01-05,1181.55
3989,2026-01-12,1188.4
3989,2026-01-19,1190.35
3989,2026-01-26,1137.54
3989,2026-02-02,1093.52
3989,2026-02-09,1101.35
3989,2026-02-16,1113.08
3989,2026-02-23,1206.98
3989,2026-03-02,1230.46
3989,2026-03-09,1244.15
3989,2026-03-16,1155.14
3989,2026-03-23,1228.5
3989,2026-03-30,1195.0
3989,2026-04-06,1200.0
3989,2026-04-13,1185.0
3989,2026-04-20,1220.0
3989,2026-04-27,1151.0
3989,2026-05-04,1124.0
3989,2026-05-11,1104.0
3989,2026-05-18,1006.0
3989,2026-05-25,987.0
3989,2026-06-01,1007.0
3989,2026-06-08,980.0
3989,2026-06-15,1015.0
3989,2026-06-22,995.0
3989,2026-06-29,1423.0
3989,2026-07-06,1429.0
3989,2026-07-13,1414.0
3989,2026-07-20,1402.0
3989,2026-07-27,1340.0
3989,2026-08-03,1396.0
3989,2026-08-10,1481.0
3989,2026-08-17,1539.0
3989,2026-08-24,1570.0
4116,2025-09-01,952.66
4116,2025-09-08,946.78
4116,2025-09-15,932.69
4116,2025-09-22,942.08
4116,2025-09-29,929.36
4116,2025-10-06,924.55
4116,2025-10-13,935.36
4116,2025-10-20,958.17
4116,2025-10-27,913.75
4116,2025-11-03,943.77
4116,2025-11-10,918.55
4116,2025-11-17,928.16
4116,2025-11-24,961.78
4116,2025-12-01,926.96
4116,2025-12-08,940.16
4116,2025-12-15,965.38
4116,2025-12-22,984.59
4116,2025-12-29,997.8
4116,2026-01-05,1032.62
4116,2026-01-12,1080.65
4116,2026-01-19,1061.44
4116,2026-01-26,1044.63
4116,2026-02-02,1074.64
4116,2026-02-09,1137.08
4116,2026-02-16,1173.1
4116,2026-02-23,1212.73
4116,2026-03-02,1150.29
4116,2026-03-09,1091.45
4116,2026-03-16,1062.64
4116,2026-03-23,1084.25
4116,2026-03-30,1102.0
4116,2026-04-06,1106.0
4116,2026-04-13,1100.0
4116,2026-04-20,1061.0
4116,2026-04-27,1074.0
4116,2026-05-04,1069.0
4116,2026-05-11,1104.0
4116,2026-05-18,1058.0
4116,2026-05-25,1054.0
4116,2026-06-01,1011.0
4116,2026-06-08,1029.0
4116,2026-06-15,1050.0
4116,2026-06-22,1058.0
4116,2026-06-29,1077.0
4116,2026-07-06,1078.0
4116,2026-07-13,1060.0
4116,2026-07-20,1078.0
4116,2026-07-27,1114.0
4116,2026-08-03,1315.0
4116,2026-08-10,1348.0
4116,2026-08-17,1356.0
4116,2026-08-24,1383.0
4196,2025-09-01,1471.0
4196,2025-09-08,1485.0
4196,2025-09-15,1464.0
4196,2025-09-22,1399.0
4196,2025-09-29,1094.0
4196,2025-10-06,1113.0
4196,2025-10-13,1144.0
4196,2025-10-20,1158.0
4196,2025-10-27,1113.0
4196,2025-11-03,1114.0
4196,2025-11-10,1132.0
4196,2025-11-17,1143.0
4196,2025-11-24,1164.0
4196,2025-12-01,1178.0
4196,2025-12-08,1172.0
4196,2025-12-15,1158.0
4196,2025-12-22,1156.0
4196,2025-12-29,1166.0
4196,2026-01-05,1220.0
4196,2026-01-12,1218.0
4196,2026-01-19,1220.0
4196,2026-01-26,1287.0
4196,2026-02-02,1345.0
4196,2026-02-09,1349.0
4196,2026-02-16,1339.0
4196,2026-02-23,1354.0
4196,2026-03-02,1390.0
4196,2026-03-09,1439.0
4196,2026-03-16,1428.0
4196,2026-03-23,1423.0
4196,2026-03-30,1430.0
4196,2026-04-06,1446.0
4196,2026-04-13,1447.0
4196,2026-04-20,1437.0
4196,2026-04-27,1428.0
4196,2026-05-04,1424.0
4196,2026-05-11,1432.0
4196,2026-05-18,1450.0
4196,2026-05-25,1479.0
4196,2026-06-01,1575.0
4196,2026-06-08,1674.0
4196,2026-06-15,1699.0
4196,2026-06-22,1696.0
4196,2026-06-29,1695.0
4196,2026-07-06,1697.0
4196,2026-07-13,1686.0
4196,2026-07-20,1727.0
4196,2026-07-27,1853.0
4196,2026-08-03,1937.0
4196,2026-08-10,2010.0
4196,2026-08-17,1999.0
4196,2026-08-24,2046.0
4478,2025-09-01,3180.0
4478,2025-09-08,3510.0
4478,2025-09-15,3780.0
4478,2025-09-22,3765.0
4478,2025-09-29,3270.0
4478,2025-10-06,3635.0
4478,2025-10-13,3390.0
4478,2025-10-20,3475.0
4478,2025-10-27,3450.0
4478,2025-11-03,3265.0
4478,2025-11-10,3530.0
4478,2025-11-17,3140.0
4478,2025-11-24,2998.0
4478,2025-12-01,2989.0
4478,2025-12-08,2956.0
4478,2025-12-15,2964.0
4478,2025-12-22,3050.0
4478,2025-12-29,3005.0
4478,2026-01-05,3050.0
4478,2026-01-12,3055.0
4478,2026-01-19,2958.0
4478,2026-01-26,2711.0
4478,2026-02-02,2286.0
4478,2026-02-09,2136.0
4478,2026-02-16,2028.0
4478,2026-02-23,2150.0
4478,2026-03-02,2415.0
4478,2026-03-09,1999.0
4478,2026-03-16,2028.0
4478,2026-03-23,2203.0
4478,2026-03-30,1998.0
4478,2026-04-06,1959.0
4478,2026-04-13,2441.0
4478,2026-04-20,2281.0
4478,2026-04-27,2274.0
4478,2026-05-04,2435.0
4478,2026-05-11,2182.0
4478,2026-05-18,2246.0
4478,2026-05-25,2112.0
4478,2026-06-01,2155.0
4478,2026-06-08,1853.0
4478,2026-06-15,1993.0
4478,2026-06-22,1876.0
4478,2026-06-29,2124.0
4478,2026-07-06,2250.0
4478,2026-07-13,2407.0
4478,2026-07-20,2405.0
4478,2026-07-27,2599.0
4478,2026-08-03,2732.0
4478,2026-08-10,3345.0
4478,2026-08-17,3780.0
4478,2026-08-24,3875.0
4527,2025-09-01,2552.87
4527,2025-09-08,2519.5
4527,2025-09-15,2456.19
4527,2025-09-22,2505.76
4527,2025-09-29,2452.32
4527,2025-10-06,2394.42
4527,2025-10-13,2427.08
4527,2025-10-20,2433.51
4527,2025-10-27,2364.24
4527,2025-11-03,2391.95
4527,2025-11-10,2414.71
4527,2025-11-17,2533.47
4527,2025-11-24,2504.27
4527,2025-12-01,2412.73
4527,2025-12-08,2475.57
4527,2025-12-15,2546.83
4527,2025-12-22,2631.93
4527,2025-12-29,2600.76
4527,2026-01-05,2550.29
4527,2026-01-12,2572.06
4527,2026-01-19,2661.13
4527,2026-01-26,2531.49
4527,2026-02-02,2537.42
4527,2026-02-09,2487.94
4527,2026-02-16,2352.36
4527,2026-02-23,2416.69
4527,2026-03-02,2256.86
4527,2026-03-09,2370.18
4527,2026-03-16,2337.02
4527,2026-03-23,2387.0
4527,2026-03-30,2463.5
4527,2026-04-06,2461.0
4527,2026-04-13,2392.5
4527,2026-04-20,2381.5
4527,2026-04-27,2357.5
4527,2026-05-04,2366.5
4527,2026-05-11,2438.5
4527,2026-05-18,2538.5
4527,2026-05-25,2381.0
4527,2026-06-01,2400.0
4527,2026-06-08,2324.0
4527,2026-06-15,2370.0
4527,2026-06-22,2397.0
4527,2026-06-29,2405.5
4527,2026-07-06,2430.0
4527,2026-07-13,2477.5
4527,2026-07-20,2350.0
4527,2026-07-27,2388.5
4527,2026-08-03,2862.5
4527,2026-08-10,2815.5
4527,2026-08-17,2866.5
4527,2026-08-24,2969.5
4588,2025-09-01,647.0
4588,2025-09-08,621.0
4588,2025-09-15,631.0
4588,2025-09-22,622.0
4588,2025-09-29,678.0
4588,2025-10-06,803.0
4588,2025-10-13,700.0
4588,2025-10-20,711.0
4588,2025-10-27,748.0
4588,2025-11-03,851.0
4588,2025-11-10,1043.0
4588,2025-11-17,986.0
4588,2025-11-24,1174.0
4588,2025-12-01,923.0
4588,2025-12-08,1061.0
4588,2025-12-15,859.0
4588,2025-12-22,1101.0
4588,2025-12-29,1384.0
4588,2026-01-05,1519.0
4588,2026-01-12,1943.0
4588,2026-01-19,1808.0
4588,2026-01-26,1739.0
4588,2026-02-02,1873.0
4588,2026-02-09,2440.0
4588,2026-02-16,2215.0
4588,2026-02-23,2730.0
4588,2026-03-02,3150.0
4588,2026-03-09,2702.0
4588,2026-03-16,2246.0
4588,2026-03-23,2338.0
4588,2026-03-30,2266.0
4588,2026-04-06,2501.0
4588,2026-04-13,2860.0
4588,2026-04-20,2978.0
4588,2026-04-27,2717.0
4588,2026-05-04,2918.0
4588,2026-05-11,2680.0
4588,2026-05-18,2797.0
4588,2026-05-25,2765.0
4588,2026-06-01,2614.0
4588,2026-06-08,2467.0
4588,2026-06-15,2591.0
4588,2026-06-22,2733.0
4588,2026-06-29,2680.0
4588,2026-07-06,2575.0
4588,2026-07-13,2351.0
4588,2026-07-20,2469.0
4588,2026-07-27,2665.0
4588,2026-08-03,2848.0
4588,2026-08-10,3250.0
4588,2026-08-17,3380.0
4588,2026-08-24,4025.0
4611,2025-09-01,1256.29
4611,2025-09-08,1253.42
4611,2025-09-15,1241.96
4611,2025-09-22,1254.37
4611,2025-09-29,1219.03
4611,2025-10-06,1205.65
4611,2025-10-13,1214.25
4611,2025-10-20,1234.31
4611,2025-10-27,1212.34
4611,2025-11-03,1176.99
4611,2025-11-10,1220.94
4611,2025-11-17,1228.58
4611,2025-11-24,1303.1
4611,2025-12-01,1234.31
4611,2025-12-08,1243.87
4611,2025-12-15,1249.6
4611,2025-12-22,1269.66
4611,2025-12-29,1286.86
4611,2026-01-05,1291.63
4611,2026-01-12,1346.09
4611,2026-01-19,1353.73
4611,2026-01-26,1314.56
4611,2026-02-02,1370.93
4611,2026-02-09,1385.26
4611,2026-02-16,1395.77
4611,2026-02-23,1427.29
4611,2026-03-02,1323.16
4611,2026-03-09,1249.6
4611,2026-03-16,1225.71
4611,2026-03-23,1241.0
4611,2026-03-30,1252.0
4611,2026-04-06,1304.0
4611,2026-04-13,1262.0
4611,2026-04-20,1229.0
4611,2026-04-27,1242.0
4611,2026-05-04,1260.0
4611,2026-05-11,1206.0
4611,2026-05-18,1259.0
4611,2026-05-25,1288.0
4611,2026-06-01,1280.0
4611,2026-06-08,1300.0
4611,2026-06-15,1305.0
4611,2026-06-22,1340.0
4611,2026-06-29,1374.0
4611,2026-07-06,1410.0
4611,2026-07-13,1353.0
4611,2026-07-20,1358.0
4611,2026-07-27,1399.0
4611,2026-08-03,1441.0
4611,2026-08-10,1524.0
4611,2026-08-17,1503.0
4611,2026-08-24,1557.0
4623,2025-09-01,1675.86
4623,2025-09-08,1684.55
4623,2025-09-15,1693.24
4623,2025-09-22,1690.34
4623,2025-09-29,1706.07
4623,2025-10-06,1697.22
4623,2025-10-13,1690.34
4623,2025-10-20,1694.28
4623,2025-10-27,1690.34
4623,2025-11-03,1689.36
4623,2025-11-10,1686.41
4623,2025-11-17,1692.31
4623,2025-11-24,1688.38
4623,2025-12-01,1681.5
4623,2025-12-08,1682.48
4623,2025-12-15,1685.43
4623,2025-12-22,1689.36
4623,2025-12-29,1694.28
4623,2026-01-05,1699.19
4623,2026-01-12,1710.0
4623,2026-01-19,1702.14
4623,2026-01-26,1702.14
4623,2026-02-02,1709.02
4623,2026-02-09,1712.95
4623,2026-02-16,1738.5
4623,2026-02-23,1730.64
4623,2026-03-02,1705.09
4623,2026-03-09,1695.26
4623,2026-03-16,1710.0
4623,2026-03-23,1710.0
4623,2026-03-30,1730.0
4623,2026-04-06,1732.0
4623,2026-04-13,1722.0
4623,2026-04-20,1711.0
4623,2026-04-27,1710.0
4623,2026-05-04,1706.0
4623,2026-05-11,1700.0
4623,2026-05-18,1710.0
4623,2026-05-25,1700.0
4623,2026-06-01,1701.0
4623,2026-06-08,1700.0
4623,2026-06-15,1693.0
4623,2026-06-22,1708.0
4623,2026-06-29,1725.0
4623,2026-07-06,1712.0
4623,2026-07-13,1711.0
4623,2026-07-20,1719.0
4623,2026-07-27,1721.0
4623,2026-08-03,1723.0
4623,2026-08-10,1820.0
4623,2026-08-17,1870.0
4623,2026-08-24,1890.0
4671,2025-09-01,2400.44
4671,2025-09-08,2519.65
4671,2025-09-15,2450.03
4671,2025-09-22,2514.88
4671,2025-09-29,2444.06
4671,2025-10-06,2421.59
4671,2025-10-13,2481.18
4671,2025-10-20,2487.04
4671,2025-10-27,2424.53
4671,2025-11-03,2451.88
4671,2025-11-10,2498.77
4671,2025-11-17,2512.44
4671,2025-11-24,2508.53
4671,2025-12-01,2489.0
4671,2025-12-08,2528.07
4671,2025-12-15,2558.35
4671,2025-12-22,2605.24
4671,2025-12-29,2618.92
4671,2026-01-05,2668.74
4671,2026-01-12,2686.32
4671,2026-01-19,2661.9
4671,2026-01-26,2615.01
4671,2026-02-02,2613.06
4671,2026-02-09,2651.15
4671,2026-02-16,2617.94
4671,2026-02-23,2666.78
4671,2026-03-02,2615.99
4671,2026-03-09,2565.19
4671,2026-03-16,2551.51
4671,2026-03-23,2636.5
4671,2026-03-30,2631.0
4671,2026-04-06,2620.0
4671,2026-04-13,2604.0
4671,2026-04-20,2552.0
4671,2026-04-27,2512.0
4671,2026-05-04,2512.0
4671,2026-05-11,2587.0
4671,2026-05-18,2521.0
4671,2026-05-25,2565.0
4671,2026-06-01,2545.0
4671,2026-06-08,2573.0
4671,2026-06-15,2572.0
4671,2026-06-22,2542.0
4671,2026-06-29,2617.0
4671,2026-07-06,2682.0
4671,2026-07-13,2700.0
4671,2026-07-20,2672.0
4671,2026-07-27,2651.0
4671,2026-08-03,2690.0
4671,2026-08-10,2834.0
4671,2026-08-17,2824.0
4671,2026-08-24,2860.0
4689,2025-09-01,467.18
4689,2025-09-08,482.77
4689,2025-09-15,485.13
4689,2025-09-22,476.2
4689,2025-09-29,453.05
4689,2025-10-06,452.95
4689,2025-10-13,431.76
4689,2025-10-20,446.18
4689,2025-10-27,444.42
4689,2025-11-03,417.14
4689,2025-11-10,422.05
4689,2025-11-17,417.53
4689,2025-11-24,412.53
4689,2025-12-01,408.8
4689,2025-12-08,403.8
4689,2025-12-15,419.59
4689,2025-12-22,405.47
4689,2025-12-29,409.29
4689,2026-01-05,409.39
4689,2026-01-12,396.05
4689,2026-01-19,398.31
4689,2026-01-26,389.08
4689,2026-02-02,415.18
4689,2026-02-09,380.16
4689,2026-02-16,367.21
4689,2026-02-23,381.63
4689,2026-03-02,386.14
4689,2026-03-09,390.65
4689,2026-03-16,390.36
4689,2026-03-23,377.9
4689,2026-03-30,393.2
4689,2026-04-06,403.6
4689,2026-04-13,427.9
4689,2026-04-20,415.9
4689,2026-04-27,419.7
4689,2026-05-04,440.0
4689,2026-05-11,417.3
4689,2026-05-18,409.2
4689,2026-05-25,417.3
4689,2026-06-01,408.0
4689,2026-06-08,402.3
4689,2026-06-15,409.5
4689,2026-06-22,410.0
4689,2026-06-29,438.2
4689,2026-07-06,445.4
4689,2026-07-13,447.4
4689,2026-07-20,435.3
4689,2026-07-27,446.8
4689,2026-08-03,483.6
4689,2026-08-10,506.3
4689,2026-08-17,525.6
4689,2026-08-24,540.3
4768,2025-09-01,2943.45
4768,2025-09-08,3081.68
4768,2025-09-15,3022.72
4768,2025-09-22,3013.05
4768,2025-09-29,2939.59
4768,2025-10-06,2889.32
4768,2025-10-13,2876.75
4768,2025-10-20,2988.89
4768,2025-10-27,2948.29
4768,2025-11-03,2919.29
4768,2025-11-10,2899.95
4768,2025-11-17,3008.22
4768,2025-11-24,2984.05
4768,2025-12-01,3052.68
4768,2025-12-08,3198.65
4768,2025-12-15,3195.75
4768,2025-12-22,3170.62
4768,2025-12-29,3167.68
4768,2026-01-05,3132.39
4768,2026-01-12,3160.82
4768,2026-01-19,3158.85
4768,2026-01-26,3001.06
4768,2026-02-02,2952.05
4768,2026-02-09,2962.84
4768,2026-02-16,2979.5
4768,2026-02-23,3086.33
4768,2026-03-02,3005.96
4768,2026-03-09,2892.27
4768,2026-03-16,2876.59
4768,2026-03-23,2954.01
4768,2026-03-30,3014.78
4768,2026-04-06,2922.65
4768,2026-04-13,2987.34
4768,2026-04-20,2911.87
4768,2026-04-27,2797.2
4768,2026-05-04,2977.54
4768,2026-05-11,2845.22
4768,2026-05-18,2826.6
4768,2026-05-25,2831.5
4768,2026-06-01,2899.62
4768,2026-06-08,2794.26
4768,2026-06-15,2711.44
4768,2026-06-22,2708.5
4768,2026-06-29,2853.0
4768,2026-07-06,2893.5
4768,2026-07-13,3015.0
4768,2026-07-20,3026.0
4768,2026-07-27,3274.0
4768,2026-08-03,3443.0
4768,2026-08-10,3536.0
4768,2026-08-17,3478.0
4768,2026-08-24,3531.0
4847,2025-09-01,1028.77
4847,2025-09-08,1032.62
4847,2025-09-15,1065.31
4847,2025-09-22,1057.61
4847,2025-09-29,986.47
4847,2025-10-06,999.93
4847,2025-10-13,980.7
4847,2025-10-20,1016.27
4847,2025-10-27,996.08
4847,2025-11-03,931.66
4847,2025-11-10,933.59
4847,2025-11-17,907.63
4847,2025-11-24,936.47
4847,2025-12-01,916.28
4847,2025-12-08,917.24
4847,2025-12-15,909.55
4847,2025-12-22,925.89
4847,2025-12-29,936.66
4847,2026-01-05,963.09
4847,2026-01-12,978.75
4847,2026-01-19,962.11
4847,2026-01-26,930.79
4847,2026-02-02,944.49
4847,2026-02-09,938.62
4847,2026-02-16,950.36
4847,2026-02-23,988.53
4847,2026-03-02,1001.26
4847,2026-03-09,977.77
4847,2026-03-16,959.17
4847,2026-03-23,947.43
4847,2026-03-30,953.3
4847,2026-04-06,950.36
4847,2026-04-13,967.98
4847,2026-04-20,960.15
4847,2026-04-27,949.38
4847,2026-05-04,973.85
4847,2026-05-11,902.4
4847,2026-05-18,919.04
4847,2026-05-25,918.06
4847,2026-06-01,926.87
4847,2026-06-08,920.02
4847,2026-06-15,911.21
4847,2026-06-22,921.0
4847,2026-06-29,967.0
4847,2026-07-06,954.0
4847,2026-07-13,952.0
4847,2026-07-20,1003.0
4847,2026-07-27,1000.0
4847,2026-08-03,1236.0
4847,2026-08-10,1281.0
4847,2026-08-17,1319.0
4847,2026-08-24,1330.0
4911,2025-09-01,2354.32
4911,2025-09-08,2322.47
4911,2025-09-15,2370.0
4911,2025-09-22,2476.81
4911,2025-09-29,2469.46
4911,2025-10-06,2558.15
4911,2025-10-13,2651.73
4911,2025-10-20,2672.31
4911,2025-10-27,2547.86
4911,2025-11-03,2519.44
4911,2025-11-10,2612.04
4911,2025-11-17,2156.86
4911,2025-11-24,2176.46
4911,2025-12-01,2297.97
4911,2025-12-08,2388.62
4911,2025-12-15,2302.38
4911,2025-12-22,2306.79
4911,2025-12-29,2251.44
4911,2026-01-05,2381.41
4911,2026-01-12,2639.86
4911,2026-01-19,2716.95
4911,2026-01-26,2598.35
4911,2026-02-02,2720.91
4911,2026-02-09,3262.52
4911,2026-02-16,3038.17
4911,2026-02-23,3261.53
4911,2026-03-02,3041.13
4911,2026-03-09,2976.89
4911,2026-03-16,2950.7
4911,2026-03-23,3176.53
4911,2026-03-30,3345.54
4911,2026-04-06,3327.75
4911,2026-04-13,3070.78
4911,2026-04-20,3116.24
4911,2026-04-27,3123.16
4911,2026-05-04,3347.52
4911,2026-05-11,2914.13
4911,2026-05-18,2650.74
4911,2026-05-25,2777.74
4911,2026-06-01,2549.43
4911,2026-06-08,2576.61
4911,2026-06-15,2499.52
4911,2026-06-22,2543.5
4911,2026-06-29,2769.0
4911,2026-07-06,2755.0
4911,2026-07-13,3060.0
4911,2026-07-20,3045.0
4911,2026-07-27,3154.0
4911,2026-08-03,3619.0
4911,2026-08-10,3557.0
4911,2026-08-17,3696.0
4911,2026-08-24,3685.0
4919,2025-09-01,2429.16
4919,2025-09-08,2427.23
4919,2025-09-15,2392.43
4919,2025-09-22,2447.53
4919,2025-09-29,2368.26
4919,2025-10-06,2338.3
4919,2025-10-13,2314.13
4919,2025-10-20,2310.26
4919,2025-10-27,2238.73
4919,2025-11-03,2302.53
4919,2025-11-10,2324.76
4919,2025-11-17,2483.29
4919,2025-11-24,2456.23
4919,2025-12-01,2351.83
4919,2025-12-08,2404.03
4919,2025-12-15,2388.56
4919,2025-12-22,2458.16
4919,2025-12-29,2399.05
4919,2026-01-05,2389.19
4919,2026-01-12,2428.6
4919,2026-01-19,2540.92
4919,2026-01-26,2499.54
4919,2026-02-02,2618.75
4919,2026-02-09,2680.82
4919,2026-02-16,2675.9
4919,2026-02-23,2769.49
4919,2026-03-02,2692.65
4919,2026-03-09,2639.44
4919,2026-03-16,2637.47
4919,2026-03-23,2688.7
4919,2026-03-30,2703.48
4919,2026-04-06,2720.23
4919,2026-04-13,2691.66
4919,2026-04-20,2545.85
4919,2026-04-27,2498.55
4919,2026-05-04,2478.85
4919,2026-05-11,2503.48
4919,2026-05-18,2657.18
4919,2026-05-25,2612.84
4919,2026-06-01,2535.99
4919,2026-06-08,2703.48
4919,2026-06-15,2594.12
4919,2026-06-22,2669.0
4919,2026-06-29,2764.0
4919,2026-07-06,2774.0
4919,2026-07-13,2834.0
4919,2026-07-20,2785.0
4919,2026-07-27,2781.0
4919,2026-08-03,2894.0
4919,2026-08-10,3250.0
4919,2026-08-17,3255.0
4919,2026-08-24,3305.0
4958,2025-09-01,2895.94
4958,2025-09-08,2885.26
4958,2025-09-15,2895.94
4958,2025-09-22,2959.99
4958,2025-09-29,2748.77
4958,2025-10-06,2721.27
4958,2025-10-13,2679.02
4958,2025-10-20,2707.51
4958,2025-10-27,2654.46
4958,2025-11-03,2651.52
4958,2025-11-10,2707.51
4958,2025-11-17,2723.23
4958,2025-11-24,2784.14
4958,2025-12-01,2670.18
4958,2025-12-08,2710.46
4958,2025-12-15,2788.07
4958,2025-12-22,2798.88
4958,2025-12-29,2768.42
4958,2026-01-05,2828.35
4958,2026-01-12,2832.28
4958,2026-01-19,2858.8
4958,2026-01-26,2791.02
4958,2026-02-02,2812.63
4958,2026-02-09,2828.35
4958,2026-02-16,2799.86
4958,2026-02-23,2867.65
4958,2026-03-02,2802.81
4958,2026-03-09,2794.95
4958,2026-03-16,2787.09
4958,2026-03-23,2792.0
4958,2026-03-30,2855.0
4958,2026-04-06,2923.0
4958,2026-04-13,2861.0
4958,2026-04-20,2865.0
4958,2026-04-27,2882.0
4958,2026-05-04,2933.0
4958,2026-05-11,3070.0
4958,2026-05-18,3125.0
4958,2026-05-25,3075.0
4958,2026-06-01,3060.0
4958,2026-06-08,3205.0
4958,2026-06-15,3255.0
4958,2026-06-22,3215.0
4958,2026-06-29,3250.0
4958,2026-07-06,3225.0
4958,2026-07-13,3300.0
4958,2026-07-20,3225.0
4958,2026-07-27,3250.0
4958,2026-08-03,3310.0
4958,2026-08-10,3350.0
4958,2026-08-17,3385.0
4958,2026-08-24,3355.0
4994,2025-09-01,2531.52
4994,2025-09-08,2550.99
4994,2025-09-15,2623.04
4994,2025-09-22,2688.28
4994,2025-09-29,2659.7
4994,2025-10-06,2624.22
4994,2025-10-13,2672.51
4994,2025-10-20,2661.67
4994,2025-10-27,2599.59
4994,2025-11-03,2610.43
4994,2025-11-10,2622.25
4994,2025-11-17,2660.68
4994,2025-11-24,2658.71
4994,2025-12-01,2601.56
4994,2025-12-08,2640.98
4994,2025-12-15,2634.08
4994,2025-12-22,2633.09
4994,2025-12-29,2616.34
4994,2026-01-05,2621.27
4994,2026-01-12,2708.97
4994,2026-01-19,2650.83
4994,2026-01-26,2543.42
4994,2026-02-02,2594.66
4994,2026-02-09,2628.17
4994,2026-02-16,2638.02
4994,2026-02-23,2773.02
4994,2026-03-02,2694.19
4994,2026-03-09,2532.58
4994,2026-03-16,2535.53
4994,2026-03-23,2504.0
4994,2026-03-30,2522.0
4994,2026-04-06,2511.0
4994,2026-04-13,2474.0
4994,2026-04-20,2361.0
4994,2026-04-27,2321.0
4994,2026-05-04,2333.0
4994,2026-05-11,2315.0
4994,2026-05-18,2218.0
4994,2026-05-25,2209.0
4994,2026-06-01,2213.0
4994,2026-06-08,2230.0
4994,2026-06-15,2330.0
4994,2026-06-22,2381.0
4994,2026-06-29,2420.0
4994,2026-07-06,2468.0
4994,2026-07-13,2451.0
4994,2026-07-20,2482.0
4994,2026-07-27,2530.0
4994,2026-08-03,2601.0
4994,2026-08-10,2780.0
4994,2026-08-17,2809.0
4994,2026-08-24,2897.0
575A,2026-06-01,1509.0
575A,2026-06-08,1414.0
575A,2026-06-15,1421.0
575A,2026-06-22,1360.0
575A,2026-06-29,1489.0
575A,2026-07-06,1517.0
575A,2026-07-13,1800.0
575A,2026-07-20,1811.0
575A,2026-07-27,1795.0
575A,2026-08-03,1805.0
575A,2026-08-10,1846.0
575A,2026-08-17,1927.0
575A,2026-08-24,1947.0
581A,2026-06-15,2298.0
581A,2026-06-22,2185.0
581A,2026-06-29,2376.0
581A,2026-07-06,2408.0
581A,2026-07-13,2794.0
581A,2026-07-20,2998.0
581A,2026-07-27,2815.0
581A,2026-08-03,3290.0
581A,2026-08-10,3600.0
581A,2026-08-17,3640.0
581A,2026-08-24,3875.0
5900,2025-09-01,839.0
5900,2025-09-08,830.21
5900,2025-09-15,810.68
5900,2025-09-22,820.44
5900,2025-09-29,812.63
5900,2025-10-06,812.63
5900,2025-10-13,791.14
5900,2025-10-20,804.81
5900,2025-10-27,795.05
5900,2025-11-03,796.02
5900,2025-11-10,829.23
5900,2025-11-17,808.72
5900,2025-11-24,819.47
5900,2025-12-01,813.61
5900,2025-12-08,826.3
5900,2025-12-15,817.51
5900,2025-12-22,835.09
5900,2025-12-29,849.74
5900,2026-01-05,830.21
5900,2026-01-12,839.98
5900,2026-01-19,830.21
5900,2026-01-26,825.33
5900,2026-02-02,833.14
5900,2026-02-09,857.56
5900,2026-02-16,856.58
5900,2026-02-23,829.0
5900,2026-03-02,818.0
5900,2026-03-09,814.0
5900,2026-03-16,818.0
5900,2026-03-23,813.0
5900,2026-03-30,801.0
5900,2026-04-06,809.0
5900,2026-04-13,815.0
5900,2026-04-20,811.0
5900,2026-04-27,781.0
5900,2026-05-04,791.0
5900,2026-05-11,792.0
5900,2026-05-18,791.0
5900,2026-05-25,814.0
5900,2026-06-01,816.0
5900,2026-06-08,843.0
5900,2026-06-15,841.0
5900,2026-06-22,844.0
5900,2026-06-29,858.0
5900,2026-07-06,839.0
5900,2026-07-13,830.0
5900,2026-07-20,853.0
5900,2026-07-27,855.0
5900,2026-08-03,847.0
5900,2026-08-10,870.0
5900,2026-08-17,877.0
5900,2026-08-24,889.0
5902,2025-09-01,2100.38
5902,2025-09-08,2219.41
5902,2025-09-15,2201.17
5902,2025-09-22,2196.37
5902,2025-09-29,2141.9
5902,2025-10-06,2115.64
5902,2025-10-13,2144.82
5902,2025-10-20,2173.03
5902,2025-10-27,2094.24
5902,2025-11-03,2101.05
5902,2025-11-10,2201.24
5902,2025-11-17,2182.76
5902,2025-11-24,2254.74
5902,2025-12-01,2209.02
5902,2025-12-08,2205.13
5902,2025-12-15,2215.83
5902,2025-12-22,2274.19
5902,2025-12-29,2311.15
5902,2026-01-05,2349.09
5902,2026-01-12,2355.9
5902,2026-01-19,2335.47
5902,2026-01-26,2272.25
5902,2026-02-02,2350.06
5902,2026-02-09,2273.22
5902,2026-02-16,2298.51
5902,2026-02-23,2451.22
5902,2026-03-02,2388.0
5902,2026-03-09,2319.91
5902,2026-03-16,2286.84
5902,2026-03-23,2281.0
5902,2026-03-30,2285.0
5902,2026-04-06,2273.0
5902,2026-04-13,2260.0
5902,2026-04-20,2190.0
5902,2026-04-27,2150.0
5902,2026-05-04,2160.0
5902,2026-05-11,2234.0
5902,2026-05-18,2235.0
5902,2026-05-25,2240.0
5902,2026-06-01,2289.0
5902,2026-06-08,2356.0
5902,2026-06-15,2360.0
5902,2026-06-22,2343.0
5902,2026-06-29,2374.0
5902,2026-07-06,2335.0
5902,2026-07-13,2353.0
5902,2026-07-20,2372.0
5902,2026-07-27,2386.0
5902,2026-08-03,2385.0
5902,2026-08-10,2585.0
5902,2026-08-17,2744.0
5902,2026-08-24,2844.0
593A,2026-07-20,1102.0
593A,2026-07-27,1011.0
593A,2026-08-03,911.0
593A,2026-08-10,998.0
593A,2026-08-17,1057.0
593A,2026-08-24,1391.0
5971,2025-09-01,5948.6
5971,2025-09-08,6354.41
5971,2025-09-15,6176.25
5971,2025-09-22,6483.08
5971,2025-09-29,7027.46
5971,2025-10-06,6582.06
5971,2025-10-13,6898.79
5971,2025-10-20,6839.4
5971,2025-10-27,7037.36
5971,2025-11-03,6671.14
5971,2025-11-10,6908.68
5971,2025-11-17,6908.68
5971,2025-11-24,6878.99
5971,2025-12-01,6878.99
5971,2025-12-08,6908.68
5971,2025-12-15,7324.39
5971,2025-12-22,7433.27
5971,2025-12-29,7522.35
5971,2026-01-05,7344.19
5971,2026-01-12,7076.95
5971,2026-01-19,7076.95
5971,2026-01-26,7096.74
5971,2026-02-02,7146.23
5971,2026-02-09,7265.01
5971,2026-02-16,7373.88
5971,2026-02-23,7581.74
5971,2026-03-02,7324.39
5971,2026-03-09,7393.68
5971,2026-03-16,7641.12
5971,2026-03-23,7601.53
5971,2026-03-30,7789.59
5971,2026-04-06,7680.71
5971,2026-04-13,7730.2
5971,2026-04-20,7730.2
5971,2026-04-27,7270.0
5971,2026-05-04,7350.0
5971,2026-05-11,7100.0
5971,2026-05-18,7010.0
5971,2026-05-25,6950.0
5971,2026-06-01,6950.0
5971,2026-06-08,7010.0
5971,2026-06-15,7550.0
5971,2026-06-22,8080.0
5971,2026-06-29,8190.0
5971,2026-07-06,8060.0
5971,2026-07-13,8120.0
5971,2026-07-20,8120.0
5971,2026-07-27,8290.0
5971,2026-08-03,8040.0
5971,2026-08-10,8160.0
5971,2026-08-17,7820.0
5971,2026-08-24,8380.0
6045,2025-09-01,1476.94
6045,2025-09-08,1562.72
6045,2025-09-15,1559.76
6045,2025-09-22,1685.96
6045,2025-09-29,1500.29
6045,2025-10-06,1431.78
6045,2025-10-13,1428.8
6045,2025-10-20,1520.15
6045,2025-10-27,1516.18
6045,2025-11-03,1501.28
6045,2025-11-10,1595.61
6045,2025-11-17,1465.54
6045,2025-11-24,1532.06
6045,2025-12-01,1514.19
6045,2025-12-08,1544.97
6045,2025-12-15,1598.59
6045,2025-12-22,1592.63
6045,2025-12-29,1638.3
6045,2026-01-05,1660.15
6045,2026-01-12,1651.21
6045,2026-01-19,1830.93
6045,2026-01-26,1817.03
6045,2026-02-02,1826.96
6045,2026-02-09,1775.33
6045,2026-02-16,1743.55
6045,2026-02-23,1753.48
6045,2026-03-02,1701.85
6045,2026-03-09,1696.89
6045,2026-03-16,1658.16
6045,2026-03-23,1681.0
6045,2026-03-30,1621.0
6045,2026-04-06,1673.0
6045,2026-04-13,1667.0
6045,2026-04-20,1645.0
6045,2026-04-27,1648.0
6045,2026-05-04,1613.0
6045,2026-05-11,1563.0
6045,2026-05-18,1569.0
6045,2026-05-25,1506.0
6045,2026-06-01,1391.0
6045,2026-06-08,1370.0
6045,2026-06-15,1455.0
6045,2026-06-22,1409.0
6045,2026-06-29,1511.0
6045,2026-07-06,1585.0
6045,2026-07-13,1613.0
6045,2026-07-20,1620.0
6045,2026-07-27,1649.0
6045,2026-08-03,1644.0
6045,2026-08-10,1692.0
6045,2026-08-17,2076.0
6045,2026-08-24,2470.0
6058,2025-09-01,1126.2
6058,2025-09-08,1120.35
6058,2025-09-15,1118.4
6058,2025-09-22,1110.59
6058,2025-09-29,1064.72
6058,2025-10-06,1069.6
6058,2025-10-13,1147.67
6058,2025-10-20,1167.19
6058,2025-10-27,1133.03
6058,2025-11-03,1088.14
6058,2025-11-10,1123.28
6058,2025-11-17,1136.94
6058,2025-11-24,1122.3
6058,2025-12-01,1093.02
6058,2025-12-08,1089.12
6058,2025-12-15,1131.08
6058,2025-12-22,1156.46
6058,2025-12-29,1173.05
6058,2026-01-05,1233.55
6058,2026-01-12,1440.45
6058,2026-01-19,1492.17
6058,2026-01-26,1422.88
6058,2026-02-02,1452.16
6058,2026-02-09,1374.08
6058,2026-02-16,1321.39
6058,2026-02-23,1437.0
6058,2026-03-02,1384.0
6058,2026-03-09,1333.0
6058,2026-03-16,1289.0
6058,2026-03-23,1274.0
6058,2026-03-30,1288.0
6058,2026-04-06,1282.0
6058,2026-04-13,1190.0
6058,2026-04-20,1155.0
6058,2026-04-27,1267.0
6058,2026-05-04,1284.0
6058,2026-05-11,1259.0
6058,2026-05-18,1292.0
6058,2026-05-25,1408.0
6058,2026-06-01,1407.0
6058,2026-06-08,1472.0
6058,2026-06-15,1626.0
6058,2026-06-22,1685.0
6058,2026-06-29,1893.0
6058,2026-07-06,1982.0
6058,2026-07-13,1669.0
6058,2026-07-20,1750.0
6058,2026-07-27,1776.0
6058,2026-08-03,1848.0
6058,2026-08-10,1849.0
6058,2026-08-17,1900.0
6058,2026-08-24,2027.0
6080,2025-09-01,3177.08
6080,2025-09-08,3142.65
6080,2025-09-15,3132.82
6080,2025-09-22,3127.9
6080,2025-09-29,3155.0
6080,2025-10-06,3120.0
6080,2025-10-13,3210.0
6080,2025-10-20,3270.0
6080,2025-10-27,2955.0
6080,2025-11-03,3090.0
6080,2025-11-10,3170.0
6080,2025-11-17,3300.0
6080,2025-11-24,3360.0
6080,2025-12-01,3260.0
6080,2025-12-08,3290.0
6080,2025-12-15,3400.0
6080,2025-12-22,3405.0
6080,2025-12-29,3370.0
6080,2026-01-05,3490.0
6080,2026-01-12,3500.0
6080,2026-01-19,3425.0
6080,2026-01-26,3145.0
6080,2026-02-02,3415.0
6080,2026-02-09,3380.0
6080,2026-02-16,3495.0
6080,2026-02-23,3740.0
6080,2026-03-02,3495.0
6080,2026-03-09,3400.0
6080,2026-03-16,3155.0
6080,2026-03-23,3100.0
6080,2026-03-30,3080.0
6080,2026-04-06,3235.0
6080,2026-04-13,3350.0
6080,2026-04-20,3170.0
6080,2026-04-27,3275.0
6080,2026-05-04,3400.0
6080,2026-05-11,3370.0
6080,2026-05-18,3600.0
6080,2026-05-25,3440.0
6080,2026-06-01,3480.0
6080,2026-06-08,3465.0
6080,2026-06-15,3580.0
6080,2026-06-22,3390.0
6080,2026-06-29,3575.0
6080,2026-07-06,3610.0
6080,2026-07-13,3660.0
6080,2026-07-20,3735.0
6080,2026-07-27,3885.0
6080,2026-08-03,4020.0
6080,2026-08-10,4085.0
6080,2026-08-17,4130.0
6080,2026-08-24,4235.0
6291,2025-09-01,1183.5
6291,2025-09-08,1183.5
6291,2025-09-15,1187.31
6291,2025-09-22,1197.81
6291,2025-09-29,1195.9
6291,2025-10-06,1195.9
6291,2025-10-13,1185.41
6291,2025-10-20,1208.31
6291,2025-10-27,1210.22
6291,2025-11-03,1210.22
6291,2025-11-10,1251.26
6291,2025-11-17,1200.68
6291,2025-11-24,1235.04
6291,2025-12-01,1175.86
6291,2025-12-08,1158.68
6291,2025-12-15,1152.95
6291,2025-12-22,1152.0
6291,2025-12-29,1159.0
6291,2026-01-05,1219.0
6291,2026-01-12,1232.0
6291,2026-01-19,1231.0
6291,2026-01-26,1232.0
6291,2026-02-02,1321.0
6291,2026-02-09,1330.0
6291,2026-02-16,1266.0
6291,2026-02-23,1337.0
6291,2026-03-02,1246.0
6291,2026-03-09,1260.0
6291,2026-03-16,1266.0
6291,2026-03-23,1258.0
6291,2026-03-30,1225.0
6291,2026-04-06,1277.0
6291,2026-04-13,1257.0
6291,2026-04-20,1227.0
6291,2026-04-27,1224.0
6291,2026-05-04,1320.0
6291,2026-05-11,1308.0
6291,2026-05-18,1217.0
6291,2026-05-25,1251.0
6291,2026-06-01,1258.0
6291,2026-06-08,1268.0
6291,2026-06-15,1300.0
6291,2026-06-22,1304.0
6291,2026-06-29,1300.0
6291,2026-07-06,1350.0
6291,2026-07-13,1255.0
6291,2026-07-20,1326.0
6291,2026-07-27,1339.0
6291,2026-08-03,1343.0
6291,2026-08-10,1365.0
6291,2026-08-17,1352.0
6291,2026-08-24,1404.0
6316,2025-09-01,2259.38
6316,2025-09-08,2254.54
6316,2025-09-15,2281.62
6316,2025-09-22,2359.0
6316,2025-09-29,2173.0
6316,2025-10-06,2158.0
6316,2025-10-13,2139.0
6316,2025-10-20,2199.0
6316,2025-10-27,2175.0
6316,2025-11-03,2123.0
6316,2025-11-10,2107.0
6316,2025-11-17,2132.0
6316,2025-11-24,2166.0
6316,2025-12-01,2169.0
6316,2025-12-08,2147.0
6316,2025-12-15,2195.0
6316,2025-12-22,2308.0
6316,2025-12-29,2300.0
6316,2026-01-05,2283.0
6316,2026-01-12,2328.0
6316,2026-01-19,2389.0
6316,2026-01-26,2376.0
6316,2026-02-02,2335.0
6316,2026-02-09,2376.0
6316,2026-02-16,2412.0
6316,2026-02-23,2477.0
6316,2026-03-02,2392.0
6316,2026-03-09,2331.0
6316,2026-03-16,2311.0
6316,2026-03-23,2315.0
6316,2026-03-30,2279.0
6316,2026-04-06,2335.0
6316,2026-04-13,2369.0
6316,2026-04-20,2363.0
6316,2026-04-27,2370.0
6316,2026-05-04,2428.0
6316,2026-05-11,2435.0
6316,2026-05-18,2487.0
6316,2026-05-25,2521.0
6316,2026-06-01,2464.0
6316,2026-06-08,2488.0
6316,2026-06-15,2519.0
6316,2026-06-22,2558.0
6316,2026-06-29,2765.0
6316,2026-07-06,2628.0
6316,2026-07-13,2630.0
6316,2026-07-20,2757.0
6316,2026-07-27,2677.0
6316,2026-08-03,2765.0
6316,2026-08-10,2857.0
6316,2026-08-17,2871.0
6316,2026-08-24,3005.0
6396,2025-09-01,3372.52
6396,2025-09-08,3229.33
6396,2025-09-15,3224.39
6396,2025-09-22,3308.33
6396,2025-09-29,3515.72
6396,2025-10-06,3446.59
6396,2025-10-13,3407.09
6396,2025-10-20,3476.22
6396,2025-10-27,3486.09
6396,2025-11-03,3495.97
6396,2025-11-10,3392.28
6396,2025-11-17,3461.41
6396,2025-11-24,3481.16
6396,2025-12-01,3535.47
6396,2025-12-08,3871.24
6396,2025-12-15,3940.37
6396,2025-12-22,4221.83
6396,2025-12-29,4167.51
6396,2026-01-05,4305.77
6396,2026-01-12,4266.27
6396,2026-01-19,4152.7
6396,2026-01-26,4152.7
6396,2026-02-02,4281.08
6396,2026-02-09,4379.84
6396,2026-02-16,4463.78
6396,2026-02-23,4478.59
6396,2026-03-02,4448.97
6396,2026-03-09,4078.63
6396,2026-03-16,3989.75
6396,2026-03-23,3970.0
6396,2026-03-30,3750.0
6396,2026-04-06,3660.0
6396,2026-04-13,3800.0
6396,2026-04-20,3800.0
6396,2026-04-27,3810.0
6396,2026-05-04,3960.0
6396,2026-05-11,4000.0
6396,2026-05-18,3915.0
6396,2026-05-25,3985.0
6396,2026-06-01,3865.0
6396,2026-06-08,3865.0
6396,2026-06-15,3965.0
6396,2026-06-22,3930.0
6396,2026-06-29,3930.0
6396,2026-07-06,4020.0
6396,2026-07-13,3955.0
6396,2026-07-20,4250.0
6396,2026-07-27,4280.0
6396,2026-08-03,4650.0
6396,2026-08-10,4640.0
6396,2026-08-17,4500.0
6396,2026-08-24,4730.0
6412,2025-09-01,2127.22
6412,2025-09-08,2097.4
6412,2025-09-15,2096.44
6412,2025-09-22,2127.22
6412,2025-09-29,2045.93
6412,2025-10-06,1988.14
6412,2025-10-13,1988.14
6412,2025-10-20,2009.69
6412,2025-10-27,1962.68
6412,2025-11-03,1967.58
6412,2025-11-10,1951.91
6412,2025-11-17,1959.74
6412,2025-11-24,2008.71
6412,2025-12-01,1937.22
6412,2025-12-08,1935.26
6412,2025-12-15,1956.8
6412,2025-12-22,1999.9
6412,2025-12-29,1989.12
6412,2026-01-05,2027.32
6412,2026-01-12,2037.11
6412,2026-01-19,2021.44
6412,2026-01-26,1983.25
6412,2026-02-02,1980.31
6412,2026-02-09,1937.22
6412,2026-02-16,1951.91
6412,2026-02-23,1976.39
6412,2026-03-02,1944.07
6412,2026-03-09,1906.86
6412,2026-03-16,1881.39
6412,2026-03-23,1900.0
6412,2026-03-30,1922.0
6412,2026-04-06,1884.0
6412,2026-04-13,1898.0
6412,2026-04-20,1817.0
6412,2026-04-27,1805.0
6412,2026-05-04,1814.0
6412,2026-05-11,1900.0
6412,2026-05-18,1992.0
6412,2026-05-25,1942.0
6412,2026-06-01,2075.0
6412,2026-06-08,2088.0
6412,2026-06-15,2047.0
6412,2026-06-22,2002.0
6412,2026-06-29,1995.0
6412,2026-07-06,2023.0
6412,2026-07-13,2015.0
6412,2026-07-20,2043.0
6412,2026-07-27,2140.0
6412,2026-08-03,2121.0
6412,2026-08-10,2178.0
6412,2026-08-17,2230.0
6412,2026-08-24,2241.0
6570,2025-09-01,1275.49
6570,2025-09-08,1263.73
6570,2025-09-15,1310.78
6570,2025-09-22,1284.31
6570,2025-09-29,1209.58
6570,2025-10-06,1166.03
6570,2025-10-13,1198.69
6570,2025-10-20,1254.12
6570,2025-10-27,1176.92
6570,2025-11-03,1155.14
6570,2025-11-10,1153.16
6570,2025-11-17,1066.05
6570,2025-11-24,1128.41
6570,2025-12-01,1094.76
6570,2025-12-08,1092.78
6570,2025-12-15,1227.4
6570,2025-12-22,1197.7
6570,2025-12-29,1188.79
6570,2026-01-05,1229.38
6570,2026-01-12,1237.3
6570,2026-01-19,1225.42
6570,2026-01-26,1180.88
6570,2026-02-02,1216.51
6570,2026-02-09,1251.15
6570,2026-02-16,1262.04
6570,2026-02-23,1264.02
6570,2026-03-02,1295.7
6570,2026-03-09,1301.64
6570,2026-03-16,1268.97
6570,2026-03-23,1217.5
6570,2026-03-30,1212.0
6570,2026-04-06,1221.0
6570,2026-04-13,1270.0
6570,2026-04-20,1228.0
6570,2026-04-27,1232.0
6570,2026-05-04,1256.0
6570,2026-05-11,1599.0
6570,2026-05-18,1692.0
6570,2026-05-25,1653.0
6570,2026-06-01,1640.0
6570,2026-06-08,1612.0
6570,2026-06-15,1787.0
6570,2026-06-22,1908.0
6570,2026-06-29,1882.0
6570,2026-07-06,1900.0
6570,2026-07-13,1929.0
6570,2026-07-20,2005.0
6570,2026-07-27,2106.0
6570,2026-08-03,2102.0
6570,2026-08-10,3095.0
6570,2026-08-17,3880.0
6570,2026-08-24,4230.0
6676,2025-09-01,1750.79
6676,2025-09-08,1779.93
6676,2025-09-15,1719.22
6676,2025-09-22,1738.65
6676,2025-09-29,1748.52
6676,2025-10-06,1743.58
6676,2025-10-13,1731.24
6676,2025-10-20,1790.51
6676,2025-10-27,1713.95
6676,2025-11-03,1758.4
6676,2025-11-10,2422.74
6676,2025-11-17,2395.58
6676,2025-11-24,2489.42
6676,2025-12-01,2375.82
6676,2025-12-08,2338.77
6676,2025-12-15,2395.58
6676,2025-12-22,2422.74
6676,2025-12-29,2398.05
6676,2026-01-05,2479.54
6676,2026-01-12,2410.39
6676,2026-01-19,2331.36
6676,2026-01-26,2217.76
6676,2026-02-02,2291.85
6676,2026-02-09,2677.12
6676,2026-02-16,2479.54
6676,2026-02-23,2607.97
6676,2026-03-02,2430.15
6676,2026-03-09,2422.74
6676,2026-03-16,2437.56
6676,2026-03-23,2442.5
6676,2026-03-30,2421.0
6676,2026-04-06,2470.0
6676,2026-04-13,2536.0
6676,2026-04-20,2466.0
6676,2026-04-27,2417.0
6676,2026-05-04,2525.0
6676,2026-05-11,2541.0
6676,2026-05-18,2354.0
6676,2026-05-25,2324.0
6676,2026-06-01,2352.0
6676,2026-06-08,2541.0
6676,2026-06-15,2767.0
6676,2026-06-22,2422.0
6676,2026-06-29,2540.0
6676,2026-07-06,2643.0
6676,2026-07-13,2584.0
6676,2026-07-20,2712.0
6676,2026-07-27,2741.0
6676,2026-08-03,2894.0
6676,2026-08-10,2882.0
6676,2026-08-17,2942.0
6676,2026-08-24,2952.0
6820,2025-09-01,2849.46
6820,2025-09-08,2963.52
6820,2025-09-15,2919.65
6820,2025-09-22,2968.39
6820,2025-09-29,3027.37
6820,2025-10-06,2992.97
6820,2025-10-13,2973.31
6820,2025-10-20,2963.48
6820,2025-10-27,3086.34
6820,2025-11-03,3169.89
6820,2025-11-10,2761.0
6820,2025-11-17,2709.89
6820,2025-11-24,2762.97
6820,2025-12-01,2730.53
6820,2025-12-08,2799.33
6820,2025-12-15,2786.55
6820,2025-12-22,2818.01
6820,2025-12-29,2862.24
6820,2026-01-05,2932.03
6820,2026-01-12,3056.86
6820,2026-01-19,3007.71
6820,2026-01-26,2935.96
6820,2026-02-02,2928.09
6820,2026-02-09,3007.71
6820,2026-02-16,3091.26
6820,2026-02-23,3135.49
6820,2026-03-02,3042.11
6820,2026-03-09,2978.22
6820,2026-03-16,2958.56
6820,2026-03-23,2876.0
6820,2026-03-30,3050.0
6820,2026-04-06,3040.0
6820,2026-04-13,3250.0
6820,2026-04-20,3145.0
6820,2026-04-27,3035.0
6820,2026-05-04,3050.0
6820,2026-05-11,2980.0
6820,2026-05-18,3020.0
6820,2026-05-25,3115.0
6820,2026-06-01,3010.0
6820,2026-06-08,2993.0
6820,2026-06-15,2945.0
6820,2026-06-22,3060.0
6820,2026-06-29,3240.0
6820,2026-07-06,3320.0
6820,2026-07-13,3260.0
6820,2026-07-20,3300.0
6820,2026-07-27,3285.0
6820,2026-08-03,3340.0
6820,2026-08-10,3500.0
6820,2026-08-17,3530.0
6820,2026-08-24,3625.0
6943,2025-09-01,4389.08
6943,2025-09-08,4515.88
6943,2025-09-15,4452.48
6943,2025-09-22,4584.15
6943,2025-09-29,4495.62
6943,2025-10-06,4564.48
6943,2025-10-13,4426.75
6943,2025-10-20,4525.13
6943,2025-10-27,4534.96
6943,2025-11-03,4431.67
6943,2025-11-10,4426.75
6943,2025-11-17,4461.19
6943,2025-11-24,4554.64
6943,2025-12-01,4515.29
6943,2025-12-08,4426.75
6943,2025-12-15,4387.41
6943,2025-12-22,4382.49
6943,2025-12-29,4525.13
6943,2026-01-05,4539.88
6943,2026-01-12,4712.03
6943,2026-01-19,4608.74
6943,2026-01-26,4608.74
6943,2026-02-02,4662.85
6943,2026-02-09,5016.99
6943,2026-02-16,5016.99
6943,2026-02-23,5115.36
6943,2026-03-02,4820.24
6943,2026-03-09,4844.84
6943,2026-03-16,4830.08
6943,2026-03-23,4835.0
6943,2026-03-30,4870.0
6943,2026-04-06,4910.0
6943,2026-04-13,4980.0
6943,2026-04-20,4870.0
6943,2026-04-27,4860.0
6943,2026-05-04,4940.0
6943,2026-05-11,4890.0
6943,2026-05-18,4870.0
6943,2026-05-25,5010.0
6943,2026-06-01,4865.0
6943,2026-06-08,4865.0
6943,2026-06-15,4930.0
6943,2026-06-22,4945.0
6943,2026-06-29,4980.0
6943,2026-07-06,4990.0
6943,2026-07-13,4990.0
6943,2026-07-20,4995.0
6943,2026-07-27,4980.0
6943,2026-08-03,5540.0
6943,2026-08-10,5450.0
6943,2026-08-17,5480.0
6943,2026-08-24,5560.0
7239,2025-09-01,1946.78
7239,2025-09-08,1922.08
7239,2025-09-15,1911.63
7239,2025-09-22,1938.23
7239,2025-09-29,1880.62
7239,2025-10-06,1882.57
7239,2025-10-13,1920.59
7239,2025-10-20,1959.58
7239,2025-10-27,1910.84
7239,2025-11-03,1930.34
7239,2025-11-10,1974.21
7239,2025-11-17,1958.61
7239,2025-11-24,1982.98
7239,2025-12-01,1935.21
7239,2025-12-08,1986.88
7239,2025-12-15,2018.08
7239,2025-12-22,2034.65
7239,2025-12-29,2030.75
7239,2026-01-05,2062.93
7239,2026-01-12,2107.77
7239,2026-01-19,2105.82
7239,2026-01-26,2051.23
7239,2026-02-02,2158.47
7239,2026-02-09,2208.19
7239,2026-02-16,2229.64
7239,2026-02-23,2290.08
7239,2026-03-02,2144.82
7239,2026-03-09,2054.15
7239,2026-03-16,2027.83
7239,2026-03-23,2063.9
7239,2026-03-30,2078.0
7239,2026-04-06,2098.0
7239,2026-04-13,2115.0
7239,2026-04-20,2066.0
7239,2026-04-27,2051.0
7239,2026-05-04,2090.0
7239,2026-05-11,2172.0
7239,2026-05-18,2180.0
7239,2026-05-25,2272.0
7239,2026-06-01,2200.0
7239,2026-06-08,2145.0
7239,2026-06-15,2189.0
7239,2026-06-22,2150.0
7239,2026-06-29,2151.0
7239,2026-07-06,2146.0
7239,2026-07-13,2146.0
7239,2026-07-20,2169.0
7239,2026-07-27,2262.0
7239,2026-08-03,2284.0
7239,2026-08-10,2309.0
7239,2026-08-17,2338.0
7239,2026-08-24,2354.0
7357,2025-09-01,1141.99
7357,2025-09-08,1180.68
7357,2025-09-15,1211.44
7357,2025-09-22,1292.8
7357,2025-09-29,1233.27
7357,2025-10-06,1250.13
7357,2025-10-13,1233.27
7357,2025-10-20,1317.6
7357,2025-10-27,1283.87
7357,2025-11-03,1275.93
7357,2025-11-10,1292.8
7357,2025-11-17,1310.65
7357,2025-11-24,1348.36
7357,2025-12-01,1334.47
7357,2025-12-08,1339.43
7357,2025-12-15,1339.43
7357,2025-12-22,1319.58
7357,2025-12-29,1416.82
7357,2026-01-05,1457.5
7357,2026-01-12,1518.02
7357,2026-01-19,1575.56
7357,2026-01-26,1602.35
7357,2026-02-02,1677.76
7357,2026-02-09,1622.2
7357,2026-02-16,1591.44
7357,2026-02-23,1512.0
7357,2026-03-02,1438.0
7357,2026-03-09,1461.0
7357,2026-03-16,1464.0
7357,2026-03-23,1476.0
7357,2026-03-30,1510.0
7357,2026-04-06,1581.0
7357,2026-04-13,1618.0
7357,2026-04-20,1582.0
7357,2026-04-27,1508.0
7357,2026-05-04,1537.0
7357,2026-05-11,1534.0
7357,2026-05-18,1535.0
7357,2026-05-25,1485.0
7357,2026-06-01,1514.0
7357,2026-06-08,1530.0
7357,2026-06-15,1587.0
7357,2026-06-22,1601.0
7357,2026-06-29,1648.0
7357,2026-07-06,1674.0
7357,2026-07-13,1687.0
7357,2026-07-20,1705.0
7357,2026-07-27,1669.0
7357,2026-08-03,1672.0
7357,2026-08-10,1715.0
7357,2026-08-17,1805.0
7357,2026-08-24,1950.0
7358,2025-09-01,1405.97
7358,2025-09-08,1400.16
7358,2025-09-15,1457.32
7358,2025-09-22,1400.16
7358,2025-09-29,1373.02
7358,2025-10-06,1431.16
7358,2025-10-13,1435.04
7358,2025-10-20,1451.51
7358,2025-10-27,1406.94
7358,2025-11-03,1394.34
7358,2025-11-10,1337.17
7358,2025-11-17,1357.52
7358,2025-11-24,1326.51
7358,2025-12-01,1394.34
7358,2025-12-08,1386.59
7358,2025-12-15,1401.12
7358,2025-12-22,1405.0
7358,2025-12-29,1414.0
7358,2026-01-05,1446.0
7358,2026-01-12,1450.0
7358,2026-01-19,1402.0
7358,2026-01-26,1361.0
7358,2026-02-02,1386.0
7358,2026-02-09,1435.0
7358,2026-02-16,1406.0
7358,2026-02-23,1456.0
7358,2026-03-02,1423.0
7358,2026-03-09,1451.0
7358,2026-03-16,1440.0
7358,2026-03-23,1455.0
7358,2026-03-30,1440.0
7358,2026-04-06,1438.0
7358,2026-04-13,1421.0
7358,2026-04-20,1394.0
7358,2026-04-27,1510.0
7358,2026-05-04,1449.0
7358,2026-05-11,1385.0
7358,2026-05-18,1366.0
7358,2026-05-25,1360.0
7358,2026-06-01,1405.0
7358,2026-06-08,1372.0
7358,2026-06-15,1380.0
7358,2026-06-22,1400.0
7358,2026-06-29,1459.0
7358,2026-07-06,1492.0
7358,2026-07-13,1483.0
7358,2026-07-20,1477.0
7358,2026-07-27,1479.0
7358,2026-08-03,1467.0
7358,2026-08-10,1733.0
7358,2026-08-17,1818.0
7358,2026-08-24,1891.0
7366,2025-09-01,1293.38
7366,2025-09-08,1416.27
7366,2025-09-15,1369.69
7366,2025-09-22,1387.53
7366,2025-09-29,1285.45
7366,2025-10-06,1268.6
7366,2025-10-13,1225.98
7366,2025-10-20,1235.89
7366,2025-10-27,1223.01
7366,2025-11-03,1184.36
7366,2025-11-10,1229.95
7366,2025-11-17,1241.84
7366,2025-11-24,1273.55
7366,2025-12-01,1261.66
7366,2025-12-08,1216.07
7366,2025-12-15,1301.31
7366,2025-12-22,1280.49
7366,2025-12-29,1282.47
7366,2026-01-05,1282.47
7366,2026-01-12,1286.44
7366,2026-01-19,1300.31
7366,2026-01-26,1178.41
7366,2026-02-02,1262.65
7366,2026-02-09,1274.55
7366,2026-02-16,1331.04
7366,2026-02-23,1333.02
7366,2026-03-02,1344.91
7366,2026-03-09,1275.54
7366,2026-03-16,1270.58
7366,2026-03-23,1224.0
7366,2026-03-30,1229.0
7366,2026-04-06,1240.0
7366,2026-04-13,1263.0
7366,2026-04-20,1209.0
7366,2026-04-27,1187.0
7366,2026-05-04,1179.0
7366,2026-05-11,1532.0
7366,2026-05-18,1619.0
7366,2026-05-25,1591.0
7366,2026-06-01,1507.0
7366,2026-06-08,1580.0
7366,2026-06-15,1602.0
7366,2026-06-22,1512.0
7366,2026-06-29,1668.0
7366,2026-07-06,1645.0
7366,2026-07-13,1620.0
7366,2026-07-20,1593.0
7366,2026-07-27,1591.0
7366,2026-08-03,1774.0
7366,2026-08-10,1791.0
7366,2026-08-17,1833.0
7366,2026-08-24,1927.0
7458,2025-09-01,1663.39
7458,2025-09-08,1668.2
7458,2025-09-15,1637.91
7458,2025-09-22,1668.68
7458,2025-09-29,1600.76
7458,2025-10-06,1585.13
7458,2025-10-13,1598.32
7458,2025-10-20,1597.83
7458,2025-10-27,1540.66
7458,2025-11-03,1548.97
7458,2025-11-10,1558.74
7458,2025-11-17,1611.51
7458,2025-11-24,1644.25
7458,2025-12-01,1570.47
7458,2025-12-08,1614.44
7458,2025-12-15,1639.85
7458,2025-12-22,1655.98
7458,2025-12-29,1646.69
7458,2026-01-05,1669.17
7458,2026-01-12,1655.49
7458,2026-01-19,1664.28
7458,2026-01-26,1633.5
7458,2026-02-02,1662.33
7458,2026-02-09,1656.47
7458,2026-02-16,1628.61
7458,2026-02-23,1697.02
7458,2026-03-02,1650.6
7458,2026-03-09,1619.82
7458,2026-03-16,1629.1
7458,2026-03-23,1676.5
7458,2026-03-30,1735.0
7458,2026-04-06,1729.0
7458,2026-04-13,1741.5
7458,2026-04-20,1638.0
7458,2026-04-27,1619.0
7458,2026-05-04,1612.5
7458,2026-05-11,1696.5
7458,2026-05-18,1736.0
7458,2026-05-25,1632.5
7458,2026-06-01,1642.0
7458,2026-06-08,1693.0
7458,2026-06-15,1650.5
7458,2026-06-22,1672.5
7458,2026-06-29,1728.5
7458,2026-07-06,1747.0
7458,2026-07-13,1792.5
7458,2026-07-20,1762.0
7458,2026-07-27,1810.5
7458,2026-08-03,1840.0
7458,2026-08-10,1825.0
7458,2026-08-17,1872.5
7458,2026-08-24,1891.0
7482,2025-09-01,1245.57
7482,2025-09-08,1246.53
7482,2025-09-15,1244.61
7482,2025-09-22,1257.06
7482,2025-09-29,1245.33
7482,2025-10-06,1238.49
7482,2025-10-13,1269.77
7482,2025-10-20,1288.34
7482,2025-10-27,1260.97
7482,2025-11-03,1256.08
7482,2025-11-10,1280.52
7482,2025-11-17,1295.18
7482,2025-11-24,1295.18
7482,2025-12-01,1274.66
7482,2025-12-08,1314.73
7482,2025-12-15,1322.55
7482,2025-12-22,1333.31
7482,2025-12-29,1325.49
7482,2026-01-05,1362.63
7482,2026-01-12,1383.16
7482,2026-01-19,1372.41
7482,2026-01-26,1352.86
7482,2026-02-02,1383.16
7482,2026-02-09,1422.26
7482,2026-02-16,1414.44
7482,2026-02-23,1461.36
7482,2026-03-02,1382.18
7482,2026-03-09,1371.43
7482,2026-03-16,1368.5
7482,2026-03-23,1390.0
7482,2026-03-30,1394.0
7482,2026-04-06,1395.0
7482,2026-04-13,1354.0
7482,2026-04-20,1302.0
7482,2026-04-27,1296.0
7482,2026-05-04,1293.0
7482,2026-05-11,1335.0
7482,2026-05-18,1298.0
7482,2026-05-25,1292.0
7482,2026-06-01,1291.0
7482,2026-06-08,1303.0
7482,2026-06-15,1369.0
7482,2026-06-22,1336.0
7482,2026-06-29,1342.0
7482,2026-07-06,1376.0
7482,2026-07-13,1377.0
7482,2026-07-20,1379.0
7482,2026-07-27,1377.0
7482,2026-08-03,1392.0
7482,2026-08-10,1466.0
7482,2026-08-17,1498.0
7482,2026-08-24,1509.0
7513,2025-09-01,1110.0
7513,2025-09-08,1168.0
7513,2025-09-15,1186.0
7513,2025-09-22,1196.0
7513,2025-09-29,1086.0
7513,2025-10-06,1090.0
7513,2025-10-13,1081.0
7513,2025-10-20,1118.0
7513,2025-10-27,1101.0
7513,2025-11-03,1119.0
7513,2025-11-10,1119.0
7513,2025-11-17,1134.0
7513,2025-11-24,1175.0
7513,2025-12-01,1141.0
7513,2025-12-08,1152.0
7513,2025-12-15,1180.0
7513,2025-12-22,1201.0
7513,2025-12-29,1188.0
7513,2026-01-05,1179.0
7513,2026-01-12,1276.0
7513,2026-01-19,1274.0
7513,2026-01-26,1250.0
7513,2026-02-02,1251.0
7513,2026-02-09,1295.0
7513,2026-02-16,1338.0
7513,2026-02-23,1324.0
7513,2026-03-02,1305.0
7513,2026-03-09,1316.0
7513,2026-03-16,1356.0
7513,2026-03-23,1335.0
7513,2026-03-30,1340.0
7513,2026-04-06,1326.0
7513,2026-04-13,1273.0
7513,2026-04-20,1204.0
7513,2026-04-27,1197.0
7513,2026-05-04,1172.0
7513,2026-05-11,1213.0
7513,2026-05-18,1350.0
7513,2026-05-25,1387.0
7513,2026-06-01,1372.0
7513,2026-06-08,1430.0
7513,2026-06-15,1389.0
7513,2026-06-22,1275.0
7513,2026-06-29,1271.0
7513,2026-07-06,1268.0
7513,2026-07-13,1320.0
7513,2026-07-20,1361.0
7513,2026-07-27,1379.0
7513,2026-08-03,1366.0
7513,2026-08-10,1358.0
7513,2026-08-17,1484.0
7513,2026-08-24,1487.0
7552,2025-09-01,3272.95
7552,2025-09-08,3137.39
7552,2025-09-15,3001.82
7552,2025-09-22,3447.25
7552,2025-09-29,3279.63
7552,2025-10-06,3245.62
7552,2025-10-13,3138.72
7552,2025-10-20,3172.74
7552,2025-10-27,3056.13
7552,2025-11-03,3095.0
7552,2025-11-10,3041.55
7552,2025-11-17,3031.83
7552,2025-11-24,3153.3
7552,2025-12-01,2939.52
7552,2025-12-08,2915.22
7552,2025-12-15,2813.19
7552,2025-12-22,2847.2
7552,2025-12-29,2861.78
7552,2026-01-05,2821.94
7552,2026-01-12,2856.92
7552,2026-01-19,2834.57
7552,2026-01-26,2685.89
7552,2026-02-02,2637.31
7552,2026-02-09,2635.36
7552,2026-02-16,2798.62
7552,2026-02-23,3095.0
7552,2026-03-02,3080.42
7552,2026-03-09,2905.51
7552,2026-03-16,2766.55
7552,2026-03-23,2751.0
7552,2026-03-30,2718.0
7552,2026-04-06,2747.0
7552,2026-04-13,2798.0
7552,2026-04-20,2685.0
7552,2026-04-27,2670.0
7552,2026-05-04,2631.0
7552,2026-05-11,2647.0
7552,2026-05-18,2710.0
7552,2026-05-25,2775.0
7552,2026-06-01,2748.0
7552,2026-06-08,2711.0
7552,2026-06-15,2744.0
7552,2026-06-22,2903.0
7552,2026-06-29,2990.0
7552,2026-07-06,3110.0
7552,2026-07-13,3105.0
7552,2026-07-20,3040.0
7552,2026-07-27,3315.0
7552,2026-08-03,3390.0
7552,2026-08-10,3480.0
7552,2026-08-17,3695.0
7552,2026-08-24,3760.0
7624,2025-09-01,134.17
7624,2025-09-08,137.08
7624,2025-09-15,137.08
7624,2025-09-22,137.08
7624,2025-09-29,134.17
7624,2025-10-06,134.17
7624,2025-10-13,133.19
7624,2025-10-20,136.11
7624,2025-10-27,133.19
7624,2025-11-03,135.14
7624,2025-11-10,136.11
7624,2025-11-17,133.19
7624,2025-11-24,136.11
7624,2025-12-01,135.14
7624,2025-12-08,135.14
7624,2025-12-15,137.08
7624,2025-12-22,131.25
7624,2025-12-29,129.31
7624,2026-01-05,138.06
7624,2026-01-12,138.06
7624,2026-01-19,140.0
7624,2026-01-26,135.14
7624,2026-02-02,137.08
7624,2026-02-09,140.0
7624,2026-02-16,140.0
7624,2026-02-23,144.0
7624,2026-03-02,139.0
7624,2026-03-09,136.0
7624,2026-03-16,136.0
7624,2026-03-23,134.0
7624,2026-03-30,133.0
7624,2026-04-06,133.0
7624,2026-04-13,133.0
7624,2026-04-20,133.0
7624,2026-04-27,134.0
7624,2026-05-04,134.0
7624,2026-05-11,134.0
7624,2026-05-18,133.0
7624,2026-05-25,135.0
7624,2026-06-01,134.0
7624,2026-06-08,132.0
7624,2026-06-15,136.0
7624,2026-06-22,138.0
7624,2026-06-29,142.0
7624,2026-07-06,141.0
7624,2026-07-13,140.0
7624,2026-07-20,139.0
7624,2026-07-27,139.0
7624,2026-08-03,140.0
7624,2026-08-10,145.0
7624,2026-08-17,152.0
7624,2026-08-24,156.0
7752,2025-09-01,1322.26
7752,2025-09-08,1347.01
7752,2025-09-15,1290.22
7752,2025-09-22,1313.03
7752,2025-09-29,1281.99
7752,2025-10-06,1329.29
7752,2025-10-13,1308.6
7752,2025-10-20,1340.13
7752,2025-10-27,1304.66
7752,2025-11-03,1308.11
7752,2025-11-10,1359.84
7752,2025-11-17,1364.27
7752,2025-11-24,1380.53
7752,2025-12-01,1343.58
7752,2025-12-08,1363.78
7752,2025-12-15,1345.06
7752,2025-12-22,1346.54
7752,2025-12-29,1353.93
7752,2026-01-05,1397.78
7752,2026-01-12,1460.35
7752,2026-01-19,1381.52
7752,2026-01-26,1342.1
7752,2026-02-02,1480.55
7752,2026-02-09,1442.61
7752,2026-02-16,1427.83
7752,2026-02-23,1448.52
7752,2026-03-02,1353.43
7752,2026-03-09,1327.81
7752,2026-03-16,1338.65
7752,2026-03-23,1349.0
7752,2026-03-30,1355.0
7752,2026-04-06,1342.0
7752,2026-04-13,1406.0
7752,2026-04-20,1297.0
7752,2026-04-27,1300.5
7752,2026-05-04,1342.0
7752,2026-05-11,1421.5
7752,2026-05-18,1457.0
7752,2026-05-25,1458.5
7752,2026-06-01,1512.0
7752,2026-06-08,1438.0
7752,2026-06-15,1477.0
7752,2026-06-22,1414.0
7752,2026-06-29,1441.5
7752,2026-07-06,1497.0
7752,2026-07-13,1501.0
7752,2026-07-20,1556.5
7752,2026-07-27,1579.5
7752,2026-08-03,1616.0
7752,2026-08-10,1678.0
7752,2026-08-17,1642.0
7752,2026-08-24,1677.0
7806,2025-09-01,4293.68
7806,2025-09-08,4512.59
7806,2025-09-15,5054.9
7806,2025-09-22,5035.0
7806,2025-09-29,4365.0
7806,2025-10-06,4165.0
7806,2025-10-13,3880.0
7806,2025-10-20,3905.0
7806,2025-10-27,3720.0
7806,2025-11-03,3730.0
7806,2025-11-10,4920.0
7806,2025-11-17,4430.0
7806,2025-11-24,4535.0
7806,2025-12-01,4935.0
7806,2025-12-08,4765.0
7806,2025-12-15,4765.0
7806,2025-12-22,4775.0
7806,2025-12-29,4730.0
7806,2026-01-05,4745.0
7806,2026-01-12,4390.0
7806,2026-01-19,4340.0
7806,2026-01-26,4235.0
7806,2026-02-02,4175.0
7806,2026-02-09,5380.0
7806,2026-02-16,5270.0
7806,2026-02-23,5750.0
7806,2026-03-02,5800.0
7806,2026-03-09,6270.0
7806,2026-03-16,6160.0
7806,2026-03-23,6470.0
7806,2026-03-30,6380.0
7806,2026-04-06,6070.0
7806,2026-04-13,6600.0
7806,2026-04-20,6270.0
7806,2026-04-27,6100.0
7806,2026-05-04,6290.0
7806,2026-05-11,6710.0
7806,2026-05-18,6220.0
7806,2026-05-25,7500.0
7806,2026-06-01,6800.0
7806,2026-06-08,7060.0
7806,2026-06-15,7650.0
7806,2026-06-22,7260.0
7806,2026-06-29,8100.0
7806,2026-07-06,7550.0
7806,2026-07-13,7460.0
7806,2026-07-20,7670.0
7806,2026-07-27,7610.0
7806,2026-08-03,8170.0
7806,2026-08-10,8130.0
7806,2026-08-17,8680.0
7806,2026-08-24,8980.0
7832,2025-09-01,4917.76
7832,2025-09-08,4932.5
7832,2025-09-15,4759.5
7832,2025-09-22,4846.99
7832,2025-09-29,4773.91
7832,2025-10-06,4761.07
7832,2025-10-13,4604.04
7832,2025-10-20,4747.24
7832,2025-10-27,4742.3
7832,2025-11-03,4503.31
7832,2025-11-10,4549.73
7832,2025-11-17,4487.51
7832,2025-11-24,4520.1
7832,2025-12-01,4268.27
7832,2025-12-08,4228.77
7832,2025-12-15,4164.58
7832,2025-12-22,4173.46
7832,2025-12-29,4120.14
7832,2026-01-05,4156.68
7832,2026-01-12,4120.14
7832,2026-01-19,4055.94
7832,2026-01-26,3960.15
7832,2026-02-02,4142.85
7832,2026-02-09,3960.15
7832,2026-02-16,3979.9
7832,2026-02-23,4191.24
7832,2026-03-02,4074.71
7832,2026-03-09,4210.99
7832,2026-03-16,4125.07
7832,2026-03-23,3972.0
7832,2026-03-30,3977.0
7832,2026-04-06,3854.0
7832,2026-04-13,3935.0
7832,2026-04-20,3744.0
7832,2026-04-27,3608.0
7832,2026-05-04,3637.0
7832,2026-05-11,3709.0
7832,2026-05-18,3704.0
7832,2026-05-25,3641.0
7832,2026-06-01,3751.0
7832,2026-06-08,3666.0
7832,2026-06-15,3591.0
7832,2026-06-22,3698.0
7832,2026-06-29,3916.0
7832,2026-07-06,4017.0
7832,2026-07-13,4189.0
7832,2026-07-20,4111.0
7832,2026-07-27,4609.0
7832,2026-08-03,5398.0
7832,2026-08-10,5435.0
7832,2026-08-17,5484.0
7832,2026-08-24,5576.0
7856,2025-09-01,1602.34
7856,2025-09-08,1627.27
7856,2025-09-15,1643.58
7856,2025-09-22,1645.49
7856,2025-09-29,1602.34
7856,2025-10-06,1599.47
7856,2025-10-13,1616.73
7856,2025-10-20,1651.25
7856,2025-10-27,1577.5
7856,2025-11-03,1536.37
7856,2025-11-10,1552.04
7856,2025-11-17,1553.02
7856,2025-11-24,1563.79
7856,2025-12-01,1572.6
7856,2025-12-08,1609.81
7856,2025-12-15,1618.62
7856,2025-12-22,1654.85
7856,2025-12-29,1656.81
7856,2026-01-05,1677.38
7856,2026-01-12,1695.0
7856,2026-01-19,1680.31
7856,2026-01-26,1665.63
7856,2026-02-02,1688.15
7856,2026-02-09,1733.19
7856,2026-02-16,1742.98
7856,2026-02-23,1816.42
7856,2026-03-02,1752.77
7856,2026-03-09,1672.48
7856,2026-03-16,1672.48
7856,2026-03-23,1702.84
7856,2026-03-30,1729.27
7856,2026-04-06,1705.77
7856,2026-04-13,1704.79
7856,2026-04-20,1651.92
7856,2026-04-27,1643.0
7856,2026-05-04,1652.0
7856,2026-05-11,1717.0
7856,2026-05-18,1672.0
7856,2026-05-25,1652.0
7856,2026-06-01,1670.0
7856,2026-06-08,1698.0
7856,2026-06-15,1729.0
7856,2026-06-22,1754.0
7856,2026-06-29,1734.0
7856,2026-07-06,1761.0
7856,2026-07-13,1777.0
7856,2026-07-20,1778.0
7856,2026-07-27,1781.0
7856,2026-08-03,1828.0
7856,2026-08-10,1870.0
7856,2026-08-17,1860.0
7856,2026-08-24,1892.0
7928,2025-09-01,588.17
7928,2025-09-08,596.11
7928,2025-09-15,592.14
7928,2025-09-22,586.19
7928,2025-09-29,586.19
7928,2025-10-06,576.27
7928,2025-10-13,575.28
7928,2025-10-20,578.25
7928,2025-10-27,573.29
7928,2025-11-03,572.3
7928,2025-11-10,577.26
7928,2025-11-17,577.26
7928,2025-11-24,583.21
7928,2025-12-01,578.25
7928,2025-12-08,576.27
7928,2025-12-15,572.3
7928,2025-12-22,577.26
7928,2025-12-29,584.2
7928,2026-01-05,587.18
7928,2026-01-12,609.0
7928,2026-01-19,611.98
7928,2026-01-26,594.12
7928,2026-02-02,607.02
7928,2026-02-09,609.99
7928,2026-02-16,606.02
7928,2026-02-23,618.0
7928,2026-03-02,601.0
7928,2026-03-09,599.0
7928,2026-03-16,615.0
7928,2026-03-23,610.0
7928,2026-03-30,621.0
7928,2026-04-06,614.0
7928,2026-04-13,620.0
7928,2026-04-20,610.0
7928,2026-04-27,604.0
7928,2026-05-04,607.0
7928,2026-05-11,608.0
7928,2026-05-18,608.0
7928,2026-05-25,600.0
7928,2026-06-01,600.0
7928,2026-06-08,596.0
7928,2026-06-15,612.0
7928,2026-06-22,610.0
7928,2026-06-29,621.0
7928,2026-07-06,639.0
7928,2026-07-13,620.0
7928,2026-07-20,630.0
7928,2026-07-27,632.0
7928,2026-08-03,638.0
7928,2026-08-10,651.0
7928,2026-08-17,654.0
7928,2026-08-24,655.0
7976,2025-09-01,2081.81
7976,2025-09-08,2124.83
7976,2025-09-15,2160.04
7976,2025-09-22,2176.66
7976,2025-09-29,2122.88
7976,2025-10-06,2131.68
7976,2025-10-13,2125.81
7976,2025-10-20,2110.17
7976,2025-10-27,2002.61
7976,2025-11-03,2087.68
7976,2025-11-10,2090.61
7976,2025-11-17,2079.85
7976,2025-11-24,2102.34
7976,2025-12-01,2087.68
7976,2025-12-08,2169.81
7976,2025-12-15,2129.72
7976,2025-12-22,2174.7
7976,2025-12-29,2153.93
7976,2026-01-05,2204.39
7976,2026-01-12,2284.53
7976,2026-01-19,2325.09
7976,2026-01-26,2265.73
7976,2026-02-02,2307.28
7976,2026-02-09,2157.88
7976,2026-02-16,2252.87
7976,2026-02-23,2426.01
7976,2026-03-02,2283.54
7976,2026-03-09,2289.47
7976,2026-03-16,2319.16
7976,2026-03-23,2384.46
7976,2026-03-30,2412.16
7976,2026-04-06,2436.9
7976,2026-04-13,2462.62
7976,2026-04-20,2342.9
7976,2026-04-27,2520.01
7976,2026-05-04,2494.28
7976,2026-05-11,2531.88
7976,2026-05-18,2572.44
7976,2026-05-25,2595.2
7976,2026-06-01,2461.63
7976,2026-06-08,2581.35
7976,2026-06-15,2521.98
7976,2026-06-22,2660.5
7976,2026-06-29,2690.0
7976,2026-07-06,2696.0
7976,2026-07-13,2688.0
7976,2026-07-20,2610.0
7976,2026-07-27,2771.0
7976,2026-08-03,2934.0
7976,2026-08-10,2897.0
7976,2026-08-17,2971.0
7976,2026-08-24,2992.0
8011,2025-09-01,3269.37
8011,2025-09-08,3377.69
8011,2025-09-15,3397.39
8011,2025-09-22,3471.24
8011,2025-09-29,3298.91
8011,2025-10-06,3185.66
8011,2025-10-13,3269.37
8011,2025-10-20,3392.46
8011,2025-10-27,3131.5
8011,2025-11-03,3175.82
8011,2025-11-10,3293.99
8011,2025-11-17,3412.16
8011,2025-11-24,3333.38
8011,2025-12-01,3550.02
8011,2025-12-08,3559.87
8011,2025-12-15,3766.67
8011,2025-12-22,3737.12
8011,2025-12-29,3830.68
8011,2026-01-05,4012.85
8011,2026-01-12,4155.64
8011,2026-01-19,4111.33
8011,2026-01-26,4318.13
8011,2026-02-02,4204.88
8011,2026-02-09,4549.54
8011,2026-02-16,4332.9
8011,2026-02-23,4335.0
8011,2026-03-02,4085.0
8011,2026-03-09,3985.0
8011,2026-03-16,3880.0
8011,2026-03-23,3975.0
8011,2026-03-30,4005.0
8011,2026-04-06,4015.0
8011,2026-04-13,4030.0
8011,2026-04-20,3825.0
8011,2026-04-27,3925.0
8011,2026-05-04,3680.0
8011,2026-05-11,3825.0
8011,2026-05-18,3710.0
8011,2026-05-25,3725.0
8011,2026-06-01,3660.0
8011,2026-06-08,3790.0
8011,2026-06-15,3990.0
8011,2026-06-22,3950.0
8011,2026-06-29,4375.0
8011,2026-07-06,4235.0
8011,2026-07-13,4190.0
8011,2026-07-20,4625.0
8011,2026-07-27,4900.0
8011,2026-08-03,5120.0
8011,2026-08-10,5280.0
8011,2026-08-17,5320.0
8011,2026-08-24,5520.0
8037,2025-09-01,2809.26
8037,2025-09-08,2816.97
8037,2025-09-15,2851.69
8037,2025-09-22,2922.09
8037,2025-09-29,2823.06
8037,2025-10-06,2775.99
8037,2025-10-13,2805.41
8037,2025-10-20,2966.22
8037,2025-10-27,2861.3
8037,2025-11-03,2927.0
8037,2025-11-10,2786.77
8037,2025-11-17,2756.38
8037,2025-11-24,2851.49
8037,2025-12-01,2786.77
8037,2025-12-08,2836.78
8037,2025-12-15,2951.51
8037,2025-12-22,2934.84
8037,2025-12-29,2961.32
8037,2026-01-05,3128.01
8037,2026-01-12,3240.78
8037,2026-01-19,3186.85
8037,2026-01-26,3020.15
8037,2026-02-02,3162.33
8037,2026-02-09,3196.65
8037,2026-02-16,3211.36
8037,2026-02-23,3329.03
8037,2026-03-02,3103.5
8037,2026-03-09,3010.34
8037,2026-03-16,3083.89
8037,2026-03-23,3280.0
8037,2026-03-30,3450.0
8037,2026-04-06,3425.0
8037,2026-04-13,3295.0
8037,2026-04-20,3185.0
8037,2026-04-27,3220.0
8037,2026-05-04,3345.0
8037,2026-05-11,3335.0
8037,2026-05-18,3565.0
8037,2026-05-25,3605.0
8037,2026-06-01,3440.0
8037,2026-06-08,3430.0
8037,2026-06-15,3490.0
8037,2026-06-22,3455.0
8037,2026-06-29,3545.0
8037,2026-07-06,3640.0
8037,2026-07-13,3630.0
8037,2026-07-20,3720.0
8037,2026-07-27,3895.0
8037,2026-08-03,4150.0
8037,2026-08-10,4335.0
8037,2026-08-17,4355.0
8037,2026-08-24,4390.0
8059,2025-09-01,2611.51
8059,2025-09-08,2689.28
8059,2025-09-15,2714.24
8059,2025-09-22,2705.6
8059,2025-09-29,2637.16
8059,2025-10-06,2624.45
8059,2025-10-13,2595.11
8059,2025-10-20,2647.91
8059,2025-10-27,2556.98
8059,2025-11-03,2774.05
8059,2025-11-10,2732.98
8059,2025-11-17,2736.89
8059,2025-11-24,2908.99
8059,2025-12-01,2771.12
8059,2025-12-08,2829.79
8059,2025-12-15,2878.68
8059,2025-12-22,2914.85
8059,2025-12-29,2962.77
8059,2026-01-05,3045.88
8059,2026-01-12,3226.78
8059,2026-01-19,3153.44
8059,2026-01-26,3109.44
8059,2026-02-02,3324.56
8059,2026-02-09,3407.67
8059,2026-02-16,3397.89
8059,2026-02-23,3500.56
8059,2026-03-02,3334.34
8059,2026-03-09,3187.66
8059,2026-03-16,3236.55
8059,2026-03-23,3261.0
8059,2026-03-30,3360.0
8059,2026-04-06,3405.0
8059,2026-04-13,3330.0
8059,2026-04-20,3285.0
8059,2026-04-27,3220.0
8059,2026-05-04,3175.0
8059,2026-05-11,2955.0
8059,2026-05-18,2902.0
8059,2026-05-25,3115.0
8059,2026-06-01,3040.0
8059,2026-06-08,2982.0
8059,2026-06-15,3090.0
8059,2026-06-22,3025.0
8059,2026-06-29,3175.0
8059,2026-07-06,3330.0
8059,2026-07-13,3305.0
8059,2026-07-20,3465.0
8059,2026-07-27,3190.0
8059,2026-08-03,3490.0
8059,2026-08-10,3585.0
8059,2026-08-17,3640.0
8059,2026-08-24,3625.0
8066,2025-09-01,2079.09
8066,2025-09-08,2068.54
8066,2025-09-15,2103.05
8066,2025-09-22,2103.05
8066,2025-09-29,2183.26
8066,2025-10-06,2239.99
8066,2025-10-13,2191.08
8066,2025-10-20,2226.3
8066,2025-10-27,2269.34
8066,2025-11-03,2306.51
8066,2025-11-10,2327.05
8066,2025-11-17,2323.14
8066,2025-11-24,2332.92
8066,2025-12-01,2166.63
8066,2025-12-08,2216.52
8066,2025-12-15,2296.73
8066,2025-12-22,2215.54
8066,2025-12-29,2248.8
8066,2026-01-05,2210.65
8066,2026-01-12,2208.69
8066,2026-01-19,2166.63
8066,2026-01-26,2328.03
8066,2026-02-02,2445.41
8066,2026-02-09,2688.97
8066,2026-02-16,2553.98
8066,2026-02-23,2787.76
8066,2026-03-02,2581.37
8066,2026-03-09,2521.7
8066,2026-03-16,2419.97
8066,2026-03-23,2374.0
8066,2026-03-30,2359.0
8066,2026-04-06,2359.0
8066,2026-04-13,2370.0
8066,2026-04-20,2397.0
8066,2026-04-27,2666.0
8066,2026-05-04,2740.0
8066,2026-05-11,2718.0
8066,2026-05-18,2574.0
8066,2026-05-25,2481.0
8066,2026-06-01,2447.0
8066,2026-06-08,2491.0
8066,2026-06-15,2509.0
8066,2026-06-22,2507.0
8066,2026-06-29,2679.0
8066,2026-07-06,2751.0
8066,2026-07-13,2813.0
8066,2026-07-20,2785.0
8066,2026-07-27,2897.0
8066,2026-08-03,3145.0
8066,2026-08-10,3230.0
8066,2026-08-17,3115.0
8066,2026-08-24,3330.0
8133,2025-09-01,1902.58
8133,2025-09-08,1918.07
8133,2025-09-15,1919.03
8133,2025-09-22,1985.81
8133,2025-09-29,1930.78
8133,2025-10-06,1860.04
8133,2025-10-13,1862.0
8133,2025-10-20,1892.46
8133,2025-10-27,1789.29
8133,2025-11-03,1786.34
8133,2025-11-10,1815.82
8133,2025-11-17,1828.59
8133,2025-11-24,1862.98
8133,2025-12-01,1739.18
8133,2025-12-08,1802.06
8133,2025-12-15,1858.07
8133,2025-12-22,1867.9
8133,2025-12-29,1864.95
8133,2026-01-05,1922.92
8133,2026-01-12,1989.74
8133,2026-01-19,2008.41
8133,2026-01-26,1878.71
8133,2026-02-02,1888.53
8133,2026-02-09,1913.1
8133,2026-02-16,1928.82
8133,2026-02-23,2048.69
8133,2026-03-02,1970.09
8133,2026-03-09,1933.73
8133,2026-03-16,1929.8
8133,2026-03-23,1975.0
8133,2026-03-30,2039.0
8133,2026-04-06,2004.0
8133,2026-04-13,1983.0
8133,2026-04-20,1887.0
8133,2026-04-27,1957.0
8133,2026-05-04,2021.0
8133,2026-05-11,2049.0
8133,2026-05-18,1979.0
8133,2026-05-25,1952.0
8133,2026-06-01,1950.0
8133,2026-06-08,2000.0
8133,2026-06-15,1982.0
8133,2026-06-22,2017.0
8133,2026-06-29,2022.0
8133,2026-07-06,2039.0
8133,2026-07-13,2053.0
8133,2026-07-20,2070.0
8133,2026-07-27,2170.0
8133,2026-08-03,2111.0
8133,2026-08-10,2145.0
8133,2026-08-17,2230.0
8133,2026-08-24,2249.0
8173,2025-09-01,2491.51
8173,2025-09-08,2472.22
8173,2025-09-15,2516.59
8173,2025-09-22,2589.9
8173,2025-09-29,2467.04
8173,2025-10-06,2464.09
8173,2025-10-13,2609.55
8173,2025-10-20,2664.59
8173,2025-10-27,2626.26
8173,2025-11-03,2560.41
8173,2025-11-10,2546.65
8173,2025-11-17,2626.26
8173,2025-11-24,2670.49
8173,2025-12-01,2578.1
8173,2025-12-08,2584.98
8173,2025-12-15,2609.55
8173,2025-12-22,2668.53
8173,2025-12-29,2666.56
8173,2026-01-05,2647.89
8173,2026-01-12,2682.29
8173,2026-01-19,2671.47
8173,2026-01-26,2698.01
8173,2026-02-02,2685.24
8173,2026-02-09,2726.52
8173,2026-02-16,2752.07
8173,2026-02-23,2793.35
8173,2026-03-02,2771.73
8173,2026-03-09,2733.4
8173,2026-03-16,2720.62
8173,2026-03-23,2871.0
8173,2026-03-30,2900.0
8173,2026-04-06,2988.0
8173,2026-04-13,2886.0
8173,2026-04-20,2902.0
8173,2026-04-27,2990.0
8173,2026-05-04,2921.0
8173,2026-05-11,2975.0
8173,2026-05-18,3070.0
8173,2026-05-25,3070.0
8173,2026-06-01,3460.0
8173,2026-06-08,3785.0
8173,2026-06-15,3830.0
8173,2026-06-22,3925.0
8173,2026-06-29,3655.0
8173,2026-07-06,3470.0
8173,2026-07-13,3565.0
8173,2026-07-20,3770.0
8173,2026-07-27,3945.0
8173,2026-08-03,4050.0
8173,2026-08-10,4130.0
8173,2026-08-17,4295.0
8173,2026-08-24,4365.0
8609,2025-09-01,644.03
8609,2025-09-08,650.64
8609,2025-09-15,657.25
8609,2025-09-22,660.08
8609,2025-09-29,633.64
8609,2025-10-06,637.42
8609,2025-10-13,646.86
8609,2025-10-20,653.47
8609,2025-10-27,653.47
8609,2025-11-03,640.25
8609,2025-11-10,674.24
8609,2025-11-17,677.08
8609,2025-11-24,682.74
8609,2025-12-01,678.97
8609,2025-12-08,695.96
8609,2025-12-15,691.24
8609,2025-12-22,711.07
8609,2025-12-29,710.13
8609,2026-01-05,748.85
8609,2026-01-12,827.22
8609,2026-01-19,820.61
8609,2026-01-26,834.78
8609,2026-02-02,879.16
8609,2026-02-09,900.88
8609,2026-02-16,902.77
8609,2026-02-23,941.49
8609,2026-03-02,827.22
8609,2026-03-09,802.67
8609,2026-03-16,825.34
8609,2026-03-23,848.0
8609,2026-03-30,866.0
8609,2026-04-06,903.0
8609,2026-04-13,911.0
8609,2026-04-20,883.0
8609,2026-04-27,905.0
8609,2026-05-04,890.0
8609,2026-05-11,930.0
8609,2026-05-18,918.0
8609,2026-05-25,941.0
8609,2026-06-01,938.0
8609,2026-06-08,941.0
8609,2026-06-15,949.0
8609,2026-06-22,959.0
8609,2026-06-29,997.0
8609,2026-07-06,1016.0
8609,2026-07-13,1022.0
8609,2026-07-20,1056.0
8609,2026-07-27,1115.0
8609,2026-08-03,1115.0
8609,2026-08-10,1115.0
8609,2026-08-17,1157.0
8609,2026-08-24,1182.0
8613,2025-09-01,909.51
8613,2025-09-08,904.85
8613,2025-09-15,914.17
8613,2025-09-22,914.17
8613,2025-09-29,889.1
8613,2025-10-06,900.67
8613,2025-10-13,910.32
8613,2025-10-20,901.64
8613,2025-10-27,894.89
8613,2025-11-03,893.92
8613,2025-11-10,916.1
8613,2025-11-17,922.85
8613,2025-11-24,943.1
8613,2025-12-01,932.5
8613,2025-12-08,945.03
8613,2025-12-15,956.6
8613,2025-12-22,981.68
8613,2025-12-29,978.78
8613,2026-01-05,1010.61
8613,2026-01-12,1036.64
8613,2026-01-19,1032.79
8613,2026-01-26,1019.29
8613,2026-02-02,1036.64
8613,2026-02-09,1048.21
8613,2026-02-16,1042.43
8613,2026-02-23,1078.11
8613,2026-03-02,1007.71
8613,2026-03-09,974.93
8613,2026-03-16,1026.04
8613,2026-03-23,1027.0
8613,2026-03-30,1047.0
8613,2026-04-06,1060.0
8613,2026-04-13,1077.0
8613,2026-04-20,1024.0
8613,2026-04-27,1047.0
8613,2026-05-04,1031.0
8613,2026-05-11,1063.0
8613,2026-05-18,1063.0
8613,2026-05-25,1037.0
8613,2026-06-01,1054.0
8613,2026-06-08,1057.0
8613,2026-06-15,1040.0
8613,2026-06-22,1056.0
8613,2026-06-29,1080.0
8613,2026-07-06,1119.0
8613,2026-07-13,1141.0
8613,2026-07-20,1136.0
8613,2026-07-27,1216.0
8613,2026-08-03,1219.0
8613,2026-08-10,1219.0
8613,2026-08-17,1265.0
8613,2026-08-24,1261.0
8616,2025-09-01,549.73
8616,2025-09-08,548.8
8616,2025-09-15,551.59
8616,2025-09-22,570.16
8616,2025-09-29,549.94
8616,2025-10-06,557.64
8616,2025-10-13,557.64
8616,2025-10-20,556.68
8616,2025-10-27,550.9
8616,2025-11-03,568.23
8616,2025-11-10,589.42
8616,2025-11-17,597.13
8616,2025-11-24,623.13
8616,2025-12-01,619.28
8616,2025-12-08,647.21
8616,2025-12-15,641.43
8616,2025-12-22,659.73
8616,2025-12-29,661.66
8616,2026-01-05,689.59
8616,2026-01-12,724.26
8616,2026-01-19,715.59
8616,2026-01-26,712.7
8616,2026-02-02,726.18
8616,2026-02-09,738.7
8616,2026-02-16,744.48
8616,2026-02-23,799.38
8616,2026-03-02,732.93
8616,2026-03-09,714.63
8616,2026-03-16,720.41
8616,2026-03-23,731.0
8616,2026-03-30,737.0
8616,2026-04-06,750.0
8616,2026-04-13,755.0
8616,2026-04-20,716.0
8616,2026-04-27,688.0
8616,2026-05-04,692.0
8616,2026-05-11,710.0
8616,2026-05-18,704.0
8616,2026-05-25,694.0
8616,2026-06-01,709.0
8616,2026-06-08,728.0
8616,2026-06-15,740.0
8616,2026-06-22,764.0
8616,2026-06-29,766.0
8616,2026-07-06,776.0
8616,2026-07-13,778.0
8616,2026-07-20,812.0
8616,2026-07-27,802.0
8616,2026-08-03,822.0
8616,2026-08-10,837.0
8616,2026-08-17,853.0
8616,2026-08-24,864.0
8706,2025-09-01,1512.21
8706,2025-09-08,1496.31
8706,2025-09-15,1468.25
8706,2025-09-22,1487.89
8706,2025-09-29,1413.55
8706,2025-10-06,1430.93
8706,2025-10-13,1504.31
8706,2025-10-20,1486.93
8706,2025-10-27,1472.44
8706,2025-11-03,1472.44
8706,2025-11-10,1535.2
8706,2025-11-17,1548.72
8706,2025-11-24,1582.52
8706,2025-12-01,1553.55
8706,2025-12-08,1567.07
8706,2025-12-15,1585.41
8706,2025-12-22,1639.48
8706,2025-12-29,1634.65
8706,2026-01-05,1670.38
8706,2026-01-12,1723.48
8706,2026-01-19,1714.79
8706,2026-01-26,1666.52
8706,2026-02-02,1708.04
8706,2026-02-09,1708.04
8706,2026-02-16,1735.07
8706,2026-02-23,1834.52
8706,2026-03-02,1758.24
8706,2026-03-09,1691.62
8706,2026-03-16,1687.76
8706,2026-03-23,1681.0
8706,2026-03-30,1722.0
8706,2026-04-06,1778.0
8706,2026-04-13,1655.0
8706,2026-04-20,1583.0
8706,2026-04-27,1559.0
8706,2026-05-04,1565.0
8706,2026-05-11,1567.0
8706,2026-05-18,1550.0
8706,2026-05-25,1567.0
8706,2026-06-01,1552.0
8706,2026-06-08,1547.0
8706,2026-06-15,1540.0
8706,2026-06-22,1534.0
8706,2026-06-29,1604.0
8706,2026-07-06,1658.0
8706,2026-07-13,1724.0
8706,2026-07-20,1759.0
8706,2026-07-27,1777.0
8706,2026-08-03,1803.0
8706,2026-08-10,1858.0
8706,2026-08-17,1900.0
8706,2026-08-24,1899.0
8876,2025-09-01,1668.85
8876,2025-09-08,1712.27
8876,2025-09-15,1748.45
8876,2025-09-22,1771.61
8876,2025-09-29,1631.21
8876,2025-10-06,1633.14
8876,2025-10-13,1616.74
8876,2025-10-20,1621.08
8876,2025-10-27,1599.85
8876,2025-11-03,1597.92
8876,2025-11-10,1715.16
8876,2025-11-17,1664.99
8876,2025-11-24,1654.86
8876,2025-12-01,1615.78
8876,2025-12-08,1623.49
8876,2025-12-15,1665.47
8876,2025-12-22,1677.05
8876,2025-12-29,1655.34
8876,2026-01-05,1692.49
8876,2026-01-12,1731.57
8876,2026-01-19,1747.01
8876,2026-01-26,1690.56
8876,2026-02-02,1724.81
8876,2026-02-09,1772.58
8876,2026-02-16,1785.6
8876,2026-02-23,1858.46
8876,2026-03-02,1860.87
8876,2026-03-09,1852.67
8876,2026-03-16,1891.26
8876,2026-03-23,1898.5
8876,2026-03-30,1998.0
8876,2026-04-06,1945.0
8876,2026-04-13,1974.0
8876,2026-04-20,1958.0
8876,2026-04-27,1927.0
8876,2026-05-04,1916.0
8876,2026-05-11,2034.5
8876,2026-05-18,1970.5
8876,2026-05-25,1841.5
8876,2026-06-01,1804.0
8876,2026-06-08,1816.0
8876,2026-06-15,1781.5
8876,2026-06-22,1887.0
8876,2026-06-29,2058.0
8876,2026-07-06,2089.0
8876,2026-07-13,2013.0
8876,2026-07-20,2000.5
8876,2026-07-27,2014.0
8876,2026-08-03,2132.5
8876,2026-08-10,2161.0
8876,2026-08-17,2162.0
8876,2026-08-24,2189.0
9076,2025-09-01,2205.82
9076,2025-09-08,2183.8
9076,2025-09-15,2134.49
9076,2025-09-22,2171.83
9076,2025-09-29,2086.93
9076,2025-10-06,2108.4
9076,2025-10-13,2116.69
9076,2025-10-20,2154.75
9076,2025-10-27,2125.48
9076,2025-11-03,2129.87
9076,2025-11-10,2164.02
9076,2025-11-17,2175.73
9076,2025-11-24,2199.16
9076,2025-12-01,2220.63
9076,2025-12-08,2275.27
9076,2025-12-15,2291.86
9076,2025-12-22,2291.86
9076,2025-12-29,2299.18
9076,2026-01-05,2342.12
9076,2026-01-12,2350.91
9076,2026-01-19,2394.82
9076,2026-01-26,2349.93
9076,2026-02-02,2411.9
9076,2026-02-09,2458.74
9076,2026-02-16,2543.64
9076,2026-02-23,2601.22
9076,2026-03-02,2545.11
9076,2026-03-09,2433.86
9076,2026-03-16,2396.77
9076,2026-03-23,2468.5
9076,2026-03-30,2491.5
9076,2026-04-06,2507.0
9076,2026-04-13,2476.0
9076,2026-04-20,2451.5
9076,2026-04-27,2391.5
9076,2026-05-04,2442.5
9076,2026-05-11,2547.0
9076,2026-05-18,2569.0
9076,2026-05-25,2724.0
9076,2026-06-01,2685.5
9076,2026-06-08,2709.0
9076,2026-06-15,2619.0
9076,2026-06-22,2619.5
9076,2026-06-29,2646.5
9076,2026-07-06,2652.5
9076,2026-07-13,2704.5
9076,2026-07-20,2705.5
9076,2026-07-27,2634.0
9076,2026-08-03,2692.0
9076,2026-08-10,2776.0
9076,2026-08-17,2798.0
9076,2026-08-24,2797.5
9101,2025-09-01,5295.62
9101,2025-09-08,5311.93
9101,2025-09-15,5223.67
9101,2025-09-22,5116.22
9101,2025-09-29,4951.5
9101,2025-10-06,4880.91
9101,2025-10-13,4951.5
9101,2025-10-20,5107.4
9101,2025-10-27,5227.02
9101,2025-11-03,4931.89
9101,2025-11-10,4876.98
9101,2025-11-17,4855.41
9101,2025-11-24,4853.45
9101,2025-12-01,4736.77
9101,2025-12-08,4852.47
9101,2025-12-15,4802.47
9101,2025-12-22,4926.99
9101,2025-12-29,4978.96
9101,2026-01-05,5171.13
9101,2026-01-12,5049.55
9101,2026-01-19,4923.07
9101,2026-01-26,4973.07
9101,2026-02-02,4952.48
9101,2026-02-09,4950.52
9101,2026-02-16,5113.28
9101,2026-02-23,5264.28
9101,2026-03-02,5432.92
9101,2026-03-09,5529.99
9101,2026-03-16,6020.24
9101,2026-03-23,5781.0
9101,2026-03-30,6164.0
9101,2026-04-06,6163.0
9101,2026-04-13,6096.0
9101,2026-04-20,5874.0
9101,2026-04-27,5629.0
9101,2026-05-04,5571.0
9101,2026-05-11,5498.0
9101,2026-05-18,5391.0
9101,2026-05-25,5313.0
9101,2026-06-01,5609.0
9101,2026-06-08,5630.0
9101,2026-06-15,5152.0
9101,2026-06-22,5265.0
9101,2026-06-29,5211.0
9101,2026-07-06,5286.0
9101,2026-07-13,5706.0
9101,2026-07-20,5946.0
9101,2026-07-27,6110.0
9101,2026-08-03,6115.0
9101,2026-08-10,6400.0
9101,2026-08-17,7101.0
9101,2026-08-24,7141.0
9104,2025-09-01,4648.43
9104,2025-09-08,4660.99
9104,2025-09-15,4612.7
9104,2025-09-22,4532.53
9104,2025-09-29,4322.04
9104,2025-10-06,4275.81
9104,2025-10-13,4274.83
9104,2025-10-20,4418.43
9104,2025-10-27,4507.94
9104,2025-11-03,4390.89
9104,2025-11-10,4416.47
9104,2025-11-17,4335.81
9104,2025-11-24,4360.4
9104,2025-12-01,4332.86
9104,2025-12-08,4500.07
9104,2025-12-15,4429.25
9104,2025-12-22,4546.31
9104,2025-12-29,4632.86
9104,2026-01-05,4814.83
9104,2026-01-12,4640.73
9104,2026-01-19,4650.57
9104,2026-01-26,4759.75
9104,2026-02-02,4997.79
9104,2026-02-09,5055.82
9104,2026-02-16,5351.89
9104,2026-02-23,5703.05
9104,2026-03-02,5860.43
9104,2026-03-09,6015.84
9104,2026-03-16,6861.75
9104,2026-03-23,6907.0
9104,2026-03-30,6766.0
9104,2026-04-06,6473.0
9104,2026-04-13,6307.0
9104,2026-04-20,6122.0
9104,2026-04-27,5917.0
9104,2026-05-04,5774.0
9104,2026-05-11,5863.0
9104,2026-05-18,5650.0
9104,2026-05-25,5476.0
9104,2026-06-01,5801.0
9104,2026-06-08,5765.0
9104,2026-06-15,5264.0
9104,2026-06-22,5219.0
9104,2026-06-29,5193.0
9104,2026-07-06,5324.0
9104,2026-07-13,5609.0
9104,2026-07-20,5843.0
9104,2026-07-27,5894.0
9104,2026-08-03,6186.0
9104,2026-08-10,6471.0
9104,2026-08-17,7278.0
9104,2026-08-24,7214.0
9107,2025-09-01,2207.07
9107,2025-09-08,2219.45
9107,2025-09-15,2172.79
9107,2025-09-22,2133.28
9107,2025-09-29,2024.19
9107,2025-10-06,1975.76
9107,2025-10-13,2055.99
9107,2025-10-20,2117.13
9107,2025-10-27,2165.07
9107,2025-11-03,2072.13
9107,2025-11-10,2063.33
9107,2025-11-17,2044.74
9107,2025-11-24,2033.49
9107,2025-12-01,2035.93
9107,2025-12-08,2100.01
9107,2025-12-15,2055.5
9107,2025-12-22,2110.78
9107,2025-12-29,2133.77
9107,2026-01-05,2234.54
9107,2026-01-12,2154.31
9107,2026-01-19,2164.58
9107,2026-01-26,2180.73
9107,2026-02-02,2290.3
9107,2026-02-09,2268.29
9107,2026-02-16,2353.4
9107,2026-02-23,2458.58
9107,2026-03-02,2551.03
9107,2026-03-09,2586.25
9107,2026-03-16,2720.77
9107,2026-03-23,2710.5
9107,2026-03-30,2698.0
9107,2026-04-06,2661.0
9107,2026-04-13,2659.5
9107,2026-04-20,2544.0
9107,2026-04-27,2503.5
9107,2026-05-04,2503.0
9107,2026-05-11,2522.5
9107,2026-05-18,2511.0
9107,2026-05-25,2520.0
9107,2026-06-01,2701.5
9107,2026-06-08,2622.5
9107,2026-06-15,2476.0
9107,2026-06-22,2459.0
9107,2026-06-29,2543.5
9107,2026-07-06,2526.5
9107,2026-07-13,2723.5
9107,2026-07-20,2806.0
9107,2026-07-27,2850.0
9107,2026-08-03,2855.0
9107,2026-08-10,3030.0
9107,2026-08-17,3405.0
9107,2026-08-24,3421.0
9251,2025-09-01,948.0
9251,2025-09-08,953.73
9251,2025-09-15,1179.99
9251,2025-09-22,1305.05
9251,2025-09-29,1273.55
9251,2025-10-06,1247.77
9251,2025-10-13,1240.13
9251,2025-10-20,1256.36
9251,2025-10-27,1097.0
9251,2025-11-03,1067.0
9251,2025-11-10,1092.0
9251,2025-11-17,1087.0
9251,2025-11-24,1112.0
9251,2025-12-01,1100.0
9251,2025-12-08,1102.0
9251,2025-12-15,1155.0
9251,2025-12-22,1183.0
9251,2025-12-29,1204.0
9251,2026-01-05,1233.0
9251,2026-01-12,1209.0
9251,2026-01-19,1207.0
9251,2026-01-26,1208.0
9251,2026-02-02,1206.0
9251,2026-02-09,1223.0
9251,2026-02-16,1250.0
9251,2026-02-23,1275.0
9251,2026-03-02,1278.0
9251,2026-03-09,1255.0
9251,2026-03-16,1274.0
9251,2026-03-23,1258.0
9251,2026-03-30,1240.0
9251,2026-04-06,1219.0
9251,2026-04-13,1216.0
9251,2026-04-20,1201.0
9251,2026-04-27,1202.0
9251,2026-05-04,1208.0
9251,2026-05-11,1196.0
9251,2026-05-18,1202.0
9251,2026-05-25,1205.0
9251,2026-06-01,1211.0
9251,2026-06-08,1204.0
9251,2026-06-15,1254.0
9251,2026-06-22,1276.0
9251,2026-06-29,1326.0
9251,2026-07-06,1324.0
9251,2026-07-13,1340.0
9251,2026-07-20,1332.0
9251,2026-07-27,1367.0
9251,2026-08-03,1383.0
9251,2026-08-10,1402.0
9251,2026-08-17,1500.0
9251,2026-08-24,1531.0
9308,2025-09-01,1626.56
9308,2025-09-08,1598.74
9308,2025-09-15,1603.7
9308,2025-09-22,1660.34
9308,2025-09-29,1625.5
9308,2025-10-06,1592.65
9308,2025-10-13,1568.76
9308,2025-10-20,1599.62
9308,2025-10-27,1559.8
9308,2025-11-03,1550.84
9308,2025-11-10,1415.47
9308,2025-11-17,1391.58
9308,2025-11-24,1451.3
9308,2025-12-01,1452.3
9308,2025-12-08,1356.74
9308,2025-12-15,1340.81
9308,2025-12-22,1361.72
9308,2025-12-29,1365.7
9308,2026-01-05,1380.63
9308,2026-01-12,1365.7
9308,2026-01-19,1328.87
9308,2026-01-26,1289.05
9308,2026-02-02,1287.06
9308,2026-02-09,1500.08
9308,2026-02-16,1538.9
9308,2026-02-23,1640.43
9308,2026-03-02,1631.47
9308,2026-03-09,1598.62
9308,2026-03-16,1589.67
9308,2026-03-23,1502.07
9308,2026-03-30,1535.0
9308,2026-04-06,1541.0
9308,2026-04-13,1593.0
9308,2026-04-20,1452.0
9308,2026-04-27,1516.0
9308,2026-05-04,1531.0
9308,2026-05-11,1614.0
9308,2026-05-18,1554.0
9308,2026-05-25,1618.0
9308,2026-06-01,1542.0
9308,2026-06-08,1529.0
9308,2026-06-15,1505.0
9308,2026-06-22,1440.0
9308,2026-06-29,1467.0
9308,2026-07-06,1588.0
9308,2026-07-13,1656.0
9308,2026-07-20,1736.0
9308,2026-07-27,1890.0
9308,2026-08-03,1936.0
9308,2026-08-10,2059.0
9308,2026-08-17,2097.0
9308,2026-08-24,2067.0
9432,2025-09-01,153.94
9432,2025-09-08,156.16
9432,2025-09-15,152.78
9432,2025-09-22,153.84
9432,2025-09-29,152.02
9432,2025-10-06,150.25
9432,2025-10-13,155.66
9432,2025-10-20,157.14
9432,2025-10-27,155.76
9432,2025-11-03,148.68
9432,2025-11-10,148.68
9432,2025-11-17,151.63
9432,2025-11-24,153.2
9432,2025-12-01,151.33
9432,2025-12-08,152.91
9432,2025-12-15,154.38
9432,2025-12-22,156.15
9432,2025-12-29,155.07
9432,2026-01-05,156.45
9432,2026-01-12,154.48
9432,2026-01-19,154.88
9432,2026-01-26,152.32
9432,2026-02-02,149.96
9432,2026-02-09,152.02
9432,2026-02-16,148.48
9432,2026-02-23,150.75
9432,2026-03-02,148.58
9432,2026-03-09,152.12
9432,2026-03-16,155.96
9432,2026-03-23,156.35
9432,2026-03-30,157.8
9432,2026-04-06,153.1
9432,2026-04-13,154.0
9432,2026-04-20,151.5
9432,2026-04-27,152.0
9432,2026-05-04,150.2
9432,2026-05-11,151.8
9432,2026-05-18,152.6
9432,2026-05-25,149.5
9432,2026-06-01,146.0
9432,2026-06-08,148.0
9432,2026-06-15,144.4
9432,2026-06-22,144.3
9432,2026-06-29,146.1
9432,2026-07-06,147.6
9432,2026-07-13,151.1
9432,2026-07-20,151.3
9432,2026-07-27,152.4
9432,2026-08-03,158.5
9432,2026-08-10,162.7
9432,2026-08-17,166.1
9432,2026-08-24,169.2
9434,2025-09-01,219.61
9434,2025-09-08,220.67
9434,2025-09-15,220.19
9434,2025-09-22,220.77
9434,2025-09-29,210.08
9434,2025-10-06,210.67
9434,2025-10-13,211.26
9434,2025-10-20,213.71
9434,2025-10-27,214.4
9434,2025-11-03,214.59
9434,2025-11-10,218.02
9434,2025-11-17,229.0
9434,2025-11-24,218.81
9434,2025-12-01,210.96
9434,2025-12-08,213.02
9434,2025-12-15,212.53
9434,2025-12-22,212.83
9434,2025-12-29,210.57
9434,2026-01-05,210.28
9434,2026-01-12,211.75
9434,2026-01-19,210.38
9434,2026-01-26,204.89
9434,2026-02-02,209.98
9434,2026-02-09,209.89
9434,2026-02-16,205.87
9434,2026-02-23,209.59
9434,2026-03-02,206.46
9434,2026-03-09,209.0
9434,2026-03-16,211.36
9434,2026-03-23,214.2
9434,2026-03-30,218.8
9434,2026-04-06,211.2
9434,2026-04-13,224.3
9434,2026-04-20,220.2
9434,2026-04-27,220.6
9434,2026-05-04,220.4
9434,2026-05-11,225.0
9434,2026-05-18,223.0
9434,2026-05-25,215.3
9434,2026-06-01,211.7
9434,2026-06-08,213.5
9434,2026-06-15,210.6
9434,2026-06-22,204.7
9434,2026-06-29,209.1
9434,2026-07-06,211.4
9434,2026-07-13,220.5
9434,2026-07-20,221.6
9434,2026-07-27,223.4
9434,2026-08-03,230.9
9434,2026-08-10,234.9
9434,2026-08-17,233.8
9434,2026-08-24,239.3
9506,2025-09-01,1102.7
9506,2025-09-08,1121.06
9506,2025-09-15,1073.24
9506,2025-09-22,1086.28
9506,2025-09-29,1056.78
9506,2025-10-06,1087.76
9506,2025-10-13,1035.14
9506,2025-10-20,1084.31
9506,2025-10-27,1038.58
9506,2025-11-03,1038.58
9506,2025-11-10,1061.2
9506,2025-11-17,1069.07
9506,2025-11-24,1132.51
9506,2025-12-01,1079.89
9506,2025-12-08,1086.28
9506,2025-12-15,1113.82
9506,2025-12-22,1129.56
9506,2025-12-29,1133.98
9506,2026-01-05,1137.42
9506,2026-01-12,1158.57
9506,2026-01-19,1148.73
9506,2026-01-26,1097.59
9506,2026-02-02,1150.7
9506,2026-02-09,1178.73
9506,2026-02-16,1279.54
9506,2026-02-23,1274.13
9506,2026-03-02,1131.52
9506,2026-03-09,1133.0
9506,2026-03-16,1124.64
9506,2026-03-23,1192.5
9506,2026-03-30,1190.5
9506,2026-04-06,1164.0
9506,2026-04-13,1178.0
9506,2026-04-20,1128.5
9506,2026-04-27,1064.0
9506,2026-05-04,1055.5
9506,2026-05-11,1051.5
9506,2026-05-18,1011.0
9506,2026-05-25,1006.5
9506,2026-06-01,993.3
9506,2026-06-08,1019.5
9506,2026-06-15,1049.0
9506,2026-06-22,1042.0
9506,2026-06-29,1069.0
9506,2026-07-06,1089.5
9506,2026-07-13,1127.0
9506,2026-07-20,1142.0
9506,2026-07-27,1180.5
9506,2026-08-03,1217.0
9506,2026-08-10,1254.0
9506,2026-08-17,1330.5
9506,2026-08-24,1313.5
9507,2025-09-01,1333.01
9507,2025-09-08,1346.56
9507,2025-09-15,1301.55
9507,2025-09-22,1326.72
9507,2025-09-29,1355.31
9507,2025-10-06,1366.16
9507,2025-10-13,1375.03
9507,2025-10-20,1368.63
9507,2025-10-27,1358.76
9507,2025-11-03,1380.95
9507,2025-11-10,1420.89
9507,2025-11-17,1455.4
9507,2025-11-24,1541.18
9507,2025-12-01,1466.74
9507,2025-12-08,1449.48
9507,2025-12-15,1485.96
9507,2025-12-22,1518.01
9507,2025-12-29,1528.86
9507,2026-01-05,1542.17
9507,2026-01-12,1551.04
9507,2026-01-19,1556.47
9507,2026-01-26,1544.14
9507,2026-02-02,1606.75
9507,2026-02-09,1683.17
9507,2026-02-16,1733.95
9507,2026-02-23,1746.28
9507,2026-03-02,1597.39
9507,2026-03-09,1691.55
9507,2026-03-16,1697.47
9507,2026-03-23,1766.0
9507,2026-03-30,1827.5
9507,2026-04-06,1836.0
9507,2026-04-13,1791.0
9507,2026-04-20,1663.5
9507,2026-04-27,1541.0
9507,2026-05-04,1518.0
9507,2026-05-11,1541.5
9507,2026-05-18,1483.0
9507,2026-05-25,1458.0
9507,2026-06-01,1417.0
9507,2026-06-08,1468.5
9507,2026-06-15,1453.0
9507,2026-06-22,1478.0
9507,2026-06-29,1485.0
9507,2026-07-06,1490.5
9507,2026-07-13,1505.0
9507,2026-07-20,1548.0
9507,2026-07-27,1666.0
9507,2026-08-03,1720.5
9507,2026-08-10,1798.5
9507,2026-08-17,1889.5
9507,2026-08-24,1911.0
9619,2025-09-01,1776.99
9619,2025-09-08,1914.57
9619,2025-09-15,1923.23
9619,2025-09-22,1985.77
9619,2025-09-29,1940.68
9619,2025-10-06,1937.74
9619,2025-10-13,1931.86
9619,2025-10-20,1990.67
9619,2025-10-27,1974.99
9619,2025-11-03,1965.18
9619,2025-11-10,2000.47
9619,2025-11-17,2036.73
9619,2025-11-24,2054.38
9619,2025-12-01,1990.67
9619,2025-12-08,2058.3
9619,2025-12-15,2060.26
9619,2025-12-22,2068.1
9619,2025-12-29,2085.74
9619,2026-01-05,2106.32
9619,2026-01-12,2104.36
9619,2026-01-19,2085.74
9619,2026-01-26,2066.14
9619,2026-02-02,2091.62
9619,2026-02-09,2149.45
9619,2026-02-16,2116.13
9619,2026-02-23,2142.59
9619,2026-03-02,2059.28
9619,2026-03-09,2029.87
9619,2026-03-16,2022.03
9619,2026-03-23,2073.0
9619,2026-03-30,2136.0
9619,2026-04-06,2120.0
9619,2026-04-13,2156.0
9619,2026-04-20,2150.0
9619,2026-04-27,2149.0
9619,2026-05-04,2132.0
9619,2026-05-11,2134.0
9619,2026-05-18,2134.0
9619,2026-05-25,2138.0
9619,2026-06-01,2122.0
9619,2026-06-08,2193.0
9619,2026-06-15,2214.0
9619,2026-06-22,2218.0
9619,2026-06-29,2223.0
9619,2026-07-06,2285.0
9619,2026-07-13,2357.0
9619,2026-07-20,2377.0
9619,2026-07-27,2370.0
9619,2026-08-03,2599.0
9619,2026-08-10,2654.0
9619,2026-08-17,2699.0
9619,2026-08-24,2719.0
9633,2025-09-01,1382.5
9633,2025-09-08,1383.49
9633,2025-09-15,1383.49
9633,2025-09-22,1412.15
9633,2025-09-29,1383.49
9633,2025-10-06,1387.44
9633,2025-10-13,1382.5
9633,2025-10-20,1392.38
9633,2025-10-27,1430.92
9633,2025-11-03,1403.25
9633,2025-11-10,1404.24
9633,2025-11-17,1433.89
9633,2025-11-24,1408.2
9633,2025-12-01,1414.12
9633,2025-12-08,1417.09
9633,2025-12-15,1418.08
9633,2025-12-22,1469.46
9633,2025-12-29,1507.02
9633,2026-01-05,1474.41
9633,2026-01-12,1468.48
9633,2026-01-19,1475.39
9633,2026-01-26,1481.32
9633,2026-02-02,1481.32
9633,2026-02-09,1485.28
9633,2026-02-16,1508.99
9633,2026-02-23,1569.27
9633,2026-03-02,1606.83
9633,2026-03-09,1679.95
9633,2026-03-16,1677.98
9633,2026-03-23,1676.0
9633,2026-03-30,1647.0
9633,2026-04-06,1601.0
9633,2026-04-13,1578.0
9633,2026-04-20,1550.0
9633,2026-04-27,1570.0
9633,2026-05-04,1579.0
9633,2026-05-11,1633.0
9633,2026-05-18,1616.0
9633,2026-05-25,1672.0
9633,2026-06-01,1643.0
9633,2026-06-08,1659.0
9633,2026-06-15,1608.0
9633,2026-06-22,1617.0
9633,2026-06-29,1625.0
9633,2026-07-06,1631.0
9633,2026-07-13,1635.0
9633,2026-07-20,1638.0
9633,2026-07-27,1633.0
9633,2026-08-03,1646.0
9633,2026-08-10,1722.0
9633,2026-08-17,1836.0
9633,2026-08-24,1875.0
9706,2025-09-01,4818.08
9706,2025-09-08,4720.91
9706,2025-09-15,4641.42
9706,2025-09-22,4709.14
9706,2025-09-29,4554.58
9706,2025-10-06,4727.96
9706,2025-10-13,4842.89
9706,2025-10-20,4921.16
9706,2025-10-27,4751.74
9706,2025-11-03,4725.98
9706,2025-11-10,5130.21
9706,2025-11-17,4590.24
9706,2025-11-24,4485.22
9706,2025-12-01,4379.21
9706,2025-12-08,4196.91
9706,2025-12-15,4397.04
9706,2025-12-22,4441.63
9706,2025-12-29,4345.52
9706,2026-01-05,4577.36
9706,2026-01-12,4767.59
9706,2026-01-19,4730.93
9706,2026-01-26,4787.41
9706,2026-02-02,5292.7
9706,2026-02-09,5522.56
9706,2026-02-16,5284.78
9706,2026-02-23,5284.78
9706,2026-03-02,5037.08
9706,2026-03-09,4954.85
9706,2026-03-16,4918.19
9706,2026-03-23,5368.0
9706,2026-03-30,5507.0
9706,2026-04-06,5440.0
9706,2026-04-13,5164.0
9706,2026-04-20,5056.0
9706,2026-04-27,5002.0
9706,2026-05-04,5096.0
9706,2026-05-11,5037.0
9706,2026-05-18,4908.0
9706,2026-05-25,4832.0
9706,2026-06-01,4641.0
9706,2026-06-08,4701.0
9706,2026-06-15,4657.0
9706,2026-06-22,4909.0
9706,2026-06-29,5239.0
9706,2026-07-06,5301.0
9706,2026-07-13,5354.0
9706,2026-07-20,5296.0
9706,2026-07-27,5667.0
9706,2026-08-03,5728.0
9706,2026-08-10,5661.0
9706,2026-08-17,5683.0
9706,2026-08-24,5848.0
9739,2025-09-01,2454.21
9739,2025-09-08,2465.62
9739,2025-09-15,2428.55
9739,2025-09-22,2494.13
9739,2025-09-29,2424.64
9739,2025-10-06,2486.41
9739,2025-10-13,2483.51
9739,2025-10-20,2546.25
9739,2025-10-27,2398.57
9739,2025-11-03,2426.57
9739,2025-11-10,2387.96
9739,2025-11-17,2422.7
9739,2025-11-24,2485.44
9739,2025-12-01,2399.54
9739,2025-12-08,2393.75
9739,2025-12-15,2422.7
9739,2025-12-22,2436.22
9739,2025-12-29,2441.04
9739,2026-01-05,2466.14
9739,2026-01-12,2462.28
9739,2026-01-19,2455.52
9739,2026-01-26,2383.13
9739,2026-02-02,2402.43
9739,2026-02-09,2305.91
9739,2026-02-16,2298.19
9739,2026-02-23,2381.2
9739,2026-03-02,2270.2
9739,2026-03-09,2290.47
9739,2026-03-16,2274.06
9739,2026-03-23,2359.0
9739,2026-03-30,2506.0
9739,2026-04-06,2518.0
9739,2026-04-13,2553.0
9739,2026-04-20,2447.0
9739,2026-04-27,2450.0
9739,2026-05-04,2457.0
9739,2026-05-11,2508.0
9739,2026-05-18,2605.0
9739,2026-05-25,2538.0
9739,2026-06-01,2557.0
9739,2026-06-08,2449.0
9739,2026-06-15,2529.0
9739,2026-06-22,2542.0
9739,2026-06-29,2525.0
9739,2026-07-06,2511.0
9739,2026-07-13,2524.0
9739,2026-07-20,2529.0
9739,2026-07-27,2498.0
9739,2026-08-03,2521.0
9739,2026-08-10,2740.0
9739,2026-08-17,2714.0
9739,2026-08-24,2732.0
9742,2025-09-01,1825.22
9742,2025-09-08,1926.67
9742,2025-09-15,1965.7
9742,2025-09-22,1997.89
9742,2025-09-29,1994.93
9742,2025-10-06,1955.42
9742,2025-10-13,1927.77
9742,2025-10-20,1980.11
9742,2025-10-27,1684.82
9742,2025-11-03,1697.66
9742,2025-11-10,1731.24
9742,2025-11-17,1712.48
9742,2025-11-24,1743.09
9742,2025-12-01,1778.64
9742,2025-12-08,1848.76
9742,2025-12-15,1952.46
9742,2025-12-22,1920.86
9742,2025-12-29,1928.76
9742,2026-01-05,1909.01
9742,2026-01-12,1959.37
9742,2026-01-19,1862.59
9742,2026-01-26,1851.73
9742,2026-02-02,1933.7
9742,2026-02-09,1945.55
9742,2026-02-16,1987.02
9742,2026-02-23,2098.62
9742,2026-03-02,2080.85
9742,2026-03-09,2133.19
9742,2026-03-16,2198.37
9742,2026-03-23,1989.0
9742,2026-03-30,2030.0
9742,2026-04-06,2032.0
9742,2026-04-13,2086.0
9742,2026-04-20,2086.0
9742,2026-04-27,2077.0
9742,2026-05-04,1952.0
9742,2026-05-11,2044.0
9742,2026-05-18,2104.0
9742,2026-05-25,2105.0
9742,2026-06-01,2162.0
9742,2026-06-08,2048.0
9742,2026-06-15,2104.0
9742,2026-06-22,2101.0
9742,2026-06-29,2151.0
9742,2026-07-06,2183.0
9742,2026-07-13,2195.0
9742,2026-07-20,2159.0
9742,2026-07-27,2135.0
9742,2026-08-03,2295.0
9742,2026-08-10,2370.0
9742,2026-08-17,2447.0
9742,2026-08-24,2360.0
