code,date,close
1897,2025-09-22,2850.85
1897,2025-09-29,2840.03
1897,2025-10-06,2885.25
1897,2025-10-13,2836.1
1897,2025-10-20,2859.69
1897,2025-10-27,2839.05
1897,2025-11-03,2864.61
1897,2025-11-10,2875.42
1897,2025-11-17,2881.32
1897,2025-11-24,2927.53
1897,2025-12-01,2900.0
1897,2025-12-08,2846.92
1897,2025-12-15,2829.22
1897,2025-12-22,2900.0
1897,2025-12-29,2900.0
1897,2026-01-05,3020.0
1897,2026-01-12,2976.0
1897,2026-01-19,3165.0
1897,2026-01-26,3235.0
1897,2026-02-02,3330.0
1897,2026-02-09,3325.0
1897,2026-02-16,3310.0
1897,2026-02-23,3310.0
1897,2026-03-02,3310.0
1897,2026-03-09,3280.0
1897,2026-03-16,3250.0
1897,2026-03-23,3320.0
1897,2026-03-30,3330.0
1897,2026-04-06,3335.0
1897,2026-04-13,3300.0
1897,2026-04-20,3410.0
1897,2026-04-27,3350.0
1897,2026-05-04,3445.0
1897,2026-05-11,3180.0
1897,2026-05-18,3310.0
1897,2026-05-25,3250.0
1897,2026-06-01,3135.0
1897,2026-06-08,3040.0
1897,2026-06-15,3015.0
1897,2026-06-22,3075.0
1897,2026-06-29,3180.0
1897,2026-07-06,3090.0
1897,2026-07-13,3065.0
1897,2026-07-20,3100.0
1897,2026-07-27,3085.0
1897,2026-08-03,3575.0
1897,2026-08-10,3350.0
1897,2026-08-17,3310.0
1897,2026-08-24,3250.0
1897,2026-08-31,3310.0
1897,2026-09-07,3310.0
1897,2026-09-14,3700.0
2109,2025-09-22,3218.38
2109,2025-09-29,3090.82
2109,2025-10-06,3071.2
2109,2025-10-13,3110.45
2109,2025-10-20,3144.79
2109,2025-10-27,2977.98
2109,2025-11-03,3061.39
2109,2025-11-10,3159.51
2109,2025-11-17,3238.01
2109,2025-11-24,3257.63
2109,2025-12-01,3144.79
2109,2025-12-08,3134.98
2109,2025-12-15,3193.85
2109,2025-12-22,3247.82
2109,2025-12-29,3267.44
2109,2026-01-05,3311.6
2109,2026-01-12,3341.03
2109,2026-01-19,3414.62
2109,2026-01-26,3291.97
2109,2026-02-02,3350.85
2109,2026-02-09,3448.97
2109,2026-02-16,3395.0
2109,2026-02-23,3483.31
2109,2026-03-02,3360.66
2109,2026-03-09,3316.5
2109,2026-03-16,3301.78
2109,2026-03-23,3395.0
2109,2026-03-30,3470.0
2109,2026-04-06,3515.0
2109,2026-04-13,3450.0
2109,2026-04-20,3335.0
2109,2026-04-27,3300.0
2109,2026-05-04,3255.0
2109,2026-05-11,3290.0
2109,2026-05-18,3285.0
2109,2026-05-25,3250.0
2109,2026-06-01,3210.0
2109,2026-06-08,3230.0
2109,2026-06-15,3220.0
2109,2026-06-22,3225.0
2109,2026-06-29,3295.0
2109,2026-07-06,3315.0
2109,2026-07-13,3355.0
2109,2026-07-20,3370.0
2109,2026-07-27,3430.0
2109,2026-08-03,3465.0
2109,2026-08-10,3515.0
2109,2026-08-17,3660.0
2109,2026-08-24,3665.0
2109,2026-08-31,3850.0
2109,2026-09-07,3805.0
2109,2026-09-14,3855.0
2146,2025-09-22,173.34
2146,2025-09-29,172.11
2146,2025-10-06,173.31
2146,2025-10-13,172.55
2146,2025-10-20,174.38
2146,2025-10-27,173.44
2146,2025-11-03,174.83
2146,2025-11-10,168.45
2146,2025-11-17,170.6
2146,2025-11-24,176.97
2146,2025-12-01,171.92
2146,2025-12-08,180.57
2146,2025-12-15,183.41
2146,2025-12-22,187.57
2146,2025-12-29,190.83
2146,2026-01-05,196.58
2146,2026-01-12,208.09
2146,2026-01-19,209.05
2146,2026-01-26,197.54
2146,2026-02-02,203.29
2146,2026-02-09,192.75
2146,2026-02-16,193.7
2146,2026-02-23,206.17
2146,2026-03-02,200.42
2146,2026-03-09,186.99
2146,2026-03-16,187.95
2146,2026-03-23,194.66
2146,2026-03-30,192.71
2146,2026-04-06,188.79
2146,2026-04-13,185.86
2146,2026-04-20,179.01
2146,2026-04-27,178.03
2146,2026-05-04,179.99
2146,2026-05-11,178.03
2146,2026-05-18,170.21
2146,2026-05-25,175.1
2146,2026-06-01,173.14
2146,2026-06-08,170.21
2146,2026-06-15,171.19
2146,2026-06-22,169.23
2146,2026-06-29,177.0
2146,2026-07-06,179.0
2146,2026-07-13,181.0
2146,2026-07-20,181.0
2146,2026-07-27,184.0
2146,2026-08-03,183.0
2146,2026-08-10,223.0
2146,2026-08-17,231.0
2146,2026-08-24,235.0
2146,2026-08-31,227.0
2146,2026-09-07,219.0
2146,2026-09-14,241.0
2340,2025-09-22,498.84
2340,2025-09-29,472.17
2340,2025-10-06,472.17
2340,2025-10-13,472.17
2340,2025-10-20,475.13
2340,2025-10-27,474.15
2340,2025-11-03,474.15
2340,2025-11-10,478.1
2340,2025-11-17,465.26
2340,2025-11-24,471.18
2340,2025-12-01,468.22
2340,2025-12-08,469.21
2340,2025-12-15,471.18
2340,2025-12-22,472.17
2340,2025-12-29,475.13
2340,2026-01-05,481.06
2340,2026-01-12,480.07
2340,2026-01-19,480.07
2340,2026-01-26,481.06
2340,2026-02-02,480.07
2340,2026-02-09,487.98
2340,2026-02-16,485.01
2340,2026-02-23,486.0
2340,2026-03-02,484.02
2340,2026-03-09,480.07
2340,2026-03-16,480.07
2340,2026-03-23,486.0
2340,2026-03-30,485.0
2340,2026-04-06,487.0
2340,2026-04-13,486.0
2340,2026-04-20,482.0
2340,2026-04-27,482.0
2340,2026-05-04,483.0
2340,2026-05-11,480.0
2340,2026-05-18,478.0
2340,2026-05-25,477.0
2340,2026-06-01,472.0
2340,2026-06-08,473.0
2340,2026-06-15,476.0
2340,2026-06-22,483.0
2340,2026-06-29,492.0
2340,2026-07-06,495.0
2340,2026-07-13,494.0
2340,2026-07-20,499.0
2340,2026-07-27,501.0
2340,2026-08-03,511.0
2340,2026-08-10,529.0
2340,2026-08-17,515.0
2340,2026-08-24,517.0
2340,2026-08-31,519.0
2340,2026-09-07,521.0
2340,2026-09-14,540.0
2349,2025-09-22,2300.22
2349,2025-09-29,2313.07
2349,2025-10-06,2257.72
2349,2025-10-13,2272.54
2349,2025-10-20,2312.08
2349,2025-10-27,2253.76
2349,2025-11-03,2271.55
2349,2025-11-10,2262.66
2349,2025-11-17,2261.67
2349,2025-11-24,2279.46
2349,2025-12-01,2313.07
2349,2025-12-08,2255.74
2349,2025-12-15,2283.42
2349,2025-12-22,2278.47
2349,2025-12-29,2250.8
2349,2026-01-05,2249.81
2349,2026-01-12,2251.78
2349,2026-01-19,2295.28
2349,2026-01-26,2291.32
2349,2026-02-02,2415.87
2349,2026-02-09,2352.61
2349,2026-02-16,2438.61
2349,2026-02-23,2476.17
2349,2026-03-02,2411.92
2349,2026-03-09,2451.46
2349,2026-03-16,2478.15
2349,2026-03-23,2491.0
2349,2026-03-30,2392.0
2349,2026-04-06,2331.0
2349,2026-04-13,2360.0
2349,2026-04-20,2446.0
2349,2026-04-27,2360.0
2349,2026-05-04,2320.0
2349,2026-05-11,2316.0
2349,2026-05-18,2323.0
2349,2026-05-25,2480.0
2349,2026-06-01,2333.0
2349,2026-06-08,2314.0
2349,2026-06-15,2259.0
2349,2026-06-22,2304.0
2349,2026-06-29,2419.0
2349,2026-07-06,2499.0
2349,2026-07-13,2515.0
2349,2026-07-20,2512.0
2349,2026-07-27,2521.0
2349,2026-08-03,2511.0
2349,2026-08-10,2550.0
2349,2026-08-17,2543.0
2349,2026-08-24,2537.0
2349,2026-08-31,2461.0
2349,2026-09-07,2465.0
2349,2026-09-14,2524.0
2477,2025-09-22,3123.37
2477,2025-09-29,3108.64
2477,2025-10-06,3265.79
2477,2025-10-13,3246.14
2477,2025-10-20,3226.5
2477,2025-10-27,3162.66
2477,2025-11-03,3113.55
2477,2025-11-10,3015.33
2477,2025-11-17,3098.81
2477,2025-11-24,3093.9
2477,2025-12-01,3044.79
2477,2025-12-08,3030.06
2477,2025-12-15,3103.73
2477,2025-12-22,3088.99
2477,2025-12-29,3040.62
2477,2026-01-05,3099.85
2477,2026-01-12,3139.34
2477,2026-01-19,3139.34
2477,2026-01-26,3065.3
2477,2026-02-02,3055.43
2477,2026-02-09,2986.32
2477,2026-02-16,2833.3
2477,2026-02-23,2933.01
2477,2026-03-02,2796.78
2477,2026-03-09,2748.4
2477,2026-03-16,2728.66
2477,2026-03-23,2704.97
2477,2026-03-30,2668.44
2477,2026-04-06,2612.17
2477,2026-04-13,2595.39
2477,2026-04-20,2439.41
2477,2026-04-27,2385.11
2477,2026-05-04,2458.16
2477,2026-05-11,2363.39
2477,2026-05-18,2195.56
2477,2026-05-25,2122.51
2477,2026-06-01,2118.56
2477,2026-06-08,2219.26
2477,2026-06-15,2222.22
2477,2026-06-22,2200.5
2477,2026-06-29,2306.0
2477,2026-07-06,2314.0
2477,2026-07-13,2340.0
2477,2026-07-20,2371.0
2477,2026-07-27,2412.0
2477,2026-08-03,2394.0
2477,2026-08-10,3005.0
2477,2026-08-17,3090.0
2477,2026-08-24,3155.0
2477,2026-08-31,3340.0
2477,2026-09-07,3200.0
2477,2026-09-14,3380.0
2612,2025-09-22,1225.87
2612,2025-09-29,1212.88
2612,2025-10-06,1214.5
2612,2025-10-13,1233.99
2612,2025-10-20,1243.73
2612,2025-10-27,1238.86
2612,2025-11-03,1240.48
2612,2025-11-10,1251.85
2612,2025-11-17,1246.98
2612,2025-11-24,1264.84
2612,2025-12-01,1259.96
2612,2025-12-08,1269.71
2612,2025-12-15,1268.08
2612,2025-12-22,1276.2
2612,2025-12-29,1298.93
2612,2026-01-05,1297.31
2612,2026-01-12,1300.56
2612,2026-01-19,1302.18
2612,2026-01-26,1302.18
2612,2026-02-02,1445.06
2612,2026-02-09,1471.04
2612,2026-02-16,1579.83
2612,2026-02-23,1704.85
2612,2026-03-02,1646.4
2612,2026-03-09,1639.9
2612,2026-03-16,1662.63
2612,2026-03-23,1724.33
2612,2026-03-30,1588.0
2612,2026-04-06,1588.0
2612,2026-04-13,1621.0
2612,2026-04-20,1569.0
2612,2026-04-27,1580.0
2612,2026-05-04,1567.0
2612,2026-05-11,1480.0
2612,2026-05-18,1492.0
2612,2026-05-25,1489.0
2612,2026-06-01,1527.0
2612,2026-06-08,1620.0
2612,2026-06-15,1686.0
2612,2026-06-22,1744.0
2612,2026-06-29,1954.0
2612,2026-07-06,1815.0
2612,2026-07-13,1760.0
2612,2026-07-20,1789.0
2612,2026-07-27,1786.0
2612,2026-08-03,1742.0
2612,2026-08-10,1744.0
2612,2026-08-17,1751.0
2612,2026-08-24,1789.0
2612,2026-08-31,2345.0
2612,2026-09-07,2384.0
2612,2026-09-14,2880.0
2805,2025-09-22,3437.49
2805,2025-09-29,3287.3
2805,2025-10-06,3232.6
2805,2025-10-13,3242.54
2805,2025-10-20,3242.54
2805,2025-10-27,3317.14
2805,2025-11-03,3327.09
2805,2025-11-10,3396.71
2805,2025-11-17,3481.26
2805,2025-11-24,3555.85
2805,2025-12-01,3501.15
2805,2025-12-08,3680.19
2805,2025-12-15,3918.9
2805,2025-12-22,3908.95
2805,2025-12-29,4008.42
2805,2026-01-05,3918.9
2805,2026-01-12,4028.31
2805,2026-01-19,4386.38
2805,2026-01-26,4346.6
2805,2026-02-02,4431.14
2805,2026-02-09,4341.62
2805,2026-02-16,4421.2
2805,2026-02-23,4600.23
2805,2026-03-02,4550.5
2805,2026-03-09,4421.2
2805,2026-03-16,4530.61
2805,2026-03-23,4829.0
2805,2026-03-30,4995.0
2805,2026-04-06,5080.0
2805,2026-04-13,4720.0
2805,2026-04-20,4560.0
2805,2026-04-27,4550.0
2805,2026-05-04,4450.0
2805,2026-05-11,4960.0
2805,2026-05-18,5350.0
2805,2026-05-25,5630.0
2805,2026-06-01,4920.0
2805,2026-06-08,5190.0
2805,2026-06-15,5360.0
2805,2026-06-22,5240.0
2805,2026-06-29,5430.0
2805,2026-07-06,5810.0
2805,2026-07-13,5980.0
2805,2026-07-20,6300.0
2805,2026-07-27,6600.0
2805,2026-08-03,6890.0
2805,2026-08-10,6680.0
2805,2026-08-17,6800.0
2805,2026-08-24,7120.0
2805,2026-08-31,7320.0
2805,2026-09-07,7450.0
2805,2026-09-14,7930.0
2831,2025-09-22,3318.01
2831,2025-09-29,3238.77
2831,2025-10-06,3184.3
2831,2025-10-13,3268.49
2831,2025-10-20,3258.58
2831,2025-10-27,3243.72
2831,2025-11-03,3238.77
2831,2025-11-10,3243.72
2831,2025-11-17,3184.3
2831,2025-11-24,3209.06
2831,2025-12-01,3204.11
2831,2025-12-08,3214.01
2831,2025-12-15,3298.2
2831,2025-12-22,3318.01
2831,2025-12-29,3298.2
2831,2026-01-05,3308.1
2831,2026-01-12,3327.91
2831,2026-01-19,3352.67
2831,2026-01-26,3352.67
2831,2026-02-02,3367.53
2831,2026-02-09,3362.58
2831,2026-02-16,3461.62
2831,2026-02-23,3446.77
2831,2026-03-02,3431.91
2831,2026-03-09,3530.96
2831,2026-03-16,3535.91
2831,2026-03-23,3630.0
2831,2026-03-30,3510.0
2831,2026-04-06,3465.0
2831,2026-04-13,3460.0
2831,2026-04-20,3530.0
2831,2026-04-27,3435.0
2831,2026-05-04,3445.0
2831,2026-05-11,3445.0
2831,2026-05-18,3480.0
2831,2026-05-25,3460.0
2831,2026-06-01,3460.0
2831,2026-06-08,3470.0
2831,2026-06-15,3490.0
2831,2026-06-22,3500.0
2831,2026-06-29,3465.0
2831,2026-07-06,3465.0
2831,2026-07-13,3520.0
2831,2026-07-20,3620.0
2831,2026-07-27,3680.0
2831,2026-08-03,3640.0
2831,2026-08-10,3690.0
2831,2026-08-17,3675.0
2831,2026-08-24,3660.0
2831,2026-08-31,3685.0
2831,2026-09-07,3660.0
2831,2026-09-14,3685.0
2892,2025-09-22,3504.16
2892,2025-09-29,3376.74
2892,2025-10-06,3406.14
2892,2025-10-13,3425.75
2892,2025-10-20,3518.86
2892,2025-10-27,3460.05
2892,2025-11-03,3499.26
2892,2025-11-10,3464.95
2892,2025-11-17,3474.76
2892,2025-11-24,3533.57
2892,2025-12-01,3533.57
2892,2025-12-08,3548.27
2892,2025-12-15,3906.04
2892,2025-12-22,4028.56
2892,2025-12-29,3959.95
2892,2026-01-05,4028.56
2892,2026-01-12,4043.26
2892,2026-01-19,4082.47
2892,2026-01-26,3734.5
2892,2026-02-02,3734.5
2892,2026-02-09,3768.81
2892,2026-02-16,3866.83
2892,2026-02-23,3901.14
2892,2026-03-02,3763.91
2892,2026-03-09,3705.1
2892,2026-03-16,3660.99
2892,2026-03-23,3710.0
2892,2026-03-30,3865.0
2892,2026-04-06,3810.0
2892,2026-04-13,3885.0
2892,2026-04-20,3890.0
2892,2026-04-27,3815.0
2892,2026-05-04,3940.0
2892,2026-05-11,4010.0
2892,2026-05-18,3980.0
2892,2026-05-25,4035.0
2892,2026-06-01,4030.0
2892,2026-06-08,3950.0
2892,2026-06-15,3890.0
2892,2026-06-22,4155.0
2892,2026-06-29,4210.0
2892,2026-07-06,4400.0
2892,2026-07-13,4290.0
2892,2026-07-20,4555.0
2892,2026-07-27,4445.0
2892,2026-08-03,4315.0
2892,2026-08-10,4555.0
2892,2026-08-17,4510.0
2892,2026-08-24,4570.0
2892,2026-08-31,4585.0
2892,2026-09-07,4580.0
2892,2026-09-14,4870.0
296A,2025-09-22,630.58
296A,2025-09-29,616.43
296A,2025-10-06,605.7
296A,2025-10-13,631.06
296A,2025-10-20,648.62
296A,2025-10-27,658.37
296A,2025-11-03,650.57
296A,2025-11-10,675.93
296A,2025-11-17,687.64
296A,2025-11-24,696.41
296A,2025-12-01,680.81
296A,2025-12-08,695.44
296A,2025-12-15,736.4
296A,2025-12-22,704.22
296A,2025-12-29,702.27
296A,2026-01-05,698.36
296A,2026-01-12,707.14
296A,2026-01-19,719.82
296A,2026-01-26,685.68
296A,2026-02-02,685.68
296A,2026-02-09,651.55
296A,2026-02-16,651.55
296A,2026-02-23,670.08
296A,2026-03-02,645.69
296A,2026-03-09,635.94
296A,2026-03-16,731.53
296A,2026-03-23,792.0
296A,2026-03-30,823.0
296A,2026-04-06,812.0
296A,2026-04-13,819.0
296A,2026-04-20,760.0
296A,2026-04-27,749.0
296A,2026-05-04,767.0
296A,2026-05-11,772.0
296A,2026-05-18,765.0
296A,2026-05-25,747.0
296A,2026-06-01,759.0
296A,2026-06-08,754.0
296A,2026-06-15,769.0
296A,2026-06-22,756.0
296A,2026-06-29,749.0
296A,2026-07-06,741.0
296A,2026-07-13,751.0
296A,2026-07-20,919.0
296A,2026-07-27,857.0
296A,2026-08-03,873.0
296A,2026-08-10,928.0
296A,2026-08-17,1087.0
296A,2026-08-24,1161.0
296A,2026-08-31,1120.0
296A,2026-09-07,1161.0
296A,2026-09-14,1222.0
3075,2025-09-22,1576.84
3075,2025-09-29,1558.99
3075,2025-10-06,1547.08
3075,2025-10-13,1520.31
3075,2025-10-20,1507.42
3075,2025-10-27,1512.37
3075,2025-11-03,1504.44
3075,2025-11-10,1507.42
3075,2025-11-17,1500.47
3075,2025-11-24,1511.38
3075,2025-12-01,1521.3
3075,2025-12-08,1535.18
3075,2025-12-15,1540.14
3075,2025-12-22,1534.19
3075,2025-12-29,1564.94
3075,2026-01-05,1596.67
3075,2026-01-12,1636.34
3075,2026-01-19,1635.35
3075,2026-01-26,1611.55
3075,2026-02-02,1644.27
3075,2026-02-09,1642.29
3075,2026-02-16,1658.16
3075,2026-02-23,1616.0
3075,2026-03-02,1611.0
3075,2026-03-09,1600.0
3075,2026-03-16,1597.0
3075,2026-03-23,1582.0
3075,2026-03-30,1594.0
3075,2026-04-06,1605.0
3075,2026-04-13,1603.0
3075,2026-04-20,1597.0
3075,2026-04-27,1610.0
3075,2026-05-04,1617.0
3075,2026-05-11,1604.0
3075,2026-05-18,1597.0
3075,2026-05-25,1601.0
3075,2026-06-01,1600.0
3075,2026-06-08,1606.0
3075,2026-06-15,1615.0
3075,2026-06-22,1633.0
3075,2026-06-29,1647.0
3075,2026-07-06,1665.0
3075,2026-07-13,1693.0
3075,2026-07-20,1705.0
3075,2026-07-27,1722.0
3075,2026-08-03,1720.0
3075,2026-08-10,1703.0
3075,2026-08-17,1701.0
3075,2026-08-24,1667.0
3075,2026-08-31,1639.0
3075,2026-09-07,1648.0
3075,2026-09-14,1729.0
3076,2025-09-22,2695.39
3076,2025-09-29,2586.42
3076,2025-10-06,2527.16
3076,2025-10-13,2570.18
3076,2025-10-20,2619.88
3076,2025-10-27,2561.57
3076,2025-11-03,2526.21
3076,2025-11-10,2540.55
3076,2025-11-17,2579.73
3076,2025-11-24,2657.15
3076,2025-12-01,2674.36
3076,2025-12-08,2642.82
3076,2025-12-15,2686.78
3076,2025-12-22,2747.96
3076,2025-12-29,2755.75
3076,2026-01-05,2761.6
3076,2026-01-12,2770.37
3076,2026-01-19,2728.47
3076,2026-01-26,2595.94
3076,2026-02-02,2640.77
3076,2026-02-09,2654.41
3076,2026-02-16,2741.14
3076,2026-02-23,2848.32
3076,2026-03-02,2791.81
3076,2026-03-09,2789.86
3076,2026-03-16,2776.22
3076,2026-03-23,2733.34
3076,2026-03-30,2685.59
3076,2026-04-06,2726.52
3076,2026-04-13,2723.59
3076,2026-04-20,2648.56
3076,2026-04-27,2589.12
3076,2026-05-04,2649.54
3076,2026-05-11,2662.2
3076,2026-05-18,2764.52
3076,2026-05-25,2738.21
3076,2026-06-01,2656.36
3076,2026-06-08,2625.18
3076,2026-06-15,2683.64
3076,2026-06-22,2670.0
3076,2026-06-29,2685.0
3076,2026-07-06,2673.0
3076,2026-07-13,2685.0
3076,2026-07-20,2732.0
3076,2026-07-27,2950.0
3076,2026-08-03,2973.0
3076,2026-08-10,2960.0
3076,2026-08-17,2933.0
3076,2026-08-24,2994.0
3076,2026-08-31,3005.0
3076,2026-09-07,2975.0
3076,2026-09-14,3010.0
3077,2025-09-22,398.0
3077,2025-09-29,371.0
3077,2025-10-06,377.0
3077,2025-10-13,358.0
3077,2025-10-20,363.0
3077,2025-10-27,353.0
3077,2025-11-03,605.0
3077,2025-11-10,604.0
3077,2025-11-17,542.0
3077,2025-11-24,476.0
3077,2025-12-01,443.0
3077,2025-12-08,436.0
3077,2025-12-15,479.0
3077,2025-12-22,467.0
3077,2025-12-29,501.0
3077,2026-01-05,519.0
3077,2026-01-12,539.0
3077,2026-01-19,521.0
3077,2026-01-26,491.0
3077,2026-02-02,473.0
3077,2026-02-09,474.0
3077,2026-02-16,518.0
3077,2026-02-23,558.0
3077,2026-03-02,563.0
3077,2026-03-09,548.0
3077,2026-03-16,533.0
3077,2026-03-23,630.0
3077,2026-03-30,768.0
3077,2026-04-06,850.0
3077,2026-04-13,742.0
3077,2026-04-20,755.0
3077,2026-04-27,773.0
3077,2026-05-04,781.0
3077,2026-05-11,765.0
3077,2026-05-18,830.0
3077,2026-05-25,795.0
3077,2026-06-01,757.0
3077,2026-06-08,722.0
3077,2026-06-15,704.0
3077,2026-06-22,733.0
3077,2026-06-29,812.0
3077,2026-07-06,827.0
3077,2026-07-13,865.0
3077,2026-07-20,906.0
3077,2026-07-27,899.0
3077,2026-08-03,848.0
3077,2026-08-10,885.0
3077,2026-08-17,1021.0
3077,2026-08-24,1216.0
3077,2026-08-31,1240.0
3077,2026-09-07,1267.0
3077,2026-09-14,1349.0
3131,2025-09-22,3199.05
3131,2025-09-29,3165.62
3131,2025-10-06,3194.27
3131,2025-10-13,2974.64
3131,2025-10-20,3070.13
3131,2025-10-27,3347.06
3131,2025-11-03,3318.41
3131,2025-11-10,2627.99
3131,2025-11-17,2520.08
3131,2025-11-24,2593.62
3131,2025-12-01,2561.15
3131,2025-12-08,2616.53
3131,2025-12-15,2559.24
3131,2025-12-22,2746.41
3131,2025-12-29,2767.41
3131,2026-01-05,2797.02
3131,2026-01-12,2826.62
3131,2026-01-19,2874.37
3131,2026-01-26,2898.24
3131,2026-02-02,2847.63
3131,2026-02-09,2776.01
3131,2026-02-16,2825.67
3131,2026-02-23,2950.76
3131,2026-03-02,2801.79
3131,2026-03-09,2674.79
3131,2026-03-16,2700.57
3131,2026-03-23,2755.0
3131,2026-03-30,2695.0
3131,2026-04-06,2731.0
3131,2026-04-13,2779.0
3131,2026-04-20,2744.0
3131,2026-04-27,2857.0
3131,2026-05-04,3055.0
3131,2026-05-11,3125.0
3131,2026-05-18,3200.0
3131,2026-05-25,3455.0
3131,2026-06-01,3655.0
3131,2026-06-08,3350.0
3131,2026-06-15,3615.0
3131,2026-06-22,3555.0
3131,2026-06-29,4025.0
3131,2026-07-06,3635.0
3131,2026-07-13,3375.0
3131,2026-07-20,3515.0
3131,2026-07-27,4100.0
3131,2026-08-03,4455.0
3131,2026-08-10,6880.0
3131,2026-08-17,6080.0
3131,2026-08-24,5970.0
3131,2026-08-31,6630.0
3131,2026-09-07,6310.0
3131,2026-09-14,7210.0
3132,2025-09-22,2042.31
3132,2025-09-29,1975.79
3132,2025-10-06,1974.81
3132,2025-10-13,2028.51
3132,2025-10-20,2176.82
3132,2025-10-27,2166.96
3132,2025-11-03,2236.93
3132,2025-11-10,2297.04
3132,2025-11-17,2189.63
3132,2025-11-24,2286.2
3132,2025-12-01,2318.23
3132,2025-12-08,2510.88
3132,2025-12-15,2374.89
3132,2025-12-22,2379.82
3132,2025-12-29,2357.65
3132,2026-01-05,2440.91
3132,2026-01-12,2552.27
3132,2026-01-19,2602.53
3132,2026-01-26,2609.42
3132,2026-02-02,2490.68
3132,2026-02-09,2606.47
3132,2026-02-16,2590.7
3132,2026-02-23,2728.17
3132,2026-03-02,2426.63
3132,2026-03-09,2254.67
3132,2026-03-16,2337.94
3132,2026-03-23,2367.5
3132,2026-03-30,2289.5
3132,2026-04-06,2299.0
3132,2026-04-13,2378.0
3132,2026-04-20,2535.5
3132,2026-04-27,2594.0
3132,2026-05-04,2765.0
3132,2026-05-11,3241.0
3132,2026-05-18,3227.0
3132,2026-05-25,3110.0
3132,2026-06-01,3493.0
3132,2026-06-08,3170.0
3132,2026-06-15,3350.0
3132,2026-06-22,3184.0
3132,2026-06-29,3175.0
3132,2026-07-06,3256.0
3132,2026-07-13,3201.0
3132,2026-07-20,3378.0
3132,2026-07-27,3295.0
3132,2026-08-03,3621.0
3132,2026-08-10,3798.0
3132,2026-08-17,3332.0
3132,2026-08-24,3577.0
3132,2026-08-31,3547.0
3132,2026-09-07,3761.0
3132,2026-09-14,4088.0
3156,2025-09-22,2566.69
3156,2025-09-29,2563.76
3156,2025-10-06,2504.26
3156,2025-10-13,2524.74
3156,2025-10-20,2566.69
3156,2025-10-27,2519.86
3156,2025-11-03,2480.84
3156,2025-11-10,2505.23
3156,2025-11-17,2509.13
3156,2025-11-24,2693.51
3156,2025-12-01,2647.66
3156,2025-12-08,2634.0
3156,2025-12-15,2615.47
3156,2025-12-22,2726.68
3156,2025-12-29,2726.68
3156,2026-01-05,2773.51
3156,2026-01-12,2810.58
3156,2026-01-19,2911.06
3156,2026-01-26,2864.24
3156,2026-02-02,2913.01
3156,2026-02-09,3038.86
3156,2026-02-16,3014.47
3156,2026-02-23,3073.01
3156,2026-03-02,2868.14
3156,2026-03-09,2770.58
3156,2026-03-16,2749.12
3156,2026-03-23,2714.0
3156,2026-03-30,2716.0
3156,2026-04-06,2821.0
3156,2026-04-13,2827.0
3156,2026-04-20,2847.0
3156,2026-04-27,2828.0
3156,2026-05-04,2975.0
3156,2026-05-11,3465.0
3156,2026-05-18,3550.0
3156,2026-05-25,4065.0
3156,2026-06-01,4390.0
3156,2026-06-08,4410.0
3156,2026-06-15,4410.0
3156,2026-06-22,4305.0
3156,2026-06-29,4020.0
3156,2026-07-06,3730.0
3156,2026-07-13,3495.0
3156,2026-07-20,3540.0
3156,2026-07-27,4125.0
3156,2026-08-03,4415.0
3156,2026-08-10,5510.0
3156,2026-08-17,4755.0
3156,2026-08-24,5150.0
3156,2026-08-31,5220.0
3156,2026-09-07,5330.0
3156,2026-09-14,5890.0
3393,2025-09-22,2671.7
3393,2025-09-29,2640.76
3393,2025-10-06,2722.95
3393,2025-10-13,2654.3
3393,2025-10-20,2725.85
3393,2025-10-27,2670.74
3393,2025-11-03,2596.28
3393,2025-11-10,2560.5
3393,2025-11-17,2523.76
3393,2025-11-24,2524.73
3393,2025-12-01,2543.1
3393,2025-12-08,2576.94
3393,2025-12-15,2618.52
3393,2025-12-22,2738.42
3393,2025-12-29,2785.8
3393,2026-01-05,2818.68
3393,2026-01-12,2915.38
3393,2026-01-19,2853.49
3393,2026-01-26,2720.05
3393,2026-02-02,2664.93
3393,2026-02-09,2585.64
3393,2026-02-16,2844.79
3393,2026-02-23,2987.9
3393,2026-03-02,2852.52
3393,2026-03-09,2738.42
3393,2026-03-16,2632.06
3393,2026-03-23,2663.0
3393,2026-03-30,2740.0
3393,2026-04-06,2797.0
3393,2026-04-13,2834.0
3393,2026-04-20,2757.0
3393,2026-04-27,2742.0
3393,2026-05-04,2770.0
3393,2026-05-11,2700.0
3393,2026-05-18,3005.0
3393,2026-05-25,2982.0
3393,2026-06-01,2911.0
3393,2026-06-08,2865.0
3393,2026-06-15,2945.0
3393,2026-06-22,2988.0
3393,2026-06-29,3100.0
3393,2026-07-06,3085.0
3393,2026-07-13,3065.0
3393,2026-07-20,3045.0
3393,2026-07-27,3080.0
3393,2026-08-03,3035.0
3393,2026-08-10,3030.0
3393,2026-08-17,3015.0
3393,2026-08-24,3000.0
3393,2026-08-31,3040.0
3393,2026-09-07,3025.0
3393,2026-09-14,3260.0
3560,2025-09-22,3042.13
3560,2025-09-29,3091.12
3560,2025-10-06,3267.47
3560,2025-10-13,3267.47
3560,2025-10-20,3389.94
3560,2025-10-27,3149.9
3560,2025-11-03,3135.21
3560,2025-11-10,3154.8
3560,2025-11-17,3115.61
3560,2025-11-24,3086.22
3560,2025-12-01,3198.89
3560,2025-12-08,3203.79
3560,2025-12-15,3331.16
3560,2025-12-22,3350.75
3560,2025-12-29,3365.45
3560,2026-01-05,3429.13
3560,2026-01-12,3345.85
3560,2026-01-19,3453.63
3560,2026-01-26,3522.21
3560,2026-02-02,3581.0
3560,2026-02-09,3546.7
3560,2026-02-16,3512.41
3560,2026-02-23,3507.51
3560,2026-03-02,3478.12
3560,2026-03-09,3394.84
3560,2026-03-16,3399.74
3560,2026-03-23,3380.15
3560,2026-03-30,3443.83
3560,2026-04-06,3497.72
3560,2026-04-13,4139.45
3560,2026-04-20,4212.94
3560,2026-04-27,4257.02
3560,2026-05-04,4222.73
3560,2026-05-11,3884.72
3560,2026-05-18,4105.16
3560,2026-05-25,4056.18
3560,2026-06-01,4065.97
3560,2026-06-08,3968.0
3560,2026-06-15,4227.63
3560,2026-06-22,4114.96
3560,2026-06-29,4399.09
3560,2026-07-06,4418.68
3560,2026-07-13,4144.35
3560,2026-07-20,4163.95
3560,2026-07-27,4212.94
3560,2026-08-03,4203.14
3560,2026-08-10,4286.42
3560,2026-08-17,4261.92
3560,2026-08-24,4440.0
3560,2026-08-31,4370.0
3560,2026-09-07,4225.0
3560,2026-09-14,5200.0
3793,2025-09-22,473.0
3793,2025-09-29,459.0
3793,2025-10-06,455.0
3793,2025-10-13,452.0
3793,2025-10-20,464.0
3793,2025-10-27,460.0
3793,2025-11-03,450.0
3793,2025-11-10,455.0
3793,2025-11-17,434.0
3793,2025-11-24,446.0
3793,2025-12-01,415.0
3793,2025-12-08,415.0
3793,2025-12-15,410.0
3793,2025-12-22,396.0
3793,2025-12-29,400.0
3793,2026-01-05,417.0
3793,2026-01-12,436.0
3793,2026-01-19,431.0
3793,2026-01-26,449.0
3793,2026-02-02,407.0
3793,2026-02-09,398.0
3793,2026-02-16,412.0
3793,2026-02-23,409.0
3793,2026-03-02,403.0
3793,2026-03-09,403.0
3793,2026-03-16,400.0
3793,2026-03-23,403.0
3793,2026-03-30,401.0
3793,2026-04-06,408.0
3793,2026-04-13,432.0
3793,2026-04-20,408.0
3793,2026-04-27,405.0
3793,2026-05-04,414.0
3793,2026-05-11,459.0
3793,2026-05-18,440.0
3793,2026-05-25,420.0
3793,2026-06-01,417.0
3793,2026-06-08,393.0
3793,2026-06-15,398.0
3793,2026-06-22,393.0
3793,2026-06-29,417.0
3793,2026-07-06,418.0
3793,2026-07-13,417.0
3793,2026-07-20,425.0
3793,2026-07-27,440.0
3793,2026-08-03,456.0
3793,2026-08-10,463.0
3793,2026-08-17,491.0
3793,2026-08-24,521.0
3793,2026-08-31,496.0
3793,2026-09-07,502.0
3793,2026-09-14,568.0
3979,2025-09-22,430.37
3979,2025-09-29,418.5
3979,2025-10-06,412.56
3979,2025-10-13,413.55
3979,2025-10-20,404.65
3979,2025-10-27,400.69
3979,2025-11-03,411.57
3979,2025-11-10,436.31
3979,2025-11-17,415.53
3979,2025-11-24,421.47
3979,2025-12-01,409.6
3979,2025-12-08,398.71
3979,2025-12-15,423.45
3979,2025-12-22,408.61
3979,2025-12-29,411.57
3979,2026-01-05,414.54
3979,2026-01-12,413.55
3979,2026-01-19,423.45
3979,2026-01-26,415.53
3979,2026-02-02,404.65
3979,2026-02-09,402.67
3979,2026-02-16,384.86
3979,2026-02-23,378.93
3979,2026-03-02,374.97
3979,2026-03-09,386.84
3979,2026-03-16,374.97
3979,2026-03-23,372.0
3979,2026-03-30,368.0
3979,2026-04-06,355.0
3979,2026-04-13,340.0
3979,2026-04-20,328.0
3979,2026-04-27,346.0
3979,2026-05-04,364.0
3979,2026-05-11,346.0
3979,2026-05-18,372.0
3979,2026-05-25,390.0
3979,2026-06-01,398.0
3979,2026-06-08,376.0
3979,2026-06-15,385.0
3979,2026-06-22,363.0
3979,2026-06-29,395.0
3979,2026-07-06,407.0
3979,2026-07-13,420.0
3979,2026-07-20,413.0
3979,2026-07-27,401.0
3979,2026-08-03,399.0
3979,2026-08-10,416.0
3979,2026-08-17,431.0
3979,2026-08-24,429.0
3979,2026-08-31,442.0
3979,2026-09-07,450.0
3979,2026-09-14,475.0
4175,2025-09-22,2268.0
4175,2025-09-29,2260.0
4175,2025-10-06,2208.0
4175,2025-10-13,2030.0
4175,2025-10-20,2063.0
4175,2025-10-27,2050.0
4175,2025-11-03,2059.0
4175,2025-11-10,2010.0
4175,2025-11-17,1836.0
4175,2025-11-24,1920.0
4175,2025-12-01,1829.0
4175,2025-12-08,1780.0
4175,2025-12-15,1938.0
4175,2025-12-22,1929.0
4175,2025-12-29,1878.0
4175,2026-01-05,1900.0
4175,2026-01-12,1899.0
4175,2026-01-19,1809.0
4175,2026-01-26,1821.0
4175,2026-02-02,1835.0
4175,2026-02-09,1876.0
4175,2026-02-16,1846.0
4175,2026-02-23,1855.0
4175,2026-03-02,1807.0
4175,2026-03-09,1905.0
4175,2026-03-16,1983.0
4175,2026-03-23,2074.0
4175,2026-03-30,2008.0
4175,2026-04-06,2070.0
4175,2026-04-13,2069.0
4175,2026-04-20,1993.0
4175,2026-04-27,1861.0
4175,2026-05-04,1905.0
4175,2026-05-11,1671.0
4175,2026-05-18,2082.0
4175,2026-05-25,2204.0
4175,2026-06-01,2157.0
4175,2026-06-08,1994.0
4175,2026-06-15,1869.0
4175,2026-06-22,2238.0
4175,2026-06-29,2498.0
4175,2026-07-06,2545.0
4175,2026-07-13,2749.0
4175,2026-07-20,2615.0
4175,2026-07-27,2809.0
4175,2026-08-03,2747.0
4175,2026-08-10,2798.0
4175,2026-08-17,2770.0
4175,2026-08-24,2871.0
4175,2026-08-31,2915.0
4175,2026-09-07,2820.0
4175,2026-09-14,3025.0
4206,2025-09-22,3633.1
4206,2025-09-29,3551.71
4206,2025-10-06,3516.41
4206,2025-10-13,3524.25
4206,2025-10-20,3592.89
4206,2025-10-27,3559.55
4206,2025-11-03,3441.88
4206,2025-11-10,3385.99
4206,2025-11-17,3434.04
4206,2025-11-24,3498.76
4206,2025-12-01,3313.42
4206,2025-12-08,3362.45
4206,2025-12-15,3414.42
4206,2025-12-22,3417.37
4206,2025-12-29,3449.73
4206,2026-01-05,3477.18
4206,2026-01-12,3530.13
4206,2026-01-19,3531.12
4206,2026-01-26,3441.88
4206,2026-02-02,3682.13
4206,2026-02-09,3705.66
4206,2026-02-16,3758.61
4206,2026-02-23,3895.9
4206,2026-03-02,3748.81
4206,2026-03-09,3617.41
4206,2026-03-16,3571.32
4206,2026-03-23,3638.0
4206,2026-03-30,3661.0
4206,2026-04-06,3754.0
4206,2026-04-13,3599.0
4206,2026-04-20,3493.0
4206,2026-04-27,3531.0
4206,2026-05-04,3403.0
4206,2026-05-11,3482.0
4206,2026-05-18,3439.0
4206,2026-05-25,3450.0
4206,2026-06-01,3423.0
4206,2026-06-08,3491.0
4206,2026-06-15,3579.0
4206,2026-06-22,3691.0
4206,2026-06-29,3728.0
4206,2026-07-06,3670.0
4206,2026-07-13,3670.0
4206,2026-07-20,3631.0
4206,2026-07-27,3687.0
4206,2026-08-03,4087.0
4206,2026-08-10,4128.0
4206,2026-08-17,4077.0
4206,2026-08-24,4115.0
4206,2026-08-31,4088.0
4206,2026-09-07,4118.0
4206,2026-09-14,4245.0
4258,2025-09-22,3756.06
4258,2025-09-29,3611.79
4258,2025-10-06,3686.41
4258,2025-10-13,3785.91
4258,2025-10-20,4243.6
4258,2025-10-27,3691.39
4258,2025-11-03,3666.51
4258,2025-11-10,3761.03
4258,2025-11-17,3567.01
4258,2025-11-24,3472.49
4258,2025-12-01,2982.96
4258,2025-12-08,2783.96
4258,2025-12-15,2882.46
4258,2025-12-22,3119.27
4258,2025-12-29,3085.0
4258,2026-01-05,3265.0
4258,2026-01-12,3130.0
4258,2026-01-19,3060.0
4258,2026-01-26,2900.0
4258,2026-02-02,2787.0
4258,2026-02-09,3035.0
4258,2026-02-16,3425.0
4258,2026-02-23,3050.0
4258,2026-03-02,3180.0
4258,2026-03-09,3060.0
4258,2026-03-16,2946.0
4258,2026-03-23,2995.0
4258,2026-03-30,2776.0
4258,2026-04-06,2820.0
4258,2026-04-13,2935.0
4258,2026-04-20,3000.0
4258,2026-04-27,2958.0
4258,2026-05-04,3100.0
4258,2026-05-11,2795.0
4258,2026-05-18,3010.0
4258,2026-05-25,3370.0
4258,2026-06-01,3535.0
4258,2026-06-08,3145.0
4258,2026-06-15,3200.0
4258,2026-06-22,3250.0
4258,2026-06-29,4395.0
4258,2026-07-06,4380.0
4258,2026-07-13,4315.0
4258,2026-07-20,4250.0
4258,2026-07-27,4335.0
4258,2026-08-03,4760.0
4258,2026-08-10,4675.0
4258,2026-08-17,4605.0
4258,2026-08-24,4680.0
4258,2026-08-31,4340.0
4258,2026-09-07,4890.0
4258,2026-09-14,5750.0
428A,2025-10-06,617.38
428A,2025-10-13,717.63
428A,2025-10-20,701.75
428A,2025-10-27,673.96
428A,2025-11-03,679.91
428A,2025-11-10,684.88
428A,2025-11-17,676.94
428A,2025-11-24,683.88
428A,2025-12-01,676.94
428A,2025-12-08,673.96
428A,2025-12-15,733.51
428A,2025-12-22,767.26
428A,2025-12-29,818.88
428A,2026-01-05,824.83
428A,2026-01-12,853.62
428A,2026-01-19,885.38
428A,2026-01-26,863.54
428A,2026-02-02,830.79
428A,2026-02-09,831.78
428A,2026-02-16,832.77
428A,2026-02-23,806.96
428A,2026-03-02,803.99
428A,2026-03-09,804.98
428A,2026-03-16,803.99
428A,2026-03-23,831.78
428A,2026-03-30,876.44
428A,2026-04-06,874.46
428A,2026-04-13,901.26
428A,2026-04-20,899.27
428A,2026-04-27,937.98
428A,2026-05-04,991.58
428A,2026-05-11,1024.34
428A,2026-05-18,1040.22
428A,2026-05-25,1268.51
428A,2026-06-01,1180.17
428A,2026-06-08,1213.92
428A,2026-06-15,1177.2
428A,2026-06-22,1216.9
428A,2026-06-29,1260.57
428A,2026-07-06,1221.86
428A,2026-07-13,1375.71
428A,2026-07-20,1317.15
428A,2026-07-27,1349.9
428A,2026-08-03,1373.73
428A,2026-08-10,1390.6
428A,2026-08-17,1425.34
428A,2026-08-24,1371.0
428A,2026-08-31,1587.0
428A,2026-09-07,1546.0
428A,2026-09-14,1710.0
4417,2025-09-22,3109.58
4417,2025-09-29,3081.16
4417,2025-10-06,3403.67
4417,2025-10-13,3502.9
4417,2025-10-20,4098.29
4417,2025-10-27,3676.56
4417,2025-11-03,3468.17
4417,2025-11-10,3512.82
4417,2025-11-17,3329.24
4417,2025-11-24,3438.4
4417,2025-12-01,3249.86
4417,2025-12-08,3046.43
4417,2025-12-15,2871.78
4417,2025-12-22,3215.13
4417,2025-12-29,3175.43
4417,2026-01-05,3438.4
4417,2026-01-12,3532.67
4417,2026-01-19,3130.78
4417,2026-01-26,2932.32
4417,2026-02-02,2688.2
4417,2026-02-09,2657.44
4417,2026-02-16,2738.81
4417,2026-02-23,2655.46
4417,2026-03-02,2490.73
4417,2026-03-09,2390.51
4417,2026-03-16,2440.12
4417,2026-03-23,2357.76
4417,2026-03-30,2510.0
4417,2026-04-06,2482.0
4417,2026-04-13,2514.0
4417,2026-04-20,2479.0
4417,2026-04-27,2682.0
4417,2026-05-04,2909.0
4417,2026-05-11,2809.0
4417,2026-05-18,3260.0
4417,2026-05-25,3435.0
4417,2026-06-01,3060.0
4417,2026-06-08,2968.0
4417,2026-06-15,3255.0
4417,2026-06-22,3310.0
4417,2026-06-29,4210.0
4417,2026-07-06,3980.0
4417,2026-07-13,4360.0
4417,2026-07-20,4230.0
4417,2026-07-27,4580.0
4417,2026-08-03,4965.0
4417,2026-08-10,4760.0
4417,2026-08-17,4500.0
4417,2026-08-24,4950.0
4417,2026-08-31,4340.0
4417,2026-09-07,4340.0
4417,2026-09-14,5720.0
4436,2025-09-22,500.0
4436,2025-09-29,461.0
4436,2025-10-06,460.0
4436,2025-10-13,444.0
4436,2025-10-20,450.0
4436,2025-10-27,482.0
4436,2025-11-03,472.0
4436,2025-11-10,492.0
4436,2025-11-17,443.0
4436,2025-11-24,457.0
4436,2025-12-01,419.0
4436,2025-12-08,438.0
4436,2025-12-15,430.0
4436,2025-12-22,441.0
4436,2025-12-29,442.0
4436,2026-01-05,468.0
4436,2026-01-12,473.0
4436,2026-01-19,469.0
4436,2026-01-26,475.0
4436,2026-02-02,442.0
4436,2026-02-09,456.0
4436,2026-02-16,461.0
4436,2026-02-23,471.0
4436,2026-03-02,452.0
4436,2026-03-09,434.0
4436,2026-03-16,420.0
4436,2026-03-23,437.0
4436,2026-03-30,409.0
4436,2026-04-06,415.0
4436,2026-04-13,430.0
4436,2026-04-20,416.0
4436,2026-04-27,421.0
4436,2026-05-04,428.0
4436,2026-05-11,441.0
4436,2026-05-18,486.0
4436,2026-05-25,479.0
4436,2026-06-01,455.0
4436,2026-06-08,412.0
4436,2026-06-15,409.0
4436,2026-06-22,418.0
4436,2026-06-29,433.0
4436,2026-07-06,465.0
4436,2026-07-13,449.0
4436,2026-07-20,450.0
4436,2026-07-27,454.0
4436,2026-08-03,447.0
4436,2026-08-10,471.0
4436,2026-08-17,422.0
4436,2026-08-24,415.0
4436,2026-08-31,415.0
4436,2026-09-07,413.0
4436,2026-09-14,600.0
4565,2025-09-22,986.0
4565,2025-09-29,976.0
4565,2025-10-06,985.0
4565,2025-10-13,969.0
4565,2025-10-20,965.0
4565,2025-10-27,896.0
4565,2025-11-03,781.0
4565,2025-11-10,862.0
4565,2025-11-17,862.0
4565,2025-11-24,887.0
4565,2025-12-01,838.0
4565,2025-12-08,864.0
4565,2025-12-15,754.0
4565,2025-12-22,837.0
4565,2025-12-29,827.0
4565,2026-01-05,870.0
4565,2026-01-12,809.0
4565,2026-01-19,842.0
4565,2026-01-26,812.0
4565,2026-02-02,827.0
4565,2026-02-09,868.0
4565,2026-02-16,897.0
4565,2026-02-23,966.0
4565,2026-03-02,905.0
4565,2026-03-09,928.0
4565,2026-03-16,879.0
4565,2026-03-23,905.0
4565,2026-03-30,1005.0
4565,2026-04-06,1021.0
4565,2026-04-13,1013.0
4565,2026-04-20,968.0
4565,2026-04-27,952.0
4565,2026-05-04,1167.0
4565,2026-05-11,1172.0
4565,2026-05-18,1125.0
4565,2026-05-25,1067.0
4565,2026-06-01,996.0
4565,2026-06-08,983.0
4565,2026-06-15,959.0
4565,2026-06-22,954.0
4565,2026-06-29,970.0
4565,2026-07-06,919.0
4565,2026-07-13,909.0
4565,2026-07-20,903.0
4565,2026-07-27,876.0
4565,2026-08-03,865.0
4565,2026-08-10,1105.0
4565,2026-08-17,1103.0
4565,2026-08-24,1122.0
4565,2026-08-31,1140.0
4565,2026-09-07,1204.0
4565,2026-09-14,1299.0
4588,2025-09-22,622.0
4588,2025-09-29,678.0
4588,2025-10-06,803.0
4588,2025-10-13,700.0
4588,2025-10-20,711.0
4588,2025-10-27,748.0
4588,2025-11-03,851.0
4588,2025-11-10,1043.0
4588,2025-11-17,986.0
4588,2025-11-24,1174.0
4588,2025-12-01,923.0
4588,2025-12-08,1061.0
4588,2025-12-15,859.0
4588,2025-12-22,1101.0
4588,2025-12-29,1384.0
4588,2026-01-05,1519.0
4588,2026-01-12,1943.0
4588,2026-01-19,1808.0
4588,2026-01-26,1739.0
4588,2026-02-02,1873.0
4588,2026-02-09,2440.0
4588,2026-02-16,2215.0
4588,2026-02-23,2730.0
4588,2026-03-02,3150.0
4588,2026-03-09,2702.0
4588,2026-03-16,2246.0
4588,2026-03-23,2338.0
4588,2026-03-30,2266.0
4588,2026-04-06,2501.0
4588,2026-04-13,2860.0
4588,2026-04-20,2978.0
4588,2026-04-27,2717.0
4588,2026-05-04,2918.0
4588,2026-05-11,2680.0
4588,2026-05-18,2797.0
4588,2026-05-25,2765.0
4588,2026-06-01,2614.0
4588,2026-06-08,2467.0
4588,2026-06-15,2591.0
4588,2026-06-22,2733.0
4588,2026-06-29,2680.0
4588,2026-07-06,2575.0
4588,2026-07-13,2351.0
4588,2026-07-20,2469.0
4588,2026-07-27,2665.0
4588,2026-08-03,2848.0
4588,2026-08-10,3250.0
4588,2026-08-17,3380.0
4588,2026-08-24,4810.0
4588,2026-08-31,4595.0
4588,2026-09-07,5740.0
4588,2026-09-14,6770.0
4665,2025-09-22,3873.19
4665,2025-09-29,3721.61
4665,2025-10-06,3687.16
4665,2025-10-13,3665.5
4665,2025-10-20,3682.24
4665,2025-10-27,3658.61
4665,2025-11-03,3729.48
4665,2025-11-10,3892.87
4665,2025-11-17,3954.89
4665,2025-11-24,3969.65
4665,2025-12-01,4049.38
4665,2025-12-08,4200.96
4665,2025-12-15,4301.36
4665,2025-12-22,4236.39
4665,2025-12-29,4188.16
4665,2026-01-05,4231.47
4665,2026-01-12,4293.48
4665,2026-01-19,4350.57
4665,2026-01-26,4179.3
4665,2026-02-02,4258.05
4665,2026-02-09,4239.35
4665,2026-02-16,4160.6
4665,2026-02-23,4255.09
4665,2026-03-02,4194.07
4665,2026-03-09,4152.73
4665,2026-03-16,4204.9
4665,2026-03-23,4261.0
4665,2026-03-30,4210.0
4665,2026-04-06,4163.0
4665,2026-04-13,4136.0
4665,2026-04-20,3940.0
4665,2026-04-27,3915.0
4665,2026-05-04,3933.0
4665,2026-05-11,3975.0
4665,2026-05-18,4156.0
4665,2026-05-25,4015.0
4665,2026-06-01,4100.0
4665,2026-06-08,4285.0
4665,2026-06-15,4168.0
4665,2026-06-22,4296.0
4665,2026-06-29,4389.0
4665,2026-07-06,4469.0
4665,2026-07-13,4538.0
4665,2026-07-20,4466.0
4665,2026-07-27,4447.0
4665,2026-08-03,4386.0
4665,2026-08-10,4584.0
4665,2026-08-17,4691.0
4665,2026-08-24,4682.0
4665,2026-08-31,4665.0
4665,2026-09-07,4580.0
4665,2026-09-14,4732.0
479A,2025-12-22,1759.0
479A,2025-12-29,1777.0
479A,2026-01-05,1994.0
479A,2026-01-12,1838.0
479A,2026-01-19,1879.0
479A,2026-01-26,1768.0
479A,2026-02-02,1575.0
479A,2026-02-09,1514.0
479A,2026-02-16,1546.0
479A,2026-02-23,1508.0
479A,2026-03-02,1470.0
479A,2026-03-09,1484.0
479A,2026-03-16,1451.0
479A,2026-03-23,1340.0
479A,2026-03-30,1317.0
479A,2026-04-06,1326.0
479A,2026-04-13,1435.0
479A,2026-04-20,1520.0
479A,2026-04-27,1548.0
479A,2026-05-04,1577.0
479A,2026-05-11,1511.0
479A,2026-05-18,1512.0
479A,2026-05-25,1398.0
479A,2026-06-01,1354.0
479A,2026-06-08,1220.0
479A,2026-06-15,1274.0
479A,2026-06-22,1249.0
479A,2026-06-29,1457.0
479A,2026-07-06,1413.0
479A,2026-07-13,1364.0
479A,2026-07-20,1313.0
479A,2026-07-27,1331.0
479A,2026-08-03,1356.0
479A,2026-08-10,1734.0
479A,2026-08-17,1888.0
479A,2026-08-24,2009.0
479A,2026-08-31,1987.0
479A,2026-09-07,1910.0
479A,2026-09-14,2255.0
4847,2025-09-22,1057.61
4847,2025-09-29,986.47
4847,2025-10-06,999.93
4847,2025-10-13,980.7
4847,2025-10-20,1016.27
4847,2025-10-27,996.08
4847,2025-11-03,931.66
4847,2025-11-10,933.59
4847,2025-11-17,907.63
4847,2025-11-24,936.47
4847,2025-12-01,916.28
4847,2025-12-08,917.24
4847,2025-12-15,909.55
4847,2025-12-22,925.89
4847,2025-12-29,936.66
4847,2026-01-05,963.09
4847,2026-01-12,978.75
4847,2026-01-19,962.11
4847,2026-01-26,930.79
4847,2026-02-02,944.49
4847,2026-02-09,938.62
4847,2026-02-16,950.36
4847,2026-02-23,988.53
4847,2026-03-02,1001.26
4847,2026-03-09,977.77
4847,2026-03-16,959.17
4847,2026-03-23,947.43
4847,2026-03-30,953.3
4847,2026-04-06,950.36
4847,2026-04-13,967.98
4847,2026-04-20,960.15
4847,2026-04-27,949.38
4847,2026-05-04,973.85
4847,2026-05-11,902.4
4847,2026-05-18,919.04
4847,2026-05-25,918.06
4847,2026-06-01,926.87
4847,2026-06-08,920.02
4847,2026-06-15,911.21
4847,2026-06-22,921.0
4847,2026-06-29,967.0
4847,2026-07-06,954.0
4847,2026-07-13,952.0
4847,2026-07-20,1003.0
4847,2026-07-27,1000.0
4847,2026-08-03,1236.0
4847,2026-08-10,1281.0
4847,2026-08-17,1319.0
4847,2026-08-24,1398.0
4847,2026-08-31,1355.0
4847,2026-09-07,1378.0
4847,2026-09-14,1530.0
4875,2025-09-22,189.0
4875,2025-09-29,179.0
4875,2025-10-06,185.0
4875,2025-10-13,185.0
4875,2025-10-20,182.0
4875,2025-10-27,227.0
4875,2025-11-03,232.0
4875,2025-11-10,242.0
4875,2025-11-17,219.0
4875,2025-11-24,227.0
4875,2025-12-01,235.0
4875,2025-12-08,237.0
4875,2025-12-15,228.0
4875,2025-12-22,209.0
4875,2025-12-29,216.0
4875,2026-01-05,233.0
4875,2026-01-12,259.0
4875,2026-01-19,295.0
4875,2026-01-26,279.0
4875,2026-02-02,255.0
4875,2026-02-09,262.0
4875,2026-02-16,249.0
4875,2026-02-23,251.0
4875,2026-03-02,235.0
4875,2026-03-09,219.0
4875,2026-03-16,227.0
4875,2026-03-23,230.0
4875,2026-03-30,224.0
4875,2026-04-06,230.0
4875,2026-04-13,228.0
4875,2026-04-20,216.0
4875,2026-04-27,226.0
4875,2026-05-04,222.0
4875,2026-05-11,216.0
4875,2026-05-18,225.0
4875,2026-05-25,217.0
4875,2026-06-01,212.0
4875,2026-06-08,199.0
4875,2026-06-15,213.0
4875,2026-06-22,203.0
4875,2026-06-29,226.0
4875,2026-07-06,224.0
4875,2026-07-13,221.0
4875,2026-07-20,216.0
4875,2026-07-27,216.0
4875,2026-08-03,210.0
4875,2026-08-10,208.0
4875,2026-08-17,216.0
4875,2026-08-24,227.0
4875,2026-08-31,239.0
4875,2026-09-07,270.0
4875,2026-09-14,485.0
4933,2025-09-22,1463.48
4933,2025-09-29,1353.32
4933,2025-10-06,1309.07
4933,2025-10-13,1275.63
4933,2025-10-20,1303.17
4933,2025-10-27,1237.27
4933,2025-11-03,1234.32
4933,2025-11-10,1467.41
4933,2025-11-17,1405.45
4933,2025-11-24,1400.53
4933,2025-12-01,1313.0
4933,2025-12-08,1355.29
4933,2025-12-15,1424.14
4933,2025-12-22,1356.28
4933,2025-12-29,1320.48
4933,2026-01-05,1344.34
4933,2026-01-12,1365.22
4933,2026-01-19,1355.28
4933,2026-01-26,1328.43
4933,2026-02-02,1341.36
4933,2026-02-09,1229.99
4933,2026-02-16,1094.76
4933,2026-02-23,1119.62
4933,2026-03-02,1070.9
4933,2026-03-09,1042.06
4933,2026-03-16,1070.9
4933,2026-03-23,1137.52
4933,2026-03-30,1148.46
4933,2026-04-06,1133.54
4933,2026-04-13,1161.39
4933,2026-04-20,1042.06
4933,2026-04-27,1091.78
4933,2026-05-04,1086.81
4933,2026-05-11,1139.51
4933,2026-05-18,1243.92
4933,2026-05-25,1289.65
4933,2026-06-01,1285.68
4933,2026-06-08,1316.5
4933,2026-06-15,1297.61
4933,2026-06-22,1229.0
4933,2026-06-29,1202.0
4933,2026-07-06,1210.0
4933,2026-07-13,1212.0
4933,2026-07-20,1222.0
4933,2026-07-27,1256.0
4933,2026-08-03,1269.0
4933,2026-08-10,1447.0
4933,2026-08-17,1441.0
4933,2026-08-24,1477.0
4933,2026-08-31,1463.0
4933,2026-09-07,1418.0
4933,2026-09-14,2370.0
4956,2025-09-22,1290.96
4956,2025-09-29,1247.57
4956,2025-10-06,1245.6
4956,2025-10-13,1261.38
4956,2025-10-20,1294.91
4956,2025-10-27,1218.97
4956,2025-11-03,1230.8
4956,2025-11-10,1262.36
4956,2025-11-17,1298.85
4956,2025-11-24,1294.91
4956,2025-12-01,1266.31
4956,2025-12-08,1299.84
4956,2025-12-15,1306.74
4956,2025-12-22,1319.56
4956,2025-12-29,1311.68
4956,2026-01-05,1315.62
4956,2026-01-12,1356.06
4956,2026-01-19,1358.03
4956,2026-01-26,1283.07
4956,2026-02-02,1337.32
4956,2026-02-09,1396.49
4956,2026-02-16,1324.5
4956,2026-02-23,1364.93
4956,2026-03-02,1366.9
4956,2026-03-09,1351.12
4956,2026-03-16,1356.06
4956,2026-03-23,1360.0
4956,2026-03-30,1387.0
4956,2026-04-06,1363.0
4956,2026-04-13,1369.0
4956,2026-04-20,1346.0
4956,2026-04-27,1421.0
4956,2026-05-04,1450.0
4956,2026-05-11,1468.0
4956,2026-05-18,1395.0
4956,2026-05-25,1375.0
4956,2026-06-01,1398.0
4956,2026-06-08,1440.0
4956,2026-06-15,1467.0
4956,2026-06-22,1485.0
4956,2026-06-29,1453.0
4956,2026-07-06,1451.0
4956,2026-07-13,1442.0
4956,2026-07-20,1417.0
4956,2026-07-27,1414.0
4956,2026-08-03,1476.0
4956,2026-08-10,1468.0
4956,2026-08-17,1440.0
4956,2026-08-24,1477.0
4956,2026-08-31,1479.0
4956,2026-09-07,1464.0
4956,2026-09-14,1509.0
5033,2025-09-22,861.0
5033,2025-09-29,839.0
5033,2025-10-06,807.0
5033,2025-10-13,815.0
5033,2025-10-20,809.0
5033,2025-10-27,771.0
5033,2025-11-03,757.0
5033,2025-11-10,817.0
5033,2025-11-17,765.0
5033,2025-11-24,783.0
5033,2025-12-01,804.0
5033,2025-12-08,794.0
5033,2025-12-15,765.0
5033,2025-12-22,750.0
5033,2025-12-29,741.0
5033,2026-01-05,760.0
5033,2026-01-12,751.0
5033,2026-01-19,760.0
5033,2026-01-26,733.0
5033,2026-02-02,728.0
5033,2026-02-09,743.0
5033,2026-02-16,746.0
5033,2026-02-23,760.0
5033,2026-03-02,750.0
5033,2026-03-09,740.0
5033,2026-03-16,749.0
5033,2026-03-23,690.0
5033,2026-03-30,754.0
5033,2026-04-06,747.0
5033,2026-04-13,759.0
5033,2026-04-20,739.0
5033,2026-04-27,748.0
5033,2026-05-04,761.0
5033,2026-05-11,676.0
5033,2026-05-18,719.0
5033,2026-05-25,722.0
5033,2026-06-01,770.0
5033,2026-06-08,713.0
5033,2026-06-15,821.0
5033,2026-06-22,898.0
5033,2026-06-29,890.0
5033,2026-07-06,899.0
5033,2026-07-13,930.0
5033,2026-07-20,884.0
5033,2026-07-27,849.0
5033,2026-08-03,815.0
5033,2026-08-10,859.0
5033,2026-08-17,858.0
5033,2026-08-24,953.0
5033,2026-08-31,1172.0
5033,2026-09-07,1175.0
5033,2026-09-14,1255.0
5121,2025-09-22,1900.14
5121,2025-09-29,1886.38
5121,2025-10-06,1892.28
5121,2025-10-13,1892.28
5121,2025-10-20,1991.51
5121,2025-10-27,1901.12
5121,2025-11-03,1889.33
5121,2025-11-10,1820.56
5121,2025-11-17,1743.92
5121,2025-11-24,1856.91
5121,2025-12-01,1921.75
5121,2025-12-08,1896.21
5121,2025-12-15,1868.7
5121,2025-12-22,1991.51
5121,2025-12-29,2020.0
5121,2026-01-05,2022.95
5121,2026-01-12,2176.22
5121,2026-01-19,2190.96
5121,2026-01-26,2227.31
5121,2026-02-02,2362.89
5121,2026-02-09,2490.62
5121,2026-02-16,2559.39
5121,2026-02-23,2670.41
5121,2026-03-02,2701.85
5121,2026-03-09,2492.58
5121,2026-03-16,2456.23
5121,2026-03-23,2413.0
5121,2026-03-30,2579.0
5121,2026-04-06,2611.0
5121,2026-04-13,2500.0
5121,2026-04-20,2494.0
5121,2026-04-27,2519.0
5121,2026-05-04,2590.0
5121,2026-05-11,2545.0
5121,2026-05-18,2416.0
5121,2026-05-25,2474.0
5121,2026-06-01,2543.0
5121,2026-06-08,2550.0
5121,2026-06-15,2668.0
5121,2026-06-22,2595.0
5121,2026-06-29,2585.0
5121,2026-07-06,2584.0
5121,2026-07-13,2466.0
5121,2026-07-20,2484.0
5121,2026-07-27,2504.0
5121,2026-08-03,2789.0
5121,2026-08-10,2764.0
5121,2026-08-17,2745.0
5121,2026-08-24,2693.0
5121,2026-08-31,2668.0
5121,2026-09-07,2660.0
5121,2026-09-14,2833.0
5252,2025-09-22,492.85
5252,2025-09-29,559.77
5252,2025-10-06,531.09
5252,2025-10-13,481.64
5252,2025-10-20,502.41
5252,2025-10-27,488.57
5252,2025-11-03,493.51
5252,2025-11-10,500.43
5252,2025-11-17,483.62
5252,2025-11-24,494.5
5252,2025-12-01,475.71
5252,2025-12-08,529.11
5252,2025-12-15,590.43
5252,2025-12-22,593.4
5252,2025-12-29,607.25
5252,2026-01-05,589.44
5252,2026-01-12,589.44
5252,2026-01-19,605.27
5252,2026-01-26,637.9
5252,2026-02-02,690.32
5252,2026-02-09,739.77
5252,2026-02-16,858.45
5252,2026-02-23,899.99
5252,2026-03-02,894.05
5252,2026-03-09,928.67
5252,2026-03-16,906.91
5252,2026-03-23,899.0
5252,2026-03-30,765.0
5252,2026-04-06,777.0
5252,2026-04-13,772.0
5252,2026-04-20,785.0
5252,2026-04-27,800.0
5252,2026-05-04,785.0
5252,2026-05-11,777.0
5252,2026-05-18,780.0
5252,2026-05-25,779.0
5252,2026-06-01,770.0
5252,2026-06-08,763.0
5252,2026-06-15,698.0
5252,2026-06-22,749.0
5252,2026-06-29,815.0
5252,2026-07-06,710.0
5252,2026-07-13,746.0
5252,2026-07-20,790.0
5252,2026-07-27,810.0
5252,2026-08-03,830.0
5252,2026-08-10,826.0
5252,2026-08-17,789.0
5252,2026-08-24,757.0
5252,2026-08-31,745.0
5252,2026-09-07,892.0
5252,2026-09-14,1019.0
5301,2025-09-22,1023.56
5301,2025-09-29,1003.6
5301,2025-10-06,1081.48
5301,2025-10-13,1036.7
5301,2025-10-20,1084.4
5301,2025-10-27,1006.04
5301,2025-11-03,962.62
5301,2025-11-10,1007.01
5301,2025-11-17,963.89
5301,2025-11-24,1000.68
5301,2025-12-01,972.74
5301,2025-12-08,958.14
5301,2025-12-15,936.73
5301,2025-12-22,961.74
5301,2025-12-29,957.99
5301,2026-01-05,996.34
5301,2026-01-12,1057.13
5301,2026-01-19,1041.31
5301,2026-01-26,1054.66
5301,2026-02-02,1093.7
5301,2026-02-09,1011.66
5301,2026-02-16,1029.95
5301,2026-02-23,1100.62
5301,2026-03-02,1002.27
5301,2026-03-09,948.6
5301,2026-03-16,908.07
5301,2026-03-23,952.06
5301,2026-03-30,985.37
5301,2026-04-06,989.42
5301,2026-04-13,1024.02
5301,2026-04-20,1041.31
5301,2026-04-27,1132.25
5301,2026-05-04,1176.23
5301,2026-05-11,1512.3
5301,2026-05-18,1608.18
5301,2026-05-25,1759.41
5301,2026-06-01,1877.53
5301,2026-06-08,1795.98
5301,2026-06-15,1730.75
5301,2026-06-22,1709.0
5301,2026-06-29,1758.5
5301,2026-07-06,1671.5
5301,2026-07-13,1615.5
5301,2026-07-20,1632.0
5301,2026-07-27,1537.5
5301,2026-08-03,1734.0
5301,2026-08-10,1797.0
5301,2026-08-17,1685.0
5301,2026-08-24,1681.5
5301,2026-08-31,1819.5
5301,2026-09-07,1987.5
5301,2026-09-14,2127.5
5388,2025-09-22,1177.67
5388,2025-09-29,1135.51
5388,2025-10-06,1150.21
5388,2025-10-13,1134.53
5388,2025-10-20,1136.49
5388,2025-10-27,1114.91
5388,2025-11-03,1093.34
5388,2025-11-10,1118.84
5388,2025-11-17,1114.91
5388,2025-11-24,1119.82
5388,2025-12-01,1116.87
5388,2025-12-08,1157.08
5388,2025-12-15,1144.33
5388,2025-12-22,1153.16
5388,2025-12-29,1164.92
5388,2026-01-05,1260.04
5388,2026-01-12,1321.82
5388,2026-01-19,1304.16
5388,2026-01-26,1280.63
5388,2026-02-02,1290.44
5388,2026-02-09,1325.74
5388,2026-02-16,1313.97
5388,2026-02-23,1304.16
5388,2026-03-02,1274.75
5388,2026-03-09,1278.67
5388,2026-03-16,1261.02
5388,2026-03-23,1262.0
5388,2026-03-30,1266.0
5388,2026-04-06,1281.0
5388,2026-04-13,1277.0
5388,2026-04-20,1246.0
5388,2026-04-27,1226.0
5388,2026-05-04,1246.0
5388,2026-05-11,1233.0
5388,2026-05-18,1246.0
5388,2026-05-25,1235.0
5388,2026-06-01,1215.0
5388,2026-06-08,1212.0
5388,2026-06-15,1248.0
5388,2026-06-22,1251.0
5388,2026-06-29,1298.0
5388,2026-07-06,1277.0
5388,2026-07-13,1245.0
5388,2026-07-20,1246.0
5388,2026-07-27,1244.0
5388,2026-08-03,1250.0
5388,2026-08-10,1272.0
5388,2026-08-17,1329.0
5388,2026-08-24,1370.0
5388,2026-08-31,1316.0
5388,2026-09-07,1312.0
5388,2026-09-14,1400.0
5542,2025-09-22,774.95
5542,2025-09-29,773.99
5542,2025-10-06,771.08
5542,2025-10-13,743.99
5542,2025-10-20,779.79
5542,2025-10-27,773.02
5542,2025-11-03,716.9
5542,2025-11-10,721.74
5542,2025-11-17,711.1
5542,2025-11-24,713.03
5542,2025-12-01,715.94
5542,2025-12-08,702.39
5542,2025-12-15,703.36
5542,2025-12-22,703.36
5542,2025-12-29,715.21
5542,2026-01-05,725.09
5542,2026-01-12,768.56
5542,2026-01-19,759.67
5542,2026-01-26,758.68
5542,2026-02-02,743.86
5542,2026-02-09,768.56
5542,2026-02-16,805.11
5542,2026-02-23,850.55
5542,2026-03-02,789.3
5542,2026-03-09,795.23
5542,2026-03-16,807.08
5542,2026-03-23,789.3
5542,2026-03-30,793.25
5542,2026-04-06,812.02
5542,2026-04-13,812.02
5542,2026-04-20,816.96
5542,2026-04-27,842.65
5542,2026-05-04,843.64
5542,2026-05-11,794.24
5542,2026-05-18,806.1
5542,2026-05-25,839.68
5542,2026-06-01,814.99
5542,2026-06-08,801.16
5542,2026-06-15,816.96
5542,2026-06-22,814.0
5542,2026-06-29,809.0
5542,2026-07-06,806.0
5542,2026-07-13,800.0
5542,2026-07-20,797.0
5542,2026-07-27,785.0
5542,2026-08-03,844.0
5542,2026-08-10,960.0
5542,2026-08-17,950.0
5542,2026-08-24,943.0
5542,2026-08-31,947.0
5542,2026-09-07,896.0
5542,2026-09-14,1236.0
6080,2025-09-22,3127.9
6080,2025-09-29,3155.0
6080,2025-10-06,3120.0
6080,2025-10-13,3210.0
6080,2025-10-20,3270.0
6080,2025-10-27,2955.0
6080,2025-11-03,3090.0
6080,2025-11-10,3170.0
6080,2025-11-17,3300.0
6080,2025-11-24,3360.0
6080,2025-12-01,3260.0
6080,2025-12-08,3290.0
6080,2025-12-15,3400.0
6080,2025-12-22,3405.0
6080,2025-12-29,3370.0
6080,2026-01-05,3490.0
6080,2026-01-12,3500.0
6080,2026-01-19,3425.0
6080,2026-01-26,3145.0
6080,2026-02-02,3415.0
6080,2026-02-09,3380.0
6080,2026-02-16,3495.0
6080,2026-02-23,3740.0
6080,2026-03-02,3495.0
6080,2026-03-09,3400.0
6080,2026-03-16,3155.0
6080,2026-03-23,3100.0
6080,2026-03-30,3080.0
6080,2026-04-06,3235.0
6080,2026-04-13,3350.0
6080,2026-04-20,3170.0
6080,2026-04-27,3275.0
6080,2026-05-04,3400.0
6080,2026-05-11,3370.0
6080,2026-05-18,3600.0
6080,2026-05-25,3440.0
6080,2026-06-01,3480.0
6080,2026-06-08,3465.0
6080,2026-06-15,3580.0
6080,2026-06-22,3390.0
6080,2026-06-29,3575.0
6080,2026-07-06,3610.0
6080,2026-07-13,3660.0
6080,2026-07-20,3735.0
6080,2026-07-27,3885.0
6080,2026-08-03,4020.0
6080,2026-08-10,4085.0
6080,2026-08-17,4130.0
6080,2026-08-24,4250.0
6080,2026-08-31,4185.0
6080,2026-09-07,4010.0
6080,2026-09-14,4295.0
619A,2026-09-14,329.0
622A,2026-09-18,559.0
6238,2025-09-22,1075.53
6238,2025-09-29,1084.25
6238,2025-10-06,1081.34
6238,2025-10-13,1062.93
6238,2025-10-20,1059.06
6238,2025-10-27,1012.55
6238,2025-11-03,1000.92
6238,2025-11-10,1052.27
6238,2025-11-17,1050.34
6238,2025-11-24,1035.8
6238,2025-12-01,1005.76
6238,2025-12-08,1017.39
6238,2025-12-15,1026.11
6238,2025-12-22,1036.77
6238,2025-12-29,1034.83
6238,2026-01-05,1041.61
6238,2026-01-12,1030.96
6238,2026-01-19,1035.8
6238,2026-01-26,997.04
6238,2026-02-02,1008.67
6238,2026-02-09,997.04
6238,2026-02-16,1143.35
6238,2026-02-23,1218.93
6238,2026-03-02,1196.65
6238,2026-03-09,1253.81
6238,2026-03-16,1194.71
6238,2026-03-23,1248.0
6238,2026-03-30,1331.0
6238,2026-04-06,1326.0
6238,2026-04-13,1344.0
6238,2026-04-20,1281.0
6238,2026-04-27,1274.0
6238,2026-05-04,1300.0
6238,2026-05-11,1178.0
6238,2026-05-18,1249.0
6238,2026-05-25,1332.0
6238,2026-06-01,1319.0
6238,2026-06-08,1357.0
6238,2026-06-15,1325.0
6238,2026-06-22,1357.0
6238,2026-06-29,1369.0
6238,2026-07-06,1395.0
6238,2026-07-13,1340.0
6238,2026-07-20,1357.0
6238,2026-07-27,1387.0
6238,2026-08-03,1403.0
6238,2026-08-10,1348.0
6238,2026-08-17,1392.0
6238,2026-08-24,1400.0
6238,2026-08-31,1430.0
6238,2026-09-07,1434.0
6238,2026-09-14,1479.0
623A,2026-09-18,562.0
627A,2026-09-18,1037.0
6317,2025-09-22,1597.14
6317,2025-09-29,1537.67
6317,2025-10-06,1491.63
6317,2025-10-13,1555.9
6317,2025-10-20,1599.06
6317,2025-10-27,1550.14
6317,2025-11-03,1585.63
6317,2025-11-10,1647.98
6317,2025-11-17,1707.46
6317,2025-11-24,1691.15
6317,2025-12-01,1688.27
6317,2025-12-08,1676.76
6317,2025-12-15,1657.58
6317,2025-12-22,1662.37
6317,2025-12-29,1663.33
6317,2026-01-05,1709.38
6317,2026-01-12,1794.75
6317,2026-01-19,1773.65
6317,2026-01-26,1694.99
6317,2026-02-02,1727.6
6317,2026-02-09,1804.34
6317,2026-02-16,1718.01
6317,2026-02-23,1830.24
6317,2026-03-02,1717.05
6317,2026-03-09,1634.55
6317,2026-03-16,1624.96
6317,2026-03-23,1577.0
6317,2026-03-30,1605.0
6317,2026-04-06,1666.0
6317,2026-04-13,1642.0
6317,2026-04-20,1538.0
6317,2026-04-27,1569.0
6317,2026-05-04,1619.0
6317,2026-05-11,1646.0
6317,2026-05-18,1703.0
6317,2026-05-25,1690.0
6317,2026-06-01,1679.0
6317,2026-06-08,1581.0
6317,2026-06-15,1704.0
6317,2026-06-22,1711.0
6317,2026-06-29,1678.0
6317,2026-07-06,1735.0
6317,2026-07-13,1642.0
6317,2026-07-20,1688.0
6317,2026-07-27,1646.0
6317,2026-08-03,1729.0
6317,2026-08-10,1875.0
6317,2026-08-17,1881.0
6317,2026-08-24,1824.0
6317,2026-08-31,1812.0
6317,2026-09-07,1707.0
6317,2026-09-14,2535.0
6599,2025-09-22,2331.51
6599,2025-09-29,2323.63
6599,2025-10-06,2356.16
6599,2025-10-13,2335.46
6599,2025-10-20,3376.5
6599,2025-10-27,2887.53
6599,2025-11-03,2674.59
6599,2025-11-10,2689.37
6599,2025-11-17,2594.73
6599,2025-11-24,2643.04
6599,2025-12-01,2552.34
6599,2025-12-08,2603.61
6599,2025-12-15,2584.87
6599,2025-12-22,2498.12
6599,2025-12-29,2687.4
6599,2026-01-05,2848.09
6599,2026-01-12,2911.19
6599,2026-01-19,2884.57
6599,2026-01-26,2770.21
6599,2026-02-02,2864.85
6599,2026-02-09,2671.63
6599,2026-02-16,2972.31
6599,2026-02-23,3105.4
6599,2026-03-02,3001.88
6599,2026-03-09,2847.11
6599,2026-03-16,2934.85
6599,2026-03-23,3342.0
6599,2026-03-30,3615.0
6599,2026-04-06,3755.0
6599,2026-04-13,3755.0
6599,2026-04-20,3520.0
6599,2026-04-27,3405.0
6599,2026-05-04,3520.0
6599,2026-05-11,3270.0
6599,2026-05-18,3395.0
6599,2026-05-25,3515.0
6599,2026-06-01,3315.0
6599,2026-06-08,2973.0
6599,2026-06-15,3230.0
6599,2026-06-22,3215.0
6599,2026-06-29,3075.0
6599,2026-07-06,3040.0
6599,2026-07-13,2906.0
6599,2026-07-20,2940.0
6599,2026-07-27,2986.0
6599,2026-08-03,3140.0
6599,2026-08-10,3430.0
6599,2026-08-17,3185.0
6599,2026-08-24,3360.0
6599,2026-08-31,3765.0
6599,2026-09-07,3765.0
6599,2026-09-14,4070.0
6676,2025-09-22,1738.65
6676,2025-09-29,1748.52
6676,2025-10-06,1743.58
6676,2025-10-13,1731.24
6676,2025-10-20,1790.51
6676,2025-10-27,1713.95
6676,2025-11-03,1758.4
6676,2025-11-10,2422.74
6676,2025-11-17,2395.58
6676,2025-11-24,2489.42
6676,2025-12-01,2375.82
6676,2025-12-08,2338.77
6676,2025-12-15,2395.58
6676,2025-12-22,2422.74
6676,2025-12-29,2398.05
6676,2026-01-05,2479.54
6676,2026-01-12,2410.39
6676,2026-01-19,2331.36
6676,2026-01-26,2217.76
6676,2026-02-02,2291.85
6676,2026-02-09,2677.12
6676,2026-02-16,2479.54
6676,2026-02-23,2607.97
6676,2026-03-02,2430.15
6676,2026-03-09,2422.74
6676,2026-03-16,2437.56
6676,2026-03-23,2442.5
6676,2026-03-30,2421.0
6676,2026-04-06,2470.0
6676,2026-04-13,2536.0
6676,2026-04-20,2466.0
6676,2026-04-27,2417.0
6676,2026-05-04,2525.0
6676,2026-05-11,2541.0
6676,2026-05-18,2354.0
6676,2026-05-25,2324.0
6676,2026-06-01,2352.0
6676,2026-06-08,2541.0
6676,2026-06-15,2767.0
6676,2026-06-22,2422.0
6676,2026-06-29,2540.0
6676,2026-07-06,2643.0
6676,2026-07-13,2584.0
6676,2026-07-20,2712.0
6676,2026-07-27,2741.0
6676,2026-08-03,2894.0
6676,2026-08-10,2882.0
6676,2026-08-17,2942.0
6676,2026-08-24,3085.0
6676,2026-08-31,3070.0
6676,2026-09-07,3030.0
6676,2026-09-14,3475.0
6737,2025-09-22,2177.96
6737,2025-09-29,2070.77
6737,2025-10-06,2078.56
6737,2025-10-13,2124.36
6737,2025-10-20,2144.83
6737,2025-10-27,2134.11
6737,2025-11-03,2132.16
6737,2025-11-10,2106.82
6737,2025-11-17,2148.72
6737,2025-11-24,2192.58
6737,2025-12-01,2100.97
6737,2025-12-08,2143.85
6737,2025-12-15,2171.14
6737,2025-12-22,2181.86
6737,2025-12-29,2179.91
6737,2026-01-05,2214.99
6737,2026-01-12,2285.15
6737,2026-01-19,2308.54
6737,2026-01-26,2105.85
6737,2026-02-02,2131.18
6737,2026-02-09,2130.21
6737,2026-02-16,2205.24
6737,2026-02-23,2244.22
6737,2026-03-02,2162.37
6737,2026-03-09,2086.36
6737,2026-03-16,2090.26
6737,2026-03-23,2100.0
6737,2026-03-30,2126.0
6737,2026-04-06,2125.0
6737,2026-04-13,2154.0
6737,2026-04-20,2068.0
6737,2026-04-27,2056.0
6737,2026-05-04,2203.0
6737,2026-05-11,2378.0
6737,2026-05-18,2557.0
6737,2026-05-25,2636.0
6737,2026-06-01,2635.0
6737,2026-06-08,2496.0
6737,2026-06-15,2489.0
6737,2026-06-22,2342.0
6737,2026-06-29,2520.0
6737,2026-07-06,2677.0
6737,2026-07-13,2610.0
6737,2026-07-20,2775.0
6737,2026-07-27,2896.0
6737,2026-08-03,2969.0
6737,2026-08-10,3000.0
6737,2026-08-17,3005.0
6737,2026-08-24,3140.0
6737,2026-08-31,3115.0
6737,2026-09-07,3015.0
6737,2026-09-14,3170.0
6742,2025-09-22,517.02
6742,2025-09-29,494.71
6742,2025-10-06,492.77
6742,2025-10-13,491.8
6742,2025-10-20,517.99
6742,2025-10-27,513.14
6742,2025-11-03,514.11
6742,2025-11-10,540.3
6742,2025-11-17,526.72
6742,2025-11-24,535.45
6742,2025-12-01,566.49
6742,2025-12-08,586.86
6742,2025-12-15,598.5
6742,2025-12-22,583.95
6742,2025-12-29,591.71
6742,2026-01-05,600.44
6742,2026-01-12,602.38
6742,2026-01-19,632.45
6742,2026-01-26,652.82
6742,2026-02-02,704.23
6742,2026-02-09,699.38
6742,2026-02-16,759.52
6742,2026-02-23,753.7
6742,2026-03-02,693.56
6742,2026-03-09,662.52
6742,2026-03-16,639.24
6742,2026-03-23,647.0
6742,2026-03-30,640.0
6742,2026-04-06,661.0
6742,2026-04-13,701.0
6742,2026-04-20,699.0
6742,2026-04-27,716.0
6742,2026-05-04,749.0
6742,2026-05-11,766.0
6742,2026-05-18,745.0
6742,2026-05-25,754.0
6742,2026-06-01,951.0
6742,2026-06-08,946.0
6742,2026-06-15,1011.0
6742,2026-06-22,976.0
6742,2026-06-29,920.0
6742,2026-07-06,897.0
6742,2026-07-13,864.0
6742,2026-07-20,910.0
6742,2026-07-27,872.0
6742,2026-08-03,924.0
6742,2026-08-10,1056.0
6742,2026-08-17,1032.0
6742,2026-08-24,1036.0
6742,2026-08-31,994.0
6742,2026-09-07,1020.0
6742,2026-09-14,1106.0
6862,2025-09-22,889.13
6862,2025-09-29,843.48
6862,2025-10-06,813.71
6862,2025-10-13,797.84
6862,2025-10-20,826.61
6862,2025-10-27,850.43
6862,2025-11-03,853.41
6862,2025-11-10,1053.86
6862,2025-11-17,1034.01
6862,2025-11-24,1170.95
6862,2025-12-01,1234.46
6862,2025-12-08,1316.83
6862,2025-12-15,1314.84
6862,2025-12-22,1455.75
6862,2025-12-29,1443.85
6862,2026-01-05,1540.1
6862,2026-01-12,1666.13
6862,2026-01-19,1814.98
6862,2026-01-26,1637.35
6862,2026-02-02,1441.86
6862,2026-02-09,2304.2
6862,2026-02-16,2418.32
6862,2026-02-23,2641.59
6862,2026-03-02,2639.61
6862,2026-03-09,2352.82
6862,2026-03-16,2238.71
6862,2026-03-23,2330.0
6862,2026-03-30,2039.0
6862,2026-04-06,2198.0
6862,2026-04-13,2372.0
6862,2026-04-20,2482.0
6862,2026-04-27,3060.0
6862,2026-05-04,3885.0
6862,2026-05-11,2729.0
6862,2026-05-18,2548.0
6862,2026-05-25,2204.0
6862,2026-06-01,2269.0
6862,2026-06-08,1920.0
6862,2026-06-15,2540.0
6862,2026-06-22,2179.0
6862,2026-06-29,2139.0
6862,2026-07-06,2044.0
6862,2026-07-13,1765.0
6862,2026-07-20,1846.0
6862,2026-07-27,2022.0
6862,2026-08-03,2252.0
6862,2026-08-10,3800.0
6862,2026-08-17,3370.0
6862,2026-08-24,3300.0
6862,2026-08-31,4110.0
6862,2026-09-07,4310.0
6862,2026-09-14,5180.0
6998,2025-09-22,1334.06
6998,2025-09-29,1347.89
6998,2025-10-06,1322.2
6998,2025-10-13,1381.49
6998,2025-10-20,1472.4
6998,2025-10-27,1474.38
6998,2025-11-03,1428.92
6998,2025-11-10,1335.05
6998,2025-11-17,1338.01
6998,2025-11-24,1359.75
6998,2025-12-01,1407.18
6998,2025-12-08,1393.35
6998,2025-12-15,1400.27
6998,2025-12-22,1467.46
6998,2025-12-29,1490.19
6998,2026-01-05,1595.93
6998,2026-01-12,1714.51
6998,2026-01-19,1925.98
6998,2026-01-26,2198.72
6998,2026-02-02,1887.44
6998,2026-02-09,1923.02
6998,2026-02-16,2034.68
6998,2026-02-23,2158.21
6998,2026-03-02,2253.08
6998,2026-03-09,2233.31
6998,2026-03-16,2267.9
6998,2026-03-23,2092.0
6998,2026-03-30,2074.0
6998,2026-04-06,2128.0
6998,2026-04-13,2074.0
6998,2026-04-20,1957.0
6998,2026-04-27,1931.0
6998,2026-05-04,2049.0
6998,2026-05-11,1998.0
6998,2026-05-18,1892.0
6998,2026-05-25,2150.0
6998,2026-06-01,2199.0
6998,2026-06-08,1898.0
6998,2026-06-15,2353.0
6998,2026-06-22,2045.0
6998,2026-06-29,2089.0
6998,2026-07-06,2011.0
6998,2026-07-13,1897.0
6998,2026-07-20,1900.0
6998,2026-07-27,1904.0
6998,2026-08-03,3120.0
6998,2026-08-10,3270.0
6998,2026-08-17,3180.0
6998,2026-08-24,3110.0
6998,2026-08-31,3485.0
6998,2026-09-07,3500.0
6998,2026-09-14,4025.0
7175,2025-09-22,1100.38
7175,2025-09-29,1097.49
7175,2025-10-06,1088.84
7175,2025-10-13,1079.22
7175,2025-10-20,1106.15
7175,2025-10-27,1091.72
7175,2025-11-03,1078.26
7175,2025-11-10,1103.27
7175,2025-11-17,1085.95
7175,2025-11-24,1098.46
7175,2025-12-01,1097.49
7175,2025-12-08,1161.94
7175,2025-12-15,1154.24
7175,2025-12-22,1195.6
7175,2025-12-29,1180.22
7175,2026-01-05,1240.81
7175,2026-01-12,1256.2
7175,2026-01-19,1245.62
7175,2026-01-26,1250.43
7175,2026-02-02,1255.24
7175,2026-02-09,1322.57
7175,2026-02-16,1328.34
7175,2026-02-23,1348.54
7175,2026-03-02,1294.68
7175,2026-03-09,1280.25
7175,2026-03-16,1275.44
7175,2026-03-23,1337.0
7175,2026-03-30,1301.0
7175,2026-04-06,1315.0
7175,2026-04-13,1349.0
7175,2026-04-20,1405.0
7175,2026-04-27,1350.0
7175,2026-05-04,1338.0
7175,2026-05-11,1344.0
7175,2026-05-18,1340.0
7175,2026-05-25,1362.0
7175,2026-06-01,1341.0
7175,2026-06-08,1320.0
7175,2026-06-15,1333.0
7175,2026-06-22,1365.0
7175,2026-06-29,1404.0
7175,2026-07-06,1430.0
7175,2026-07-13,1495.0
7175,2026-07-20,1720.0
7175,2026-07-27,1708.0
7175,2026-08-03,1700.0
7175,2026-08-10,1717.0
7175,2026-08-17,1859.0
7175,2026-08-24,2001.0
7175,2026-08-31,2000.0
7175,2026-09-07,1958.0
7175,2026-09-14,2182.0
7180,2025-09-22,889.24
7180,2025-09-29,859.44
7180,2025-10-06,839.22
7180,2025-10-13,820.08
7180,2025-10-20,850.27
7180,2025-10-27,871.87
7180,2025-11-03,876.41
7180,2025-11-10,884.9
7180,2025-11-17,900.19
7180,2025-11-24,949.62
7180,2025-12-01,952.08
7180,2025-12-08,989.58
7180,2025-12-15,987.6
7180,2025-12-22,992.04
7180,2025-12-29,1004.38
7180,2026-01-05,1071.47
7180,2026-01-12,1149.9
7180,2026-01-19,1152.86
7180,2026-01-26,1140.04
7180,2026-02-02,1280.63
7180,2026-02-09,1316.15
7180,2026-02-16,1300.36
7180,2026-02-23,1320.09
7180,2026-03-02,1215.02
7180,2026-03-09,1157.3
7180,2026-03-16,1144.48
7180,2026-03-23,1179.5
7180,2026-03-30,1228.5
7180,2026-04-06,1295.0
7180,2026-04-13,1315.0
7180,2026-04-20,1243.0
7180,2026-04-27,1265.0
7180,2026-05-04,1259.0
7180,2026-05-11,1417.5
7180,2026-05-18,1453.5
7180,2026-05-25,1382.0
7180,2026-06-01,1416.5
7180,2026-06-08,1445.0
7180,2026-06-15,1439.5
7180,2026-06-22,1436.5
7180,2026-06-29,1512.5
7180,2026-07-06,1517.5
7180,2026-07-13,1483.0
7180,2026-07-20,1604.5
7180,2026-07-27,1484.5
7180,2026-08-03,1489.5
7180,2026-08-10,1547.5
7180,2026-08-17,1507.0
7180,2026-08-24,1565.5
7180,2026-08-31,1610.0
7180,2026-09-07,1615.5
7180,2026-09-14,1678.0
7181,2025-09-22,1353.71
7181,2025-09-29,1342.85
7181,2025-10-06,1361.28
7181,2025-10-13,1330.67
7181,2025-10-20,1319.81
7181,2025-10-27,1313.88
7181,2025-11-03,1311.91
7181,2025-11-10,1365.23
7181,2025-11-17,1399.46
7181,2025-11-24,1430.07
7181,2025-12-01,1441.92
7181,2025-12-08,1455.08
7181,2025-12-15,1504.45
7181,2025-12-22,1532.76
7181,2025-12-29,1550.86
7181,2026-01-05,1656.51
7181,2026-01-12,1705.88
7181,2026-01-19,1569.95
7181,2026-01-26,1571.59
7181,2026-02-02,1649.6
7181,2026-02-09,1685.47
7181,2026-02-16,1632.15
7181,2026-02-23,1679.22
7181,2026-03-02,1559.74
7181,2026-03-09,1512.35
7181,2026-03-16,1549.87
7181,2026-03-23,1618.0
7181,2026-03-30,1619.5
7181,2026-04-06,1595.5
7181,2026-04-13,1600.5
7181,2026-04-20,1495.5
7181,2026-04-27,1531.0
7181,2026-05-04,1558.5
7181,2026-05-11,1648.0
7181,2026-05-18,1526.5
7181,2026-05-25,1429.5
7181,2026-06-01,1422.5
7181,2026-06-08,1541.0
7181,2026-06-15,1525.0
7181,2026-06-22,1491.5
7181,2026-06-29,1613.0
7181,2026-07-06,1612.5
7181,2026-07-13,1610.5
7181,2026-07-20,1769.0
7181,2026-07-27,1771.0
7181,2026-08-03,1788.0
7181,2026-08-10,1697.0
7181,2026-08-17,1651.5
7181,2026-08-24,1678.0
7181,2026-08-31,1735.5
7181,2026-09-07,1767.5
7181,2026-09-14,1799.5
7380,2025-09-22,1091.43
7380,2025-09-29,1055.97
7380,2025-10-06,1055.97
7380,2025-10-13,1061.88
7380,2025-10-20,1091.43
7380,2025-10-27,1107.19
7380,2025-11-03,1132.8
7380,2025-11-10,1168.26
7380,2025-11-17,1205.69
7380,2025-11-24,1225.39
7380,2025-12-01,1258.88
7380,2025-12-08,1294.35
7380,2025-12-15,1319.96
7380,2025-12-22,1345.57
7380,2025-12-29,1418.46
7380,2026-01-05,1461.8
7380,2026-01-12,1591.83
7380,2026-01-19,1676.54
7380,2026-01-26,1615.47
7380,2026-02-02,1780.96
7380,2026-02-09,1802.63
7380,2026-02-16,1946.44
7380,2026-02-23,2029.19
7380,2026-03-02,1869.61
7380,2026-03-09,1784.9
7380,2026-03-16,1741.56
7380,2026-03-23,1844.0
7380,2026-03-30,1870.0
7380,2026-04-06,2055.0
7380,2026-04-13,2116.0
7380,2026-04-20,1999.0
7380,2026-04-27,2059.0
7380,2026-05-04,2060.0
7380,2026-05-11,2045.0
7380,2026-05-18,2151.0
7380,2026-05-25,2116.0
7380,2026-06-01,2095.0
7380,2026-06-08,2197.0
7380,2026-06-15,2179.0
7380,2026-06-22,2290.0
7380,2026-06-29,2461.0
7380,2026-07-06,2464.0
7380,2026-07-13,2312.0
7380,2026-07-20,2562.0
7380,2026-07-27,2366.0
7380,2026-08-03,2416.0
7380,2026-08-10,2582.0
7380,2026-08-17,2512.0
7380,2026-08-24,2617.0
7380,2026-08-31,2650.0
7380,2026-09-07,2633.0
7380,2026-09-14,2723.0
7384,2025-09-22,1713.27
7384,2025-09-29,1672.6
7384,2025-10-06,1651.76
7384,2025-10-13,1655.73
7384,2025-10-20,1682.52
7384,2025-10-27,1718.23
7384,2025-11-03,1710.3
7384,2025-11-10,1748.99
7384,2025-11-17,1666.65
7384,2025-11-24,1740.06
7384,2025-12-01,1723.19
7384,2025-12-08,1778.75
7384,2025-12-15,1809.5
7384,2025-12-22,2063.47
7384,2025-12-29,2161.68
7384,2026-01-05,2321.4
7384,2026-01-12,2395.8
7384,2026-01-19,2751.95
7384,2026-01-26,2654.73
7384,2026-02-02,2886.87
7384,2026-02-09,2793.62
7384,2026-02-16,2837.27
7384,2026-02-23,2957.3
7384,2026-03-02,3010.87
7384,2026-03-09,3035.68
7384,2026-03-16,3045.6
7384,2026-03-23,3120.0
7384,2026-03-30,3160.0
7384,2026-04-06,3250.0
7384,2026-04-13,3790.0
7384,2026-04-20,3435.0
7384,2026-04-27,3525.0
7384,2026-05-04,3580.0
7384,2026-05-11,3445.0
7384,2026-05-18,3820.0
7384,2026-05-25,3915.0
7384,2026-06-01,3960.0
7384,2026-06-08,3550.0
7384,2026-06-15,3445.0
7384,2026-06-22,3555.0
7384,2026-06-29,4055.0
7384,2026-07-06,4065.0
7384,2026-07-13,3860.0
7384,2026-07-20,4330.0
7384,2026-07-27,4000.0
7384,2026-08-03,4315.0
7384,2026-08-10,4625.0
7384,2026-08-17,4480.0
7384,2026-08-24,4650.0
7384,2026-08-31,4820.0
7384,2026-09-07,5110.0
7384,2026-09-14,5430.0
7433,2025-09-22,3882.99
7433,2025-09-29,3726.69
7433,2025-10-06,3663.19
7433,2025-10-13,3682.73
7433,2025-10-20,3731.57
7433,2025-10-27,3770.65
7433,2025-11-03,3726.69
7433,2025-11-10,3751.11
7433,2025-11-17,3756.0
7433,2025-11-24,3829.26
7433,2025-12-01,3785.3
7433,2025-12-08,3790.19
7433,2025-12-15,3775.53
7433,2025-12-22,3824.38
7433,2025-12-29,3824.38
7433,2026-01-05,3853.68
7433,2026-01-12,3907.41
7433,2026-01-19,3917.18
7433,2026-01-26,4053.94
7433,2026-02-02,4190.69
7433,2026-02-09,4234.65
7433,2026-02-16,4220.0
7433,2026-02-23,4332.34
7433,2026-03-02,4127.2
7433,2026-03-09,4093.01
7433,2026-03-16,4073.47
7433,2026-03-23,4220.0
7433,2026-03-30,4230.0
7433,2026-04-06,4280.0
7433,2026-04-13,4235.0
7433,2026-04-20,4145.0
7433,2026-04-27,4165.0
7433,2026-05-04,4205.0
7433,2026-05-11,4570.0
7433,2026-05-18,4535.0
7433,2026-05-25,4545.0
7433,2026-06-01,4575.0
7433,2026-06-08,4475.0
7433,2026-06-15,4530.0
7433,2026-06-22,4550.0
7433,2026-06-29,4635.0
7433,2026-07-06,4590.0
7433,2026-07-13,4400.0
7433,2026-07-20,4590.0
7433,2026-07-27,4940.0
7433,2026-08-03,5360.0
7433,2026-08-10,5280.0
7433,2026-08-17,5220.0
7433,2026-08-24,5270.0
7433,2026-08-31,5280.0
7433,2026-09-07,5410.0
7433,2026-09-14,5470.0
7438,2025-09-22,1663.58
7438,2025-09-29,1656.7
7438,2025-10-06,1661.61
7438,2025-10-13,1644.9
7438,2025-10-20,1673.41
7438,2025-10-27,1651.78
7438,2025-11-03,1622.29
7438,2025-11-10,1537.73
7438,2025-11-17,1487.59
7438,2025-11-24,1506.27
7438,2025-12-01,1459.07
7438,2025-12-08,1483.66
7438,2025-12-15,1498.4
7438,2025-12-22,1546.58
7438,2025-12-29,1548.55
7438,2026-01-05,1539.7
7438,2026-01-12,1528.88
7438,2026-01-19,1496.44
7438,2026-01-26,1465.96
7438,2026-02-02,1486.6
7438,2026-02-09,1483.66
7438,2026-02-16,1485.62
7438,2026-02-23,1522.98
7438,2026-03-02,1463.99
7438,2026-03-09,1430.56
7438,2026-03-16,1450.23
7438,2026-03-23,1522.0
7438,2026-03-30,1515.0
7438,2026-04-06,1534.0
7438,2026-04-13,1509.0
7438,2026-04-20,1458.0
7438,2026-04-27,1458.0
7438,2026-05-04,1453.0
7438,2026-05-11,1497.0
7438,2026-05-18,1438.0
7438,2026-05-25,1437.0
7438,2026-06-01,1428.0
7438,2026-06-08,1459.0
7438,2026-06-15,1507.0
7438,2026-06-22,1505.0
7438,2026-06-29,1539.0
7438,2026-07-06,1551.0
7438,2026-07-13,1522.0
7438,2026-07-20,1557.0
7438,2026-07-27,1534.0
7438,2026-08-03,1550.0
7438,2026-08-10,1606.0
7438,2026-08-17,1608.0
7438,2026-08-24,1686.0
7438,2026-08-31,1688.0
7438,2026-09-07,1721.0
7438,2026-09-14,1800.0
7480,2025-09-22,1679.77
7480,2025-09-29,1616.56
7480,2025-10-06,1608.9
7480,2025-10-13,1620.39
7480,2025-10-20,1606.99
7480,2025-10-27,1604.11
7480,2025-11-03,1586.87
7480,2025-11-10,1598.37
7480,2025-11-17,1611.77
7480,2025-11-24,1635.72
7480,2025-12-01,1585.92
7480,2025-12-08,1575.38
7480,2025-12-15,1580.17
7480,2025-12-22,1603.16
7480,2025-12-29,1612.73
7480,2026-01-05,1641.46
7480,2026-01-12,1701.8
7480,2026-01-19,1675.94
7480,2026-01-26,1637.63
7480,2026-02-02,1661.57
7480,2026-02-09,1677.85
7480,2026-02-16,1675.94
7480,2026-02-23,1727.65
7480,2026-03-02,1695.09
7480,2026-03-09,1680.73
7480,2026-03-16,1681.69
7480,2026-03-23,1708.5
7480,2026-03-30,1768.0
7480,2026-04-06,1764.0
7480,2026-04-13,1782.0
7480,2026-04-20,1734.0
7480,2026-04-27,1723.0
7480,2026-05-04,1980.0
7480,2026-05-11,1988.0
7480,2026-05-18,2040.0
7480,2026-05-25,2035.0
7480,2026-06-01,2146.0
7480,2026-06-08,2119.0
7480,2026-06-15,2215.0
7480,2026-06-22,2238.0
7480,2026-06-29,2522.0
7480,2026-07-06,2548.0
7480,2026-07-13,2388.0
7480,2026-07-20,2434.0
7480,2026-07-27,2480.0
7480,2026-08-03,3385.0
7480,2026-08-10,3410.0
7480,2026-08-17,3395.0
7480,2026-08-24,3515.0
7480,2026-08-31,3420.0
7480,2026-09-07,3470.0
7480,2026-09-14,3625.0
7516,2025-09-22,4086.85
7516,2025-09-29,3892.93
7516,2025-10-06,3742.64
7516,2025-10-13,3737.8
7516,2025-10-20,3795.97
7516,2025-10-27,3621.44
7516,2025-11-03,3655.38
7516,2025-11-10,3665.08
7516,2025-11-17,3776.58
7516,2025-11-24,3854.15
7516,2025-12-01,3747.49
7516,2025-12-08,3820.21
7516,2025-12-15,3892.93
7516,2025-12-22,3902.63
7516,2025-12-29,3892.93
7516,2026-01-05,3878.39
7516,2026-01-12,3786.28
7516,2026-01-19,3791.12
7516,2026-01-26,3771.73
7516,2026-02-02,3859.0
7516,2026-02-09,3955.96
7516,2026-02-16,4062.61
7516,2026-02-23,4257.95
7516,2026-03-02,4120.12
7516,2026-03-09,4125.04
7516,2026-03-16,4031.51
7516,2026-03-23,4031.51
7516,2026-03-30,4243.18
7516,2026-04-06,4326.86
7516,2026-04-13,4257.95
7516,2026-04-20,3987.21
7516,2026-04-27,3923.22
7516,2026-05-04,3933.06
7516,2026-05-11,4026.59
7516,2026-05-18,4100.43
7516,2026-05-25,4006.9
7516,2026-06-01,3992.13
7516,2026-06-08,4120.12
7516,2026-06-15,3982.29
7516,2026-06-22,3982.29
7516,2026-06-29,3962.6
7516,2026-07-06,4021.67
7516,2026-07-13,4110.27
7516,2026-07-20,4090.58
7516,2026-07-27,4129.96
7516,2026-08-03,4189.03
7516,2026-08-10,4223.49
7516,2026-08-17,4420.39
7516,2026-08-24,4420.0
7516,2026-08-31,4495.0
7516,2026-09-07,4480.0
7516,2026-09-14,4600.0
7552,2025-09-22,3447.25
7552,2025-09-29,3279.63
7552,2025-10-06,3245.62
7552,2025-10-13,3138.72
7552,2025-10-20,3172.74
7552,2025-10-27,3056.13
7552,2025-11-03,3095.0
7552,2025-11-10,3041.55
7552,2025-11-17,3031.83
7552,2025-11-24,3153.3
7552,2025-12-01,2939.52
7552,2025-12-08,2915.22
7552,2025-12-15,2813.19
7552,2025-12-22,2847.2
7552,2025-12-29,2861.78
7552,2026-01-05,2821.94
7552,2026-01-12,2856.92
7552,2026-01-19,2834.57
7552,2026-01-26,2685.89
7552,2026-02-02,2637.31
7552,2026-02-09,2635.36
7552,2026-02-16,2798.62
7552,2026-02-23,3095.0
7552,2026-03-02,3080.42
7552,2026-03-09,2905.51
7552,2026-03-16,2766.55
7552,2026-03-23,2751.0
7552,2026-03-30,2718.0
7552,2026-04-06,2747.0
7552,2026-04-13,2798.0
7552,2026-04-20,2685.0
7552,2026-04-27,2670.0
7552,2026-05-04,2631.0
7552,2026-05-11,2647.0
7552,2026-05-18,2710.0
7552,2026-05-25,2775.0
7552,2026-06-01,2748.0
7552,2026-06-08,2711.0
7552,2026-06-15,2744.0
7552,2026-06-22,2903.0
7552,2026-06-29,2990.0
7552,2026-07-06,3110.0
7552,2026-07-13,3105.0
7552,2026-07-20,3040.0
7552,2026-07-27,3315.0
7552,2026-08-03,3390.0
7552,2026-08-10,3480.0
7552,2026-08-17,3695.0
7552,2026-08-24,3755.0
7552,2026-08-31,3660.0
7552,2026-09-07,3740.0
7552,2026-09-14,4075.0
7608,2025-09-22,575.49
7608,2025-09-29,551.76
7608,2025-10-06,544.01
7608,2025-10-13,661.72
7608,2025-10-20,664.63
7608,2025-10-27,650.09
7608,2025-11-03,646.22
7608,2025-11-10,681.58
7608,2025-11-17,630.23
7608,2025-11-24,674.31
7608,2025-12-01,690.79
7608,2025-12-08,683.52
7608,2025-12-15,702.9
7608,2025-12-22,732.45
7608,2025-12-29,722.27
7608,2026-01-05,752.79
7608,2026-01-12,739.71
7608,2026-01-19,775.07
7608,2026-01-26,719.37
7608,2026-02-02,738.74
7608,2026-02-09,783.79
7608,2026-02-16,848.22
7608,2026-02-23,914.62
7608,2026-03-02,896.88
7608,2026-03-09,834.78
7608,2026-03-16,777.62
7608,2026-03-23,779.59
7608,2026-03-30,769.74
7608,2026-04-06,779.59
7608,2026-04-13,856.47
7608,2026-04-20,813.1
7608,2026-04-27,802.26
7608,2026-05-04,819.01
7608,2026-05-11,763.82
7608,2026-05-18,726.37
7608,2026-05-25,749.04
7608,2026-06-01,727.36
7608,2026-06-08,713.56
7608,2026-06-15,724.4
7608,2026-06-22,737.21
7608,2026-06-29,800.29
7608,2026-07-06,837.74
7608,2026-07-13,720.46
7608,2026-07-20,765.79
7608,2026-07-27,764.81
7608,2026-08-03,790.43
7608,2026-08-10,819.01
7608,2026-08-17,829.86
7608,2026-08-24,837.0
7608,2026-08-31,874.0
7608,2026-09-07,878.0
7608,2026-09-14,932.0
7624,2025-09-22,137.08
7624,2025-09-29,134.17
7624,2025-10-06,134.17
7624,2025-10-13,133.19
7624,2025-10-20,136.11
7624,2025-10-27,133.19
7624,2025-11-03,135.14
7624,2025-11-10,136.11
7624,2025-11-17,133.19
7624,2025-11-24,136.11
7624,2025-12-01,135.14
7624,2025-12-08,135.14
7624,2025-12-15,137.08
7624,2025-12-22,131.25
7624,2025-12-29,129.31
7624,2026-01-05,138.06
7624,2026-01-12,138.06
7624,2026-01-19,140.0
7624,2026-01-26,135.14
7624,2026-02-02,137.08
7624,2026-02-09,140.0
7624,2026-02-16,140.0
7624,2026-02-23,144.0
7624,2026-03-02,139.0
7624,2026-03-09,136.0
7624,2026-03-16,136.0
7624,2026-03-23,134.0
7624,2026-03-30,133.0
7624,2026-04-06,133.0
7624,2026-04-13,133.0
7624,2026-04-20,133.0
7624,2026-04-27,134.0
7624,2026-05-04,134.0
7624,2026-05-11,134.0
7624,2026-05-18,133.0
7624,2026-05-25,135.0
7624,2026-06-01,134.0
7624,2026-06-08,132.0
7624,2026-06-15,136.0
7624,2026-06-22,138.0
7624,2026-06-29,142.0
7624,2026-07-06,141.0
7624,2026-07-13,140.0
7624,2026-07-20,139.0
7624,2026-07-27,139.0
7624,2026-08-03,140.0
7624,2026-08-10,145.0
7624,2026-08-17,152.0
7624,2026-08-24,153.0
7624,2026-08-31,156.0
7624,2026-09-07,154.0
7624,2026-09-14,167.0
7743,2025-09-22,532.9
7743,2025-09-29,517.28
7743,2025-10-06,521.18
7743,2025-10-13,522.16
7743,2025-10-20,543.63
7743,2025-10-27,554.37
7743,2025-11-03,568.03
7743,2025-11-10,555.34
7743,2025-11-17,571.94
7743,2025-11-24,573.89
7743,2025-12-01,558.27
7743,2025-12-08,556.32
7743,2025-12-15,551.44
7743,2025-12-22,549.49
7743,2025-12-29,561.2
7743,2026-01-05,569.01
7743,2026-01-12,602.19
7743,2026-01-19,575.84
7743,2026-01-26,564.13
7743,2026-02-02,577.79
7743,2026-02-09,511.42
7743,2026-02-16,519.23
7743,2026-02-23,553.39
7743,2026-03-02,525.09
7743,2026-03-09,611.95
7743,2026-03-16,557.3
7743,2026-03-23,610.0
7743,2026-03-30,611.0
7743,2026-04-06,603.0
7743,2026-04-13,581.0
7743,2026-04-20,534.0
7743,2026-04-27,537.0
7743,2026-05-04,545.0
7743,2026-05-11,505.0
7743,2026-05-18,517.0
7743,2026-05-25,500.0
7743,2026-06-01,488.0
7743,2026-06-08,485.0
7743,2026-06-15,488.0
7743,2026-06-22,502.0
7743,2026-06-29,512.0
7743,2026-07-06,514.0
7743,2026-07-13,509.0
7743,2026-07-20,515.0
7743,2026-07-27,535.0
7743,2026-08-03,522.0
7743,2026-08-10,533.0
7743,2026-08-17,534.0
7743,2026-08-24,735.0
7743,2026-08-31,792.0
7743,2026-09-07,792.0
7743,2026-09-14,792.0
7811,2025-09-22,1866.7
7811,2025-09-29,1838.83
7811,2025-10-06,1680.22
7811,2025-10-13,1703.29
7811,2025-10-20,1739.82
7811,2025-10-27,1743.67
7811,2025-11-03,1734.05
7811,2025-11-10,1736.94
7811,2025-11-17,1712.91
7811,2025-11-24,1739.82
7811,2025-12-01,1727.32
7811,2025-12-08,1757.12
7811,2025-12-15,1812.87
7811,2025-12-22,1822.49
7811,2025-12-29,1859.01
7811,2026-01-05,1915.72
7811,2026-01-12,1923.41
7811,2026-01-19,1934.95
7811,2026-01-26,1907.07
7811,2026-02-02,1933.99
7811,2026-02-09,1980.13
7811,2026-02-16,1943.6
7811,2026-02-23,1958.27
7811,2026-03-02,1897.56
7811,2026-03-09,1862.31
7811,2026-03-16,1801.61
7811,2026-03-23,1814.34
7811,2026-03-30,1735.03
7811,2026-04-06,1830.98
7811,2026-04-13,1888.75
7811,2026-04-20,1890.71
7811,2026-04-27,1845.67
7811,2026-05-04,1873.08
7811,2026-05-11,1881.9
7811,2026-05-18,1876.02
7811,2026-05-25,1874.06
7811,2026-06-01,1838.82
7811,2026-06-08,1827.07
7811,2026-06-15,1852.52
7811,2026-06-22,1866.23
7811,2026-06-29,1921.06
7811,2026-07-06,1900.5
7811,2026-07-13,1874.06
7811,2026-07-20,1869.17
7811,2026-07-27,1856.44
7811,2026-08-03,1864.27
7811,2026-08-10,1904.42
7811,2026-08-17,1912.25
7811,2026-08-24,1957.0
7811,2026-08-31,1987.0
7811,2026-09-07,1937.0
7811,2026-09-14,2282.0
7846,2025-09-22,1565.69
7846,2025-09-29,1522.1
7846,2025-10-06,1529.26
7846,2025-10-13,1524.7
7846,2025-10-20,1521.12
7846,2025-10-27,1515.92
7846,2025-11-03,1518.85
7846,2025-11-10,1550.73
7846,2025-11-17,1545.2
7846,2025-11-24,1594.97
7846,2025-12-01,1532.18
7846,2025-12-08,1558.21
7846,2025-12-15,1572.52
7846,2025-12-22,1626.52
7846,2025-12-29,1604.46
7846,2026-01-05,1586.68
7846,2026-01-12,1614.01
7846,2026-01-19,1631.46
7846,2026-01-26,1598.87
7846,2026-02-02,1643.31
7846,2026-02-09,1633.11
7846,2026-02-16,1595.24
7846,2026-02-23,1606.77
7846,2026-03-02,1504.7
7846,2026-03-09,1493.83
7846,2026-03-16,1520.17
7846,2026-03-23,1571.21
7846,2026-03-30,1602.49
7846,2026-04-06,1627.84
7846,2026-04-13,1586.35
7846,2026-04-20,1579.44
7846,2026-04-27,1580.43
7846,2026-05-04,1563.96
7846,2026-05-11,1535.65
7846,2026-05-18,1629.16
7846,2026-05-25,1638.38
7846,2026-06-01,1605.12
7846,2026-06-08,1626.85
7846,2026-06-15,1625.21
7846,2026-06-22,1695.67
7846,2026-06-29,1724.5
7846,2026-07-06,1768.0
7846,2026-07-13,1803.0
7846,2026-07-20,1778.0
7846,2026-07-27,1813.5
7846,2026-08-03,2004.5
7846,2026-08-10,1983.0
7846,2026-08-17,1991.5
7846,2026-08-24,2071.5
7846,2026-08-31,2142.5
7846,2026-09-07,2030.5
7846,2026-09-14,2115.0
7867,2025-09-22,3183.76
7867,2025-09-29,3120.5
7867,2025-10-06,3272.72
7867,2025-10-13,3119.51
7867,2025-10-20,3114.57
7867,2025-10-27,3139.28
7867,2025-11-03,3177.83
7867,2025-11-10,2957.41
7867,2025-11-17,2887.23
7867,2025-11-24,2860.54
7867,2025-12-01,2739.46
7867,2025-12-08,2701.9
7867,2025-12-15,2688.55
7867,2025-12-22,2718.21
7867,2025-12-29,2725.62
7867,2026-01-05,2841.76
7867,2026-01-12,2843.25
7867,2026-01-19,2814.09
7867,2026-01-26,2693.5
7867,2026-02-02,2698.44
7867,2026-02-09,2762.69
7867,2026-02-16,2691.03
7867,2026-02-23,2840.77
7867,2026-03-02,2751.82
7867,2026-03-09,2767.63
7867,2026-03-16,2722.16
7867,2026-03-23,2736.0
7867,2026-03-30,2750.5
7867,2026-04-06,2708.0
7867,2026-04-13,2753.5
7867,2026-04-20,2610.0
7867,2026-04-27,2532.0
7867,2026-05-04,2630.0
7867,2026-05-11,2789.5
7867,2026-05-18,2983.0
7867,2026-05-25,3159.0
7867,2026-06-01,3063.0
7867,2026-06-08,2925.5
7867,2026-06-15,2925.5
7867,2026-06-22,3200.0
7867,2026-06-29,3259.0
7867,2026-07-06,3322.0
7867,2026-07-13,3531.0
7867,2026-07-20,3417.0
7867,2026-07-27,3627.0
7867,2026-08-03,3602.0
7867,2026-08-10,3598.0
7867,2026-08-17,3641.0
7867,2026-08-24,3727.0
7867,2026-08-31,3654.0
7867,2026-09-07,3639.0
7867,2026-09-14,4040.0
7914,2025-09-22,1478.93
7914,2025-09-29,1443.81
7914,2025-10-06,1436.01
7914,2025-10-13,1449.67
7914,2025-10-20,1490.64
7914,2025-10-27,1464.3
7914,2025-11-03,1469.18
7914,2025-11-10,1427.23
7914,2025-11-17,1427.23
7914,2025-11-24,1445.77
7914,2025-12-01,1385.28
7914,2025-12-08,1424.3
7914,2025-12-15,1513.08
7914,2025-12-22,1545.27
7914,2025-12-29,1542.34
7914,2026-01-05,1604.78
7914,2026-01-12,1626.24
7914,2026-01-19,1604.78
7914,2026-01-26,1594.05
7914,2026-02-02,1596.0
7914,2026-02-09,1649.66
7914,2026-02-16,1627.22
7914,2026-02-23,1715.02
7914,2026-03-02,1643.8
7914,2026-03-09,1579.42
7914,2026-03-16,1564.78
7914,2026-03-23,1596.0
7914,2026-03-30,1619.0
7914,2026-04-06,1595.0
7914,2026-04-13,1575.0
7914,2026-04-20,1503.0
7914,2026-04-27,1513.0
7914,2026-05-04,1512.0
7914,2026-05-11,1502.0
7914,2026-05-18,1509.0
7914,2026-05-25,1545.0
7914,2026-06-01,1542.0
7914,2026-06-08,1537.0
7914,2026-06-15,1535.0
7914,2026-06-22,1567.0
7914,2026-06-29,1583.0
7914,2026-07-06,1628.0
7914,2026-07-13,1613.0
7914,2026-07-20,1632.0
7914,2026-07-27,1639.0
7914,2026-08-03,1651.0
7914,2026-08-10,1746.0
7914,2026-08-17,1771.0
7914,2026-08-24,1755.0
7914,2026-08-31,1743.0
7914,2026-09-07,1725.0
7914,2026-09-14,1774.0
7976,2025-09-22,2176.66
7976,2025-09-29,2122.88
7976,2025-10-06,2131.68
7976,2025-10-13,2125.81
7976,2025-10-20,2110.17
7976,2025-10-27,2002.61
7976,2025-11-03,2087.68
7976,2025-11-10,2090.61
7976,2025-11-17,2079.85
7976,2025-11-24,2102.34
7976,2025-12-01,2087.68
7976,2025-12-08,2169.81
7976,2025-12-15,2129.72
7976,2025-12-22,2174.7
7976,2025-12-29,2153.93
7976,2026-01-05,2204.39
7976,2026-01-12,2284.53
7976,2026-01-19,2325.09
7976,2026-01-26,2265.73
7976,2026-02-02,2307.28
7976,2026-02-09,2157.88
7976,2026-02-16,2252.87
7976,2026-02-23,2426.01
7976,2026-03-02,2283.54
7976,2026-03-09,2289.47
7976,2026-03-16,2319.16
7976,2026-03-23,2384.46
7976,2026-03-30,2412.16
7976,2026-04-06,2436.9
7976,2026-04-13,2462.62
7976,2026-04-20,2342.9
7976,2026-04-27,2520.01
7976,2026-05-04,2494.28
7976,2026-05-11,2531.88
7976,2026-05-18,2572.44
7976,2026-05-25,2595.2
7976,2026-06-01,2461.63
7976,2026-06-08,2581.35
7976,2026-06-15,2521.98
7976,2026-06-22,2660.5
7976,2026-06-29,2690.0
7976,2026-07-06,2696.0
7976,2026-07-13,2688.0
7976,2026-07-20,2610.0
7976,2026-07-27,2771.0
7976,2026-08-03,2934.0
7976,2026-08-10,2897.0
7976,2026-08-17,2971.0
7976,2026-08-24,3065.0
7976,2026-08-31,3110.0
7976,2026-09-07,3195.0
7976,2026-09-14,3305.0
8032,2025-09-22,702.35
8032,2025-09-29,700.39
8032,2025-10-06,703.33
8032,2025-10-13,708.23
8032,2025-10-20,722.95
8032,2025-10-27,710.2
8032,2025-11-03,706.27
8032,2025-11-10,706.27
8032,2025-11-17,711.18
8032,2025-11-24,743.55
8032,2025-12-01,744.53
8032,2025-12-08,793.58
8032,2025-12-15,809.27
8032,2025-12-22,843.6
8032,2025-12-29,864.2
8032,2026-01-05,941.7
8032,2026-01-12,985.84
8032,2026-01-19,958.37
8032,2026-01-26,946.6
8032,2026-02-02,1012.32
8032,2026-02-09,1078.05
8032,2026-02-16,1067.26
8032,2026-02-23,1132.98
8032,2026-03-02,1059.41
8032,2026-03-09,1012.32
8032,2026-03-16,1029.0
8032,2026-03-23,1029.0
8032,2026-03-30,1092.0
8032,2026-04-06,1102.0
8032,2026-04-13,1085.0
8032,2026-04-20,1092.0
8032,2026-04-27,1096.0
8032,2026-05-04,1117.0
8032,2026-05-11,1219.0
8032,2026-05-18,1151.0
8032,2026-05-25,1162.0
8032,2026-06-01,1074.0
8032,2026-06-08,1095.0
8032,2026-06-15,1081.0
8032,2026-06-22,1089.0
8032,2026-06-29,1108.0
8032,2026-07-06,1095.0
8032,2026-07-13,1118.0
8032,2026-07-20,1106.0
8032,2026-07-27,1117.0
8032,2026-08-03,1204.0
8032,2026-08-10,1247.0
8032,2026-08-17,1221.0
8032,2026-08-24,1216.0
8032,2026-08-31,1212.0
8032,2026-09-07,1237.0
8032,2026-09-14,1274.0
8037,2025-09-22,2922.09
8037,2025-09-29,2823.06
8037,2025-10-06,2775.99
8037,2025-10-13,2805.41
8037,2025-10-20,2966.22
8037,2025-10-27,2861.3
8037,2025-11-03,2927.0
8037,2025-11-10,2786.77
8037,2025-11-17,2756.38
8037,2025-11-24,2851.49
8037,2025-12-01,2786.77
8037,2025-12-08,2836.78
8037,2025-12-15,2951.51
8037,2025-12-22,2934.84
8037,2025-12-29,2961.32
8037,2026-01-05,3128.01
8037,2026-01-12,3240.78
8037,2026-01-19,3186.85
8037,2026-01-26,3020.15
8037,2026-02-02,3162.33
8037,2026-02-09,3196.65
8037,2026-02-16,3211.36
8037,2026-02-23,3329.03
8037,2026-03-02,3103.5
8037,2026-03-09,3010.34
8037,2026-03-16,3083.89
8037,2026-03-23,3280.0
8037,2026-03-30,3450.0
8037,2026-04-06,3425.0
8037,2026-04-13,3295.0
8037,2026-04-20,3185.0
8037,2026-04-27,3220.0
8037,2026-05-04,3345.0
8037,2026-05-11,3335.0
8037,2026-05-18,3565.0
8037,2026-05-25,3605.0
8037,2026-06-01,3440.0
8037,2026-06-08,3430.0
8037,2026-06-15,3490.0
8037,2026-06-22,3455.0
8037,2026-06-29,3545.0
8037,2026-07-06,3640.0
8037,2026-07-13,3630.0
8037,2026-07-20,3720.0
8037,2026-07-27,3895.0
8037,2026-08-03,4150.0
8037,2026-08-10,4335.0
8037,2026-08-17,4355.0
8037,2026-08-24,4585.0
8037,2026-08-31,4525.0
8037,2026-09-07,4605.0
8037,2026-09-14,5080.0
8051,2025-09-22,1361.67
8051,2025-09-29,1336.29
8051,2025-10-06,1368.5
8051,2025-10-13,1394.86
8051,2025-10-20,1411.45
8051,2025-10-27,1394.86
8051,2025-11-03,1402.67
8051,2025-11-10,1421.21
8051,2025-11-17,1443.66
8051,2025-11-24,1476.85
8051,2025-12-01,1417.31
8051,2025-12-08,1443.66
8051,2025-12-15,1432.92
8051,2025-12-22,1446.59
8051,2025-12-29,1449.52
8051,2026-01-05,1460.26
8051,2026-01-12,1472.95
8051,2026-01-19,1444.64
8051,2026-01-26,1390.95
8051,2026-02-02,1420.24
8051,2026-02-09,1471.97
8051,2026-02-16,1471.97
8051,2026-02-23,1499.3
8051,2026-03-02,1432.92
8051,2026-03-09,1410.47
8051,2026-03-16,1383.14
8051,2026-03-23,1389.0
8051,2026-03-30,1557.0
8051,2026-04-06,1637.0
8051,2026-04-13,1545.0
8051,2026-04-20,1520.0
8051,2026-04-27,1534.0
8051,2026-05-04,1568.0
8051,2026-05-11,1735.0
8051,2026-05-18,1724.0
8051,2026-05-25,1737.0
8051,2026-06-01,1677.0
8051,2026-06-08,1772.0
8051,2026-06-15,1784.0
8051,2026-06-22,1674.0
8051,2026-06-29,1739.0
8051,2026-07-06,1723.0
8051,2026-07-13,1728.0
8051,2026-07-20,1745.0
8051,2026-07-27,1776.0
8051,2026-08-03,1812.0
8051,2026-08-10,1965.0
8051,2026-08-17,1898.0
8051,2026-08-24,1963.0
8051,2026-08-31,1942.0
8051,2026-09-07,1939.0
8051,2026-09-14,2019.0
8075,2025-09-22,2188.5
8075,2025-09-29,2139.6
8075,2025-10-06,2196.32
8075,2025-10-13,2251.08
8075,2025-10-20,2321.49
8075,2025-10-27,2275.53
8075,2025-11-03,2274.55
8075,2025-11-10,2259.88
8075,2025-11-17,2297.04
8075,2025-11-24,2379.18
8075,2025-12-01,2331.27
8075,2025-12-08,2415.36
8075,2025-12-15,2425.14
8075,2025-12-22,2443.72
8075,2025-12-29,2475.01
8075,2026-01-05,2559.11
8075,2026-01-12,2652.01
8075,2026-01-19,2607.03
8075,2026-01-26,2596.27
8075,2026-02-02,2739.04
8075,2026-02-09,2689.17
8075,2026-02-16,2652.99
8075,2026-02-23,2707.75
8075,2026-03-02,2460.35
8075,2026-03-09,2335.18
8075,2026-03-16,2317.58
8075,2026-03-23,2343.0
8075,2026-03-30,2378.0
8075,2026-04-06,2400.0
8075,2026-04-13,2398.0
8075,2026-04-20,2278.0
8075,2026-04-27,2311.0
8075,2026-05-04,2313.0
8075,2026-05-11,2401.0
8075,2026-05-18,2394.0
8075,2026-05-25,2448.0
8075,2026-06-01,2367.0
8075,2026-06-08,2410.0
8075,2026-06-15,2450.0
8075,2026-06-22,2388.0
8075,2026-06-29,2410.0
8075,2026-07-06,2452.0
8075,2026-07-13,2453.0
8075,2026-07-20,2553.0
8075,2026-07-27,2577.0
8075,2026-08-03,3005.0
8075,2026-08-10,3020.0
8075,2026-08-17,3045.0
8075,2026-08-24,3100.0
8075,2026-08-31,3120.0
8075,2026-09-07,3085.0
8075,2026-09-14,3175.0
8098,2025-09-22,3470.67
8098,2025-09-29,3370.3
8098,2025-10-06,3345.7
8098,2025-10-13,3360.46
8098,2025-10-20,3478.54
8098,2025-10-27,3399.82
8098,2025-11-03,3399.82
8098,2025-11-10,3503.15
8098,2025-11-17,3532.67
8098,2025-11-24,3645.83
8098,2025-12-01,3508.07
8098,2025-12-08,3601.55
8098,2025-12-15,3675.35
8098,2025-12-22,3665.51
8098,2025-12-29,3685.19
8098,2026-01-05,3754.07
8098,2026-01-12,3950.88
8098,2026-01-19,3955.8
8098,2026-01-26,3847.56
8098,2026-02-02,3886.92
8098,2026-02-09,4044.36
8098,2026-02-16,4142.76
8098,2026-02-23,4285.45
8098,2026-03-02,4088.64
8098,2026-03-09,3891.84
8098,2026-03-16,3911.52
8098,2026-03-23,4005.0
8098,2026-03-30,4050.0
8098,2026-04-06,4120.0
8098,2026-04-13,4065.0
8098,2026-04-20,3880.0
8098,2026-04-27,3915.0
8098,2026-05-04,3920.0
8098,2026-05-11,4020.0
8098,2026-05-18,3880.0
8098,2026-05-25,3830.0
8098,2026-06-01,3780.0
8098,2026-06-08,3845.0
8098,2026-06-15,3830.0
8098,2026-06-22,3910.0
8098,2026-06-29,3940.0
8098,2026-07-06,3920.0
8098,2026-07-13,3955.0
8098,2026-07-20,4030.0
8098,2026-07-27,3965.0
8098,2026-08-03,4050.0
8098,2026-08-10,4190.0
8098,2026-08-17,4225.0
8098,2026-08-24,4365.0
8098,2026-08-31,4465.0
8098,2026-09-07,4455.0
8098,2026-09-14,4550.0
8104,2025-09-22,567.49
8104,2025-09-29,565.57
8104,2025-10-06,560.78
8104,2025-10-13,564.61
8104,2025-10-20,564.61
8104,2025-10-27,566.53
8104,2025-11-03,558.86
8104,2025-11-10,556.95
8104,2025-11-17,532.98
8104,2025-11-24,575.16
8104,2025-12-01,575.16
8104,2025-12-08,584.75
8104,2025-12-15,577.08
8104,2025-12-22,613.5
8104,2025-12-29,613.5
8104,2026-01-05,597.21
8104,2026-01-12,619.25
8104,2026-01-19,605.83
8104,2026-01-26,612.54
8104,2026-02-02,618.3
8104,2026-02-09,593.37
8104,2026-02-16,595.29
8104,2026-02-23,597.21
8104,2026-03-02,590.5
8104,2026-03-09,578.04
8104,2026-03-16,586.66
8104,2026-03-23,602.0
8104,2026-03-30,572.0
8104,2026-04-06,586.0
8104,2026-04-13,572.0
8104,2026-04-20,575.0
8104,2026-04-27,570.0
8104,2026-05-04,575.0
8104,2026-05-11,571.0
8104,2026-05-18,610.0
8104,2026-05-25,628.0
8104,2026-06-01,633.0
8104,2026-06-08,618.0
8104,2026-06-15,656.0
8104,2026-06-22,650.0
8104,2026-06-29,688.0
8104,2026-07-06,681.0
8104,2026-07-13,672.0
8104,2026-07-20,698.0
8104,2026-07-27,692.0
8104,2026-08-03,675.0
8104,2026-08-10,690.0
8104,2026-08-17,693.0
8104,2026-08-24,723.0
8104,2026-08-31,705.0
8104,2026-09-07,707.0
8104,2026-09-14,770.0
8137,2025-09-22,2613.33
8137,2025-09-29,2573.11
8137,2025-10-06,2560.36
8137,2025-10-13,2588.81
8137,2025-10-20,2681.02
8137,2025-10-27,2630.01
8137,2025-11-03,2747.73
8137,2025-11-10,2748.71
8137,2025-11-17,2807.57
8137,2025-11-24,2873.3
8137,2025-12-01,2835.04
8137,2025-12-08,2828.17
8137,2025-12-15,2817.38
8137,2025-12-22,2864.47
8137,2025-12-29,2911.55
8137,2026-01-05,2942.94
8137,2026-01-12,3060.66
8137,2026-01-19,3021.42
8137,2026-01-26,2942.94
8137,2026-02-02,3119.52
8137,2026-02-09,3188.19
8137,2026-02-16,3247.05
8137,2026-02-23,3413.82
8137,2026-03-02,3232.33
8137,2026-03-09,3109.71
8137,2026-03-16,3099.9
8137,2026-03-23,3198.0
8137,2026-03-30,3135.0
8137,2026-04-06,3110.0
8137,2026-04-13,3210.0
8137,2026-04-20,3215.0
8137,2026-04-27,3185.0
8137,2026-05-04,3255.0
8137,2026-05-11,3680.0
8137,2026-05-18,3740.0
8137,2026-05-25,3850.0
8137,2026-06-01,3870.0
8137,2026-06-08,3645.0
8137,2026-06-15,3795.0
8137,2026-06-22,3605.0
8137,2026-06-29,3865.0
8137,2026-07-06,3870.0
8137,2026-07-13,3655.0
8137,2026-07-20,3840.0
8137,2026-07-27,3605.0
8137,2026-08-03,3970.0
8137,2026-08-10,4180.0
8137,2026-08-17,3960.0
8137,2026-08-24,4210.0
8137,2026-08-31,4220.0
8137,2026-09-07,4375.0
8137,2026-09-14,4640.0
8285,2025-09-22,444.0
8285,2025-09-29,456.86
8285,2025-10-06,458.84
8285,2025-10-13,458.84
8285,2025-10-20,491.47
8285,2025-10-27,493.45
8285,2025-11-03,503.34
8285,2025-11-10,522.13
8285,2025-11-17,533.0
8285,2025-11-24,539.92
8285,2025-12-01,562.67
8285,2025-12-08,547.84
8285,2025-12-15,554.76
8285,2025-12-22,560.69
8285,2025-12-29,559.7
8285,2026-01-05,565.64
8285,2026-01-12,622.0
8285,2026-01-19,622.99
8285,2026-01-26,595.3
8285,2026-02-02,681.33
8285,2026-02-09,706.06
8285,2026-02-16,697.16
8285,2026-02-23,721.88
8285,2026-03-02,706.06
8285,2026-03-09,711.99
8285,2026-03-16,703.09
8285,2026-03-23,711.0
8285,2026-03-30,745.0
8285,2026-04-06,748.0
8285,2026-04-13,779.0
8285,2026-04-20,783.0
8285,2026-04-27,685.0
8285,2026-05-04,681.0
8285,2026-05-11,695.0
8285,2026-05-18,650.0
8285,2026-05-25,664.0
8285,2026-06-01,637.0
8285,2026-06-08,626.0
8285,2026-06-15,686.0
8285,2026-06-22,701.0
8285,2026-06-29,696.0
8285,2026-07-06,710.0
8285,2026-07-13,661.0
8285,2026-07-20,685.0
8285,2026-07-27,700.0
8285,2026-08-03,737.0
8285,2026-08-10,785.0
8285,2026-08-17,786.0
8285,2026-08-24,793.0
8285,2026-08-31,788.0
8285,2026-09-07,796.0
8285,2026-09-14,838.0
8334,2025-09-22,1640.67
8334,2025-09-29,1580.52
8334,2025-10-06,1547.98
8334,2025-10-13,1503.12
8334,2025-10-20,1561.79
8334,2025-10-27,1578.55
8334,2025-11-03,1576.58
8334,2025-11-10,1613.06
8334,2025-11-17,1622.92
8334,2025-11-24,1710.18
8334,2025-12-01,1710.67
8334,2025-12-08,1701.8
8334,2025-12-15,1746.17
8334,2025-12-22,1701.8
8334,2025-12-29,1703.28
8334,2026-01-05,1786.1
8334,2026-01-12,1909.84
8334,2026-01-19,1922.16
8334,2026-01-26,1912.3
8334,2026-02-02,2142.53
8334,2026-02-09,2199.72
8334,2026-02-16,2174.57
8334,2026-02-23,2230.28
8334,2026-03-02,2104.08
8334,2026-03-09,2071.05
8334,2026-03-16,2095.2
8334,2026-03-23,2250.0
8334,2026-03-30,2231.5
8334,2026-04-06,2269.0
8334,2026-04-13,2214.0
8334,2026-04-20,2030.0
8334,2026-04-27,2157.0
8334,2026-05-04,2164.0
8334,2026-05-11,2232.0
8334,2026-05-18,2316.0
8334,2026-05-25,2260.0
8334,2026-06-01,2262.5
8334,2026-06-08,2343.5
8334,2026-06-15,2316.5
8334,2026-06-22,2334.0
8334,2026-06-29,2419.0
8334,2026-07-06,2492.5
8334,2026-07-13,2436.5
8334,2026-07-20,2609.0
8334,2026-07-27,2538.5
8334,2026-08-03,2595.0
8334,2026-08-10,2765.0
8334,2026-08-17,2701.0
8334,2026-08-24,2830.5
8334,2026-08-31,2899.5
8334,2026-09-07,2891.0
8334,2026-09-14,2999.5
8341,2025-09-22,2016.99
8341,2025-09-29,2007.8
8341,2025-10-06,1905.73
8341,2025-10-13,1867.34
8341,2025-10-20,2045.21
8341,2025-10-27,2170.9
8341,2025-11-03,2186.0
8341,2025-11-10,2259.51
8341,2025-11-17,2266.73
8341,2025-11-24,2369.12
8341,2025-12-01,2447.88
8341,2025-12-08,2440.67
8341,2025-12-15,2502.69
8341,2025-12-22,2482.34
8341,2025-12-29,2474.8
8341,2026-01-05,2644.46
8341,2026-01-12,2849.25
8341,2026-01-19,2864.02
8341,2026-01-26,2775.08
8341,2026-02-02,2999.23
8341,2026-02-09,3160.69
8341,2026-02-16,3225.34
8341,2026-02-23,3228.29
8341,2026-03-02,3020.89
8341,2026-03-09,2980.19
8341,2026-03-16,2969.36
8341,2026-03-23,3119.67
8341,2026-03-30,3211.0
8341,2026-04-06,3262.0
8341,2026-04-13,3279.0
8341,2026-04-20,2929.5
8341,2026-04-27,3004.0
8341,2026-05-04,2987.5
8341,2026-05-11,3141.0
8341,2026-05-18,3201.0
8341,2026-05-25,3154.0
8341,2026-06-01,3174.0
8341,2026-06-08,3267.0
8341,2026-06-15,3317.0
8341,2026-06-22,3335.0
8341,2026-06-29,3519.0
8341,2026-07-06,3515.0
8341,2026-07-13,3311.0
8341,2026-07-20,3631.0
8341,2026-07-27,3495.0
8341,2026-08-03,3661.0
8341,2026-08-10,3837.0
8341,2026-08-17,3736.0
8341,2026-08-24,3950.0
8341,2026-08-31,4018.0
8341,2026-09-07,3973.0
8341,2026-09-14,4185.0
8343,2025-09-22,3451.65
8343,2025-09-29,3427.14
8343,2025-10-06,3378.11
8343,2025-10-13,3387.91
8343,2025-10-20,3505.58
8343,2025-10-27,3584.03
8343,2025-11-03,3637.96
8343,2025-11-10,3672.28
8343,2025-11-17,3672.28
8343,2025-11-24,3799.76
8343,2025-12-01,3868.4
8343,2025-12-08,3843.88
8343,2025-12-15,3888.01
8343,2025-12-22,3897.82
8343,2025-12-29,3946.84
8343,2026-01-05,4226.31
8343,2026-01-12,4549.9
8343,2026-01-19,4633.25
8343,2026-01-26,4971.55
8343,2026-02-02,5314.76
8343,2026-02-09,5383.4
8343,2026-02-16,5442.23
8343,2026-02-23,5501.07
8343,2026-03-02,5099.03
8343,2026-03-09,4902.91
8343,2026-03-16,4902.91
8343,2026-03-23,5050.0
8343,2026-03-30,5100.0
8343,2026-04-06,5490.0
8343,2026-04-13,5820.0
8343,2026-04-20,5220.0
8343,2026-04-27,5390.0
8343,2026-05-04,5480.0
8343,2026-05-11,5790.0
8343,2026-05-18,6140.0
8343,2026-05-25,5990.0
8343,2026-06-01,5920.0
8343,2026-06-08,6350.0
8343,2026-06-15,6170.0
8343,2026-06-22,6800.0
8343,2026-06-29,7060.0
8343,2026-07-06,7140.0
8343,2026-07-13,6830.0
8343,2026-07-20,7670.0
8343,2026-07-27,7260.0
8343,2026-08-03,8030.0
8343,2026-08-10,8550.0
8343,2026-08-17,8430.0
8343,2026-08-24,9060.0
8343,2026-08-31,9030.0
8343,2026-09-07,9440.0
8343,2026-09-14,9880.0
8344,2025-09-22,1633.54
8344,2025-09-29,1612.03
8344,2025-10-06,1564.13
8344,2025-10-13,1547.51
8344,2025-10-20,1583.68
8344,2025-10-27,1641.36
8344,2025-11-03,1662.87
8344,2025-11-10,1711.75
8344,2025-11-17,1717.61
8344,2025-11-24,1824.17
8344,2025-12-01,1783.11
8344,2025-12-08,1784.09
8344,2025-12-15,1841.76
8344,2025-12-22,1859.36
8344,2025-12-29,1890.64
8344,2026-01-05,2013.82
8344,2026-01-12,2104.73
8344,2026-01-19,2142.86
8344,2026-01-26,2158.5
8344,2026-02-02,2356.95
8344,2026-02-09,2595.48
8344,2026-02-16,2627.74
8344,2026-02-23,2668.8
8344,2026-03-02,2492.83
8344,2026-03-09,2349.13
8344,2026-03-16,2332.51
8344,2026-03-23,2442.0
8344,2026-03-30,2510.0
8344,2026-04-06,2678.0
8344,2026-04-13,2786.0
8344,2026-04-20,2415.0
8344,2026-04-27,2503.0
8344,2026-05-04,2515.0
8344,2026-05-11,2655.0
8344,2026-05-18,3055.0
8344,2026-05-25,3095.0
8344,2026-06-01,3075.0
8344,2026-06-08,3495.0
8344,2026-06-15,3370.0
8344,2026-06-22,3365.0
8344,2026-06-29,3965.0
8344,2026-07-06,3690.0
8344,2026-07-13,3615.0
8344,2026-07-20,4000.0
8344,2026-07-27,3740.0
8344,2026-08-03,4230.0
8344,2026-08-10,4575.0
8344,2026-08-17,4365.0
8344,2026-08-24,4730.0
8344,2026-08-31,4635.0
8344,2026-09-07,4985.0
8344,2026-09-14,5380.0
8362,2025-09-22,2078.08
8362,2025-09-29,2060.5
8362,2025-10-06,2008.71
8362,2025-10-13,1997.97
8362,2025-10-20,2070.27
8362,2025-10-27,2124.0
8362,2025-11-03,2136.7
8362,2025-11-10,2146.47
8362,2025-11-17,2155.27
8362,2025-11-24,2351.64
8362,2025-12-01,2353.6
8362,2025-12-08,2323.31
8362,2025-12-15,2387.79
8362,2025-12-22,2469.86
8362,2025-12-29,2531.41
8362,2026-01-05,2681.87
8362,2026-01-12,2775.66
8362,2026-01-19,2812.79
8362,2026-01-26,2846.98
8362,2026-02-02,3165.48
8362,2026-02-09,3326.69
8362,2026-02-16,3341.34
8362,2026-02-23,3448.81
8362,2026-03-02,3292.49
8362,2026-03-09,3189.91
8362,2026-03-16,3272.95
8362,2026-03-23,3356.0
8362,2026-03-30,3345.0
8362,2026-04-06,3555.0
8362,2026-04-13,3875.0
8362,2026-04-20,3460.0
8362,2026-04-27,3765.0
8362,2026-05-04,3940.0
8362,2026-05-11,4450.0
8362,2026-05-18,4645.0
8362,2026-05-25,4590.0
8362,2026-06-01,5390.0
8362,2026-06-08,5340.0
8362,2026-06-15,4960.0
8362,2026-06-22,5440.0
8362,2026-06-29,6010.0
8362,2026-07-06,5760.0
8362,2026-07-13,5630.0
8362,2026-07-20,6180.0
8362,2026-07-27,5680.0
8362,2026-08-03,6180.0
8362,2026-08-10,6720.0
8362,2026-08-17,6860.0
8362,2026-08-24,7210.0
8362,2026-08-31,7050.0
8362,2026-09-07,7680.0
8362,2026-09-14,8080.0
8387,2025-09-22,1425.64
8387,2025-09-29,1397.03
8387,2025-10-06,1378.29
8387,2025-10-13,1376.31
8387,2025-10-20,1400.98
8387,2025-10-27,1435.51
8387,2025-11-03,1471.03
8387,2025-11-10,1495.69
8387,2025-11-17,1507.53
8387,2025-11-24,1642.7
8387,2025-12-01,1627.9
8387,2025-12-08,1635.79
8387,2025-12-15,1694.99
8387,2025-12-22,1708.8
8387,2025-12-29,1734.45
8387,2026-01-05,1866.66
8387,2026-01-12,1951.51
8387,2026-01-19,2011.69
8387,2026-01-26,2007.74
8387,2026-02-02,2284.98
8387,2026-02-09,2309.64
8387,2026-02-16,2375.75
8387,2026-02-23,2420.14
8387,2026-03-02,2272.15
8387,2026-03-09,2253.41
8387,2026-03-16,2273.14
8387,2026-03-23,2357.0
8387,2026-03-30,2361.0
8387,2026-04-06,2477.0
8387,2026-04-13,2700.0
8387,2026-04-20,2489.0
8387,2026-04-27,2548.0
8387,2026-05-04,2552.0
8387,2026-05-11,2694.0
8387,2026-05-18,2826.0
8387,2026-05-25,2749.0
8387,2026-06-01,2750.0
8387,2026-06-08,2893.0
8387,2026-06-15,2750.0
8387,2026-06-22,2942.0
8387,2026-06-29,3140.0
8387,2026-07-06,3135.0
8387,2026-07-13,3095.0
8387,2026-07-20,3465.0
8387,2026-07-27,3330.0
8387,2026-08-03,3515.0
8387,2026-08-10,3545.0
8387,2026-08-17,3370.0
8387,2026-08-24,3615.0
8387,2026-08-31,3775.0
8387,2026-09-07,4125.0
8387,2026-09-14,4440.0
8392,2025-09-22,998.41
8392,2025-09-29,1001.39
8392,2025-10-06,955.78
8392,2025-10-13,961.73
8392,2025-10-20,993.46
8392,2025-10-27,1009.32
8392,2025-11-03,1029.15
8392,2025-11-10,1064.84
8392,2025-11-17,1048.98
8392,2025-11-24,1156.06
8392,2025-12-01,1221.5
8392,2025-12-08,1219.51
8392,2025-12-15,1259.17
8392,2025-12-22,1237.36
8392,2025-12-29,1286.93
8392,2026-01-05,1384.1
8392,2026-01-12,1487.21
8392,2026-01-19,1598.26
8392,2026-01-26,1622.05
8392,2026-02-02,1867.94
8392,2026-02-09,1895.7
8392,2026-02-16,1917.51
8392,2026-02-23,1988.9
8392,2026-03-02,1963.12
8392,2026-03-09,1873.89
8392,2026-03-16,1893.72
8392,2026-03-23,1977.0
8392,2026-03-30,1873.0
8392,2026-04-06,2110.0
8392,2026-04-13,2164.0
8392,2026-04-20,1980.0
8392,2026-04-27,2103.0
8392,2026-05-04,2132.0
8392,2026-05-11,2209.0
8392,2026-05-18,2258.0
8392,2026-05-25,2254.0
8392,2026-06-01,2241.0
8392,2026-06-08,2390.0
8392,2026-06-15,2264.0
8392,2026-06-22,2336.0
8392,2026-06-29,2547.0
8392,2026-07-06,2509.0
8392,2026-07-13,2443.0
8392,2026-07-20,2790.0
8392,2026-07-27,2565.0
8392,2026-08-03,2712.0
8392,2026-08-10,2843.0
8392,2026-08-17,2763.0
8392,2026-08-24,2902.0
8392,2026-08-31,2991.0
8392,2026-09-07,3040.0
8392,2026-09-14,3135.0
8418,2025-09-22,1805.71
8418,2025-09-29,1754.37
8418,2025-10-06,1684.77
8418,2025-10-13,1645.77
8418,2025-10-20,1722.29
8418,2025-10-27,1744.99
8418,2025-11-03,1749.93
8418,2025-11-10,1781.03
8418,2025-11-17,1773.62
8418,2025-11-24,2012.05
8418,2025-12-01,2025.38
8418,2025-12-08,2093.5
8418,2025-12-15,2080.17
8418,2025-12-22,2057.96
8418,2025-12-29,2095.97
8418,2026-01-05,2213.45
8418,2026-01-12,2323.04
8418,2026-01-19,2437.07
8418,2026-01-26,2424.73
8418,2026-02-02,2628.6
8418,2026-02-09,2731.27
8418,2026-02-16,2695.24
8418,2026-02-23,2716.96
8418,2026-03-02,2550.6
8418,2026-03-09,2469.15
8418,2026-03-16,2418.8
8418,2026-03-23,2481.0
8418,2026-03-30,2595.5
8418,2026-04-06,2698.5
8418,2026-04-13,2769.5
8418,2026-04-20,2553.5
8418,2026-04-27,2640.0
8418,2026-05-04,2640.0
8418,2026-05-11,2813.0
8418,2026-05-18,2863.0
8418,2026-05-25,2740.5
8418,2026-06-01,2731.0
8418,2026-06-08,2920.0
8418,2026-06-15,2859.5
8418,2026-06-22,2876.5
8418,2026-06-29,2987.0
8418,2026-07-06,2972.5
8418,2026-07-13,2902.0
8418,2026-07-20,3121.0
8418,2026-07-27,2976.0
8418,2026-08-03,3075.0
8418,2026-08-10,3202.0
8418,2026-08-17,3106.0
8418,2026-08-24,3198.0
8418,2026-08-31,3226.0
8418,2026-09-07,3203.0
8418,2026-09-14,3443.0
8609,2025-09-22,660.08
8609,2025-09-29,633.64
8609,2025-10-06,637.42
8609,2025-10-13,646.86
8609,2025-10-20,653.47
8609,2025-10-27,653.47
8609,2025-11-03,640.25
8609,2025-11-10,674.24
8609,2025-11-17,677.08
8609,2025-11-24,682.74
8609,2025-12-01,678.97
8609,2025-12-08,695.96
8609,2025-12-15,691.24
8609,2025-12-22,711.07
8609,2025-12-29,710.13
8609,2026-01-05,748.85
8609,2026-01-12,827.22
8609,2026-01-19,820.61
8609,2026-01-26,834.78
8609,2026-02-02,879.16
8609,2026-02-09,900.88
8609,2026-02-16,902.77
8609,2026-02-23,941.49
8609,2026-03-02,827.22
8609,2026-03-09,802.67
8609,2026-03-16,825.34
8609,2026-03-23,848.0
8609,2026-03-30,866.0
8609,2026-04-06,903.0
8609,2026-04-13,911.0
8609,2026-04-20,883.0
8609,2026-04-27,905.0
8609,2026-05-04,890.0
8609,2026-05-11,930.0
8609,2026-05-18,918.0
8609,2026-05-25,941.0
8609,2026-06-01,938.0
8609,2026-06-08,941.0
8609,2026-06-15,949.0
8609,2026-06-22,959.0
8609,2026-06-29,997.0
8609,2026-07-06,1016.0
8609,2026-07-13,1022.0
8609,2026-07-20,1056.0
8609,2026-07-27,1115.0
8609,2026-08-03,1115.0
8609,2026-08-10,1115.0
8609,2026-08-17,1157.0
8609,2026-08-24,1254.0
8609,2026-08-31,1238.0
8609,2026-09-07,1221.0
8609,2026-09-14,1261.0
8725,2025-09-22,3270.11
8725,2025-09-29,3209.81
8725,2025-10-06,3302.95
8725,2025-10-13,3194.13
8725,2025-10-20,3197.07
8725,2025-10-27,3123.54
8725,2025-11-03,3137.26
8725,2025-11-10,3280.4
8725,2025-11-17,3366.67
8725,2025-11-24,3397.07
8725,2025-12-01,3450.99
8725,2025-12-08,3644.13
8725,2025-12-15,3677.46
8725,2025-12-22,3554.91
8725,2025-12-29,3610.79
8725,2026-01-05,3775.5
8725,2026-01-12,3977.46
8725,2026-01-19,3901.97
8725,2026-01-26,3854.91
8725,2026-02-02,4077.46
8725,2026-02-09,4107.85
8725,2026-02-16,4235.3
8725,2026-02-23,4290.21
8725,2026-03-02,4041.19
8725,2026-03-09,3912.75
8725,2026-03-16,3949.03
8725,2026-03-23,4125.5
8725,2026-03-30,4136.0
8725,2026-04-06,4077.0
8725,2026-04-13,4055.0
8725,2026-04-20,3946.0
8725,2026-04-27,3996.0
8725,2026-05-04,3978.0
8725,2026-05-11,4391.0
8725,2026-05-18,4245.0
8725,2026-05-25,4287.0
8725,2026-06-01,4325.0
8725,2026-06-08,4597.0
8725,2026-06-15,4551.0
8725,2026-06-22,4241.0
8725,2026-06-29,4454.0
8725,2026-07-06,4428.0
8725,2026-07-13,4483.0
8725,2026-07-20,4898.0
8725,2026-07-27,4924.0
8725,2026-08-03,4850.0
8725,2026-08-10,4836.0
8725,2026-08-17,4945.0
8725,2026-08-24,5114.0
8725,2026-08-31,5240.0
8725,2026-09-07,5091.0
8725,2026-09-14,5217.0
8739,2025-09-22,1555.3
8739,2025-09-29,1479.01
8739,2025-10-06,1570.55
8739,2025-10-13,1479.96
8739,2025-10-20,1499.99
8739,2025-10-27,1484.73
8739,2025-11-03,1405.58
8739,2025-11-10,1428.47
8739,2025-11-17,1424.65
8739,2025-11-24,1443.73
8739,2025-12-01,1414.17
8739,2025-12-08,1379.84
8739,2025-12-15,1430.38
8739,2025-12-22,1525.73
8739,2025-12-29,1544.81
8739,2026-01-05,1610.6
8739,2026-01-12,1679.26
8739,2026-01-19,1627.77
8739,2026-01-26,1568.65
8739,2026-02-02,1930.05
8739,2026-02-09,1916.7
8739,2026-02-16,1966.29
8739,2026-02-23,2026.37
8739,2026-03-02,1904.31
8739,2026-03-09,1832.79
8739,2026-03-16,1830.88
8739,2026-03-23,1849.0
8739,2026-03-30,1918.0
8739,2026-04-06,1984.0
8739,2026-04-13,1968.0
8739,2026-04-20,1908.0
8739,2026-04-27,1914.0
8739,2026-05-04,2039.0
8739,2026-05-11,2137.0
8739,2026-05-18,2155.0
8739,2026-05-25,2126.0
8739,2026-06-01,2173.0
8739,2026-06-08,2145.0
8739,2026-06-15,2140.0
8739,2026-06-22,2161.0
8739,2026-06-29,2299.0
8739,2026-07-06,2256.0
8739,2026-07-13,2240.0
8739,2026-07-20,2227.0
8739,2026-07-27,2255.0
8739,2026-08-03,2472.0
8739,2026-08-10,2524.0
8739,2026-08-17,2538.0
8739,2026-08-24,2626.0
8739,2026-08-31,2644.0
8739,2026-09-07,2552.0
8739,2026-09-14,2671.0
9107,2025-09-22,2133.28
9107,2025-09-29,2024.19
9107,2025-10-06,1975.76
9107,2025-10-13,2055.99
9107,2025-10-20,2117.13
9107,2025-10-27,2165.07
9107,2025-11-03,2072.13
9107,2025-11-10,2063.33
9107,2025-11-17,2044.74
9107,2025-11-24,2033.49
9107,2025-12-01,2035.93
9107,2025-12-08,2100.01
9107,2025-12-15,2055.5
9107,2025-12-22,2110.78
9107,2025-12-29,2133.77
9107,2026-01-05,2234.54
9107,2026-01-12,2154.31
9107,2026-01-19,2164.58
9107,2026-01-26,2180.73
9107,2026-02-02,2290.3
9107,2026-02-09,2268.29
9107,2026-02-16,2353.4
9107,2026-02-23,2458.58
9107,2026-03-02,2551.03
9107,2026-03-09,2586.25
9107,2026-03-16,2720.77
9107,2026-03-23,2710.5
9107,2026-03-30,2698.0
9107,2026-04-06,2661.0
9107,2026-04-13,2659.5
9107,2026-04-20,2544.0
9107,2026-04-27,2503.5
9107,2026-05-04,2503.0
9107,2026-05-11,2522.5
9107,2026-05-18,2511.0
9107,2026-05-25,2520.0
9107,2026-06-01,2701.5
9107,2026-06-08,2622.5
9107,2026-06-15,2476.0
9107,2026-06-22,2459.0
9107,2026-06-29,2543.5
9107,2026-07-06,2526.5
9107,2026-07-13,2723.5
9107,2026-07-20,2806.0
9107,2026-07-27,2850.0
9107,2026-08-03,2855.0
9107,2026-08-10,3030.0
9107,2026-08-17,3405.0
9107,2026-08-24,3382.0
9107,2026-08-31,3328.0
9107,2026-09-07,3397.0
9107,2026-09-14,3497.0
9308,2025-09-22,1660.34
9308,2025-09-29,1625.5
9308,2025-10-06,1592.65
9308,2025-10-13,1568.76
9308,2025-10-20,1599.62
9308,2025-10-27,1559.8
9308,2025-11-03,1550.84
9308,2025-11-10,1415.47
9308,2025-11-17,1391.58
9308,2025-11-24,1451.3
9308,2025-12-01,1452.3
9308,2025-12-08,1356.74
9308,2025-12-15,1340.81
9308,2025-12-22,1361.72
9308,2025-12-29,1365.7
9308,2026-01-05,1380.63
9308,2026-01-12,1365.7
9308,2026-01-19,1328.87
9308,2026-01-26,1289.05
9308,2026-02-02,1287.06
9308,2026-02-09,1500.08
9308,2026-02-16,1538.9
9308,2026-02-23,1640.43
9308,2026-03-02,1631.47
9308,2026-03-09,1598.62
9308,2026-03-16,1589.67
9308,2026-03-23,1502.07
9308,2026-03-30,1535.0
9308,2026-04-06,1541.0
9308,2026-04-13,1593.0
9308,2026-04-20,1452.0
9308,2026-04-27,1516.0
9308,2026-05-04,1531.0
9308,2026-05-11,1614.0
9308,2026-05-18,1554.0
9308,2026-05-25,1618.0
9308,2026-06-01,1542.0
9308,2026-06-08,1529.0
9308,2026-06-15,1505.0
9308,2026-06-22,1440.0
9308,2026-06-29,1467.0
9308,2026-07-06,1588.0
9308,2026-07-13,1656.0
9308,2026-07-20,1736.0
9308,2026-07-27,1890.0
9308,2026-08-03,1936.0
9308,2026-08-10,2059.0
9308,2026-08-17,2097.0
9308,2026-08-24,2135.0
9308,2026-08-31,2081.0
9308,2026-09-07,2096.0
9308,2026-09-14,2362.0
9366,2025-09-22,859.76
9366,2025-09-29,831.87
9366,2025-10-06,831.87
9366,2025-10-13,824.18
9366,2025-10-20,825.14
9366,2025-10-27,823.22
9366,2025-11-03,818.41
9366,2025-11-10,828.03
9366,2025-11-17,812.64
9366,2025-11-24,813.6
9366,2025-12-01,838.6
9366,2025-12-08,833.8
9366,2025-12-15,860.72
9366,2025-12-22,870.34
9366,2025-12-29,879.96
9366,2026-01-05,884.77
9366,2026-01-12,891.5
9366,2026-01-19,876.11
9366,2026-01-26,875.15
9366,2026-02-02,866.49
9366,2026-02-09,887.65
9366,2026-02-16,922.27
9366,2026-02-23,937.66
9366,2026-03-02,894.38
9366,2026-03-09,880.92
9366,2026-03-16,866.49
9366,2026-03-23,904.0
9366,2026-03-30,923.0
9366,2026-04-06,917.0
9366,2026-04-13,940.0
9366,2026-04-20,935.0
9366,2026-04-27,931.0
9366,2026-05-04,935.0
9366,2026-05-11,950.0
9366,2026-05-18,991.0
9366,2026-05-25,976.0
9366,2026-06-01,960.0
9366,2026-06-08,975.0
9366,2026-06-15,1019.0
9366,2026-06-22,993.0
9366,2026-06-29,1000.0
9366,2026-07-06,1050.0
9366,2026-07-13,1020.0
9366,2026-07-20,1029.0
9366,2026-07-27,1026.0
9366,2026-08-03,1034.0
9366,2026-08-10,1108.0
9366,2026-08-17,1102.0
9366,2026-08-24,1087.0
9366,2026-08-31,1123.0
9366,2026-09-07,1119.0
9366,2026-09-14,1321.0
9432,2025-09-22,153.84
9432,2025-09-29,152.02
9432,2025-10-06,150.25
9432,2025-10-13,155.66
9432,2025-10-20,157.14
9432,2025-10-27,155.76
9432,2025-11-03,148.68
9432,2025-11-10,148.68
9432,2025-11-17,151.63
9432,2025-11-24,153.2
9432,2025-12-01,151.33
9432,2025-12-08,152.91
9432,2025-12-15,154.38
9432,2025-12-22,156.15
9432,2025-12-29,155.07
9432,2026-01-05,156.45
9432,2026-01-12,154.48
9432,2026-01-19,154.88
9432,2026-01-26,152.32
9432,2026-02-02,149.96
9432,2026-02-09,152.02
9432,2026-02-16,148.48
9432,2026-02-23,150.75
9432,2026-03-02,148.58
9432,2026-03-09,152.12
9432,2026-03-16,155.96
9432,2026-03-23,156.35
9432,2026-03-30,157.8
9432,2026-04-06,153.1
9432,2026-04-13,154.0
9432,2026-04-20,151.5
9432,2026-04-27,152.0
9432,2026-05-04,150.2
9432,2026-05-11,151.8
9432,2026-05-18,152.6
9432,2026-05-25,149.5
9432,2026-06-01,146.0
9432,2026-06-08,148.0
9432,2026-06-15,144.4
9432,2026-06-22,144.3
9432,2026-06-29,146.1
9432,2026-07-06,147.6
9432,2026-07-13,151.1
9432,2026-07-20,151.3
9432,2026-07-27,152.4
9432,2026-08-03,158.5
9432,2026-08-10,162.7
9432,2026-08-17,166.1
9432,2026-08-24,168.6
9432,2026-08-31,172.6
9432,2026-09-07,175.7
9432,2026-09-14,177.3
9505,2025-09-22,857.52
9505,2025-09-29,851.21
9505,2025-10-06,858.51
9505,2025-10-13,885.63
9505,2025-10-20,875.08
9505,2025-10-27,846.37
9505,2025-11-03,848.25
9505,2025-11-10,898.06
9505,2025-11-17,924.7
9505,2025-11-24,1002.73
9505,2025-12-01,938.31
9505,2025-12-08,949.66
9505,2025-12-15,957.65
9505,2025-12-22,963.76
9505,2025-12-29,962.78
9505,2026-01-05,965.64
9505,2026-01-12,1010.12
9505,2026-01-19,990.4
9505,2026-01-26,963.96
9505,2026-02-02,998.29
9505,2026-02-09,1025.41
9505,2026-02-16,1061.91
9505,2026-02-23,1092.49
9505,2026-03-02,1027.88
9505,2026-03-09,1038.24
9505,2026-03-16,1073.26
9505,2026-03-23,1092.0
9505,2026-03-30,1115.0
9505,2026-04-06,1105.0
9505,2026-04-13,1058.5
9505,2026-04-20,993.7
9505,2026-04-27,864.9
9505,2026-05-04,887.4
9505,2026-05-11,907.2
9505,2026-05-18,860.6
9505,2026-05-25,834.5
9505,2026-06-01,820.6
9505,2026-06-08,864.2
9505,2026-06-15,844.5
9505,2026-06-22,868.6
9505,2026-06-29,886.0
9505,2026-07-06,900.4
9505,2026-07-13,909.4
9505,2026-07-20,935.2
9505,2026-07-27,961.5
9505,2026-08-03,922.7
9505,2026-08-10,967.0
9505,2026-08-17,990.8
9505,2026-08-24,994.5
9505,2026-08-31,1054.5
9505,2026-09-07,1083.5
9505,2026-09-14,1148.5
9619,2025-09-22,1985.77
9619,2025-09-29,1940.68
9619,2025-10-06,1937.74
9619,2025-10-13,1931.86
9619,2025-10-20,1990.67
9619,2025-10-27,1974.99
9619,2025-11-03,1965.18
9619,2025-11-10,2000.47
9619,2025-11-17,2036.73
9619,2025-11-24,2054.38
9619,2025-12-01,1990.67
9619,2025-12-08,2058.3
9619,2025-12-15,2060.26
9619,2025-12-22,2068.1
9619,2025-12-29,2085.74
9619,2026-01-05,2106.32
9619,2026-01-12,2104.36
9619,2026-01-19,2085.74
9619,2026-01-26,2066.14
9619,2026-02-02,2091.62
9619,2026-02-09,2149.45
9619,2026-02-16,2116.13
9619,2026-02-23,2142.59
9619,2026-03-02,2059.28
9619,2026-03-09,2029.87
9619,2026-03-16,2022.03
9619,2026-03-23,2073.0
9619,2026-03-30,2136.0
9619,2026-04-06,2120.0
9619,2026-04-13,2156.0
9619,2026-04-20,2150.0
9619,2026-04-27,2149.0
9619,2026-05-04,2132.0
9619,2026-05-11,2134.0
9619,2026-05-18,2134.0
9619,2026-05-25,2138.0
9619,2026-06-01,2122.0
9619,2026-06-08,2193.0
9619,2026-06-15,2214.0
9619,2026-06-22,2218.0
9619,2026-06-29,2223.0
9619,2026-07-06,2285.0
9619,2026-07-13,2357.0
9619,2026-07-20,2377.0
9619,2026-07-27,2370.0
9619,2026-08-03,2599.0
9619,2026-08-10,2654.0
9619,2026-08-17,2699.0
9619,2026-08-24,2730.0
9619,2026-08-31,2710.0
9619,2026-09-07,2637.0
9619,2026-09-14,2742.0
