code,date,close
1379,2025-09-01,1849.9
1379,2025-09-08,1879.06
1379,2025-09-15,1870.31
1379,2025-09-22,1889.76
1379,2025-09-29,1811.59
1379,2025-10-06,1824.29
1379,2025-10-13,1833.08
1379,2025-10-20,1846.76
1379,2025-10-27,1782.27
1379,2025-11-03,1835.04
1379,2025-11-10,1866.3
1379,2025-11-17,1993.33
1379,2025-11-24,2053.91
1379,2025-12-01,1957.18
1379,2025-12-08,1976.72
1379,2025-12-15,2012.87
1379,2025-12-22,1970.86
1379,2025-12-29,1977.7
1379,2026-01-05,1978.67
1379,2026-01-12,1981.6
1379,2026-01-19,1963.04
1379,2026-01-26,1934.7
1379,2026-02-02,1988.44
1379,2026-02-09,1975.74
1379,2026-02-16,1935.68
1379,2026-02-23,1965.97
1379,2026-03-02,1928.84
1379,2026-03-09,1877.05
1379,2026-03-16,1873.14
1379,2026-03-23,1922.0
1379,2026-03-30,1933.0
1379,2026-04-06,1930.0
1379,2026-04-13,1908.0
1379,2026-04-20,1834.0
1379,2026-04-27,1826.0
1379,2026-05-04,1856.0
1379,2026-05-11,1896.0
1379,2026-05-18,1881.0
1379,2026-05-25,1820.0
1379,2026-06-01,1826.0
1379,2026-06-08,1898.0
1379,2026-06-15,1886.0
1379,2026-06-22,1837.0
1379,2026-06-29,1887.0
1379,2026-07-06,1915.0
1379,2026-07-13,1924.0
1379,2026-07-20,1936.0
1379,2026-07-27,1952.0
1379,2026-08-03,1924.0
1379,2026-08-10,1994.0
1379,2026-08-17,2112.0
1379,2026-08-24,2115.0
1793,2025-09-01,1339.19
1793,2025-09-08,1343.09
1793,2025-09-15,1360.62
1793,2025-09-22,1397.63
1793,2025-09-29,1381.07
1793,2025-10-06,1376.2
1793,2025-10-13,1372.31
1793,2025-10-20,1383.02
1793,2025-10-27,1405.42
1793,2025-11-03,1398.6
1793,2025-11-10,1411.27
1793,2025-11-17,1387.89
1793,2025-11-24,1398.6
1793,2025-12-01,1402.5
1793,2025-12-08,1460.94
1793,2025-12-15,1448.28
1793,2025-12-22,1462.89
1793,2025-12-29,1496.0
1793,2026-01-05,1548.59
1793,2026-01-12,1538.85
1793,2026-01-19,1553.46
1793,2026-01-26,1530.09
1793,2026-02-02,1573.92
1793,2026-02-09,1674.23
1793,2026-02-16,1782.34
1793,2026-02-23,2005.38
1793,2026-03-02,1860.26
1793,2026-03-09,1792.08
1793,2026-03-16,1760.92
1793,2026-03-23,1870.0
1793,2026-03-30,1666.0
1793,2026-04-06,1635.0
1793,2026-04-13,1605.0
1793,2026-04-20,1731.0
1793,2026-04-27,1681.0
1793,2026-05-04,1714.0
1793,2026-05-11,1843.0
1793,2026-05-18,1840.0
1793,2026-05-25,1848.0
1793,2026-06-01,1840.0
1793,2026-06-08,1842.0
1793,2026-06-15,1903.0
1793,2026-06-22,2014.0
1793,2026-06-29,1982.0
1793,2026-07-06,2004.0
1793,2026-07-13,2014.0
1793,2026-07-20,2060.0
1793,2026-07-27,1970.0
1793,2026-08-03,2038.0
1793,2026-08-10,2030.0
1793,2026-08-17,2035.0
1793,2026-08-24,2148.0
1879,2025-09-01,1852.41
1879,2025-09-08,1869.79
1879,2025-09-15,1785.77
1879,2025-09-22,1813.78
1879,2025-09-29,1768.63
1879,2025-10-06,1750.96
1879,2025-10-13,1785.31
1879,2025-10-20,1801.02
1879,2025-10-27,1740.17
1879,2025-11-03,1772.56
1879,2025-11-10,1785.31
1879,2025-11-17,1849.11
1879,2025-11-24,1930.57
1879,2025-12-01,1852.06
1879,2025-12-08,1908.98
1879,2025-12-15,1990.44
1879,2025-12-22,1986.52
1879,2025-12-29,1997.31
1879,2026-01-05,2025.78
1879,2026-01-12,2101.35
1879,2026-01-19,2065.04
1879,2026-01-26,1958.06
1879,2026-02-02,2033.63
1879,2026-02-09,2026.76
1879,2026-02-16,2021.85
1879,2026-02-23,2160.24
1879,2026-03-02,1987.5
1879,2026-03-09,1958.06
1879,2026-03-16,1937.44
1879,2026-03-23,1961.0
1879,2026-03-30,1963.0
1879,2026-04-06,2019.0
1879,2026-04-13,1953.0
1879,2026-04-20,1924.0
1879,2026-04-27,1934.0
1879,2026-05-04,1928.0
1879,2026-05-11,2256.0
1879,2026-05-18,2280.0
1879,2026-05-25,2262.0
1879,2026-06-01,2210.0
1879,2026-06-08,2241.0
1879,2026-06-15,2199.0
1879,2026-06-22,2097.0
1879,2026-06-29,2119.0
1879,2026-07-06,2094.0
1879,2026-07-13,2034.0
1879,2026-07-20,2061.0
1879,2026-07-27,2112.0
1879,2026-08-03,2243.0
1879,2026-08-10,2293.0
1879,2026-08-17,2319.0
1879,2026-08-24,2360.0
1899,2025-09-01,3186.69
1899,2025-09-08,3239.89
1899,2025-09-15,3177.02
1899,2025-09-22,3380.12
1899,2025-09-29,3225.38
1899,2025-10-06,3264.06
1899,2025-10-13,3331.76
1899,2025-10-20,3389.79
1899,2025-10-27,3326.93
1899,2025-11-03,3438.15
1899,2025-11-10,3510.68
1899,2025-11-17,3660.59
1899,2025-11-24,3849.18
1899,2025-12-01,3742.79
1899,2025-12-08,3776.64
1899,2025-12-15,3747.63
1899,2025-12-22,3825.0
1899,2025-12-29,3760.0
1899,2026-01-05,3985.0
1899,2026-01-12,4115.0
1899,2026-01-19,4125.0
1899,2026-01-26,3900.0
1899,2026-02-02,4175.0
1899,2026-02-09,3710.0
1899,2026-02-16,3680.0
1899,2026-02-23,3925.0
1899,2026-03-02,3785.0
1899,2026-03-09,3795.0
1899,2026-03-16,3965.0
1899,2026-03-23,4155.0
1899,2026-03-30,4315.0
1899,2026-04-06,4290.0
1899,2026-04-13,4105.0
1899,2026-04-20,4070.0
1899,2026-04-27,4215.0
1899,2026-05-04,4215.0
1899,2026-05-11,4090.0
1899,2026-05-18,3785.0
1899,2026-05-25,3745.0
1899,2026-06-01,3675.0
1899,2026-06-08,3620.0
1899,2026-06-15,3970.0
1899,2026-06-22,3785.0
1899,2026-06-29,3655.0
1899,2026-07-06,3760.0
1899,2026-07-13,3720.0
1899,2026-07-20,3900.0
1899,2026-07-27,3870.0
1899,2026-08-03,4440.0
1899,2026-08-10,4895.0
1899,2026-08-17,4775.0
1899,2026-08-24,5080.0
1914,2025-09-01,644.31
1914,2025-09-08,628.97
1914,2025-09-15,617.46
1914,2025-09-22,627.05
1914,2025-09-29,605.96
1914,2025-10-06,599.24
1914,2025-10-13,606.91
1914,2025-10-20,613.63
1914,2025-10-27,606.91
1914,2025-11-03,608.83
1914,2025-11-10,630.88
1914,2025-11-17,630.88
1914,2025-11-24,633.76
1914,2025-12-01,611.71
1914,2025-12-08,622.26
1914,2025-12-15,616.5
1914,2025-12-22,626.09
1914,2025-12-29,635.68
1914,2026-01-05,652.94
1914,2026-01-12,659.65
1914,2026-01-19,662.52
1914,2026-01-26,641.43
1914,2026-02-02,651.98
1914,2026-02-09,672.11
1914,2026-02-16,704.71
1914,2026-02-23,716.22
1914,2026-03-02,703.75
1914,2026-03-09,680.74
1914,2026-03-16,687.45
1914,2026-03-23,698.0
1914,2026-03-30,693.0
1914,2026-04-06,707.0
1914,2026-04-13,716.0
1914,2026-04-20,730.0
1914,2026-04-27,740.0
1914,2026-05-04,733.0
1914,2026-05-11,686.0
1914,2026-05-18,688.0
1914,2026-05-25,711.0
1914,2026-06-01,676.0
1914,2026-06-08,661.0
1914,2026-06-15,663.0
1914,2026-06-22,652.0
1914,2026-06-29,679.0
1914,2026-07-06,700.0
1914,2026-07-13,684.0
1914,2026-07-20,699.0
1914,2026-07-27,729.0
1914,2026-08-03,720.0
1914,2026-08-10,733.0
1914,2026-08-17,745.0
1914,2026-08-24,792.0
1939,2025-09-01,1331.6
1939,2025-09-08,1321.1
1939,2025-09-15,1305.83
1939,2025-09-22,1323.01
1939,2025-09-29,1290.76
1939,2025-10-06,1285.88
1939,2025-10-13,1317.15
1939,2025-10-20,1346.46
1939,2025-10-27,1375.77
1939,2025-11-03,1354.28
1939,2025-11-10,1408.02
1939,2025-11-17,1421.7
1939,2025-11-24,1474.46
1939,2025-12-01,1419.74
1939,2025-12-08,1444.17
1939,2025-12-15,1475.44
1939,2025-12-22,1496.93
1939,2025-12-29,1522.34
1939,2026-01-05,1561.42
1939,2026-01-12,1667.93
1939,2026-01-19,1690.4
1939,2026-01-26,1635.68
1939,2026-02-02,1913.18
1939,2026-02-09,1956.18
1939,2026-02-16,1964.97
1939,2026-02-23,2063.66
1939,2026-03-02,1900.48
1939,2026-03-09,1914.16
1939,2026-03-16,1922.95
1939,2026-03-23,1921.0
1939,2026-03-30,1923.0
1939,2026-04-06,1982.0
1939,2026-04-13,1913.0
1939,2026-04-20,1970.0
1939,2026-04-27,2020.0
1939,2026-05-04,2045.0
1939,2026-05-11,2014.0
1939,2026-05-18,1909.0
1939,2026-05-25,1955.0
1939,2026-06-01,1852.0
1939,2026-06-08,1881.0
1939,2026-06-15,1984.0
1939,2026-06-22,2063.0
1939,2026-06-29,2006.0
1939,2026-07-06,2000.0
1939,2026-07-13,1932.0
1939,2026-07-20,1990.0
1939,2026-07-27,2007.0
1939,2026-08-03,2081.0
1939,2026-08-10,2125.0
1939,2026-08-17,2120.0
1939,2026-08-24,2177.0
2004,2025-09-01,2923.66
2004,2025-09-08,2986.38
2004,2025-09-15,3000.85
2004,2025-09-22,3053.92
2004,2025-09-29,2946.08
2004,2025-10-06,2941.18
2004,2025-10-13,2975.49
2004,2025-10-20,3019.61
2004,2025-10-27,2885.29
2004,2025-11-03,2937.25
2004,2025-11-10,2946.08
2004,2025-11-17,2990.2
2004,2025-11-24,3044.12
2004,2025-12-01,2799.02
2004,2025-12-08,2811.76
2004,2025-12-15,2815.69
2004,2025-12-22,2941.18
2004,2025-12-29,2955.88
2004,2026-01-05,3024.51
2004,2026-01-12,3068.63
2004,2026-01-19,3171.57
2004,2026-01-26,3088.24
2004,2026-02-02,3210.78
2004,2026-02-09,3299.02
2004,2026-02-16,3318.63
2004,2026-02-23,3357.84
2004,2026-03-02,3269.61
2004,2026-03-09,3191.18
2004,2026-03-16,3196.08
2004,2026-03-23,3250.0
2004,2026-03-30,3255.0
2004,2026-04-06,3180.0
2004,2026-04-13,3210.0
2004,2026-04-20,3070.0
2004,2026-04-27,3010.0
2004,2026-05-04,3010.0
2004,2026-05-11,3160.0
2004,2026-05-18,3160.0
2004,2026-05-25,3180.0
2004,2026-06-01,3175.0
2004,2026-06-08,3315.0
2004,2026-06-15,3285.0
2004,2026-06-22,3400.0
2004,2026-06-29,3375.0
2004,2026-07-06,3485.0
2004,2026-07-13,3540.0
2004,2026-07-20,3475.0
2004,2026-07-27,3550.0
2004,2026-08-03,3540.0
2004,2026-08-10,3605.0
2004,2026-08-17,3745.0
2004,2026-08-24,3765.0
2121,2025-09-01,3144.65
2121,2025-09-08,3197.38
2121,2025-09-15,3163.82
2121,2025-09-22,3082.33
2121,2025-09-29,3155.6
2121,2025-10-06,3062.79
2121,2025-10-13,2984.64
2121,2025-10-20,3092.1
2121,2025-10-27,3043.25
2121,2025-11-03,2979.75
2121,2025-11-10,2945.56
2121,2025-11-17,2830.27
2121,2025-11-24,2830.27
2121,2025-12-01,2710.11
2121,2025-12-08,2681.78
2121,2025-12-15,2645.63
2121,2025-12-22,2662.24
2121,2025-12-29,2664.19
2121,2026-01-05,2716.95
2121,2026-01-12,2682.75
2121,2026-01-19,2699.36
2121,2026-01-26,2654.42
2121,2026-02-02,2556.72
2121,2026-02-09,2542.07
2121,2026-02-16,2554.77
2121,2026-02-23,2623.16
2121,2026-03-02,2565.52
2121,2026-03-09,2586.03
2121,2026-03-16,2555.75
2121,2026-03-23,2545.0
2121,2026-03-30,2540.0
2121,2026-04-06,2528.0
2121,2026-04-13,2645.0
2121,2026-04-20,2520.0
2121,2026-04-27,2595.0
2121,2026-05-04,2603.0
2121,2026-05-11,2662.0
2121,2026-05-18,2676.0
2121,2026-05-25,2643.0
2121,2026-06-01,2694.0
2121,2026-06-08,2667.0
2121,2026-06-15,2588.0
2121,2026-06-22,2619.0
2121,2026-06-29,2813.0
2121,2026-07-06,2933.0
2121,2026-07-13,2958.0
2121,2026-07-20,2827.0
2121,2026-07-27,2896.0
2121,2026-08-03,3275.0
2121,2026-08-10,3325.0
2121,2026-08-17,3530.0
2121,2026-08-24,3665.0
2269,2025-09-01,3091.2
2269,2025-09-08,3051.42
2269,2025-09-15,3036.87
2269,2025-09-22,3057.24
2269,2025-09-29,2974.86
2269,2025-10-06,2909.24
2269,2025-10-13,2968.94
2269,2025-10-20,2958.58
2269,2025-10-27,2923.55
2269,2025-11-03,3044.91
2269,2025-11-10,3141.61
2269,2025-11-17,3137.66
2269,2025-11-24,3324.14
2269,2025-12-01,3189.95
2269,2025-12-08,3240.27
2269,2025-12-15,3375.45
2269,2025-12-22,3470.17
2269,2025-12-29,3438.6
2269,2026-01-05,3494.84
2269,2026-01-12,3499.77
2269,2026-01-19,3631.99
2269,2026-01-26,3574.76
2269,2026-02-02,3750.39
2269,2026-02-09,3809.59
2269,2026-02-16,3806.63
2269,2026-02-23,3973.38
2269,2026-03-02,3808.61
2269,2026-03-09,3878.66
2269,2026-03-16,3876.69
2269,2026-03-23,3890.5
2269,2026-03-30,3977.0
2269,2026-04-06,3903.0
2269,2026-04-13,3814.0
2269,2026-04-20,3731.0
2269,2026-04-27,3714.0
2269,2026-05-04,3670.0
2269,2026-05-11,3701.0
2269,2026-05-18,3713.0
2269,2026-05-25,3768.0
2269,2026-06-01,3674.0
2269,2026-06-08,3727.0
2269,2026-06-15,3581.0
2269,2026-06-22,3786.0
2269,2026-06-29,3818.0
2269,2026-07-06,3771.0
2269,2026-07-13,3812.0
2269,2026-07-20,3743.0
2269,2026-07-27,3789.0
2269,2026-08-03,4110.0
2269,2026-08-10,4248.0
2269,2026-08-17,4351.0
2269,2026-08-24,4479.0
2489,2025-09-01,297.91
2489,2025-09-08,300.84
2489,2025-09-15,314.51
2489,2025-09-22,318.42
2489,2025-09-29,286.18
2489,2025-10-06,287.16
2489,2025-10-13,278.37
2489,2025-10-20,293.02
2489,2025-10-27,285.21
2489,2025-11-03,288.14
2489,2025-11-10,292.04
2489,2025-11-17,268.6
2489,2025-11-24,269.58
2489,2025-12-01,251.02
2489,2025-12-08,249.07
2489,2025-12-15,269.58
2489,2025-12-22,269.58
2489,2025-12-29,264.0
2489,2026-01-05,270.0
2489,2026-01-12,264.0
2489,2026-01-19,275.0
2489,2026-01-26,263.0
2489,2026-02-02,257.0
2489,2026-02-09,288.0
2489,2026-02-16,282.0
2489,2026-02-23,290.0
2489,2026-03-02,278.0
2489,2026-03-09,268.0
2489,2026-03-16,269.0
2489,2026-03-23,279.0
2489,2026-03-30,271.0
2489,2026-04-06,280.0
2489,2026-04-13,282.0
2489,2026-04-20,278.0
2489,2026-04-27,286.0
2489,2026-05-04,294.0
2489,2026-05-11,286.0
2489,2026-05-18,272.0
2489,2026-05-25,265.0
2489,2026-06-01,272.0
2489,2026-06-08,264.0
2489,2026-06-15,286.0
2489,2026-06-22,284.0
2489,2026-06-29,297.0
2489,2026-07-06,303.0
2489,2026-07-13,309.0
2489,2026-07-20,304.0
2489,2026-07-27,317.0
2489,2026-08-03,311.0
2489,2026-08-10,376.0
2489,2026-08-17,380.0
2489,2026-08-24,413.0
2597,2025-09-01,970.72
2597,2025-09-08,963.78
2597,2025-09-15,970.72
2597,2025-09-22,984.6
2597,2025-09-29,996.5
2597,2025-10-06,993.52
2597,2025-10-13,1002.45
2597,2025-10-20,1002.45
2597,2025-10-27,1006.41
2597,2025-11-03,1006.41
2597,2025-11-10,1028.23
2597,2025-11-17,1059.96
2597,2025-11-24,1100.61
2597,2025-12-01,1121.43
2597,2025-12-08,1099.62
2597,2025-12-15,1130.36
2597,2025-12-22,1172.0
2597,2025-12-29,1055.0
2597,2026-01-05,1025.0
2597,2026-01-12,1033.0
2597,2026-01-19,1023.0
2597,2026-01-26,1037.0
2597,2026-02-02,1027.0
2597,2026-02-09,1047.0
2597,2026-02-16,1050.0
2597,2026-02-23,1070.0
2597,2026-03-02,1051.0
2597,2026-03-09,1048.0
2597,2026-03-16,1073.0
2597,2026-03-23,1076.0
2597,2026-03-30,1086.0
2597,2026-04-06,1094.0
2597,2026-04-13,1093.0
2597,2026-04-20,1072.0
2597,2026-04-27,1066.0
2597,2026-05-04,1060.0
2597,2026-05-11,1065.0
2597,2026-05-18,1073.0
2597,2026-05-25,1079.0
2597,2026-06-01,1078.0
2597,2026-06-08,1085.0
2597,2026-06-15,1078.0
2597,2026-06-22,1106.0
2597,2026-06-29,1120.0
2597,2026-07-06,1159.0
2597,2026-07-13,1127.0
2597,2026-07-20,1138.0
2597,2026-07-27,1155.0
2597,2026-08-03,1178.0
2597,2026-08-10,1164.0
2597,2026-08-17,1192.0
2597,2026-08-24,1224.0
2613,2025-09-01,2009.47
2613,2025-09-08,2002.71
2613,2025-09-15,2014.3
2613,2025-09-22,2052.0
2613,2025-09-29,1993.03
2613,2025-10-06,1969.45
2613,2025-10-13,1982.22
2613,2025-10-20,2014.66
2613,2025-10-27,1982.22
2613,2025-11-03,1957.66
2613,2025-11-10,1960.6
2613,2025-11-17,1981.24
2613,2025-11-24,2001.88
2613,2025-12-01,1934.07
2613,2025-12-08,1916.38
2613,2025-12-15,1945.86
2613,2025-12-22,1974.36
2613,2025-12-29,1968.47
2613,2026-01-05,2000.9
2613,2026-01-12,2007.78
2613,2026-01-19,2003.84
2613,2026-01-26,1992.05
2613,2026-02-02,2003.84
2613,2026-02-09,2021.53
2613,2026-02-16,2003.84
2613,2026-02-23,2059.86
2613,2026-03-02,2009.74
2613,2026-03-09,1957.66
2613,2026-03-16,1959.62
2613,2026-03-23,1995.0
2613,2026-03-30,2055.0
2613,2026-04-06,2057.0
2613,2026-04-13,2036.0
2613,2026-04-20,1960.0
2613,2026-04-27,1962.0
2613,2026-05-04,1946.0
2613,2026-05-11,1993.0
2613,2026-05-18,1994.0
2613,2026-05-25,1977.0
2613,2026-06-01,1975.0
2613,2026-06-08,2075.0
2613,2026-06-15,2023.0
2613,2026-06-22,2053.0
2613,2026-06-29,2066.0
2613,2026-07-06,2096.0
2613,2026-07-13,2103.0
2613,2026-07-20,2067.0
2613,2026-07-27,2086.0
2613,2026-08-03,2068.0
2613,2026-08-10,2141.0
2613,2026-08-17,2226.0
2613,2026-08-24,2265.0
2681,2025-09-01,1630.18
2681,2025-09-08,1675.28
2681,2025-09-15,1638.03
2681,2025-09-22,1687.04
2681,2025-09-29,1613.78
2681,2025-10-06,1624.67
2681,2025-10-13,1625.66
2681,2025-10-20,1641.5
2681,2025-10-27,1598.93
2681,2025-11-03,1646.45
2681,2025-11-10,1752.38
2681,2025-11-17,1704.86
2681,2025-11-24,1673.18
2681,2025-12-01,1671.2
2681,2025-12-08,1733.57
2681,2025-12-15,1796.94
2681,2025-12-22,1875.15
2681,2025-12-29,1858.32
2681,2026-01-05,1873.17
2681,2026-01-12,1899.9
2681,2026-01-19,1870.2
2681,2026-01-26,1800.9
2681,2026-02-02,1682.09
2681,2026-02-09,1663.28
2681,2026-02-16,1711.79
2681,2026-02-23,1781.09
2681,2026-03-02,1740.5
2681,2026-03-09,1689.02
2681,2026-03-16,1653.38
2681,2026-03-23,1691.0
2681,2026-03-30,1779.0
2681,2026-04-06,1830.0
2681,2026-04-13,1952.0
2681,2026-04-20,1860.0
2681,2026-04-27,1819.0
2681,2026-05-04,1850.0
2681,2026-05-11,2023.0
2681,2026-05-18,2009.0
2681,2026-05-25,2120.0
2681,2026-06-01,2031.0
2681,2026-06-08,2106.0
2681,2026-06-15,2116.0
2681,2026-06-22,2034.0
2681,2026-06-29,2040.0
2681,2026-07-06,1987.0
2681,2026-07-13,2025.0
2681,2026-07-20,2089.0
2681,2026-07-27,2090.0
2681,2026-08-03,2319.0
2681,2026-08-10,2349.0
2681,2026-08-17,2352.0
2681,2026-08-24,2399.0
2735,2025-09-01,644.62
2735,2025-09-08,645.61
2735,2025-09-15,646.6
2735,2025-09-22,652.53
2735,2025-09-29,637.7
2735,2025-10-06,632.76
2735,2025-10-13,680.22
2735,2025-10-20,654.51
2735,2025-10-27,626.83
2735,2025-11-03,633.75
2735,2025-11-10,633.75
2735,2025-11-17,633.75
2735,2025-11-24,618.92
2735,2025-12-01,604.09
2735,2025-12-08,618.92
2735,2025-12-15,635.73
2735,2025-12-22,628.81
2735,2025-12-29,635.73
2735,2026-01-05,658.47
2735,2026-01-12,664.4
2735,2026-01-19,652.53
2735,2026-01-26,645.61
2735,2026-02-02,658.47
2735,2026-02-09,666.38
2735,2026-02-16,658.47
2735,2026-02-23,670.0
2735,2026-03-02,636.0
2735,2026-03-09,634.0
2735,2026-03-16,627.0
2735,2026-03-23,620.0
2735,2026-03-30,612.0
2735,2026-04-06,620.0
2735,2026-04-13,605.0
2735,2026-04-20,595.0
2735,2026-04-27,594.0
2735,2026-05-04,595.0
2735,2026-05-11,607.0
2735,2026-05-18,606.0
2735,2026-05-25,611.0
2735,2026-06-01,616.0
2735,2026-06-08,613.0
2735,2026-06-15,612.0
2735,2026-06-22,611.0
2735,2026-06-29,632.0
2735,2026-07-06,674.0
2735,2026-07-13,665.0
2735,2026-07-20,665.0
2735,2026-07-27,677.0
2735,2026-08-03,677.0
2735,2026-08-10,685.0
2735,2026-08-17,717.0
2735,2026-08-24,715.0
2782,2025-09-01,3025.09
2782,2025-09-08,3113.2
2782,2025-09-15,3044.67
2782,2025-09-22,3078.94
2782,2025-09-29,3004.69
2782,2025-10-06,3069.04
2782,2025-10-13,3029.44
2782,2025-10-20,3004.69
2782,2025-10-27,2906.68
2782,2025-11-03,3093.79
2782,2025-11-10,3108.64
2782,2025-11-17,3192.79
2782,2025-11-24,3237.34
2782,2025-12-01,3108.64
2782,2025-12-08,3465.04
2782,2025-12-15,3583.85
2782,2025-12-22,3445.24
2782,2025-12-29,3445.24
2782,2026-01-05,3623.45
2782,2026-01-12,3757.1
2782,2026-01-19,3801.65
2782,2026-01-26,3653.15
2782,2026-02-02,4088.75
2782,2026-02-09,4202.6
2782,2026-02-16,4281.8
2782,2026-02-23,4296.65
2782,2026-03-02,3984.8
2782,2026-03-09,4207.55
2782,2026-03-16,4014.5
2782,2026-03-23,3965.0
2782,2026-03-30,3785.0
2782,2026-04-06,3370.0
2782,2026-04-13,3550.0
2782,2026-04-20,3440.0
2782,2026-04-27,3455.0
2782,2026-05-04,3360.0
2782,2026-05-11,3600.0
2782,2026-05-18,3685.0
2782,2026-05-25,3795.0
2782,2026-06-01,3725.0
2782,2026-06-08,3555.0
2782,2026-06-15,3680.0
2782,2026-06-22,3715.0
2782,2026-06-29,3580.0
2782,2026-07-06,3625.0
2782,2026-07-13,3730.0
2782,2026-07-20,3805.0
2782,2026-07-27,3850.0
2782,2026-08-03,4160.0
2782,2026-08-10,4090.0
2782,2026-08-17,4250.0
2782,2026-08-24,4395.0
2788,2025-09-01,364.0
2788,2025-09-08,357.21
2788,2025-09-15,341.68
2788,2025-09-22,341.68
2788,2025-09-29,337.79
2788,2025-10-06,332.94
2788,2025-10-13,331.97
2788,2025-10-20,338.77
2788,2025-10-27,331.0
2788,2025-11-03,339.74
2788,2025-11-10,331.97
2788,2025-11-17,331.0
2788,2025-11-24,332.94
2788,2025-12-01,332.94
2788,2025-12-08,331.0
2788,2025-12-15,329.06
2788,2025-12-22,331.0
2788,2025-12-29,337.0
2788,2026-01-05,341.0
2788,2026-01-12,347.0
2788,2026-01-19,360.0
2788,2026-01-26,350.0
2788,2026-02-02,343.0
2788,2026-02-09,350.0
2788,2026-02-16,356.0
2788,2026-02-23,361.0
2788,2026-03-02,356.0
2788,2026-03-09,350.0
2788,2026-03-16,347.0
2788,2026-03-23,343.0
2788,2026-03-30,345.0
2788,2026-04-06,348.0
2788,2026-04-13,352.0
2788,2026-04-20,342.0
2788,2026-04-27,339.0
2788,2026-05-04,335.0
2788,2026-05-11,347.0
2788,2026-05-18,377.0
2788,2026-05-25,378.0
2788,2026-06-01,378.0
2788,2026-06-08,369.0
2788,2026-06-15,366.0
2788,2026-06-22,361.0
2788,2026-06-29,379.0
2788,2026-07-06,385.0
2788,2026-07-13,381.0
2788,2026-07-20,382.0
2788,2026-07-27,390.0
2788,2026-08-03,405.0
2788,2026-08-10,400.0
2788,2026-08-17,413.0
2788,2026-08-24,430.0
2798,2025-09-01,2901.0
2798,2025-09-08,2912.0
2798,2025-09-15,2901.0
2798,2025-09-22,2930.0
2798,2025-09-29,2926.0
2798,2025-10-06,2914.0
2798,2025-10-13,2910.0
2798,2025-10-20,2915.0
2798,2025-10-27,2929.0
2798,2025-11-03,2901.0
2798,2025-11-10,2906.0
2798,2025-11-17,2897.0
2798,2025-11-24,2919.0
2798,2025-12-01,2907.0
2798,2025-12-08,2921.0
2798,2025-12-15,2936.0
2798,2025-12-22,2946.0
2798,2025-12-29,2974.0
2798,2026-01-05,2995.0
2798,2026-01-12,3010.0
2798,2026-01-19,2995.0
2798,2026-01-26,2983.0
2798,2026-02-02,3005.0
2798,2026-02-09,3010.0
2798,2026-02-16,3015.0
2798,2026-02-23,2910.0
2798,2026-03-02,2907.0
2798,2026-03-09,2938.0
2798,2026-03-16,2915.0
2798,2026-03-23,2924.0
2798,2026-03-30,2948.0
2798,2026-04-06,2959.0
2798,2026-04-13,2968.0
2798,2026-04-20,2975.0
2798,2026-04-27,2989.0
2798,2026-05-04,2993.0
2798,2026-05-11,2993.0
2798,2026-05-18,2985.0
2798,2026-05-25,2999.0
2798,2026-06-01,2988.0
2798,2026-06-08,2988.0
2798,2026-06-15,2990.0
2798,2026-06-22,2980.0
2798,2026-06-29,2998.0
2798,2026-07-06,3010.0
2798,2026-07-13,3015.0
2798,2026-07-20,3025.0
2798,2026-07-27,3020.0
2798,2026-08-03,3045.0
2798,2026-08-10,3065.0
2798,2026-08-17,3055.0
2798,2026-08-24,3075.0
2805,2025-09-01,3353.53
2805,2025-09-08,3432.55
2805,2025-09-15,3328.84
2805,2025-09-22,3437.49
2805,2025-09-29,3287.3
2805,2025-10-06,3232.6
2805,2025-10-13,3242.54
2805,2025-10-20,3242.54
2805,2025-10-27,3317.14
2805,2025-11-03,3327.09
2805,2025-11-10,3396.71
2805,2025-11-17,3481.26
2805,2025-11-24,3555.85
2805,2025-12-01,3501.15
2805,2025-12-08,3680.19
2805,2025-12-15,3918.9
2805,2025-12-22,3908.95
2805,2025-12-29,4008.42
2805,2026-01-05,3918.9
2805,2026-01-12,4028.31
2805,2026-01-19,4386.38
2805,2026-01-26,4346.6
2805,2026-02-02,4431.14
2805,2026-02-09,4341.62
2805,2026-02-16,4421.2
2805,2026-02-23,4600.23
2805,2026-03-02,4550.5
2805,2026-03-09,4421.2
2805,2026-03-16,4530.61
2805,2026-03-23,4829.0
2805,2026-03-30,4995.0
2805,2026-04-06,5080.0
2805,2026-04-13,4720.0
2805,2026-04-20,4560.0
2805,2026-04-27,4550.0
2805,2026-05-04,4450.0
2805,2026-05-11,4960.0
2805,2026-05-18,5350.0
2805,2026-05-25,5630.0
2805,2026-06-01,4920.0
2805,2026-06-08,5190.0
2805,2026-06-15,5360.0
2805,2026-06-22,5240.0
2805,2026-06-29,5430.0
2805,2026-07-06,5810.0
2805,2026-07-13,5980.0
2805,2026-07-20,6300.0
2805,2026-07-27,6600.0
2805,2026-08-03,6890.0
2805,2026-08-10,6680.0
2805,2026-08-17,6800.0
2805,2026-08-24,7010.0
296A,2025-09-01,630.58
296A,2025-09-08,643.97
296A,2025-09-15,643.02
296A,2025-09-22,630.58
296A,2025-09-29,616.43
296A,2025-10-06,605.7
296A,2025-10-13,631.06
296A,2025-10-20,648.62
296A,2025-10-27,658.37
296A,2025-11-03,650.57
296A,2025-11-10,675.93
296A,2025-11-17,687.64
296A,2025-11-24,696.41
296A,2025-12-01,680.81
296A,2025-12-08,695.44
296A,2025-12-15,736.4
296A,2025-12-22,704.22
296A,2025-12-29,702.27
296A,2026-01-05,698.36
296A,2026-01-12,707.14
296A,2026-01-19,719.82
296A,2026-01-26,685.68
296A,2026-02-02,685.68
296A,2026-02-09,651.55
296A,2026-02-16,651.55
296A,2026-02-23,670.08
296A,2026-03-02,645.69
296A,2026-03-09,635.94
296A,2026-03-16,731.53
296A,2026-03-23,792.0
296A,2026-03-30,823.0
296A,2026-04-06,812.0
296A,2026-04-13,819.0
296A,2026-04-20,760.0
296A,2026-04-27,749.0
296A,2026-05-04,767.0
296A,2026-05-11,772.0
296A,2026-05-18,765.0
296A,2026-05-25,747.0
296A,2026-06-01,759.0
296A,2026-06-08,754.0
296A,2026-06-15,769.0
296A,2026-06-22,756.0
296A,2026-06-29,749.0
296A,2026-07-06,741.0
296A,2026-07-13,751.0
296A,2026-07-20,919.0
296A,2026-07-27,857.0
296A,2026-08-03,873.0
296A,2026-08-10,928.0
296A,2026-08-17,1087.0
296A,2026-08-24,1101.0
3077,2025-09-01,423.0
3077,2025-09-08,405.0
3077,2025-09-15,402.0
3077,2025-09-22,398.0
3077,2025-09-29,371.0
3077,2025-10-06,377.0
3077,2025-10-13,358.0
3077,2025-10-20,363.0
3077,2025-10-27,353.0
3077,2025-11-03,605.0
3077,2025-11-10,604.0
3077,2025-11-17,542.0
3077,2025-11-24,476.0
3077,2025-12-01,443.0
3077,2025-12-08,436.0
3077,2025-12-15,479.0
3077,2025-12-22,467.0
3077,2025-12-29,501.0
3077,2026-01-05,519.0
3077,2026-01-12,539.0
3077,2026-01-19,521.0
3077,2026-01-26,491.0
3077,2026-02-02,473.0
3077,2026-02-09,474.0
3077,2026-02-16,518.0
3077,2026-02-23,558.0
3077,2026-03-02,563.0
3077,2026-03-09,548.0
3077,2026-03-16,533.0
3077,2026-03-23,630.0
3077,2026-03-30,768.0
3077,2026-04-06,850.0
3077,2026-04-13,742.0
3077,2026-04-20,755.0
3077,2026-04-27,773.0
3077,2026-05-04,781.0
3077,2026-05-11,765.0
3077,2026-05-18,830.0
3077,2026-05-25,795.0
3077,2026-06-01,757.0
3077,2026-06-08,722.0
3077,2026-06-15,704.0
3077,2026-06-22,733.0
3077,2026-06-29,812.0
3077,2026-07-06,827.0
3077,2026-07-13,865.0
3077,2026-07-20,906.0
3077,2026-07-27,899.0
3077,2026-08-03,848.0
3077,2026-08-10,885.0
3077,2026-08-17,1021.0
3077,2026-08-24,1120.0
3167,2025-09-01,1022.57
3167,2025-09-08,1028.38
3167,2025-09-15,1023.54
3167,2025-09-22,1046.78
3167,2025-09-29,984.8
3167,2025-10-06,982.83
3167,2025-10-13,987.75
3167,2025-10-20,1012.35
3167,2025-10-27,1004.48
3167,2025-11-03,1018.25
3167,2025-11-10,1025.14
3167,2025-11-17,1048.75
3167,2025-11-24,1063.51
3167,2025-12-01,1028.09
3167,2025-12-08,1036.94
3167,2025-12-15,1057.6
3167,2025-12-22,1062.52
3167,2025-12-29,1063.51
3167,2026-01-05,1061.54
3167,2026-01-12,1119.58
3167,2026-01-19,1148.11
3167,2026-01-26,1129.42
3167,2026-02-02,1160.9
3167,2026-02-09,1184.51
3167,2026-02-16,1185.5
3167,2026-02-23,1192.39
3167,2026-03-02,1154.02
3167,2026-03-09,1141.23
3167,2026-03-16,1138.28
3167,2026-03-23,1155.0
3167,2026-03-30,1172.0
3167,2026-04-06,1178.0
3167,2026-04-13,1187.0
3167,2026-04-20,1142.0
3167,2026-04-27,1133.0
3167,2026-05-04,1129.0
3167,2026-05-11,1130.0
3167,2026-05-18,1133.0
3167,2026-05-25,1105.0
3167,2026-06-01,1083.0
3167,2026-06-08,1124.0
3167,2026-06-15,1105.0
3167,2026-06-22,1143.0
3167,2026-06-29,1148.0
3167,2026-07-06,1149.0
3167,2026-07-13,1149.0
3167,2026-07-20,1140.0
3167,2026-07-27,1162.0
3167,2026-08-03,1219.0
3167,2026-08-10,1232.0
3167,2026-08-17,1263.0
3167,2026-08-24,1289.0
3276,2025-09-01,1239.79
3276,2025-09-08,1272.0
3276,2025-09-15,1264.19
3276,2025-09-22,1309.1
3276,2025-09-29,1230.02
3276,2025-10-06,1242.71
3276,2025-10-13,1246.62
3276,2025-10-20,1267.12
3276,2025-10-27,1223.19
3276,2025-11-03,1222.21
3276,2025-11-10,1236.86
3276,2025-11-17,1251.5
3276,2025-11-24,1265.17
3276,2025-12-01,1224.17
3276,2025-12-08,1227.09
3276,2025-12-15,1257.36
3276,2025-12-22,1272.0
3276,2025-12-29,1290.0
3276,2026-01-05,1292.0
3276,2026-01-12,1294.0
3276,2026-01-19,1291.0
3276,2026-01-26,1280.0
3276,2026-02-02,1289.0
3276,2026-02-09,1332.0
3276,2026-02-16,1352.0
3276,2026-02-23,1375.0
3276,2026-03-02,1341.0
3276,2026-03-09,1330.0
3276,2026-03-16,1321.0
3276,2026-03-23,1328.0
3276,2026-03-30,1322.0
3276,2026-04-06,1329.0
3276,2026-04-13,1316.0
3276,2026-04-20,1292.0
3276,2026-04-27,1298.0
3276,2026-05-04,1281.0
3276,2026-05-11,1353.0
3276,2026-05-18,1323.0
3276,2026-05-25,1329.0
3276,2026-06-01,1315.0
3276,2026-06-08,1303.0
3276,2026-06-15,1310.0
3276,2026-06-22,1310.0
3276,2026-06-29,1329.0
3276,2026-07-06,1587.0
3276,2026-07-13,1781.0
3276,2026-07-20,1794.0
3276,2026-07-27,1822.0
3276,2026-08-03,2244.0
3276,2026-08-10,2245.0
3276,2026-08-17,2244.0
3276,2026-08-24,2247.0
3467,2025-09-01,2115.92
3467,2025-09-08,2229.86
3467,2025-09-15,2215.5
3467,2025-09-22,2276.77
3467,2025-09-29,2156.14
3467,2025-10-06,2131.24
3467,2025-10-13,2171.45
3467,2025-10-20,2180.07
3467,2025-10-27,2167.62
3467,2025-11-03,2148.48
3467,2025-11-10,2213.58
3467,2025-11-17,2158.05
3467,2025-11-24,2216.45
3467,2025-12-01,2230.82
3467,2025-12-08,2288.26
3467,2025-12-15,2300.71
3467,2025-12-22,2316.98
3467,2025-12-29,2373.47
3467,2026-01-05,2433.79
3467,2026-01-12,2435.71
3467,2026-01-19,2464.43
3467,2026-01-26,2448.15
3467,2026-02-02,2520.92
3467,2026-02-09,2611.87
3467,2026-02-16,2725.81
3467,2026-02-23,2723.89
3467,2026-03-02,2632.94
3467,2026-03-09,2681.77
3467,2026-03-16,2687.51
3467,2026-03-23,2654.0
3467,2026-03-30,2519.0
3467,2026-04-06,2502.0
3467,2026-04-13,2380.0
3467,2026-04-20,2309.0
3467,2026-04-27,2252.0
3467,2026-05-04,2244.0
3467,2026-05-11,2625.0
3467,2026-05-18,2545.0
3467,2026-05-25,2526.0
3467,2026-06-01,2479.0
3467,2026-06-08,2440.0
3467,2026-06-15,2468.0
3467,2026-06-22,2500.0
3467,2026-06-29,2653.0
3467,2026-07-06,2673.0
3467,2026-07-13,2690.0
3467,2026-07-20,2761.0
3467,2026-07-27,2753.0
3467,2026-08-03,2723.0
3467,2026-08-10,2864.0
3467,2026-08-17,2845.0
3467,2026-08-24,2999.0
3551,2025-09-01,894.85
3551,2025-09-08,958.15
3551,2025-09-15,961.99
3551,2025-09-22,967.74
3551,2025-09-29,945.68
3551,2025-10-06,921.71
3551,2025-10-13,928.42
3551,2025-10-20,961.99
3551,2025-10-27,967.74
3551,2025-11-03,929.38
3551,2025-11-10,941.85
3551,2025-11-17,907.32
3551,2025-11-24,940.89
3551,2025-12-01,927.46
3551,2025-12-08,978.29
3551,2025-12-15,1009.94
3551,2025-12-22,1018.58
3551,2025-12-29,1041.59
3551,2026-01-05,1066.53
3551,2026-01-12,1089.55
3551,2026-01-19,1093.39
3551,2026-01-26,1071.33
3551,2026-02-02,1102.98
3551,2026-02-09,1170.12
3551,2026-02-16,1179.71
3551,2026-02-23,1193.13
3551,2026-03-02,1176.83
3551,2026-03-09,1143.26
3551,2026-03-16,1133.67
3551,2026-03-23,1079.0
3551,2026-03-30,1061.0
3551,2026-04-06,1080.0
3551,2026-04-13,1099.0
3551,2026-04-20,1079.0
3551,2026-04-27,1035.0
3551,2026-05-04,1020.0
3551,2026-05-11,1298.0
3551,2026-05-18,1339.0
3551,2026-05-25,1406.0
3551,2026-06-01,1320.0
3551,2026-06-08,1236.0
3551,2026-06-15,1400.0
3551,2026-06-22,1289.0
3551,2026-06-29,1320.0
3551,2026-07-06,1366.0
3551,2026-07-13,1431.0
3551,2026-07-20,1391.0
3551,2026-07-27,1367.0
3551,2026-08-03,1395.0
3551,2026-08-10,1585.0
3551,2026-08-17,1628.0
3551,2026-08-24,1647.0
3793,2025-09-01,481.0
3793,2025-09-08,476.0
3793,2025-09-15,470.0
3793,2025-09-22,473.0
3793,2025-09-29,459.0
3793,2025-10-06,455.0
3793,2025-10-13,452.0
3793,2025-10-20,464.0
3793,2025-10-27,460.0
3793,2025-11-03,450.0
3793,2025-11-10,455.0
3793,2025-11-17,434.0
3793,2025-11-24,446.0
3793,2025-12-01,415.0
3793,2025-12-08,415.0
3793,2025-12-15,410.0
3793,2025-12-22,396.0
3793,2025-12-29,400.0
3793,2026-01-05,417.0
3793,2026-01-12,436.0
3793,2026-01-19,431.0
3793,2026-01-26,449.0
3793,2026-02-02,407.0
3793,2026-02-09,398.0
3793,2026-02-16,412.0
3793,2026-02-23,409.0
3793,2026-03-02,403.0
3793,2026-03-09,403.0
3793,2026-03-16,400.0
3793,2026-03-23,403.0
3793,2026-03-30,401.0
3793,2026-04-06,408.0
3793,2026-04-13,432.0
3793,2026-04-20,408.0
3793,2026-04-27,405.0
3793,2026-05-04,414.0
3793,2026-05-11,459.0
3793,2026-05-18,440.0
3793,2026-05-25,420.0
3793,2026-06-01,417.0
3793,2026-06-08,393.0
3793,2026-06-15,398.0
3793,2026-06-22,393.0
3793,2026-06-29,417.0
3793,2026-07-06,418.0
3793,2026-07-13,417.0
3793,2026-07-20,425.0
3793,2026-07-27,440.0
3793,2026-08-03,456.0
3793,2026-08-10,463.0
3793,2026-08-17,491.0
3793,2026-08-24,510.0
3843,2025-09-01,1539.7
3843,2025-09-08,1600.01
3843,2025-09-15,1597.09
3843,2025-09-22,1639.89
3843,2025-09-29,1529.0
3843,2025-10-06,1506.63
3843,2025-10-13,1562.07
3843,2025-10-20,1552.35
3843,2025-10-27,1545.54
3843,2025-11-03,1539.7
3843,2025-11-10,1519.28
3843,2025-11-17,1550.4
3843,2025-11-24,1548.46
3843,2025-12-01,1523.17
3843,2025-12-08,1531.92
3843,2025-12-15,1588.33
3843,2025-12-22,1615.57
3843,2025-12-29,1647.67
3843,2026-01-05,1659.34
3843,2026-01-12,1677.82
3843,2026-01-19,1671.98
3843,2026-01-26,1601.95
3843,2026-02-02,1561.1
3843,2026-02-09,1531.92
3843,2026-02-16,1505.66
3843,2026-02-23,1556.24
3843,2026-03-02,1549.43
3843,2026-03-09,1509.55
3843,2026-03-16,1439.52
3843,2026-03-23,1452.16
3843,2026-03-30,1499.82
3843,2026-04-06,1506.63
3843,2026-04-13,1507.61
3843,2026-04-20,1448.27
3843,2026-04-27,1403.0
3843,2026-05-04,1405.0
3843,2026-05-11,1414.0
3843,2026-05-18,1369.0
3843,2026-05-25,1433.0
3843,2026-06-01,1441.0
3843,2026-06-08,1440.0
3843,2026-06-15,1483.0
3843,2026-06-22,1467.0
3843,2026-06-29,1502.0
3843,2026-07-06,1583.0
3843,2026-07-13,1579.0
3843,2026-07-20,1566.0
3843,2026-07-27,1562.0
3843,2026-08-03,1593.0
3843,2026-08-10,1695.0
3843,2026-08-17,1697.0
3843,2026-08-24,1788.0
3851,2025-09-01,874.76
3851,2025-09-08,861.84
3851,2025-09-15,861.84
3851,2025-09-22,842.95
3851,2025-09-29,854.88
3851,2025-10-06,824.07
3851,2025-10-13,832.02
3851,2025-10-20,825.06
3851,2025-10-27,830.03
3851,2025-11-03,814.12
3851,2025-11-10,815.12
3851,2025-11-17,801.2
3851,2025-11-24,804.18
3851,2025-12-01,802.2
3851,2025-12-08,791.26
3851,2025-12-15,781.32
3851,2025-12-22,784.3
3851,2025-12-29,805.18
3851,2026-01-05,805.18
3851,2026-01-12,820.09
3851,2026-01-19,824.07
3851,2026-01-26,823.07
3851,2026-02-02,803.19
3851,2026-02-09,800.21
3851,2026-02-16,820.09
3851,2026-02-23,823.07
3851,2026-03-02,830.03
3851,2026-03-09,837.98
3851,2026-03-16,843.95
3851,2026-03-23,835.0
3851,2026-03-30,843.0
3851,2026-04-06,843.0
3851,2026-04-13,848.0
3851,2026-04-20,849.0
3851,2026-04-27,841.0
3851,2026-05-04,825.0
3851,2026-05-11,830.0
3851,2026-05-18,830.0
3851,2026-05-25,825.0
3851,2026-06-01,826.0
3851,2026-06-08,810.0
3851,2026-06-15,820.0
3851,2026-06-22,829.0
3851,2026-06-29,836.0
3851,2026-07-06,858.0
3851,2026-07-13,896.0
3851,2026-07-20,901.0
3851,2026-07-27,1063.0
3851,2026-08-03,1057.0
3851,2026-08-10,1180.0
3851,2026-08-17,1238.0
3851,2026-08-24,1297.0
3932,2025-09-01,2747.27
3932,2025-09-08,2792.39
3932,2025-09-15,2692.55
3932,2025-09-22,2683.92
3932,2025-09-29,2635.94
3932,2025-10-06,2615.37
3932,2025-10-13,2548.79
3932,2025-10-20,2567.39
3932,2025-10-27,2575.23
3932,2025-11-03,2597.75
3932,2025-11-10,2596.77
3932,2025-11-17,2565.44
3932,2025-11-24,2631.04
3932,2025-12-01,2527.25
3932,2025-12-08,2582.08
3932,2025-12-15,2678.04
3932,2025-12-22,2608.52
3932,2025-12-29,2596.77
3932,2026-01-05,2606.56
3932,2026-01-12,2620.27
3932,2026-01-19,2609.5
3932,2026-01-26,2493.96
3932,2026-02-02,2449.89
3932,2026-02-09,2659.44
3932,2026-02-16,2991.38
3932,2026-02-23,3015.86
3932,2026-03-02,2991.38
3932,2026-03-09,3045.23
3932,2026-03-16,2962.0
3932,2026-03-23,2821.0
3932,2026-03-30,2824.0
3932,2026-04-06,2785.0
3932,2026-04-13,2896.0
3932,2026-04-20,2808.0
3932,2026-04-27,2726.0
3932,2026-05-04,2811.0
3932,2026-05-11,2994.0
3932,2026-05-18,3320.0
3932,2026-05-25,3160.0
3932,2026-06-01,3065.0
3932,2026-06-08,2914.0
3932,2026-06-15,2827.0
3932,2026-06-22,2874.0
3932,2026-06-29,3085.0
3932,2026-07-06,2915.0
3932,2026-07-13,2882.0
3932,2026-07-20,2905.0
3932,2026-07-27,3050.0
3932,2026-08-03,3200.0
3932,2026-08-10,3360.0
3932,2026-08-17,3730.0
3932,2026-08-24,3865.0
3989,2025-09-01,976.26
3989,2025-09-08,1010.12
3989,2025-09-15,988.49
3989,2025-09-22,979.08
3989,2025-09-29,955.61
3989,2025-10-06,940.94
3989,2025-10-13,885.19
3989,2025-10-20,894.97
3989,2025-10-27,914.53
3989,2025-11-03,916.48
3989,2025-11-10,909.64
3989,2025-11-17,1017.23
3989,2025-11-24,1027.99
3989,2025-12-01,1090.59
3989,2025-12-08,1175.68
3989,2025-12-15,1181.55
3989,2025-12-22,1170.79
3989,2025-12-29,1159.05
3989,2026-01-05,1181.55
3989,2026-01-12,1188.4
3989,2026-01-19,1190.35
3989,2026-01-26,1137.54
3989,2026-02-02,1093.52
3989,2026-02-09,1101.35
3989,2026-02-16,1113.08
3989,2026-02-23,1206.98
3989,2026-03-02,1230.46
3989,2026-03-09,1244.15
3989,2026-03-16,1155.14
3989,2026-03-23,1228.5
3989,2026-03-30,1195.0
3989,2026-04-06,1200.0
3989,2026-04-13,1185.0
3989,2026-04-20,1220.0
3989,2026-04-27,1151.0
3989,2026-05-04,1124.0
3989,2026-05-11,1104.0
3989,2026-05-18,1006.0
3989,2026-05-25,987.0
3989,2026-06-01,1007.0
3989,2026-06-08,980.0
3989,2026-06-15,1015.0
3989,2026-06-22,995.0
3989,2026-06-29,1423.0
3989,2026-07-06,1429.0
3989,2026-07-13,1414.0
3989,2026-07-20,1402.0
3989,2026-07-27,1340.0
3989,2026-08-03,1396.0
3989,2026-08-10,1481.0
3989,2026-08-17,1539.0
3989,2026-08-24,1585.0
4076,2025-09-01,1441.55
4076,2025-09-08,1465.64
4076,2025-09-15,1498.4
4076,2025-09-22,1535.02
4076,2025-09-29,1503.22
4076,2025-10-06,1658.36
4076,2025-10-13,1634.27
4076,2025-10-20,1625.6
4076,2025-10-27,1624.64
4076,2025-11-03,1553.33
4076,2025-11-10,1541.77
4076,2025-11-17,1575.49
4076,2025-11-24,1634.27
4076,2025-12-01,1589.95
4076,2025-12-08,1609.22
4076,2025-12-15,1640.05
4076,2025-12-22,1622.71
4076,2025-12-29,1652.58
4076,2026-01-05,1681.49
4076,2026-01-12,1703.65
4076,2026-01-19,1815.43
4076,2026-01-26,1694.02
4076,2026-02-02,1657.4
4076,2026-02-09,1619.82
4076,2026-02-16,1638.13
4076,2026-02-23,1647.76
4076,2026-03-02,1641.02
4076,2026-03-09,1638.13
4076,2026-03-16,1637.16
4076,2026-03-23,1625.6
4076,2026-03-30,1608.25
4076,2026-04-06,1704.62
4076,2026-04-13,1696.91
4076,2026-04-20,1644.87
4076,2026-04-27,1661.25
4076,2026-05-04,1709.43
4076,2026-05-11,1694.02
4076,2026-05-18,1656.43
4076,2026-05-25,1646.0
4076,2026-06-01,1623.0
4076,2026-06-08,1640.0
4076,2026-06-15,1680.0
4076,2026-06-22,1681.0
4076,2026-06-29,1693.0
4076,2026-07-06,1720.0
4076,2026-07-13,1824.0
4076,2026-07-20,1803.0
4076,2026-07-27,1818.0
4076,2026-08-03,1846.0
4076,2026-08-10,1951.0
4076,2026-08-17,1980.0
4076,2026-08-24,2018.0
4097,2025-09-01,1051.71
4097,2025-09-08,1042.07
4097,2025-09-15,1019.9
4097,2025-09-22,1034.36
4097,2025-09-29,999.0
4097,2025-10-06,990.16
4097,2025-10-13,999.98
4097,2025-10-20,1024.54
4097,2025-10-27,1009.81
4097,2025-11-03,1026.5
4097,2025-11-10,1034.36
4097,2025-11-17,1028.47
4097,2025-11-24,1045.17
4097,2025-12-01,1021.59
4097,2025-12-08,1044.19
4097,2025-12-15,1011.77
4097,2025-12-22,1035.35
4097,2025-12-29,1028.47
4097,2026-01-05,1120.81
4097,2026-01-12,1143.4
4097,2026-01-19,1113.93
4097,2026-01-26,1101.16
4097,2026-02-02,1113.93
4097,2026-02-09,1136.52
4097,2026-02-16,1090.35
4097,2026-02-23,1119.82
4097,2026-03-02,1074.64
4097,2026-03-09,1086.42
4097,2026-03-16,1102.14
4097,2026-03-23,1110.0
4097,2026-03-30,1114.0
4097,2026-04-06,1100.0
4097,2026-04-13,1090.0
4097,2026-04-20,1100.0
4097,2026-04-27,1100.0
4097,2026-05-04,1100.0
4097,2026-05-11,1120.0
4097,2026-05-18,1076.0
4097,2026-05-25,1101.0
4097,2026-06-01,1086.0
4097,2026-06-08,1092.0
4097,2026-06-15,1137.0
4097,2026-06-22,1108.0
4097,2026-06-29,1116.0
4097,2026-07-06,1135.0
4097,2026-07-13,1115.0
4097,2026-07-20,1115.0
4097,2026-07-27,1071.0
4097,2026-08-03,1091.0
4097,2026-08-10,1200.0
4097,2026-08-17,1177.0
4097,2026-08-24,1204.0
4116,2025-09-01,952.66
4116,2025-09-08,946.78
4116,2025-09-15,932.69
4116,2025-09-22,942.08
4116,2025-09-29,929.36
4116,2025-10-06,924.55
4116,2025-10-13,935.36
4116,2025-10-20,958.17
4116,2025-10-27,913.75
4116,2025-11-03,943.77
4116,2025-11-10,918.55
4116,2025-11-17,928.16
4116,2025-11-24,961.78
4116,2025-12-01,926.96
4116,2025-12-08,940.16
4116,2025-12-15,965.38
4116,2025-12-22,984.59
4116,2025-12-29,997.8
4116,2026-01-05,1032.62
4116,2026-01-12,1080.65
4116,2026-01-19,1061.44
4116,2026-01-26,1044.63
4116,2026-02-02,1074.64
4116,2026-02-09,1137.08
4116,2026-02-16,1173.1
4116,2026-02-23,1212.73
4116,2026-03-02,1150.29
4116,2026-03-09,1091.45
4116,2026-03-16,1062.64
4116,2026-03-23,1084.25
4116,2026-03-30,1102.0
4116,2026-04-06,1106.0
4116,2026-04-13,1100.0
4116,2026-04-20,1061.0
4116,2026-04-27,1074.0
4116,2026-05-04,1069.0
4116,2026-05-11,1104.0
4116,2026-05-18,1058.0
4116,2026-05-25,1054.0
4116,2026-06-01,1011.0
4116,2026-06-08,1029.0
4116,2026-06-15,1050.0
4116,2026-06-22,1058.0
4116,2026-06-29,1077.0
4116,2026-07-06,1078.0
4116,2026-07-13,1060.0
4116,2026-07-20,1078.0
4116,2026-07-27,1114.0
4116,2026-08-03,1315.0
4116,2026-08-10,1348.0
4116,2026-08-17,1356.0
4116,2026-08-24,1399.0
4170,2025-09-01,209.0
4170,2025-09-08,204.0
4170,2025-09-15,200.0
4170,2025-09-22,204.0
4170,2025-09-29,183.0
4170,2025-10-06,178.0
4170,2025-10-13,174.0
4170,2025-10-20,178.0
4170,2025-10-27,177.0
4170,2025-11-03,177.0
4170,2025-11-10,198.0
4170,2025-11-17,186.0
4170,2025-11-24,189.0
4170,2025-12-01,175.0
4170,2025-12-08,173.0
4170,2025-12-15,172.0
4170,2025-12-22,176.0
4170,2025-12-29,173.0
4170,2026-01-05,180.0
4170,2026-01-12,186.0
4170,2026-01-19,190.0
4170,2026-01-26,192.0
4170,2026-02-02,195.0
4170,2026-02-09,194.0
4170,2026-02-16,172.0
4170,2026-02-23,177.0
4170,2026-03-02,172.0
4170,2026-03-09,163.0
4170,2026-03-16,162.0
4170,2026-03-23,167.0
4170,2026-03-30,170.0
4170,2026-04-06,171.0
4170,2026-04-13,177.0
4170,2026-04-20,166.0
4170,2026-04-27,164.0
4170,2026-05-04,165.0
4170,2026-05-11,160.0
4170,2026-05-18,138.0
4170,2026-05-25,131.0
4170,2026-06-01,129.0
4170,2026-06-08,103.0
4170,2026-06-15,100.0
4170,2026-06-22,104.0
4170,2026-06-29,111.0
4170,2026-07-06,123.0
4170,2026-07-13,124.0
4170,2026-07-20,119.0
4170,2026-07-27,117.0
4170,2026-08-03,117.0
4170,2026-08-10,117.0
4170,2026-08-17,122.0
4170,2026-08-24,231.0
4196,2025-09-01,1471.0
4196,2025-09-08,1485.0
4196,2025-09-15,1464.0
4196,2025-09-22,1399.0
4196,2025-09-29,1094.0
4196,2025-10-06,1113.0
4196,2025-10-13,1144.0
4196,2025-10-20,1158.0
4196,2025-10-27,1113.0
4196,2025-11-03,1114.0
4196,2025-11-10,1132.0
4196,2025-11-17,1143.0
4196,2025-11-24,1164.0
4196,2025-12-01,1178.0
4196,2025-12-08,1172.0
4196,2025-12-15,1158.0
4196,2025-12-22,1156.0
4196,2025-12-29,1166.0
4196,2026-01-05,1220.0
4196,2026-01-12,1218.0
4196,2026-01-19,1220.0
4196,2026-01-26,1287.0
4196,2026-02-02,1345.0
4196,2026-02-09,1349.0
4196,2026-02-16,1339.0
4196,2026-02-23,1354.0
4196,2026-03-02,1390.0
4196,2026-03-09,1439.0
4196,2026-03-16,1428.0
4196,2026-03-23,1423.0
4196,2026-03-30,1430.0
4196,2026-04-06,1446.0
4196,2026-04-13,1447.0
4196,2026-04-20,1437.0
4196,2026-04-27,1428.0
4196,2026-05-04,1424.0
4196,2026-05-11,1432.0
4196,2026-05-18,1450.0
4196,2026-05-25,1479.0
4196,2026-06-01,1575.0
4196,2026-06-08,1674.0
4196,2026-06-15,1699.0
4196,2026-06-22,1696.0
4196,2026-06-29,1695.0
4196,2026-07-06,1697.0
4196,2026-07-13,1686.0
4196,2026-07-20,1727.0
4196,2026-07-27,1853.0
4196,2026-08-03,1937.0
4196,2026-08-10,2010.0
4196,2026-08-17,1999.0
4196,2026-08-24,2071.0
4431,2025-09-01,3180.71
4431,2025-09-08,3304.37
4431,2025-09-15,3131.24
4431,2025-09-22,2951.18
4431,2025-09-29,2849.28
4431,2025-10-06,2745.4
4431,2025-10-13,2725.61
4431,2025-10-20,2915.57
4431,2025-10-27,2816.63
4431,2025-11-03,2739.46
4431,2025-11-10,2822.57
4431,2025-11-17,2789.92
4431,2025-11-24,2835.43
4431,2025-12-01,2860.16
4431,2025-12-08,2794.87
4431,2025-12-15,2920.51
4431,2025-12-22,3022.41
4431,2025-12-29,3022.41
4431,2026-01-05,3061.99
4431,2026-01-12,3007.57
4431,2026-01-19,2852.25
4431,2026-01-26,2705.83
4431,2026-02-02,2404.08
4431,2026-02-09,2188.41
4431,2026-02-16,2560.39
4431,2026-02-23,2513.9
4431,2026-03-02,2436.73
4431,2026-03-09,2419.91
4431,2026-03-16,2008.35
4431,2026-03-23,2195.33
4431,2026-03-30,2197.31
4431,2026-04-06,2204.23
4431,2026-04-13,2485.21
4431,2026-04-20,2475.31
4431,2026-04-27,2439.0
4431,2026-05-04,2405.0
4431,2026-05-11,2180.0
4431,2026-05-18,2304.0
4431,2026-05-25,2319.0
4431,2026-06-01,2492.0
4431,2026-06-08,2399.0
4431,2026-06-15,2408.0
4431,2026-06-22,2641.0
4431,2026-06-29,2935.0
4431,2026-07-06,2841.0
4431,2026-07-13,3000.0
4431,2026-07-20,2900.0
4431,2026-07-27,3190.0
4431,2026-08-03,3200.0
4431,2026-08-10,3435.0
4431,2026-08-17,3395.0
4431,2026-08-24,3430.0
4471,2025-09-01,4115.53
4471,2025-09-08,4076.98
4471,2025-09-15,4028.79
4471,2025-09-22,4096.26
4471,2025-09-29,3968.4
4471,2025-10-06,3992.99
4471,2025-10-13,3978.24
4471,2025-10-20,4214.28
4471,2025-10-27,4130.68
4471,2025-11-03,4263.45
4471,2025-11-10,4474.9
4471,2025-11-17,4440.48
4471,2025-11-24,4627.34
4471,2025-12-01,4578.17
4471,2025-12-08,4824.04
4471,2025-12-15,4858.47
4471,2025-12-22,5114.17
4471,2025-12-29,5133.84
4471,2026-01-05,5045.33
4471,2026-01-12,5438.73
4471,2026-01-19,5507.57
4471,2026-01-26,5428.89
4471,2026-02-02,5537.08
4471,2026-02-09,5812.46
4471,2026-02-16,5782.95
4471,2026-02-23,5861.63
4471,2026-03-02,5330.54
4471,2026-03-09,5153.51
4471,2026-03-16,5114.17
4471,2026-03-23,5065.0
4471,2026-03-30,4960.0
4471,2026-04-06,5220.0
4471,2026-04-13,5120.0
4471,2026-04-20,5030.0
4471,2026-04-27,4965.0
4471,2026-05-04,5130.0
4471,2026-05-11,5440.0
4471,2026-05-18,5110.0
4471,2026-05-25,5240.0
4471,2026-06-01,5180.0
4471,2026-06-08,5180.0
4471,2026-06-15,5110.0
4471,2026-06-22,5000.0
4471,2026-06-29,4920.0
4471,2026-07-06,4875.0
4471,2026-07-13,4865.0
4471,2026-07-20,4920.0
4471,2026-07-27,4865.0
4471,2026-08-03,6120.0
4471,2026-08-10,6350.0
4471,2026-08-17,6360.0
4471,2026-08-24,6480.0
4526,2025-09-01,2867.63
4526,2025-09-08,2857.03
4526,2025-09-15,2873.41
4526,2025-09-22,2899.42
4526,2025-09-29,2769.9
4526,2025-10-06,2752.24
4526,2025-10-13,2779.71
4526,2025-10-20,2796.39
4526,2025-10-27,2745.37
4526,2025-11-03,2798.35
4526,2025-11-10,2791.49
4526,2025-11-17,2860.17
4526,2025-11-24,2900.4
4526,2025-12-01,2770.88
4526,2025-12-08,2810.13
4526,2025-12-15,2910.21
4526,2025-12-22,2925.91
4526,2025-12-29,2911.19
4526,2026-01-05,2933.76
4526,2026-01-12,2987.72
4526,2026-01-19,3071.13
4526,2026-01-26,3046.6
4526,2026-02-02,3144.71
4526,2026-02-09,3002.44
4526,2026-02-16,2943.57
4526,2026-02-23,3041.69
4526,2026-03-02,2939.65
4526,2026-03-09,2826.81
4526,2026-03-16,2820.92
4526,2026-03-23,2869.0
4526,2026-03-30,2943.0
4526,2026-04-06,2925.0
4526,2026-04-13,2864.0
4526,2026-04-20,2740.0
4526,2026-04-27,2770.0
4526,2026-05-04,2699.0
4526,2026-05-11,2825.0
4526,2026-05-18,2803.0
4526,2026-05-25,2806.0
4526,2026-06-01,2913.0
4526,2026-06-08,2995.0
4526,2026-06-15,2988.0
4526,2026-06-22,3080.0
4526,2026-06-29,3095.0
4526,2026-07-06,3135.0
4526,2026-07-13,3155.0
4526,2026-07-20,3120.0
4526,2026-07-27,3210.0
4526,2026-08-03,3155.0
4526,2026-08-10,3280.0
4526,2026-08-17,3340.0
4526,2026-08-24,3435.0
4527,2025-09-01,2552.87
4527,2025-09-08,2519.5
4527,2025-09-15,2456.19
4527,2025-09-22,2505.76
4527,2025-09-29,2452.32
4527,2025-10-06,2394.42
4527,2025-10-13,2427.08
4527,2025-10-20,2433.51
4527,2025-10-27,2364.24
4527,2025-11-03,2391.95
4527,2025-11-10,2414.71
4527,2025-11-17,2533.47
4527,2025-11-24,2504.27
4527,2025-12-01,2412.73
4527,2025-12-08,2475.57
4527,2025-12-15,2546.83
4527,2025-12-22,2631.93
4527,2025-12-29,2600.76
4527,2026-01-05,2550.29
4527,2026-01-12,2572.06
4527,2026-01-19,2661.13
4527,2026-01-26,2531.49
4527,2026-02-02,2537.42
4527,2026-02-09,2487.94
4527,2026-02-16,2352.36
4527,2026-02-23,2416.69
4527,2026-03-02,2256.86
4527,2026-03-09,2370.18
4527,2026-03-16,2337.02
4527,2026-03-23,2387.0
4527,2026-03-30,2463.5
4527,2026-04-06,2461.0
4527,2026-04-13,2392.5
4527,2026-04-20,2381.5
4527,2026-04-27,2357.5
4527,2026-05-04,2366.5
4527,2026-05-11,2438.5
4527,2026-05-18,2538.5
4527,2026-05-25,2381.0
4527,2026-06-01,2400.0
4527,2026-06-08,2324.0
4527,2026-06-15,2370.0
4527,2026-06-22,2397.0
4527,2026-06-29,2405.5
4527,2026-07-06,2430.0
4527,2026-07-13,2477.5
4527,2026-07-20,2350.0
4527,2026-07-27,2388.5
4527,2026-08-03,2862.5
4527,2026-08-10,2815.5
4527,2026-08-17,2866.5
4527,2026-08-24,3037.0
4588,2025-09-01,647.0
4588,2025-09-08,621.0
4588,2025-09-15,631.0
4588,2025-09-22,622.0
4588,2025-09-29,678.0
4588,2025-10-06,803.0
4588,2025-10-13,700.0
4588,2025-10-20,711.0
4588,2025-10-27,748.0
4588,2025-11-03,851.0
4588,2025-11-10,1043.0
4588,2025-11-17,986.0
4588,2025-11-24,1174.0
4588,2025-12-01,923.0
4588,2025-12-08,1061.0
4588,2025-12-15,859.0
4588,2025-12-22,1101.0
4588,2025-12-29,1384.0
4588,2026-01-05,1519.0
4588,2026-01-12,1943.0
4588,2026-01-19,1808.0
4588,2026-01-26,1739.0
4588,2026-02-02,1873.0
4588,2026-02-09,2440.0
4588,2026-02-16,2215.0
4588,2026-02-23,2730.0
4588,2026-03-02,3150.0
4588,2026-03-09,2702.0
4588,2026-03-16,2246.0
4588,2026-03-23,2338.0
4588,2026-03-30,2266.0
4588,2026-04-06,2501.0
4588,2026-04-13,2860.0
4588,2026-04-20,2978.0
4588,2026-04-27,2717.0
4588,2026-05-04,2918.0
4588,2026-05-11,2680.0
4588,2026-05-18,2797.0
4588,2026-05-25,2765.0
4588,2026-06-01,2614.0
4588,2026-06-08,2467.0
4588,2026-06-15,2591.0
4588,2026-06-22,2733.0
4588,2026-06-29,2680.0
4588,2026-07-06,2575.0
4588,2026-07-13,2351.0
4588,2026-07-20,2469.0
4588,2026-07-27,2665.0
4588,2026-08-03,2848.0
4588,2026-08-10,3250.0
4588,2026-08-17,3380.0
4588,2026-08-24,4020.0
4671,2025-09-01,2400.44
4671,2025-09-08,2519.65
4671,2025-09-15,2450.03
4671,2025-09-22,2514.88
4671,2025-09-29,2444.06
4671,2025-10-06,2421.59
4671,2025-10-13,2481.18
4671,2025-10-20,2487.04
4671,2025-10-27,2424.53
4671,2025-11-03,2451.88
4671,2025-11-10,2498.77
4671,2025-11-17,2512.44
4671,2025-11-24,2508.53
4671,2025-12-01,2489.0
4671,2025-12-08,2528.07
4671,2025-12-15,2558.35
4671,2025-12-22,2605.24
4671,2025-12-29,2618.92
4671,2026-01-05,2668.74
4671,2026-01-12,2686.32
4671,2026-01-19,2661.9
4671,2026-01-26,2615.01
4671,2026-02-02,2613.06
4671,2026-02-09,2651.15
4671,2026-02-16,2617.94
4671,2026-02-23,2666.78
4671,2026-03-02,2615.99
4671,2026-03-09,2565.19
4671,2026-03-16,2551.51
4671,2026-03-23,2636.5
4671,2026-03-30,2631.0
4671,2026-04-06,2620.0
4671,2026-04-13,2604.0
4671,2026-04-20,2552.0
4671,2026-04-27,2512.0
4671,2026-05-04,2512.0
4671,2026-05-11,2587.0
4671,2026-05-18,2521.0
4671,2026-05-25,2565.0
4671,2026-06-01,2545.0
4671,2026-06-08,2573.0
4671,2026-06-15,2572.0
4671,2026-06-22,2542.0
4671,2026-06-29,2617.0
4671,2026-07-06,2682.0
4671,2026-07-13,2700.0
4671,2026-07-20,2672.0
4671,2026-07-27,2651.0
4671,2026-08-03,2690.0
4671,2026-08-10,2834.0
4671,2026-08-17,2824.0
4671,2026-08-24,2903.0
4689,2025-09-01,467.18
4689,2025-09-08,482.77
4689,2025-09-15,485.13
4689,2025-09-22,476.2
4689,2025-09-29,453.05
4689,2025-10-06,452.95
4689,2025-10-13,431.76
4689,2025-10-20,446.18
4689,2025-10-27,444.42
4689,2025-11-03,417.14
4689,2025-11-10,422.05
4689,2025-11-17,417.53
4689,2025-11-24,412.53
4689,2025-12-01,408.8
4689,2025-12-08,403.8
4689,2025-12-15,419.59
4689,2025-12-22,405.47
4689,2025-12-29,409.29
4689,2026-01-05,409.39
4689,2026-01-12,396.05
4689,2026-01-19,398.31
4689,2026-01-26,389.08
4689,2026-02-02,415.18
4689,2026-02-09,380.16
4689,2026-02-16,367.21
4689,2026-02-23,381.63
4689,2026-03-02,386.14
4689,2026-03-09,390.65
4689,2026-03-16,390.36
4689,2026-03-23,377.9
4689,2026-03-30,393.2
4689,2026-04-06,403.6
4689,2026-04-13,427.9
4689,2026-04-20,415.9
4689,2026-04-27,419.7
4689,2026-05-04,440.0
4689,2026-05-11,417.3
4689,2026-05-18,409.2
4689,2026-05-25,417.3
4689,2026-06-01,408.0
4689,2026-06-08,402.3
4689,2026-06-15,409.5
4689,2026-06-22,410.0
4689,2026-06-29,438.2
4689,2026-07-06,445.4
4689,2026-07-13,447.4
4689,2026-07-20,435.3
4689,2026-07-27,446.8
4689,2026-08-03,483.6
4689,2026-08-10,506.3
4689,2026-08-17,525.6
4689,2026-08-24,557.1
4746,2025-09-01,3819.3
4746,2025-09-08,3924.2
4746,2025-09-15,3814.53
4746,2025-09-22,3905.13
4746,2025-09-29,3733.47
4746,2025-10-06,3714.4
4746,2025-10-13,3733.47
4746,2025-10-20,3776.39
4746,2025-10-27,3657.18
4746,2025-11-03,3819.3
4746,2025-11-10,3981.42
4746,2025-11-17,3976.65
4746,2025-11-24,4010.03
4746,2025-12-01,3919.43
4746,2025-12-08,3838.37
4746,2025-12-15,3819.3
4746,2025-12-22,3843.14
4746,2025-12-29,3961.29
4746,2026-01-05,4245.64
4746,2026-01-12,4407.43
4746,2026-01-19,4353.5
4746,2026-01-26,4132.88
4746,2026-02-02,4083.86
4746,2026-02-09,4211.33
4746,2026-02-16,4167.2
4746,2026-02-23,4348.6
4746,2026-03-02,4181.91
4746,2026-03-09,4211.33
4746,2026-03-16,4206.42
4746,2026-03-23,4191.71
4746,2026-03-30,4142.69
4746,2026-04-06,4431.94
4746,2026-04-13,4407.43
4746,2026-04-20,4319.18
4746,2026-04-27,4235.84
4746,2026-05-04,4044.64
4746,2026-05-11,3946.59
4746,2026-05-18,4123.08
4746,2026-05-25,4226.03
4746,2026-06-01,4142.69
4746,2026-06-08,4118.18
4746,2026-06-15,4167.2
4746,2026-06-22,4353.5
4746,2026-06-29,4485.0
4746,2026-07-06,4740.0
4746,2026-07-13,4780.0
4746,2026-07-20,4825.0
4746,2026-07-27,5020.0
4746,2026-08-03,6600.0
4746,2026-08-10,6500.0
4746,2026-08-17,6670.0
4746,2026-08-24,6790.0
4768,2025-09-01,2943.45
4768,2025-09-08,3081.68
4768,2025-09-15,3022.72
4768,2025-09-22,3013.05
4768,2025-09-29,2939.59
4768,2025-10-06,2889.32
4768,2025-10-13,2876.75
4768,2025-10-20,2988.89
4768,2025-10-27,2948.29
4768,2025-11-03,2919.29
4768,2025-11-10,2899.95
4768,2025-11-17,3008.22
4768,2025-11-24,2984.05
4768,2025-12-01,3052.68
4768,2025-12-08,3198.65
4768,2025-12-15,3195.75
4768,2025-12-22,3170.62
4768,2025-12-29,3167.68
4768,2026-01-05,3132.39
4768,2026-01-12,3160.82
4768,2026-01-19,3158.85
4768,2026-01-26,3001.06
4768,2026-02-02,2952.05
4768,2026-02-09,2962.84
4768,2026-02-16,2979.5
4768,2026-02-23,3086.33
4768,2026-03-02,3005.96
4768,2026-03-09,2892.27
4768,2026-03-16,2876.59
4768,2026-03-23,2954.01
4768,2026-03-30,3014.78
4768,2026-04-06,2922.65
4768,2026-04-13,2987.34
4768,2026-04-20,2911.87
4768,2026-04-27,2797.2
4768,2026-05-04,2977.54
4768,2026-05-11,2845.22
4768,2026-05-18,2826.6
4768,2026-05-25,2831.5
4768,2026-06-01,2899.62
4768,2026-06-08,2794.26
4768,2026-06-15,2711.44
4768,2026-06-22,2708.5
4768,2026-06-29,2853.0
4768,2026-07-06,2893.5
4768,2026-07-13,3015.0
4768,2026-07-20,3026.0
4768,2026-07-27,3274.0
4768,2026-08-03,3443.0
4768,2026-08-10,3536.0
4768,2026-08-17,3478.0
4768,2026-08-24,3539.0
4847,2025-09-01,1028.77
4847,2025-09-08,1032.62
4847,2025-09-15,1065.31
4847,2025-09-22,1057.61
4847,2025-09-29,986.47
4847,2025-10-06,999.93
4847,2025-10-13,980.7
4847,2025-10-20,1016.27
4847,2025-10-27,996.08
4847,2025-11-03,931.66
4847,2025-11-10,933.59
4847,2025-11-17,907.63
4847,2025-11-24,936.47
4847,2025-12-01,916.28
4847,2025-12-08,917.24
4847,2025-12-15,909.55
4847,2025-12-22,925.89
4847,2025-12-29,936.66
4847,2026-01-05,963.09
4847,2026-01-12,978.75
4847,2026-01-19,962.11
4847,2026-01-26,930.79
4847,2026-02-02,944.49
4847,2026-02-09,938.62
4847,2026-02-16,950.36
4847,2026-02-23,988.53
4847,2026-03-02,1001.26
4847,2026-03-09,977.77
4847,2026-03-16,959.17
4847,2026-03-23,947.43
4847,2026-03-30,953.3
4847,2026-04-06,950.36
4847,2026-04-13,967.98
4847,2026-04-20,960.15
4847,2026-04-27,949.38
4847,2026-05-04,973.85
4847,2026-05-11,902.4
4847,2026-05-18,919.04
4847,2026-05-25,918.06
4847,2026-06-01,926.87
4847,2026-06-08,920.02
4847,2026-06-15,911.21
4847,2026-06-22,921.0
4847,2026-06-29,967.0
4847,2026-07-06,954.0
4847,2026-07-13,952.0
4847,2026-07-20,1003.0
4847,2026-07-27,1000.0
4847,2026-08-03,1236.0
4847,2026-08-10,1281.0
4847,2026-08-17,1319.0
4847,2026-08-24,1350.0
4911,2025-09-01,2354.32
4911,2025-09-08,2322.47
4911,2025-09-15,2370.0
4911,2025-09-22,2476.81
4911,2025-09-29,2469.46
4911,2025-10-06,2558.15
4911,2025-10-13,2651.73
4911,2025-10-20,2672.31
4911,2025-10-27,2547.86
4911,2025-11-03,2519.44
4911,2025-11-10,2612.04
4911,2025-11-17,2156.86
4911,2025-11-24,2176.46
4911,2025-12-01,2297.97
4911,2025-12-08,2388.62
4911,2025-12-15,2302.38
4911,2025-12-22,2306.79
4911,2025-12-29,2251.44
4911,2026-01-05,2381.41
4911,2026-01-12,2639.86
4911,2026-01-19,2716.95
4911,2026-01-26,2598.35
4911,2026-02-02,2720.91
4911,2026-02-09,3262.52
4911,2026-02-16,3038.17
4911,2026-02-23,3261.53
4911,2026-03-02,3041.13
4911,2026-03-09,2976.89
4911,2026-03-16,2950.7
4911,2026-03-23,3176.53
4911,2026-03-30,3345.54
4911,2026-04-06,3327.75
4911,2026-04-13,3070.78
4911,2026-04-20,3116.24
4911,2026-04-27,3123.16
4911,2026-05-04,3347.52
4911,2026-05-11,2914.13
4911,2026-05-18,2650.74
4911,2026-05-25,2777.74
4911,2026-06-01,2549.43
4911,2026-06-08,2576.61
4911,2026-06-15,2499.52
4911,2026-06-22,2543.5
4911,2026-06-29,2769.0
4911,2026-07-06,2755.0
4911,2026-07-13,3060.0
4911,2026-07-20,3045.0
4911,2026-07-27,3154.0
4911,2026-08-03,3619.0
4911,2026-08-10,3557.0
4911,2026-08-17,3696.0
4911,2026-08-24,3750.0
5589,2025-09-01,2391.32
5589,2025-09-08,2458.5
5589,2025-09-15,2436.11
5589,2025-09-22,2470.18
5589,2025-09-29,2434.16
5589,2025-10-06,2479.92
5589,2025-10-13,2487.71
5589,2025-10-20,2468.24
5589,2025-10-27,2492.58
5589,2025-11-03,2466.29
5589,2025-11-10,2473.1
5589,2025-11-17,2448.76
5589,2025-11-24,2463.37
5589,2025-12-01,2466.29
5589,2025-12-08,2455.58
5589,2025-12-15,2434.16
5589,2025-12-22,2440.0
5589,2025-12-29,2500.0
5589,2026-01-05,2540.0
5589,2026-01-12,2560.0
5589,2026-01-19,2587.0
5589,2026-01-26,2645.0
5589,2026-02-02,2625.0
5589,2026-02-09,2580.0
5589,2026-02-16,2561.0
5589,2026-02-23,2528.0
5589,2026-03-02,2568.0
5589,2026-03-09,2519.0
5589,2026-03-16,2571.0
5589,2026-03-23,2530.0
5589,2026-03-30,2636.0
5589,2026-04-06,2663.0
5589,2026-04-13,2667.0
5589,2026-04-20,2670.0
5589,2026-04-27,2675.0
5589,2026-05-04,2670.0
5589,2026-05-11,2708.0
5589,2026-05-18,2859.0
5589,2026-05-25,2813.0
5589,2026-06-01,2770.0
5589,2026-06-08,2768.0
5589,2026-06-15,2767.0
5589,2026-06-22,2704.0
5589,2026-06-29,2729.0
5589,2026-07-06,2728.0
5589,2026-07-13,2665.0
5589,2026-07-20,2683.0
5589,2026-07-27,2691.0
5589,2026-08-03,2750.0
5589,2026-08-10,2849.0
5589,2026-08-17,2836.0
5589,2026-08-24,2915.0
575A,2026-06-01,1509.0
575A,2026-06-08,1414.0
575A,2026-06-15,1421.0
575A,2026-06-22,1360.0
575A,2026-06-29,1489.0
575A,2026-07-06,1517.0
575A,2026-07-13,1800.0
575A,2026-07-20,1811.0
575A,2026-07-27,1795.0
575A,2026-08-03,1805.0
575A,2026-08-10,1846.0
575A,2026-08-17,1927.0
575A,2026-08-24,1970.0
5900,2025-09-01,839.0
5900,2025-09-08,830.21
5900,2025-09-15,810.68
5900,2025-09-22,820.44
5900,2025-09-29,812.63
5900,2025-10-06,812.63
5900,2025-10-13,791.14
5900,2025-10-20,804.81
5900,2025-10-27,795.05
5900,2025-11-03,796.02
5900,2025-11-10,829.23
5900,2025-11-17,808.72
5900,2025-11-24,819.47
5900,2025-12-01,813.61
5900,2025-12-08,826.3
5900,2025-12-15,817.51
5900,2025-12-22,835.09
5900,2025-12-29,849.74
5900,2026-01-05,830.21
5900,2026-01-12,839.98
5900,2026-01-19,830.21
5900,2026-01-26,825.33
5900,2026-02-02,833.14
5900,2026-02-09,857.56
5900,2026-02-16,856.58
5900,2026-02-23,829.0
5900,2026-03-02,818.0
5900,2026-03-09,814.0
5900,2026-03-16,818.0
5900,2026-03-23,813.0
5900,2026-03-30,801.0
5900,2026-04-06,809.0
5900,2026-04-13,815.0
5900,2026-04-20,811.0
5900,2026-04-27,781.0
5900,2026-05-04,791.0
5900,2026-05-11,792.0
5900,2026-05-18,791.0
5900,2026-05-25,814.0
5900,2026-06-01,816.0
5900,2026-06-08,843.0
5900,2026-06-15,841.0
5900,2026-06-22,844.0
5900,2026-06-29,858.0
5900,2026-07-06,839.0
5900,2026-07-13,830.0
5900,2026-07-20,853.0
5900,2026-07-27,855.0
5900,2026-08-03,847.0
5900,2026-08-10,870.0
5900,2026-08-17,877.0
5900,2026-08-24,899.0
5901,2025-09-01,3457.91
5901,2025-09-08,3476.21
5901,2025-09-15,3324.95
5901,2025-09-22,3342.29
5901,2025-09-29,3217.89
5901,2025-10-06,3212.01
5901,2025-10-13,3288.42
5901,2025-10-20,3383.43
5901,2025-10-27,3390.29
5901,2025-11-03,3321.72
5901,2025-11-10,3541.14
5901,2025-11-17,3427.51
5901,2025-11-24,3648.9
5901,2025-12-01,3718.45
5901,2025-12-08,3788.98
5901,2025-12-15,3784.08
5901,2025-12-22,3711.59
5901,2025-12-29,3747.83
5901,2026-01-05,3763.51
5901,2026-01-12,3889.87
5901,2026-01-19,3887.91
5901,2026-01-26,3795.83
5901,2026-02-02,3959.42
5901,2026-02-09,3832.08
5901,2026-02-16,3835.02
5901,2026-02-23,3996.64
5901,2026-03-02,3755.67
5901,2026-03-09,3722.36
5901,2026-03-16,3613.63
5901,2026-03-23,3596.0
5901,2026-03-30,3468.0
5901,2026-04-06,3474.0
5901,2026-04-13,3353.0
5901,2026-04-20,3220.0
5901,2026-04-27,3438.0
5901,2026-05-04,3531.0
5901,2026-05-11,3706.0
5901,2026-05-18,3996.0
5901,2026-05-25,3890.0
5901,2026-06-01,3772.0
5901,2026-06-08,3933.0
5901,2026-06-15,4127.0
5901,2026-06-22,4167.0
5901,2026-06-29,4111.0
5901,2026-07-06,4027.0
5901,2026-07-13,4053.0
5901,2026-07-20,4097.0
5901,2026-07-27,4072.0
5901,2026-08-03,4325.0
5901,2026-08-10,4419.0
5901,2026-08-17,4448.0
5901,2026-08-24,4506.0
5902,2025-09-01,2100.38
5902,2025-09-08,2219.41
5902,2025-09-15,2201.17
5902,2025-09-22,2196.37
5902,2025-09-29,2141.9
5902,2025-10-06,2115.64
5902,2025-10-13,2144.82
5902,2025-10-20,2173.03
5902,2025-10-27,2094.24
5902,2025-11-03,2101.05
5902,2025-11-10,2201.24
5902,2025-11-17,2182.76
5902,2025-11-24,2254.74
5902,2025-12-01,2209.02
5902,2025-12-08,2205.13
5902,2025-12-15,2215.83
5902,2025-12-22,2274.19
5902,2025-12-29,2311.15
5902,2026-01-05,2349.09
5902,2026-01-12,2355.9
5902,2026-01-19,2335.47
5902,2026-01-26,2272.25
5902,2026-02-02,2350.06
5902,2026-02-09,2273.22
5902,2026-02-16,2298.51
5902,2026-02-23,2451.22
5902,2026-03-02,2388.0
5902,2026-03-09,2319.91
5902,2026-03-16,2286.84
5902,2026-03-23,2281.0
5902,2026-03-30,2285.0
5902,2026-04-06,2273.0
5902,2026-04-13,2260.0
5902,2026-04-20,2190.0
5902,2026-04-27,2150.0
5902,2026-05-04,2160.0
5902,2026-05-11,2234.0
5902,2026-05-18,2235.0
5902,2026-05-25,2240.0
5902,2026-06-01,2289.0
5902,2026-06-08,2356.0
5902,2026-06-15,2360.0
5902,2026-06-22,2343.0
5902,2026-06-29,2374.0
5902,2026-07-06,2335.0
5902,2026-07-13,2353.0
5902,2026-07-20,2372.0
5902,2026-07-27,2386.0
5902,2026-08-03,2385.0
5902,2026-08-10,2585.0
5902,2026-08-17,2744.0
5902,2026-08-24,2864.0
593A,2026-07-20,1102.0
593A,2026-07-27,1011.0
593A,2026-08-03,911.0
593A,2026-08-10,998.0
593A,2026-08-17,1057.0
593A,2026-08-24,1328.0
5971,2025-09-01,5948.6
5971,2025-09-08,6354.41
5971,2025-09-15,6176.25
5971,2025-09-22,6483.08
5971,2025-09-29,7027.46
5971,2025-10-06,6582.06
5971,2025-10-13,6898.79
5971,2025-10-20,6839.4
5971,2025-10-27,7037.36
5971,2025-11-03,6671.14
5971,2025-11-10,6908.68
5971,2025-11-17,6908.68
5971,2025-11-24,6878.99
5971,2025-12-01,6878.99
5971,2025-12-08,6908.68
5971,2025-12-15,7324.39
5971,2025-12-22,7433.27
5971,2025-12-29,7522.35
5971,2026-01-05,7344.19
5971,2026-01-12,7076.95
5971,2026-01-19,7076.95
5971,2026-01-26,7096.74
5971,2026-02-02,7146.23
5971,2026-02-09,7265.01
5971,2026-02-16,7373.88
5971,2026-02-23,7581.74
5971,2026-03-02,7324.39
5971,2026-03-09,7393.68
5971,2026-03-16,7641.12
5971,2026-03-23,7601.53
5971,2026-03-30,7789.59
5971,2026-04-06,7680.71
5971,2026-04-13,7730.2
5971,2026-04-20,7730.2
5971,2026-04-27,7270.0
5971,2026-05-04,7350.0
5971,2026-05-11,7100.0
5971,2026-05-18,7010.0
5971,2026-05-25,6950.0
5971,2026-06-01,6950.0
5971,2026-06-08,7010.0
5971,2026-06-15,7550.0
5971,2026-06-22,8080.0
5971,2026-06-29,8190.0
5971,2026-07-06,8060.0
5971,2026-07-13,8120.0
5971,2026-07-20,8120.0
5971,2026-07-27,8290.0
5971,2026-08-03,8040.0
5971,2026-08-10,8160.0
5971,2026-08-17,7820.0
5971,2026-08-24,8400.0
6027,2025-09-01,3725.0
6027,2025-09-08,3610.0
6027,2025-09-15,3370.0
6027,2025-09-22,3310.0
6027,2025-09-29,3045.0
6027,2025-10-06,3020.0
6027,2025-10-13,3035.0
6027,2025-10-20,3105.0
6027,2025-10-27,3050.0
6027,2025-11-03,2891.0
6027,2025-11-10,2891.0
6027,2025-11-17,2880.0
6027,2025-11-24,2943.0
6027,2025-12-01,3135.0
6027,2025-12-08,3010.0
6027,2025-12-15,2994.0
6027,2025-12-22,3185.0
6027,2025-12-29,3150.0
6027,2026-01-05,3270.0
6027,2026-01-12,3380.0
6027,2026-01-19,3040.0
6027,2026-01-26,2902.0
6027,2026-02-02,2500.0
6027,2026-02-09,2435.0
6027,2026-02-16,2307.0
6027,2026-02-23,2439.0
6027,2026-03-02,2801.0
6027,2026-03-09,2765.0
6027,2026-03-16,2850.0
6027,2026-03-23,2894.0
6027,2026-03-30,2835.0
6027,2026-04-06,2565.0
6027,2026-04-13,2583.0
6027,2026-04-20,2525.0
6027,2026-04-27,2520.0
6027,2026-05-04,2720.0
6027,2026-05-11,2710.0
6027,2026-05-18,2548.0
6027,2026-05-25,2406.0
6027,2026-06-01,2289.0
6027,2026-06-08,2106.0
6027,2026-06-15,2236.0
6027,2026-06-22,2050.0
6027,2026-06-29,2390.0
6027,2026-07-06,2374.0
6027,2026-07-13,2390.0
6027,2026-07-20,2199.0
6027,2026-07-27,2312.0
6027,2026-08-03,2388.0
6027,2026-08-10,3750.0
6027,2026-08-17,4475.0
6027,2026-08-24,5050.0
6045,2025-09-01,1476.94
6045,2025-09-08,1562.72
6045,2025-09-15,1559.76
6045,2025-09-22,1685.96
6045,2025-09-29,1500.29
6045,2025-10-06,1431.78
6045,2025-10-13,1428.8
6045,2025-10-20,1520.15
6045,2025-10-27,1516.18
6045,2025-11-03,1501.28
6045,2025-11-10,1595.61
6045,2025-11-17,1465.54
6045,2025-11-24,1532.06
6045,2025-12-01,1514.19
6045,2025-12-08,1544.97
6045,2025-12-15,1598.59
6045,2025-12-22,1592.63
6045,2025-12-29,1638.3
6045,2026-01-05,1660.15
6045,2026-01-12,1651.21
6045,2026-01-19,1830.93
6045,2026-01-26,1817.03
6045,2026-02-02,1826.96
6045,2026-02-09,1775.33
6045,2026-02-16,1743.55
6045,2026-02-23,1753.48
6045,2026-03-02,1701.85
6045,2026-03-09,1696.89
6045,2026-03-16,1658.16
6045,2026-03-23,1681.0
6045,2026-03-30,1621.0
6045,2026-04-06,1673.0
6045,2026-04-13,1667.0
6045,2026-04-20,1645.0
6045,2026-04-27,1648.0
6045,2026-05-04,1613.0
6045,2026-05-11,1563.0
6045,2026-05-18,1569.0
6045,2026-05-25,1506.0
6045,2026-06-01,1391.0
6045,2026-06-08,1370.0
6045,2026-06-15,1455.0
6045,2026-06-22,1409.0
6045,2026-06-29,1511.0
6045,2026-07-06,1585.0
6045,2026-07-13,1613.0
6045,2026-07-20,1620.0
6045,2026-07-27,1649.0
6045,2026-08-03,1644.0
6045,2026-08-10,1692.0
6045,2026-08-17,2076.0
6045,2026-08-24,2445.0
6058,2025-09-01,1126.2
6058,2025-09-08,1120.35
6058,2025-09-15,1118.4
6058,2025-09-22,1110.59
6058,2025-09-29,1064.72
6058,2025-10-06,1069.6
6058,2025-10-13,1147.67
6058,2025-10-20,1167.19
6058,2025-10-27,1133.03
6058,2025-11-03,1088.14
6058,2025-11-10,1123.28
6058,2025-11-17,1136.94
6058,2025-11-24,1122.3
6058,2025-12-01,1093.02
6058,2025-12-08,1089.12
6058,2025-12-15,1131.08
6058,2025-12-22,1156.46
6058,2025-12-29,1173.05
6058,2026-01-05,1233.55
6058,2026-01-12,1440.45
6058,2026-01-19,1492.17
6058,2026-01-26,1422.88
6058,2026-02-02,1452.16
6058,2026-02-09,1374.08
6058,2026-02-16,1321.39
6058,2026-02-23,1437.0
6058,2026-03-02,1384.0
6058,2026-03-09,1333.0
6058,2026-03-16,1289.0
6058,2026-03-23,1274.0
6058,2026-03-30,1288.0
6058,2026-04-06,1282.0
6058,2026-04-13,1190.0
6058,2026-04-20,1155.0
6058,2026-04-27,1267.0
6058,2026-05-04,1284.0
6058,2026-05-11,1259.0
6058,2026-05-18,1292.0
6058,2026-05-25,1408.0
6058,2026-06-01,1407.0
6058,2026-06-08,1472.0
6058,2026-06-15,1626.0
6058,2026-06-22,1685.0
6058,2026-06-29,1893.0
6058,2026-07-06,1982.0
6058,2026-07-13,1669.0
6058,2026-07-20,1750.0
6058,2026-07-27,1776.0
6058,2026-08-03,1848.0
6058,2026-08-10,1849.0
6058,2026-08-17,1900.0
6058,2026-08-24,2035.0
6080,2025-09-01,3177.08
6080,2025-09-08,3142.65
6080,2025-09-15,3132.82
6080,2025-09-22,3127.9
6080,2025-09-29,3155.0
6080,2025-10-06,3120.0
6080,2025-10-13,3210.0
6080,2025-10-20,3270.0
6080,2025-10-27,2955.0
6080,2025-11-03,3090.0
6080,2025-11-10,3170.0
6080,2025-11-17,3300.0
6080,2025-11-24,3360.0
6080,2025-12-01,3260.0
6080,2025-12-08,3290.0
6080,2025-12-15,3400.0
6080,2025-12-22,3405.0
6080,2025-12-29,3370.0
6080,2026-01-05,3490.0
6080,2026-01-12,3500.0
6080,2026-01-19,3425.0
6080,2026-01-26,3145.0
6080,2026-02-02,3415.0
6080,2026-02-09,3380.0
6080,2026-02-16,3495.0
6080,2026-02-23,3740.0
6080,2026-03-02,3495.0
6080,2026-03-09,3400.0
6080,2026-03-16,3155.0
6080,2026-03-23,3100.0
6080,2026-03-30,3080.0
6080,2026-04-06,3235.0
6080,2026-04-13,3350.0
6080,2026-04-20,3170.0
6080,2026-04-27,3275.0
6080,2026-05-04,3400.0
6080,2026-05-11,3370.0
6080,2026-05-18,3600.0
6080,2026-05-25,3440.0
6080,2026-06-01,3480.0
6080,2026-06-08,3465.0
6080,2026-06-15,3580.0
6080,2026-06-22,3390.0
6080,2026-06-29,3575.0
6080,2026-07-06,3610.0
6080,2026-07-13,3660.0
6080,2026-07-20,3735.0
6080,2026-07-27,3885.0
6080,2026-08-03,4020.0
6080,2026-08-10,4085.0
6080,2026-08-17,4130.0
6080,2026-08-24,4235.0
6087,2025-09-01,3265.22
6087,2025-09-08,3289.48
6087,2025-09-15,3323.44
6087,2025-09-22,3338.0
6087,2025-09-29,3075.0
6087,2025-10-06,3110.0
6087,2025-10-13,3100.0
6087,2025-10-20,3115.0
6087,2025-10-27,3115.0
6087,2025-11-03,3135.0
6087,2025-11-10,3175.0
6087,2025-11-17,3195.0
6087,2025-11-24,3215.0
6087,2025-12-01,3340.0
6087,2025-12-08,3305.0
6087,2025-12-15,3305.0
6087,2025-12-22,3370.0
6087,2025-12-29,3360.0
6087,2026-01-05,3380.0
6087,2026-01-12,3405.0
6087,2026-01-19,3395.0
6087,2026-01-26,3380.0
6087,2026-02-02,3400.0
6087,2026-02-09,3405.0
6087,2026-02-16,3420.0
6087,2026-02-23,3460.0
6087,2026-03-02,3440.0
6087,2026-03-09,3435.0
6087,2026-03-16,3450.0
6087,2026-03-23,3485.0
6087,2026-03-30,3375.0
6087,2026-04-06,3390.0
6087,2026-04-13,3410.0
6087,2026-04-20,3390.0
6087,2026-04-27,3405.0
6087,2026-05-04,3410.0
6087,2026-05-11,3400.0
6087,2026-05-18,3400.0
6087,2026-05-25,3405.0
6087,2026-06-01,3395.0
6087,2026-06-08,3335.0
6087,2026-06-15,3330.0
6087,2026-06-22,3320.0
6087,2026-06-29,3375.0
6087,2026-07-06,3450.0
6087,2026-07-13,3440.0
6087,2026-07-20,3435.0
6087,2026-07-27,3465.0
6087,2026-08-03,3470.0
6087,2026-08-10,3505.0
6087,2026-08-17,3525.0
6087,2026-08-24,3525.0
6098,2025-09-01,8431.97
6098,2025-09-08,8451.9
6098,2025-09-15,7902.79
6098,2025-09-22,8214.72
6098,2025-09-29,7866.89
6098,2025-10-06,8106.43
6098,2025-10-13,7401.78
6098,2025-10-20,7914.79
6098,2025-10-27,7693.22
6098,2025-11-03,8470.73
6098,2025-11-10,8087.46
6098,2025-11-17,7693.22
6098,2025-11-24,7990.65
6098,2025-12-01,8233.18
6098,2025-12-08,8296.06
6098,2025-12-15,8832.03
6098,2025-12-22,9082.55
6098,2025-12-29,8830.04
6098,2026-01-05,9314.11
6098,2026-01-12,9173.38
6098,2026-01-19,8571.53
6098,2026-01-26,8084.47
6098,2026-02-02,7048.46
6098,2026-02-09,6144.2
6098,2026-02-16,6271.95
6098,2026-02-23,6852.83
6098,2026-03-02,6988.57
6098,2026-03-09,6501.51
6098,2026-03-16,6319.86
6098,2026-03-23,6506.5
6098,2026-03-30,6942.0
6098,2026-04-06,7117.0
6098,2026-04-13,7524.0
6098,2026-04-20,7308.0
6098,2026-04-27,7361.0
6098,2026-05-04,7822.0
6098,2026-05-11,7825.0
6098,2026-05-18,9789.0
6098,2026-05-25,10570.0
6098,2026-06-01,10595.0
6098,2026-06-08,10790.0
6098,2026-06-15,10865.0
6098,2026-06-22,11040.0
6098,2026-06-29,11920.0
6098,2026-07-06,12240.0
6098,2026-07-13,12820.0
6098,2026-07-20,12055.0
6098,2026-07-27,12550.0
6098,2026-08-03,13165.0
6098,2026-08-10,16455.0
6098,2026-08-17,15900.0
6098,2026-08-24,17155.0
6291,2025-09-01,1183.5
6291,2025-09-08,1183.5
6291,2025-09-15,1187.31
6291,2025-09-22,1197.81
6291,2025-09-29,1195.9
6291,2025-10-06,1195.9
6291,2025-10-13,1185.41
6291,2025-10-20,1208.31
6291,2025-10-27,1210.22
6291,2025-11-03,1210.22
6291,2025-11-10,1251.26
6291,2025-11-17,1200.68
6291,2025-11-24,1235.04
6291,2025-12-01,1175.86
6291,2025-12-08,1158.68
6291,2025-12-15,1152.95
6291,2025-12-22,1152.0
6291,2025-12-29,1159.0
6291,2026-01-05,1219.0
6291,2026-01-12,1232.0
6291,2026-01-19,1231.0
6291,2026-01-26,1232.0
6291,2026-02-02,1321.0
6291,2026-02-09,1330.0
6291,2026-02-16,1266.0
6291,2026-02-23,1337.0
6291,2026-03-02,1246.0
6291,2026-03-09,1260.0
6291,2026-03-16,1266.0
6291,2026-03-23,1258.0
6291,2026-03-30,1225.0
6291,2026-04-06,1277.0
6291,2026-04-13,1257.0
6291,2026-04-20,1227.0
6291,2026-04-27,1224.0
6291,2026-05-04,1320.0
6291,2026-05-11,1308.0
6291,2026-05-18,1217.0
6291,2026-05-25,1251.0
6291,2026-06-01,1258.0
6291,2026-06-08,1268.0
6291,2026-06-15,1300.0
6291,2026-06-22,1304.0
6291,2026-06-29,1300.0
6291,2026-07-06,1350.0
6291,2026-07-13,1255.0
6291,2026-07-20,1326.0
6291,2026-07-27,1339.0
6291,2026-08-03,1343.0
6291,2026-08-10,1365.0
6291,2026-08-17,1352.0
6291,2026-08-24,1400.0
6306,2025-09-01,766.14
6306,2025-09-08,760.43
6306,2025-09-15,758.53
6306,2025-09-22,756.63
6306,2025-09-29,732.35
6306,2025-10-06,737.21
6306,2025-10-13,744.01
6306,2025-10-20,761.49
6306,2025-10-27,743.03
6306,2025-11-03,731.38
6306,2025-11-10,742.06
6306,2025-11-17,735.26
6306,2025-11-24,749.83
6306,2025-12-01,730.41
6306,2025-12-08,740.12
6306,2025-12-15,764.4
6306,2025-12-22,796.45
6306,2025-12-29,768.29
6306,2026-01-05,790.63
6306,2026-01-12,810.05
6306,2026-01-19,794.51
6306,2026-01-26,791.6
6306,2026-02-02,811.02
6306,2026-02-09,841.13
6306,2026-02-16,831.42
6306,2026-02-23,851.82
6306,2026-03-02,790.63
6306,2026-03-09,772.17
6306,2026-03-16,778.0
6306,2026-03-23,778.0
6306,2026-03-30,788.0
6306,2026-04-06,796.0
6306,2026-04-13,805.0
6306,2026-04-20,799.0
6306,2026-04-27,799.0
6306,2026-05-04,802.0
6306,2026-05-11,842.0
6306,2026-05-18,844.0
6306,2026-05-25,855.0
6306,2026-06-01,866.0
6306,2026-06-08,844.0
6306,2026-06-15,914.0
6306,2026-06-22,912.0
6306,2026-06-29,945.0
6306,2026-07-06,951.0
6306,2026-07-13,932.0
6306,2026-07-20,960.0
6306,2026-07-27,982.0
6306,2026-08-03,988.0
6306,2026-08-10,1014.0
6306,2026-08-17,1034.0
6306,2026-08-24,1041.0
6381,2025-09-01,1513.68
6381,2025-09-08,1539.28
6381,2025-09-15,1529.8
6381,2025-09-22,1546.86
6381,2025-09-29,1511.86
6381,2025-10-06,1497.27
6381,2025-10-13,1482.69
6381,2025-10-20,1538.11
6381,2025-10-27,1476.86
6381,2025-11-03,1470.05
6381,2025-11-10,1458.38
6381,2025-11-17,1485.61
6381,2025-11-24,1525.47
6381,2025-12-01,1493.38
6381,2025-12-08,1554.64
6381,2025-12-15,1554.64
6381,2025-12-22,1572.14
6381,2025-12-29,1588.67
6381,2026-01-05,1661.58
6381,2026-01-12,1690.75
6381,2026-01-19,1657.7
6381,2026-01-26,1607.14
6381,2026-02-02,1711.17
6381,2026-02-09,1656.72
6381,2026-02-16,1705.34
6381,2026-02-23,1705.34
6381,2026-03-02,1615.89
6381,2026-03-09,1570.19
6381,2026-03-16,1593.53
6381,2026-03-23,1612.0
6381,2026-03-30,1620.0
6381,2026-04-06,1652.0
6381,2026-04-13,1630.0
6381,2026-04-20,1588.0
6381,2026-04-27,1591.0
6381,2026-05-04,1629.0
6381,2026-05-11,1674.0
6381,2026-05-18,1656.0
6381,2026-05-25,1631.0
6381,2026-06-01,1620.0
6381,2026-06-08,1610.0
6381,2026-06-15,1697.0
6381,2026-06-22,1683.0
6381,2026-06-29,1753.0
6381,2026-07-06,1760.0
6381,2026-07-13,1720.0
6381,2026-07-20,1769.0
6381,2026-07-27,1803.0
6381,2026-08-03,1890.0
6381,2026-08-10,1955.0
6381,2026-08-17,1951.0
6381,2026-08-24,1981.0
6412,2025-09-01,2127.22
6412,2025-09-08,2097.4
6412,2025-09-15,2096.44
6412,2025-09-22,2127.22
6412,2025-09-29,2045.93
6412,2025-10-06,1988.14
6412,2025-10-13,1988.14
6412,2025-10-20,2009.69
6412,2025-10-27,1962.68
6412,2025-11-03,1967.58
6412,2025-11-10,1951.91
6412,2025-11-17,1959.74
6412,2025-11-24,2008.71
6412,2025-12-01,1937.22
6412,2025-12-08,1935.26
6412,2025-12-15,1956.8
6412,2025-12-22,1999.9
6412,2025-12-29,1989.12
6412,2026-01-05,2027.32
6412,2026-01-12,2037.11
6412,2026-01-19,2021.44
6412,2026-01-26,1983.25
6412,2026-02-02,1980.31
6412,2026-02-09,1937.22
6412,2026-02-16,1951.91
6412,2026-02-23,1976.39
6412,2026-03-02,1944.07
6412,2026-03-09,1906.86
6412,2026-03-16,1881.39
6412,2026-03-23,1900.0
6412,2026-03-30,1922.0
6412,2026-04-06,1884.0
6412,2026-04-13,1898.0
6412,2026-04-20,1817.0
6412,2026-04-27,1805.0
6412,2026-05-04,1814.0
6412,2026-05-11,1900.0
6412,2026-05-18,1992.0
6412,2026-05-25,1942.0
6412,2026-06-01,2075.0
6412,2026-06-08,2088.0
6412,2026-06-15,2047.0
6412,2026-06-22,2002.0
6412,2026-06-29,1995.0
6412,2026-07-06,2023.0
6412,2026-07-13,2015.0
6412,2026-07-20,2043.0
6412,2026-07-27,2140.0
6412,2026-08-03,2121.0
6412,2026-08-10,2178.0
6412,2026-08-17,2230.0
6412,2026-08-24,2250.0
6463,2025-09-01,1166.75
6463,2025-09-08,1161.97
6463,2025-09-15,1170.57
6463,2025-09-22,1176.31
6463,2025-09-29,1172.4
6463,2025-10-06,1159.72
6463,2025-10-13,1156.8
6463,2025-10-20,1218.25
6463,2025-10-27,1184.11
6463,2025-11-03,1178.26
6463,2025-11-10,1209.47
6463,2025-11-17,1201.66
6463,2025-11-24,1254.34
6463,2025-12-01,1251.41
6463,2025-12-08,1262.14
6463,2025-12-15,1268.97
6463,2025-12-22,1261.16
6463,2025-12-29,1259.21
6463,2026-01-05,1314.81
6463,2026-01-12,1367.48
6463,2026-01-19,1351.87
6463,2026-01-26,1307.98
6463,2026-02-02,1355.77
6463,2026-02-09,1346.02
6463,2026-02-16,1340.17
6463,2026-02-23,1375.28
6463,2026-03-02,1253.36
6463,2026-03-09,1181.18
6463,2026-03-16,1171.43
6463,2026-03-23,1228.0
6463,2026-03-30,1281.0
6463,2026-04-06,1296.0
6463,2026-04-13,1273.0
6463,2026-04-20,1232.0
6463,2026-04-27,1226.0
6463,2026-05-04,1248.0
6463,2026-05-11,1319.0
6463,2026-05-18,1295.0
6463,2026-05-25,1399.0
6463,2026-06-01,1444.0
6463,2026-06-08,1412.0
6463,2026-06-15,1424.0
6463,2026-06-22,1402.0
6463,2026-06-29,1417.0
6463,2026-07-06,1405.0
6463,2026-07-13,1400.0
6463,2026-07-20,1413.0
6463,2026-07-27,1496.0
6463,2026-08-03,1480.0
6463,2026-08-10,1553.0
6463,2026-08-17,1560.0
6463,2026-08-24,1560.0
6523,2025-09-01,1068.67
6523,2025-09-08,980.25
6523,2025-09-15,962.96
6523,2025-09-22,968.72
6523,2025-09-29,932.41
6523,2025-10-06,1013.87
6523,2025-10-13,1020.74
6523,2025-10-20,1028.59
6523,2025-10-27,990.31
6523,2025-11-03,1008.96
6523,2025-11-10,949.09
6523,2025-11-17,971.67
6523,2025-11-24,1007.98
6523,2025-12-01,1048.22
6523,2025-12-08,1063.93
6523,2025-12-15,1098.28
6523,2025-12-22,1107.11
6523,2025-12-29,1091.41
6523,2026-01-05,1156.19
6523,2026-01-12,1157.17
6523,2026-01-19,1147.35
6523,2026-01-26,1063.93
6523,2026-02-02,1069.81
6523,2026-02-09,1001.11
6523,2026-02-16,1024.67
6523,2026-02-23,1079.63
6523,2026-03-02,1013.87
6523,2026-03-09,965.78
6523,2026-03-16,981.48
6523,2026-03-23,1113.0
6523,2026-03-30,1115.0
6523,2026-04-06,1076.0
6523,2026-04-13,1064.0
6523,2026-04-20,1000.0
6523,2026-04-27,1005.0
6523,2026-05-04,1007.0
6523,2026-05-11,963.0
6523,2026-05-18,1071.0
6523,2026-05-25,1105.0
6523,2026-06-01,1090.0
6523,2026-06-08,1070.0
6523,2026-06-15,1043.0
6523,2026-06-22,1012.0
6523,2026-06-29,1035.0
6523,2026-07-06,1051.0
6523,2026-07-13,1095.0
6523,2026-07-20,1079.0
6523,2026-07-27,1100.0
6523,2026-08-03,1311.0
6523,2026-08-10,1415.0
6523,2026-08-17,1473.0
6523,2026-08-24,1525.0
6676,2025-09-01,1750.79
6676,2025-09-08,1779.93
6676,2025-09-15,1719.22
6676,2025-09-22,1738.65
6676,2025-09-29,1748.52
6676,2025-10-06,1743.58
6676,2025-10-13,1731.24
6676,2025-10-20,1790.51
6676,2025-10-27,1713.95
6676,2025-11-03,1758.4
6676,2025-11-10,2422.74
6676,2025-11-17,2395.58
6676,2025-11-24,2489.42
6676,2025-12-01,2375.82
6676,2025-12-08,2338.77
6676,2025-12-15,2395.58
6676,2025-12-22,2422.74
6676,2025-12-29,2398.05
6676,2026-01-05,2479.54
6676,2026-01-12,2410.39
6676,2026-01-19,2331.36
6676,2026-01-26,2217.76
6676,2026-02-02,2291.85
6676,2026-02-09,2677.12
6676,2026-02-16,2479.54
6676,2026-02-23,2607.97
6676,2026-03-02,2430.15
6676,2026-03-09,2422.74
6676,2026-03-16,2437.56
6676,2026-03-23,2442.5
6676,2026-03-30,2421.0
6676,2026-04-06,2470.0
6676,2026-04-13,2536.0
6676,2026-04-20,2466.0
6676,2026-04-27,2417.0
6676,2026-05-04,2525.0
6676,2026-05-11,2541.0
6676,2026-05-18,2354.0
6676,2026-05-25,2324.0
6676,2026-06-01,2352.0
6676,2026-06-08,2541.0
6676,2026-06-15,2767.0
6676,2026-06-22,2422.0
6676,2026-06-29,2540.0
6676,2026-07-06,2643.0
6676,2026-07-13,2584.0
6676,2026-07-20,2712.0
6676,2026-07-27,2741.0
6676,2026-08-03,2894.0
6676,2026-08-10,2882.0
6676,2026-08-17,2942.0
6676,2026-08-24,2972.0
6737,2025-09-01,2173.2
6737,2025-09-08,2167.5
6737,2025-09-15,2130.4
6737,2025-09-22,2177.96
6737,2025-09-29,2070.77
6737,2025-10-06,2078.56
6737,2025-10-13,2124.36
6737,2025-10-20,2144.83
6737,2025-10-27,2134.11
6737,2025-11-03,2132.16
6737,2025-11-10,2106.82
6737,2025-11-17,2148.72
6737,2025-11-24,2192.58
6737,2025-12-01,2100.97
6737,2025-12-08,2143.85
6737,2025-12-15,2171.14
6737,2025-12-22,2181.86
6737,2025-12-29,2179.91
6737,2026-01-05,2214.99
6737,2026-01-12,2285.15
6737,2026-01-19,2308.54
6737,2026-01-26,2105.85
6737,2026-02-02,2131.18
6737,2026-02-09,2130.21
6737,2026-02-16,2205.24
6737,2026-02-23,2244.22
6737,2026-03-02,2162.37
6737,2026-03-09,2086.36
6737,2026-03-16,2090.26
6737,2026-03-23,2100.0
6737,2026-03-30,2126.0
6737,2026-04-06,2125.0
6737,2026-04-13,2154.0
6737,2026-04-20,2068.0
6737,2026-04-27,2056.0
6737,2026-05-04,2203.0
6737,2026-05-11,2378.0
6737,2026-05-18,2557.0
6737,2026-05-25,2636.0
6737,2026-06-01,2635.0
6737,2026-06-08,2496.0
6737,2026-06-15,2489.0
6737,2026-06-22,2342.0
6737,2026-06-29,2520.0
6737,2026-07-06,2677.0
6737,2026-07-13,2610.0
6737,2026-07-20,2775.0
6737,2026-07-27,2896.0
6737,2026-08-03,2969.0
6737,2026-08-10,3000.0
6737,2026-08-17,3005.0
6737,2026-08-24,3060.0
6750,2025-09-01,1786.74
6750,2025-09-08,1805.13
6750,2025-09-15,1835.13
6750,2025-09-22,1849.65
6750,2025-09-29,1802.55
6750,2025-10-06,1771.15
6750,2025-10-13,1765.26
6750,2025-10-20,1846.71
6750,2025-10-27,1770.17
6750,2025-11-03,1779.0
6750,2025-11-10,1752.51
6750,2025-11-17,1761.34
6750,2025-11-24,1755.45
6750,2025-12-01,1707.37
6750,2025-12-08,1728.96
6750,2025-12-15,1746.62
6750,2025-12-22,1707.37
6750,2025-12-29,1689.71
6750,2026-01-05,1654.38
6750,2026-01-12,1675.97
6750,2026-01-19,1664.19
6750,2026-01-26,1615.13
6750,2026-02-02,1623.96
6750,2026-02-09,1629.85
6750,2026-02-16,1750.54
6750,2026-02-23,1760.36
6750,2026-03-02,1715.22
6750,2026-03-09,1663.21
6750,2026-03-16,1615.13
6750,2026-03-23,1622.0
6750,2026-03-30,1635.0
6750,2026-04-06,1633.0
6750,2026-04-13,1647.0
6750,2026-04-20,1600.0
6750,2026-04-27,1605.0
6750,2026-05-04,1626.0
6750,2026-05-11,1606.0
6750,2026-05-18,1665.0
6750,2026-05-25,1696.0
6750,2026-06-01,1740.0
6750,2026-06-08,1750.0
6750,2026-06-15,1749.0
6750,2026-06-22,1800.0
6750,2026-06-29,1804.0
6750,2026-07-06,1819.0
6750,2026-07-13,1785.0
6750,2026-07-20,1835.0
6750,2026-07-27,1861.0
6750,2026-08-03,1848.0
6750,2026-08-10,1928.0
6750,2026-08-17,1938.0
6750,2026-08-24,1940.0
6820,2025-09-01,2849.46
6820,2025-09-08,2963.52
6820,2025-09-15,2919.65
6820,2025-09-22,2968.39
6820,2025-09-29,3027.37
6820,2025-10-06,2992.97
6820,2025-10-13,2973.31
6820,2025-10-20,2963.48
6820,2025-10-27,3086.34
6820,2025-11-03,3169.89
6820,2025-11-10,2761.0
6820,2025-11-17,2709.89
6820,2025-11-24,2762.97
6820,2025-12-01,2730.53
6820,2025-12-08,2799.33
6820,2025-12-15,2786.55
6820,2025-12-22,2818.01
6820,2025-12-29,2862.24
6820,2026-01-05,2932.03
6820,2026-01-12,3056.86
6820,2026-01-19,3007.71
6820,2026-01-26,2935.96
6820,2026-02-02,2928.09
6820,2026-02-09,3007.71
6820,2026-02-16,3091.26
6820,2026-02-23,3135.49
6820,2026-03-02,3042.11
6820,2026-03-09,2978.22
6820,2026-03-16,2958.56
6820,2026-03-23,2876.0
6820,2026-03-30,3050.0
6820,2026-04-06,3040.0
6820,2026-04-13,3250.0
6820,2026-04-20,3145.0
6820,2026-04-27,3035.0
6820,2026-05-04,3050.0
6820,2026-05-11,2980.0
6820,2026-05-18,3020.0
6820,2026-05-25,3115.0
6820,2026-06-01,3010.0
6820,2026-06-08,2993.0
6820,2026-06-15,2945.0
6820,2026-06-22,3060.0
6820,2026-06-29,3240.0
6820,2026-07-06,3320.0
6820,2026-07-13,3260.0
6820,2026-07-20,3300.0
6820,2026-07-27,3285.0
6820,2026-08-03,3340.0
6820,2026-08-10,3500.0
6820,2026-08-17,3530.0
6820,2026-08-24,3685.0
6869,2025-09-01,1905.98
6869,2025-09-08,1845.95
6869,2025-09-15,1819.59
6869,2025-09-22,1781.03
6869,2025-09-29,1759.82
6869,2025-10-06,1857.48
6869,2025-10-13,1779.06
6869,2025-10-20,1775.61
6869,2025-10-27,1703.6
6869,2025-11-03,1615.31
6869,2025-11-10,1543.79
6869,2025-11-17,1537.38
6869,2025-11-24,1465.86
6869,2025-12-01,1438.73
6869,2025-12-08,1443.67
6869,2025-12-15,1540.34
6869,2025-12-22,1524.06
6869,2025-12-29,1521.6
6869,2026-01-05,1555.63
6869,2026-01-12,1548.23
6869,2026-01-19,1543.3
6869,2026-01-26,1447.12
6869,2026-02-02,1474.25
6869,2026-02-09,1283.37
6869,2026-02-16,1320.36
6869,2026-02-23,1452.05
6869,2026-03-02,1520.12
6869,2026-03-09,1384.48
6869,2026-03-16,1366.23
6869,2026-03-23,1383.0
6869,2026-03-30,1430.0
6869,2026-04-06,1388.0
6869,2026-04-13,1437.0
6869,2026-04-20,1396.0
6869,2026-04-27,1331.5
6869,2026-05-04,1350.0
6869,2026-05-11,1335.0
6869,2026-05-18,1409.0
6869,2026-05-25,1397.0
6869,2026-06-01,1493.5
6869,2026-06-08,1405.5
6869,2026-06-15,1364.0
6869,2026-06-22,1464.0
6869,2026-06-29,1528.5
6869,2026-07-06,1531.0
6869,2026-07-13,1628.0
6869,2026-07-20,1530.0
6869,2026-07-27,1599.0
6869,2026-08-03,1651.5
6869,2026-08-10,1918.5
6869,2026-08-17,1976.5
6869,2026-08-24,1940.0
6942,2025-09-01,1247.0
6942,2025-09-08,1256.0
6942,2025-09-15,1277.0
6942,2025-09-22,1290.0
6942,2025-09-29,1150.0
6942,2025-10-06,1193.0
6942,2025-10-13,1200.0
6942,2025-10-20,1200.0
6942,2025-10-27,1198.0
6942,2025-11-03,1204.0
6942,2025-11-10,1200.0
6942,2025-11-17,1199.0
6942,2025-11-24,1207.0
6942,2025-12-01,1200.0
6942,2025-12-08,1197.0
6942,2025-12-15,1200.0
6942,2025-12-22,1204.0
6942,2025-12-29,1206.0
6942,2026-01-05,1210.0
6942,2026-01-12,1210.0
6942,2026-01-19,1229.0
6942,2026-01-26,1255.0
6942,2026-02-02,1270.0
6942,2026-02-09,1283.0
6942,2026-02-16,1284.0
6942,2026-02-23,1316.0
6942,2026-03-02,1365.0
6942,2026-03-09,1356.0
6942,2026-03-16,1365.0
6942,2026-03-23,1371.0
6942,2026-03-30,1254.0
6942,2026-04-06,1289.0
6942,2026-04-13,1270.0
6942,2026-04-20,1280.0
6942,2026-04-27,1280.0
6942,2026-05-04,1290.0
6942,2026-05-11,1296.0
6942,2026-05-18,1316.0
6942,2026-05-25,1307.0
6942,2026-06-01,1304.0
6942,2026-06-08,1310.0
6942,2026-06-15,1310.0
6942,2026-06-22,1316.0
6942,2026-06-29,1348.0
6942,2026-07-06,1350.0
6942,2026-07-13,1352.0
6942,2026-07-20,1369.0
6942,2026-07-27,1375.0
6942,2026-08-03,1380.0
6942,2026-08-10,1370.0
6942,2026-08-17,1383.0
6942,2026-08-24,1398.0
6943,2025-09-01,4389.08
6943,2025-09-08,4515.88
6943,2025-09-15,4452.48
6943,2025-09-22,4584.15
6943,2025-09-29,4495.62
6943,2025-10-06,4564.48
6943,2025-10-13,4426.75
6943,2025-10-20,4525.13
6943,2025-10-27,4534.96
6943,2025-11-03,4431.67
6943,2025-11-10,4426.75
6943,2025-11-17,4461.19
6943,2025-11-24,4554.64
6943,2025-12-01,4515.29
6943,2025-12-08,4426.75
6943,2025-12-15,4387.41
6943,2025-12-22,4382.49
6943,2025-12-29,4525.13
6943,2026-01-05,4539.88
6943,2026-01-12,4712.03
6943,2026-01-19,4608.74
6943,2026-01-26,4608.74
6943,2026-02-02,4662.85
6943,2026-02-09,5016.99
6943,2026-02-16,5016.99
6943,2026-02-23,5115.36
6943,2026-03-02,4820.24
6943,2026-03-09,4844.84
6943,2026-03-16,4830.08
6943,2026-03-23,4835.0
6943,2026-03-30,4870.0
6943,2026-04-06,4910.0
6943,2026-04-13,4980.0
6943,2026-04-20,4870.0
6943,2026-04-27,4860.0
6943,2026-05-04,4940.0
6943,2026-05-11,4890.0
6943,2026-05-18,4870.0
6943,2026-05-25,5010.0
6943,2026-06-01,4865.0
6943,2026-06-08,4865.0
6943,2026-06-15,4930.0
6943,2026-06-22,4945.0
6943,2026-06-29,4980.0
6943,2026-07-06,4990.0
6943,2026-07-13,4990.0
6943,2026-07-20,4995.0
6943,2026-07-27,4980.0
6943,2026-08-03,5540.0
6943,2026-08-10,5450.0
6943,2026-08-17,5480.0
6943,2026-08-24,5600.0
7177,2025-09-01,929.77
7177,2025-09-08,945.86
7177,2025-09-15,923.14
7177,2025-09-22,928.82
7177,2025-09-29,891.2
7177,2025-10-06,879.67
7177,2025-10-13,892.16
7177,2025-10-20,881.59
7177,2025-10-27,865.24
7177,2025-11-03,872.94
7177,2025-11-10,892.16
7177,2025-11-17,895.05
7177,2025-11-24,889.28
7177,2025-12-01,867.17
7177,2025-12-08,873.9
7177,2025-12-15,846.02
7177,2025-12-22,861.4
7177,2025-12-29,848.28
7177,2026-01-05,849.25
7177,2026-01-12,861.86
7177,2026-01-19,856.04
7177,2026-01-26,862.84
7177,2026-02-02,852.16
7177,2026-02-09,849.25
7177,2026-02-16,884.19
7177,2026-02-23,925.92
7177,2026-03-02,901.66
7177,2026-03-09,877.39
7177,2026-03-16,890.98
7177,2026-03-23,885.16
7177,2026-03-30,914.41
7177,2026-04-06,915.4
7177,2026-04-13,993.24
7177,2026-04-20,1036.6
7177,2026-04-27,1030.69
7177,2026-05-04,1079.95
7177,2026-05-11,1011.96
7177,2026-05-18,1140.06
7177,2026-05-25,1134.15
7177,2026-06-01,1025.76
7177,2026-06-08,989.3
7177,2026-06-15,951.86
7177,2026-06-22,972.55
7177,2026-06-29,1029.0
7177,2026-07-06,1067.0
7177,2026-07-13,1042.0
7177,2026-07-20,1043.0
7177,2026-07-27,1088.0
7177,2026-08-03,1088.0
7177,2026-08-10,1102.0
7177,2026-08-17,1126.0
7177,2026-08-24,1172.0
7213,2025-09-01,442.7
7213,2025-09-08,441.75
7213,2025-09-15,438.9
7213,2025-09-22,436.05
7213,2025-09-29,431.3
7213,2025-10-06,423.7
7213,2025-10-13,419.9
7213,2025-10-20,418.95
7213,2025-10-27,418.95
7213,2025-11-03,419.9
7213,2025-11-10,423.7
7213,2025-11-17,419.9
7213,2025-11-24,421.8
7213,2025-12-01,419.9
7213,2025-12-08,418.95
7213,2025-12-15,417.05
7213,2025-12-22,412.3
7213,2025-12-29,417.05
7213,2026-01-05,425.6
7213,2026-01-12,427.5
7213,2026-01-19,427.5
7213,2026-01-26,427.5
7213,2026-02-02,430.35
7213,2026-02-09,444.6
7213,2026-02-16,454.1
7213,2026-02-23,456.0
7213,2026-03-02,454.1
7213,2026-03-09,452.2
7213,2026-03-16,451.25
7213,2026-03-23,456.0
7213,2026-03-30,467.0
7213,2026-04-06,464.0
7213,2026-04-13,471.0
7213,2026-04-20,473.0
7213,2026-04-27,502.0
7213,2026-05-04,490.0
7213,2026-05-11,535.0
7213,2026-05-18,580.0
7213,2026-05-25,584.0
7213,2026-06-01,574.0
7213,2026-06-08,567.0
7213,2026-06-15,586.0
7213,2026-06-22,583.0
7213,2026-06-29,612.0
7213,2026-07-06,624.0
7213,2026-07-13,617.0
7213,2026-07-20,614.0
7213,2026-07-27,618.0
7213,2026-08-03,637.0
7213,2026-08-10,670.0
7213,2026-08-17,664.0
7213,2026-08-24,677.0
7239,2025-09-01,1946.78
7239,2025-09-08,1922.08
7239,2025-09-15,1911.63
7239,2025-09-22,1938.23
7239,2025-09-29,1880.62
7239,2025-10-06,1882.57
7239,2025-10-13,1920.59
7239,2025-10-20,1959.58
7239,2025-10-27,1910.84
7239,2025-11-03,1930.34
7239,2025-11-10,1974.21
7239,2025-11-17,1958.61
7239,2025-11-24,1982.98
7239,2025-12-01,1935.21
7239,2025-12-08,1986.88
7239,2025-12-15,2018.08
7239,2025-12-22,2034.65
7239,2025-12-29,2030.75
7239,2026-01-05,2062.93
7239,2026-01-12,2107.77
7239,2026-01-19,2105.82
7239,2026-01-26,2051.23
7239,2026-02-02,2158.47
7239,2026-02-09,2208.19
7239,2026-02-16,2229.64
7239,2026-02-23,2290.08
7239,2026-03-02,2144.82
7239,2026-03-09,2054.15
7239,2026-03-16,2027.83
7239,2026-03-23,2063.9
7239,2026-03-30,2078.0
7239,2026-04-06,2098.0
7239,2026-04-13,2115.0
7239,2026-04-20,2066.0
7239,2026-04-27,2051.0
7239,2026-05-04,2090.0
7239,2026-05-11,2172.0
7239,2026-05-18,2180.0
7239,2026-05-25,2272.0
7239,2026-06-01,2200.0
7239,2026-06-08,2145.0
7239,2026-06-15,2189.0
7239,2026-06-22,2150.0
7239,2026-06-29,2151.0
7239,2026-07-06,2146.0
7239,2026-07-13,2146.0
7239,2026-07-20,2169.0
7239,2026-07-27,2262.0
7239,2026-08-03,2284.0
7239,2026-08-10,2309.0
7239,2026-08-17,2338.0
7239,2026-08-24,2364.0
7357,2025-09-01,1141.99
7357,2025-09-08,1180.68
7357,2025-09-15,1211.44
7357,2025-09-22,1292.8
7357,2025-09-29,1233.27
7357,2025-10-06,1250.13
7357,2025-10-13,1233.27
7357,2025-10-20,1317.6
7357,2025-10-27,1283.87
7357,2025-11-03,1275.93
7357,2025-11-10,1292.8
7357,2025-11-17,1310.65
7357,2025-11-24,1348.36
7357,2025-12-01,1334.47
7357,2025-12-08,1339.43
7357,2025-12-15,1339.43
7357,2025-12-22,1319.58
7357,2025-12-29,1416.82
7357,2026-01-05,1457.5
7357,2026-01-12,1518.02
7357,2026-01-19,1575.56
7357,2026-01-26,1602.35
7357,2026-02-02,1677.76
7357,2026-02-09,1622.2
7357,2026-02-16,1591.44
7357,2026-02-23,1512.0
7357,2026-03-02,1438.0
7357,2026-03-09,1461.0
7357,2026-03-16,1464.0
7357,2026-03-23,1476.0
7357,2026-03-30,1510.0
7357,2026-04-06,1581.0
7357,2026-04-13,1618.0
7357,2026-04-20,1582.0
7357,2026-04-27,1508.0
7357,2026-05-04,1537.0
7357,2026-05-11,1534.0
7357,2026-05-18,1535.0
7357,2026-05-25,1485.0
7357,2026-06-01,1514.0
7357,2026-06-08,1530.0
7357,2026-06-15,1587.0
7357,2026-06-22,1601.0
7357,2026-06-29,1648.0
7357,2026-07-06,1674.0
7357,2026-07-13,1687.0
7357,2026-07-20,1705.0
7357,2026-07-27,1669.0
7357,2026-08-03,1672.0
7357,2026-08-10,1715.0
7357,2026-08-17,1805.0
7357,2026-08-24,1946.0
7366,2025-09-01,1293.38
7366,2025-09-08,1416.27
7366,2025-09-15,1369.69
7366,2025-09-22,1387.53
7366,2025-09-29,1285.45
7366,2025-10-06,1268.6
7366,2025-10-13,1225.98
7366,2025-10-20,1235.89
7366,2025-10-27,1223.01
7366,2025-11-03,1184.36
7366,2025-11-10,1229.95
7366,2025-11-17,1241.84
7366,2025-11-24,1273.55
7366,2025-12-01,1261.66
7366,2025-12-08,1216.07
7366,2025-12-15,1301.31
7366,2025-12-22,1280.49
7366,2025-12-29,1282.47
7366,2026-01-05,1282.47
7366,2026-01-12,1286.44
7366,2026-01-19,1300.31
7366,2026-01-26,1178.41
7366,2026-02-02,1262.65
7366,2026-02-09,1274.55
7366,2026-02-16,1331.04
7366,2026-02-23,1333.02
7366,2026-03-02,1344.91
7366,2026-03-09,1275.54
7366,2026-03-16,1270.58
7366,2026-03-23,1224.0
7366,2026-03-30,1229.0
7366,2026-04-06,1240.0
7366,2026-04-13,1263.0
7366,2026-04-20,1209.0
7366,2026-04-27,1187.0
7366,2026-05-04,1179.0
7366,2026-05-11,1532.0
7366,2026-05-18,1619.0
7366,2026-05-25,1591.0
7366,2026-06-01,1507.0
7366,2026-06-08,1580.0
7366,2026-06-15,1602.0
7366,2026-06-22,1512.0
7366,2026-06-29,1668.0
7366,2026-07-06,1645.0
7366,2026-07-13,1620.0
7366,2026-07-20,1593.0
7366,2026-07-27,1591.0
7366,2026-08-03,1774.0
7366,2026-08-10,1791.0
7366,2026-08-17,1833.0
7366,2026-08-24,1941.0
7482,2025-09-01,1245.57
7482,2025-09-08,1246.53
7482,2025-09-15,1244.61
7482,2025-09-22,1257.06
7482,2025-09-29,1245.33
7482,2025-10-06,1238.49
7482,2025-10-13,1269.77
7482,2025-10-20,1288.34
7482,2025-10-27,1260.97
7482,2025-11-03,1256.08
7482,2025-11-10,1280.52
7482,2025-11-17,1295.18
7482,2025-11-24,1295.18
7482,2025-12-01,1274.66
7482,2025-12-08,1314.73
7482,2025-12-15,1322.55
7482,2025-12-22,1333.31
7482,2025-12-29,1325.49
7482,2026-01-05,1362.63
7482,2026-01-12,1383.16
7482,2026-01-19,1372.41
7482,2026-01-26,1352.86
7482,2026-02-02,1383.16
7482,2026-02-09,1422.26
7482,2026-02-16,1414.44
7482,2026-02-23,1461.36
7482,2026-03-02,1382.18
7482,2026-03-09,1371.43
7482,2026-03-16,1368.5
7482,2026-03-23,1390.0
7482,2026-03-30,1394.0
7482,2026-04-06,1395.0
7482,2026-04-13,1354.0
7482,2026-04-20,1302.0
7482,2026-04-27,1296.0
7482,2026-05-04,1293.0
7482,2026-05-11,1335.0
7482,2026-05-18,1298.0
7482,2026-05-25,1292.0
7482,2026-06-01,1291.0
7482,2026-06-08,1303.0
7482,2026-06-15,1369.0
7482,2026-06-22,1336.0
7482,2026-06-29,1342.0
7482,2026-07-06,1376.0
7482,2026-07-13,1377.0
7482,2026-07-20,1379.0
7482,2026-07-27,1377.0
7482,2026-08-03,1392.0
7482,2026-08-10,1466.0
7482,2026-08-17,1498.0
7482,2026-08-24,1530.0
7550,2025-09-01,9251.02
7550,2025-09-08,9519.96
7550,2025-09-15,9780.96
7550,2025-09-22,10033.02
7550,2025-09-29,9932.44
7550,2025-10-06,10057.92
7550,2025-10-13,10102.73
7550,2025-10-20,9871.7
7550,2025-10-27,9564.98
7550,2025-11-03,9281.17
7550,2025-11-10,8932.62
7550,2025-11-17,8789.22
7550,2025-11-24,9366.81
7550,2025-12-01,9155.69
7550,2025-12-08,9298.1
7550,2025-12-15,9139.76
7550,2025-12-22,8970.47
7550,2025-12-29,8937.6
7550,2026-01-05,8711.55
7550,2026-01-12,8544.25
7550,2026-01-19,8509.4
7550,2026-01-26,8342.1
7550,2026-02-02,8973.45
7550,2026-02-09,9664.56
7550,2026-02-16,9820.91
7550,2026-02-23,9887.63
7550,2026-03-02,9790.04
7550,2026-03-09,9519.17
7550,2026-03-16,9225.4
7550,2026-03-23,9560.0
7550,2026-03-30,9537.0
7550,2026-04-06,8801.0
7550,2026-04-13,8509.0
7550,2026-04-20,8036.0
7550,2026-04-27,8680.0
7550,2026-05-04,8802.0
7550,2026-05-11,7750.0
7550,2026-05-18,7842.0
7550,2026-05-25,8052.0
7550,2026-06-01,7536.0
7550,2026-06-08,7927.0
7550,2026-06-15,7621.0
7550,2026-06-22,7931.0
7550,2026-06-29,8232.0
7550,2026-07-06,8793.0
7550,2026-07-13,9303.0
7550,2026-07-20,9127.0
7550,2026-07-27,9974.0
7550,2026-08-03,10475.0
7550,2026-08-10,11350.0
7550,2026-08-17,11480.0
7550,2026-08-24,11805.0
7552,2025-09-01,3272.95
7552,2025-09-08,3137.39
7552,2025-09-15,3001.82
7552,2025-09-22,3447.25
7552,2025-09-29,3279.63
7552,2025-10-06,3245.62
7552,2025-10-13,3138.72
7552,2025-10-20,3172.74
7552,2025-10-27,3056.13
7552,2025-11-03,3095.0
7552,2025-11-10,3041.55
7552,2025-11-17,3031.83
7552,2025-11-24,3153.3
7552,2025-12-01,2939.52
7552,2025-12-08,2915.22
7552,2025-12-15,2813.19
7552,2025-12-22,2847.2
7552,2025-12-29,2861.78
7552,2026-01-05,2821.94
7552,2026-01-12,2856.92
7552,2026-01-19,2834.57
7552,2026-01-26,2685.89
7552,2026-02-02,2637.31
7552,2026-02-09,2635.36
7552,2026-02-16,2798.62
7552,2026-02-23,3095.0
7552,2026-03-02,3080.42
7552,2026-03-09,2905.51
7552,2026-03-16,2766.55
7552,2026-03-23,2751.0
7552,2026-03-30,2718.0
7552,2026-04-06,2747.0
7552,2026-04-13,2798.0
7552,2026-04-20,2685.0
7552,2026-04-27,2670.0
7552,2026-05-04,2631.0
7552,2026-05-11,2647.0
7552,2026-05-18,2710.0
7552,2026-05-25,2775.0
7552,2026-06-01,2748.0
7552,2026-06-08,2711.0
7552,2026-06-15,2744.0
7552,2026-06-22,2903.0
7552,2026-06-29,2990.0
7552,2026-07-06,3110.0
7552,2026-07-13,3105.0
7552,2026-07-20,3040.0
7552,2026-07-27,3315.0
7552,2026-08-03,3390.0
7552,2026-08-10,3480.0
7552,2026-08-17,3695.0
7552,2026-08-24,3755.0
7624,2025-09-01,134.17
7624,2025-09-08,137.08
7624,2025-09-15,137.08
7624,2025-09-22,137.08
7624,2025-09-29,134.17
7624,2025-10-06,134.17
7624,2025-10-13,133.19
7624,2025-10-20,136.11
7624,2025-10-27,133.19
7624,2025-11-03,135.14
7624,2025-11-10,136.11
7624,2025-11-17,133.19
7624,2025-11-24,136.11
7624,2025-12-01,135.14
7624,2025-12-08,135.14
7624,2025-12-15,137.08
7624,2025-12-22,131.25
7624,2025-12-29,129.31
7624,2026-01-05,138.06
7624,2026-01-12,138.06
7624,2026-01-19,140.0
7624,2026-01-26,135.14
7624,2026-02-02,137.08
7624,2026-02-09,140.0
7624,2026-02-16,140.0
7624,2026-02-23,144.0
7624,2026-03-02,139.0
7624,2026-03-09,136.0
7624,2026-03-16,136.0
7624,2026-03-23,134.0
7624,2026-03-30,133.0
7624,2026-04-06,133.0
7624,2026-04-13,133.0
7624,2026-04-20,133.0
7624,2026-04-27,134.0
7624,2026-05-04,134.0
7624,2026-05-11,134.0
7624,2026-05-18,133.0
7624,2026-05-25,135.0
7624,2026-06-01,134.0
7624,2026-06-08,132.0
7624,2026-06-15,136.0
7624,2026-06-22,138.0
7624,2026-06-29,142.0
7624,2026-07-06,141.0
7624,2026-07-13,140.0
7624,2026-07-20,139.0
7624,2026-07-27,139.0
7624,2026-08-03,140.0
7624,2026-08-10,145.0
7624,2026-08-17,152.0
7624,2026-08-24,155.0
7752,2025-09-01,1322.26
7752,2025-09-08,1347.01
7752,2025-09-15,1290.22
7752,2025-09-22,1313.03
7752,2025-09-29,1281.99
7752,2025-10-06,1329.29
7752,2025-10-13,1308.6
7752,2025-10-20,1340.13
7752,2025-10-27,1304.66
7752,2025-11-03,1308.11
7752,2025-11-10,1359.84
7752,2025-11-17,1364.27
7752,2025-11-24,1380.53
7752,2025-12-01,1343.58
7752,2025-12-08,1363.78
7752,2025-12-15,1345.06
7752,2025-12-22,1346.54
7752,2025-12-29,1353.93
7752,2026-01-05,1397.78
7752,2026-01-12,1460.35
7752,2026-01-19,1381.52
7752,2026-01-26,1342.1
7752,2026-02-02,1480.55
7752,2026-02-09,1442.61
7752,2026-02-16,1427.83
7752,2026-02-23,1448.52
7752,2026-03-02,1353.43
7752,2026-03-09,1327.81
7752,2026-03-16,1338.65
7752,2026-03-23,1349.0
7752,2026-03-30,1355.0
7752,2026-04-06,1342.0
7752,2026-04-13,1406.0
7752,2026-04-20,1297.0
7752,2026-04-27,1300.5
7752,2026-05-04,1342.0
7752,2026-05-11,1421.5
7752,2026-05-18,1457.0
7752,2026-05-25,1458.5
7752,2026-06-01,1512.0
7752,2026-06-08,1438.0
7752,2026-06-15,1477.0
7752,2026-06-22,1414.0
7752,2026-06-29,1441.5
7752,2026-07-06,1497.0
7752,2026-07-13,1501.0
7752,2026-07-20,1556.5
7752,2026-07-27,1579.5
7752,2026-08-03,1616.0
7752,2026-08-10,1678.0
7752,2026-08-17,1642.0
7752,2026-08-24,1690.0
7806,2025-09-01,4293.68
7806,2025-09-08,4512.59
7806,2025-09-15,5054.9
7806,2025-09-22,5035.0
7806,2025-09-29,4365.0
7806,2025-10-06,4165.0
7806,2025-10-13,3880.0
7806,2025-10-20,3905.0
7806,2025-10-27,3720.0
7806,2025-11-03,3730.0
7806,2025-11-10,4920.0
7806,2025-11-17,4430.0
7806,2025-11-24,4535.0
7806,2025-12-01,4935.0
7806,2025-12-08,4765.0
7806,2025-12-15,4765.0
7806,2025-12-22,4775.0
7806,2025-12-29,4730.0
7806,2026-01-05,4745.0
7806,2026-01-12,4390.0
7806,2026-01-19,4340.0
7806,2026-01-26,4235.0
7806,2026-02-02,4175.0
7806,2026-02-09,5380.0
7806,2026-02-16,5270.0
7806,2026-02-23,5750.0
7806,2026-03-02,5800.0
7806,2026-03-09,6270.0
7806,2026-03-16,6160.0
7806,2026-03-23,6470.0
7806,2026-03-30,6380.0
7806,2026-04-06,6070.0
7806,2026-04-13,6600.0
7806,2026-04-20,6270.0
7806,2026-04-27,6100.0
7806,2026-05-04,6290.0
7806,2026-05-11,6710.0
7806,2026-05-18,6220.0
7806,2026-05-25,7500.0
7806,2026-06-01,6800.0
7806,2026-06-08,7060.0
7806,2026-06-15,7650.0
7806,2026-06-22,7260.0
7806,2026-06-29,8100.0
7806,2026-07-06,7550.0
7806,2026-07-13,7460.0
7806,2026-07-20,7670.0
7806,2026-07-27,7610.0
7806,2026-08-03,8170.0
7806,2026-08-10,8130.0
7806,2026-08-17,8680.0
7806,2026-08-24,9090.0
7832,2025-09-01,4917.76
7832,2025-09-08,4932.5
7832,2025-09-15,4759.5
7832,2025-09-22,4846.99
7832,2025-09-29,4773.91
7832,2025-10-06,4761.07
7832,2025-10-13,4604.04
7832,2025-10-20,4747.24
7832,2025-10-27,4742.3
7832,2025-11-03,4503.31
7832,2025-11-10,4549.73
7832,2025-11-17,4487.51
7832,2025-11-24,4520.1
7832,2025-12-01,4268.27
7832,2025-12-08,4228.77
7832,2025-12-15,4164.58
7832,2025-12-22,4173.46
7832,2025-12-29,4120.14
7832,2026-01-05,4156.68
7832,2026-01-12,4120.14
7832,2026-01-19,4055.94
7832,2026-01-26,3960.15
7832,2026-02-02,4142.85
7832,2026-02-09,3960.15
7832,2026-02-16,3979.9
7832,2026-02-23,4191.24
7832,2026-03-02,4074.71
7832,2026-03-09,4210.99
7832,2026-03-16,4125.07
7832,2026-03-23,3972.0
7832,2026-03-30,3977.0
7832,2026-04-06,3854.0
7832,2026-04-13,3935.0
7832,2026-04-20,3744.0
7832,2026-04-27,3608.0
7832,2026-05-04,3637.0
7832,2026-05-11,3709.0
7832,2026-05-18,3704.0
7832,2026-05-25,3641.0
7832,2026-06-01,3751.0
7832,2026-06-08,3666.0
7832,2026-06-15,3591.0
7832,2026-06-22,3698.0
7832,2026-06-29,3916.0
7832,2026-07-06,4017.0
7832,2026-07-13,4189.0
7832,2026-07-20,4111.0
7832,2026-07-27,4609.0
7832,2026-08-03,5398.0
7832,2026-08-10,5435.0
7832,2026-08-17,5484.0
7832,2026-08-24,5658.0
7846,2025-09-01,1481.44
7846,2025-09-08,1517.55
7846,2025-09-15,1593.34
7846,2025-09-22,1565.69
7846,2025-09-29,1522.1
7846,2025-10-06,1529.26
7846,2025-10-13,1524.7
7846,2025-10-20,1521.12
7846,2025-10-27,1515.92
7846,2025-11-03,1518.85
7846,2025-11-10,1550.73
7846,2025-11-17,1545.2
7846,2025-11-24,1594.97
7846,2025-12-01,1532.18
7846,2025-12-08,1558.21
7846,2025-12-15,1572.52
7846,2025-12-22,1626.52
7846,2025-12-29,1604.46
7846,2026-01-05,1586.68
7846,2026-01-12,1614.01
7846,2026-01-19,1631.46
7846,2026-01-26,1598.87
7846,2026-02-02,1643.31
7846,2026-02-09,1633.11
7846,2026-02-16,1595.24
7846,2026-02-23,1606.77
7846,2026-03-02,1504.7
7846,2026-03-09,1493.83
7846,2026-03-16,1520.17
7846,2026-03-23,1571.21
7846,2026-03-30,1602.49
7846,2026-04-06,1627.84
7846,2026-04-13,1586.35
7846,2026-04-20,1579.44
7846,2026-04-27,1580.43
7846,2026-05-04,1563.96
7846,2026-05-11,1535.65
7846,2026-05-18,1629.16
7846,2026-05-25,1638.38
7846,2026-06-01,1605.12
7846,2026-06-08,1626.85
7846,2026-06-15,1625.21
7846,2026-06-22,1695.67
7846,2026-06-29,1724.5
7846,2026-07-06,1768.0
7846,2026-07-13,1803.0
7846,2026-07-20,1778.0
7846,2026-07-27,1813.5
7846,2026-08-03,2004.5
7846,2026-08-10,1983.0
7846,2026-08-17,1991.5
7846,2026-08-24,2036.0
7847,2025-09-01,639.45
7847,2025-09-08,628.69
7847,2025-09-15,617.93
7847,2025-09-22,615.98
7847,2025-09-29,615.98
7847,2025-10-06,613.05
7847,2025-10-13,613.05
7847,2025-10-20,606.2
7847,2025-10-27,599.36
7847,2025-11-03,599.36
7847,2025-11-10,599.36
7847,2025-11-17,600.34
7847,2025-11-24,605.22
7847,2025-12-01,611.09
7847,2025-12-08,608.16
7847,2025-12-15,610.11
7847,2025-12-22,611.09
7847,2025-12-29,621.85
7847,2026-01-05,630.65
7847,2026-01-12,644.33
7847,2026-01-19,655.09
7847,2026-01-26,659.0
7847,2026-02-02,649.22
7847,2026-02-09,665.84
7847,2026-02-16,661.93
7847,2026-02-23,653.0
7847,2026-03-02,649.0
7847,2026-03-09,635.0
7847,2026-03-16,635.0
7847,2026-03-23,622.0
7847,2026-03-30,618.0
7847,2026-04-06,615.0
7847,2026-04-13,647.0
7847,2026-04-20,639.0
7847,2026-04-27,618.0
7847,2026-05-04,610.0
7847,2026-05-11,633.0
7847,2026-05-18,622.0
7847,2026-05-25,626.0
7847,2026-06-01,615.0
7847,2026-06-08,621.0
7847,2026-06-15,602.0
7847,2026-06-22,612.0
7847,2026-06-29,607.0
7847,2026-07-06,609.0
7847,2026-07-13,636.0
7847,2026-07-20,635.0
7847,2026-07-27,659.0
7847,2026-08-03,665.0
7847,2026-08-10,662.0
7847,2026-08-17,667.0
7847,2026-08-24,686.0
7867,2025-09-01,3249.34
7867,2025-09-08,3159.3
7867,2025-09-15,3059.47
7867,2025-09-22,3183.76
7867,2025-09-29,3120.5
7867,2025-10-06,3272.72
7867,2025-10-13,3119.51
7867,2025-10-20,3114.57
7867,2025-10-27,3139.28
7867,2025-11-03,3177.83
7867,2025-11-10,2957.41
7867,2025-11-17,2887.23
7867,2025-11-24,2860.54
7867,2025-12-01,2739.46
7867,2025-12-08,2701.9
7867,2025-12-15,2688.55
7867,2025-12-22,2718.21
7867,2025-12-29,2725.62
7867,2026-01-05,2841.76
7867,2026-01-12,2843.25
7867,2026-01-19,2814.09
7867,2026-01-26,2693.5
7867,2026-02-02,2698.44
7867,2026-02-09,2762.69
7867,2026-02-16,2691.03
7867,2026-02-23,2840.77
7867,2026-03-02,2751.82
7867,2026-03-09,2767.63
7867,2026-03-16,2722.16
7867,2026-03-23,2736.0
7867,2026-03-30,2750.5
7867,2026-04-06,2708.0
7867,2026-04-13,2753.5
7867,2026-04-20,2610.0
7867,2026-04-27,2532.0
7867,2026-05-04,2630.0
7867,2026-05-11,2789.5
7867,2026-05-18,2983.0
7867,2026-05-25,3159.0
7867,2026-06-01,3063.0
7867,2026-06-08,2925.5
7867,2026-06-15,2925.5
7867,2026-06-22,3200.0
7867,2026-06-29,3259.0
7867,2026-07-06,3322.0
7867,2026-07-13,3531.0
7867,2026-07-20,3417.0
7867,2026-07-27,3627.0
7867,2026-08-03,3602.0
7867,2026-08-10,3598.0
7867,2026-08-17,3641.0
7867,2026-08-24,3706.0
7928,2025-09-01,588.17
7928,2025-09-08,596.11
7928,2025-09-15,592.14
7928,2025-09-22,586.19
7928,2025-09-29,586.19
7928,2025-10-06,576.27
7928,2025-10-13,575.28
7928,2025-10-20,578.25
7928,2025-10-27,573.29
7928,2025-11-03,572.3
7928,2025-11-10,577.26
7928,2025-11-17,577.26
7928,2025-11-24,583.21
7928,2025-12-01,578.25
7928,2025-12-08,576.27
7928,2025-12-15,572.3
7928,2025-12-22,577.26
7928,2025-12-29,584.2
7928,2026-01-05,587.18
7928,2026-01-12,609.0
7928,2026-01-19,611.98
7928,2026-01-26,594.12
7928,2026-02-02,607.02
7928,2026-02-09,609.99
7928,2026-02-16,606.02
7928,2026-02-23,618.0
7928,2026-03-02,601.0
7928,2026-03-09,599.0
7928,2026-03-16,615.0
7928,2026-03-23,610.0
7928,2026-03-30,621.0
7928,2026-04-06,614.0
7928,2026-04-13,620.0
7928,2026-04-20,610.0
7928,2026-04-27,604.0
7928,2026-05-04,607.0
7928,2026-05-11,608.0
7928,2026-05-18,608.0
7928,2026-05-25,600.0
7928,2026-06-01,600.0
7928,2026-06-08,596.0
7928,2026-06-15,612.0
7928,2026-06-22,610.0
7928,2026-06-29,621.0
7928,2026-07-06,639.0
7928,2026-07-13,620.0
7928,2026-07-20,630.0
7928,2026-07-27,632.0
7928,2026-08-03,638.0
7928,2026-08-10,651.0
7928,2026-08-17,654.0
7928,2026-08-24,655.0
7976,2025-09-01,2081.81
7976,2025-09-08,2124.83
7976,2025-09-15,2160.04
7976,2025-09-22,2176.66
7976,2025-09-29,2122.88
7976,2025-10-06,2131.68
7976,2025-10-13,2125.81
7976,2025-10-20,2110.17
7976,2025-10-27,2002.61
7976,2025-11-03,2087.68
7976,2025-11-10,2090.61
7976,2025-11-17,2079.85
7976,2025-11-24,2102.34
7976,2025-12-01,2087.68
7976,2025-12-08,2169.81
7976,2025-12-15,2129.72
7976,2025-12-22,2174.7
7976,2025-12-29,2153.93
7976,2026-01-05,2204.39
7976,2026-01-12,2284.53
7976,2026-01-19,2325.09
7976,2026-01-26,2265.73
7976,2026-02-02,2307.28
7976,2026-02-09,2157.88
7976,2026-02-16,2252.87
7976,2026-02-23,2426.01
7976,2026-03-02,2283.54
7976,2026-03-09,2289.47
7976,2026-03-16,2319.16
7976,2026-03-23,2384.46
7976,2026-03-30,2412.16
7976,2026-04-06,2436.9
7976,2026-04-13,2462.62
7976,2026-04-20,2342.9
7976,2026-04-27,2520.01
7976,2026-05-04,2494.28
7976,2026-05-11,2531.88
7976,2026-05-18,2572.44
7976,2026-05-25,2595.2
7976,2026-06-01,2461.63
7976,2026-06-08,2581.35
7976,2026-06-15,2521.98
7976,2026-06-22,2660.5
7976,2026-06-29,2690.0
7976,2026-07-06,2696.0
7976,2026-07-13,2688.0
7976,2026-07-20,2610.0
7976,2026-07-27,2771.0
7976,2026-08-03,2934.0
7976,2026-08-10,2897.0
7976,2026-08-17,2971.0
7976,2026-08-24,3050.0
8037,2025-09-01,2809.26
8037,2025-09-08,2816.97
8037,2025-09-15,2851.69
8037,2025-09-22,2922.09
8037,2025-09-29,2823.06
8037,2025-10-06,2775.99
8037,2025-10-13,2805.41
8037,2025-10-20,2966.22
8037,2025-10-27,2861.3
8037,2025-11-03,2927.0
8037,2025-11-10,2786.77
8037,2025-11-17,2756.38
8037,2025-11-24,2851.49
8037,2025-12-01,2786.77
8037,2025-12-08,2836.78
8037,2025-12-15,2951.51
8037,2025-12-22,2934.84
8037,2025-12-29,2961.32
8037,2026-01-05,3128.01
8037,2026-01-12,3240.78
8037,2026-01-19,3186.85
8037,2026-01-26,3020.15
8037,2026-02-02,3162.33
8037,2026-02-09,3196.65
8037,2026-02-16,3211.36
8037,2026-02-23,3329.03
8037,2026-03-02,3103.5
8037,2026-03-09,3010.34
8037,2026-03-16,3083.89
8037,2026-03-23,3280.0
8037,2026-03-30,3450.0
8037,2026-04-06,3425.0
8037,2026-04-13,3295.0
8037,2026-04-20,3185.0
8037,2026-04-27,3220.0
8037,2026-05-04,3345.0
8037,2026-05-11,3335.0
8037,2026-05-18,3565.0
8037,2026-05-25,3605.0
8037,2026-06-01,3440.0
8037,2026-06-08,3430.0
8037,2026-06-15,3490.0
8037,2026-06-22,3455.0
8037,2026-06-29,3545.0
8037,2026-07-06,3640.0
8037,2026-07-13,3630.0
8037,2026-07-20,3720.0
8037,2026-07-27,3895.0
8037,2026-08-03,4150.0
8037,2026-08-10,4335.0
8037,2026-08-17,4355.0
8037,2026-08-24,4475.0
8043,2025-09-01,1170.37
8043,2025-09-08,1170.37
8043,2025-09-15,1180.05
8043,2025-09-22,1200.36
8043,2025-09-29,1126.85
8043,2025-10-06,1111.37
8043,2025-10-13,1121.04
8043,2025-10-20,1145.22
8043,2025-10-27,1122.98
8043,2025-11-03,1136.52
8043,2025-11-10,1150.06
8043,2025-11-17,1172.31
8043,2025-11-24,1211.0
8043,2025-12-01,1157.8
8043,2025-12-08,1186.82
8043,2025-12-15,1226.47
8043,2025-12-22,1209.06
8043,2025-12-29,1213.9
8043,2026-01-05,1234.21
8043,2026-01-12,1276.77
8043,2026-01-19,1275.8
8043,2026-01-26,1276.77
8043,2026-02-02,1305.79
8043,2026-02-09,1309.66
8043,2026-02-16,1299.02
8043,2026-02-23,1329.97
8043,2026-03-02,1265.16
8043,2026-03-09,1224.54
8043,2026-03-16,1222.6
8043,2026-03-23,1270.0
8043,2026-03-30,1278.0
8043,2026-04-06,1241.0
8043,2026-04-13,1205.0
8043,2026-04-20,1135.0
8043,2026-04-27,1138.0
8043,2026-05-04,1118.0
8043,2026-05-11,1148.0
8043,2026-05-18,1127.0
8043,2026-05-25,1175.0
8043,2026-06-01,1150.0
8043,2026-06-08,1171.0
8043,2026-06-15,1186.0
8043,2026-06-22,1191.0
8043,2026-06-29,1232.0
8043,2026-07-06,1287.0
8043,2026-07-13,1291.0
8043,2026-07-20,1299.0
8043,2026-07-27,1347.0
8043,2026-08-03,1365.0
8043,2026-08-10,1507.0
8043,2026-08-17,1521.0
8043,2026-08-24,1525.0
8059,2025-09-01,2611.51
8059,2025-09-08,2689.28
8059,2025-09-15,2714.24
8059,2025-09-22,2705.6
8059,2025-09-29,2637.16
8059,2025-10-06,2624.45
8059,2025-10-13,2595.11
8059,2025-10-20,2647.91
8059,2025-10-27,2556.98
8059,2025-11-03,2774.05
8059,2025-11-10,2732.98
8059,2025-11-17,2736.89
8059,2025-11-24,2908.99
8059,2025-12-01,2771.12
8059,2025-12-08,2829.79
8059,2025-12-15,2878.68
8059,2025-12-22,2914.85
8059,2025-12-29,2962.77
8059,2026-01-05,3045.88
8059,2026-01-12,3226.78
8059,2026-01-19,3153.44
8059,2026-01-26,3109.44
8059,2026-02-02,3324.56
8059,2026-02-09,3407.67
8059,2026-02-16,3397.89
8059,2026-02-23,3500.56
8059,2026-03-02,3334.34
8059,2026-03-09,3187.66
8059,2026-03-16,3236.55
8059,2026-03-23,3261.0
8059,2026-03-30,3360.0
8059,2026-04-06,3405.0
8059,2026-04-13,3330.0
8059,2026-04-20,3285.0
8059,2026-04-27,3220.0
8059,2026-05-04,3175.0
8059,2026-05-11,2955.0
8059,2026-05-18,2902.0
8059,2026-05-25,3115.0
8059,2026-06-01,3040.0
8059,2026-06-08,2982.0
8059,2026-06-15,3090.0
8059,2026-06-22,3025.0
8059,2026-06-29,3175.0
8059,2026-07-06,3330.0
8059,2026-07-13,3305.0
8059,2026-07-20,3465.0
8059,2026-07-27,3190.0
8059,2026-08-03,3490.0
8059,2026-08-10,3585.0
8059,2026-08-17,3640.0
8059,2026-08-24,3665.0
8066,2025-09-01,2079.09
8066,2025-09-08,2068.54
8066,2025-09-15,2103.05
8066,2025-09-22,2103.05
8066,2025-09-29,2183.26
8066,2025-10-06,2239.99
8066,2025-10-13,2191.08
8066,2025-10-20,2226.3
8066,2025-10-27,2269.34
8066,2025-11-03,2306.51
8066,2025-11-10,2327.05
8066,2025-11-17,2323.14
8066,2025-11-24,2332.92
8066,2025-12-01,2166.63
8066,2025-12-08,2216.52
8066,2025-12-15,2296.73
8066,2025-12-22,2215.54
8066,2025-12-29,2248.8
8066,2026-01-05,2210.65
8066,2026-01-12,2208.69
8066,2026-01-19,2166.63
8066,2026-01-26,2328.03
8066,2026-02-02,2445.41
8066,2026-02-09,2688.97
8066,2026-02-16,2553.98
8066,2026-02-23,2787.76
8066,2026-03-02,2581.37
8066,2026-03-09,2521.7
8066,2026-03-16,2419.97
8066,2026-03-23,2374.0
8066,2026-03-30,2359.0
8066,2026-04-06,2359.0
8066,2026-04-13,2370.0
8066,2026-04-20,2397.0
8066,2026-04-27,2666.0
8066,2026-05-04,2740.0
8066,2026-05-11,2718.0
8066,2026-05-18,2574.0
8066,2026-05-25,2481.0
8066,2026-06-01,2447.0
8066,2026-06-08,2491.0
8066,2026-06-15,2509.0
8066,2026-06-22,2507.0
8066,2026-06-29,2679.0
8066,2026-07-06,2751.0
8066,2026-07-13,2813.0
8066,2026-07-20,2785.0
8066,2026-07-27,2897.0
8066,2026-08-03,3145.0
8066,2026-08-10,3230.0
8066,2026-08-17,3115.0
8066,2026-08-24,3440.0
8095,2025-09-01,497.89
8095,2025-09-08,498.85
8095,2025-09-15,500.78
8095,2025-09-22,518.11
8095,2025-09-29,497.89
8095,2025-10-06,471.89
8095,2025-10-13,457.44
8095,2025-10-20,465.15
8095,2025-10-27,450.7
8095,2025-11-03,450.7
8095,2025-11-10,462.26
8095,2025-11-17,457.44
8095,2025-11-24,468.2
8095,2025-12-01,447.59
8095,2025-12-08,456.42
8095,2025-12-15,468.2
8095,2025-12-22,477.04
8095,2025-12-29,474.09
8095,2026-01-05,476.06
8095,2026-01-12,475.07
8095,2026-01-19,478.02
8095,2026-01-26,469.18
8095,2026-02-02,472.13
8095,2026-02-09,477.04
8095,2026-02-16,489.8
8095,2026-02-23,500.59
8095,2026-03-02,474.09
8095,2026-03-09,462.31
8095,2026-03-16,463.3
8095,2026-03-23,475.07
8095,2026-03-30,474.09
8095,2026-04-06,471.15
8095,2026-04-13,482.93
8095,2026-04-20,476.06
8095,2026-04-27,472.13
8095,2026-05-04,472.13
8095,2026-05-11,471.15
8095,2026-05-18,478.02
8095,2026-05-25,483.0
8095,2026-06-01,485.0
8095,2026-06-08,494.0
8095,2026-06-15,508.0
8095,2026-06-22,508.0
8095,2026-06-29,500.0
8095,2026-07-06,525.0
8095,2026-07-13,510.0
8095,2026-07-20,516.0
8095,2026-07-27,505.0
8095,2026-08-03,521.0
8095,2026-08-10,539.0
8095,2026-08-17,538.0
8095,2026-08-24,544.0
8104,2025-09-01,562.7
8104,2025-09-08,560.78
8104,2025-09-15,560.78
8104,2025-09-22,567.49
8104,2025-09-29,565.57
8104,2025-10-06,560.78
8104,2025-10-13,564.61
8104,2025-10-20,564.61
8104,2025-10-27,566.53
8104,2025-11-03,558.86
8104,2025-11-10,556.95
8104,2025-11-17,532.98
8104,2025-11-24,575.16
8104,2025-12-01,575.16
8104,2025-12-08,584.75
8104,2025-12-15,577.08
8104,2025-12-22,613.5
8104,2025-12-29,613.5
8104,2026-01-05,597.21
8104,2026-01-12,619.25
8104,2026-01-19,605.83
8104,2026-01-26,612.54
8104,2026-02-02,618.3
8104,2026-02-09,593.37
8104,2026-02-16,595.29
8104,2026-02-23,597.21
8104,2026-03-02,590.5
8104,2026-03-09,578.04
8104,2026-03-16,586.66
8104,2026-03-23,602.0
8104,2026-03-30,572.0
8104,2026-04-06,586.0
8104,2026-04-13,572.0
8104,2026-04-20,575.0
8104,2026-04-27,570.0
8104,2026-05-04,575.0
8104,2026-05-11,571.0
8104,2026-05-18,610.0
8104,2026-05-25,628.0
8104,2026-06-01,633.0
8104,2026-06-08,618.0
8104,2026-06-15,656.0
8104,2026-06-22,650.0
8104,2026-06-29,688.0
8104,2026-07-06,681.0
8104,2026-07-13,672.0
8104,2026-07-20,698.0
8104,2026-07-27,692.0
8104,2026-08-03,675.0
8104,2026-08-10,690.0
8104,2026-08-17,693.0
8104,2026-08-24,717.0
8117,2025-09-01,1785.63
8117,2025-09-08,1785.63
8117,2025-09-15,1759.52
8117,2025-09-22,1825.26
8117,2025-09-29,1780.17
8117,2025-10-06,1769.39
8117,2025-10-13,1807.62
8117,2025-10-20,1831.14
8117,2025-10-27,1761.55
8117,2025-11-03,1773.31
8117,2025-11-10,1734.1
8117,2025-11-17,1705.67
8117,2025-11-24,1850.75
8117,2025-12-01,1788.01
8117,2025-12-08,1787.03
8117,2025-12-15,1792.91
8117,2025-12-22,1808.6
8117,2025-12-29,1846.83
8117,2026-01-05,1847.81
8117,2026-01-12,1934.07
8117,2026-01-19,2094.84
8117,2026-01-26,2048.76
8117,2026-02-02,2044.84
8117,2026-02-09,2185.02
8117,2026-02-16,2186.0
8117,2026-02-23,2225.21
8117,2026-03-02,2073.27
8117,2026-03-09,1961.52
8117,2026-03-16,1882.12
8117,2026-03-23,1888.0
8117,2026-03-30,1934.0
8117,2026-04-06,1942.0
8117,2026-04-13,1845.0
8117,2026-04-20,1810.0
8117,2026-04-27,1799.0
8117,2026-05-04,1853.0
8117,2026-05-11,1984.0
8117,2026-05-18,1963.0
8117,2026-05-25,2092.0
8117,2026-06-01,2076.0
8117,2026-06-08,2030.0
8117,2026-06-15,2045.0
8117,2026-06-22,2003.0
8117,2026-06-29,2066.0
8117,2026-07-06,2115.0
8117,2026-07-13,2117.0
8117,2026-07-20,2090.0
8117,2026-07-27,2056.0
8117,2026-08-03,2184.0
8117,2026-08-10,2166.0
8117,2026-08-17,2143.0
8117,2026-08-24,2315.0
8173,2025-09-01,2491.51
8173,2025-09-08,2472.22
8173,2025-09-15,2516.59
8173,2025-09-22,2589.9
8173,2025-09-29,2467.04
8173,2025-10-06,2464.09
8173,2025-10-13,2609.55
8173,2025-10-20,2664.59
8173,2025-10-27,2626.26
8173,2025-11-03,2560.41
8173,2025-11-10,2546.65
8173,2025-11-17,2626.26
8173,2025-11-24,2670.49
8173,2025-12-01,2578.1
8173,2025-12-08,2584.98
8173,2025-12-15,2609.55
8173,2025-12-22,2668.53
8173,2025-12-29,2666.56
8173,2026-01-05,2647.89
8173,2026-01-12,2682.29
8173,2026-01-19,2671.47
8173,2026-01-26,2698.01
8173,2026-02-02,2685.24
8173,2026-02-09,2726.52
8173,2026-02-16,2752.07
8173,2026-02-23,2793.35
8173,2026-03-02,2771.73
8173,2026-03-09,2733.4
8173,2026-03-16,2720.62
8173,2026-03-23,2871.0
8173,2026-03-30,2900.0
8173,2026-04-06,2988.0
8173,2026-04-13,2886.0
8173,2026-04-20,2902.0
8173,2026-04-27,2990.0
8173,2026-05-04,2921.0
8173,2026-05-11,2975.0
8173,2026-05-18,3070.0
8173,2026-05-25,3070.0
8173,2026-06-01,3460.0
8173,2026-06-08,3785.0
8173,2026-06-15,3830.0
8173,2026-06-22,3925.0
8173,2026-06-29,3655.0
8173,2026-07-06,3470.0
8173,2026-07-13,3565.0
8173,2026-07-20,3770.0
8173,2026-07-27,3945.0
8173,2026-08-03,4050.0
8173,2026-08-10,4130.0
8173,2026-08-17,4295.0
8173,2026-08-24,4350.0
8242,2025-09-01,2188.38
8242,2025-09-08,2203.09
8242,2025-09-15,2186.91
8242,2025-09-22,2227.12
8242,2025-09-29,2122.64
8242,2025-10-06,2011.73
8242,2025-10-13,2042.43
8242,2025-10-20,2068.18
8242,2025-10-27,2068.18
8242,2025-11-03,2081.55
8242,2025-11-10,2144.43
8242,2025-11-17,2127.1
8242,2025-11-24,2152.85
8242,2025-12-01,2063.23
8242,2025-12-08,2064.22
8242,2025-12-15,2097.39
8242,2025-12-22,2042.93
8242,2025-12-29,2034.51
8242,2026-01-05,2089.47
8242,2026-01-12,2117.2
8242,2026-01-19,2166.71
8242,2026-01-26,2091.45
8242,2026-02-02,2310.3
8242,2026-02-09,2422.2
8242,2026-02-16,2463.79
8242,2026-02-23,2427.65
8242,2026-03-02,2295.44
8242,2026-03-09,2250.39
8242,2026-03-16,2290.49
8242,2026-03-23,2442.5
8242,2026-03-30,2563.5
8242,2026-04-06,2547.5
8242,2026-04-13,2475.0
8242,2026-04-20,2318.5
8242,2026-04-27,2274.0
8242,2026-05-04,2316.0
8242,2026-05-11,2517.0
8242,2026-05-18,2574.5
8242,2026-05-25,2496.0
8242,2026-06-01,2529.5
8242,2026-06-08,2627.0
8242,2026-06-15,2574.0
8242,2026-06-22,2871.5
8242,2026-06-29,2870.0
8242,2026-07-06,2797.0
8242,2026-07-13,2838.5
8242,2026-07-20,2763.5
8242,2026-07-27,2863.5
8242,2026-08-03,2791.0
8242,2026-08-10,2867.5
8242,2026-08-17,2954.0
8242,2026-08-24,3036.0
8388,2025-09-01,3366.02
8388,2025-09-08,3463.03
8388,2025-09-15,3424.22
8388,2025-09-22,3560.03
8388,2025-09-29,3584.68
8388,2025-10-06,3495.93
8388,2025-10-13,3495.93
8388,2025-10-20,3545.24
8388,2025-10-27,3589.61
8388,2025-11-03,3643.85
8388,2025-11-10,3772.05
8388,2025-11-17,3860.81
8388,2025-11-24,4092.55
8388,2025-12-01,4161.59
8388,2025-12-08,4171.45
8388,2025-12-15,4289.79
8388,2025-12-22,4230.62
8388,2025-12-29,4324.3
8388,2026-01-05,4546.19
8388,2026-01-12,4916.0
8388,2026-01-19,4989.96
8388,2026-01-26,5118.16
8388,2026-02-02,5581.65
8388,2026-02-09,5709.85
8388,2026-02-16,5729.58
8388,2026-02-23,5907.08
8388,2026-03-02,5552.07
8388,2026-03-09,5384.42
8388,2026-03-16,5650.68
8388,2026-03-23,5877.5
8388,2026-03-30,6120.0
8388,2026-04-06,6510.0
8388,2026-04-13,6630.0
8388,2026-04-20,6170.0
8388,2026-04-27,6270.0
8388,2026-05-04,6160.0
8388,2026-05-11,6720.0
8388,2026-05-18,6870.0
8388,2026-05-25,6700.0
8388,2026-06-01,6750.0
8388,2026-06-08,6990.0
8388,2026-06-15,6820.0
8388,2026-06-22,7070.0
8388,2026-06-29,7540.0
8388,2026-07-06,7530.0
8388,2026-07-13,7630.0
8388,2026-07-20,8680.0
8388,2026-07-27,8340.0
8388,2026-08-03,8930.0
8388,2026-08-10,9320.0
8388,2026-08-17,9000.0
8388,2026-08-24,9600.0
8522,2025-09-01,3368.35
8522,2025-09-08,3345.79
8522,2025-09-15,3255.53
8522,2025-09-22,3368.35
8522,2025-09-29,3316.03
8522,2025-10-06,3379.79
8522,2025-10-13,3379.79
8522,2025-10-20,3634.87
8522,2025-10-27,3860.52
8522,2025-11-03,3909.57
8522,2025-11-10,3939.01
8522,2025-11-17,3924.29
8522,2025-11-24,4292.19
8522,2025-12-01,4341.25
8522,2025-12-08,4351.06
8522,2025-12-15,4419.73
8522,2025-12-22,4238.23
8522,2025-12-29,4272.57
8522,2026-01-05,4552.18
8522,2026-01-12,4758.2
8522,2026-01-19,4993.66
8522,2026-01-26,4797.44
8522,2026-02-02,5484.2
8522,2026-02-09,5631.36
8522,2026-02-16,5405.71
8522,2026-02-23,5817.76
8522,2026-03-02,5484.2
8522,2026-03-09,5258.55
8522,2026-03-16,5287.98
8522,2026-03-23,6220.0
8522,2026-03-30,5800.0
8522,2026-04-06,5880.0
8522,2026-04-13,5990.0
8522,2026-04-20,5690.0
8522,2026-04-27,5780.0
8522,2026-05-04,5830.0
8522,2026-05-11,6150.0
8522,2026-05-18,6060.0
8522,2026-05-25,5860.0
8522,2026-06-01,5840.0
8522,2026-06-08,5970.0
8522,2026-06-15,5800.0
8522,2026-06-22,5910.0
8522,2026-06-29,6300.0
8522,2026-07-06,6460.0
8522,2026-07-13,6260.0
8522,2026-07-20,6890.0
8522,2026-07-27,6510.0
8522,2026-08-03,6450.0
8522,2026-08-10,6870.0
8522,2026-08-17,6980.0
8522,2026-08-24,7040.0
8609,2025-09-01,644.03
8609,2025-09-08,650.64
8609,2025-09-15,657.25
8609,2025-09-22,660.08
8609,2025-09-29,633.64
8609,2025-10-06,637.42
8609,2025-10-13,646.86
8609,2025-10-20,653.47
8609,2025-10-27,653.47
8609,2025-11-03,640.25
8609,2025-11-10,674.24
8609,2025-11-17,677.08
8609,2025-11-24,682.74
8609,2025-12-01,678.97
8609,2025-12-08,695.96
8609,2025-12-15,691.24
8609,2025-12-22,711.07
8609,2025-12-29,710.13
8609,2026-01-05,748.85
8609,2026-01-12,827.22
8609,2026-01-19,820.61
8609,2026-01-26,834.78
8609,2026-02-02,879.16
8609,2026-02-09,900.88
8609,2026-02-16,902.77
8609,2026-02-23,941.49
8609,2026-03-02,827.22
8609,2026-03-09,802.67
8609,2026-03-16,825.34
8609,2026-03-23,848.0
8609,2026-03-30,866.0
8609,2026-04-06,903.0
8609,2026-04-13,911.0
8609,2026-04-20,883.0
8609,2026-04-27,905.0
8609,2026-05-04,890.0
8609,2026-05-11,930.0
8609,2026-05-18,918.0
8609,2026-05-25,941.0
8609,2026-06-01,938.0
8609,2026-06-08,941.0
8609,2026-06-15,949.0
8609,2026-06-22,959.0
8609,2026-06-29,997.0
8609,2026-07-06,1016.0
8609,2026-07-13,1022.0
8609,2026-07-20,1056.0
8609,2026-07-27,1115.0
8609,2026-08-03,1115.0
8609,2026-08-10,1115.0
8609,2026-08-17,1157.0
8609,2026-08-24,1198.0
8613,2025-09-01,909.51
8613,2025-09-08,904.85
8613,2025-09-15,914.17
8613,2025-09-22,914.17
8613,2025-09-29,889.1
8613,2025-10-06,900.67
8613,2025-10-13,910.32
8613,2025-10-20,901.64
8613,2025-10-27,894.89
8613,2025-11-03,893.92
8613,2025-11-10,916.1
8613,2025-11-17,922.85
8613,2025-11-24,943.1
8613,2025-12-01,932.5
8613,2025-12-08,945.03
8613,2025-12-15,956.6
8613,2025-12-22,981.68
8613,2025-12-29,978.78
8613,2026-01-05,1010.61
8613,2026-01-12,1036.64
8613,2026-01-19,1032.79
8613,2026-01-26,1019.29
8613,2026-02-02,1036.64
8613,2026-02-09,1048.21
8613,2026-02-16,1042.43
8613,2026-02-23,1078.11
8613,2026-03-02,1007.71
8613,2026-03-09,974.93
8613,2026-03-16,1026.04
8613,2026-03-23,1027.0
8613,2026-03-30,1047.0
8613,2026-04-06,1060.0
8613,2026-04-13,1077.0
8613,2026-04-20,1024.0
8613,2026-04-27,1047.0
8613,2026-05-04,1031.0
8613,2026-05-11,1063.0
8613,2026-05-18,1063.0
8613,2026-05-25,1037.0
8613,2026-06-01,1054.0
8613,2026-06-08,1057.0
8613,2026-06-15,1040.0
8613,2026-06-22,1056.0
8613,2026-06-29,1080.0
8613,2026-07-06,1119.0
8613,2026-07-13,1141.0
8613,2026-07-20,1136.0
8613,2026-07-27,1216.0
8613,2026-08-03,1219.0
8613,2026-08-10,1219.0
8613,2026-08-17,1265.0
8613,2026-08-24,1280.0
8616,2025-09-01,549.73
8616,2025-09-08,548.8
8616,2025-09-15,551.59
8616,2025-09-22,570.16
8616,2025-09-29,549.94
8616,2025-10-06,557.64
8616,2025-10-13,557.64
8616,2025-10-20,556.68
8616,2025-10-27,550.9
8616,2025-11-03,568.23
8616,2025-11-10,589.42
8616,2025-11-17,597.13
8616,2025-11-24,623.13
8616,2025-12-01,619.28
8616,2025-12-08,647.21
8616,2025-12-15,641.43
8616,2025-12-22,659.73
8616,2025-12-29,661.66
8616,2026-01-05,689.59
8616,2026-01-12,724.26
8616,2026-01-19,715.59
8616,2026-01-26,712.7
8616,2026-02-02,726.18
8616,2026-02-09,738.7
8616,2026-02-16,744.48
8616,2026-02-23,799.38
8616,2026-03-02,732.93
8616,2026-03-09,714.63
8616,2026-03-16,720.41
8616,2026-03-23,731.0
8616,2026-03-30,737.0
8616,2026-04-06,750.0
8616,2026-04-13,755.0
8616,2026-04-20,716.0
8616,2026-04-27,688.0
8616,2026-05-04,692.0
8616,2026-05-11,710.0
8616,2026-05-18,704.0
8616,2026-05-25,694.0
8616,2026-06-01,709.0
8616,2026-06-08,728.0
8616,2026-06-15,740.0
8616,2026-06-22,764.0
8616,2026-06-29,766.0
8616,2026-07-06,776.0
8616,2026-07-13,778.0
8616,2026-07-20,812.0
8616,2026-07-27,802.0
8616,2026-08-03,822.0
8616,2026-08-10,837.0
8616,2026-08-17,853.0
8616,2026-08-24,872.0
8622,2025-09-01,520.61
8622,2025-09-08,515.93
8622,2025-09-15,535.59
8622,2025-09-22,539.33
8622,2025-09-29,507.61
8622,2025-10-06,509.53
8622,2025-10-13,510.49
8622,2025-10-20,504.72
8622,2025-10-27,493.19
8622,2025-11-03,494.15
8622,2025-11-10,508.57
8622,2025-11-17,507.61
8622,2025-11-24,515.3
8622,2025-12-01,510.49
8622,2025-12-08,524.91
8622,2025-12-15,521.07
8622,2025-12-22,541.26
8622,2025-12-29,532.6
8622,2026-01-05,547.99
8622,2026-01-12,576.83
8622,2026-01-19,577.79
8622,2026-01-26,577.79
8622,2026-02-02,593.17
8622,2026-02-09,606.63
8622,2026-02-16,605.67
8622,2026-02-23,657.58
8622,2026-03-02,691.23
8622,2026-03-09,703.73
8622,2026-03-16,704.69
8622,2026-03-23,697.0
8622,2026-03-30,707.0
8622,2026-04-06,709.0
8622,2026-04-13,715.0
8622,2026-04-20,667.0
8622,2026-04-27,652.0
8622,2026-05-04,653.0
8622,2026-05-11,652.0
8622,2026-05-18,652.0
8622,2026-05-25,632.0
8622,2026-06-01,639.0
8622,2026-06-08,658.0
8622,2026-06-15,658.0
8622,2026-06-22,657.0
8622,2026-06-29,672.0
8622,2026-07-06,697.0
8622,2026-07-13,713.0
8622,2026-07-20,780.0
8622,2026-07-27,815.0
8622,2026-08-03,849.0
8622,2026-08-10,862.0
8622,2026-08-17,920.0
8622,2026-08-24,942.0
8624,2025-09-01,755.32
8624,2025-09-08,763.67
8624,2025-09-15,808.21
8624,2025-09-22,811.92
8624,2025-09-29,800.39
8624,2025-10-06,812.88
8624,2025-10-13,807.11
8624,2025-10-20,817.68
8624,2025-10-27,816.72
8624,2025-11-03,825.37
8624,2025-11-10,878.22
8624,2025-11-17,901.28
8624,2025-11-24,946.44
8624,2025-12-01,960.85
8624,2025-12-08,1000.24
8624,2025-12-15,982.95
8624,2025-12-22,1025.23
8624,2025-12-29,1041.56
8624,2026-01-05,1058.86
8624,2026-01-12,1113.62
8624,2026-01-19,1188.57
8624,2026-01-26,1156.86
8624,2026-02-02,1268.32
8624,2026-02-09,1309.64
8624,2026-02-16,1265.44
8624,2026-02-23,1455.69
8624,2026-03-02,1386.51
8624,2026-03-09,1274.09
8624,2026-03-16,1357.68
8624,2026-03-23,1448.0
8624,2026-03-30,1492.0
8624,2026-04-06,1541.0
8624,2026-04-13,1523.0
8624,2026-04-20,1401.0
8624,2026-04-27,1291.0
8624,2026-05-04,1270.0
8624,2026-05-11,1284.0
8624,2026-05-18,1241.0
8624,2026-05-25,1295.0
8624,2026-06-01,1289.0
8624,2026-06-08,1344.0
8624,2026-06-15,1362.0
8624,2026-06-22,1368.0
8624,2026-06-29,1429.0
8624,2026-07-06,1479.0
8624,2026-07-13,1501.0
8624,2026-07-20,1550.0
8624,2026-07-27,1558.0
8624,2026-08-03,1561.0
8624,2026-08-10,1653.0
8624,2026-08-17,1705.0
8624,2026-08-24,1727.0
8704,2025-09-01,956.6
8704,2025-09-08,938.36
8704,2025-09-15,906.66
8704,2025-09-22,902.82
8704,2025-09-29,899.89
8704,2025-10-06,956.56
8704,2025-10-13,915.52
8704,2025-10-20,904.77
8704,2025-10-27,875.46
8704,2025-11-03,864.71
8704,2025-11-10,924.32
8704,2025-11-17,891.09
8704,2025-11-24,911.61
8704,2025-12-01,876.44
8704,2025-12-08,869.6
8704,2025-12-15,892.07
8704,2025-12-22,922.36
8704,2025-12-29,930.18
8704,2026-01-05,948.74
8704,2026-01-12,980.99
8704,2026-01-19,979.03
8704,2026-01-26,948.74
8704,2026-02-02,1001.5
8704,2026-02-09,1054.27
8704,2026-02-16,1076.74
8704,2026-02-23,1122.66
8704,2026-03-02,1065.01
8704,2026-03-09,1013.23
8704,2026-03-16,1006.39
8704,2026-03-23,1023.0
8704,2026-03-30,1040.0
8704,2026-04-06,1047.0
8704,2026-04-13,1044.0
8704,2026-04-20,1029.0
8704,2026-04-27,1128.0
8704,2026-05-04,1235.0
8704,2026-05-11,1169.0
8704,2026-05-18,1139.0
8704,2026-05-25,1193.0
8704,2026-06-01,1138.0
8704,2026-06-08,1154.0
8704,2026-06-15,1161.0
8704,2026-06-22,1149.0
8704,2026-06-29,1269.0
8704,2026-07-06,1246.0
8704,2026-07-13,1242.0
8704,2026-07-20,1272.0
8704,2026-07-27,1247.0
8704,2026-08-03,1297.0
8704,2026-08-10,1351.0
8704,2026-08-17,1383.0
8704,2026-08-24,1400.0
8706,2025-09-01,1512.21
8706,2025-09-08,1496.31
8706,2025-09-15,1468.25
8706,2025-09-22,1487.89
8706,2025-09-29,1413.55
8706,2025-10-06,1430.93
8706,2025-10-13,1504.31
8706,2025-10-20,1486.93
8706,2025-10-27,1472.44
8706,2025-11-03,1472.44
8706,2025-11-10,1535.2
8706,2025-11-17,1548.72
8706,2025-11-24,1582.52
8706,2025-12-01,1553.55
8706,2025-12-08,1567.07
8706,2025-12-15,1585.41
8706,2025-12-22,1639.48
8706,2025-12-29,1634.65
8706,2026-01-05,1670.38
8706,2026-01-12,1723.48
8706,2026-01-19,1714.79
8706,2026-01-26,1666.52
8706,2026-02-02,1708.04
8706,2026-02-09,1708.04
8706,2026-02-16,1735.07
8706,2026-02-23,1834.52
8706,2026-03-02,1758.24
8706,2026-03-09,1691.62
8706,2026-03-16,1687.76
8706,2026-03-23,1681.0
8706,2026-03-30,1722.0
8706,2026-04-06,1778.0
8706,2026-04-13,1655.0
8706,2026-04-20,1583.0
8706,2026-04-27,1559.0
8706,2026-05-04,1565.0
8706,2026-05-11,1567.0
8706,2026-05-18,1550.0
8706,2026-05-25,1567.0
8706,2026-06-01,1552.0
8706,2026-06-08,1547.0
8706,2026-06-15,1540.0
8706,2026-06-22,1534.0
8706,2026-06-29,1604.0
8706,2026-07-06,1658.0
8706,2026-07-13,1724.0
8706,2026-07-20,1759.0
8706,2026-07-27,1777.0
8706,2026-08-03,1803.0
8706,2026-08-10,1858.0
8706,2026-08-17,1900.0
8706,2026-08-24,1910.0
8707,2025-09-01,2531.83
8707,2025-09-08,2558.95
8707,2025-09-15,2534.64
8707,2025-09-22,2583.27
8707,2025-09-29,2554.59
8707,2025-10-06,2598.57
8707,2025-10-13,2642.55
8707,2025-10-20,2661.67
8707,2025-10-27,2699.91
8707,2025-11-03,2644.46
8707,2025-11-10,2808.9
8707,2025-11-17,2872.96
8707,2025-11-24,3002.02
8707,2025-12-01,2935.1
8707,2025-12-08,3021.15
8707,2025-12-15,3002.02
8707,2025-12-22,3116.75
8707,2025-12-29,3126.31
8707,2026-01-05,3331.86
8707,2026-01-12,3499.17
8707,2026-01-19,3451.37
8707,2026-01-26,3322.3
8707,2026-02-02,3460.93
8707,2026-02-09,3680.83
8707,2026-02-16,3771.65
8707,2026-02-23,3771.65
8707,2026-03-02,3503.95
8707,2026-03-09,3374.89
8707,2026-03-16,3432.25
8707,2026-03-23,3590.0
8707,2026-03-30,3595.0
8707,2026-04-06,3655.0
8707,2026-04-13,3810.0
8707,2026-04-20,3740.0
8707,2026-04-27,3650.0
8707,2026-05-04,3705.0
8707,2026-05-11,3640.0
8707,2026-05-18,3705.0
8707,2026-05-25,3870.0
8707,2026-06-01,3830.0
8707,2026-06-08,3940.0
8707,2026-06-15,4000.0
8707,2026-06-22,3960.0
8707,2026-06-29,4015.0
8707,2026-07-06,4185.0
8707,2026-07-13,4205.0
8707,2026-07-20,4275.0
8707,2026-07-27,4195.0
8707,2026-08-03,4305.0
8707,2026-08-10,4430.0
8707,2026-08-17,4600.0
8707,2026-08-24,4630.0
8708,2025-09-01,1324.54
8708,2025-09-08,1304.26
8708,2025-09-15,1317.17
8708,2025-09-22,1318.09
8708,2025-09-29,1256.09
8708,2025-10-06,1235.11
8708,2025-10-13,1262.77
8708,2025-10-20,1249.42
8708,2025-10-27,1246.56
8708,2025-11-03,1205.54
8708,2025-11-10,1277.08
8708,2025-11-17,1275.17
8708,2025-11-24,1285.66
8708,2025-12-01,1274.21
8708,2025-12-08,1276.12
8708,2025-12-15,1312.36
8708,2025-12-22,1352.42
8708,2025-12-29,1333.35
8708,2026-01-05,1356.24
8708,2026-01-12,1385.8
8708,2026-01-19,1378.17
8708,2026-01-26,1351.47
8708,2026-02-02,1366.73
8708,2026-02-09,1395.34
8708,2026-02-16,1410.6
8708,2026-02-23,1476.41
8708,2026-03-02,1389.62
8708,2026-03-09,1411.55
8708,2026-03-16,1411.55
8708,2026-03-23,1423.0
8708,2026-03-30,1532.0
8708,2026-04-06,1618.0
8708,2026-04-13,1631.0
8708,2026-04-20,1409.0
8708,2026-04-27,1439.0
8708,2026-05-04,1456.0
8708,2026-05-11,1479.0
8708,2026-05-18,1495.0
8708,2026-05-25,1420.0
8708,2026-06-01,1434.0
8708,2026-06-08,1473.0
8708,2026-06-15,1466.0
8708,2026-06-22,1461.0
8708,2026-06-29,1554.0
8708,2026-07-06,1584.0
8708,2026-07-13,1592.0
8708,2026-07-20,1649.0
8708,2026-07-27,1707.0
8708,2026-08-03,1699.0
8708,2026-08-10,1730.0
8708,2026-08-17,1757.0
8708,2026-08-24,1802.0
8739,2025-09-01,1504.76
8739,2025-09-08,1532.41
8739,2025-09-15,1513.34
8739,2025-09-22,1555.3
8739,2025-09-29,1479.01
8739,2025-10-06,1570.55
8739,2025-10-13,1479.96
8739,2025-10-20,1499.99
8739,2025-10-27,1484.73
8739,2025-11-03,1405.58
8739,2025-11-10,1428.47
8739,2025-11-17,1424.65
8739,2025-11-24,1443.73
8739,2025-12-01,1414.17
8739,2025-12-08,1379.84
8739,2025-12-15,1430.38
8739,2025-12-22,1525.73
8739,2025-12-29,1544.81
8739,2026-01-05,1610.6
8739,2026-01-12,1679.26
8739,2026-01-19,1627.77
8739,2026-01-26,1568.65
8739,2026-02-02,1930.05
8739,2026-02-09,1916.7
8739,2026-02-16,1966.29
8739,2026-02-23,2026.37
8739,2026-03-02,1904.31
8739,2026-03-09,1832.79
8739,2026-03-16,1830.88
8739,2026-03-23,1849.0
8739,2026-03-30,1918.0
8739,2026-04-06,1984.0
8739,2026-04-13,1968.0
8739,2026-04-20,1908.0
8739,2026-04-27,1914.0
8739,2026-05-04,2039.0
8739,2026-05-11,2137.0
8739,2026-05-18,2155.0
8739,2026-05-25,2126.0
8739,2026-06-01,2173.0
8739,2026-06-08,2145.0
8739,2026-06-15,2140.0
8739,2026-06-22,2161.0
8739,2026-06-29,2299.0
8739,2026-07-06,2256.0
8739,2026-07-13,2240.0
8739,2026-07-20,2227.0
8739,2026-07-27,2255.0
8739,2026-08-03,2472.0
8739,2026-08-10,2524.0
8739,2026-08-17,2538.0
8739,2026-08-24,2585.0
8789,2025-09-01,120.87
8789,2025-09-08,117.95
8789,2025-09-15,117.95
8789,2025-09-22,116.0
8789,2025-09-29,114.0
8789,2025-10-06,111.0
8789,2025-10-13,107.0
8789,2025-10-20,106.0
8789,2025-10-27,102.0
8789,2025-11-03,108.0
8789,2025-11-10,128.0
8789,2025-11-17,139.0
8789,2025-11-24,150.0
8789,2025-12-01,156.0
8789,2025-12-08,141.0
8789,2025-12-15,141.0
8789,2025-12-22,139.0
8789,2025-12-29,138.0
8789,2026-01-05,143.0
8789,2026-01-12,144.0
8789,2026-01-19,146.0
8789,2026-01-26,146.0
8789,2026-02-02,155.0
8789,2026-02-09,149.0
8789,2026-02-16,148.0
8789,2026-02-23,155.0
8789,2026-03-02,143.0
8789,2026-03-09,134.0
8789,2026-03-16,128.0
8789,2026-03-23,125.0
8789,2026-03-30,120.0
8789,2026-04-06,126.0
8789,2026-04-13,129.0
8789,2026-04-20,126.0
8789,2026-04-27,127.0
8789,2026-05-04,129.0
8789,2026-05-11,135.0
8789,2026-05-18,136.0
8789,2026-05-25,129.0
8789,2026-06-01,123.0
8789,2026-06-08,121.0
8789,2026-06-15,122.0
8789,2026-06-22,120.0
8789,2026-06-29,128.0
8789,2026-07-06,130.0
8789,2026-07-13,129.0
8789,2026-07-20,131.0
8789,2026-07-27,132.0
8789,2026-08-03,134.0
8789,2026-08-10,154.0
8789,2026-08-17,173.0
8789,2026-08-24,175.0
8897,2025-09-01,377.71
8897,2025-09-08,379.61
8897,2025-09-15,376.76
8897,2025-09-22,381.51
8897,2025-09-29,369.98
8897,2025-10-06,367.09
8897,2025-10-13,371.9
8897,2025-10-20,369.98
8897,2025-10-27,365.17
8897,2025-11-03,369.01
8897,2025-11-10,370.94
8897,2025-11-17,369.98
8897,2025-11-24,371.9
8897,2025-12-01,360.37
8897,2025-12-08,362.29
8897,2025-12-15,366.13
8897,2025-12-22,370.94
8897,2025-12-29,371.9
8897,2026-01-05,380.55
8897,2026-01-12,384.39
8897,2026-01-19,377.66
8897,2026-01-26,378.62
8897,2026-02-02,382.47
8897,2026-02-09,397.84
8897,2026-02-16,394.96
8897,2026-02-23,406.49
8897,2026-03-02,397.84
8897,2026-03-09,392.08
8897,2026-03-16,391.12
8897,2026-03-23,394.0
8897,2026-03-30,421.0
8897,2026-04-06,426.0
8897,2026-04-13,424.0
8897,2026-04-20,401.0
8897,2026-04-27,398.0
8897,2026-05-04,401.0
8897,2026-05-11,394.0
8897,2026-05-18,422.0
8897,2026-05-25,414.0
8897,2026-06-01,410.0
8897,2026-06-08,411.0
8897,2026-06-15,404.0
8897,2026-06-22,401.0
8897,2026-06-29,404.0
8897,2026-07-06,411.0
8897,2026-07-13,411.0
8897,2026-07-20,410.0
8897,2026-07-27,411.0
8897,2026-08-03,411.0
8897,2026-08-10,459.0
8897,2026-08-17,457.0
8897,2026-08-24,466.0
9251,2025-09-01,948.0
9251,2025-09-08,953.73
9251,2025-09-15,1179.99
9251,2025-09-22,1305.05
9251,2025-09-29,1273.55
9251,2025-10-06,1247.77
9251,2025-10-13,1240.13
9251,2025-10-20,1256.36
9251,2025-10-27,1097.0
9251,2025-11-03,1067.0
9251,2025-11-10,1092.0
9251,2025-11-17,1087.0
9251,2025-11-24,1112.0
9251,2025-12-01,1100.0
9251,2025-12-08,1102.0
9251,2025-12-15,1155.0
9251,2025-12-22,1183.0
9251,2025-12-29,1204.0
9251,2026-01-05,1233.0
9251,2026-01-12,1209.0
9251,2026-01-19,1207.0
9251,2026-01-26,1208.0
9251,2026-02-02,1206.0
9251,2026-02-09,1223.0
9251,2026-02-16,1250.0
9251,2026-02-23,1275.0
9251,2026-03-02,1278.0
9251,2026-03-09,1255.0
9251,2026-03-16,1274.0
9251,2026-03-23,1258.0
9251,2026-03-30,1240.0
9251,2026-04-06,1219.0
9251,2026-04-13,1216.0
9251,2026-04-20,1201.0
9251,2026-04-27,1202.0
9251,2026-05-04,1208.0
9251,2026-05-11,1196.0
9251,2026-05-18,1202.0
9251,2026-05-25,1205.0
9251,2026-06-01,1211.0
9251,2026-06-08,1204.0
9251,2026-06-15,1254.0
9251,2026-06-22,1276.0
9251,2026-06-29,1326.0
9251,2026-07-06,1324.0
9251,2026-07-13,1340.0
9251,2026-07-20,1332.0
9251,2026-07-27,1367.0
9251,2026-08-03,1383.0
9251,2026-08-10,1402.0
9251,2026-08-17,1500.0
9251,2026-08-24,1549.0
9432,2025-09-01,153.94
9432,2025-09-08,156.16
9432,2025-09-15,152.78
9432,2025-09-22,153.84
9432,2025-09-29,152.02
9432,2025-10-06,150.25
9432,2025-10-13,155.66
9432,2025-10-20,157.14
9432,2025-10-27,155.76
9432,2025-11-03,148.68
9432,2025-11-10,148.68
9432,2025-11-17,151.63
9432,2025-11-24,153.2
9432,2025-12-01,151.33
9432,2025-12-08,152.91
9432,2025-12-15,154.38
9432,2025-12-22,156.15
9432,2025-12-29,155.07
9432,2026-01-05,156.45
9432,2026-01-12,154.48
9432,2026-01-19,154.88
9432,2026-01-26,152.32
9432,2026-02-02,149.96
9432,2026-02-09,152.02
9432,2026-02-16,148.48
9432,2026-02-23,150.75
9432,2026-03-02,148.58
9432,2026-03-09,152.12
9432,2026-03-16,155.96
9432,2026-03-23,156.35
9432,2026-03-30,157.8
9432,2026-04-06,153.1
9432,2026-04-13,154.0
9432,2026-04-20,151.5
9432,2026-04-27,152.0
9432,2026-05-04,150.2
9432,2026-05-11,151.8
9432,2026-05-18,152.6
9432,2026-05-25,149.5
9432,2026-06-01,146.0
9432,2026-06-08,148.0
9432,2026-06-15,144.4
9432,2026-06-22,144.3
9432,2026-06-29,146.1
9432,2026-07-06,147.6
9432,2026-07-13,151.1
9432,2026-07-20,151.3
9432,2026-07-27,152.4
9432,2026-08-03,158.5
9432,2026-08-10,162.7
9432,2026-08-17,166.1
9432,2026-08-24,169.6
9434,2025-09-01,219.61
9434,2025-09-08,220.67
9434,2025-09-15,220.19
9434,2025-09-22,220.77
9434,2025-09-29,210.08
9434,2025-10-06,210.67
9434,2025-10-13,211.26
9434,2025-10-20,213.71
9434,2025-10-27,214.4
9434,2025-11-03,214.59
9434,2025-11-10,218.02
9434,2025-11-17,229.0
9434,2025-11-24,218.81
9434,2025-12-01,210.96
9434,2025-12-08,213.02
9434,2025-12-15,212.53
9434,2025-12-22,212.83
9434,2025-12-29,210.57
9434,2026-01-05,210.28
9434,2026-01-12,211.75
9434,2026-01-19,210.38
9434,2026-01-26,204.89
9434,2026-02-02,209.98
9434,2026-02-09,209.89
9434,2026-02-16,205.87
9434,2026-02-23,209.59
9434,2026-03-02,206.46
9434,2026-03-09,209.0
9434,2026-03-16,211.36
9434,2026-03-23,214.2
9434,2026-03-30,218.8
9434,2026-04-06,211.2
9434,2026-04-13,224.3
9434,2026-04-20,220.2
9434,2026-04-27,220.6
9434,2026-05-04,220.4
9434,2026-05-11,225.0
9434,2026-05-18,223.0
9434,2026-05-25,215.3
9434,2026-06-01,211.7
9434,2026-06-08,213.5
9434,2026-06-15,210.6
9434,2026-06-22,204.7
9434,2026-06-29,209.1
9434,2026-07-06,211.4
9434,2026-07-13,220.5
9434,2026-07-20,221.6
9434,2026-07-27,223.4
9434,2026-08-03,230.9
9434,2026-08-10,234.9
9434,2026-08-17,233.8
9434,2026-08-24,239.5
9506,2025-09-01,1102.7
9506,2025-09-08,1121.06
9506,2025-09-15,1073.24
9506,2025-09-22,1086.28
9506,2025-09-29,1056.78
9506,2025-10-06,1087.76
9506,2025-10-13,1035.14
9506,2025-10-20,1084.31
9506,2025-10-27,1038.58
9506,2025-11-03,1038.58
9506,2025-11-10,1061.2
9506,2025-11-17,1069.07
9506,2025-11-24,1132.51
9506,2025-12-01,1079.89
9506,2025-12-08,1086.28
9506,2025-12-15,1113.82
9506,2025-12-22,1129.56
9506,2025-12-29,1133.98
9506,2026-01-05,1137.42
9506,2026-01-12,1158.57
9506,2026-01-19,1148.73
9506,2026-01-26,1097.59
9506,2026-02-02,1150.7
9506,2026-02-09,1178.73
9506,2026-02-16,1279.54
9506,2026-02-23,1274.13
9506,2026-03-02,1131.52
9506,2026-03-09,1133.0
9506,2026-03-16,1124.64
9506,2026-03-23,1192.5
9506,2026-03-30,1190.5
9506,2026-04-06,1164.0
9506,2026-04-13,1178.0
9506,2026-04-20,1128.5
9506,2026-04-27,1064.0
9506,2026-05-04,1055.5
9506,2026-05-11,1051.5
9506,2026-05-18,1011.0
9506,2026-05-25,1006.5
9506,2026-06-01,993.3
9506,2026-06-08,1019.5
9506,2026-06-15,1049.0
9506,2026-06-22,1042.0
9506,2026-06-29,1069.0
9506,2026-07-06,1089.5
9506,2026-07-13,1127.0
9506,2026-07-20,1142.0
9506,2026-07-27,1180.5
9506,2026-08-03,1217.0
9506,2026-08-10,1254.0
9506,2026-08-17,1330.5
9506,2026-08-24,1327.0
9507,2025-09-01,1333.01
9507,2025-09-08,1346.56
9507,2025-09-15,1301.55
9507,2025-09-22,1326.72
9507,2025-09-29,1355.31
9507,2025-10-06,1366.16
9507,2025-10-13,1375.03
9507,2025-10-20,1368.63
9507,2025-10-27,1358.76
9507,2025-11-03,1380.95
9507,2025-11-10,1420.89
9507,2025-11-17,1455.4
9507,2025-11-24,1541.18
9507,2025-12-01,1466.74
9507,2025-12-08,1449.48
9507,2025-12-15,1485.96
9507,2025-12-22,1518.01
9507,2025-12-29,1528.86
9507,2026-01-05,1542.17
9507,2026-01-12,1551.04
9507,2026-01-19,1556.47
9507,2026-01-26,1544.14
9507,2026-02-02,1606.75
9507,2026-02-09,1683.17
9507,2026-02-16,1733.95
9507,2026-02-23,1746.28
9507,2026-03-02,1597.39
9507,2026-03-09,1691.55
9507,2026-03-16,1697.47
9507,2026-03-23,1766.0
9507,2026-03-30,1827.5
9507,2026-04-06,1836.0
9507,2026-04-13,1791.0
9507,2026-04-20,1663.5
9507,2026-04-27,1541.0
9507,2026-05-04,1518.0
9507,2026-05-11,1541.5
9507,2026-05-18,1483.0
9507,2026-05-25,1458.0
9507,2026-06-01,1417.0
9507,2026-06-08,1468.5
9507,2026-06-15,1453.0
9507,2026-06-22,1478.0
9507,2026-06-29,1485.0
9507,2026-07-06,1490.5
9507,2026-07-13,1505.0
9507,2026-07-20,1548.0
9507,2026-07-27,1666.0
9507,2026-08-03,1720.5
9507,2026-08-10,1798.5
9507,2026-08-17,1889.5
9507,2026-08-24,1955.0
9633,2025-09-01,1382.5
9633,2025-09-08,1383.49
9633,2025-09-15,1383.49
9633,2025-09-22,1412.15
9633,2025-09-29,1383.49
9633,2025-10-06,1387.44
9633,2025-10-13,1382.5
9633,2025-10-20,1392.38
9633,2025-10-27,1430.92
9633,2025-11-03,1403.25
9633,2025-11-10,1404.24
9633,2025-11-17,1433.89
9633,2025-11-24,1408.2
9633,2025-12-01,1414.12
9633,2025-12-08,1417.09
9633,2025-12-15,1418.08
9633,2025-12-22,1469.46
9633,2025-12-29,1507.02
9633,2026-01-05,1474.41
9633,2026-01-12,1468.48
9633,2026-01-19,1475.39
9633,2026-01-26,1481.32
9633,2026-02-02,1481.32
9633,2026-02-09,1485.28
9633,2026-02-16,1508.99
9633,2026-02-23,1569.27
9633,2026-03-02,1606.83
9633,2026-03-09,1679.95
9633,2026-03-16,1677.98
9633,2026-03-23,1676.0
9633,2026-03-30,1647.0
9633,2026-04-06,1601.0
9633,2026-04-13,1578.0
9633,2026-04-20,1550.0
9633,2026-04-27,1570.0
9633,2026-05-04,1579.0
9633,2026-05-11,1633.0
9633,2026-05-18,1616.0
9633,2026-05-25,1672.0
9633,2026-06-01,1643.0
9633,2026-06-08,1659.0
9633,2026-06-15,1608.0
9633,2026-06-22,1617.0
9633,2026-06-29,1625.0
9633,2026-07-06,1631.0
9633,2026-07-13,1635.0
9633,2026-07-20,1638.0
9633,2026-07-27,1633.0
9633,2026-08-03,1646.0
9633,2026-08-10,1722.0
9633,2026-08-17,1836.0
9633,2026-08-24,1894.0
9739,2025-09-01,2454.21
9739,2025-09-08,2465.62
9739,2025-09-15,2428.55
9739,2025-09-22,2494.13
9739,2025-09-29,2424.64
9739,2025-10-06,2486.41
9739,2025-10-13,2483.51
9739,2025-10-20,2546.25
9739,2025-10-27,2398.57
9739,2025-11-03,2426.57
9739,2025-11-10,2387.96
9739,2025-11-17,2422.7
9739,2025-11-24,2485.44
9739,2025-12-01,2399.54
9739,2025-12-08,2393.75
9739,2025-12-15,2422.7
9739,2025-12-22,2436.22
9739,2025-12-29,2441.04
9739,2026-01-05,2466.14
9739,2026-01-12,2462.28
9739,2026-01-19,2455.52
9739,2026-01-26,2383.13
9739,2026-02-02,2402.43
9739,2026-02-09,2305.91
9739,2026-02-16,2298.19
9739,2026-02-23,2381.2
9739,2026-03-02,2270.2
9739,2026-03-09,2290.47
9739,2026-03-16,2274.06
9739,2026-03-23,2359.0
9739,2026-03-30,2506.0
9739,2026-04-06,2518.0
9739,2026-04-13,2553.0
9739,2026-04-20,2447.0
9739,2026-04-27,2450.0
9739,2026-05-04,2457.0
9739,2026-05-11,2508.0
9739,2026-05-18,2605.0
9739,2026-05-25,2538.0
9739,2026-06-01,2557.0
9739,2026-06-08,2449.0
9739,2026-06-15,2529.0
9739,2026-06-22,2542.0
9739,2026-06-29,2525.0
9739,2026-07-06,2511.0
9739,2026-07-13,2524.0
9739,2026-07-20,2529.0
9739,2026-07-27,2498.0
9739,2026-08-03,2521.0
9739,2026-08-10,2740.0
9739,2026-08-17,2714.0
9739,2026-08-24,2774.0
