code,date,close
1438,2025-08-18,1923.7
1438,2025-08-25,1897.24
1438,2025-09-01,1939.38
1438,2025-09-08,1956.04
1438,2025-09-15,1974.66
1438,2025-09-22,1917.82
1438,2025-09-29,1905.95
1438,2025-10-06,1927.71
1438,2025-10-13,1926.72
1438,2025-10-20,1910.9
1438,2025-10-27,1880.24
1438,2025-11-03,1879.25
1438,2025-11-10,1942.55
1438,2025-11-17,1839.68
1438,2025-11-24,1829.79
1438,2025-12-01,1833.75
1438,2025-12-08,1806.05
1438,2025-12-15,1802.1
1438,2025-12-22,1764.51
1438,2025-12-29,1795.17
1438,2026-01-05,1770.45
1438,2026-01-12,1772.43
1438,2026-01-19,1774.4
1438,2026-01-26,1755.61
1438,2026-02-02,1751.66
1438,2026-02-09,1790.23
1438,2026-02-16,1859.46
1438,2026-02-23,1862.43
1438,2026-03-02,1810.01
1438,2026-03-09,1828.8
1438,2026-03-16,1818.91
1438,2026-03-23,1811.0
1438,2026-03-30,1810.0
1438,2026-04-06,1849.0
1438,2026-04-13,1869.0
1438,2026-04-20,1910.0
1438,2026-04-27,1860.0
1438,2026-05-04,1863.0
1438,2026-05-11,1950.0
1438,2026-05-18,1899.0
1438,2026-05-25,1833.0
1438,2026-06-01,1856.0
1438,2026-06-08,1831.0
1438,2026-06-15,1872.0
1438,2026-06-22,1890.0
1438,2026-06-29,1879.0
1438,2026-07-06,1896.0
1438,2026-07-13,1871.0
1438,2026-07-20,1931.0
1438,2026-07-27,1965.0
1438,2026-08-03,2145.0
1438,2026-08-10,2187.0
1899,2025-08-18,2819.18
1899,2025-08-25,2848.2
1899,2025-09-01,3186.69
1899,2025-09-08,3239.89
1899,2025-09-15,3177.02
1899,2025-09-22,3380.12
1899,2025-09-29,3225.38
1899,2025-10-06,3264.06
1899,2025-10-13,3331.76
1899,2025-10-20,3389.79
1899,2025-10-27,3326.93
1899,2025-11-03,3438.15
1899,2025-11-10,3510.68
1899,2025-11-17,3660.59
1899,2025-11-24,3849.18
1899,2025-12-01,3742.79
1899,2025-12-08,3776.64
1899,2025-12-15,3747.63
1899,2025-12-22,3825.0
1899,2025-12-29,3760.0
1899,2026-01-05,3985.0
1899,2026-01-12,4115.0
1899,2026-01-19,4125.0
1899,2026-01-26,3900.0
1899,2026-02-02,4175.0
1899,2026-02-09,3710.0
1899,2026-02-16,3680.0
1899,2026-02-23,3925.0
1899,2026-03-02,3785.0
1899,2026-03-09,3795.0
1899,2026-03-16,3965.0
1899,2026-03-23,4155.0
1899,2026-03-30,4315.0
1899,2026-04-06,4290.0
1899,2026-04-13,4105.0
1899,2026-04-20,4070.0
1899,2026-04-27,4215.0
1899,2026-05-04,4215.0
1899,2026-05-11,4090.0
1899,2026-05-18,3785.0
1899,2026-05-25,3745.0
1899,2026-06-01,3675.0
1899,2026-06-08,3620.0
1899,2026-06-15,3970.0
1899,2026-06-22,3785.0
1899,2026-06-29,3655.0
1899,2026-07-06,3760.0
1899,2026-07-13,3720.0
1899,2026-07-20,3900.0
1899,2026-07-27,3870.0
1899,2026-08-03,4440.0
1899,2026-08-10,4895.0
2060,2025-08-18,1101.77
2060,2025-08-25,1089.26
2060,2025-09-01,1111.39
2060,2025-09-08,1103.69
2060,2025-09-15,1103.69
2060,2025-09-22,1117.16
2060,2025-09-29,1056.4
2060,2025-10-06,1017.21
2060,2025-10-13,1032.89
2060,2025-10-20,1044.65
2060,2025-10-27,997.61
2060,2025-11-03,983.89
2060,2025-11-10,986.83
2060,2025-11-17,1022.11
2060,2025-11-24,1005.45
2060,2025-12-01,998.59
2060,2025-12-08,991.73
2060,2025-12-15,1031.91
2060,2025-12-22,1034.85
2060,2025-12-29,1037.79
2060,2026-01-05,1060.32
2060,2026-01-12,1070.12
2060,2026-01-19,1068.16
2060,2026-01-26,1088.74
2060,2026-02-02,1174.98
2060,2026-02-09,1237.7
2060,2026-02-16,1230.84
2060,2026-02-23,1306.3
2060,2026-03-02,1239.66
2060,2026-03-09,1179.88
2060,2026-03-16,1167.14
2060,2026-03-23,1198.5
2060,2026-03-30,1170.0
2060,2026-04-06,1144.0
2060,2026-04-13,1125.0
2060,2026-04-20,1085.0
2060,2026-04-27,1102.0
2060,2026-05-04,1092.0
2060,2026-05-11,1253.0
2060,2026-05-18,1188.0
2060,2026-05-25,1200.0
2060,2026-06-01,1167.0
2060,2026-06-08,1211.0
2060,2026-06-15,1205.0
2060,2026-06-22,1219.0
2060,2026-06-29,1258.0
2060,2026-07-06,1261.0
2060,2026-07-13,1284.0
2060,2026-07-20,1283.0
2060,2026-07-27,1284.0
2060,2026-08-03,1273.0
2060,2026-08-10,1410.0
2108,2025-08-18,2625.27
2108,2025-08-25,2618.53
2108,2025-09-01,2703.28
2108,2025-09-08,2812.1
2108,2025-09-15,2800.55
2108,2025-09-22,2805.36
2108,2025-09-29,2803.43
2108,2025-10-06,2715.8
2108,2025-10-13,2743.73
2108,2025-10-20,2903.59
2108,2025-10-27,2880.48
2108,2025-11-03,2990.27
2108,2025-11-10,3192.51
2108,2025-11-17,3491.05
2108,2025-11-24,3500.68
2108,2025-12-01,3462.16
2108,2025-12-08,3500.68
2108,2025-12-15,3505.5
2108,2025-12-22,3659.58
2108,2025-12-29,3688.48
2108,2026-01-05,3808.86
2108,2026-01-12,3895.53
2108,2026-01-19,4015.91
2108,2026-01-26,3987.02
2108,2026-02-02,4011.1
2108,2026-02-09,4237.41
2108,2026-02-16,4155.55
2108,2026-02-23,4352.98
2108,2026-03-02,4126.66
2108,2026-03-09,3972.58
2108,2026-03-16,4044.8
2108,2026-03-23,4170.0
2108,2026-03-30,4140.0
2108,2026-04-06,4020.0
2108,2026-04-13,4000.0
2108,2026-04-20,4000.0
2108,2026-04-27,4020.0
2108,2026-05-04,3975.0
2108,2026-05-11,4240.0
2108,2026-05-18,4280.0
2108,2026-05-25,4280.0
2108,2026-06-01,4315.0
2108,2026-06-08,4570.0
2108,2026-06-15,4600.0
2108,2026-06-22,4680.0
2108,2026-06-29,4975.0
2108,2026-07-06,4720.0
2108,2026-07-13,4645.0
2108,2026-07-20,4960.0
2108,2026-07-27,5040.0
2108,2026-08-03,5170.0
2108,2026-08-10,5440.0
2120,2025-08-18,222.46
2120,2025-08-25,211.05
2120,2025-09-01,216.75
2120,2025-09-08,203.44
2120,2025-09-15,201.54
2120,2025-09-22,200.59
2120,2025-09-29,196.0
2120,2025-10-06,194.0
2120,2025-10-13,188.0
2120,2025-10-20,195.0
2120,2025-10-27,192.0
2120,2025-11-03,187.0
2120,2025-11-10,173.0
2120,2025-11-17,166.0
2120,2025-11-24,165.0
2120,2025-12-01,168.0
2120,2025-12-08,171.0
2120,2025-12-15,179.0
2120,2025-12-22,182.0
2120,2025-12-29,178.0
2120,2026-01-05,188.0
2120,2026-01-12,187.0
2120,2026-01-19,181.0
2120,2026-01-26,175.0
2120,2026-02-02,171.0
2120,2026-02-09,214.0
2120,2026-02-16,207.0
2120,2026-02-23,216.0
2120,2026-03-02,212.0
2120,2026-03-09,202.0
2120,2026-03-16,204.0
2120,2026-03-23,204.0
2120,2026-03-30,196.0
2120,2026-04-06,194.0
2120,2026-04-13,198.0
2120,2026-04-20,193.0
2120,2026-04-27,193.0
2120,2026-05-04,193.0
2120,2026-05-11,186.0
2120,2026-05-18,196.0
2120,2026-05-25,194.0
2120,2026-06-01,193.0
2120,2026-06-08,193.0
2120,2026-06-15,191.0
2120,2026-06-22,189.0
2120,2026-06-29,200.0
2120,2026-07-06,204.0
2120,2026-07-13,199.0
2120,2026-07-20,195.0
2120,2026-07-27,203.0
2120,2026-08-03,208.0
2120,2026-08-10,243.0
2207,2025-08-18,2121.31
2207,2025-08-25,2087.03
2207,2025-09-01,2142.86
2207,2025-09-08,2248.63
2207,2025-09-15,2204.56
2207,2025-09-22,2232.96
2207,2025-09-29,2115.38
2207,2025-10-06,2076.85
2207,2025-10-13,2095.62
2207,2025-10-20,2104.51
2207,2025-10-27,2106.49
2207,2025-11-03,2143.05
2207,2025-11-10,2172.69
2207,2025-11-17,2171.7
2207,2025-11-24,2333.74
2207,2025-12-01,2279.39
2207,2025-12-08,2324.84
2207,2025-12-15,2322.87
2207,2025-12-22,2331.76
2207,2025-12-29,2383.14
2207,2026-01-05,2489.85
2207,2026-01-12,2471.07
2207,2026-01-19,2485.89
2207,2026-01-26,2533.32
2207,2026-02-02,2567.9
2207,2026-02-09,2537.27
2207,2026-02-16,2551.1
2207,2026-02-23,2705.24
2207,2026-03-02,2815.9
2207,2026-03-09,2834.67
2207,2026-03-16,2871.23
2207,2026-03-23,2890.0
2207,2026-03-30,3095.0
2207,2026-04-06,3070.0
2207,2026-04-13,3260.0
2207,2026-04-20,3205.0
2207,2026-04-27,3280.0
2207,2026-05-04,3275.0
2207,2026-05-11,3090.0
2207,2026-05-18,3015.0
2207,2026-05-25,3000.0
2207,2026-06-01,2943.0
2207,2026-06-08,2946.0
2207,2026-06-15,3015.0
2207,2026-06-22,3160.0
2207,2026-06-29,3195.0
2207,2026-07-06,3110.0
2207,2026-07-13,3130.0
2207,2026-07-20,3155.0
2207,2026-07-27,3195.0
2207,2026-08-03,3245.0
2207,2026-08-10,3625.0
2222,2025-08-18,1824.41
2222,2025-08-25,1792.49
2222,2025-09-01,1792.49
2222,2025-09-08,1776.78
2222,2025-09-15,1780.71
2222,2025-09-22,1848.97
2222,2025-09-29,1774.81
2222,2025-10-06,1787.58
2222,2025-10-13,1827.85
2222,2025-10-20,1832.27
2222,2025-10-27,1815.58
2222,2025-11-03,1961.43
2222,2025-11-10,1903.97
2222,2025-11-17,1743.38
2222,2025-11-24,1808.7
2222,2025-12-01,1768.43
2222,2025-12-08,1786.6
2222,2025-12-15,1781.69
2222,2025-12-22,1812.14
2222,2025-12-29,1800.35
2222,2026-01-05,1820.98
2222,2026-01-12,1783.65
2222,2026-01-19,1786.6
2222,2026-01-26,1756.15
2222,2026-02-02,1984.02
2222,2026-02-09,1943.75
2222,2026-02-16,1942.77
2222,2026-02-23,1952.1
2222,2026-03-02,1895.13
2222,2026-03-09,1892.19
2222,2026-03-16,1924.11
2222,2026-03-23,1930.0
2222,2026-03-30,1895.5
2222,2026-04-06,1842.0
2222,2026-04-13,1991.5
2222,2026-04-20,2008.5
2222,2026-04-27,1972.0
2222,2026-05-04,1971.5
2222,2026-05-11,2121.5
2222,2026-05-18,2004.5
2222,2026-05-25,2085.0
2222,2026-06-01,2153.5
2222,2026-06-08,2342.5
2222,2026-06-15,2324.0
2222,2026-06-22,2421.5
2222,2026-06-29,2545.0
2222,2026-07-06,2608.5
2222,2026-07-13,2598.5
2222,2026-07-20,2434.0
2222,2026-07-27,2543.0
2222,2026-08-03,2609.0
2222,2026-08-10,2746.0
2371,2025-08-18,2781.98
2371,2025-08-25,2693.96
2371,2025-09-01,2625.99
2371,2025-09-08,2643.1
2371,2025-09-15,2588.82
2371,2025-09-22,2539.92
2371,2025-09-29,2427.34
2371,2025-10-06,2516.22
2371,2025-10-13,2523.63
2371,2025-10-20,2694.96
2371,2025-10-27,2714.71
2371,2025-11-03,2435.24
2371,2025-11-10,2449.07
2371,2025-11-17,2387.84
2371,2025-11-24,2275.26
2371,2025-12-01,2262.43
2371,2025-12-08,2193.79
2371,2025-12-15,2196.26
2371,2025-12-22,2325.63
2371,2025-12-29,2283.17
2371,2026-01-05,2309.33
2371,2026-01-12,2269.34
2371,2026-01-19,2218.98
2371,2026-01-26,2083.68
2371,2026-02-02,1823.96
2371,2026-02-09,1623.99
2371,2026-02-16,1652.63
2371,2026-02-23,1700.03
2371,2026-03-02,1789.4
2371,2026-03-09,1871.37
2371,2026-03-16,1900.5
2371,2026-03-23,1979.5
2371,2026-03-30,2225.5
2371,2026-04-06,1990.0
2371,2026-04-13,2144.5
2371,2026-04-20,2750.0
2371,2026-04-27,2581.5
2371,2026-05-04,2914.5
2371,2026-05-11,3528.0
2371,2026-05-18,3412.0
2371,2026-05-25,3340.0
2371,2026-06-01,3336.0
2371,2026-06-08,3307.0
2371,2026-06-15,3321.0
2371,2026-06-22,3310.0
2371,2026-06-29,3564.0
2371,2026-07-06,3630.0
2371,2026-07-13,3615.0
2371,2026-07-20,3673.0
2371,2026-07-27,3690.0
2371,2026-08-03,3711.0
2371,2026-08-10,3715.0
2410,2025-08-18,2193.42
2410,2025-08-25,2180.98
2410,2025-09-01,2220.22
2410,2025-09-08,2277.63
2410,2025-09-15,2243.18
2410,2025-09-22,2225.0
2410,2025-09-29,2186.0
2410,2025-10-06,2117.0
2410,2025-10-13,2170.0
2410,2025-10-20,2214.0
2410,2025-10-27,2193.0
2410,2025-11-03,2225.0
2410,2025-11-10,2331.0
2410,2025-11-17,2371.0
2410,2025-11-24,2414.0
2410,2025-12-01,2401.0
2410,2025-12-08,2339.0
2410,2025-12-15,2358.0
2410,2025-12-22,2440.0
2410,2025-12-29,2454.0
2410,2026-01-05,2527.0
2410,2026-01-12,2537.0
2410,2026-01-19,2529.0
2410,2026-01-26,2447.0
2410,2026-02-02,2402.0
2410,2026-02-09,2445.0
2410,2026-02-16,2440.0
2410,2026-02-23,2569.0
2410,2026-03-02,2524.0
2410,2026-03-09,2459.0
2410,2026-03-16,2408.0
2410,2026-03-23,2456.0
2410,2026-03-30,2466.0
2410,2026-04-06,2443.0
2410,2026-04-13,2460.0
2410,2026-04-20,2448.0
2410,2026-04-27,2453.0
2410,2026-05-04,2527.0
2410,2026-05-11,2489.0
2410,2026-05-18,2475.0
2410,2026-05-25,2540.0
2410,2026-06-01,2565.0
2410,2026-06-08,2523.0
2410,2026-06-15,2876.0
2410,2026-06-22,2886.0
2410,2026-06-29,2878.0
2410,2026-07-06,2892.0
2410,2026-07-13,2872.0
2410,2026-07-20,2876.0
2410,2026-07-27,2918.0
2410,2026-08-03,2807.0
2410,2026-08-10,2973.0
2436,2025-08-18,452.67
2436,2025-08-25,457.11
2436,2025-09-01,464.5
2436,2025-09-08,446.26
2436,2025-09-15,457.11
2436,2025-09-22,449.22
2436,2025-09-29,435.9
2436,2025-10-06,422.1
2436,2025-10-13,414.7
2436,2025-10-20,422.59
2436,2025-10-27,417.66
2436,2025-11-03,413.22
2436,2025-11-10,423.08
2436,2025-11-17,419.14
2436,2025-11-24,424.07
2436,2025-12-01,495.08
2436,2025-12-08,477.32
2436,2025-12-15,477.32
2436,2025-12-22,500.5
2436,2025-12-29,495.5
2436,2026-01-05,497.5
2436,2026-01-12,512.5
2436,2026-01-19,520.5
2436,2026-01-26,505.0
2436,2026-02-02,499.5
2436,2026-02-09,510.5
2436,2026-02-16,512.5
2436,2026-02-23,512.0
2436,2026-03-02,519.5
2436,2026-03-09,502.5
2436,2026-03-16,500.0
2436,2026-03-23,497.5
2436,2026-03-30,508.5
2436,2026-04-06,500.0
2436,2026-04-13,493.5
2436,2026-04-20,482.5
2436,2026-04-27,499.5
2436,2026-05-04,509.0
2436,2026-05-11,511.5
2436,2026-05-18,505.5
2436,2026-05-25,526.0
2436,2026-06-01,520.0
2436,2026-06-08,507.5
2436,2026-06-15,513.0
2436,2026-06-22,519.0
2436,2026-06-29,610.0
2436,2026-07-06,609.0
2436,2026-07-13,601.0
2436,2026-07-20,595.0
2436,2026-07-27,636.0
2436,2026-08-03,611.0
2436,2026-08-10,638.0
2492,2025-08-18,367.77
2492,2025-08-25,366.79
2492,2025-09-01,350.07
2492,2025-09-08,348.1
2492,2025-09-15,345.15
2492,2025-09-22,338.27
2492,2025-09-29,314.67
2492,2025-10-06,316.64
2492,2025-10-13,310.74
2492,2025-10-20,324.5
2492,2025-10-27,322.54
2492,2025-11-03,329.42
2492,2025-11-10,338.27
2492,2025-11-17,346.14
2492,2025-11-24,353.02
2492,2025-12-01,367.77
2492,2025-12-08,392.35
2492,2025-12-15,395.3
2492,2025-12-22,421.86
2492,2025-12-29,420.08
2492,2026-01-05,418.1
2492,2026-01-12,447.82
2492,2026-01-19,456.74
2492,2026-01-26,447.82
2492,2026-02-02,378.47
2492,2026-02-09,361.63
2492,2026-02-16,365.59
2492,2026-02-23,399.28
2492,2026-03-02,416.12
2492,2026-03-09,395.31
2492,2026-03-16,396.3
2492,2026-03-23,426.03
2492,2026-03-30,466.65
2492,2026-04-06,424.04
2492,2026-04-13,464.67
2492,2026-04-20,437.92
2492,2026-04-27,394.32
2492,2026-05-04,417.11
2492,2026-05-11,390.36
2492,2026-05-18,372.53
2492,2026-05-25,387.39
2492,2026-06-01,366.58
2492,2026-06-08,360.64
2492,2026-06-15,399.28
2492,2026-06-22,352.71
2492,2026-06-29,479.0
2492,2026-07-06,490.0
2492,2026-07-13,489.0
2492,2026-07-20,521.0
2492,2026-07-27,569.0
2492,2026-08-03,585.0
2492,2026-08-10,614.0
2607,2025-08-18,3500.55
2607,2025-08-25,3602.09
2607,2025-09-01,3603.07
2607,2025-09-08,3526.18
2607,2025-09-15,3469.99
2607,2025-09-22,3589.27
2607,2025-09-29,3489.98
2607,2025-10-06,3369.84
2607,2025-10-13,3238.78
2607,2025-10-20,3290.41
2607,2025-10-27,3168.29
2607,2025-11-03,3175.24
2607,2025-11-10,3420.48
2607,2025-11-17,3383.74
2607,2025-11-24,3582.32
2607,2025-12-01,3447.29
2607,2025-12-08,3442.32
2607,2025-12-15,3611.11
2607,2025-12-22,3607.14
2607,2025-12-29,3625.01
2607,2026-01-05,3843.45
2607,2026-01-12,3922.88
2607,2026-01-19,4052.95
2607,2026-01-26,3993.37
2607,2026-02-02,4228.69
2607,2026-02-09,4035.07
2607,2026-02-16,3891.11
2607,2026-02-23,3959.62
2607,2026-03-02,3441.33
2607,2026-03-09,3134.53
2607,2026-03-16,3482.04
2607,2026-03-23,3627.0
2607,2026-03-30,3570.0
2607,2026-04-06,3627.0
2607,2026-04-13,3530.0
2607,2026-04-20,3373.0
2607,2026-04-27,3396.0
2607,2026-05-04,3307.0
2607,2026-05-11,3525.0
2607,2026-05-18,3564.0
2607,2026-05-25,3519.0
2607,2026-06-01,3662.0
2607,2026-06-08,3741.0
2607,2026-06-15,3589.0
2607,2026-06-22,3956.0
2607,2026-06-29,4039.0
2607,2026-07-06,3986.0
2607,2026-07-13,3951.0
2607,2026-07-20,3835.0
2607,2026-07-27,3964.0
2607,2026-08-03,4106.0
2607,2026-08-10,4546.0
2652,2025-08-18,324.96
2652,2025-08-25,340.91
2652,2025-09-01,331.94
2652,2025-09-08,313.0
2652,2025-09-15,315.99
2652,2025-09-22,313.0
2652,2025-09-29,319.0
2652,2025-10-06,352.0
2652,2025-10-13,356.0
2652,2025-10-20,373.0
2652,2025-10-27,375.0
2652,2025-11-03,365.0
2652,2025-11-10,349.0
2652,2025-11-17,339.0
2652,2025-11-24,339.0
2652,2025-12-01,332.0
2652,2025-12-08,334.0
2652,2025-12-15,342.0
2652,2025-12-22,330.0
2652,2025-12-29,341.0
2652,2026-01-05,352.0
2652,2026-01-12,359.0
2652,2026-01-19,350.0
2652,2026-01-26,347.0
2652,2026-02-02,344.0
2652,2026-02-09,347.0
2652,2026-02-16,349.0
2652,2026-02-23,362.0
2652,2026-03-02,355.0
2652,2026-03-09,335.0
2652,2026-03-16,332.0
2652,2026-03-23,328.0
2652,2026-03-30,329.0
2652,2026-04-06,328.0
2652,2026-04-13,332.0
2652,2026-04-20,329.0
2652,2026-04-27,342.0
2652,2026-05-04,350.0
2652,2026-05-11,346.0
2652,2026-05-18,351.0
2652,2026-05-25,349.0
2652,2026-06-01,359.0
2652,2026-06-08,394.0
2652,2026-06-15,389.0
2652,2026-06-22,404.0
2652,2026-06-29,424.0
2652,2026-07-06,446.0
2652,2026-07-13,455.0
2652,2026-07-20,431.0
2652,2026-07-27,417.0
2652,2026-08-03,449.0
2652,2026-08-10,480.0
2664,2025-08-18,2742.87
2664,2025-08-25,2713.84
2664,2025-09-01,2766.1
2664,2025-09-08,2799.98
2664,2025-09-15,2791.27
2664,2025-09-22,2851.27
2664,2025-09-29,2804.82
2664,2025-10-06,2840.63
2664,2025-10-13,2831.92
2664,2025-10-20,2855.14
2664,2025-10-27,2873.53
2664,2025-11-03,2913.22
2664,2025-11-10,2888.05
2664,2025-11-17,2966.45
2664,2025-11-24,2927.73
2664,2025-12-01,2823.21
2664,2025-12-08,2795.14
2664,2025-12-15,2859.98
2664,2025-12-22,2918.05
2664,2025-12-29,2903.54
2664,2026-01-05,2932.57
2664,2026-01-12,2927.73
2664,2026-01-19,3000.32
2664,2026-01-26,3000.32
2664,2026-02-02,3029.36
2664,2026-02-09,3029.36
2664,2026-02-16,3029.36
2664,2026-02-23,3203.57
2664,2026-03-02,3000.32
2664,2026-03-09,2923.0
2664,2026-03-16,2991.0
2664,2026-03-23,2997.0
2664,2026-03-30,3050.0
2664,2026-04-06,3030.0
2664,2026-04-13,2923.0
2664,2026-04-20,2815.0
2664,2026-04-27,3000.0
2664,2026-05-04,3045.0
2664,2026-05-11,3065.0
2664,2026-05-18,3120.0
2664,2026-05-25,3280.0
2664,2026-06-01,3350.0
2664,2026-06-08,3510.0
2664,2026-06-15,3480.0
2664,2026-06-22,3485.0
2664,2026-06-29,3390.0
2664,2026-07-06,3440.0
2664,2026-07-13,3380.0
2664,2026-07-20,3335.0
2664,2026-07-27,3325.0
2664,2026-08-03,3645.0
2664,2026-08-10,3770.0
2798,2025-08-18,2989.0
2798,2025-08-25,2898.0
2798,2025-09-01,2901.0
2798,2025-09-08,2912.0
2798,2025-09-15,2901.0
2798,2025-09-22,2930.0
2798,2025-09-29,2926.0
2798,2025-10-06,2914.0
2798,2025-10-13,2910.0
2798,2025-10-20,2915.0
2798,2025-10-27,2929.0
2798,2025-11-03,2901.0
2798,2025-11-10,2906.0
2798,2025-11-17,2897.0
2798,2025-11-24,2919.0
2798,2025-12-01,2907.0
2798,2025-12-08,2921.0
2798,2025-12-15,2936.0
2798,2025-12-22,2946.0
2798,2025-12-29,2974.0
2798,2026-01-05,2995.0
2798,2026-01-12,3010.0
2798,2026-01-19,2995.0
2798,2026-01-26,2983.0
2798,2026-02-02,3005.0
2798,2026-02-09,3010.0
2798,2026-02-16,3015.0
2798,2026-02-23,2910.0
2798,2026-03-02,2907.0
2798,2026-03-09,2938.0
2798,2026-03-16,2915.0
2798,2026-03-23,2924.0
2798,2026-03-30,2948.0
2798,2026-04-06,2959.0
2798,2026-04-13,2968.0
2798,2026-04-20,2975.0
2798,2026-04-27,2989.0
2798,2026-05-04,2993.0
2798,2026-05-11,2993.0
2798,2026-05-18,2985.0
2798,2026-05-25,2999.0
2798,2026-06-01,2988.0
2798,2026-06-08,2988.0
2798,2026-06-15,2990.0
2798,2026-06-22,2980.0
2798,2026-06-29,2998.0
2798,2026-07-06,3010.0
2798,2026-07-13,3015.0
2798,2026-07-20,3025.0
2798,2026-07-27,3020.0
2798,2026-08-03,3045.0
2798,2026-08-10,3065.0
2820,2025-08-18,4991.71
2820,2025-08-25,4633.05
2820,2025-09-01,4972.06
2820,2025-09-08,4854.14
2820,2025-09-15,5080.14
2820,2025-09-22,4962.23
2820,2025-09-29,4750.97
2820,2025-10-06,4151.57
2820,2025-10-13,4009.09
2820,2025-10-20,3974.7
2820,2025-10-27,3935.39
2820,2025-11-03,3876.43
2820,2025-11-10,4407.05
2820,2025-11-17,4303.87
2820,2025-11-24,4338.27
2820,2025-12-01,4077.87
2820,2025-12-08,4023.83
2820,2025-12-15,4623.23
2820,2025-12-22,4618.31
2820,2025-12-29,4901.51
2820,2026-01-05,4807.44
2820,2026-01-12,4614.35
2820,2026-01-19,4871.8
2820,2026-01-26,4817.34
2820,2026-02-02,5020.33
2820,2026-02-09,5188.67
2820,2026-02-16,5218.38
2820,2026-02-23,5050.04
2820,2026-03-02,5030.24
2820,2026-03-09,4653.96
2820,2026-03-16,4535.13
2820,2026-03-23,4337.09
2820,2026-03-30,4173.71
2820,2026-04-06,4297.49
2820,2026-04-13,4243.02
2820,2026-04-20,4109.35
2820,2026-04-27,4035.08
2820,2026-05-04,3827.14
2820,2026-05-11,3772.68
2820,2026-05-18,4178.66
2820,2026-05-25,4545.04
2820,2026-06-01,4238.07
2820,2026-06-08,4624.25
2820,2026-06-15,4733.18
2820,2026-06-22,4852.0
2820,2026-06-29,5060.0
2820,2026-07-06,4720.0
2820,2026-07-13,5040.0
2820,2026-07-20,4755.0
2820,2026-07-27,4975.0
2820,2026-08-03,5080.0
2820,2026-08-10,5900.0
287A,2025-08-18,861.97
287A,2025-08-25,854.48
287A,2025-09-01,847.92
287A,2025-09-08,831.99
287A,2025-09-15,830.12
287A,2025-09-22,837.61
287A,2025-09-29,818.22
287A,2025-10-06,812.41
287A,2025-10-13,827.92
287A,2025-10-20,834.7
287A,2025-10-27,843.43
287A,2025-11-03,834.7
287A,2025-11-10,853.12
287A,2025-11-17,846.34
287A,2025-11-24,847.31
287A,2025-12-01,848.28
287A,2025-12-08,850.21
287A,2025-12-15,862.82
287A,2025-12-22,885.12
287A,2025-12-29,909.35
287A,2026-01-05,932.62
287A,2026-01-12,938.44
287A,2026-01-19,969.46
287A,2026-01-26,957.82
287A,2026-02-02,981.09
287A,2026-02-09,997.57
287A,2026-02-16,1030.53
287A,2026-02-23,1088.7
287A,2026-03-02,1059.62
287A,2026-03-09,1013.08
287A,2026-03-16,986.91
287A,2026-03-23,984.0
287A,2026-03-30,962.0
287A,2026-04-06,971.0
287A,2026-04-13,972.0
287A,2026-04-20,948.0
287A,2026-04-27,944.0
287A,2026-05-04,958.0
287A,2026-05-11,951.0
287A,2026-05-18,1018.0
287A,2026-05-25,1067.0
287A,2026-06-01,1057.0
287A,2026-06-08,1006.0
287A,2026-06-15,1106.0
287A,2026-06-22,1069.0
287A,2026-06-29,1101.0
287A,2026-07-06,1109.0
287A,2026-07-13,1071.0
287A,2026-07-20,1098.0
287A,2026-07-27,1091.0
287A,2026-08-03,1141.0
287A,2026-08-10,1215.0
2934,2025-08-18,1717.0
2934,2025-08-25,1929.0
2934,2025-09-01,1894.0
2934,2025-09-08,1818.0
2934,2025-09-15,1907.0
2934,2025-09-22,1762.0
2934,2025-09-29,1747.0
2934,2025-10-06,1781.0
2934,2025-10-13,1715.0
2934,2025-10-20,1760.0
2934,2025-10-27,1803.0
2934,2025-11-03,1791.0
2934,2025-11-10,1821.0
2934,2025-11-17,1733.0
2934,2025-11-24,1570.0
2934,2025-12-01,1330.0
2934,2025-12-08,1310.0
2934,2025-12-15,1302.0
2934,2025-12-22,1292.0
2934,2025-12-29,1326.0
2934,2026-01-05,1353.0
2934,2026-01-12,1398.0
2934,2026-01-19,1425.0
2934,2026-01-26,1422.0
2934,2026-02-02,1414.0
2934,2026-02-09,1335.0
2934,2026-02-16,1273.0
2934,2026-02-23,1326.0
2934,2026-03-02,1271.0
2934,2026-03-09,1232.0
2934,2026-03-16,1255.0
2934,2026-03-23,1304.0
2934,2026-03-30,1467.0
2934,2026-04-06,1563.0
2934,2026-04-13,1582.0
2934,2026-04-20,1680.0
2934,2026-04-27,1719.0
2934,2026-05-04,1749.0
2934,2026-05-11,1734.0
2934,2026-05-18,1688.0
2934,2026-05-25,1616.0
2934,2026-06-01,1500.0
2934,2026-06-08,1458.0
2934,2026-06-15,1471.0
2934,2026-06-22,1564.0
2934,2026-06-29,1566.0
2934,2026-07-06,1640.0
2934,2026-07-13,1740.0
2934,2026-07-20,1716.0
2934,2026-07-27,1860.0
2934,2026-08-03,1986.0
2934,2026-08-10,2000.0
300A,2025-08-18,2544.74
300A,2025-08-25,2788.58
300A,2025-09-01,2581.8
300A,2025-09-08,2589.61
300A,2025-09-15,2576.93
300A,2025-09-22,2712.5
300A,2025-09-29,2624.72
300A,2025-10-06,2502.8
300A,2025-10-13,2465.73
300A,2025-10-20,2565.22
300A,2025-10-27,2475.49
300A,2025-11-03,2439.4
300A,2025-11-10,2984.63
300A,2025-11-17,2994.38
300A,2025-11-24,3018.77
300A,2025-12-01,2874.41
300A,2025-12-08,2887.09
300A,2025-12-15,2917.33
300A,2025-12-22,2994.38
300A,2025-12-29,3013.89
300A,2026-01-05,3004.14
300A,2026-01-12,3033.4
300A,2026-01-19,3101.67
300A,2026-01-26,3106.55
300A,2026-02-02,3023.65
300A,2026-02-09,2901.72
300A,2026-02-16,2678.36
300A,2026-02-23,2706.65
300A,2026-03-02,2816.87
300A,2026-03-09,2733.96
300A,2026-03-16,2705.67
300A,2026-03-23,2772.0
300A,2026-03-30,2845.0
300A,2026-04-06,2928.0
300A,2026-04-13,2982.0
300A,2026-04-20,2879.0
300A,2026-04-27,2795.0
300A,2026-05-04,2782.0
300A,2026-05-11,2950.0
300A,2026-05-18,2918.0
300A,2026-05-25,2835.0
300A,2026-06-01,2804.0
300A,2026-06-08,2867.0
300A,2026-06-15,2800.0
300A,2026-06-22,2824.0
300A,2026-06-29,2917.0
300A,2026-07-06,2908.0
300A,2026-07-13,2874.0
300A,2026-07-20,2854.0
300A,2026-07-27,3000.0
300A,2026-08-03,3120.0
300A,2026-08-10,3415.0
3034,2025-08-18,2109.39
3034,2025-08-25,1993.45
3034,2025-09-01,2020.73
3034,2025-09-08,2011.96
3034,2025-09-15,1980.78
3034,2025-09-22,1995.4
3034,2025-09-29,1925.44
3034,2025-10-06,1941.2
3034,2025-10-13,1950.07
3034,2025-10-20,1971.75
3034,2025-10-27,1916.57
3034,2025-11-03,1958.94
3034,2025-11-10,2085.07
3034,2025-11-17,2289.04
3034,2025-11-24,2314.66
3034,2025-12-01,2249.63
3034,2025-12-08,2257.51
3034,2025-12-15,2200.36
3034,2025-12-22,2148.13
3034,2025-12-29,2107.73
3034,2026-01-05,2067.33
3034,2026-01-12,2059.45
3034,2026-01-19,2090.98
3034,2026-01-26,2089.99
3034,2026-02-02,1953.03
3034,2026-02-09,1941.2
3034,2026-02-16,1868.28
3034,2026-02-23,1939.23
3034,2026-03-02,1828.87
3034,2026-03-09,1763.83
3034,2026-03-16,1743.14
3034,2026-03-23,1820.0
3034,2026-03-30,1927.0
3034,2026-04-06,1958.0
3034,2026-04-13,1883.0
3034,2026-04-20,1774.0
3034,2026-04-27,1776.0
3034,2026-05-04,1760.0
3034,2026-05-11,1930.0
3034,2026-05-18,1816.0
3034,2026-05-25,1843.0
3034,2026-06-01,1860.0
3034,2026-06-08,1902.0
3034,2026-06-15,1856.0
3034,2026-06-22,1822.0
3034,2026-06-29,1937.0
3034,2026-07-06,2041.0
3034,2026-07-13,2082.0
3034,2026-07-20,2088.0
3034,2026-07-27,2094.0
3034,2026-08-03,2094.0
3034,2026-08-10,2638.0
3036,2025-08-18,2074.95
3036,2025-08-25,2090.4
3036,2025-09-01,2122.24
3036,2025-09-08,2070.13
3036,2025-09-15,2028.63
3036,2025-09-22,2103.91
3036,2025-09-29,2036.99
3036,2025-10-06,2031.09
3036,2025-10-13,2084.23
3036,2025-10-20,2148.19
3036,2025-10-27,2133.43
3036,2025-11-03,2079.31
3036,2025-11-10,2125.56
3036,2025-11-17,2201.33
3036,2025-11-24,2337.13
3036,2025-12-01,2274.15
3036,2025-12-08,2366.65
3036,2025-12-15,2389.28
3036,2025-12-22,2451.28
3036,2025-12-29,2476.86
3036,2026-01-05,2653.99
3036,2026-01-12,2836.04
3036,2026-01-19,2755.35
3036,2026-01-26,2672.69
3036,2026-02-02,2746.49
3036,2026-02-09,2991.52
3036,2026-02-16,3021.05
3036,2026-02-23,3247.38
3036,2026-03-02,2908.86
3036,2026-03-09,2785.86
3036,2026-03-16,2767.16
3036,2026-03-23,2777.0
3036,2026-03-30,2660.0
3036,2026-04-06,2663.0
3036,2026-04-13,2619.0
3036,2026-04-20,2476.0
3036,2026-04-27,2519.0
3036,2026-05-04,2610.0
3036,2026-05-11,2641.0
3036,2026-05-18,2502.0
3036,2026-05-25,2487.0
3036,2026-06-01,2375.0
3036,2026-06-08,2329.0
3036,2026-06-15,2405.0
3036,2026-06-22,2432.0
3036,2026-06-29,2528.0
3036,2026-07-06,2479.0
3036,2026-07-13,2451.0
3036,2026-07-20,2573.0
3036,2026-07-27,2602.0
3036,2026-08-03,3520.0
3036,2026-08-10,3755.0
3040,2025-08-18,1365.47
3040,2025-08-25,1346.05
3040,2025-09-01,1343.14
3040,2025-09-08,1355.76
3040,2025-09-15,1403.35
3040,2025-09-22,1439.28
3040,2025-09-29,1405.29
3040,2025-10-06,1494.64
3040,2025-10-13,1434.43
3040,2025-10-20,1614.09
3040,2025-10-27,1667.51
3040,2025-11-03,1719.95
3040,2025-11-10,1793.76
3040,2025-11-17,1772.4
3040,2025-11-24,1845.23
3040,2025-12-01,1869.51
3040,2025-12-08,1931.67
3040,2025-12-15,1952.06
3040,2025-12-22,2031.7
3040,2025-12-29,2022.84
3040,2026-01-05,2013.98
3040,2026-01-12,2112.42
3040,2026-01-19,2015.95
3040,2026-01-26,1921.45
3040,2026-02-02,1895.86
3040,2026-02-09,1973.62
3040,2026-02-16,2054.34
3040,2026-02-23,1962.8
3040,2026-03-02,1837.78
3040,2026-03-09,1814.16
3040,2026-03-16,1775.77
3040,2026-03-23,1741.32
3040,2026-03-30,1646.82
3040,2026-04-06,1697.02
3040,2026-04-13,1734.43
3040,2026-04-20,1747.22
3040,2026-04-27,1746.24
3040,2026-05-04,1841.72
3040,2026-05-11,2017.92
3040,2026-05-18,2101.59
3040,2026-05-25,2069.1
3040,2026-06-01,2166.56
3040,2026-06-08,2041.54
3040,2026-06-15,1992.33
3040,2026-06-22,1887.0
3040,2026-06-29,1986.0
3040,2026-07-06,1988.0
3040,2026-07-13,1971.0
3040,2026-07-20,1957.0
3040,2026-07-27,1950.0
3040,2026-08-03,2006.0
3040,2026-08-10,2563.0
3131,2025-08-18,2705.34
3131,2025-08-25,3065.36
3131,2025-09-01,2969.86
3131,2025-09-08,3199.05
3131,2025-09-15,3151.3
3131,2025-09-22,3199.05
3131,2025-09-29,3165.62
3131,2025-10-06,3194.27
3131,2025-10-13,2974.64
3131,2025-10-20,3070.13
3131,2025-10-27,3347.06
3131,2025-11-03,3318.41
3131,2025-11-10,2627.99
3131,2025-11-17,2520.08
3131,2025-11-24,2593.62
3131,2025-12-01,2561.15
3131,2025-12-08,2616.53
3131,2025-12-15,2559.24
3131,2025-12-22,2746.41
3131,2025-12-29,2767.41
3131,2026-01-05,2797.02
3131,2026-01-12,2826.62
3131,2026-01-19,2874.37
3131,2026-01-26,2898.24
3131,2026-02-02,2847.63
3131,2026-02-09,2776.01
3131,2026-02-16,2825.67
3131,2026-02-23,2950.76
3131,2026-03-02,2801.79
3131,2026-03-09,2674.79
3131,2026-03-16,2700.57
3131,2026-03-23,2755.0
3131,2026-03-30,2695.0
3131,2026-04-06,2731.0
3131,2026-04-13,2779.0
3131,2026-04-20,2744.0
3131,2026-04-27,2857.0
3131,2026-05-04,3055.0
3131,2026-05-11,3125.0
3131,2026-05-18,3200.0
3131,2026-05-25,3455.0
3131,2026-06-01,3655.0
3131,2026-06-08,3350.0
3131,2026-06-15,3615.0
3131,2026-06-22,3555.0
3131,2026-06-29,4025.0
3131,2026-07-06,3635.0
3131,2026-07-13,3375.0
3131,2026-07-20,3515.0
3131,2026-07-27,4100.0
3131,2026-08-03,4455.0
3131,2026-08-10,6880.0
3132,2025-08-18,1969.14
3132,2025-08-25,1966.24
3132,2025-09-01,1993.85
3132,2025-09-08,2088.82
3132,2025-09-15,2046.18
3132,2025-09-22,2042.31
3132,2025-09-29,1975.79
3132,2025-10-06,1974.81
3132,2025-10-13,2028.51
3132,2025-10-20,2176.82
3132,2025-10-27,2166.96
3132,2025-11-03,2236.93
3132,2025-11-10,2297.04
3132,2025-11-17,2189.63
3132,2025-11-24,2286.2
3132,2025-12-01,2318.23
3132,2025-12-08,2510.88
3132,2025-12-15,2374.89
3132,2025-12-22,2379.82
3132,2025-12-29,2357.65
3132,2026-01-05,2440.91
3132,2026-01-12,2552.27
3132,2026-01-19,2602.53
3132,2026-01-26,2609.42
3132,2026-02-02,2490.68
3132,2026-02-09,2606.47
3132,2026-02-16,2590.7
3132,2026-02-23,2728.17
3132,2026-03-02,2426.63
3132,2026-03-09,2254.67
3132,2026-03-16,2337.94
3132,2026-03-23,2367.5
3132,2026-03-30,2289.5
3132,2026-04-06,2299.0
3132,2026-04-13,2378.0
3132,2026-04-20,2535.5
3132,2026-04-27,2594.0
3132,2026-05-04,2765.0
3132,2026-05-11,3241.0
3132,2026-05-18,3227.0
3132,2026-05-25,3110.0
3132,2026-06-01,3493.0
3132,2026-06-08,3170.0
3132,2026-06-15,3350.0
3132,2026-06-22,3184.0
3132,2026-06-29,3175.0
3132,2026-07-06,3256.0
3132,2026-07-13,3201.0
3132,2026-07-20,3378.0
3132,2026-07-27,3295.0
3132,2026-08-03,3621.0
3132,2026-08-10,3798.0
3156,2025-08-18,2527.58
3156,2025-08-25,2493.25
3156,2025-09-01,2503.74
3156,2025-09-08,2547.61
3156,2025-09-15,2518.05
3156,2025-09-22,2566.69
3156,2025-09-29,2563.76
3156,2025-10-06,2504.26
3156,2025-10-13,2524.74
3156,2025-10-20,2566.69
3156,2025-10-27,2519.86
3156,2025-11-03,2480.84
3156,2025-11-10,2505.23
3156,2025-11-17,2509.13
3156,2025-11-24,2693.51
3156,2025-12-01,2647.66
3156,2025-12-08,2634.0
3156,2025-12-15,2615.47
3156,2025-12-22,2726.68
3156,2025-12-29,2726.68
3156,2026-01-05,2773.51
3156,2026-01-12,2810.58
3156,2026-01-19,2911.06
3156,2026-01-26,2864.24
3156,2026-02-02,2913.01
3156,2026-02-09,3038.86
3156,2026-02-16,3014.47
3156,2026-02-23,3073.01
3156,2026-03-02,2868.14
3156,2026-03-09,2770.58
3156,2026-03-16,2749.12
3156,2026-03-23,2714.0
3156,2026-03-30,2716.0
3156,2026-04-06,2821.0
3156,2026-04-13,2827.0
3156,2026-04-20,2847.0
3156,2026-04-27,2828.0
3156,2026-05-04,2975.0
3156,2026-05-11,3465.0
3156,2026-05-18,3550.0
3156,2026-05-25,4065.0
3156,2026-06-01,4390.0
3156,2026-06-08,4410.0
3156,2026-06-15,4410.0
3156,2026-06-22,4305.0
3156,2026-06-29,4020.0
3156,2026-07-06,3730.0
3156,2026-07-13,3495.0
3156,2026-07-20,3540.0
3156,2026-07-27,4125.0
3156,2026-08-03,4415.0
3156,2026-08-10,5510.0
3176,2025-08-18,756.25
3176,2025-08-25,777.47
3176,2025-09-01,790.01
3176,2025-09-08,795.8
3176,2025-09-15,795.8
3176,2025-09-22,804.48
3176,2025-09-29,775.03
3176,2025-10-06,748.53
3176,2025-10-13,760.31
3176,2025-10-20,786.32
3176,2025-10-27,779.94
3176,2025-11-03,785.34
3176,2025-11-10,749.51
3176,2025-11-17,743.62
3176,2025-11-24,757.36
3176,2025-12-01,730.37
3176,2025-12-08,723.98
3176,2025-12-15,724.48
3176,2025-12-22,734.78
3176,2025-12-29,732.82
3176,2026-01-05,753.93
3176,2026-01-12,767.67
3176,2026-01-19,772.09
3176,2026-01-26,778.96
3176,2026-02-02,873.2
3176,2026-02-09,887.92
3176,2026-02-16,905.59
3176,2026-02-23,924.74
3176,2026-03-02,849.64
3176,2026-03-09,797.12
3176,2026-03-16,814.79
3176,2026-03-23,803.5
3176,2026-03-30,811.0
3176,2026-04-06,819.0
3176,2026-04-13,802.5
3176,2026-04-20,773.0
3176,2026-04-27,789.5
3176,2026-05-04,784.5
3176,2026-05-11,793.0
3176,2026-05-18,812.0
3176,2026-05-25,790.0
3176,2026-06-01,761.0
3176,2026-06-08,765.0
3176,2026-06-15,763.5
3176,2026-06-22,778.0
3176,2026-06-29,793.0
3176,2026-07-06,815.0
3176,2026-07-13,815.0
3176,2026-07-20,842.0
3176,2026-07-27,865.0
3176,2026-08-03,1069.0
3176,2026-08-10,1170.0
319A,2025-08-18,5050.0
319A,2025-08-25,5460.0
319A,2025-09-01,6160.0
319A,2025-09-08,6250.0
319A,2025-09-15,7060.0
319A,2025-09-22,7500.0
319A,2025-09-29,8260.0
319A,2025-10-06,8660.0
319A,2025-10-13,8850.0
319A,2025-10-20,9200.0
319A,2025-10-27,8790.0
319A,2025-11-03,9130.0
319A,2025-11-10,9070.0
319A,2025-11-17,9650.0
319A,2025-11-24,10870.0
319A,2025-12-01,9770.0
319A,2025-12-08,9230.0
319A,2025-12-15,9740.0
319A,2025-12-22,9600.0
319A,2025-12-29,9870.0
319A,2026-01-05,11360.0
319A,2026-01-12,11740.0
319A,2026-01-19,10450.0
319A,2026-01-26,9250.0
319A,2026-02-02,9520.0
319A,2026-02-09,10260.0
319A,2026-02-16,10770.0
319A,2026-02-23,12020.0
319A,2026-03-02,13500.0
319A,2026-03-09,13600.0
319A,2026-03-16,12450.0
319A,2026-03-23,12620.0
319A,2026-03-30,11660.0
319A,2026-04-06,12900.0
319A,2026-04-13,13590.0
319A,2026-04-20,13500.0
319A,2026-04-27,13660.0
319A,2026-05-04,14330.0
319A,2026-05-11,13280.0
319A,2026-05-18,17160.0
319A,2026-05-25,18110.0
319A,2026-06-01,16190.0
319A,2026-06-08,16540.0
319A,2026-06-15,17360.0
319A,2026-06-22,16810.0
319A,2026-06-29,17480.0
319A,2026-07-06,18470.0
319A,2026-07-13,17680.0
319A,2026-07-20,15910.0
319A,2026-07-27,16560.0
319A,2026-08-03,19370.0
319A,2026-08-10,20380.0
3276,2025-08-18,1269.07
3276,2025-08-25,1263.21
3276,2025-09-01,1239.79
3276,2025-09-08,1272.0
3276,2025-09-15,1264.19
3276,2025-09-22,1309.1
3276,2025-09-29,1230.02
3276,2025-10-06,1242.71
3276,2025-10-13,1246.62
3276,2025-10-20,1267.12
3276,2025-10-27,1223.19
3276,2025-11-03,1222.21
3276,2025-11-10,1236.86
3276,2025-11-17,1251.5
3276,2025-11-24,1265.17
3276,2025-12-01,1224.17
3276,2025-12-08,1227.09
3276,2025-12-15,1257.36
3276,2025-12-22,1272.0
3276,2025-12-29,1290.0
3276,2026-01-05,1292.0
3276,2026-01-12,1294.0
3276,2026-01-19,1291.0
3276,2026-01-26,1280.0
3276,2026-02-02,1289.0
3276,2026-02-09,1332.0
3276,2026-02-16,1352.0
3276,2026-02-23,1375.0
3276,2026-03-02,1341.0
3276,2026-03-09,1330.0
3276,2026-03-16,1321.0
3276,2026-03-23,1328.0
3276,2026-03-30,1322.0
3276,2026-04-06,1329.0
3276,2026-04-13,1316.0
3276,2026-04-20,1292.0
3276,2026-04-27,1298.0
3276,2026-05-04,1281.0
3276,2026-05-11,1353.0
3276,2026-05-18,1323.0
3276,2026-05-25,1329.0
3276,2026-06-01,1315.0
3276,2026-06-08,1303.0
3276,2026-06-15,1310.0
3276,2026-06-22,1310.0
3276,2026-06-29,1329.0
3276,2026-07-06,1587.0
3276,2026-07-13,1781.0
3276,2026-07-20,1794.0
3276,2026-07-27,1822.0
3276,2026-08-03,2244.0
3276,2026-08-10,2245.0
3277,2025-08-18,635.39
3277,2025-08-25,621.94
3277,2025-09-01,609.94
3277,2025-09-08,610.9
3277,2025-09-15,616.18
3277,2025-09-22,631.55
3277,2025-09-29,623.86
3277,2025-10-06,623.86
3277,2025-10-13,657.0
3277,2025-10-20,671.89
3277,2025-10-27,656.04
3277,2025-11-03,646.44
3277,2025-11-10,677.65
3277,2025-11-17,652.2
3277,2025-11-24,670.93
3277,2025-12-01,628.19
3277,2025-12-08,627.23
3277,2025-12-15,630.11
3277,2025-12-22,646.44
3277,2025-12-29,650.85
3277,2026-01-05,683.74
3277,2026-01-12,687.18
3277,2026-01-19,676.87
3277,2026-01-26,666.56
3277,2026-02-02,668.52
3277,2026-02-09,680.79
3277,2026-02-16,690.12
3277,2026-02-23,744.6
3277,2026-03-02,726.93
3277,2026-03-09,696.99
3277,2026-03-16,701.9
3277,2026-03-23,693.07
3277,2026-03-30,692.57
3277,2026-04-06,696.5
3277,2026-04-13,699.94
3277,2026-04-20,684.72
3277,2026-04-27,638.09
3277,2026-05-04,642.02
3277,2026-05-11,679.81
3277,2026-05-18,627.29
3277,2026-05-25,628.77
3277,2026-06-01,617.48
3277,2026-06-08,617.97
3277,2026-06-15,619.93
3277,2026-06-22,643.0
3277,2026-06-29,645.0
3277,2026-07-06,637.0
3277,2026-07-13,636.0
3277,2026-07-20,647.0
3277,2026-07-27,642.0
3277,2026-08-03,629.0
3277,2026-08-10,833.0
3374,2025-08-18,1916.84
3374,2025-08-25,1940.74
3374,2025-09-01,1928.31
3374,2025-09-08,1973.25
3374,2025-09-15,2061.2
3374,2025-09-22,2080.32
3374,2025-09-29,2064.07
3374,2025-10-06,2027.74
3374,2025-10-13,2057.38
3374,2025-10-20,2042.08
3374,2025-10-27,2050.68
3374,2025-11-03,2021.05
3374,2025-11-10,2017.22
3374,2025-11-17,1972.29
3374,2025-11-24,2013.4
3374,2025-12-01,2020.09
3374,2025-12-08,2008.62
3374,2025-12-15,2044.95
3374,2025-12-22,2120.47
3374,2025-12-29,2159.67
3374,2026-01-05,2194.09
3374,2026-01-12,2304.03
3374,2026-01-19,2351.83
3374,2026-01-26,2321.24
3374,2026-02-02,2408.24
3374,2026-02-09,2381.47
3374,2026-02-16,2447.44
3374,2026-02-23,2540.17
3374,2026-03-02,2449.35
3374,2026-03-09,2441.7
3374,2026-03-16,2413.02
3374,2026-03-23,2283.0
3374,2026-03-30,2401.0
3374,2026-04-06,2432.0
3374,2026-04-13,2460.0
3374,2026-04-20,2388.0
3374,2026-04-27,2812.0
3374,2026-05-04,3005.0
3374,2026-05-11,2840.0
3374,2026-05-18,3025.0
3374,2026-05-25,3055.0
3374,2026-06-01,3005.0
3374,2026-06-08,2908.0
3374,2026-06-15,3555.0
3374,2026-06-22,3390.0
3374,2026-06-29,3435.0
3374,2026-07-06,3330.0
3374,2026-07-13,3175.0
3374,2026-07-20,3360.0
3374,2026-07-27,3110.0
3374,2026-08-03,3510.0
3374,2026-08-10,4455.0
3467,2025-08-18,2081.46
3467,2025-08-25,2150.39
3467,2025-09-01,2115.92
3467,2025-09-08,2229.86
3467,2025-09-15,2215.5
3467,2025-09-22,2276.77
3467,2025-09-29,2156.14
3467,2025-10-06,2131.24
3467,2025-10-13,2171.45
3467,2025-10-20,2180.07
3467,2025-10-27,2167.62
3467,2025-11-03,2148.48
3467,2025-11-10,2213.58
3467,2025-11-17,2158.05
3467,2025-11-24,2216.45
3467,2025-12-01,2230.82
3467,2025-12-08,2288.26
3467,2025-12-15,2300.71
3467,2025-12-22,2316.98
3467,2025-12-29,2373.47
3467,2026-01-05,2433.79
3467,2026-01-12,2435.71
3467,2026-01-19,2464.43
3467,2026-01-26,2448.15
3467,2026-02-02,2520.92
3467,2026-02-09,2611.87
3467,2026-02-16,2725.81
3467,2026-02-23,2723.89
3467,2026-03-02,2632.94
3467,2026-03-09,2681.77
3467,2026-03-16,2687.51
3467,2026-03-23,2654.0
3467,2026-03-30,2519.0
3467,2026-04-06,2502.0
3467,2026-04-13,2380.0
3467,2026-04-20,2309.0
3467,2026-04-27,2252.0
3467,2026-05-04,2244.0
3467,2026-05-11,2625.0
3467,2026-05-18,2545.0
3467,2026-05-25,2526.0
3467,2026-06-01,2479.0
3467,2026-06-08,2440.0
3467,2026-06-15,2468.0
3467,2026-06-22,2500.0
3467,2026-06-29,2653.0
3467,2026-07-06,2673.0
3467,2026-07-13,2690.0
3467,2026-07-20,2761.0
3467,2026-07-27,2753.0
3467,2026-08-03,2723.0
3467,2026-08-10,2864.0
3551,2025-08-18,901.56
3551,2025-08-25,907.32
3551,2025-09-01,894.85
3551,2025-09-08,958.15
3551,2025-09-15,961.99
3551,2025-09-22,967.74
3551,2025-09-29,945.68
3551,2025-10-06,921.71
3551,2025-10-13,928.42
3551,2025-10-20,961.99
3551,2025-10-27,967.74
3551,2025-11-03,929.38
3551,2025-11-10,941.85
3551,2025-11-17,907.32
3551,2025-11-24,940.89
3551,2025-12-01,927.46
3551,2025-12-08,978.29
3551,2025-12-15,1009.94
3551,2025-12-22,1018.58
3551,2025-12-29,1041.59
3551,2026-01-05,1066.53
3551,2026-01-12,1089.55
3551,2026-01-19,1093.39
3551,2026-01-26,1071.33
3551,2026-02-02,1102.98
3551,2026-02-09,1170.12
3551,2026-02-16,1179.71
3551,2026-02-23,1193.13
3551,2026-03-02,1176.83
3551,2026-03-09,1143.26
3551,2026-03-16,1133.67
3551,2026-03-23,1079.0
3551,2026-03-30,1061.0
3551,2026-04-06,1080.0
3551,2026-04-13,1099.0
3551,2026-04-20,1079.0
3551,2026-04-27,1035.0
3551,2026-05-04,1020.0
3551,2026-05-11,1298.0
3551,2026-05-18,1339.0
3551,2026-05-25,1406.0
3551,2026-06-01,1320.0
3551,2026-06-08,1236.0
3551,2026-06-15,1400.0
3551,2026-06-22,1289.0
3551,2026-06-29,1320.0
3551,2026-07-06,1366.0
3551,2026-07-13,1431.0
3551,2026-07-20,1391.0
3551,2026-07-27,1367.0
3551,2026-08-03,1395.0
3551,2026-08-10,1585.0
365A,2025-08-18,640.7
365A,2025-08-25,677.55
365A,2025-09-01,629.36
365A,2025-09-08,596.28
365A,2025-09-15,635.03
365A,2025-09-22,618.02
365A,2025-09-29,607.62
365A,2025-10-06,579.27
365A,2025-10-13,560.37
365A,2025-10-20,569.82
365A,2025-10-27,550.92
365A,2025-11-03,548.09
365A,2025-11-10,549.03
365A,2025-11-17,538.64
365A,2025-11-24,568.88
365A,2025-12-01,556.59
365A,2025-12-08,566.04
365A,2025-12-15,585.89
365A,2025-12-22,611.4
365A,2025-12-29,622.74
365A,2026-01-05,634.08
365A,2026-01-12,659.6
365A,2026-01-19,677.55
365A,2026-01-26,664.32
365A,2026-02-02,666.21
365A,2026-02-09,682.28
365A,2026-02-16,675.66
365A,2026-02-23,684.0
365A,2026-03-02,676.0
365A,2026-03-09,670.0
365A,2026-03-16,655.0
365A,2026-03-23,674.0
365A,2026-03-30,669.0
365A,2026-04-06,686.0
365A,2026-04-13,741.0
365A,2026-04-20,711.0
365A,2026-04-27,717.0
365A,2026-05-04,726.0
365A,2026-05-11,710.0
365A,2026-05-18,734.0
365A,2026-05-25,745.0
365A,2026-06-01,733.0
365A,2026-06-08,715.0
365A,2026-06-15,733.0
365A,2026-06-22,728.0
365A,2026-06-29,742.0
365A,2026-07-06,752.0
365A,2026-07-13,774.0
365A,2026-07-20,800.0
365A,2026-07-27,785.0
365A,2026-08-03,779.0
365A,2026-08-10,809.0
3723,2025-08-18,1308.66
3723,2025-08-25,1328.39
3723,2025-09-01,1407.35
3723,2025-09-08,1495.18
3723,2025-09-15,1534.66
3723,2025-09-22,1509.0
3723,2025-09-29,1505.0
3723,2025-10-06,1517.0
3723,2025-10-13,1491.0
3723,2025-10-20,1500.0
3723,2025-10-27,1481.0
3723,2025-11-03,1484.0
3723,2025-11-10,1355.0
3723,2025-11-17,1385.0
3723,2025-11-24,1501.0
3723,2025-12-01,1498.0
3723,2025-12-08,1532.0
3723,2025-12-15,1575.0
3723,2025-12-22,1646.0
3723,2025-12-29,1652.0
3723,2026-01-05,1645.0
3723,2026-01-12,1655.0
3723,2026-01-19,1632.0
3723,2026-01-26,1614.0
3723,2026-02-02,1764.0
3723,2026-02-09,1842.0
3723,2026-02-16,2299.0
3723,2026-02-23,2682.0
3723,2026-03-02,2363.0
3723,2026-03-09,2247.0
3723,2026-03-16,2020.0
3723,2026-03-23,2075.0
3723,2026-03-30,1971.0
3723,2026-04-06,2009.0
3723,2026-04-13,2201.0
3723,2026-04-20,2245.0
3723,2026-04-27,2088.0
3723,2026-05-04,2123.0
3723,2026-05-11,2520.0
3723,2026-05-18,2372.0
3723,2026-05-25,2389.0
3723,2026-06-01,2301.0
3723,2026-06-08,2335.0
3723,2026-06-15,2480.0
3723,2026-06-22,2648.0
3723,2026-06-29,2818.0
3723,2026-07-06,2697.0
3723,2026-07-13,2604.0
3723,2026-07-20,2627.0
3723,2026-07-27,2695.0
3723,2026-08-03,2714.0
3723,2026-08-10,2903.0
3763,2025-08-18,1605.91
3763,2025-08-25,1542.65
3763,2025-09-01,1571.85
3763,2025-09-08,1608.34
3763,2025-09-15,1562.11
3763,2025-09-22,1506.15
3763,2025-09-29,1447.27
3763,2025-10-06,1459.92
3763,2025-10-13,1456.03
3763,2025-10-20,1591.31
3763,2025-10-27,1453.11
3763,2025-11-03,1458.95
3763,2025-11-10,1450.19
3763,2025-11-17,1748.01
3763,2025-11-24,1614.67
3763,2025-12-01,1556.27
3763,2025-12-08,1518.32
3763,2025-12-15,1594.23
3763,2025-12-22,1664.31
3763,2025-12-29,1673.07
3763,2026-01-05,1679.88
3763,2026-01-12,1695.45
3763,2026-01-19,1659.44
3763,2026-01-26,1566.98
3763,2026-02-02,1411.26
3763,2026-02-09,1360.65
3763,2026-02-16,1389.84
3763,2026-02-23,1450.19
3763,2026-03-02,1451.16
3763,2026-03-09,1465.76
3763,2026-03-16,1489.12
3763,2026-03-23,1457.0
3763,2026-03-30,1394.0
3763,2026-04-06,1340.0
3763,2026-04-13,1441.0
3763,2026-04-20,1520.0
3763,2026-04-27,1530.0
3763,2026-05-04,1618.0
3763,2026-05-11,1630.0
3763,2026-05-18,1561.0
3763,2026-05-25,1607.0
3763,2026-06-01,1652.0
3763,2026-06-08,1668.0
3763,2026-06-15,1705.0
3763,2026-06-22,1674.0
3763,2026-06-29,1791.0
3763,2026-07-06,1836.0
3763,2026-07-13,1823.0
3763,2026-07-20,1755.0
3763,2026-07-27,1850.0
3763,2026-08-03,1808.0
3763,2026-08-10,2022.0
3895,2025-08-18,411.44
3895,2025-08-25,416.26
3895,2025-09-01,417.22
3895,2025-09-08,418.18
3895,2025-09-15,418.18
3895,2025-09-22,419.15
3895,2025-09-29,414.33
3895,2025-10-06,412.4
3895,2025-10-13,396.98
3895,2025-10-20,403.73
3895,2025-10-27,391.2
3895,2025-11-03,386.38
3895,2025-11-10,388.31
3895,2025-11-17,389.28
3895,2025-11-24,395.06
3895,2025-12-01,392.17
3895,2025-12-08,388.31
3895,2025-12-15,390.24
3895,2025-12-22,393.13
3895,2025-12-29,398.91
3895,2026-01-05,409.51
3895,2026-01-12,409.51
3895,2026-01-19,408.55
3895,2026-01-26,416.26
3895,2026-02-02,410.47
3895,2026-02-09,418.18
3895,2026-02-16,433.6
3895,2026-02-23,445.16
3895,2026-03-02,422.04
3895,2026-03-09,419.15
3895,2026-03-16,427.82
3895,2026-03-23,423.0
3895,2026-03-30,420.0
3895,2026-04-06,420.0
3895,2026-04-13,415.0
3895,2026-04-20,413.0
3895,2026-04-27,411.0
3895,2026-05-04,420.0
3895,2026-05-11,415.0
3895,2026-05-18,409.0
3895,2026-05-25,414.0
3895,2026-06-01,412.0
3895,2026-06-08,411.0
3895,2026-06-15,410.0
3895,2026-06-22,400.0
3895,2026-06-29,408.0
3895,2026-07-06,406.0
3895,2026-07-13,404.0
3895,2026-07-20,404.0
3895,2026-07-27,404.0
3895,2026-08-03,405.0
3895,2026-08-10,569.0
3932,2025-08-18,2994.93
3932,2025-08-25,2877.82
3932,2025-09-01,2747.27
3932,2025-09-08,2792.39
3932,2025-09-15,2692.55
3932,2025-09-22,2683.92
3932,2025-09-29,2635.94
3932,2025-10-06,2615.37
3932,2025-10-13,2548.79
3932,2025-10-20,2567.39
3932,2025-10-27,2575.23
3932,2025-11-03,2597.75
3932,2025-11-10,2596.77
3932,2025-11-17,2565.44
3932,2025-11-24,2631.04
3932,2025-12-01,2527.25
3932,2025-12-08,2582.08
3932,2025-12-15,2678.04
3932,2025-12-22,2608.52
3932,2025-12-29,2596.77
3932,2026-01-05,2606.56
3932,2026-01-12,2620.27
3932,2026-01-19,2609.5
3932,2026-01-26,2493.96
3932,2026-02-02,2449.89
3932,2026-02-09,2659.44
3932,2026-02-16,2991.38
3932,2026-02-23,3015.86
3932,2026-03-02,2991.38
3932,2026-03-09,3045.23
3932,2026-03-16,2962.0
3932,2026-03-23,2821.0
3932,2026-03-30,2824.0
3932,2026-04-06,2785.0
3932,2026-04-13,2896.0
3932,2026-04-20,2808.0
3932,2026-04-27,2726.0
3932,2026-05-04,2811.0
3932,2026-05-11,2994.0
3932,2026-05-18,3320.0
3932,2026-05-25,3160.0
3932,2026-06-01,3065.0
3932,2026-06-08,2914.0
3932,2026-06-15,2827.0
3932,2026-06-22,2874.0
3932,2026-06-29,3085.0
3932,2026-07-06,2915.0
3932,2026-07-13,2882.0
3932,2026-07-20,2905.0
3932,2026-07-27,3050.0
3932,2026-08-03,3200.0
3932,2026-08-10,3360.0
3937,2025-08-18,1057.75
3937,2025-08-25,1051.99
3937,2025-09-01,1066.38
3937,2025-09-08,1058.71
3937,2025-09-15,1063.5
3937,2025-09-22,1070.22
3937,2025-09-29,1057.75
3937,2025-10-06,1047.2
3937,2025-10-13,1027.06
3937,2025-10-20,1048.16
3937,2025-10-27,1100.9
3937,2025-11-03,961.85
3937,2025-11-10,1028.98
3937,2025-11-17,1054.87
3937,2025-11-24,1043.36
3937,2025-12-01,1005.01
3937,2025-12-08,1003.09
3937,2025-12-15,1040.49
3937,2025-12-22,1012.68
3937,2025-12-29,1000.21
3937,2026-01-05,1013.64
3937,2026-01-12,1058.71
3937,2026-01-19,1038.57
3937,2026-01-26,994.46
3937,2026-02-02,945.55
3937,2026-02-09,916.78
3937,2026-02-16,918.7
3937,2026-02-23,967.61
3937,2026-03-02,944.59
3937,2026-03-09,916.78
3937,2026-03-16,908.15
3937,2026-03-23,935.0
3937,2026-03-30,962.0
3937,2026-04-06,947.0
3937,2026-04-13,993.0
3937,2026-04-20,966.0
3937,2026-04-27,940.0
3937,2026-05-04,976.0
3937,2026-05-11,1025.0
3937,2026-05-18,952.0
3937,2026-05-25,945.0
3937,2026-06-01,971.0
3937,2026-06-08,923.0
3937,2026-06-15,943.0
3937,2026-06-22,941.0
3937,2026-06-29,1000.0
3937,2026-07-06,1000.0
3937,2026-07-13,1020.0
3937,2026-07-20,1004.0
3937,2026-07-27,1003.0
3937,2026-08-03,1062.0
3937,2026-08-10,1205.0
3944,2025-08-18,2056.86
3944,2025-08-25,2106.81
3944,2025-09-01,2116.6
3944,2025-09-08,2142.07
3944,2025-09-15,2233.16
3944,2025-09-22,2330.13
3944,2025-09-29,2193.98
3944,2025-10-06,2301.72
3944,2025-10-13,2237.08
3944,2025-10-20,2331.11
3944,2025-10-27,2272.34
3944,2025-11-03,2326.21
3944,2025-11-10,2255.69
3944,2025-11-17,2241.0
3944,2025-11-24,2236.1
3944,2025-12-01,2311.52
3944,2025-12-08,2318.37
3944,2025-12-15,2333.06
3944,2025-12-22,2301.72
3944,2025-12-29,2326.47
3944,2026-01-05,2320.53
3944,2026-01-12,2387.85
3944,2026-01-19,2503.68
3944,2026-01-26,2586.84
3944,2026-02-02,2705.64
3944,2026-02-09,2692.77
3944,2026-02-16,2677.92
3944,2026-02-23,2671.98
3944,2026-03-02,2600.7
3944,2026-03-09,2559.12
3944,2026-03-16,2565.06
3944,2026-03-23,2348.25
3944,2026-03-30,2367.06
3944,2026-04-06,2363.1
3944,2026-04-13,2356.17
3944,2026-04-20,2326.47
3944,2026-04-27,2335.38
3944,2026-05-04,2348.25
3944,2026-05-11,2346.27
3944,2026-05-18,2376.96
3944,2026-05-25,2317.56
3944,2026-06-01,2309.64
3944,2026-06-08,2297.76
3944,2026-06-15,2327.46
3944,2026-06-22,2472.0
3944,2026-06-29,2450.0
3944,2026-07-06,2429.0
3944,2026-07-13,2415.0
3944,2026-07-20,2525.0
3944,2026-07-27,2710.0
3944,2026-08-03,2899.0
3944,2026-08-10,3180.0
3989,2025-08-18,1085.36
3989,2025-08-25,1062.79
3989,2025-09-01,976.26
3989,2025-09-08,1010.12
3989,2025-09-15,988.49
3989,2025-09-22,979.08
3989,2025-09-29,955.61
3989,2025-10-06,940.94
3989,2025-10-13,885.19
3989,2025-10-20,894.97
3989,2025-10-27,914.53
3989,2025-11-03,916.48
3989,2025-11-10,909.64
3989,2025-11-17,1017.23
3989,2025-11-24,1027.99
3989,2025-12-01,1090.59
3989,2025-12-08,1175.68
3989,2025-12-15,1181.55
3989,2025-12-22,1170.79
3989,2025-12-29,1159.05
3989,2026-01-05,1181.55
3989,2026-01-12,1188.4
3989,2026-01-19,1190.35
3989,2026-01-26,1137.54
3989,2026-02-02,1093.52
3989,2026-02-09,1101.35
3989,2026-02-16,1113.08
3989,2026-02-23,1206.98
3989,2026-03-02,1230.46
3989,2026-03-09,1244.15
3989,2026-03-16,1155.14
3989,2026-03-23,1228.5
3989,2026-03-30,1195.0
3989,2026-04-06,1200.0
3989,2026-04-13,1185.0
3989,2026-04-20,1220.0
3989,2026-04-27,1151.0
3989,2026-05-04,1124.0
3989,2026-05-11,1104.0
3989,2026-05-18,1006.0
3989,2026-05-25,987.0
3989,2026-06-01,1007.0
3989,2026-06-08,980.0
3989,2026-06-15,1015.0
3989,2026-06-22,995.0
3989,2026-06-29,1423.0
3989,2026-07-06,1429.0
3989,2026-07-13,1414.0
3989,2026-07-20,1402.0
3989,2026-07-27,1340.0
3989,2026-08-03,1396.0
3989,2026-08-10,1481.0
4008,2025-08-18,888.44
4008,2025-08-25,879.79
4008,2025-09-01,896.12
4008,2025-09-08,893.24
4008,2025-09-15,908.61
4008,2025-09-22,920.13
4008,2025-09-29,910.32
4008,2025-10-06,917.19
4008,2025-10-13,931.9
4008,2025-10-20,951.52
4008,2025-10-27,937.79
4008,2025-11-03,937.79
4008,2025-11-10,1041.77
4008,2025-11-17,1035.89
4008,2025-11-24,1043.73
4008,2025-12-01,1012.34
4008,2025-12-08,1045.7
4008,2025-12-15,1045.7
4008,2025-12-22,1049.62
4008,2025-12-29,1059.43
4008,2026-01-05,1049.62
4008,2026-01-12,1077.09
4008,2026-01-19,1061.39
4008,2026-01-26,1051.58
4008,2026-02-02,1075.12
4008,2026-02-09,1283.09
4008,2026-02-16,1347.83
4008,2026-02-23,1402.76
4008,2026-03-02,1339.98
4008,2026-03-09,1287.01
4008,2026-03-16,1245.81
4008,2026-03-23,1236.0
4008,2026-03-30,1223.0
4008,2026-04-06,1253.0
4008,2026-04-13,1268.0
4008,2026-04-20,1197.0
4008,2026-04-27,1186.0
4008,2026-05-04,1209.0
4008,2026-05-11,1260.0
4008,2026-05-18,1275.0
4008,2026-05-25,1332.0
4008,2026-06-01,1289.0
4008,2026-06-08,1281.0
4008,2026-06-15,1327.0
4008,2026-06-22,1289.0
4008,2026-06-29,1376.0
4008,2026-07-06,1266.0
4008,2026-07-13,1268.0
4008,2026-07-20,1276.0
4008,2026-07-27,1223.0
4008,2026-08-03,1542.0
4008,2026-08-10,1558.0
4076,2025-08-18,1438.66
4076,2025-08-25,1445.41
4076,2025-09-01,1441.55
4076,2025-09-08,1465.64
4076,2025-09-15,1498.4
4076,2025-09-22,1535.02
4076,2025-09-29,1503.22
4076,2025-10-06,1658.36
4076,2025-10-13,1634.27
4076,2025-10-20,1625.6
4076,2025-10-27,1624.64
4076,2025-11-03,1553.33
4076,2025-11-10,1541.77
4076,2025-11-17,1575.49
4076,2025-11-24,1634.27
4076,2025-12-01,1589.95
4076,2025-12-08,1609.22
4076,2025-12-15,1640.05
4076,2025-12-22,1622.71
4076,2025-12-29,1652.58
4076,2026-01-05,1681.49
4076,2026-01-12,1703.65
4076,2026-01-19,1815.43
4076,2026-01-26,1694.02
4076,2026-02-02,1657.4
4076,2026-02-09,1619.82
4076,2026-02-16,1638.13
4076,2026-02-23,1647.76
4076,2026-03-02,1641.02
4076,2026-03-09,1638.13
4076,2026-03-16,1637.16
4076,2026-03-23,1625.6
4076,2026-03-30,1608.25
4076,2026-04-06,1704.62
4076,2026-04-13,1696.91
4076,2026-04-20,1644.87
4076,2026-04-27,1661.25
4076,2026-05-04,1709.43
4076,2026-05-11,1694.02
4076,2026-05-18,1656.43
4076,2026-05-25,1646.0
4076,2026-06-01,1623.0
4076,2026-06-08,1640.0
4076,2026-06-15,1680.0
4076,2026-06-22,1681.0
4076,2026-06-29,1693.0
4076,2026-07-06,1720.0
4076,2026-07-13,1824.0
4076,2026-07-20,1803.0
4076,2026-07-27,1818.0
4076,2026-08-03,1846.0
4076,2026-08-10,1951.0
4097,2025-08-18,1031.47
4097,2025-08-25,1031.47
4097,2025-09-01,1051.71
4097,2025-09-08,1042.07
4097,2025-09-15,1019.9
4097,2025-09-22,1034.36
4097,2025-09-29,999.0
4097,2025-10-06,990.16
4097,2025-10-13,999.98
4097,2025-10-20,1024.54
4097,2025-10-27,1009.81
4097,2025-11-03,1026.5
4097,2025-11-10,1034.36
4097,2025-11-17,1028.47
4097,2025-11-24,1045.17
4097,2025-12-01,1021.59
4097,2025-12-08,1044.19
4097,2025-12-15,1011.77
4097,2025-12-22,1035.35
4097,2025-12-29,1028.47
4097,2026-01-05,1120.81
4097,2026-01-12,1143.4
4097,2026-01-19,1113.93
4097,2026-01-26,1101.16
4097,2026-02-02,1113.93
4097,2026-02-09,1136.52
4097,2026-02-16,1090.35
4097,2026-02-23,1119.82
4097,2026-03-02,1074.64
4097,2026-03-09,1086.42
4097,2026-03-16,1102.14
4097,2026-03-23,1110.0
4097,2026-03-30,1114.0
4097,2026-04-06,1100.0
4097,2026-04-13,1090.0
4097,2026-04-20,1100.0
4097,2026-04-27,1100.0
4097,2026-05-04,1100.0
4097,2026-05-11,1120.0
4097,2026-05-18,1076.0
4097,2026-05-25,1101.0
4097,2026-06-01,1086.0
4097,2026-06-08,1092.0
4097,2026-06-15,1137.0
4097,2026-06-22,1108.0
4097,2026-06-29,1116.0
4097,2026-07-06,1135.0
4097,2026-07-13,1115.0
4097,2026-07-20,1115.0
4097,2026-07-27,1071.0
4097,2026-08-03,1091.0
4097,2026-08-10,1200.0
4114,2025-08-18,1755.86
4114,2025-08-25,1759.18
4114,2025-09-01,1806.08
4114,2025-09-08,1785.24
4114,2025-09-15,1760.6
4114,2025-09-22,1784.76
4114,2025-09-29,1767.24
4114,2025-10-06,1740.47
4114,2025-10-13,1759.45
4114,2025-10-20,1772.59
4114,2025-10-27,1740.47
4114,2025-11-03,1734.63
4114,2025-11-10,1771.62
4114,2025-11-17,1774.54
4114,2025-11-24,1819.32
4114,2025-12-01,1811.04
4114,2025-12-08,1847.06
4114,2025-12-15,1862.15
4114,2025-12-22,1921.04
4114,2025-12-29,1952.19
4114,2026-01-05,2048.07
4114,2026-01-12,2168.29
4114,2026-01-19,2197.98
4114,2026-01-26,2165.85
4114,2026-02-02,2360.05
4114,2026-02-09,2357.62
4114,2026-02-16,2386.33
4114,2026-02-23,2476.86
4114,2026-03-02,2390.71
4114,2026-03-09,2299.7
4114,2026-03-16,2263.2
4114,2026-03-23,2307.0
4114,2026-03-30,2253.5
4114,2026-04-06,2253.0
4114,2026-04-13,2204.0
4114,2026-04-20,2117.5
4114,2026-04-27,2147.5
4114,2026-05-04,2169.0
4114,2026-05-11,2097.0
4114,2026-05-18,2025.5
4114,2026-05-25,2064.0
4114,2026-06-01,2032.5
4114,2026-06-08,2074.0
4114,2026-06-15,2103.0
4114,2026-06-22,2097.0
4114,2026-06-29,2106.5
4114,2026-07-06,2070.0
4114,2026-07-13,2082.0
4114,2026-07-20,2146.5
4114,2026-07-27,2158.0
4114,2026-08-03,2446.0
4114,2026-08-10,2674.0
4116,2025-08-18,898.62
4116,2025-08-25,902.15
4116,2025-09-01,952.66
4116,2025-09-08,946.78
4116,2025-09-15,932.69
4116,2025-09-22,942.08
4116,2025-09-29,929.36
4116,2025-10-06,924.55
4116,2025-10-13,935.36
4116,2025-10-20,958.17
4116,2025-10-27,913.75
4116,2025-11-03,943.77
4116,2025-11-10,918.55
4116,2025-11-17,928.16
4116,2025-11-24,961.78
4116,2025-12-01,926.96
4116,2025-12-08,940.16
4116,2025-12-15,965.38
4116,2025-12-22,984.59
4116,2025-12-29,997.8
4116,2026-01-05,1032.62
4116,2026-01-12,1080.65
4116,2026-01-19,1061.44
4116,2026-01-26,1044.63
4116,2026-02-02,1074.64
4116,2026-02-09,1137.08
4116,2026-02-16,1173.1
4116,2026-02-23,1212.73
4116,2026-03-02,1150.29
4116,2026-03-09,1091.45
4116,2026-03-16,1062.64
4116,2026-03-23,1084.25
4116,2026-03-30,1102.0
4116,2026-04-06,1106.0
4116,2026-04-13,1100.0
4116,2026-04-20,1061.0
4116,2026-04-27,1074.0
4116,2026-05-04,1069.0
4116,2026-05-11,1104.0
4116,2026-05-18,1058.0
4116,2026-05-25,1054.0
4116,2026-06-01,1011.0
4116,2026-06-08,1029.0
4116,2026-06-15,1050.0
4116,2026-06-22,1058.0
4116,2026-06-29,1077.0
4116,2026-07-06,1078.0
4116,2026-07-13,1060.0
4116,2026-07-20,1078.0
4116,2026-07-27,1114.0
4116,2026-08-03,1315.0
4116,2026-08-10,1348.0
4118,2025-08-18,4216.98
4118,2025-08-25,4174.51
4118,2025-09-01,4207.33
4118,2025-09-08,4212.16
4118,2025-09-15,4145.56
4118,2025-09-22,4182.23
4118,2025-09-29,4144.87
4118,2025-10-06,4123.23
4118,2025-10-13,4136.02
4118,2025-10-20,4297.29
4118,2025-10-27,4187.15
4118,2025-11-03,4225.5
4118,2025-11-10,4155.68
4118,2025-11-17,4136.02
4118,2025-11-24,4316.96
4118,2025-12-01,4137.0
4118,2025-12-08,4310.07
4118,2025-12-15,4287.45
4118,2025-12-22,4318.92
4118,2025-12-29,4321.87
4118,2026-01-05,4440.86
4118,2026-01-12,4610.0
4118,2026-01-19,4643.43
4118,2026-01-26,4603.11
4118,2026-02-02,4874.52
4118,2026-02-09,4875.5
4118,2026-02-16,5017.11
4118,2026-02-23,5191.16
4118,2026-03-02,4877.47
4118,2026-03-09,4854.85
4118,2026-03-16,4684.73
4118,2026-03-23,4728.0
4118,2026-03-30,4976.0
4118,2026-04-06,5147.0
4118,2026-04-13,4964.0
4118,2026-04-20,4817.0
4118,2026-04-27,4921.0
4118,2026-05-04,4943.0
4118,2026-05-11,5355.0
4118,2026-05-18,5338.0
4118,2026-05-25,5521.0
4118,2026-06-01,5488.0
4118,2026-06-08,5568.0
4118,2026-06-15,5730.0
4118,2026-06-22,5775.0
4118,2026-06-29,5747.0
4118,2026-07-06,5626.0
4118,2026-07-13,5589.0
4118,2026-07-20,5841.0
4118,2026-07-27,5718.0
4118,2026-08-03,5972.0
4118,2026-08-10,6345.0
4125,2025-08-18,1478.56
4125,2025-08-25,1508.12
4125,2025-09-01,1516.0
4125,2025-09-08,1499.25
4125,2025-09-15,1495.31
4125,2025-09-22,1547.52
4125,2025-09-29,1558.35
4125,2025-10-06,1627.31
4125,2025-10-13,1601.7
4125,2025-10-20,1701.19
4125,2025-10-27,1676.56
4125,2025-11-03,1662.77
4125,2025-11-10,1800.68
4125,2025-11-17,1788.85
4125,2025-11-24,1872.58
4125,2025-12-01,2063.68
4125,2025-12-08,2172.04
4125,2025-12-15,2319.8
4125,2025-12-22,2305.02
4125,2025-12-29,2248.87
4125,2026-01-05,2344.42
4125,2026-01-12,2675.4
4125,2026-01-19,2571.97
4125,2026-01-26,2594.63
4125,2026-02-02,2492.18
4125,2026-02-09,2530.6
4125,2026-02-16,2869.46
4125,2026-02-23,3196.49
4125,2026-03-02,3137.39
4125,2026-03-09,3048.74
4125,2026-03-16,3009.33
4125,2026-03-23,3295.0
4125,2026-03-30,3110.0
4125,2026-04-06,3075.0
4125,2026-04-13,3385.0
4125,2026-04-20,3460.0
4125,2026-04-27,3525.0
4125,2026-05-04,3495.0
4125,2026-05-11,3835.0
4125,2026-05-18,2672.0
4125,2026-05-25,2675.0
4125,2026-06-01,2606.0
4125,2026-06-08,2619.0
4125,2026-06-15,2996.0
4125,2026-06-22,3150.0
4125,2026-06-29,3195.0
4125,2026-07-06,3440.0
4125,2026-07-13,3550.0
4125,2026-07-20,3535.0
4125,2026-07-27,3225.0
4125,2026-08-03,3380.0
4125,2026-08-10,4050.0
4196,2025-08-18,1428.0
4196,2025-08-25,1476.0
4196,2025-09-01,1471.0
4196,2025-09-08,1485.0
4196,2025-09-15,1464.0
4196,2025-09-22,1399.0
4196,2025-09-29,1094.0
4196,2025-10-06,1113.0
4196,2025-10-13,1144.0
4196,2025-10-20,1158.0
4196,2025-10-27,1113.0
4196,2025-11-03,1114.0
4196,2025-11-10,1132.0
4196,2025-11-17,1143.0
4196,2025-11-24,1164.0
4196,2025-12-01,1178.0
4196,2025-12-08,1172.0
4196,2025-12-15,1158.0
4196,2025-12-22,1156.0
4196,2025-12-29,1166.0
4196,2026-01-05,1220.0
4196,2026-01-12,1218.0
4196,2026-01-19,1220.0
4196,2026-01-26,1287.0
4196,2026-02-02,1345.0
4196,2026-02-09,1349.0
4196,2026-02-16,1339.0
4196,2026-02-23,1354.0
4196,2026-03-02,1390.0
4196,2026-03-09,1439.0
4196,2026-03-16,1428.0
4196,2026-03-23,1423.0
4196,2026-03-30,1430.0
4196,2026-04-06,1446.0
4196,2026-04-13,1447.0
4196,2026-04-20,1437.0
4196,2026-04-27,1428.0
4196,2026-05-04,1424.0
4196,2026-05-11,1432.0
4196,2026-05-18,1450.0
4196,2026-05-25,1479.0
4196,2026-06-01,1575.0
4196,2026-06-08,1674.0
4196,2026-06-15,1699.0
4196,2026-06-22,1696.0
4196,2026-06-29,1695.0
4196,2026-07-06,1697.0
4196,2026-07-13,1686.0
4196,2026-07-20,1727.0
4196,2026-07-27,1853.0
4196,2026-08-03,1937.0
4196,2026-08-10,2010.0
4205,2025-08-18,1624.63
4205,2025-08-25,1624.63
4205,2025-09-01,1651.92
4205,2025-09-08,1661.49
4205,2025-09-15,1595.43
4205,2025-09-22,1620.8
4205,2025-09-29,1585.59
4205,2025-10-06,1594.39
4205,2025-10-13,1596.35
4205,2025-10-20,1644.28
4205,2025-10-27,1548.91
4205,2025-11-03,1581.19
4205,2025-11-10,1655.04
4205,2025-11-17,1664.82
4205,2025-11-24,1745.52
4205,2025-12-01,1681.94
4205,2025-12-08,1736.71
4205,2025-12-15,1750.9
4205,2025-12-22,1757.25
4205,2025-12-29,1750.41
4205,2026-01-05,1806.16
4205,2026-01-12,1903.49
4205,2026-01-19,1930.39
4205,2026-01-26,1845.29
4205,2026-02-02,1925.01
4205,2026-02-09,1941.64
4205,2026-02-16,1987.61
4205,2026-02-23,2094.23
4205,2026-03-02,1934.79
4205,2026-03-09,1825.72
4205,2026-03-16,1775.84
4205,2026-03-23,1791.0
4205,2026-03-30,1761.5
4205,2026-04-06,1815.0
4205,2026-04-13,1819.5
4205,2026-04-20,1742.0
4205,2026-04-27,1882.5
4205,2026-05-04,1958.5
4205,2026-05-11,2245.0
4205,2026-05-18,2105.0
4205,2026-05-25,2189.5
4205,2026-06-01,2154.5
4205,2026-06-08,2264.0
4205,2026-06-15,2334.0
4205,2026-06-22,2396.0
4205,2026-06-29,2307.0
4205,2026-07-06,2249.0
4205,2026-07-13,2220.5
4205,2026-07-20,2215.0
4205,2026-07-27,2261.0
4205,2026-08-03,2428.5
4205,2026-08-10,2455.0
4228,2025-08-18,359.63
4228,2025-08-25,356.73
4228,2025-09-01,357.69
4228,2025-09-08,357.69
4228,2025-09-15,359.63
4228,2025-09-22,362.53
4228,2025-09-29,338.36
4228,2025-10-06,335.46
4228,2025-10-13,341.26
4228,2025-10-20,359.63
4228,2025-10-27,342.23
4228,2025-11-03,330.63
4228,2025-11-10,345.13
4228,2025-11-17,343.19
4228,2025-11-24,366.39
4228,2025-12-01,375.1
4228,2025-12-08,375.1
4228,2025-12-15,393.46
4228,2025-12-22,393.46
4228,2025-12-29,386.7
4228,2026-01-05,400.23
4228,2026-01-12,414.73
4228,2026-01-19,423.43
4228,2026-01-26,407.96
4228,2026-02-02,456.3
4228,2026-02-09,470.8
4228,2026-02-16,480.47
4228,2026-02-23,526.87
4228,2026-03-02,493.04
4228,2026-03-09,443.73
4228,2026-03-16,432.13
4228,2026-03-23,436.0
4228,2026-03-30,444.0
4228,2026-04-06,460.0
4228,2026-04-13,474.0
4228,2026-04-20,423.0
4228,2026-04-27,449.0
4228,2026-05-04,476.0
4228,2026-05-11,532.0
4228,2026-05-18,511.0
4228,2026-05-25,574.0
4228,2026-06-01,556.0
4228,2026-06-08,550.0
4228,2026-06-15,546.0
4228,2026-06-22,544.0
4228,2026-06-29,547.0
4228,2026-07-06,521.0
4228,2026-07-13,509.0
4228,2026-07-20,508.0
4228,2026-07-27,530.0
4228,2026-08-03,614.0
4228,2026-08-10,653.0
4246,2025-08-18,731.53
4246,2025-08-25,709.02
4246,2025-09-01,731.53
4246,2025-09-08,712.78
4246,2025-09-15,720.28
4246,2025-09-22,718.4
4246,2025-09-29,704.94
4246,2025-10-06,689.55
4246,2025-10-13,694.36
4246,2025-10-20,722.25
4246,2025-10-27,702.05
4246,2025-11-03,715.52
4246,2025-11-10,711.67
4246,2025-11-17,728.98
4246,2025-11-24,735.71
4246,2025-12-01,729.94
4246,2025-12-08,734.75
4246,2025-12-15,758.79
4246,2025-12-22,750.14
4246,2025-12-29,766.49
4246,2026-01-05,785.72
4246,2026-01-12,796.3
4246,2026-01-19,819.38
4246,2026-01-26,787.65
4246,2026-02-02,829.0
4246,2026-02-09,877.09
4246,2026-02-16,875.16
4246,2026-02-23,907.86
4246,2026-03-02,850.16
4246,2026-03-09,821.31
4246,2026-03-16,834.77
4246,2026-03-23,829.0
4246,2026-03-30,884.0
4246,2026-04-06,870.0
4246,2026-04-13,878.0
4246,2026-04-20,859.0
4246,2026-04-27,849.0
4246,2026-05-04,874.0
4246,2026-05-11,1069.0
4246,2026-05-18,1033.0
4246,2026-05-25,1092.0
4246,2026-06-01,1045.0
4246,2026-06-08,1003.0
4246,2026-06-15,1018.0
4246,2026-06-22,1005.0
4246,2026-06-29,1005.0
4246,2026-07-06,995.0
4246,2026-07-13,993.0
4246,2026-07-20,1005.0
4246,2026-07-27,1030.0
4246,2026-08-03,1089.0
4246,2026-08-10,1127.0
4249,2025-08-18,2378.15
4249,2025-08-25,2341.83
4249,2025-09-01,2410.65
4249,2025-09-08,2430.72
4249,2025-09-15,2458.44
4249,2025-09-22,2584.62
4249,2025-09-29,2473.77
4249,2025-10-06,2393.69
4249,2025-10-13,2365.37
4249,2025-10-20,2452.28
4249,2025-10-27,2292.12
4249,2025-11-03,2296.03
4249,2025-11-10,2225.71
4249,2025-11-17,2263.8
4249,2025-11-24,2354.62
4249,2025-12-01,2244.26
4249,2025-12-08,2252.08
4249,2025-12-15,2212.04
4249,2025-12-22,2373.18
4249,2025-12-29,2436.66
4249,2026-01-05,2393.69
4249,2026-01-12,2480.61
4249,2026-01-19,2462.05
4249,2026-01-26,2371.22
4249,2026-02-02,2439.59
4249,2026-02-09,2449.35
4249,2026-02-16,2467.91
4249,2026-02-23,2599.75
4249,2026-03-02,2465.96
4249,2026-03-09,2390.76
4249,2026-03-16,2401.5
4249,2026-03-23,2401.5
4249,2026-03-30,2426.0
4249,2026-04-06,2392.0
4249,2026-04-13,2364.0
4249,2026-04-20,2418.0
4249,2026-04-27,2449.0
4249,2026-05-04,2472.0
4249,2026-05-11,2517.0
4249,2026-05-18,2425.0
4249,2026-05-25,2378.0
4249,2026-06-01,2336.0
4249,2026-06-08,2325.0
4249,2026-06-15,2319.0
4249,2026-06-22,2340.0
4249,2026-06-29,2403.0
4249,2026-07-06,2411.0
4249,2026-07-13,2450.0
4249,2026-07-20,2486.0
4249,2026-07-27,2516.0
4249,2026-08-03,2833.0
4249,2026-08-10,2935.0
4255,2025-08-18,1199.0
4255,2025-08-25,1207.0
4255,2025-09-01,1178.0
4255,2025-09-08,1205.0
4255,2025-09-15,1280.0
4255,2025-09-22,1222.0
4255,2025-09-29,1028.0
4255,2025-10-06,1069.0
4255,2025-10-13,972.0
4255,2025-10-20,1200.0
4255,2025-10-27,1062.0
4255,2025-11-03,1084.0
4255,2025-11-10,1461.0
4255,2025-11-17,1644.0
4255,2025-11-24,1798.0
4255,2025-12-01,2075.0
4255,2025-12-08,1852.0
4255,2025-12-15,1892.0
4255,2025-12-22,2202.0
4255,2025-12-29,2405.0
4255,2026-01-05,2232.0
4255,2026-01-12,2230.0
4255,2026-01-19,2126.0
4255,2026-01-26,2156.0
4255,2026-02-02,2239.0
4255,2026-02-09,2372.0
4255,2026-02-16,1950.0
4255,2026-02-23,2001.0
4255,2026-03-02,2017.0
4255,2026-03-09,2036.0
4255,2026-03-16,1957.0
4255,2026-03-23,1962.0
4255,2026-03-30,1966.0
4255,2026-04-06,2055.0
4255,2026-04-13,2140.0
4255,2026-04-20,2150.0
4255,2026-04-27,2107.0
4255,2026-05-04,1950.0
4255,2026-05-11,2226.0
4255,2026-05-18,2564.0
4255,2026-05-25,2402.0
4255,2026-06-01,2302.0
4255,2026-06-08,2451.0
4255,2026-06-15,2424.0
4255,2026-06-22,2450.0
4255,2026-06-29,2550.0
4255,2026-07-06,2500.0
4255,2026-07-13,2481.0
4255,2026-07-20,2428.0
4255,2026-07-27,2460.0
4255,2026-08-03,2548.0
4255,2026-08-10,3720.0
4434,2025-08-18,2078.51
4434,2025-08-25,2049.9
4434,2025-09-01,2013.4
4434,2025-09-08,2006.5
4434,2025-09-15,2018.34
4434,2025-09-22,2001.57
4434,2025-09-29,1941.39
4434,2025-10-06,2004.53
4434,2025-10-13,1769.74
4434,2025-10-20,1814.14
4434,2025-10-27,1824.0
4434,2025-11-03,1766.78
4434,2025-11-10,1738.18
4434,2025-11-17,1839.78
4434,2025-11-24,1801.31
4434,2025-12-01,1741.14
4434,2025-12-08,1781.58
4434,2025-12-15,1756.92
4434,2025-12-22,1790.46
4434,2025-12-29,1793.42
4434,2026-01-05,1956.19
4434,2026-01-12,1989.73
4434,2026-01-19,2039.05
4434,2026-01-26,1983.81
4434,2026-02-02,1931.53
4434,2026-02-09,1872.34
4434,2026-02-16,1826.96
4434,2026-02-23,2062.0
4434,2026-03-02,2088.0
4434,2026-03-09,2031.0
4434,2026-03-16,1990.0
4434,2026-03-23,1973.0
4434,2026-03-30,1964.0
4434,2026-04-06,1947.0
4434,2026-04-13,2031.0
4434,2026-04-20,2020.0
4434,2026-04-27,2013.0
4434,2026-05-04,2022.0
4434,2026-05-11,2024.0
4434,2026-05-18,2115.0
4434,2026-05-25,2022.0
4434,2026-06-01,2079.0
4434,2026-06-08,2000.0
4434,2026-06-15,1937.0
4434,2026-06-22,1905.0
4434,2026-06-29,1987.0
4434,2026-07-06,2014.0
4434,2026-07-13,1772.0
4434,2026-07-20,1889.0
4434,2026-07-27,2358.0
4434,2026-08-03,2402.0
4434,2026-08-10,2505.0
4443,2025-08-18,1902.97
4443,2025-08-25,1916.94
4443,2025-09-01,1906.96
4443,2025-09-08,1939.91
4443,2025-09-15,1937.91
4443,2025-09-22,1907.96
4443,2025-09-29,1822.1
4443,2025-10-06,1805.12
4443,2025-10-13,1740.23
4443,2025-10-20,1810.11
4443,2025-10-27,1820.1
4443,2025-11-03,1743.22
4443,2025-11-10,1748.21
4443,2025-11-17,1699.29
4443,2025-11-24,1683.32
4443,2025-12-01,1637.39
4443,2025-12-08,1679.32
4443,2025-12-15,1734.24
4443,2025-12-22,1776.17
4443,2025-12-29,1731.24
4443,2026-01-05,1791.15
4443,2026-01-12,1914.95
4443,2026-01-19,1659.36
4443,2026-01-26,1492.62
4443,2026-02-02,1148.17
4443,2026-02-09,1085.27
4443,2026-02-16,1103.24
4443,2026-02-23,1172.13
4443,2026-03-02,1238.03
4443,2026-03-09,1146.17
4443,2026-03-16,1110.23
4443,2026-03-23,1139.18
4443,2026-03-30,1214.06
4443,2026-04-06,1237.03
4443,2026-04-13,1333.87
4443,2026-04-20,1264.98
4443,2026-04-27,1248.01
4443,2026-05-04,1316.9
4443,2026-05-11,1305.92
4443,2026-05-18,1467.66
4443,2026-05-25,1679.0
4443,2026-06-01,1603.0
4443,2026-06-08,1435.0
4443,2026-06-15,1438.0
4443,2026-06-22,1383.0
4443,2026-06-29,1716.0
4443,2026-07-06,1723.0
4443,2026-07-13,1827.0
4443,2026-07-20,1787.0
4443,2026-07-27,1989.0
4443,2026-08-03,1900.0
4443,2026-08-10,2106.0
4461,2025-08-18,5724.87
4461,2025-08-25,5509.57
4461,2025-09-01,5773.8
4461,2025-09-08,5656.36
4461,2025-09-15,5744.44
4461,2025-09-22,5822.73
4461,2025-09-29,6307.13
4461,2025-10-06,5990.79
4461,2025-10-13,6099.53
4461,2025-10-20,6099.53
4461,2025-10-27,6514.73
4461,2025-11-03,6979.37
4461,2025-11-10,7532.97
4461,2025-11-17,7266.05
4461,2025-11-24,7523.08
4461,2025-12-01,7453.88
4461,2025-12-08,8215.09
4461,2025-12-15,8264.52
4461,2025-12-22,8017.37
4461,2025-12-29,8136.0
4461,2026-01-05,8264.52
4461,2026-01-12,8916.98
4461,2026-01-19,8996.07
4461,2026-01-26,10132.93
4461,2026-02-02,10824.94
4461,2026-02-09,11121.51
4461,2026-02-16,11180.83
4461,2026-02-23,12238.6
4461,2026-03-02,10706.31
4461,2026-03-09,9292.64
4461,2026-03-16,8007.49
4461,2026-03-23,7790.0
4461,2026-03-30,7660.0
4461,2026-04-06,8650.0
4461,2026-04-13,8410.0
4461,2026-04-20,8060.0
4461,2026-04-27,8320.0
4461,2026-05-04,8930.0
4461,2026-05-11,8780.0
4461,2026-05-18,9360.0
4461,2026-05-25,11370.0
4461,2026-06-01,11730.0
4461,2026-06-08,10720.0
4461,2026-06-15,12570.0
4461,2026-06-22,12510.0
4461,2026-06-29,12880.0
4461,2026-07-06,10810.0
4461,2026-07-13,10100.0
4461,2026-07-20,10500.0
4461,2026-07-27,12620.0
4461,2026-08-03,14040.0
4461,2026-08-10,15280.0
4588,2025-08-18,712.0
4588,2025-08-25,636.0
4588,2025-09-01,647.0
4588,2025-09-08,621.0
4588,2025-09-15,631.0
4588,2025-09-22,622.0
4588,2025-09-29,678.0
4588,2025-10-06,803.0
4588,2025-10-13,700.0
4588,2025-10-20,711.0
4588,2025-10-27,748.0
4588,2025-11-03,851.0
4588,2025-11-10,1043.0
4588,2025-11-17,986.0
4588,2025-11-24,1174.0
4588,2025-12-01,923.0
4588,2025-12-08,1061.0
4588,2025-12-15,859.0
4588,2025-12-22,1101.0
4588,2025-12-29,1384.0
4588,2026-01-05,1519.0
4588,2026-01-12,1943.0
4588,2026-01-19,1808.0
4588,2026-01-26,1739.0
4588,2026-02-02,1873.0
4588,2026-02-09,2440.0
4588,2026-02-16,2215.0
4588,2026-02-23,2730.0
4588,2026-03-02,3150.0
4588,2026-03-09,2702.0
4588,2026-03-16,2246.0
4588,2026-03-23,2338.0
4588,2026-03-30,2266.0
4588,2026-04-06,2501.0
4588,2026-04-13,2860.0
4588,2026-04-20,2978.0
4588,2026-04-27,2717.0
4588,2026-05-04,2918.0
4588,2026-05-11,2680.0
4588,2026-05-18,2797.0
4588,2026-05-25,2765.0
4588,2026-06-01,2614.0
4588,2026-06-08,2467.0
4588,2026-06-15,2591.0
4588,2026-06-22,2733.0
4588,2026-06-29,2680.0
4588,2026-07-06,2575.0
4588,2026-07-13,2351.0
4588,2026-07-20,2469.0
4588,2026-07-27,2665.0
4588,2026-08-03,2848.0
4588,2026-08-10,3250.0
4611,2025-08-18,1254.37
4611,2025-08-25,1229.54
4611,2025-09-01,1256.29
4611,2025-09-08,1253.42
4611,2025-09-15,1241.96
4611,2025-09-22,1254.37
4611,2025-09-29,1219.03
4611,2025-10-06,1205.65
4611,2025-10-13,1214.25
4611,2025-10-20,1234.31
4611,2025-10-27,1212.34
4611,2025-11-03,1176.99
4611,2025-11-10,1220.94
4611,2025-11-17,1228.58
4611,2025-11-24,1303.1
4611,2025-12-01,1234.31
4611,2025-12-08,1243.87
4611,2025-12-15,1249.6
4611,2025-12-22,1269.66
4611,2025-12-29,1286.86
4611,2026-01-05,1291.63
4611,2026-01-12,1346.09
4611,2026-01-19,1353.73
4611,2026-01-26,1314.56
4611,2026-02-02,1370.93
4611,2026-02-09,1385.26
4611,2026-02-16,1395.77
4611,2026-02-23,1427.29
4611,2026-03-02,1323.16
4611,2026-03-09,1249.6
4611,2026-03-16,1225.71
4611,2026-03-23,1241.0
4611,2026-03-30,1252.0
4611,2026-04-06,1304.0
4611,2026-04-13,1262.0
4611,2026-04-20,1229.0
4611,2026-04-27,1242.0
4611,2026-05-04,1260.0
4611,2026-05-11,1206.0
4611,2026-05-18,1259.0
4611,2026-05-25,1288.0
4611,2026-06-01,1280.0
4611,2026-06-08,1300.0
4611,2026-06-15,1305.0
4611,2026-06-22,1340.0
4611,2026-06-29,1374.0
4611,2026-07-06,1410.0
4611,2026-07-13,1353.0
4611,2026-07-20,1358.0
4611,2026-07-27,1399.0
4611,2026-08-03,1441.0
4611,2026-08-10,1524.0
4619,2025-08-18,2037.45
4619,2025-08-25,2031.78
4619,2025-09-01,2081.87
4619,2025-09-08,2082.81
4619,2025-09-15,2076.2
4619,2025-09-22,2051.63
4619,2025-09-29,2011.97
4619,2025-10-06,1994.56
4619,2025-10-13,2043.89
4619,2025-10-20,2055.5
4619,2025-10-27,2021.64
4619,2025-11-03,1995.52
4619,2025-11-10,2090.32
4619,2025-11-17,2120.3
4619,2025-11-24,2170.6
4619,2025-12-01,2112.57
4619,2025-12-08,2212.2
4619,2025-12-15,2256.69
4619,2025-12-22,2260.56
4619,2025-12-29,2258.63
4619,2026-01-05,2323.43
4619,2026-01-12,2370.83
4619,2026-01-19,2340.85
4619,2026-01-26,2266.36
4619,2026-02-02,2355.36
4619,2026-02-09,2312.79
4619,2026-02-16,2346.65
4619,2026-02-23,2461.76
4619,2026-03-02,2336.01
4619,2026-03-09,2252.82
4619,2026-03-16,2216.07
4619,2026-03-23,2218.0
4619,2026-03-30,2207.0
4619,2026-04-06,2216.0
4619,2026-04-13,2156.0
4619,2026-04-20,2096.0
4619,2026-04-27,2035.0
4619,2026-05-04,2079.0
4619,2026-05-11,2396.0
4619,2026-05-18,2408.0
4619,2026-05-25,2364.0
4619,2026-06-01,2273.0
4619,2026-06-08,2300.0
4619,2026-06-15,2331.0
4619,2026-06-22,2329.0
4619,2026-06-29,2389.0
4619,2026-07-06,2406.0
4619,2026-07-13,2385.0
4619,2026-07-20,2436.0
4619,2026-07-27,2471.0
4619,2026-08-03,2529.0
4619,2026-08-10,2740.0
4623,2025-08-18,1681.65
4623,2025-08-25,1670.06
4623,2025-09-01,1675.86
4623,2025-09-08,1684.55
4623,2025-09-15,1693.24
4623,2025-09-22,1690.34
4623,2025-09-29,1706.07
4623,2025-10-06,1697.22
4623,2025-10-13,1690.34
4623,2025-10-20,1694.28
4623,2025-10-27,1690.34
4623,2025-11-03,1689.36
4623,2025-11-10,1686.41
4623,2025-11-17,1692.31
4623,2025-11-24,1688.38
4623,2025-12-01,1681.5
4623,2025-12-08,1682.48
4623,2025-12-15,1685.43
4623,2025-12-22,1689.36
4623,2025-12-29,1694.28
4623,2026-01-05,1699.19
4623,2026-01-12,1710.0
4623,2026-01-19,1702.14
4623,2026-01-26,1702.14
4623,2026-02-02,1709.02
4623,2026-02-09,1712.95
4623,2026-02-16,1738.5
4623,2026-02-23,1730.64
4623,2026-03-02,1705.09
4623,2026-03-09,1695.26
4623,2026-03-16,1710.0
4623,2026-03-23,1710.0
4623,2026-03-30,1730.0
4623,2026-04-06,1732.0
4623,2026-04-13,1722.0
4623,2026-04-20,1711.0
4623,2026-04-27,1710.0
4623,2026-05-04,1706.0
4623,2026-05-11,1700.0
4623,2026-05-18,1710.0
4623,2026-05-25,1700.0
4623,2026-06-01,1701.0
4623,2026-06-08,1700.0
4623,2026-06-15,1693.0
4623,2026-06-22,1708.0
4623,2026-06-29,1725.0
4623,2026-07-06,1712.0
4623,2026-07-13,1711.0
4623,2026-07-20,1719.0
4623,2026-07-27,1721.0
4623,2026-08-03,1723.0
4623,2026-08-10,1820.0
4634,2025-08-18,3105.26
4634,2025-08-25,2998.35
4634,2025-09-01,3076.1
4634,2025-09-08,3095.54
4634,2025-09-15,3066.38
4634,2025-09-22,3173.29
4634,2025-09-29,3037.22
4634,2025-10-06,2969.19
4634,2025-10-13,3032.37
4634,2025-10-20,3114.98
4634,2025-10-27,3056.66
4634,2025-11-03,3080.96
4634,2025-11-10,3212.17
4634,2025-11-17,3241.33
4634,2025-11-24,3333.66
4634,2025-12-01,3251.05
4634,2025-12-08,3377.39
4634,2025-12-15,3416.27
4634,2025-12-22,3401.69
4634,2025-12-29,3391.83
4634,2026-01-05,3436.2
4634,2026-01-12,3584.1
4634,2026-01-19,3633.4
4634,2026-01-26,3648.19
4634,2026-02-02,3786.23
4634,2026-02-09,3870.04
4634,2026-02-16,4101.75
4634,2026-02-23,4333.46
4634,2026-03-02,4086.96
4634,2026-03-09,3825.67
4634,2026-03-16,3677.77
4634,2026-03-23,3756.65
4634,2026-03-30,3736.93
4634,2026-04-06,3939.06
4634,2026-04-13,3924.27
4634,2026-04-20,3894.69
4634,2026-04-27,3835.53
4634,2026-05-04,3939.06
4634,2026-05-11,4062.31
4634,2026-05-18,4082.03
4634,2026-05-25,4131.33
4634,2026-06-01,4057.38
4634,2026-06-08,4017.94
4634,2026-06-15,4185.56
4634,2026-06-22,4225.0
4634,2026-06-29,4395.0
4634,2026-07-06,4350.0
4634,2026-07-13,4500.0
4634,2026-07-20,4535.0
4634,2026-07-27,4460.0
4634,2026-08-03,4760.0
4634,2026-08-10,5120.0
4671,2025-08-18,2350.85
4671,2025-08-25,2382.32
4671,2025-09-01,2400.44
4671,2025-09-08,2519.65
4671,2025-09-15,2450.03
4671,2025-09-22,2514.88
4671,2025-09-29,2444.06
4671,2025-10-06,2421.59
4671,2025-10-13,2481.18
4671,2025-10-20,2487.04
4671,2025-10-27,2424.53
4671,2025-11-03,2451.88
4671,2025-11-10,2498.77
4671,2025-11-17,2512.44
4671,2025-11-24,2508.53
4671,2025-12-01,2489.0
4671,2025-12-08,2528.07
4671,2025-12-15,2558.35
4671,2025-12-22,2605.24
4671,2025-12-29,2618.92
4671,2026-01-05,2668.74
4671,2026-01-12,2686.32
4671,2026-01-19,2661.9
4671,2026-01-26,2615.01
4671,2026-02-02,2613.06
4671,2026-02-09,2651.15
4671,2026-02-16,2617.94
4671,2026-02-23,2666.78
4671,2026-03-02,2615.99
4671,2026-03-09,2565.19
4671,2026-03-16,2551.51
4671,2026-03-23,2636.5
4671,2026-03-30,2631.0
4671,2026-04-06,2620.0
4671,2026-04-13,2604.0
4671,2026-04-20,2552.0
4671,2026-04-27,2512.0
4671,2026-05-04,2512.0
4671,2026-05-11,2587.0
4671,2026-05-18,2521.0
4671,2026-05-25,2565.0
4671,2026-06-01,2545.0
4671,2026-06-08,2573.0
4671,2026-06-15,2572.0
4671,2026-06-22,2542.0
4671,2026-06-29,2617.0
4671,2026-07-06,2682.0
4671,2026-07-13,2700.0
4671,2026-07-20,2672.0
4671,2026-07-27,2651.0
4671,2026-08-03,2690.0
4671,2026-08-10,2834.0
4674,2025-08-18,1702.22
4674,2025-08-25,1647.53
4674,2025-09-01,1588.99
4674,2025-09-08,1617.78
4674,2025-09-15,1612.98
4674,2025-09-22,1631.21
4674,2025-09-29,1599.0
4674,2025-10-06,1610.71
4674,2025-10-13,1570.69
4674,2025-10-20,1620.48
4674,2025-10-27,1586.31
4674,2025-11-03,1495.52
4674,2025-11-10,1478.93
4674,2025-11-17,1479.9
4674,2025-11-24,1497.48
4674,2025-12-01,1534.57
4674,2025-12-08,1732.74
4674,2025-12-15,1697.6
4674,2025-12-22,1711.26
4674,2025-12-29,1704.43
4674,2026-01-05,1739.57
4674,2026-01-12,1743.48
4674,2026-01-19,1702.48
4674,2026-01-26,1634.14
4674,2026-02-02,1520.9
4674,2026-02-09,1550.19
4674,2026-02-16,1498.45
4674,2026-02-23,1501.38
4674,2026-03-02,1450.62
4674,2026-03-09,1447.69
4674,2026-03-16,1405.71
4674,2026-03-23,1435.0
4674,2026-03-30,1446.0
4674,2026-04-06,1447.0
4674,2026-04-13,1454.0
4674,2026-04-20,1382.0
4674,2026-04-27,1376.0
4674,2026-05-04,1400.0
4674,2026-05-11,1538.0
4674,2026-05-18,1566.0
4674,2026-05-25,1526.0
4674,2026-06-01,1521.0
4674,2026-06-08,1454.0
4674,2026-06-15,1456.0
4674,2026-06-22,1445.0
4674,2026-06-29,1502.0
4674,2026-07-06,1546.0
4674,2026-07-13,1523.0
4674,2026-07-20,1557.0
4674,2026-07-27,1617.0
4674,2026-08-03,1805.0
4674,2026-08-10,1955.0
4689,2025-08-18,457.17
4689,2025-08-25,459.92
4689,2025-09-01,467.18
4689,2025-09-08,482.77
4689,2025-09-15,485.13
4689,2025-09-22,476.2
4689,2025-09-29,453.05
4689,2025-10-06,452.95
4689,2025-10-13,431.76
4689,2025-10-20,446.18
4689,2025-10-27,444.42
4689,2025-11-03,417.14
4689,2025-11-10,422.05
4689,2025-11-17,417.53
4689,2025-11-24,412.53
4689,2025-12-01,408.8
4689,2025-12-08,403.8
4689,2025-12-15,419.59
4689,2025-12-22,405.47
4689,2025-12-29,409.29
4689,2026-01-05,409.39
4689,2026-01-12,396.05
4689,2026-01-19,398.31
4689,2026-01-26,389.08
4689,2026-02-02,415.18
4689,2026-02-09,380.16
4689,2026-02-16,367.21
4689,2026-02-23,381.63
4689,2026-03-02,386.14
4689,2026-03-09,390.65
4689,2026-03-16,390.36
4689,2026-03-23,377.9
4689,2026-03-30,393.2
4689,2026-04-06,403.6
4689,2026-04-13,427.9
4689,2026-04-20,415.9
4689,2026-04-27,419.7
4689,2026-05-04,440.0
4689,2026-05-11,417.3
4689,2026-05-18,409.2
4689,2026-05-25,417.3
4689,2026-06-01,408.0
4689,2026-06-08,402.3
4689,2026-06-15,409.5
4689,2026-06-22,410.0
4689,2026-06-29,438.2
4689,2026-07-06,445.4
4689,2026-07-13,447.4
4689,2026-07-20,435.3
4689,2026-07-27,446.8
4689,2026-08-03,483.6
4689,2026-08-10,506.3
4768,2025-08-18,3018.85
4768,2025-08-25,2930.89
4768,2025-09-01,2943.45
4768,2025-09-08,3081.68
4768,2025-09-15,3022.72
4768,2025-09-22,3013.05
4768,2025-09-29,2939.59
4768,2025-10-06,2889.32
4768,2025-10-13,2876.75
4768,2025-10-20,2988.89
4768,2025-10-27,2948.29
4768,2025-11-03,2919.29
4768,2025-11-10,2899.95
4768,2025-11-17,3008.22
4768,2025-11-24,2984.05
4768,2025-12-01,3052.68
4768,2025-12-08,3198.65
4768,2025-12-15,3195.75
4768,2025-12-22,3170.62
4768,2025-12-29,3167.68
4768,2026-01-05,3132.39
4768,2026-01-12,3160.82
4768,2026-01-19,3158.85
4768,2026-01-26,3001.06
4768,2026-02-02,2952.05
4768,2026-02-09,2962.84
4768,2026-02-16,2979.5
4768,2026-02-23,3086.33
4768,2026-03-02,3005.96
4768,2026-03-09,2892.27
4768,2026-03-16,2876.59
4768,2026-03-23,2954.01
4768,2026-03-30,3014.78
4768,2026-04-06,2922.65
4768,2026-04-13,2987.34
4768,2026-04-20,2911.87
4768,2026-04-27,2797.2
4768,2026-05-04,2977.54
4768,2026-05-11,2845.22
4768,2026-05-18,2826.6
4768,2026-05-25,2831.5
4768,2026-06-01,2899.62
4768,2026-06-08,2794.26
4768,2026-06-15,2711.44
4768,2026-06-22,2708.5
4768,2026-06-29,2853.0
4768,2026-07-06,2893.5
4768,2026-07-13,3015.0
4768,2026-07-20,3026.0
4768,2026-07-27,3274.0
4768,2026-08-03,3443.0
4768,2026-08-10,3536.0
4848,2025-08-18,1719.45
4848,2025-08-25,1706.0
4848,2025-09-01,1709.84
4848,2025-09-08,1698.31
4848,2025-09-15,1690.63
4848,2025-09-22,1713.68
4848,2025-09-29,1671.42
4848,2025-10-06,1656.05
4848,2025-10-13,1628.19
4848,2025-10-20,1675.26
4848,2025-10-27,1625.31
4848,2025-11-03,1628.19
4848,2025-11-10,1636.84
4848,2025-11-17,1626.27
4848,2025-11-24,1645.48
4848,2025-12-01,1591.69
4848,2025-12-08,1599.37
4848,2025-12-15,1615.7
4848,2025-12-22,1638.76
4848,2025-12-29,1632.88
4848,2026-01-05,1669.11
4848,2026-01-12,1656.38
4848,2026-01-19,1723.93
4848,2026-01-26,1647.57
4848,2026-02-02,1674.98
4848,2026-02-09,1671.06
4848,2026-02-16,1600.58
4848,2026-02-23,1651.48
4848,2026-03-02,1635.82
4848,2026-03-09,1610.37
4848,2026-03-16,1619.18
4848,2026-03-23,1634.84
4848,2026-03-30,1668.13
4848,2026-04-06,1672.04
4848,2026-04-13,1659.32
4848,2026-04-20,1586.87
4848,2026-04-27,1573.17
4848,2026-05-04,1571.21
4848,2026-05-11,1498.77
4848,2026-05-18,1485.06
4848,2026-05-25,1507.58
4848,2026-06-01,1511.49
4848,2026-06-08,1506.6
4848,2026-06-15,1493.87
4848,2026-06-22,1488.0
4848,2026-06-29,1540.0
4848,2026-07-06,1602.0
4848,2026-07-13,1643.0
4848,2026-07-20,1648.0
4848,2026-07-27,1728.0
4848,2026-08-03,1680.0
4848,2026-08-10,1856.0
4919,2025-08-18,2438.83
4919,2025-08-25,2414.66
4919,2025-09-01,2429.16
4919,2025-09-08,2427.23
4919,2025-09-15,2392.43
4919,2025-09-22,2447.53
4919,2025-09-29,2368.26
4919,2025-10-06,2338.3
4919,2025-10-13,2314.13
4919,2025-10-20,2310.26
4919,2025-10-27,2238.73
4919,2025-11-03,2302.53
4919,2025-11-10,2324.76
4919,2025-11-17,2483.29
4919,2025-11-24,2456.23
4919,2025-12-01,2351.83
4919,2025-12-08,2404.03
4919,2025-12-15,2388.56
4919,2025-12-22,2458.16
4919,2025-12-29,2399.05
4919,2026-01-05,2389.19
4919,2026-01-12,2428.6
4919,2026-01-19,2540.92
4919,2026-01-26,2499.54
4919,2026-02-02,2618.75
4919,2026-02-09,2680.82
4919,2026-02-16,2675.9
4919,2026-02-23,2769.49
4919,2026-03-02,2692.65
4919,2026-03-09,2639.44
4919,2026-03-16,2637.47
4919,2026-03-23,2688.7
4919,2026-03-30,2703.48
4919,2026-04-06,2720.23
4919,2026-04-13,2691.66
4919,2026-04-20,2545.85
4919,2026-04-27,2498.55
4919,2026-05-04,2478.85
4919,2026-05-11,2503.48
4919,2026-05-18,2657.18
4919,2026-05-25,2612.84
4919,2026-06-01,2535.99
4919,2026-06-08,2703.48
4919,2026-06-15,2594.12
4919,2026-06-22,2669.0
4919,2026-06-29,2764.0
4919,2026-07-06,2774.0
4919,2026-07-13,2834.0
4919,2026-07-20,2785.0
4919,2026-07-27,2781.0
4919,2026-08-03,2894.0
4919,2026-08-10,3250.0
4958,2025-08-18,2885.26
4958,2025-08-25,2895.94
4958,2025-09-01,2895.94
4958,2025-09-08,2885.26
4958,2025-09-15,2895.94
4958,2025-09-22,2959.99
4958,2025-09-29,2748.77
4958,2025-10-06,2721.27
4958,2025-10-13,2679.02
4958,2025-10-20,2707.51
4958,2025-10-27,2654.46
4958,2025-11-03,2651.52
4958,2025-11-10,2707.51
4958,2025-11-17,2723.23
4958,2025-11-24,2784.14
4958,2025-12-01,2670.18
4958,2025-12-08,2710.46
4958,2025-12-15,2788.07
4958,2025-12-22,2798.88
4958,2025-12-29,2768.42
4958,2026-01-05,2828.35
4958,2026-01-12,2832.28
4958,2026-01-19,2858.8
4958,2026-01-26,2791.02
4958,2026-02-02,2812.63
4958,2026-02-09,2828.35
4958,2026-02-16,2799.86
4958,2026-02-23,2867.65
4958,2026-03-02,2802.81
4958,2026-03-09,2794.95
4958,2026-03-16,2787.09
4958,2026-03-23,2792.0
4958,2026-03-30,2855.0
4958,2026-04-06,2923.0
4958,2026-04-13,2861.0
4958,2026-04-20,2865.0
4958,2026-04-27,2882.0
4958,2026-05-04,2933.0
4958,2026-05-11,3070.0
4958,2026-05-18,3125.0
4958,2026-05-25,3075.0
4958,2026-06-01,3060.0
4958,2026-06-08,3205.0
4958,2026-06-15,3255.0
4958,2026-06-22,3215.0
4958,2026-06-29,3250.0
4958,2026-07-06,3225.0
4958,2026-07-13,3300.0
4958,2026-07-20,3225.0
4958,2026-07-27,3250.0
4958,2026-08-03,3310.0
4958,2026-08-10,3350.0
4997,2025-08-18,979.58
4997,2025-08-25,940.98
4997,2025-09-01,998.89
4997,2025-09-08,968.97
4997,2025-09-15,989.23
4997,2025-09-22,987.3
4997,2025-09-29,952.15
4997,2025-10-06,934.57
4997,2025-10-13,914.06
4997,2025-10-20,914.06
4997,2025-10-27,843.75
4997,2025-11-03,847.66
4997,2025-11-10,864.26
4997,2025-11-17,867.19
4997,2025-11-24,868.16
4997,2025-12-01,880.86
4997,2025-12-08,970.7
4997,2025-12-15,995.12
4997,2025-12-22,982.42
4997,2025-12-29,990.23
4997,2026-01-05,994.14
4997,2026-01-12,1012.7
4997,2026-01-19,1005.86
4997,2026-01-26,990.23
4997,2026-02-02,1034.18
4997,2026-02-09,998.05
4997,2026-02-16,993.16
4997,2026-02-23,1066.41
4997,2026-03-02,989.26
4997,2026-03-09,990.23
4997,2026-03-16,984.38
4997,2026-03-23,1000.0
4997,2026-03-30,1031.0
4997,2026-04-06,1021.0
4997,2026-04-13,1017.0
4997,2026-04-20,1003.0
4997,2026-04-27,999.0
4997,2026-05-04,964.0
4997,2026-05-11,986.0
4997,2026-05-18,976.0
4997,2026-05-25,1057.0
4997,2026-06-01,1017.0
4997,2026-06-08,1028.0
4997,2026-06-15,1004.0
4997,2026-06-22,1022.0
4997,2026-06-29,1033.0
4997,2026-07-06,1014.0
4997,2026-07-13,987.0
4997,2026-07-20,1085.0
4997,2026-07-27,1077.0
4997,2026-08-03,1132.0
4997,2026-08-10,1178.0
5142,2025-08-18,1103.1
5142,2025-08-25,1077.83
5142,2025-09-01,1108.93
5142,2025-09-08,1107.96
5142,2025-09-15,1126.42
5142,2025-09-22,1192.51
5142,2025-09-29,1165.3
5142,2025-10-06,1239.16
5142,2025-10-13,1241.1
5142,2025-10-20,1282.9
5142,2025-10-27,1220.69
5142,2025-11-03,1146.83
5142,2025-11-10,1261.51
5142,2025-11-17,1235.27
5142,2025-11-24,1245.96
5142,2025-12-01,1278.04
5142,2025-12-08,1308.16
5142,2025-12-15,1358.7
5142,2025-12-22,1420.9
5142,2025-12-29,1405.35
5142,2026-01-05,1452.98
5142,2026-01-12,1461.72
5142,2026-01-19,1457.84
5142,2026-01-26,1408.27
5142,2026-02-02,1463.67
5142,2026-02-09,1582.24
5142,2026-02-16,1608.48
5142,2026-02-23,1742.6
5142,2026-03-02,1636.66
5142,2026-03-09,1416.04
5142,2026-03-16,1415.07
5142,2026-03-23,1383.0
5142,2026-03-30,1358.0
5142,2026-04-06,1467.0
5142,2026-04-13,1502.0
5142,2026-04-20,1411.0
5142,2026-04-27,1439.0
5142,2026-05-04,1562.0
5142,2026-05-11,1246.0
5142,2026-05-18,1230.0
5142,2026-05-25,1217.0
5142,2026-06-01,1187.0
5142,2026-06-08,1138.0
5142,2026-06-15,1207.0
5142,2026-06-22,1159.0
5142,2026-06-29,1217.0
5142,2026-07-06,1214.0
5142,2026-07-13,1211.0
5142,2026-07-20,1268.0
5142,2026-07-27,1298.0
5142,2026-08-03,1689.0
5142,2026-08-10,1887.0
5208,2025-08-18,1510.58
5208,2025-08-25,1520.0
5208,2025-09-01,1573.72
5208,2025-09-08,1548.27
5208,2025-09-15,1551.1
5208,2025-09-22,1572.78
5208,2025-09-29,1526.32
5208,2025-10-06,1524.38
5208,2025-10-13,1566.0
5208,2025-10-20,1594.07
5208,2025-10-27,1575.68
5208,2025-11-03,1519.54
5208,2025-11-10,1570.84
5208,2025-11-17,1558.26
5208,2025-11-24,1646.33
5208,2025-12-01,1610.52
5208,2025-12-08,1644.4
5208,2025-12-15,1641.49
5208,2025-12-22,1655.04
5208,2025-12-29,1667.63
5208,2026-01-05,1688.92
5208,2026-01-12,1745.05
5208,2026-01-19,1765.38
5208,2026-01-26,1727.63
5208,2026-02-02,2060.58
5208,2026-02-09,2228.99
5208,2026-02-16,2468.05
5208,2026-02-23,2559.99
5208,2026-03-02,2451.59
5208,2026-03-09,2374.16
5208,2026-03-16,2347.06
5208,2026-03-23,2349.0
5208,2026-03-30,2330.0
5208,2026-04-06,2480.0
5208,2026-04-13,2503.0
5208,2026-04-20,2641.0
5208,2026-04-27,2277.0
5208,2026-05-04,2292.0
5208,2026-05-11,2357.0
5208,2026-05-18,2249.0
5208,2026-05-25,2308.0
5208,2026-06-01,2285.0
5208,2026-06-08,2311.0
5208,2026-06-15,2651.0
5208,2026-06-22,2582.0
5208,2026-06-29,2786.0
5208,2026-07-06,2507.0
5208,2026-07-13,2419.0
5208,2026-07-20,2510.0
5208,2026-07-27,2438.0
5208,2026-08-03,2750.0
5208,2026-08-10,2859.0
5302,2025-08-18,4025.47
5302,2025-08-25,3987.18
5302,2025-09-01,4068.55
5302,2025-09-08,4073.34
5302,2025-09-15,4135.56
5302,2025-09-22,4197.79
5302,2025-09-29,4092.48
5302,2025-10-06,4130.78
5302,2025-10-13,4121.2
5302,2025-10-20,4169.07
5302,2025-10-27,4154.71
5302,2025-11-03,4193.0
5302,2025-11-10,4274.37
5302,2025-11-17,4264.8
5302,2025-11-24,4312.66
5302,2025-12-01,4250.44
5302,2025-12-08,4274.37
5302,2025-12-15,4236.08
5302,2025-12-22,4317.45
5302,2025-12-29,4322.35
5302,2026-01-05,4366.4
5302,2026-01-12,4488.78
5302,2026-01-19,4503.46
5302,2026-01-26,4503.46
5302,2026-02-02,4660.1
5302,2026-02-09,4713.95
5302,2026-02-16,4767.8
5302,2026-02-23,4944.02
5302,2026-03-02,4581.78
5302,2026-03-09,4542.62
5302,2026-03-16,4518.15
5302,2026-03-23,4459.41
5302,2026-03-30,4542.62
5302,2026-04-06,4718.85
5302,2026-04-13,4694.37
5302,2026-04-20,4611.15
5302,2026-04-27,4665.0
5302,2026-05-04,4753.11
5302,2026-05-11,4816.75
5302,2026-05-18,4616.05
5302,2026-05-25,4640.52
5302,2026-06-01,4699.27
5302,2026-06-08,4571.99
5302,2026-06-15,4596.47
5302,2026-06-22,4665.0
5302,2026-06-29,4860.0
5302,2026-07-06,4730.0
5302,2026-07-13,4630.0
5302,2026-07-20,4670.0
5302,2026-07-27,4735.0
5302,2026-08-03,5040.0
5302,2026-08-10,5060.0
5458,2025-08-18,897.96
5458,2025-08-25,909.51
5458,2025-09-01,919.13
5458,2025-09-08,903.73
5458,2025-09-15,928.76
5458,2025-09-22,935.49
5458,2025-09-29,938.38
5458,2025-10-06,938.38
5458,2025-10-13,945.12
5458,2025-10-20,960.52
5458,2025-10-27,925.87
5458,2025-11-03,943.19
5458,2025-11-10,934.53
5458,2025-11-17,912.39
5458,2025-11-24,922.98
5458,2025-12-01,925.87
5458,2025-12-08,914.32
5458,2025-12-15,949.93
5458,2025-12-22,989.39
5458,2025-12-29,986.5
5458,2026-01-05,1030.77
5458,2026-01-12,1150.12
5458,2026-01-19,1098.15
5458,2026-01-26,1004.79
5458,2026-02-02,1068.31
5458,2026-02-09,1077.93
5458,2026-02-16,1050.02
5458,2026-02-23,1030.77
5458,2026-03-02,1055.8
5458,2026-03-09,1049.06
5458,2026-03-16,1031.74
5458,2026-03-23,1025.0
5458,2026-03-30,1035.0
5458,2026-04-06,1024.0
5458,2026-04-13,1033.0
5458,2026-04-20,1031.0
5458,2026-04-27,1049.0
5458,2026-05-04,1033.0
5458,2026-05-11,1172.0
5458,2026-05-18,1193.0
5458,2026-05-25,1221.0
5458,2026-06-01,1209.0
5458,2026-06-08,1225.0
5458,2026-06-15,1269.0
5458,2026-06-22,1240.0
5458,2026-06-29,1220.0
5458,2026-07-06,1215.0
5458,2026-07-13,1215.0
5458,2026-07-20,1234.0
5458,2026-07-27,1345.0
5458,2026-08-03,1419.0
5458,2026-08-10,1420.0
5632,2025-08-18,1658.34
5632,2025-08-25,1668.86
5632,2025-09-01,1702.33
5632,2025-09-08,1693.72
5632,2025-09-15,1666.94
5632,2025-09-22,1709.98
5632,2025-09-29,1647.37
5632,2025-10-06,1777.48
5632,2025-10-13,1894.87
5632,2025-10-20,1893.89
5632,2025-10-27,1837.15
5632,2025-11-03,1663.02
5632,2025-11-10,1720.74
5632,2025-11-17,1709.0
5632,2025-11-24,1791.17
5632,2025-12-01,1706.07
5632,2025-12-08,1741.28
5632,2025-12-15,1697.26
5632,2025-12-22,1782.37
5632,2025-12-29,1836.17
5632,2026-01-05,1887.04
5632,2026-01-12,1968.24
5632,2026-01-19,1918.35
5632,2026-01-26,1837.15
5632,2026-02-02,1854.76
5632,2026-02-09,1880.2
5632,2026-02-16,1979.98
5632,2026-02-23,2077.8
5632,2026-03-02,1872.37
5632,2026-03-09,1799.0
5632,2026-03-16,1794.11
5632,2026-03-23,1844.0
5632,2026-03-30,1815.0
5632,2026-04-06,1791.0
5632,2026-04-13,1822.0
5632,2026-04-20,1789.0
5632,2026-04-27,1812.0
5632,2026-05-04,1835.0
5632,2026-05-11,2169.0
5632,2026-05-18,2144.0
5632,2026-05-25,2157.0
5632,2026-06-01,2150.0
5632,2026-06-08,2139.0
5632,2026-06-15,2331.0
5632,2026-06-22,2177.0
5632,2026-06-29,2208.0
5632,2026-07-06,2107.0
5632,2026-07-13,2101.0
5632,2026-07-20,2177.0
5632,2026-07-27,2180.0
5632,2026-08-03,2285.0
5632,2026-08-10,2431.0
5830,2025-08-18,2000.75
5830,2025-08-25,2006.12
5830,2025-09-01,1978.78
5830,2025-09-08,2018.82
5830,2025-09-15,2074.49
5830,2025-09-22,2188.28
5830,2025-09-29,2162.54
5830,2025-10-06,2086.81
5830,2025-10-13,2070.97
5830,2025-10-20,2166.99
5830,2025-10-27,2382.8
5830,2025-11-03,2296.18
5830,2025-11-10,2354.59
5830,2025-11-17,2353.6
5830,2025-11-24,2541.19
5830,2025-12-01,2533.77
5830,2025-12-08,2541.69
5830,2025-12-15,2574.85
5830,2025-12-22,2522.38
5830,2025-12-29,2525.85
5830,2026-01-05,2681.27
5830,2026-01-12,2847.58
5830,2026-01-19,2806.5
5830,2026-01-26,2842.14
5830,2026-02-02,3128.23
5830,2026-02-09,3491.54
5830,2026-02-16,3456.89
5830,2026-02-23,3359.88
5830,2026-03-02,3028.25
5830,2026-03-09,2920.84
5830,2026-03-16,2899.06
5830,2026-03-23,2954.0
5830,2026-03-30,3071.0
5830,2026-04-06,3180.0
5830,2026-04-13,3181.0
5830,2026-04-20,2895.5
5830,2026-04-27,3015.0
5830,2026-05-04,3085.0
5830,2026-05-11,3162.0
5830,2026-05-18,3115.0
5830,2026-05-25,3054.0
5830,2026-06-01,3064.0
5830,2026-06-08,3075.0
5830,2026-06-15,3071.0
5830,2026-06-22,3181.0
5830,2026-06-29,3335.0
5830,2026-07-06,3259.0
5830,2026-07-13,3229.0
5830,2026-07-20,3556.0
5830,2026-07-27,3634.0
5830,2026-08-03,3813.0
5830,2026-08-10,3964.0
5831,2025-08-18,1910.39
5831,2025-08-25,1905.56
5831,2025-09-01,1876.55
5831,2025-09-08,1930.69
5831,2025-09-15,1909.42
5831,2025-09-22,1988.7
5831,2025-09-29,2000.03
5831,2025-10-06,1944.36
5831,2025-10-13,1934.01
5831,2025-10-20,1991.17
5831,2025-10-27,2044.87
5831,2025-11-03,2070.5
5831,2025-11-10,2104.5
5831,2025-11-17,2187.28
5831,2025-11-24,2229.65
5831,2025-12-01,2328.2
5831,2025-12-08,2394.72
5831,2025-12-15,2408.02
5831,2025-12-22,2381.91
5831,2025-12-29,2396.69
5831,2026-01-05,2532.69
5831,2026-01-12,2602.66
5831,2026-01-19,2512.98
5831,2026-01-26,2481.44
5831,2026-02-02,2734.22
5831,2026-02-09,3001.78
5831,2026-02-16,3073.72
5831,2026-02-23,3098.35
5831,2026-03-02,2737.18
5831,2026-03-09,2572.11
5831,2026-03-16,2521.85
5831,2026-03-23,2783.0
5831,2026-03-30,2755.0
5831,2026-04-06,2864.0
5831,2026-04-13,2803.0
5831,2026-04-20,2674.5
5831,2026-04-27,2762.0
5831,2026-05-04,2762.0
5831,2026-05-11,2915.5
5831,2026-05-18,2997.0
5831,2026-05-25,2871.0
5831,2026-06-01,2896.5
5831,2026-06-08,3052.0
5831,2026-06-15,3026.0
5831,2026-06-22,3032.0
5831,2026-06-29,3232.0
5831,2026-07-06,3279.0
5831,2026-07-13,3148.0
5831,2026-07-20,3380.0
5831,2026-07-27,3180.0
5831,2026-08-03,3413.0
5831,2026-08-10,3513.0
5832,2025-08-18,2055.96
5832,2025-08-25,2045.33
5832,2025-09-01,2041.47
5832,2025-09-08,2078.17
5832,2025-09-15,2060.3
5832,2025-09-22,2169.91
5832,2025-09-29,2116.4
5832,2025-10-06,2061.9
5832,2025-10-13,2026.07
5832,2025-10-20,2079.58
5832,2025-10-27,2111.0
5832,2025-11-03,2132.11
5832,2025-11-10,2181.2
5832,2025-11-17,2188.07
5832,2025-11-24,2290.68
5832,2025-12-01,2264.17
5832,2025-12-08,2321.6
5832,2025-12-15,2417.83
5832,2025-12-22,2403.1
5832,2025-12-29,2425.68
5832,2026-01-05,2572.96
5832,2026-01-12,2713.86
5832,2026-01-19,2753.62
5832,2026-01-26,2737.91
5832,2026-02-02,3154.71
5832,2026-02-09,3365.81
5832,2026-02-16,3287.26
5832,2026-02-23,3153.73
5832,2026-03-02,2901.88
5832,2026-03-09,2781.61
5832,2026-03-16,2777.19
5832,2026-03-23,2868.5
5832,2026-03-30,2984.5
5832,2026-04-06,3086.0
5832,2026-04-13,3009.0
5832,2026-04-20,2794.5
5832,2026-04-27,2845.5
5832,2026-05-04,2870.5
5832,2026-05-11,3033.0
5832,2026-05-18,3103.0
5832,2026-05-25,2987.5
5832,2026-06-01,2979.0
5832,2026-06-08,3099.0
5832,2026-06-15,3037.0
5832,2026-06-22,3090.0
5832,2026-06-29,3225.0
5832,2026-07-06,3235.0
5832,2026-07-13,3122.0
5832,2026-07-20,3410.0
5832,2026-07-27,3323.0
5832,2026-08-03,3385.0
5832,2026-08-10,3518.0
5844,2025-08-18,2811.28
5844,2025-08-25,2809.37
5844,2025-09-01,2777.32
5844,2025-09-08,2821.33
5844,2025-09-15,2908.39
5844,2025-09-22,3083.46
5844,2025-09-29,3041.81
5844,2025-10-06,2961.4
5844,2025-10-13,2904.25
5844,2025-10-20,3029.22
5844,2025-10-27,3026.31
5844,2025-11-03,3087.34
5844,2025-11-10,3150.31
5844,2025-11-17,3136.74
5844,2025-11-24,3293.68
5844,2025-12-01,3306.27
5844,2025-12-08,3336.3
5844,2025-12-15,3362.46
5844,2025-12-22,3328.55
5844,2025-12-29,3319.83
5844,2026-01-05,3401.21
5844,2026-01-12,3578.49
5844,2026-01-19,3654.05
5844,2026-01-26,3610.45
5844,2026-02-02,3706.36
5844,2026-02-09,3756.73
5844,2026-02-16,3582.36
5844,2026-02-23,3755.76
5844,2026-03-02,4038.63
5844,2026-03-09,4328.28
5844,2026-03-16,4258.53
5844,2026-03-23,4337.0
5844,2026-03-30,4337.0
5844,2026-04-06,4330.0
5844,2026-04-13,4393.0
5844,2026-04-20,4295.0
5844,2026-04-27,4373.0
5844,2026-05-04,4395.0
5844,2026-05-11,4413.0
5844,2026-05-18,4479.0
5844,2026-05-25,4419.0
5844,2026-06-01,4622.0
5844,2026-06-08,4462.0
5844,2026-06-15,4726.0
5844,2026-06-22,4477.0
5844,2026-06-29,4710.0
5844,2026-07-06,4654.0
5844,2026-07-13,4384.0
5844,2026-07-20,4634.0
5844,2026-07-27,4437.0
5844,2026-08-03,4668.0
5844,2026-08-10,5073.0
5884,2025-08-18,512.0
5884,2025-08-25,521.0
5884,2025-09-01,539.0
5884,2025-09-08,542.0
5884,2025-09-15,515.0
5884,2025-09-22,516.0
5884,2025-09-29,498.0
5884,2025-10-06,465.0
5884,2025-10-13,473.0
5884,2025-10-20,462.0
5884,2025-10-27,442.0
5884,2025-11-03,436.0
5884,2025-11-10,447.0
5884,2025-11-17,429.0
5884,2025-11-24,423.0
5884,2025-12-01,422.0
5884,2025-12-08,415.0
5884,2025-12-15,403.0
5884,2025-12-22,376.0
5884,2025-12-29,384.0
5884,2026-01-05,413.0
5884,2026-01-12,422.0
5884,2026-01-19,423.0
5884,2026-01-26,421.0
5884,2026-02-02,421.0
5884,2026-02-09,425.0
5884,2026-02-16,435.0
5884,2026-02-23,460.0
5884,2026-03-02,442.0
5884,2026-03-09,455.0
5884,2026-03-16,471.0
5884,2026-03-23,453.0
5884,2026-03-30,472.0
5884,2026-04-06,491.0
5884,2026-04-13,490.0
5884,2026-04-20,515.0
5884,2026-04-27,505.0
5884,2026-05-04,508.0
5884,2026-05-11,549.0
5884,2026-05-18,520.0
5884,2026-05-25,578.0
5884,2026-06-01,585.0
5884,2026-06-08,560.0
5884,2026-06-15,557.0
5884,2026-06-22,561.0
5884,2026-06-29,567.0
5884,2026-07-06,543.0
5884,2026-07-13,531.0
5884,2026-07-20,524.0
5884,2026-07-27,549.0
5884,2026-08-03,580.0
5884,2026-08-10,668.0
5889,2025-08-18,2043.2
5889,2025-08-25,2011.44
5889,2025-09-01,1997.01
5889,2025-09-08,2298.24
5889,2025-09-15,2166.39
5889,2025-09-22,2147.14
5889,2025-09-29,2028.77
5889,2025-10-06,2023.96
5889,2025-10-13,1987.38
5889,2025-10-20,2133.67
5889,2025-10-27,1934.45
5889,2025-11-03,1949.85
5889,2025-11-10,1946.96
5889,2025-11-17,1828.59
5889,2025-11-24,1867.08
5889,2025-12-01,1900.77
5889,2025-12-08,1971.02
5889,2025-12-15,1903.65
5889,2025-12-22,1950.81
5889,2025-12-29,1953.7
5889,2026-01-05,1966.21
5889,2026-01-12,1946.0
5889,2026-01-19,1961.4
5889,2026-01-26,1974.96
5889,2026-02-02,1950.39
5889,2026-02-09,1940.56
5889,2026-02-16,1883.54
5889,2026-02-23,1964.15
5889,2026-03-02,1917.95
5889,2026-03-09,1848.15
5889,2026-03-16,2040.83
5889,2026-03-23,2092.93
5889,2026-03-30,2054.59
5889,2026-04-06,2077.2
5889,2026-04-13,2103.74
5889,2026-04-20,2192.22
5889,2026-04-27,2190.25
5889,2026-05-04,2208.93
5889,2026-05-11,2154.86
5889,2026-05-18,2172.56
5889,2026-05-25,2056.56
5889,2026-06-01,2051.64
5889,2026-06-08,2133.23
5889,2026-06-15,2279.71
5889,2026-06-22,2151.91
5889,2026-06-29,2362.29
5889,2026-07-06,2410.46
5889,2026-07-13,2283.64
5889,2026-07-20,2345.58
5889,2026-07-27,2521.0
5889,2026-08-03,2469.0
5889,2026-08-10,2608.0
5901,2025-08-18,3449.24
5901,2025-08-25,3457.91
5901,2025-09-01,3457.91
5901,2025-09-08,3476.21
5901,2025-09-15,3324.95
5901,2025-09-22,3342.29
5901,2025-09-29,3217.89
5901,2025-10-06,3212.01
5901,2025-10-13,3288.42
5901,2025-10-20,3383.43
5901,2025-10-27,3390.29
5901,2025-11-03,3321.72
5901,2025-11-10,3541.14
5901,2025-11-17,3427.51
5901,2025-11-24,3648.9
5901,2025-12-01,3718.45
5901,2025-12-08,3788.98
5901,2025-12-15,3784.08
5901,2025-12-22,3711.59
5901,2025-12-29,3747.83
5901,2026-01-05,3763.51
5901,2026-01-12,3889.87
5901,2026-01-19,3887.91
5901,2026-01-26,3795.83
5901,2026-02-02,3959.42
5901,2026-02-09,3832.08
5901,2026-02-16,3835.02
5901,2026-02-23,3996.64
5901,2026-03-02,3755.67
5901,2026-03-09,3722.36
5901,2026-03-16,3613.63
5901,2026-03-23,3596.0
5901,2026-03-30,3468.0
5901,2026-04-06,3474.0
5901,2026-04-13,3353.0
5901,2026-04-20,3220.0
5901,2026-04-27,3438.0
5901,2026-05-04,3531.0
5901,2026-05-11,3706.0
5901,2026-05-18,3996.0
5901,2026-05-25,3890.0
5901,2026-06-01,3772.0
5901,2026-06-08,3933.0
5901,2026-06-15,4127.0
5901,2026-06-22,4167.0
5901,2026-06-29,4111.0
5901,2026-07-06,4027.0
5901,2026-07-13,4053.0
5901,2026-07-20,4097.0
5901,2026-07-27,4072.0
5901,2026-08-03,4325.0
5901,2026-08-10,4419.0
5902,2025-08-18,2007.26
5902,2025-08-25,2004.38
5902,2025-09-01,2100.38
5902,2025-09-08,2219.41
5902,2025-09-15,2201.17
5902,2025-09-22,2196.37
5902,2025-09-29,2141.9
5902,2025-10-06,2115.64
5902,2025-10-13,2144.82
5902,2025-10-20,2173.03
5902,2025-10-27,2094.24
5902,2025-11-03,2101.05
5902,2025-11-10,2201.24
5902,2025-11-17,2182.76
5902,2025-11-24,2254.74
5902,2025-12-01,2209.02
5902,2025-12-08,2205.13
5902,2025-12-15,2215.83
5902,2025-12-22,2274.19
5902,2025-12-29,2311.15
5902,2026-01-05,2349.09
5902,2026-01-12,2355.9
5902,2026-01-19,2335.47
5902,2026-01-26,2272.25
5902,2026-02-02,2350.06
5902,2026-02-09,2273.22
5902,2026-02-16,2298.51
5902,2026-02-23,2451.22
5902,2026-03-02,2388.0
5902,2026-03-09,2319.91
5902,2026-03-16,2286.84
5902,2026-03-23,2281.0
5902,2026-03-30,2285.0
5902,2026-04-06,2273.0
5902,2026-04-13,2260.0
5902,2026-04-20,2190.0
5902,2026-04-27,2150.0
5902,2026-05-04,2160.0
5902,2026-05-11,2234.0
5902,2026-05-18,2235.0
5902,2026-05-25,2240.0
5902,2026-06-01,2289.0
5902,2026-06-08,2356.0
5902,2026-06-15,2360.0
5902,2026-06-22,2343.0
5902,2026-06-29,2374.0
5902,2026-07-06,2335.0
5902,2026-07-13,2353.0
5902,2026-07-20,2372.0
5902,2026-07-27,2386.0
5902,2026-08-03,2385.0
5902,2026-08-10,2585.0
590A,2025-08-18,1452.9
590A,2025-08-25,1373.72
590A,2025-09-01,1202.5
590A,2025-09-08,1237.14
590A,2025-09-15,1241.1
590A,2025-09-22,1187.66
590A,2025-09-29,1173.8
590A,2025-10-06,1112.44
590A,2025-10-13,1083.74
590A,2025-10-20,1114.42
590A,2025-10-27,1078.79
590A,2025-11-03,1029.3
590A,2025-11-10,1072.85
590A,2025-11-17,1096.6
590A,2025-11-24,1155.99
590A,2025-12-01,1112.44
590A,2025-12-08,1131.24
590A,2025-12-15,1175.78
590A,2025-12-22,1251.0
590A,2025-12-29,1256.0
590A,2026-01-05,1312.0
590A,2026-01-12,1354.0
590A,2026-01-19,1369.0
590A,2026-01-26,1270.0
590A,2026-02-02,1225.0
590A,2026-02-09,1145.0
590A,2026-02-16,982.0
590A,2026-02-23,1035.0
590A,2026-03-02,1122.0
590A,2026-03-09,1126.0
590A,2026-03-16,1081.0
590A,2026-03-23,1130.0
590A,2026-03-30,1105.0
590A,2026-04-06,1094.0
590A,2026-04-13,1129.0
590A,2026-04-20,1063.0
590A,2026-04-27,1151.0
590A,2026-05-04,1200.0
590A,2026-05-11,1068.0
590A,2026-05-18,1123.0
590A,2026-05-25,1147.0
590A,2026-06-01,1169.0
590A,2026-06-08,1039.0
590A,2026-06-15,1047.0
590A,2026-06-22,995.0
590A,2026-06-29,1107.0
590A,2026-07-06,1006.0
590A,2026-07-13,998.0
590A,2026-07-20,998.0
590A,2026-07-27,1052.0
590A,2026-08-03,1105.0
590A,2026-08-10,1188.0
6080,2025-08-18,2975.44
6080,2025-08-25,3088.56
6080,2025-09-01,3177.08
6080,2025-09-08,3142.65
6080,2025-09-15,3132.82
6080,2025-09-22,3127.9
6080,2025-09-29,3155.0
6080,2025-10-06,3120.0
6080,2025-10-13,3210.0
6080,2025-10-20,3270.0
6080,2025-10-27,2955.0
6080,2025-11-03,3090.0
6080,2025-11-10,3170.0
6080,2025-11-17,3300.0
6080,2025-11-24,3360.0
6080,2025-12-01,3260.0
6080,2025-12-08,3290.0
6080,2025-12-15,3400.0
6080,2025-12-22,3405.0
6080,2025-12-29,3370.0
6080,2026-01-05,3490.0
6080,2026-01-12,3500.0
6080,2026-01-19,3425.0
6080,2026-01-26,3145.0
6080,2026-02-02,3415.0
6080,2026-02-09,3380.0
6080,2026-02-16,3495.0
6080,2026-02-23,3740.0
6080,2026-03-02,3495.0
6080,2026-03-09,3400.0
6080,2026-03-16,3155.0
6080,2026-03-23,3100.0
6080,2026-03-30,3080.0
6080,2026-04-06,3235.0
6080,2026-04-13,3350.0
6080,2026-04-20,3170.0
6080,2026-04-27,3275.0
6080,2026-05-04,3400.0
6080,2026-05-11,3370.0
6080,2026-05-18,3600.0
6080,2026-05-25,3440.0
6080,2026-06-01,3480.0
6080,2026-06-08,3465.0
6080,2026-06-15,3580.0
6080,2026-06-22,3390.0
6080,2026-06-29,3575.0
6080,2026-07-06,3610.0
6080,2026-07-13,3660.0
6080,2026-07-20,3735.0
6080,2026-07-27,3885.0
6080,2026-08-03,4020.0
6080,2026-08-10,4085.0
6083,2025-08-18,956.01
6083,2025-08-25,928.6
6083,2025-09-01,933.44
6083,2025-09-08,916.67
6083,2025-09-15,948.27
6083,2025-09-22,938.92
6083,2025-09-29,1178.48
6083,2025-10-06,1244.58
6083,2025-10-13,1244.58
6083,2025-10-20,1252.64
6083,2025-10-27,1184.93
6083,2025-11-03,1168.81
6083,2025-11-10,1196.22
6083,2025-11-17,1183.32
6083,2025-11-24,1219.38
6083,2025-12-01,1193.19
6083,2025-12-08,1284.85
6083,2025-12-15,1553.27
6083,2025-12-22,1623.65
6083,2025-12-29,1559.82
6083,2026-01-05,1600.74
6083,2026-01-12,1590.92
6083,2026-01-19,1523.81
6083,2026-01-26,1409.24
6083,2026-02-02,1430.52
6083,2026-02-09,1455.07
6083,2026-02-16,1499.26
6083,2026-02-23,1561.46
6083,2026-03-02,1509.08
6083,2026-03-09,1479.62
6083,2026-03-16,1556.55
6083,2026-03-23,1545.09
6083,2026-03-30,1307.76
6083,2026-04-06,1301.21
6083,2026-04-13,1355.23
6083,2026-04-20,1397.78
6083,2026-04-27,1360.14
6083,2026-05-04,1392.87
6083,2026-05-11,1325.76
6083,2026-05-18,1307.76
6083,2026-05-25,1241.0
6083,2026-06-01,1333.0
6083,2026-06-08,1313.0
6083,2026-06-15,1354.0
6083,2026-06-22,1347.0
6083,2026-06-29,1466.0
6083,2026-07-06,1397.0
6083,2026-07-13,1456.0
6083,2026-07-20,1531.0
6083,2026-07-27,1575.0
6083,2026-08-03,1678.0
6083,2026-08-10,1745.0
6087,2025-08-18,3308.89
6087,2025-08-25,3333.15
6087,2025-09-01,3265.22
6087,2025-09-08,3289.48
6087,2025-09-15,3323.44
6087,2025-09-22,3338.0
6087,2025-09-29,3075.0
6087,2025-10-06,3110.0
6087,2025-10-13,3100.0
6087,2025-10-20,3115.0
6087,2025-10-27,3115.0
6087,2025-11-03,3135.0
6087,2025-11-10,3175.0
6087,2025-11-17,3195.0
6087,2025-11-24,3215.0
6087,2025-12-01,3340.0
6087,2025-12-08,3305.0
6087,2025-12-15,3305.0
6087,2025-12-22,3370.0
6087,2025-12-29,3360.0
6087,2026-01-05,3380.0
6087,2026-01-12,3405.0
6087,2026-01-19,3395.0
6087,2026-01-26,3380.0
6087,2026-02-02,3400.0
6087,2026-02-09,3405.0
6087,2026-02-16,3420.0
6087,2026-02-23,3460.0
6087,2026-03-02,3440.0
6087,2026-03-09,3435.0
6087,2026-03-16,3450.0
6087,2026-03-23,3485.0
6087,2026-03-30,3375.0
6087,2026-04-06,3390.0
6087,2026-04-13,3410.0
6087,2026-04-20,3390.0
6087,2026-04-27,3405.0
6087,2026-05-04,3410.0
6087,2026-05-11,3400.0
6087,2026-05-18,3400.0
6087,2026-05-25,3405.0
6087,2026-06-01,3395.0
6087,2026-06-08,3335.0
6087,2026-06-15,3330.0
6087,2026-06-22,3320.0
6087,2026-06-29,3375.0
6087,2026-07-06,3450.0
6087,2026-07-13,3440.0
6087,2026-07-20,3435.0
6087,2026-07-27,3465.0
6087,2026-08-03,3470.0
6087,2026-08-10,3505.0
6155,2025-08-18,491.58
6155,2025-08-25,487.67
6155,2025-09-01,485.71
6155,2025-09-08,500.4
6155,2025-09-15,483.75
6155,2025-09-22,475.92
6155,2025-09-29,462.06
6155,2025-10-06,455.14
6155,2025-10-13,455.14
6155,2025-10-20,480.86
6155,2025-10-27,468.0
6155,2025-11-03,474.93
6155,2025-11-10,483.83
6155,2025-11-17,492.74
6155,2025-11-24,529.34
6155,2025-12-01,508.57
6155,2025-12-08,499.66
6155,2025-12-15,488.78
6155,2025-12-22,470.97
6155,2025-12-29,473.94
6155,2026-01-05,482.84
6155,2026-01-12,487.79
6155,2026-01-19,475.92
6155,2026-01-26,494.71
6155,2026-02-02,477.89
6155,2026-02-09,477.89
6155,2026-02-16,485.81
6155,2026-02-23,476.9
6155,2026-03-02,468.0
6155,2026-03-09,466.02
6155,2026-03-16,468.99
6155,2026-03-23,468.0
6155,2026-03-30,475.0
6155,2026-04-06,486.0
6155,2026-04-13,484.0
6155,2026-04-20,494.0
6155,2026-04-27,495.0
6155,2026-05-04,486.0
6155,2026-05-11,480.0
6155,2026-05-18,478.0
6155,2026-05-25,484.0
6155,2026-06-01,472.0
6155,2026-06-08,477.0
6155,2026-06-15,467.0
6155,2026-06-22,495.0
6155,2026-06-29,495.0
6155,2026-07-06,520.0
6155,2026-07-13,495.0
6155,2026-07-20,508.0
6155,2026-07-27,519.0
6155,2026-08-03,519.0
6155,2026-08-10,545.0
6306,2025-08-18,742.37
6306,2025-08-25,770.89
6306,2025-09-01,766.14
6306,2025-09-08,760.43
6306,2025-09-15,758.53
6306,2025-09-22,756.63
6306,2025-09-29,732.35
6306,2025-10-06,737.21
6306,2025-10-13,744.01
6306,2025-10-20,761.49
6306,2025-10-27,743.03
6306,2025-11-03,731.38
6306,2025-11-10,742.06
6306,2025-11-17,735.26
6306,2025-11-24,749.83
6306,2025-12-01,730.41
6306,2025-12-08,740.12
6306,2025-12-15,764.4
6306,2025-12-22,796.45
6306,2025-12-29,768.29
6306,2026-01-05,790.63
6306,2026-01-12,810.05
6306,2026-01-19,794.51
6306,2026-01-26,791.6
6306,2026-02-02,811.02
6306,2026-02-09,841.13
6306,2026-02-16,831.42
6306,2026-02-23,851.82
6306,2026-03-02,790.63
6306,2026-03-09,772.17
6306,2026-03-16,778.0
6306,2026-03-23,778.0
6306,2026-03-30,788.0
6306,2026-04-06,796.0
6306,2026-04-13,805.0
6306,2026-04-20,799.0
6306,2026-04-27,799.0
6306,2026-05-04,802.0
6306,2026-05-11,842.0
6306,2026-05-18,844.0
6306,2026-05-25,855.0
6306,2026-06-01,866.0
6306,2026-06-08,844.0
6306,2026-06-15,914.0
6306,2026-06-22,912.0
6306,2026-06-29,945.0
6306,2026-07-06,951.0
6306,2026-07-13,932.0
6306,2026-07-20,960.0
6306,2026-07-27,982.0
6306,2026-08-03,988.0
6306,2026-08-10,1014.0
6340,2025-08-18,3561.29
6340,2025-08-25,3483.24
6340,2025-09-01,3361.28
6340,2025-09-08,3327.13
6340,2025-09-15,3405.18
6340,2025-09-22,3439.33
6340,2025-09-29,3283.22
6340,2025-10-06,3302.73
6340,2025-10-13,3317.37
6340,2025-10-20,3400.3
6340,2025-10-27,3341.76
6340,2025-11-03,3097.84
6340,2025-11-10,3171.01
6340,2025-11-17,3200.29
6340,2025-11-24,3336.88
6340,2025-12-01,3292.98
6340,2025-12-08,3327.13
6340,2025-12-15,3346.64
6340,2025-12-22,3361.28
6340,2025-12-29,3403.32
6340,2026-01-05,3447.84
6340,2026-01-12,3556.67
6340,2026-01-19,3571.51
6340,2026-01-26,3482.47
6340,2026-02-02,3596.24
6340,2026-02-09,3645.71
6340,2026-02-16,3502.26
6340,2026-02-23,3685.28
6340,2026-03-02,3472.58
6340,2026-03-09,3348.91
6340,2026-03-16,3314.28
6340,2026-03-23,3388.48
6340,2026-03-30,3428.06
6340,2026-04-06,3502.26
6340,2026-04-13,3447.84
6340,2026-04-20,3324.18
6340,2026-04-27,3403.32
6340,2026-05-04,3531.94
6340,2026-05-11,3700.12
6340,2026-05-18,3779.27
6340,2026-05-25,3848.52
6340,2026-06-01,4214.58
6340,2026-06-08,3873.26
6340,2026-06-15,4194.79
6340,2026-06-22,4407.5
6340,2026-06-29,4550.0
6340,2026-07-06,4305.0
6340,2026-07-13,4140.0
6340,2026-07-20,4300.0
6340,2026-07-27,4390.0
6340,2026-08-03,4490.0
6340,2026-08-10,5400.0
6376,2025-08-18,1420.56
6376,2025-08-25,1467.61
6376,2025-09-01,1495.06
6376,2025-09-08,1457.81
6376,2025-09-15,1438.2
6376,2025-09-22,1447.03
6376,2025-09-29,1452.91
6376,2025-10-06,1427.42
6376,2025-10-13,1452.91
6376,2025-10-20,1527.42
6376,2025-10-27,1481.34
6376,2025-11-03,1467.61
6376,2025-11-10,1411.73
6376,2025-11-17,1498.0
6376,2025-11-24,1556.83
6376,2025-12-01,1513.69
6376,2025-12-08,1573.49
6376,2025-12-15,1551.93
6376,2025-12-22,1562.71
6376,2025-12-29,1578.61
6376,2026-01-05,1687.96
6376,2026-01-12,1825.15
6376,2026-01-19,1815.21
6376,2026-01-26,1768.49
6376,2026-02-02,1857.95
6376,2026-02-09,2271.5
6376,2026-02-16,2336.11
6376,2026-02-23,2437.51
6376,2026-03-02,2465.34
6376,2026-03-09,2326.17
6376,2026-03-16,2308.28
6376,2026-03-23,2365.93
6376,2026-03-30,2643.28
6376,2026-04-06,2803.33
6376,2026-04-13,2641.3
6376,2026-04-20,2628.37
6376,2026-04-27,2618.43
6376,2026-05-04,2634.34
6376,2026-05-11,2893.8
6376,2026-05-18,3186.06
6376,2026-05-25,3086.65
6376,2026-06-01,3310.32
6376,2026-06-08,3578.72
6376,2026-06-15,3857.07
6376,2026-06-22,4205.0
6376,2026-06-29,4060.0
6376,2026-07-06,3700.0
6376,2026-07-13,3820.0
6376,2026-07-20,4000.0
6376,2026-07-27,3750.0
6376,2026-08-03,3960.0
6376,2026-08-10,4385.0
6381,2025-08-18,1488.09
6381,2025-08-25,1501.36
6381,2025-09-01,1513.68
6381,2025-09-08,1539.28
6381,2025-09-15,1529.8
6381,2025-09-22,1546.86
6381,2025-09-29,1511.86
6381,2025-10-06,1497.27
6381,2025-10-13,1482.69
6381,2025-10-20,1538.11
6381,2025-10-27,1476.86
6381,2025-11-03,1470.05
6381,2025-11-10,1458.38
6381,2025-11-17,1485.61
6381,2025-11-24,1525.47
6381,2025-12-01,1493.38
6381,2025-12-08,1554.64
6381,2025-12-15,1554.64
6381,2025-12-22,1572.14
6381,2025-12-29,1588.67
6381,2026-01-05,1661.58
6381,2026-01-12,1690.75
6381,2026-01-19,1657.7
6381,2026-01-26,1607.14
6381,2026-02-02,1711.17
6381,2026-02-09,1656.72
6381,2026-02-16,1705.34
6381,2026-02-23,1705.34
6381,2026-03-02,1615.89
6381,2026-03-09,1570.19
6381,2026-03-16,1593.53
6381,2026-03-23,1612.0
6381,2026-03-30,1620.0
6381,2026-04-06,1652.0
6381,2026-04-13,1630.0
6381,2026-04-20,1588.0
6381,2026-04-27,1591.0
6381,2026-05-04,1629.0
6381,2026-05-11,1674.0
6381,2026-05-18,1656.0
6381,2026-05-25,1631.0
6381,2026-06-01,1620.0
6381,2026-06-08,1610.0
6381,2026-06-15,1697.0
6381,2026-06-22,1683.0
6381,2026-06-29,1753.0
6381,2026-07-06,1760.0
6381,2026-07-13,1720.0
6381,2026-07-20,1769.0
6381,2026-07-27,1803.0
6381,2026-08-03,1890.0
6381,2026-08-10,1955.0
6418,2025-08-18,950.27
6418,2025-08-25,967.58
6418,2025-09-01,968.55
6418,2025-09-08,958.93
6418,2025-09-15,953.16
6418,2025-09-22,974.32
6418,2025-09-29,951.75
6418,2025-10-06,933.11
6418,2025-10-13,991.0
6418,2025-10-20,988.05
6418,2025-10-27,981.19
6418,2025-11-03,975.3
6418,2025-11-10,978.24
6418,2025-11-17,975.3
6418,2025-11-24,1015.53
6418,2025-12-01,1004.73
6418,2025-12-08,991.98
6418,2025-12-15,988.05
6418,2025-12-22,1000.81
6418,2025-12-29,1008.66
6418,2026-01-05,1010.62
6418,2026-01-12,1037.11
6418,2026-01-19,1015.53
6418,2026-01-26,995.9
6418,2026-02-02,1010.62
6418,2026-02-09,1102.85
6418,2026-02-16,1184.29
6418,2026-02-23,1233.35
6418,2026-03-02,1143.08
6418,2026-03-09,1082.25
6418,2026-03-16,1043.98
6418,2026-03-23,1043.0
6418,2026-03-30,1042.0
6418,2026-04-06,1016.0
6418,2026-04-13,1011.0
6418,2026-04-20,971.0
6418,2026-04-27,976.0
6418,2026-05-04,972.0
6418,2026-05-11,902.0
6418,2026-05-18,980.0
6418,2026-05-25,977.0
6418,2026-06-01,948.0
6418,2026-06-08,971.0
6418,2026-06-15,988.0
6418,2026-06-22,984.0
6418,2026-06-29,1010.0
6418,2026-07-06,1083.0
6418,2026-07-13,1044.0
6418,2026-07-20,1056.0
6418,2026-07-27,1133.0
6418,2026-08-03,1200.0
6418,2026-08-10,1277.0
6448,2025-08-18,2460.86
6448,2025-08-25,2417.96
6448,2025-09-01,2521.11
6448,2025-09-08,2534.61
6448,2025-09-15,2448.81
6448,2025-09-22,2487.37
6448,2025-09-29,2429.86
6448,2025-10-06,2498.68
6448,2025-10-13,2539.48
6448,2025-10-20,2636.32
6448,2025-10-27,2585.2
6448,2025-11-03,2567.99
6448,2025-11-10,2976.0
6448,2025-11-17,2912.58
6448,2025-11-24,3072.35
6448,2025-12-01,3025.16
6448,2025-12-08,3047.77
6448,2025-12-15,3066.45
6448,2025-12-22,3070.38
6448,2025-12-29,3069.4
6448,2026-01-05,3121.5
6448,2026-01-12,3236.53
6448,2026-01-19,3179.51
6448,2026-01-26,3089.06
6448,2026-02-02,3209.0
6448,2026-02-09,3054.65
6448,2026-02-16,3045.8
6448,2026-02-23,3177.54
6448,2026-03-02,3021.22
6448,2026-03-09,2902.75
6448,2026-03-16,2876.7
6448,2026-03-23,2917.5
6448,2026-03-30,2977.5
6448,2026-04-06,3055.0
6448,2026-04-13,3097.0
6448,2026-04-20,2895.0
6448,2026-04-27,2980.0
6448,2026-05-04,3225.0
6448,2026-05-11,3527.0
6448,2026-05-18,3488.0
6448,2026-05-25,3753.0
6448,2026-06-01,3786.0
6448,2026-06-08,3772.0
6448,2026-06-15,3777.0
6448,2026-06-22,3752.0
6448,2026-06-29,3779.0
6448,2026-07-06,3735.0
6448,2026-07-13,3810.0
6448,2026-07-20,3941.0
6448,2026-07-27,4011.0
6448,2026-08-03,4561.0
6448,2026-08-10,4744.0
6457,2025-08-18,3765.69
6457,2025-08-25,3725.86
6457,2025-09-01,3661.74
6457,2025-09-08,3687.97
6457,2025-09-15,3634.53
6457,2025-09-22,3616.07
6457,2025-09-29,3559.85
6457,2025-10-06,3556.89
6457,2025-10-13,3542.1
6457,2025-10-20,3674.27
6457,2025-10-27,3638.76
6457,2025-11-03,3623.97
6457,2025-11-10,3763.04
6457,2025-11-17,3825.19
6457,2025-11-24,3871.55
6457,2025-12-01,3955.39
6457,2025-12-08,3999.78
6457,2025-12-15,3935.66
6457,2025-12-22,3910.02
6457,2025-12-29,3907.06
6457,2026-01-05,4057.97
6457,2026-01-12,4240.45
6457,2026-01-19,4078.69
6457,2026-01-26,3966.24
6457,2026-02-02,4082.63
6457,2026-02-09,4030.35
6457,2026-02-16,3925.8
6457,2026-02-23,4101.37
6457,2026-03-02,3928.76
6457,2026-03-09,3921.85
6457,2026-03-16,3973.14
6457,2026-03-23,4056.0
6457,2026-03-30,4304.0
6457,2026-04-06,4112.0
6457,2026-04-13,4257.0
6457,2026-04-20,4001.0
6457,2026-04-27,4043.0
6457,2026-05-04,4117.0
6457,2026-05-11,4408.0
6457,2026-05-18,4073.0
6457,2026-05-25,4088.0
6457,2026-06-01,3980.0
6457,2026-06-08,3924.0
6457,2026-06-15,4003.0
6457,2026-06-22,3872.0
6457,2026-06-29,4065.0
6457,2026-07-06,4215.0
6457,2026-07-13,4137.0
6457,2026-07-20,4416.0
6457,2026-07-27,4571.0
6457,2026-08-03,4855.0
6457,2026-08-10,4925.0
6508,2025-08-18,5901.66
6508,2025-08-25,5745.06
6508,2025-09-01,5666.76
6508,2025-09-08,5989.74
6508,2025-09-15,5813.57
6508,2025-09-22,5754.85
6508,2025-09-29,5672.96
6508,2025-10-06,5732.16
6508,2025-10-13,5860.41
6508,2025-10-20,6531.3
6508,2025-10-27,6047.87
6508,2025-11-03,5968.94
6508,2025-11-10,5949.21
6508,2025-11-17,5446.04
6508,2025-11-24,5722.29
6508,2025-12-01,5544.7
6508,2025-12-08,5633.5
6508,2025-12-15,5376.98
6508,2025-12-22,5505.24
6508,2025-12-29,5495.37
6508,2026-01-05,5761.75
6508,2026-01-12,6146.53
6508,2026-01-19,6166.26
6508,2026-01-26,5959.07
6508,2026-02-02,6570.77
6508,2026-02-09,6699.03
6508,2026-02-16,7557.37
6508,2026-02-23,7715.23
6508,2026-03-02,7271.25
6508,2026-03-09,7419.24
6508,2026-03-16,7508.04
6508,2026-03-23,8100.0
6508,2026-03-30,8040.0
6508,2026-04-06,8390.0
6508,2026-04-13,8180.0
6508,2026-04-20,8120.0
6508,2026-04-27,8460.0
6508,2026-05-04,9350.0
6508,2026-05-11,10940.0
6508,2026-05-18,11050.0
6508,2026-05-25,10070.0
6508,2026-06-01,9820.0
6508,2026-06-08,8900.0
6508,2026-06-15,10740.0
6508,2026-06-22,9750.0
6508,2026-06-29,9780.0
6508,2026-07-06,9070.0
6508,2026-07-13,8470.0
6508,2026-07-20,9020.0
6508,2026-07-27,9620.0
6508,2026-08-03,10850.0
6508,2026-08-10,12370.0
6513,2025-08-18,1033.42
6513,2025-08-25,1051.82
6513,2025-09-01,1051.82
6513,2025-09-08,1050.85
6513,2025-09-15,1050.85
6513,2025-09-22,1071.19
6513,2025-09-29,1047.52
6513,2025-10-06,1052.45
6513,2025-10-13,1025.82
6513,2025-10-20,1026.8
6513,2025-10-27,1037.65
6513,2025-11-03,1030.75
6513,2025-11-10,1031.74
6513,2025-11-17,1025.82
6513,2025-11-24,1062.31
6513,2025-12-01,1053.44
6513,2025-12-08,1031.74
6513,2025-12-15,1032.72
6513,2025-12-22,1037.65
6513,2025-12-29,1053.44
6513,2026-01-05,1049.49
6513,2026-01-12,1083.03
6513,2026-01-19,1074.15
6513,2026-01-26,1076.12
6513,2026-02-02,1062.31
6513,2026-02-09,1066.26
6513,2026-02-16,1072.18
6513,2026-02-23,1092.89
6513,2026-03-02,1056.4
6513,2026-03-09,1063.3
6513,2026-03-16,1071.19
6513,2026-03-23,1085.0
6513,2026-03-30,1087.0
6513,2026-04-06,1087.0
6513,2026-04-13,1074.0
6513,2026-04-20,1060.0
6513,2026-04-27,1056.0
6513,2026-05-04,1038.0
6513,2026-05-11,1058.0
6513,2026-05-18,1067.0
6513,2026-05-25,1075.0
6513,2026-06-01,1074.0
6513,2026-06-08,1068.0
6513,2026-06-15,1070.0
6513,2026-06-22,1075.0
6513,2026-06-29,1074.0
6513,2026-07-06,1072.0
6513,2026-07-13,1071.0
6513,2026-07-20,1055.0
6513,2026-07-27,1055.0
6513,2026-08-03,1049.0
6513,2026-08-10,1376.0
6523,2025-08-18,1000.44
6523,2025-08-25,948.54
6523,2025-09-01,1068.67
6523,2025-09-08,980.25
6523,2025-09-15,962.96
6523,2025-09-22,968.72
6523,2025-09-29,932.41
6523,2025-10-06,1013.87
6523,2025-10-13,1020.74
6523,2025-10-20,1028.59
6523,2025-10-27,990.31
6523,2025-11-03,1008.96
6523,2025-11-10,949.09
6523,2025-11-17,971.67
6523,2025-11-24,1007.98
6523,2025-12-01,1048.22
6523,2025-12-08,1063.93
6523,2025-12-15,1098.28
6523,2025-12-22,1107.11
6523,2025-12-29,1091.41
6523,2026-01-05,1156.19
6523,2026-01-12,1157.17
6523,2026-01-19,1147.35
6523,2026-01-26,1063.93
6523,2026-02-02,1069.81
6523,2026-02-09,1001.11
6523,2026-02-16,1024.67
6523,2026-02-23,1079.63
6523,2026-03-02,1013.87
6523,2026-03-09,965.78
6523,2026-03-16,981.48
6523,2026-03-23,1113.0
6523,2026-03-30,1115.0
6523,2026-04-06,1076.0
6523,2026-04-13,1064.0
6523,2026-04-20,1000.0
6523,2026-04-27,1005.0
6523,2026-05-04,1007.0
6523,2026-05-11,963.0
6523,2026-05-18,1071.0
6523,2026-05-25,1105.0
6523,2026-06-01,1090.0
6523,2026-06-08,1070.0
6523,2026-06-15,1043.0
6523,2026-06-22,1012.0
6523,2026-06-29,1035.0
6523,2026-07-06,1051.0
6523,2026-07-13,1095.0
6523,2026-07-20,1079.0
6523,2026-07-27,1100.0
6523,2026-08-03,1311.0
6523,2026-08-10,1415.0
6645,2025-08-18,3691.51
6645,2025-08-25,3700.3
6645,2025-09-01,3795.93
6645,2025-09-08,3862.28
6645,2025-09-15,3857.4
6645,2025-09-22,3996.95
6645,2025-09-29,4104.68
6645,2025-10-06,4319.15
6645,2025-10-13,4177.82
6645,2025-10-20,4390.31
6645,2025-10-27,4259.85
6645,2025-11-03,4198.57
6645,2025-11-10,3915.9
6645,2025-11-17,3726.13
6645,2025-11-24,3952.47
6645,2025-12-01,4063.17
6645,2025-12-08,4054.27
6645,2025-12-15,3852.64
6645,2025-12-22,3897.12
6645,2025-12-29,3913.92
6645,2026-01-05,3966.31
6645,2026-01-12,3999.91
6645,2026-01-19,3960.38
6645,2026-01-26,3871.42
6645,2026-02-02,4479.27
6645,2026-02-09,4687.81
6645,2026-02-16,5108.85
6645,2026-02-23,5487.4
6645,2026-03-02,4870.66
6645,2026-03-09,4479.27
6645,2026-03-16,4512.87
6645,2026-03-23,4417.0
6645,2026-03-30,4428.0
6645,2026-04-06,4672.0
6645,2026-04-13,4997.0
6645,2026-04-20,5093.0
6645,2026-04-27,5588.0
6645,2026-05-04,6247.0
6645,2026-05-11,5700.0
6645,2026-05-18,5480.0
6645,2026-05-25,5744.0
6645,2026-06-01,6162.0
6645,2026-06-08,5490.0
6645,2026-06-15,6134.0
6645,2026-06-22,5612.0
6645,2026-06-29,6056.0
6645,2026-07-06,6010.0
6645,2026-07-13,5309.0
6645,2026-07-20,5479.0
6645,2026-07-27,5430.0
6645,2026-08-03,6632.0
6645,2026-08-10,7004.0
6676,2025-08-18,1707.08
6676,2025-08-25,1784.78
6676,2025-09-01,1750.79
6676,2025-09-08,1779.93
6676,2025-09-15,1719.22
6676,2025-09-22,1738.65
6676,2025-09-29,1748.52
6676,2025-10-06,1743.58
6676,2025-10-13,1731.24
6676,2025-10-20,1790.51
6676,2025-10-27,1713.95
6676,2025-11-03,1758.4
6676,2025-11-10,2422.74
6676,2025-11-17,2395.58
6676,2025-11-24,2489.42
6676,2025-12-01,2375.82
6676,2025-12-08,2338.77
6676,2025-12-15,2395.58
6676,2025-12-22,2422.74
6676,2025-12-29,2398.05
6676,2026-01-05,2479.54
6676,2026-01-12,2410.39
6676,2026-01-19,2331.36
6676,2026-01-26,2217.76
6676,2026-02-02,2291.85
6676,2026-02-09,2677.12
6676,2026-02-16,2479.54
6676,2026-02-23,2607.97
6676,2026-03-02,2430.15
6676,2026-03-09,2422.74
6676,2026-03-16,2437.56
6676,2026-03-23,2442.5
6676,2026-03-30,2421.0
6676,2026-04-06,2470.0
6676,2026-04-13,2536.0
6676,2026-04-20,2466.0
6676,2026-04-27,2417.0
6676,2026-05-04,2525.0
6676,2026-05-11,2541.0
6676,2026-05-18,2354.0
6676,2026-05-25,2324.0
6676,2026-06-01,2352.0
6676,2026-06-08,2541.0
6676,2026-06-15,2767.0
6676,2026-06-22,2422.0
6676,2026-06-29,2540.0
6676,2026-07-06,2643.0
6676,2026-07-13,2584.0
6676,2026-07-20,2712.0
6676,2026-07-27,2741.0
6676,2026-08-03,2894.0
6676,2026-08-10,2882.0
6694,2025-08-18,606.49
6694,2025-08-25,606.49
6694,2025-09-01,606.49
6694,2025-09-08,610.29
6694,2025-09-15,611.25
6694,2025-09-22,611.25
6694,2025-09-29,612.2
6694,2025-10-06,613.15
6694,2025-10-13,604.58
6694,2025-10-20,600.77
6694,2025-10-27,596.01
6694,2025-11-03,594.11
6694,2025-11-10,598.87
6694,2025-11-17,590.3
6694,2025-11-24,600.77
6694,2025-12-01,607.44
6694,2025-12-08,603.63
6694,2025-12-15,625.53
6694,2025-12-22,636.0
6694,2025-12-29,627.0
6694,2026-01-05,630.0
6694,2026-01-12,637.0
6694,2026-01-19,645.0
6694,2026-01-26,653.0
6694,2026-02-02,658.0
6694,2026-02-09,651.0
6694,2026-02-16,646.0
6694,2026-02-23,650.0
6694,2026-03-02,637.0
6694,2026-03-09,634.0
6694,2026-03-16,652.0
6694,2026-03-23,644.0
6694,2026-03-30,640.0
6694,2026-04-06,647.0
6694,2026-04-13,645.0
6694,2026-04-20,649.0
6694,2026-04-27,636.0
6694,2026-05-04,637.0
6694,2026-05-11,647.0
6694,2026-05-18,652.0
6694,2026-05-25,640.0
6694,2026-06-01,642.0
6694,2026-06-08,641.0
6694,2026-06-15,636.0
6694,2026-06-22,634.0
6694,2026-06-29,633.0
6694,2026-07-06,638.0
6694,2026-07-13,640.0
6694,2026-07-20,637.0
6694,2026-07-27,639.0
6694,2026-08-03,645.0
6694,2026-08-10,759.0
6742,2025-08-18,519.9
6742,2025-08-25,510.29
6742,2025-09-01,515.1
6742,2025-09-08,518.94
6742,2025-09-15,507.41
6742,2025-09-22,517.02
6742,2025-09-29,494.71
6742,2025-10-06,492.77
6742,2025-10-13,491.8
6742,2025-10-20,517.99
6742,2025-10-27,513.14
6742,2025-11-03,514.11
6742,2025-11-10,540.3
6742,2025-11-17,526.72
6742,2025-11-24,535.45
6742,2025-12-01,566.49
6742,2025-12-08,586.86
6742,2025-12-15,598.5
6742,2025-12-22,583.95
6742,2025-12-29,591.71
6742,2026-01-05,600.44
6742,2026-01-12,602.38
6742,2026-01-19,632.45
6742,2026-01-26,652.82
6742,2026-02-02,704.23
6742,2026-02-09,699.38
6742,2026-02-16,759.52
6742,2026-02-23,753.7
6742,2026-03-02,693.56
6742,2026-03-09,662.52
6742,2026-03-16,639.24
6742,2026-03-23,647.0
6742,2026-03-30,640.0
6742,2026-04-06,661.0
6742,2026-04-13,701.0
6742,2026-04-20,699.0
6742,2026-04-27,716.0
6742,2026-05-04,749.0
6742,2026-05-11,766.0
6742,2026-05-18,745.0
6742,2026-05-25,754.0
6742,2026-06-01,951.0
6742,2026-06-08,946.0
6742,2026-06-15,1011.0
6742,2026-06-22,976.0
6742,2026-06-29,920.0
6742,2026-07-06,897.0
6742,2026-07-13,864.0
6742,2026-07-20,910.0
6742,2026-07-27,872.0
6742,2026-08-03,924.0
6742,2026-08-10,1056.0
6752,2025-08-18,1514.51
6752,2025-08-25,1485.58
6752,2025-09-01,1511.08
6752,2025-09-08,1528.24
6752,2025-09-15,1527.26
6752,2025-09-22,1633.16
6752,2025-09-29,1684.28
6752,2025-10-06,1855.98
6752,2025-10-13,1787.99
6752,2025-10-20,1825.21
6752,2025-10-27,1785.02
6752,2025-11-03,1707.6
6752,2025-11-10,1786.01
6752,2025-11-17,1724.47
6752,2025-11-24,1946.79
6752,2025-12-01,1837.12
6752,2025-12-08,2158.69
6752,2025-12-15,1927.94
6752,2025-12-22,2076.31
6752,2025-12-29,2008.33
6752,2026-01-05,2024.7
6752,2026-01-12,2223.7
6752,2026-01-19,2277.79
6752,2026-01-26,2101.13
6752,2026-02-02,2422.2
6752,2026-02-09,2411.78
6752,2026-02-16,2491.68
6752,2026-02-23,2517.98
6752,2026-03-02,2479.27
6752,2026-03-09,2590.93
6752,2026-03-16,2581.0
6752,2026-03-23,2647.5
6752,2026-03-30,2715.0
6752,2026-04-06,2861.0
6752,2026-04-13,2897.0
6752,2026-04-20,2879.0
6752,2026-04-27,3324.0
6752,2026-05-04,3318.0
6752,2026-05-11,3293.0
6752,2026-05-18,3507.0
6752,2026-05-25,3700.0
6752,2026-06-01,3754.0
6752,2026-06-08,3800.0
6752,2026-06-15,4419.0
6752,2026-06-22,4540.0
6752,2026-06-29,4522.0
6752,2026-07-06,4480.0
6752,2026-07-13,3993.0
6752,2026-07-20,3883.0
6752,2026-07-27,4284.0
6752,2026-08-03,4312.0
6752,2026-08-10,4721.0
6857,2025-08-18,10728.82
6857,2025-08-25,11635.76
6857,2025-09-01,11401.55
6857,2025-09-08,13903.12
6857,2025-09-15,14969.52
6857,2025-09-22,14421.37
6857,2025-09-29,15668.67
6857,2025-10-06,17810.76
6857,2025-10-13,16847.07
6857,2025-10-20,17056.78
6857,2025-10-27,23103.55
6857,2025-11-03,19932.87
6857,2025-11-10,19503.45
6857,2025-11-17,18290.11
6857,2025-11-24,20547.03
6857,2025-12-01,20172.54
6857,2025-12-08,20756.75
6857,2025-12-15,19168.91
6857,2025-12-22,20217.48
6857,2025-12-29,19608.31
6857,2026-01-05,20227.47
6857,2026-01-12,22769.01
6857,2026-01-19,23498.02
6857,2026-01-26,25470.33
6857,2026-02-02,24496.66
6857,2026-02-09,27093.12
6857,2026-02-16,25440.37
6857,2026-02-23,26813.5
6857,2026-03-02,25675.05
6857,2026-03-09,23617.85
6857,2026-03-16,23947.4
6857,2026-03-23,22040.0
6857,2026-03-30,21555.0
6857,2026-04-06,24990.0
6857,2026-04-13,27870.0
6857,2026-04-20,29440.0
6857,2026-04-27,27815.0
6857,2026-05-04,29885.0
6857,2026-05-11,26360.0
6857,2026-05-18,26845.0
6857,2026-05-25,26170.0
6857,2026-06-01,26765.0
6857,2026-06-08,27325.0
6857,2026-06-15,31740.0
6857,2026-06-22,32440.0
6857,2026-06-29,29345.0
6857,2026-07-06,29830.0
6857,2026-07-13,27505.0
6857,2026-07-20,28945.0
6857,2026-07-27,32500.0
6857,2026-08-03,32190.0
6857,2026-08-10,36870.0
6904,2025-08-18,467.58
6904,2025-08-25,453.8
6904,2025-09-01,461.67
6904,2025-09-08,459.7
6904,2025-09-15,464.62
6904,2025-09-22,465.61
6904,2025-09-29,454.78
6904,2025-10-06,455.77
6904,2025-10-13,455.77
6904,2025-10-20,463.64
6904,2025-10-27,459.7
6904,2025-11-03,468.56
6904,2025-11-10,460.69
6904,2025-11-17,457.73
6904,2025-11-24,455.77
6904,2025-12-01,454.78
6904,2025-12-08,449.86
6904,2025-12-15,448.88
6904,2025-12-22,451.83
6904,2025-12-29,454.78
6904,2026-01-05,469.55
6904,2026-01-12,480.38
6904,2026-01-19,484.31
6904,2026-01-26,479.39
6904,2026-02-02,477.42
6904,2026-02-09,471.52
6904,2026-02-16,486.28
6904,2026-02-23,491.2
6904,2026-03-02,474.47
6904,2026-03-09,478.41
6904,2026-03-16,487.27
6904,2026-03-23,472.5
6904,2026-03-30,467.0
6904,2026-04-06,464.0
6904,2026-04-13,461.0
6904,2026-04-20,464.0
6904,2026-04-27,463.0
6904,2026-05-04,463.0
6904,2026-05-11,454.0
6904,2026-05-18,452.0
6904,2026-05-25,449.0
6904,2026-06-01,441.0
6904,2026-06-08,445.0
6904,2026-06-15,443.0
6904,2026-06-22,442.0
6904,2026-06-29,446.0
6904,2026-07-06,449.0
6904,2026-07-13,449.0
6904,2026-07-20,448.0
6904,2026-07-27,450.0
6904,2026-08-03,449.0
6904,2026-08-10,540.0
6918,2025-08-18,2290.55
6918,2025-08-25,2300.17
6918,2025-09-01,2193.34
6918,2025-09-08,2356.96
6918,2025-09-15,2434.91
6918,2025-09-22,2385.83
6918,2025-09-29,2448.56
6918,2025-10-06,2348.58
6918,2025-10-13,2295.65
6918,2025-10-20,2332.9
6918,2025-10-27,2249.58
6918,2025-11-03,2188.81
6918,2025-11-10,2537.76
6918,2025-11-17,2550.5
6918,2025-11-24,2646.56
6918,2025-12-01,2802.42
6918,2025-12-08,2731.84
6918,2025-12-15,2539.72
6918,2025-12-22,2580.89
6918,2025-12-29,2810.26
6918,2026-01-05,2751.45
6918,2026-01-12,2979.83
6918,2026-01-19,2872.01
6918,2026-01-26,2904.36
6918,2026-02-02,2930.82
6918,2026-02-09,2914.16
6918,2026-02-16,2933.76
6918,2026-02-23,2965.13
6918,2026-03-02,2674.99
6918,2026-03-09,2645.58
6918,2026-03-16,2676.95
6918,2026-03-23,2724.0
6918,2026-03-30,2597.0
6918,2026-04-06,2764.0
6918,2026-04-13,2801.0
6918,2026-04-20,3030.0
6918,2026-04-27,3105.0
6918,2026-05-04,3325.0
6918,2026-05-11,3520.0
6918,2026-05-18,3400.0
6918,2026-05-25,3525.0
6918,2026-06-01,3255.0
6918,2026-06-08,3055.0
6918,2026-06-15,3365.0
6918,2026-06-22,3270.0
6918,2026-06-29,3375.0
6918,2026-07-06,3280.0
6918,2026-07-13,3025.0
6918,2026-07-20,3175.0
6918,2026-07-27,3120.0
6918,2026-08-03,3225.0
6918,2026-08-10,3930.0
6951,2025-08-18,4656.6
6951,2025-08-25,4573.62
6951,2025-09-01,4788.39
6951,2025-09-08,4767.89
6951,2025-09-15,4778.63
6951,2025-09-22,4859.65
6951,2025-09-29,5134.95
6951,2025-10-06,5201.06
6951,2025-10-13,5090.55
6951,2025-10-20,5118.18
6951,2025-10-27,5132.98
6951,2025-11-03,5023.45
6951,2025-11-10,5071.8
6951,2025-11-17,4522.19
6951,2025-11-24,4759.01
6951,2025-12-01,4972.14
6951,2025-12-08,4864.59
6951,2025-12-15,4749.14
6951,2025-12-22,4987.93
6951,2025-12-29,4964.25
6951,2026-01-05,5080.68
6951,2026-01-12,5806.92
6951,2026-01-19,6098.0
6951,2026-01-26,6125.63
6951,2026-02-02,6063.47
6951,2026-02-09,6216.41
6951,2026-02-16,6406.85
6951,2026-02-23,6796.61
6951,2026-03-02,6318.04
6951,2026-03-09,5914.47
6951,2026-03-16,5866.12
6951,2026-03-23,5875.0
6951,2026-03-30,6077.0
6951,2026-04-06,6291.0
6951,2026-04-13,6100.0
6951,2026-04-20,6419.0
6951,2026-04-27,6211.0
6951,2026-05-04,6592.0
6951,2026-05-11,6952.0
6951,2026-05-18,6600.0
6951,2026-05-25,7114.0
6951,2026-06-01,7084.0
6951,2026-06-08,6456.0
6951,2026-06-15,7066.0
6951,2026-06-22,7343.0
6951,2026-06-29,7582.0
6951,2026-07-06,7874.0
6951,2026-07-13,8034.0
6951,2026-07-20,8194.0
6951,2026-07-27,8223.0
6951,2026-08-03,8301.0
6951,2026-08-10,8847.0
6952,2025-08-18,1157.73
6952,2025-08-25,1171.27
6952,2025-09-01,1236.53
6952,2025-09-08,1217.68
6952,2025-09-15,1182.39
6952,2025-09-22,1201.72
6952,2025-09-29,1193.35
6952,2025-10-06,1205.17
6952,2025-10-13,1193.35
6952,2025-10-20,1222.4
6952,2025-10-27,1190.89
6952,2025-11-03,1201.23
6952,2025-11-10,1218.46
6952,2025-11-17,1211.57
6952,2025-11-24,1271.63
6952,2025-12-01,1253.42
6952,2025-12-08,1256.86
6952,2025-12-15,1228.8
6952,2025-12-22,1242.09
6952,2025-12-29,1250.46
6952,2026-01-05,1273.6
6952,2026-01-12,1323.32
6952,2026-01-19,1300.18
6952,2026-01-26,1484.8
6952,2026-02-02,1544.37
6952,2026-02-09,1574.89
6952,2026-02-16,1579.82
6952,2026-02-23,1547.32
6952,2026-03-02,1376.98
6952,2026-03-09,1396.18
6952,2026-03-16,1423.26
6952,2026-03-23,1440.0
6952,2026-03-30,1570.5
6952,2026-04-06,1655.0
6952,2026-04-13,1747.5
6952,2026-04-20,1640.5
6952,2026-04-27,1572.0
6952,2026-05-04,1653.5
6952,2026-05-11,1694.0
6952,2026-05-18,1624.0
6952,2026-05-25,1789.5
6952,2026-06-01,1835.5
6952,2026-06-08,1750.0
6952,2026-06-15,1906.5
6952,2026-06-22,1990.5
6952,2026-06-29,1865.5
6952,2026-07-06,1875.0
6952,2026-07-13,1799.5
6952,2026-07-20,1720.5
6952,2026-07-27,1764.5
6952,2026-08-03,2201.5
6952,2026-08-10,2456.0
7167,2025-08-18,902.93
7167,2025-08-25,892.11
7167,2025-09-01,882.36
7167,2025-09-08,904.88
7167,2025-09-15,885.68
7167,2025-09-22,935.3
7167,2025-09-29,915.26
7167,2025-10-06,907.26
7167,2025-10-13,875.37
7167,2025-10-20,900.25
7167,2025-10-27,949.72
7167,2025-11-03,936.49
7167,2025-11-10,966.8
7167,2025-11-17,946.86
7167,2025-11-24,1006.59
7167,2025-12-01,1020.41
7167,2025-12-08,1038.68
7167,2025-12-15,1054.97
7167,2025-12-22,1025.84
7167,2025-12-29,1024.86
7167,2026-01-05,1087.06
7167,2026-01-12,1151.23
7167,2026-01-19,1132.97
7167,2026-01-26,1148.77
7167,2026-02-02,1257.87
7167,2026-02-09,1298.35
7167,2026-02-16,1303.28
7167,2026-02-23,1325.99
7167,2026-03-02,1239.6
7167,2026-03-09,1166.04
7167,2026-03-16,1183.32
7167,2026-03-23,1247.5
7167,2026-03-30,1286.0
7167,2026-04-06,1353.5
7167,2026-04-13,1343.5
7167,2026-04-20,1222.0
7167,2026-04-27,1296.0
7167,2026-05-04,1313.5
7167,2026-05-11,1377.5
7167,2026-05-18,1396.5
7167,2026-05-25,1329.5
7167,2026-06-01,1357.5
7167,2026-06-08,1402.0
7167,2026-06-15,1411.0
7167,2026-06-22,1407.5
7167,2026-06-29,1509.0
7167,2026-07-06,1539.5
7167,2026-07-13,1427.0
7167,2026-07-20,1541.0
7167,2026-07-27,1497.0
7167,2026-08-03,1580.0
7167,2026-08-10,1658.5
7184,2025-08-18,1193.22
7184,2025-08-25,1247.8
7184,2025-09-01,1218.12
7184,2025-09-08,1266.96
7184,2025-09-15,1216.2
7184,2025-09-22,1287.07
7184,2025-09-29,1477.78
7184,2025-10-06,1437.68
7184,2025-10-13,1389.76
7184,2025-10-20,1446.48
7184,2025-10-27,1424.97
7184,2025-11-03,1386.82
7184,2025-11-10,1537.44
7184,2025-11-17,1560.91
7184,2025-11-24,1670.45
7184,2025-12-01,1686.09
7184,2025-12-08,1737.93
7184,2025-12-15,1742.82
7184,2025-12-22,1748.69
7184,2025-12-29,1775.09
7184,2026-01-05,1898.32
7184,2026-01-12,2100.77
7184,2026-01-19,2369.73
7184,2026-01-26,2174.12
7184,2026-02-02,2679.76
7184,2026-02-09,2656.28
7184,2026-02-16,2534.03
7184,2026-02-23,2664.11
7184,2026-03-02,2349.19
7184,2026-03-09,2401.02
7184,2026-03-16,2452.86
7184,2026-03-23,2491.0
7184,2026-03-30,2447.0
7184,2026-04-06,2602.0
7184,2026-04-13,2755.0
7184,2026-04-20,2486.0
7184,2026-04-27,2566.0
7184,2026-05-04,2570.0
7184,2026-05-11,2695.0
7184,2026-05-18,2700.0
7184,2026-05-25,2498.0
7184,2026-06-01,2490.0
7184,2026-06-08,2497.0
7184,2026-06-15,2400.0
7184,2026-06-22,2436.0
7184,2026-06-29,2671.0
7184,2026-07-06,2677.0
7184,2026-07-13,2685.0
7184,2026-07-20,3065.0
7184,2026-07-27,2911.0
7184,2026-08-03,3055.0
7184,2026-08-10,3310.0
7189,2025-08-18,2436.8
7189,2025-08-25,2397.28
7189,2025-09-01,2385.71
7189,2025-09-08,2400.17
7189,2025-09-15,2329.81
7189,2025-09-22,2452.22
7189,2025-09-29,2374.7
7189,2025-10-06,2363.91
7189,2025-10-13,2317.79
7189,2025-10-20,2494.42
7189,2025-10-27,2588.62
7189,2025-11-03,2626.89
7189,2025-11-10,2840.32
7189,2025-11-17,2818.24
7189,2025-11-24,2909.5
7189,2025-12-01,2963.47
7189,2025-12-08,2953.66
7189,2025-12-15,3106.74
7189,2025-12-22,3085.15
7189,2025-12-29,3150.9
7189,2026-01-05,3345.19
7189,2026-01-12,3640.56
7189,2026-01-19,3637.61
7189,2026-01-26,3660.18
7189,2026-02-02,4081.15
7189,2026-02-09,4227.36
7189,2026-02-16,4336.29
7189,2026-02-23,4370.63
7189,2026-03-02,4043.86
7189,2026-03-09,3844.66
7189,2026-03-16,3795.6
7189,2026-03-23,3827.0
7189,2026-03-30,4008.0
7189,2026-04-06,4217.0
7189,2026-04-13,4185.0
7189,2026-04-20,3812.0
7189,2026-04-27,3908.0
7189,2026-05-04,3946.0
7189,2026-05-11,4050.0
7189,2026-05-18,4097.0
7189,2026-05-25,3953.0
7189,2026-06-01,4008.0
7189,2026-06-08,4169.0
7189,2026-06-15,4072.0
7189,2026-06-22,4204.0
7189,2026-06-29,4282.0
7189,2026-07-06,4340.0
7189,2026-07-13,4106.0
7189,2026-07-20,4441.0
7189,2026-07-27,4268.0
7189,2026-08-03,4532.0
7189,2026-08-10,4771.0
7213,2025-08-18,431.3
7213,2025-08-25,435.1
7213,2025-09-01,442.7
7213,2025-09-08,441.75
7213,2025-09-15,438.9
7213,2025-09-22,436.05
7213,2025-09-29,431.3
7213,2025-10-06,423.7
7213,2025-10-13,419.9
7213,2025-10-20,418.95
7213,2025-10-27,418.95
7213,2025-11-03,419.9
7213,2025-11-10,423.7
7213,2025-11-17,419.9
7213,2025-11-24,421.8
7213,2025-12-01,419.9
7213,2025-12-08,418.95
7213,2025-12-15,417.05
7213,2025-12-22,412.3
7213,2025-12-29,417.05
7213,2026-01-05,425.6
7213,2026-01-12,427.5
7213,2026-01-19,427.5
7213,2026-01-26,427.5
7213,2026-02-02,430.35
7213,2026-02-09,444.6
7213,2026-02-16,454.1
7213,2026-02-23,456.0
7213,2026-03-02,454.1
7213,2026-03-09,452.2
7213,2026-03-16,451.25
7213,2026-03-23,456.0
7213,2026-03-30,467.0
7213,2026-04-06,464.0
7213,2026-04-13,471.0
7213,2026-04-20,473.0
7213,2026-04-27,502.0
7213,2026-05-04,490.0
7213,2026-05-11,535.0
7213,2026-05-18,580.0
7213,2026-05-25,584.0
7213,2026-06-01,574.0
7213,2026-06-08,567.0
7213,2026-06-15,586.0
7213,2026-06-22,583.0
7213,2026-06-29,612.0
7213,2026-07-06,624.0
7213,2026-07-13,617.0
7213,2026-07-20,614.0
7213,2026-07-27,618.0
7213,2026-08-03,637.0
7213,2026-08-10,670.0
7217,2025-08-18,381.95
7217,2025-08-25,384.83
7217,2025-09-01,383.39
7217,2025-09-08,386.76
7217,2025-09-15,391.09
7217,2025-09-22,401.67
7217,2025-09-29,385.8
7217,2025-10-06,386.76
7217,2025-10-13,385.8
7217,2025-10-20,382.91
7217,2025-10-27,378.1
7217,2025-11-03,367.52
7217,2025-11-10,368.48
7217,2025-11-17,366.55
7217,2025-11-24,371.36
7217,2025-12-01,370.4
7217,2025-12-08,370.4
7217,2025-12-15,368.48
7217,2025-12-22,367.52
7217,2025-12-29,369.44
7217,2026-01-05,384.83
7217,2026-01-12,402.15
7217,2026-01-19,405.04
7217,2026-01-26,388.68
7217,2026-02-02,396.38
7217,2026-02-09,410.81
7217,2026-02-16,397.34
7217,2026-02-23,404.08
7217,2026-03-02,380.99
7217,2026-03-09,384.83
7217,2026-03-16,385.8
7217,2026-03-23,406.0
7217,2026-03-30,390.0
7217,2026-04-06,391.0
7217,2026-04-13,434.0
7217,2026-04-20,424.0
7217,2026-04-27,429.0
7217,2026-05-04,439.0
7217,2026-05-11,440.0
7217,2026-05-18,452.0
7217,2026-05-25,443.0
7217,2026-06-01,425.0
7217,2026-06-08,418.0
7217,2026-06-15,411.0
7217,2026-06-22,426.0
7217,2026-06-29,429.0
7217,2026-07-06,417.0
7217,2026-07-13,429.0
7217,2026-07-20,426.0
7217,2026-07-27,425.0
7217,2026-08-03,426.0
7217,2026-08-10,453.0
7244,2025-08-18,424.46
7244,2025-08-25,429.3
7244,2025-09-01,441.9
7244,2025-09-08,440.93
7244,2025-09-15,440.93
7244,2025-09-22,448.68
7244,2025-09-29,426.39
7244,2025-10-06,451.59
7244,2025-10-13,434.15
7244,2025-10-20,464.19
7244,2025-10-27,455.47
7244,2025-11-03,446.75
7244,2025-11-10,455.47
7244,2025-11-17,449.65
7244,2025-11-24,470.97
7244,2025-12-01,452.56
7244,2025-12-08,475.82
7244,2025-12-15,491.32
7244,2025-12-22,493.26
7244,2025-12-29,505.05
7244,2026-01-05,510.95
7244,2026-01-12,538.46
7244,2026-01-19,522.74
7244,2026-01-26,504.07
7244,2026-02-02,524.7
7244,2026-02-09,534.53
7244,2026-02-16,553.2
7244,2026-02-23,560.08
7244,2026-03-02,519.79
7244,2026-03-09,476.56
7244,2026-03-16,473.61
7244,2026-03-23,491.3
7244,2026-03-30,493.26
7244,2026-04-06,505.05
7244,2026-04-13,506.03
7244,2026-04-20,498.17
7244,2026-04-27,494.24
7244,2026-05-04,507.02
7244,2026-05-11,532.56
7244,2026-05-18,526.67
7244,2026-05-25,535.51
7244,2026-06-01,534.53
7244,2026-06-08,513.9
7244,2026-06-15,517.83
7244,2026-06-22,508.0
7244,2026-06-29,521.0
7244,2026-07-06,513.0
7244,2026-07-13,514.0
7244,2026-07-20,519.0
7244,2026-07-27,530.0
7244,2026-08-03,511.0
7244,2026-08-10,597.0
7322,2025-08-18,880.09
7322,2025-08-25,874.02
7322,2025-09-01,853.42
7322,2025-09-08,853.42
7322,2025-09-15,840.08
7322,2025-09-22,878.87
7322,2025-09-29,860.12
7322,2025-10-06,866.29
7322,2025-10-13,874.92
7322,2025-10-20,898.37
7322,2025-10-27,900.84
7322,2025-11-03,920.58
7322,2025-11-10,942.8
7322,2025-11-17,950.2
7322,2025-11-24,1009.43
7322,2025-12-01,1004.5
7322,2025-12-08,1010.67
7322,2025-12-15,1042.75
7322,2025-12-22,1043.99
7322,2025-12-29,1087.18
7322,2026-01-05,1148.88
7322,2026-01-12,1229.09
7322,2026-01-19,1263.64
7322,2026-01-26,1234.03
7322,2026-02-02,1377.17
7322,2026-02-09,1505.51
7322,2026-02-16,1510.45
7322,2026-02-23,1557.34
7322,2026-03-02,1515.38
7322,2026-03-09,1495.64
7322,2026-03-16,1503.04
7322,2026-03-23,1545.0
7322,2026-03-30,1516.0
7322,2026-04-06,1646.0
7322,2026-04-13,1680.0
7322,2026-04-20,1529.0
7322,2026-04-27,1634.0
7322,2026-05-04,1659.0
7322,2026-05-11,1697.0
7322,2026-05-18,1711.0
7322,2026-05-25,1598.0
7322,2026-06-01,1612.0
7322,2026-06-08,1751.0
7322,2026-06-15,1660.0
7322,2026-06-22,1721.0
7322,2026-06-29,1825.0
7322,2026-07-06,1799.0
7322,2026-07-13,1775.0
7322,2026-07-20,1997.0
7322,2026-07-27,1910.0
7322,2026-08-03,1901.0
7322,2026-08-10,2077.0
7327,2025-08-18,1281.46
7327,2025-08-25,1278.25
7327,2025-09-01,1300.73
7327,2025-09-08,1318.39
7327,2025-09-15,1294.31
7327,2025-09-22,1371.39
7327,2025-09-29,1399.54
7327,2025-10-06,1400.52
7327,2025-10-13,1417.22
7327,2025-10-20,1432.93
7327,2025-10-27,1461.42
7327,2025-11-03,1457.49
7327,2025-11-10,1472.22
7327,2025-11-17,1502.67
7327,2025-11-24,1590.07
7327,2025-12-01,1622.49
7327,2025-12-08,1602.84
7327,2025-12-15,1619.54
7327,2025-12-22,1594.0
7327,2025-12-29,1598.91
7327,2026-01-05,1712.84
7327,2026-01-12,1780.61
7327,2026-01-19,1819.89
7327,2026-01-26,1804.18
7327,2026-02-02,1868.02
7327,2026-02-09,1997.66
7327,2026-02-16,1962.3
7327,2026-02-23,2004.54
7327,2026-03-02,2011.41
7327,2026-03-09,1936.77
7327,2026-03-16,1931.86
7327,2026-03-23,1979.0
7327,2026-03-30,1937.0
7327,2026-04-06,2015.0
7327,2026-04-13,1996.0
7327,2026-04-20,1841.0
7327,2026-04-27,1944.0
7327,2026-05-04,1977.0
7327,2026-05-11,2030.0
7327,2026-05-18,2115.0
7327,2026-05-25,2020.0
7327,2026-06-01,2046.0
7327,2026-06-08,2104.0
7327,2026-06-15,2076.0
7327,2026-06-22,2131.0
7327,2026-06-29,2211.0
7327,2026-07-06,2246.0
7327,2026-07-13,2202.0
7327,2026-07-20,2365.0
7327,2026-07-27,2308.0
7327,2026-08-03,2372.0
7327,2026-08-10,2500.0
7337,2025-08-18,1361.43
7337,2025-08-25,1364.81
7337,2025-09-01,1363.36
7337,2025-09-08,1374.46
7337,2025-09-15,1351.78
7337,2025-09-22,1414.02
7337,2025-09-29,1381.09
7337,2025-10-06,1360.94
7337,2025-10-13,1337.84
7337,2025-10-20,1369.78
7337,2025-10-27,1415.49
7337,2025-11-03,1431.22
7337,2025-11-10,1452.85
7337,2025-11-17,1463.17
7337,2025-11-24,1522.15
7337,2025-12-01,1519.69
7337,2025-12-08,1546.72
7337,2025-12-15,1580.63
7337,2025-12-22,1541.31
7337,2025-12-29,1554.58
7337,2026-01-05,1631.26
7337,2026-01-12,1704.0
7337,2026-01-19,1697.61
7337,2026-01-26,1717.27
7337,2026-02-02,1861.27
7337,2026-02-09,1906.49
7337,2026-02-16,1891.75
7337,2026-02-23,1903.54
7337,2026-03-02,1818.52
7337,2026-03-09,1799.84
7337,2026-03-16,1750.69
7337,2026-03-23,1790.5
7337,2026-03-30,1810.0
7337,2026-04-06,1928.5
7337,2026-04-13,1923.5
7337,2026-04-20,1791.5
7337,2026-04-27,1842.5
7337,2026-05-04,1857.5
7337,2026-05-11,2053.5
7337,2026-05-18,2082.0
7337,2026-05-25,2017.5
7337,2026-06-01,2022.5
7337,2026-06-08,2081.5
7337,2026-06-15,2080.5
7337,2026-06-22,2100.5
7337,2026-06-29,2198.5
7337,2026-07-06,2199.0
7337,2026-07-13,2131.0
7337,2026-07-20,2304.0
7337,2026-07-27,2204.5
7337,2026-08-03,2268.0
7337,2026-08-10,2364.5
7350,2025-08-18,3544.39
7350,2025-08-25,3582.97
7350,2025-09-01,3515.46
7350,2025-09-08,3500.99
7350,2025-09-15,3549.22
7350,2025-09-22,3756.57
7350,2025-09-29,3682.92
7350,2025-10-06,3619.08
7350,2025-10-13,3569.97
7350,2025-10-20,3732.02
7350,2025-10-27,3776.22
7350,2025-11-03,3835.14
7350,2025-11-10,4247.63
7350,2025-11-17,4242.72
7350,2025-11-24,4561.91
7350,2025-12-01,4517.71
7350,2025-12-08,4522.62
7350,2025-12-15,4620.83
7350,2025-12-22,4620.83
7350,2025-12-29,4679.76
7350,2026-01-05,4876.18
7350,2026-01-12,5126.62
7350,2026-01-19,5303.4
7350,2026-01-26,5156.08
7350,2026-02-02,5598.03
7350,2026-02-09,5735.53
7350,2026-02-16,5794.45
7350,2026-02-23,5902.49
7350,2026-03-02,5460.54
7350,2026-03-09,5313.22
7350,2026-03-16,5352.5
7350,2026-03-23,5490.0
7350,2026-03-30,5380.0
7350,2026-04-06,5720.0
7350,2026-04-13,5910.0
7350,2026-04-20,5500.0
7350,2026-04-27,5590.0
7350,2026-05-04,5700.0
7350,2026-05-11,5910.0
7350,2026-05-18,6150.0
7350,2026-05-25,6170.0
7350,2026-06-01,6190.0
7350,2026-06-08,6470.0
7350,2026-06-15,6250.0
7350,2026-06-22,6330.0
7350,2026-06-29,6630.0
7350,2026-07-06,6760.0
7350,2026-07-13,6830.0
7350,2026-07-20,7360.0
7350,2026-07-27,7350.0
7350,2026-08-03,7610.0
7350,2026-08-10,7940.0
7354,2025-08-18,298.86
7354,2025-08-25,305.7
7354,2025-09-01,293.98
7354,2025-09-08,293.0
7354,2025-09-15,292.02
7354,2025-09-22,302.77
7354,2025-09-29,286.16
7354,2025-10-06,277.37
7354,2025-10-13,262.72
7354,2025-10-20,267.61
7354,2025-10-27,261.75
7354,2025-11-03,261.75
7354,2025-11-10,270.54
7354,2025-11-17,280.3
7354,2025-11-24,293.0
7354,2025-12-01,293.0
7354,2025-12-08,290.07
7354,2025-12-15,291.05
7354,2025-12-22,293.0
7354,2025-12-29,291.0
7354,2026-01-05,298.0
7354,2026-01-12,311.0
7354,2026-01-19,322.0
7354,2026-01-26,313.0
7354,2026-02-02,311.0
7354,2026-02-09,292.0
7354,2026-02-16,345.0
7354,2026-02-23,347.0
7354,2026-03-02,311.0
7354,2026-03-09,287.0
7354,2026-03-16,295.0
7354,2026-03-23,307.0
7354,2026-03-30,310.0
7354,2026-04-06,312.0
7354,2026-04-13,327.0
7354,2026-04-20,301.0
7354,2026-04-27,299.0
7354,2026-05-04,308.0
7354,2026-05-11,304.0
7354,2026-05-18,273.0
7354,2026-05-25,273.0
7354,2026-06-01,298.0
7354,2026-06-08,304.0
7354,2026-06-15,308.0
7354,2026-06-22,311.0
7354,2026-06-29,329.0
7354,2026-07-06,352.0
7354,2026-07-13,350.0
7354,2026-07-20,340.0
7354,2026-07-27,346.0
7354,2026-08-03,349.0
7354,2026-08-10,362.0
7380,2025-08-18,1085.62
7380,2025-08-25,1056.59
7380,2025-09-01,1060.46
7380,2025-09-08,1072.08
7380,2025-09-15,1054.66
7380,2025-09-22,1091.43
7380,2025-09-29,1055.97
7380,2025-10-06,1055.97
7380,2025-10-13,1061.88
7380,2025-10-20,1091.43
7380,2025-10-27,1107.19
7380,2025-11-03,1132.8
7380,2025-11-10,1168.26
7380,2025-11-17,1205.69
7380,2025-11-24,1225.39
7380,2025-12-01,1258.88
7380,2025-12-08,1294.35
7380,2025-12-15,1319.96
7380,2025-12-22,1345.57
7380,2025-12-29,1418.46
7380,2026-01-05,1461.8
7380,2026-01-12,1591.83
7380,2026-01-19,1676.54
7380,2026-01-26,1615.47
7380,2026-02-02,1780.96
7380,2026-02-09,1802.63
7380,2026-02-16,1946.44
7380,2026-02-23,2029.19
7380,2026-03-02,1869.61
7380,2026-03-09,1784.9
7380,2026-03-16,1741.56
7380,2026-03-23,1844.0
7380,2026-03-30,1870.0
7380,2026-04-06,2055.0
7380,2026-04-13,2116.0
7380,2026-04-20,1999.0
7380,2026-04-27,2059.0
7380,2026-05-04,2060.0
7380,2026-05-11,2045.0
7380,2026-05-18,2151.0
7380,2026-05-25,2116.0
7380,2026-06-01,2095.0
7380,2026-06-08,2197.0
7380,2026-06-15,2179.0
7380,2026-06-22,2290.0
7380,2026-06-29,2461.0
7380,2026-07-06,2464.0
7380,2026-07-13,2312.0
7380,2026-07-20,2562.0
7380,2026-07-27,2366.0
7380,2026-08-03,2416.0
7380,2026-08-10,2582.0
7381,2025-08-18,612.12
7381,2025-08-25,599.49
7381,2025-09-01,612.12
7381,2025-09-08,624.75
7381,2025-09-15,609.21
7381,2025-09-22,651.96
7381,2025-09-29,649.0
7381,2025-10-06,633.19
7381,2025-10-13,628.25
7381,2025-10-20,651.96
7381,2025-10-27,650.97
7381,2025-11-03,638.13
7381,2025-11-10,641.09
7381,2025-11-17,641.09
7381,2025-11-24,693.45
7381,2025-12-01,700.36
7381,2025-12-08,705.3
7381,2025-12-15,706.29
7381,2025-12-22,785.31
7381,2025-12-29,798.16
7381,2026-01-05,889.04
7381,2026-01-12,969.05
7381,2026-01-19,964.11
7381,2026-01-26,913.73
7381,2026-02-02,930.52
7381,2026-02-09,968.06
7381,2026-02-16,1000.66
7381,2026-02-23,1041.16
7381,2026-03-02,1008.56
7381,2026-03-09,952.26
7381,2026-03-16,952.26
7381,2026-03-23,973.0
7381,2026-03-30,985.0
7381,2026-04-06,1024.0
7381,2026-04-13,1015.0
7381,2026-04-20,924.0
7381,2026-04-27,963.0
7381,2026-05-04,1014.0
7381,2026-05-11,1044.0
7381,2026-05-18,1056.0
7381,2026-05-25,1037.0
7381,2026-06-01,1034.0
7381,2026-06-08,989.0
7381,2026-06-15,961.0
7381,2026-06-22,978.0
7381,2026-06-29,1043.0
7381,2026-07-06,1034.0
7381,2026-07-13,1072.0
7381,2026-07-20,1156.0
7381,2026-07-27,1107.0
7381,2026-08-03,1214.0
7381,2026-08-10,1268.0
7384,2025-08-18,1713.27
7384,2025-08-25,1672.2
7384,2025-09-01,1656.55
7384,2025-09-08,1679.05
7384,2025-09-15,1665.36
7384,2025-09-22,1713.27
7384,2025-09-29,1672.6
7384,2025-10-06,1651.76
7384,2025-10-13,1655.73
7384,2025-10-20,1682.52
7384,2025-10-27,1718.23
7384,2025-11-03,1710.3
7384,2025-11-10,1748.99
7384,2025-11-17,1666.65
7384,2025-11-24,1740.06
7384,2025-12-01,1723.19
7384,2025-12-08,1778.75
7384,2025-12-15,1809.5
7384,2025-12-22,2063.47
7384,2025-12-29,2161.68
7384,2026-01-05,2321.4
7384,2026-01-12,2395.8
7384,2026-01-19,2751.95
7384,2026-01-26,2654.73
7384,2026-02-02,2886.87
7384,2026-02-09,2793.62
7384,2026-02-16,2837.27
7384,2026-02-23,2957.3
7384,2026-03-02,3010.87
7384,2026-03-09,3035.68
7384,2026-03-16,3045.6
7384,2026-03-23,3120.0
7384,2026-03-30,3160.0
7384,2026-04-06,3250.0
7384,2026-04-13,3790.0
7384,2026-04-20,3435.0
7384,2026-04-27,3525.0
7384,2026-05-04,3580.0
7384,2026-05-11,3445.0
7384,2026-05-18,3820.0
7384,2026-05-25,3915.0
7384,2026-06-01,3960.0
7384,2026-06-08,3550.0
7384,2026-06-15,3445.0
7384,2026-06-22,3555.0
7384,2026-06-29,4055.0
7384,2026-07-06,4065.0
7384,2026-07-13,3860.0
7384,2026-07-20,4330.0
7384,2026-07-27,4000.0
7384,2026-08-03,4315.0
7384,2026-08-10,4625.0
7504,2025-08-18,2791.89
7504,2025-08-25,2789.96
7504,2025-09-01,2833.3
7504,2025-09-08,2811.15
7504,2025-09-15,2868.93
7504,2025-09-22,2918.05
7504,2025-09-29,2768.81
7504,2025-10-06,2768.81
7504,2025-10-13,2826.74
7504,2025-10-20,2863.06
7504,2025-10-27,2804.15
7504,2025-11-03,2792.37
7504,2025-11-10,2896.45
7504,2025-11-17,2897.43
7504,2025-11-24,2920.01
7504,2025-12-01,2838.52
7504,2025-12-08,2828.7
7504,2025-12-15,2876.81
7504,2025-12-22,2960.27
7504,2025-12-29,2921.98
7504,2026-01-05,2979.9
7504,2026-01-12,3063.36
7504,2026-01-19,3097.73
7504,2026-01-26,2950.45
7504,2026-02-02,3004.45
7504,2026-02-09,3195.91
7504,2026-02-16,3220.46
7504,2026-02-23,3392.28
7504,2026-03-02,3205.73
7504,2026-03-09,3092.82
7504,2026-03-16,3068.27
7504,2026-03-23,3137.0
7504,2026-03-30,3095.0
7504,2026-04-06,3015.0
7504,2026-04-13,2977.0
7504,2026-04-20,2901.0
7504,2026-04-27,2974.0
7504,2026-05-04,3005.0
7504,2026-05-11,2872.0
7504,2026-05-18,2826.0
7504,2026-05-25,2848.0
7504,2026-06-01,2795.0
7504,2026-06-08,2984.0
7504,2026-06-15,3085.0
7504,2026-06-22,3315.0
7504,2026-06-29,3640.0
7504,2026-07-06,3845.0
7504,2026-07-13,3575.0
7504,2026-07-20,3830.0
7504,2026-07-27,4140.0
7504,2026-08-03,4640.0
7504,2026-08-10,4870.0
7537,2025-08-18,1105.81
7537,2025-08-25,1133.62
7537,2025-09-01,1159.51
7537,2025-09-08,1197.88
7537,2025-09-15,1195.0
7537,2025-09-22,1209.39
7537,2025-09-29,1136.98
7537,2025-10-06,1067.51
7537,2025-10-13,1068.49
7537,2025-10-20,1168.29
7537,2025-10-27,1162.42
7537,2025-11-03,1111.54
7537,2025-11-10,1150.68
7537,2025-11-17,1135.02
7537,2025-11-24,1183.94
7537,2025-12-01,1169.27
7537,2025-12-08,1175.14
7537,2025-12-15,1205.47
7537,2025-12-22,1249.5
7537,2025-12-29,1274.94
7537,2026-01-05,1330.71
7537,2026-01-12,1356.16
7537,2026-01-19,1382.57
7537,2026-01-26,1340.5
7537,2026-02-02,1241.67
7537,2026-02-09,1247.55
7537,2026-02-16,1216.23
7537,2026-02-23,1247.55
7537,2026-03-02,1157.53
7537,2026-03-09,1098.82
7537,2026-03-16,1096.86
7537,2026-03-23,1136.0
7537,2026-03-30,1156.0
7537,2026-04-06,1182.0
7537,2026-04-13,1187.0
7537,2026-04-20,1171.0
7537,2026-04-27,1193.0
7537,2026-05-04,1223.0
7537,2026-05-11,1581.0
7537,2026-05-18,1586.0
7537,2026-05-25,1720.0
7537,2026-06-01,1717.0
7537,2026-06-08,1604.0
7537,2026-06-15,1742.0
7537,2026-06-22,1652.0
7537,2026-06-29,1683.0
7537,2026-07-06,1686.0
7537,2026-07-13,1611.0
7537,2026-07-20,1685.0
7537,2026-07-27,1695.0
7537,2026-08-03,1761.0
7537,2026-08-10,1890.0
7565,2025-08-18,5823.36
7565,2025-08-25,5842.68
7565,2025-09-01,5697.82
7565,2025-09-08,5321.18
7565,2025-09-15,4973.52
7565,2025-09-22,5079.75
7565,2025-09-29,4787.25
7565,2025-10-06,4914.0
7565,2025-10-13,4801.88
7565,2025-10-20,4762.88
7565,2025-10-27,5343.0
7565,2025-11-03,5040.75
7565,2025-11-10,5079.75
7565,2025-11-17,4972.5
7565,2025-11-24,5167.5
7565,2025-12-01,5274.75
7565,2025-12-08,5440.5
7565,2025-12-15,5508.75
7565,2025-12-22,5733.0
7565,2025-12-29,5869.5
7565,2026-01-05,5674.5
7565,2026-01-12,5840.25
7565,2026-01-19,5820.75
7565,2026-01-26,5850.0
7565,2026-02-02,5947.5
7565,2026-02-09,5820.75
7565,2026-02-16,5791.5
7565,2026-02-23,5898.75
7565,2026-03-02,5937.75
7565,2026-03-09,5830.5
7565,2026-03-16,5801.25
7565,2026-03-23,5850.0
7565,2026-03-30,5950.0
7565,2026-04-06,5950.0
7565,2026-04-13,6070.0
7565,2026-04-20,5850.0
7565,2026-04-27,6100.0
7565,2026-05-04,6000.0
7565,2026-05-11,6330.0
7565,2026-05-18,6100.0
7565,2026-05-25,6040.0
7565,2026-06-01,6200.0
7565,2026-06-08,6100.0
7565,2026-06-15,6130.0
7565,2026-06-22,5960.0
7565,2026-06-29,6200.0
7565,2026-07-06,6400.0
7565,2026-07-13,6710.0
7565,2026-07-20,6730.0
7565,2026-07-27,7090.0
7565,2026-08-03,7150.0
7565,2026-08-10,8000.0
7609,2025-08-18,1984.66
7609,2025-08-25,1984.66
7609,2025-09-01,1987.07
7609,2025-09-08,2097.59
7609,2025-09-15,2148.05
7609,2025-09-22,2150.45
7609,2025-09-29,2085.58
7609,2025-10-06,2049.54
7609,2025-10-13,2090.38
7609,2025-10-20,2184.09
7609,2025-10-27,2227.34
7609,2025-11-03,2160.06
7609,2025-11-10,2181.69
7609,2025-11-17,2196.1
7609,2025-11-24,2289.81
7609,2025-12-01,2263.38
7609,2025-12-08,2378.71
7609,2025-12-15,2309.03
7609,2025-12-22,2349.88
7609,2025-12-29,2391.26
7609,2026-01-05,2475.99
7609,2026-01-12,2571.57
7609,2026-01-19,2570.58
7609,2026-01-26,2497.67
7609,2026-02-02,2546.93
7609,2026-02-09,2701.62
7609,2026-02-16,2837.59
7609,2026-02-23,2970.6
7609,2026-03-02,2861.24
7609,2026-03-09,2811.97
7609,2026-03-16,2786.36
7609,2026-03-23,2823.8
7609,2026-03-30,2680.93
7609,2026-04-06,2781.43
7609,2026-04-13,2830.69
7609,2026-04-20,2848.43
7609,2026-04-27,3093.76
7609,2026-05-04,3783.45
7609,2026-05-11,3768.67
7609,2026-05-18,3561.77
7609,2026-05-25,3517.43
7609,2026-06-01,3719.41
7609,2026-06-08,3413.98
7609,2026-06-15,3842.57
7609,2026-06-22,3680.0
7609,2026-06-29,3670.0
7609,2026-07-06,3560.0
7609,2026-07-13,3300.0
7609,2026-07-20,3540.0
7609,2026-07-27,3320.0
7609,2026-08-03,4230.0
7609,2026-08-10,4770.0
7637,2025-08-18,2217.89
7637,2025-08-25,2234.31
7637,2025-09-01,2240.11
7637,2025-09-08,2231.42
7637,2025-09-15,2219.82
7637,2025-09-22,2227.55
7637,2025-09-29,2178.66
7637,2025-10-06,2184.53
7637,2025-10-13,2171.81
7637,2025-10-20,2216.8
7637,2025-10-27,2170.84
7637,2025-11-03,2127.81
7637,2025-11-10,2163.01
7637,2025-11-17,2179.64
7637,2025-11-24,2195.28
7637,2025-12-01,2156.17
7637,2025-12-08,2155.19
7637,2025-12-15,2178.66
7637,2025-12-22,2284.27
7637,2025-12-29,2291.11
7637,2026-01-05,2335.12
7637,2026-01-12,2454.41
7637,2026-01-19,2381.07
7637,2026-01-26,2290.13
7637,2026-02-02,2301.87
7637,2026-02-09,2496.46
7637,2026-02-16,2605.0
7637,2026-02-23,2624.56
7637,2026-03-02,2540.47
7637,2026-03-09,2487.66
7637,2026-03-16,2469.08
7637,2026-03-23,2561.0
7637,2026-03-30,2460.0
7637,2026-04-06,2487.0
7637,2026-04-13,2499.0
7637,2026-04-20,2369.0
7637,2026-04-27,2358.0
7637,2026-05-04,2442.0
7637,2026-05-11,3270.0
7637,2026-05-18,3325.0
7637,2026-05-25,3855.0
7637,2026-06-01,3600.0
7637,2026-06-08,3350.0
7637,2026-06-15,3670.0
7637,2026-06-22,3400.0
7637,2026-06-29,3380.0
7637,2026-07-06,3360.0
7637,2026-07-13,3240.0
7637,2026-07-20,3395.0
7637,2026-07-27,3490.0
7637,2026-08-03,3610.0
7637,2026-08-10,3970.0
7727,2025-08-18,620.36
7727,2025-08-25,623.28
7727,2025-09-01,606.77
7727,2025-09-08,596.09
7727,2025-09-15,601.92
7727,2025-09-22,589.3
7727,2025-09-29,586.34
7727,2025-10-06,595.22
7727,2025-10-13,596.21
7727,2025-10-20,625.82
7727,2025-10-27,649.51
7727,2025-11-03,619.9
7727,2025-11-10,626.81
7727,2025-11-17,549.81
7727,2025-11-24,591.27
7727,2025-12-01,588.31
7727,2025-12-08,588.31
7727,2025-12-15,576.46
7727,2025-12-22,602.13
7727,2025-12-29,618.91
7727,2026-01-05,636.68
7727,2026-01-12,685.05
7727,2026-01-19,775.86
7727,2026-01-26,735.39
7727,2026-02-02,700.84
7727,2026-02-09,723.54
7727,2026-02-16,830.15
7727,2026-02-23,903.19
7727,2026-03-02,882.46
7727,2026-03-09,796.59
7727,2026-03-16,790.66
7727,2026-03-23,765.0
7727,2026-03-30,765.0
7727,2026-04-06,770.0
7727,2026-04-13,717.0
7727,2026-04-20,675.0
7727,2026-04-27,703.0
7727,2026-05-04,736.0
7727,2026-05-11,716.0
7727,2026-05-18,799.0
7727,2026-05-25,782.0
7727,2026-06-01,778.0
7727,2026-06-08,710.0
7727,2026-06-15,776.0
7727,2026-06-22,781.0
7727,2026-06-29,770.0
7727,2026-07-06,755.0
7727,2026-07-13,728.0
7727,2026-07-20,721.0
7727,2026-07-27,728.0
7727,2026-08-03,779.0
7727,2026-08-10,925.0
7752,2025-08-18,1286.34
7752,2025-08-25,1276.63
7752,2025-09-01,1322.26
7752,2025-09-08,1347.01
7752,2025-09-15,1290.22
7752,2025-09-22,1313.03
7752,2025-09-29,1281.99
7752,2025-10-06,1329.29
7752,2025-10-13,1308.6
7752,2025-10-20,1340.13
7752,2025-10-27,1304.66
7752,2025-11-03,1308.11
7752,2025-11-10,1359.84
7752,2025-11-17,1364.27
7752,2025-11-24,1380.53
7752,2025-12-01,1343.58
7752,2025-12-08,1363.78
7752,2025-12-15,1345.06
7752,2025-12-22,1346.54
7752,2025-12-29,1353.93
7752,2026-01-05,1397.78
7752,2026-01-12,1460.35
7752,2026-01-19,1381.52
7752,2026-01-26,1342.1
7752,2026-02-02,1480.55
7752,2026-02-09,1442.61
7752,2026-02-16,1427.83
7752,2026-02-23,1448.52
7752,2026-03-02,1353.43
7752,2026-03-09,1327.81
7752,2026-03-16,1338.65
7752,2026-03-23,1349.0
7752,2026-03-30,1355.0
7752,2026-04-06,1342.0
7752,2026-04-13,1406.0
7752,2026-04-20,1297.0
7752,2026-04-27,1300.5
7752,2026-05-04,1342.0
7752,2026-05-11,1421.5
7752,2026-05-18,1457.0
7752,2026-05-25,1458.5
7752,2026-06-01,1512.0
7752,2026-06-08,1438.0
7752,2026-06-15,1477.0
7752,2026-06-22,1414.0
7752,2026-06-29,1441.5
7752,2026-07-06,1497.0
7752,2026-07-13,1501.0
7752,2026-07-20,1556.5
7752,2026-07-27,1579.5
7752,2026-08-03,1616.0
7752,2026-08-10,1678.0
7762,2025-08-18,976.56
7762,2025-08-25,978.49
7762,2025-09-01,1017.05
7762,2025-09-08,986.2
7762,2025-09-15,976.56
7762,2025-09-22,982.34
7762,2025-09-29,1025.27
7762,2025-10-06,1053.88
7762,2025-10-13,1036.12
7762,2025-10-20,1097.3
7762,2025-10-27,1057.83
7762,2025-11-03,1043.03
7762,2025-11-10,1202.89
7762,2025-11-17,1223.61
7762,2025-11-24,1273.94
7762,2025-12-01,1295.65
7762,2025-12-08,1321.3
7762,2025-12-15,1261.11
7762,2025-12-22,1253.21
7762,2025-12-29,1259.14
7762,2026-01-05,1299.59
7762,2026-01-12,1365.71
7762,2026-01-19,1388.4
7762,2026-01-26,1344.99
7762,2026-02-02,1380.51
7762,2026-02-09,1679.5
7762,2026-02-16,1704.17
7762,2026-02-23,1887.72
7762,2026-03-02,1728.84
7762,2026-03-09,1612.4
7762,2026-03-16,1680.49
7762,2026-03-23,1754.5
7762,2026-03-30,1761.0
7762,2026-04-06,1796.0
7762,2026-04-13,1855.0
7762,2026-04-20,1815.0
7762,2026-04-27,1790.0
7762,2026-05-04,1986.0
7762,2026-05-11,2256.0
7762,2026-05-18,2143.0
7762,2026-05-25,2315.0
7762,2026-06-01,2253.0
7762,2026-06-08,2179.0
7762,2026-06-15,2386.0
7762,2026-06-22,2511.0
7762,2026-06-29,2405.0
7762,2026-07-06,2331.0
7762,2026-07-13,2179.0
7762,2026-07-20,2178.0
7762,2026-07-27,2133.0
7762,2026-08-03,2393.0
7762,2026-08-10,2751.0
7803,2025-08-18,339.71
7803,2025-08-25,355.07
7803,2025-09-01,340.7
7803,2025-09-08,328.82
7803,2025-09-15,331.3
7803,2025-09-22,324.36
7803,2025-09-29,314.95
7803,2025-10-06,305.05
7803,2025-10-13,291.18
7803,2025-10-20,294.16
7803,2025-10-27,285.24
7803,2025-11-03,284.25
7803,2025-11-10,285.24
7803,2025-11-17,331.79
7803,2025-11-24,332.78
7803,2025-12-01,293.16
7803,2025-12-08,297.13
7803,2025-12-15,301.09
7803,2025-12-22,297.13
7803,2025-12-29,293.16
7803,2026-01-05,305.05
7803,2026-01-12,303.07
7803,2026-01-19,298.12
7803,2026-01-26,279.3
7803,2026-02-02,268.4
7803,2026-02-09,272.37
7803,2026-02-16,263.45
7803,2026-02-23,282.27
7803,2026-03-02,286.23
7803,2026-03-09,270.39
7803,2026-03-16,259.49
7803,2026-03-23,254.54
7803,2026-03-30,257.51
7803,2026-04-06,256.52
7803,2026-04-13,259.49
7803,2026-04-20,249.59
7803,2026-04-27,249.59
7803,2026-05-04,258.5
7803,2026-05-11,250.58
7803,2026-05-18,247.61
7803,2026-05-25,253.55
7803,2026-06-01,259.49
7803,2026-06-08,284.25
7803,2026-06-15,259.49
7803,2026-06-22,258.5
7803,2026-06-29,308.0
7803,2026-07-06,350.0
7803,2026-07-13,415.0
7803,2026-07-20,367.0
7803,2026-07-27,377.0
7803,2026-08-03,383.0
7803,2026-08-10,394.0
7856,2025-08-18,1586.04
7856,2025-08-25,1572.62
7856,2025-09-01,1602.34
7856,2025-09-08,1627.27
7856,2025-09-15,1643.58
7856,2025-09-22,1645.49
7856,2025-09-29,1602.34
7856,2025-10-06,1599.47
7856,2025-10-13,1616.73
7856,2025-10-20,1651.25
7856,2025-10-27,1577.5
7856,2025-11-03,1536.37
7856,2025-11-10,1552.04
7856,2025-11-17,1553.02
7856,2025-11-24,1563.79
7856,2025-12-01,1572.6
7856,2025-12-08,1609.81
7856,2025-12-15,1618.62
7856,2025-12-22,1654.85
7856,2025-12-29,1656.81
7856,2026-01-05,1677.38
7856,2026-01-12,1695.0
7856,2026-01-19,1680.31
7856,2026-01-26,1665.63
7856,2026-02-02,1688.15
7856,2026-02-09,1733.19
7856,2026-02-16,1742.98
7856,2026-02-23,1816.42
7856,2026-03-02,1752.77
7856,2026-03-09,1672.48
7856,2026-03-16,1672.48
7856,2026-03-23,1702.84
7856,2026-03-30,1729.27
7856,2026-04-06,1705.77
7856,2026-04-13,1704.79
7856,2026-04-20,1651.92
7856,2026-04-27,1643.0
7856,2026-05-04,1652.0
7856,2026-05-11,1717.0
7856,2026-05-18,1672.0
7856,2026-05-25,1652.0
7856,2026-06-01,1670.0
7856,2026-06-08,1698.0
7856,2026-06-15,1729.0
7856,2026-06-22,1754.0
7856,2026-06-29,1734.0
7856,2026-07-06,1761.0
7856,2026-07-13,1777.0
7856,2026-07-20,1778.0
7856,2026-07-27,1781.0
7856,2026-08-03,1828.0
7856,2026-08-10,1870.0
7912,2025-08-18,2431.99
7912,2025-08-25,2442.34
7912,2025-09-01,2572.41
7912,2025-09-08,2587.69
7912,2025-09-15,2480.77
7912,2025-09-22,2507.38
7912,2025-09-29,2504.9
7912,2025-10-06,2519.78
7912,2025-10-13,2509.86
7912,2025-10-20,2562.95
7912,2025-10-27,2559.98
7912,2025-11-03,2582.8
7912,2025-11-10,2641.85
7912,2025-11-17,2511.35
7912,2025-11-24,2620.02
7912,2025-12-01,2513.33
7912,2025-12-08,2710.33
7912,2025-12-15,2679.07
7912,2025-12-22,2696.93
7912,2025-12-29,2673.61
7912,2026-01-05,2687.5
7912,2026-01-12,2806.1
7912,2026-01-19,2832.4
7912,2026-01-26,2746.55
7912,2026-02-02,2883.01
7912,2026-02-09,3157.91
7912,2026-02-16,3068.6
7912,2026-02-23,3225.4
7912,2026-03-02,3102.34
7912,2026-03-09,2972.33
7912,2026-03-16,2898.39
7912,2026-03-23,2884.5
7912,2026-03-30,2849.5
7912,2026-04-06,3002.0
7912,2026-04-13,3019.0
7912,2026-04-20,2978.0
7912,2026-04-27,2960.5
7912,2026-05-04,3161.0
7912,2026-05-11,2910.0
7912,2026-05-18,2644.0
7912,2026-05-25,2770.5
7912,2026-06-01,2629.0
7912,2026-06-08,2572.0
7912,2026-06-15,2736.0
7912,2026-06-22,2886.0
7912,2026-06-29,3052.0
7912,2026-07-06,3168.0
7912,2026-07-13,3127.0
7912,2026-07-20,3139.0
7912,2026-07-27,2921.5
7912,2026-08-03,3030.0
7912,2026-08-10,3315.0
7928,2025-08-18,630.81
7928,2025-08-25,597.1
7928,2025-09-01,588.17
7928,2025-09-08,596.11
7928,2025-09-15,592.14
7928,2025-09-22,586.19
7928,2025-09-29,586.19
7928,2025-10-06,576.27
7928,2025-10-13,575.28
7928,2025-10-20,578.25
7928,2025-10-27,573.29
7928,2025-11-03,572.3
7928,2025-11-10,577.26
7928,2025-11-17,577.26
7928,2025-11-24,583.21
7928,2025-12-01,578.25
7928,2025-12-08,576.27
7928,2025-12-15,572.3
7928,2025-12-22,577.26
7928,2025-12-29,584.2
7928,2026-01-05,587.18
7928,2026-01-12,609.0
7928,2026-01-19,611.98
7928,2026-01-26,594.12
7928,2026-02-02,607.02
7928,2026-02-09,609.99
7928,2026-02-16,606.02
7928,2026-02-23,618.0
7928,2026-03-02,601.0
7928,2026-03-09,599.0
7928,2026-03-16,615.0
7928,2026-03-23,610.0
7928,2026-03-30,621.0
7928,2026-04-06,614.0
7928,2026-04-13,620.0
7928,2026-04-20,610.0
7928,2026-04-27,604.0
7928,2026-05-04,607.0
7928,2026-05-11,608.0
7928,2026-05-18,608.0
7928,2026-05-25,600.0
7928,2026-06-01,600.0
7928,2026-06-08,596.0
7928,2026-06-15,612.0
7928,2026-06-22,610.0
7928,2026-06-29,621.0
7928,2026-07-06,639.0
7928,2026-07-13,620.0
7928,2026-07-20,630.0
7928,2026-07-27,632.0
7928,2026-08-03,638.0
7928,2026-08-10,651.0
7936,2025-08-18,4147.94
7936,2025-08-25,3966.43
7936,2025-09-01,4009.08
7936,2025-09-08,4127.11
7936,2025-09-15,3854.35
7936,2025-09-22,3911.88
7936,2025-09-29,3772.03
7936,2025-10-06,3774.01
7936,2025-10-13,3637.13
7936,2025-10-20,3944.61
7936,2025-10-27,3910.89
7936,2025-11-03,3684.74
7936,2025-11-10,3763.1
7936,2025-11-17,3713.51
7936,2025-11-24,3710.53
7936,2025-12-01,3679.78
7936,2025-12-08,3874.19
7936,2025-12-15,3794.84
7936,2025-12-22,3850.38
7936,2025-12-29,3739.83
7936,2026-01-05,4125.27
7936,2026-01-12,4140.21
7936,2026-01-19,3972.89
7936,2026-01-26,3699.99
7936,2026-02-02,3731.86
7936,2026-02-09,4378.24
7936,2026-02-16,4790.57
7936,2026-02-23,4774.63
7936,2026-03-02,4588.39
7936,2026-03-09,4441.98
7936,2026-03-16,4386.21
7936,2026-03-23,4288.61
7936,2026-03-30,4288.61
7936,2026-04-06,4548.55
7936,2026-04-13,4576.44
7936,2026-04-20,4396.17
7936,2026-04-27,4323.46
7936,2026-05-04,4621.26
7936,2026-05-11,4487.8
7936,2026-05-18,4526.64
7936,2026-05-25,4823.44
7936,2026-06-01,4406.13
7936,2026-06-08,4432.02
7936,2026-06-15,4345.38
7936,2026-06-22,4438.0
7936,2026-06-29,4624.0
7936,2026-07-06,4579.0
7936,2026-07-13,4895.0
7936,2026-07-20,4793.0
7936,2026-07-27,4754.0
7936,2026-08-03,4977.0
7936,2026-08-10,5281.0
8032,2025-08-18,657.13
8032,2025-08-25,668.67
8032,2025-09-01,692.73
8032,2025-09-08,689.84
8032,2025-09-15,694.65
8032,2025-09-22,702.35
8032,2025-09-29,700.39
8032,2025-10-06,703.33
8032,2025-10-13,708.23
8032,2025-10-20,722.95
8032,2025-10-27,710.2
8032,2025-11-03,706.27
8032,2025-11-10,706.27
8032,2025-11-17,711.18
8032,2025-11-24,743.55
8032,2025-12-01,744.53
8032,2025-12-08,793.58
8032,2025-12-15,809.27
8032,2025-12-22,843.6
8032,2025-12-29,864.2
8032,2026-01-05,941.7
8032,2026-01-12,985.84
8032,2026-01-19,958.37
8032,2026-01-26,946.6
8032,2026-02-02,1012.32
8032,2026-02-09,1078.05
8032,2026-02-16,1067.26
8032,2026-02-23,1132.98
8032,2026-03-02,1059.41
8032,2026-03-09,1012.32
8032,2026-03-16,1029.0
8032,2026-03-23,1029.0
8032,2026-03-30,1092.0
8032,2026-04-06,1102.0
8032,2026-04-13,1085.0
8032,2026-04-20,1092.0
8032,2026-04-27,1096.0
8032,2026-05-04,1117.0
8032,2026-05-11,1219.0
8032,2026-05-18,1151.0
8032,2026-05-25,1162.0
8032,2026-06-01,1074.0
8032,2026-06-08,1095.0
8032,2026-06-15,1081.0
8032,2026-06-22,1089.0
8032,2026-06-29,1108.0
8032,2026-07-06,1095.0
8032,2026-07-13,1118.0
8032,2026-07-20,1106.0
8032,2026-07-27,1117.0
8032,2026-08-03,1204.0
8032,2026-08-10,1247.0
8037,2025-08-18,2766.83
8037,2025-08-25,2740.79
8037,2025-09-01,2809.26
8037,2025-09-08,2816.97
8037,2025-09-15,2851.69
8037,2025-09-22,2922.09
8037,2025-09-29,2823.06
8037,2025-10-06,2775.99
8037,2025-10-13,2805.41
8037,2025-10-20,2966.22
8037,2025-10-27,2861.3
8037,2025-11-03,2927.0
8037,2025-11-10,2786.77
8037,2025-11-17,2756.38
8037,2025-11-24,2851.49
8037,2025-12-01,2786.77
8037,2025-12-08,2836.78
8037,2025-12-15,2951.51
8037,2025-12-22,2934.84
8037,2025-12-29,2961.32
8037,2026-01-05,3128.01
8037,2026-01-12,3240.78
8037,2026-01-19,3186.85
8037,2026-01-26,3020.15
8037,2026-02-02,3162.33
8037,2026-02-09,3196.65
8037,2026-02-16,3211.36
8037,2026-02-23,3329.03
8037,2026-03-02,3103.5
8037,2026-03-09,3010.34
8037,2026-03-16,3083.89
8037,2026-03-23,3280.0
8037,2026-03-30,3450.0
8037,2026-04-06,3425.0
8037,2026-04-13,3295.0
8037,2026-04-20,3185.0
8037,2026-04-27,3220.0
8037,2026-05-04,3345.0
8037,2026-05-11,3335.0
8037,2026-05-18,3565.0
8037,2026-05-25,3605.0
8037,2026-06-01,3440.0
8037,2026-06-08,3430.0
8037,2026-06-15,3490.0
8037,2026-06-22,3455.0
8037,2026-06-29,3545.0
8037,2026-07-06,3640.0
8037,2026-07-13,3630.0
8037,2026-07-20,3720.0
8037,2026-07-27,3895.0
8037,2026-08-03,4150.0
8037,2026-08-10,4335.0
8043,2025-08-18,1187.78
8043,2025-08-25,1155.86
8043,2025-09-01,1170.37
8043,2025-09-08,1170.37
8043,2025-09-15,1180.05
8043,2025-09-22,1200.36
8043,2025-09-29,1126.85
8043,2025-10-06,1111.37
8043,2025-10-13,1121.04
8043,2025-10-20,1145.22
8043,2025-10-27,1122.98
8043,2025-11-03,1136.52
8043,2025-11-10,1150.06
8043,2025-11-17,1172.31
8043,2025-11-24,1211.0
8043,2025-12-01,1157.8
8043,2025-12-08,1186.82
8043,2025-12-15,1226.47
8043,2025-12-22,1209.06
8043,2025-12-29,1213.9
8043,2026-01-05,1234.21
8043,2026-01-12,1276.77
8043,2026-01-19,1275.8
8043,2026-01-26,1276.77
8043,2026-02-02,1305.79
8043,2026-02-09,1309.66
8043,2026-02-16,1299.02
8043,2026-02-23,1329.97
8043,2026-03-02,1265.16
8043,2026-03-09,1224.54
8043,2026-03-16,1222.6
8043,2026-03-23,1270.0
8043,2026-03-30,1278.0
8043,2026-04-06,1241.0
8043,2026-04-13,1205.0
8043,2026-04-20,1135.0
8043,2026-04-27,1138.0
8043,2026-05-04,1118.0
8043,2026-05-11,1148.0
8043,2026-05-18,1127.0
8043,2026-05-25,1175.0
8043,2026-06-01,1150.0
8043,2026-06-08,1171.0
8043,2026-06-15,1186.0
8043,2026-06-22,1191.0
8043,2026-06-29,1232.0
8043,2026-07-06,1287.0
8043,2026-07-13,1291.0
8043,2026-07-20,1299.0
8043,2026-07-27,1347.0
8043,2026-08-03,1365.0
8043,2026-08-10,1507.0
8051,2025-08-18,1353.01
8051,2025-08-25,1320.29
8051,2025-09-01,1349.16
8051,2025-09-08,1331.84
8051,2025-09-15,1332.8
8051,2025-09-22,1361.67
8051,2025-09-29,1336.29
8051,2025-10-06,1368.5
8051,2025-10-13,1394.86
8051,2025-10-20,1411.45
8051,2025-10-27,1394.86
8051,2025-11-03,1402.67
8051,2025-11-10,1421.21
8051,2025-11-17,1443.66
8051,2025-11-24,1476.85
8051,2025-12-01,1417.31
8051,2025-12-08,1443.66
8051,2025-12-15,1432.92
8051,2025-12-22,1446.59
8051,2025-12-29,1449.52
8051,2026-01-05,1460.26
8051,2026-01-12,1472.95
8051,2026-01-19,1444.64
8051,2026-01-26,1390.95
8051,2026-02-02,1420.24
8051,2026-02-09,1471.97
8051,2026-02-16,1471.97
8051,2026-02-23,1499.3
8051,2026-03-02,1432.92
8051,2026-03-09,1410.47
8051,2026-03-16,1383.14
8051,2026-03-23,1389.0
8051,2026-03-30,1557.0
8051,2026-04-06,1637.0
8051,2026-04-13,1545.0
8051,2026-04-20,1520.0
8051,2026-04-27,1534.0
8051,2026-05-04,1568.0
8051,2026-05-11,1735.0
8051,2026-05-18,1724.0
8051,2026-05-25,1737.0
8051,2026-06-01,1677.0
8051,2026-06-08,1772.0
8051,2026-06-15,1784.0
8051,2026-06-22,1674.0
8051,2026-06-29,1739.0
8051,2026-07-06,1723.0
8051,2026-07-13,1728.0
8051,2026-07-20,1745.0
8051,2026-07-27,1776.0
8051,2026-08-03,1812.0
8051,2026-08-10,1965.0
8065,2025-08-18,1632.79
8065,2025-08-25,1665.52
8065,2025-09-01,1680.93
8065,2025-09-08,1669.37
8065,2025-09-15,1662.63
8065,2025-09-22,1874.43
8065,2025-09-29,1950.04
8065,2025-10-06,2014.84
8065,2025-10-13,2030.55
8065,2025-10-20,2116.96
8065,2025-10-27,2115.0
8065,2025-11-03,2049.21
8065,2025-11-10,2080.63
8065,2025-11-17,2138.56
8065,2025-11-24,2200.42
8065,2025-12-01,2106.16
8065,2025-12-08,2180.78
8065,2025-12-15,2166.06
8065,2025-12-22,2203.37
8065,2025-12-29,2212.2
8065,2026-01-05,2295.67
8065,2026-01-12,2360.47
8065,2026-01-19,2322.18
8065,2026-01-26,2303.52
8065,2026-02-02,2340.83
8065,2026-02-09,2392.87
8065,2026-02-16,2387.96
8065,2026-02-23,2464.55
8065,2026-03-02,2319.23
8065,2026-03-09,2284.86
8065,2026-03-16,2420.37
8065,2026-03-23,2386.0
8065,2026-03-30,2412.0
8065,2026-04-06,2471.0
8065,2026-04-13,2736.0
8065,2026-04-20,2712.0
8065,2026-04-27,2774.0
8065,2026-05-04,3125.0
8065,2026-05-11,3120.0
8065,2026-05-18,3095.0
8065,2026-05-25,3240.0
8065,2026-06-01,3295.0
8065,2026-06-08,3150.0
8065,2026-06-15,3165.0
8065,2026-06-22,2875.0
8065,2026-06-29,2879.0
8065,2026-07-06,2990.0
8065,2026-07-13,2979.0
8065,2026-07-20,3030.0
8065,2026-07-27,3250.0
8065,2026-08-03,3595.0
8065,2026-08-10,3925.0
8066,2025-08-18,2080.04
8066,2025-08-25,2064.71
8066,2025-09-01,2079.09
8066,2025-09-08,2068.54
8066,2025-09-15,2103.05
8066,2025-09-22,2103.05
8066,2025-09-29,2183.26
8066,2025-10-06,2239.99
8066,2025-10-13,2191.08
8066,2025-10-20,2226.3
8066,2025-10-27,2269.34
8066,2025-11-03,2306.51
8066,2025-11-10,2327.05
8066,2025-11-17,2323.14
8066,2025-11-24,2332.92
8066,2025-12-01,2166.63
8066,2025-12-08,2216.52
8066,2025-12-15,2296.73
8066,2025-12-22,2215.54
8066,2025-12-29,2248.8
8066,2026-01-05,2210.65
8066,2026-01-12,2208.69
8066,2026-01-19,2166.63
8066,2026-01-26,2328.03
8066,2026-02-02,2445.41
8066,2026-02-09,2688.97
8066,2026-02-16,2553.98
8066,2026-02-23,2787.76
8066,2026-03-02,2581.37
8066,2026-03-09,2521.7
8066,2026-03-16,2419.97
8066,2026-03-23,2374.0
8066,2026-03-30,2359.0
8066,2026-04-06,2359.0
8066,2026-04-13,2370.0
8066,2026-04-20,2397.0
8066,2026-04-27,2666.0
8066,2026-05-04,2740.0
8066,2026-05-11,2718.0
8066,2026-05-18,2574.0
8066,2026-05-25,2481.0
8066,2026-06-01,2447.0
8066,2026-06-08,2491.0
8066,2026-06-15,2509.0
8066,2026-06-22,2507.0
8066,2026-06-29,2679.0
8066,2026-07-06,2751.0
8066,2026-07-13,2813.0
8066,2026-07-20,2785.0
8066,2026-07-27,2897.0
8066,2026-08-03,3145.0
8066,2026-08-10,3230.0
8104,2025-08-18,549.28
8104,2025-08-25,554.07
8104,2025-09-01,562.7
8104,2025-09-08,560.78
8104,2025-09-15,560.78
8104,2025-09-22,567.49
8104,2025-09-29,565.57
8104,2025-10-06,560.78
8104,2025-10-13,564.61
8104,2025-10-20,564.61
8104,2025-10-27,566.53
8104,2025-11-03,558.86
8104,2025-11-10,556.95
8104,2025-11-17,532.98
8104,2025-11-24,575.16
8104,2025-12-01,575.16
8104,2025-12-08,584.75
8104,2025-12-15,577.08
8104,2025-12-22,613.5
8104,2025-12-29,613.5
8104,2026-01-05,597.21
8104,2026-01-12,619.25
8104,2026-01-19,605.83
8104,2026-01-26,612.54
8104,2026-02-02,618.3
8104,2026-02-09,593.37
8104,2026-02-16,595.29
8104,2026-02-23,597.21
8104,2026-03-02,590.5
8104,2026-03-09,578.04
8104,2026-03-16,586.66
8104,2026-03-23,602.0
8104,2026-03-30,572.0
8104,2026-04-06,586.0
8104,2026-04-13,572.0
8104,2026-04-20,575.0
8104,2026-04-27,570.0
8104,2026-05-04,575.0
8104,2026-05-11,571.0
8104,2026-05-18,610.0
8104,2026-05-25,628.0
8104,2026-06-01,633.0
8104,2026-06-08,618.0
8104,2026-06-15,656.0
8104,2026-06-22,650.0
8104,2026-06-29,688.0
8104,2026-07-06,681.0
8104,2026-07-13,672.0
8104,2026-07-20,698.0
8104,2026-07-27,692.0
8104,2026-08-03,675.0
8104,2026-08-10,690.0
8137,2025-08-18,2467.51
8137,2025-08-25,2501.09
8137,2025-09-01,2517.4
8137,2025-09-08,2551.94
8137,2025-09-15,2582.64
8137,2025-09-22,2613.33
8137,2025-09-29,2573.11
8137,2025-10-06,2560.36
8137,2025-10-13,2588.81
8137,2025-10-20,2681.02
8137,2025-10-27,2630.01
8137,2025-11-03,2747.73
8137,2025-11-10,2748.71
8137,2025-11-17,2807.57
8137,2025-11-24,2873.3
8137,2025-12-01,2835.04
8137,2025-12-08,2828.17
8137,2025-12-15,2817.38
8137,2025-12-22,2864.47
8137,2025-12-29,2911.55
8137,2026-01-05,2942.94
8137,2026-01-12,3060.66
8137,2026-01-19,3021.42
8137,2026-01-26,2942.94
8137,2026-02-02,3119.52
8137,2026-02-09,3188.19
8137,2026-02-16,3247.05
8137,2026-02-23,3413.82
8137,2026-03-02,3232.33
8137,2026-03-09,3109.71
8137,2026-03-16,3099.9
8137,2026-03-23,3198.0
8137,2026-03-30,3135.0
8137,2026-04-06,3110.0
8137,2026-04-13,3210.0
8137,2026-04-20,3215.0
8137,2026-04-27,3185.0
8137,2026-05-04,3255.0
8137,2026-05-11,3680.0
8137,2026-05-18,3740.0
8137,2026-05-25,3850.0
8137,2026-06-01,3870.0
8137,2026-06-08,3645.0
8137,2026-06-15,3795.0
8137,2026-06-22,3605.0
8137,2026-06-29,3865.0
8137,2026-07-06,3870.0
8137,2026-07-13,3655.0
8137,2026-07-20,3840.0
8137,2026-07-27,3605.0
8137,2026-08-03,3970.0
8137,2026-08-10,4180.0
8159,2025-08-18,2904.56
8159,2025-08-25,2818.53
8159,2025-09-01,2899.72
8159,2025-09-08,2889.09
8159,2025-09-15,2849.46
8159,2025-09-22,2870.73
8159,2025-09-29,2769.46
8159,2025-10-06,2679.02
8159,2025-10-13,2678.03
8159,2025-10-20,2813.7
8159,2025-10-27,2787.16
8159,2025-11-03,2765.53
8159,2025-11-10,2823.54
8159,2025-11-17,2873.68
8159,2025-11-24,2926.76
8159,2025-12-01,2921.85
8159,2025-12-08,2978.87
8159,2025-12-15,3013.28
8159,2025-12-22,2998.53
8159,2025-12-29,3023.11
8159,2026-01-05,3131.25
8159,2026-01-12,3101.76
8159,2026-01-19,3067.35
8159,2026-01-26,2993.62
8159,2026-02-02,3072.27
8159,2026-02-09,3234.48
8159,2026-02-16,3327.88
8159,2026-02-23,3347.54
8159,2026-03-02,3018.19
8159,2026-03-09,2847.13
8159,2026-03-16,2822.55
8159,2026-03-23,2913.0
8159,2026-03-30,2915.0
8159,2026-04-06,2918.0
8159,2026-04-13,2921.0
8159,2026-04-20,2831.0
8159,2026-04-27,2885.0
8159,2026-05-04,3020.0
8159,2026-05-11,3085.0
8159,2026-05-18,3020.0
8159,2026-05-25,3205.0
8159,2026-06-01,3280.0
8159,2026-06-08,3040.0
8159,2026-06-15,3095.0
8159,2026-06-22,3185.0
8159,2026-06-29,3380.0
8159,2026-07-06,3365.0
8159,2026-07-13,3205.0
8159,2026-07-20,3365.0
8159,2026-07-27,3460.0
8159,2026-08-03,4105.0
8159,2026-08-10,4280.0
8281,2025-08-18,1110.95
8281,2025-08-25,1077.05
8281,2025-09-01,1116.76
8281,2025-09-08,1128.39
8281,2025-09-15,1142.91
8281,2025-09-22,1170.03
8281,2025-09-29,1081.09
8281,2025-10-06,1086.99
8281,2025-10-13,1104.68
8281,2025-10-20,1115.49
8281,2025-10-27,1072.25
8281,2025-11-03,1066.35
8281,2025-11-10,1053.57
8281,2025-11-17,1048.66
8281,2025-11-24,1037.85
8281,2025-12-01,1009.35
8281,2025-12-08,1007.38
8281,2025-12-15,1024.09
8281,2025-12-22,1045.71
8281,2025-12-29,1051.61
8281,2026-01-05,1071.26
8281,2026-01-12,1081.09
8281,2026-01-19,1071.26
8281,2026-01-26,1058.49
8281,2026-02-02,1073.23
8281,2026-02-09,1091.9
8281,2026-02-16,1091.9
8281,2026-02-23,1102.71
8281,2026-03-02,1065.37
8281,2026-03-09,1013.28
8281,2026-03-16,998.53
8281,2026-03-23,1000.5
8281,2026-03-30,1016.0
8281,2026-04-06,1010.0
8281,2026-04-13,1016.0
8281,2026-04-20,993.0
8281,2026-04-27,988.0
8281,2026-05-04,964.0
8281,2026-05-11,1000.0
8281,2026-05-18,1056.0
8281,2026-05-25,1058.0
8281,2026-06-01,1027.0
8281,2026-06-08,1070.0
8281,2026-06-15,1038.0
8281,2026-06-22,1066.0
8281,2026-06-29,1077.0
8281,2026-07-06,1091.0
8281,2026-07-13,1116.0
8281,2026-07-20,1100.0
8281,2026-07-27,1096.0
8281,2026-08-03,1110.0
8281,2026-08-10,1218.0
8304,2025-08-18,2286.66
8304,2025-08-25,2208.11
8304,2025-09-01,2187.87
8304,2025-09-08,2205.22
8304,2025-09-15,2274.61
8304,2025-09-22,2304.01
8304,2025-09-29,2286.5
8304,2025-10-06,2201.38
8304,2025-10-13,2144.96
8304,2025-10-20,2174.14
8304,2025-10-27,2145.44
8304,2025-11-03,2178.03
8304,2025-11-10,2374.53
8304,2025-11-17,2245.15
8304,2025-11-24,2349.24
8304,2025-12-01,2333.68
8304,2025-12-08,2297.2
8304,2025-12-15,2413.93
8304,2025-12-22,2432.41
8304,2025-12-29,2462.35
8304,2026-01-05,2521.23
8304,2026-01-12,2588.95
8304,2026-01-19,2479.52
8304,2026-01-26,2455.48
8304,2026-02-02,2743.52
8304,2026-02-09,2761.18
8304,2026-02-16,2823.99
8304,2026-02-23,2772.47
8304,2026-03-02,2549.2
8304,2026-03-09,2441.74
8304,2026-03-16,2438.3
8304,2026-03-23,2579.13
8304,2026-03-30,2616.78
8304,2026-04-06,2662.36
8304,2026-04-13,2638.09
8304,2026-04-20,2600.93
8304,2026-04-27,2502.84
8304,2026-05-04,2576.66
8304,2026-05-11,2695.06
8304,2026-05-18,2767.89
8304,2026-05-25,2646.01
8304,2026-06-01,2598.45
8304,2026-06-08,2719.33
8304,2026-06-15,2765.41
8304,2026-06-22,2701.5
8304,2026-06-29,2830.0
8304,2026-07-06,2907.5
8304,2026-07-13,2883.0
8304,2026-07-20,3034.0
8304,2026-07-27,3038.0
8304,2026-08-03,3259.0
8304,2026-08-10,3434.0
8308,2025-08-18,1486.09
8308,2025-08-25,1469.38
8308,2025-09-01,1451.2
8308,2025-09-08,1493.46
8308,2025-09-15,1465.94
8308,2025-09-22,1540.14
8308,2025-09-29,1471.2
8308,2025-10-06,1478.14
8308,2025-10-13,1391.34
8308,2025-10-20,1429.53
8308,2025-10-27,1481.61
8308,2025-11-03,1495.5
8308,2025-11-10,1578.83
8308,2025-11-17,1547.59
8308,2025-11-24,1576.85
8308,2025-12-01,1557.51
8308,2025-12-08,1541.63
8308,2025-12-15,1546.59
8308,2025-12-22,1490.05
8308,2025-12-29,1481.12
8308,2026-01-05,1613.06
8308,2026-01-12,1781.21
8308,2026-01-19,1802.54
8308,2026-01-26,1775.26
8308,2026-02-02,1997.97
8308,2026-02-09,2124.95
8308,2026-02-16,1964.74
8308,2026-02-23,1895.3
8308,2026-03-02,1796.59
8308,2026-03-09,1733.59
8308,2026-03-16,1753.43
8308,2026-03-23,1807.5
8308,2026-03-30,1823.0
8308,2026-04-06,1888.5
8308,2026-04-13,1966.0
8308,2026-04-20,1820.5
8308,2026-04-27,1927.0
8308,2026-05-04,1940.0
8308,2026-05-11,2042.0
8308,2026-05-18,2139.5
8308,2026-05-25,2039.5
8308,2026-06-01,2118.0
8308,2026-06-08,2147.0
8308,2026-06-15,2196.0
8308,2026-06-22,2102.0
8308,2026-06-29,2245.5
8308,2026-07-06,2335.5
8308,2026-07-13,2224.5
8308,2026-07-20,2365.5
8308,2026-07-27,2191.5
8308,2026-08-03,2313.0
8308,2026-08-10,2454.0
8331,2025-08-18,1483.94
8331,2025-08-25,1481.51
8331,2025-09-01,1478.1
8331,2025-09-08,1484.42
8331,2025-09-15,1479.56
8331,2025-09-22,1559.25
8331,2025-09-29,1495.62
8331,2025-10-06,1467.5
8331,2025-10-13,1410.28
8331,2025-10-20,1459.11
8331,2025-10-27,1485.26
8331,2025-11-03,1476.38
8331,2025-11-10,1540.01
8331,2025-11-17,1561.22
8331,2025-11-24,1622.39
8331,2025-12-01,1669.74
8331,2025-12-08,1686.52
8331,2025-12-15,1719.56
8331,2025-12-22,1743.74
8331,2025-12-29,1724.5
8331,2026-01-05,1861.63
8331,2026-01-12,2039.21
8331,2026-01-19,2022.44
8331,2026-01-26,2055.98
8331,2026-02-02,2303.6
8331,2026-02-09,2362.8
8331,2026-02-16,2351.45
8331,2026-02-23,2295.71
8331,2026-03-02,2088.04
8331,2026-03-09,2008.63
8331,2026-03-16,1976.56
8331,2026-03-23,2054.5
8331,2026-03-30,2138.0
8331,2026-04-06,2212.5
8331,2026-04-13,2189.0
8331,2026-04-20,2029.0
8331,2026-04-27,2154.0
8331,2026-05-04,2154.5
8331,2026-05-11,2280.0
8331,2026-05-18,2378.5
8331,2026-05-25,2326.0
8331,2026-06-01,2380.5
8331,2026-06-08,2430.5
8331,2026-06-15,2491.0
8331,2026-06-22,2464.0
8331,2026-06-29,2665.0
8331,2026-07-06,2753.5
8331,2026-07-13,2536.0
8331,2026-07-20,2755.5
8331,2026-07-27,2627.0
8331,2026-08-03,2666.0
8331,2026-08-10,2828.5
8334,2025-08-18,1525.41
8334,2025-08-25,1503.62
8334,2025-09-01,1521.05
8334,2025-09-08,1562.7
8334,2025-09-15,1514.76
8334,2025-09-22,1640.67
8334,2025-09-29,1580.52
8334,2025-10-06,1547.98
8334,2025-10-13,1503.12
8334,2025-10-20,1561.79
8334,2025-10-27,1578.55
8334,2025-11-03,1576.58
8334,2025-11-10,1613.06
8334,2025-11-17,1622.92
8334,2025-11-24,1710.18
8334,2025-12-01,1710.67
8334,2025-12-08,1701.8
8334,2025-12-15,1746.17
8334,2025-12-22,1701.8
8334,2025-12-29,1703.28
8334,2026-01-05,1786.1
8334,2026-01-12,1909.84
8334,2026-01-19,1922.16
8334,2026-01-26,1912.3
8334,2026-02-02,2142.53
8334,2026-02-09,2199.72
8334,2026-02-16,2174.57
8334,2026-02-23,2230.28
8334,2026-03-02,2104.08
8334,2026-03-09,2071.05
8334,2026-03-16,2095.2
8334,2026-03-23,2250.0
8334,2026-03-30,2231.5
8334,2026-04-06,2269.0
8334,2026-04-13,2214.0
8334,2026-04-20,2030.0
8334,2026-04-27,2157.0
8334,2026-05-04,2164.0
8334,2026-05-11,2232.0
8334,2026-05-18,2316.0
8334,2026-05-25,2260.0
8334,2026-06-01,2262.5
8334,2026-06-08,2343.5
8334,2026-06-15,2316.5
8334,2026-06-22,2334.0
8334,2026-06-29,2419.0
8334,2026-07-06,2492.5
8334,2026-07-13,2436.5
8334,2026-07-20,2609.0
8334,2026-07-27,2538.5
8334,2026-08-03,2595.0
8334,2026-08-10,2765.0
8336,2025-08-18,1263.04
8336,2025-08-25,1245.32
8336,2025-09-01,1243.7
8336,2025-09-08,1274.31
8336,2025-09-15,1263.04
8336,2025-09-22,1317.81
8336,2025-09-29,1316.17
8336,2025-10-06,1299.74
8336,2025-10-13,1296.45
8336,2025-10-20,1317.81
8336,2025-10-27,1363.82
8336,2025-11-03,1404.9
8336,2025-11-10,1449.26
8336,2025-11-17,1459.12
8336,2025-11-24,1534.71
8336,2025-12-01,1534.71
8336,2025-12-08,1524.85
8336,2025-12-15,1569.21
8336,2025-12-22,1575.79
8336,2025-12-29,1597.15
8336,2026-01-05,1685.88
8336,2026-01-12,1814.04
8336,2026-01-19,1846.91
8336,2026-01-26,1807.47
8336,2026-02-02,1968.5
8336,2026-02-09,2014.51
8336,2026-02-16,2083.52
8336,2026-02-23,2142.68
8336,2026-03-02,2014.51
8336,2026-03-09,1945.5
8336,2026-03-16,2060.52
8336,2026-03-23,2096.67
8336,2026-03-30,2194.0
8336,2026-04-06,2408.0
8336,2026-04-13,2381.0
8336,2026-04-20,2333.0
8336,2026-04-27,2388.0
8336,2026-05-04,2390.0
8336,2026-05-11,2438.0
8336,2026-05-18,2497.0
8336,2026-05-25,2423.0
8336,2026-06-01,2431.0
8336,2026-06-08,2513.0
8336,2026-06-15,2432.0
8336,2026-06-22,2519.0
8336,2026-06-29,2584.0
8336,2026-07-06,2621.0
8336,2026-07-13,2523.0
8336,2026-07-20,2741.0
8336,2026-07-27,2577.0
8336,2026-08-03,2654.0
8336,2026-08-10,2775.0
8337,2025-08-18,1541.33
8337,2025-08-25,1507.5
8337,2025-09-01,1552.28
8337,2025-09-08,1619.94
8337,2025-09-15,1584.12
8337,2025-09-22,1753.28
8337,2025-09-29,1582.13
8337,2025-10-06,1602.03
8337,2025-10-13,1560.24
8337,2025-10-20,1645.81
8337,2025-10-27,1601.03
8337,2025-11-03,1528.4
8337,2025-11-10,1516.46
8337,2025-11-17,1537.35
8337,2025-11-24,1636.86
8337,2025-12-01,1614.97
8337,2025-12-08,1661.73
8337,2025-12-15,1706.51
8337,2025-12-22,1686.61
8337,2025-12-29,1681.63
8337,2026-01-05,1787.11
8337,2026-01-12,1885.62
8337,2026-01-19,1929.4
8337,2026-01-26,1972.19
8337,2026-02-02,2189.11
8337,2026-02-09,2361.25
8337,2026-02-16,2374.19
8337,2026-02-23,2441.85
8337,2026-03-02,2158.26
8337,2026-03-09,2027.91
8337,2026-03-16,2026.92
8337,2026-03-23,2010.0
8337,2026-03-30,2117.0
8337,2026-04-06,2163.0
8337,2026-04-13,2169.0
8337,2026-04-20,1990.0
8337,2026-04-27,2124.0
8337,2026-05-04,2147.0
8337,2026-05-11,2246.0
8337,2026-05-18,2288.0
8337,2026-05-25,2277.0
8337,2026-06-01,2353.0
8337,2026-06-08,2375.0
8337,2026-06-15,2423.0
8337,2026-06-22,2358.0
8337,2026-06-29,2614.0
8337,2026-07-06,2706.0
8337,2026-07-13,2463.0
8337,2026-07-20,2715.0
8337,2026-07-27,2612.0
8337,2026-08-03,2575.0
8337,2026-08-10,2815.0
8338,2025-08-18,308.45
8338,2025-08-25,292.58
8338,2025-09-01,296.55
8338,2025-09-08,300.51
8338,2025-09-15,287.62
8338,2025-09-22,304.48
8338,2025-09-29,303.49
8338,2025-10-06,292.58
8338,2025-10-13,287.62
8338,2025-10-20,298.53
8338,2025-10-27,312.41
8338,2025-11-03,315.39
8338,2025-11-10,347.13
8338,2025-11-17,345.14
8338,2025-11-24,383.82
8338,2025-12-01,399.69
8338,2025-12-08,410.6
8338,2025-12-15,406.63
8338,2025-12-22,411.59
8338,2025-12-29,412.58
8338,2026-01-05,448.29
8338,2026-01-12,482.01
8338,2026-01-19,522.67
8338,2026-01-26,505.81
8338,2026-02-02,623.84
8338,2026-02-09,699.21
8338,2026-02-16,709.13
8338,2026-02-23,703.18
8338,2026-03-02,625.82
8338,2026-03-09,598.05
8338,2026-03-16,587.14
8338,2026-03-23,604.0
8338,2026-03-30,588.0
8338,2026-04-06,609.0
8338,2026-04-13,618.0
8338,2026-04-20,553.0
8338,2026-04-27,596.0
8338,2026-05-04,636.0
8338,2026-05-11,624.0
8338,2026-05-18,642.0
8338,2026-05-25,610.0
8338,2026-06-01,623.0
8338,2026-06-08,683.0
8338,2026-06-15,635.0
8338,2026-06-22,627.0
8338,2026-06-29,652.0
8338,2026-07-06,615.0
8338,2026-07-13,599.0
8338,2026-07-20,670.0
8338,2026-07-27,622.0
8338,2026-08-03,657.0
8338,2026-08-10,755.0
8341,2025-08-18,1853.6
8341,2025-08-25,1839.75
8341,2025-09-01,1827.5
8341,2025-09-08,1880.03
8341,2025-09-15,1875.19
8341,2025-09-22,2016.99
8341,2025-09-29,2007.8
8341,2025-10-06,1905.73
8341,2025-10-13,1867.34
8341,2025-10-20,2045.21
8341,2025-10-27,2170.9
8341,2025-11-03,2186.0
8341,2025-11-10,2259.51
8341,2025-11-17,2266.73
8341,2025-11-24,2369.12
8341,2025-12-01,2447.88
8341,2025-12-08,2440.67
8341,2025-12-15,2502.69
8341,2025-12-22,2482.34
8341,2025-12-29,2474.8
8341,2026-01-05,2644.46
8341,2026-01-12,2849.25
8341,2026-01-19,2864.02
8341,2026-01-26,2775.08
8341,2026-02-02,2999.23
8341,2026-02-09,3160.69
8341,2026-02-16,3225.34
8341,2026-02-23,3228.29
8341,2026-03-02,3020.89
8341,2026-03-09,2980.19
8341,2026-03-16,2969.36
8341,2026-03-23,3119.67
8341,2026-03-30,3211.0
8341,2026-04-06,3262.0
8341,2026-04-13,3279.0
8341,2026-04-20,2929.5
8341,2026-04-27,3004.0
8341,2026-05-04,2987.5
8341,2026-05-11,3141.0
8341,2026-05-18,3201.0
8341,2026-05-25,3154.0
8341,2026-06-01,3174.0
8341,2026-06-08,3267.0
8341,2026-06-15,3317.0
8341,2026-06-22,3335.0
8341,2026-06-29,3519.0
8341,2026-07-06,3515.0
8341,2026-07-13,3311.0
8341,2026-07-20,3631.0
8341,2026-07-27,3495.0
8341,2026-08-03,3661.0
8341,2026-08-10,3837.0
8343,2025-08-18,3451.65
8343,2025-08-25,3384.44
8343,2025-09-01,3365.24
8343,2025-09-08,3456.45
8343,2025-09-15,3365.24
8343,2025-09-22,3451.65
8343,2025-09-29,3427.14
8343,2025-10-06,3378.11
8343,2025-10-13,3387.91
8343,2025-10-20,3505.58
8343,2025-10-27,3584.03
8343,2025-11-03,3637.96
8343,2025-11-10,3672.28
8343,2025-11-17,3672.28
8343,2025-11-24,3799.76
8343,2025-12-01,3868.4
8343,2025-12-08,3843.88
8343,2025-12-15,3888.01
8343,2025-12-22,3897.82
8343,2025-12-29,3946.84
8343,2026-01-05,4226.31
8343,2026-01-12,4549.9
8343,2026-01-19,4633.25
8343,2026-01-26,4971.55
8343,2026-02-02,5314.76
8343,2026-02-09,5383.4
8343,2026-02-16,5442.23
8343,2026-02-23,5501.07
8343,2026-03-02,5099.03
8343,2026-03-09,4902.91
8343,2026-03-16,4902.91
8343,2026-03-23,5050.0
8343,2026-03-30,5100.0
8343,2026-04-06,5490.0
8343,2026-04-13,5820.0
8343,2026-04-20,5220.0
8343,2026-04-27,5390.0
8343,2026-05-04,5480.0
8343,2026-05-11,5790.0
8343,2026-05-18,6140.0
8343,2026-05-25,5990.0
8343,2026-06-01,5920.0
8343,2026-06-08,6350.0
8343,2026-06-15,6170.0
8343,2026-06-22,6800.0
8343,2026-06-29,7060.0
8343,2026-07-06,7140.0
8343,2026-07-13,6830.0
8343,2026-07-20,7670.0
8343,2026-07-27,7260.0
8343,2026-08-03,8030.0
8343,2026-08-10,8550.0
8344,2025-08-18,1576.81
8344,2025-08-25,1537.39
8344,2025-09-01,1545.08
8344,2025-09-08,1580.66
8344,2025-09-15,1559.51
8344,2025-09-22,1633.54
8344,2025-09-29,1612.03
8344,2025-10-06,1564.13
8344,2025-10-13,1547.51
8344,2025-10-20,1583.68
8344,2025-10-27,1641.36
8344,2025-11-03,1662.87
8344,2025-11-10,1711.75
8344,2025-11-17,1717.61
8344,2025-11-24,1824.17
8344,2025-12-01,1783.11
8344,2025-12-08,1784.09
8344,2025-12-15,1841.76
8344,2025-12-22,1859.36
8344,2025-12-29,1890.64
8344,2026-01-05,2013.82
8344,2026-01-12,2104.73
8344,2026-01-19,2142.86
8344,2026-01-26,2158.5
8344,2026-02-02,2356.95
8344,2026-02-09,2595.48
8344,2026-02-16,2627.74
8344,2026-02-23,2668.8
8344,2026-03-02,2492.83
8344,2026-03-09,2349.13
8344,2026-03-16,2332.51
8344,2026-03-23,2442.0
8344,2026-03-30,2510.0
8344,2026-04-06,2678.0
8344,2026-04-13,2786.0
8344,2026-04-20,2415.0
8344,2026-04-27,2503.0
8344,2026-05-04,2515.0
8344,2026-05-11,2655.0
8344,2026-05-18,3055.0
8344,2026-05-25,3095.0
8344,2026-06-01,3075.0
8344,2026-06-08,3495.0
8344,2026-06-15,3370.0
8344,2026-06-22,3365.0
8344,2026-06-29,3965.0
8344,2026-07-06,3690.0
8344,2026-07-13,3615.0
8344,2026-07-20,4000.0
8344,2026-07-27,3740.0
8344,2026-08-03,4230.0
8344,2026-08-10,4575.0
8345,2025-08-18,909.96
8345,2025-08-25,894.38
8345,2025-09-01,902.77
8345,2025-09-08,917.15
8345,2025-09-15,897.97
8345,2025-09-22,925.55
8345,2025-09-29,920.87
8345,2025-10-06,914.73
8345,2025-10-13,952.84
8345,2025-10-20,962.68
8345,2025-10-27,995.87
8345,2025-11-03,992.18
8345,2025-11-10,1168.0
8345,2025-11-17,1152.02
8345,2025-11-24,1215.95
8345,2025-12-01,1214.72
8345,2025-12-08,1229.47
8345,2025-12-15,1236.85
8345,2025-12-22,1258.98
8345,2025-12-29,1278.65
8345,2026-01-05,1372.09
8345,2026-01-12,1504.87
8345,2026-01-19,1544.22
8345,2026-01-26,1499.96
8345,2026-02-02,1627.82
8345,2026-02-09,1664.71
8345,2026-02-16,1686.84
8345,2026-02-23,1745.85
8345,2026-03-02,1652.41
8345,2026-03-09,1583.56
8345,2026-03-16,1583.56
8345,2026-03-23,1677.0
8345,2026-03-30,1661.0
8345,2026-04-06,1802.0
8345,2026-04-13,2030.0
8345,2026-04-20,1821.0
8345,2026-04-27,1956.0
8345,2026-05-04,1940.0
8345,2026-05-11,1877.0
8345,2026-05-18,1955.0
8345,2026-05-25,1867.0
8345,2026-06-01,1907.0
8345,2026-06-08,2067.0
8345,2026-06-15,1941.0
8345,2026-06-22,2030.0
8345,2026-06-29,2161.0
8345,2026-07-06,2083.0
8345,2026-07-13,2058.0
8345,2026-07-20,2270.0
8345,2026-07-27,2155.0
8345,2026-08-03,2358.0
8345,2026-08-10,2444.0
8346,2025-08-18,390.96
8346,2025-08-25,386.11
8346,2025-09-01,403.57
8346,2025-09-08,421.03
8346,2025-09-15,414.24
8346,2025-09-22,442.38
8346,2025-09-29,427.6
8346,2025-10-06,426.61
8346,2025-10-13,433.51
8346,2025-10-20,446.32
8346,2025-10-27,449.27
8346,2025-11-03,450.26
8346,2025-11-10,467.99
8346,2025-11-17,468.98
8346,2025-11-24,501.49
8346,2025-12-01,509.37
8346,2025-12-08,512.33
8346,2025-12-15,529.08
8346,2025-12-22,523.17
8346,2025-12-29,533.02
8346,2026-01-05,550.76
8346,2026-01-12,603.96
8346,2026-01-19,599.03
8346,2026-01-26,592.14
8346,2026-02-02,669.97
8346,2026-02-09,724.16
8346,2026-02-16,703.47
8346,2026-02-23,716.28
8346,2026-03-02,653.22
8346,2026-03-09,622.68
8346,2026-03-16,651.25
8346,2026-03-23,668.0
8346,2026-03-30,681.0
8346,2026-04-06,701.0
8346,2026-04-13,704.0
8346,2026-04-20,650.0
8346,2026-04-27,666.0
8346,2026-05-04,693.0
8346,2026-05-11,705.0
8346,2026-05-18,773.0
8346,2026-05-25,752.0
8346,2026-06-01,750.0
8346,2026-06-08,777.0
8346,2026-06-15,751.0
8346,2026-06-22,774.0
8346,2026-06-29,818.0
8346,2026-07-06,820.0
8346,2026-07-13,813.0
8346,2026-07-20,904.0
8346,2026-07-27,860.0
8346,2026-08-03,942.0
8346,2026-08-10,1003.0
8354,2025-08-18,4364.45
8354,2025-08-25,4314.2
8354,2025-09-01,4307.43
8354,2025-09-08,4341.26
8354,2025-09-15,4209.82
8354,2025-09-22,4377.98
8354,2025-09-29,4264.72
8354,2025-10-06,4261.76
8354,2025-10-13,4180.01
8354,2025-10-20,4264.72
8354,2025-10-27,4417.38
8354,2025-11-03,4391.77
8354,2025-11-10,4478.44
8354,2025-11-17,4598.61
8354,2025-11-24,4734.52
8354,2025-12-01,4806.42
8354,2025-12-08,4965.98
8354,2025-12-15,5016.21
8354,2025-12-22,4979.77
8354,2025-12-29,4990.6
8354,2026-01-05,5260.47
8354,2026-01-12,5585.5
8354,2026-01-19,5539.21
8354,2026-01-26,5516.55
8354,2026-02-02,6762.48
8354,2026-02-09,7022.5
8354,2026-02-16,6704.37
8354,2026-02-23,6739.83
8354,2026-03-02,6075.0
8354,2026-03-09,6007.05
8354,2026-03-16,5997.2
8354,2026-03-23,6206.0
8354,2026-03-30,6320.0
8354,2026-04-06,6556.0
8354,2026-04-13,6520.0
8354,2026-04-20,6090.0
8354,2026-04-27,6415.0
8354,2026-05-04,6371.0
8354,2026-05-11,6612.0
8354,2026-05-18,6657.0
8354,2026-05-25,6556.0
8354,2026-06-01,6797.0
8354,2026-06-08,6867.0
8354,2026-06-15,6974.0
8354,2026-06-22,6861.0
8354,2026-06-29,7221.0
8354,2026-07-06,7286.0
8354,2026-07-13,7081.0
8354,2026-07-20,7646.0
8354,2026-07-27,7360.0
8354,2026-08-03,7544.0
8354,2026-08-10,7730.0
8358,2025-08-18,1450.93
8358,2025-08-25,1436.41
8358,2025-09-01,1470.29
8358,2025-09-08,1492.55
8358,2025-09-15,1460.61
8358,2025-09-22,1526.43
8358,2025-09-29,1544.1
8358,2025-10-06,1464.58
8358,2025-10-13,1427.28
8358,2025-10-20,1482.25
8358,2025-10-27,1512.68
8358,2025-11-03,1492.07
8358,2025-11-10,1532.32
8358,2025-11-17,1551.95
8358,2025-11-24,1650.11
8358,2025-12-01,1650.11
8358,2025-12-08,1674.65
8358,2025-12-15,1698.21
8358,2025-12-22,1671.71
8358,2025-12-29,1677.6
8358,2026-01-05,1757.11
8358,2026-01-12,1897.48
8358,2026-01-19,1946.56
8358,2026-01-26,1903.37
8358,2026-02-02,2016.26
8358,2026-02-09,2074.17
8358,2026-02-16,2108.53
8358,2026-02-23,2083.99
8358,2026-03-02,1922.02
8358,2026-03-09,1869.01
8358,2026-03-16,1874.9
8358,2026-03-23,2030.0
8358,2026-03-30,2091.0
8358,2026-04-06,2270.0
8358,2026-04-13,2290.0
8358,2026-04-20,2253.0
8358,2026-04-27,2266.0
8358,2026-05-04,2217.0
8358,2026-05-11,2336.0
8358,2026-05-18,2370.0
8358,2026-05-25,2317.0
8358,2026-06-01,2266.0
8358,2026-06-08,2354.0
8358,2026-06-15,2397.0
8358,2026-06-22,2384.0
8358,2026-06-29,2540.0
8358,2026-07-06,2569.0
8358,2026-07-13,2545.0
8358,2026-07-20,2745.0
8358,2026-07-27,2605.0
8358,2026-08-03,2735.0
8358,2026-08-10,2897.0
8359,2025-08-18,1395.0
8359,2025-08-25,1399.84
8359,2025-09-01,1393.55
8359,2025-09-08,1445.82
8359,2025-09-15,1437.11
8359,2025-09-22,1519.4
8359,2025-09-29,1453.21
8359,2025-10-06,1425.26
8359,2025-10-13,1388.98
8359,2025-10-20,1443.4
8359,2025-10-27,1523.32
8359,2025-11-03,1528.71
8359,2025-11-10,1537.05
8359,2025-11-17,1543.91
8359,2025-11-24,1640.99
8359,2025-12-01,1676.78
8359,2025-12-08,1640.01
8359,2025-12-15,1666.48
8359,2025-12-22,1643.93
8359,2025-12-29,1664.52
8359,2026-01-05,1762.58
8359,2026-01-12,1889.56
8359,2026-01-19,1915.55
8359,2026-01-26,1887.6
8359,2026-02-02,2051.85
8359,2026-02-09,2040.08
8359,2026-02-16,2050.87
8359,2026-02-23,2039.1
8359,2026-03-02,1922.41
8359,2026-03-09,1904.76
8359,2026-03-16,1921.92
8359,2026-03-23,2019.0
8359,2026-03-30,2027.5
8359,2026-04-06,2105.5
8359,2026-04-13,2104.0
8359,2026-04-20,2027.5
8359,2026-04-27,2094.5
8359,2026-05-04,2201.5
8359,2026-05-11,2388.0
8359,2026-05-18,2335.0
8359,2026-05-25,2323.5
8359,2026-06-01,2380.5
8359,2026-06-08,2342.5
8359,2026-06-15,2347.0
8359,2026-06-22,2387.0
8359,2026-06-29,2529.5
8359,2026-07-06,2551.0
8359,2026-07-13,2456.5
8359,2026-07-20,2674.0
8359,2026-07-27,2508.0
8359,2026-08-03,2607.0
8359,2026-08-10,2698.0
8360,2025-08-18,3051.04
8360,2025-08-25,2997.76
8360,2025-09-01,3002.61
8360,2025-09-08,3080.09
8360,2025-09-15,3021.98
8360,2025-09-22,3147.89
8360,2025-09-29,3107.45
8360,2025-10-06,3127.18
8360,2025-10-13,3127.18
8360,2025-10-20,3151.84
8360,2025-10-27,3240.62
8360,2025-11-03,3319.54
8360,2025-11-10,3418.19
8360,2025-11-17,3437.92
8360,2025-11-24,3719.07
8360,2025-12-01,3867.05
8360,2025-12-08,3802.93
8360,2025-12-15,3931.17
8360,2025-12-22,3857.18
8360,2025-12-29,3985.43
8360,2026-01-05,4232.05
8360,2026-01-12,4774.62
8360,2026-01-19,4828.88
8360,2026-01-26,4666.1
8360,2026-02-02,5188.95
8360,2026-02-09,5267.86
8360,2026-02-16,5346.78
8360,2026-02-23,5435.57
8360,2026-03-02,5011.38
8360,2026-03-09,4754.89
8360,2026-03-16,4833.81
8360,2026-03-23,5258.0
8360,2026-03-30,5400.0
8360,2026-04-06,5870.0
8360,2026-04-13,5840.0
8360,2026-04-20,5170.0
8360,2026-04-27,5390.0
8360,2026-05-04,5370.0
8360,2026-05-11,5990.0
8360,2026-05-18,5970.0
8360,2026-05-25,5870.0
8360,2026-06-01,5920.0
8360,2026-06-08,6120.0
8360,2026-06-15,5800.0
8360,2026-06-22,6150.0
8360,2026-06-29,6480.0
8360,2026-07-06,6510.0
8360,2026-07-13,6190.0
8360,2026-07-20,7090.0
8360,2026-07-27,6440.0
8360,2026-08-03,7070.0
8360,2026-08-10,7480.0
8361,2025-08-18,3077.77
8361,2025-08-25,3043.84
8361,2025-09-01,3072.92
8361,2025-09-08,3203.79
8361,2025-09-15,3189.25
8361,2025-09-22,3378.28
8361,2025-09-29,3333.96
8361,2025-10-06,3471.85
8361,2025-10-13,3457.07
8361,2025-10-20,3629.43
8361,2025-10-27,3634.36
8361,2025-11-03,3668.83
8361,2025-11-10,3678.68
8361,2025-11-17,3742.7
8361,2025-11-24,4151.44
8361,2025-12-01,4323.8
8361,2025-12-08,4249.93
8361,2025-12-15,4560.18
8361,2025-12-22,4638.98
8361,2025-12-29,4619.28
8361,2026-01-05,5141.29
8361,2026-01-12,5594.35
8361,2026-01-19,5771.63
8361,2026-01-26,5545.1
8361,2026-02-02,6017.87
8361,2026-02-09,6205.0
8361,2026-02-16,6392.13
8361,2026-02-23,6736.86
8361,2026-03-02,6313.34
8361,2026-03-09,5929.22
8361,2026-03-16,6008.02
8361,2026-03-23,6205.0
8361,2026-03-30,6290.0
8361,2026-04-06,6910.0
8361,2026-04-13,7100.0
8361,2026-04-20,6780.0
8361,2026-04-27,7040.0
8361,2026-05-04,7090.0
8361,2026-05-11,7410.0
8361,2026-05-18,7750.0
8361,2026-05-25,7220.0
8361,2026-06-01,7280.0
8361,2026-06-08,7370.0
8361,2026-06-15,7090.0
8361,2026-06-22,7320.0
8361,2026-06-29,7850.0
8361,2026-07-06,7860.0
8361,2026-07-13,7350.0
8361,2026-07-20,8120.0
8361,2026-07-27,7210.0
8361,2026-08-03,7560.0
8361,2026-08-10,8050.0
8362,2025-08-18,1941.21
8362,2025-08-25,1916.15
8362,2025-09-01,1936.39
8362,2025-09-08,1941.21
8362,2025-09-15,1929.65
8362,2025-09-22,2078.08
8362,2025-09-29,2060.5
8362,2025-10-06,2008.71
8362,2025-10-13,1997.97
8362,2025-10-20,2070.27
8362,2025-10-27,2124.0
8362,2025-11-03,2136.7
8362,2025-11-10,2146.47
8362,2025-11-17,2155.27
8362,2025-11-24,2351.64
8362,2025-12-01,2353.6
8362,2025-12-08,2323.31
8362,2025-12-15,2387.79
8362,2025-12-22,2469.86
8362,2025-12-29,2531.41
8362,2026-01-05,2681.87
8362,2026-01-12,2775.66
8362,2026-01-19,2812.79
8362,2026-01-26,2846.98
8362,2026-02-02,3165.48
8362,2026-02-09,3326.69
8362,2026-02-16,3341.34
8362,2026-02-23,3448.81
8362,2026-03-02,3292.49
8362,2026-03-09,3189.91
8362,2026-03-16,3272.95
8362,2026-03-23,3356.0
8362,2026-03-30,3345.0
8362,2026-04-06,3555.0
8362,2026-04-13,3875.0
8362,2026-04-20,3460.0
8362,2026-04-27,3765.0
8362,2026-05-04,3940.0
8362,2026-05-11,4450.0
8362,2026-05-18,4645.0
8362,2026-05-25,4590.0
8362,2026-06-01,5390.0
8362,2026-06-08,5340.0
8362,2026-06-15,4960.0
8362,2026-06-22,5440.0
8362,2026-06-29,6010.0
8362,2026-07-06,5760.0
8362,2026-07-13,5630.0
8362,2026-07-20,6180.0
8362,2026-07-27,5680.0
8362,2026-08-03,6180.0
8362,2026-08-10,6720.0
8364,2025-08-18,1804.08
8364,2025-08-25,1845.97
8364,2025-09-01,1906.36
8364,2025-09-08,2030.08
8364,2025-09-15,1956.05
8364,2025-09-22,2019.36
8364,2025-09-29,1991.69
8364,2025-10-06,1976.86
8364,2025-10-13,1982.79
8364,2025-10-20,1989.71
8364,2025-10-27,1991.69
8364,2025-11-03,2032.21
8364,2025-11-10,2008.49
8364,2025-11-17,2076.69
8364,2025-11-24,2164.66
8364,2025-12-01,2132.04
8364,2025-12-08,2172.57
8364,2025-12-15,2214.08
8364,2025-12-22,2429.56
8364,2025-12-29,2402.87
8364,2026-01-05,2481.95
8364,2026-01-12,2535.32
8364,2026-01-19,2498.75
8364,2026-01-26,2480.96
8364,2026-02-02,2740.92
8364,2026-02-09,2761.67
8364,2026-02-16,2817.03
8364,2026-02-23,2891.16
8364,2026-03-02,2734.0
8364,2026-03-09,2531.37
8364,2026-03-16,2520.5
8364,2026-03-23,2563.0
8364,2026-03-30,2502.0
8364,2026-04-06,2509.0
8364,2026-04-13,2586.0
8364,2026-04-20,2514.0
8364,2026-04-27,2512.0
8364,2026-05-04,2606.0
8364,2026-05-11,2645.0
8364,2026-05-18,2546.0
8364,2026-05-25,2499.0
8364,2026-06-01,2427.0
8364,2026-06-08,2440.0
8364,2026-06-15,2459.0
8364,2026-06-22,2350.0
8364,2026-06-29,2480.0
8364,2026-07-06,2636.0
8364,2026-07-13,2491.0
8364,2026-07-20,2787.0
8364,2026-07-27,2681.0
8364,2026-08-03,2793.0
8364,2026-08-10,3075.0
8367,2025-08-18,973.34
8367,2025-08-25,959.82
8367,2025-09-01,949.2
8367,2025-09-08,962.72
8367,2025-09-15,951.13
8367,2025-09-22,988.79
8367,2025-09-29,955.34
8367,2025-10-06,945.5
8367,2025-10-13,950.42
8367,2025-10-20,982.89
8367,2025-10-27,1009.45
8367,2025-11-03,1023.23
8367,2025-11-10,1040.94
8367,2025-11-17,1046.84
8367,2025-11-24,1113.74
8367,2025-12-01,1135.39
8367,2025-12-08,1137.35
8367,2025-12-15,1157.03
8367,2025-12-22,1151.13
8367,2025-12-29,1172.77
8367,2026-01-05,1221.97
8367,2026-01-12,1322.32
8367,2026-01-19,1340.03
8367,2026-01-26,1310.52
8367,2026-02-02,1414.81
8367,2026-02-09,1473.84
8367,2026-02-16,1473.84
8367,2026-02-23,1505.32
8367,2026-03-02,1442.35
8367,2026-03-09,1395.13
8367,2026-03-16,1403.0
8367,2026-03-23,1464.0
8367,2026-03-30,1466.0
8367,2026-04-06,1526.0
8367,2026-04-13,1561.0
8367,2026-04-20,1448.0
8367,2026-04-27,1466.0
8367,2026-05-04,1619.0
8367,2026-05-11,1655.0
8367,2026-05-18,1762.0
8367,2026-05-25,1686.0
8367,2026-06-01,1672.0
8367,2026-06-08,1780.0
8367,2026-06-15,1726.0
8367,2026-06-22,1756.0
8367,2026-06-29,1850.0
8367,2026-07-06,1859.0
8367,2026-07-13,1791.0
8367,2026-07-20,1922.0
8367,2026-07-27,1720.0
8367,2026-08-03,1808.0
8367,2026-08-10,1941.0
8368,2025-08-18,817.06
8368,2025-08-25,811.23
8368,2025-09-01,836.52
8368,2025-09-08,867.64
8368,2025-09-15,857.92
8368,2025-09-22,893.9
8368,2025-09-29,891.93
8368,2025-10-06,884.04
8368,2025-10-13,918.57
8368,2025-10-20,920.54
8368,2025-10-27,942.25
8368,2025-11-03,938.3
8368,2025-11-10,956.06
8368,2025-11-17,980.73
8368,2025-11-24,1029.08
8368,2025-12-01,1035.98
8368,2025-12-08,1077.42
8368,2025-12-15,1111.95
8368,2025-12-22,1107.02
8368,2025-12-29,1130.7
8368,2026-01-05,1194.83
8368,2026-01-12,1313.23
8368,2026-01-19,1464.19
8368,2026-01-26,1384.27
8368,2026-02-02,1498.72
8368,2026-02-09,1536.21
8368,2026-02-16,1536.21
8368,2026-02-23,1677.3
8368,2026-03-02,1553.97
8368,2026-03-09,1507.6
8368,2026-03-16,1483.92
8368,2026-03-23,1552.0
8368,2026-03-30,1596.0
8368,2026-04-06,1805.0
8368,2026-04-13,1887.0
8368,2026-04-20,1692.0
8368,2026-04-27,1811.0
8368,2026-05-04,1809.0
8368,2026-05-11,1953.0
8368,2026-05-18,1972.0
8368,2026-05-25,1906.0
8368,2026-06-01,1924.0
8368,2026-06-08,1945.0
8368,2026-06-15,1890.0
8368,2026-06-22,1960.0
8368,2026-06-29,2081.0
8368,2026-07-06,2064.0
8368,2026-07-13,1924.0
8368,2026-07-20,2080.0
8368,2026-07-27,2017.0
8368,2026-08-03,2121.0
8368,2026-08-10,2308.0
8370,2025-08-18,2821.08
8370,2025-08-25,2795.12
8370,2025-09-01,2829.74
8370,2025-09-08,2918.2
8370,2025-09-15,2839.35
8370,2025-09-22,2873.97
8370,2025-09-29,2796.51
8370,2025-10-06,2768.07
8370,2025-10-13,2778.86
8370,2025-10-20,2923.98
8370,2025-10-27,2941.63
8370,2025-11-03,3005.36
8370,2025-11-10,2921.03
8370,2025-11-17,2892.6
8370,2025-11-24,3010.26
8370,2025-12-01,3049.49
8370,2025-12-08,3083.8
8370,2025-12-15,3191.66
8370,2025-12-22,3181.86
8370,2025-12-29,3196.57
8370,2026-01-05,3333.84
8370,2026-01-12,3500.53
8370,2026-01-19,3637.81
8370,2026-01-26,3696.64
8370,2026-02-02,4005.51
8370,2026-02-09,4083.96
8370,2026-02-16,4186.91
8370,2026-02-23,4201.62
8370,2026-03-02,3995.71
8370,2026-03-09,3789.79
8370,2026-03-16,3819.21
8370,2026-03-23,3981.0
8370,2026-03-30,4020.0
8370,2026-04-06,4210.0
8370,2026-04-13,4140.0
8370,2026-04-20,3885.0
8370,2026-04-27,4155.0
8370,2026-05-04,4200.0
8370,2026-05-11,4405.0
8370,2026-05-18,4525.0
8370,2026-05-25,4240.0
8370,2026-06-01,4320.0
8370,2026-06-08,4515.0
8370,2026-06-15,4430.0
8370,2026-06-22,4460.0
8370,2026-06-29,4550.0
8370,2026-07-06,4605.0
8370,2026-07-13,4550.0
8370,2026-07-20,4945.0
8370,2026-07-27,4690.0
8370,2026-08-03,4845.0
8370,2026-08-10,5070.0
8377,2025-08-18,3524.83
8377,2025-08-25,3664.65
8377,2025-09-01,3647.05
8377,2025-09-08,3781.0
8377,2025-09-15,3649.98
8377,2025-09-22,3799.58
8377,2025-09-29,3686.81
8377,2025-10-06,3647.24
8377,2025-10-13,3480.07
8377,2025-10-20,3549.31
8377,2025-10-27,3738.25
8377,2025-11-03,4071.62
8377,2025-11-10,4165.59
8377,2025-11-17,4352.55
8377,2025-11-24,4393.11
8377,2025-12-01,4414.88
8377,2025-12-08,4395.09
8377,2025-12-15,4517.75
8377,2025-12-22,4565.24
8377,2025-12-29,4540.51
8377,2026-01-05,4915.42
8377,2026-01-12,5325.94
8377,2026-01-19,5298.25
8377,2026-01-26,5242.85
8377,2026-02-02,5832.42
8377,2026-02-09,6136.11
8377,2026-02-16,6163.81
8377,2026-02-23,6183.6
8377,2026-03-02,5965.97
8377,2026-03-09,5686.02
8377,2026-03-16,5693.93
8377,2026-03-23,5963.0
8377,2026-03-30,6203.0
8377,2026-04-06,6271.0
8377,2026-04-13,6301.0
8377,2026-04-20,5602.0
8377,2026-04-27,5939.0
8377,2026-05-04,6077.0
8377,2026-05-11,6454.0
8377,2026-05-18,6787.0
8377,2026-05-25,6456.0
8377,2026-06-01,6429.0
8377,2026-06-08,6505.0
8377,2026-06-15,6415.0
8377,2026-06-22,6703.0
8377,2026-06-29,7270.0
8377,2026-07-06,7510.0
8377,2026-07-13,6966.0
8377,2026-07-20,7714.0
8377,2026-07-27,7469.0
8377,2026-08-03,8053.0
8377,2026-08-10,8592.0
8381,2025-08-18,1309.23
8381,2025-08-25,1297.68
8381,2025-09-01,1310.19
8381,2025-09-08,1318.85
8381,2025-09-15,1321.74
8381,2025-09-22,1371.8
8381,2025-09-29,1304.05
8381,2025-10-06,1302.08
8381,2025-10-13,1290.3
8381,2025-10-20,1320.74
8381,2025-10-27,1330.56
8381,2025-11-03,1336.45
8381,2025-11-10,1376.71
8381,2025-11-17,1374.75
8381,2025-11-24,1426.79
8381,2025-12-01,1430.72
8381,2025-12-08,1425.81
8381,2025-12-15,1451.34
8381,2025-12-22,1435.63
8381,2025-12-29,1462.14
8381,2026-01-05,1547.57
8381,2026-01-12,1596.67
8381,2026-01-19,1583.9
8381,2026-01-26,1549.54
8381,2026-02-02,1655.59
8381,2026-02-09,1720.4
8381,2026-02-16,1732.18
8381,2026-02-23,1738.07
8381,2026-03-02,1561.32
8381,2026-03-09,1660.5
8381,2026-03-16,1609.44
8381,2026-03-23,1742.0
8381,2026-03-30,1863.0
8381,2026-04-06,1985.0
8381,2026-04-13,1998.0
8381,2026-04-20,1793.0
8381,2026-04-27,1866.0
8381,2026-05-04,1887.0
8381,2026-05-11,1969.0
8381,2026-05-18,2113.0
8381,2026-05-25,2063.0
8381,2026-06-01,2094.0
8381,2026-06-08,2159.0
8381,2026-06-15,2186.0
8381,2026-06-22,2227.0
8381,2026-06-29,2391.0
8381,2026-07-06,2428.0
8381,2026-07-13,2341.0
8381,2026-07-20,2511.0
8381,2026-07-27,2336.0
8381,2026-08-03,2504.0
8381,2026-08-10,2631.0
8386,2025-08-18,1218.51
8386,2025-08-25,1204.04
8386,2025-09-01,1202.83
8386,2025-09-08,1228.17
8386,2025-09-15,1194.39
8386,2025-09-22,1259.53
8386,2025-09-29,1220.85
8386,2025-10-06,1222.08
8386,2025-10-13,1219.62
8386,2025-10-20,1251.65
8386,2025-10-27,1330.49
8386,2025-11-03,1411.8
8386,2025-11-10,1446.3
8386,2025-11-17,1473.4
8386,2025-11-24,1532.53
8386,2025-12-01,1530.07
8386,2025-12-08,1539.92
8386,2025-12-15,1591.66
8386,2025-12-22,1594.13
8386,2025-12-29,1640.94
8386,2026-01-05,1732.1
8386,2026-01-12,1921.82
8386,2026-01-19,2064.73
8386,2026-01-26,2057.34
8386,2026-02-02,2325.9
8386,2026-02-09,2365.32
8386,2026-02-16,2340.68
8386,2026-02-23,2407.21
8386,2026-03-02,2180.53
8386,2026-03-09,2101.69
8386,2026-03-16,2089.37
8386,2026-03-23,2148.5
8386,2026-03-30,2205.0
8386,2026-04-06,2322.0
8386,2026-04-13,2445.0
8386,2026-04-20,2275.0
8386,2026-04-27,2371.0
8386,2026-05-04,2360.0
8386,2026-05-11,2467.0
8386,2026-05-18,2559.0
8386,2026-05-25,2485.0
8386,2026-06-01,2438.0
8386,2026-06-08,2521.0
8386,2026-06-15,2388.0
8386,2026-06-22,2560.0
8386,2026-06-29,2669.0
8386,2026-07-06,2651.0
8386,2026-07-13,2628.0
8386,2026-07-20,2966.0
8386,2026-07-27,2846.0
8386,2026-08-03,2872.0
8386,2026-08-10,3085.0
8388,2025-08-18,3375.72
8388,2025-08-25,3366.02
8388,2025-09-01,3366.02
8388,2025-09-08,3463.03
8388,2025-09-15,3424.22
8388,2025-09-22,3560.03
8388,2025-09-29,3584.68
8388,2025-10-06,3495.93
8388,2025-10-13,3495.93
8388,2025-10-20,3545.24
8388,2025-10-27,3589.61
8388,2025-11-03,3643.85
8388,2025-11-10,3772.05
8388,2025-11-17,3860.81
8388,2025-11-24,4092.55
8388,2025-12-01,4161.59
8388,2025-12-08,4171.45
8388,2025-12-15,4289.79
8388,2025-12-22,4230.62
8388,2025-12-29,4324.3
8388,2026-01-05,4546.19
8388,2026-01-12,4916.0
8388,2026-01-19,4989.96
8388,2026-01-26,5118.16
8388,2026-02-02,5581.65
8388,2026-02-09,5709.85
8388,2026-02-16,5729.58
8388,2026-02-23,5907.08
8388,2026-03-02,5552.07
8388,2026-03-09,5384.42
8388,2026-03-16,5650.68
8388,2026-03-23,5877.5
8388,2026-03-30,6120.0
8388,2026-04-06,6510.0
8388,2026-04-13,6630.0
8388,2026-04-20,6170.0
8388,2026-04-27,6270.0
8388,2026-05-04,6160.0
8388,2026-05-11,6720.0
8388,2026-05-18,6870.0
8388,2026-05-25,6700.0
8388,2026-06-01,6750.0
8388,2026-06-08,6990.0
8388,2026-06-15,6820.0
8388,2026-06-22,7070.0
8388,2026-06-29,7540.0
8388,2026-07-06,7530.0
8388,2026-07-13,7630.0
8388,2026-07-20,8680.0
8388,2026-07-27,8340.0
8388,2026-08-03,8930.0
8388,2026-08-10,9320.0
8392,2025-08-18,980.86
8392,2025-08-25,954.54
8392,2025-09-01,948.69
8392,2025-09-08,976.96
8392,2025-09-15,960.39
8392,2025-09-22,998.41
8392,2025-09-29,1001.39
8392,2025-10-06,955.78
8392,2025-10-13,961.73
8392,2025-10-20,993.46
8392,2025-10-27,1009.32
8392,2025-11-03,1029.15
8392,2025-11-10,1064.84
8392,2025-11-17,1048.98
8392,2025-11-24,1156.06
8392,2025-12-01,1221.5
8392,2025-12-08,1219.51
8392,2025-12-15,1259.17
8392,2025-12-22,1237.36
8392,2025-12-29,1286.93
8392,2026-01-05,1384.1
8392,2026-01-12,1487.21
8392,2026-01-19,1598.26
8392,2026-01-26,1622.05
8392,2026-02-02,1867.94
8392,2026-02-09,1895.7
8392,2026-02-16,1917.51
8392,2026-02-23,1988.9
8392,2026-03-02,1963.12
8392,2026-03-09,1873.89
8392,2026-03-16,1893.72
8392,2026-03-23,1977.0
8392,2026-03-30,1873.0
8392,2026-04-06,2110.0
8392,2026-04-13,2164.0
8392,2026-04-20,1980.0
8392,2026-04-27,2103.0
8392,2026-05-04,2132.0
8392,2026-05-11,2209.0
8392,2026-05-18,2258.0
8392,2026-05-25,2254.0
8392,2026-06-01,2241.0
8392,2026-06-08,2390.0
8392,2026-06-15,2264.0
8392,2026-06-22,2336.0
8392,2026-06-29,2547.0
8392,2026-07-06,2509.0
8392,2026-07-13,2443.0
8392,2026-07-20,2790.0
8392,2026-07-27,2565.0
8392,2026-08-03,2712.0
8392,2026-08-10,2843.0
8393,2025-08-18,871.45
8393,2025-08-25,854.0
8393,2025-09-01,848.18
8393,2025-09-08,872.42
8393,2025-09-15,859.82
8393,2025-09-22,896.65
8393,2025-09-29,886.76
8393,2025-10-06,864.03
8393,2025-10-13,872.92
8393,2025-10-20,906.54
8393,2025-10-27,917.41
8393,2025-11-03,1008.36
8393,2025-11-10,1028.13
8393,2025-11-17,1020.22
8393,2025-11-24,1126.99
8393,2025-12-01,1178.4
8393,2025-12-08,1190.26
8393,2025-12-15,1227.83
8393,2025-12-22,1235.74
8393,2025-12-29,1293.07
8393,2026-01-05,1399.84
8393,2026-01-12,1494.75
8393,2026-01-19,1583.72
8393,2026-01-26,1536.27
8393,2026-02-02,1743.87
8393,2026-02-09,1872.39
8393,2026-02-16,1874.37
8393,2026-02-23,1921.82
8393,2026-03-02,1832.84
8393,2026-03-09,1741.89
8393,2026-03-16,1779.46
8393,2026-03-23,1906.0
8393,2026-03-30,1844.0
8393,2026-04-06,2017.0
8393,2026-04-13,2117.0
8393,2026-04-20,1929.0
8393,2026-04-27,1955.0
8393,2026-05-04,1952.0
8393,2026-05-11,1996.0
8393,2026-05-18,2050.0
8393,2026-05-25,1856.0
8393,2026-06-01,1943.0
8393,2026-06-08,2130.0
8393,2026-06-15,1998.0
8393,2026-06-22,2124.0
8393,2026-06-29,2222.0
8393,2026-07-06,2194.0
8393,2026-07-13,2147.0
8393,2026-07-20,2478.0
8393,2026-07-27,2339.0
8393,2026-08-03,2389.0
8393,2026-08-10,2497.0
8395,2025-08-18,2812.48
8395,2025-08-25,2836.78
8395,2025-09-01,2863.02
8395,2025-09-08,2964.09
8395,2025-09-15,2964.09
8395,2025-09-22,2998.1
8395,2025-09-29,2998.1
8395,2025-10-06,2993.16
8395,2025-10-13,3037.61
8395,2025-10-20,3111.7
8395,2025-10-27,3166.03
8395,2025-11-03,3175.91
8395,2025-11-10,3304.33
8395,2025-11-17,3353.72
8395,2025-11-24,3571.05
8395,2025-12-01,3694.53
8395,2025-12-08,3724.16
8395,2025-12-15,3832.83
8395,2025-12-22,3877.28
8395,2025-12-29,4000.76
8395,2026-01-05,4262.54
8395,2026-01-12,4519.38
8395,2026-01-19,4623.1
8395,2026-01-26,4534.19
8395,2026-02-02,4949.09
8395,2026-02-09,4998.48
8395,2026-02-16,5018.24
8395,2026-02-23,5117.02
8395,2026-03-02,4756.46
8395,2026-03-09,4608.28
8395,2026-03-16,4672.49
8395,2026-03-23,4875.0
8395,2026-03-30,4910.0
8395,2026-04-06,5240.0
8395,2026-04-13,5370.0
8395,2026-04-20,5050.0
8395,2026-04-27,5080.0
8395,2026-05-04,5080.0
8395,2026-05-11,5220.0
8395,2026-05-18,5290.0
8395,2026-05-25,5210.0
8395,2026-06-01,5280.0
8395,2026-06-08,5530.0
8395,2026-06-15,5130.0
8395,2026-06-22,5220.0
8395,2026-06-29,5470.0
8395,2026-07-06,5590.0
8395,2026-07-13,5340.0
8395,2026-07-20,5910.0
8395,2026-07-27,5600.0
8395,2026-08-03,5880.0
8395,2026-08-10,6380.0
8399,2025-08-18,1283.23
8399,2025-08-25,1266.98
8399,2025-09-01,1301.4
8399,2025-09-08,1372.16
8399,2025-09-15,1370.25
8399,2025-09-22,1416.15
8399,2025-09-29,1408.35
8399,2025-10-06,1380.11
8399,2025-10-13,1369.39
8399,2025-10-20,1530.1
8399,2025-10-27,1465.82
8399,2025-11-03,1480.43
8399,2025-11-10,1538.86
8399,2025-11-17,1571.98
8399,2025-11-24,1758.01
8399,2025-12-01,1728.79
8399,2025-12-08,1712.23
8399,2025-12-15,1784.3
8399,2025-12-22,1785.28
8399,2025-12-29,1801.84
8399,2026-01-05,1956.7
8399,2026-01-12,2101.82
8399,2026-01-19,2216.74
8399,2026-01-26,2142.72
8399,2026-02-02,2327.78
8399,2026-02-09,2402.77
8399,2026-02-16,2397.9
8399,2026-02-23,2389.14
8399,2026-03-02,2267.39
8399,2026-03-09,2210.9
8399,2026-03-16,2216.74
8399,2026-03-23,2282.0
8399,2026-03-30,2304.0
8399,2026-04-06,2409.0
8399,2026-04-13,2513.0
8399,2026-04-20,2455.0
8399,2026-04-27,2499.0
8399,2026-05-04,2466.0
8399,2026-05-11,2577.0
8399,2026-05-18,2603.0
8399,2026-05-25,2506.0
8399,2026-06-01,2461.0
8399,2026-06-08,2579.0
8399,2026-06-15,2478.0
8399,2026-06-22,2541.0
8399,2026-06-29,2651.0
8399,2026-07-06,2755.0
8399,2026-07-13,2729.0
8399,2026-07-20,2999.0
8399,2026-07-27,2943.0
8399,2026-08-03,3095.0
8399,2026-08-10,3295.0
8411,2025-08-18,4694.35
8411,2025-08-25,4770.37
8411,2025-09-01,4735.29
8411,2025-09-08,4737.23
8411,2025-09-15,4720.67
8411,2025-09-22,4955.53
8411,2025-09-29,4745.45
8411,2025-10-06,4701.95
8411,2025-10-13,4517.07
8411,2025-10-20,4829.48
8411,2025-10-27,5090.48
8411,2025-11-03,4988.65
8411,2025-11-10,5239.76
8411,2025-11-17,5104.32
8411,2025-11-24,5410.8
8411,2025-12-01,5598.64
8411,2025-12-08,5655.98
8411,2025-12-15,5562.06
8411,2025-12-22,5602.59
8411,2025-12-29,5635.22
8411,2026-01-05,6124.59
8411,2026-01-12,6771.16
8411,2026-01-19,6654.5
8411,2026-01-26,6705.91
8411,2026-02-02,7263.5
8411,2026-02-09,7593.7
8411,2026-02-16,7093.45
8411,2026-02-23,7069.73
8411,2026-03-02,6477.53
8411,2026-03-09,6066.26
8411,2026-03-16,6080.1
8411,2026-03-23,6306.5
8411,2026-03-30,6468.0
8411,2026-04-06,6786.0
8411,2026-04-13,6768.0
8411,2026-04-20,6427.0
8411,2026-04-27,6704.0
8411,2026-05-04,6771.0
8411,2026-05-11,6912.0
8411,2026-05-18,7457.0
8411,2026-05-25,7195.0
8411,2026-06-01,7716.0
8411,2026-06-08,7563.0
8411,2026-06-15,7884.0
8411,2026-06-22,7794.0
8411,2026-06-29,8078.0
8411,2026-07-06,8307.0
8411,2026-07-13,7930.0
8411,2026-07-20,8652.0
8411,2026-07-27,8167.0
8411,2026-08-03,8446.0
8411,2026-08-10,8620.0
8418,2025-08-18,1756.71
8418,2025-08-25,1725.66
8418,2025-09-01,1722.75
8418,2025-09-08,1753.8
8418,2025-09-15,1710.62
8418,2025-09-22,1805.71
8418,2025-09-29,1754.37
8418,2025-10-06,1684.77
8418,2025-10-13,1645.77
8418,2025-10-20,1722.29
8418,2025-10-27,1744.99
8418,2025-11-03,1749.93
8418,2025-11-10,1781.03
8418,2025-11-17,1773.62
8418,2025-11-24,2012.05
8418,2025-12-01,2025.38
8418,2025-12-08,2093.5
8418,2025-12-15,2080.17
8418,2025-12-22,2057.96
8418,2025-12-29,2095.97
8418,2026-01-05,2213.45
8418,2026-01-12,2323.04
8418,2026-01-19,2437.07
8418,2026-01-26,2424.73
8418,2026-02-02,2628.6
8418,2026-02-09,2731.27
8418,2026-02-16,2695.24
8418,2026-02-23,2716.96
8418,2026-03-02,2550.6
8418,2026-03-09,2469.15
8418,2026-03-16,2418.8
8418,2026-03-23,2481.0
8418,2026-03-30,2595.5
8418,2026-04-06,2698.5
8418,2026-04-13,2769.5
8418,2026-04-20,2553.5
8418,2026-04-27,2640.0
8418,2026-05-04,2640.0
8418,2026-05-11,2813.0
8418,2026-05-18,2863.0
8418,2026-05-25,2740.5
8418,2026-06-01,2731.0
8418,2026-06-08,2920.0
8418,2026-06-15,2859.5
8418,2026-06-22,2876.5
8418,2026-06-29,2987.0
8418,2026-07-06,2972.5
8418,2026-07-13,2902.0
8418,2026-07-20,3121.0
8418,2026-07-27,2976.0
8418,2026-08-03,3075.0
8418,2026-08-10,3202.0
8524,2025-08-18,675.66
8524,2025-08-25,677.6
8524,2025-09-01,698.89
8524,2025-09-08,699.86
8524,2025-09-15,693.08
8524,2025-09-22,717.28
8524,2025-09-29,698.24
8524,2025-10-06,685.55
8524,2025-10-13,670.9
8524,2025-10-20,706.05
8524,2025-10-27,705.08
8524,2025-11-03,715.82
8524,2025-11-10,723.63
8524,2025-11-17,732.42
8524,2025-11-24,806.64
8524,2025-12-01,814.45
8524,2025-12-08,806.64
8524,2025-12-15,832.03
8524,2025-12-22,821.29
8524,2025-12-29,834.57
8524,2026-01-05,908.39
8524,2026-01-12,945.79
8524,2026-01-19,926.1
8524,2026-01-26,906.42
8524,2026-02-02,961.53
8524,2026-02-09,997.95
8524,2026-02-16,1031.41
8524,2026-02-23,1080.62
8524,2026-03-02,987.12
8524,2026-03-09,932.01
8524,2026-03-16,916.26
8524,2026-03-23,956.61
8524,2026-03-30,990.87
8524,2026-04-06,1035.54
8524,2026-04-13,1038.52
8524,2026-04-20,923.35
8524,2026-04-27,982.92
8524,2026-05-04,973.99
8524,2026-05-11,987.89
8524,2026-05-18,999.8
8524,2026-05-25,966.04
8524,2026-06-01,985.9
8524,2026-06-08,1012.71
8524,2026-06-15,1009.73
8524,2026-06-22,1111.0
8524,2026-06-29,1141.0
8524,2026-07-06,1170.0
8524,2026-07-13,1114.0
8524,2026-07-20,1217.0
8524,2026-07-27,1157.0
8524,2026-08-03,1221.0
8524,2026-08-10,1301.0
8537,2025-08-18,1751.96
8537,2025-08-25,1747.17
8537,2025-09-01,1730.88
8537,2025-09-08,1706.92
8537,2025-09-15,1635.04
8537,2025-09-22,1690.63
8537,2025-09-29,1663.25
8537,2025-10-06,1645.65
8537,2025-10-13,1629.02
8537,2025-10-20,1693.56
8537,2025-10-27,1706.27
8537,2025-11-03,1685.74
8537,2025-11-10,1684.76
8537,2025-11-17,1674.98
8537,2025-11-24,1811.87
8537,2025-12-01,1912.59
8537,2025-12-08,1908.68
8537,2025-12-15,1909.65
8537,2025-12-22,2043.61
8537,2025-12-29,2023.08
8537,2026-01-05,2275.35
8537,2026-01-12,2406.38
8537,2026-01-19,2436.69
8537,2026-01-26,2316.42
8537,2026-02-02,2461.14
8537,2026-02-09,2546.2
8537,2026-02-16,2829.77
8537,2026-02-23,2832.7
8537,2026-03-02,2576.52
8537,2026-03-09,2447.45
8537,2026-03-16,2417.13
8537,2026-03-23,2379.0
8537,2026-03-30,2375.0
8537,2026-04-06,2539.0
8537,2026-04-13,2617.0
8537,2026-04-20,2393.0
8537,2026-04-27,2506.0
8537,2026-05-04,2592.0
8537,2026-05-11,2740.0
8537,2026-05-18,2981.0
8537,2026-05-25,2834.0
8537,2026-06-01,2807.0
8537,2026-06-08,2841.0
8537,2026-06-15,2721.0
8537,2026-06-22,2740.0
8537,2026-06-29,2843.0
8537,2026-07-06,2721.0
8537,2026-07-13,2633.0
8537,2026-07-20,2889.0
8537,2026-07-27,2592.0
8537,2026-08-03,2695.0
8537,2026-08-10,2945.0
8541,2025-08-18,1187.73
8541,2025-08-25,1169.32
8541,2025-09-01,1186.76
8541,2025-09-08,1189.67
8541,2025-09-15,1159.63
8541,2025-09-22,1195.48
8541,2025-09-29,1162.08
8541,2025-10-06,1133.59
8541,2025-10-13,1135.56
8541,2025-10-20,1202.36
8541,2025-10-27,1227.9
8541,2025-11-03,1227.9
8541,2025-11-10,1234.77
8541,2025-11-17,1242.63
8541,2025-11-24,1293.71
8541,2025-12-01,1341.85
8541,2025-12-08,1369.35
8541,2025-12-15,1382.12
8541,2025-12-22,1443.02
8541,2025-12-29,1463.65
8541,2026-01-05,1541.26
8541,2026-01-12,1639.49
8541,2026-01-19,1710.21
8541,2026-01-26,1667.97
8541,2026-02-02,1786.83
8541,2026-02-09,1918.47
8541,2026-02-16,1874.26
8541,2026-02-23,1859.53
8541,2026-03-02,1705.3
8541,2026-03-09,1587.42
8541,2026-03-16,1553.04
8541,2026-03-23,1611.0
8541,2026-03-30,1609.0
8541,2026-04-06,1721.0
8541,2026-04-13,1836.0
8541,2026-04-20,1722.0
8541,2026-04-27,1790.0
8541,2026-05-04,1857.0
8541,2026-05-11,1913.0
8541,2026-05-18,1984.0
8541,2026-05-25,1934.0
8541,2026-06-01,1992.0
8541,2026-06-08,2044.0
8541,2026-06-15,1945.0
8541,2026-06-22,2053.0
8541,2026-06-29,2210.0
8541,2026-07-06,2239.0
8541,2026-07-13,2317.0
8541,2026-07-20,2794.0
8541,2026-07-27,2781.0
8541,2026-08-03,2853.0
8541,2026-08-10,3065.0
8542,2025-08-18,1388.87
8542,2025-08-25,1359.87
8542,2025-09-01,1346.34
8542,2025-09-08,1330.88
8542,2025-09-15,1293.18
8542,2025-09-22,1309.61
8542,2025-09-29,1300.75
8542,2025-10-06,1310.6
8542,2025-10-13,1308.63
8542,2025-10-20,1334.23
8542,2025-10-27,1359.83
8542,2025-11-03,1392.33
8542,2025-11-10,1387.4
8542,2025-11-17,1370.66
8542,2025-11-24,1414.97
8542,2025-12-01,1440.58
8542,2025-12-08,1463.22
8542,2025-12-15,1451.41
8542,2025-12-22,1469.13
8542,2025-12-29,1463.22
8542,2026-01-05,1528.21
8542,2026-01-12,1586.31
8542,2026-01-19,1610.92
8542,2026-01-26,1584.34
8542,2026-02-02,1788.16
8542,2026-02-09,1791.12
8542,2026-02-16,1746.81
8542,2026-02-23,1712.34
8542,2026-03-02,1632.59
8542,2026-03-09,1601.08
8542,2026-03-16,1576.46
8542,2026-03-23,1606.0
8542,2026-03-30,1586.0
8542,2026-04-06,1610.0
8542,2026-04-13,1641.0
8542,2026-04-20,1553.0
8542,2026-04-27,1546.0
8542,2026-05-04,1568.0
8542,2026-05-11,1520.0
8542,2026-05-18,1525.0
8542,2026-05-25,1490.0
8542,2026-06-01,1445.0
8542,2026-06-08,1481.0
8542,2026-06-15,1497.0
8542,2026-06-22,1487.0
8542,2026-06-29,1514.0
8542,2026-07-06,1529.0
8542,2026-07-13,1500.0
8542,2026-07-20,1621.0
8542,2026-07-27,1638.0
8542,2026-08-03,1759.0
8542,2026-08-10,1895.0
8550,2025-08-18,467.21
8550,2025-08-25,462.4
8550,2025-09-01,466.25
8550,2025-09-08,463.37
8550,2025-09-15,476.82
8550,2025-09-22,488.36
8550,2025-09-29,493.28
8550,2025-10-06,477.53
8550,2025-10-13,470.64
8550,2025-10-20,492.3
8550,2025-10-27,541.53
8550,2025-11-03,567.13
8550,2025-11-10,609.47
8550,2025-11-17,605.53
8550,2025-11-24,681.34
8550,2025-12-01,702.02
8550,2025-12-08,716.79
8550,2025-12-15,705.96
8550,2025-12-22,710.88
8550,2025-12-29,714.82
8550,2026-01-05,780.79
8550,2026-01-12,854.63
8550,2026-01-19,900.91
8550,2026-01-26,823.12
8550,2026-02-02,982.63
8550,2026-02-09,990.51
8550,2026-02-16,986.57
8550,2026-02-23,1001.34
8550,2026-03-02,912.72
8550,2026-03-09,885.15
8550,2026-03-16,888.11
8550,2026-03-23,895.0
8550,2026-03-30,902.0
8550,2026-04-06,953.0
8550,2026-04-13,1020.0
8550,2026-04-20,909.0
8550,2026-04-27,963.0
8550,2026-05-04,959.0
8550,2026-05-11,937.0
8550,2026-05-18,972.0
8550,2026-05-25,944.0
8550,2026-06-01,930.0
8550,2026-06-08,971.0
8550,2026-06-15,921.0
8550,2026-06-22,915.0
8550,2026-06-29,974.0
8550,2026-07-06,976.0
8550,2026-07-13,933.0
8550,2026-07-20,1028.0
8550,2026-07-27,951.0
8550,2026-08-03,1028.0
8550,2026-08-10,1117.0
8551,2025-08-18,3593.15
8551,2025-08-25,3636.27
8551,2025-09-01,3698.55
8551,2025-09-08,3703.34
8551,2025-09-15,3645.85
8551,2025-09-22,3808.74
8551,2025-09-29,3646.25
8551,2025-10-06,3553.26
8551,2025-10-13,3519.0
8551,2025-10-20,3665.82
8551,2025-10-27,3695.19
8551,2025-11-03,3675.61
8551,2025-11-10,4023.11
8551,2025-11-17,4116.1
8551,2025-11-24,4287.4
8551,2025-12-01,4204.2
8551,2025-12-08,4199.3
8551,2025-12-15,4238.46
8551,2025-12-22,4292.29
8551,2025-12-29,4424.44
8551,2026-01-05,4644.68
8551,2026-01-12,4904.08
8551,2026-01-19,4972.6
8551,2026-01-26,4585.95
8551,2026-02-02,4889.4
8551,2026-02-09,5119.43
8551,2026-02-16,5099.85
8551,2026-02-23,5187.95
8551,2026-03-02,4757.25
8551,2026-03-09,4561.48
8551,2026-03-16,4507.64
8551,2026-03-23,4630.0
8551,2026-03-30,4675.0
8551,2026-04-06,4900.0
8551,2026-04-13,5040.0
8551,2026-04-20,4660.0
8551,2026-04-27,4755.0
8551,2026-05-04,4785.0
8551,2026-05-11,5240.0
8551,2026-05-18,5500.0
8551,2026-05-25,5440.0
8551,2026-06-01,5320.0
8551,2026-06-08,5410.0
8551,2026-06-15,5200.0
8551,2026-06-22,5260.0
8551,2026-06-29,5680.0
8551,2026-07-06,5700.0
8551,2026-07-13,6030.0
8551,2026-07-20,6790.0
8551,2026-07-27,6650.0
8551,2026-08-03,6710.0
8551,2026-08-10,7380.0
8596,2025-08-18,1337.47
8596,2025-08-25,1362.42
8596,2025-09-01,1391.2
8596,2025-09-08,1403.67
8596,2025-09-15,1348.03
8596,2025-09-22,1366.26
8596,2025-09-29,1310.47
8596,2025-10-06,1318.3
8596,2025-10-13,1333.96
8596,2025-10-20,1348.64
8596,2025-10-27,1298.73
8596,2025-11-03,1267.41
8596,2025-11-10,1278.17
8596,2025-11-17,1281.11
8596,2025-11-24,1344.72
8596,2025-12-01,1286.98
8596,2025-12-08,1279.15
8596,2025-12-15,1325.15
8596,2025-12-22,1374.09
8596,2025-12-29,1378.0
8596,2026-01-05,1412.25
8596,2026-01-12,1441.62
8596,2026-01-19,1394.64
8596,2026-01-26,1407.36
8596,2026-02-02,1463.15
8596,2026-02-09,1496.42
8596,2026-02-16,1479.78
8596,2026-02-23,1485.66
8596,2026-03-02,1431.83
8596,2026-03-09,1397.57
8596,2026-03-16,1377.02
8596,2026-03-23,1378.0
8596,2026-03-30,1402.0
8596,2026-04-06,1413.0
8596,2026-04-13,1410.0
8596,2026-04-20,1398.0
8596,2026-04-27,1390.0
8596,2026-05-04,1417.0
8596,2026-05-11,1443.0
8596,2026-05-18,1445.0
8596,2026-05-25,1425.0
8596,2026-06-01,1393.0
8596,2026-06-08,1419.0
8596,2026-06-15,1444.0
8596,2026-06-22,1430.0
8596,2026-06-29,1467.0
8596,2026-07-06,1461.0
8596,2026-07-13,1450.0
8596,2026-07-20,1508.0
8596,2026-07-27,1579.0
8596,2026-08-03,1590.0
8596,2026-08-10,1664.0
8600,2025-08-18,637.6
8600,2025-08-25,614.42
8600,2025-09-01,629.87
8600,2025-09-08,634.7
8600,2025-09-15,639.53
8600,2025-09-22,662.72
8600,2025-09-29,647.95
8600,2025-10-06,645.98
8600,2025-10-13,639.09
8600,2025-10-20,667.64
8600,2025-10-27,672.57
8600,2025-11-03,694.23
8600,2025-11-10,685.37
8600,2025-11-17,692.26
8600,2025-11-24,736.57
8600,2025-12-01,738.54
8600,2025-12-08,743.47
8600,2025-12-15,751.34
8600,2025-12-22,753.31
8600,2025-12-29,772.02
8600,2026-01-05,798.61
8600,2026-01-12,854.74
8600,2026-01-19,860.65
8600,2026-01-26,859.66
8600,2026-02-02,917.76
8600,2026-02-09,949.27
8600,2026-02-16,961.09
8600,2026-02-23,967.98
8600,2026-03-02,884.28
8600,2026-03-09,845.88
8600,2026-03-16,838.98
8600,2026-03-23,838.0
8600,2026-03-30,888.0
8600,2026-04-06,924.0
8600,2026-04-13,939.0
8600,2026-04-20,866.0
8600,2026-04-27,892.0
8600,2026-05-04,889.0
8600,2026-05-11,878.0
8600,2026-05-18,888.0
8600,2026-05-25,876.0
8600,2026-06-01,852.0
8600,2026-06-08,890.0
8600,2026-06-15,861.0
8600,2026-06-22,876.0
8600,2026-06-29,895.0
8600,2026-07-06,910.0
8600,2026-07-13,908.0
8600,2026-07-20,1024.0
8600,2026-07-27,997.0
8600,2026-08-03,1078.0
8600,2026-08-10,1118.0
8622,2025-08-18,514.05
8622,2025-08-25,516.86
8622,2025-09-01,520.61
8622,2025-09-08,515.93
8622,2025-09-15,535.59
8622,2025-09-22,539.33
8622,2025-09-29,507.61
8622,2025-10-06,509.53
8622,2025-10-13,510.49
8622,2025-10-20,504.72
8622,2025-10-27,493.19
8622,2025-11-03,494.15
8622,2025-11-10,508.57
8622,2025-11-17,507.61
8622,2025-11-24,515.3
8622,2025-12-01,510.49
8622,2025-12-08,524.91
8622,2025-12-15,521.07
8622,2025-12-22,541.26
8622,2025-12-29,532.6
8622,2026-01-05,547.99
8622,2026-01-12,576.83
8622,2026-01-19,577.79
8622,2026-01-26,577.79
8622,2026-02-02,593.17
8622,2026-02-09,606.63
8622,2026-02-16,605.67
8622,2026-02-23,657.58
8622,2026-03-02,691.23
8622,2026-03-09,703.73
8622,2026-03-16,704.69
8622,2026-03-23,697.0
8622,2026-03-30,707.0
8622,2026-04-06,709.0
8622,2026-04-13,715.0
8622,2026-04-20,667.0
8622,2026-04-27,652.0
8622,2026-05-04,653.0
8622,2026-05-11,652.0
8622,2026-05-18,652.0
8622,2026-05-25,632.0
8622,2026-06-01,639.0
8622,2026-06-08,658.0
8622,2026-06-15,658.0
8622,2026-06-22,657.0
8622,2026-06-29,672.0
8622,2026-07-06,697.0
8622,2026-07-13,713.0
8622,2026-07-20,780.0
8622,2026-07-27,815.0
8622,2026-08-03,849.0
8622,2026-08-10,862.0
8704,2025-08-18,885.53
8704,2025-08-25,977.73
8704,2025-09-01,956.6
8704,2025-09-08,938.36
8704,2025-09-15,906.66
8704,2025-09-22,902.82
8704,2025-09-29,899.89
8704,2025-10-06,956.56
8704,2025-10-13,915.52
8704,2025-10-20,904.77
8704,2025-10-27,875.46
8704,2025-11-03,864.71
8704,2025-11-10,924.32
8704,2025-11-17,891.09
8704,2025-11-24,911.61
8704,2025-12-01,876.44
8704,2025-12-08,869.6
8704,2025-12-15,892.07
8704,2025-12-22,922.36
8704,2025-12-29,930.18
8704,2026-01-05,948.74
8704,2026-01-12,980.99
8704,2026-01-19,979.03
8704,2026-01-26,948.74
8704,2026-02-02,1001.5
8704,2026-02-09,1054.27
8704,2026-02-16,1076.74
8704,2026-02-23,1122.66
8704,2026-03-02,1065.01
8704,2026-03-09,1013.23
8704,2026-03-16,1006.39
8704,2026-03-23,1023.0
8704,2026-03-30,1040.0
8704,2026-04-06,1047.0
8704,2026-04-13,1044.0
8704,2026-04-20,1029.0
8704,2026-04-27,1128.0
8704,2026-05-04,1235.0
8704,2026-05-11,1169.0
8704,2026-05-18,1139.0
8704,2026-05-25,1193.0
8704,2026-06-01,1138.0
8704,2026-06-08,1154.0
8704,2026-06-15,1161.0
8704,2026-06-22,1149.0
8704,2026-06-29,1269.0
8704,2026-07-06,1246.0
8704,2026-07-13,1242.0
8704,2026-07-20,1272.0
8704,2026-07-27,1247.0
8704,2026-08-03,1297.0
8704,2026-08-10,1351.0
8707,2025-08-18,2442.98
8707,2025-08-25,2481.32
8707,2025-09-01,2531.83
8707,2025-09-08,2558.95
8707,2025-09-15,2534.64
8707,2025-09-22,2583.27
8707,2025-09-29,2554.59
8707,2025-10-06,2598.57
8707,2025-10-13,2642.55
8707,2025-10-20,2661.67
8707,2025-10-27,2699.91
8707,2025-11-03,2644.46
8707,2025-11-10,2808.9
8707,2025-11-17,2872.96
8707,2025-11-24,3002.02
8707,2025-12-01,2935.1
8707,2025-12-08,3021.15
8707,2025-12-15,3002.02
8707,2025-12-22,3116.75
8707,2025-12-29,3126.31
8707,2026-01-05,3331.86
8707,2026-01-12,3499.17
8707,2026-01-19,3451.37
8707,2026-01-26,3322.3
8707,2026-02-02,3460.93
8707,2026-02-09,3680.83
8707,2026-02-16,3771.65
8707,2026-02-23,3771.65
8707,2026-03-02,3503.95
8707,2026-03-09,3374.89
8707,2026-03-16,3432.25
8707,2026-03-23,3590.0
8707,2026-03-30,3595.0
8707,2026-04-06,3655.0
8707,2026-04-13,3810.0
8707,2026-04-20,3740.0
8707,2026-04-27,3650.0
8707,2026-05-04,3705.0
8707,2026-05-11,3640.0
8707,2026-05-18,3705.0
8707,2026-05-25,3870.0
8707,2026-06-01,3830.0
8707,2026-06-08,3940.0
8707,2026-06-15,4000.0
8707,2026-06-22,3960.0
8707,2026-06-29,4015.0
8707,2026-07-06,4185.0
8707,2026-07-13,4205.0
8707,2026-07-20,4275.0
8707,2026-07-27,4195.0
8707,2026-08-03,4305.0
8707,2026-08-10,4430.0
8713,2025-08-18,1568.47
8713,2025-08-25,1523.41
8713,2025-09-01,1534.91
8713,2025-09-08,1579.01
8713,2025-09-15,1551.21
8713,2025-09-22,1594.35
8713,2025-09-29,1544.82
8713,2025-10-06,1520.3
8713,2025-10-13,1524.22
8713,2025-10-20,1556.59
8713,2025-10-27,1623.29
8713,2025-11-03,1628.19
8713,2025-11-10,1636.04
8713,2025-11-17,1672.33
8713,2025-11-24,1715.49
8713,2025-12-01,1738.04
8713,2025-12-08,1756.68
8713,2025-12-15,1800.82
8713,2025-12-22,1835.15
8713,2025-12-29,1865.55
8713,2026-01-05,1984.24
8713,2026-01-12,2041.12
8713,2026-01-19,2022.49
8713,2026-01-26,1963.64
8713,2026-02-02,2131.36
8713,2026-02-09,2156.86
8713,2026-02-16,2142.15
8713,2026-02-23,2148.04
8713,2026-03-02,1959.71
8713,2026-03-09,1890.07
8713,2026-03-16,1873.4
8713,2026-03-23,1919.5
8713,2026-03-30,1909.0
8713,2026-04-06,1942.0
8713,2026-04-13,2023.0
8713,2026-04-20,1892.0
8713,2026-04-27,1916.0
8713,2026-05-04,1986.0
8713,2026-05-11,1944.0
8713,2026-05-18,2011.0
8713,2026-05-25,1944.0
8713,2026-06-01,1956.0
8713,2026-06-08,2038.0
8713,2026-06-15,1953.0
8713,2026-06-22,1910.0
8713,2026-06-29,2005.0
8713,2026-07-06,2034.0
8713,2026-07-13,2010.0
8713,2026-07-20,2132.0
8713,2026-07-27,2160.0
8713,2026-08-03,2454.0
8713,2026-08-10,2630.0
8714,2025-08-18,637.03
8714,2025-08-25,627.35
8714,2025-09-01,619.61
8714,2025-09-08,619.61
8714,2025-09-15,605.08
8714,2025-09-22,629.29
8714,2025-09-29,635.68
8714,2025-10-06,628.8
8714,2025-10-13,628.8
8714,2025-10-20,636.67
8714,2025-10-27,654.38
8714,2025-11-03,661.27
8714,2025-11-10,689.81
8714,2025-11-17,722.28
8714,2025-11-24,769.51
8714,2025-12-01,770.5
8714,2025-12-08,761.64
8714,2025-12-15,771.48
8714,2025-12-22,762.62
8714,2025-12-29,778.37
8714,2026-01-05,810.84
8714,2026-01-12,849.22
8714,2026-01-19,849.22
8714,2026-01-26,802.97
8714,2026-02-02,879.72
8714,2026-02-09,906.29
8714,2026-02-16,922.04
8714,2026-02-23,908.26
8714,2026-03-02,829.54
8714,2026-03-09,781.32
8714,2026-03-16,774.43
8714,2026-03-23,893.5
8714,2026-03-30,915.0
8714,2026-04-06,999.0
8714,2026-04-13,936.0
8714,2026-04-20,898.0
8714,2026-04-27,917.0
8714,2026-05-04,914.0
8714,2026-05-11,955.0
8714,2026-05-18,971.0
8714,2026-05-25,964.0
8714,2026-06-01,993.0
8714,2026-06-08,1009.0
8714,2026-06-15,979.0
8714,2026-06-22,975.0
8714,2026-06-29,1016.0
8714,2026-07-06,1010.0
8714,2026-07-13,985.0
8714,2026-07-20,1047.0
8714,2026-07-27,946.0
8714,2026-08-03,1031.0
8714,2026-08-10,1099.0
8739,2025-08-18,1506.66
8739,2025-08-25,1479.96
8739,2025-09-01,1504.76
8739,2025-09-08,1532.41
8739,2025-09-15,1513.34
8739,2025-09-22,1555.3
8739,2025-09-29,1479.01
8739,2025-10-06,1570.55
8739,2025-10-13,1479.96
8739,2025-10-20,1499.99
8739,2025-10-27,1484.73
8739,2025-11-03,1405.58
8739,2025-11-10,1428.47
8739,2025-11-17,1424.65
8739,2025-11-24,1443.73
8739,2025-12-01,1414.17
8739,2025-12-08,1379.84
8739,2025-12-15,1430.38
8739,2025-12-22,1525.73
8739,2025-12-29,1544.81
8739,2026-01-05,1610.6
8739,2026-01-12,1679.26
8739,2026-01-19,1627.77
8739,2026-01-26,1568.65
8739,2026-02-02,1930.05
8739,2026-02-09,1916.7
8739,2026-02-16,1966.29
8739,2026-02-23,2026.37
8739,2026-03-02,1904.31
8739,2026-03-09,1832.79
8739,2026-03-16,1830.88
8739,2026-03-23,1849.0
8739,2026-03-30,1918.0
8739,2026-04-06,1984.0
8739,2026-04-13,1968.0
8739,2026-04-20,1908.0
8739,2026-04-27,1914.0
8739,2026-05-04,2039.0
8739,2026-05-11,2137.0
8739,2026-05-18,2155.0
8739,2026-05-25,2126.0
8739,2026-06-01,2173.0
8739,2026-06-08,2145.0
8739,2026-06-15,2140.0
8739,2026-06-22,2161.0
8739,2026-06-29,2299.0
8739,2026-07-06,2256.0
8739,2026-07-13,2240.0
8739,2026-07-20,2227.0
8739,2026-07-27,2255.0
8739,2026-08-03,2472.0
8739,2026-08-10,2524.0
8897,2025-08-18,375.81
8897,2025-08-25,373.92
8897,2025-09-01,377.71
8897,2025-09-08,379.61
8897,2025-09-15,376.76
8897,2025-09-22,381.51
8897,2025-09-29,369.98
8897,2025-10-06,367.09
8897,2025-10-13,371.9
8897,2025-10-20,369.98
8897,2025-10-27,365.17
8897,2025-11-03,369.01
8897,2025-11-10,370.94
8897,2025-11-17,369.98
8897,2025-11-24,371.9
8897,2025-12-01,360.37
8897,2025-12-08,362.29
8897,2025-12-15,366.13
8897,2025-12-22,370.94
8897,2025-12-29,371.9
8897,2026-01-05,380.55
8897,2026-01-12,384.39
8897,2026-01-19,377.66
8897,2026-01-26,378.62
8897,2026-02-02,382.47
8897,2026-02-09,397.84
8897,2026-02-16,394.96
8897,2026-02-23,406.49
8897,2026-03-02,397.84
8897,2026-03-09,392.08
8897,2026-03-16,391.12
8897,2026-03-23,394.0
8897,2026-03-30,421.0
8897,2026-04-06,426.0
8897,2026-04-13,424.0
8897,2026-04-20,401.0
8897,2026-04-27,398.0
8897,2026-05-04,401.0
8897,2026-05-11,394.0
8897,2026-05-18,422.0
8897,2026-05-25,414.0
8897,2026-06-01,410.0
8897,2026-06-08,411.0
8897,2026-06-15,404.0
8897,2026-06-22,401.0
8897,2026-06-29,404.0
8897,2026-07-06,411.0
8897,2026-07-13,411.0
8897,2026-07-20,410.0
8897,2026-07-27,411.0
8897,2026-08-03,411.0
8897,2026-08-10,459.0
8935,2025-08-18,1416.79
8935,2025-08-25,1392.79
8935,2025-09-01,1562.69
8935,2025-09-08,1536.77
8935,2025-09-15,1520.45
8935,2025-09-22,1553.09
8935,2025-09-29,1493.51
8935,2025-10-06,1458.34
8935,2025-10-13,1473.97
8935,2025-10-20,1536.49
8935,2025-10-27,1474.95
8935,2025-11-03,1383.13
8935,2025-11-10,1418.29
8935,2025-11-17,1446.62
8935,2025-11-24,1433.92
8935,2025-12-01,1368.48
8935,2025-12-08,1359.69
8935,2025-12-15,1374.34
8935,2025-12-22,1411.46
8935,2025-12-29,1414.39
8935,2026-01-05,1468.11
8935,2026-01-12,1507.18
8935,2026-01-19,1469.09
8935,2026-01-26,1430.99
8935,2026-02-02,1666.4
8935,2026-02-09,1780.68
8935,2026-02-16,1829.52
8935,2026-02-23,1902.78
8935,2026-03-02,1771.89
8935,2026-03-09,1680.07
8935,2026-03-16,1636.12
8935,2026-03-23,1599.0
8935,2026-03-30,1591.0
8935,2026-04-06,1615.0
8935,2026-04-13,1546.0
8935,2026-04-20,1504.0
8935,2026-04-27,1489.0
8935,2026-05-04,1484.0
8935,2026-05-11,1703.0
8935,2026-05-18,1798.0
8935,2026-05-25,1867.0
8935,2026-06-01,1786.0
8935,2026-06-08,1752.0
8935,2026-06-15,1756.0
8935,2026-06-22,1749.0
8935,2026-06-29,1788.0
8935,2026-07-06,1826.0
8935,2026-07-13,1781.0
8935,2026-07-20,1832.0
8935,2026-07-27,1910.0
8935,2026-08-03,1922.0
8935,2026-08-10,2024.0
9101,2025-08-18,5063.46
9101,2025-08-25,5116.22
9101,2025-09-01,5295.62
9101,2025-09-08,5311.93
9101,2025-09-15,5223.67
9101,2025-09-22,5116.22
9101,2025-09-29,4951.5
9101,2025-10-06,4880.91
9101,2025-10-13,4951.5
9101,2025-10-20,5107.4
9101,2025-10-27,5227.02
9101,2025-11-03,4931.89
9101,2025-11-10,4876.98
9101,2025-11-17,4855.41
9101,2025-11-24,4853.45
9101,2025-12-01,4736.77
9101,2025-12-08,4852.47
9101,2025-12-15,4802.47
9101,2025-12-22,4926.99
9101,2025-12-29,4978.96
9101,2026-01-05,5171.13
9101,2026-01-12,5049.55
9101,2026-01-19,4923.07
9101,2026-01-26,4973.07
9101,2026-02-02,4952.48
9101,2026-02-09,4950.52
9101,2026-02-16,5113.28
9101,2026-02-23,5264.28
9101,2026-03-02,5432.92
9101,2026-03-09,5529.99
9101,2026-03-16,6020.24
9101,2026-03-23,5781.0
9101,2026-03-30,6164.0
9101,2026-04-06,6163.0
9101,2026-04-13,6096.0
9101,2026-04-20,5874.0
9101,2026-04-27,5629.0
9101,2026-05-04,5571.0
9101,2026-05-11,5498.0
9101,2026-05-18,5391.0
9101,2026-05-25,5313.0
9101,2026-06-01,5609.0
9101,2026-06-08,5630.0
9101,2026-06-15,5152.0
9101,2026-06-22,5265.0
9101,2026-06-29,5211.0
9101,2026-07-06,5286.0
9101,2026-07-13,5706.0
9101,2026-07-20,5946.0
9101,2026-07-27,6110.0
9101,2026-08-03,6115.0
9101,2026-08-10,6400.0
9107,2025-08-18,2170.89
9107,2025-08-25,2159.94
9107,2025-09-01,2207.07
9107,2025-09-08,2219.45
9107,2025-09-15,2172.79
9107,2025-09-22,2133.28
9107,2025-09-29,2024.19
9107,2025-10-06,1975.76
9107,2025-10-13,2055.99
9107,2025-10-20,2117.13
9107,2025-10-27,2165.07
9107,2025-11-03,2072.13
9107,2025-11-10,2063.33
9107,2025-11-17,2044.74
9107,2025-11-24,2033.49
9107,2025-12-01,2035.93
9107,2025-12-08,2100.01
9107,2025-12-15,2055.5
9107,2025-12-22,2110.78
9107,2025-12-29,2133.77
9107,2026-01-05,2234.54
9107,2026-01-12,2154.31
9107,2026-01-19,2164.58
9107,2026-01-26,2180.73
9107,2026-02-02,2290.3
9107,2026-02-09,2268.29
9107,2026-02-16,2353.4
9107,2026-02-23,2458.58
9107,2026-03-02,2551.03
9107,2026-03-09,2586.25
9107,2026-03-16,2720.77
9107,2026-03-23,2710.5
9107,2026-03-30,2698.0
9107,2026-04-06,2661.0
9107,2026-04-13,2659.5
9107,2026-04-20,2544.0
9107,2026-04-27,2503.5
9107,2026-05-04,2503.0
9107,2026-05-11,2522.5
9107,2026-05-18,2511.0
9107,2026-05-25,2520.0
9107,2026-06-01,2701.5
9107,2026-06-08,2622.5
9107,2026-06-15,2476.0
9107,2026-06-22,2459.0
9107,2026-06-29,2543.5
9107,2026-07-06,2526.5
9107,2026-07-13,2723.5
9107,2026-07-20,2806.0
9107,2026-07-27,2850.0
9107,2026-08-03,2855.0
9107,2026-08-10,3030.0
9251,2025-08-18,927.0
9251,2025-08-25,944.18
9251,2025-09-01,948.0
9251,2025-09-08,953.73
9251,2025-09-15,1179.99
9251,2025-09-22,1305.05
9251,2025-09-29,1273.55
9251,2025-10-06,1247.77
9251,2025-10-13,1240.13
9251,2025-10-20,1256.36
9251,2025-10-27,1097.0
9251,2025-11-03,1067.0
9251,2025-11-10,1092.0
9251,2025-11-17,1087.0
9251,2025-11-24,1112.0
9251,2025-12-01,1100.0
9251,2025-12-08,1102.0
9251,2025-12-15,1155.0
9251,2025-12-22,1183.0
9251,2025-12-29,1204.0
9251,2026-01-05,1233.0
9251,2026-01-12,1209.0
9251,2026-01-19,1207.0
9251,2026-01-26,1208.0
9251,2026-02-02,1206.0
9251,2026-02-09,1223.0
9251,2026-02-16,1250.0
9251,2026-02-23,1275.0
9251,2026-03-02,1278.0
9251,2026-03-09,1255.0
9251,2026-03-16,1274.0
9251,2026-03-23,1258.0
9251,2026-03-30,1240.0
9251,2026-04-06,1219.0
9251,2026-04-13,1216.0
9251,2026-04-20,1201.0
9251,2026-04-27,1202.0
9251,2026-05-04,1208.0
9251,2026-05-11,1196.0
9251,2026-05-18,1202.0
9251,2026-05-25,1205.0
9251,2026-06-01,1211.0
9251,2026-06-08,1204.0
9251,2026-06-15,1254.0
9251,2026-06-22,1276.0
9251,2026-06-29,1326.0
9251,2026-07-06,1324.0
9251,2026-07-13,1340.0
9251,2026-07-20,1332.0
9251,2026-07-27,1367.0
9251,2026-08-03,1383.0
9251,2026-08-10,1402.0
9344,2025-08-18,808.09
9344,2025-08-25,802.31
9344,2025-09-01,798.46
9344,2025-09-08,816.76
9344,2025-09-15,833.13
9344,2025-09-22,850.47
9344,2025-09-29,842.76
9344,2025-10-06,864.92
9344,2025-10-13,818.68
9344,2025-10-20,855.28
9344,2025-10-27,856.25
9344,2025-11-03,837.95
9344,2025-11-10,829.28
9344,2025-11-17,858.17
9344,2025-11-24,890.92
9344,2025-12-01,895.74
9344,2025-12-08,897.66
9344,2025-12-15,920.78
9344,2025-12-22,907.29
9344,2025-12-29,884.18
9344,2026-01-05,877.44
9344,2026-01-12,887.07
9344,2026-01-19,897.66
9344,2026-01-26,887.07
9344,2026-02-02,881.29
9344,2026-02-09,876.47
9344,2026-02-16,871.66
9344,2026-02-23,876.47
9344,2026-03-02,872.62
9344,2026-03-09,870.69
9344,2026-03-16,870.69
9344,2026-03-23,867.81
9344,2026-03-30,868.77
9344,2026-04-06,874.55
9344,2026-04-13,888.03
9344,2026-04-20,887.07
9344,2026-04-27,872.62
9344,2026-05-04,881.29
9344,2026-05-11,892.85
9344,2026-05-18,903.44
9344,2026-05-25,921.74
9344,2026-06-01,916.93
9344,2026-06-08,915.0
9344,2026-06-15,907.29
9344,2026-06-22,915.0
9344,2026-06-29,930.0
9344,2026-07-06,937.0
9344,2026-07-13,931.0
9344,2026-07-20,931.0
9344,2026-07-27,920.0
9344,2026-08-03,944.0
9344,2026-08-10,989.0
9366,2025-08-18,820.33
9366,2025-08-25,818.41
9366,2025-09-01,823.22
9366,2025-09-08,853.03
9366,2025-09-15,841.49
9366,2025-09-22,859.76
9366,2025-09-29,831.87
9366,2025-10-06,831.87
9366,2025-10-13,824.18
9366,2025-10-20,825.14
9366,2025-10-27,823.22
9366,2025-11-03,818.41
9366,2025-11-10,828.03
9366,2025-11-17,812.64
9366,2025-11-24,813.6
9366,2025-12-01,838.6
9366,2025-12-08,833.8
9366,2025-12-15,860.72
9366,2025-12-22,870.34
9366,2025-12-29,879.96
9366,2026-01-05,884.77
9366,2026-01-12,891.5
9366,2026-01-19,876.11
9366,2026-01-26,875.15
9366,2026-02-02,866.49
9366,2026-02-09,887.65
9366,2026-02-16,922.27
9366,2026-02-23,937.66
9366,2026-03-02,894.38
9366,2026-03-09,880.92
9366,2026-03-16,866.49
9366,2026-03-23,904.0
9366,2026-03-30,923.0
9366,2026-04-06,917.0
9366,2026-04-13,940.0
9366,2026-04-20,935.0
9366,2026-04-27,931.0
9366,2026-05-04,935.0
9366,2026-05-11,950.0
9366,2026-05-18,991.0
9366,2026-05-25,976.0
9366,2026-06-01,960.0
9366,2026-06-08,975.0
9366,2026-06-15,1019.0
9366,2026-06-22,993.0
9366,2026-06-29,1000.0
9366,2026-07-06,1050.0
9366,2026-07-13,1020.0
9366,2026-07-20,1029.0
9366,2026-07-27,1026.0
9366,2026-08-03,1034.0
9366,2026-08-10,1108.0
9449,2025-08-18,3856.32
9449,2025-08-25,3907.7
9449,2025-09-01,3793.09
9449,2025-09-08,3911.65
9449,2025-09-15,3770.36
9449,2025-09-22,3647.84
9449,2025-09-29,3427.44
9449,2025-10-06,3457.16
9449,2025-10-13,3344.23
9449,2025-10-20,3466.07
9449,2025-10-27,3418.52
9449,2025-11-03,3357.11
9449,2025-11-10,3568.1
9449,2025-11-17,3579.0
9449,2025-11-24,3973.25
9449,2025-12-01,3839.52
9449,2025-12-08,3847.45
9449,2025-12-15,3886.08
9449,2025-12-22,3967.31
9449,2025-12-29,3888.99
9449,2026-01-05,3965.42
9449,2026-01-12,4057.73
9449,2026-01-19,4020.02
9449,2026-01-26,3822.49
9449,2026-02-02,3523.72
9449,2026-02-09,3134.62
9449,2026-02-16,2908.31
9449,2026-02-23,2974.81
9449,2026-03-02,2886.47
9449,2026-03-09,2789.2
9449,2026-03-16,2806.57
9449,2026-03-23,2842.3
9449,2026-03-30,2997.5
9449,2026-04-06,2964.5
9449,2026-04-13,3276.0
9449,2026-04-20,3153.0
9449,2026-04-27,3045.0
9449,2026-05-04,3183.0
9449,2026-05-11,3079.0
9449,2026-05-18,3396.0
9449,2026-05-25,3285.0
9449,2026-06-01,3230.0
9449,2026-06-08,3083.0
9449,2026-06-15,3000.0
9449,2026-06-22,3283.0
9449,2026-06-29,3609.0
9449,2026-07-06,3908.0
9449,2026-07-13,4056.0
9449,2026-07-20,3916.0
9449,2026-07-27,4254.0
9449,2026-08-03,4179.0
9449,2026-08-10,4343.0
9450,2025-08-18,726.67
9450,2025-08-25,691.06
9450,2025-09-01,680.47
9450,2025-09-08,695.87
9450,2025-09-15,719.94
9450,2025-09-22,711.27
9450,2025-09-29,668.92
9450,2025-10-06,659.3
9450,2025-10-13,673.74
9450,2025-10-20,674.7
9450,2025-10-27,668.92
9450,2025-11-03,665.07
9450,2025-11-10,657.37
9450,2025-11-17,655.45
9450,2025-11-24,664.11
9450,2025-12-01,642.94
9450,2025-12-08,640.05
9450,2025-12-15,640.05
9450,2025-12-22,654.49
9450,2025-12-29,666.76
9450,2026-01-05,674.62
9450,2026-01-12,678.55
9450,2026-01-19,672.65
9450,2026-01-26,676.58
9450,2026-02-02,680.51
9450,2026-02-09,677.56
9450,2026-02-16,672.65
9450,2026-02-23,687.38
9450,2026-03-02,672.65
9450,2026-03-09,669.71
9450,2026-03-16,694.26
9450,2026-03-23,701.13
9450,2026-03-30,713.9
9450,2026-04-06,700.15
9450,2026-04-13,718.81
9450,2026-04-20,700.15
9450,2026-04-27,695.24
9450,2026-05-04,694.26
9450,2026-05-11,685.42
9450,2026-05-18,689.35
9450,2026-05-25,682.47
9450,2026-06-01,718.81
9450,2026-06-08,731.57
9450,2026-06-15,719.79
9450,2026-06-22,735.5
9450,2026-06-29,754.0
9450,2026-07-06,778.0
9450,2026-07-13,765.0
9450,2026-07-20,765.0
9450,2026-07-27,784.0
9450,2026-08-03,796.0
9450,2026-08-10,769.0
9633,2025-08-18,1330.13
9633,2025-08-25,1362.74
9633,2025-09-01,1382.5
9633,2025-09-08,1383.49
9633,2025-09-15,1383.49
9633,2025-09-22,1412.15
9633,2025-09-29,1383.49
9633,2025-10-06,1387.44
9633,2025-10-13,1382.5
9633,2025-10-20,1392.38
9633,2025-10-27,1430.92
9633,2025-11-03,1403.25
9633,2025-11-10,1404.24
9633,2025-11-17,1433.89
9633,2025-11-24,1408.2
9633,2025-12-01,1414.12
9633,2025-12-08,1417.09
9633,2025-12-15,1418.08
9633,2025-12-22,1469.46
9633,2025-12-29,1507.02
9633,2026-01-05,1474.41
9633,2026-01-12,1468.48
9633,2026-01-19,1475.39
9633,2026-01-26,1481.32
9633,2026-02-02,1481.32
9633,2026-02-09,1485.28
9633,2026-02-16,1508.99
9633,2026-02-23,1569.27
9633,2026-03-02,1606.83
9633,2026-03-09,1679.95
9633,2026-03-16,1677.98
9633,2026-03-23,1676.0
9633,2026-03-30,1647.0
9633,2026-04-06,1601.0
9633,2026-04-13,1578.0
9633,2026-04-20,1550.0
9633,2026-04-27,1570.0
9633,2026-05-04,1579.0
9633,2026-05-11,1633.0
9633,2026-05-18,1616.0
9633,2026-05-25,1672.0
9633,2026-06-01,1643.0
9633,2026-06-08,1659.0
9633,2026-06-15,1608.0
9633,2026-06-22,1617.0
9633,2026-06-29,1625.0
9633,2026-07-06,1631.0
9633,2026-07-13,1635.0
9633,2026-07-20,1638.0
9633,2026-07-27,1633.0
9633,2026-08-03,1646.0
9633,2026-08-10,1722.0
9702,2025-08-18,1549.37
9702,2025-08-25,1647.23
9702,2025-09-01,1623.98
9702,2025-09-08,1731.53
9702,2025-09-15,1743.16
9702,2025-09-22,1779.98
9702,2025-09-29,1756.73
9702,2025-10-06,1767.39
9702,2025-10-13,1697.62
9702,2025-10-20,1744.13
9702,2025-10-27,1740.26
9702,2025-11-03,1712.16
9702,2025-11-10,1632.7
9702,2025-11-17,1667.58
9702,2025-11-24,1644.33
9702,2025-12-01,1635.61
9702,2025-12-08,1623.01
9702,2025-12-15,1651.11
9702,2025-12-22,1717.0
9702,2025-12-29,1733.0
9702,2026-01-05,1772.0
9702,2026-01-12,1811.0
9702,2026-01-19,1810.0
9702,2026-01-26,1814.0
9702,2026-02-02,1769.0
9702,2026-02-09,1815.0
9702,2026-02-16,1854.0
9702,2026-02-23,1999.0
9702,2026-03-02,2006.0
9702,2026-03-09,2018.0
9702,2026-03-16,1996.0
9702,2026-03-23,2057.0
9702,2026-03-30,1991.0
9702,2026-04-06,2040.0
9702,2026-04-13,2093.0
9702,2026-04-20,2087.0
9702,2026-04-27,2138.0
9702,2026-05-04,2183.0
9702,2026-05-11,2274.0
9702,2026-05-18,2296.0
9702,2026-05-25,2300.0
9702,2026-06-01,2367.0
9702,2026-06-08,2317.0
9702,2026-06-15,2344.0
9702,2026-06-22,2295.0
9702,2026-06-29,2300.0
9702,2026-07-06,2236.0
9702,2026-07-13,2187.0
9702,2026-07-20,2277.0
9702,2026-07-27,2362.0
9702,2026-08-03,2379.0
9702,2026-08-10,2568.0
9739,2025-08-18,2554.96
9739,2025-08-25,2496.03
9739,2025-09-01,2454.21
9739,2025-09-08,2465.62
9739,2025-09-15,2428.55
9739,2025-09-22,2494.13
9739,2025-09-29,2424.64
9739,2025-10-06,2486.41
9739,2025-10-13,2483.51
9739,2025-10-20,2546.25
9739,2025-10-27,2398.57
9739,2025-11-03,2426.57
9739,2025-11-10,2387.96
9739,2025-11-17,2422.7
9739,2025-11-24,2485.44
9739,2025-12-01,2399.54
9739,2025-12-08,2393.75
9739,2025-12-15,2422.7
9739,2025-12-22,2436.22
9739,2025-12-29,2441.04
9739,2026-01-05,2466.14
9739,2026-01-12,2462.28
9739,2026-01-19,2455.52
9739,2026-01-26,2383.13
9739,2026-02-02,2402.43
9739,2026-02-09,2305.91
9739,2026-02-16,2298.19
9739,2026-02-23,2381.2
9739,2026-03-02,2270.2
9739,2026-03-09,2290.47
9739,2026-03-16,2274.06
9739,2026-03-23,2359.0
9739,2026-03-30,2506.0
9739,2026-04-06,2518.0
9739,2026-04-13,2553.0
9739,2026-04-20,2447.0
9739,2026-04-27,2450.0
9739,2026-05-04,2457.0
9739,2026-05-11,2508.0
9739,2026-05-18,2605.0
9739,2026-05-25,2538.0
9739,2026-06-01,2557.0
9739,2026-06-08,2449.0
9739,2026-06-15,2529.0
9739,2026-06-22,2542.0
9739,2026-06-29,2525.0
9739,2026-07-06,2511.0
9739,2026-07-13,2524.0
9739,2026-07-20,2529.0
9739,2026-07-27,2498.0
9739,2026-08-03,2521.0
9739,2026-08-10,2740.0
9742,2025-08-18,1695.47
9742,2025-08-25,1742.3
9742,2025-09-01,1825.22
9742,2025-09-08,1926.67
9742,2025-09-15,1965.7
9742,2025-09-22,1997.89
9742,2025-09-29,1994.93
9742,2025-10-06,1955.42
9742,2025-10-13,1927.77
9742,2025-10-20,1980.11
9742,2025-10-27,1684.82
9742,2025-11-03,1697.66
9742,2025-11-10,1731.24
9742,2025-11-17,1712.48
9742,2025-11-24,1743.09
9742,2025-12-01,1778.64
9742,2025-12-08,1848.76
9742,2025-12-15,1952.46
9742,2025-12-22,1920.86
9742,2025-12-29,1928.76
9742,2026-01-05,1909.01
9742,2026-01-12,1959.37
9742,2026-01-19,1862.59
9742,2026-01-26,1851.73
9742,2026-02-02,1933.7
9742,2026-02-09,1945.55
9742,2026-02-16,1987.02
9742,2026-02-23,2098.62
9742,2026-03-02,2080.85
9742,2026-03-09,2133.19
9742,2026-03-16,2198.37
9742,2026-03-23,1989.0
9742,2026-03-30,2030.0
9742,2026-04-06,2032.0
9742,2026-04-13,2086.0
9742,2026-04-20,2086.0
9742,2026-04-27,2077.0
9742,2026-05-04,1952.0
9742,2026-05-11,2044.0
9742,2026-05-18,2104.0
9742,2026-05-25,2105.0
9742,2026-06-01,2162.0
9742,2026-06-08,2048.0
9742,2026-06-15,2104.0
9742,2026-06-22,2101.0
9742,2026-06-29,2151.0
9742,2026-07-06,2183.0
9742,2026-07-13,2195.0
9742,2026-07-20,2159.0
9742,2026-07-27,2135.0
9742,2026-08-03,2295.0
9742,2026-08-10,2370.0
9900,2025-08-18,1878.79
9900,2025-08-25,1881.78
9900,2025-09-01,1891.74
9900,2025-09-08,1855.86
9900,2025-09-15,1867.82
9900,2025-09-22,1952.54
9900,2025-09-29,1789.08
9900,2025-10-06,1736.26
9900,2025-10-13,1756.19
9900,2025-10-20,1710.34
9900,2025-10-27,1664.49
9900,2025-11-03,1724.3
9900,2025-11-10,1722.3
9900,2025-11-17,1814.0
9900,2025-11-24,1846.89
9900,2025-12-01,1818.98
9900,2025-12-08,1866.83
9900,2025-12-15,1884.77
9900,2025-12-22,1868.82
9900,2025-12-29,1891.74
9900,2026-01-05,1894.73
9900,2026-01-12,1923.64
9900,2026-01-19,1926.63
9900,2026-01-26,1923.64
9900,2026-02-02,1967.49
9900,2026-02-09,1929.62
9900,2026-02-16,1874.8
9900,2026-02-23,1892.74
9900,2026-03-02,1846.89
9900,2026-03-09,1774.13
9900,2026-03-16,1785.1
9900,2026-03-23,1814.0
9900,2026-03-30,1848.0
9900,2026-04-06,1835.0
9900,2026-04-13,1795.0
9900,2026-04-20,1716.0
9900,2026-04-27,1727.0
9900,2026-05-04,1704.0
9900,2026-05-11,1754.0
9900,2026-05-18,1717.0
9900,2026-05-25,1672.0
9900,2026-06-01,1529.0
9900,2026-06-08,1620.0
9900,2026-06-15,1578.0
9900,2026-06-22,1613.0
9900,2026-06-29,1646.0
9900,2026-07-06,1753.0
9900,2026-07-13,1794.0
9900,2026-07-20,1921.0
9900,2026-07-27,2075.0
9900,2026-08-03,2193.0
9900,2026-08-10,2249.0
