code,date,close
1438,2025-08-18,1923.7
1438,2025-08-25,1897.24
1438,2025-09-01,1939.38
1438,2025-09-08,1956.04
1438,2025-09-15,1974.66
1438,2025-09-22,1917.82
1438,2025-09-29,1905.95
1438,2025-10-06,1927.71
1438,2025-10-13,1926.72
1438,2025-10-20,1910.9
1438,2025-10-27,1880.24
1438,2025-11-03,1879.25
1438,2025-11-10,1942.55
1438,2025-11-17,1839.68
1438,2025-11-24,1829.79
1438,2025-12-01,1833.75
1438,2025-12-08,1806.05
1438,2025-12-15,1802.1
1438,2025-12-22,1764.51
1438,2025-12-29,1795.17
1438,2026-01-05,1770.45
1438,2026-01-12,1772.43
1438,2026-01-19,1774.4
1438,2026-01-26,1755.61
1438,2026-02-02,1751.66
1438,2026-02-09,1790.23
1438,2026-02-16,1859.46
1438,2026-02-23,1862.43
1438,2026-03-02,1810.01
1438,2026-03-09,1828.8
1438,2026-03-16,1818.91
1438,2026-03-23,1811.0
1438,2026-03-30,1810.0
1438,2026-04-06,1849.0
1438,2026-04-13,1869.0
1438,2026-04-20,1910.0
1438,2026-04-27,1860.0
1438,2026-05-04,1863.0
1438,2026-05-11,1950.0
1438,2026-05-18,1899.0
1438,2026-05-25,1833.0
1438,2026-06-01,1856.0
1438,2026-06-08,1831.0
1438,2026-06-15,1872.0
1438,2026-06-22,1890.0
1438,2026-06-29,1879.0
1438,2026-07-06,1896.0
1438,2026-07-13,1871.0
1438,2026-07-20,1931.0
1438,2026-07-27,1965.0
1438,2026-08-03,2145.0
1438,2026-08-10,2143.0
1795,2025-08-18,4190.34
1795,2025-08-25,4344.83
1795,2025-09-01,4344.83
1795,2025-09-08,4368.97
1795,2025-09-15,4325.52
1795,2025-09-22,4480.0
1795,2025-09-29,4425.0
1795,2025-10-06,4300.0
1795,2025-10-13,4365.0
1795,2025-10-20,4400.0
1795,2025-10-27,4325.0
1795,2025-11-03,4270.0
1795,2025-11-10,4500.0
1795,2025-11-17,4380.0
1795,2025-11-24,4390.0
1795,2025-12-01,4390.0
1795,2025-12-08,4370.0
1795,2025-12-15,4440.0
1795,2025-12-22,4380.0
1795,2025-12-29,4405.0
1795,2026-01-05,4490.0
1795,2026-01-12,4575.0
1795,2026-01-19,4675.0
1795,2026-01-26,4710.0
1795,2026-02-02,4710.0
1795,2026-02-09,4415.0
1795,2026-02-16,4530.0
1795,2026-02-23,4685.0
1795,2026-03-02,4660.0
1795,2026-03-09,4585.0
1795,2026-03-16,4565.0
1795,2026-03-23,4715.0
1795,2026-03-30,4720.0
1795,2026-04-06,4780.0
1795,2026-04-13,4800.0
1795,2026-04-20,4770.0
1795,2026-04-27,4710.0
1795,2026-05-04,4870.0
1795,2026-05-11,4795.0
1795,2026-05-18,4885.0
1795,2026-05-25,4810.0
1795,2026-06-01,4830.0
1795,2026-06-08,4795.0
1795,2026-06-15,4845.0
1795,2026-06-22,4920.0
1795,2026-06-29,4900.0
1795,2026-07-06,5200.0
1795,2026-07-13,5500.0
1795,2026-07-20,5400.0
1795,2026-07-27,5500.0
1795,2026-08-03,5550.0
1795,2026-08-10,5450.0
1899,2025-08-18,2819.18
1899,2025-08-25,2848.2
1899,2025-09-01,3186.69
1899,2025-09-08,3239.89
1899,2025-09-15,3177.02
1899,2025-09-22,3380.12
1899,2025-09-29,3225.38
1899,2025-10-06,3264.06
1899,2025-10-13,3331.76
1899,2025-10-20,3389.79
1899,2025-10-27,3326.93
1899,2025-11-03,3438.15
1899,2025-11-10,3510.68
1899,2025-11-17,3660.59
1899,2025-11-24,3849.18
1899,2025-12-01,3742.79
1899,2025-12-08,3776.64
1899,2025-12-15,3747.63
1899,2025-12-22,3825.0
1899,2025-12-29,3760.0
1899,2026-01-05,3985.0
1899,2026-01-12,4115.0
1899,2026-01-19,4125.0
1899,2026-01-26,3900.0
1899,2026-02-02,4175.0
1899,2026-02-09,3710.0
1899,2026-02-16,3680.0
1899,2026-02-23,3925.0
1899,2026-03-02,3785.0
1899,2026-03-09,3795.0
1899,2026-03-16,3965.0
1899,2026-03-23,4155.0
1899,2026-03-30,4315.0
1899,2026-04-06,4290.0
1899,2026-04-13,4105.0
1899,2026-04-20,4070.0
1899,2026-04-27,4215.0
1899,2026-05-04,4215.0
1899,2026-05-11,4090.0
1899,2026-05-18,3785.0
1899,2026-05-25,3745.0
1899,2026-06-01,3675.0
1899,2026-06-08,3620.0
1899,2026-06-15,3970.0
1899,2026-06-22,3785.0
1899,2026-06-29,3655.0
1899,2026-07-06,3760.0
1899,2026-07-13,3720.0
1899,2026-07-20,3900.0
1899,2026-07-27,3870.0
1899,2026-08-03,4440.0
1899,2026-08-10,4790.0
1960,2025-08-18,953.57
1960,2025-08-25,980.27
1960,2025-09-01,966.92
1960,2025-09-08,952.62
1960,2025-09-15,947.85
1960,2025-09-22,959.29
1960,2025-09-29,964.06
1960,2025-10-06,964.06
1960,2025-10-13,961.2
1960,2025-10-20,1000.3
1960,2025-10-27,1329.28
1960,2025-11-03,1335.0
1960,2025-11-10,1348.35
1960,2025-11-17,1339.77
1960,2025-11-24,1421.78
1960,2025-12-01,1369.33
1960,2025-12-08,1396.03
1960,2025-12-15,1303.53
1960,2025-12-22,1250.13
1960,2025-12-29,1264.44
1960,2026-01-05,1276.83
1960,2026-01-12,1406.52
1960,2026-01-19,1392.21
1960,2026-01-26,1347.4
1960,2026-02-02,1459.92
1960,2026-02-09,1392.21
1960,2026-02-16,1374.1
1960,2026-02-23,1466.59
1960,2026-03-02,1437.03
1960,2026-03-09,1379.82
1960,2026-03-16,1376.0
1960,2026-03-23,1335.0
1960,2026-03-30,1335.0
1960,2026-04-06,1375.0
1960,2026-04-13,1338.0
1960,2026-04-20,1391.0
1960,2026-04-27,1551.0
1960,2026-05-04,1588.0
1960,2026-05-11,1504.0
1960,2026-05-18,1403.0
1960,2026-05-25,1408.0
1960,2026-06-01,1434.0
1960,2026-06-08,1401.0
1960,2026-06-15,1362.0
1960,2026-06-22,1378.0
1960,2026-06-29,1509.0
1960,2026-07-06,1524.0
1960,2026-07-13,1400.0
1960,2026-07-20,1540.0
1960,2026-07-27,1445.0
1960,2026-08-03,1463.0
1960,2026-08-10,1634.0
2060,2025-08-18,1101.77
2060,2025-08-25,1089.26
2060,2025-09-01,1111.39
2060,2025-09-08,1103.69
2060,2025-09-15,1103.69
2060,2025-09-22,1117.16
2060,2025-09-29,1056.4
2060,2025-10-06,1017.21
2060,2025-10-13,1032.89
2060,2025-10-20,1044.65
2060,2025-10-27,997.61
2060,2025-11-03,983.89
2060,2025-11-10,986.83
2060,2025-11-17,1022.11
2060,2025-11-24,1005.45
2060,2025-12-01,998.59
2060,2025-12-08,991.73
2060,2025-12-15,1031.91
2060,2025-12-22,1034.85
2060,2025-12-29,1037.79
2060,2026-01-05,1060.32
2060,2026-01-12,1070.12
2060,2026-01-19,1068.16
2060,2026-01-26,1088.74
2060,2026-02-02,1174.98
2060,2026-02-09,1237.7
2060,2026-02-16,1230.84
2060,2026-02-23,1306.3
2060,2026-03-02,1239.66
2060,2026-03-09,1179.88
2060,2026-03-16,1167.14
2060,2026-03-23,1198.5
2060,2026-03-30,1170.0
2060,2026-04-06,1144.0
2060,2026-04-13,1125.0
2060,2026-04-20,1085.0
2060,2026-04-27,1102.0
2060,2026-05-04,1092.0
2060,2026-05-11,1253.0
2060,2026-05-18,1188.0
2060,2026-05-25,1200.0
2060,2026-06-01,1167.0
2060,2026-06-08,1211.0
2060,2026-06-15,1205.0
2060,2026-06-22,1219.0
2060,2026-06-29,1258.0
2060,2026-07-06,1261.0
2060,2026-07-13,1284.0
2060,2026-07-20,1283.0
2060,2026-07-27,1284.0
2060,2026-08-03,1273.0
2060,2026-08-10,1342.0
2108,2025-08-18,2625.27
2108,2025-08-25,2618.53
2108,2025-09-01,2703.28
2108,2025-09-08,2812.1
2108,2025-09-15,2800.55
2108,2025-09-22,2805.36
2108,2025-09-29,2803.43
2108,2025-10-06,2715.8
2108,2025-10-13,2743.73
2108,2025-10-20,2903.59
2108,2025-10-27,2880.48
2108,2025-11-03,2990.27
2108,2025-11-10,3192.51
2108,2025-11-17,3491.05
2108,2025-11-24,3500.68
2108,2025-12-01,3462.16
2108,2025-12-08,3500.68
2108,2025-12-15,3505.5
2108,2025-12-22,3659.58
2108,2025-12-29,3688.48
2108,2026-01-05,3808.86
2108,2026-01-12,3895.53
2108,2026-01-19,4015.91
2108,2026-01-26,3987.02
2108,2026-02-02,4011.1
2108,2026-02-09,4237.41
2108,2026-02-16,4155.55
2108,2026-02-23,4352.98
2108,2026-03-02,4126.66
2108,2026-03-09,3972.58
2108,2026-03-16,4044.8
2108,2026-03-23,4170.0
2108,2026-03-30,4140.0
2108,2026-04-06,4020.0
2108,2026-04-13,4000.0
2108,2026-04-20,4000.0
2108,2026-04-27,4020.0
2108,2026-05-04,3975.0
2108,2026-05-11,4240.0
2108,2026-05-18,4280.0
2108,2026-05-25,4280.0
2108,2026-06-01,4315.0
2108,2026-06-08,4570.0
2108,2026-06-15,4600.0
2108,2026-06-22,4680.0
2108,2026-06-29,4975.0
2108,2026-07-06,4720.0
2108,2026-07-13,4645.0
2108,2026-07-20,4960.0
2108,2026-07-27,5040.0
2108,2026-08-03,5170.0
2108,2026-08-10,5390.0
2170,2025-08-18,573.97
2170,2025-08-25,549.73
2170,2025-09-01,538.1
2170,2025-09-08,527.44
2170,2025-09-15,517.74
2170,2025-09-22,527.44
2170,2025-09-29,497.25
2170,2025-10-06,498.23
2170,2025-10-13,486.5
2170,2025-10-20,497.25
2170,2025-10-27,481.62
2170,2025-11-03,481.62
2170,2025-11-10,477.71
2170,2025-11-17,483.57
2170,2025-11-24,499.2
2170,2025-12-01,478.69
2170,2025-12-08,483.57
2170,2025-12-15,496.27
2170,2025-12-22,499.2
2170,2025-12-29,503.24
2170,2026-01-05,518.01
2170,2026-01-12,519.98
2170,2026-01-19,519.98
2170,2026-01-26,495.36
2170,2026-02-02,492.41
2170,2026-02-09,553.47
2170,2026-02-16,508.16
2170,2026-02-23,553.47
2170,2026-03-02,548.54
2170,2026-03-09,547.56
2170,2026-03-16,528.85
2170,2026-03-23,535.74
2170,2026-03-30,602.32
2170,2026-04-06,576.52
2170,2026-04-13,546.75
2170,2026-04-20,520.95
2170,2026-04-27,564.61
2170,2026-05-04,569.58
2170,2026-05-11,527.9
2170,2026-05-18,545.76
2170,2026-05-25,558.66
2170,2026-06-01,558.66
2170,2026-06-08,546.75
2170,2026-06-15,540.8
2170,2026-06-22,527.9
2170,2026-06-29,565.0
2170,2026-07-06,585.0
2170,2026-07-13,597.0
2170,2026-07-20,597.0
2170,2026-07-27,633.0
2170,2026-08-03,640.0
2170,2026-08-10,610.0
2179,2025-08-18,748.97
2179,2025-08-25,758.7
2179,2025-09-01,765.51
2179,2025-09-08,752.86
2179,2025-09-15,748.97
2179,2025-09-22,759.67
2179,2025-09-29,775.46
2179,2025-10-06,767.56
2179,2025-10-13,772.5
2179,2025-10-20,768.55
2179,2025-10-27,767.56
2179,2025-11-03,775.46
2179,2025-11-10,768.55
2179,2025-11-17,766.58
2179,2025-11-24,797.16
2179,2025-12-01,781.38
2179,2025-12-08,783.35
2179,2025-12-15,780.39
2179,2025-12-22,777.43
2179,2025-12-29,778.42
2179,2026-01-05,799.13
2179,2026-01-12,794.2
2179,2026-01-19,813.93
2179,2026-01-26,799.13
2179,2026-02-02,804.07
2179,2026-02-09,799.13
2179,2026-02-16,803.08
2179,2026-02-23,811.96
2179,2026-03-02,806.04
2179,2026-03-09,802.09
2179,2026-03-16,804.07
2179,2026-03-23,809.0
2179,2026-03-30,770.0
2179,2026-04-06,769.0
2179,2026-04-13,760.0
2179,2026-04-20,763.0
2179,2026-04-27,753.0
2179,2026-05-04,750.0
2179,2026-05-11,790.0
2179,2026-05-18,807.0
2179,2026-05-25,805.0
2179,2026-06-01,762.0
2179,2026-06-08,775.0
2179,2026-06-15,767.0
2179,2026-06-22,784.0
2179,2026-06-29,777.0
2179,2026-07-06,794.0
2179,2026-07-13,798.0
2179,2026-07-20,801.0
2179,2026-07-27,819.0
2179,2026-08-03,823.0
2179,2026-08-10,838.0
2207,2025-08-18,2121.31
2207,2025-08-25,2087.03
2207,2025-09-01,2142.86
2207,2025-09-08,2248.63
2207,2025-09-15,2204.56
2207,2025-09-22,2232.96
2207,2025-09-29,2115.38
2207,2025-10-06,2076.85
2207,2025-10-13,2095.62
2207,2025-10-20,2104.51
2207,2025-10-27,2106.49
2207,2025-11-03,2143.05
2207,2025-11-10,2172.69
2207,2025-11-17,2171.7
2207,2025-11-24,2333.74
2207,2025-12-01,2279.39
2207,2025-12-08,2324.84
2207,2025-12-15,2322.87
2207,2025-12-22,2331.76
2207,2025-12-29,2383.14
2207,2026-01-05,2489.85
2207,2026-01-12,2471.07
2207,2026-01-19,2485.89
2207,2026-01-26,2533.32
2207,2026-02-02,2567.9
2207,2026-02-09,2537.27
2207,2026-02-16,2551.1
2207,2026-02-23,2705.24
2207,2026-03-02,2815.9
2207,2026-03-09,2834.67
2207,2026-03-16,2871.23
2207,2026-03-23,2890.0
2207,2026-03-30,3095.0
2207,2026-04-06,3070.0
2207,2026-04-13,3260.0
2207,2026-04-20,3205.0
2207,2026-04-27,3280.0
2207,2026-05-04,3275.0
2207,2026-05-11,3090.0
2207,2026-05-18,3015.0
2207,2026-05-25,3000.0
2207,2026-06-01,2943.0
2207,2026-06-08,2946.0
2207,2026-06-15,3015.0
2207,2026-06-22,3160.0
2207,2026-06-29,3195.0
2207,2026-07-06,3110.0
2207,2026-07-13,3130.0
2207,2026-07-20,3155.0
2207,2026-07-27,3195.0
2207,2026-08-03,3245.0
2207,2026-08-10,3530.0
2269,2025-08-18,2996.12
2269,2025-08-25,2967.01
2269,2025-09-01,3091.2
2269,2025-09-08,3051.42
2269,2025-09-15,3036.87
2269,2025-09-22,3057.24
2269,2025-09-29,2974.86
2269,2025-10-06,2909.24
2269,2025-10-13,2968.94
2269,2025-10-20,2958.58
2269,2025-10-27,2923.55
2269,2025-11-03,3044.91
2269,2025-11-10,3141.61
2269,2025-11-17,3137.66
2269,2025-11-24,3324.14
2269,2025-12-01,3189.95
2269,2025-12-08,3240.27
2269,2025-12-15,3375.45
2269,2025-12-22,3470.17
2269,2025-12-29,3438.6
2269,2026-01-05,3494.84
2269,2026-01-12,3499.77
2269,2026-01-19,3631.99
2269,2026-01-26,3574.76
2269,2026-02-02,3750.39
2269,2026-02-09,3809.59
2269,2026-02-16,3806.63
2269,2026-02-23,3973.38
2269,2026-03-02,3808.61
2269,2026-03-09,3878.66
2269,2026-03-16,3876.69
2269,2026-03-23,3890.5
2269,2026-03-30,3977.0
2269,2026-04-06,3903.0
2269,2026-04-13,3814.0
2269,2026-04-20,3731.0
2269,2026-04-27,3714.0
2269,2026-05-04,3670.0
2269,2026-05-11,3701.0
2269,2026-05-18,3713.0
2269,2026-05-25,3768.0
2269,2026-06-01,3674.0
2269,2026-06-08,3727.0
2269,2026-06-15,3581.0
2269,2026-06-22,3786.0
2269,2026-06-29,3818.0
2269,2026-07-06,3771.0
2269,2026-07-13,3812.0
2269,2026-07-20,3743.0
2269,2026-07-27,3789.0
2269,2026-08-03,4110.0
2269,2026-08-10,4187.0
2340,2025-08-18,487.98
2340,2025-08-25,487.98
2340,2025-09-01,494.89
2340,2025-09-08,496.87
2340,2025-09-15,495.88
2340,2025-09-22,498.84
2340,2025-09-29,472.17
2340,2025-10-06,472.17
2340,2025-10-13,472.17
2340,2025-10-20,475.13
2340,2025-10-27,474.15
2340,2025-11-03,474.15
2340,2025-11-10,478.1
2340,2025-11-17,465.26
2340,2025-11-24,471.18
2340,2025-12-01,468.22
2340,2025-12-08,469.21
2340,2025-12-15,471.18
2340,2025-12-22,472.17
2340,2025-12-29,475.13
2340,2026-01-05,481.06
2340,2026-01-12,480.07
2340,2026-01-19,480.07
2340,2026-01-26,481.06
2340,2026-02-02,480.07
2340,2026-02-09,487.98
2340,2026-02-16,485.01
2340,2026-02-23,486.0
2340,2026-03-02,484.02
2340,2026-03-09,480.07
2340,2026-03-16,480.07
2340,2026-03-23,486.0
2340,2026-03-30,485.0
2340,2026-04-06,487.0
2340,2026-04-13,486.0
2340,2026-04-20,482.0
2340,2026-04-27,482.0
2340,2026-05-04,483.0
2340,2026-05-11,480.0
2340,2026-05-18,478.0
2340,2026-05-25,477.0
2340,2026-06-01,472.0
2340,2026-06-08,473.0
2340,2026-06-15,476.0
2340,2026-06-22,483.0
2340,2026-06-29,492.0
2340,2026-07-06,495.0
2340,2026-07-13,494.0
2340,2026-07-20,499.0
2340,2026-07-27,501.0
2340,2026-08-03,511.0
2340,2026-08-10,533.0
2371,2025-08-18,2781.98
2371,2025-08-25,2693.96
2371,2025-09-01,2625.99
2371,2025-09-08,2643.1
2371,2025-09-15,2588.82
2371,2025-09-22,2539.92
2371,2025-09-29,2427.34
2371,2025-10-06,2516.22
2371,2025-10-13,2523.63
2371,2025-10-20,2694.96
2371,2025-10-27,2714.71
2371,2025-11-03,2435.24
2371,2025-11-10,2449.07
2371,2025-11-17,2387.84
2371,2025-11-24,2275.26
2371,2025-12-01,2262.43
2371,2025-12-08,2193.79
2371,2025-12-15,2196.26
2371,2025-12-22,2325.63
2371,2025-12-29,2283.17
2371,2026-01-05,2309.33
2371,2026-01-12,2269.34
2371,2026-01-19,2218.98
2371,2026-01-26,2083.68
2371,2026-02-02,1823.96
2371,2026-02-09,1623.99
2371,2026-02-16,1652.63
2371,2026-02-23,1700.03
2371,2026-03-02,1789.4
2371,2026-03-09,1871.37
2371,2026-03-16,1900.5
2371,2026-03-23,1979.5
2371,2026-03-30,2225.5
2371,2026-04-06,1990.0
2371,2026-04-13,2144.5
2371,2026-04-20,2750.0
2371,2026-04-27,2581.5
2371,2026-05-04,2914.5
2371,2026-05-11,3528.0
2371,2026-05-18,3412.0
2371,2026-05-25,3340.0
2371,2026-06-01,3336.0
2371,2026-06-08,3307.0
2371,2026-06-15,3321.0
2371,2026-06-22,3310.0
2371,2026-06-29,3564.0
2371,2026-07-06,3630.0
2371,2026-07-13,3615.0
2371,2026-07-20,3673.0
2371,2026-07-27,3690.0
2371,2026-08-03,3711.0
2371,2026-08-10,3720.0
2436,2025-08-18,452.67
2436,2025-08-25,457.11
2436,2025-09-01,464.5
2436,2025-09-08,446.26
2436,2025-09-15,457.11
2436,2025-09-22,449.22
2436,2025-09-29,435.9
2436,2025-10-06,422.1
2436,2025-10-13,414.7
2436,2025-10-20,422.59
2436,2025-10-27,417.66
2436,2025-11-03,413.22
2436,2025-11-10,423.08
2436,2025-11-17,419.14
2436,2025-11-24,424.07
2436,2025-12-01,495.08
2436,2025-12-08,477.32
2436,2025-12-15,477.32
2436,2025-12-22,500.5
2436,2025-12-29,495.5
2436,2026-01-05,497.5
2436,2026-01-12,512.5
2436,2026-01-19,520.5
2436,2026-01-26,505.0
2436,2026-02-02,499.5
2436,2026-02-09,510.5
2436,2026-02-16,512.5
2436,2026-02-23,512.0
2436,2026-03-02,519.5
2436,2026-03-09,502.5
2436,2026-03-16,500.0
2436,2026-03-23,497.5
2436,2026-03-30,508.5
2436,2026-04-06,500.0
2436,2026-04-13,493.5
2436,2026-04-20,482.5
2436,2026-04-27,499.5
2436,2026-05-04,509.0
2436,2026-05-11,511.5
2436,2026-05-18,505.5
2436,2026-05-25,526.0
2436,2026-06-01,520.0
2436,2026-06-08,507.5
2436,2026-06-15,513.0
2436,2026-06-22,519.0
2436,2026-06-29,610.0
2436,2026-07-06,609.0
2436,2026-07-13,601.0
2436,2026-07-20,595.0
2436,2026-07-27,636.0
2436,2026-08-03,611.0
2436,2026-08-10,645.0
2489,2025-08-18,286.18
2489,2025-08-25,284.23
2489,2025-09-01,297.91
2489,2025-09-08,300.84
2489,2025-09-15,314.51
2489,2025-09-22,318.42
2489,2025-09-29,286.18
2489,2025-10-06,287.16
2489,2025-10-13,278.37
2489,2025-10-20,293.02
2489,2025-10-27,285.21
2489,2025-11-03,288.14
2489,2025-11-10,292.04
2489,2025-11-17,268.6
2489,2025-11-24,269.58
2489,2025-12-01,251.02
2489,2025-12-08,249.07
2489,2025-12-15,269.58
2489,2025-12-22,269.58
2489,2025-12-29,264.0
2489,2026-01-05,270.0
2489,2026-01-12,264.0
2489,2026-01-19,275.0
2489,2026-01-26,263.0
2489,2026-02-02,257.0
2489,2026-02-09,288.0
2489,2026-02-16,282.0
2489,2026-02-23,290.0
2489,2026-03-02,278.0
2489,2026-03-09,268.0
2489,2026-03-16,269.0
2489,2026-03-23,279.0
2489,2026-03-30,271.0
2489,2026-04-06,280.0
2489,2026-04-13,282.0
2489,2026-04-20,278.0
2489,2026-04-27,286.0
2489,2026-05-04,294.0
2489,2026-05-11,286.0
2489,2026-05-18,272.0
2489,2026-05-25,265.0
2489,2026-06-01,272.0
2489,2026-06-08,264.0
2489,2026-06-15,286.0
2489,2026-06-22,284.0
2489,2026-06-29,297.0
2489,2026-07-06,303.0
2489,2026-07-13,309.0
2489,2026-07-20,304.0
2489,2026-07-27,317.0
2489,2026-08-03,311.0
2489,2026-08-10,350.0
2492,2025-08-18,367.77
2492,2025-08-25,366.79
2492,2025-09-01,350.07
2492,2025-09-08,348.1
2492,2025-09-15,345.15
2492,2025-09-22,338.27
2492,2025-09-29,314.67
2492,2025-10-06,316.64
2492,2025-10-13,310.74
2492,2025-10-20,324.5
2492,2025-10-27,322.54
2492,2025-11-03,329.42
2492,2025-11-10,338.27
2492,2025-11-17,346.14
2492,2025-11-24,353.02
2492,2025-12-01,367.77
2492,2025-12-08,392.35
2492,2025-12-15,395.3
2492,2025-12-22,421.86
2492,2025-12-29,420.08
2492,2026-01-05,418.1
2492,2026-01-12,447.82
2492,2026-01-19,456.74
2492,2026-01-26,447.82
2492,2026-02-02,378.47
2492,2026-02-09,361.63
2492,2026-02-16,365.59
2492,2026-02-23,399.28
2492,2026-03-02,416.12
2492,2026-03-09,395.31
2492,2026-03-16,396.3
2492,2026-03-23,426.03
2492,2026-03-30,466.65
2492,2026-04-06,424.04
2492,2026-04-13,464.67
2492,2026-04-20,437.92
2492,2026-04-27,394.32
2492,2026-05-04,417.11
2492,2026-05-11,390.36
2492,2026-05-18,372.53
2492,2026-05-25,387.39
2492,2026-06-01,366.58
2492,2026-06-08,360.64
2492,2026-06-15,399.28
2492,2026-06-22,352.71
2492,2026-06-29,479.0
2492,2026-07-06,490.0
2492,2026-07-13,489.0
2492,2026-07-20,521.0
2492,2026-07-27,569.0
2492,2026-08-03,585.0
2492,2026-08-10,591.0
2652,2025-08-18,324.96
2652,2025-08-25,340.91
2652,2025-09-01,331.94
2652,2025-09-08,313.0
2652,2025-09-15,315.99
2652,2025-09-22,313.0
2652,2025-09-29,319.0
2652,2025-10-06,352.0
2652,2025-10-13,356.0
2652,2025-10-20,373.0
2652,2025-10-27,375.0
2652,2025-11-03,365.0
2652,2025-11-10,349.0
2652,2025-11-17,339.0
2652,2025-11-24,339.0
2652,2025-12-01,332.0
2652,2025-12-08,334.0
2652,2025-12-15,342.0
2652,2025-12-22,330.0
2652,2025-12-29,341.0
2652,2026-01-05,352.0
2652,2026-01-12,359.0
2652,2026-01-19,350.0
2652,2026-01-26,347.0
2652,2026-02-02,344.0
2652,2026-02-09,347.0
2652,2026-02-16,349.0
2652,2026-02-23,362.0
2652,2026-03-02,355.0
2652,2026-03-09,335.0
2652,2026-03-16,332.0
2652,2026-03-23,328.0
2652,2026-03-30,329.0
2652,2026-04-06,328.0
2652,2026-04-13,332.0
2652,2026-04-20,329.0
2652,2026-04-27,342.0
2652,2026-05-04,350.0
2652,2026-05-11,346.0
2652,2026-05-18,351.0
2652,2026-05-25,349.0
2652,2026-06-01,359.0
2652,2026-06-08,394.0
2652,2026-06-15,389.0
2652,2026-06-22,404.0
2652,2026-06-29,424.0
2652,2026-07-06,446.0
2652,2026-07-13,455.0
2652,2026-07-20,431.0
2652,2026-07-27,417.0
2652,2026-08-03,449.0
2652,2026-08-10,480.0
2664,2025-08-18,2742.87
2664,2025-08-25,2713.84
2664,2025-09-01,2766.1
2664,2025-09-08,2799.98
2664,2025-09-15,2791.27
2664,2025-09-22,2851.27
2664,2025-09-29,2804.82
2664,2025-10-06,2840.63
2664,2025-10-13,2831.92
2664,2025-10-20,2855.14
2664,2025-10-27,2873.53
2664,2025-11-03,2913.22
2664,2025-11-10,2888.05
2664,2025-11-17,2966.45
2664,2025-11-24,2927.73
2664,2025-12-01,2823.21
2664,2025-12-08,2795.14
2664,2025-12-15,2859.98
2664,2025-12-22,2918.05
2664,2025-12-29,2903.54
2664,2026-01-05,2932.57
2664,2026-01-12,2927.73
2664,2026-01-19,3000.32
2664,2026-01-26,3000.32
2664,2026-02-02,3029.36
2664,2026-02-09,3029.36
2664,2026-02-16,3029.36
2664,2026-02-23,3203.57
2664,2026-03-02,3000.32
2664,2026-03-09,2923.0
2664,2026-03-16,2991.0
2664,2026-03-23,2997.0
2664,2026-03-30,3050.0
2664,2026-04-06,3030.0
2664,2026-04-13,2923.0
2664,2026-04-20,2815.0
2664,2026-04-27,3000.0
2664,2026-05-04,3045.0
2664,2026-05-11,3065.0
2664,2026-05-18,3120.0
2664,2026-05-25,3280.0
2664,2026-06-01,3350.0
2664,2026-06-08,3510.0
2664,2026-06-15,3480.0
2664,2026-06-22,3485.0
2664,2026-06-29,3390.0
2664,2026-07-06,3440.0
2664,2026-07-13,3380.0
2664,2026-07-20,3335.0
2664,2026-07-27,3325.0
2664,2026-08-03,3645.0
2664,2026-08-10,3620.0
2788,2025-08-18,335.85
2788,2025-08-25,352.35
2788,2025-09-01,364.0
2788,2025-09-08,357.21
2788,2025-09-15,341.68
2788,2025-09-22,341.68
2788,2025-09-29,337.79
2788,2025-10-06,332.94
2788,2025-10-13,331.97
2788,2025-10-20,338.77
2788,2025-10-27,331.0
2788,2025-11-03,339.74
2788,2025-11-10,331.97
2788,2025-11-17,331.0
2788,2025-11-24,332.94
2788,2025-12-01,332.94
2788,2025-12-08,331.0
2788,2025-12-15,329.06
2788,2025-12-22,331.0
2788,2025-12-29,337.0
2788,2026-01-05,341.0
2788,2026-01-12,347.0
2788,2026-01-19,360.0
2788,2026-01-26,350.0
2788,2026-02-02,343.0
2788,2026-02-09,350.0
2788,2026-02-16,356.0
2788,2026-02-23,361.0
2788,2026-03-02,356.0
2788,2026-03-09,350.0
2788,2026-03-16,347.0
2788,2026-03-23,343.0
2788,2026-03-30,345.0
2788,2026-04-06,348.0
2788,2026-04-13,352.0
2788,2026-04-20,342.0
2788,2026-04-27,339.0
2788,2026-05-04,335.0
2788,2026-05-11,347.0
2788,2026-05-18,377.0
2788,2026-05-25,378.0
2788,2026-06-01,378.0
2788,2026-06-08,369.0
2788,2026-06-15,366.0
2788,2026-06-22,361.0
2788,2026-06-29,379.0
2788,2026-07-06,385.0
2788,2026-07-13,381.0
2788,2026-07-20,382.0
2788,2026-07-27,390.0
2788,2026-08-03,405.0
2788,2026-08-10,406.0
2798,2025-08-18,2989.0
2798,2025-08-25,2898.0
2798,2025-09-01,2901.0
2798,2025-09-08,2912.0
2798,2025-09-15,2901.0
2798,2025-09-22,2930.0
2798,2025-09-29,2926.0
2798,2025-10-06,2914.0
2798,2025-10-13,2910.0
2798,2025-10-20,2915.0
2798,2025-10-27,2929.0
2798,2025-11-03,2901.0
2798,2025-11-10,2906.0
2798,2025-11-17,2897.0
2798,2025-11-24,2919.0
2798,2025-12-01,2907.0
2798,2025-12-08,2921.0
2798,2025-12-15,2936.0
2798,2025-12-22,2946.0
2798,2025-12-29,2974.0
2798,2026-01-05,2995.0
2798,2026-01-12,3010.0
2798,2026-01-19,2995.0
2798,2026-01-26,2983.0
2798,2026-02-02,3005.0
2798,2026-02-09,3010.0
2798,2026-02-16,3015.0
2798,2026-02-23,2910.0
2798,2026-03-02,2907.0
2798,2026-03-09,2938.0
2798,2026-03-16,2915.0
2798,2026-03-23,2924.0
2798,2026-03-30,2948.0
2798,2026-04-06,2959.0
2798,2026-04-13,2968.0
2798,2026-04-20,2975.0
2798,2026-04-27,2989.0
2798,2026-05-04,2993.0
2798,2026-05-11,2993.0
2798,2026-05-18,2985.0
2798,2026-05-25,2999.0
2798,2026-06-01,2988.0
2798,2026-06-08,2988.0
2798,2026-06-15,2990.0
2798,2026-06-22,2980.0
2798,2026-06-29,2998.0
2798,2026-07-06,3010.0
2798,2026-07-13,3015.0
2798,2026-07-20,3025.0
2798,2026-07-27,3020.0
2798,2026-08-03,3045.0
2798,2026-08-10,3055.0
2801,2025-08-18,1281.95
2801,2025-08-25,1248.08
2801,2025-09-01,1281.46
2801,2025-09-08,1275.57
2801,2025-09-15,1267.72
2801,2025-09-22,1271.15
2801,2025-09-29,1233.55
2801,2025-10-06,1267.19
2801,2025-10-13,1277.09
2801,2025-10-20,1251.36
2801,2025-10-27,1213.26
2801,2025-11-03,1354.28
2801,2025-11-10,1360.71
2801,2025-11-17,1423.55
2801,2025-11-24,1415.14
2801,2025-12-01,1378.52
2801,2025-12-08,1420.09
2801,2025-12-15,1442.35
2801,2025-12-22,1410.19
2801,2025-12-29,1407.22
2801,2026-01-05,1381.49
2801,2026-01-12,1374.57
2801,2026-01-19,1427.02
2801,2026-01-26,1376.05
2801,2026-02-02,1385.95
2801,2026-02-09,1475.51
2801,2026-02-16,1467.59
2801,2026-02-23,1484.41
2801,2026-03-02,1392.87
2801,2026-03-09,1300.84
2801,2026-03-16,1322.61
2801,2026-03-23,1428.5
2801,2026-03-30,1558.0
2801,2026-04-06,1523.0
2801,2026-04-13,1484.0
2801,2026-04-20,1434.0
2801,2026-04-27,1434.0
2801,2026-05-04,1386.5
2801,2026-05-11,1408.0
2801,2026-05-18,1425.5
2801,2026-05-25,1393.0
2801,2026-06-01,1437.0
2801,2026-06-08,1629.0
2801,2026-06-15,1540.0
2801,2026-06-22,1633.5
2801,2026-06-29,1631.5
2801,2026-07-06,1619.0
2801,2026-07-13,1667.0
2801,2026-07-20,1613.0
2801,2026-07-27,1647.5
2801,2026-08-03,1760.0
2801,2026-08-10,1768.5
3040,2025-08-18,1365.47
3040,2025-08-25,1346.05
3040,2025-09-01,1343.14
3040,2025-09-08,1355.76
3040,2025-09-15,1403.35
3040,2025-09-22,1439.28
3040,2025-09-29,1405.29
3040,2025-10-06,1494.64
3040,2025-10-13,1434.43
3040,2025-10-20,1614.09
3040,2025-10-27,1667.51
3040,2025-11-03,1719.95
3040,2025-11-10,1793.76
3040,2025-11-17,1772.4
3040,2025-11-24,1845.23
3040,2025-12-01,1869.51
3040,2025-12-08,1931.67
3040,2025-12-15,1952.06
3040,2025-12-22,2031.7
3040,2025-12-29,2022.84
3040,2026-01-05,2013.98
3040,2026-01-12,2112.42
3040,2026-01-19,2015.95
3040,2026-01-26,1921.45
3040,2026-02-02,1895.86
3040,2026-02-09,1973.62
3040,2026-02-16,2054.34
3040,2026-02-23,1962.8
3040,2026-03-02,1837.78
3040,2026-03-09,1814.16
3040,2026-03-16,1775.77
3040,2026-03-23,1741.32
3040,2026-03-30,1646.82
3040,2026-04-06,1697.02
3040,2026-04-13,1734.43
3040,2026-04-20,1747.22
3040,2026-04-27,1746.24
3040,2026-05-04,1841.72
3040,2026-05-11,2017.92
3040,2026-05-18,2101.59
3040,2026-05-25,2069.1
3040,2026-06-01,2166.56
3040,2026-06-08,2041.54
3040,2026-06-15,1992.33
3040,2026-06-22,1887.0
3040,2026-06-29,1986.0
3040,2026-07-06,1988.0
3040,2026-07-13,1971.0
3040,2026-07-20,1957.0
3040,2026-07-27,1950.0
3040,2026-08-03,2006.0
3040,2026-08-10,2299.0
3058,2025-08-18,684.0
3058,2025-08-25,683.0
3058,2025-09-01,690.0
3058,2025-09-08,685.0
3058,2025-09-15,690.0
3058,2025-09-22,688.0
3058,2025-09-29,679.0
3058,2025-10-06,688.0
3058,2025-10-13,685.0
3058,2025-10-20,685.0
3058,2025-10-27,686.0
3058,2025-11-03,684.0
3058,2025-11-10,678.0
3058,2025-11-17,678.0
3058,2025-11-24,678.0
3058,2025-12-01,681.0
3058,2025-12-08,675.0
3058,2025-12-15,678.0
3058,2025-12-22,677.0
3058,2025-12-29,679.0
3058,2026-01-05,679.0
3058,2026-01-12,680.0
3058,2026-01-19,681.0
3058,2026-01-26,690.0
3058,2026-02-02,695.0
3058,2026-02-09,684.0
3058,2026-02-16,689.0
3058,2026-02-23,688.0
3058,2026-03-02,692.0
3058,2026-03-09,697.0
3058,2026-03-16,709.0
3058,2026-03-23,744.0
3058,2026-03-30,681.0
3058,2026-04-06,686.0
3058,2026-04-13,686.0
3058,2026-04-20,691.0
3058,2026-04-27,695.0
3058,2026-05-04,695.0
3058,2026-05-11,701.0
3058,2026-05-18,720.0
3058,2026-05-25,688.0
3058,2026-06-01,686.0
3058,2026-06-08,683.0
3058,2026-06-15,695.0
3058,2026-06-22,685.0
3058,2026-06-29,689.0
3058,2026-07-06,692.0
3058,2026-07-13,696.0
3058,2026-07-20,706.0
3058,2026-07-27,705.0
3058,2026-08-03,699.0
3058,2026-08-10,701.0
3097,2025-08-18,4329.2
3097,2025-08-25,4150.88
3097,2025-09-01,4324.25
3097,2025-09-08,4299.48
3097,2025-09-15,4353.97
3097,2025-09-22,4477.8
3097,2025-09-29,4180.6
3097,2025-10-06,3972.56
3097,2025-10-13,3923.03
3097,2025-10-20,3893.31
3097,2025-10-27,3819.01
3097,2025-11-03,3883.4
3097,2025-11-10,4200.42
3097,2025-11-17,4269.76
3097,2025-11-24,4393.6
3097,2025-12-01,4344.06
3097,2025-12-08,4314.34
3097,2025-12-15,4457.99
3097,2025-12-22,4502.57
3097,2025-12-29,4388.14
3097,2026-01-05,4373.21
3097,2026-01-12,4398.09
3097,2026-01-19,4328.44
3097,2026-01-26,4134.4
3097,2026-02-02,4223.96
3097,2026-02-09,4835.91
3097,2026-02-16,4985.17
3097,2026-02-23,4985.17
3097,2026-03-02,5214.03
3097,2026-03-09,4875.71
3097,2026-03-16,4771.23
3097,2026-03-23,4791.13
3097,2026-03-30,4786.16
3097,2026-04-06,4447.84
3097,2026-04-13,4383.17
3097,2026-04-20,4194.11
3097,2026-04-27,4278.69
3097,2026-05-04,4184.16
3097,2026-05-11,4766.26
3097,2026-05-18,4855.81
3097,2026-05-25,5005.07
3097,2026-06-01,4607.05
3097,2026-06-08,4706.55
3097,2026-06-15,4617.0
3097,2026-06-22,4617.0
3097,2026-06-29,4740.0
3097,2026-07-06,4985.0
3097,2026-07-13,5200.0
3097,2026-07-20,4975.0
3097,2026-07-27,5480.0
3097,2026-08-03,5510.0
3097,2026-08-10,5790.0
3131,2025-08-18,2705.34
3131,2025-08-25,3065.36
3131,2025-09-01,2969.86
3131,2025-09-08,3199.05
3131,2025-09-15,3151.3
3131,2025-09-22,3199.05
3131,2025-09-29,3165.62
3131,2025-10-06,3194.27
3131,2025-10-13,2974.64
3131,2025-10-20,3070.13
3131,2025-10-27,3347.06
3131,2025-11-03,3318.41
3131,2025-11-10,2627.99
3131,2025-11-17,2520.08
3131,2025-11-24,2593.62
3131,2025-12-01,2561.15
3131,2025-12-08,2616.53
3131,2025-12-15,2559.24
3131,2025-12-22,2746.41
3131,2025-12-29,2767.41
3131,2026-01-05,2797.02
3131,2026-01-12,2826.62
3131,2026-01-19,2874.37
3131,2026-01-26,2898.24
3131,2026-02-02,2847.63
3131,2026-02-09,2776.01
3131,2026-02-16,2825.67
3131,2026-02-23,2950.76
3131,2026-03-02,2801.79
3131,2026-03-09,2674.79
3131,2026-03-16,2700.57
3131,2026-03-23,2755.0
3131,2026-03-30,2695.0
3131,2026-04-06,2731.0
3131,2026-04-13,2779.0
3131,2026-04-20,2744.0
3131,2026-04-27,2857.0
3131,2026-05-04,3055.0
3131,2026-05-11,3125.0
3131,2026-05-18,3200.0
3131,2026-05-25,3455.0
3131,2026-06-01,3655.0
3131,2026-06-08,3350.0
3131,2026-06-15,3615.0
3131,2026-06-22,3555.0
3131,2026-06-29,4025.0
3131,2026-07-06,3635.0
3131,2026-07-13,3375.0
3131,2026-07-20,3515.0
3131,2026-07-27,4100.0
3131,2026-08-03,4455.0
3131,2026-08-10,6160.0
3156,2025-08-18,2527.58
3156,2025-08-25,2493.25
3156,2025-09-01,2503.74
3156,2025-09-08,2547.61
3156,2025-09-15,2518.05
3156,2025-09-22,2566.69
3156,2025-09-29,2563.76
3156,2025-10-06,2504.26
3156,2025-10-13,2524.74
3156,2025-10-20,2566.69
3156,2025-10-27,2519.86
3156,2025-11-03,2480.84
3156,2025-11-10,2505.23
3156,2025-11-17,2509.13
3156,2025-11-24,2693.51
3156,2025-12-01,2647.66
3156,2025-12-08,2634.0
3156,2025-12-15,2615.47
3156,2025-12-22,2726.68
3156,2025-12-29,2726.68
3156,2026-01-05,2773.51
3156,2026-01-12,2810.58
3156,2026-01-19,2911.06
3156,2026-01-26,2864.24
3156,2026-02-02,2913.01
3156,2026-02-09,3038.86
3156,2026-02-16,3014.47
3156,2026-02-23,3073.01
3156,2026-03-02,2868.14
3156,2026-03-09,2770.58
3156,2026-03-16,2749.12
3156,2026-03-23,2714.0
3156,2026-03-30,2716.0
3156,2026-04-06,2821.0
3156,2026-04-13,2827.0
3156,2026-04-20,2847.0
3156,2026-04-27,2828.0
3156,2026-05-04,2975.0
3156,2026-05-11,3465.0
3156,2026-05-18,3550.0
3156,2026-05-25,4065.0
3156,2026-06-01,4390.0
3156,2026-06-08,4410.0
3156,2026-06-15,4410.0
3156,2026-06-22,4305.0
3156,2026-06-29,4020.0
3156,2026-07-06,3730.0
3156,2026-07-13,3495.0
3156,2026-07-20,3540.0
3156,2026-07-27,4125.0
3156,2026-08-03,4415.0
3156,2026-08-10,5100.0
3173,2025-08-18,852.85
3173,2025-08-25,852.85
3173,2025-09-01,855.74
3173,2025-09-08,867.31
3173,2025-09-15,861.52
3173,2025-09-22,882.72
3173,2025-09-29,859.21
3173,2025-10-06,857.25
3173,2025-10-13,863.13
3173,2025-10-20,867.05
3173,2025-10-27,857.25
3173,2025-11-03,863.13
3173,2025-11-10,870.97
3173,2025-11-17,854.31
3173,2025-11-24,864.11
3173,2025-12-01,876.85
3173,2025-12-08,878.81
3173,2025-12-15,872.93
3173,2025-12-22,860.19
3173,2025-12-29,881.74
3173,2026-01-05,886.64
3173,2026-01-12,887.62
3173,2026-01-19,887.62
3173,2026-01-26,885.66
3173,2026-02-02,885.66
3173,2026-02-09,899.38
3173,2026-02-16,971.88
3173,2026-02-23,981.68
3173,2026-03-02,973.84
3173,2026-03-09,969.92
3173,2026-03-16,969.92
3173,2026-03-23,966.0
3173,2026-03-30,921.0
3173,2026-04-06,919.0
3173,2026-04-13,917.0
3173,2026-04-20,916.0
3173,2026-04-27,917.0
3173,2026-05-04,914.0
3173,2026-05-11,922.0
3173,2026-05-18,960.0
3173,2026-05-25,961.0
3173,2026-06-01,968.0
3173,2026-06-08,961.0
3173,2026-06-15,972.0
3173,2026-06-22,1002.0
3173,2026-06-29,1058.0
3173,2026-07-06,1048.0
3173,2026-07-13,1018.0
3173,2026-07-20,1052.0
3173,2026-07-27,1099.0
3173,2026-08-03,1228.0
3173,2026-08-10,1559.0
3276,2025-08-18,1269.07
3276,2025-08-25,1263.21
3276,2025-09-01,1239.79
3276,2025-09-08,1272.0
3276,2025-09-15,1264.19
3276,2025-09-22,1309.1
3276,2025-09-29,1230.02
3276,2025-10-06,1242.71
3276,2025-10-13,1246.62
3276,2025-10-20,1267.12
3276,2025-10-27,1223.19
3276,2025-11-03,1222.21
3276,2025-11-10,1236.86
3276,2025-11-17,1251.5
3276,2025-11-24,1265.17
3276,2025-12-01,1224.17
3276,2025-12-08,1227.09
3276,2025-12-15,1257.36
3276,2025-12-22,1272.0
3276,2025-12-29,1290.0
3276,2026-01-05,1292.0
3276,2026-01-12,1294.0
3276,2026-01-19,1291.0
3276,2026-01-26,1280.0
3276,2026-02-02,1289.0
3276,2026-02-09,1332.0
3276,2026-02-16,1352.0
3276,2026-02-23,1375.0
3276,2026-03-02,1341.0
3276,2026-03-09,1330.0
3276,2026-03-16,1321.0
3276,2026-03-23,1328.0
3276,2026-03-30,1322.0
3276,2026-04-06,1329.0
3276,2026-04-13,1316.0
3276,2026-04-20,1292.0
3276,2026-04-27,1298.0
3276,2026-05-04,1281.0
3276,2026-05-11,1353.0
3276,2026-05-18,1323.0
3276,2026-05-25,1329.0
3276,2026-06-01,1315.0
3276,2026-06-08,1303.0
3276,2026-06-15,1310.0
3276,2026-06-22,1310.0
3276,2026-06-29,1329.0
3276,2026-07-06,1587.0
3276,2026-07-13,1781.0
3276,2026-07-20,1794.0
3276,2026-07-27,1822.0
3276,2026-08-03,2244.0
3276,2026-08-10,2244.0
3277,2025-08-18,635.39
3277,2025-08-25,621.94
3277,2025-09-01,609.94
3277,2025-09-08,610.9
3277,2025-09-15,616.18
3277,2025-09-22,631.55
3277,2025-09-29,623.86
3277,2025-10-06,623.86
3277,2025-10-13,657.0
3277,2025-10-20,671.89
3277,2025-10-27,656.04
3277,2025-11-03,646.44
3277,2025-11-10,677.65
3277,2025-11-17,652.2
3277,2025-11-24,670.93
3277,2025-12-01,628.19
3277,2025-12-08,627.23
3277,2025-12-15,630.11
3277,2025-12-22,646.44
3277,2025-12-29,650.85
3277,2026-01-05,683.74
3277,2026-01-12,687.18
3277,2026-01-19,676.87
3277,2026-01-26,666.56
3277,2026-02-02,668.52
3277,2026-02-09,680.79
3277,2026-02-16,690.12
3277,2026-02-23,744.6
3277,2026-03-02,726.93
3277,2026-03-09,696.99
3277,2026-03-16,701.9
3277,2026-03-23,693.07
3277,2026-03-30,692.57
3277,2026-04-06,696.5
3277,2026-04-13,699.94
3277,2026-04-20,684.72
3277,2026-04-27,638.09
3277,2026-05-04,642.02
3277,2026-05-11,679.81
3277,2026-05-18,627.29
3277,2026-05-25,628.77
3277,2026-06-01,617.48
3277,2026-06-08,617.97
3277,2026-06-15,619.93
3277,2026-06-22,643.0
3277,2026-06-29,645.0
3277,2026-07-06,637.0
3277,2026-07-13,636.0
3277,2026-07-20,647.0
3277,2026-07-27,642.0
3277,2026-08-03,629.0
3277,2026-08-10,750.0
3374,2025-08-18,1916.84
3374,2025-08-25,1940.74
3374,2025-09-01,1928.31
3374,2025-09-08,1973.25
3374,2025-09-15,2061.2
3374,2025-09-22,2080.32
3374,2025-09-29,2064.07
3374,2025-10-06,2027.74
3374,2025-10-13,2057.38
3374,2025-10-20,2042.08
3374,2025-10-27,2050.68
3374,2025-11-03,2021.05
3374,2025-11-10,2017.22
3374,2025-11-17,1972.29
3374,2025-11-24,2013.4
3374,2025-12-01,2020.09
3374,2025-12-08,2008.62
3374,2025-12-15,2044.95
3374,2025-12-22,2120.47
3374,2025-12-29,2159.67
3374,2026-01-05,2194.09
3374,2026-01-12,2304.03
3374,2026-01-19,2351.83
3374,2026-01-26,2321.24
3374,2026-02-02,2408.24
3374,2026-02-09,2381.47
3374,2026-02-16,2447.44
3374,2026-02-23,2540.17
3374,2026-03-02,2449.35
3374,2026-03-09,2441.7
3374,2026-03-16,2413.02
3374,2026-03-23,2283.0
3374,2026-03-30,2401.0
3374,2026-04-06,2432.0
3374,2026-04-13,2460.0
3374,2026-04-20,2388.0
3374,2026-04-27,2812.0
3374,2026-05-04,3005.0
3374,2026-05-11,2840.0
3374,2026-05-18,3025.0
3374,2026-05-25,3055.0
3374,2026-06-01,3005.0
3374,2026-06-08,2908.0
3374,2026-06-15,3555.0
3374,2026-06-22,3390.0
3374,2026-06-29,3435.0
3374,2026-07-06,3330.0
3374,2026-07-13,3175.0
3374,2026-07-20,3360.0
3374,2026-07-27,3110.0
3374,2026-08-03,3510.0
3374,2026-08-10,4420.0
3401,2025-08-18,1243.68
3401,2025-08-25,1217.61
3401,2025-09-01,1257.2
3401,2025-09-08,1258.16
3401,2025-09-15,1234.5
3401,2025-09-22,1259.13
3401,2025-09-29,1259.13
3401,2025-10-06,1284.23
3401,2025-10-13,1288.17
3401,2025-10-20,1350.68
3401,2025-10-27,1328.53
3401,2025-11-03,1216.3
3401,2025-11-10,1272.91
3401,2025-11-17,1243.38
3401,2025-11-24,1293.09
3401,2025-12-01,1267.0
3401,2025-12-08,1291.61
3401,2025-12-15,1294.08
3401,2025-12-22,1322.13
3401,2025-12-29,1334.44
3401,2026-01-05,1326.07
3401,2026-01-12,1433.38
3401,2026-01-19,1454.54
3401,2026-01-26,1471.28
3401,2026-02-02,1569.73
3401,2026-02-09,1654.88
3401,2026-02-16,1616.98
3401,2026-02-23,1706.57
3401,2026-03-02,1621.41
3401,2026-03-09,1536.25
3401,2026-03-16,1543.64
3401,2026-03-23,1584.0
3401,2026-03-30,1685.0
3401,2026-04-06,1713.5
3401,2026-04-13,1639.5
3401,2026-04-20,1542.5
3401,2026-04-27,1563.0
3401,2026-05-04,1567.0
3401,2026-05-11,1681.5
3401,2026-05-18,1572.5
3401,2026-05-25,1651.5
3401,2026-06-01,1623.0
3401,2026-06-08,1638.5
3401,2026-06-15,1594.5
3401,2026-06-22,1639.5
3401,2026-06-29,1718.5
3401,2026-07-06,1662.5
3401,2026-07-13,1688.5
3401,2026-07-20,1696.0
3401,2026-07-27,1637.0
3401,2026-08-03,1752.0
3401,2026-08-10,1780.0
3422,2025-08-18,341.47
3422,2025-08-25,349.37
3422,2025-09-01,354.3
3422,2025-09-08,354.3
3422,2025-09-15,353.32
3422,2025-09-22,345.42
3422,2025-09-29,350.39
3422,2025-10-06,344.43
3422,2025-10-13,333.51
3422,2025-10-20,342.44
3422,2025-10-27,338.47
3422,2025-11-03,337.48
3422,2025-11-10,422.84
3422,2025-11-17,440.71
3422,2025-11-24,507.21
3422,2025-12-01,441.7
3422,2025-12-08,434.76
3422,2025-12-15,423.84
3422,2025-12-22,443.69
3422,2025-12-29,436.74
3422,2026-01-05,449.64
3422,2026-01-12,474.46
3422,2026-01-19,475.45
3422,2026-01-26,462.55
3422,2026-02-02,490.34
3422,2026-02-09,435.75
3422,2026-02-16,429.79
3422,2026-02-23,449.64
3422,2026-03-02,422.84
3422,2026-03-09,407.96
3422,2026-03-16,404.98
3422,2026-03-23,402.0
3422,2026-03-30,410.0
3422,2026-04-06,429.0
3422,2026-04-13,423.0
3422,2026-04-20,423.0
3422,2026-04-27,423.0
3422,2026-05-04,419.0
3422,2026-05-11,460.0
3422,2026-05-18,463.0
3422,2026-05-25,493.0
3422,2026-06-01,484.0
3422,2026-06-08,465.0
3422,2026-06-15,497.0
3422,2026-06-22,490.0
3422,2026-06-29,493.0
3422,2026-07-06,486.0
3422,2026-07-13,479.0
3422,2026-07-20,482.0
3422,2026-07-27,476.0
3422,2026-08-03,603.0
3422,2026-08-10,662.0
3676,2025-08-18,965.44
3676,2025-08-25,953.74
3676,2025-09-01,933.29
3676,2025-09-08,944.0
3676,2025-09-15,950.82
3676,2025-09-22,986.87
3676,2025-09-29,920.35
3676,2025-10-06,963.71
3676,2025-10-13,916.41
3676,2025-10-20,958.78
3676,2025-10-27,945.97
3676,2025-11-03,933.16
3676,2025-11-10,951.89
3676,2025-11-17,931.19
3676,2025-11-24,936.12
3676,2025-12-01,921.34
3676,2025-12-08,915.43
3676,2025-12-15,931.19
3676,2025-12-22,911.49
3676,2025-12-29,895.72
3676,2026-01-05,936.12
3676,2026-01-12,930.21
3676,2026-01-19,931.19
3676,2026-01-26,905.57
3676,2026-02-02,898.68
3676,2026-02-09,843.49
3676,2026-02-16,820.83
3676,2026-02-23,883.89
3676,2026-03-02,931.19
3676,2026-03-09,908.53
3676,2026-03-16,898.68
3676,2026-03-23,910.5
3676,2026-03-30,855.0
3676,2026-04-06,840.0
3676,2026-04-13,879.0
3676,2026-04-20,843.0
3676,2026-04-27,827.0
3676,2026-05-04,833.0
3676,2026-05-11,759.0
3676,2026-05-18,761.0
3676,2026-05-25,746.0
3676,2026-06-01,733.0
3676,2026-06-08,684.0
3676,2026-06-15,694.0
3676,2026-06-22,711.0
3676,2026-06-29,749.0
3676,2026-07-06,732.0
3676,2026-07-13,727.0
3676,2026-07-20,725.0
3676,2026-07-27,755.0
3676,2026-08-03,903.0
3676,2026-08-10,1057.0
3763,2025-08-18,1605.91
3763,2025-08-25,1542.65
3763,2025-09-01,1571.85
3763,2025-09-08,1608.34
3763,2025-09-15,1562.11
3763,2025-09-22,1506.15
3763,2025-09-29,1447.27
3763,2025-10-06,1459.92
3763,2025-10-13,1456.03
3763,2025-10-20,1591.31
3763,2025-10-27,1453.11
3763,2025-11-03,1458.95
3763,2025-11-10,1450.19
3763,2025-11-17,1748.01
3763,2025-11-24,1614.67
3763,2025-12-01,1556.27
3763,2025-12-08,1518.32
3763,2025-12-15,1594.23
3763,2025-12-22,1664.31
3763,2025-12-29,1673.07
3763,2026-01-05,1679.88
3763,2026-01-12,1695.45
3763,2026-01-19,1659.44
3763,2026-01-26,1566.98
3763,2026-02-02,1411.26
3763,2026-02-09,1360.65
3763,2026-02-16,1389.84
3763,2026-02-23,1450.19
3763,2026-03-02,1451.16
3763,2026-03-09,1465.76
3763,2026-03-16,1489.12
3763,2026-03-23,1457.0
3763,2026-03-30,1394.0
3763,2026-04-06,1340.0
3763,2026-04-13,1441.0
3763,2026-04-20,1520.0
3763,2026-04-27,1530.0
3763,2026-05-04,1618.0
3763,2026-05-11,1630.0
3763,2026-05-18,1561.0
3763,2026-05-25,1607.0
3763,2026-06-01,1652.0
3763,2026-06-08,1668.0
3763,2026-06-15,1705.0
3763,2026-06-22,1674.0
3763,2026-06-29,1791.0
3763,2026-07-06,1836.0
3763,2026-07-13,1823.0
3763,2026-07-20,1755.0
3763,2026-07-27,1850.0
3763,2026-08-03,1808.0
3763,2026-08-10,1900.0
3769,2025-08-18,8069.95
3769,2025-08-25,8347.0
3769,2025-09-01,8163.28
3769,2025-09-08,8275.28
3769,2025-09-15,8233.04
3769,2025-09-22,8067.0
3769,2025-09-29,8243.0
3769,2025-10-06,8559.0
3769,2025-10-13,8113.0
3769,2025-10-20,8555.0
3769,2025-10-27,8427.0
3769,2025-11-03,8473.0
3769,2025-11-10,9944.0
3769,2025-11-17,9844.0
3769,2025-11-24,10040.0
3769,2025-12-01,10150.0
3769,2025-12-08,9756.0
3769,2025-12-15,9991.0
3769,2025-12-22,9994.0
3769,2025-12-29,9753.0
3769,2026-01-05,9945.0
3769,2026-01-12,9764.0
3769,2026-01-19,9493.0
3769,2026-01-26,8936.0
3769,2026-02-02,8434.0
3769,2026-02-09,7636.0
3769,2026-02-16,7444.0
3769,2026-02-23,8091.0
3769,2026-03-02,8170.0
3769,2026-03-09,7647.0
3769,2026-03-16,7746.0
3769,2026-03-23,8171.0
3769,2026-03-30,8542.0
3769,2026-04-06,8498.0
3769,2026-04-13,9071.0
3769,2026-04-20,7969.0
3769,2026-04-27,7823.0
3769,2026-05-04,7731.0
3769,2026-05-11,7274.0
3769,2026-05-18,8853.0
3769,2026-05-25,8759.0
3769,2026-06-01,8007.0
3769,2026-06-08,8288.0
3769,2026-06-15,8247.0
3769,2026-06-22,8904.0
3769,2026-06-29,9720.0
3769,2026-07-06,9753.0
3769,2026-07-13,9892.0
3769,2026-07-20,9381.0
3769,2026-07-27,9881.0
3769,2026-08-03,10060.0
3769,2026-08-10,10175.0
3851,2025-08-18,846.93
3851,2025-08-25,876.75
3851,2025-09-01,874.76
3851,2025-09-08,861.84
3851,2025-09-15,861.84
3851,2025-09-22,842.95
3851,2025-09-29,854.88
3851,2025-10-06,824.07
3851,2025-10-13,832.02
3851,2025-10-20,825.06
3851,2025-10-27,830.03
3851,2025-11-03,814.12
3851,2025-11-10,815.12
3851,2025-11-17,801.2
3851,2025-11-24,804.18
3851,2025-12-01,802.2
3851,2025-12-08,791.26
3851,2025-12-15,781.32
3851,2025-12-22,784.3
3851,2025-12-29,805.18
3851,2026-01-05,805.18
3851,2026-01-12,820.09
3851,2026-01-19,824.07
3851,2026-01-26,823.07
3851,2026-02-02,803.19
3851,2026-02-09,800.21
3851,2026-02-16,820.09
3851,2026-02-23,823.07
3851,2026-03-02,830.03
3851,2026-03-09,837.98
3851,2026-03-16,843.95
3851,2026-03-23,835.0
3851,2026-03-30,843.0
3851,2026-04-06,843.0
3851,2026-04-13,848.0
3851,2026-04-20,849.0
3851,2026-04-27,841.0
3851,2026-05-04,825.0
3851,2026-05-11,830.0
3851,2026-05-18,830.0
3851,2026-05-25,825.0
3851,2026-06-01,826.0
3851,2026-06-08,810.0
3851,2026-06-15,820.0
3851,2026-06-22,829.0
3851,2026-06-29,836.0
3851,2026-07-06,858.0
3851,2026-07-13,896.0
3851,2026-07-20,901.0
3851,2026-07-27,1063.0
3851,2026-08-03,1057.0
3851,2026-08-10,1140.0
3944,2025-08-18,2056.86
3944,2025-08-25,2106.81
3944,2025-09-01,2116.6
3944,2025-09-08,2142.07
3944,2025-09-15,2233.16
3944,2025-09-22,2330.13
3944,2025-09-29,2193.98
3944,2025-10-06,2301.72
3944,2025-10-13,2237.08
3944,2025-10-20,2331.11
3944,2025-10-27,2272.34
3944,2025-11-03,2326.21
3944,2025-11-10,2255.69
3944,2025-11-17,2241.0
3944,2025-11-24,2236.1
3944,2025-12-01,2311.52
3944,2025-12-08,2318.37
3944,2025-12-15,2333.06
3944,2025-12-22,2301.72
3944,2025-12-29,2326.47
3944,2026-01-05,2320.53
3944,2026-01-12,2387.85
3944,2026-01-19,2503.68
3944,2026-01-26,2586.84
3944,2026-02-02,2705.64
3944,2026-02-09,2692.77
3944,2026-02-16,2677.92
3944,2026-02-23,2671.98
3944,2026-03-02,2600.7
3944,2026-03-09,2559.12
3944,2026-03-16,2565.06
3944,2026-03-23,2348.25
3944,2026-03-30,2367.06
3944,2026-04-06,2363.1
3944,2026-04-13,2356.17
3944,2026-04-20,2326.47
3944,2026-04-27,2335.38
3944,2026-05-04,2348.25
3944,2026-05-11,2346.27
3944,2026-05-18,2376.96
3944,2026-05-25,2317.56
3944,2026-06-01,2309.64
3944,2026-06-08,2297.76
3944,2026-06-15,2327.46
3944,2026-06-22,2472.0
3944,2026-06-29,2450.0
3944,2026-07-06,2429.0
3944,2026-07-13,2415.0
3944,2026-07-20,2525.0
3944,2026-07-27,2710.0
3944,2026-08-03,2899.0
3944,2026-08-10,3050.0
4052,2025-08-18,351.0
4052,2025-08-25,349.0
4052,2025-09-01,351.0
4052,2025-09-08,354.0
4052,2025-09-15,353.0
4052,2025-09-22,355.0
4052,2025-09-29,343.0
4052,2025-10-06,335.0
4052,2025-10-13,330.0
4052,2025-10-20,333.0
4052,2025-10-27,315.0
4052,2025-11-03,316.0
4052,2025-11-10,330.0
4052,2025-11-17,313.0
4052,2025-11-24,309.0
4052,2025-12-01,300.0
4052,2025-12-08,297.0
4052,2025-12-15,283.0
4052,2025-12-22,288.0
4052,2025-12-29,294.0
4052,2026-01-05,297.0
4052,2026-01-12,300.0
4052,2026-01-19,293.0
4052,2026-01-26,288.0
4052,2026-02-02,291.0
4052,2026-02-09,281.0
4052,2026-02-16,290.0
4052,2026-02-23,288.0
4052,2026-03-02,328.0
4052,2026-03-09,321.0
4052,2026-03-16,303.0
4052,2026-03-23,310.0
4052,2026-03-30,306.0
4052,2026-04-06,297.0
4052,2026-04-13,292.0
4052,2026-04-20,291.0
4052,2026-04-27,284.0
4052,2026-05-04,287.0
4052,2026-05-11,266.0
4052,2026-05-18,256.0
4052,2026-05-25,258.0
4052,2026-06-01,259.0
4052,2026-06-08,248.0
4052,2026-06-15,230.0
4052,2026-06-22,223.0
4052,2026-06-29,238.0
4052,2026-07-06,239.0
4052,2026-07-13,235.0
4052,2026-07-20,321.0
4052,2026-07-27,342.0
4052,2026-08-03,533.0
4052,2026-08-10,733.0
4076,2025-08-18,1438.66
4076,2025-08-25,1445.41
4076,2025-09-01,1441.55
4076,2025-09-08,1465.64
4076,2025-09-15,1498.4
4076,2025-09-22,1535.02
4076,2025-09-29,1503.22
4076,2025-10-06,1658.36
4076,2025-10-13,1634.27
4076,2025-10-20,1625.6
4076,2025-10-27,1624.64
4076,2025-11-03,1553.33
4076,2025-11-10,1541.77
4076,2025-11-17,1575.49
4076,2025-11-24,1634.27
4076,2025-12-01,1589.95
4076,2025-12-08,1609.22
4076,2025-12-15,1640.05
4076,2025-12-22,1622.71
4076,2025-12-29,1652.58
4076,2026-01-05,1681.49
4076,2026-01-12,1703.65
4076,2026-01-19,1815.43
4076,2026-01-26,1694.02
4076,2026-02-02,1657.4
4076,2026-02-09,1619.82
4076,2026-02-16,1638.13
4076,2026-02-23,1647.76
4076,2026-03-02,1641.02
4076,2026-03-09,1638.13
4076,2026-03-16,1637.16
4076,2026-03-23,1625.6
4076,2026-03-30,1608.25
4076,2026-04-06,1704.62
4076,2026-04-13,1696.91
4076,2026-04-20,1644.87
4076,2026-04-27,1661.25
4076,2026-05-04,1709.43
4076,2026-05-11,1694.02
4076,2026-05-18,1656.43
4076,2026-05-25,1646.0
4076,2026-06-01,1623.0
4076,2026-06-08,1640.0
4076,2026-06-15,1680.0
4076,2026-06-22,1681.0
4076,2026-06-29,1693.0
4076,2026-07-06,1720.0
4076,2026-07-13,1824.0
4076,2026-07-20,1803.0
4076,2026-07-27,1818.0
4076,2026-08-03,1846.0
4076,2026-08-10,1895.0
4114,2025-08-18,1755.86
4114,2025-08-25,1759.18
4114,2025-09-01,1806.08
4114,2025-09-08,1785.24
4114,2025-09-15,1760.6
4114,2025-09-22,1784.76
4114,2025-09-29,1767.24
4114,2025-10-06,1740.47
4114,2025-10-13,1759.45
4114,2025-10-20,1772.59
4114,2025-10-27,1740.47
4114,2025-11-03,1734.63
4114,2025-11-10,1771.62
4114,2025-11-17,1774.54
4114,2025-11-24,1819.32
4114,2025-12-01,1811.04
4114,2025-12-08,1847.06
4114,2025-12-15,1862.15
4114,2025-12-22,1921.04
4114,2025-12-29,1952.19
4114,2026-01-05,2048.07
4114,2026-01-12,2168.29
4114,2026-01-19,2197.98
4114,2026-01-26,2165.85
4114,2026-02-02,2360.05
4114,2026-02-09,2357.62
4114,2026-02-16,2386.33
4114,2026-02-23,2476.86
4114,2026-03-02,2390.71
4114,2026-03-09,2299.7
4114,2026-03-16,2263.2
4114,2026-03-23,2307.0
4114,2026-03-30,2253.5
4114,2026-04-06,2253.0
4114,2026-04-13,2204.0
4114,2026-04-20,2117.5
4114,2026-04-27,2147.5
4114,2026-05-04,2169.0
4114,2026-05-11,2097.0
4114,2026-05-18,2025.5
4114,2026-05-25,2064.0
4114,2026-06-01,2032.5
4114,2026-06-08,2074.0
4114,2026-06-15,2103.0
4114,2026-06-22,2097.0
4114,2026-06-29,2106.5
4114,2026-07-06,2070.0
4114,2026-07-13,2082.0
4114,2026-07-20,2146.5
4114,2026-07-27,2158.0
4114,2026-08-03,2446.0
4114,2026-08-10,2658.5
4118,2025-08-18,4216.98
4118,2025-08-25,4174.51
4118,2025-09-01,4207.33
4118,2025-09-08,4212.16
4118,2025-09-15,4145.56
4118,2025-09-22,4182.23
4118,2025-09-29,4144.87
4118,2025-10-06,4123.23
4118,2025-10-13,4136.02
4118,2025-10-20,4297.29
4118,2025-10-27,4187.15
4118,2025-11-03,4225.5
4118,2025-11-10,4155.68
4118,2025-11-17,4136.02
4118,2025-11-24,4316.96
4118,2025-12-01,4137.0
4118,2025-12-08,4310.07
4118,2025-12-15,4287.45
4118,2025-12-22,4318.92
4118,2025-12-29,4321.87
4118,2026-01-05,4440.86
4118,2026-01-12,4610.0
4118,2026-01-19,4643.43
4118,2026-01-26,4603.11
4118,2026-02-02,4874.52
4118,2026-02-09,4875.5
4118,2026-02-16,5017.11
4118,2026-02-23,5191.16
4118,2026-03-02,4877.47
4118,2026-03-09,4854.85
4118,2026-03-16,4684.73
4118,2026-03-23,4728.0
4118,2026-03-30,4976.0
4118,2026-04-06,5147.0
4118,2026-04-13,4964.0
4118,2026-04-20,4817.0
4118,2026-04-27,4921.0
4118,2026-05-04,4943.0
4118,2026-05-11,5355.0
4118,2026-05-18,5338.0
4118,2026-05-25,5521.0
4118,2026-06-01,5488.0
4118,2026-06-08,5568.0
4118,2026-06-15,5730.0
4118,2026-06-22,5775.0
4118,2026-06-29,5747.0
4118,2026-07-06,5626.0
4118,2026-07-13,5589.0
4118,2026-07-20,5841.0
4118,2026-07-27,5718.0
4118,2026-08-03,5972.0
4118,2026-08-10,6099.0
4188,2025-08-18,802.25
4188,2025-08-25,815.18
4188,2025-09-01,847.61
4188,2025-09-08,853.69
4188,2025-09-15,854.37
4188,2025-09-22,850.41
4188,2025-09-29,821.61
4188,2025-10-06,808.14
4188,2025-10-13,802.73
4188,2025-10-20,848.25
4188,2025-10-27,792.41
4188,2025-11-03,819.05
4188,2025-11-10,850.02
4188,2025-11-17,832.03
4188,2025-11-24,866.33
4188,2025-12-01,835.17
4188,2025-12-08,887.76
4188,2025-12-15,880.59
4188,2025-12-22,898.87
4188,2025-12-29,899.56
4188,2026-01-05,937.21
4188,2026-01-12,998.26
4188,2026-01-19,1006.12
4188,2026-01-26,1002.68
4188,2026-02-02,1040.03
4188,2026-02-09,1091.64
4188,2026-02-16,1098.52
4188,2026-02-23,1140.79
4188,2026-03-02,1019.88
4188,2026-03-09,908.8
4188,2026-03-16,891.79
4188,2026-03-23,926.2
4188,2026-03-30,921.0
4188,2026-04-06,984.1
4188,2026-04-13,988.9
4188,2026-04-20,911.4
4188,2026-04-27,898.0
4188,2026-05-04,922.4
4188,2026-05-11,1016.5
4188,2026-05-18,1027.5
4188,2026-05-25,1147.0
4188,2026-06-01,1063.0
4188,2026-06-08,1080.5
4188,2026-06-15,1092.5
4188,2026-06-22,1094.5
4188,2026-06-29,1163.0
4188,2026-07-06,1161.5
4188,2026-07-13,1168.0
4188,2026-07-20,1189.0
4188,2026-07-27,1188.0
4188,2026-08-03,1219.0
4188,2026-08-10,1246.5
4193,2025-08-18,2259.88
4193,2025-08-25,2252.02
4193,2025-09-01,2201.91
4193,2025-09-08,2166.54
4193,2025-09-15,2124.29
4193,2025-09-22,2132.15
4193,2025-09-29,2043.93
4193,2025-10-06,2037.98
4193,2025-10-13,2006.26
4193,2025-10-20,2045.91
4193,2025-10-27,1995.36
4193,2025-11-03,2025.1
4193,2025-11-10,2050.87
4193,2025-11-17,1899.21
4193,2025-11-24,2000.31
4193,2025-12-01,1976.52
4193,2025-12-08,1904.16
4193,2025-12-15,1983.46
4193,2025-12-22,1976.52
4193,2025-12-29,2025.1
4193,2026-01-05,2028.07
4193,2026-01-12,2054.83
4193,2026-01-19,2017.17
4193,2026-01-26,2035.01
4193,2026-02-02,2026.09
4193,2026-02-09,2022.12
4193,2026-02-16,2007.25
4193,2026-02-23,2039.96
4193,2026-03-02,2103.4
4193,2026-03-09,2121.25
4193,2026-03-16,2185.68
4193,2026-03-23,2149.0
4193,2026-03-30,2111.0
4193,2026-04-06,2125.0
4193,2026-04-13,2170.0
4193,2026-04-20,2143.0
4193,2026-04-27,2248.0
4193,2026-05-04,2241.0
4193,2026-05-11,2281.0
4193,2026-05-18,2221.0
4193,2026-05-25,2217.0
4193,2026-06-01,2272.0
4193,2026-06-08,2202.0
4193,2026-06-15,2215.0
4193,2026-06-22,2277.0
4193,2026-06-29,2316.0
4193,2026-07-06,2322.0
4193,2026-07-13,2299.0
4193,2026-07-20,2327.0
4193,2026-07-27,2362.0
4193,2026-08-03,2378.0
4193,2026-08-10,2410.0
4196,2025-08-18,1428.0
4196,2025-08-25,1476.0
4196,2025-09-01,1471.0
4196,2025-09-08,1485.0
4196,2025-09-15,1464.0
4196,2025-09-22,1399.0
4196,2025-09-29,1094.0
4196,2025-10-06,1113.0
4196,2025-10-13,1144.0
4196,2025-10-20,1158.0
4196,2025-10-27,1113.0
4196,2025-11-03,1114.0
4196,2025-11-10,1132.0
4196,2025-11-17,1143.0
4196,2025-11-24,1164.0
4196,2025-12-01,1178.0
4196,2025-12-08,1172.0
4196,2025-12-15,1158.0
4196,2025-12-22,1156.0
4196,2025-12-29,1166.0
4196,2026-01-05,1220.0
4196,2026-01-12,1218.0
4196,2026-01-19,1220.0
4196,2026-01-26,1287.0
4196,2026-02-02,1345.0
4196,2026-02-09,1349.0
4196,2026-02-16,1339.0
4196,2026-02-23,1354.0
4196,2026-03-02,1390.0
4196,2026-03-09,1439.0
4196,2026-03-16,1428.0
4196,2026-03-23,1423.0
4196,2026-03-30,1430.0
4196,2026-04-06,1446.0
4196,2026-04-13,1447.0
4196,2026-04-20,1437.0
4196,2026-04-27,1428.0
4196,2026-05-04,1424.0
4196,2026-05-11,1432.0
4196,2026-05-18,1450.0
4196,2026-05-25,1479.0
4196,2026-06-01,1575.0
4196,2026-06-08,1674.0
4196,2026-06-15,1699.0
4196,2026-06-22,1696.0
4196,2026-06-29,1695.0
4196,2026-07-06,1697.0
4196,2026-07-13,1686.0
4196,2026-07-20,1727.0
4196,2026-07-27,1853.0
4196,2026-08-03,1937.0
4196,2026-08-10,1975.0
4249,2025-08-18,2378.15
4249,2025-08-25,2341.83
4249,2025-09-01,2410.65
4249,2025-09-08,2430.72
4249,2025-09-15,2458.44
4249,2025-09-22,2584.62
4249,2025-09-29,2473.77
4249,2025-10-06,2393.69
4249,2025-10-13,2365.37
4249,2025-10-20,2452.28
4249,2025-10-27,2292.12
4249,2025-11-03,2296.03
4249,2025-11-10,2225.71
4249,2025-11-17,2263.8
4249,2025-11-24,2354.62
4249,2025-12-01,2244.26
4249,2025-12-08,2252.08
4249,2025-12-15,2212.04
4249,2025-12-22,2373.18
4249,2025-12-29,2436.66
4249,2026-01-05,2393.69
4249,2026-01-12,2480.61
4249,2026-01-19,2462.05
4249,2026-01-26,2371.22
4249,2026-02-02,2439.59
4249,2026-02-09,2449.35
4249,2026-02-16,2467.91
4249,2026-02-23,2599.75
4249,2026-03-02,2465.96
4249,2026-03-09,2390.76
4249,2026-03-16,2401.5
4249,2026-03-23,2401.5
4249,2026-03-30,2426.0
4249,2026-04-06,2392.0
4249,2026-04-13,2364.0
4249,2026-04-20,2418.0
4249,2026-04-27,2449.0
4249,2026-05-04,2472.0
4249,2026-05-11,2517.0
4249,2026-05-18,2425.0
4249,2026-05-25,2378.0
4249,2026-06-01,2336.0
4249,2026-06-08,2325.0
4249,2026-06-15,2319.0
4249,2026-06-22,2340.0
4249,2026-06-29,2403.0
4249,2026-07-06,2411.0
4249,2026-07-13,2450.0
4249,2026-07-20,2486.0
4249,2026-07-27,2516.0
4249,2026-08-03,2833.0
4249,2026-08-10,2868.0
4371,2025-08-18,1143.93
4371,2025-08-25,1075.02
4371,2025-09-01,1019.89
4371,2025-09-08,1033.67
4371,2025-09-15,993.31
4371,2025-09-22,977.56
4371,2025-09-29,924.4
4371,2025-10-06,942.12
4371,2025-10-13,918.49
4371,2025-10-20,958.86
4371,2025-10-27,936.21
4371,2025-11-03,917.51
4371,2025-11-10,1046.47
4371,2025-11-17,1004.14
4371,2025-11-24,1045.49
4371,2025-12-01,1085.85
4371,2025-12-08,1136.06
4371,2025-12-15,1162.64
4371,2025-12-22,1203.0
4371,2025-12-29,1195.0
4371,2026-01-05,1303.0
4371,2026-01-12,1380.0
4371,2026-01-19,1264.0
4371,2026-01-26,1276.0
4371,2026-02-02,1174.0
4371,2026-02-09,1106.0
4371,2026-02-16,1120.0
4371,2026-02-23,1110.0
4371,2026-03-02,1072.0
4371,2026-03-09,1028.0
4371,2026-03-16,985.0
4371,2026-03-23,998.0
4371,2026-03-30,943.0
4371,2026-04-06,907.0
4371,2026-04-13,1145.0
4371,2026-04-20,1422.0
4371,2026-04-27,1329.0
4371,2026-05-04,1390.0
4371,2026-05-11,1271.0
4371,2026-05-18,1253.0
4371,2026-05-25,1428.0
4371,2026-06-01,1397.0
4371,2026-06-08,1317.0
4371,2026-06-15,1406.0
4371,2026-06-22,1380.0
4371,2026-06-29,1474.0
4371,2026-07-06,1416.0
4371,2026-07-13,1372.0
4371,2026-07-20,1364.0
4371,2026-07-27,1450.0
4371,2026-08-03,1453.0
4371,2026-08-10,1508.0
4389,2025-08-18,975.36
4389,2025-08-25,989.76
4389,2025-09-01,935.04
4389,2025-09-08,950.4
4389,2025-09-15,897.6
4389,2025-09-22,883.2
4389,2025-09-29,868.8
4389,2025-10-06,899.52
4389,2025-10-13,849.6
4389,2025-10-20,837.12
4389,2025-10-27,765.12
4389,2025-11-03,781.44
4389,2025-11-10,777.6
4389,2025-11-17,738.24
4389,2025-11-24,761.28
4389,2025-12-01,760.32
4389,2025-12-08,767.04
4389,2025-12-15,816.0
4389,2025-12-22,783.36
4389,2025-12-29,799.68
4389,2026-01-05,883.2
4389,2026-01-12,870.72
4389,2026-01-19,885.12
4389,2026-01-26,886.08
4389,2026-02-02,871.68
4389,2026-02-09,756.48
4389,2026-02-16,772.8
4389,2026-02-23,773.76
4389,2026-03-02,820.8
4389,2026-03-09,813.12
4389,2026-03-16,776.64
4389,2026-03-23,768.0
4389,2026-03-30,800.0
4389,2026-04-06,805.0
4389,2026-04-13,806.0
4389,2026-04-20,790.0
4389,2026-04-27,781.0
4389,2026-05-04,770.0
4389,2026-05-11,890.0
4389,2026-05-18,881.0
4389,2026-05-25,879.0
4389,2026-06-01,862.0
4389,2026-06-08,889.0
4389,2026-06-15,873.0
4389,2026-06-22,883.0
4389,2026-06-29,995.0
4389,2026-07-06,1089.0
4389,2026-07-13,1014.0
4389,2026-07-20,1046.0
4389,2026-07-27,1041.0
4389,2026-08-03,1090.0
4389,2026-08-10,1095.0
4434,2025-08-18,2078.51
4434,2025-08-25,2049.9
4434,2025-09-01,2013.4
4434,2025-09-08,2006.5
4434,2025-09-15,2018.34
4434,2025-09-22,2001.57
4434,2025-09-29,1941.39
4434,2025-10-06,2004.53
4434,2025-10-13,1769.74
4434,2025-10-20,1814.14
4434,2025-10-27,1824.0
4434,2025-11-03,1766.78
4434,2025-11-10,1738.18
4434,2025-11-17,1839.78
4434,2025-11-24,1801.31
4434,2025-12-01,1741.14
4434,2025-12-08,1781.58
4434,2025-12-15,1756.92
4434,2025-12-22,1790.46
4434,2025-12-29,1793.42
4434,2026-01-05,1956.19
4434,2026-01-12,1989.73
4434,2026-01-19,2039.05
4434,2026-01-26,1983.81
4434,2026-02-02,1931.53
4434,2026-02-09,1872.34
4434,2026-02-16,1826.96
4434,2026-02-23,2062.0
4434,2026-03-02,2088.0
4434,2026-03-09,2031.0
4434,2026-03-16,1990.0
4434,2026-03-23,1973.0
4434,2026-03-30,1964.0
4434,2026-04-06,1947.0
4434,2026-04-13,2031.0
4434,2026-04-20,2020.0
4434,2026-04-27,2013.0
4434,2026-05-04,2022.0
4434,2026-05-11,2024.0
4434,2026-05-18,2115.0
4434,2026-05-25,2022.0
4434,2026-06-01,2079.0
4434,2026-06-08,2000.0
4434,2026-06-15,1937.0
4434,2026-06-22,1905.0
4434,2026-06-29,1987.0
4434,2026-07-06,2014.0
4434,2026-07-13,1772.0
4434,2026-07-20,1889.0
4434,2026-07-27,2358.0
4434,2026-08-03,2402.0
4434,2026-08-10,2526.0
4599,2025-08-18,315.0
4599,2025-08-25,305.0
4599,2025-09-01,313.0
4599,2025-09-08,305.0
4599,2025-09-15,298.0
4599,2025-09-22,303.0
4599,2025-09-29,290.0
4599,2025-10-06,299.0
4599,2025-10-13,295.0
4599,2025-10-20,291.0
4599,2025-10-27,277.0
4599,2025-11-03,273.0
4599,2025-11-10,287.0
4599,2025-11-17,278.0
4599,2025-11-24,280.0
4599,2025-12-01,254.0
4599,2025-12-08,260.0
4599,2025-12-15,260.0
4599,2025-12-22,255.0
4599,2025-12-29,263.0
4599,2026-01-05,279.0
4599,2026-01-12,290.0
4599,2026-01-19,291.0
4599,2026-01-26,290.0
4599,2026-02-02,285.0
4599,2026-02-09,291.0
4599,2026-02-16,299.0
4599,2026-02-23,307.0
4599,2026-03-02,300.0
4599,2026-03-09,296.0
4599,2026-03-16,296.0
4599,2026-03-23,303.0
4599,2026-03-30,299.0
4599,2026-04-06,304.0
4599,2026-04-13,311.0
4599,2026-04-20,303.0
4599,2026-04-27,299.0
4599,2026-05-04,300.0
4599,2026-05-11,307.0
4599,2026-05-18,293.0
4599,2026-05-25,296.0
4599,2026-06-01,295.0
4599,2026-06-08,286.0
4599,2026-06-15,300.0
4599,2026-06-22,313.0
4599,2026-06-29,313.0
4599,2026-07-06,316.0
4599,2026-07-13,294.0
4599,2026-07-20,299.0
4599,2026-07-27,298.0
4599,2026-08-03,303.0
4599,2026-08-10,343.0
4623,2025-08-18,1681.65
4623,2025-08-25,1670.06
4623,2025-09-01,1675.86
4623,2025-09-08,1684.55
4623,2025-09-15,1693.24
4623,2025-09-22,1690.34
4623,2025-09-29,1706.07
4623,2025-10-06,1697.22
4623,2025-10-13,1690.34
4623,2025-10-20,1694.28
4623,2025-10-27,1690.34
4623,2025-11-03,1689.36
4623,2025-11-10,1686.41
4623,2025-11-17,1692.31
4623,2025-11-24,1688.38
4623,2025-12-01,1681.5
4623,2025-12-08,1682.48
4623,2025-12-15,1685.43
4623,2025-12-22,1689.36
4623,2025-12-29,1694.28
4623,2026-01-05,1699.19
4623,2026-01-12,1710.0
4623,2026-01-19,1702.14
4623,2026-01-26,1702.14
4623,2026-02-02,1709.02
4623,2026-02-09,1712.95
4623,2026-02-16,1738.5
4623,2026-02-23,1730.64
4623,2026-03-02,1705.09
4623,2026-03-09,1695.26
4623,2026-03-16,1710.0
4623,2026-03-23,1710.0
4623,2026-03-30,1730.0
4623,2026-04-06,1732.0
4623,2026-04-13,1722.0
4623,2026-04-20,1711.0
4623,2026-04-27,1710.0
4623,2026-05-04,1706.0
4623,2026-05-11,1700.0
4623,2026-05-18,1710.0
4623,2026-05-25,1700.0
4623,2026-06-01,1701.0
4623,2026-06-08,1700.0
4623,2026-06-15,1693.0
4623,2026-06-22,1708.0
4623,2026-06-29,1725.0
4623,2026-07-06,1712.0
4623,2026-07-13,1711.0
4623,2026-07-20,1719.0
4623,2026-07-27,1721.0
4623,2026-08-03,1723.0
4623,2026-08-10,1806.0
4631,2025-08-18,3339.41
4631,2025-08-25,3253.23
4631,2025-09-01,3443.59
4631,2025-09-08,3468.22
4631,2025-09-15,3416.13
4631,2025-09-22,3518.41
4631,2025-09-29,3470.11
4631,2025-10-06,3395.29
4631,2025-10-13,3395.29
4631,2025-10-20,3504.21
4631,2025-10-27,3439.81
4631,2025-11-03,3483.37
4631,2025-11-10,3659.53
4631,2025-11-17,3539.25
4631,2025-11-24,3673.73
4631,2025-12-01,3542.09
4631,2025-12-08,3560.08
4631,2025-12-15,3583.76
4631,2025-12-22,3589.44
4631,2025-12-29,3602.26
4631,2026-01-05,3578.6
4631,2026-01-12,3714.68
4631,2026-01-19,3724.54
4631,2026-01-26,3727.5
4631,2026-02-02,3914.86
4631,2026-02-09,4190.97
4631,2026-02-16,4254.08
4631,2026-02-23,4367.49
4631,2026-03-02,4141.67
4631,2026-03-09,3934.58
4631,2026-03-16,3790.61
4631,2026-03-23,3713.69
4631,2026-03-30,3629.88
4631,2026-04-06,3723.56
4631,2026-04-13,3694.96
4631,2026-04-20,3555.92
4631,2026-04-27,3530.28
4631,2026-05-04,3602.26
4631,2026-05-11,4140.68
4631,2026-05-18,4603.17
4631,2026-05-25,4765.88
4631,2026-06-01,4848.71
4631,2026-06-08,4751.08
4631,2026-06-15,5183.99
4631,2026-06-22,4970.0
4631,2026-06-29,4791.0
4631,2026-07-06,4660.0
4631,2026-07-13,4437.0
4631,2026-07-20,4473.0
4631,2026-07-27,4424.0
4631,2026-08-03,4678.0
4631,2026-08-10,5631.0
4634,2025-08-18,3105.26
4634,2025-08-25,2998.35
4634,2025-09-01,3076.1
4634,2025-09-08,3095.54
4634,2025-09-15,3066.38
4634,2025-09-22,3173.29
4634,2025-09-29,3037.22
4634,2025-10-06,2969.19
4634,2025-10-13,3032.37
4634,2025-10-20,3114.98
4634,2025-10-27,3056.66
4634,2025-11-03,3080.96
4634,2025-11-10,3212.17
4634,2025-11-17,3241.33
4634,2025-11-24,3333.66
4634,2025-12-01,3251.05
4634,2025-12-08,3377.39
4634,2025-12-15,3416.27
4634,2025-12-22,3401.69
4634,2025-12-29,3391.83
4634,2026-01-05,3436.2
4634,2026-01-12,3584.1
4634,2026-01-19,3633.4
4634,2026-01-26,3648.19
4634,2026-02-02,3786.23
4634,2026-02-09,3870.04
4634,2026-02-16,4101.75
4634,2026-02-23,4333.46
4634,2026-03-02,4086.96
4634,2026-03-09,3825.67
4634,2026-03-16,3677.77
4634,2026-03-23,3756.65
4634,2026-03-30,3736.93
4634,2026-04-06,3939.06
4634,2026-04-13,3924.27
4634,2026-04-20,3894.69
4634,2026-04-27,3835.53
4634,2026-05-04,3939.06
4634,2026-05-11,4062.31
4634,2026-05-18,4082.03
4634,2026-05-25,4131.33
4634,2026-06-01,4057.38
4634,2026-06-08,4017.94
4634,2026-06-15,4185.56
4634,2026-06-22,4225.0
4634,2026-06-29,4395.0
4634,2026-07-06,4350.0
4634,2026-07-13,4500.0
4634,2026-07-20,4535.0
4634,2026-07-27,4460.0
4634,2026-08-03,4760.0
4634,2026-08-10,5020.0
4635,2025-08-18,1272.18
4635,2025-08-25,1342.96
4635,2025-09-01,1329.57
4635,2025-09-08,1329.57
4635,2025-09-15,1276.0
4635,2025-09-22,1339.13
4635,2025-09-29,1343.03
4635,2025-10-06,1356.67
4635,2025-10-13,1362.52
4635,2025-10-20,1440.49
4635,2025-10-27,1372.27
4635,2025-11-03,1321.59
4635,2025-11-10,1307.94
4635,2025-11-17,1304.05
4635,2025-11-24,1419.05
4635,2025-12-01,1374.22
4635,2025-12-08,1389.81
4635,2025-12-15,1413.2
4635,2025-12-22,1461.93
4635,2025-12-29,1398.58
4635,2026-01-05,1437.57
4635,2026-01-12,1515.54
4635,2026-01-19,1484.35
4635,2026-01-26,1438.54
4635,2026-02-02,1486.3
4635,2026-02-09,1753.35
4635,2026-02-16,1729.96
4635,2026-02-23,1778.69
4635,2026-03-02,1608.13
4635,2026-03-09,1523.34
4635,2026-03-16,1460.96
4635,2026-03-23,1421.0
4635,2026-03-30,1370.0
4635,2026-04-06,1391.0
4635,2026-04-13,1350.0
4635,2026-04-20,1317.0
4635,2026-04-27,1309.0
4635,2026-05-04,1300.0
4635,2026-05-11,1250.0
4635,2026-05-18,1228.0
4635,2026-05-25,1260.0
4635,2026-06-01,1239.0
4635,2026-06-08,1239.0
4635,2026-06-15,1323.0
4635,2026-06-22,1330.0
4635,2026-06-29,1384.0
4635,2026-07-06,1367.0
4635,2026-07-13,1370.0
4635,2026-07-20,1412.0
4635,2026-07-27,1399.0
4635,2026-08-03,2048.0
4635,2026-08-10,2073.0
4674,2025-08-18,1702.22
4674,2025-08-25,1647.53
4674,2025-09-01,1588.99
4674,2025-09-08,1617.78
4674,2025-09-15,1612.98
4674,2025-09-22,1631.21
4674,2025-09-29,1599.0
4674,2025-10-06,1610.71
4674,2025-10-13,1570.69
4674,2025-10-20,1620.48
4674,2025-10-27,1586.31
4674,2025-11-03,1495.52
4674,2025-11-10,1478.93
4674,2025-11-17,1479.9
4674,2025-11-24,1497.48
4674,2025-12-01,1534.57
4674,2025-12-08,1732.74
4674,2025-12-15,1697.6
4674,2025-12-22,1711.26
4674,2025-12-29,1704.43
4674,2026-01-05,1739.57
4674,2026-01-12,1743.48
4674,2026-01-19,1702.48
4674,2026-01-26,1634.14
4674,2026-02-02,1520.9
4674,2026-02-09,1550.19
4674,2026-02-16,1498.45
4674,2026-02-23,1501.38
4674,2026-03-02,1450.62
4674,2026-03-09,1447.69
4674,2026-03-16,1405.71
4674,2026-03-23,1435.0
4674,2026-03-30,1446.0
4674,2026-04-06,1447.0
4674,2026-04-13,1454.0
4674,2026-04-20,1382.0
4674,2026-04-27,1376.0
4674,2026-05-04,1400.0
4674,2026-05-11,1538.0
4674,2026-05-18,1566.0
4674,2026-05-25,1526.0
4674,2026-06-01,1521.0
4674,2026-06-08,1454.0
4674,2026-06-15,1456.0
4674,2026-06-22,1445.0
4674,2026-06-29,1502.0
4674,2026-07-06,1546.0
4674,2026-07-13,1523.0
4674,2026-07-20,1557.0
4674,2026-07-27,1617.0
4674,2026-08-03,1805.0
4674,2026-08-10,1855.0
4768,2025-08-18,3018.85
4768,2025-08-25,2930.89
4768,2025-09-01,2943.45
4768,2025-09-08,3081.68
4768,2025-09-15,3022.72
4768,2025-09-22,3013.05
4768,2025-09-29,2939.59
4768,2025-10-06,2889.32
4768,2025-10-13,2876.75
4768,2025-10-20,2988.89
4768,2025-10-27,2948.29
4768,2025-11-03,2919.29
4768,2025-11-10,2899.95
4768,2025-11-17,3008.22
4768,2025-11-24,2984.05
4768,2025-12-01,3052.68
4768,2025-12-08,3198.65
4768,2025-12-15,3195.75
4768,2025-12-22,3170.62
4768,2025-12-29,3167.68
4768,2026-01-05,3132.39
4768,2026-01-12,3160.82
4768,2026-01-19,3158.85
4768,2026-01-26,3001.06
4768,2026-02-02,2952.05
4768,2026-02-09,2962.84
4768,2026-02-16,2979.5
4768,2026-02-23,3086.33
4768,2026-03-02,3005.96
4768,2026-03-09,2892.27
4768,2026-03-16,2876.59
4768,2026-03-23,2954.01
4768,2026-03-30,3014.78
4768,2026-04-06,2922.65
4768,2026-04-13,2987.34
4768,2026-04-20,2911.87
4768,2026-04-27,2797.2
4768,2026-05-04,2977.54
4768,2026-05-11,2845.22
4768,2026-05-18,2826.6
4768,2026-05-25,2831.5
4768,2026-06-01,2899.62
4768,2026-06-08,2794.26
4768,2026-06-15,2711.44
4768,2026-06-22,2708.5
4768,2026-06-29,2853.0
4768,2026-07-06,2893.5
4768,2026-07-13,3015.0
4768,2026-07-20,3026.0
4768,2026-07-27,3274.0
4768,2026-08-03,3443.0
4768,2026-08-10,3420.0
4848,2025-08-18,1719.45
4848,2025-08-25,1706.0
4848,2025-09-01,1709.84
4848,2025-09-08,1698.31
4848,2025-09-15,1690.63
4848,2025-09-22,1713.68
4848,2025-09-29,1671.42
4848,2025-10-06,1656.05
4848,2025-10-13,1628.19
4848,2025-10-20,1675.26
4848,2025-10-27,1625.31
4848,2025-11-03,1628.19
4848,2025-11-10,1636.84
4848,2025-11-17,1626.27
4848,2025-11-24,1645.48
4848,2025-12-01,1591.69
4848,2025-12-08,1599.37
4848,2025-12-15,1615.7
4848,2025-12-22,1638.76
4848,2025-12-29,1632.88
4848,2026-01-05,1669.11
4848,2026-01-12,1656.38
4848,2026-01-19,1723.93
4848,2026-01-26,1647.57
4848,2026-02-02,1674.98
4848,2026-02-09,1671.06
4848,2026-02-16,1600.58
4848,2026-02-23,1651.48
4848,2026-03-02,1635.82
4848,2026-03-09,1610.37
4848,2026-03-16,1619.18
4848,2026-03-23,1634.84
4848,2026-03-30,1668.13
4848,2026-04-06,1672.04
4848,2026-04-13,1659.32
4848,2026-04-20,1586.87
4848,2026-04-27,1573.17
4848,2026-05-04,1571.21
4848,2026-05-11,1498.77
4848,2026-05-18,1485.06
4848,2026-05-25,1507.58
4848,2026-06-01,1511.49
4848,2026-06-08,1506.6
4848,2026-06-15,1493.87
4848,2026-06-22,1488.0
4848,2026-06-29,1540.0
4848,2026-07-06,1602.0
4848,2026-07-13,1643.0
4848,2026-07-20,1648.0
4848,2026-07-27,1728.0
4848,2026-08-03,1680.0
4848,2026-08-10,1832.0
4919,2025-08-18,2438.83
4919,2025-08-25,2414.66
4919,2025-09-01,2429.16
4919,2025-09-08,2427.23
4919,2025-09-15,2392.43
4919,2025-09-22,2447.53
4919,2025-09-29,2368.26
4919,2025-10-06,2338.3
4919,2025-10-13,2314.13
4919,2025-10-20,2310.26
4919,2025-10-27,2238.73
4919,2025-11-03,2302.53
4919,2025-11-10,2324.76
4919,2025-11-17,2483.29
4919,2025-11-24,2456.23
4919,2025-12-01,2351.83
4919,2025-12-08,2404.03
4919,2025-12-15,2388.56
4919,2025-12-22,2458.16
4919,2025-12-29,2399.05
4919,2026-01-05,2389.19
4919,2026-01-12,2428.6
4919,2026-01-19,2540.92
4919,2026-01-26,2499.54
4919,2026-02-02,2618.75
4919,2026-02-09,2680.82
4919,2026-02-16,2675.9
4919,2026-02-23,2769.49
4919,2026-03-02,2692.65
4919,2026-03-09,2639.44
4919,2026-03-16,2637.47
4919,2026-03-23,2688.7
4919,2026-03-30,2703.48
4919,2026-04-06,2720.23
4919,2026-04-13,2691.66
4919,2026-04-20,2545.85
4919,2026-04-27,2498.55
4919,2026-05-04,2478.85
4919,2026-05-11,2503.48
4919,2026-05-18,2657.18
4919,2026-05-25,2612.84
4919,2026-06-01,2535.99
4919,2026-06-08,2703.48
4919,2026-06-15,2594.12
4919,2026-06-22,2669.0
4919,2026-06-29,2764.0
4919,2026-07-06,2774.0
4919,2026-07-13,2834.0
4919,2026-07-20,2785.0
4919,2026-07-27,2781.0
4919,2026-08-03,2894.0
4919,2026-08-10,3215.0
4927,2025-08-18,1263.93
4927,2025-08-25,1242.8
4927,2025-09-01,1255.29
4927,2025-09-08,1260.57
4927,2025-09-15,1262.01
4927,2025-09-22,1306.69
4927,2025-09-29,1266.82
4927,2025-10-06,1298.04
4927,2025-10-13,1274.02
4927,2025-10-20,1286.03
4927,2025-10-27,1275.94
4927,2025-11-03,1276.43
4927,2025-11-10,1278.83
4927,2025-11-17,1280.75
4927,2025-11-24,1290.36
4927,2025-12-01,1282.19
4927,2025-12-08,1284.59
4927,2025-12-15,1262.49
4927,2025-12-22,1290.36
4927,2025-12-29,1280.52
4927,2026-01-05,1293.31
4927,2026-01-12,1331.66
4927,2026-01-19,1368.55
4927,2026-01-26,1329.2
4927,2026-02-02,1374.45
4927,2026-02-09,1355.76
4927,2026-02-16,1335.11
4927,2026-02-23,1355.27
4927,2026-03-02,1305.6
4927,2026-03-09,1262.82
4927,2026-03-16,1267.74
4927,2026-03-23,1289.86
4927,2026-03-30,1312.98
4927,2026-04-06,1298.22
4927,2026-04-13,1285.93
4927,2026-04-20,1274.13
4927,2026-04-27,1266.75
4927,2026-05-04,1272.65
4927,2026-05-11,1253.48
4927,2026-05-18,1239.71
4927,2026-05-25,1267.24
4927,2026-06-01,1234.79
4927,2026-06-08,1240.2
4927,2026-06-15,1237.25
4927,2026-06-22,1252.0
4927,2026-06-29,1304.0
4927,2026-07-06,1308.5
4927,2026-07-13,1335.0
4927,2026-07-20,1310.5
4927,2026-07-27,1340.5
4927,2026-08-03,1398.5
4927,2026-08-10,1428.0
4937,2025-08-18,1139.0
4937,2025-08-25,1232.0
4937,2025-09-01,1247.0
4937,2025-09-08,1110.0
4937,2025-09-15,1113.0
4937,2025-09-22,1383.0
4937,2025-09-29,1400.0
4937,2025-10-06,1465.0
4937,2025-10-13,1375.0
4937,2025-10-20,1410.0
4937,2025-10-27,1397.0
4937,2025-11-03,1400.0
4937,2025-11-10,1766.0
4937,2025-11-17,1773.0
4937,2025-11-24,1725.0
4937,2025-12-01,1736.0
4937,2025-12-08,1393.0
4937,2025-12-15,1444.0
4937,2025-12-22,1340.0
4937,2025-12-29,1377.0
4937,2026-01-05,1410.0
4937,2026-01-12,1427.0
4937,2026-01-19,1401.0
4937,2026-01-26,1384.0
4937,2026-02-02,1400.0
4937,2026-02-09,1411.0
4937,2026-02-16,1515.0
4937,2026-02-23,1538.0
4937,2026-03-02,1530.0
4937,2026-03-09,1395.0
4937,2026-03-16,1384.0
4937,2026-03-23,1360.0
4937,2026-03-30,1357.0
4937,2026-04-06,1280.0
4937,2026-04-13,1317.0
4937,2026-04-20,1300.0
4937,2026-04-27,1317.0
4937,2026-05-04,1447.0
4937,2026-05-11,1580.0
4937,2026-05-18,1600.0
4937,2026-05-25,1572.0
4937,2026-06-01,1549.0
4937,2026-06-08,1540.0
4937,2026-06-15,1543.0
4937,2026-06-22,1495.0
4937,2026-06-29,1500.0
4937,2026-07-06,1450.0
4937,2026-07-13,1480.0
4937,2026-07-20,1501.0
4937,2026-07-27,1487.0
4937,2026-08-03,1568.0
4937,2026-08-10,2150.0
4958,2025-08-18,2885.26
4958,2025-08-25,2895.94
4958,2025-09-01,2895.94
4958,2025-09-08,2885.26
4958,2025-09-15,2895.94
4958,2025-09-22,2959.99
4958,2025-09-29,2748.77
4958,2025-10-06,2721.27
4958,2025-10-13,2679.02
4958,2025-10-20,2707.51
4958,2025-10-27,2654.46
4958,2025-11-03,2651.52
4958,2025-11-10,2707.51
4958,2025-11-17,2723.23
4958,2025-11-24,2784.14
4958,2025-12-01,2670.18
4958,2025-12-08,2710.46
4958,2025-12-15,2788.07
4958,2025-12-22,2798.88
4958,2025-12-29,2768.42
4958,2026-01-05,2828.35
4958,2026-01-12,2832.28
4958,2026-01-19,2858.8
4958,2026-01-26,2791.02
4958,2026-02-02,2812.63
4958,2026-02-09,2828.35
4958,2026-02-16,2799.86
4958,2026-02-23,2867.65
4958,2026-03-02,2802.81
4958,2026-03-09,2794.95
4958,2026-03-16,2787.09
4958,2026-03-23,2792.0
4958,2026-03-30,2855.0
4958,2026-04-06,2923.0
4958,2026-04-13,2861.0
4958,2026-04-20,2865.0
4958,2026-04-27,2882.0
4958,2026-05-04,2933.0
4958,2026-05-11,3070.0
4958,2026-05-18,3125.0
4958,2026-05-25,3075.0
4958,2026-06-01,3060.0
4958,2026-06-08,3205.0
4958,2026-06-15,3255.0
4958,2026-06-22,3215.0
4958,2026-06-29,3250.0
4958,2026-07-06,3225.0
4958,2026-07-13,3300.0
4958,2026-07-20,3225.0
4958,2026-07-27,3250.0
4958,2026-08-03,3310.0
4958,2026-08-10,3330.0
4997,2025-08-18,979.58
4997,2025-08-25,940.98
4997,2025-09-01,998.89
4997,2025-09-08,968.97
4997,2025-09-15,989.23
4997,2025-09-22,987.3
4997,2025-09-29,952.15
4997,2025-10-06,934.57
4997,2025-10-13,914.06
4997,2025-10-20,914.06
4997,2025-10-27,843.75
4997,2025-11-03,847.66
4997,2025-11-10,864.26
4997,2025-11-17,867.19
4997,2025-11-24,868.16
4997,2025-12-01,880.86
4997,2025-12-08,970.7
4997,2025-12-15,995.12
4997,2025-12-22,982.42
4997,2025-12-29,990.23
4997,2026-01-05,994.14
4997,2026-01-12,1012.7
4997,2026-01-19,1005.86
4997,2026-01-26,990.23
4997,2026-02-02,1034.18
4997,2026-02-09,998.05
4997,2026-02-16,993.16
4997,2026-02-23,1066.41
4997,2026-03-02,989.26
4997,2026-03-09,990.23
4997,2026-03-16,984.38
4997,2026-03-23,1000.0
4997,2026-03-30,1031.0
4997,2026-04-06,1021.0
4997,2026-04-13,1017.0
4997,2026-04-20,1003.0
4997,2026-04-27,999.0
4997,2026-05-04,964.0
4997,2026-05-11,986.0
4997,2026-05-18,976.0
4997,2026-05-25,1057.0
4997,2026-06-01,1017.0
4997,2026-06-08,1028.0
4997,2026-06-15,1004.0
4997,2026-06-22,1022.0
4997,2026-06-29,1033.0
4997,2026-07-06,1014.0
4997,2026-07-13,987.0
4997,2026-07-20,1085.0
4997,2026-07-27,1077.0
4997,2026-08-03,1132.0
4997,2026-08-10,1153.0
5101,2025-08-18,5312.77
5101,2025-08-25,5355.65
5101,2025-09-01,5633.37
5101,2025-09-08,5769.8
5101,2025-09-15,5569.06
5101,2025-09-22,5445.3
5101,2025-09-29,5358.57
5101,2025-10-06,5289.39
5101,2025-10-13,5198.76
5101,2025-10-20,5432.63
5101,2025-10-27,5384.88
5101,2025-11-03,5490.12
5101,2025-11-10,5888.68
5101,2025-11-17,5749.33
5101,2025-11-24,6034.85
5101,2025-12-01,5878.94
5101,2025-12-08,6344.73
5101,2025-12-15,6196.61
5101,2025-12-22,5982.23
5101,2025-12-29,5946.65
5101,2026-01-05,6230.29
5101,2026-01-12,6643.41
5101,2026-01-19,6320.23
5101,2026-01-26,6018.8
5101,2026-02-02,6473.42
5101,2026-02-09,6687.88
5101,2026-02-16,7888.67
5101,2026-02-23,7789.84
5101,2026-03-02,6476.38
5101,2026-03-09,6063.27
5101,2026-03-16,5995.08
5101,2026-03-23,6123.56
5101,2026-03-30,5950.6
5101,2026-04-06,6269.83
5101,2026-04-13,6435.86
5101,2026-04-20,6239.19
5101,2026-04-27,6077.11
5101,2026-05-04,6377.55
5101,2026-05-11,6522.83
5101,2026-05-18,6455.63
5101,2026-05-25,7095.06
5101,2026-06-01,6945.83
5101,2026-06-08,6985.36
5101,2026-06-15,7839.26
5101,2026-06-22,7354.0
5101,2026-06-29,7833.0
5101,2026-07-06,7564.0
5101,2026-07-13,7563.0
5101,2026-07-20,7345.0
5101,2026-07-27,7669.0
5101,2026-08-03,7792.0
5101,2026-08-10,7693.0
5192,2025-08-18,3543.32
5192,2025-08-25,3576.66
5192,2025-09-01,3624.28
5192,2025-09-08,3614.76
5192,2025-09-15,3614.76
5192,2025-09-22,3652.86
5192,2025-09-29,3608.96
5192,2025-10-06,3560.19
5192,2025-10-13,3560.19
5192,2025-10-20,3647.98
5192,2025-10-27,3623.6
5192,2025-11-03,3623.6
5192,2025-11-10,3652.86
5192,2025-11-17,3701.63
5192,2025-11-24,3828.43
5192,2025-12-01,3750.4
5192,2025-12-08,3760.15
5192,2025-12-15,3755.27
5192,2025-12-22,3784.54
5192,2025-12-29,3828.43
5192,2026-01-05,3882.08
5192,2026-01-12,4023.51
5192,2026-01-19,4008.88
5192,2026-01-26,3930.85
5192,2026-02-02,4091.79
5192,2026-02-09,4052.77
5192,2026-02-16,4077.15
5192,2026-02-23,4189.33
5192,2026-03-02,4018.63
5192,2026-03-09,3930.85
5192,2026-03-16,3964.98
5192,2026-03-23,4004.0
5192,2026-03-30,4040.0
5192,2026-04-06,4070.0
5192,2026-04-13,3995.0
5192,2026-04-20,3850.0
5192,2026-04-27,3965.0
5192,2026-05-04,4005.0
5192,2026-05-11,4095.0
5192,2026-05-18,3905.0
5192,2026-05-25,3940.0
5192,2026-06-01,3965.0
5192,2026-06-08,3935.0
5192,2026-06-15,4020.0
5192,2026-06-22,3940.0
5192,2026-06-29,3940.0
5192,2026-07-06,3955.0
5192,2026-07-13,4030.0
5192,2026-07-20,4100.0
5192,2026-07-27,4085.0
5192,2026-08-03,4325.0
5192,2026-08-10,4520.0
5195,2025-08-18,1852.18
5195,2025-08-25,1891.81
5195,2025-09-01,1922.0
5195,2025-09-08,1942.76
5195,2025-09-15,1935.21
5195,2025-09-22,1943.7
5195,2025-09-29,1890.78
5195,2025-10-06,1848.44
5195,2025-10-13,1872.5
5195,2025-10-20,1931.19
5195,2025-10-27,1864.8
5195,2025-11-03,1898.48
5195,2025-11-10,1881.16
5195,2025-11-17,1895.59
5195,2025-11-24,1987.0
5195,2025-12-01,1912.91
5195,2025-12-08,1926.38
5195,2025-12-15,1941.78
5195,2025-12-22,1961.02
5195,2025-12-29,1970.64
5195,2026-01-05,2003.36
5195,2026-01-12,2061.09
5195,2026-01-19,2038.0
5195,2026-01-26,1947.55
5195,2026-02-02,1998.55
5195,2026-02-09,2230.45
5195,2026-02-16,2240.07
5195,2026-02-23,2297.8
5195,2026-03-02,2113.05
5195,2026-03-09,1988.93
5195,2026-03-16,1999.51
5195,2026-03-23,2038.0
5195,2026-03-30,2087.0
5195,2026-04-06,2149.0
5195,2026-04-13,2146.0
5195,2026-04-20,2025.0
5195,2026-04-27,2023.0
5195,2026-05-04,2039.0
5195,2026-05-11,2209.0
5195,2026-05-18,2241.0
5195,2026-05-25,2242.0
5195,2026-06-01,2200.0
5195,2026-06-08,2180.0
5195,2026-06-15,2241.0
5195,2026-06-22,2221.0
5195,2026-06-29,2231.0
5195,2026-07-06,2240.0
5195,2026-07-13,2226.0
5195,2026-07-20,2309.0
5195,2026-07-27,2423.0
5195,2026-08-03,2477.0
5195,2026-08-10,2474.0
5542,2025-08-18,779.79
5542,2025-08-25,773.02
5542,2025-09-01,767.21
5542,2025-09-08,769.15
5542,2025-09-15,766.25
5542,2025-09-22,774.95
5542,2025-09-29,773.99
5542,2025-10-06,771.08
5542,2025-10-13,743.99
5542,2025-10-20,779.79
5542,2025-10-27,773.02
5542,2025-11-03,716.9
5542,2025-11-10,721.74
5542,2025-11-17,711.1
5542,2025-11-24,713.03
5542,2025-12-01,715.94
5542,2025-12-08,702.39
5542,2025-12-15,703.36
5542,2025-12-22,703.36
5542,2025-12-29,715.21
5542,2026-01-05,725.09
5542,2026-01-12,768.56
5542,2026-01-19,759.67
5542,2026-01-26,758.68
5542,2026-02-02,743.86
5542,2026-02-09,768.56
5542,2026-02-16,805.11
5542,2026-02-23,850.55
5542,2026-03-02,789.3
5542,2026-03-09,795.23
5542,2026-03-16,807.08
5542,2026-03-23,789.3
5542,2026-03-30,793.25
5542,2026-04-06,812.02
5542,2026-04-13,812.02
5542,2026-04-20,816.96
5542,2026-04-27,842.65
5542,2026-05-04,843.64
5542,2026-05-11,794.24
5542,2026-05-18,806.1
5542,2026-05-25,839.68
5542,2026-06-01,814.99
5542,2026-06-08,801.16
5542,2026-06-15,816.96
5542,2026-06-22,814.0
5542,2026-06-29,809.0
5542,2026-07-06,806.0
5542,2026-07-13,800.0
5542,2026-07-20,797.0
5542,2026-07-27,785.0
5542,2026-08-03,844.0
5542,2026-08-10,984.0
581A,2026-06-15,2298.0
581A,2026-06-22,2185.0
581A,2026-06-29,2376.0
581A,2026-07-06,2408.0
581A,2026-07-13,2794.0
581A,2026-07-20,2998.0
581A,2026-07-27,2815.0
581A,2026-08-03,3290.0
581A,2026-08-10,3605.0
5884,2025-08-18,512.0
5884,2025-08-25,521.0
5884,2025-09-01,539.0
5884,2025-09-08,542.0
5884,2025-09-15,515.0
5884,2025-09-22,516.0
5884,2025-09-29,498.0
5884,2025-10-06,465.0
5884,2025-10-13,473.0
5884,2025-10-20,462.0
5884,2025-10-27,442.0
5884,2025-11-03,436.0
5884,2025-11-10,447.0
5884,2025-11-17,429.0
5884,2025-11-24,423.0
5884,2025-12-01,422.0
5884,2025-12-08,415.0
5884,2025-12-15,403.0
5884,2025-12-22,376.0
5884,2025-12-29,384.0
5884,2026-01-05,413.0
5884,2026-01-12,422.0
5884,2026-01-19,423.0
5884,2026-01-26,421.0
5884,2026-02-02,421.0
5884,2026-02-09,425.0
5884,2026-02-16,435.0
5884,2026-02-23,460.0
5884,2026-03-02,442.0
5884,2026-03-09,455.0
5884,2026-03-16,471.0
5884,2026-03-23,453.0
5884,2026-03-30,472.0
5884,2026-04-06,491.0
5884,2026-04-13,490.0
5884,2026-04-20,515.0
5884,2026-04-27,505.0
5884,2026-05-04,508.0
5884,2026-05-11,549.0
5884,2026-05-18,520.0
5884,2026-05-25,578.0
5884,2026-06-01,585.0
5884,2026-06-08,560.0
5884,2026-06-15,557.0
5884,2026-06-22,561.0
5884,2026-06-29,567.0
5884,2026-07-06,543.0
5884,2026-07-13,531.0
5884,2026-07-20,524.0
5884,2026-07-27,549.0
5884,2026-08-03,580.0
5884,2026-08-10,630.0
5889,2025-08-18,2043.2
5889,2025-08-25,2011.44
5889,2025-09-01,1997.01
5889,2025-09-08,2298.24
5889,2025-09-15,2166.39
5889,2025-09-22,2147.14
5889,2025-09-29,2028.77
5889,2025-10-06,2023.96
5889,2025-10-13,1987.38
5889,2025-10-20,2133.67
5889,2025-10-27,1934.45
5889,2025-11-03,1949.85
5889,2025-11-10,1946.96
5889,2025-11-17,1828.59
5889,2025-11-24,1867.08
5889,2025-12-01,1900.77
5889,2025-12-08,1971.02
5889,2025-12-15,1903.65
5889,2025-12-22,1950.81
5889,2025-12-29,1953.7
5889,2026-01-05,1966.21
5889,2026-01-12,1946.0
5889,2026-01-19,1961.4
5889,2026-01-26,1974.96
5889,2026-02-02,1950.39
5889,2026-02-09,1940.56
5889,2026-02-16,1883.54
5889,2026-02-23,1964.15
5889,2026-03-02,1917.95
5889,2026-03-09,1848.15
5889,2026-03-16,2040.83
5889,2026-03-23,2092.93
5889,2026-03-30,2054.59
5889,2026-04-06,2077.2
5889,2026-04-13,2103.74
5889,2026-04-20,2192.22
5889,2026-04-27,2190.25
5889,2026-05-04,2208.93
5889,2026-05-11,2154.86
5889,2026-05-18,2172.56
5889,2026-05-25,2056.56
5889,2026-06-01,2051.64
5889,2026-06-08,2133.23
5889,2026-06-15,2279.71
5889,2026-06-22,2151.91
5889,2026-06-29,2362.29
5889,2026-07-06,2410.46
5889,2026-07-13,2283.64
5889,2026-07-20,2345.58
5889,2026-07-27,2521.0
5889,2026-08-03,2469.0
5889,2026-08-10,2569.0
5901,2025-08-18,3449.24
5901,2025-08-25,3457.91
5901,2025-09-01,3457.91
5901,2025-09-08,3476.21
5901,2025-09-15,3324.95
5901,2025-09-22,3342.29
5901,2025-09-29,3217.89
5901,2025-10-06,3212.01
5901,2025-10-13,3288.42
5901,2025-10-20,3383.43
5901,2025-10-27,3390.29
5901,2025-11-03,3321.72
5901,2025-11-10,3541.14
5901,2025-11-17,3427.51
5901,2025-11-24,3648.9
5901,2025-12-01,3718.45
5901,2025-12-08,3788.98
5901,2025-12-15,3784.08
5901,2025-12-22,3711.59
5901,2025-12-29,3747.83
5901,2026-01-05,3763.51
5901,2026-01-12,3889.87
5901,2026-01-19,3887.91
5901,2026-01-26,3795.83
5901,2026-02-02,3959.42
5901,2026-02-09,3832.08
5901,2026-02-16,3835.02
5901,2026-02-23,3996.64
5901,2026-03-02,3755.67
5901,2026-03-09,3722.36
5901,2026-03-16,3613.63
5901,2026-03-23,3596.0
5901,2026-03-30,3468.0
5901,2026-04-06,3474.0
5901,2026-04-13,3353.0
5901,2026-04-20,3220.0
5901,2026-04-27,3438.0
5901,2026-05-04,3531.0
5901,2026-05-11,3706.0
5901,2026-05-18,3996.0
5901,2026-05-25,3890.0
5901,2026-06-01,3772.0
5901,2026-06-08,3933.0
5901,2026-06-15,4127.0
5901,2026-06-22,4167.0
5901,2026-06-29,4111.0
5901,2026-07-06,4027.0
5901,2026-07-13,4053.0
5901,2026-07-20,4097.0
5901,2026-07-27,4072.0
5901,2026-08-03,4325.0
5901,2026-08-10,4337.0
5918,2025-08-18,7179.52
5918,2025-08-25,6943.49
5918,2025-09-01,7238.53
5918,2025-09-08,7169.69
5918,2025-09-15,7091.01
5918,2025-09-22,7268.04
5918,2025-09-29,7396.76
5918,2025-10-06,7713.63
5918,2025-10-13,7426.47
5918,2025-10-20,7277.94
5918,2025-10-27,7169.02
5918,2025-11-03,7515.59
5918,2025-11-10,7792.84
5918,2025-11-17,7188.82
5918,2025-11-24,7277.94
5918,2025-12-01,7198.73
5918,2025-12-08,7188.82
5918,2025-12-15,7020.49
5918,2025-12-22,7198.73
5918,2025-12-29,7079.9
5918,2026-01-05,7277.94
5918,2026-01-12,7159.12
5918,2026-01-19,7188.82
5918,2026-01-26,6990.78
5918,2026-02-02,7099.71
5918,2026-02-09,7327.45
5918,2026-02-16,7149.22
5918,2026-02-23,7277.94
5918,2026-03-02,7129.41
5918,2026-03-09,7178.92
5918,2026-03-16,6980.88
5918,2026-03-23,7070.0
5918,2026-03-30,6950.0
5918,2026-04-06,7180.0
5918,2026-04-13,7140.0
5918,2026-04-20,7100.0
5918,2026-04-27,7020.0
5918,2026-05-04,7100.0
5918,2026-05-11,7220.0
5918,2026-05-18,7120.0
5918,2026-05-25,7190.0
5918,2026-06-01,7130.0
5918,2026-06-08,7140.0
5918,2026-06-15,7100.0
5918,2026-06-22,7070.0
5918,2026-06-29,7100.0
5918,2026-07-06,7130.0
5918,2026-07-13,7120.0
5918,2026-07-20,7130.0
5918,2026-07-27,7150.0
5918,2026-08-03,7130.0
5918,2026-08-10,7960.0
5966,2025-08-18,2429.13
5966,2025-08-25,2428.16
5966,2025-09-01,2381.8
5966,2025-09-08,2376.01
5966,2025-09-15,2429.13
5966,2025-09-22,2389.53
5966,2025-09-29,2370.88
5966,2025-10-06,2390.51
5966,2025-10-13,2356.15
5966,2025-10-20,2438.62
5966,2025-10-27,2395.42
5966,2025-11-03,2394.44
5966,2025-11-10,2385.6
5966,2025-11-17,2402.29
5966,2025-11-24,2415.05
5966,2025-12-01,2429.78
5966,2025-12-08,2508.32
5966,2025-12-15,2419.96
5966,2025-12-22,2429.78
5966,2025-12-29,2456.29
5966,2026-01-05,2450.4
5966,2026-01-12,2454.32
5966,2026-01-19,2432.73
5966,2026-01-26,2454.32
5966,2026-02-02,2451.38
5966,2026-02-09,2537.77
5966,2026-02-16,2478.87
5966,2026-02-23,2527.95
5966,2026-03-02,2483.78
5966,2026-03-09,2472.98
5966,2026-03-16,2473.96
5966,2026-03-23,2418.0
5966,2026-03-30,2420.0
5966,2026-04-06,2465.0
5966,2026-04-13,2420.0
5966,2026-04-20,2419.0
5966,2026-04-27,2463.0
5966,2026-05-04,2460.0
5966,2026-05-11,2499.0
5966,2026-05-18,2450.0
5966,2026-05-25,2450.0
5966,2026-06-01,2401.0
5966,2026-06-08,2450.0
5966,2026-06-15,2492.0
5966,2026-06-22,2540.0
5966,2026-06-29,2482.0
5966,2026-07-06,2501.0
5966,2026-07-13,2599.0
5966,2026-07-20,2601.0
5966,2026-07-27,2510.0
5966,2026-08-03,2649.0
5966,2026-08-10,2690.0
6083,2025-08-18,956.01
6083,2025-08-25,928.6
6083,2025-09-01,933.44
6083,2025-09-08,916.67
6083,2025-09-15,948.27
6083,2025-09-22,938.92
6083,2025-09-29,1178.48
6083,2025-10-06,1244.58
6083,2025-10-13,1244.58
6083,2025-10-20,1252.64
6083,2025-10-27,1184.93
6083,2025-11-03,1168.81
6083,2025-11-10,1196.22
6083,2025-11-17,1183.32
6083,2025-11-24,1219.38
6083,2025-12-01,1193.19
6083,2025-12-08,1284.85
6083,2025-12-15,1553.27
6083,2025-12-22,1623.65
6083,2025-12-29,1559.82
6083,2026-01-05,1600.74
6083,2026-01-12,1590.92
6083,2026-01-19,1523.81
6083,2026-01-26,1409.24
6083,2026-02-02,1430.52
6083,2026-02-09,1455.07
6083,2026-02-16,1499.26
6083,2026-02-23,1561.46
6083,2026-03-02,1509.08
6083,2026-03-09,1479.62
6083,2026-03-16,1556.55
6083,2026-03-23,1545.09
6083,2026-03-30,1307.76
6083,2026-04-06,1301.21
6083,2026-04-13,1355.23
6083,2026-04-20,1397.78
6083,2026-04-27,1360.14
6083,2026-05-04,1392.87
6083,2026-05-11,1325.76
6083,2026-05-18,1307.76
6083,2026-05-25,1241.0
6083,2026-06-01,1333.0
6083,2026-06-08,1313.0
6083,2026-06-15,1354.0
6083,2026-06-22,1347.0
6083,2026-06-29,1466.0
6083,2026-07-06,1397.0
6083,2026-07-13,1456.0
6083,2026-07-20,1531.0
6083,2026-07-27,1575.0
6083,2026-08-03,1678.0
6083,2026-08-10,1718.0
6087,2025-08-18,3308.89
6087,2025-08-25,3333.15
6087,2025-09-01,3265.22
6087,2025-09-08,3289.48
6087,2025-09-15,3323.44
6087,2025-09-22,3338.0
6087,2025-09-29,3075.0
6087,2025-10-06,3110.0
6087,2025-10-13,3100.0
6087,2025-10-20,3115.0
6087,2025-10-27,3115.0
6087,2025-11-03,3135.0
6087,2025-11-10,3175.0
6087,2025-11-17,3195.0
6087,2025-11-24,3215.0
6087,2025-12-01,3340.0
6087,2025-12-08,3305.0
6087,2025-12-15,3305.0
6087,2025-12-22,3370.0
6087,2025-12-29,3360.0
6087,2026-01-05,3380.0
6087,2026-01-12,3405.0
6087,2026-01-19,3395.0
6087,2026-01-26,3380.0
6087,2026-02-02,3400.0
6087,2026-02-09,3405.0
6087,2026-02-16,3420.0
6087,2026-02-23,3460.0
6087,2026-03-02,3440.0
6087,2026-03-09,3435.0
6087,2026-03-16,3450.0
6087,2026-03-23,3485.0
6087,2026-03-30,3375.0
6087,2026-04-06,3390.0
6087,2026-04-13,3410.0
6087,2026-04-20,3390.0
6087,2026-04-27,3405.0
6087,2026-05-04,3410.0
6087,2026-05-11,3400.0
6087,2026-05-18,3400.0
6087,2026-05-25,3405.0
6087,2026-06-01,3395.0
6087,2026-06-08,3335.0
6087,2026-06-15,3330.0
6087,2026-06-22,3320.0
6087,2026-06-29,3375.0
6087,2026-07-06,3450.0
6087,2026-07-13,3440.0
6087,2026-07-20,3435.0
6087,2026-07-27,3465.0
6087,2026-08-03,3470.0
6087,2026-08-10,3495.0
6098,2025-08-18,8733.93
6098,2025-08-25,8549.57
6098,2025-09-01,8431.97
6098,2025-09-08,8451.9
6098,2025-09-15,7902.79
6098,2025-09-22,8214.72
6098,2025-09-29,7866.89
6098,2025-10-06,8106.43
6098,2025-10-13,7401.78
6098,2025-10-20,7914.79
6098,2025-10-27,7693.22
6098,2025-11-03,8470.73
6098,2025-11-10,8087.46
6098,2025-11-17,7693.22
6098,2025-11-24,7990.65
6098,2025-12-01,8233.18
6098,2025-12-08,8296.06
6098,2025-12-15,8832.03
6098,2025-12-22,9082.55
6098,2025-12-29,8830.04
6098,2026-01-05,9314.11
6098,2026-01-12,9173.38
6098,2026-01-19,8571.53
6098,2026-01-26,8084.47
6098,2026-02-02,7048.46
6098,2026-02-09,6144.2
6098,2026-02-16,6271.95
6098,2026-02-23,6852.83
6098,2026-03-02,6988.57
6098,2026-03-09,6501.51
6098,2026-03-16,6319.86
6098,2026-03-23,6506.5
6098,2026-03-30,6942.0
6098,2026-04-06,7117.0
6098,2026-04-13,7524.0
6098,2026-04-20,7308.0
6098,2026-04-27,7361.0
6098,2026-05-04,7822.0
6098,2026-05-11,7825.0
6098,2026-05-18,9789.0
6098,2026-05-25,10570.0
6098,2026-06-01,10595.0
6098,2026-06-08,10790.0
6098,2026-06-15,10865.0
6098,2026-06-22,11040.0
6098,2026-06-29,11920.0
6098,2026-07-06,12240.0
6098,2026-07-13,12820.0
6098,2026-07-20,12055.0
6098,2026-07-27,12550.0
6098,2026-08-03,13165.0
6098,2026-08-10,16660.0
6138,2025-08-18,1016.45
6138,2025-08-25,1037.35
6138,2025-09-01,1025.95
6138,2025-09-08,1052.55
6138,2025-09-15,970.85
6138,2025-09-22,992.7
6138,2025-09-29,996.5
6138,2025-10-06,987.0
6138,2025-10-13,987.95
6138,2025-10-20,1012.65
6138,2025-10-27,1018.35
6138,2025-11-03,849.26
6138,2025-11-10,854.96
6138,2025-11-17,843.56
6138,2025-11-24,861.61
6138,2025-12-01,870.16
6138,2025-12-08,880.61
6138,2025-12-15,875.86
6138,2025-12-22,914.81
6138,2025-12-29,914.81
6138,2026-01-05,987.0
6138,2026-01-12,977.5
6138,2026-01-19,985.1
6138,2026-01-26,992.7
6138,2026-02-02,992.7
6138,2026-02-09,1049.7
6138,2026-02-16,1125.7
6138,2026-02-23,1149.44
6138,2026-03-02,1101.95
6138,2026-03-09,1094.35
6138,2026-03-16,1058.25
6138,2026-03-23,1044.0
6138,2026-03-30,1083.0
6138,2026-04-06,1073.0
6138,2026-04-13,1061.0
6138,2026-04-20,1076.0
6138,2026-04-27,1163.0
6138,2026-05-04,1163.0
6138,2026-05-11,1001.0
6138,2026-05-18,1015.0
6138,2026-05-25,1130.0
6138,2026-06-01,1104.0
6138,2026-06-08,1088.0
6138,2026-06-15,1108.0
6138,2026-06-22,1106.0
6138,2026-06-29,1145.0
6138,2026-07-06,1126.0
6138,2026-07-13,1168.0
6138,2026-07-20,1215.0
6138,2026-07-27,1137.0
6138,2026-08-03,1272.0
6138,2026-08-10,1972.0
6194,2025-08-18,751.11
6194,2025-08-25,753.03
6194,2025-09-01,780.92
6194,2025-09-08,779.0
6194,2025-09-15,774.19
6194,2025-09-22,779.0
6194,2025-09-29,743.0
6194,2025-10-06,749.0
6194,2025-10-13,717.0
6194,2025-10-20,713.0
6194,2025-10-27,700.0
6194,2025-11-03,695.0
6194,2025-11-10,683.0
6194,2025-11-17,670.0
6194,2025-11-24,659.0
6194,2025-12-01,621.0
6194,2025-12-08,628.0
6194,2025-12-15,667.0
6194,2025-12-22,702.0
6194,2025-12-29,710.0
6194,2026-01-05,721.0
6194,2026-01-12,706.0
6194,2026-01-19,705.0
6194,2026-01-26,693.0
6194,2026-02-02,688.0
6194,2026-02-09,718.0
6194,2026-02-16,696.0
6194,2026-02-23,738.0
6194,2026-03-02,744.0
6194,2026-03-09,700.0
6194,2026-03-16,667.0
6194,2026-03-23,669.0
6194,2026-03-30,668.0
6194,2026-04-06,660.0
6194,2026-04-13,666.0
6194,2026-04-20,653.0
6194,2026-04-27,646.0
6194,2026-05-04,662.0
6194,2026-05-11,715.0
6194,2026-05-18,712.0
6194,2026-05-25,690.0
6194,2026-06-01,683.0
6194,2026-06-08,705.0
6194,2026-06-15,700.0
6194,2026-06-22,693.0
6194,2026-06-29,704.0
6194,2026-07-06,805.0
6194,2026-07-13,823.0
6194,2026-07-20,822.0
6194,2026-07-27,861.0
6194,2026-08-03,870.0
6194,2026-08-10,901.0
6258,2025-08-18,1847.33
6258,2025-08-25,1779.27
6258,2025-09-01,1785.1
6258,2025-09-08,1835.66
6258,2025-09-15,1844.41
6258,2025-09-22,1903.72
6258,2025-09-29,1912.47
6258,2025-10-06,1946.5
6258,2025-10-13,1922.19
6258,2025-10-20,2029.14
6258,2025-10-27,1985.39
6258,2025-11-03,1910.52
6258,2025-11-10,2060.26
6258,2025-11-17,2030.11
6258,2025-11-24,2225.54
6258,2025-12-01,2241.1
6258,2025-12-08,2295.55
6258,2025-12-15,2263.46
6258,2025-12-22,2353.88
6258,2025-12-29,2284.85
6258,2026-01-05,2436.53
6258,2026-01-12,2637.79
6258,2026-01-19,2590.15
6258,2026-01-26,2496.81
6258,2026-02-02,2697.1
6258,2026-02-09,2766.13
6258,2026-02-16,2769.05
6258,2026-02-23,2970.31
6258,2026-03-02,2785.57
6258,2026-03-09,2528.89
6258,2026-03-16,2441.39
6258,2026-03-23,2455.0
6258,2026-03-30,2446.0
6258,2026-04-06,2892.0
6258,2026-04-13,3060.0
6258,2026-04-20,3020.0
6258,2026-04-27,3245.0
6258,2026-05-04,3500.0
6258,2026-05-11,3050.0
6258,2026-05-18,2832.0
6258,2026-05-25,2877.0
6258,2026-06-01,2820.0
6258,2026-06-08,2670.0
6258,2026-06-15,3120.0
6258,2026-06-22,3035.0
6258,2026-06-29,3090.0
6258,2026-07-06,3075.0
6258,2026-07-13,2834.0
6258,2026-07-20,2907.0
6258,2026-07-27,2854.0
6258,2026-08-03,3165.0
6258,2026-08-10,3610.0
6287,2025-08-18,2173.02
6287,2025-08-25,2177.86
6287,2025-09-01,2233.01
6287,2025-09-08,2201.08
6287,2025-09-15,2265.9
6287,2025-09-22,2258.16
6287,2025-09-29,2171.61
6287,2025-10-06,2156.86
6287,2025-10-13,2142.11
6287,2025-10-20,2203.09
6287,2025-10-27,2153.91
6287,2025-11-03,2187.35
6287,2025-11-10,2184.4
6287,2025-11-17,2217.84
6287,2025-11-24,2266.03
6287,2025-12-01,2208.99
6287,2025-12-08,2310.29
6287,2025-12-15,2377.17
6287,2025-12-22,2357.5
6287,2025-12-29,2361.43
6287,2026-01-05,2345.7
6287,2026-01-12,2377.17
6287,2026-01-19,2361.43
6287,2026-01-26,2277.84
6287,2026-02-02,2328.98
6287,2026-02-09,2283.74
6287,2026-02-16,2385.04
6287,2026-02-23,2458.8
6287,2026-03-02,2377.17
6287,2026-03-09,2290.62
6287,2026-03-16,2242.43
6287,2026-03-23,2268.0
6287,2026-03-30,2274.0
6287,2026-04-06,2279.0
6287,2026-04-13,2192.0
6287,2026-04-20,2078.0
6287,2026-04-27,2073.0
6287,2026-05-04,2150.0
6287,2026-05-11,2160.0
6287,2026-05-18,2244.0
6287,2026-05-25,2197.0
6287,2026-06-01,2302.0
6287,2026-06-08,2307.0
6287,2026-06-15,2290.0
6287,2026-06-22,2370.0
6287,2026-06-29,2333.0
6287,2026-07-06,2395.0
6287,2026-07-13,2447.0
6287,2026-07-20,2431.0
6287,2026-07-27,2448.0
6287,2026-08-03,2593.0
6287,2026-08-10,2605.0
6306,2025-08-18,742.37
6306,2025-08-25,770.89
6306,2025-09-01,766.14
6306,2025-09-08,760.43
6306,2025-09-15,758.53
6306,2025-09-22,756.63
6306,2025-09-29,732.35
6306,2025-10-06,737.21
6306,2025-10-13,744.01
6306,2025-10-20,761.49
6306,2025-10-27,743.03
6306,2025-11-03,731.38
6306,2025-11-10,742.06
6306,2025-11-17,735.26
6306,2025-11-24,749.83
6306,2025-12-01,730.41
6306,2025-12-08,740.12
6306,2025-12-15,764.4
6306,2025-12-22,796.45
6306,2025-12-29,768.29
6306,2026-01-05,790.63
6306,2026-01-12,810.05
6306,2026-01-19,794.51
6306,2026-01-26,791.6
6306,2026-02-02,811.02
6306,2026-02-09,841.13
6306,2026-02-16,831.42
6306,2026-02-23,851.82
6306,2026-03-02,790.63
6306,2026-03-09,772.17
6306,2026-03-16,778.0
6306,2026-03-23,778.0
6306,2026-03-30,788.0
6306,2026-04-06,796.0
6306,2026-04-13,805.0
6306,2026-04-20,799.0
6306,2026-04-27,799.0
6306,2026-05-04,802.0
6306,2026-05-11,842.0
6306,2026-05-18,844.0
6306,2026-05-25,855.0
6306,2026-06-01,866.0
6306,2026-06-08,844.0
6306,2026-06-15,914.0
6306,2026-06-22,912.0
6306,2026-06-29,945.0
6306,2026-07-06,951.0
6306,2026-07-13,932.0
6306,2026-07-20,960.0
6306,2026-07-27,982.0
6306,2026-08-03,988.0
6306,2026-08-10,981.0
6316,2025-08-18,2196.51
6316,2025-08-25,2224.56
6316,2025-09-01,2259.38
6316,2025-09-08,2254.54
6316,2025-09-15,2281.62
6316,2025-09-22,2359.0
6316,2025-09-29,2173.0
6316,2025-10-06,2158.0
6316,2025-10-13,2139.0
6316,2025-10-20,2199.0
6316,2025-10-27,2175.0
6316,2025-11-03,2123.0
6316,2025-11-10,2107.0
6316,2025-11-17,2132.0
6316,2025-11-24,2166.0
6316,2025-12-01,2169.0
6316,2025-12-08,2147.0
6316,2025-12-15,2195.0
6316,2025-12-22,2308.0
6316,2025-12-29,2300.0
6316,2026-01-05,2283.0
6316,2026-01-12,2328.0
6316,2026-01-19,2389.0
6316,2026-01-26,2376.0
6316,2026-02-02,2335.0
6316,2026-02-09,2376.0
6316,2026-02-16,2412.0
6316,2026-02-23,2477.0
6316,2026-03-02,2392.0
6316,2026-03-09,2331.0
6316,2026-03-16,2311.0
6316,2026-03-23,2315.0
6316,2026-03-30,2279.0
6316,2026-04-06,2335.0
6316,2026-04-13,2369.0
6316,2026-04-20,2363.0
6316,2026-04-27,2370.0
6316,2026-05-04,2428.0
6316,2026-05-11,2435.0
6316,2026-05-18,2487.0
6316,2026-05-25,2521.0
6316,2026-06-01,2464.0
6316,2026-06-08,2488.0
6316,2026-06-15,2519.0
6316,2026-06-22,2558.0
6316,2026-06-29,2765.0
6316,2026-07-06,2628.0
6316,2026-07-13,2630.0
6316,2026-07-20,2757.0
6316,2026-07-27,2677.0
6316,2026-08-03,2765.0
6316,2026-08-10,2838.0
6351,2025-08-18,1954.83
6351,2025-08-25,1942.5
6351,2025-09-01,1927.71
6351,2025-09-08,1974.55
6351,2025-09-15,2004.13
6351,2025-09-22,2026.31
6351,2025-09-29,2001.51
6351,2025-10-06,1952.88
6351,2025-10-13,1984.64
6351,2025-10-20,2001.51
6351,2025-10-27,1931.05
6351,2025-11-03,1948.91
6351,2025-11-10,2101.73
6351,2025-11-17,2174.17
6351,2025-11-24,2274.39
6351,2025-12-01,2114.63
6351,2025-12-08,2158.29
6351,2025-12-15,2103.72
6351,2025-12-22,2093.79
6351,2025-12-29,2122.57
6351,2026-01-05,2158.29
6351,2026-01-12,2378.59
6351,2026-01-19,2251.57
6351,2026-01-26,2165.24
6351,2026-02-02,2275.39
6351,2026-02-09,2211.88
6351,2026-02-16,2186.08
6351,2026-02-23,2209.89
6351,2026-03-02,2009.45
6351,2026-03-09,1944.94
6351,2026-03-16,2049.14
6351,2026-03-23,2067.0
6351,2026-03-30,2319.0
6351,2026-04-06,2393.0
6351,2026-04-13,2259.0
6351,2026-04-20,2167.0
6351,2026-04-27,2187.0
6351,2026-05-04,2159.0
6351,2026-05-11,2021.0
6351,2026-05-18,2060.0
6351,2026-05-25,2120.0
6351,2026-06-01,2102.0
6351,2026-06-08,2102.0
6351,2026-06-15,2281.0
6351,2026-06-22,2271.0
6351,2026-06-29,2430.0
6351,2026-07-06,2268.0
6351,2026-07-13,2217.0
6351,2026-07-20,2171.0
6351,2026-07-27,2227.0
6351,2026-08-03,2442.0
6351,2026-08-10,2436.0
6381,2025-08-18,1488.09
6381,2025-08-25,1501.36
6381,2025-09-01,1513.68
6381,2025-09-08,1539.28
6381,2025-09-15,1529.8
6381,2025-09-22,1546.86
6381,2025-09-29,1511.86
6381,2025-10-06,1497.27
6381,2025-10-13,1482.69
6381,2025-10-20,1538.11
6381,2025-10-27,1476.86
6381,2025-11-03,1470.05
6381,2025-11-10,1458.38
6381,2025-11-17,1485.61
6381,2025-11-24,1525.47
6381,2025-12-01,1493.38
6381,2025-12-08,1554.64
6381,2025-12-15,1554.64
6381,2025-12-22,1572.14
6381,2025-12-29,1588.67
6381,2026-01-05,1661.58
6381,2026-01-12,1690.75
6381,2026-01-19,1657.7
6381,2026-01-26,1607.14
6381,2026-02-02,1711.17
6381,2026-02-09,1656.72
6381,2026-02-16,1705.34
6381,2026-02-23,1705.34
6381,2026-03-02,1615.89
6381,2026-03-09,1570.19
6381,2026-03-16,1593.53
6381,2026-03-23,1612.0
6381,2026-03-30,1620.0
6381,2026-04-06,1652.0
6381,2026-04-13,1630.0
6381,2026-04-20,1588.0
6381,2026-04-27,1591.0
6381,2026-05-04,1629.0
6381,2026-05-11,1674.0
6381,2026-05-18,1656.0
6381,2026-05-25,1631.0
6381,2026-06-01,1620.0
6381,2026-06-08,1610.0
6381,2026-06-15,1697.0
6381,2026-06-22,1683.0
6381,2026-06-29,1753.0
6381,2026-07-06,1760.0
6381,2026-07-13,1720.0
6381,2026-07-20,1769.0
6381,2026-07-27,1803.0
6381,2026-08-03,1890.0
6381,2026-08-10,1914.0
6396,2025-08-18,3278.71
6396,2025-08-25,3303.4
6396,2025-09-01,3372.52
6396,2025-09-08,3229.33
6396,2025-09-15,3224.39
6396,2025-09-22,3308.33
6396,2025-09-29,3515.72
6396,2025-10-06,3446.59
6396,2025-10-13,3407.09
6396,2025-10-20,3476.22
6396,2025-10-27,3486.09
6396,2025-11-03,3495.97
6396,2025-11-10,3392.28
6396,2025-11-17,3461.41
6396,2025-11-24,3481.16
6396,2025-12-01,3535.47
6396,2025-12-08,3871.24
6396,2025-12-15,3940.37
6396,2025-12-22,4221.83
6396,2025-12-29,4167.51
6396,2026-01-05,4305.77
6396,2026-01-12,4266.27
6396,2026-01-19,4152.7
6396,2026-01-26,4152.7
6396,2026-02-02,4281.08
6396,2026-02-09,4379.84
6396,2026-02-16,4463.78
6396,2026-02-23,4478.59
6396,2026-03-02,4448.97
6396,2026-03-09,4078.63
6396,2026-03-16,3989.75
6396,2026-03-23,3970.0
6396,2026-03-30,3750.0
6396,2026-04-06,3660.0
6396,2026-04-13,3800.0
6396,2026-04-20,3800.0
6396,2026-04-27,3810.0
6396,2026-05-04,3960.0
6396,2026-05-11,4000.0
6396,2026-05-18,3915.0
6396,2026-05-25,3985.0
6396,2026-06-01,3865.0
6396,2026-06-08,3865.0
6396,2026-06-15,3965.0
6396,2026-06-22,3930.0
6396,2026-06-29,3930.0
6396,2026-07-06,4020.0
6396,2026-07-13,3955.0
6396,2026-07-20,4250.0
6396,2026-07-27,4280.0
6396,2026-08-03,4650.0
6396,2026-08-10,4710.0
6545,2025-08-18,618.01
6545,2025-08-25,618.98
6545,2025-09-01,615.08
6545,2025-09-08,620.94
6545,2025-09-15,639.49
6545,2025-09-22,636.56
6545,2025-09-29,619.96
6545,2025-10-06,620.94
6545,2025-10-13,620.94
6545,2025-10-20,625.82
6545,2025-10-27,619.96
6545,2025-11-03,613.13
6545,2025-11-10,616.06
6545,2025-11-17,591.65
6545,2025-11-24,603.36
6545,2025-12-01,604.34
6545,2025-12-08,622.89
6545,2025-12-15,624.84
6545,2025-12-22,617.03
6545,2025-12-29,639.49
6545,2026-01-05,658.04
6545,2026-01-12,681.47
6545,2026-01-19,684.4
6545,2026-01-26,677.56
6545,2026-02-02,683.42
6545,2026-02-09,668.78
6545,2026-02-16,711.73
6545,2026-02-23,738.09
6545,2026-03-02,743.95
6545,2026-03-09,799.6
6545,2026-03-16,770.31
6545,2026-03-23,742.0
6545,2026-03-30,758.0
6545,2026-04-06,746.0
6545,2026-04-13,741.0
6545,2026-04-20,715.0
6545,2026-04-27,717.0
6545,2026-05-04,710.0
6545,2026-05-11,733.0
6545,2026-05-18,721.0
6545,2026-05-25,717.0
6545,2026-06-01,709.0
6545,2026-06-08,700.0
6545,2026-06-15,701.0
6545,2026-06-22,713.0
6545,2026-06-29,745.0
6545,2026-07-06,793.0
6545,2026-07-13,795.0
6545,2026-07-20,837.0
6545,2026-07-27,871.0
6545,2026-08-03,876.0
6545,2026-08-10,900.0
6570,2025-08-18,1256.86
6570,2025-08-25,1251.96
6570,2025-09-01,1275.49
6570,2025-09-08,1263.73
6570,2025-09-15,1310.78
6570,2025-09-22,1284.31
6570,2025-09-29,1209.58
6570,2025-10-06,1166.03
6570,2025-10-13,1198.69
6570,2025-10-20,1254.12
6570,2025-10-27,1176.92
6570,2025-11-03,1155.14
6570,2025-11-10,1153.16
6570,2025-11-17,1066.05
6570,2025-11-24,1128.41
6570,2025-12-01,1094.76
6570,2025-12-08,1092.78
6570,2025-12-15,1227.4
6570,2025-12-22,1197.7
6570,2025-12-29,1188.79
6570,2026-01-05,1229.38
6570,2026-01-12,1237.3
6570,2026-01-19,1225.42
6570,2026-01-26,1180.88
6570,2026-02-02,1216.51
6570,2026-02-09,1251.15
6570,2026-02-16,1262.04
6570,2026-02-23,1264.02
6570,2026-03-02,1295.7
6570,2026-03-09,1301.64
6570,2026-03-16,1268.97
6570,2026-03-23,1217.5
6570,2026-03-30,1212.0
6570,2026-04-06,1221.0
6570,2026-04-13,1270.0
6570,2026-04-20,1228.0
6570,2026-04-27,1232.0
6570,2026-05-04,1256.0
6570,2026-05-11,1599.0
6570,2026-05-18,1692.0
6570,2026-05-25,1653.0
6570,2026-06-01,1640.0
6570,2026-06-08,1612.0
6570,2026-06-15,1787.0
6570,2026-06-22,1908.0
6570,2026-06-29,1882.0
6570,2026-07-06,1900.0
6570,2026-07-13,1929.0
6570,2026-07-20,2005.0
6570,2026-07-27,2106.0
6570,2026-08-03,2102.0
6570,2026-08-10,2970.0
6647,2025-08-18,1892.43
6647,2025-08-25,1832.8
6647,2025-09-01,1887.54
6647,2025-09-08,1902.2
6647,2025-09-15,1902.2
6647,2025-09-22,1929.57
6647,2025-09-29,1951.08
6647,2025-10-06,1935.44
6647,2025-10-13,1957.92
6647,2025-10-20,2084.99
6647,2025-10-27,2363.58
6647,2025-11-03,2176.88
6647,2025-11-10,2107.48
6647,2025-11-17,2072.29
6647,2025-11-24,2167.1
6647,2025-12-01,2181.76
6647,2025-12-08,2247.26
6647,2025-12-15,2188.61
6647,2025-12-22,2237.48
6647,2025-12-29,2248.23
6647,2026-01-05,2207.18
6647,2026-01-12,2190.56
6647,2026-01-19,2385.08
6647,2026-01-26,2345.01
6647,2026-02-02,2472.08
6647,2026-02-09,2570.81
6647,2026-02-16,2677.35
6647,2026-02-23,2680.29
6647,2026-03-02,2619.68
6647,2026-03-09,2637.28
6647,2026-03-16,2629.46
6647,2026-03-23,2823.0
6647,2026-03-30,2710.0
6647,2026-04-06,2777.0
6647,2026-04-13,2990.0
6647,2026-04-20,2940.0
6647,2026-04-27,2900.0
6647,2026-05-04,2921.0
6647,2026-05-11,2530.0
6647,2026-05-18,2459.0
6647,2026-05-25,2583.0
6647,2026-06-01,2580.0
6647,2026-06-08,2570.0
6647,2026-06-15,2575.0
6647,2026-06-22,2732.0
6647,2026-06-29,2726.0
6647,2026-07-06,2738.0
6647,2026-07-13,2777.0
6647,2026-07-20,2750.0
6647,2026-07-27,2900.0
6647,2026-08-03,2950.0
6647,2026-08-10,3220.0
6652,2025-08-18,2256.52
6652,2025-08-25,2333.81
6652,2025-09-01,2345.26
6652,2025-09-08,2315.68
6652,2025-09-15,2351.94
6652,2025-09-22,2422.54
6652,2025-09-29,2296.22
6652,2025-10-06,2314.83
6652,2025-10-13,2271.74
6652,2025-10-20,2375.54
6652,2025-10-27,2302.1
6652,2025-11-03,2217.89
6652,2025-11-10,2493.04
6652,2025-11-17,2512.63
6652,2025-11-24,2622.3
6652,2025-12-01,2799.53
6652,2025-12-08,2876.89
6652,2025-12-15,2804.43
6652,2025-12-22,2900.39
6652,2025-12-29,2859.26
6652,2026-01-05,2855.35
6652,2026-01-12,2915.08
6652,2026-01-19,2929.77
6652,2026-01-26,2813.24
6652,2026-02-02,2927.81
6652,2026-02-09,3104.06
6652,2026-02-16,3177.5
6652,2026-02-23,3236.26
6652,2026-03-02,3089.38
6652,2026-03-09,3089.38
6652,2026-03-16,3064.9
6652,2026-03-23,3060.0
6652,2026-03-30,3100.0
6652,2026-04-06,3180.0
6652,2026-04-13,3225.0
6652,2026-04-20,3220.0
6652,2026-04-27,3340.0
6652,2026-05-04,3425.0
6652,2026-05-11,3595.0
6652,2026-05-18,3485.0
6652,2026-05-25,3465.0
6652,2026-06-01,3345.0
6652,2026-06-08,3095.0
6652,2026-06-15,3200.0
6652,2026-06-22,3260.0
6652,2026-06-29,3380.0
6652,2026-07-06,3320.0
6652,2026-07-13,3175.0
6652,2026-07-20,3265.0
6652,2026-07-27,3535.0
6652,2026-08-03,3700.0
6652,2026-08-10,3925.0
6724,2025-08-18,1838.55
6724,2025-08-25,1822.65
6724,2025-09-01,1895.85
6724,2025-09-08,1904.52
6724,2025-09-15,1875.14
6724,2025-09-22,1900.18
6724,2025-09-29,1870.74
6724,2025-10-06,1900.18
6724,2025-10-13,1898.22
6724,2025-10-20,1971.83
6724,2025-10-27,1920.3
6724,2025-11-03,1853.56
6724,2025-11-10,1897.24
6724,2025-11-17,1861.41
6724,2025-11-24,1909.02
6724,2025-12-01,1880.06
6724,2025-12-08,1961.04
6724,2025-12-15,1947.79
6724,2025-12-22,1953.19
6724,2025-12-29,1946.31
6724,2026-01-05,1967.42
6724,2026-01-12,2022.38
6724,2026-01-19,2018.45
6724,2026-01-26,1940.92
6724,2026-02-02,2030.72
6724,2026-02-09,2055.75
6724,2026-02-16,2035.14
6724,2026-02-23,2078.33
6724,2026-03-02,1983.12
6724,2026-03-09,1941.9
6724,2026-03-16,1915.4
6724,2026-03-23,1963.0
6724,2026-03-30,1986.0
6724,2026-04-06,2069.5
6724,2026-04-13,2159.0
6724,2026-04-20,2026.0
6724,2026-04-27,2095.0
6724,2026-05-04,2442.0
6724,2026-05-11,2488.0
6724,2026-05-18,2529.5
6724,2026-05-25,2927.5
6724,2026-06-01,2963.0
6724,2026-06-08,2765.0
6724,2026-06-15,2749.0
6724,2026-06-22,2691.5
6724,2026-06-29,2807.0
6724,2026-07-06,2869.0
6724,2026-07-13,2813.5
6724,2026-07-20,2922.0
6724,2026-07-27,2950.0
6724,2026-08-03,3175.0
6724,2026-08-10,3129.0
6743,2025-08-18,523.35
6743,2025-08-25,530.99
6743,2025-09-01,531.94
6743,2025-09-08,589.24
6743,2025-09-15,577.78
6743,2025-09-22,584.47
6743,2025-09-29,552.95
6743,2025-10-06,553.91
6743,2025-10-13,548.18
6743,2025-10-20,552.95
6743,2025-10-27,575.87
6743,2025-11-03,587.33
6743,2025-11-10,692.38
6743,2025-11-17,673.28
6743,2025-11-24,698.11
6743,2025-12-01,730.58
6743,2025-12-08,740.13
6743,2025-12-15,756.37
6743,2025-12-22,756.37
6743,2025-12-29,775.47
6743,2026-01-05,797.44
6743,2026-01-12,790.75
6743,2026-01-19,769.74
6743,2026-01-26,756.37
6743,2026-02-02,913.95
6743,2026-02-09,817.49
6743,2026-02-16,845.19
6743,2026-02-23,847.1
6743,2026-03-02,789.8
6743,2026-03-09,778.34
6743,2026-03-16,747.78
6743,2026-03-23,743.0
6743,2026-03-30,740.0
6743,2026-04-06,782.0
6743,2026-04-13,799.0
6743,2026-04-20,795.0
6743,2026-04-27,796.0
6743,2026-05-04,807.0
6743,2026-05-11,788.0
6743,2026-05-18,845.0
6743,2026-05-25,832.0
6743,2026-06-01,847.0
6743,2026-06-08,827.0
6743,2026-06-15,853.0
6743,2026-06-22,796.0
6743,2026-06-29,820.0
6743,2026-07-06,821.0
6743,2026-07-13,833.0
6743,2026-07-20,893.0
6743,2026-07-27,892.0
6743,2026-08-03,919.0
6743,2026-08-10,1071.0
6952,2025-08-18,1157.73
6952,2025-08-25,1171.27
6952,2025-09-01,1236.53
6952,2025-09-08,1217.68
6952,2025-09-15,1182.39
6952,2025-09-22,1201.72
6952,2025-09-29,1193.35
6952,2025-10-06,1205.17
6952,2025-10-13,1193.35
6952,2025-10-20,1222.4
6952,2025-10-27,1190.89
6952,2025-11-03,1201.23
6952,2025-11-10,1218.46
6952,2025-11-17,1211.57
6952,2025-11-24,1271.63
6952,2025-12-01,1253.42
6952,2025-12-08,1256.86
6952,2025-12-15,1228.8
6952,2025-12-22,1242.09
6952,2025-12-29,1250.46
6952,2026-01-05,1273.6
6952,2026-01-12,1323.32
6952,2026-01-19,1300.18
6952,2026-01-26,1484.8
6952,2026-02-02,1544.37
6952,2026-02-09,1574.89
6952,2026-02-16,1579.82
6952,2026-02-23,1547.32
6952,2026-03-02,1376.98
6952,2026-03-09,1396.18
6952,2026-03-16,1423.26
6952,2026-03-23,1440.0
6952,2026-03-30,1570.5
6952,2026-04-06,1655.0
6952,2026-04-13,1747.5
6952,2026-04-20,1640.5
6952,2026-04-27,1572.0
6952,2026-05-04,1653.5
6952,2026-05-11,1694.0
6952,2026-05-18,1624.0
6952,2026-05-25,1789.5
6952,2026-06-01,1835.5
6952,2026-06-08,1750.0
6952,2026-06-15,1906.5
6952,2026-06-22,1990.5
6952,2026-06-29,1865.5
6952,2026-07-06,1875.0
6952,2026-07-13,1799.5
6952,2026-07-20,1720.5
6952,2026-07-27,1764.5
6952,2026-08-03,2201.5
6952,2026-08-10,2365.0
6998,2025-08-18,1275.84
6998,2025-08-25,1343.76
6998,2025-09-01,1335.03
6998,2025-09-08,1338.91
6998,2025-09-15,1341.82
6998,2025-09-22,1334.06
6998,2025-09-29,1347.89
6998,2025-10-06,1322.2
6998,2025-10-13,1381.49
6998,2025-10-20,1472.4
6998,2025-10-27,1474.38
6998,2025-11-03,1428.92
6998,2025-11-10,1335.05
6998,2025-11-17,1338.01
6998,2025-11-24,1359.75
6998,2025-12-01,1407.18
6998,2025-12-08,1393.35
6998,2025-12-15,1400.27
6998,2025-12-22,1467.46
6998,2025-12-29,1490.19
6998,2026-01-05,1595.93
6998,2026-01-12,1714.51
6998,2026-01-19,1925.98
6998,2026-01-26,2198.72
6998,2026-02-02,1887.44
6998,2026-02-09,1923.02
6998,2026-02-16,2034.68
6998,2026-02-23,2158.21
6998,2026-03-02,2253.08
6998,2026-03-09,2233.31
6998,2026-03-16,2267.9
6998,2026-03-23,2092.0
6998,2026-03-30,2074.0
6998,2026-04-06,2128.0
6998,2026-04-13,2074.0
6998,2026-04-20,1957.0
6998,2026-04-27,1931.0
6998,2026-05-04,2049.0
6998,2026-05-11,1998.0
6998,2026-05-18,1892.0
6998,2026-05-25,2150.0
6998,2026-06-01,2199.0
6998,2026-06-08,1898.0
6998,2026-06-15,2353.0
6998,2026-06-22,2045.0
6998,2026-06-29,2089.0
6998,2026-07-06,2011.0
6998,2026-07-13,1897.0
6998,2026-07-20,1900.0
6998,2026-07-27,1904.0
6998,2026-08-03,3120.0
6998,2026-08-10,3310.0
7134,2025-08-18,1134.37
7134,2025-08-25,1125.69
7134,2025-09-01,1102.53
7134,2025-09-08,1122.79
7134,2025-09-15,1121.83
7134,2025-09-22,1123.76
7134,2025-09-29,1074.56
7134,2025-10-06,1065.88
7134,2025-10-13,1079.38
7134,2025-10-20,1092.89
7134,2025-10-27,1060.09
7134,2025-11-03,1062.02
7134,2025-11-10,1133.4
7134,2025-11-17,1117.0
7134,2025-11-24,1120.86
7134,2025-12-01,1100.61
7134,2025-12-08,1144.01
7134,2025-12-15,1123.76
7134,2025-12-22,1105.43
7134,2025-12-29,1128.58
7134,2026-01-05,1100.61
7134,2026-01-12,1074.56
7134,2026-01-19,1072.63
7134,2026-01-26,1069.74
7134,2026-02-02,1071.67
7134,2026-02-09,970.39
7134,2026-02-16,1007.04
7134,2026-02-23,1003.18
7134,2026-03-02,1003.18
7134,2026-03-09,1003.18
7134,2026-03-16,991.61
7134,2026-03-23,994.5
7134,2026-03-30,1003.0
7134,2026-04-06,1029.0
7134,2026-04-13,1025.0
7134,2026-04-20,1034.0
7134,2026-04-27,1054.0
7134,2026-05-04,1096.0
7134,2026-05-11,1162.0
7134,2026-05-18,1279.0
7134,2026-05-25,1215.0
7134,2026-06-01,1175.0
7134,2026-06-08,1164.0
7134,2026-06-15,1212.0
7134,2026-06-22,1174.0
7134,2026-06-29,1246.0
7134,2026-07-06,1383.0
7134,2026-07-13,1433.0
7134,2026-07-20,1361.0
7134,2026-07-27,1382.0
7134,2026-08-03,1421.0
7134,2026-08-10,1468.0
7213,2025-08-18,431.3
7213,2025-08-25,435.1
7213,2025-09-01,442.7
7213,2025-09-08,441.75
7213,2025-09-15,438.9
7213,2025-09-22,436.05
7213,2025-09-29,431.3
7213,2025-10-06,423.7
7213,2025-10-13,419.9
7213,2025-10-20,418.95
7213,2025-10-27,418.95
7213,2025-11-03,419.9
7213,2025-11-10,423.7
7213,2025-11-17,419.9
7213,2025-11-24,421.8
7213,2025-12-01,419.9
7213,2025-12-08,418.95
7213,2025-12-15,417.05
7213,2025-12-22,412.3
7213,2025-12-29,417.05
7213,2026-01-05,425.6
7213,2026-01-12,427.5
7213,2026-01-19,427.5
7213,2026-01-26,427.5
7213,2026-02-02,430.35
7213,2026-02-09,444.6
7213,2026-02-16,454.1
7213,2026-02-23,456.0
7213,2026-03-02,454.1
7213,2026-03-09,452.2
7213,2026-03-16,451.25
7213,2026-03-23,456.0
7213,2026-03-30,467.0
7213,2026-04-06,464.0
7213,2026-04-13,471.0
7213,2026-04-20,473.0
7213,2026-04-27,502.0
7213,2026-05-04,490.0
7213,2026-05-11,535.0
7213,2026-05-18,580.0
7213,2026-05-25,584.0
7213,2026-06-01,574.0
7213,2026-06-08,567.0
7213,2026-06-15,586.0
7213,2026-06-22,583.0
7213,2026-06-29,612.0
7213,2026-07-06,624.0
7213,2026-07-13,617.0
7213,2026-07-20,614.0
7213,2026-07-27,618.0
7213,2026-08-03,637.0
7213,2026-08-10,655.0
7327,2025-08-18,1281.46
7327,2025-08-25,1278.25
7327,2025-09-01,1300.73
7327,2025-09-08,1318.39
7327,2025-09-15,1294.31
7327,2025-09-22,1371.39
7327,2025-09-29,1399.54
7327,2025-10-06,1400.52
7327,2025-10-13,1417.22
7327,2025-10-20,1432.93
7327,2025-10-27,1461.42
7327,2025-11-03,1457.49
7327,2025-11-10,1472.22
7327,2025-11-17,1502.67
7327,2025-11-24,1590.07
7327,2025-12-01,1622.49
7327,2025-12-08,1602.84
7327,2025-12-15,1619.54
7327,2025-12-22,1594.0
7327,2025-12-29,1598.91
7327,2026-01-05,1712.84
7327,2026-01-12,1780.61
7327,2026-01-19,1819.89
7327,2026-01-26,1804.18
7327,2026-02-02,1868.02
7327,2026-02-09,1997.66
7327,2026-02-16,1962.3
7327,2026-02-23,2004.54
7327,2026-03-02,2011.41
7327,2026-03-09,1936.77
7327,2026-03-16,1931.86
7327,2026-03-23,1979.0
7327,2026-03-30,1937.0
7327,2026-04-06,2015.0
7327,2026-04-13,1996.0
7327,2026-04-20,1841.0
7327,2026-04-27,1944.0
7327,2026-05-04,1977.0
7327,2026-05-11,2030.0
7327,2026-05-18,2115.0
7327,2026-05-25,2020.0
7327,2026-06-01,2046.0
7327,2026-06-08,2104.0
7327,2026-06-15,2076.0
7327,2026-06-22,2131.0
7327,2026-06-29,2211.0
7327,2026-07-06,2246.0
7327,2026-07-13,2202.0
7327,2026-07-20,2365.0
7327,2026-07-27,2308.0
7327,2026-08-03,2372.0
7327,2026-08-10,2426.0
7354,2025-08-18,298.86
7354,2025-08-25,305.7
7354,2025-09-01,293.98
7354,2025-09-08,293.0
7354,2025-09-15,292.02
7354,2025-09-22,302.77
7354,2025-09-29,286.16
7354,2025-10-06,277.37
7354,2025-10-13,262.72
7354,2025-10-20,267.61
7354,2025-10-27,261.75
7354,2025-11-03,261.75
7354,2025-11-10,270.54
7354,2025-11-17,280.3
7354,2025-11-24,293.0
7354,2025-12-01,293.0
7354,2025-12-08,290.07
7354,2025-12-15,291.05
7354,2025-12-22,293.0
7354,2025-12-29,291.0
7354,2026-01-05,298.0
7354,2026-01-12,311.0
7354,2026-01-19,322.0
7354,2026-01-26,313.0
7354,2026-02-02,311.0
7354,2026-02-09,292.0
7354,2026-02-16,345.0
7354,2026-02-23,347.0
7354,2026-03-02,311.0
7354,2026-03-09,287.0
7354,2026-03-16,295.0
7354,2026-03-23,307.0
7354,2026-03-30,310.0
7354,2026-04-06,312.0
7354,2026-04-13,327.0
7354,2026-04-20,301.0
7354,2026-04-27,299.0
7354,2026-05-04,308.0
7354,2026-05-11,304.0
7354,2026-05-18,273.0
7354,2026-05-25,273.0
7354,2026-06-01,298.0
7354,2026-06-08,304.0
7354,2026-06-15,308.0
7354,2026-06-22,311.0
7354,2026-06-29,329.0
7354,2026-07-06,352.0
7354,2026-07-13,350.0
7354,2026-07-20,340.0
7354,2026-07-27,346.0
7354,2026-08-03,349.0
7354,2026-08-10,356.0
7358,2025-08-18,1478.64
7358,2025-08-25,1475.73
7358,2025-09-01,1405.97
7358,2025-09-08,1400.16
7358,2025-09-15,1457.32
7358,2025-09-22,1400.16
7358,2025-09-29,1373.02
7358,2025-10-06,1431.16
7358,2025-10-13,1435.04
7358,2025-10-20,1451.51
7358,2025-10-27,1406.94
7358,2025-11-03,1394.34
7358,2025-11-10,1337.17
7358,2025-11-17,1357.52
7358,2025-11-24,1326.51
7358,2025-12-01,1394.34
7358,2025-12-08,1386.59
7358,2025-12-15,1401.12
7358,2025-12-22,1405.0
7358,2025-12-29,1414.0
7358,2026-01-05,1446.0
7358,2026-01-12,1450.0
7358,2026-01-19,1402.0
7358,2026-01-26,1361.0
7358,2026-02-02,1386.0
7358,2026-02-09,1435.0
7358,2026-02-16,1406.0
7358,2026-02-23,1456.0
7358,2026-03-02,1423.0
7358,2026-03-09,1451.0
7358,2026-03-16,1440.0
7358,2026-03-23,1455.0
7358,2026-03-30,1440.0
7358,2026-04-06,1438.0
7358,2026-04-13,1421.0
7358,2026-04-20,1394.0
7358,2026-04-27,1510.0
7358,2026-05-04,1449.0
7358,2026-05-11,1385.0
7358,2026-05-18,1366.0
7358,2026-05-25,1360.0
7358,2026-06-01,1405.0
7358,2026-06-08,1372.0
7358,2026-06-15,1380.0
7358,2026-06-22,1400.0
7358,2026-06-29,1459.0
7358,2026-07-06,1492.0
7358,2026-07-13,1483.0
7358,2026-07-20,1477.0
7358,2026-07-27,1479.0
7358,2026-08-03,1467.0
7358,2026-08-10,1743.0
7381,2025-08-18,612.12
7381,2025-08-25,599.49
7381,2025-09-01,612.12
7381,2025-09-08,624.75
7381,2025-09-15,609.21
7381,2025-09-22,651.96
7381,2025-09-29,649.0
7381,2025-10-06,633.19
7381,2025-10-13,628.25
7381,2025-10-20,651.96
7381,2025-10-27,650.97
7381,2025-11-03,638.13
7381,2025-11-10,641.09
7381,2025-11-17,641.09
7381,2025-11-24,693.45
7381,2025-12-01,700.36
7381,2025-12-08,705.3
7381,2025-12-15,706.29
7381,2025-12-22,785.31
7381,2025-12-29,798.16
7381,2026-01-05,889.04
7381,2026-01-12,969.05
7381,2026-01-19,964.11
7381,2026-01-26,913.73
7381,2026-02-02,930.52
7381,2026-02-09,968.06
7381,2026-02-16,1000.66
7381,2026-02-23,1041.16
7381,2026-03-02,1008.56
7381,2026-03-09,952.26
7381,2026-03-16,952.26
7381,2026-03-23,973.0
7381,2026-03-30,985.0
7381,2026-04-06,1024.0
7381,2026-04-13,1015.0
7381,2026-04-20,924.0
7381,2026-04-27,963.0
7381,2026-05-04,1014.0
7381,2026-05-11,1044.0
7381,2026-05-18,1056.0
7381,2026-05-25,1037.0
7381,2026-06-01,1034.0
7381,2026-06-08,989.0
7381,2026-06-15,961.0
7381,2026-06-22,978.0
7381,2026-06-29,1043.0
7381,2026-07-06,1034.0
7381,2026-07-13,1072.0
7381,2026-07-20,1156.0
7381,2026-07-27,1107.0
7381,2026-08-03,1214.0
7381,2026-08-10,1215.0
7453,2025-08-18,3449.14
7453,2025-08-25,3173.82
7453,2025-09-01,3090.19
7453,2025-09-08,3228.57
7453,2025-09-15,3038.42
7453,2025-09-22,2999.59
7453,2025-09-29,2678.03
7453,2025-10-06,2775.6
7453,2025-10-13,3117.07
7453,2025-10-20,3082.22
7453,2025-10-27,3154.9
7453,2025-11-03,3387.86
7453,2025-11-10,3233.55
7453,2025-11-17,3037.43
7453,2025-11-24,3085.21
7453,2025-12-01,2909.5
7453,2025-12-08,3021.5
7453,2025-12-15,3013.53
7453,2025-12-22,2852.25
7453,2025-12-29,2769.62
7453,2026-01-05,2811.93
7453,2026-01-12,3155.9
7453,2026-01-19,3020.5
7453,2026-01-26,3067.29
7453,2026-02-02,3255.45
7453,2026-02-09,3484.43
7453,2026-02-16,3603.89
7453,2026-02-23,3597.0
7453,2026-03-02,3585.0
7453,2026-03-09,3757.0
7453,2026-03-16,3516.0
7453,2026-03-23,3440.0
7453,2026-03-30,3471.0
7453,2026-04-06,3750.0
7453,2026-04-13,3942.0
7453,2026-04-20,3702.0
7453,2026-04-27,3635.0
7453,2026-05-04,3650.0
7453,2026-05-11,3360.0
7453,2026-05-18,3616.0
7453,2026-05-25,3883.0
7453,2026-06-01,3507.0
7453,2026-06-08,3716.0
7453,2026-06-15,3496.0
7453,2026-06-22,3502.0
7453,2026-06-29,3615.0
7453,2026-07-06,3623.0
7453,2026-07-13,4259.0
7453,2026-07-20,4202.0
7453,2026-07-27,4177.0
7453,2026-08-03,4412.0
7453,2026-08-10,4495.0
7550,2025-08-18,9725.38
7550,2025-08-25,9254.0
7550,2025-09-01,9251.02
7550,2025-09-08,9519.96
7550,2025-09-15,9780.96
7550,2025-09-22,10033.02
7550,2025-09-29,9932.44
7550,2025-10-06,10057.92
7550,2025-10-13,10102.73
7550,2025-10-20,9871.7
7550,2025-10-27,9564.98
7550,2025-11-03,9281.17
7550,2025-11-10,8932.62
7550,2025-11-17,8789.22
7550,2025-11-24,9366.81
7550,2025-12-01,9155.69
7550,2025-12-08,9298.1
7550,2025-12-15,9139.76
7550,2025-12-22,8970.47
7550,2025-12-29,8937.6
7550,2026-01-05,8711.55
7550,2026-01-12,8544.25
7550,2026-01-19,8509.4
7550,2026-01-26,8342.1
7550,2026-02-02,8973.45
7550,2026-02-09,9664.56
7550,2026-02-16,9820.91
7550,2026-02-23,9887.63
7550,2026-03-02,9790.04
7550,2026-03-09,9519.17
7550,2026-03-16,9225.4
7550,2026-03-23,9560.0
7550,2026-03-30,9537.0
7550,2026-04-06,8801.0
7550,2026-04-13,8509.0
7550,2026-04-20,8036.0
7550,2026-04-27,8680.0
7550,2026-05-04,8802.0
7550,2026-05-11,7750.0
7550,2026-05-18,7842.0
7550,2026-05-25,8052.0
7550,2026-06-01,7536.0
7550,2026-06-08,7927.0
7550,2026-06-15,7621.0
7550,2026-06-22,7931.0
7550,2026-06-29,8232.0
7550,2026-07-06,8793.0
7550,2026-07-13,9303.0
7550,2026-07-20,9127.0
7550,2026-07-27,9974.0
7550,2026-08-03,10475.0
7550,2026-08-10,11340.0
7567,2025-08-18,490.36
7567,2025-08-25,503.08
7567,2025-09-01,491.34
7567,2025-09-08,489.38
7567,2025-09-15,488.4
7567,2025-09-22,488.4
7567,2025-09-29,454.15
7567,2025-10-06,464.91
7567,2025-10-13,441.42
7567,2025-10-20,461.98
7567,2025-10-27,465.89
7567,2025-11-03,476.66
7567,2025-11-10,460.02
7567,2025-11-17,456.1
7567,2025-11-24,457.08
7567,2025-12-01,456.1
7567,2025-12-08,461.0
7567,2025-12-15,461.0
7567,2025-12-22,469.81
7567,2025-12-29,487.42
7567,2026-01-05,487.42
7567,2026-01-12,496.23
7567,2026-01-19,489.38
7567,2026-01-26,488.4
7567,2026-02-02,491.34
7567,2026-02-09,500.15
7567,2026-02-16,504.06
7567,2026-02-23,507.98
7567,2026-03-02,499.17
7567,2026-03-09,499.17
7567,2026-03-16,500.15
7567,2026-03-23,507.0
7567,2026-03-30,483.0
7567,2026-04-06,489.0
7567,2026-04-13,483.0
7567,2026-04-20,482.0
7567,2026-04-27,491.0
7567,2026-05-04,502.0
7567,2026-05-11,524.0
7567,2026-05-18,529.0
7567,2026-05-25,597.0
7567,2026-06-01,577.0
7567,2026-06-08,531.0
7567,2026-06-15,546.0
7567,2026-06-22,523.0
7567,2026-06-29,530.0
7567,2026-07-06,535.0
7567,2026-07-13,515.0
7567,2026-07-20,521.0
7567,2026-07-27,541.0
7567,2026-08-03,566.0
7567,2026-08-10,633.0
7609,2025-08-18,1984.66
7609,2025-08-25,1984.66
7609,2025-09-01,1987.07
7609,2025-09-08,2097.59
7609,2025-09-15,2148.05
7609,2025-09-22,2150.45
7609,2025-09-29,2085.58
7609,2025-10-06,2049.54
7609,2025-10-13,2090.38
7609,2025-10-20,2184.09
7609,2025-10-27,2227.34
7609,2025-11-03,2160.06
7609,2025-11-10,2181.69
7609,2025-11-17,2196.1
7609,2025-11-24,2289.81
7609,2025-12-01,2263.38
7609,2025-12-08,2378.71
7609,2025-12-15,2309.03
7609,2025-12-22,2349.88
7609,2025-12-29,2391.26
7609,2026-01-05,2475.99
7609,2026-01-12,2571.57
7609,2026-01-19,2570.58
7609,2026-01-26,2497.67
7609,2026-02-02,2546.93
7609,2026-02-09,2701.62
7609,2026-02-16,2837.59
7609,2026-02-23,2970.6
7609,2026-03-02,2861.24
7609,2026-03-09,2811.97
7609,2026-03-16,2786.36
7609,2026-03-23,2823.8
7609,2026-03-30,2680.93
7609,2026-04-06,2781.43
7609,2026-04-13,2830.69
7609,2026-04-20,2848.43
7609,2026-04-27,3093.76
7609,2026-05-04,3783.45
7609,2026-05-11,3768.67
7609,2026-05-18,3561.77
7609,2026-05-25,3517.43
7609,2026-06-01,3719.41
7609,2026-06-08,3413.98
7609,2026-06-15,3842.57
7609,2026-06-22,3680.0
7609,2026-06-29,3670.0
7609,2026-07-06,3560.0
7609,2026-07-13,3300.0
7609,2026-07-20,3540.0
7609,2026-07-27,3320.0
7609,2026-08-03,4230.0
7609,2026-08-10,4570.0
7716,2025-08-18,2052.15
7716,2025-08-25,2057.03
7716,2025-09-01,2058.01
7716,2025-09-08,2003.36
7716,2025-09-15,1977.99
7716,2025-09-22,2003.36
7716,2025-09-29,2043.37
7716,2025-10-06,2058.98
7716,2025-10-13,2037.51
7716,2025-10-20,2113.63
7716,2025-10-27,1993.6
7716,2025-11-03,1937.0
7716,2025-11-10,2039.47
7716,2025-11-17,1993.6
7716,2025-11-24,1956.52
7716,2025-12-01,1956.52
7716,2025-12-08,1944.81
7716,2025-12-15,1925.29
7716,2025-12-22,1912.61
7716,2025-12-29,1961.12
7716,2026-01-05,2002.7
7716,2026-01-12,2101.69
7716,2026-01-19,2204.65
7716,2026-01-26,2140.3
7716,2026-02-02,2211.58
7716,2026-02-09,2394.72
7716,2026-02-16,2583.8
7716,2026-02-23,2694.68
7716,2026-03-02,2766.95
7716,2026-03-09,2734.28
7716,2026-03-16,2745.17
7716,2026-03-23,2707.55
7716,2026-03-30,2772.89
7716,2026-04-06,2836.24
7716,2026-04-13,2792.69
7716,2026-04-20,2754.08
7716,2026-04-27,2757.05
7716,2026-05-04,2731.31
7716,2026-05-11,2963.95
7716,2026-05-18,3014.44
7716,2026-05-25,3019.39
7716,2026-06-01,3019.39
7716,2026-06-08,2984.74
7716,2026-06-15,2937.22
7716,2026-06-22,2959.0
7716,2026-06-29,3005.0
7716,2026-07-06,3030.0
7716,2026-07-13,3050.0
7716,2026-07-20,3060.0
7716,2026-07-27,3035.0
7716,2026-08-03,3245.0
7716,2026-08-10,3310.0
7762,2025-08-18,976.56
7762,2025-08-25,978.49
7762,2025-09-01,1017.05
7762,2025-09-08,986.2
7762,2025-09-15,976.56
7762,2025-09-22,982.34
7762,2025-09-29,1025.27
7762,2025-10-06,1053.88
7762,2025-10-13,1036.12
7762,2025-10-20,1097.3
7762,2025-10-27,1057.83
7762,2025-11-03,1043.03
7762,2025-11-10,1202.89
7762,2025-11-17,1223.61
7762,2025-11-24,1273.94
7762,2025-12-01,1295.65
7762,2025-12-08,1321.3
7762,2025-12-15,1261.11
7762,2025-12-22,1253.21
7762,2025-12-29,1259.14
7762,2026-01-05,1299.59
7762,2026-01-12,1365.71
7762,2026-01-19,1388.4
7762,2026-01-26,1344.99
7762,2026-02-02,1380.51
7762,2026-02-09,1679.5
7762,2026-02-16,1704.17
7762,2026-02-23,1887.72
7762,2026-03-02,1728.84
7762,2026-03-09,1612.4
7762,2026-03-16,1680.49
7762,2026-03-23,1754.5
7762,2026-03-30,1761.0
7762,2026-04-06,1796.0
7762,2026-04-13,1855.0
7762,2026-04-20,1815.0
7762,2026-04-27,1790.0
7762,2026-05-04,1986.0
7762,2026-05-11,2256.0
7762,2026-05-18,2143.0
7762,2026-05-25,2315.0
7762,2026-06-01,2253.0
7762,2026-06-08,2179.0
7762,2026-06-15,2386.0
7762,2026-06-22,2511.0
7762,2026-06-29,2405.0
7762,2026-07-06,2331.0
7762,2026-07-13,2179.0
7762,2026-07-20,2178.0
7762,2026-07-27,2133.0
7762,2026-08-03,2393.0
7762,2026-08-10,2595.0
7839,2025-08-18,1791.44
7839,2025-08-25,1792.41
7839,2025-09-01,1790.48
7839,2025-09-08,1785.64
7839,2025-09-15,1783.71
7839,2025-09-22,1775.0
7839,2025-09-29,1700.0
7839,2025-10-06,1675.0
7839,2025-10-13,1675.0
7839,2025-10-20,1695.0
7839,2025-10-27,1639.0
7839,2025-11-03,1690.0
7839,2025-11-10,1745.0
7839,2025-11-17,1829.0
7839,2025-11-24,1860.0
7839,2025-12-01,1850.0
7839,2025-12-08,1843.0
7839,2025-12-15,1785.0
7839,2025-12-22,1798.0
7839,2025-12-29,1777.0
7839,2026-01-05,1819.0
7839,2026-01-12,1816.0
7839,2026-01-19,1799.0
7839,2026-01-26,1775.0
7839,2026-02-02,1726.0
7839,2026-02-09,1714.0
7839,2026-02-16,1704.0
7839,2026-02-23,1800.0
7839,2026-03-02,1678.0
7839,2026-03-09,1618.0
7839,2026-03-16,1605.0
7839,2026-03-23,1652.0
7839,2026-03-30,1717.0
7839,2026-04-06,1677.0
7839,2026-04-13,1717.0
7839,2026-04-20,1620.0
7839,2026-04-27,1850.0
7839,2026-05-04,1815.0
7839,2026-05-11,1794.0
7839,2026-05-18,1670.0
7839,2026-05-25,1746.0
7839,2026-06-01,1871.0
7839,2026-06-08,1824.0
7839,2026-06-15,1797.0
7839,2026-06-22,1774.0
7839,2026-06-29,1841.0
7839,2026-07-06,1826.0
7839,2026-07-13,1874.0
7839,2026-07-20,1897.0
7839,2026-07-27,1951.0
7839,2026-08-03,2018.0
7839,2026-08-10,2043.0
7951,2025-08-18,974.85
7951,2025-08-25,953.97
7951,2025-09-01,975.63
7951,2025-09-08,990.95
7951,2025-09-15,972.22
7951,2025-09-22,983.14
7951,2025-09-29,997.97
7951,2025-10-06,1001.43
7951,2025-10-13,963.87
7951,2025-10-20,998.47
7951,2025-10-27,963.77
7951,2025-11-03,1028.12
7951,2025-11-10,1052.84
7951,2025-11-17,1051.85
7951,2025-11-24,1068.16
7951,2025-12-01,1054.32
7951,2025-12-08,1075.08
7951,2025-12-15,1073.6
7951,2025-12-22,1073.11
7951,2025-12-29,1080.03
7951,2026-01-05,1110.67
7951,2026-01-12,1162.08
7951,2026-01-19,1147.25
7951,2026-01-26,1105.73
7951,2026-02-02,1179.38
7951,2026-02-09,1176.91
7951,2026-02-16,1181.85
7951,2026-02-23,1197.17
7951,2026-03-02,1115.61
7951,2026-03-09,1096.83
7951,2026-03-16,1094.85
7951,2026-03-23,1125.5
7951,2026-03-30,1156.0
7951,2026-04-06,1200.5
7951,2026-04-13,1209.0
7951,2026-04-20,1117.5
7951,2026-04-27,1109.5
7951,2026-05-04,1116.5
7951,2026-05-11,1135.0
7951,2026-05-18,1123.0
7951,2026-05-25,1156.0
7951,2026-06-01,1097.0
7951,2026-06-08,1102.5
7951,2026-06-15,1115.0
7951,2026-06-22,1144.0
7951,2026-06-29,1163.5
7951,2026-07-06,1180.5
7951,2026-07-13,1226.0
7951,2026-07-20,1203.5
7951,2026-07-27,1243.5
7951,2026-08-03,1377.0
7951,2026-08-10,1397.0
7957,2025-08-18,1507.36
7957,2025-08-25,1469.41
7957,2025-09-01,1457.73
7957,2025-09-08,1463.57
7957,2025-09-15,1459.68
7957,2025-09-22,1486.92
7957,2025-09-29,1502.49
7957,2025-10-06,1488.87
7957,2025-10-13,1466.49
7957,2025-10-20,1485.95
7957,2025-10-27,1464.54
7957,2025-11-03,1420.75
7957,2025-11-10,1445.08
7957,2025-11-17,1440.22
7957,2025-11-24,1455.79
7957,2025-12-01,1465.52
7957,2025-12-08,1449.95
7957,2025-12-15,1430.48
7957,2025-12-22,1448.0
7957,2025-12-29,1473.0
7957,2026-01-05,1449.0
7957,2026-01-12,1445.0
7957,2026-01-19,1455.0
7957,2026-01-26,1444.0
7957,2026-02-02,1456.0
7957,2026-02-09,1470.0
7957,2026-02-16,1431.0
7957,2026-02-23,1489.0
7957,2026-03-02,1449.0
7957,2026-03-09,1459.0
7957,2026-03-16,1440.0
7957,2026-03-23,1410.0
7957,2026-03-30,1390.0
7957,2026-04-06,1393.0
7957,2026-04-13,1380.0
7957,2026-04-20,1416.0
7957,2026-04-27,1382.0
7957,2026-05-04,1387.0
7957,2026-05-11,1391.0
7957,2026-05-18,1629.0
7957,2026-05-25,1642.0
7957,2026-06-01,1658.0
7957,2026-06-08,1624.0
7957,2026-06-15,1625.0
7957,2026-06-22,1681.0
7957,2026-06-29,1785.0
7957,2026-07-06,1829.0
7957,2026-07-13,1853.0
7957,2026-07-20,1950.0
7957,2026-07-27,2110.0
7957,2026-08-03,1958.0
7957,2026-08-10,2390.0
8011,2025-08-18,3115.88
8011,2025-08-25,3092.11
8011,2025-09-01,3269.37
8011,2025-09-08,3377.69
8011,2025-09-15,3397.39
8011,2025-09-22,3471.24
8011,2025-09-29,3298.91
8011,2025-10-06,3185.66
8011,2025-10-13,3269.37
8011,2025-10-20,3392.46
8011,2025-10-27,3131.5
8011,2025-11-03,3175.82
8011,2025-11-10,3293.99
8011,2025-11-17,3412.16
8011,2025-11-24,3333.38
8011,2025-12-01,3550.02
8011,2025-12-08,3559.87
8011,2025-12-15,3766.67
8011,2025-12-22,3737.12
8011,2025-12-29,3830.68
8011,2026-01-05,4012.85
8011,2026-01-12,4155.64
8011,2026-01-19,4111.33
8011,2026-01-26,4318.13
8011,2026-02-02,4204.88
8011,2026-02-09,4549.54
8011,2026-02-16,4332.9
8011,2026-02-23,4335.0
8011,2026-03-02,4085.0
8011,2026-03-09,3985.0
8011,2026-03-16,3880.0
8011,2026-03-23,3975.0
8011,2026-03-30,4005.0
8011,2026-04-06,4015.0
8011,2026-04-13,4030.0
8011,2026-04-20,3825.0
8011,2026-04-27,3925.0
8011,2026-05-04,3680.0
8011,2026-05-11,3825.0
8011,2026-05-18,3710.0
8011,2026-05-25,3725.0
8011,2026-06-01,3660.0
8011,2026-06-08,3790.0
8011,2026-06-15,3990.0
8011,2026-06-22,3950.0
8011,2026-06-29,4375.0
8011,2026-07-06,4235.0
8011,2026-07-13,4190.0
8011,2026-07-20,4625.0
8011,2026-07-27,4900.0
8011,2026-08-03,5120.0
8011,2026-08-10,5330.0
8022,2025-08-18,2606.09
8022,2025-08-25,2543.32
8022,2025-09-01,2573.73
8022,2025-09-08,2540.38
8022,2025-09-15,2555.09
8022,2025-09-22,2737.53
8022,2025-09-29,2751.38
8022,2025-10-06,2826.6
8022,2025-10-13,2787.01
8022,2025-10-20,2842.44
8022,2025-10-27,2757.32
8022,2025-11-03,2974.07
8022,2025-11-10,2831.55
8022,2025-11-17,2796.91
8022,2025-11-24,3008.71
8022,2025-12-01,2817.69
8022,2025-12-08,2930.52
8022,2025-12-15,2952.29
8022,2025-12-22,2998.81
8022,2025-12-29,3063.14
8022,2026-01-05,3394.69
8022,2026-01-12,3384.79
8022,2026-01-19,3246.24
8022,2026-01-26,3162.11
8022,2026-02-02,3572.84
8022,2026-02-09,4216.15
8022,2026-02-16,3943.98
8022,2026-02-23,4023.15
8022,2026-03-02,3731.19
8022,2026-03-09,3498.61
8022,2026-03-16,3280.88
8022,2026-03-23,3365.0
8022,2026-03-30,3510.0
8022,2026-04-06,3530.0
8022,2026-04-13,3470.0
8022,2026-04-20,3285.0
8022,2026-04-27,3295.0
8022,2026-05-04,3315.0
8022,2026-05-11,3400.0
8022,2026-05-18,3220.0
8022,2026-05-25,3280.0
8022,2026-06-01,3265.0
8022,2026-06-08,3360.0
8022,2026-06-15,3380.0
8022,2026-06-22,3445.0
8022,2026-06-29,3370.0
8022,2026-07-06,3515.0
8022,2026-07-13,3680.0
8022,2026-07-20,3600.0
8022,2026-07-27,3695.0
8022,2026-08-03,3995.0
8022,2026-08-10,4300.0
8037,2025-08-18,2766.83
8037,2025-08-25,2740.79
8037,2025-09-01,2809.26
8037,2025-09-08,2816.97
8037,2025-09-15,2851.69
8037,2025-09-22,2922.09
8037,2025-09-29,2823.06
8037,2025-10-06,2775.99
8037,2025-10-13,2805.41
8037,2025-10-20,2966.22
8037,2025-10-27,2861.3
8037,2025-11-03,2927.0
8037,2025-11-10,2786.77
8037,2025-11-17,2756.38
8037,2025-11-24,2851.49
8037,2025-12-01,2786.77
8037,2025-12-08,2836.78
8037,2025-12-15,2951.51
8037,2025-12-22,2934.84
8037,2025-12-29,2961.32
8037,2026-01-05,3128.01
8037,2026-01-12,3240.78
8037,2026-01-19,3186.85
8037,2026-01-26,3020.15
8037,2026-02-02,3162.33
8037,2026-02-09,3196.65
8037,2026-02-16,3211.36
8037,2026-02-23,3329.03
8037,2026-03-02,3103.5
8037,2026-03-09,3010.34
8037,2026-03-16,3083.89
8037,2026-03-23,3280.0
8037,2026-03-30,3450.0
8037,2026-04-06,3425.0
8037,2026-04-13,3295.0
8037,2026-04-20,3185.0
8037,2026-04-27,3220.0
8037,2026-05-04,3345.0
8037,2026-05-11,3335.0
8037,2026-05-18,3565.0
8037,2026-05-25,3605.0
8037,2026-06-01,3440.0
8037,2026-06-08,3430.0
8037,2026-06-15,3490.0
8037,2026-06-22,3455.0
8037,2026-06-29,3545.0
8037,2026-07-06,3640.0
8037,2026-07-13,3630.0
8037,2026-07-20,3720.0
8037,2026-07-27,3895.0
8037,2026-08-03,4150.0
8037,2026-08-10,4215.0
8050,2025-08-18,2931.39
8050,2025-08-25,3176.9
8050,2025-09-01,3338.94
8050,2025-09-08,3309.48
8050,2025-09-15,3171.99
8050,2025-09-22,3196.54
8050,2025-09-29,3290.71
8050,2025-10-06,3389.82
8050,2025-10-13,3300.62
8050,2025-10-20,3498.85
8050,2025-10-27,3523.63
8050,2025-11-03,3503.81
8050,2025-11-10,3578.15
8050,2025-11-17,3449.29
8050,2025-11-24,3632.66
8050,2025-12-01,3573.19
8050,2025-12-08,3761.51
8050,2025-12-15,3736.74
8050,2025-12-22,3642.57
8050,2025-12-29,3607.88
8050,2026-01-05,3553.37
8050,2026-01-12,3756.56
8050,2026-01-19,3716.91
8050,2026-01-26,3816.03
8050,2026-02-02,3915.15
8050,2026-02-09,5471.29
8050,2026-02-16,5684.4
8050,2026-02-23,6566.54
8050,2026-03-02,6289.01
8050,2026-03-09,6254.32
8050,2026-03-16,5932.19
8050,2026-03-23,5897.5
8050,2026-03-30,5880.0
8050,2026-04-06,6300.0
8050,2026-04-13,6530.0
8050,2026-04-20,6060.0
8050,2026-04-27,5800.0
8050,2026-05-04,5960.0
8050,2026-05-11,6500.0
8050,2026-05-18,6290.0
8050,2026-05-25,7070.0
8050,2026-06-01,6750.0
8050,2026-06-08,7000.0
8050,2026-06-15,7540.0
8050,2026-06-22,7860.0
8050,2026-06-29,8060.0
8050,2026-07-06,7510.0
8050,2026-07-13,7420.0
8050,2026-07-20,7320.0
8050,2026-07-27,7940.0
8050,2026-08-03,9170.0
8050,2026-08-10,11240.0
8066,2025-08-18,2080.04
8066,2025-08-25,2064.71
8066,2025-09-01,2079.09
8066,2025-09-08,2068.54
8066,2025-09-15,2103.05
8066,2025-09-22,2103.05
8066,2025-09-29,2183.26
8066,2025-10-06,2239.99
8066,2025-10-13,2191.08
8066,2025-10-20,2226.3
8066,2025-10-27,2269.34
8066,2025-11-03,2306.51
8066,2025-11-10,2327.05
8066,2025-11-17,2323.14
8066,2025-11-24,2332.92
8066,2025-12-01,2166.63
8066,2025-12-08,2216.52
8066,2025-12-15,2296.73
8066,2025-12-22,2215.54
8066,2025-12-29,2248.8
8066,2026-01-05,2210.65
8066,2026-01-12,2208.69
8066,2026-01-19,2166.63
8066,2026-01-26,2328.03
8066,2026-02-02,2445.41
8066,2026-02-09,2688.97
8066,2026-02-16,2553.98
8066,2026-02-23,2787.76
8066,2026-03-02,2581.37
8066,2026-03-09,2521.7
8066,2026-03-16,2419.97
8066,2026-03-23,2374.0
8066,2026-03-30,2359.0
8066,2026-04-06,2359.0
8066,2026-04-13,2370.0
8066,2026-04-20,2397.0
8066,2026-04-27,2666.0
8066,2026-05-04,2740.0
8066,2026-05-11,2718.0
8066,2026-05-18,2574.0
8066,2026-05-25,2481.0
8066,2026-06-01,2447.0
8066,2026-06-08,2491.0
8066,2026-06-15,2509.0
8066,2026-06-22,2507.0
8066,2026-06-29,2679.0
8066,2026-07-06,2751.0
8066,2026-07-13,2813.0
8066,2026-07-20,2785.0
8066,2026-07-27,2897.0
8066,2026-08-03,3145.0
8066,2026-08-10,3135.0
8154,2025-08-18,3221.92
8154,2025-08-25,3337.5
8154,2025-09-01,3419.38
8154,2025-09-08,3462.72
8154,2025-09-15,3414.56
8154,2025-09-22,3481.98
8154,2025-09-29,3393.83
8154,2025-10-06,3398.73
8154,2025-10-13,3388.93
8154,2025-10-20,3526.06
8154,2025-10-27,3501.57
8154,2025-11-03,3359.55
8154,2025-11-10,3418.32
8154,2025-11-17,3477.09
8154,2025-11-24,3677.88
8154,2025-12-01,3672.98
8154,2025-12-08,3790.51
8154,2025-12-15,3756.23
8154,2025-12-22,3810.1
8154,2025-12-29,3795.41
8154,2026-01-05,3815.0
8154,2026-01-12,3908.05
8154,2026-01-19,3927.64
8154,2026-01-26,3785.62
8154,2026-02-02,3790.51
8154,2026-02-09,4010.89
8154,2026-02-16,4094.15
8154,2026-02-23,4270.45
8154,2026-03-02,4030.48
8154,2026-03-09,3829.69
8154,2026-03-16,3780.72
8154,2026-03-23,3815.0
8154,2026-03-30,3760.0
8154,2026-04-06,3980.0
8154,2026-04-13,4115.0
8154,2026-04-20,4200.0
8154,2026-04-27,4210.0
8154,2026-05-04,4340.0
8154,2026-05-11,4200.0
8154,2026-05-18,4195.0
8154,2026-05-25,4425.0
8154,2026-06-01,4980.0
8154,2026-06-08,4475.0
8154,2026-06-15,4445.0
8154,2026-06-22,4250.0
8154,2026-06-29,4205.0
8154,2026-07-06,4260.0
8154,2026-07-13,4105.0
8154,2026-07-20,4355.0
8154,2026-07-27,4695.0
8154,2026-08-03,4845.0
8154,2026-08-10,5160.0
8158,2025-08-18,1082.04
8158,2025-08-25,1065.72
8158,2025-09-01,1069.56
8158,2025-09-08,1049.4
8158,2025-09-15,1049.4
8158,2025-09-22,1059.0
8158,2025-09-29,1007.17
8158,2025-10-06,981.75
8158,2025-10-13,972.95
8158,2025-10-20,977.84
8158,2025-10-27,977.84
8158,2025-11-03,984.68
8158,2025-11-10,997.4
8158,2025-11-17,995.44
8158,2025-11-24,1006.2
8158,2025-12-01,992.51
8158,2025-12-08,1009.13
8158,2025-12-15,1027.71
8158,2025-12-22,1056.07
8158,2025-12-29,1059.0
8158,2026-01-05,1096.16
8158,2026-01-12,1141.14
8158,2026-01-19,1141.14
8158,2026-01-26,1142.12
8158,2026-02-02,1139.18
8158,2026-02-09,1163.63
8158,2026-02-16,1157.76
8158,2026-02-23,1198.83
8158,2026-03-02,1118.65
8158,2026-03-09,1078.56
8158,2026-03-16,1053.13
8158,2026-03-23,1059.0
8158,2026-03-30,1045.0
8158,2026-04-06,1037.0
8158,2026-04-13,1024.0
8158,2026-04-20,1007.0
8158,2026-04-27,1020.0
8158,2026-05-04,1045.0
8158,2026-05-11,1074.0
8158,2026-05-18,1087.0
8158,2026-05-25,1083.0
8158,2026-06-01,1115.0
8158,2026-06-08,1107.0
8158,2026-06-15,1119.0
8158,2026-06-22,1111.0
8158,2026-06-29,1143.0
8158,2026-07-06,1152.0
8158,2026-07-13,1159.0
8158,2026-07-20,1183.0
8158,2026-07-27,1206.0
8158,2026-08-03,1327.0
8158,2026-08-10,1320.0
8304,2025-08-18,2286.66
8304,2025-08-25,2208.11
8304,2025-09-01,2187.87
8304,2025-09-08,2205.22
8304,2025-09-15,2274.61
8304,2025-09-22,2304.01
8304,2025-09-29,2286.5
8304,2025-10-06,2201.38
8304,2025-10-13,2144.96
8304,2025-10-20,2174.14
8304,2025-10-27,2145.45
8304,2025-11-03,2178.03
8304,2025-11-10,2374.53
8304,2025-11-17,2245.15
8304,2025-11-24,2349.24
8304,2025-12-01,2333.68
8304,2025-12-08,2297.2
8304,2025-12-15,2413.93
8304,2025-12-22,2432.41
8304,2025-12-29,2462.35
8304,2026-01-05,2521.23
8304,2026-01-12,2588.95
8304,2026-01-19,2479.52
8304,2026-01-26,2455.48
8304,2026-02-02,2743.52
8304,2026-02-09,2761.18
8304,2026-02-16,2823.99
8304,2026-02-23,2772.47
8304,2026-03-02,2549.2
8304,2026-03-09,2441.74
8304,2026-03-16,2438.3
8304,2026-03-23,2579.13
8304,2026-03-30,2616.78
8304,2026-04-06,2662.36
8304,2026-04-13,2638.09
8304,2026-04-20,2600.93
8304,2026-04-27,2502.84
8304,2026-05-04,2576.66
8304,2026-05-11,2695.06
8304,2026-05-18,2767.89
8304,2026-05-25,2646.01
8304,2026-06-01,2598.45
8304,2026-06-08,2719.33
8304,2026-06-15,2765.41
8304,2026-06-22,2701.5
8304,2026-06-29,2830.0
8304,2026-07-06,2907.5
8304,2026-07-13,2883.0
8304,2026-07-20,3034.0
8304,2026-07-27,3038.0
8304,2026-08-03,3259.0
8304,2026-08-10,3298.0
8334,2025-08-18,1525.41
8334,2025-08-25,1503.62
8334,2025-09-01,1521.05
8334,2025-09-08,1562.7
8334,2025-09-15,1514.76
8334,2025-09-22,1640.67
8334,2025-09-29,1580.52
8334,2025-10-06,1547.98
8334,2025-10-13,1503.12
8334,2025-10-20,1561.79
8334,2025-10-27,1578.55
8334,2025-11-03,1576.58
8334,2025-11-10,1613.06
8334,2025-11-17,1622.92
8334,2025-11-24,1710.18
8334,2025-12-01,1710.67
8334,2025-12-08,1701.8
8334,2025-12-15,1746.17
8334,2025-12-22,1701.8
8334,2025-12-29,1703.28
8334,2026-01-05,1786.1
8334,2026-01-12,1909.84
8334,2026-01-19,1922.16
8334,2026-01-26,1912.3
8334,2026-02-02,2142.53
8334,2026-02-09,2199.72
8334,2026-02-16,2174.57
8334,2026-02-23,2230.28
8334,2026-03-02,2104.08
8334,2026-03-09,2071.05
8334,2026-03-16,2095.2
8334,2026-03-23,2250.0
8334,2026-03-30,2231.5
8334,2026-04-06,2269.0
8334,2026-04-13,2214.0
8334,2026-04-20,2030.0
8334,2026-04-27,2157.0
8334,2026-05-04,2164.0
8334,2026-05-11,2232.0
8334,2026-05-18,2316.0
8334,2026-05-25,2260.0
8334,2026-06-01,2262.5
8334,2026-06-08,2343.5
8334,2026-06-15,2316.5
8334,2026-06-22,2334.0
8334,2026-06-29,2419.0
8334,2026-07-06,2492.5
8334,2026-07-13,2436.5
8334,2026-07-20,2609.0
8334,2026-07-27,2538.5
8334,2026-08-03,2595.0
8334,2026-08-10,2664.0
8395,2025-08-18,2812.48
8395,2025-08-25,2836.78
8395,2025-09-01,2863.02
8395,2025-09-08,2964.09
8395,2025-09-15,2964.09
8395,2025-09-22,2998.1
8395,2025-09-29,2998.1
8395,2025-10-06,2993.16
8395,2025-10-13,3037.61
8395,2025-10-20,3111.7
8395,2025-10-27,3166.03
8395,2025-11-03,3175.91
8395,2025-11-10,3304.33
8395,2025-11-17,3353.72
8395,2025-11-24,3571.05
8395,2025-12-01,3694.53
8395,2025-12-08,3724.16
8395,2025-12-15,3832.83
8395,2025-12-22,3877.28
8395,2025-12-29,4000.76
8395,2026-01-05,4262.54
8395,2026-01-12,4519.38
8395,2026-01-19,4623.1
8395,2026-01-26,4534.19
8395,2026-02-02,4949.09
8395,2026-02-09,4998.48
8395,2026-02-16,5018.24
8395,2026-02-23,5117.02
8395,2026-03-02,4756.46
8395,2026-03-09,4608.28
8395,2026-03-16,4672.49
8395,2026-03-23,4875.0
8395,2026-03-30,4910.0
8395,2026-04-06,5240.0
8395,2026-04-13,5370.0
8395,2026-04-20,5050.0
8395,2026-04-27,5080.0
8395,2026-05-04,5080.0
8395,2026-05-11,5220.0
8395,2026-05-18,5290.0
8395,2026-05-25,5210.0
8395,2026-06-01,5280.0
8395,2026-06-08,5530.0
8395,2026-06-15,5130.0
8395,2026-06-22,5220.0
8395,2026-06-29,5470.0
8395,2026-07-06,5590.0
8395,2026-07-13,5340.0
8395,2026-07-20,5910.0
8395,2026-07-27,5600.0
8395,2026-08-03,5880.0
8395,2026-08-10,5970.0
8596,2025-08-18,1337.47
8596,2025-08-25,1362.42
8596,2025-09-01,1391.2
8596,2025-09-08,1403.67
8596,2025-09-15,1348.03
8596,2025-09-22,1366.26
8596,2025-09-29,1310.47
8596,2025-10-06,1318.3
8596,2025-10-13,1333.96
8596,2025-10-20,1348.64
8596,2025-10-27,1298.73
8596,2025-11-03,1267.41
8596,2025-11-10,1278.17
8596,2025-11-17,1281.11
8596,2025-11-24,1344.72
8596,2025-12-01,1286.98
8596,2025-12-08,1279.15
8596,2025-12-15,1325.15
8596,2025-12-22,1374.09
8596,2025-12-29,1378.0
8596,2026-01-05,1412.25
8596,2026-01-12,1441.62
8596,2026-01-19,1394.64
8596,2026-01-26,1407.36
8596,2026-02-02,1463.15
8596,2026-02-09,1496.42
8596,2026-02-16,1479.78
8596,2026-02-23,1485.66
8596,2026-03-02,1431.83
8596,2026-03-09,1397.57
8596,2026-03-16,1377.02
8596,2026-03-23,1378.0
8596,2026-03-30,1402.0
8596,2026-04-06,1413.0
8596,2026-04-13,1410.0
8596,2026-04-20,1398.0
8596,2026-04-27,1390.0
8596,2026-05-04,1417.0
8596,2026-05-11,1443.0
8596,2026-05-18,1445.0
8596,2026-05-25,1425.0
8596,2026-06-01,1393.0
8596,2026-06-08,1419.0
8596,2026-06-15,1444.0
8596,2026-06-22,1430.0
8596,2026-06-29,1467.0
8596,2026-07-06,1461.0
8596,2026-07-13,1450.0
8596,2026-07-20,1508.0
8596,2026-07-27,1579.0
8596,2026-08-03,1590.0
8596,2026-08-10,1631.0
8622,2025-08-18,514.05
8622,2025-08-25,516.86
8622,2025-09-01,520.61
8622,2025-09-08,515.93
8622,2025-09-15,535.59
8622,2025-09-22,539.33
8622,2025-09-29,507.61
8622,2025-10-06,509.53
8622,2025-10-13,510.49
8622,2025-10-20,504.72
8622,2025-10-27,493.19
8622,2025-11-03,494.15
8622,2025-11-10,508.57
8622,2025-11-17,507.61
8622,2025-11-24,515.3
8622,2025-12-01,510.49
8622,2025-12-08,524.91
8622,2025-12-15,521.07
8622,2025-12-22,541.26
8622,2025-12-29,532.6
8622,2026-01-05,547.99
8622,2026-01-12,576.83
8622,2026-01-19,577.79
8622,2026-01-26,577.79
8622,2026-02-02,593.17
8622,2026-02-09,606.63
8622,2026-02-16,605.67
8622,2026-02-23,657.58
8622,2026-03-02,691.23
8622,2026-03-09,703.73
8622,2026-03-16,704.69
8622,2026-03-23,697.0
8622,2026-03-30,707.0
8622,2026-04-06,709.0
8622,2026-04-13,715.0
8622,2026-04-20,667.0
8622,2026-04-27,652.0
8622,2026-05-04,653.0
8622,2026-05-11,652.0
8622,2026-05-18,652.0
8622,2026-05-25,632.0
8622,2026-06-01,639.0
8622,2026-06-08,658.0
8622,2026-06-15,658.0
8622,2026-06-22,657.0
8622,2026-06-29,672.0
8622,2026-07-06,697.0
8622,2026-07-13,713.0
8622,2026-07-20,780.0
8622,2026-07-27,815.0
8622,2026-08-03,849.0
8622,2026-08-10,850.0
8713,2025-08-18,1568.47
8713,2025-08-25,1523.41
8713,2025-09-01,1534.91
8713,2025-09-08,1579.01
8713,2025-09-15,1551.21
8713,2025-09-22,1594.35
8713,2025-09-29,1544.82
8713,2025-10-06,1520.3
8713,2025-10-13,1524.22
8713,2025-10-20,1556.59
8713,2025-10-27,1623.29
8713,2025-11-03,1628.19
8713,2025-11-10,1636.04
8713,2025-11-17,1672.33
8713,2025-11-24,1715.49
8713,2025-12-01,1738.04
8713,2025-12-08,1756.68
8713,2025-12-15,1800.82
8713,2025-12-22,1835.15
8713,2025-12-29,1865.55
8713,2026-01-05,1984.24
8713,2026-01-12,2041.12
8713,2026-01-19,2022.49
8713,2026-01-26,1963.64
8713,2026-02-02,2131.36
8713,2026-02-09,2156.86
8713,2026-02-16,2142.15
8713,2026-02-23,2148.04
8713,2026-03-02,1959.71
8713,2026-03-09,1890.07
8713,2026-03-16,1873.4
8713,2026-03-23,1919.5
8713,2026-03-30,1909.0
8713,2026-04-06,1942.0
8713,2026-04-13,2023.0
8713,2026-04-20,1892.0
8713,2026-04-27,1916.0
8713,2026-05-04,1986.0
8713,2026-05-11,1944.0
8713,2026-05-18,2011.0
8713,2026-05-25,1944.0
8713,2026-06-01,1956.0
8713,2026-06-08,2038.0
8713,2026-06-15,1953.0
8713,2026-06-22,1910.0
8713,2026-06-29,2005.0
8713,2026-07-06,2034.0
8713,2026-07-13,2010.0
8713,2026-07-20,2132.0
8713,2026-07-27,2160.0
8713,2026-08-03,2454.0
8713,2026-08-10,2477.0
9069,2025-08-18,1982.09
9069,2025-08-25,1969.42
9069,2025-09-01,1991.83
9069,2025-09-08,2058.1
9069,2025-09-15,2026.91
9069,2025-09-22,2054.2
9069,2025-09-29,1964.46
9069,2025-10-06,1995.03
9069,2025-10-13,2002.92
9069,2025-10-20,2039.4
9069,2025-10-27,1984.18
9069,2025-11-03,2003.9
9069,2025-11-10,1736.16
9069,2025-11-17,1842.17
9069,2025-11-24,1922.54
9069,2025-12-01,1836.25
9069,2025-12-08,1840.2
9069,2025-12-15,1906.27
9069,2025-12-22,1937.34
9069,2025-12-29,1926.49
9069,2026-01-05,1998.48
9069,2026-01-12,2107.45
9069,2026-01-19,2043.84
9069,2026-01-26,1896.9
9069,2026-02-02,1938.82
9069,2026-02-09,1916.63
9069,2026-02-16,1899.86
9069,2026-02-23,1941.77
9069,2026-03-02,1840.69
9069,2026-03-09,1769.19
9069,2026-03-16,1768.21
9069,2026-03-23,1783.0
9069,2026-03-30,1867.0
9069,2026-04-06,1876.0
9069,2026-04-13,1886.0
9069,2026-04-20,1854.5
9069,2026-04-27,1828.0
9069,2026-05-04,1869.0
9069,2026-05-11,2031.5
9069,2026-05-18,1966.5
9069,2026-05-25,1906.5
9069,2026-06-01,1907.5
9069,2026-06-08,1922.5
9069,2026-06-15,1883.5
9069,2026-06-22,1921.5
9069,2026-06-29,1974.0
9069,2026-07-06,2052.0
9069,2026-07-13,2195.0
9069,2026-07-20,2187.5
9069,2026-07-27,2205.5
9069,2026-08-03,2248.0
9069,2026-08-10,2261.5
9076,2025-08-18,2222.09
9076,2025-08-25,2201.99
9076,2025-09-01,2205.82
9076,2025-09-08,2183.8
9076,2025-09-15,2134.49
9076,2025-09-22,2171.83
9076,2025-09-29,2086.93
9076,2025-10-06,2108.4
9076,2025-10-13,2116.69
9076,2025-10-20,2154.75
9076,2025-10-27,2125.48
9076,2025-11-03,2129.87
9076,2025-11-10,2164.02
9076,2025-11-17,2175.73
9076,2025-11-24,2199.16
9076,2025-12-01,2220.63
9076,2025-12-08,2275.27
9076,2025-12-15,2291.86
9076,2025-12-22,2291.86
9076,2025-12-29,2299.18
9076,2026-01-05,2342.12
9076,2026-01-12,2350.91
9076,2026-01-19,2394.82
9076,2026-01-26,2349.93
9076,2026-02-02,2411.9
9076,2026-02-09,2458.74
9076,2026-02-16,2543.64
9076,2026-02-23,2601.22
9076,2026-03-02,2545.11
9076,2026-03-09,2433.86
9076,2026-03-16,2396.77
9076,2026-03-23,2468.5
9076,2026-03-30,2491.5
9076,2026-04-06,2507.0
9076,2026-04-13,2476.0
9076,2026-04-20,2451.5
9076,2026-04-27,2391.5
9076,2026-05-04,2442.5
9076,2026-05-11,2547.0
9076,2026-05-18,2569.0
9076,2026-05-25,2724.0
9076,2026-06-01,2685.5
9076,2026-06-08,2709.0
9076,2026-06-15,2619.0
9076,2026-06-22,2619.5
9076,2026-06-29,2646.5
9076,2026-07-06,2652.5
9076,2026-07-13,2704.5
9076,2026-07-20,2705.5
9076,2026-07-27,2634.0
9076,2026-08-03,2692.0
9076,2026-08-10,2793.5
9308,2025-08-18,1595.75
9308,2025-08-25,1601.72
9308,2025-09-01,1626.56
9308,2025-09-08,1598.74
9308,2025-09-15,1603.7
9308,2025-09-22,1660.34
9308,2025-09-29,1625.5
9308,2025-10-06,1592.65
9308,2025-10-13,1568.76
9308,2025-10-20,1599.62
9308,2025-10-27,1559.8
9308,2025-11-03,1550.84
9308,2025-11-10,1415.47
9308,2025-11-17,1391.58
9308,2025-11-24,1451.3
9308,2025-12-01,1452.3
9308,2025-12-08,1356.74
9308,2025-12-15,1340.81
9308,2025-12-22,1361.72
9308,2025-12-29,1365.7
9308,2026-01-05,1380.63
9308,2026-01-12,1365.7
9308,2026-01-19,1328.87
9308,2026-01-26,1289.05
9308,2026-02-02,1287.06
9308,2026-02-09,1500.08
9308,2026-02-16,1538.9
9308,2026-02-23,1640.43
9308,2026-03-02,1631.47
9308,2026-03-09,1598.62
9308,2026-03-16,1589.67
9308,2026-03-23,1502.07
9308,2026-03-30,1535.0
9308,2026-04-06,1541.0
9308,2026-04-13,1593.0
9308,2026-04-20,1452.0
9308,2026-04-27,1516.0
9308,2026-05-04,1531.0
9308,2026-05-11,1614.0
9308,2026-05-18,1554.0
9308,2026-05-25,1618.0
9308,2026-06-01,1542.0
9308,2026-06-08,1529.0
9308,2026-06-15,1505.0
9308,2026-06-22,1440.0
9308,2026-06-29,1467.0
9308,2026-07-06,1588.0
9308,2026-07-13,1656.0
9308,2026-07-20,1736.0
9308,2026-07-27,1890.0
9308,2026-08-03,1936.0
9308,2026-08-10,2060.0
9366,2025-08-18,820.33
9366,2025-08-25,818.41
9366,2025-09-01,823.22
9366,2025-09-08,853.03
9366,2025-09-15,841.49
9366,2025-09-22,859.76
9366,2025-09-29,831.87
9366,2025-10-06,831.87
9366,2025-10-13,824.18
9366,2025-10-20,825.14
9366,2025-10-27,823.22
9366,2025-11-03,818.41
9366,2025-11-10,828.03
9366,2025-11-17,812.64
9366,2025-11-24,813.6
9366,2025-12-01,838.6
9366,2025-12-08,833.8
9366,2025-12-15,860.72
9366,2025-12-22,870.34
9366,2025-12-29,879.96
9366,2026-01-05,884.77
9366,2026-01-12,891.5
9366,2026-01-19,876.11
9366,2026-01-26,875.15
9366,2026-02-02,866.49
9366,2026-02-09,887.65
9366,2026-02-16,922.27
9366,2026-02-23,937.66
9366,2026-03-02,894.38
9366,2026-03-09,880.92
9366,2026-03-16,866.49
9366,2026-03-23,904.0
9366,2026-03-30,923.0
9366,2026-04-06,917.0
9366,2026-04-13,940.0
9366,2026-04-20,935.0
9366,2026-04-27,931.0
9366,2026-05-04,935.0
9366,2026-05-11,950.0
9366,2026-05-18,991.0
9366,2026-05-25,976.0
9366,2026-06-01,960.0
9366,2026-06-08,975.0
9366,2026-06-15,1019.0
9366,2026-06-22,993.0
9366,2026-06-29,1000.0
9366,2026-07-06,1050.0
9366,2026-07-13,1020.0
9366,2026-07-20,1029.0
9366,2026-07-27,1026.0
9366,2026-08-03,1034.0
9366,2026-08-10,1100.0
9706,2025-08-18,5061.49
9706,2025-08-25,4985.91
9706,2025-09-01,4818.08
9706,2025-09-08,4720.91
9706,2025-09-15,4641.42
9706,2025-09-22,4709.14
9706,2025-09-29,4554.58
9706,2025-10-06,4727.96
9706,2025-10-13,4842.89
9706,2025-10-20,4921.16
9706,2025-10-27,4751.74
9706,2025-11-03,4725.98
9706,2025-11-10,5130.21
9706,2025-11-17,4590.24
9706,2025-11-24,4485.22
9706,2025-12-01,4379.21
9706,2025-12-08,4196.91
9706,2025-12-15,4397.04
9706,2025-12-22,4441.63
9706,2025-12-29,4345.52
9706,2026-01-05,4577.36
9706,2026-01-12,4767.59
9706,2026-01-19,4730.93
9706,2026-01-26,4787.41
9706,2026-02-02,5292.7
9706,2026-02-09,5522.56
9706,2026-02-16,5284.78
9706,2026-02-23,5284.78
9706,2026-03-02,5037.08
9706,2026-03-09,4954.85
9706,2026-03-16,4918.19
9706,2026-03-23,5368.0
9706,2026-03-30,5507.0
9706,2026-04-06,5440.0
9706,2026-04-13,5164.0
9706,2026-04-20,5056.0
9706,2026-04-27,5002.0
9706,2026-05-04,5096.0
9706,2026-05-11,5037.0
9706,2026-05-18,4908.0
9706,2026-05-25,4832.0
9706,2026-06-01,4641.0
9706,2026-06-08,4701.0
9706,2026-06-15,4657.0
9706,2026-06-22,4909.0
9706,2026-06-29,5239.0
9706,2026-07-06,5301.0
9706,2026-07-13,5354.0
9706,2026-07-20,5296.0
9706,2026-07-27,5667.0
9706,2026-08-03,5728.0
9706,2026-08-10,5801.0
9888,2025-08-18,789.27
9888,2025-08-25,795.1
9888,2025-09-01,793.15
9888,2025-09-08,798.02
9888,2025-09-15,794.13
9888,2025-09-22,778.57
9888,2025-09-29,744.9
9888,2025-10-06,744.9
9888,2025-10-13,739.94
9888,2025-10-20,757.77
9888,2025-10-27,753.81
9888,2025-11-03,745.89
9888,2025-11-10,742.91
9888,2025-11-17,741.92
9888,2025-11-24,747.87
9888,2025-12-01,732.02
9888,2025-12-08,720.13
9888,2025-12-15,719.14
9888,2025-12-22,754.8
9888,2025-12-29,779.57
9888,2026-01-05,827.11
9888,2026-01-12,840.98
9888,2026-01-19,843.95
9888,2026-01-26,833.06
9888,2026-02-02,819.19
9888,2026-02-09,826.12
9888,2026-02-16,840.98
9888,2026-02-23,868.72
9888,2026-03-02,865.74
9888,2026-03-09,839.99
9888,2026-03-16,797.4
9888,2026-03-23,734.0
9888,2026-03-30,722.0
9888,2026-04-06,739.0
9888,2026-04-13,726.0
9888,2026-04-20,708.0
9888,2026-04-27,714.0
9888,2026-05-04,712.0
9888,2026-05-11,850.0
9888,2026-05-18,890.0
9888,2026-05-25,914.0
9888,2026-06-01,994.0
9888,2026-06-08,933.0
9888,2026-06-15,995.0
9888,2026-06-22,970.0
9888,2026-06-29,990.0
9888,2026-07-06,988.0
9888,2026-07-13,987.0
9888,2026-07-20,1024.0
9888,2026-07-27,1025.0
9888,2026-08-03,1124.0
9888,2026-08-10,1288.0
9900,2025-08-18,1872.57
9900,2025-08-25,1875.55
9900,2025-09-01,1885.49
9900,2025-09-08,1849.72
9900,2025-09-15,1861.64
9900,2025-09-22,1946.08
9900,2025-09-29,1783.16
9900,2025-10-06,1730.51
9900,2025-10-13,1750.38
9900,2025-10-20,1704.69
9900,2025-10-27,1658.99
9900,2025-11-03,1718.59
9900,2025-11-10,1716.61
9900,2025-11-17,1808.0
9900,2025-11-24,1840.78
9900,2025-12-01,1812.97
9900,2025-12-08,1860.65
9900,2025-12-15,1878.53
9900,2025-12-22,1862.64
9900,2025-12-29,1885.49
9900,2026-01-05,1888.47
9900,2026-01-12,1917.27
9900,2026-01-19,1920.26
9900,2026-01-26,1917.27
9900,2026-02-02,1960.98
9900,2026-02-09,1923.24
9900,2026-02-16,1868.6
9900,2026-02-23,1886.48
9900,2026-03-02,1840.78
9900,2026-03-09,1768.26
9900,2026-03-16,1779.19
9900,2026-03-23,1808.0
9900,2026-03-30,1848.0
9900,2026-04-06,1835.0
9900,2026-04-13,1795.0
9900,2026-04-20,1716.0
9900,2026-04-27,1727.0
9900,2026-05-04,1704.0
9900,2026-05-11,1754.0
9900,2026-05-18,1717.0
9900,2026-05-25,1672.0
9900,2026-06-01,1529.0
9900,2026-06-08,1620.0
9900,2026-06-15,1578.0
9900,2026-06-22,1613.0
9900,2026-06-29,1646.0
9900,2026-07-06,1753.0
9900,2026-07-13,1794.0
9900,2026-07-20,1921.0
9900,2026-07-27,2075.0
9900,2026-08-03,2193.0
9900,2026-08-10,2205.0
