code,date,close
1897,2025-09-22,2850.85
1897,2025-09-29,2840.03
1897,2025-10-06,2885.25
1897,2025-10-13,2836.1
1897,2025-10-20,2859.69
1897,2025-10-27,2839.05
1897,2025-11-03,2864.61
1897,2025-11-10,2875.42
1897,2025-11-17,2881.32
1897,2025-11-24,2927.53
1897,2025-12-01,2900.0
1897,2025-12-08,2846.92
1897,2025-12-15,2829.22
1897,2025-12-22,2900.0
1897,2025-12-29,2900.0
1897,2026-01-05,3020.0
1897,2026-01-12,2976.0
1897,2026-01-19,3165.0
1897,2026-01-26,3235.0
1897,2026-02-02,3330.0
1897,2026-02-09,3325.0
1897,2026-02-16,3310.0
1897,2026-02-23,3310.0
1897,2026-03-02,3310.0
1897,2026-03-09,3280.0
1897,2026-03-16,3250.0
1897,2026-03-23,3320.0
1897,2026-03-30,3330.0
1897,2026-04-06,3335.0
1897,2026-04-13,3300.0
1897,2026-04-20,3410.0
1897,2026-04-27,3350.0
1897,2026-05-04,3445.0
1897,2026-05-11,3180.0
1897,2026-05-18,3310.0
1897,2026-05-25,3250.0
1897,2026-06-01,3135.0
1897,2026-06-08,3040.0
1897,2026-06-15,3015.0
1897,2026-06-22,3075.0
1897,2026-06-29,3180.0
1897,2026-07-06,3090.0
1897,2026-07-13,3065.0
1897,2026-07-20,3100.0
1897,2026-07-27,3085.0
1897,2026-08-03,3575.0
1897,2026-08-10,3350.0
1897,2026-08-17,3310.0
1897,2026-08-24,3250.0
1897,2026-08-31,3310.0
1897,2026-09-07,3310.0
1897,2026-09-14,3700.0
2004,2025-09-22,3053.92
2004,2025-09-29,2946.08
2004,2025-10-06,2941.18
2004,2025-10-13,2975.49
2004,2025-10-20,3019.61
2004,2025-10-27,2885.29
2004,2025-11-03,2937.25
2004,2025-11-10,2946.08
2004,2025-11-17,2990.2
2004,2025-11-24,3044.12
2004,2025-12-01,2799.02
2004,2025-12-08,2811.76
2004,2025-12-15,2815.69
2004,2025-12-22,2941.18
2004,2025-12-29,2955.88
2004,2026-01-05,3024.51
2004,2026-01-12,3068.63
2004,2026-01-19,3171.57
2004,2026-01-26,3088.24
2004,2026-02-02,3210.78
2004,2026-02-09,3299.02
2004,2026-02-16,3318.63
2004,2026-02-23,3357.84
2004,2026-03-02,3269.61
2004,2026-03-09,3191.18
2004,2026-03-16,3196.08
2004,2026-03-23,3250.0
2004,2026-03-30,3255.0
2004,2026-04-06,3180.0
2004,2026-04-13,3210.0
2004,2026-04-20,3070.0
2004,2026-04-27,3010.0
2004,2026-05-04,3010.0
2004,2026-05-11,3160.0
2004,2026-05-18,3160.0
2004,2026-05-25,3180.0
2004,2026-06-01,3175.0
2004,2026-06-08,3315.0
2004,2026-06-15,3285.0
2004,2026-06-22,3400.0
2004,2026-06-29,3375.0
2004,2026-07-06,3485.0
2004,2026-07-13,3540.0
2004,2026-07-20,3475.0
2004,2026-07-27,3550.0
2004,2026-08-03,3540.0
2004,2026-08-10,3605.0
2004,2026-08-17,3745.0
2004,2026-08-24,3755.0
2004,2026-08-31,3860.0
2004,2026-09-07,3925.0
2004,2026-09-14,3980.0
2053,2025-09-22,1743.27
2053,2025-09-29,1677.58
2053,2025-10-06,1609.93
2053,2025-10-13,1636.4
2053,2025-10-20,1691.31
2053,2025-10-27,1570.71
2053,2025-11-03,1618.75
2053,2025-11-10,1676.6
2053,2025-11-17,1734.45
2053,2025-11-24,1769.75
2053,2025-12-01,1739.35
2053,2025-12-08,1679.54
2053,2025-12-15,1716.8
2053,2025-12-22,1701.11
2053,2025-12-29,1696.21
2053,2026-01-05,1721.7
2053,2026-01-12,1746.21
2053,2026-01-19,1733.47
2053,2026-01-26,1768.77
2053,2026-02-02,1855.05
2053,2026-02-09,1877.6
2053,2026-02-16,1895.25
2053,2026-02-23,1948.19
2053,2026-03-02,1822.69
2053,2026-03-09,1752.1
2053,2026-03-16,1731.51
2053,2026-03-23,1757.0
2053,2026-03-30,1775.0
2053,2026-04-06,1714.0
2053,2026-04-13,1727.0
2053,2026-04-20,1709.0
2053,2026-04-27,1682.0
2053,2026-05-04,1693.0
2053,2026-05-11,1804.0
2053,2026-05-18,1742.0
2053,2026-05-25,1703.0
2053,2026-06-01,1718.0
2053,2026-06-08,1842.0
2053,2026-06-15,1837.0
2053,2026-06-22,1824.0
2053,2026-06-29,1891.0
2053,2026-07-06,1907.0
2053,2026-07-13,1930.0
2053,2026-07-20,1954.0
2053,2026-07-27,1891.0
2053,2026-08-03,1898.0
2053,2026-08-10,1997.0
2053,2026-08-17,2031.0
2053,2026-08-24,2002.0
2053,2026-08-31,2012.0
2053,2026-09-07,2010.0
2053,2026-09-14,2078.0
2060,2025-09-22,1117.16
2060,2025-09-29,1056.4
2060,2025-10-06,1017.21
2060,2025-10-13,1032.89
2060,2025-10-20,1044.65
2060,2025-10-27,997.61
2060,2025-11-03,983.89
2060,2025-11-10,986.83
2060,2025-11-17,1022.11
2060,2025-11-24,1005.45
2060,2025-12-01,998.59
2060,2025-12-08,991.73
2060,2025-12-15,1031.91
2060,2025-12-22,1034.85
2060,2025-12-29,1037.79
2060,2026-01-05,1060.32
2060,2026-01-12,1070.12
2060,2026-01-19,1068.16
2060,2026-01-26,1088.74
2060,2026-02-02,1174.98
2060,2026-02-09,1237.7
2060,2026-02-16,1230.84
2060,2026-02-23,1306.3
2060,2026-03-02,1239.66
2060,2026-03-09,1179.88
2060,2026-03-16,1167.14
2060,2026-03-23,1198.5
2060,2026-03-30,1170.0
2060,2026-04-06,1144.0
2060,2026-04-13,1125.0
2060,2026-04-20,1085.0
2060,2026-04-27,1102.0
2060,2026-05-04,1092.0
2060,2026-05-11,1253.0
2060,2026-05-18,1188.0
2060,2026-05-25,1200.0
2060,2026-06-01,1167.0
2060,2026-06-08,1211.0
2060,2026-06-15,1205.0
2060,2026-06-22,1219.0
2060,2026-06-29,1258.0
2060,2026-07-06,1261.0
2060,2026-07-13,1284.0
2060,2026-07-20,1283.0
2060,2026-07-27,1284.0
2060,2026-08-03,1273.0
2060,2026-08-10,1410.0
2060,2026-08-17,1435.0
2060,2026-08-24,1408.0
2060,2026-08-31,1448.0
2060,2026-09-07,1453.0
2060,2026-09-14,1488.0
2109,2025-09-22,3218.38
2109,2025-09-29,3090.82
2109,2025-10-06,3071.2
2109,2025-10-13,3110.45
2109,2025-10-20,3144.79
2109,2025-10-27,2977.98
2109,2025-11-03,3061.39
2109,2025-11-10,3159.51
2109,2025-11-17,3238.01
2109,2025-11-24,3257.63
2109,2025-12-01,3144.79
2109,2025-12-08,3134.98
2109,2025-12-15,3193.85
2109,2025-12-22,3247.82
2109,2025-12-29,3267.44
2109,2026-01-05,3311.6
2109,2026-01-12,3341.03
2109,2026-01-19,3414.62
2109,2026-01-26,3291.97
2109,2026-02-02,3350.85
2109,2026-02-09,3448.97
2109,2026-02-16,3395.0
2109,2026-02-23,3483.31
2109,2026-03-02,3360.66
2109,2026-03-09,3316.5
2109,2026-03-16,3301.78
2109,2026-03-23,3395.0
2109,2026-03-30,3470.0
2109,2026-04-06,3515.0
2109,2026-04-13,3450.0
2109,2026-04-20,3335.0
2109,2026-04-27,3300.0
2109,2026-05-04,3255.0
2109,2026-05-11,3290.0
2109,2026-05-18,3285.0
2109,2026-05-25,3250.0
2109,2026-06-01,3210.0
2109,2026-06-08,3230.0
2109,2026-06-15,3220.0
2109,2026-06-22,3225.0
2109,2026-06-29,3295.0
2109,2026-07-06,3315.0
2109,2026-07-13,3355.0
2109,2026-07-20,3370.0
2109,2026-07-27,3430.0
2109,2026-08-03,3465.0
2109,2026-08-10,3515.0
2109,2026-08-17,3660.0
2109,2026-08-24,3665.0
2109,2026-08-31,3850.0
2109,2026-09-07,3805.0
2109,2026-09-14,3880.0
2121,2025-09-22,3082.33
2121,2025-09-29,3155.6
2121,2025-10-06,3062.79
2121,2025-10-13,2984.64
2121,2025-10-20,3092.1
2121,2025-10-27,3043.25
2121,2025-11-03,2979.75
2121,2025-11-10,2945.56
2121,2025-11-17,2830.27
2121,2025-11-24,2830.27
2121,2025-12-01,2710.11
2121,2025-12-08,2681.78
2121,2025-12-15,2645.63
2121,2025-12-22,2662.24
2121,2025-12-29,2664.19
2121,2026-01-05,2716.95
2121,2026-01-12,2682.75
2121,2026-01-19,2699.36
2121,2026-01-26,2654.42
2121,2026-02-02,2556.72
2121,2026-02-09,2542.07
2121,2026-02-16,2554.77
2121,2026-02-23,2623.16
2121,2026-03-02,2565.52
2121,2026-03-09,2586.03
2121,2026-03-16,2555.75
2121,2026-03-23,2545.0
2121,2026-03-30,2540.0
2121,2026-04-06,2528.0
2121,2026-04-13,2645.0
2121,2026-04-20,2520.0
2121,2026-04-27,2595.0
2121,2026-05-04,2603.0
2121,2026-05-11,2662.0
2121,2026-05-18,2676.0
2121,2026-05-25,2643.0
2121,2026-06-01,2694.0
2121,2026-06-08,2667.0
2121,2026-06-15,2588.0
2121,2026-06-22,2619.0
2121,2026-06-29,2813.0
2121,2026-07-06,2933.0
2121,2026-07-13,2958.0
2121,2026-07-20,2827.0
2121,2026-07-27,2896.0
2121,2026-08-03,3275.0
2121,2026-08-10,3325.0
2121,2026-08-17,3530.0
2121,2026-08-24,3595.0
2121,2026-08-31,3655.0
2121,2026-09-07,3650.0
2121,2026-09-14,3840.0
2146,2025-09-22,173.34
2146,2025-09-29,172.11
2146,2025-10-06,173.31
2146,2025-10-13,172.55
2146,2025-10-20,174.38
2146,2025-10-27,173.44
2146,2025-11-03,174.83
2146,2025-11-10,168.45
2146,2025-11-17,170.6
2146,2025-11-24,176.97
2146,2025-12-01,171.92
2146,2025-12-08,180.57
2146,2025-12-15,183.41
2146,2025-12-22,187.57
2146,2025-12-29,190.83
2146,2026-01-05,196.58
2146,2026-01-12,208.09
2146,2026-01-19,209.05
2146,2026-01-26,197.54
2146,2026-02-02,203.29
2146,2026-02-09,192.75
2146,2026-02-16,193.7
2146,2026-02-23,206.17
2146,2026-03-02,200.42
2146,2026-03-09,186.99
2146,2026-03-16,187.95
2146,2026-03-23,194.66
2146,2026-03-30,192.71
2146,2026-04-06,188.79
2146,2026-04-13,185.86
2146,2026-04-20,179.01
2146,2026-04-27,178.03
2146,2026-05-04,179.99
2146,2026-05-11,178.03
2146,2026-05-18,170.21
2146,2026-05-25,175.1
2146,2026-06-01,173.14
2146,2026-06-08,170.21
2146,2026-06-15,171.19
2146,2026-06-22,169.23
2146,2026-06-29,177.0
2146,2026-07-06,179.0
2146,2026-07-13,181.0
2146,2026-07-20,181.0
2146,2026-07-27,184.0
2146,2026-08-03,183.0
2146,2026-08-10,223.0
2146,2026-08-17,231.0
2146,2026-08-24,235.0
2146,2026-08-31,227.0
2146,2026-09-07,219.0
2146,2026-09-14,242.0
2340,2025-09-22,498.84
2340,2025-09-29,472.17
2340,2025-10-06,472.17
2340,2025-10-13,472.17
2340,2025-10-20,475.13
2340,2025-10-27,474.15
2340,2025-11-03,474.15
2340,2025-11-10,478.1
2340,2025-11-17,465.26
2340,2025-11-24,471.18
2340,2025-12-01,468.22
2340,2025-12-08,469.21
2340,2025-12-15,471.18
2340,2025-12-22,472.17
2340,2025-12-29,475.13
2340,2026-01-05,481.06
2340,2026-01-12,480.07
2340,2026-01-19,480.07
2340,2026-01-26,481.06
2340,2026-02-02,480.07
2340,2026-02-09,487.98
2340,2026-02-16,485.01
2340,2026-02-23,486.0
2340,2026-03-02,484.02
2340,2026-03-09,480.07
2340,2026-03-16,480.07
2340,2026-03-23,486.0
2340,2026-03-30,485.0
2340,2026-04-06,487.0
2340,2026-04-13,486.0
2340,2026-04-20,482.0
2340,2026-04-27,482.0
2340,2026-05-04,483.0
2340,2026-05-11,480.0
2340,2026-05-18,478.0
2340,2026-05-25,477.0
2340,2026-06-01,472.0
2340,2026-06-08,473.0
2340,2026-06-15,476.0
2340,2026-06-22,483.0
2340,2026-06-29,492.0
2340,2026-07-06,495.0
2340,2026-07-13,494.0
2340,2026-07-20,499.0
2340,2026-07-27,501.0
2340,2026-08-03,511.0
2340,2026-08-10,529.0
2340,2026-08-17,515.0
2340,2026-08-24,517.0
2340,2026-08-31,519.0
2340,2026-09-07,521.0
2340,2026-09-14,537.0
2612,2025-09-22,1225.87
2612,2025-09-29,1212.88
2612,2025-10-06,1214.5
2612,2025-10-13,1233.99
2612,2025-10-20,1243.73
2612,2025-10-27,1238.86
2612,2025-11-03,1240.48
2612,2025-11-10,1251.85
2612,2025-11-17,1246.98
2612,2025-11-24,1264.84
2612,2025-12-01,1259.96
2612,2025-12-08,1269.71
2612,2025-12-15,1268.08
2612,2025-12-22,1276.2
2612,2025-12-29,1298.93
2612,2026-01-05,1297.31
2612,2026-01-12,1300.56
2612,2026-01-19,1302.18
2612,2026-01-26,1302.18
2612,2026-02-02,1445.06
2612,2026-02-09,1471.04
2612,2026-02-16,1579.83
2612,2026-02-23,1704.85
2612,2026-03-02,1646.4
2612,2026-03-09,1639.9
2612,2026-03-16,1662.63
2612,2026-03-23,1724.33
2612,2026-03-30,1588.0
2612,2026-04-06,1588.0
2612,2026-04-13,1621.0
2612,2026-04-20,1569.0
2612,2026-04-27,1580.0
2612,2026-05-04,1567.0
2612,2026-05-11,1480.0
2612,2026-05-18,1492.0
2612,2026-05-25,1489.0
2612,2026-06-01,1527.0
2612,2026-06-08,1620.0
2612,2026-06-15,1686.0
2612,2026-06-22,1744.0
2612,2026-06-29,1954.0
2612,2026-07-06,1815.0
2612,2026-07-13,1760.0
2612,2026-07-20,1789.0
2612,2026-07-27,1786.0
2612,2026-08-03,1742.0
2612,2026-08-10,1744.0
2612,2026-08-17,1751.0
2612,2026-08-24,1789.0
2612,2026-08-31,2345.0
2612,2026-09-07,2384.0
2612,2026-09-14,2868.0
2767,2025-09-22,2164.61
2767,2025-09-29,2216.04
2767,2025-10-06,2236.04
2767,2025-10-13,2132.24
2767,2025-10-20,2120.81
2767,2025-10-27,2068.43
2767,2025-11-03,1890.35
2767,2025-11-10,1911.3
2767,2025-11-17,1818.92
2767,2025-11-24,1900.82
2767,2025-12-01,1779.88
2767,2025-12-08,1761.78
2767,2025-12-15,1760.83
2767,2025-12-22,1767.5
2767,2025-12-29,1766.55
2767,2026-01-05,1714.17
2767,2026-01-12,1695.12
2767,2026-01-19,1762.74
2767,2026-01-26,1745.6
2767,2026-02-02,1689.41
2767,2026-02-09,1549.42
2767,2026-02-16,1453.23
2767,2026-02-23,1478.95
2767,2026-03-02,1435.14
2767,2026-03-09,1426.57
2767,2026-03-16,1383.72
2767,2026-03-23,1398.0
2767,2026-03-30,1459.0
2767,2026-04-06,1453.0
2767,2026-04-13,1480.0
2767,2026-04-20,1431.0
2767,2026-04-27,1389.0
2767,2026-05-04,1425.0
2767,2026-05-11,1463.0
2767,2026-05-18,1406.0
2767,2026-05-25,1383.0
2767,2026-06-01,1378.0
2767,2026-06-08,1364.0
2767,2026-06-15,1338.0
2767,2026-06-22,1380.0
2767,2026-06-29,1378.0
2767,2026-07-06,1435.0
2767,2026-07-13,1467.0
2767,2026-07-20,1475.0
2767,2026-07-27,2410.0
2767,2026-08-03,2508.0
2767,2026-08-10,2473.0
2767,2026-08-17,2540.0
2767,2026-08-24,2605.0
2767,2026-08-31,2495.0
2767,2026-09-07,2505.0
2767,2026-09-14,2666.0
2805,2025-09-22,3437.49
2805,2025-09-29,3287.3
2805,2025-10-06,3232.6
2805,2025-10-13,3242.54
2805,2025-10-20,3242.54
2805,2025-10-27,3317.14
2805,2025-11-03,3327.09
2805,2025-11-10,3396.71
2805,2025-11-17,3481.26
2805,2025-11-24,3555.85
2805,2025-12-01,3501.15
2805,2025-12-08,3680.19
2805,2025-12-15,3918.9
2805,2025-12-22,3908.95
2805,2025-12-29,4008.42
2805,2026-01-05,3918.9
2805,2026-01-12,4028.31
2805,2026-01-19,4386.38
2805,2026-01-26,4346.6
2805,2026-02-02,4431.14
2805,2026-02-09,4341.62
2805,2026-02-16,4421.2
2805,2026-02-23,4600.23
2805,2026-03-02,4550.5
2805,2026-03-09,4421.2
2805,2026-03-16,4530.61
2805,2026-03-23,4829.0
2805,2026-03-30,4995.0
2805,2026-04-06,5080.0
2805,2026-04-13,4720.0
2805,2026-04-20,4560.0
2805,2026-04-27,4550.0
2805,2026-05-04,4450.0
2805,2026-05-11,4960.0
2805,2026-05-18,5350.0
2805,2026-05-25,5630.0
2805,2026-06-01,4920.0
2805,2026-06-08,5190.0
2805,2026-06-15,5360.0
2805,2026-06-22,5240.0
2805,2026-06-29,5430.0
2805,2026-07-06,5810.0
2805,2026-07-13,5980.0
2805,2026-07-20,6300.0
2805,2026-07-27,6600.0
2805,2026-08-03,6890.0
2805,2026-08-10,6680.0
2805,2026-08-17,6800.0
2805,2026-08-24,7120.0
2805,2026-08-31,7320.0
2805,2026-09-07,7450.0
2805,2026-09-14,7770.0
296A,2025-09-22,630.58
296A,2025-09-29,616.43
296A,2025-10-06,605.7
296A,2025-10-13,631.06
296A,2025-10-20,648.62
296A,2025-10-27,658.37
296A,2025-11-03,650.57
296A,2025-11-10,675.93
296A,2025-11-17,687.64
296A,2025-11-24,696.41
296A,2025-12-01,680.81
296A,2025-12-08,695.44
296A,2025-12-15,736.4
296A,2025-12-22,704.22
296A,2025-12-29,702.27
296A,2026-01-05,698.36
296A,2026-01-12,707.14
296A,2026-01-19,719.82
296A,2026-01-26,685.68
296A,2026-02-02,685.68
296A,2026-02-09,651.55
296A,2026-02-16,651.55
296A,2026-02-23,670.08
296A,2026-03-02,645.69
296A,2026-03-09,635.94
296A,2026-03-16,731.53
296A,2026-03-23,792.0
296A,2026-03-30,823.0
296A,2026-04-06,812.0
296A,2026-04-13,819.0
296A,2026-04-20,760.0
296A,2026-04-27,749.0
296A,2026-05-04,767.0
296A,2026-05-11,772.0
296A,2026-05-18,765.0
296A,2026-05-25,747.0
296A,2026-06-01,759.0
296A,2026-06-08,754.0
296A,2026-06-15,769.0
296A,2026-06-22,756.0
296A,2026-06-29,749.0
296A,2026-07-06,741.0
296A,2026-07-13,751.0
296A,2026-07-20,919.0
296A,2026-07-27,857.0
296A,2026-08-03,873.0
296A,2026-08-10,928.0
296A,2026-08-17,1087.0
296A,2026-08-24,1161.0
296A,2026-08-31,1120.0
296A,2026-09-07,1161.0
296A,2026-09-14,1245.0
3132,2025-09-22,2042.31
3132,2025-09-29,1975.79
3132,2025-10-06,1974.81
3132,2025-10-13,2028.51
3132,2025-10-20,2176.82
3132,2025-10-27,2166.96
3132,2025-11-03,2236.93
3132,2025-11-10,2297.04
3132,2025-11-17,2189.63
3132,2025-11-24,2286.2
3132,2025-12-01,2318.23
3132,2025-12-08,2510.88
3132,2025-12-15,2374.89
3132,2025-12-22,2379.82
3132,2025-12-29,2357.65
3132,2026-01-05,2440.91
3132,2026-01-12,2552.27
3132,2026-01-19,2602.53
3132,2026-01-26,2609.42
3132,2026-02-02,2490.68
3132,2026-02-09,2606.47
3132,2026-02-16,2590.7
3132,2026-02-23,2728.17
3132,2026-03-02,2426.63
3132,2026-03-09,2254.67
3132,2026-03-16,2337.94
3132,2026-03-23,2367.5
3132,2026-03-30,2289.5
3132,2026-04-06,2299.0
3132,2026-04-13,2378.0
3132,2026-04-20,2535.5
3132,2026-04-27,2594.0
3132,2026-05-04,2765.0
3132,2026-05-11,3241.0
3132,2026-05-18,3227.0
3132,2026-05-25,3110.0
3132,2026-06-01,3493.0
3132,2026-06-08,3170.0
3132,2026-06-15,3350.0
3132,2026-06-22,3184.0
3132,2026-06-29,3175.0
3132,2026-07-06,3256.0
3132,2026-07-13,3201.0
3132,2026-07-20,3378.0
3132,2026-07-27,3295.0
3132,2026-08-03,3621.0
3132,2026-08-10,3798.0
3132,2026-08-17,3332.0
3132,2026-08-24,3577.0
3132,2026-08-31,3547.0
3132,2026-09-07,3761.0
3132,2026-09-14,3935.0
3156,2025-09-22,2566.69
3156,2025-09-29,2563.76
3156,2025-10-06,2504.26
3156,2025-10-13,2524.74
3156,2025-10-20,2566.69
3156,2025-10-27,2519.86
3156,2025-11-03,2480.84
3156,2025-11-10,2505.23
3156,2025-11-17,2509.13
3156,2025-11-24,2693.51
3156,2025-12-01,2647.66
3156,2025-12-08,2634.0
3156,2025-12-15,2615.47
3156,2025-12-22,2726.68
3156,2025-12-29,2726.68
3156,2026-01-05,2773.51
3156,2026-01-12,2810.58
3156,2026-01-19,2911.06
3156,2026-01-26,2864.24
3156,2026-02-02,2913.01
3156,2026-02-09,3038.86
3156,2026-02-16,3014.47
3156,2026-02-23,3073.01
3156,2026-03-02,2868.14
3156,2026-03-09,2770.58
3156,2026-03-16,2749.12
3156,2026-03-23,2714.0
3156,2026-03-30,2716.0
3156,2026-04-06,2821.0
3156,2026-04-13,2827.0
3156,2026-04-20,2847.0
3156,2026-04-27,2828.0
3156,2026-05-04,2975.0
3156,2026-05-11,3465.0
3156,2026-05-18,3550.0
3156,2026-05-25,4065.0
3156,2026-06-01,4390.0
3156,2026-06-08,4410.0
3156,2026-06-15,4410.0
3156,2026-06-22,4305.0
3156,2026-06-29,4020.0
3156,2026-07-06,3730.0
3156,2026-07-13,3495.0
3156,2026-07-20,3540.0
3156,2026-07-27,4125.0
3156,2026-08-03,4415.0
3156,2026-08-10,5510.0
3156,2026-08-17,4755.0
3156,2026-08-24,5150.0
3156,2026-08-31,5220.0
3156,2026-09-07,5330.0
3156,2026-09-14,5700.0
3167,2025-09-22,1046.78
3167,2025-09-29,984.8
3167,2025-10-06,982.83
3167,2025-10-13,987.75
3167,2025-10-20,1012.35
3167,2025-10-27,1004.48
3167,2025-11-03,1018.25
3167,2025-11-10,1025.14
3167,2025-11-17,1048.75
3167,2025-11-24,1063.51
3167,2025-12-01,1028.09
3167,2025-12-08,1036.94
3167,2025-12-15,1057.6
3167,2025-12-22,1062.52
3167,2025-12-29,1063.51
3167,2026-01-05,1061.54
3167,2026-01-12,1119.58
3167,2026-01-19,1148.11
3167,2026-01-26,1129.42
3167,2026-02-02,1160.9
3167,2026-02-09,1184.51
3167,2026-02-16,1185.5
3167,2026-02-23,1192.39
3167,2026-03-02,1154.02
3167,2026-03-09,1141.23
3167,2026-03-16,1138.28
3167,2026-03-23,1155.0
3167,2026-03-30,1172.0
3167,2026-04-06,1178.0
3167,2026-04-13,1187.0
3167,2026-04-20,1142.0
3167,2026-04-27,1133.0
3167,2026-05-04,1129.0
3167,2026-05-11,1130.0
3167,2026-05-18,1133.0
3167,2026-05-25,1105.0
3167,2026-06-01,1083.0
3167,2026-06-08,1124.0
3167,2026-06-15,1105.0
3167,2026-06-22,1143.0
3167,2026-06-29,1148.0
3167,2026-07-06,1149.0
3167,2026-07-13,1149.0
3167,2026-07-20,1140.0
3167,2026-07-27,1162.0
3167,2026-08-03,1219.0
3167,2026-08-10,1232.0
3167,2026-08-17,1263.0
3167,2026-08-24,1295.0
3167,2026-08-31,1339.0
3167,2026-09-07,1322.0
3167,2026-09-14,1404.0
3177,2025-09-22,3306.19
3177,2025-09-29,3257.99
3177,2025-10-06,3243.54
3177,2025-10-13,3229.08
3177,2025-10-20,3296.55
3177,2025-10-27,3248.36
3177,2025-11-03,3248.36
3177,2025-11-10,3277.27
3177,2025-11-17,3339.93
3177,2025-11-24,3339.93
3177,2025-12-01,3277.27
3177,2025-12-08,3335.11
3177,2025-12-15,3335.11
3177,2025-12-22,3344.75
3177,2025-12-29,3441.14
3177,2026-01-05,3441.14
3177,2026-01-12,3667.65
3177,2026-01-19,3662.83
3177,2026-01-26,3614.64
3177,2026-02-02,3725.49
3177,2026-02-09,3807.42
3177,2026-02-16,3711.03
3177,2026-02-23,3685.0
3177,2026-03-02,3600.0
3177,2026-03-09,3550.0
3177,2026-03-16,3415.0
3177,2026-03-23,3465.0
3177,2026-03-30,3435.0
3177,2026-04-06,3515.0
3177,2026-04-13,3605.0
3177,2026-04-20,3675.0
3177,2026-04-27,3625.0
3177,2026-05-04,3505.0
3177,2026-05-11,3505.0
3177,2026-05-18,3575.0
3177,2026-05-25,3405.0
3177,2026-06-01,3290.0
3177,2026-06-08,3440.0
3177,2026-06-15,3410.0
3177,2026-06-22,3545.0
3177,2026-06-29,3530.0
3177,2026-07-06,3595.0
3177,2026-07-13,3880.0
3177,2026-07-20,4085.0
3177,2026-07-27,4075.0
3177,2026-08-03,4190.0
3177,2026-08-10,4235.0
3177,2026-08-17,4310.0
3177,2026-08-24,4420.0
3177,2026-08-31,4240.0
3177,2026-09-07,4210.0
3177,2026-09-14,4550.0
3393,2025-09-22,2671.7
3393,2025-09-29,2640.76
3393,2025-10-06,2722.95
3393,2025-10-13,2654.3
3393,2025-10-20,2725.85
3393,2025-10-27,2670.74
3393,2025-11-03,2596.28
3393,2025-11-10,2560.5
3393,2025-11-17,2523.76
3393,2025-11-24,2524.73
3393,2025-12-01,2543.1
3393,2025-12-08,2576.94
3393,2025-12-15,2618.52
3393,2025-12-22,2738.42
3393,2025-12-29,2785.8
3393,2026-01-05,2818.68
3393,2026-01-12,2915.38
3393,2026-01-19,2853.49
3393,2026-01-26,2720.05
3393,2026-02-02,2664.93
3393,2026-02-09,2585.64
3393,2026-02-16,2844.79
3393,2026-02-23,2987.9
3393,2026-03-02,2852.52
3393,2026-03-09,2738.42
3393,2026-03-16,2632.06
3393,2026-03-23,2663.0
3393,2026-03-30,2740.0
3393,2026-04-06,2797.0
3393,2026-04-13,2834.0
3393,2026-04-20,2757.0
3393,2026-04-27,2742.0
3393,2026-05-04,2770.0
3393,2026-05-11,2700.0
3393,2026-05-18,3005.0
3393,2026-05-25,2982.0
3393,2026-06-01,2911.0
3393,2026-06-08,2865.0
3393,2026-06-15,2945.0
3393,2026-06-22,2988.0
3393,2026-06-29,3100.0
3393,2026-07-06,3085.0
3393,2026-07-13,3065.0
3393,2026-07-20,3045.0
3393,2026-07-27,3080.0
3393,2026-08-03,3035.0
3393,2026-08-10,3030.0
3393,2026-08-17,3015.0
3393,2026-08-24,3000.0
3393,2026-08-31,3040.0
3393,2026-09-07,3025.0
3393,2026-09-14,3200.0
3657,2025-09-22,341.95
3657,2025-09-29,328.62
3657,2025-10-06,319.09
3657,2025-10-13,317.19
3657,2025-10-20,320.04
3657,2025-10-27,315.28
3657,2025-11-03,305.76
3657,2025-11-10,312.42
3657,2025-11-17,311.47
3657,2025-11-24,321.95
3657,2025-12-01,321.0
3657,2025-12-08,297.18
3657,2025-12-15,300.99
3657,2025-12-22,308.61
3657,2025-12-29,310.52
3657,2026-01-05,320.04
3657,2026-01-12,326.71
3657,2026-01-19,327.66
3657,2026-01-26,308.56
3657,2026-02-02,290.01
3657,2026-02-09,284.15
3657,2026-02-16,301.73
3657,2026-02-23,318.33
3657,2026-03-02,311.49
3657,2026-03-09,295.87
3657,2026-03-16,282.2
3657,2026-03-23,297.82
3657,2026-03-30,292.94
3657,2026-04-06,295.87
3657,2026-04-13,309.54
3657,2026-04-20,300.75
3657,2026-04-27,290.99
3657,2026-05-04,292.94
3657,2026-05-11,286.11
3657,2026-05-18,290.99
3657,2026-05-25,293.92
3657,2026-06-01,286.11
3657,2026-06-08,278.29
3657,2026-06-15,301.73
3657,2026-06-22,311.49
3657,2026-06-29,325.16
3657,2026-07-06,321.26
3657,2026-07-13,325.16
3657,2026-07-20,332.0
3657,2026-07-27,333.0
3657,2026-08-03,336.0
3657,2026-08-10,351.0
3657,2026-08-17,365.0
3657,2026-08-24,360.0
3657,2026-08-31,368.0
3657,2026-09-07,360.0
3657,2026-09-14,394.0
3708,2025-09-22,1546.18
3708,2025-09-29,1528.86
3708,2025-10-06,1449.42
3708,2025-10-13,1477.86
3708,2025-10-20,1524.93
3708,2025-10-27,1455.31
3708,2025-11-03,1455.31
3708,2025-11-10,1479.82
3708,2025-11-17,1458.25
3708,2025-11-24,1504.34
3708,2025-12-01,1455.31
3708,2025-12-08,1493.55
3708,2025-12-15,1526.89
3708,2025-12-22,1549.45
3708,2025-12-29,1549.45
3708,2026-01-05,1654.38
3708,2026-01-12,1657.32
3708,2026-01-19,1676.94
3708,2026-01-26,1621.04
3708,2026-02-02,1609.27
3708,2026-02-09,1645.56
3708,2026-02-16,1635.75
3708,2026-02-23,1659.28
3708,2026-03-02,1587.7
3708,2026-03-09,1576.91
3708,2026-03-16,1576.91
3708,2026-03-23,1623.0
3708,2026-03-30,1616.0
3708,2026-04-06,1612.0
3708,2026-04-13,1610.0
3708,2026-04-20,1565.0
3708,2026-04-27,1601.0
3708,2026-05-04,1636.0
3708,2026-05-11,1714.0
3708,2026-05-18,1725.0
3708,2026-05-25,1794.0
3708,2026-06-01,1772.0
3708,2026-06-08,1814.0
3708,2026-06-15,1839.0
3708,2026-06-22,1856.0
3708,2026-06-29,1958.0
3708,2026-07-06,1953.0
3708,2026-07-13,2050.0
3708,2026-07-20,2126.0
3708,2026-07-27,2086.0
3708,2026-08-03,2050.0
3708,2026-08-10,2141.0
3708,2026-08-17,2174.0
3708,2026-08-24,2191.0
3708,2026-08-31,2143.0
3708,2026-09-07,2135.0
3708,2026-09-14,2224.0
3762,2025-09-22,2126.38
3762,2025-09-29,2066.47
3762,2025-10-06,2115.58
3762,2025-10-13,2017.36
3762,2025-10-20,2208.89
3762,2025-10-27,2146.03
3762,2025-11-03,2020.31
3762,2025-11-10,2024.24
3762,2025-11-17,2142.1
3762,2025-11-24,2135.22
3762,2025-12-01,2290.41
3762,2025-12-08,2233.44
3762,2025-12-15,2293.35
3762,2025-12-22,2339.51
3762,2025-12-29,2295.32
3762,2026-01-05,2354.25
3762,2026-01-12,2268.8
3762,2026-01-19,2278.62
3762,2026-01-26,2076.29
3762,2026-02-02,1892.63
3762,2026-02-09,1841.56
3762,2026-02-16,1855.31
3762,2026-02-23,1887.72
3762,2026-03-02,1813.07
3762,2026-03-09,1710.93
3762,2026-03-16,1628.43
3762,2026-03-23,1707.0
3762,2026-03-30,1811.0
3762,2026-04-06,1753.0
3762,2026-04-13,1840.0
3762,2026-04-20,1835.0
3762,2026-04-27,1748.0
3762,2026-05-04,1815.0
3762,2026-05-11,1793.0
3762,2026-05-18,1887.0
3762,2026-05-25,1819.0
3762,2026-06-01,1875.0
3762,2026-06-08,1779.0
3762,2026-06-15,1668.0
3762,2026-06-22,1669.0
3762,2026-06-29,1814.0
3762,2026-07-06,1871.0
3762,2026-07-13,1903.0
3762,2026-07-20,1885.0
3762,2026-07-27,2042.0
3762,2026-08-03,2284.0
3762,2026-08-10,2379.0
3762,2026-08-17,2388.0
3762,2026-08-24,2455.0
3762,2026-08-31,2456.0
3762,2026-09-07,2378.0
3762,2026-09-14,2544.0
3793,2025-09-22,473.0
3793,2025-09-29,459.0
3793,2025-10-06,455.0
3793,2025-10-13,452.0
3793,2025-10-20,464.0
3793,2025-10-27,460.0
3793,2025-11-03,450.0
3793,2025-11-10,455.0
3793,2025-11-17,434.0
3793,2025-11-24,446.0
3793,2025-12-01,415.0
3793,2025-12-08,415.0
3793,2025-12-15,410.0
3793,2025-12-22,396.0
3793,2025-12-29,400.0
3793,2026-01-05,417.0
3793,2026-01-12,436.0
3793,2026-01-19,431.0
3793,2026-01-26,449.0
3793,2026-02-02,407.0
3793,2026-02-09,398.0
3793,2026-02-16,412.0
3793,2026-02-23,409.0
3793,2026-03-02,403.0
3793,2026-03-09,403.0
3793,2026-03-16,400.0
3793,2026-03-23,403.0
3793,2026-03-30,401.0
3793,2026-04-06,408.0
3793,2026-04-13,432.0
3793,2026-04-20,408.0
3793,2026-04-27,405.0
3793,2026-05-04,414.0
3793,2026-05-11,459.0
3793,2026-05-18,440.0
3793,2026-05-25,420.0
3793,2026-06-01,417.0
3793,2026-06-08,393.0
3793,2026-06-15,398.0
3793,2026-06-22,393.0
3793,2026-06-29,417.0
3793,2026-07-06,418.0
3793,2026-07-13,417.0
3793,2026-07-20,425.0
3793,2026-07-27,440.0
3793,2026-08-03,456.0
3793,2026-08-10,463.0
3793,2026-08-17,491.0
3793,2026-08-24,521.0
3793,2026-08-31,496.0
3793,2026-09-07,502.0
3793,2026-09-14,562.0
3845,2025-09-22,246.0
3845,2025-09-29,228.0
3845,2025-10-06,222.0
3845,2025-10-13,220.0
3845,2025-10-20,225.0
3845,2025-10-27,230.0
3845,2025-11-03,226.0
3845,2025-11-10,228.0
3845,2025-11-17,221.0
3845,2025-11-24,251.0
3845,2025-12-01,234.0
3845,2025-12-08,232.0
3845,2025-12-15,247.0
3845,2025-12-22,241.0
3845,2025-12-29,236.0
3845,2026-01-05,257.0
3845,2026-01-12,242.0
3845,2026-01-19,227.0
3845,2026-01-26,243.0
3845,2026-02-02,242.0
3845,2026-02-09,233.0
3845,2026-02-16,240.0
3845,2026-02-23,262.0
3845,2026-03-02,248.0
3845,2026-03-09,237.0
3845,2026-03-16,239.0
3845,2026-03-23,249.0
3845,2026-03-30,270.0
3845,2026-04-06,295.0
3845,2026-04-13,288.0
3845,2026-04-20,279.0
3845,2026-04-27,265.0
3845,2026-05-04,276.0
3845,2026-05-11,248.0
3845,2026-05-18,260.0
3845,2026-05-25,238.0
3845,2026-06-01,242.0
3845,2026-06-08,214.0
3845,2026-06-15,220.0
3845,2026-06-22,212.0
3845,2026-06-29,205.0
3845,2026-07-06,218.0
3845,2026-07-13,211.0
3845,2026-07-20,215.0
3845,2026-07-27,208.0
3845,2026-08-03,240.0
3845,2026-08-10,244.0
3845,2026-08-17,257.0
3845,2026-08-24,284.0
3845,2026-08-31,290.0
3845,2026-09-07,313.0
3845,2026-09-14,337.0
3979,2025-09-22,430.37
3979,2025-09-29,418.5
3979,2025-10-06,412.56
3979,2025-10-13,413.55
3979,2025-10-20,404.65
3979,2025-10-27,400.69
3979,2025-11-03,411.57
3979,2025-11-10,436.31
3979,2025-11-17,415.53
3979,2025-11-24,421.47
3979,2025-12-01,409.6
3979,2025-12-08,398.71
3979,2025-12-15,423.45
3979,2025-12-22,408.61
3979,2025-12-29,411.57
3979,2026-01-05,414.54
3979,2026-01-12,413.55
3979,2026-01-19,423.45
3979,2026-01-26,415.53
3979,2026-02-02,404.65
3979,2026-02-09,402.67
3979,2026-02-16,384.86
3979,2026-02-23,378.93
3979,2026-03-02,374.97
3979,2026-03-09,386.84
3979,2026-03-16,374.97
3979,2026-03-23,372.0
3979,2026-03-30,368.0
3979,2026-04-06,355.0
3979,2026-04-13,340.0
3979,2026-04-20,328.0
3979,2026-04-27,346.0
3979,2026-05-04,364.0
3979,2026-05-11,346.0
3979,2026-05-18,372.0
3979,2026-05-25,390.0
3979,2026-06-01,398.0
3979,2026-06-08,376.0
3979,2026-06-15,385.0
3979,2026-06-22,363.0
3979,2026-06-29,395.0
3979,2026-07-06,407.0
3979,2026-07-13,420.0
3979,2026-07-20,413.0
3979,2026-07-27,401.0
3979,2026-08-03,399.0
3979,2026-08-10,416.0
3979,2026-08-17,431.0
3979,2026-08-24,429.0
3979,2026-08-31,442.0
3979,2026-09-07,450.0
3979,2026-09-14,468.0
4175,2025-09-22,2268.0
4175,2025-09-29,2260.0
4175,2025-10-06,2208.0
4175,2025-10-13,2030.0
4175,2025-10-20,2063.0
4175,2025-10-27,2050.0
4175,2025-11-03,2059.0
4175,2025-11-10,2010.0
4175,2025-11-17,1836.0
4175,2025-11-24,1920.0
4175,2025-12-01,1829.0
4175,2025-12-08,1780.0
4175,2025-12-15,1938.0
4175,2025-12-22,1929.0
4175,2025-12-29,1878.0
4175,2026-01-05,1900.0
4175,2026-01-12,1899.0
4175,2026-01-19,1809.0
4175,2026-01-26,1821.0
4175,2026-02-02,1835.0
4175,2026-02-09,1876.0
4175,2026-02-16,1846.0
4175,2026-02-23,1855.0
4175,2026-03-02,1807.0
4175,2026-03-09,1905.0
4175,2026-03-16,1983.0
4175,2026-03-23,2074.0
4175,2026-03-30,2008.0
4175,2026-04-06,2070.0
4175,2026-04-13,2069.0
4175,2026-04-20,1993.0
4175,2026-04-27,1861.0
4175,2026-05-04,1905.0
4175,2026-05-11,1671.0
4175,2026-05-18,2082.0
4175,2026-05-25,2204.0
4175,2026-06-01,2157.0
4175,2026-06-08,1994.0
4175,2026-06-15,1869.0
4175,2026-06-22,2238.0
4175,2026-06-29,2498.0
4175,2026-07-06,2545.0
4175,2026-07-13,2749.0
4175,2026-07-20,2615.0
4175,2026-07-27,2809.0
4175,2026-08-03,2747.0
4175,2026-08-10,2798.0
4175,2026-08-17,2770.0
4175,2026-08-24,2871.0
4175,2026-08-31,2915.0
4175,2026-09-07,2820.0
4175,2026-09-14,2995.0
4203,2025-09-22,4946.9
4203,2025-09-29,4936.04
4203,2025-10-06,4888.61
4203,2025-10-13,4804.63
4203,2025-10-20,5020.02
4203,2025-10-27,5080.28
4203,2025-11-03,5035.82
4203,2025-11-10,4981.48
4203,2025-11-17,4979.51
4203,2025-11-24,5030.88
4203,2025-12-01,5015.08
4203,2025-12-08,5200.82
4203,2025-12-15,5151.42
4203,2025-12-22,5106.96
4203,2025-12-29,5101.03
4203,2026-01-05,5090.16
4203,2026-01-12,5176.12
4203,2026-01-19,5378.66
4203,2026-01-26,5374.71
4203,2026-02-02,5373.72
4203,2026-02-09,5591.08
4203,2026-02-16,5717.54
4203,2026-02-23,5946.76
4203,2026-03-02,5503.15
4203,2026-03-09,5273.93
4203,2026-03-16,5031.87
4203,2026-03-23,4939.0
4203,2026-03-30,5001.0
4203,2026-04-06,5287.0
4203,2026-04-13,5190.0
4203,2026-04-20,5235.0
4203,2026-04-27,5433.0
4203,2026-05-04,5546.0
4203,2026-05-11,6572.0
4203,2026-05-18,6765.0
4203,2026-05-25,6900.0
4203,2026-06-01,6510.0
4203,2026-06-08,6480.0
4203,2026-06-15,7710.0
4203,2026-06-22,7616.0
4203,2026-06-29,7506.0
4203,2026-07-06,7200.0
4203,2026-07-13,6969.0
4203,2026-07-20,6795.0
4203,2026-07-27,6513.0
4203,2026-08-03,7439.0
4203,2026-08-10,7799.0
4203,2026-08-17,7171.0
4203,2026-08-24,7444.0
4203,2026-08-31,7056.0
4203,2026-09-07,7588.0
4203,2026-09-14,7744.0
4206,2025-09-22,3633.1
4206,2025-09-29,3551.71
4206,2025-10-06,3516.41
4206,2025-10-13,3524.25
4206,2025-10-20,3592.89
4206,2025-10-27,3559.55
4206,2025-11-03,3441.88
4206,2025-11-10,3385.99
4206,2025-11-17,3434.04
4206,2025-11-24,3498.76
4206,2025-12-01,3313.42
4206,2025-12-08,3362.45
4206,2025-12-15,3414.42
4206,2025-12-22,3417.37
4206,2025-12-29,3449.73
4206,2026-01-05,3477.18
4206,2026-01-12,3530.13
4206,2026-01-19,3531.12
4206,2026-01-26,3441.88
4206,2026-02-02,3682.13
4206,2026-02-09,3705.66
4206,2026-02-16,3758.61
4206,2026-02-23,3895.9
4206,2026-03-02,3748.81
4206,2026-03-09,3617.41
4206,2026-03-16,3571.32
4206,2026-03-23,3638.0
4206,2026-03-30,3661.0
4206,2026-04-06,3754.0
4206,2026-04-13,3599.0
4206,2026-04-20,3493.0
4206,2026-04-27,3531.0
4206,2026-05-04,3403.0
4206,2026-05-11,3482.0
4206,2026-05-18,3439.0
4206,2026-05-25,3450.0
4206,2026-06-01,3423.0
4206,2026-06-08,3491.0
4206,2026-06-15,3579.0
4206,2026-06-22,3691.0
4206,2026-06-29,3728.0
4206,2026-07-06,3670.0
4206,2026-07-13,3670.0
4206,2026-07-20,3631.0
4206,2026-07-27,3687.0
4206,2026-08-03,4087.0
4206,2026-08-10,4128.0
4206,2026-08-17,4077.0
4206,2026-08-24,4115.0
4206,2026-08-31,4088.0
4206,2026-09-07,4118.0
4206,2026-09-14,4258.0
4258,2025-09-22,3756.06
4258,2025-09-29,3611.79
4258,2025-10-06,3686.41
4258,2025-10-13,3785.91
4258,2025-10-20,4243.6
4258,2025-10-27,3691.39
4258,2025-11-03,3666.51
4258,2025-11-10,3761.03
4258,2025-11-17,3567.01
4258,2025-11-24,3472.49
4258,2025-12-01,2982.96
4258,2025-12-08,2783.96
4258,2025-12-15,2882.46
4258,2025-12-22,3119.27
4258,2025-12-29,3085.0
4258,2026-01-05,3265.0
4258,2026-01-12,3130.0
4258,2026-01-19,3060.0
4258,2026-01-26,2900.0
4258,2026-02-02,2787.0
4258,2026-02-09,3035.0
4258,2026-02-16,3425.0
4258,2026-02-23,3050.0
4258,2026-03-02,3180.0
4258,2026-03-09,3060.0
4258,2026-03-16,2946.0
4258,2026-03-23,2995.0
4258,2026-03-30,2776.0
4258,2026-04-06,2820.0
4258,2026-04-13,2935.0
4258,2026-04-20,3000.0
4258,2026-04-27,2958.0
4258,2026-05-04,3100.0
4258,2026-05-11,2795.0
4258,2026-05-18,3010.0
4258,2026-05-25,3370.0
4258,2026-06-01,3535.0
4258,2026-06-08,3145.0
4258,2026-06-15,3200.0
4258,2026-06-22,3250.0
4258,2026-06-29,4395.0
4258,2026-07-06,4380.0
4258,2026-07-13,4315.0
4258,2026-07-20,4250.0
4258,2026-07-27,4335.0
4258,2026-08-03,4760.0
4258,2026-08-10,4675.0
4258,2026-08-17,4605.0
4258,2026-08-24,4680.0
4258,2026-08-31,4340.0
4258,2026-09-07,4890.0
4258,2026-09-14,5640.0
428A,2025-10-06,617.38
428A,2025-10-13,717.63
428A,2025-10-20,701.75
428A,2025-10-27,673.96
428A,2025-11-03,679.91
428A,2025-11-10,684.88
428A,2025-11-17,676.94
428A,2025-11-24,683.88
428A,2025-12-01,676.94
428A,2025-12-08,673.96
428A,2025-12-15,733.51
428A,2025-12-22,767.26
428A,2025-12-29,818.88
428A,2026-01-05,824.83
428A,2026-01-12,853.62
428A,2026-01-19,885.38
428A,2026-01-26,863.54
428A,2026-02-02,830.79
428A,2026-02-09,831.78
428A,2026-02-16,832.77
428A,2026-02-23,806.96
428A,2026-03-02,803.99
428A,2026-03-09,804.98
428A,2026-03-16,803.99
428A,2026-03-23,831.78
428A,2026-03-30,876.44
428A,2026-04-06,874.46
428A,2026-04-13,901.26
428A,2026-04-20,899.27
428A,2026-04-27,937.98
428A,2026-05-04,991.58
428A,2026-05-11,1024.34
428A,2026-05-18,1040.22
428A,2026-05-25,1268.51
428A,2026-06-01,1180.17
428A,2026-06-08,1213.92
428A,2026-06-15,1177.2
428A,2026-06-22,1216.9
428A,2026-06-29,1260.57
428A,2026-07-06,1221.86
428A,2026-07-13,1375.71
428A,2026-07-20,1317.15
428A,2026-07-27,1349.9
428A,2026-08-03,1373.73
428A,2026-08-10,1390.6
428A,2026-08-17,1425.34
428A,2026-08-24,1371.0
428A,2026-08-31,1587.0
428A,2026-09-07,1546.0
428A,2026-09-14,1750.0
4417,2025-09-22,3109.58
4417,2025-09-29,3081.16
4417,2025-10-06,3403.67
4417,2025-10-13,3502.9
4417,2025-10-20,4098.29
4417,2025-10-27,3676.56
4417,2025-11-03,3468.17
4417,2025-11-10,3512.82
4417,2025-11-17,3329.24
4417,2025-11-24,3438.4
4417,2025-12-01,3249.86
4417,2025-12-08,3046.43
4417,2025-12-15,2871.78
4417,2025-12-22,3215.13
4417,2025-12-29,3175.43
4417,2026-01-05,3438.4
4417,2026-01-12,3532.67
4417,2026-01-19,3130.78
4417,2026-01-26,2932.32
4417,2026-02-02,2688.2
4417,2026-02-09,2657.44
4417,2026-02-16,2738.81
4417,2026-02-23,2655.46
4417,2026-03-02,2490.73
4417,2026-03-09,2390.51
4417,2026-03-16,2440.12
4417,2026-03-23,2357.76
4417,2026-03-30,2510.0
4417,2026-04-06,2482.0
4417,2026-04-13,2514.0
4417,2026-04-20,2479.0
4417,2026-04-27,2682.0
4417,2026-05-04,2909.0
4417,2026-05-11,2809.0
4417,2026-05-18,3260.0
4417,2026-05-25,3435.0
4417,2026-06-01,3060.0
4417,2026-06-08,2968.0
4417,2026-06-15,3255.0
4417,2026-06-22,3310.0
4417,2026-06-29,4210.0
4417,2026-07-06,3980.0
4417,2026-07-13,4360.0
4417,2026-07-20,4230.0
4417,2026-07-27,4580.0
4417,2026-08-03,4965.0
4417,2026-08-10,4760.0
4417,2026-08-17,4500.0
4417,2026-08-24,4950.0
4417,2026-08-31,4340.0
4417,2026-09-07,4340.0
4417,2026-09-14,5590.0
4565,2025-09-22,986.0
4565,2025-09-29,976.0
4565,2025-10-06,985.0
4565,2025-10-13,969.0
4565,2025-10-20,965.0
4565,2025-10-27,896.0
4565,2025-11-03,781.0
4565,2025-11-10,862.0
4565,2025-11-17,862.0
4565,2025-11-24,887.0
4565,2025-12-01,838.0
4565,2025-12-08,864.0
4565,2025-12-15,754.0
4565,2025-12-22,837.0
4565,2025-12-29,827.0
4565,2026-01-05,870.0
4565,2026-01-12,809.0
4565,2026-01-19,842.0
4565,2026-01-26,812.0
4565,2026-02-02,827.0
4565,2026-02-09,868.0
4565,2026-02-16,897.0
4565,2026-02-23,966.0
4565,2026-03-02,905.0
4565,2026-03-09,928.0
4565,2026-03-16,879.0
4565,2026-03-23,905.0
4565,2026-03-30,1005.0
4565,2026-04-06,1021.0
4565,2026-04-13,1013.0
4565,2026-04-20,968.0
4565,2026-04-27,952.0
4565,2026-05-04,1167.0
4565,2026-05-11,1172.0
4565,2026-05-18,1125.0
4565,2026-05-25,1067.0
4565,2026-06-01,996.0
4565,2026-06-08,983.0
4565,2026-06-15,959.0
4565,2026-06-22,954.0
4565,2026-06-29,970.0
4565,2026-07-06,919.0
4565,2026-07-13,909.0
4565,2026-07-20,903.0
4565,2026-07-27,876.0
4565,2026-08-03,865.0
4565,2026-08-10,1105.0
4565,2026-08-17,1103.0
4565,2026-08-24,1122.0
4565,2026-08-31,1140.0
4565,2026-09-07,1204.0
4565,2026-09-14,1266.0
4665,2025-09-22,3873.19
4665,2025-09-29,3721.61
4665,2025-10-06,3687.16
4665,2025-10-13,3665.5
4665,2025-10-20,3682.24
4665,2025-10-27,3658.61
4665,2025-11-03,3729.48
4665,2025-11-10,3892.87
4665,2025-11-17,3954.89
4665,2025-11-24,3969.65
4665,2025-12-01,4049.38
4665,2025-12-08,4200.96
4665,2025-12-15,4301.36
4665,2025-12-22,4236.39
4665,2025-12-29,4188.16
4665,2026-01-05,4231.47
4665,2026-01-12,4293.48
4665,2026-01-19,4350.57
4665,2026-01-26,4179.3
4665,2026-02-02,4258.05
4665,2026-02-09,4239.35
4665,2026-02-16,4160.6
4665,2026-02-23,4255.09
4665,2026-03-02,4194.07
4665,2026-03-09,4152.73
4665,2026-03-16,4204.9
4665,2026-03-23,4261.0
4665,2026-03-30,4210.0
4665,2026-04-06,4163.0
4665,2026-04-13,4136.0
4665,2026-04-20,3940.0
4665,2026-04-27,3915.0
4665,2026-05-04,3933.0
4665,2026-05-11,3975.0
4665,2026-05-18,4156.0
4665,2026-05-25,4015.0
4665,2026-06-01,4100.0
4665,2026-06-08,4285.0
4665,2026-06-15,4168.0
4665,2026-06-22,4296.0
4665,2026-06-29,4389.0
4665,2026-07-06,4469.0
4665,2026-07-13,4538.0
4665,2026-07-20,4466.0
4665,2026-07-27,4447.0
4665,2026-08-03,4386.0
4665,2026-08-10,4584.0
4665,2026-08-17,4691.0
4665,2026-08-24,4682.0
4665,2026-08-31,4665.0
4665,2026-09-07,4580.0
4665,2026-09-14,4747.0
4762,2025-09-22,1378.7
4762,2025-09-29,1379.2
4762,2025-10-06,1383.13
4762,2025-10-13,1391.0
4762,2025-10-20,1390.02
4762,2025-10-27,1404.77
4762,2025-11-03,1374.28
4762,2025-11-10,1396.9
4762,2025-11-17,1380.18
4762,2025-11-24,1386.08
4762,2025-12-01,1357.55
4762,2025-12-08,1400.84
4762,2025-12-15,1391.98
4762,2025-12-22,1397.89
4762,2025-12-29,1498.23
4762,2026-01-05,1479.54
4762,2026-01-12,1480.52
4762,2026-01-19,1496.26
4762,2026-01-26,1513.97
4762,2026-02-02,1513.97
4762,2026-02-09,1512.0
4762,2026-02-16,1501.18
4762,2026-02-23,1523.8
4762,2026-03-02,1488.39
4762,2026-03-09,1510.03
4762,2026-03-16,1510.03
4762,2026-03-23,1512.0
4762,2026-03-30,1517.0
4762,2026-04-06,1517.0
4762,2026-04-13,1512.0
4762,2026-04-20,1480.0
4762,2026-04-27,1548.0
4762,2026-05-04,1551.0
4762,2026-05-11,1512.0
4762,2026-05-18,1542.0
4762,2026-05-25,1548.0
4762,2026-06-01,1569.0
4762,2026-06-08,1604.0
4762,2026-06-15,1583.0
4762,2026-06-22,1663.0
4762,2026-06-29,1767.0
4762,2026-07-06,1771.0
4762,2026-07-13,1650.0
4762,2026-07-20,1894.0
4762,2026-07-27,2035.0
4762,2026-08-03,1895.0
4762,2026-08-10,2002.0
4762,2026-08-17,2047.0
4762,2026-08-24,2130.0
4762,2026-08-31,2157.0
4762,2026-09-07,2075.0
4762,2026-09-14,2385.0
479A,2025-12-22,1759.0
479A,2025-12-29,1777.0
479A,2026-01-05,1994.0
479A,2026-01-12,1838.0
479A,2026-01-19,1879.0
479A,2026-01-26,1768.0
479A,2026-02-02,1575.0
479A,2026-02-09,1514.0
479A,2026-02-16,1546.0
479A,2026-02-23,1508.0
479A,2026-03-02,1470.0
479A,2026-03-09,1484.0
479A,2026-03-16,1451.0
479A,2026-03-23,1340.0
479A,2026-03-30,1317.0
479A,2026-04-06,1326.0
479A,2026-04-13,1435.0
479A,2026-04-20,1520.0
479A,2026-04-27,1548.0
479A,2026-05-04,1577.0
479A,2026-05-11,1511.0
479A,2026-05-18,1512.0
479A,2026-05-25,1398.0
479A,2026-06-01,1354.0
479A,2026-06-08,1220.0
479A,2026-06-15,1274.0
479A,2026-06-22,1249.0
479A,2026-06-29,1457.0
479A,2026-07-06,1413.0
479A,2026-07-13,1364.0
479A,2026-07-20,1313.0
479A,2026-07-27,1331.0
479A,2026-08-03,1356.0
479A,2026-08-10,1734.0
479A,2026-08-17,1888.0
479A,2026-08-24,2009.0
479A,2026-08-31,1987.0
479A,2026-09-07,1910.0
479A,2026-09-14,2139.0
4847,2025-09-22,1057.61
4847,2025-09-29,986.47
4847,2025-10-06,999.93
4847,2025-10-13,980.7
4847,2025-10-20,1016.27
4847,2025-10-27,996.08
4847,2025-11-03,931.66
4847,2025-11-10,933.59
4847,2025-11-17,907.63
4847,2025-11-24,936.47
4847,2025-12-01,916.28
4847,2025-12-08,917.24
4847,2025-12-15,909.55
4847,2025-12-22,925.89
4847,2025-12-29,936.66
4847,2026-01-05,963.09
4847,2026-01-12,978.75
4847,2026-01-19,962.11
4847,2026-01-26,930.79
4847,2026-02-02,944.49
4847,2026-02-09,938.62
4847,2026-02-16,950.36
4847,2026-02-23,988.53
4847,2026-03-02,1001.26
4847,2026-03-09,977.77
4847,2026-03-16,959.17
4847,2026-03-23,947.43
4847,2026-03-30,953.3
4847,2026-04-06,950.36
4847,2026-04-13,967.98
4847,2026-04-20,960.15
4847,2026-04-27,949.38
4847,2026-05-04,973.85
4847,2026-05-11,902.4
4847,2026-05-18,919.04
4847,2026-05-25,918.06
4847,2026-06-01,926.87
4847,2026-06-08,920.02
4847,2026-06-15,911.21
4847,2026-06-22,921.0
4847,2026-06-29,967.0
4847,2026-07-06,954.0
4847,2026-07-13,952.0
4847,2026-07-20,1003.0
4847,2026-07-27,1000.0
4847,2026-08-03,1236.0
4847,2026-08-10,1281.0
4847,2026-08-17,1319.0
4847,2026-08-24,1398.0
4847,2026-08-31,1355.0
4847,2026-09-07,1378.0
4847,2026-09-14,1472.0
4848,2025-09-22,1713.68
4848,2025-09-29,1671.42
4848,2025-10-06,1656.05
4848,2025-10-13,1628.19
4848,2025-10-20,1675.26
4848,2025-10-27,1625.31
4848,2025-11-03,1628.19
4848,2025-11-10,1636.84
4848,2025-11-17,1626.27
4848,2025-11-24,1645.48
4848,2025-12-01,1591.69
4848,2025-12-08,1599.37
4848,2025-12-15,1615.7
4848,2025-12-22,1638.76
4848,2025-12-29,1632.88
4848,2026-01-05,1669.11
4848,2026-01-12,1656.38
4848,2026-01-19,1723.93
4848,2026-01-26,1647.57
4848,2026-02-02,1674.98
4848,2026-02-09,1671.06
4848,2026-02-16,1600.58
4848,2026-02-23,1651.48
4848,2026-03-02,1635.82
4848,2026-03-09,1610.37
4848,2026-03-16,1619.18
4848,2026-03-23,1634.84
4848,2026-03-30,1668.13
4848,2026-04-06,1672.04
4848,2026-04-13,1659.32
4848,2026-04-20,1586.87
4848,2026-04-27,1573.17
4848,2026-05-04,1571.21
4848,2026-05-11,1498.77
4848,2026-05-18,1485.06
4848,2026-05-25,1507.58
4848,2026-06-01,1511.49
4848,2026-06-08,1506.6
4848,2026-06-15,1493.87
4848,2026-06-22,1488.0
4848,2026-06-29,1540.0
4848,2026-07-06,1602.0
4848,2026-07-13,1643.0
4848,2026-07-20,1648.0
4848,2026-07-27,1728.0
4848,2026-08-03,1680.0
4848,2026-08-10,1856.0
4848,2026-08-17,1884.0
4848,2026-08-24,1876.0
4848,2026-08-31,1845.0
4848,2026-09-07,1803.0
4848,2026-09-14,1930.0
4875,2025-09-22,189.0
4875,2025-09-29,179.0
4875,2025-10-06,185.0
4875,2025-10-13,185.0
4875,2025-10-20,182.0
4875,2025-10-27,227.0
4875,2025-11-03,232.0
4875,2025-11-10,242.0
4875,2025-11-17,219.0
4875,2025-11-24,227.0
4875,2025-12-01,235.0
4875,2025-12-08,237.0
4875,2025-12-15,228.0
4875,2025-12-22,209.0
4875,2025-12-29,216.0
4875,2026-01-05,233.0
4875,2026-01-12,259.0
4875,2026-01-19,295.0
4875,2026-01-26,279.0
4875,2026-02-02,255.0
4875,2026-02-09,262.0
4875,2026-02-16,249.0
4875,2026-02-23,251.0
4875,2026-03-02,235.0
4875,2026-03-09,219.0
4875,2026-03-16,227.0
4875,2026-03-23,230.0
4875,2026-03-30,224.0
4875,2026-04-06,230.0
4875,2026-04-13,228.0
4875,2026-04-20,216.0
4875,2026-04-27,226.0
4875,2026-05-04,222.0
4875,2026-05-11,216.0
4875,2026-05-18,225.0
4875,2026-05-25,217.0
4875,2026-06-01,212.0
4875,2026-06-08,199.0
4875,2026-06-15,213.0
4875,2026-06-22,203.0
4875,2026-06-29,226.0
4875,2026-07-06,224.0
4875,2026-07-13,221.0
4875,2026-07-20,216.0
4875,2026-07-27,216.0
4875,2026-08-03,210.0
4875,2026-08-10,208.0
4875,2026-08-17,216.0
4875,2026-08-24,227.0
4875,2026-08-31,239.0
4875,2026-09-07,270.0
4875,2026-09-14,385.0
4933,2025-09-22,1463.48
4933,2025-09-29,1353.32
4933,2025-10-06,1309.07
4933,2025-10-13,1275.63
4933,2025-10-20,1303.17
4933,2025-10-27,1237.27
4933,2025-11-03,1234.32
4933,2025-11-10,1467.41
4933,2025-11-17,1405.45
4933,2025-11-24,1400.53
4933,2025-12-01,1313.0
4933,2025-12-08,1355.29
4933,2025-12-15,1424.14
4933,2025-12-22,1356.28
4933,2025-12-29,1320.48
4933,2026-01-05,1344.34
4933,2026-01-12,1365.22
4933,2026-01-19,1355.28
4933,2026-01-26,1328.43
4933,2026-02-02,1341.36
4933,2026-02-09,1229.99
4933,2026-02-16,1094.76
4933,2026-02-23,1119.62
4933,2026-03-02,1070.9
4933,2026-03-09,1042.06
4933,2026-03-16,1070.9
4933,2026-03-23,1137.52
4933,2026-03-30,1148.46
4933,2026-04-06,1133.54
4933,2026-04-13,1161.39
4933,2026-04-20,1042.06
4933,2026-04-27,1091.78
4933,2026-05-04,1086.81
4933,2026-05-11,1139.51
4933,2026-05-18,1243.92
4933,2026-05-25,1289.65
4933,2026-06-01,1285.68
4933,2026-06-08,1316.5
4933,2026-06-15,1297.61
4933,2026-06-22,1229.0
4933,2026-06-29,1202.0
4933,2026-07-06,1210.0
4933,2026-07-13,1212.0
4933,2026-07-20,1222.0
4933,2026-07-27,1256.0
4933,2026-08-03,1269.0
4933,2026-08-10,1447.0
4933,2026-08-17,1441.0
4933,2026-08-24,1477.0
4933,2026-08-31,1463.0
4933,2026-09-07,1418.0
4933,2026-09-14,2264.0
4958,2025-09-22,2959.99
4958,2025-09-29,2748.77
4958,2025-10-06,2721.27
4958,2025-10-13,2679.02
4958,2025-10-20,2707.51
4958,2025-10-27,2654.46
4958,2025-11-03,2651.52
4958,2025-11-10,2707.51
4958,2025-11-17,2723.23
4958,2025-11-24,2784.14
4958,2025-12-01,2670.18
4958,2025-12-08,2710.46
4958,2025-12-15,2788.07
4958,2025-12-22,2798.88
4958,2025-12-29,2768.42
4958,2026-01-05,2828.35
4958,2026-01-12,2832.28
4958,2026-01-19,2858.8
4958,2026-01-26,2791.02
4958,2026-02-02,2812.63
4958,2026-02-09,2828.35
4958,2026-02-16,2799.86
4958,2026-02-23,2867.65
4958,2026-03-02,2802.81
4958,2026-03-09,2794.95
4958,2026-03-16,2787.09
4958,2026-03-23,2792.0
4958,2026-03-30,2855.0
4958,2026-04-06,2923.0
4958,2026-04-13,2861.0
4958,2026-04-20,2865.0
4958,2026-04-27,2882.0
4958,2026-05-04,2933.0
4958,2026-05-11,3070.0
4958,2026-05-18,3125.0
4958,2026-05-25,3075.0
4958,2026-06-01,3060.0
4958,2026-06-08,3205.0
4958,2026-06-15,3255.0
4958,2026-06-22,3215.0
4958,2026-06-29,3250.0
4958,2026-07-06,3225.0
4958,2026-07-13,3300.0
4958,2026-07-20,3225.0
4958,2026-07-27,3250.0
4958,2026-08-03,3310.0
4958,2026-08-10,3350.0
4958,2026-08-17,3385.0
4958,2026-08-24,3320.0
4958,2026-08-31,3290.0
4958,2026-09-07,3245.0
4958,2026-09-14,3495.0
5121,2025-09-22,1900.14
5121,2025-09-29,1886.38
5121,2025-10-06,1892.28
5121,2025-10-13,1892.28
5121,2025-10-20,1991.51
5121,2025-10-27,1901.12
5121,2025-11-03,1889.33
5121,2025-11-10,1820.56
5121,2025-11-17,1743.92
5121,2025-11-24,1856.91
5121,2025-12-01,1921.75
5121,2025-12-08,1896.21
5121,2025-12-15,1868.7
5121,2025-12-22,1991.51
5121,2025-12-29,2020.0
5121,2026-01-05,2022.95
5121,2026-01-12,2176.22
5121,2026-01-19,2190.96
5121,2026-01-26,2227.31
5121,2026-02-02,2362.89
5121,2026-02-09,2490.62
5121,2026-02-16,2559.39
5121,2026-02-23,2670.41
5121,2026-03-02,2701.85
5121,2026-03-09,2492.58
5121,2026-03-16,2456.23
5121,2026-03-23,2413.0
5121,2026-03-30,2579.0
5121,2026-04-06,2611.0
5121,2026-04-13,2500.0
5121,2026-04-20,2494.0
5121,2026-04-27,2519.0
5121,2026-05-04,2590.0
5121,2026-05-11,2545.0
5121,2026-05-18,2416.0
5121,2026-05-25,2474.0
5121,2026-06-01,2543.0
5121,2026-06-08,2550.0
5121,2026-06-15,2668.0
5121,2026-06-22,2595.0
5121,2026-06-29,2585.0
5121,2026-07-06,2584.0
5121,2026-07-13,2466.0
5121,2026-07-20,2484.0
5121,2026-07-27,2504.0
5121,2026-08-03,2789.0
5121,2026-08-10,2764.0
5121,2026-08-17,2745.0
5121,2026-08-24,2693.0
5121,2026-08-31,2668.0
5121,2026-09-07,2660.0
5121,2026-09-14,2835.0
5301,2025-09-22,1023.56
5301,2025-09-29,1003.6
5301,2025-10-06,1081.48
5301,2025-10-13,1036.7
5301,2025-10-20,1084.4
5301,2025-10-27,1006.04
5301,2025-11-03,962.62
5301,2025-11-10,1007.01
5301,2025-11-17,963.89
5301,2025-11-24,1000.68
5301,2025-12-01,972.74
5301,2025-12-08,958.14
5301,2025-12-15,936.73
5301,2025-12-22,961.74
5301,2025-12-29,957.99
5301,2026-01-05,996.34
5301,2026-01-12,1057.13
5301,2026-01-19,1041.31
5301,2026-01-26,1054.66
5301,2026-02-02,1093.7
5301,2026-02-09,1011.66
5301,2026-02-16,1029.95
5301,2026-02-23,1100.62
5301,2026-03-02,1002.27
5301,2026-03-09,948.6
5301,2026-03-16,908.07
5301,2026-03-23,952.06
5301,2026-03-30,985.37
5301,2026-04-06,989.42
5301,2026-04-13,1024.02
5301,2026-04-20,1041.31
5301,2026-04-27,1132.25
5301,2026-05-04,1176.23
5301,2026-05-11,1512.3
5301,2026-05-18,1608.18
5301,2026-05-25,1759.41
5301,2026-06-01,1877.53
5301,2026-06-08,1795.98
5301,2026-06-15,1730.75
5301,2026-06-22,1709.0
5301,2026-06-29,1758.5
5301,2026-07-06,1671.5
5301,2026-07-13,1615.5
5301,2026-07-20,1632.0
5301,2026-07-27,1537.5
5301,2026-08-03,1734.0
5301,2026-08-10,1797.0
5301,2026-08-17,1685.0
5301,2026-08-24,1681.5
5301,2026-08-31,1819.5
5301,2026-09-07,1987.5
5301,2026-09-14,2080.0
5388,2025-09-22,1177.67
5388,2025-09-29,1135.51
5388,2025-10-06,1150.21
5388,2025-10-13,1134.53
5388,2025-10-20,1136.49
5388,2025-10-27,1114.91
5388,2025-11-03,1093.34
5388,2025-11-10,1118.84
5388,2025-11-17,1114.91
5388,2025-11-24,1119.82
5388,2025-12-01,1116.87
5388,2025-12-08,1157.08
5388,2025-12-15,1144.33
5388,2025-12-22,1153.16
5388,2025-12-29,1164.92
5388,2026-01-05,1260.04
5388,2026-01-12,1321.82
5388,2026-01-19,1304.16
5388,2026-01-26,1280.63
5388,2026-02-02,1290.44
5388,2026-02-09,1325.74
5388,2026-02-16,1313.97
5388,2026-02-23,1304.16
5388,2026-03-02,1274.75
5388,2026-03-09,1278.67
5388,2026-03-16,1261.02
5388,2026-03-23,1262.0
5388,2026-03-30,1266.0
5388,2026-04-06,1281.0
5388,2026-04-13,1277.0
5388,2026-04-20,1246.0
5388,2026-04-27,1226.0
5388,2026-05-04,1246.0
5388,2026-05-11,1233.0
5388,2026-05-18,1246.0
5388,2026-05-25,1235.0
5388,2026-06-01,1215.0
5388,2026-06-08,1212.0
5388,2026-06-15,1248.0
5388,2026-06-22,1251.0
5388,2026-06-29,1298.0
5388,2026-07-06,1277.0
5388,2026-07-13,1245.0
5388,2026-07-20,1246.0
5388,2026-07-27,1244.0
5388,2026-08-03,1250.0
5388,2026-08-10,1272.0
5388,2026-08-17,1329.0
5388,2026-08-24,1370.0
5388,2026-08-31,1316.0
5388,2026-09-07,1312.0
5388,2026-09-14,1400.0
5542,2025-09-22,774.95
5542,2025-09-29,773.99
5542,2025-10-06,771.08
5542,2025-10-13,743.99
5542,2025-10-20,779.79
5542,2025-10-27,773.02
5542,2025-11-03,716.9
5542,2025-11-10,721.74
5542,2025-11-17,711.1
5542,2025-11-24,713.03
5542,2025-12-01,715.94
5542,2025-12-08,702.39
5542,2025-12-15,703.36
5542,2025-12-22,703.36
5542,2025-12-29,715.21
5542,2026-01-05,725.09
5542,2026-01-12,768.56
5542,2026-01-19,759.67
5542,2026-01-26,758.68
5542,2026-02-02,743.86
5542,2026-02-09,768.56
5542,2026-02-16,805.11
5542,2026-02-23,850.55
5542,2026-03-02,789.3
5542,2026-03-09,795.23
5542,2026-03-16,807.08
5542,2026-03-23,789.3
5542,2026-03-30,793.25
5542,2026-04-06,812.02
5542,2026-04-13,812.02
5542,2026-04-20,816.96
5542,2026-04-27,842.65
5542,2026-05-04,843.64
5542,2026-05-11,794.24
5542,2026-05-18,806.1
5542,2026-05-25,839.68
5542,2026-06-01,814.99
5542,2026-06-08,801.16
5542,2026-06-15,816.96
5542,2026-06-22,814.0
5542,2026-06-29,809.0
5542,2026-07-06,806.0
5542,2026-07-13,800.0
5542,2026-07-20,797.0
5542,2026-07-27,785.0
5542,2026-08-03,844.0
5542,2026-08-10,960.0
5542,2026-08-17,950.0
5542,2026-08-24,943.0
5542,2026-08-31,947.0
5542,2026-09-07,896.0
5542,2026-09-14,1149.0
5832,2025-09-22,2169.91
5832,2025-09-29,2116.4
5832,2025-10-06,2061.9
5832,2025-10-13,2026.07
5832,2025-10-20,2079.58
5832,2025-10-27,2111.0
5832,2025-11-03,2132.11
5832,2025-11-10,2181.2
5832,2025-11-17,2188.07
5832,2025-11-24,2290.68
5832,2025-12-01,2264.17
5832,2025-12-08,2321.6
5832,2025-12-15,2417.83
5832,2025-12-22,2403.1
5832,2025-12-29,2425.68
5832,2026-01-05,2572.96
5832,2026-01-12,2713.86
5832,2026-01-19,2753.62
5832,2026-01-26,2737.91
5832,2026-02-02,3154.71
5832,2026-02-09,3365.81
5832,2026-02-16,3287.26
5832,2026-02-23,3153.73
5832,2026-03-02,2901.88
5832,2026-03-09,2781.61
5832,2026-03-16,2777.19
5832,2026-03-23,2868.5
5832,2026-03-30,2984.5
5832,2026-04-06,3086.0
5832,2026-04-13,3009.0
5832,2026-04-20,2794.5
5832,2026-04-27,2845.5
5832,2026-05-04,2870.5
5832,2026-05-11,3033.0
5832,2026-05-18,3103.0
5832,2026-05-25,2987.5
5832,2026-06-01,2979.0
5832,2026-06-08,3099.0
5832,2026-06-15,3037.0
5832,2026-06-22,3090.0
5832,2026-06-29,3225.0
5832,2026-07-06,3235.0
5832,2026-07-13,3122.0
5832,2026-07-20,3410.0
5832,2026-07-27,3323.0
5832,2026-08-03,3385.0
5832,2026-08-10,3518.0
5832,2026-08-17,3411.0
5832,2026-08-24,3550.0
5832,2026-08-31,3534.0
5832,2026-09-07,3508.0
5832,2026-09-14,3631.0
6080,2025-09-22,3127.9
6080,2025-09-29,3155.0
6080,2025-10-06,3120.0
6080,2025-10-13,3210.0
6080,2025-10-20,3270.0
6080,2025-10-27,2955.0
6080,2025-11-03,3090.0
6080,2025-11-10,3170.0
6080,2025-11-17,3300.0
6080,2025-11-24,3360.0
6080,2025-12-01,3260.0
6080,2025-12-08,3290.0
6080,2025-12-15,3400.0
6080,2025-12-22,3405.0
6080,2025-12-29,3370.0
6080,2026-01-05,3490.0
6080,2026-01-12,3500.0
6080,2026-01-19,3425.0
6080,2026-01-26,3145.0
6080,2026-02-02,3415.0
6080,2026-02-09,3380.0
6080,2026-02-16,3495.0
6080,2026-02-23,3740.0
6080,2026-03-02,3495.0
6080,2026-03-09,3400.0
6080,2026-03-16,3155.0
6080,2026-03-23,3100.0
6080,2026-03-30,3080.0
6080,2026-04-06,3235.0
6080,2026-04-13,3350.0
6080,2026-04-20,3170.0
6080,2026-04-27,3275.0
6080,2026-05-04,3400.0
6080,2026-05-11,3370.0
6080,2026-05-18,3600.0
6080,2026-05-25,3440.0
6080,2026-06-01,3480.0
6080,2026-06-08,3465.0
6080,2026-06-15,3580.0
6080,2026-06-22,3390.0
6080,2026-06-29,3575.0
6080,2026-07-06,3610.0
6080,2026-07-13,3660.0
6080,2026-07-20,3735.0
6080,2026-07-27,3885.0
6080,2026-08-03,4020.0
6080,2026-08-10,4085.0
6080,2026-08-17,4130.0
6080,2026-08-24,4250.0
6080,2026-08-31,4185.0
6080,2026-09-07,4010.0
6080,2026-09-14,4325.0
6238,2025-09-22,1075.53
6238,2025-09-29,1084.25
6238,2025-10-06,1081.34
6238,2025-10-13,1062.93
6238,2025-10-20,1059.06
6238,2025-10-27,1012.55
6238,2025-11-03,1000.92
6238,2025-11-10,1052.27
6238,2025-11-17,1050.34
6238,2025-11-24,1035.8
6238,2025-12-01,1005.76
6238,2025-12-08,1017.39
6238,2025-12-15,1026.11
6238,2025-12-22,1036.77
6238,2025-12-29,1034.83
6238,2026-01-05,1041.61
6238,2026-01-12,1030.96
6238,2026-01-19,1035.8
6238,2026-01-26,997.04
6238,2026-02-02,1008.67
6238,2026-02-09,997.04
6238,2026-02-16,1143.35
6238,2026-02-23,1218.93
6238,2026-03-02,1196.65
6238,2026-03-09,1253.81
6238,2026-03-16,1194.71
6238,2026-03-23,1248.0
6238,2026-03-30,1331.0
6238,2026-04-06,1326.0
6238,2026-04-13,1344.0
6238,2026-04-20,1281.0
6238,2026-04-27,1274.0
6238,2026-05-04,1300.0
6238,2026-05-11,1178.0
6238,2026-05-18,1249.0
6238,2026-05-25,1332.0
6238,2026-06-01,1319.0
6238,2026-06-08,1357.0
6238,2026-06-15,1325.0
6238,2026-06-22,1357.0
6238,2026-06-29,1369.0
6238,2026-07-06,1395.0
6238,2026-07-13,1340.0
6238,2026-07-20,1357.0
6238,2026-07-27,1387.0
6238,2026-08-03,1403.0
6238,2026-08-10,1348.0
6238,2026-08-17,1392.0
6238,2026-08-24,1400.0
6238,2026-08-31,1430.0
6238,2026-09-07,1434.0
6238,2026-09-14,1471.0
625A,2026-09-17,1523.0
6317,2025-09-22,1597.14
6317,2025-09-29,1537.67
6317,2025-10-06,1491.63
6317,2025-10-13,1555.9
6317,2025-10-20,1599.06
6317,2025-10-27,1550.14
6317,2025-11-03,1585.63
6317,2025-11-10,1647.98
6317,2025-11-17,1707.46
6317,2025-11-24,1691.15
6317,2025-12-01,1688.27
6317,2025-12-08,1676.76
6317,2025-12-15,1657.58
6317,2025-12-22,1662.37
6317,2025-12-29,1663.33
6317,2026-01-05,1709.38
6317,2026-01-12,1794.75
6317,2026-01-19,1773.65
6317,2026-01-26,1694.99
6317,2026-02-02,1727.6
6317,2026-02-09,1804.34
6317,2026-02-16,1718.01
6317,2026-02-23,1830.24
6317,2026-03-02,1717.05
6317,2026-03-09,1634.55
6317,2026-03-16,1624.96
6317,2026-03-23,1577.0
6317,2026-03-30,1605.0
6317,2026-04-06,1666.0
6317,2026-04-13,1642.0
6317,2026-04-20,1538.0
6317,2026-04-27,1569.0
6317,2026-05-04,1619.0
6317,2026-05-11,1646.0
6317,2026-05-18,1703.0
6317,2026-05-25,1690.0
6317,2026-06-01,1679.0
6317,2026-06-08,1581.0
6317,2026-06-15,1704.0
6317,2026-06-22,1711.0
6317,2026-06-29,1678.0
6317,2026-07-06,1735.0
6317,2026-07-13,1642.0
6317,2026-07-20,1688.0
6317,2026-07-27,1646.0
6317,2026-08-03,1729.0
6317,2026-08-10,1875.0
6317,2026-08-17,1881.0
6317,2026-08-24,1824.0
6317,2026-08-31,1812.0
6317,2026-09-07,1707.0
6317,2026-09-14,2509.0
6333,2025-09-22,3188.67
6333,2025-09-29,3086.44
6333,2025-10-06,3003.68
6333,2025-10-13,3003.68
6333,2025-10-20,3062.1
6333,2025-10-27,3008.55
6333,2025-11-03,2940.39
6333,2025-11-10,2950.13
6333,2025-11-17,2908.26
6333,2025-11-24,3018.28
6333,2025-12-01,2930.66
6333,2025-12-08,2935.52
6333,2025-12-15,3008.55
6333,2025-12-22,3008.55
6333,2025-12-29,2989.07
6333,2026-01-05,3018.28
6333,2026-01-12,3213.01
6333,2026-01-19,3047.49
6333,2026-01-26,2964.73
6333,2026-02-02,3028.02
6333,2026-02-09,2969.6
6333,2026-02-16,3076.7
6333,2026-02-23,3334.72
6333,2026-03-02,3139.99
6333,2026-03-09,2909.24
6333,2026-03-16,2940.39
6333,2026-03-23,2881.0
6333,2026-03-30,2857.0
6333,2026-04-06,2996.0
6333,2026-04-13,2899.0
6333,2026-04-20,2787.0
6333,2026-04-27,2773.0
6333,2026-05-04,2861.0
6333,2026-05-11,2791.0
6333,2026-05-18,2829.0
6333,2026-05-25,2935.0
6333,2026-06-01,2961.0
6333,2026-06-08,2980.0
6333,2026-06-15,3110.0
6333,2026-06-22,3185.0
6333,2026-06-29,3105.0
6333,2026-07-06,3190.0
6333,2026-07-13,3120.0
6333,2026-07-20,3235.0
6333,2026-07-27,3355.0
6333,2026-08-03,3270.0
6333,2026-08-10,3210.0
6333,2026-08-17,3375.0
6333,2026-08-24,3395.0
6333,2026-08-31,3400.0
6333,2026-09-07,3430.0
6333,2026-09-14,3560.0
6599,2025-09-22,2331.51
6599,2025-09-29,2323.63
6599,2025-10-06,2356.16
6599,2025-10-13,2335.46
6599,2025-10-20,3376.5
6599,2025-10-27,2887.53
6599,2025-11-03,2674.59
6599,2025-11-10,2689.37
6599,2025-11-17,2594.73
6599,2025-11-24,2643.04
6599,2025-12-01,2552.34
6599,2025-12-08,2603.61
6599,2025-12-15,2584.87
6599,2025-12-22,2498.12
6599,2025-12-29,2687.4
6599,2026-01-05,2848.09
6599,2026-01-12,2911.19
6599,2026-01-19,2884.57
6599,2026-01-26,2770.21
6599,2026-02-02,2864.85
6599,2026-02-09,2671.63
6599,2026-02-16,2972.31
6599,2026-02-23,3105.4
6599,2026-03-02,3001.88
6599,2026-03-09,2847.11
6599,2026-03-16,2934.85
6599,2026-03-23,3342.0
6599,2026-03-30,3615.0
6599,2026-04-06,3755.0
6599,2026-04-13,3755.0
6599,2026-04-20,3520.0
6599,2026-04-27,3405.0
6599,2026-05-04,3520.0
6599,2026-05-11,3270.0
6599,2026-05-18,3395.0
6599,2026-05-25,3515.0
6599,2026-06-01,3315.0
6599,2026-06-08,2973.0
6599,2026-06-15,3230.0
6599,2026-06-22,3215.0
6599,2026-06-29,3075.0
6599,2026-07-06,3040.0
6599,2026-07-13,2906.0
6599,2026-07-20,2940.0
6599,2026-07-27,2986.0
6599,2026-08-03,3140.0
6599,2026-08-10,3430.0
6599,2026-08-17,3185.0
6599,2026-08-24,3360.0
6599,2026-08-31,3765.0
6599,2026-09-07,3765.0
6599,2026-09-14,4045.0
6676,2025-09-22,1738.65
6676,2025-09-29,1748.52
6676,2025-10-06,1743.58
6676,2025-10-13,1731.24
6676,2025-10-20,1790.51
6676,2025-10-27,1713.95
6676,2025-11-03,1758.4
6676,2025-11-10,2422.74
6676,2025-11-17,2395.58
6676,2025-11-24,2489.42
6676,2025-12-01,2375.82
6676,2025-12-08,2338.77
6676,2025-12-15,2395.58
6676,2025-12-22,2422.74
6676,2025-12-29,2398.05
6676,2026-01-05,2479.54
6676,2026-01-12,2410.39
6676,2026-01-19,2331.36
6676,2026-01-26,2217.76
6676,2026-02-02,2291.85
6676,2026-02-09,2677.12
6676,2026-02-16,2479.54
6676,2026-02-23,2607.97
6676,2026-03-02,2430.15
6676,2026-03-09,2422.74
6676,2026-03-16,2437.56
6676,2026-03-23,2442.5
6676,2026-03-30,2421.0
6676,2026-04-06,2470.0
6676,2026-04-13,2536.0
6676,2026-04-20,2466.0
6676,2026-04-27,2417.0
6676,2026-05-04,2525.0
6676,2026-05-11,2541.0
6676,2026-05-18,2354.0
6676,2026-05-25,2324.0
6676,2026-06-01,2352.0
6676,2026-06-08,2541.0
6676,2026-06-15,2767.0
6676,2026-06-22,2422.0
6676,2026-06-29,2540.0
6676,2026-07-06,2643.0
6676,2026-07-13,2584.0
6676,2026-07-20,2712.0
6676,2026-07-27,2741.0
6676,2026-08-03,2894.0
6676,2026-08-10,2882.0
6676,2026-08-17,2942.0
6676,2026-08-24,3085.0
6676,2026-08-31,3070.0
6676,2026-09-07,3030.0
6676,2026-09-14,3450.0
6694,2025-09-22,611.25
6694,2025-09-29,612.2
6694,2025-10-06,613.15
6694,2025-10-13,604.58
6694,2025-10-20,600.77
6694,2025-10-27,596.01
6694,2025-11-03,594.11
6694,2025-11-10,598.87
6694,2025-11-17,590.3
6694,2025-11-24,600.77
6694,2025-12-01,607.44
6694,2025-12-08,603.63
6694,2025-12-15,625.53
6694,2025-12-22,636.0
6694,2025-12-29,627.0
6694,2026-01-05,630.0
6694,2026-01-12,637.0
6694,2026-01-19,645.0
6694,2026-01-26,653.0
6694,2026-02-02,658.0
6694,2026-02-09,651.0
6694,2026-02-16,646.0
6694,2026-02-23,650.0
6694,2026-03-02,637.0
6694,2026-03-09,634.0
6694,2026-03-16,652.0
6694,2026-03-23,644.0
6694,2026-03-30,640.0
6694,2026-04-06,647.0
6694,2026-04-13,645.0
6694,2026-04-20,649.0
6694,2026-04-27,636.0
6694,2026-05-04,637.0
6694,2026-05-11,647.0
6694,2026-05-18,652.0
6694,2026-05-25,640.0
6694,2026-06-01,642.0
6694,2026-06-08,641.0
6694,2026-06-15,636.0
6694,2026-06-22,634.0
6694,2026-06-29,633.0
6694,2026-07-06,638.0
6694,2026-07-13,640.0
6694,2026-07-20,637.0
6694,2026-07-27,639.0
6694,2026-08-03,645.0
6694,2026-08-10,759.0
6694,2026-08-17,725.0
6694,2026-08-24,711.0
6694,2026-08-31,750.0
6694,2026-09-07,833.0
6694,2026-09-14,836.0
6904,2025-09-22,465.61
6904,2025-09-29,454.78
6904,2025-10-06,455.77
6904,2025-10-13,455.77
6904,2025-10-20,463.64
6904,2025-10-27,459.7
6904,2025-11-03,468.56
6904,2025-11-10,460.69
6904,2025-11-17,457.73
6904,2025-11-24,455.77
6904,2025-12-01,454.78
6904,2025-12-08,449.86
6904,2025-12-15,448.88
6904,2025-12-22,451.83
6904,2025-12-29,454.78
6904,2026-01-05,469.55
6904,2026-01-12,480.38
6904,2026-01-19,484.31
6904,2026-01-26,479.39
6904,2026-02-02,477.42
6904,2026-02-09,471.52
6904,2026-02-16,486.28
6904,2026-02-23,491.2
6904,2026-03-02,474.47
6904,2026-03-09,478.41
6904,2026-03-16,487.27
6904,2026-03-23,472.5
6904,2026-03-30,467.0
6904,2026-04-06,464.0
6904,2026-04-13,461.0
6904,2026-04-20,464.0
6904,2026-04-27,463.0
6904,2026-05-04,463.0
6904,2026-05-11,454.0
6904,2026-05-18,452.0
6904,2026-05-25,449.0
6904,2026-06-01,441.0
6904,2026-06-08,445.0
6904,2026-06-15,443.0
6904,2026-06-22,442.0
6904,2026-06-29,446.0
6904,2026-07-06,449.0
6904,2026-07-13,449.0
6904,2026-07-20,448.0
6904,2026-07-27,450.0
6904,2026-08-03,449.0
6904,2026-08-10,540.0
6904,2026-08-17,572.0
6904,2026-08-24,560.0
6904,2026-08-31,631.0
6904,2026-09-07,612.0
6904,2026-09-14,675.0
6998,2025-09-22,1334.06
6998,2025-09-29,1347.89
6998,2025-10-06,1322.2
6998,2025-10-13,1381.49
6998,2025-10-20,1472.4
6998,2025-10-27,1474.38
6998,2025-11-03,1428.92
6998,2025-11-10,1335.05
6998,2025-11-17,1338.01
6998,2025-11-24,1359.75
6998,2025-12-01,1407.18
6998,2025-12-08,1393.35
6998,2025-12-15,1400.27
6998,2025-12-22,1467.46
6998,2025-12-29,1490.19
6998,2026-01-05,1595.93
6998,2026-01-12,1714.51
6998,2026-01-19,1925.98
6998,2026-01-26,2198.72
6998,2026-02-02,1887.44
6998,2026-02-09,1923.02
6998,2026-02-16,2034.68
6998,2026-02-23,2158.21
6998,2026-03-02,2253.08
6998,2026-03-09,2233.31
6998,2026-03-16,2267.9
6998,2026-03-23,2092.0
6998,2026-03-30,2074.0
6998,2026-04-06,2128.0
6998,2026-04-13,2074.0
6998,2026-04-20,1957.0
6998,2026-04-27,1931.0
6998,2026-05-04,2049.0
6998,2026-05-11,1998.0
6998,2026-05-18,1892.0
6998,2026-05-25,2150.0
6998,2026-06-01,2199.0
6998,2026-06-08,1898.0
6998,2026-06-15,2353.0
6998,2026-06-22,2045.0
6998,2026-06-29,2089.0
6998,2026-07-06,2011.0
6998,2026-07-13,1897.0
6998,2026-07-20,1900.0
6998,2026-07-27,1904.0
6998,2026-08-03,3120.0
6998,2026-08-10,3270.0
6998,2026-08-17,3180.0
6998,2026-08-24,3110.0
6998,2026-08-31,3485.0
6998,2026-09-07,3500.0
6998,2026-09-14,3815.0
7091,2025-09-22,944.02
7091,2025-09-29,943.02
7091,2025-10-06,967.92
7091,2025-10-13,975.89
7091,2025-10-20,993.81
7091,2025-10-27,975.89
7091,2025-11-03,980.86
7091,2025-11-10,987.84
7091,2025-11-17,1006.76
7091,2025-11-24,1029.66
7091,2025-12-01,1063.52
7091,2025-12-08,1040.61
7091,2025-12-15,1034.64
7091,2025-12-22,1035.63
7091,2025-12-29,1053.56
7091,2026-01-05,1121.27
7091,2026-01-12,1125.26
7091,2026-01-19,1151.15
7091,2026-01-26,1197.95
7091,2026-02-02,1222.84
7091,2026-02-09,1301.51
7091,2026-02-16,1162.1
7091,2026-02-23,1227.82
7091,2026-03-02,1182.02
7091,2026-03-09,1216.87
7091,2026-03-16,1212.89
7091,2026-03-23,1186.0
7091,2026-03-30,1287.0
7091,2026-04-06,1308.0
7091,2026-04-13,1287.0
7091,2026-04-20,1284.0
7091,2026-04-27,1264.0
7091,2026-05-04,1259.0
7091,2026-05-11,1319.0
7091,2026-05-18,1180.0
7091,2026-05-25,1189.0
7091,2026-06-01,1179.0
7091,2026-06-08,1170.0
7091,2026-06-15,1203.0
7091,2026-06-22,1199.0
7091,2026-06-29,1214.0
7091,2026-07-06,1238.0
7091,2026-07-13,1212.0
7091,2026-07-20,1186.0
7091,2026-07-27,1197.0
7091,2026-08-03,1200.0
7091,2026-08-10,1191.0
7091,2026-08-17,1269.0
7091,2026-08-24,1295.0
7091,2026-08-31,1257.0
7091,2026-09-07,1248.0
7091,2026-09-14,1295.0
7119,2025-09-22,1437.95
7119,2025-09-29,1306.5
7119,2025-10-06,1329.24
7119,2025-10-13,1327.26
7119,2025-10-20,1345.05
7119,2025-10-27,1322.32
7119,2025-11-03,1327.26
7119,2025-11-10,1342.08
7119,2025-11-17,1233.37
7119,2025-11-24,1301.56
7119,2025-12-01,1284.76
7119,2025-12-08,1287.73
7119,2025-12-15,1253.14
7119,2025-12-22,1263.02
7119,2025-12-29,1273.89
7119,2026-01-05,1314.41
7119,2026-01-12,1316.39
7119,2026-01-19,1324.29
7119,2026-01-26,1328.25
7119,2026-02-02,1327.26
7119,2026-02-09,1340.11
7119,2026-02-16,1327.26
7119,2026-02-23,1345.05
7119,2026-03-02,1384.58
7119,2026-03-09,1529.86
7119,2026-03-16,1607.93
7119,2026-03-23,1602.0
7119,2026-03-30,1590.0
7119,2026-04-06,1657.0
7119,2026-04-13,1554.0
7119,2026-04-20,1522.0
7119,2026-04-27,1517.0
7119,2026-05-04,1549.0
7119,2026-05-11,1501.0
7119,2026-05-18,1560.0
7119,2026-05-25,1581.0
7119,2026-06-01,1615.0
7119,2026-06-08,1593.0
7119,2026-06-15,1640.0
7119,2026-06-22,1625.0
7119,2026-06-29,1680.0
7119,2026-07-06,1683.0
7119,2026-07-13,1669.0
7119,2026-07-20,1674.0
7119,2026-07-27,1686.0
7119,2026-08-03,1711.0
7119,2026-08-10,1716.0
7119,2026-08-17,1724.0
7119,2026-08-24,1736.0
7119,2026-08-31,1870.0
7119,2026-09-07,2095.0
7119,2026-09-14,2284.0
7161,2025-09-22,446.41
7161,2025-09-29,423.64
7161,2025-10-06,400.88
7161,2025-10-13,391.97
7161,2025-10-20,398.9
7161,2025-10-27,396.92
7161,2025-11-03,398.9
7161,2025-11-10,388.01
7161,2025-11-17,366.23
7161,2025-11-24,388.01
7161,2025-12-01,389.0
7161,2025-12-08,380.09
7161,2025-12-15,386.03
7161,2025-12-22,401.87
7161,2025-12-29,400.88
7161,2026-01-05,429.58
7161,2026-01-12,465.21
7161,2026-01-19,474.12
7161,2026-01-26,452.35
7161,2026-02-02,526.58
7161,2026-02-09,584.98
7161,2026-02-16,600.82
7161,2026-02-23,590.92
7161,2026-03-02,519.65
7161,2026-03-09,495.9
7161,2026-03-16,484.02
7161,2026-03-23,486.0
7161,2026-03-30,484.0
7161,2026-04-06,499.0
7161,2026-04-13,493.0
7161,2026-04-20,457.0
7161,2026-04-27,467.0
7161,2026-05-04,476.0
7161,2026-05-11,506.0
7161,2026-05-18,548.0
7161,2026-05-25,527.0
7161,2026-06-01,511.0
7161,2026-06-08,500.0
7161,2026-06-15,497.0
7161,2026-06-22,494.0
7161,2026-06-29,508.0
7161,2026-07-06,497.0
7161,2026-07-13,491.0
7161,2026-07-20,531.0
7161,2026-07-27,504.0
7161,2026-08-03,520.0
7161,2026-08-10,564.0
7161,2026-08-17,558.0
7161,2026-08-24,588.0
7161,2026-08-31,622.0
7161,2026-09-07,604.0
7161,2026-09-14,640.0
7175,2025-09-22,1100.38
7175,2025-09-29,1097.49
7175,2025-10-06,1088.84
7175,2025-10-13,1079.22
7175,2025-10-20,1106.15
7175,2025-10-27,1091.72
7175,2025-11-03,1078.26
7175,2025-11-10,1103.27
7175,2025-11-17,1085.95
7175,2025-11-24,1098.46
7175,2025-12-01,1097.49
7175,2025-12-08,1161.94
7175,2025-12-15,1154.24
7175,2025-12-22,1195.6
7175,2025-12-29,1180.22
7175,2026-01-05,1240.81
7175,2026-01-12,1256.2
7175,2026-01-19,1245.62
7175,2026-01-26,1250.43
7175,2026-02-02,1255.24
7175,2026-02-09,1322.57
7175,2026-02-16,1328.34
7175,2026-02-23,1348.54
7175,2026-03-02,1294.68
7175,2026-03-09,1280.25
7175,2026-03-16,1275.44
7175,2026-03-23,1337.0
7175,2026-03-30,1301.0
7175,2026-04-06,1315.0
7175,2026-04-13,1349.0
7175,2026-04-20,1405.0
7175,2026-04-27,1350.0
7175,2026-05-04,1338.0
7175,2026-05-11,1344.0
7175,2026-05-18,1340.0
7175,2026-05-25,1362.0
7175,2026-06-01,1341.0
7175,2026-06-08,1320.0
7175,2026-06-15,1333.0
7175,2026-06-22,1365.0
7175,2026-06-29,1404.0
7175,2026-07-06,1430.0
7175,2026-07-13,1495.0
7175,2026-07-20,1720.0
7175,2026-07-27,1708.0
7175,2026-08-03,1700.0
7175,2026-08-10,1717.0
7175,2026-08-17,1859.0
7175,2026-08-24,2001.0
7175,2026-08-31,2000.0
7175,2026-09-07,1958.0
7175,2026-09-14,2159.0
7180,2025-09-22,889.24
7180,2025-09-29,859.44
7180,2025-10-06,839.22
7180,2025-10-13,820.08
7180,2025-10-20,850.27
7180,2025-10-27,871.87
7180,2025-11-03,876.41
7180,2025-11-10,884.9
7180,2025-11-17,900.19
7180,2025-11-24,949.62
7180,2025-12-01,952.08
7180,2025-12-08,989.58
7180,2025-12-15,987.6
7180,2025-12-22,992.04
7180,2025-12-29,1004.38
7180,2026-01-05,1071.47
7180,2026-01-12,1149.9
7180,2026-01-19,1152.86
7180,2026-01-26,1140.04
7180,2026-02-02,1280.63
7180,2026-02-09,1316.15
7180,2026-02-16,1300.36
7180,2026-02-23,1320.09
7180,2026-03-02,1215.02
7180,2026-03-09,1157.3
7180,2026-03-16,1144.48
7180,2026-03-23,1179.5
7180,2026-03-30,1228.5
7180,2026-04-06,1295.0
7180,2026-04-13,1315.0
7180,2026-04-20,1243.0
7180,2026-04-27,1265.0
7180,2026-05-04,1259.0
7180,2026-05-11,1417.5
7180,2026-05-18,1453.5
7180,2026-05-25,1382.0
7180,2026-06-01,1416.5
7180,2026-06-08,1445.0
7180,2026-06-15,1439.5
7180,2026-06-22,1436.5
7180,2026-06-29,1512.5
7180,2026-07-06,1517.5
7180,2026-07-13,1483.0
7180,2026-07-20,1604.5
7180,2026-07-27,1484.5
7180,2026-08-03,1489.5
7180,2026-08-10,1547.5
7180,2026-08-17,1507.0
7180,2026-08-24,1565.5
7180,2026-08-31,1610.0
7180,2026-09-07,1615.5
7180,2026-09-14,1625.0
7181,2025-09-22,1353.71
7181,2025-09-29,1342.85
7181,2025-10-06,1361.28
7181,2025-10-13,1330.67
7181,2025-10-20,1319.81
7181,2025-10-27,1313.88
7181,2025-11-03,1311.91
7181,2025-11-10,1365.23
7181,2025-11-17,1399.46
7181,2025-11-24,1430.07
7181,2025-12-01,1441.92
7181,2025-12-08,1455.08
7181,2025-12-15,1504.45
7181,2025-12-22,1532.76
7181,2025-12-29,1550.86
7181,2026-01-05,1656.51
7181,2026-01-12,1705.88
7181,2026-01-19,1569.95
7181,2026-01-26,1571.59
7181,2026-02-02,1649.6
7181,2026-02-09,1685.47
7181,2026-02-16,1632.15
7181,2026-02-23,1679.22
7181,2026-03-02,1559.74
7181,2026-03-09,1512.35
7181,2026-03-16,1549.87
7181,2026-03-23,1618.0
7181,2026-03-30,1619.5
7181,2026-04-06,1595.5
7181,2026-04-13,1600.5
7181,2026-04-20,1495.5
7181,2026-04-27,1531.0
7181,2026-05-04,1558.5
7181,2026-05-11,1648.0
7181,2026-05-18,1526.5
7181,2026-05-25,1429.5
7181,2026-06-01,1422.5
7181,2026-06-08,1541.0
7181,2026-06-15,1525.0
7181,2026-06-22,1491.5
7181,2026-06-29,1613.0
7181,2026-07-06,1612.5
7181,2026-07-13,1610.5
7181,2026-07-20,1769.0
7181,2026-07-27,1771.0
7181,2026-08-03,1788.0
7181,2026-08-10,1697.0
7181,2026-08-17,1651.5
7181,2026-08-24,1678.0
7181,2026-08-31,1735.5
7181,2026-09-07,1767.5
7181,2026-09-14,1813.5
7191,2025-09-22,1081.43
7191,2025-09-29,1053.45
7191,2025-10-06,1075.05
7191,2025-10-13,1078.97
7191,2025-10-20,1053.45
7191,2025-10-27,1032.83
7191,2025-11-03,1025.96
7191,2025-11-10,1049.52
7191,2025-11-17,1038.72
7191,2025-11-24,1072.1
7191,2025-12-01,1066.21
7191,2025-12-08,1062.28
7191,2025-12-15,1169.3
7191,2025-12-22,1191.88
7191,2025-12-29,1163.41
7191,2026-01-05,1173.22
7191,2026-01-12,1176.17
7191,2026-01-19,1158.5
7191,2026-01-26,1105.48
7191,2026-02-02,1155.55
7191,2026-02-09,1155.55
7191,2026-02-16,1133.95
7191,2026-02-23,1177.15
7191,2026-03-02,1147.7
7191,2026-03-09,1124.14
7191,2026-03-16,1091.74
7191,2026-03-23,1104.5
7191,2026-03-30,1096.0
7191,2026-04-06,1134.0
7191,2026-04-13,1139.0
7191,2026-04-20,1116.0
7191,2026-04-27,1097.0
7191,2026-05-04,1116.0
7191,2026-05-11,1102.0
7191,2026-05-18,1076.0
7191,2026-05-25,1102.0
7191,2026-06-01,1081.0
7191,2026-06-08,1069.0
7191,2026-06-15,1080.0
7191,2026-06-22,1055.0
7191,2026-06-29,1084.0
7191,2026-07-06,1088.0
7191,2026-07-13,1080.0
7191,2026-07-20,1107.0
7191,2026-07-27,1126.0
7191,2026-08-03,1135.0
7191,2026-08-10,1172.0
7191,2026-08-17,1179.0
7191,2026-08-24,1171.0
7191,2026-08-31,1159.0
7191,2026-09-07,1152.0
7191,2026-09-14,1220.0
7327,2025-09-22,1371.39
7327,2025-09-29,1399.54
7327,2025-10-06,1400.52
7327,2025-10-13,1417.22
7327,2025-10-20,1432.93
7327,2025-10-27,1461.42
7327,2025-11-03,1457.49
7327,2025-11-10,1472.22
7327,2025-11-17,1502.67
7327,2025-11-24,1590.07
7327,2025-12-01,1622.49
7327,2025-12-08,1602.84
7327,2025-12-15,1619.54
7327,2025-12-22,1594.0
7327,2025-12-29,1598.91
7327,2026-01-05,1712.84
7327,2026-01-12,1780.61
7327,2026-01-19,1819.89
7327,2026-01-26,1804.18
7327,2026-02-02,1868.02
7327,2026-02-09,1997.66
7327,2026-02-16,1962.3
7327,2026-02-23,2004.54
7327,2026-03-02,2011.41
7327,2026-03-09,1936.77
7327,2026-03-16,1931.86
7327,2026-03-23,1979.0
7327,2026-03-30,1937.0
7327,2026-04-06,2015.0
7327,2026-04-13,1996.0
7327,2026-04-20,1841.0
7327,2026-04-27,1944.0
7327,2026-05-04,1977.0
7327,2026-05-11,2030.0
7327,2026-05-18,2115.0
7327,2026-05-25,2020.0
7327,2026-06-01,2046.0
7327,2026-06-08,2104.0
7327,2026-06-15,2076.0
7327,2026-06-22,2131.0
7327,2026-06-29,2211.0
7327,2026-07-06,2246.0
7327,2026-07-13,2202.0
7327,2026-07-20,2365.0
7327,2026-07-27,2308.0
7327,2026-08-03,2372.0
7327,2026-08-10,2500.0
7327,2026-08-17,2465.0
7327,2026-08-24,2586.0
7327,2026-08-31,2646.0
7327,2026-09-07,2631.0
7327,2026-09-14,2654.0
7381,2025-09-22,651.96
7381,2025-09-29,649.0
7381,2025-10-06,633.19
7381,2025-10-13,628.25
7381,2025-10-20,651.96
7381,2025-10-27,650.97
7381,2025-11-03,638.13
7381,2025-11-10,641.09
7381,2025-11-17,641.09
7381,2025-11-24,693.45
7381,2025-12-01,700.36
7381,2025-12-08,705.3
7381,2025-12-15,706.29
7381,2025-12-22,785.31
7381,2025-12-29,798.16
7381,2026-01-05,889.04
7381,2026-01-12,969.05
7381,2026-01-19,964.11
7381,2026-01-26,913.73
7381,2026-02-02,930.52
7381,2026-02-09,968.06
7381,2026-02-16,1000.66
7381,2026-02-23,1041.16
7381,2026-03-02,1008.56
7381,2026-03-09,952.26
7381,2026-03-16,952.26
7381,2026-03-23,973.0
7381,2026-03-30,985.0
7381,2026-04-06,1024.0
7381,2026-04-13,1015.0
7381,2026-04-20,924.0
7381,2026-04-27,963.0
7381,2026-05-04,1014.0
7381,2026-05-11,1044.0
7381,2026-05-18,1056.0
7381,2026-05-25,1037.0
7381,2026-06-01,1034.0
7381,2026-06-08,989.0
7381,2026-06-15,961.0
7381,2026-06-22,978.0
7381,2026-06-29,1043.0
7381,2026-07-06,1034.0
7381,2026-07-13,1072.0
7381,2026-07-20,1156.0
7381,2026-07-27,1107.0
7381,2026-08-03,1214.0
7381,2026-08-10,1268.0
7381,2026-08-17,1227.0
7381,2026-08-24,1273.0
7381,2026-08-31,1290.0
7381,2026-09-07,1278.0
7381,2026-09-14,1332.0
7384,2025-09-22,1713.27
7384,2025-09-29,1672.6
7384,2025-10-06,1651.76
7384,2025-10-13,1655.73
7384,2025-10-20,1682.52
7384,2025-10-27,1718.23
7384,2025-11-03,1710.3
7384,2025-11-10,1748.99
7384,2025-11-17,1666.65
7384,2025-11-24,1740.06
7384,2025-12-01,1723.19
7384,2025-12-08,1778.75
7384,2025-12-15,1809.5
7384,2025-12-22,2063.47
7384,2025-12-29,2161.68
7384,2026-01-05,2321.4
7384,2026-01-12,2395.8
7384,2026-01-19,2751.95
7384,2026-01-26,2654.73
7384,2026-02-02,2886.87
7384,2026-02-09,2793.62
7384,2026-02-16,2837.27
7384,2026-02-23,2957.3
7384,2026-03-02,3010.87
7384,2026-03-09,3035.68
7384,2026-03-16,3045.6
7384,2026-03-23,3120.0
7384,2026-03-30,3160.0
7384,2026-04-06,3250.0
7384,2026-04-13,3790.0
7384,2026-04-20,3435.0
7384,2026-04-27,3525.0
7384,2026-05-04,3580.0
7384,2026-05-11,3445.0
7384,2026-05-18,3820.0
7384,2026-05-25,3915.0
7384,2026-06-01,3960.0
7384,2026-06-08,3550.0
7384,2026-06-15,3445.0
7384,2026-06-22,3555.0
7384,2026-06-29,4055.0
7384,2026-07-06,4065.0
7384,2026-07-13,3860.0
7384,2026-07-20,4330.0
7384,2026-07-27,4000.0
7384,2026-08-03,4315.0
7384,2026-08-10,4625.0
7384,2026-08-17,4480.0
7384,2026-08-24,4650.0
7384,2026-08-31,4820.0
7384,2026-09-07,5110.0
7384,2026-09-14,5290.0
7389,2025-09-22,615.5
7389,2025-09-29,646.13
7389,2025-10-06,721.21
7389,2025-10-13,732.08
7389,2025-10-20,738.01
7389,2025-10-27,785.43
7389,2025-11-03,813.09
7389,2025-11-10,830.87
7389,2025-11-17,845.69
7389,2025-11-24,917.82
7389,2025-12-01,937.57
7389,2025-12-08,910.9
7389,2025-12-15,931.65
7389,2025-12-22,896.08
7389,2025-12-29,908.92
7389,2026-01-05,977.09
7389,2026-01-12,1086.76
7389,2026-01-19,1112.44
7389,2026-01-26,1080.83
7389,2026-02-02,1165.79
7389,2026-02-09,1252.73
7389,2026-02-16,1234.95
7389,2026-02-23,1304.11
7389,2026-03-02,1185.55
7389,2026-03-09,1185.55
7389,2026-03-16,1250.76
7389,2026-03-23,1395.0
7389,2026-03-30,1432.0
7389,2026-04-06,1588.0
7389,2026-04-13,1640.0
7389,2026-04-20,1459.0
7389,2026-04-27,1478.0
7389,2026-05-04,1499.0
7389,2026-05-11,1522.0
7389,2026-05-18,1413.0
7389,2026-05-25,1357.0
7389,2026-06-01,1346.0
7389,2026-06-08,1367.0
7389,2026-06-15,1355.0
7389,2026-06-22,1384.0
7389,2026-06-29,1483.0
7389,2026-07-06,1498.0
7389,2026-07-13,1687.0
7389,2026-07-20,1828.0
7389,2026-07-27,1737.0
7389,2026-08-03,1622.0
7389,2026-08-10,1868.0
7389,2026-08-17,1803.0
7389,2026-08-24,1958.0
7389,2026-08-31,1923.0
7389,2026-09-07,1979.0
7389,2026-09-14,1986.0
7438,2025-09-22,1663.58
7438,2025-09-29,1656.7
7438,2025-10-06,1661.61
7438,2025-10-13,1644.9
7438,2025-10-20,1673.41
7438,2025-10-27,1651.78
7438,2025-11-03,1622.29
7438,2025-11-10,1537.73
7438,2025-11-17,1487.59
7438,2025-11-24,1506.27
7438,2025-12-01,1459.07
7438,2025-12-08,1483.66
7438,2025-12-15,1498.4
7438,2025-12-22,1546.58
7438,2025-12-29,1548.55
7438,2026-01-05,1539.7
7438,2026-01-12,1528.88
7438,2026-01-19,1496.44
7438,2026-01-26,1465.96
7438,2026-02-02,1486.6
7438,2026-02-09,1483.66
7438,2026-02-16,1485.62
7438,2026-02-23,1522.98
7438,2026-03-02,1463.99
7438,2026-03-09,1430.56
7438,2026-03-16,1450.23
7438,2026-03-23,1522.0
7438,2026-03-30,1515.0
7438,2026-04-06,1534.0
7438,2026-04-13,1509.0
7438,2026-04-20,1458.0
7438,2026-04-27,1458.0
7438,2026-05-04,1453.0
7438,2026-05-11,1497.0
7438,2026-05-18,1438.0
7438,2026-05-25,1437.0
7438,2026-06-01,1428.0
7438,2026-06-08,1459.0
7438,2026-06-15,1507.0
7438,2026-06-22,1505.0
7438,2026-06-29,1539.0
7438,2026-07-06,1551.0
7438,2026-07-13,1522.0
7438,2026-07-20,1557.0
7438,2026-07-27,1534.0
7438,2026-08-03,1550.0
7438,2026-08-10,1606.0
7438,2026-08-17,1608.0
7438,2026-08-24,1686.0
7438,2026-08-31,1688.0
7438,2026-09-07,1721.0
7438,2026-09-14,1787.0
7516,2025-09-22,4086.85
7516,2025-09-29,3892.93
7516,2025-10-06,3742.64
7516,2025-10-13,3737.8
7516,2025-10-20,3795.97
7516,2025-10-27,3621.44
7516,2025-11-03,3655.38
7516,2025-11-10,3665.08
7516,2025-11-17,3776.58
7516,2025-11-24,3854.15
7516,2025-12-01,3747.49
7516,2025-12-08,3820.21
7516,2025-12-15,3892.93
7516,2025-12-22,3902.63
7516,2025-12-29,3892.93
7516,2026-01-05,3878.39
7516,2026-01-12,3786.28
7516,2026-01-19,3791.12
7516,2026-01-26,3771.73
7516,2026-02-02,3859.0
7516,2026-02-09,3955.96
7516,2026-02-16,4062.61
7516,2026-02-23,4257.95
7516,2026-03-02,4120.12
7516,2026-03-09,4125.04
7516,2026-03-16,4031.51
7516,2026-03-23,4031.51
7516,2026-03-30,4243.18
7516,2026-04-06,4326.86
7516,2026-04-13,4257.95
7516,2026-04-20,3987.21
7516,2026-04-27,3923.22
7516,2026-05-04,3933.06
7516,2026-05-11,4026.59
7516,2026-05-18,4100.43
7516,2026-05-25,4006.9
7516,2026-06-01,3992.13
7516,2026-06-08,4120.12
7516,2026-06-15,3982.29
7516,2026-06-22,3982.29
7516,2026-06-29,3962.6
7516,2026-07-06,4021.67
7516,2026-07-13,4110.27
7516,2026-07-20,4090.58
7516,2026-07-27,4129.96
7516,2026-08-03,4189.03
7516,2026-08-10,4223.49
7516,2026-08-17,4420.39
7516,2026-08-24,4420.0
7516,2026-08-31,4495.0
7516,2026-09-07,4480.0
7516,2026-09-14,4605.0
7552,2025-09-22,3447.25
7552,2025-09-29,3279.63
7552,2025-10-06,3245.62
7552,2025-10-13,3138.72
7552,2025-10-20,3172.74
7552,2025-10-27,3056.13
7552,2025-11-03,3095.0
7552,2025-11-10,3041.55
7552,2025-11-17,3031.83
7552,2025-11-24,3153.3
7552,2025-12-01,2939.52
7552,2025-12-08,2915.22
7552,2025-12-15,2813.19
7552,2025-12-22,2847.2
7552,2025-12-29,2861.78
7552,2026-01-05,2821.94
7552,2026-01-12,2856.92
7552,2026-01-19,2834.57
7552,2026-01-26,2685.89
7552,2026-02-02,2637.31
7552,2026-02-09,2635.36
7552,2026-02-16,2798.62
7552,2026-02-23,3095.0
7552,2026-03-02,3080.42
7552,2026-03-09,2905.51
7552,2026-03-16,2766.55
7552,2026-03-23,2751.0
7552,2026-03-30,2718.0
7552,2026-04-06,2747.0
7552,2026-04-13,2798.0
7552,2026-04-20,2685.0
7552,2026-04-27,2670.0
7552,2026-05-04,2631.0
7552,2026-05-11,2647.0
7552,2026-05-18,2710.0
7552,2026-05-25,2775.0
7552,2026-06-01,2748.0
7552,2026-06-08,2711.0
7552,2026-06-15,2744.0
7552,2026-06-22,2903.0
7552,2026-06-29,2990.0
7552,2026-07-06,3110.0
7552,2026-07-13,3105.0
7552,2026-07-20,3040.0
7552,2026-07-27,3315.0
7552,2026-08-03,3390.0
7552,2026-08-10,3480.0
7552,2026-08-17,3695.0
7552,2026-08-24,3755.0
7552,2026-08-31,3660.0
7552,2026-09-07,3740.0
7552,2026-09-14,4060.0
7624,2025-09-22,137.08
7624,2025-09-29,134.17
7624,2025-10-06,134.17
7624,2025-10-13,133.19
7624,2025-10-20,136.11
7624,2025-10-27,133.19
7624,2025-11-03,135.14
7624,2025-11-10,136.11
7624,2025-11-17,133.19
7624,2025-11-24,136.11
7624,2025-12-01,135.14
7624,2025-12-08,135.14
7624,2025-12-15,137.08
7624,2025-12-22,131.25
7624,2025-12-29,129.31
7624,2026-01-05,138.06
7624,2026-01-12,138.06
7624,2026-01-19,140.0
7624,2026-01-26,135.14
7624,2026-02-02,137.08
7624,2026-02-09,140.0
7624,2026-02-16,140.0
7624,2026-02-23,144.0
7624,2026-03-02,139.0
7624,2026-03-09,136.0
7624,2026-03-16,136.0
7624,2026-03-23,134.0
7624,2026-03-30,133.0
7624,2026-04-06,133.0
7624,2026-04-13,133.0
7624,2026-04-20,133.0
7624,2026-04-27,134.0
7624,2026-05-04,134.0
7624,2026-05-11,134.0
7624,2026-05-18,133.0
7624,2026-05-25,135.0
7624,2026-06-01,134.0
7624,2026-06-08,132.0
7624,2026-06-15,136.0
7624,2026-06-22,138.0
7624,2026-06-29,142.0
7624,2026-07-06,141.0
7624,2026-07-13,140.0
7624,2026-07-20,139.0
7624,2026-07-27,139.0
7624,2026-08-03,140.0
7624,2026-08-10,145.0
7624,2026-08-17,152.0
7624,2026-08-24,153.0
7624,2026-08-31,156.0
7624,2026-09-07,154.0
7624,2026-09-14,160.0
7743,2025-09-22,532.9
7743,2025-09-29,517.28
7743,2025-10-06,521.18
7743,2025-10-13,522.16
7743,2025-10-20,543.63
7743,2025-10-27,554.37
7743,2025-11-03,568.03
7743,2025-11-10,555.34
7743,2025-11-17,571.94
7743,2025-11-24,573.89
7743,2025-12-01,558.27
7743,2025-12-08,556.32
7743,2025-12-15,551.44
7743,2025-12-22,549.49
7743,2025-12-29,561.2
7743,2026-01-05,569.01
7743,2026-01-12,602.19
7743,2026-01-19,575.84
7743,2026-01-26,564.13
7743,2026-02-02,577.79
7743,2026-02-09,511.42
7743,2026-02-16,519.23
7743,2026-02-23,553.39
7743,2026-03-02,525.09
7743,2026-03-09,611.95
7743,2026-03-16,557.3
7743,2026-03-23,610.0
7743,2026-03-30,611.0
7743,2026-04-06,603.0
7743,2026-04-13,581.0
7743,2026-04-20,534.0
7743,2026-04-27,537.0
7743,2026-05-04,545.0
7743,2026-05-11,505.0
7743,2026-05-18,517.0
7743,2026-05-25,500.0
7743,2026-06-01,488.0
7743,2026-06-08,485.0
7743,2026-06-15,488.0
7743,2026-06-22,502.0
7743,2026-06-29,512.0
7743,2026-07-06,514.0
7743,2026-07-13,509.0
7743,2026-07-20,515.0
7743,2026-07-27,535.0
7743,2026-08-03,522.0
7743,2026-08-10,533.0
7743,2026-08-17,534.0
7743,2026-08-24,735.0
7743,2026-08-31,792.0
7743,2026-09-07,792.0
7743,2026-09-14,792.0
7803,2025-09-22,324.36
7803,2025-09-29,314.95
7803,2025-10-06,305.05
7803,2025-10-13,291.18
7803,2025-10-20,294.16
7803,2025-10-27,285.24
7803,2025-11-03,284.25
7803,2025-11-10,285.24
7803,2025-11-17,331.79
7803,2025-11-24,332.78
7803,2025-12-01,293.16
7803,2025-12-08,297.13
7803,2025-12-15,301.09
7803,2025-12-22,297.13
7803,2025-12-29,293.16
7803,2026-01-05,305.05
7803,2026-01-12,303.07
7803,2026-01-19,298.12
7803,2026-01-26,279.3
7803,2026-02-02,268.4
7803,2026-02-09,272.37
7803,2026-02-16,263.45
7803,2026-02-23,282.27
7803,2026-03-02,286.23
7803,2026-03-09,270.39
7803,2026-03-16,259.49
7803,2026-03-23,254.54
7803,2026-03-30,257.51
7803,2026-04-06,256.52
7803,2026-04-13,259.49
7803,2026-04-20,249.59
7803,2026-04-27,249.59
7803,2026-05-04,258.5
7803,2026-05-11,250.58
7803,2026-05-18,247.61
7803,2026-05-25,253.55
7803,2026-06-01,259.49
7803,2026-06-08,284.25
7803,2026-06-15,259.49
7803,2026-06-22,258.5
7803,2026-06-29,308.0
7803,2026-07-06,350.0
7803,2026-07-13,415.0
7803,2026-07-20,367.0
7803,2026-07-27,377.0
7803,2026-08-03,383.0
7803,2026-08-10,394.0
7803,2026-08-17,401.0
7803,2026-08-24,438.0
7803,2026-08-31,451.0
7803,2026-09-07,444.0
7803,2026-09-14,492.0
7811,2025-09-22,1866.7
7811,2025-09-29,1838.83
7811,2025-10-06,1680.22
7811,2025-10-13,1703.29
7811,2025-10-20,1739.82
7811,2025-10-27,1743.67
7811,2025-11-03,1734.05
7811,2025-11-10,1736.94
7811,2025-11-17,1712.91
7811,2025-11-24,1739.82
7811,2025-12-01,1727.32
7811,2025-12-08,1757.12
7811,2025-12-15,1812.87
7811,2025-12-22,1822.49
7811,2025-12-29,1859.01
7811,2026-01-05,1915.72
7811,2026-01-12,1923.41
7811,2026-01-19,1934.95
7811,2026-01-26,1907.07
7811,2026-02-02,1933.99
7811,2026-02-09,1980.13
7811,2026-02-16,1943.6
7811,2026-02-23,1958.27
7811,2026-03-02,1897.56
7811,2026-03-09,1862.31
7811,2026-03-16,1801.61
7811,2026-03-23,1814.34
7811,2026-03-30,1735.03
7811,2026-04-06,1830.98
7811,2026-04-13,1888.75
7811,2026-04-20,1890.71
7811,2026-04-27,1845.67
7811,2026-05-04,1873.08
7811,2026-05-11,1881.9
7811,2026-05-18,1876.02
7811,2026-05-25,1874.06
7811,2026-06-01,1838.82
7811,2026-06-08,1827.07
7811,2026-06-15,1852.52
7811,2026-06-22,1866.23
7811,2026-06-29,1921.06
7811,2026-07-06,1900.5
7811,2026-07-13,1874.06
7811,2026-07-20,1869.17
7811,2026-07-27,1856.44
7811,2026-08-03,1864.27
7811,2026-08-10,1904.42
7811,2026-08-17,1912.25
7811,2026-08-24,1957.0
7811,2026-08-31,1987.0
7811,2026-09-07,1937.0
7811,2026-09-14,2280.0
7846,2025-09-22,1565.69
7846,2025-09-29,1522.1
7846,2025-10-06,1529.26
7846,2025-10-13,1524.7
7846,2025-10-20,1521.12
7846,2025-10-27,1515.92
7846,2025-11-03,1518.85
7846,2025-11-10,1550.73
7846,2025-11-17,1545.2
7846,2025-11-24,1594.97
7846,2025-12-01,1532.18
7846,2025-12-08,1558.21
7846,2025-12-15,1572.52
7846,2025-12-22,1626.52
7846,2025-12-29,1604.46
7846,2026-01-05,1586.68
7846,2026-01-12,1614.01
7846,2026-01-19,1631.46
7846,2026-01-26,1598.87
7846,2026-02-02,1643.31
7846,2026-02-09,1633.11
7846,2026-02-16,1595.24
7846,2026-02-23,1606.77
7846,2026-03-02,1504.7
7846,2026-03-09,1493.83
7846,2026-03-16,1520.17
7846,2026-03-23,1571.21
7846,2026-03-30,1602.49
7846,2026-04-06,1627.84
7846,2026-04-13,1586.35
7846,2026-04-20,1579.44
7846,2026-04-27,1580.43
7846,2026-05-04,1563.96
7846,2026-05-11,1535.65
7846,2026-05-18,1629.16
7846,2026-05-25,1638.38
7846,2026-06-01,1605.12
7846,2026-06-08,1626.85
7846,2026-06-15,1625.21
7846,2026-06-22,1695.67
7846,2026-06-29,1724.5
7846,2026-07-06,1768.0
7846,2026-07-13,1803.0
7846,2026-07-20,1778.0
7846,2026-07-27,1813.5
7846,2026-08-03,2004.5
7846,2026-08-10,1983.0
7846,2026-08-17,1991.5
7846,2026-08-24,2071.5
7846,2026-08-31,2142.5
7846,2026-09-07,2030.5
7846,2026-09-14,2146.5
7867,2025-09-22,3183.76
7867,2025-09-29,3120.5
7867,2025-10-06,3272.72
7867,2025-10-13,3119.51
7867,2025-10-20,3114.57
7867,2025-10-27,3139.28
7867,2025-11-03,3177.83
7867,2025-11-10,2957.41
7867,2025-11-17,2887.23
7867,2025-11-24,2860.54
7867,2025-12-01,2739.46
7867,2025-12-08,2701.9
7867,2025-12-15,2688.55
7867,2025-12-22,2718.21
7867,2025-12-29,2725.62
7867,2026-01-05,2841.76
7867,2026-01-12,2843.25
7867,2026-01-19,2814.09
7867,2026-01-26,2693.5
7867,2026-02-02,2698.44
7867,2026-02-09,2762.69
7867,2026-02-16,2691.03
7867,2026-02-23,2840.77
7867,2026-03-02,2751.82
7867,2026-03-09,2767.63
7867,2026-03-16,2722.16
7867,2026-03-23,2736.0
7867,2026-03-30,2750.5
7867,2026-04-06,2708.0
7867,2026-04-13,2753.5
7867,2026-04-20,2610.0
7867,2026-04-27,2532.0
7867,2026-05-04,2630.0
7867,2026-05-11,2789.5
7867,2026-05-18,2983.0
7867,2026-05-25,3159.0
7867,2026-06-01,3063.0
7867,2026-06-08,2925.5
7867,2026-06-15,2925.5
7867,2026-06-22,3200.0
7867,2026-06-29,3259.0
7867,2026-07-06,3322.0
7867,2026-07-13,3531.0
7867,2026-07-20,3417.0
7867,2026-07-27,3627.0
7867,2026-08-03,3602.0
7867,2026-08-10,3598.0
7867,2026-08-17,3641.0
7867,2026-08-24,3727.0
7867,2026-08-31,3654.0
7867,2026-09-07,3639.0
7867,2026-09-14,4033.0
7914,2025-09-22,1478.93
7914,2025-09-29,1443.81
7914,2025-10-06,1436.01
7914,2025-10-13,1449.67
7914,2025-10-20,1490.64
7914,2025-10-27,1464.3
7914,2025-11-03,1469.18
7914,2025-11-10,1427.23
7914,2025-11-17,1427.23
7914,2025-11-24,1445.77
7914,2025-12-01,1385.28
7914,2025-12-08,1424.3
7914,2025-12-15,1513.08
7914,2025-12-22,1545.27
7914,2025-12-29,1542.34
7914,2026-01-05,1604.78
7914,2026-01-12,1626.24
7914,2026-01-19,1604.78
7914,2026-01-26,1594.05
7914,2026-02-02,1596.0
7914,2026-02-09,1649.66
7914,2026-02-16,1627.22
7914,2026-02-23,1715.02
7914,2026-03-02,1643.8
7914,2026-03-09,1579.42
7914,2026-03-16,1564.78
7914,2026-03-23,1596.0
7914,2026-03-30,1619.0
7914,2026-04-06,1595.0
7914,2026-04-13,1575.0
7914,2026-04-20,1503.0
7914,2026-04-27,1513.0
7914,2026-05-04,1512.0
7914,2026-05-11,1502.0
7914,2026-05-18,1509.0
7914,2026-05-25,1545.0
7914,2026-06-01,1542.0
7914,2026-06-08,1537.0
7914,2026-06-15,1535.0
7914,2026-06-22,1567.0
7914,2026-06-29,1583.0
7914,2026-07-06,1628.0
7914,2026-07-13,1613.0
7914,2026-07-20,1632.0
7914,2026-07-27,1639.0
7914,2026-08-03,1651.0
7914,2026-08-10,1746.0
7914,2026-08-17,1771.0
7914,2026-08-24,1755.0
7914,2026-08-31,1743.0
7914,2026-09-07,1725.0
7914,2026-09-14,1793.0
7976,2025-09-22,2176.66
7976,2025-09-29,2122.88
7976,2025-10-06,2131.68
7976,2025-10-13,2125.81
7976,2025-10-20,2110.17
7976,2025-10-27,2002.61
7976,2025-11-03,2087.68
7976,2025-11-10,2090.61
7976,2025-11-17,2079.85
7976,2025-11-24,2102.34
7976,2025-12-01,2087.68
7976,2025-12-08,2169.81
7976,2025-12-15,2129.72
7976,2025-12-22,2174.7
7976,2025-12-29,2153.93
7976,2026-01-05,2204.39
7976,2026-01-12,2284.53
7976,2026-01-19,2325.09
7976,2026-01-26,2265.73
7976,2026-02-02,2307.28
7976,2026-02-09,2157.88
7976,2026-02-16,2252.87
7976,2026-02-23,2426.01
7976,2026-03-02,2283.54
7976,2026-03-09,2289.47
7976,2026-03-16,2319.16
7976,2026-03-23,2384.46
7976,2026-03-30,2412.16
7976,2026-04-06,2436.9
7976,2026-04-13,2462.62
7976,2026-04-20,2342.9
7976,2026-04-27,2520.01
7976,2026-05-04,2494.28
7976,2026-05-11,2531.88
7976,2026-05-18,2572.44
7976,2026-05-25,2595.2
7976,2026-06-01,2461.63
7976,2026-06-08,2581.35
7976,2026-06-15,2521.98
7976,2026-06-22,2660.5
7976,2026-06-29,2690.0
7976,2026-07-06,2696.0
7976,2026-07-13,2688.0
7976,2026-07-20,2610.0
7976,2026-07-27,2771.0
7976,2026-08-03,2934.0
7976,2026-08-10,2897.0
7976,2026-08-17,2971.0
7976,2026-08-24,3065.0
7976,2026-08-31,3110.0
7976,2026-09-07,3195.0
7976,2026-09-14,3300.0
8001,2025-09-22,1684.83
8001,2025-09-29,1653.97
8001,2025-10-06,1689.58
8001,2025-10-13,1652.78
8001,2025-10-20,1731.33
8001,2025-10-27,1767.15
8001,2025-11-03,1881.71
8001,2025-11-10,1881.71
8001,2025-11-17,1792.08
8001,2025-11-24,1852.03
8001,2025-12-01,1818.59
8001,2025-12-08,1931.77
8001,2025-12-15,1858.56
8001,2025-12-22,1892.59
8001,2025-12-29,1953.93
8001,2026-01-05,1983.61
8001,2026-01-12,2093.43
8001,2026-01-19,2018.24
8001,2026-01-26,1949.98
8001,2026-02-02,2044.95
8001,2026-02-09,2201.76
8001,2026-02-16,2169.11
8001,2026-02-23,2245.79
8001,2026-03-02,2067.21
8001,2026-03-09,2048.91
8001,2026-03-16,2002.41
8001,2026-03-23,2040.5
8001,2026-03-30,2042.0
8001,2026-04-06,2026.0
8001,2026-04-13,1970.0
8001,2026-04-20,1940.0
8001,2026-04-27,1987.0
8001,2026-05-04,2010.0
8001,2026-05-11,2059.0
8001,2026-05-18,1949.5
8001,2026-05-25,1935.5
8001,2026-06-01,1873.5
8001,2026-06-08,1876.5
8001,2026-06-15,1847.5
8001,2026-06-22,1833.5
8001,2026-06-29,1888.5
8001,2026-07-06,1884.0
8001,2026-07-13,1902.5
8001,2026-07-20,1957.5
8001,2026-07-27,2014.0
8001,2026-08-03,2080.0
8001,2026-08-10,2064.5
8001,2026-08-17,2080.0
8001,2026-08-24,2116.5
8001,2026-08-31,2204.0
8001,2026-09-07,2294.0
8001,2026-09-14,2370.0
8032,2025-09-22,702.35
8032,2025-09-29,700.39
8032,2025-10-06,703.33
8032,2025-10-13,708.23
8032,2025-10-20,722.95
8032,2025-10-27,710.2
8032,2025-11-03,706.27
8032,2025-11-10,706.27
8032,2025-11-17,711.18
8032,2025-11-24,743.55
8032,2025-12-01,744.53
8032,2025-12-08,793.58
8032,2025-12-15,809.27
8032,2025-12-22,843.6
8032,2025-12-29,864.2
8032,2026-01-05,941.7
8032,2026-01-12,985.84
8032,2026-01-19,958.37
8032,2026-01-26,946.6
8032,2026-02-02,1012.32
8032,2026-02-09,1078.05
8032,2026-02-16,1067.26
8032,2026-02-23,1132.98
8032,2026-03-02,1059.41
8032,2026-03-09,1012.32
8032,2026-03-16,1029.0
8032,2026-03-23,1029.0
8032,2026-03-30,1092.0
8032,2026-04-06,1102.0
8032,2026-04-13,1085.0
8032,2026-04-20,1092.0
8032,2026-04-27,1096.0
8032,2026-05-04,1117.0
8032,2026-05-11,1219.0
8032,2026-05-18,1151.0
8032,2026-05-25,1162.0
8032,2026-06-01,1074.0
8032,2026-06-08,1095.0
8032,2026-06-15,1081.0
8032,2026-06-22,1089.0
8032,2026-06-29,1108.0
8032,2026-07-06,1095.0
8032,2026-07-13,1118.0
8032,2026-07-20,1106.0
8032,2026-07-27,1117.0
8032,2026-08-03,1204.0
8032,2026-08-10,1247.0
8032,2026-08-17,1221.0
8032,2026-08-24,1216.0
8032,2026-08-31,1212.0
8032,2026-09-07,1237.0
8032,2026-09-14,1280.0
8037,2025-09-22,2922.09
8037,2025-09-29,2823.06
8037,2025-10-06,2775.99
8037,2025-10-13,2805.41
8037,2025-10-20,2966.22
8037,2025-10-27,2861.3
8037,2025-11-03,2927.0
8037,2025-11-10,2786.77
8037,2025-11-17,2756.38
8037,2025-11-24,2851.49
8037,2025-12-01,2786.77
8037,2025-12-08,2836.78
8037,2025-12-15,2951.51
8037,2025-12-22,2934.84
8037,2025-12-29,2961.32
8037,2026-01-05,3128.01
8037,2026-01-12,3240.78
8037,2026-01-19,3186.85
8037,2026-01-26,3020.15
8037,2026-02-02,3162.33
8037,2026-02-09,3196.65
8037,2026-02-16,3211.36
8037,2026-02-23,3329.03
8037,2026-03-02,3103.5
8037,2026-03-09,3010.34
8037,2026-03-16,3083.89
8037,2026-03-23,3280.0
8037,2026-03-30,3450.0
8037,2026-04-06,3425.0
8037,2026-04-13,3295.0
8037,2026-04-20,3185.0
8037,2026-04-27,3220.0
8037,2026-05-04,3345.0
8037,2026-05-11,3335.0
8037,2026-05-18,3565.0
8037,2026-05-25,3605.0
8037,2026-06-01,3440.0
8037,2026-06-08,3430.0
8037,2026-06-15,3490.0
8037,2026-06-22,3455.0
8037,2026-06-29,3545.0
8037,2026-07-06,3640.0
8037,2026-07-13,3630.0
8037,2026-07-20,3720.0
8037,2026-07-27,3895.0
8037,2026-08-03,4150.0
8037,2026-08-10,4335.0
8037,2026-08-17,4355.0
8037,2026-08-24,4585.0
8037,2026-08-31,4525.0
8037,2026-09-07,4605.0
8037,2026-09-14,5080.0
8051,2025-09-22,1361.67
8051,2025-09-29,1336.29
8051,2025-10-06,1368.5
8051,2025-10-13,1394.86
8051,2025-10-20,1411.45
8051,2025-10-27,1394.86
8051,2025-11-03,1402.67
8051,2025-11-10,1421.21
8051,2025-11-17,1443.66
8051,2025-11-24,1476.85
8051,2025-12-01,1417.31
8051,2025-12-08,1443.66
8051,2025-12-15,1432.92
8051,2025-12-22,1446.59
8051,2025-12-29,1449.52
8051,2026-01-05,1460.26
8051,2026-01-12,1472.95
8051,2026-01-19,1444.64
8051,2026-01-26,1390.95
8051,2026-02-02,1420.24
8051,2026-02-09,1471.97
8051,2026-02-16,1471.97
8051,2026-02-23,1499.3
8051,2026-03-02,1432.92
8051,2026-03-09,1410.47
8051,2026-03-16,1383.14
8051,2026-03-23,1389.0
8051,2026-03-30,1557.0
8051,2026-04-06,1637.0
8051,2026-04-13,1545.0
8051,2026-04-20,1520.0
8051,2026-04-27,1534.0
8051,2026-05-04,1568.0
8051,2026-05-11,1735.0
8051,2026-05-18,1724.0
8051,2026-05-25,1737.0
8051,2026-06-01,1677.0
8051,2026-06-08,1772.0
8051,2026-06-15,1784.0
8051,2026-06-22,1674.0
8051,2026-06-29,1739.0
8051,2026-07-06,1723.0
8051,2026-07-13,1728.0
8051,2026-07-20,1745.0
8051,2026-07-27,1776.0
8051,2026-08-03,1812.0
8051,2026-08-10,1965.0
8051,2026-08-17,1898.0
8051,2026-08-24,1963.0
8051,2026-08-31,1942.0
8051,2026-09-07,1939.0
8051,2026-09-14,2055.0
8075,2025-09-22,2188.5
8075,2025-09-29,2139.6
8075,2025-10-06,2196.32
8075,2025-10-13,2251.08
8075,2025-10-20,2321.49
8075,2025-10-27,2275.53
8075,2025-11-03,2274.55
8075,2025-11-10,2259.88
8075,2025-11-17,2297.04
8075,2025-11-24,2379.18
8075,2025-12-01,2331.27
8075,2025-12-08,2415.36
8075,2025-12-15,2425.14
8075,2025-12-22,2443.72
8075,2025-12-29,2475.01
8075,2026-01-05,2559.11
8075,2026-01-12,2652.01
8075,2026-01-19,2607.03
8075,2026-01-26,2596.27
8075,2026-02-02,2739.04
8075,2026-02-09,2689.17
8075,2026-02-16,2652.99
8075,2026-02-23,2707.75
8075,2026-03-02,2460.35
8075,2026-03-09,2335.18
8075,2026-03-16,2317.58
8075,2026-03-23,2343.0
8075,2026-03-30,2378.0
8075,2026-04-06,2400.0
8075,2026-04-13,2398.0
8075,2026-04-20,2278.0
8075,2026-04-27,2311.0
8075,2026-05-04,2313.0
8075,2026-05-11,2401.0
8075,2026-05-18,2394.0
8075,2026-05-25,2448.0
8075,2026-06-01,2367.0
8075,2026-06-08,2410.0
8075,2026-06-15,2450.0
8075,2026-06-22,2388.0
8075,2026-06-29,2410.0
8075,2026-07-06,2452.0
8075,2026-07-13,2453.0
8075,2026-07-20,2553.0
8075,2026-07-27,2577.0
8075,2026-08-03,3005.0
8075,2026-08-10,3020.0
8075,2026-08-17,3045.0
8075,2026-08-24,3100.0
8075,2026-08-31,3120.0
8075,2026-09-07,3085.0
8075,2026-09-14,3195.0
8098,2025-09-22,3470.67
8098,2025-09-29,3370.3
8098,2025-10-06,3345.7
8098,2025-10-13,3360.46
8098,2025-10-20,3478.54
8098,2025-10-27,3399.82
8098,2025-11-03,3399.82
8098,2025-11-10,3503.15
8098,2025-11-17,3532.67
8098,2025-11-24,3645.83
8098,2025-12-01,3508.07
8098,2025-12-08,3601.55
8098,2025-12-15,3675.35
8098,2025-12-22,3665.51
8098,2025-12-29,3685.19
8098,2026-01-05,3754.07
8098,2026-01-12,3950.88
8098,2026-01-19,3955.8
8098,2026-01-26,3847.56
8098,2026-02-02,3886.92
8098,2026-02-09,4044.36
8098,2026-02-16,4142.76
8098,2026-02-23,4285.45
8098,2026-03-02,4088.64
8098,2026-03-09,3891.84
8098,2026-03-16,3911.52
8098,2026-03-23,4005.0
8098,2026-03-30,4050.0
8098,2026-04-06,4120.0
8098,2026-04-13,4065.0
8098,2026-04-20,3880.0
8098,2026-04-27,3915.0
8098,2026-05-04,3920.0
8098,2026-05-11,4020.0
8098,2026-05-18,3880.0
8098,2026-05-25,3830.0
8098,2026-06-01,3780.0
8098,2026-06-08,3845.0
8098,2026-06-15,3830.0
8098,2026-06-22,3910.0
8098,2026-06-29,3940.0
8098,2026-07-06,3920.0
8098,2026-07-13,3955.0
8098,2026-07-20,4030.0
8098,2026-07-27,3965.0
8098,2026-08-03,4050.0
8098,2026-08-10,4190.0
8098,2026-08-17,4225.0
8098,2026-08-24,4365.0
8098,2026-08-31,4465.0
8098,2026-09-07,4455.0
8098,2026-09-14,4590.0
8133,2025-09-22,1985.81
8133,2025-09-29,1930.78
8133,2025-10-06,1860.04
8133,2025-10-13,1862.0
8133,2025-10-20,1892.46
8133,2025-10-27,1789.29
8133,2025-11-03,1786.34
8133,2025-11-10,1815.82
8133,2025-11-17,1828.59
8133,2025-11-24,1862.98
8133,2025-12-01,1739.18
8133,2025-12-08,1802.06
8133,2025-12-15,1858.07
8133,2025-12-22,1867.9
8133,2025-12-29,1864.95
8133,2026-01-05,1922.92
8133,2026-01-12,1989.74
8133,2026-01-19,2008.41
8133,2026-01-26,1878.71
8133,2026-02-02,1888.53
8133,2026-02-09,1913.1
8133,2026-02-16,1928.82
8133,2026-02-23,2048.69
8133,2026-03-02,1970.09
8133,2026-03-09,1933.73
8133,2026-03-16,1929.8
8133,2026-03-23,1975.0
8133,2026-03-30,2039.0
8133,2026-04-06,2004.0
8133,2026-04-13,1983.0
8133,2026-04-20,1887.0
8133,2026-04-27,1957.0
8133,2026-05-04,2021.0
8133,2026-05-11,2049.0
8133,2026-05-18,1979.0
8133,2026-05-25,1952.0
8133,2026-06-01,1950.0
8133,2026-06-08,2000.0
8133,2026-06-15,1982.0
8133,2026-06-22,2017.0
8133,2026-06-29,2022.0
8133,2026-07-06,2039.0
8133,2026-07-13,2053.0
8133,2026-07-20,2070.0
8133,2026-07-27,2170.0
8133,2026-08-03,2111.0
8133,2026-08-10,2145.0
8133,2026-08-17,2230.0
8133,2026-08-24,2243.0
8133,2026-08-31,2338.0
8133,2026-09-07,2274.0
8133,2026-09-14,2368.0
8137,2025-09-22,2613.33
8137,2025-09-29,2573.11
8137,2025-10-06,2560.36
8137,2025-10-13,2588.81
8137,2025-10-20,2681.02
8137,2025-10-27,2630.01
8137,2025-11-03,2747.73
8137,2025-11-10,2748.71
8137,2025-11-17,2807.57
8137,2025-11-24,2873.3
8137,2025-12-01,2835.04
8137,2025-12-08,2828.17
8137,2025-12-15,2817.38
8137,2025-12-22,2864.47
8137,2025-12-29,2911.55
8137,2026-01-05,2942.94
8137,2026-01-12,3060.66
8137,2026-01-19,3021.42
8137,2026-01-26,2942.94
8137,2026-02-02,3119.52
8137,2026-02-09,3188.19
8137,2026-02-16,3247.05
8137,2026-02-23,3413.82
8137,2026-03-02,3232.33
8137,2026-03-09,3109.71
8137,2026-03-16,3099.9
8137,2026-03-23,3198.0
8137,2026-03-30,3135.0
8137,2026-04-06,3110.0
8137,2026-04-13,3210.0
8137,2026-04-20,3215.0
8137,2026-04-27,3185.0
8137,2026-05-04,3255.0
8137,2026-05-11,3680.0
8137,2026-05-18,3740.0
8137,2026-05-25,3850.0
8137,2026-06-01,3870.0
8137,2026-06-08,3645.0
8137,2026-06-15,3795.0
8137,2026-06-22,3605.0
8137,2026-06-29,3865.0
8137,2026-07-06,3870.0
8137,2026-07-13,3655.0
8137,2026-07-20,3840.0
8137,2026-07-27,3605.0
8137,2026-08-03,3970.0
8137,2026-08-10,4180.0
8137,2026-08-17,3960.0
8137,2026-08-24,4210.0
8137,2026-08-31,4220.0
8137,2026-09-07,4375.0
8137,2026-09-14,4620.0
8157,2025-09-22,3377.87
8157,2025-09-29,3142.89
8157,2025-10-06,3005.81
8157,2025-10-13,2981.34
8157,2025-10-20,3206.53
8157,2025-10-27,3093.93
8157,2025-11-03,2976.44
8157,2025-11-10,3137.99
8157,2025-11-17,3186.95
8157,2025-11-24,3177.15
8157,2025-12-01,3049.87
8157,2025-12-08,3108.62
8157,2025-12-15,3201.63
8157,2025-12-22,3417.03
8157,2025-12-29,3412.14
8157,2026-01-05,3392.55
8157,2026-01-12,3519.84
8157,2026-01-19,3485.57
8157,2026-01-26,3563.9
8157,2026-02-02,3617.75
8157,2026-02-09,3656.91
8157,2026-02-16,3901.68
8157,2026-02-23,4087.71
8157,2026-03-02,3842.94
8157,2026-03-09,3583.48
8157,2026-03-16,3539.42
8157,2026-03-23,3559.0
8157,2026-03-30,3540.0
8157,2026-04-06,3510.0
8157,2026-04-13,3560.0
8157,2026-04-20,3490.0
8157,2026-04-27,3460.0
8157,2026-05-04,3630.0
8157,2026-05-11,3950.0
8157,2026-05-18,4140.0
8157,2026-05-25,4090.0
8157,2026-06-01,4065.0
8157,2026-06-08,3930.0
8157,2026-06-15,4030.0
8157,2026-06-22,3930.0
8157,2026-06-29,3955.0
8157,2026-07-06,4055.0
8157,2026-07-13,3895.0
8157,2026-07-20,3995.0
8157,2026-07-27,3820.0
8157,2026-08-03,4045.0
8157,2026-08-10,4180.0
8157,2026-08-17,4120.0
8157,2026-08-24,4195.0
8157,2026-08-31,4170.0
8157,2026-09-07,4130.0
8157,2026-09-14,4350.0
8285,2025-09-22,444.0
8285,2025-09-29,456.86
8285,2025-10-06,458.84
8285,2025-10-13,458.84
8285,2025-10-20,491.47
8285,2025-10-27,493.45
8285,2025-11-03,503.34
8285,2025-11-10,522.13
8285,2025-11-17,533.0
8285,2025-11-24,539.92
8285,2025-12-01,562.67
8285,2025-12-08,547.84
8285,2025-12-15,554.76
8285,2025-12-22,560.69
8285,2025-12-29,559.7
8285,2026-01-05,565.64
8285,2026-01-12,622.0
8285,2026-01-19,622.99
8285,2026-01-26,595.3
8285,2026-02-02,681.33
8285,2026-02-09,706.06
8285,2026-02-16,697.16
8285,2026-02-23,721.88
8285,2026-03-02,706.06
8285,2026-03-09,711.99
8285,2026-03-16,703.09
8285,2026-03-23,711.0
8285,2026-03-30,745.0
8285,2026-04-06,748.0
8285,2026-04-13,779.0
8285,2026-04-20,783.0
8285,2026-04-27,685.0
8285,2026-05-04,681.0
8285,2026-05-11,695.0
8285,2026-05-18,650.0
8285,2026-05-25,664.0
8285,2026-06-01,637.0
8285,2026-06-08,626.0
8285,2026-06-15,686.0
8285,2026-06-22,701.0
8285,2026-06-29,696.0
8285,2026-07-06,710.0
8285,2026-07-13,661.0
8285,2026-07-20,685.0
8285,2026-07-27,700.0
8285,2026-08-03,737.0
8285,2026-08-10,785.0
8285,2026-08-17,786.0
8285,2026-08-24,793.0
8285,2026-08-31,788.0
8285,2026-09-07,796.0
8285,2026-09-14,830.0
8334,2025-09-22,1640.67
8334,2025-09-29,1580.52
8334,2025-10-06,1547.98
8334,2025-10-13,1503.12
8334,2025-10-20,1561.79
8334,2025-10-27,1578.55
8334,2025-11-03,1576.58
8334,2025-11-10,1613.06
8334,2025-11-17,1622.92
8334,2025-11-24,1710.18
8334,2025-12-01,1710.67
8334,2025-12-08,1701.8
8334,2025-12-15,1746.17
8334,2025-12-22,1701.8
8334,2025-12-29,1703.28
8334,2026-01-05,1786.1
8334,2026-01-12,1909.84
8334,2026-01-19,1922.16
8334,2026-01-26,1912.3
8334,2026-02-02,2142.53
8334,2026-02-09,2199.72
8334,2026-02-16,2174.57
8334,2026-02-23,2230.28
8334,2026-03-02,2104.08
8334,2026-03-09,2071.05
8334,2026-03-16,2095.2
8334,2026-03-23,2250.0
8334,2026-03-30,2231.5
8334,2026-04-06,2269.0
8334,2026-04-13,2214.0
8334,2026-04-20,2030.0
8334,2026-04-27,2157.0
8334,2026-05-04,2164.0
8334,2026-05-11,2232.0
8334,2026-05-18,2316.0
8334,2026-05-25,2260.0
8334,2026-06-01,2262.5
8334,2026-06-08,2343.5
8334,2026-06-15,2316.5
8334,2026-06-22,2334.0
8334,2026-06-29,2419.0
8334,2026-07-06,2492.5
8334,2026-07-13,2436.5
8334,2026-07-20,2609.0
8334,2026-07-27,2538.5
8334,2026-08-03,2595.0
8334,2026-08-10,2765.0
8334,2026-08-17,2701.0
8334,2026-08-24,2830.5
8334,2026-08-31,2899.5
8334,2026-09-07,2891.0
8334,2026-09-14,2920.0
8336,2025-09-22,1317.81
8336,2025-09-29,1316.17
8336,2025-10-06,1299.74
8336,2025-10-13,1296.45
8336,2025-10-20,1317.81
8336,2025-10-27,1363.82
8336,2025-11-03,1404.9
8336,2025-11-10,1449.26
8336,2025-11-17,1459.12
8336,2025-11-24,1534.71
8336,2025-12-01,1534.71
8336,2025-12-08,1524.85
8336,2025-12-15,1569.21
8336,2025-12-22,1575.79
8336,2025-12-29,1597.15
8336,2026-01-05,1685.88
8336,2026-01-12,1814.04
8336,2026-01-19,1846.91
8336,2026-01-26,1807.47
8336,2026-02-02,1968.5
8336,2026-02-09,2014.51
8336,2026-02-16,2083.52
8336,2026-02-23,2142.68
8336,2026-03-02,2014.51
8336,2026-03-09,1945.5
8336,2026-03-16,2060.52
8336,2026-03-23,2096.67
8336,2026-03-30,2194.0
8336,2026-04-06,2408.0
8336,2026-04-13,2381.0
8336,2026-04-20,2333.0
8336,2026-04-27,2388.0
8336,2026-05-04,2390.0
8336,2026-05-11,2438.0
8336,2026-05-18,2497.0
8336,2026-05-25,2423.0
8336,2026-06-01,2431.0
8336,2026-06-08,2513.0
8336,2026-06-15,2432.0
8336,2026-06-22,2519.0
8336,2026-06-29,2584.0
8336,2026-07-06,2621.0
8336,2026-07-13,2523.0
8336,2026-07-20,2741.0
8336,2026-07-27,2577.0
8336,2026-08-03,2654.0
8336,2026-08-10,2775.0
8336,2026-08-17,2691.0
8336,2026-08-24,2795.0
8336,2026-08-31,2834.0
8336,2026-09-07,2799.0
8336,2026-09-14,2870.0
8343,2025-09-22,3451.65
8343,2025-09-29,3427.14
8343,2025-10-06,3378.11
8343,2025-10-13,3387.91
8343,2025-10-20,3505.58
8343,2025-10-27,3584.03
8343,2025-11-03,3637.96
8343,2025-11-10,3672.28
8343,2025-11-17,3672.28
8343,2025-11-24,3799.76
8343,2025-12-01,3868.4
8343,2025-12-08,3843.88
8343,2025-12-15,3888.01
8343,2025-12-22,3897.82
8343,2025-12-29,3946.84
8343,2026-01-05,4226.31
8343,2026-01-12,4549.9
8343,2026-01-19,4633.25
8343,2026-01-26,4971.55
8343,2026-02-02,5314.76
8343,2026-02-09,5383.4
8343,2026-02-16,5442.23
8343,2026-02-23,5501.07
8343,2026-03-02,5099.03
8343,2026-03-09,4902.91
8343,2026-03-16,4902.91
8343,2026-03-23,5050.0
8343,2026-03-30,5100.0
8343,2026-04-06,5490.0
8343,2026-04-13,5820.0
8343,2026-04-20,5220.0
8343,2026-04-27,5390.0
8343,2026-05-04,5480.0
8343,2026-05-11,5790.0
8343,2026-05-18,6140.0
8343,2026-05-25,5990.0
8343,2026-06-01,5920.0
8343,2026-06-08,6350.0
8343,2026-06-15,6170.0
8343,2026-06-22,6800.0
8343,2026-06-29,7060.0
8343,2026-07-06,7140.0
8343,2026-07-13,6830.0
8343,2026-07-20,7670.0
8343,2026-07-27,7260.0
8343,2026-08-03,8030.0
8343,2026-08-10,8550.0
8343,2026-08-17,8430.0
8343,2026-08-24,9060.0
8343,2026-08-31,9030.0
8343,2026-09-07,9440.0
8343,2026-09-14,9500.0
8344,2025-09-22,1633.54
8344,2025-09-29,1612.03
8344,2025-10-06,1564.13
8344,2025-10-13,1547.51
8344,2025-10-20,1583.68
8344,2025-10-27,1641.36
8344,2025-11-03,1662.87
8344,2025-11-10,1711.75
8344,2025-11-17,1717.61
8344,2025-11-24,1824.17
8344,2025-12-01,1783.11
8344,2025-12-08,1784.09
8344,2025-12-15,1841.76
8344,2025-12-22,1859.36
8344,2025-12-29,1890.64
8344,2026-01-05,2013.82
8344,2026-01-12,2104.73
8344,2026-01-19,2142.86
8344,2026-01-26,2158.5
8344,2026-02-02,2356.95
8344,2026-02-09,2595.48
8344,2026-02-16,2627.74
8344,2026-02-23,2668.8
8344,2026-03-02,2492.83
8344,2026-03-09,2349.13
8344,2026-03-16,2332.51
8344,2026-03-23,2442.0
8344,2026-03-30,2510.0
8344,2026-04-06,2678.0
8344,2026-04-13,2786.0
8344,2026-04-20,2415.0
8344,2026-04-27,2503.0
8344,2026-05-04,2515.0
8344,2026-05-11,2655.0
8344,2026-05-18,3055.0
8344,2026-05-25,3095.0
8344,2026-06-01,3075.0
8344,2026-06-08,3495.0
8344,2026-06-15,3370.0
8344,2026-06-22,3365.0
8344,2026-06-29,3965.0
8344,2026-07-06,3690.0
8344,2026-07-13,3615.0
8344,2026-07-20,4000.0
8344,2026-07-27,3740.0
8344,2026-08-03,4230.0
8344,2026-08-10,4575.0
8344,2026-08-17,4365.0
8344,2026-08-24,4730.0
8344,2026-08-31,4635.0
8344,2026-09-07,4985.0
8344,2026-09-14,5110.0
8345,2025-09-22,925.55
8345,2025-09-29,920.87
8345,2025-10-06,914.73
8345,2025-10-13,952.84
8345,2025-10-20,962.68
8345,2025-10-27,995.87
8345,2025-11-03,992.18
8345,2025-11-10,1168.0
8345,2025-11-17,1152.02
8345,2025-11-24,1215.95
8345,2025-12-01,1214.72
8345,2025-12-08,1229.47
8345,2025-12-15,1236.85
8345,2025-12-22,1258.98
8345,2025-12-29,1278.65
8345,2026-01-05,1372.09
8345,2026-01-12,1504.87
8345,2026-01-19,1544.22
8345,2026-01-26,1499.96
8345,2026-02-02,1627.82
8345,2026-02-09,1664.71
8345,2026-02-16,1686.84
8345,2026-02-23,1745.85
8345,2026-03-02,1652.41
8345,2026-03-09,1583.56
8345,2026-03-16,1583.56
8345,2026-03-23,1677.0
8345,2026-03-30,1661.0
8345,2026-04-06,1802.0
8345,2026-04-13,2030.0
8345,2026-04-20,1821.0
8345,2026-04-27,1956.0
8345,2026-05-04,1940.0
8345,2026-05-11,1877.0
8345,2026-05-18,1955.0
8345,2026-05-25,1867.0
8345,2026-06-01,1907.0
8345,2026-06-08,2067.0
8345,2026-06-15,1941.0
8345,2026-06-22,2030.0
8345,2026-06-29,2161.0
8345,2026-07-06,2083.0
8345,2026-07-13,2058.0
8345,2026-07-20,2270.0
8345,2026-07-27,2155.0
8345,2026-08-03,2358.0
8345,2026-08-10,2444.0
8345,2026-08-17,2325.0
8345,2026-08-24,2566.0
8345,2026-08-31,2539.0
8345,2026-09-07,2623.0
8345,2026-09-14,2709.0
8346,2025-09-22,442.38
8346,2025-09-29,427.6
8346,2025-10-06,426.61
8346,2025-10-13,433.51
8346,2025-10-20,446.32
8346,2025-10-27,449.27
8346,2025-11-03,450.26
8346,2025-11-10,467.99
8346,2025-11-17,468.98
8346,2025-11-24,501.49
8346,2025-12-01,509.37
8346,2025-12-08,512.33
8346,2025-12-15,529.08
8346,2025-12-22,523.17
8346,2025-12-29,533.02
8346,2026-01-05,550.76
8346,2026-01-12,603.96
8346,2026-01-19,599.03
8346,2026-01-26,592.14
8346,2026-02-02,669.97
8346,2026-02-09,724.16
8346,2026-02-16,703.47
8346,2026-02-23,716.28
8346,2026-03-02,653.22
8346,2026-03-09,622.68
8346,2026-03-16,651.25
8346,2026-03-23,668.0
8346,2026-03-30,681.0
8346,2026-04-06,701.0
8346,2026-04-13,704.0
8346,2026-04-20,650.0
8346,2026-04-27,666.0
8346,2026-05-04,693.0
8346,2026-05-11,705.0
8346,2026-05-18,773.0
8346,2026-05-25,752.0
8346,2026-06-01,750.0
8346,2026-06-08,777.0
8346,2026-06-15,751.0
8346,2026-06-22,774.0
8346,2026-06-29,818.0
8346,2026-07-06,820.0
8346,2026-07-13,813.0
8346,2026-07-20,904.0
8346,2026-07-27,860.0
8346,2026-08-03,942.0
8346,2026-08-10,1003.0
8346,2026-08-17,950.0
8346,2026-08-24,992.0
8346,2026-08-31,992.0
8346,2026-09-07,1009.0
8346,2026-09-14,1023.0
8361,2025-09-22,3378.28
8361,2025-09-29,3333.96
8361,2025-10-06,3471.85
8361,2025-10-13,3457.07
8361,2025-10-20,3629.43
8361,2025-10-27,3634.36
8361,2025-11-03,3668.83
8361,2025-11-10,3678.68
8361,2025-11-17,3742.7
8361,2025-11-24,4151.44
8361,2025-12-01,4323.8
8361,2025-12-08,4249.93
8361,2025-12-15,4560.18
8361,2025-12-22,4638.98
8361,2025-12-29,4619.28
8361,2026-01-05,5141.29
8361,2026-01-12,5594.35
8361,2026-01-19,5771.63
8361,2026-01-26,5545.1
8361,2026-02-02,6017.87
8361,2026-02-09,6205.0
8361,2026-02-16,6392.13
8361,2026-02-23,6736.86
8361,2026-03-02,6313.34
8361,2026-03-09,5929.22
8361,2026-03-16,6008.02
8361,2026-03-23,6205.0
8361,2026-03-30,6290.0
8361,2026-04-06,6910.0
8361,2026-04-13,7100.0
8361,2026-04-20,6780.0
8361,2026-04-27,7040.0
8361,2026-05-04,7090.0
8361,2026-05-11,7410.0
8361,2026-05-18,7750.0
8361,2026-05-25,7220.0
8361,2026-06-01,7280.0
8361,2026-06-08,7370.0
8361,2026-06-15,7090.0
8361,2026-06-22,7320.0
8361,2026-06-29,7850.0
8361,2026-07-06,7860.0
8361,2026-07-13,7350.0
8361,2026-07-20,8120.0
8361,2026-07-27,7210.0
8361,2026-08-03,7560.0
8361,2026-08-10,8050.0
8361,2026-08-17,7920.0
8361,2026-08-24,8210.0
8361,2026-08-31,8260.0
8361,2026-09-07,8180.0
8361,2026-09-14,8400.0
8362,2025-09-22,2078.08
8362,2025-09-29,2060.5
8362,2025-10-06,2008.71
8362,2025-10-13,1997.97
8362,2025-10-20,2070.27
8362,2025-10-27,2124.0
8362,2025-11-03,2136.7
8362,2025-11-10,2146.47
8362,2025-11-17,2155.27
8362,2025-11-24,2351.64
8362,2025-12-01,2353.6
8362,2025-12-08,2323.31
8362,2025-12-15,2387.79
8362,2025-12-22,2469.86
8362,2025-12-29,2531.41
8362,2026-01-05,2681.87
8362,2026-01-12,2775.66
8362,2026-01-19,2812.79
8362,2026-01-26,2846.98
8362,2026-02-02,3165.48
8362,2026-02-09,3326.69
8362,2026-02-16,3341.34
8362,2026-02-23,3448.81
8362,2026-03-02,3292.49
8362,2026-03-09,3189.91
8362,2026-03-16,3272.95
8362,2026-03-23,3356.0
8362,2026-03-30,3345.0
8362,2026-04-06,3555.0
8362,2026-04-13,3875.0
8362,2026-04-20,3460.0
8362,2026-04-27,3765.0
8362,2026-05-04,3940.0
8362,2026-05-11,4450.0
8362,2026-05-18,4645.0
8362,2026-05-25,4590.0
8362,2026-06-01,5390.0
8362,2026-06-08,5340.0
8362,2026-06-15,4960.0
8362,2026-06-22,5440.0
8362,2026-06-29,6010.0
8362,2026-07-06,5760.0
8362,2026-07-13,5630.0
8362,2026-07-20,6180.0
8362,2026-07-27,5680.0
8362,2026-08-03,6180.0
8362,2026-08-10,6720.0
8362,2026-08-17,6860.0
8362,2026-08-24,7210.0
8362,2026-08-31,7050.0
8362,2026-09-07,7680.0
8362,2026-09-14,7620.0
8367,2025-09-22,988.79
8367,2025-09-29,955.34
8367,2025-10-06,945.5
8367,2025-10-13,950.42
8367,2025-10-20,982.89
8367,2025-10-27,1009.45
8367,2025-11-03,1023.23
8367,2025-11-10,1040.94
8367,2025-11-17,1046.84
8367,2025-11-24,1113.74
8367,2025-12-01,1135.39
8367,2025-12-08,1137.35
8367,2025-12-15,1157.03
8367,2025-12-22,1151.13
8367,2025-12-29,1172.77
8367,2026-01-05,1221.97
8367,2026-01-12,1322.32
8367,2026-01-19,1340.03
8367,2026-01-26,1310.52
8367,2026-02-02,1414.81
8367,2026-02-09,1473.84
8367,2026-02-16,1473.84
8367,2026-02-23,1505.32
8367,2026-03-02,1442.35
8367,2026-03-09,1395.13
8367,2026-03-16,1403.0
8367,2026-03-23,1464.0
8367,2026-03-30,1466.0
8367,2026-04-06,1526.0
8367,2026-04-13,1561.0
8367,2026-04-20,1448.0
8367,2026-04-27,1466.0
8367,2026-05-04,1619.0
8367,2026-05-11,1655.0
8367,2026-05-18,1762.0
8367,2026-05-25,1686.0
8367,2026-06-01,1672.0
8367,2026-06-08,1780.0
8367,2026-06-15,1726.0
8367,2026-06-22,1756.0
8367,2026-06-29,1850.0
8367,2026-07-06,1859.0
8367,2026-07-13,1791.0
8367,2026-07-20,1922.0
8367,2026-07-27,1720.0
8367,2026-08-03,1808.0
8367,2026-08-10,1941.0
8367,2026-08-17,1872.0
8367,2026-08-24,1956.0
8367,2026-08-31,1970.0
8367,2026-09-07,1951.0
8367,2026-09-14,2003.0
8368,2025-09-22,893.9
8368,2025-09-29,891.93
8368,2025-10-06,884.04
8368,2025-10-13,918.57
8368,2025-10-20,920.54
8368,2025-10-27,942.25
8368,2025-11-03,938.3
8368,2025-11-10,956.06
8368,2025-11-17,980.73
8368,2025-11-24,1029.08
8368,2025-12-01,1035.98
8368,2025-12-08,1077.42
8368,2025-12-15,1111.95
8368,2025-12-22,1107.02
8368,2025-12-29,1130.7
8368,2026-01-05,1194.83
8368,2026-01-12,1313.23
8368,2026-01-19,1464.19
8368,2026-01-26,1384.27
8368,2026-02-02,1498.72
8368,2026-02-09,1536.21
8368,2026-02-16,1536.21
8368,2026-02-23,1677.3
8368,2026-03-02,1553.97
8368,2026-03-09,1507.6
8368,2026-03-16,1483.92
8368,2026-03-23,1552.0
8368,2026-03-30,1596.0
8368,2026-04-06,1805.0
8368,2026-04-13,1887.0
8368,2026-04-20,1692.0
8368,2026-04-27,1811.0
8368,2026-05-04,1809.0
8368,2026-05-11,1953.0
8368,2026-05-18,1972.0
8368,2026-05-25,1906.0
8368,2026-06-01,1924.0
8368,2026-06-08,1945.0
8368,2026-06-15,1890.0
8368,2026-06-22,1960.0
8368,2026-06-29,2081.0
8368,2026-07-06,2064.0
8368,2026-07-13,1924.0
8368,2026-07-20,2080.0
8368,2026-07-27,2017.0
8368,2026-08-03,2121.0
8368,2026-08-10,2308.0
8368,2026-08-17,2256.0
8368,2026-08-24,2443.0
8368,2026-08-31,2376.0
8368,2026-09-07,2399.0
8368,2026-09-14,2484.0
8370,2025-09-22,2873.97
8370,2025-09-29,2796.51
8370,2025-10-06,2768.07
8370,2025-10-13,2778.86
8370,2025-10-20,2923.98
8370,2025-10-27,2941.63
8370,2025-11-03,3005.36
8370,2025-11-10,2921.03
8370,2025-11-17,2892.6
8370,2025-11-24,3010.26
8370,2025-12-01,3049.49
8370,2025-12-08,3083.8
8370,2025-12-15,3191.66
8370,2025-12-22,3181.86
8370,2025-12-29,3196.57
8370,2026-01-05,3333.84
8370,2026-01-12,3500.53
8370,2026-01-19,3637.81
8370,2026-01-26,3696.64
8370,2026-02-02,4005.51
8370,2026-02-09,4083.96
8370,2026-02-16,4186.91
8370,2026-02-23,4201.62
8370,2026-03-02,3995.71
8370,2026-03-09,3789.79
8370,2026-03-16,3819.21
8370,2026-03-23,3981.0
8370,2026-03-30,4020.0
8370,2026-04-06,4210.0
8370,2026-04-13,4140.0
8370,2026-04-20,3885.0
8370,2026-04-27,4155.0
8370,2026-05-04,4200.0
8370,2026-05-11,4405.0
8370,2026-05-18,4525.0
8370,2026-05-25,4240.0
8370,2026-06-01,4320.0
8370,2026-06-08,4515.0
8370,2026-06-15,4430.0
8370,2026-06-22,4460.0
8370,2026-06-29,4550.0
8370,2026-07-06,4605.0
8370,2026-07-13,4550.0
8370,2026-07-20,4945.0
8370,2026-07-27,4690.0
8370,2026-08-03,4845.0
8370,2026-08-10,5070.0
8370,2026-08-17,4885.0
8370,2026-08-24,5100.0
8370,2026-08-31,5160.0
8370,2026-09-07,5060.0
8370,2026-09-14,5250.0
8387,2025-09-22,1425.64
8387,2025-09-29,1397.03
8387,2025-10-06,1378.29
8387,2025-10-13,1376.31
8387,2025-10-20,1400.98
8387,2025-10-27,1435.51
8387,2025-11-03,1471.03
8387,2025-11-10,1495.69
8387,2025-11-17,1507.53
8387,2025-11-24,1642.7
8387,2025-12-01,1627.9
8387,2025-12-08,1635.79
8387,2025-12-15,1694.99
8387,2025-12-22,1708.8
8387,2025-12-29,1734.45
8387,2026-01-05,1866.66
8387,2026-01-12,1951.51
8387,2026-01-19,2011.69
8387,2026-01-26,2007.74
8387,2026-02-02,2284.98
8387,2026-02-09,2309.64
8387,2026-02-16,2375.75
8387,2026-02-23,2420.14
8387,2026-03-02,2272.15
8387,2026-03-09,2253.41
8387,2026-03-16,2273.14
8387,2026-03-23,2357.0
8387,2026-03-30,2361.0
8387,2026-04-06,2477.0
8387,2026-04-13,2700.0
8387,2026-04-20,2489.0
8387,2026-04-27,2548.0
8387,2026-05-04,2552.0
8387,2026-05-11,2694.0
8387,2026-05-18,2826.0
8387,2026-05-25,2749.0
8387,2026-06-01,2750.0
8387,2026-06-08,2893.0
8387,2026-06-15,2750.0
8387,2026-06-22,2942.0
8387,2026-06-29,3140.0
8387,2026-07-06,3135.0
8387,2026-07-13,3095.0
8387,2026-07-20,3465.0
8387,2026-07-27,3330.0
8387,2026-08-03,3515.0
8387,2026-08-10,3545.0
8387,2026-08-17,3370.0
8387,2026-08-24,3615.0
8387,2026-08-31,3775.0
8387,2026-09-07,4125.0
8387,2026-09-14,4265.0
8388,2025-09-22,3560.03
8388,2025-09-29,3584.68
8388,2025-10-06,3495.93
8388,2025-10-13,3495.93
8388,2025-10-20,3545.24
8388,2025-10-27,3589.61
8388,2025-11-03,3643.85
8388,2025-11-10,3772.05
8388,2025-11-17,3860.81
8388,2025-11-24,4092.55
8388,2025-12-01,4161.59
8388,2025-12-08,4171.45
8388,2025-12-15,4289.79
8388,2025-12-22,4230.62
8388,2025-12-29,4324.3
8388,2026-01-05,4546.19
8388,2026-01-12,4916.0
8388,2026-01-19,4989.96
8388,2026-01-26,5118.16
8388,2026-02-02,5581.65
8388,2026-02-09,5709.85
8388,2026-02-16,5729.58
8388,2026-02-23,5907.08
8388,2026-03-02,5552.07
8388,2026-03-09,5384.42
8388,2026-03-16,5650.68
8388,2026-03-23,5877.5
8388,2026-03-30,6120.0
8388,2026-04-06,6510.0
8388,2026-04-13,6630.0
8388,2026-04-20,6170.0
8388,2026-04-27,6270.0
8388,2026-05-04,6160.0
8388,2026-05-11,6720.0
8388,2026-05-18,6870.0
8388,2026-05-25,6700.0
8388,2026-06-01,6750.0
8388,2026-06-08,6990.0
8388,2026-06-15,6820.0
8388,2026-06-22,7070.0
8388,2026-06-29,7540.0
8388,2026-07-06,7530.0
8388,2026-07-13,7630.0
8388,2026-07-20,8680.0
8388,2026-07-27,8340.0
8388,2026-08-03,8930.0
8388,2026-08-10,9320.0
8388,2026-08-17,9000.0
8388,2026-08-24,10200.0
8388,2026-08-31,9940.0
8388,2026-09-07,10190.0
8388,2026-09-14,10350.0
8392,2025-09-22,998.41
8392,2025-09-29,1001.39
8392,2025-10-06,955.78
8392,2025-10-13,961.73
8392,2025-10-20,993.46
8392,2025-10-27,1009.32
8392,2025-11-03,1029.15
8392,2025-11-10,1064.84
8392,2025-11-17,1048.98
8392,2025-11-24,1156.06
8392,2025-12-01,1221.5
8392,2025-12-08,1219.51
8392,2025-12-15,1259.17
8392,2025-12-22,1237.36
8392,2025-12-29,1286.93
8392,2026-01-05,1384.1
8392,2026-01-12,1487.21
8392,2026-01-19,1598.26
8392,2026-01-26,1622.05
8392,2026-02-02,1867.94
8392,2026-02-09,1895.7
8392,2026-02-16,1917.51
8392,2026-02-23,1988.9
8392,2026-03-02,1963.12
8392,2026-03-09,1873.89
8392,2026-03-16,1893.72
8392,2026-03-23,1977.0
8392,2026-03-30,1873.0
8392,2026-04-06,2110.0
8392,2026-04-13,2164.0
8392,2026-04-20,1980.0
8392,2026-04-27,2103.0
8392,2026-05-04,2132.0
8392,2026-05-11,2209.0
8392,2026-05-18,2258.0
8392,2026-05-25,2254.0
8392,2026-06-01,2241.0
8392,2026-06-08,2390.0
8392,2026-06-15,2264.0
8392,2026-06-22,2336.0
8392,2026-06-29,2547.0
8392,2026-07-06,2509.0
8392,2026-07-13,2443.0
8392,2026-07-20,2790.0
8392,2026-07-27,2565.0
8392,2026-08-03,2712.0
8392,2026-08-10,2843.0
8392,2026-08-17,2763.0
8392,2026-08-24,2902.0
8392,2026-08-31,2991.0
8392,2026-09-07,3040.0
8392,2026-09-14,3060.0
8393,2025-09-22,896.65
8393,2025-09-29,886.76
8393,2025-10-06,864.03
8393,2025-10-13,872.92
8393,2025-10-20,906.54
8393,2025-10-27,917.41
8393,2025-11-03,1008.36
8393,2025-11-10,1028.13
8393,2025-11-17,1020.22
8393,2025-11-24,1126.99
8393,2025-12-01,1178.4
8393,2025-12-08,1190.26
8393,2025-12-15,1227.83
8393,2025-12-22,1235.74
8393,2025-12-29,1293.07
8393,2026-01-05,1399.84
8393,2026-01-12,1494.75
8393,2026-01-19,1583.72
8393,2026-01-26,1536.27
8393,2026-02-02,1743.87
8393,2026-02-09,1872.39
8393,2026-02-16,1874.37
8393,2026-02-23,1921.82
8393,2026-03-02,1832.84
8393,2026-03-09,1741.89
8393,2026-03-16,1779.46
8393,2026-03-23,1906.0
8393,2026-03-30,1844.0
8393,2026-04-06,2017.0
8393,2026-04-13,2117.0
8393,2026-04-20,1929.0
8393,2026-04-27,1955.0
8393,2026-05-04,1952.0
8393,2026-05-11,1996.0
8393,2026-05-18,2050.0
8393,2026-05-25,1856.0
8393,2026-06-01,1943.0
8393,2026-06-08,2130.0
8393,2026-06-15,1998.0
8393,2026-06-22,2124.0
8393,2026-06-29,2222.0
8393,2026-07-06,2194.0
8393,2026-07-13,2147.0
8393,2026-07-20,2478.0
8393,2026-07-27,2339.0
8393,2026-08-03,2389.0
8393,2026-08-10,2497.0
8393,2026-08-17,2440.0
8393,2026-08-24,2544.0
8393,2026-08-31,2651.0
8393,2026-09-07,2693.0
8393,2026-09-14,2747.0
8395,2025-09-22,2998.1
8395,2025-09-29,2998.1
8395,2025-10-06,2993.16
8395,2025-10-13,3037.61
8395,2025-10-20,3111.7
8395,2025-10-27,3166.03
8395,2025-11-03,3175.91
8395,2025-11-10,3304.33
8395,2025-11-17,3353.72
8395,2025-11-24,3571.05
8395,2025-12-01,3694.53
8395,2025-12-08,3724.16
8395,2025-12-15,3832.83
8395,2025-12-22,3877.28
8395,2025-12-29,4000.76
8395,2026-01-05,4262.54
8395,2026-01-12,4519.38
8395,2026-01-19,4623.1
8395,2026-01-26,4534.19
8395,2026-02-02,4949.09
8395,2026-02-09,4998.48
8395,2026-02-16,5018.24
8395,2026-02-23,5117.02
8395,2026-03-02,4756.46
8395,2026-03-09,4608.28
8395,2026-03-16,4672.49
8395,2026-03-23,4875.0
8395,2026-03-30,4910.0
8395,2026-04-06,5240.0
8395,2026-04-13,5370.0
8395,2026-04-20,5050.0
8395,2026-04-27,5080.0
8395,2026-05-04,5080.0
8395,2026-05-11,5220.0
8395,2026-05-18,5290.0
8395,2026-05-25,5210.0
8395,2026-06-01,5280.0
8395,2026-06-08,5530.0
8395,2026-06-15,5130.0
8395,2026-06-22,5220.0
8395,2026-06-29,5470.0
8395,2026-07-06,5590.0
8395,2026-07-13,5340.0
8395,2026-07-20,5910.0
8395,2026-07-27,5600.0
8395,2026-08-03,5880.0
8395,2026-08-10,6380.0
8395,2026-08-17,6460.0
8395,2026-08-24,6630.0
8395,2026-08-31,6570.0
8395,2026-09-07,6600.0
8395,2026-09-14,6680.0
8399,2025-09-22,1416.15
8399,2025-09-29,1408.35
8399,2025-10-06,1380.11
8399,2025-10-13,1369.39
8399,2025-10-20,1530.1
8399,2025-10-27,1465.82
8399,2025-11-03,1480.43
8399,2025-11-10,1538.86
8399,2025-11-17,1571.98
8399,2025-11-24,1758.01
8399,2025-12-01,1728.79
8399,2025-12-08,1712.23
8399,2025-12-15,1784.3
8399,2025-12-22,1785.28
8399,2025-12-29,1801.84
8399,2026-01-05,1956.7
8399,2026-01-12,2101.82
8399,2026-01-19,2216.74
8399,2026-01-26,2142.72
8399,2026-02-02,2327.78
8399,2026-02-09,2402.77
8399,2026-02-16,2397.9
8399,2026-02-23,2389.14
8399,2026-03-02,2267.39
8399,2026-03-09,2210.9
8399,2026-03-16,2216.74
8399,2026-03-23,2282.0
8399,2026-03-30,2304.0
8399,2026-04-06,2409.0
8399,2026-04-13,2513.0
8399,2026-04-20,2455.0
8399,2026-04-27,2499.0
8399,2026-05-04,2466.0
8399,2026-05-11,2577.0
8399,2026-05-18,2603.0
8399,2026-05-25,2506.0
8399,2026-06-01,2461.0
8399,2026-06-08,2579.0
8399,2026-06-15,2478.0
8399,2026-06-22,2541.0
8399,2026-06-29,2651.0
8399,2026-07-06,2755.0
8399,2026-07-13,2729.0
8399,2026-07-20,2999.0
8399,2026-07-27,2943.0
8399,2026-08-03,3095.0
8399,2026-08-10,3295.0
8399,2026-08-17,3155.0
8399,2026-08-24,3290.0
8399,2026-08-31,3235.0
8399,2026-09-07,3220.0
8399,2026-09-14,3345.0
8522,2025-09-22,3368.35
8522,2025-09-29,3316.03
8522,2025-10-06,3379.79
8522,2025-10-13,3379.79
8522,2025-10-20,3634.87
8522,2025-10-27,3860.52
8522,2025-11-03,3909.57
8522,2025-11-10,3939.01
8522,2025-11-17,3924.29
8522,2025-11-24,4292.19
8522,2025-12-01,4341.25
8522,2025-12-08,4351.06
8522,2025-12-15,4419.73
8522,2025-12-22,4238.23
8522,2025-12-29,4272.57
8522,2026-01-05,4552.18
8522,2026-01-12,4758.2
8522,2026-01-19,4993.66
8522,2026-01-26,4797.44
8522,2026-02-02,5484.2
8522,2026-02-09,5631.36
8522,2026-02-16,5405.71
8522,2026-02-23,5817.76
8522,2026-03-02,5484.2
8522,2026-03-09,5258.55
8522,2026-03-16,5287.98
8522,2026-03-23,6220.0
8522,2026-03-30,5800.0
8522,2026-04-06,5880.0
8522,2026-04-13,5990.0
8522,2026-04-20,5690.0
8522,2026-04-27,5780.0
8522,2026-05-04,5830.0
8522,2026-05-11,6150.0
8522,2026-05-18,6060.0
8522,2026-05-25,5860.0
8522,2026-06-01,5840.0
8522,2026-06-08,5970.0
8522,2026-06-15,5800.0
8522,2026-06-22,5910.0
8522,2026-06-29,6300.0
8522,2026-07-06,6460.0
8522,2026-07-13,6260.0
8522,2026-07-20,6890.0
8522,2026-07-27,6510.0
8522,2026-08-03,6450.0
8522,2026-08-10,6870.0
8522,2026-08-17,6980.0
8522,2026-08-24,7180.0
8522,2026-08-31,7140.0
8522,2026-09-07,7150.0
8522,2026-09-14,7190.0
8524,2025-09-22,717.28
8524,2025-09-29,698.24
8524,2025-10-06,685.55
8524,2025-10-13,670.9
8524,2025-10-20,706.05
8524,2025-10-27,705.08
8524,2025-11-03,715.82
8524,2025-11-10,723.63
8524,2025-11-17,732.42
8524,2025-11-24,806.64
8524,2025-12-01,814.45
8524,2025-12-08,806.64
8524,2025-12-15,832.03
8524,2025-12-22,821.29
8524,2025-12-29,834.57
8524,2026-01-05,908.39
8524,2026-01-12,945.79
8524,2026-01-19,926.1
8524,2026-01-26,906.42
8524,2026-02-02,961.53
8524,2026-02-09,997.95
8524,2026-02-16,1031.41
8524,2026-02-23,1080.62
8524,2026-03-02,987.12
8524,2026-03-09,932.01
8524,2026-03-16,916.26
8524,2026-03-23,956.61
8524,2026-03-30,990.87
8524,2026-04-06,1035.54
8524,2026-04-13,1038.52
8524,2026-04-20,923.35
8524,2026-04-27,982.92
8524,2026-05-04,973.99
8524,2026-05-11,987.89
8524,2026-05-18,999.8
8524,2026-05-25,966.04
8524,2026-06-01,985.9
8524,2026-06-08,1012.71
8524,2026-06-15,1009.73
8524,2026-06-22,1111.0
8524,2026-06-29,1141.0
8524,2026-07-06,1170.0
8524,2026-07-13,1114.0
8524,2026-07-20,1217.0
8524,2026-07-27,1157.0
8524,2026-08-03,1221.0
8524,2026-08-10,1301.0
8524,2026-08-17,1261.0
8524,2026-08-24,1306.0
8524,2026-08-31,1318.0
8524,2026-09-07,1298.0
8524,2026-09-14,1340.0
8537,2025-09-22,1690.63
8537,2025-09-29,1663.25
8537,2025-10-06,1645.65
8537,2025-10-13,1629.02
8537,2025-10-20,1693.56
8537,2025-10-27,1706.27
8537,2025-11-03,1685.74
8537,2025-11-10,1684.76
8537,2025-11-17,1674.98
8537,2025-11-24,1811.87
8537,2025-12-01,1912.59
8537,2025-12-08,1908.68
8537,2025-12-15,1909.65
8537,2025-12-22,2043.61
8537,2025-12-29,2023.08
8537,2026-01-05,2275.35
8537,2026-01-12,2406.38
8537,2026-01-19,2436.69
8537,2026-01-26,2316.42
8537,2026-02-02,2461.14
8537,2026-02-09,2546.2
8537,2026-02-16,2829.77
8537,2026-02-23,2832.7
8537,2026-03-02,2576.52
8537,2026-03-09,2447.45
8537,2026-03-16,2417.13
8537,2026-03-23,2379.0
8537,2026-03-30,2375.0
8537,2026-04-06,2539.0
8537,2026-04-13,2617.0
8537,2026-04-20,2393.0
8537,2026-04-27,2506.0
8537,2026-05-04,2592.0
8537,2026-05-11,2740.0
8537,2026-05-18,2981.0
8537,2026-05-25,2834.0
8537,2026-06-01,2807.0
8537,2026-06-08,2841.0
8537,2026-06-15,2721.0
8537,2026-06-22,2740.0
8537,2026-06-29,2843.0
8537,2026-07-06,2721.0
8537,2026-07-13,2633.0
8537,2026-07-20,2889.0
8537,2026-07-27,2592.0
8537,2026-08-03,2695.0
8537,2026-08-10,2945.0
8537,2026-08-17,2978.0
8537,2026-08-24,3055.0
8537,2026-08-31,3155.0
8537,2026-09-07,3125.0
8537,2026-09-14,3240.0
8541,2025-09-22,1195.48
8541,2025-09-29,1162.08
8541,2025-10-06,1133.59
8541,2025-10-13,1135.56
8541,2025-10-20,1202.36
8541,2025-10-27,1227.9
8541,2025-11-03,1227.9
8541,2025-11-10,1234.77
8541,2025-11-17,1242.63
8541,2025-11-24,1293.71
8541,2025-12-01,1341.85
8541,2025-12-08,1369.35
8541,2025-12-15,1382.12
8541,2025-12-22,1443.02
8541,2025-12-29,1463.65
8541,2026-01-05,1541.26
8541,2026-01-12,1639.49
8541,2026-01-19,1710.21
8541,2026-01-26,1667.97
8541,2026-02-02,1786.83
8541,2026-02-09,1918.47
8541,2026-02-16,1874.26
8541,2026-02-23,1859.53
8541,2026-03-02,1705.3
8541,2026-03-09,1587.42
8541,2026-03-16,1553.04
8541,2026-03-23,1611.0
8541,2026-03-30,1609.0
8541,2026-04-06,1721.0
8541,2026-04-13,1836.0
8541,2026-04-20,1722.0
8541,2026-04-27,1790.0
8541,2026-05-04,1857.0
8541,2026-05-11,1913.0
8541,2026-05-18,1984.0
8541,2026-05-25,1934.0
8541,2026-06-01,1992.0
8541,2026-06-08,2044.0
8541,2026-06-15,1945.0
8541,2026-06-22,2053.0
8541,2026-06-29,2210.0
8541,2026-07-06,2239.0
8541,2026-07-13,2317.0
8541,2026-07-20,2794.0
8541,2026-07-27,2781.0
8541,2026-08-03,2853.0
8541,2026-08-10,3065.0
8541,2026-08-17,3260.0
8541,2026-08-24,3215.0
8541,2026-08-31,3210.0
8541,2026-09-07,3295.0
8541,2026-09-14,3340.0
8550,2025-09-22,488.36
8550,2025-09-29,493.28
8550,2025-10-06,477.53
8550,2025-10-13,470.64
8550,2025-10-20,492.3
8550,2025-10-27,541.53
8550,2025-11-03,567.13
8550,2025-11-10,609.47
8550,2025-11-17,605.53
8550,2025-11-24,681.34
8550,2025-12-01,702.02
8550,2025-12-08,716.79
8550,2025-12-15,705.96
8550,2025-12-22,710.88
8550,2025-12-29,714.82
8550,2026-01-05,780.79
8550,2026-01-12,854.63
8550,2026-01-19,900.91
8550,2026-01-26,823.12
8550,2026-02-02,982.63
8550,2026-02-09,990.51
8550,2026-02-16,986.57
8550,2026-02-23,1001.34
8550,2026-03-02,912.72
8550,2026-03-09,885.15
8550,2026-03-16,888.11
8550,2026-03-23,895.0
8550,2026-03-30,902.0
8550,2026-04-06,953.0
8550,2026-04-13,1020.0
8550,2026-04-20,909.0
8550,2026-04-27,963.0
8550,2026-05-04,959.0
8550,2026-05-11,937.0
8550,2026-05-18,972.0
8550,2026-05-25,944.0
8550,2026-06-01,930.0
8550,2026-06-08,971.0
8550,2026-06-15,921.0
8550,2026-06-22,915.0
8550,2026-06-29,974.0
8550,2026-07-06,976.0
8550,2026-07-13,933.0
8550,2026-07-20,1028.0
8550,2026-07-27,951.0
8550,2026-08-03,1028.0
8550,2026-08-10,1117.0
8550,2026-08-17,1041.0
8550,2026-08-24,1094.0
8550,2026-08-31,1101.0
8550,2026-09-07,1074.0
8550,2026-09-14,1124.0
8551,2025-09-22,3808.74
8551,2025-09-29,3646.25
8551,2025-10-06,3553.26
8551,2025-10-13,3519.0
8551,2025-10-20,3665.82
8551,2025-10-27,3695.19
8551,2025-11-03,3675.61
8551,2025-11-10,4023.11
8551,2025-11-17,4116.1
8551,2025-11-24,4287.4
8551,2025-12-01,4204.2
8551,2025-12-08,4199.3
8551,2025-12-15,4238.46
8551,2025-12-22,4292.29
8551,2025-12-29,4424.44
8551,2026-01-05,4644.68
8551,2026-01-12,4904.08
8551,2026-01-19,4972.6
8551,2026-01-26,4585.95
8551,2026-02-02,4889.4
8551,2026-02-09,5119.43
8551,2026-02-16,5099.85
8551,2026-02-23,5187.95
8551,2026-03-02,4757.25
8551,2026-03-09,4561.48
8551,2026-03-16,4507.64
8551,2026-03-23,4630.0
8551,2026-03-30,4675.0
8551,2026-04-06,4900.0
8551,2026-04-13,5040.0
8551,2026-04-20,4660.0
8551,2026-04-27,4755.0
8551,2026-05-04,4785.0
8551,2026-05-11,5240.0
8551,2026-05-18,5500.0
8551,2026-05-25,5440.0
8551,2026-06-01,5320.0
8551,2026-06-08,5410.0
8551,2026-06-15,5200.0
8551,2026-06-22,5260.0
8551,2026-06-29,5680.0
8551,2026-07-06,5700.0
8551,2026-07-13,6030.0
8551,2026-07-20,6790.0
8551,2026-07-27,6650.0
8551,2026-08-03,6710.0
8551,2026-08-10,7380.0
8551,2026-08-17,7490.0
8551,2026-08-24,8080.0
8551,2026-08-31,8000.0
8551,2026-09-07,8480.0
8551,2026-09-14,8600.0
8563,2025-09-22,762.05
8563,2025-09-29,741.87
8563,2025-10-06,738.03
8563,2025-10-13,728.42
8563,2025-10-20,738.99
8563,2025-10-27,749.56
8563,2025-11-03,746.68
8563,2025-11-10,752.44
8563,2025-11-17,744.76
8563,2025-11-24,761.09
8563,2025-12-01,775.51
8563,2025-12-08,788.96
8563,2025-12-15,806.26
8563,2025-12-22,835.09
8563,2025-12-29,871.6
8563,2026-01-05,909.08
8563,2026-01-12,935.03
8563,2026-01-19,947.52
8563,2026-01-26,960.98
8563,2026-02-02,1032.09
8563,2026-02-09,1093.59
8563,2026-02-16,1133.95
8563,2026-02-23,1157.01
8563,2026-03-02,1048.42
8563,2026-03-09,992.69
8563,2026-03-16,964.82
8563,2026-03-23,985.0
8563,2026-03-30,983.0
8563,2026-04-06,1002.0
8563,2026-04-13,1018.0
8563,2026-04-20,958.0
8563,2026-04-27,956.0
8563,2026-05-04,967.0
8563,2026-05-11,990.0
8563,2026-05-18,1020.0
8563,2026-05-25,979.0
8563,2026-06-01,958.0
8563,2026-06-08,968.0
8563,2026-06-15,956.0
8563,2026-06-22,946.0
8563,2026-06-29,978.0
8563,2026-07-06,982.0
8563,2026-07-13,989.0
8563,2026-07-20,1045.0
8563,2026-07-27,1020.0
8563,2026-08-03,1049.0
8563,2026-08-10,1095.0
8563,2026-08-17,1107.0
8563,2026-08-24,1152.0
8563,2026-08-31,1179.0
8563,2026-09-07,1177.0
8563,2026-09-14,1195.0
8600,2025-09-22,662.72
8600,2025-09-29,647.95
8600,2025-10-06,645.98
8600,2025-10-13,639.09
8600,2025-10-20,667.64
8600,2025-10-27,672.57
8600,2025-11-03,694.23
8600,2025-11-10,685.37
8600,2025-11-17,692.26
8600,2025-11-24,736.57
8600,2025-12-01,738.54
8600,2025-12-08,743.47
8600,2025-12-15,751.34
8600,2025-12-22,753.31
8600,2025-12-29,772.02
8600,2026-01-05,798.61
8600,2026-01-12,854.74
8600,2026-01-19,860.65
8600,2026-01-26,859.66
8600,2026-02-02,917.76
8600,2026-02-09,949.27
8600,2026-02-16,961.09
8600,2026-02-23,967.98
8600,2026-03-02,884.28
8600,2026-03-09,845.88
8600,2026-03-16,838.98
8600,2026-03-23,838.0
8600,2026-03-30,888.0
8600,2026-04-06,924.0
8600,2026-04-13,939.0
8600,2026-04-20,866.0
8600,2026-04-27,892.0
8600,2026-05-04,889.0
8600,2026-05-11,878.0
8600,2026-05-18,888.0
8600,2026-05-25,876.0
8600,2026-06-01,852.0
8600,2026-06-08,890.0
8600,2026-06-15,861.0
8600,2026-06-22,876.0
8600,2026-06-29,895.0
8600,2026-07-06,910.0
8600,2026-07-13,908.0
8600,2026-07-20,1024.0
8600,2026-07-27,997.0
8600,2026-08-03,1078.0
8600,2026-08-10,1118.0
8600,2026-08-17,1083.0
8600,2026-08-24,1143.0
8600,2026-08-31,1136.0
8600,2026-09-07,1137.0
8600,2026-09-14,1171.0
8609,2025-09-22,660.08
8609,2025-09-29,633.64
8609,2025-10-06,637.42
8609,2025-10-13,646.86
8609,2025-10-20,653.47
8609,2025-10-27,653.47
8609,2025-11-03,640.25
8609,2025-11-10,674.24
8609,2025-11-17,677.08
8609,2025-11-24,682.74
8609,2025-12-01,678.97
8609,2025-12-08,695.96
8609,2025-12-15,691.24
8609,2025-12-22,711.07
8609,2025-12-29,710.13
8609,2026-01-05,748.85
8609,2026-01-12,827.22
8609,2026-01-19,820.61
8609,2026-01-26,834.78
8609,2026-02-02,879.16
8609,2026-02-09,900.88
8609,2026-02-16,902.77
8609,2026-02-23,941.49
8609,2026-03-02,827.22
8609,2026-03-09,802.67
8609,2026-03-16,825.34
8609,2026-03-23,848.0
8609,2026-03-30,866.0
8609,2026-04-06,903.0
8609,2026-04-13,911.0
8609,2026-04-20,883.0
8609,2026-04-27,905.0
8609,2026-05-04,890.0
8609,2026-05-11,930.0
8609,2026-05-18,918.0
8609,2026-05-25,941.0
8609,2026-06-01,938.0
8609,2026-06-08,941.0
8609,2026-06-15,949.0
8609,2026-06-22,959.0
8609,2026-06-29,997.0
8609,2026-07-06,1016.0
8609,2026-07-13,1022.0
8609,2026-07-20,1056.0
8609,2026-07-27,1115.0
8609,2026-08-03,1115.0
8609,2026-08-10,1115.0
8609,2026-08-17,1157.0
8609,2026-08-24,1254.0
8609,2026-08-31,1238.0
8609,2026-09-07,1221.0
8609,2026-09-14,1265.0
8713,2025-09-22,1594.35
8713,2025-09-29,1544.82
8713,2025-10-06,1520.3
8713,2025-10-13,1524.22
8713,2025-10-20,1556.59
8713,2025-10-27,1623.29
8713,2025-11-03,1628.19
8713,2025-11-10,1636.04
8713,2025-11-17,1672.33
8713,2025-11-24,1715.49
8713,2025-12-01,1738.04
8713,2025-12-08,1756.68
8713,2025-12-15,1800.82
8713,2025-12-22,1835.15
8713,2025-12-29,1865.55
8713,2026-01-05,1984.24
8713,2026-01-12,2041.12
8713,2026-01-19,2022.49
8713,2026-01-26,1963.64
8713,2026-02-02,2131.36
8713,2026-02-09,2156.86
8713,2026-02-16,2142.15
8713,2026-02-23,2148.04
8713,2026-03-02,1959.71
8713,2026-03-09,1890.07
8713,2026-03-16,1873.4
8713,2026-03-23,1919.5
8713,2026-03-30,1909.0
8713,2026-04-06,1942.0
8713,2026-04-13,2023.0
8713,2026-04-20,1892.0
8713,2026-04-27,1916.0
8713,2026-05-04,1986.0
8713,2026-05-11,1944.0
8713,2026-05-18,2011.0
8713,2026-05-25,1944.0
8713,2026-06-01,1956.0
8713,2026-06-08,2038.0
8713,2026-06-15,1953.0
8713,2026-06-22,1910.0
8713,2026-06-29,2005.0
8713,2026-07-06,2034.0
8713,2026-07-13,2010.0
8713,2026-07-20,2132.0
8713,2026-07-27,2160.0
8713,2026-08-03,2454.0
8713,2026-08-10,2630.0
8713,2026-08-17,2742.0
8713,2026-08-24,2878.0
8713,2026-08-31,2817.0
8713,2026-09-07,2755.0
8713,2026-09-14,2816.0
8739,2025-09-22,1555.3
8739,2025-09-29,1479.01
8739,2025-10-06,1570.55
8739,2025-10-13,1479.96
8739,2025-10-20,1499.99
8739,2025-10-27,1484.73
8739,2025-11-03,1405.58
8739,2025-11-10,1428.47
8739,2025-11-17,1424.65
8739,2025-11-24,1443.73
8739,2025-12-01,1414.17
8739,2025-12-08,1379.84
8739,2025-12-15,1430.38
8739,2025-12-22,1525.73
8739,2025-12-29,1544.81
8739,2026-01-05,1610.6
8739,2026-01-12,1679.26
8739,2026-01-19,1627.77
8739,2026-01-26,1568.65
8739,2026-02-02,1930.05
8739,2026-02-09,1916.7
8739,2026-02-16,1966.29
8739,2026-02-23,2026.37
8739,2026-03-02,1904.31
8739,2026-03-09,1832.79
8739,2026-03-16,1830.88
8739,2026-03-23,1849.0
8739,2026-03-30,1918.0
8739,2026-04-06,1984.0
8739,2026-04-13,1968.0
8739,2026-04-20,1908.0
8739,2026-04-27,1914.0
8739,2026-05-04,2039.0
8739,2026-05-11,2137.0
8739,2026-05-18,2155.0
8739,2026-05-25,2126.0
8739,2026-06-01,2173.0
8739,2026-06-08,2145.0
8739,2026-06-15,2140.0
8739,2026-06-22,2161.0
8739,2026-06-29,2299.0
8739,2026-07-06,2256.0
8739,2026-07-13,2240.0
8739,2026-07-20,2227.0
8739,2026-07-27,2255.0
8739,2026-08-03,2472.0
8739,2026-08-10,2524.0
8739,2026-08-17,2538.0
8739,2026-08-24,2626.0
8739,2026-08-31,2644.0
8739,2026-09-07,2552.0
8739,2026-09-14,2680.0
8848,2025-09-22,710.62
8848,2025-09-29,685.81
8848,2025-10-06,663.98
8848,2025-10-13,633.21
8848,2025-10-20,644.13
8848,2025-10-27,625.27
8848,2025-11-03,645.12
8848,2025-11-10,659.02
8848,2025-11-17,646.11
8848,2025-11-24,645.12
8848,2025-12-01,635.2
8848,2025-12-08,641.15
8848,2025-12-15,660.01
8848,2025-12-22,657.03
8848,2025-12-29,653.06
8848,2026-01-05,679.86
8848,2026-01-12,688.79
8848,2026-01-19,682.83
8848,2026-01-26,684.82
8848,2026-02-02,711.62
8848,2026-02-09,718.56
8848,2026-02-16,714.59
8848,2026-02-23,738.41
8848,2026-03-02,705.66
8848,2026-03-09,647.11
8848,2026-03-16,669.93
8848,2026-03-23,661.0
8848,2026-03-30,646.0
8848,2026-04-06,668.0
8848,2026-04-13,682.0
8848,2026-04-20,673.0
8848,2026-04-27,651.0
8848,2026-05-04,644.0
8848,2026-05-11,642.0
8848,2026-05-18,634.0
8848,2026-05-25,623.0
8848,2026-06-01,618.0
8848,2026-06-08,618.0
8848,2026-06-15,618.0
8848,2026-06-22,642.0
8848,2026-06-29,648.0
8848,2026-07-06,666.0
8848,2026-07-13,661.0
8848,2026-07-20,650.0
8848,2026-07-27,677.0
8848,2026-08-03,674.0
8848,2026-08-10,620.0
8848,2026-08-17,641.0
8848,2026-08-24,634.0
8848,2026-08-31,653.0
8848,2026-09-07,657.0
8848,2026-09-14,1060.0
9101,2025-09-22,5116.22
9101,2025-09-29,4951.5
9101,2025-10-06,4880.91
9101,2025-10-13,4951.5
9101,2025-10-20,5107.4
9101,2025-10-27,5227.02
9101,2025-11-03,4931.89
9101,2025-11-10,4876.98
9101,2025-11-17,4855.41
9101,2025-11-24,4853.45
9101,2025-12-01,4736.77
9101,2025-12-08,4852.47
9101,2025-12-15,4802.47
9101,2025-12-22,4926.99
9101,2025-12-29,4978.96
9101,2026-01-05,5171.13
9101,2026-01-12,5049.55
9101,2026-01-19,4923.07
9101,2026-01-26,4973.07
9101,2026-02-02,4952.48
9101,2026-02-09,4950.52
9101,2026-02-16,5113.28
9101,2026-02-23,5264.28
9101,2026-03-02,5432.92
9101,2026-03-09,5529.99
9101,2026-03-16,6020.24
9101,2026-03-23,5781.0
9101,2026-03-30,6164.0
9101,2026-04-06,6163.0
9101,2026-04-13,6096.0
9101,2026-04-20,5874.0
9101,2026-04-27,5629.0
9101,2026-05-04,5571.0
9101,2026-05-11,5498.0
9101,2026-05-18,5391.0
9101,2026-05-25,5313.0
9101,2026-06-01,5609.0
9101,2026-06-08,5630.0
9101,2026-06-15,5152.0
9101,2026-06-22,5265.0
9101,2026-06-29,5211.0
9101,2026-07-06,5286.0
9101,2026-07-13,5706.0
9101,2026-07-20,5946.0
9101,2026-07-27,6110.0
9101,2026-08-03,6115.0
9101,2026-08-10,6400.0
9101,2026-08-17,7101.0
9101,2026-08-24,7115.0
9101,2026-08-31,7158.0
9101,2026-09-07,7262.0
9101,2026-09-14,7566.0
9251,2025-09-22,1305.05
9251,2025-09-29,1273.55
9251,2025-10-06,1247.77
9251,2025-10-13,1240.13
9251,2025-10-20,1256.36
9251,2025-10-27,1097.0
9251,2025-11-03,1067.0
9251,2025-11-10,1092.0
9251,2025-11-17,1087.0
9251,2025-11-24,1112.0
9251,2025-12-01,1100.0
9251,2025-12-08,1102.0
9251,2025-12-15,1155.0
9251,2025-12-22,1183.0
9251,2025-12-29,1204.0
9251,2026-01-05,1233.0
9251,2026-01-12,1209.0
9251,2026-01-19,1207.0
9251,2026-01-26,1208.0
9251,2026-02-02,1206.0
9251,2026-02-09,1223.0
9251,2026-02-16,1250.0
9251,2026-02-23,1275.0
9251,2026-03-02,1278.0
9251,2026-03-09,1255.0
9251,2026-03-16,1274.0
9251,2026-03-23,1258.0
9251,2026-03-30,1240.0
9251,2026-04-06,1219.0
9251,2026-04-13,1216.0
9251,2026-04-20,1201.0
9251,2026-04-27,1202.0
9251,2026-05-04,1208.0
9251,2026-05-11,1196.0
9251,2026-05-18,1202.0
9251,2026-05-25,1205.0
9251,2026-06-01,1211.0
9251,2026-06-08,1204.0
9251,2026-06-15,1254.0
9251,2026-06-22,1276.0
9251,2026-06-29,1326.0
9251,2026-07-06,1324.0
9251,2026-07-13,1340.0
9251,2026-07-20,1332.0
9251,2026-07-27,1367.0
9251,2026-08-03,1383.0
9251,2026-08-10,1402.0
9251,2026-08-17,1500.0
9251,2026-08-24,1580.0
9251,2026-08-31,1567.0
9251,2026-09-07,1507.0
9251,2026-09-14,1649.0
9274,2025-09-22,781.71
9274,2025-09-29,750.37
9274,2025-10-06,733.71
9274,2025-10-13,753.31
9274,2025-10-20,784.65
9274,2025-10-27,747.43
9274,2025-11-03,761.14
9274,2025-11-10,764.08
9274,2025-11-17,707.27
9274,2025-11-24,734.69
9274,2025-12-01,711.18
9274,2025-12-08,747.43
9274,2025-12-15,777.8
9274,2025-12-22,789.55
9274,2025-12-29,807.18
9274,2026-01-05,845.39
9274,2026-01-12,865.96
9274,2026-01-19,857.14
9274,2026-01-26,864.98
9274,2026-02-02,900.24
9274,2026-02-09,893.39
9274,2026-02-16,888.49
9274,2026-02-23,915.92
9274,2026-03-02,891.43
9274,2026-03-09,859.1
9274,2026-03-16,849.31
9274,2026-03-23,864.0
9274,2026-03-30,903.0
9274,2026-04-06,915.0
9274,2026-04-13,976.0
9274,2026-04-20,941.0
9274,2026-04-27,974.0
9274,2026-05-04,997.0
9274,2026-05-11,971.0
9274,2026-05-18,1007.0
9274,2026-05-25,1010.0
9274,2026-06-01,935.0
9274,2026-06-08,949.0
9274,2026-06-15,1018.0
9274,2026-06-22,1009.0
9274,2026-06-29,1032.0
9274,2026-07-06,1032.0
9274,2026-07-13,1047.0
9274,2026-07-20,1088.0
9274,2026-07-27,1110.0
9274,2026-08-03,1118.0
9274,2026-08-10,1095.0
9274,2026-08-17,1122.0
9274,2026-08-24,1105.0
9274,2026-08-31,1097.0
9274,2026-09-07,1093.0
9274,2026-09-14,1134.0
9308,2025-09-22,1660.34
9308,2025-09-29,1625.5
9308,2025-10-06,1592.65
9308,2025-10-13,1568.76
9308,2025-10-20,1599.62
9308,2025-10-27,1559.8
9308,2025-11-03,1550.84
9308,2025-11-10,1415.47
9308,2025-11-17,1391.58
9308,2025-11-24,1451.3
9308,2025-12-01,1452.3
9308,2025-12-08,1356.74
9308,2025-12-15,1340.81
9308,2025-12-22,1361.72
9308,2025-12-29,1365.7
9308,2026-01-05,1380.63
9308,2026-01-12,1365.7
9308,2026-01-19,1328.87
9308,2026-01-26,1289.05
9308,2026-02-02,1287.06
9308,2026-02-09,1500.08
9308,2026-02-16,1538.9
9308,2026-02-23,1640.43
9308,2026-03-02,1631.47
9308,2026-03-09,1598.62
9308,2026-03-16,1589.67
9308,2026-03-23,1502.07
9308,2026-03-30,1535.0
9308,2026-04-06,1541.0
9308,2026-04-13,1593.0
9308,2026-04-20,1452.0
9308,2026-04-27,1516.0
9308,2026-05-04,1531.0
9308,2026-05-11,1614.0
9308,2026-05-18,1554.0
9308,2026-05-25,1618.0
9308,2026-06-01,1542.0
9308,2026-06-08,1529.0
9308,2026-06-15,1505.0
9308,2026-06-22,1440.0
9308,2026-06-29,1467.0
9308,2026-07-06,1588.0
9308,2026-07-13,1656.0
9308,2026-07-20,1736.0
9308,2026-07-27,1890.0
9308,2026-08-03,1936.0
9308,2026-08-10,2059.0
9308,2026-08-17,2097.0
9308,2026-08-24,2135.0
9308,2026-08-31,2081.0
9308,2026-09-07,2096.0
9308,2026-09-14,2350.0
9366,2025-09-22,859.76
9366,2025-09-29,831.87
9366,2025-10-06,831.87
9366,2025-10-13,824.18
9366,2025-10-20,825.14
9366,2025-10-27,823.22
9366,2025-11-03,818.41
9366,2025-11-10,828.03
9366,2025-11-17,812.64
9366,2025-11-24,813.6
9366,2025-12-01,838.6
9366,2025-12-08,833.8
9366,2025-12-15,860.72
9366,2025-12-22,870.34
9366,2025-12-29,879.96
9366,2026-01-05,884.77
9366,2026-01-12,891.5
9366,2026-01-19,876.11
9366,2026-01-26,875.15
9366,2026-02-02,866.49
9366,2026-02-09,887.65
9366,2026-02-16,922.27
9366,2026-02-23,937.66
9366,2026-03-02,894.38
9366,2026-03-09,880.92
9366,2026-03-16,866.49
9366,2026-03-23,904.0
9366,2026-03-30,923.0
9366,2026-04-06,917.0
9366,2026-04-13,940.0
9366,2026-04-20,935.0
9366,2026-04-27,931.0
9366,2026-05-04,935.0
9366,2026-05-11,950.0
9366,2026-05-18,991.0
9366,2026-05-25,976.0
9366,2026-06-01,960.0
9366,2026-06-08,975.0
9366,2026-06-15,1019.0
9366,2026-06-22,993.0
9366,2026-06-29,1000.0
9366,2026-07-06,1050.0
9366,2026-07-13,1020.0
9366,2026-07-20,1029.0
9366,2026-07-27,1026.0
9366,2026-08-03,1034.0
9366,2026-08-10,1108.0
9366,2026-08-17,1102.0
9366,2026-08-24,1087.0
9366,2026-08-31,1123.0
9366,2026-09-07,1119.0
9366,2026-09-14,1226.0
9432,2025-09-22,153.84
9432,2025-09-29,152.02
9432,2025-10-06,150.25
9432,2025-10-13,155.66
9432,2025-10-20,157.14
9432,2025-10-27,155.76
9432,2025-11-03,148.68
9432,2025-11-10,148.68
9432,2025-11-17,151.63
9432,2025-11-24,153.2
9432,2025-12-01,151.33
9432,2025-12-08,152.91
9432,2025-12-15,154.38
9432,2025-12-22,156.15
9432,2025-12-29,155.07
9432,2026-01-05,156.45
9432,2026-01-12,154.48
9432,2026-01-19,154.88
9432,2026-01-26,152.32
9432,2026-02-02,149.96
9432,2026-02-09,152.02
9432,2026-02-16,148.48
9432,2026-02-23,150.75
9432,2026-03-02,148.58
9432,2026-03-09,152.12
9432,2026-03-16,155.96
9432,2026-03-23,156.35
9432,2026-03-30,157.8
9432,2026-04-06,153.1
9432,2026-04-13,154.0
9432,2026-04-20,151.5
9432,2026-04-27,152.0
9432,2026-05-04,150.2
9432,2026-05-11,151.8
9432,2026-05-18,152.6
9432,2026-05-25,149.5
9432,2026-06-01,146.0
9432,2026-06-08,148.0
9432,2026-06-15,144.4
9432,2026-06-22,144.3
9432,2026-06-29,146.1
9432,2026-07-06,147.6
9432,2026-07-13,151.1
9432,2026-07-20,151.3
9432,2026-07-27,152.4
9432,2026-08-03,158.5
9432,2026-08-10,162.7
9432,2026-08-17,166.1
9432,2026-08-24,168.6
9432,2026-08-31,172.6
9432,2026-09-07,175.7
9432,2026-09-14,180.0
9436,2025-09-22,2606.71
9436,2025-09-29,2590.87
9436,2025-10-06,2601.76
9436,2025-10-13,2596.81
9436,2025-10-20,2626.51
9436,2025-10-27,2547.31
9436,2025-11-03,2579.98
9436,2025-11-10,2712.64
9436,2025-11-17,2739.37
9436,2025-11-24,2776.99
9436,2025-12-01,2735.41
9436,2025-12-08,2778.97
9436,2025-12-15,2767.09
9436,2025-12-22,2776.0
9436,2025-12-29,2803.72
9436,2026-01-05,2823.52
9436,2026-01-12,2910.64
9436,2026-01-19,3103.69
9436,2026-01-26,3207.65
9436,2026-02-02,3247.25
9436,2026-02-09,3187.85
9436,2026-02-16,3272.0
9436,2026-02-23,3321.5
9436,2026-03-02,3351.2
9436,2026-03-09,3375.95
9436,2026-03-16,3395.75
9436,2026-03-23,3470.0
9436,2026-03-30,3510.0
9436,2026-04-06,3425.0
9436,2026-04-13,3410.0
9436,2026-04-20,3375.0
9436,2026-04-27,3285.0
9436,2026-05-04,3185.0
9436,2026-05-11,3395.0
9436,2026-05-18,3570.0
9436,2026-05-25,3550.0
9436,2026-06-01,3665.0
9436,2026-06-08,3740.0
9436,2026-06-15,3650.0
9436,2026-06-22,3685.0
9436,2026-06-29,3845.0
9436,2026-07-06,3745.0
9436,2026-07-13,3735.0
9436,2026-07-20,3825.0
9436,2026-07-27,3870.0
9436,2026-08-03,4135.0
9436,2026-08-10,4000.0
9436,2026-08-17,4000.0
9436,2026-08-24,4110.0
9436,2026-08-31,4170.0
9436,2026-09-07,4310.0
9436,2026-09-14,4450.0
9505,2025-09-22,857.52
9505,2025-09-29,851.21
9505,2025-10-06,858.51
9505,2025-10-13,885.63
9505,2025-10-20,875.08
9505,2025-10-27,846.37
9505,2025-11-03,848.25
9505,2025-11-10,898.06
9505,2025-11-17,924.7
9505,2025-11-24,1002.73
9505,2025-12-01,938.31
9505,2025-12-08,949.66
9505,2025-12-15,957.65
9505,2025-12-22,963.76
9505,2025-12-29,962.78
9505,2026-01-05,965.64
9505,2026-01-12,1010.12
9505,2026-01-19,990.4
9505,2026-01-26,963.96
9505,2026-02-02,998.29
9505,2026-02-09,1025.41
9505,2026-02-16,1061.91
9505,2026-02-23,1092.49
9505,2026-03-02,1027.88
9505,2026-03-09,1038.24
9505,2026-03-16,1073.26
9505,2026-03-23,1092.0
9505,2026-03-30,1115.0
9505,2026-04-06,1105.0
9505,2026-04-13,1058.5
9505,2026-04-20,993.7
9505,2026-04-27,864.9
9505,2026-05-04,887.4
9505,2026-05-11,907.2
9505,2026-05-18,860.6
9505,2026-05-25,834.5
9505,2026-06-01,820.6
9505,2026-06-08,864.2
9505,2026-06-15,844.5
9505,2026-06-22,868.6
9505,2026-06-29,886.0
9505,2026-07-06,900.4
9505,2026-07-13,909.4
9505,2026-07-20,935.2
9505,2026-07-27,961.5
9505,2026-08-03,922.7
9505,2026-08-10,967.0
9505,2026-08-17,990.8
9505,2026-08-24,994.5
9505,2026-08-31,1054.5
9505,2026-09-07,1083.5
9505,2026-09-14,1162.5
9506,2025-09-22,1086.28
9506,2025-09-29,1056.78
9506,2025-10-06,1087.76
9506,2025-10-13,1035.14
9506,2025-10-20,1084.31
9506,2025-10-27,1038.58
9506,2025-11-03,1038.58
9506,2025-11-10,1061.2
9506,2025-11-17,1069.07
9506,2025-11-24,1132.51
9506,2025-12-01,1079.89
9506,2025-12-08,1086.28
9506,2025-12-15,1113.82
9506,2025-12-22,1129.56
9506,2025-12-29,1133.98
9506,2026-01-05,1137.42
9506,2026-01-12,1158.57
9506,2026-01-19,1148.73
9506,2026-01-26,1097.59
9506,2026-02-02,1150.7
9506,2026-02-09,1178.73
9506,2026-02-16,1279.54
9506,2026-02-23,1274.13
9506,2026-03-02,1131.52
9506,2026-03-09,1133.0
9506,2026-03-16,1124.64
9506,2026-03-23,1192.5
9506,2026-03-30,1190.5
9506,2026-04-06,1164.0
9506,2026-04-13,1178.0
9506,2026-04-20,1128.5
9506,2026-04-27,1064.0
9506,2026-05-04,1055.5
9506,2026-05-11,1051.5
9506,2026-05-18,1011.0
9506,2026-05-25,1006.5
9506,2026-06-01,993.3
9506,2026-06-08,1019.5
9506,2026-06-15,1049.0
9506,2026-06-22,1042.0
9506,2026-06-29,1069.0
9506,2026-07-06,1089.5
9506,2026-07-13,1127.0
9506,2026-07-20,1142.0
9506,2026-07-27,1180.5
9506,2026-08-03,1217.0
9506,2026-08-10,1254.0
9506,2026-08-17,1330.5
9506,2026-08-24,1303.5
9506,2026-08-31,1367.5
9506,2026-09-07,1417.5
9506,2026-09-14,1455.0
9507,2025-09-22,1326.72
9507,2025-09-29,1355.31
9507,2025-10-06,1366.16
9507,2025-10-13,1375.03
9507,2025-10-20,1368.63
9507,2025-10-27,1358.76
9507,2025-11-03,1380.95
9507,2025-11-10,1420.89
9507,2025-11-17,1455.4
9507,2025-11-24,1541.18
9507,2025-12-01,1466.74
9507,2025-12-08,1449.48
9507,2025-12-15,1485.96
9507,2025-12-22,1518.01
9507,2025-12-29,1528.86
9507,2026-01-05,1542.17
9507,2026-01-12,1551.04
9507,2026-01-19,1556.47
9507,2026-01-26,1544.14
9507,2026-02-02,1606.75
9507,2026-02-09,1683.17
9507,2026-02-16,1733.95
9507,2026-02-23,1746.28
9507,2026-03-02,1597.39
9507,2026-03-09,1691.55
9507,2026-03-16,1697.47
9507,2026-03-23,1766.0
9507,2026-03-30,1827.5
9507,2026-04-06,1836.0
9507,2026-04-13,1791.0
9507,2026-04-20,1663.5
9507,2026-04-27,1541.0
9507,2026-05-04,1518.0
9507,2026-05-11,1541.5
9507,2026-05-18,1483.0
9507,2026-05-25,1458.0
9507,2026-06-01,1417.0
9507,2026-06-08,1468.5
9507,2026-06-15,1453.0
9507,2026-06-22,1478.0
9507,2026-06-29,1485.0
9507,2026-07-06,1490.5
9507,2026-07-13,1505.0
9507,2026-07-20,1548.0
9507,2026-07-27,1666.0
9507,2026-08-03,1720.5
9507,2026-08-10,1798.5
9507,2026-08-17,1889.5
9507,2026-08-24,1926.0
9507,2026-08-31,2078.5
9507,2026-09-07,2174.5
9507,2026-09-14,2277.0
9511,2025-09-22,1018.52
9511,2025-09-29,1017.53
9511,2025-10-06,992.88
9511,2025-10-13,1020.49
9511,2025-10-20,1013.59
9511,2025-10-27,996.83
9511,2025-11-03,1018.52
9511,2025-11-10,1053.03
9511,2025-11-17,1043.17
9511,2025-11-24,1075.71
9511,2025-12-01,1029.36
9511,2025-12-08,1031.34
9511,2025-12-15,1051.06
9511,2025-12-22,1081.62
9511,2025-12-29,1099.37
9511,2026-01-05,1090.5
9511,2026-01-12,1122.05
9511,2026-01-19,1110.21
9511,2026-01-26,1082.61
9511,2026-02-02,1140.78
9511,2026-02-09,1173.32
9511,2026-02-16,1169.37
9511,2026-02-23,1173.32
9511,2026-03-02,1070.78
9511,2026-03-09,1005.7
9511,2026-03-16,1013.59
9511,2026-03-23,1055.0
9511,2026-03-30,1077.0
9511,2026-04-06,1050.0
9511,2026-04-13,1039.0
9511,2026-04-20,1013.0
9511,2026-04-27,938.0
9511,2026-05-04,967.0
9511,2026-05-11,947.0
9511,2026-05-18,924.0
9511,2026-05-25,907.0
9511,2026-06-01,908.0
9511,2026-06-08,910.0
9511,2026-06-15,904.0
9511,2026-06-22,886.0
9511,2026-06-29,909.0
9511,2026-07-06,913.0
9511,2026-07-13,920.0
9511,2026-07-20,923.0
9511,2026-07-27,1054.0
9511,2026-08-03,1069.0
9511,2026-08-10,1115.0
9511,2026-08-17,1176.0
9511,2026-08-24,1164.0
9511,2026-08-31,1179.0
9511,2026-09-07,1172.0
9511,2026-09-14,1232.0
9534,2025-09-22,668.48
9534,2025-09-29,668.97
9534,2025-10-06,661.09
9534,2025-10-13,671.92
9534,2025-10-20,679.81
9534,2025-10-27,667.98
9534,2025-11-03,699.51
9534,2025-11-10,711.33
9534,2025-11-17,740.89
9534,2025-11-24,739.91
9534,2025-12-01,703.45
9534,2025-12-08,709.36
9534,2025-12-15,736.95
9534,2025-12-22,737.94
9534,2025-12-29,748.77
9534,2026-01-05,792.12
9534,2026-01-12,798.03
9534,2026-01-19,808.87
9534,2026-01-26,810.84
9534,2026-02-02,851.24
9534,2026-02-09,899.51
9534,2026-02-16,857.15
9534,2026-02-23,901.48
9534,2026-03-02,878.82
9534,2026-03-09,865.03
9534,2026-03-16,885.72
9534,2026-03-23,867.0
9534,2026-03-30,881.0
9534,2026-04-06,875.0
9534,2026-04-13,906.0
9534,2026-04-20,921.0
9534,2026-04-27,785.0
9534,2026-05-04,801.0
9534,2026-05-11,784.0
9534,2026-05-18,766.0
9534,2026-05-25,754.0
9534,2026-06-01,756.0
9534,2026-06-08,745.0
9534,2026-06-15,757.0
9534,2026-06-22,754.0
9534,2026-06-29,755.0
9534,2026-07-06,765.0
9534,2026-07-13,776.0
9534,2026-07-20,775.0
9534,2026-07-27,772.0
9534,2026-08-03,773.0
9534,2026-08-10,786.0
9534,2026-08-17,822.0
9534,2026-08-24,845.0
9534,2026-08-31,916.0
9534,2026-09-07,925.0
9534,2026-09-14,949.0
9536,2025-09-22,1933.48
9536,2025-09-29,1903.89
9536,2025-10-06,1906.85
9536,2025-10-13,1903.89
9536,2025-10-20,1900.93
9536,2025-10-27,1823.0
9536,2025-11-03,1880.21
9536,2025-11-10,1881.2
9536,2025-11-17,1906.85
9536,2025-11-24,1920.66
9536,2025-12-01,1831.88
9536,2025-12-08,1873.31
9536,2025-12-15,1912.77
9536,2025-12-22,2176.15
9536,2025-12-29,2224.49
9536,2026-01-05,2206.74
9536,2026-01-12,2265.92
9536,2026-01-19,2297.49
9536,2026-01-26,2354.71
9536,2026-02-02,2351.75
9536,2026-02-09,2435.6
9536,2026-02-16,2482.95
9536,2026-02-23,2563.84
9536,2026-03-02,2564.82
9536,2026-03-09,2466.18
9536,2026-03-16,2462.23
9536,2026-03-23,2552.0
9536,2026-03-30,2567.0
9536,2026-04-06,2552.0
9536,2026-04-13,2595.0
9536,2026-04-20,2470.0
9536,2026-04-27,2208.0
9536,2026-05-04,2222.0
9536,2026-05-11,2261.0
9536,2026-05-18,2221.0
9536,2026-05-25,2195.0
9536,2026-06-01,2201.0
9536,2026-06-08,2243.0
9536,2026-06-15,2238.0
9536,2026-06-22,2246.0
9536,2026-06-29,2257.0
9536,2026-07-06,2328.0
9536,2026-07-13,2318.0
9536,2026-07-20,2361.0
9536,2026-07-27,2361.0
9536,2026-08-03,2357.0
9536,2026-08-10,2382.0
9536,2026-08-17,2473.0
9536,2026-08-24,2515.0
9536,2026-08-31,2503.0
9536,2026-09-07,2549.0
9536,2026-09-14,2658.0
9619,2025-09-22,1985.77
9619,2025-09-29,1940.68
9619,2025-10-06,1937.74
9619,2025-10-13,1931.86
9619,2025-10-20,1990.67
9619,2025-10-27,1974.99
9619,2025-11-03,1965.18
9619,2025-11-10,2000.47
9619,2025-11-17,2036.73
9619,2025-11-24,2054.38
9619,2025-12-01,1990.67
9619,2025-12-08,2058.3
9619,2025-12-15,2060.26
9619,2025-12-22,2068.1
9619,2025-12-29,2085.74
9619,2026-01-05,2106.32
9619,2026-01-12,2104.36
9619,2026-01-19,2085.74
9619,2026-01-26,2066.14
9619,2026-02-02,2091.62
9619,2026-02-09,2149.45
9619,2026-02-16,2116.13
9619,2026-02-23,2142.59
9619,2026-03-02,2059.28
9619,2026-03-09,2029.87
9619,2026-03-16,2022.03
9619,2026-03-23,2073.0
9619,2026-03-30,2136.0
9619,2026-04-06,2120.0
9619,2026-04-13,2156.0
9619,2026-04-20,2150.0
9619,2026-04-27,2149.0
9619,2026-05-04,2132.0
9619,2026-05-11,2134.0
9619,2026-05-18,2134.0
9619,2026-05-25,2138.0
9619,2026-06-01,2122.0
9619,2026-06-08,2193.0
9619,2026-06-15,2214.0
9619,2026-06-22,2218.0
9619,2026-06-29,2223.0
9619,2026-07-06,2285.0
9619,2026-07-13,2357.0
9619,2026-07-20,2377.0
9619,2026-07-27,2370.0
9619,2026-08-03,2599.0
9619,2026-08-10,2654.0
9619,2026-08-17,2699.0
9619,2026-08-24,2730.0
9619,2026-08-31,2710.0
9619,2026-09-07,2637.0
9619,2026-09-14,2747.0
9697,2025-09-22,3956.75
9697,2025-09-29,4234.7
9697,2025-10-06,4243.63
9697,2025-10-13,4094.73
9697,2025-10-20,4250.58
9697,2025-10-27,4004.4
9697,2025-11-03,4041.13
9697,2025-11-10,3829.69
9697,2025-11-17,3905.13
9697,2025-11-24,3794.95
9697,2025-12-01,3646.05
9697,2025-12-08,3588.47
9697,2025-12-15,3457.44
9697,2025-12-22,3647.04
9697,2025-12-29,3624.21
9697,2026-01-05,3623.22
9697,2026-01-12,3643.07
9697,2026-01-19,3516.01
9697,2026-01-26,3907.12
9697,2026-02-02,3021.66
9697,2026-02-09,3034.57
9697,2026-02-16,3124.9
9697,2026-02-23,3566.64
9697,2026-03-02,3358.18
9697,2026-03-09,3518.99
9697,2026-03-16,3511.05
9697,2026-03-23,3382.0
9697,2026-03-30,3371.0
9697,2026-04-06,3319.0
9697,2026-04-13,3669.0
9697,2026-04-20,3422.0
9697,2026-04-27,3351.0
9697,2026-05-04,3451.0
9697,2026-05-11,3065.0
9697,2026-05-18,3182.0
9697,2026-05-25,3016.0
9697,2026-06-01,2885.0
9697,2026-06-08,2787.0
9697,2026-06-15,2810.0
9697,2026-06-22,2947.5
9697,2026-06-29,3253.0
9697,2026-07-06,3307.0
9697,2026-07-13,3412.0
9697,2026-07-20,3364.0
9697,2026-07-27,3964.0
9697,2026-08-03,4149.0
9697,2026-08-10,4180.0
9697,2026-08-17,4130.0
9697,2026-08-24,4299.0
9697,2026-08-31,4248.0
9697,2026-09-07,4240.0
9697,2026-09-14,4432.0
9902,2025-09-22,2774.35
9902,2025-09-29,2632.43
9902,2025-10-06,2592.03
9902,2025-10-13,2542.75
9902,2025-10-20,2508.25
9902,2025-10-27,2449.12
9902,2025-11-03,2393.93
9902,2025-11-10,2376.19
9902,2025-11-17,2471.79
9902,2025-11-24,2525.99
9902,2025-12-01,2496.43
9902,2025-12-08,2438.28
9902,2025-12-15,2449.12
9902,2025-12-22,2507.27
9902,2025-12-29,2513.18
9902,2026-01-05,2539.79
9902,2026-01-12,2627.51
9902,2026-01-19,2538.81
9902,2026-01-26,2483.61
9902,2026-02-02,2457.99
9902,2026-02-09,2434.34
9902,2026-02-16,2458.97
9902,2026-02-23,2523.04
9902,2026-03-02,2361.4
9902,2026-03-09,2352.53
9902,2026-03-16,2378.16
9902,2026-03-23,2389.0
9902,2026-03-30,2443.0
9902,2026-04-06,2435.0
9902,2026-04-13,2438.0
9902,2026-04-20,2336.0
9902,2026-04-27,2350.0
9902,2026-05-04,2545.0
9902,2026-05-11,2565.0
9902,2026-05-18,2573.0
9902,2026-05-25,2525.0
9902,2026-06-01,2504.0
9902,2026-06-08,2562.0
9902,2026-06-15,2528.0
9902,2026-06-22,2553.0
9902,2026-06-29,2677.0
9902,2026-07-06,2750.0
9902,2026-07-13,2791.0
9902,2026-07-20,2819.0
9902,2026-07-27,3085.0
9902,2026-08-03,3120.0
9902,2026-08-10,3075.0
9902,2026-08-17,3035.0
9902,2026-08-24,3040.0
9902,2026-08-31,3070.0
9902,2026-09-07,3160.0
9902,2026-09-14,3300.0
