code,date,close
1773,2025-08-25,88.95
1773,2025-09-01,87.95
1773,2025-09-08,88.95
1773,2025-09-15,92.95
1773,2025-09-22,93.95
1773,2025-09-29,96.0
1773,2025-10-06,97.0
1773,2025-10-13,89.0
1773,2025-10-20,88.0
1773,2025-10-27,92.0
1773,2025-11-03,92.0
1773,2025-11-10,92.0
1773,2025-11-17,88.0
1773,2025-11-24,86.0
1773,2025-12-01,82.0
1773,2025-12-08,79.0
1773,2025-12-15,80.0
1773,2025-12-22,80.0
1773,2025-12-29,79.0
1773,2026-01-05,80.0
1773,2026-01-12,85.0
1773,2026-01-19,90.0
1773,2026-01-26,81.0
1773,2026-02-02,82.0
1773,2026-02-09,78.0
1773,2026-02-16,80.0
1773,2026-02-23,79.0
1773,2026-03-02,76.0
1773,2026-03-09,68.0
1773,2026-03-16,71.0
1773,2026-03-23,69.0
1773,2026-03-30,69.0
1773,2026-04-06,77.0
1773,2026-04-13,78.0
1773,2026-04-20,77.0
1773,2026-04-27,77.0
1773,2026-05-04,84.0
1773,2026-05-11,80.0
1773,2026-05-18,81.0
1773,2026-05-25,78.0
1773,2026-06-01,80.0
1773,2026-06-08,79.0
1773,2026-06-15,83.0
1773,2026-06-22,78.0
1773,2026-06-29,80.0
1773,2026-07-06,79.0
1773,2026-07-13,77.0
1773,2026-07-20,79.0
1773,2026-07-27,77.0
1773,2026-08-03,77.0
1773,2026-08-10,84.0
1773,2026-08-17,95.0
2004,2025-08-25,2888.92
2004,2025-09-01,2923.66
2004,2025-09-08,2986.38
2004,2025-09-15,3000.85
2004,2025-09-22,3053.92
2004,2025-09-29,2946.08
2004,2025-10-06,2941.18
2004,2025-10-13,2975.49
2004,2025-10-20,3019.61
2004,2025-10-27,2885.29
2004,2025-11-03,2937.25
2004,2025-11-10,2946.08
2004,2025-11-17,2990.2
2004,2025-11-24,3044.12
2004,2025-12-01,2799.02
2004,2025-12-08,2811.76
2004,2025-12-15,2815.69
2004,2025-12-22,2941.18
2004,2025-12-29,2955.88
2004,2026-01-05,3024.51
2004,2026-01-12,3068.63
2004,2026-01-19,3171.57
2004,2026-01-26,3088.24
2004,2026-02-02,3210.78
2004,2026-02-09,3299.02
2004,2026-02-16,3318.63
2004,2026-02-23,3357.84
2004,2026-03-02,3269.61
2004,2026-03-09,3191.18
2004,2026-03-16,3196.08
2004,2026-03-23,3250.0
2004,2026-03-30,3255.0
2004,2026-04-06,3180.0
2004,2026-04-13,3210.0
2004,2026-04-20,3070.0
2004,2026-04-27,3010.0
2004,2026-05-04,3010.0
2004,2026-05-11,3160.0
2004,2026-05-18,3160.0
2004,2026-05-25,3180.0
2004,2026-06-01,3175.0
2004,2026-06-08,3315.0
2004,2026-06-15,3285.0
2004,2026-06-22,3400.0
2004,2026-06-29,3375.0
2004,2026-07-06,3485.0
2004,2026-07-13,3540.0
2004,2026-07-20,3475.0
2004,2026-07-27,3550.0
2004,2026-08-03,3540.0
2004,2026-08-10,3605.0
2004,2026-08-17,3745.0
2053,2025-08-25,1675.78
2053,2025-09-01,1691.21
2053,2025-09-08,1672.89
2053,2025-09-15,1694.1
2053,2025-09-22,1743.27
2053,2025-09-29,1677.58
2053,2025-10-06,1609.93
2053,2025-10-13,1636.4
2053,2025-10-20,1691.31
2053,2025-10-27,1570.71
2053,2025-11-03,1618.75
2053,2025-11-10,1676.6
2053,2025-11-17,1734.45
2053,2025-11-24,1769.75
2053,2025-12-01,1739.35
2053,2025-12-08,1679.54
2053,2025-12-15,1716.8
2053,2025-12-22,1701.11
2053,2025-12-29,1696.21
2053,2026-01-05,1721.7
2053,2026-01-12,1746.21
2053,2026-01-19,1733.47
2053,2026-01-26,1768.77
2053,2026-02-02,1855.05
2053,2026-02-09,1877.6
2053,2026-02-16,1895.25
2053,2026-02-23,1948.19
2053,2026-03-02,1822.69
2053,2026-03-09,1752.1
2053,2026-03-16,1731.51
2053,2026-03-23,1757.0
2053,2026-03-30,1775.0
2053,2026-04-06,1714.0
2053,2026-04-13,1727.0
2053,2026-04-20,1709.0
2053,2026-04-27,1682.0
2053,2026-05-04,1693.0
2053,2026-05-11,1804.0
2053,2026-05-18,1742.0
2053,2026-05-25,1703.0
2053,2026-06-01,1718.0
2053,2026-06-08,1842.0
2053,2026-06-15,1837.0
2053,2026-06-22,1824.0
2053,2026-06-29,1891.0
2053,2026-07-06,1907.0
2053,2026-07-13,1930.0
2053,2026-07-20,1954.0
2053,2026-07-27,1891.0
2053,2026-08-03,1898.0
2053,2026-08-10,1997.0
2053,2026-08-17,2031.0
2060,2025-08-25,1089.26
2060,2025-09-01,1111.39
2060,2025-09-08,1103.69
2060,2025-09-15,1103.69
2060,2025-09-22,1117.16
2060,2025-09-29,1056.4
2060,2025-10-06,1017.21
2060,2025-10-13,1032.89
2060,2025-10-20,1044.65
2060,2025-10-27,997.61
2060,2025-11-03,983.89
2060,2025-11-10,986.83
2060,2025-11-17,1022.11
2060,2025-11-24,1005.45
2060,2025-12-01,998.59
2060,2025-12-08,991.73
2060,2025-12-15,1031.91
2060,2025-12-22,1034.85
2060,2025-12-29,1037.79
2060,2026-01-05,1060.32
2060,2026-01-12,1070.12
2060,2026-01-19,1068.16
2060,2026-01-26,1088.74
2060,2026-02-02,1174.98
2060,2026-02-09,1237.7
2060,2026-02-16,1230.84
2060,2026-02-23,1306.3
2060,2026-03-02,1239.66
2060,2026-03-09,1179.88
2060,2026-03-16,1167.14
2060,2026-03-23,1198.5
2060,2026-03-30,1170.0
2060,2026-04-06,1144.0
2060,2026-04-13,1125.0
2060,2026-04-20,1085.0
2060,2026-04-27,1102.0
2060,2026-05-04,1092.0
2060,2026-05-11,1253.0
2060,2026-05-18,1188.0
2060,2026-05-25,1200.0
2060,2026-06-01,1167.0
2060,2026-06-08,1211.0
2060,2026-06-15,1205.0
2060,2026-06-22,1219.0
2060,2026-06-29,1258.0
2060,2026-07-06,1261.0
2060,2026-07-13,1284.0
2060,2026-07-20,1283.0
2060,2026-07-27,1284.0
2060,2026-08-03,1273.0
2060,2026-08-10,1410.0
2060,2026-08-17,1435.0
2108,2025-08-25,2618.53
2108,2025-09-01,2703.28
2108,2025-09-08,2812.1
2108,2025-09-15,2800.55
2108,2025-09-22,2805.36
2108,2025-09-29,2803.43
2108,2025-10-06,2715.8
2108,2025-10-13,2743.73
2108,2025-10-20,2903.59
2108,2025-10-27,2880.48
2108,2025-11-03,2990.27
2108,2025-11-10,3192.51
2108,2025-11-17,3491.05
2108,2025-11-24,3500.68
2108,2025-12-01,3462.16
2108,2025-12-08,3500.68
2108,2025-12-15,3505.5
2108,2025-12-22,3659.58
2108,2025-12-29,3688.48
2108,2026-01-05,3808.86
2108,2026-01-12,3895.53
2108,2026-01-19,4015.91
2108,2026-01-26,3987.02
2108,2026-02-02,4011.1
2108,2026-02-09,4237.41
2108,2026-02-16,4155.55
2108,2026-02-23,4352.98
2108,2026-03-02,4126.66
2108,2026-03-09,3972.58
2108,2026-03-16,4044.8
2108,2026-03-23,4170.0
2108,2026-03-30,4140.0
2108,2026-04-06,4020.0
2108,2026-04-13,4000.0
2108,2026-04-20,4000.0
2108,2026-04-27,4020.0
2108,2026-05-04,3975.0
2108,2026-05-11,4240.0
2108,2026-05-18,4280.0
2108,2026-05-25,4280.0
2108,2026-06-01,4315.0
2108,2026-06-08,4570.0
2108,2026-06-15,4600.0
2108,2026-06-22,4680.0
2108,2026-06-29,4975.0
2108,2026-07-06,4720.0
2108,2026-07-13,4645.0
2108,2026-07-20,4960.0
2108,2026-07-27,5040.0
2108,2026-08-03,5170.0
2108,2026-08-10,5440.0
2108,2026-08-17,5810.0
2109,2025-08-25,3126.98
2109,2025-09-01,3203.95
2109,2025-09-08,3184.71
2109,2025-09-15,3189.52
2109,2025-09-22,3218.38
2109,2025-09-29,3090.82
2109,2025-10-06,3071.2
2109,2025-10-13,3110.45
2109,2025-10-20,3144.79
2109,2025-10-27,2977.98
2109,2025-11-03,3061.39
2109,2025-11-10,3159.51
2109,2025-11-17,3238.01
2109,2025-11-24,3257.63
2109,2025-12-01,3144.79
2109,2025-12-08,3134.98
2109,2025-12-15,3193.85
2109,2025-12-22,3247.82
2109,2025-12-29,3267.44
2109,2026-01-05,3311.6
2109,2026-01-12,3341.03
2109,2026-01-19,3414.62
2109,2026-01-26,3291.97
2109,2026-02-02,3350.85
2109,2026-02-09,3448.97
2109,2026-02-16,3395.0
2109,2026-02-23,3483.31
2109,2026-03-02,3360.66
2109,2026-03-09,3316.5
2109,2026-03-16,3301.78
2109,2026-03-23,3395.0
2109,2026-03-30,3470.0
2109,2026-04-06,3515.0
2109,2026-04-13,3450.0
2109,2026-04-20,3335.0
2109,2026-04-27,3300.0
2109,2026-05-04,3255.0
2109,2026-05-11,3290.0
2109,2026-05-18,3285.0
2109,2026-05-25,3250.0
2109,2026-06-01,3210.0
2109,2026-06-08,3230.0
2109,2026-06-15,3220.0
2109,2026-06-22,3225.0
2109,2026-06-29,3295.0
2109,2026-07-06,3315.0
2109,2026-07-13,3355.0
2109,2026-07-20,3370.0
2109,2026-07-27,3430.0
2109,2026-08-03,3465.0
2109,2026-08-10,3515.0
2109,2026-08-17,3660.0
2121,2025-08-25,3139.86
2121,2025-09-01,3144.65
2121,2025-09-08,3197.38
2121,2025-09-15,3163.82
2121,2025-09-22,3082.33
2121,2025-09-29,3155.6
2121,2025-10-06,3062.79
2121,2025-10-13,2984.64
2121,2025-10-20,3092.1
2121,2025-10-27,3043.25
2121,2025-11-03,2979.75
2121,2025-11-10,2945.56
2121,2025-11-17,2830.27
2121,2025-11-24,2830.27
2121,2025-12-01,2710.11
2121,2025-12-08,2681.78
2121,2025-12-15,2645.63
2121,2025-12-22,2662.24
2121,2025-12-29,2664.19
2121,2026-01-05,2716.95
2121,2026-01-12,2682.75
2121,2026-01-19,2699.36
2121,2026-01-26,2654.42
2121,2026-02-02,2556.72
2121,2026-02-09,2542.07
2121,2026-02-16,2554.77
2121,2026-02-23,2623.16
2121,2026-03-02,2565.52
2121,2026-03-09,2586.03
2121,2026-03-16,2555.75
2121,2026-03-23,2545.0
2121,2026-03-30,2540.0
2121,2026-04-06,2528.0
2121,2026-04-13,2645.0
2121,2026-04-20,2520.0
2121,2026-04-27,2595.0
2121,2026-05-04,2603.0
2121,2026-05-11,2662.0
2121,2026-05-18,2676.0
2121,2026-05-25,2643.0
2121,2026-06-01,2694.0
2121,2026-06-08,2667.0
2121,2026-06-15,2588.0
2121,2026-06-22,2619.0
2121,2026-06-29,2813.0
2121,2026-07-06,2933.0
2121,2026-07-13,2958.0
2121,2026-07-20,2827.0
2121,2026-07-27,2896.0
2121,2026-08-03,3275.0
2121,2026-08-10,3325.0
2121,2026-08-17,3530.0
2179,2025-08-25,758.7
2179,2025-09-01,765.51
2179,2025-09-08,752.86
2179,2025-09-15,748.97
2179,2025-09-22,759.67
2179,2025-09-29,775.46
2179,2025-10-06,767.56
2179,2025-10-13,772.5
2179,2025-10-20,768.55
2179,2025-10-27,767.56
2179,2025-11-03,775.46
2179,2025-11-10,768.55
2179,2025-11-17,766.58
2179,2025-11-24,797.16
2179,2025-12-01,781.38
2179,2025-12-08,783.35
2179,2025-12-15,780.39
2179,2025-12-22,777.43
2179,2025-12-29,778.42
2179,2026-01-05,799.13
2179,2026-01-12,794.2
2179,2026-01-19,813.93
2179,2026-01-26,799.13
2179,2026-02-02,804.07
2179,2026-02-09,799.13
2179,2026-02-16,803.08
2179,2026-02-23,811.96
2179,2026-03-02,806.04
2179,2026-03-09,802.09
2179,2026-03-16,804.07
2179,2026-03-23,809.0
2179,2026-03-30,770.0
2179,2026-04-06,769.0
2179,2026-04-13,760.0
2179,2026-04-20,763.0
2179,2026-04-27,753.0
2179,2026-05-04,750.0
2179,2026-05-11,790.0
2179,2026-05-18,807.0
2179,2026-05-25,805.0
2179,2026-06-01,762.0
2179,2026-06-08,775.0
2179,2026-06-15,767.0
2179,2026-06-22,784.0
2179,2026-06-29,777.0
2179,2026-07-06,794.0
2179,2026-07-13,798.0
2179,2026-07-20,801.0
2179,2026-07-27,819.0
2179,2026-08-03,823.0
2179,2026-08-10,835.0
2179,2026-08-17,862.0
2269,2025-08-25,2967.01
2269,2025-09-01,3091.2
2269,2025-09-08,3051.42
2269,2025-09-15,3036.87
2269,2025-09-22,3057.24
2269,2025-09-29,2974.86
2269,2025-10-06,2909.24
2269,2025-10-13,2968.94
2269,2025-10-20,2958.58
2269,2025-10-27,2923.55
2269,2025-11-03,3044.91
2269,2025-11-10,3141.61
2269,2025-11-17,3137.66
2269,2025-11-24,3324.14
2269,2025-12-01,3189.95
2269,2025-12-08,3240.27
2269,2025-12-15,3375.45
2269,2025-12-22,3470.17
2269,2025-12-29,3438.6
2269,2026-01-05,3494.84
2269,2026-01-12,3499.77
2269,2026-01-19,3631.99
2269,2026-01-26,3574.76
2269,2026-02-02,3750.39
2269,2026-02-09,3809.59
2269,2026-02-16,3806.63
2269,2026-02-23,3973.38
2269,2026-03-02,3808.61
2269,2026-03-09,3878.66
2269,2026-03-16,3876.69
2269,2026-03-23,3890.5
2269,2026-03-30,3977.0
2269,2026-04-06,3903.0
2269,2026-04-13,3814.0
2269,2026-04-20,3731.0
2269,2026-04-27,3714.0
2269,2026-05-04,3670.0
2269,2026-05-11,3701.0
2269,2026-05-18,3713.0
2269,2026-05-25,3768.0
2269,2026-06-01,3674.0
2269,2026-06-08,3727.0
2269,2026-06-15,3581.0
2269,2026-06-22,3786.0
2269,2026-06-29,3818.0
2269,2026-07-06,3771.0
2269,2026-07-13,3812.0
2269,2026-07-20,3743.0
2269,2026-07-27,3789.0
2269,2026-08-03,4110.0
2269,2026-08-10,4248.0
2269,2026-08-17,4351.0
2349,2025-08-25,2313.07
2349,2025-09-01,2330.86
2349,2025-09-08,2342.73
2349,2025-09-15,2268.59
2349,2025-09-22,2300.22
2349,2025-09-29,2313.07
2349,2025-10-06,2257.72
2349,2025-10-13,2272.54
2349,2025-10-20,2312.08
2349,2025-10-27,2253.76
2349,2025-11-03,2271.55
2349,2025-11-10,2262.66
2349,2025-11-17,2261.67
2349,2025-11-24,2279.46
2349,2025-12-01,2313.07
2349,2025-12-08,2255.74
2349,2025-12-15,2283.42
2349,2025-12-22,2278.47
2349,2025-12-29,2250.8
2349,2026-01-05,2249.81
2349,2026-01-12,2251.78
2349,2026-01-19,2295.28
2349,2026-01-26,2291.32
2349,2026-02-02,2415.87
2349,2026-02-09,2352.61
2349,2026-02-16,2438.61
2349,2026-02-23,2476.17
2349,2026-03-02,2411.92
2349,2026-03-09,2451.46
2349,2026-03-16,2478.15
2349,2026-03-23,2491.0
2349,2026-03-30,2392.0
2349,2026-04-06,2331.0
2349,2026-04-13,2360.0
2349,2026-04-20,2446.0
2349,2026-04-27,2360.0
2349,2026-05-04,2320.0
2349,2026-05-11,2316.0
2349,2026-05-18,2323.0
2349,2026-05-25,2480.0
2349,2026-06-01,2333.0
2349,2026-06-08,2314.0
2349,2026-06-15,2259.0
2349,2026-06-22,2304.0
2349,2026-06-29,2419.0
2349,2026-07-06,2499.0
2349,2026-07-13,2515.0
2349,2026-07-20,2512.0
2349,2026-07-27,2521.0
2349,2026-08-03,2511.0
2349,2026-08-10,2550.0
2349,2026-08-17,2543.0
2384,2025-08-25,3471.79
2384,2025-09-01,3598.75
2384,2025-09-08,3593.86
2384,2025-09-15,3545.03
2384,2025-09-22,3623.16
2384,2025-09-29,3476.67
2384,2025-10-06,3427.84
2384,2025-10-13,3383.89
2384,2025-10-20,3379.01
2384,2025-10-27,3310.65
2384,2025-11-03,3359.48
2384,2025-11-10,3598.75
2384,2025-11-17,3491.32
2384,2025-11-24,3681.76
2384,2025-12-01,3613.39
2384,2025-12-08,3676.87
2384,2025-12-15,3715.94
2384,2025-12-22,3755.0
2384,2025-12-29,3780.0
2384,2026-01-05,3895.0
2384,2026-01-12,3930.0
2384,2026-01-19,3920.0
2384,2026-01-26,3855.0
2384,2026-02-02,3915.0
2384,2026-02-09,4055.0
2384,2026-02-16,4155.0
2384,2026-02-23,4270.0
2384,2026-03-02,4045.0
2384,2026-03-09,3940.0
2384,2026-03-16,4045.0
2384,2026-03-23,4345.0
2384,2026-03-30,4285.0
2384,2026-04-06,4255.0
2384,2026-04-13,4155.0
2384,2026-04-20,4055.0
2384,2026-04-27,4200.0
2384,2026-05-04,4510.0
2384,2026-05-11,4485.0
2384,2026-05-18,4865.0
2384,2026-05-25,4885.0
2384,2026-06-01,4540.0
2384,2026-06-08,4525.0
2384,2026-06-15,4255.0
2384,2026-06-22,4260.0
2384,2026-06-29,4315.0
2384,2026-07-06,4155.0
2384,2026-07-13,4560.0
2384,2026-07-20,4415.0
2384,2026-07-27,4460.0
2384,2026-08-03,4600.0
2384,2026-08-10,4865.0
2384,2026-08-17,5190.0
2464,2025-08-25,339.31
2464,2025-09-01,338.34
2464,2025-09-08,337.37
2464,2025-09-15,341.24
2464,2025-09-22,345.12
2464,2025-09-29,341.24
2464,2025-10-06,339.31
2464,2025-10-13,340.27
2464,2025-10-20,337.37
2464,2025-10-27,336.4
2464,2025-11-03,336.4
2464,2025-11-10,337.37
2464,2025-11-17,337.37
2464,2025-11-24,332.52
2464,2025-12-01,329.61
2464,2025-12-08,325.73
2464,2025-12-15,323.79
2464,2025-12-22,325.73
2464,2025-12-29,328.64
2464,2026-01-05,328.64
2464,2026-01-12,326.7
2464,2026-01-19,330.58
2464,2026-01-26,330.58
2464,2026-02-02,330.58
2464,2026-02-09,327.67
2464,2026-02-16,331.55
2464,2026-02-23,333.49
2464,2026-03-02,336.4
2464,2026-03-09,338.34
2464,2026-03-16,334.46
2464,2026-03-23,349.0
2464,2026-03-30,345.0
2464,2026-04-06,344.0
2464,2026-04-13,340.0
2464,2026-04-20,338.0
2464,2026-04-27,339.0
2464,2026-05-04,340.0
2464,2026-05-11,335.0
2464,2026-05-18,334.0
2464,2026-05-25,321.0
2464,2026-06-01,317.0
2464,2026-06-08,315.0
2464,2026-06-15,311.0
2464,2026-06-22,319.0
2464,2026-06-29,317.0
2464,2026-07-06,320.0
2464,2026-07-13,332.0
2464,2026-07-20,334.0
2464,2026-07-27,329.0
2464,2026-08-03,327.0
2464,2026-08-10,349.0
2464,2026-08-17,363.0
2492,2025-08-25,366.79
2492,2025-09-01,350.07
2492,2025-09-08,348.1
2492,2025-09-15,345.15
2492,2025-09-22,338.27
2492,2025-09-29,314.67
2492,2025-10-06,316.64
2492,2025-10-13,310.74
2492,2025-10-20,324.5
2492,2025-10-27,322.54
2492,2025-11-03,329.42
2492,2025-11-10,338.27
2492,2025-11-17,346.14
2492,2025-11-24,353.02
2492,2025-12-01,367.77
2492,2025-12-08,392.35
2492,2025-12-15,395.3
2492,2025-12-22,421.86
2492,2025-12-29,420.08
2492,2026-01-05,418.1
2492,2026-01-12,447.82
2492,2026-01-19,456.74
2492,2026-01-26,447.82
2492,2026-02-02,378.47
2492,2026-02-09,361.63
2492,2026-02-16,365.59
2492,2026-02-23,399.28
2492,2026-03-02,416.12
2492,2026-03-09,395.31
2492,2026-03-16,396.3
2492,2026-03-23,426.03
2492,2026-03-30,466.65
2492,2026-04-06,424.04
2492,2026-04-13,464.67
2492,2026-04-20,437.92
2492,2026-04-27,394.32
2492,2026-05-04,417.11
2492,2026-05-11,390.36
2492,2026-05-18,372.53
2492,2026-05-25,387.39
2492,2026-06-01,366.58
2492,2026-06-08,360.64
2492,2026-06-15,399.28
2492,2026-06-22,352.71
2492,2026-06-29,479.0
2492,2026-07-06,490.0
2492,2026-07-13,489.0
2492,2026-07-20,521.0
2492,2026-07-27,569.0
2492,2026-08-03,585.0
2492,2026-08-10,614.0
2492,2026-08-17,590.0
2597,2025-08-25,951.88
2597,2025-09-01,970.72
2597,2025-09-08,963.78
2597,2025-09-15,970.72
2597,2025-09-22,984.6
2597,2025-09-29,996.5
2597,2025-10-06,993.52
2597,2025-10-13,1002.45
2597,2025-10-20,1002.45
2597,2025-10-27,1006.41
2597,2025-11-03,1006.41
2597,2025-11-10,1028.23
2597,2025-11-17,1059.96
2597,2025-11-24,1100.61
2597,2025-12-01,1121.43
2597,2025-12-08,1099.62
2597,2025-12-15,1130.36
2597,2025-12-22,1172.0
2597,2025-12-29,1055.0
2597,2026-01-05,1025.0
2597,2026-01-12,1033.0
2597,2026-01-19,1023.0
2597,2026-01-26,1037.0
2597,2026-02-02,1027.0
2597,2026-02-09,1047.0
2597,2026-02-16,1050.0
2597,2026-02-23,1070.0
2597,2026-03-02,1051.0
2597,2026-03-09,1048.0
2597,2026-03-16,1073.0
2597,2026-03-23,1076.0
2597,2026-03-30,1086.0
2597,2026-04-06,1094.0
2597,2026-04-13,1093.0
2597,2026-04-20,1072.0
2597,2026-04-27,1066.0
2597,2026-05-04,1060.0
2597,2026-05-11,1065.0
2597,2026-05-18,1073.0
2597,2026-05-25,1079.0
2597,2026-06-01,1078.0
2597,2026-06-08,1085.0
2597,2026-06-15,1078.0
2597,2026-06-22,1106.0
2597,2026-06-29,1120.0
2597,2026-07-06,1159.0
2597,2026-07-13,1127.0
2597,2026-07-20,1138.0
2597,2026-07-27,1155.0
2597,2026-08-03,1178.0
2597,2026-08-10,1164.0
2597,2026-08-17,1192.0
2602,2025-08-25,1671.4
2602,2025-09-01,1713.34
2602,2025-09-08,1706.89
2602,2025-09-15,1710.11
2602,2025-09-22,1719.79
2602,2025-09-29,1667.28
2602,2025-10-06,1670.56
2602,2025-10-13,1680.41
2602,2025-10-20,1706.67
2602,2025-10-27,1670.56
2602,2025-11-03,1654.15
2602,2025-11-10,1683.69
2602,2025-11-17,1716.51
2602,2025-11-24,1739.49
2602,2025-12-01,1654.15
2602,2025-12-08,1680.41
2602,2025-12-15,1719.79
2602,2025-12-22,1736.21
2602,2025-12-29,1723.08
2602,2026-01-05,1749.33
2602,2026-01-12,1785.44
2602,2026-01-19,1847.79
2602,2026-01-26,1847.79
2602,2026-02-02,1890.46
2602,2026-02-09,1926.56
2602,2026-02-16,1939.69
2602,2026-02-23,2002.05
2602,2026-03-02,1939.69
2602,2026-03-09,1877.33
2602,2026-03-16,1890.46
2602,2026-03-23,1920.0
2602,2026-03-30,1925.0
2602,2026-04-06,1925.0
2602,2026-04-13,1884.0
2602,2026-04-20,1800.0
2602,2026-04-27,1798.0
2602,2026-05-04,1797.0
2602,2026-05-11,1805.0
2602,2026-05-18,1738.0
2602,2026-05-25,1753.0
2602,2026-06-01,1743.0
2602,2026-06-08,1804.0
2602,2026-06-15,1794.0
2602,2026-06-22,1858.0
2602,2026-06-29,1858.0
2602,2026-07-06,1873.0
2602,2026-07-13,1943.0
2602,2026-07-20,1950.0
2602,2026-07-27,1906.0
2602,2026-08-03,1924.0
2602,2026-08-10,2016.0
2602,2026-08-17,2067.0
2607,2025-08-25,3602.09
2607,2025-09-01,3603.07
2607,2025-09-08,3526.18
2607,2025-09-15,3469.99
2607,2025-09-22,3589.27
2607,2025-09-29,3489.98
2607,2025-10-06,3369.84
2607,2025-10-13,3238.78
2607,2025-10-20,3290.41
2607,2025-10-27,3168.29
2607,2025-11-03,3175.24
2607,2025-11-10,3420.48
2607,2025-11-17,3383.74
2607,2025-11-24,3582.32
2607,2025-12-01,3447.29
2607,2025-12-08,3442.32
2607,2025-12-15,3611.11
2607,2025-12-22,3607.14
2607,2025-12-29,3625.01
2607,2026-01-05,3843.45
2607,2026-01-12,3922.88
2607,2026-01-19,4052.95
2607,2026-01-26,3993.37
2607,2026-02-02,4228.69
2607,2026-02-09,4035.07
2607,2026-02-16,3891.11
2607,2026-02-23,3959.62
2607,2026-03-02,3441.33
2607,2026-03-09,3134.53
2607,2026-03-16,3482.04
2607,2026-03-23,3627.0
2607,2026-03-30,3570.0
2607,2026-04-06,3627.0
2607,2026-04-13,3530.0
2607,2026-04-20,3373.0
2607,2026-04-27,3396.0
2607,2026-05-04,3307.0
2607,2026-05-11,3525.0
2607,2026-05-18,3564.0
2607,2026-05-25,3519.0
2607,2026-06-01,3662.0
2607,2026-06-08,3741.0
2607,2026-06-15,3589.0
2607,2026-06-22,3956.0
2607,2026-06-29,4039.0
2607,2026-07-06,3986.0
2607,2026-07-13,3951.0
2607,2026-07-20,3835.0
2607,2026-07-27,3964.0
2607,2026-08-03,4106.0
2607,2026-08-10,4546.0
2607,2026-08-17,4612.0
2705,2025-08-25,5443.94
2705,2025-09-01,5573.56
2705,2025-09-08,5713.15
2705,2025-09-15,5792.91
2705,2025-09-22,5862.71
2705,2025-09-29,5513.74
2705,2025-10-06,5503.76
2705,2025-10-13,5573.56
2705,2025-10-20,5683.24
2705,2025-10-27,5623.41
2705,2025-11-03,5812.85
2705,2025-11-10,5703.18
2705,2025-11-17,5723.12
2705,2025-11-24,5753.03
2705,2025-12-01,5772.97
2705,2025-12-08,5822.82
2705,2025-12-15,5812.85
2705,2025-12-22,5812.85
2705,2025-12-29,5892.62
2705,2026-01-05,6032.21
2705,2026-01-12,6381.18
2705,2026-01-19,6391.15
2705,2026-01-26,6530.74
2705,2026-02-02,6570.62
2705,2026-02-09,6780.0
2705,2026-02-16,7158.88
2705,2026-02-23,7537.76
2705,2026-03-02,7338.35
2705,2026-03-09,7009.32
2705,2026-03-16,6919.59
2705,2026-03-23,6780.0
2705,2026-03-30,6790.0
2705,2026-04-06,6930.0
2705,2026-04-13,6970.0
2705,2026-04-20,6890.0
2705,2026-04-27,6850.0
2705,2026-05-04,6750.0
2705,2026-05-11,7290.0
2705,2026-05-18,7890.0
2705,2026-05-25,7740.0
2705,2026-06-01,7000.0
2705,2026-06-08,7690.0
2705,2026-06-15,7050.0
2705,2026-06-22,7500.0
2705,2026-06-29,7700.0
2705,2026-07-06,8040.0
2705,2026-07-13,8050.0
2705,2026-07-20,8100.0
2705,2026-07-27,8580.0
2705,2026-08-03,8530.0
2705,2026-08-10,8440.0
2705,2026-08-17,9240.0
2767,2025-08-25,2015.1
2767,2025-09-01,2176.99
2767,2025-09-08,2133.19
2767,2025-09-15,2105.57
2767,2025-09-22,2164.61
2767,2025-09-29,2216.04
2767,2025-10-06,2236.04
2767,2025-10-13,2132.24
2767,2025-10-20,2120.81
2767,2025-10-27,2068.43
2767,2025-11-03,1890.35
2767,2025-11-10,1911.3
2767,2025-11-17,1818.92
2767,2025-11-24,1900.82
2767,2025-12-01,1779.88
2767,2025-12-08,1761.78
2767,2025-12-15,1760.83
2767,2025-12-22,1767.5
2767,2025-12-29,1766.55
2767,2026-01-05,1714.17
2767,2026-01-12,1695.12
2767,2026-01-19,1762.74
2767,2026-01-26,1745.6
2767,2026-02-02,1689.41
2767,2026-02-09,1549.42
2767,2026-02-16,1453.23
2767,2026-02-23,1478.95
2767,2026-03-02,1435.14
2767,2026-03-09,1426.57
2767,2026-03-16,1383.72
2767,2026-03-23,1398.0
2767,2026-03-30,1459.0
2767,2026-04-06,1453.0
2767,2026-04-13,1480.0
2767,2026-04-20,1431.0
2767,2026-04-27,1389.0
2767,2026-05-04,1425.0
2767,2026-05-11,1463.0
2767,2026-05-18,1406.0
2767,2026-05-25,1383.0
2767,2026-06-01,1378.0
2767,2026-06-08,1364.0
2767,2026-06-15,1338.0
2767,2026-06-22,1380.0
2767,2026-06-29,1378.0
2767,2026-07-06,1435.0
2767,2026-07-13,1467.0
2767,2026-07-20,1475.0
2767,2026-07-27,2410.0
2767,2026-08-03,2508.0
2767,2026-08-10,2473.0
2767,2026-08-17,2540.0
2801,2025-08-25,1248.08
2801,2025-09-01,1281.46
2801,2025-09-08,1275.57
2801,2025-09-15,1267.72
2801,2025-09-22,1271.15
2801,2025-09-29,1233.55
2801,2025-10-06,1267.19
2801,2025-10-13,1277.09
2801,2025-10-20,1251.36
2801,2025-10-27,1213.26
2801,2025-11-03,1354.28
2801,2025-11-10,1360.71
2801,2025-11-17,1423.55
2801,2025-11-24,1415.14
2801,2025-12-01,1378.52
2801,2025-12-08,1420.09
2801,2025-12-15,1442.35
2801,2025-12-22,1410.19
2801,2025-12-29,1407.22
2801,2026-01-05,1381.49
2801,2026-01-12,1374.57
2801,2026-01-19,1427.02
2801,2026-01-26,1376.05
2801,2026-02-02,1385.95
2801,2026-02-09,1475.51
2801,2026-02-16,1467.59
2801,2026-02-23,1484.41
2801,2026-03-02,1392.87
2801,2026-03-09,1300.84
2801,2026-03-16,1322.61
2801,2026-03-23,1428.5
2801,2026-03-30,1558.0
2801,2026-04-06,1523.0
2801,2026-04-13,1484.0
2801,2026-04-20,1434.0
2801,2026-04-27,1434.0
2801,2026-05-04,1386.5
2801,2026-05-11,1408.0
2801,2026-05-18,1425.5
2801,2026-05-25,1393.0
2801,2026-06-01,1437.0
2801,2026-06-08,1629.0
2801,2026-06-15,1540.0
2801,2026-06-22,1633.5
2801,2026-06-29,1631.5
2801,2026-07-06,1619.0
2801,2026-07-13,1667.0
2801,2026-07-20,1613.0
2801,2026-07-27,1647.5
2801,2026-08-03,1760.0
2801,2026-08-10,1792.0
2801,2026-08-17,1837.5
2820,2025-08-25,4633.05
2820,2025-09-01,4972.06
2820,2025-09-08,4854.14
2820,2025-09-15,5080.14
2820,2025-09-22,4962.23
2820,2025-09-29,4750.97
2820,2025-10-06,4151.57
2820,2025-10-13,4009.09
2820,2025-10-20,3974.7
2820,2025-10-27,3935.39
2820,2025-11-03,3876.43
2820,2025-11-10,4407.05
2820,2025-11-17,4303.87
2820,2025-11-24,4338.27
2820,2025-12-01,4077.87
2820,2025-12-08,4023.83
2820,2025-12-15,4623.23
2820,2025-12-22,4618.31
2820,2025-12-29,4901.51
2820,2026-01-05,4807.44
2820,2026-01-12,4614.35
2820,2026-01-19,4871.8
2820,2026-01-26,4817.34
2820,2026-02-02,5020.33
2820,2026-02-09,5188.67
2820,2026-02-16,5218.38
2820,2026-02-23,5050.04
2820,2026-03-02,5030.24
2820,2026-03-09,4653.96
2820,2026-03-16,4535.13
2820,2026-03-23,4337.09
2820,2026-03-30,4173.71
2820,2026-04-06,4297.49
2820,2026-04-13,4243.02
2820,2026-04-20,4109.35
2820,2026-04-27,4035.08
2820,2026-05-04,3827.14
2820,2026-05-11,3772.68
2820,2026-05-18,4178.66
2820,2026-05-25,4545.04
2820,2026-06-01,4238.07
2820,2026-06-08,4624.25
2820,2026-06-15,4733.18
2820,2026-06-22,4852.0
2820,2026-06-29,5060.0
2820,2026-07-06,4720.0
2820,2026-07-13,5040.0
2820,2026-07-20,4755.0
2820,2026-07-27,4975.0
2820,2026-08-03,5080.0
2820,2026-08-10,5900.0
2820,2026-08-17,6280.0
296A,2025-08-25,618.14
296A,2025-09-01,630.58
296A,2025-09-08,643.97
296A,2025-09-15,643.02
296A,2025-09-22,630.58
296A,2025-09-29,616.43
296A,2025-10-06,605.7
296A,2025-10-13,631.06
296A,2025-10-20,648.62
296A,2025-10-27,658.37
296A,2025-11-03,650.57
296A,2025-11-10,675.93
296A,2025-11-17,687.64
296A,2025-11-24,696.41
296A,2025-12-01,680.81
296A,2025-12-08,695.44
296A,2025-12-15,736.4
296A,2025-12-22,704.22
296A,2025-12-29,702.27
296A,2026-01-05,698.36
296A,2026-01-12,707.14
296A,2026-01-19,719.82
296A,2026-01-26,685.68
296A,2026-02-02,685.68
296A,2026-02-09,651.55
296A,2026-02-16,651.55
296A,2026-02-23,670.08
296A,2026-03-02,645.69
296A,2026-03-09,635.94
296A,2026-03-16,731.53
296A,2026-03-23,792.0
296A,2026-03-30,823.0
296A,2026-04-06,812.0
296A,2026-04-13,819.0
296A,2026-04-20,760.0
296A,2026-04-27,749.0
296A,2026-05-04,767.0
296A,2026-05-11,772.0
296A,2026-05-18,765.0
296A,2026-05-25,747.0
296A,2026-06-01,759.0
296A,2026-06-08,754.0
296A,2026-06-15,769.0
296A,2026-06-22,756.0
296A,2026-06-29,749.0
296A,2026-07-06,741.0
296A,2026-07-13,751.0
296A,2026-07-20,919.0
296A,2026-07-27,857.0
296A,2026-08-03,873.0
296A,2026-08-10,928.0
296A,2026-08-17,1087.0
3077,2025-08-25,429.0
3077,2025-09-01,423.0
3077,2025-09-08,405.0
3077,2025-09-15,402.0
3077,2025-09-22,398.0
3077,2025-09-29,371.0
3077,2025-10-06,377.0
3077,2025-10-13,358.0
3077,2025-10-20,363.0
3077,2025-10-27,353.0
3077,2025-11-03,605.0
3077,2025-11-10,604.0
3077,2025-11-17,542.0
3077,2025-11-24,476.0
3077,2025-12-01,443.0
3077,2025-12-08,436.0
3077,2025-12-15,479.0
3077,2025-12-22,467.0
3077,2025-12-29,501.0
3077,2026-01-05,519.0
3077,2026-01-12,539.0
3077,2026-01-19,521.0
3077,2026-01-26,491.0
3077,2026-02-02,473.0
3077,2026-02-09,474.0
3077,2026-02-16,518.0
3077,2026-02-23,558.0
3077,2026-03-02,563.0
3077,2026-03-09,548.0
3077,2026-03-16,533.0
3077,2026-03-23,630.0
3077,2026-03-30,768.0
3077,2026-04-06,850.0
3077,2026-04-13,742.0
3077,2026-04-20,755.0
3077,2026-04-27,773.0
3077,2026-05-04,781.0
3077,2026-05-11,765.0
3077,2026-05-18,830.0
3077,2026-05-25,795.0
3077,2026-06-01,757.0
3077,2026-06-08,722.0
3077,2026-06-15,704.0
3077,2026-06-22,733.0
3077,2026-06-29,812.0
3077,2026-07-06,827.0
3077,2026-07-13,865.0
3077,2026-07-20,906.0
3077,2026-07-27,899.0
3077,2026-08-03,848.0
3077,2026-08-10,885.0
3077,2026-08-17,1021.0
3167,2025-08-25,1015.79
3167,2025-09-01,1022.57
3167,2025-09-08,1028.38
3167,2025-09-15,1023.54
3167,2025-09-22,1046.78
3167,2025-09-29,984.8
3167,2025-10-06,982.83
3167,2025-10-13,987.75
3167,2025-10-20,1012.35
3167,2025-10-27,1004.48
3167,2025-11-03,1018.25
3167,2025-11-10,1025.14
3167,2025-11-17,1048.75
3167,2025-11-24,1063.51
3167,2025-12-01,1028.09
3167,2025-12-08,1036.94
3167,2025-12-15,1057.6
3167,2025-12-22,1062.52
3167,2025-12-29,1063.51
3167,2026-01-05,1061.54
3167,2026-01-12,1119.58
3167,2026-01-19,1148.11
3167,2026-01-26,1129.42
3167,2026-02-02,1160.9
3167,2026-02-09,1184.51
3167,2026-02-16,1185.5
3167,2026-02-23,1192.39
3167,2026-03-02,1154.02
3167,2026-03-09,1141.23
3167,2026-03-16,1138.28
3167,2026-03-23,1155.0
3167,2026-03-30,1172.0
3167,2026-04-06,1178.0
3167,2026-04-13,1187.0
3167,2026-04-20,1142.0
3167,2026-04-27,1133.0
3167,2026-05-04,1129.0
3167,2026-05-11,1130.0
3167,2026-05-18,1133.0
3167,2026-05-25,1105.0
3167,2026-06-01,1083.0
3167,2026-06-08,1124.0
3167,2026-06-15,1105.0
3167,2026-06-22,1143.0
3167,2026-06-29,1148.0
3167,2026-07-06,1149.0
3167,2026-07-13,1149.0
3167,2026-07-20,1140.0
3167,2026-07-27,1162.0
3167,2026-08-03,1219.0
3167,2026-08-10,1232.0
3167,2026-08-17,1263.0
3177,2025-08-25,3296.55
3177,2025-09-01,3306.19
3177,2025-09-08,3282.09
3177,2025-09-15,3286.91
3177,2025-09-22,3306.19
3177,2025-09-29,3257.99
3177,2025-10-06,3243.54
3177,2025-10-13,3229.08
3177,2025-10-20,3296.55
3177,2025-10-27,3248.36
3177,2025-11-03,3248.36
3177,2025-11-10,3277.27
3177,2025-11-17,3339.93
3177,2025-11-24,3339.93
3177,2025-12-01,3277.27
3177,2025-12-08,3335.11
3177,2025-12-15,3335.11
3177,2025-12-22,3344.75
3177,2025-12-29,3441.14
3177,2026-01-05,3441.14
3177,2026-01-12,3667.65
3177,2026-01-19,3662.83
3177,2026-01-26,3614.64
3177,2026-02-02,3725.49
3177,2026-02-09,3807.42
3177,2026-02-16,3711.03
3177,2026-02-23,3685.0
3177,2026-03-02,3600.0
3177,2026-03-09,3550.0
3177,2026-03-16,3415.0
3177,2026-03-23,3465.0
3177,2026-03-30,3435.0
3177,2026-04-06,3515.0
3177,2026-04-13,3605.0
3177,2026-04-20,3675.0
3177,2026-04-27,3625.0
3177,2026-05-04,3505.0
3177,2026-05-11,3505.0
3177,2026-05-18,3575.0
3177,2026-05-25,3405.0
3177,2026-06-01,3290.0
3177,2026-06-08,3440.0
3177,2026-06-15,3410.0
3177,2026-06-22,3545.0
3177,2026-06-29,3530.0
3177,2026-07-06,3595.0
3177,2026-07-13,3880.0
3177,2026-07-20,4085.0
3177,2026-07-27,4075.0
3177,2026-08-03,4190.0
3177,2026-08-10,4235.0
3177,2026-08-17,4310.0
325A,2025-08-25,1713.33
325A,2025-09-01,1596.67
325A,2025-09-08,1476.67
325A,2025-09-15,1535.0
325A,2025-09-22,1528.33
325A,2025-09-29,1506.67
325A,2025-10-06,1630.0
325A,2025-10-13,1255.0
325A,2025-10-20,1373.33
325A,2025-10-27,1351.67
325A,2025-11-03,1351.67
325A,2025-11-10,1440.0
325A,2025-11-17,1355.0
325A,2025-11-24,1405.0
325A,2025-12-01,1353.33
325A,2025-12-08,1316.67
325A,2025-12-15,1336.67
325A,2025-12-22,1433.33
325A,2025-12-29,1400.0
325A,2026-01-05,1616.67
325A,2026-01-12,1453.33
325A,2026-01-19,1353.33
325A,2026-01-26,1323.33
325A,2026-02-02,1253.33
325A,2026-02-09,1316.67
325A,2026-02-16,1375.0
325A,2026-02-23,1445.0
325A,2026-03-02,1315.0
325A,2026-03-09,1256.67
325A,2026-03-16,1158.33
325A,2026-03-23,1146.67
325A,2026-03-30,1153.33
325A,2026-04-06,1215.0
325A,2026-04-13,1463.33
325A,2026-04-20,1316.67
325A,2026-04-27,1306.67
325A,2026-05-04,1325.0
325A,2026-05-11,1180.0
325A,2026-05-18,1196.67
325A,2026-05-25,1160.0
325A,2026-06-01,1331.67
325A,2026-06-08,1233.33
325A,2026-06-15,1346.67
325A,2026-06-22,1378.33
325A,2026-06-29,1350.0
325A,2026-07-06,1400.0
325A,2026-07-13,1633.0
325A,2026-07-20,1672.0
325A,2026-07-27,1522.0
325A,2026-08-03,1488.0
325A,2026-08-10,1585.0
325A,2026-08-17,1824.0
3276,2025-08-25,1263.21
3276,2025-09-01,1239.79
3276,2025-09-08,1272.0
3276,2025-09-15,1264.19
3276,2025-09-22,1309.1
3276,2025-09-29,1230.02
3276,2025-10-06,1242.71
3276,2025-10-13,1246.62
3276,2025-10-20,1267.12
3276,2025-10-27,1223.19
3276,2025-11-03,1222.21
3276,2025-11-10,1236.86
3276,2025-11-17,1251.5
3276,2025-11-24,1265.17
3276,2025-12-01,1224.17
3276,2025-12-08,1227.09
3276,2025-12-15,1257.36
3276,2025-12-22,1272.0
3276,2025-12-29,1290.0
3276,2026-01-05,1292.0
3276,2026-01-12,1294.0
3276,2026-01-19,1291.0
3276,2026-01-26,1280.0
3276,2026-02-02,1289.0
3276,2026-02-09,1332.0
3276,2026-02-16,1352.0
3276,2026-02-23,1375.0
3276,2026-03-02,1341.0
3276,2026-03-09,1330.0
3276,2026-03-16,1321.0
3276,2026-03-23,1328.0
3276,2026-03-30,1322.0
3276,2026-04-06,1329.0
3276,2026-04-13,1316.0
3276,2026-04-20,1292.0
3276,2026-04-27,1298.0
3276,2026-05-04,1281.0
3276,2026-05-11,1353.0
3276,2026-05-18,1323.0
3276,2026-05-25,1329.0
3276,2026-06-01,1315.0
3276,2026-06-08,1303.0
3276,2026-06-15,1310.0
3276,2026-06-22,1310.0
3276,2026-06-29,1329.0
3276,2026-07-06,1587.0
3276,2026-07-13,1781.0
3276,2026-07-20,1794.0
3276,2026-07-27,1822.0
3276,2026-08-03,2244.0
3276,2026-08-10,2245.0
3276,2026-08-17,2244.0
3676,2025-08-25,953.74
3676,2025-09-01,933.29
3676,2025-09-08,944.0
3676,2025-09-15,950.82
3676,2025-09-22,986.87
3676,2025-09-29,920.35
3676,2025-10-06,963.71
3676,2025-10-13,916.41
3676,2025-10-20,958.78
3676,2025-10-27,945.97
3676,2025-11-03,933.16
3676,2025-11-10,951.89
3676,2025-11-17,931.19
3676,2025-11-24,936.12
3676,2025-12-01,921.34
3676,2025-12-08,915.43
3676,2025-12-15,931.19
3676,2025-12-22,911.49
3676,2025-12-29,895.72
3676,2026-01-05,936.12
3676,2026-01-12,930.21
3676,2026-01-19,931.19
3676,2026-01-26,905.57
3676,2026-02-02,898.68
3676,2026-02-09,843.49
3676,2026-02-16,820.83
3676,2026-02-23,883.89
3676,2026-03-02,931.19
3676,2026-03-09,908.53
3676,2026-03-16,898.68
3676,2026-03-23,910.5
3676,2026-03-30,855.0
3676,2026-04-06,840.0
3676,2026-04-13,879.0
3676,2026-04-20,843.0
3676,2026-04-27,827.0
3676,2026-05-04,833.0
3676,2026-05-11,759.0
3676,2026-05-18,761.0
3676,2026-05-25,746.0
3676,2026-06-01,733.0
3676,2026-06-08,684.0
3676,2026-06-15,694.0
3676,2026-06-22,711.0
3676,2026-06-29,749.0
3676,2026-07-06,732.0
3676,2026-07-13,727.0
3676,2026-07-20,725.0
3676,2026-07-27,755.0
3676,2026-08-03,903.0
3676,2026-08-10,1058.0
3676,2026-08-17,1059.0
3763,2025-08-25,1542.65
3763,2025-09-01,1571.85
3763,2025-09-08,1608.34
3763,2025-09-15,1562.11
3763,2025-09-22,1506.15
3763,2025-09-29,1447.27
3763,2025-10-06,1459.92
3763,2025-10-13,1456.03
3763,2025-10-20,1591.31
3763,2025-10-27,1453.11
3763,2025-11-03,1458.95
3763,2025-11-10,1450.19
3763,2025-11-17,1748.01
3763,2025-11-24,1614.67
3763,2025-12-01,1556.27
3763,2025-12-08,1518.32
3763,2025-12-15,1594.23
3763,2025-12-22,1664.31
3763,2025-12-29,1673.07
3763,2026-01-05,1679.88
3763,2026-01-12,1695.45
3763,2026-01-19,1659.44
3763,2026-01-26,1566.98
3763,2026-02-02,1411.26
3763,2026-02-09,1360.65
3763,2026-02-16,1389.84
3763,2026-02-23,1450.19
3763,2026-03-02,1451.16
3763,2026-03-09,1465.76
3763,2026-03-16,1489.12
3763,2026-03-23,1457.0
3763,2026-03-30,1394.0
3763,2026-04-06,1340.0
3763,2026-04-13,1441.0
3763,2026-04-20,1520.0
3763,2026-04-27,1530.0
3763,2026-05-04,1618.0
3763,2026-05-11,1630.0
3763,2026-05-18,1561.0
3763,2026-05-25,1607.0
3763,2026-06-01,1652.0
3763,2026-06-08,1668.0
3763,2026-06-15,1705.0
3763,2026-06-22,1674.0
3763,2026-06-29,1791.0
3763,2026-07-06,1836.0
3763,2026-07-13,1823.0
3763,2026-07-20,1755.0
3763,2026-07-27,1850.0
3763,2026-08-03,1808.0
3763,2026-08-10,2022.0
3763,2026-08-17,2468.0
3877,2025-08-25,1644.97
3877,2025-09-01,1680.19
3877,2025-09-08,1674.48
3877,2025-09-15,1645.92
3877,2025-09-22,1684.0
3877,2025-09-29,1618.74
3877,2025-10-06,1613.87
3877,2025-10-13,1618.74
3877,2025-10-20,1693.74
3877,2025-10-27,1621.66
3877,2025-11-03,1621.66
3877,2025-11-10,1685.95
3877,2025-11-17,1730.75
3877,2025-11-24,1993.72
3877,2025-12-01,1951.84
3877,2025-12-08,1939.18
3877,2025-12-15,1987.88
3877,2025-12-22,1977.16
3877,2025-12-29,1973.27
3877,2026-01-05,1974.24
3877,2026-01-12,1975.21
3877,2026-01-19,1971.32
3877,2026-01-26,1967.42
3877,2026-02-02,1947.94
3877,2026-02-09,1959.63
3877,2026-02-16,1956.71
3877,2026-02-23,1983.01
3877,2026-03-02,1901.19
3877,2026-03-09,1871.0
3877,2026-03-16,1837.89
3877,2026-03-23,1871.0
3877,2026-03-30,1862.0
3877,2026-04-06,1911.0
3877,2026-04-13,1930.0
3877,2026-04-20,1928.0
3877,2026-04-27,1935.0
3877,2026-05-04,1996.0
3877,2026-05-11,2025.0
3877,2026-05-18,1968.0
3877,2026-05-25,2035.0
3877,2026-06-01,2000.0
3877,2026-06-08,1998.0
3877,2026-06-15,2005.0
3877,2026-06-22,2013.0
3877,2026-06-29,2033.0
3877,2026-07-06,2084.0
3877,2026-07-13,2105.0
3877,2026-07-20,2155.0
3877,2026-07-27,2091.0
3877,2026-08-03,2219.0
3877,2026-08-10,2206.0
3877,2026-08-17,2262.0
3932,2025-08-25,2877.82
3932,2025-09-01,2747.27
3932,2025-09-08,2792.39
3932,2025-09-15,2692.55
3932,2025-09-22,2683.92
3932,2025-09-29,2635.94
3932,2025-10-06,2615.37
3932,2025-10-13,2548.79
3932,2025-10-20,2567.39
3932,2025-10-27,2575.23
3932,2025-11-03,2597.75
3932,2025-11-10,2596.77
3932,2025-11-17,2565.44
3932,2025-11-24,2631.04
3932,2025-12-01,2527.25
3932,2025-12-08,2582.08
3932,2025-12-15,2678.04
3932,2025-12-22,2608.52
3932,2025-12-29,2596.77
3932,2026-01-05,2606.56
3932,2026-01-12,2620.27
3932,2026-01-19,2609.5
3932,2026-01-26,2493.96
3932,2026-02-02,2449.89
3932,2026-02-09,2659.44
3932,2026-02-16,2991.38
3932,2026-02-23,3015.86
3932,2026-03-02,2991.38
3932,2026-03-09,3045.23
3932,2026-03-16,2962.0
3932,2026-03-23,2821.0
3932,2026-03-30,2824.0
3932,2026-04-06,2785.0
3932,2026-04-13,2896.0
3932,2026-04-20,2808.0
3932,2026-04-27,2726.0
3932,2026-05-04,2811.0
3932,2026-05-11,2994.0
3932,2026-05-18,3320.0
3932,2026-05-25,3160.0
3932,2026-06-01,3065.0
3932,2026-06-08,2914.0
3932,2026-06-15,2827.0
3932,2026-06-22,2874.0
3932,2026-06-29,3085.0
3932,2026-07-06,2915.0
3932,2026-07-13,2882.0
3932,2026-07-20,2905.0
3932,2026-07-27,3050.0
3932,2026-08-03,3200.0
3932,2026-08-10,3360.0
3932,2026-08-17,3730.0
3937,2025-08-25,1051.99
3937,2025-09-01,1066.38
3937,2025-09-08,1058.71
3937,2025-09-15,1063.5
3937,2025-09-22,1070.22
3937,2025-09-29,1057.75
3937,2025-10-06,1047.2
3937,2025-10-13,1027.06
3937,2025-10-20,1048.16
3937,2025-10-27,1100.9
3937,2025-11-03,961.85
3937,2025-11-10,1028.98
3937,2025-11-17,1054.87
3937,2025-11-24,1043.36
3937,2025-12-01,1005.01
3937,2025-12-08,1003.09
3937,2025-12-15,1040.49
3937,2025-12-22,1012.68
3937,2025-12-29,1000.21
3937,2026-01-05,1013.64
3937,2026-01-12,1058.71
3937,2026-01-19,1038.57
3937,2026-01-26,994.46
3937,2026-02-02,945.55
3937,2026-02-09,916.78
3937,2026-02-16,918.7
3937,2026-02-23,967.61
3937,2026-03-02,944.59
3937,2026-03-09,916.78
3937,2026-03-16,908.15
3937,2026-03-23,935.0
3937,2026-03-30,962.0
3937,2026-04-06,947.0
3937,2026-04-13,993.0
3937,2026-04-20,966.0
3937,2026-04-27,940.0
3937,2026-05-04,976.0
3937,2026-05-11,1025.0
3937,2026-05-18,952.0
3937,2026-05-25,945.0
3937,2026-06-01,971.0
3937,2026-06-08,923.0
3937,2026-06-15,943.0
3937,2026-06-22,941.0
3937,2026-06-29,1000.0
3937,2026-07-06,1000.0
3937,2026-07-13,1020.0
3937,2026-07-20,1004.0
3937,2026-07-27,1003.0
3937,2026-08-03,1062.0
3937,2026-08-10,1205.0
3937,2026-08-17,1293.0
3946,2025-08-25,3193.75
3946,2025-09-01,3294.91
3946,2025-09-08,3299.73
3946,2025-09-15,3299.73
3946,2025-09-22,3453.87
3946,2025-09-29,3272.35
3946,2025-10-06,3198.76
3946,2025-10-13,3198.76
3946,2025-10-20,3345.94
3946,2025-10-27,3233.1
3946,2025-11-03,3218.38
3946,2025-11-10,3291.97
3946,2025-11-17,3306.69
3946,2025-11-24,3390.09
3946,2025-12-01,3291.97
3946,2025-12-08,3296.88
3946,2025-12-15,3321.41
3946,2025-12-22,3414.62
3946,2025-12-29,3463.69
3946,2026-01-05,3522.56
3946,2026-01-12,3576.52
3946,2026-01-19,3512.75
3946,2026-01-26,3399.91
3946,2026-02-02,3458.78
3946,2026-02-09,3581.43
3946,2026-02-16,3556.9
3946,2026-02-23,3630.49
3946,2026-03-02,3399.91
3946,2026-03-09,3306.69
3946,2026-03-16,3311.6
3946,2026-03-23,3395.0
3946,2026-03-30,3405.0
3946,2026-04-06,3405.0
3946,2026-04-13,3415.0
3946,2026-04-20,3495.0
3946,2026-04-27,3530.0
3946,2026-05-04,3880.0
3946,2026-05-11,3945.0
3946,2026-05-18,3995.0
3946,2026-05-25,3975.0
3946,2026-06-01,3710.0
3946,2026-06-08,3845.0
3946,2026-06-15,3780.0
3946,2026-06-22,3910.0
3946,2026-06-29,4005.0
3946,2026-07-06,4115.0
3946,2026-07-13,4325.0
3946,2026-07-20,4480.0
3946,2026-07-27,4515.0
3946,2026-08-03,4570.0
3946,2026-08-10,4690.0
3946,2026-08-17,4755.0
3950,2025-08-25,1147.95
3950,2025-09-01,1135.33
3950,2025-09-08,1131.44
3950,2025-09-15,1167.38
3950,2025-09-22,1169.32
3950,2025-09-29,1164.46
3950,2025-10-06,1180.0
3950,2025-10-13,1194.57
3950,2025-10-20,1204.28
3950,2025-10-27,1166.4
3950,2025-11-03,1170.29
3950,2025-11-10,1222.73
3950,2025-11-17,1222.73
3950,2025-11-24,1266.44
3950,2025-12-01,1220.79
3950,2025-12-08,1223.7
3950,2025-12-15,1231.47
3950,2025-12-22,1273.24
3950,2025-12-29,1275.21
3950,2026-01-05,1284.1
3950,2026-01-12,1290.03
3950,2026-01-19,1291.02
3950,2026-01-26,1279.16
3950,2026-02-02,1297.93
3950,2026-02-09,1331.51
3950,2026-02-16,1276.2
3950,2026-02-23,1321.64
3950,2026-03-02,1321.64
3950,2026-03-09,1303.86
3950,2026-03-16,1312.75
3950,2026-03-23,1308.79
3950,2026-03-30,1334.48
3950,2026-04-06,1340.4
3950,2026-04-13,1337.44
3950,2026-04-20,1275.21
3950,2026-04-27,1290.03
3950,2026-05-04,1314.72
3950,2026-05-11,1307.81
3950,2026-05-18,1321.64
3950,2026-05-25,1278.17
3950,2026-06-01,1226.81
3950,2026-06-08,1304.84
3950,2026-06-15,1343.37
3950,2026-06-22,1373.0
3950,2026-06-29,1358.0
3950,2026-07-06,1343.0
3950,2026-07-13,1421.0
3950,2026-07-20,1448.0
3950,2026-07-27,1451.0
3950,2026-08-03,1457.0
3950,2026-08-10,1467.0
3950,2026-08-17,1509.0
3976,2025-08-25,414.0
3976,2025-09-01,415.0
3976,2025-09-08,408.0
3976,2025-09-15,389.0
3976,2025-09-22,404.0
3976,2025-09-29,417.0
3976,2025-10-06,413.0
3976,2025-10-13,395.0
3976,2025-10-20,414.0
3976,2025-10-27,406.0
3976,2025-11-03,395.0
3976,2025-11-10,392.0
3976,2025-11-17,387.0
3976,2025-11-24,384.0
3976,2025-12-01,387.0
3976,2025-12-08,381.0
3976,2025-12-15,371.0
3976,2025-12-22,366.0
3976,2025-12-29,367.0
3976,2026-01-05,363.0
3976,2026-01-12,367.0
3976,2026-01-19,367.0
3976,2026-01-26,356.0
3976,2026-02-02,384.0
3976,2026-02-09,395.0
3976,2026-02-16,375.0
3976,2026-02-23,405.0
3976,2026-03-02,394.0
3976,2026-03-09,395.0
3976,2026-03-16,382.0
3976,2026-03-23,378.0
3976,2026-03-30,377.0
3976,2026-04-06,370.0
3976,2026-04-13,373.0
3976,2026-04-20,404.0
3976,2026-04-27,379.0
3976,2026-05-04,389.0
3976,2026-05-11,387.0
3976,2026-05-18,468.0
3976,2026-05-25,500.0
3976,2026-06-01,487.0
3976,2026-06-08,471.0
3976,2026-06-15,570.0
3976,2026-06-22,560.0
3976,2026-06-29,565.0
3976,2026-07-06,582.0
3976,2026-07-13,590.0
3976,2026-07-20,555.0
3976,2026-07-27,566.0
3976,2026-08-03,515.0
3976,2026-08-10,606.0
3976,2026-08-17,717.0
3989,2025-08-25,1062.79
3989,2025-09-01,976.26
3989,2025-09-08,1010.12
3989,2025-09-15,988.49
3989,2025-09-22,979.08
3989,2025-09-29,955.61
3989,2025-10-06,940.94
3989,2025-10-13,885.19
3989,2025-10-20,894.97
3989,2025-10-27,914.53
3989,2025-11-03,916.48
3989,2025-11-10,909.64
3989,2025-11-17,1017.23
3989,2025-11-24,1027.99
3989,2025-12-01,1090.59
3989,2025-12-08,1175.68
3989,2025-12-15,1181.55
3989,2025-12-22,1170.79
3989,2025-12-29,1159.05
3989,2026-01-05,1181.55
3989,2026-01-12,1188.4
3989,2026-01-19,1190.35
3989,2026-01-26,1137.54
3989,2026-02-02,1093.52
3989,2026-02-09,1101.35
3989,2026-02-16,1113.08
3989,2026-02-23,1206.98
3989,2026-03-02,1230.46
3989,2026-03-09,1244.15
3989,2026-03-16,1155.14
3989,2026-03-23,1228.5
3989,2026-03-30,1195.0
3989,2026-04-06,1200.0
3989,2026-04-13,1185.0
3989,2026-04-20,1220.0
3989,2026-04-27,1151.0
3989,2026-05-04,1124.0
3989,2026-05-11,1104.0
3989,2026-05-18,1006.0
3989,2026-05-25,987.0
3989,2026-06-01,1007.0
3989,2026-06-08,980.0
3989,2026-06-15,1015.0
3989,2026-06-22,995.0
3989,2026-06-29,1423.0
3989,2026-07-06,1429.0
3989,2026-07-13,1414.0
3989,2026-07-20,1402.0
3989,2026-07-27,1340.0
3989,2026-08-03,1396.0
3989,2026-08-10,1481.0
3989,2026-08-17,1539.0
4243,2025-08-25,789.53
4243,2025-09-01,817.83
4243,2025-09-08,823.69
4243,2025-09-15,810.02
4243,2025-09-22,811.0
4243,2025-09-29,792.0
4243,2025-10-06,855.0
4243,2025-10-13,798.0
4243,2025-10-20,797.0
4243,2025-10-27,796.0
4243,2025-11-03,795.0
4243,2025-11-10,807.0
4243,2025-11-17,795.0
4243,2025-11-24,790.0
4243,2025-12-01,790.0
4243,2025-12-08,790.0
4243,2025-12-15,789.0
4243,2025-12-22,797.0
4243,2025-12-29,799.0
4243,2026-01-05,826.0
4243,2026-01-12,827.0
4243,2026-01-19,852.0
4243,2026-01-26,831.0
4243,2026-02-02,870.0
4243,2026-02-09,895.0
4243,2026-02-16,930.0
4243,2026-02-23,918.0
4243,2026-03-02,888.0
4243,2026-03-09,884.0
4243,2026-03-16,860.0
4243,2026-03-23,834.0
4243,2026-03-30,825.0
4243,2026-04-06,865.0
4243,2026-04-13,896.0
4243,2026-04-20,860.0
4243,2026-04-27,870.0
4243,2026-05-04,850.0
4243,2026-05-11,860.0
4243,2026-05-18,880.0
4243,2026-05-25,901.0
4243,2026-06-01,881.0
4243,2026-06-08,877.0
4243,2026-06-15,952.0
4243,2026-06-22,958.0
4243,2026-06-29,928.0
4243,2026-07-06,921.0
4243,2026-07-13,907.0
4243,2026-07-20,924.0
4243,2026-07-27,918.0
4243,2026-08-03,935.0
4243,2026-08-10,968.0
4243,2026-08-17,1030.0
4286,2025-08-25,900.16
4286,2025-09-01,981.82
4286,2025-09-08,945.42
4286,2025-09-15,982.8
4286,2025-09-22,973.95
4286,2025-09-29,919.84
4286,2025-10-06,957.22
4286,2025-10-13,917.87
4286,2025-10-20,948.37
4286,2025-10-27,959.19
4286,2025-11-03,922.79
4286,2025-11-10,1110.69
4286,2025-11-17,1175.62
4286,2025-11-24,1175.62
4286,2025-12-01,1064.45
4286,2025-12-08,1049.7
4286,2025-12-15,1136.27
4286,2025-12-22,1092.0
4286,2025-12-29,1074.0
4286,2026-01-05,1065.0
4286,2026-01-12,1104.0
4286,2026-01-19,1070.0
4286,2026-01-26,1035.0
4286,2026-02-02,1093.0
4286,2026-02-09,1159.0
4286,2026-02-16,1153.0
4286,2026-02-23,1154.0
4286,2026-03-02,1091.0
4286,2026-03-09,1028.0
4286,2026-03-16,1016.0
4286,2026-03-23,1068.0
4286,2026-03-30,1075.0
4286,2026-04-06,1068.0
4286,2026-04-13,1160.0
4286,2026-04-20,1148.0
4286,2026-04-27,1171.0
4286,2026-05-04,1220.0
4286,2026-05-11,1220.0
4286,2026-05-18,1174.0
4286,2026-05-25,1115.0
4286,2026-06-01,1094.0
4286,2026-06-08,1074.0
4286,2026-06-15,1117.0
4286,2026-06-22,1040.0
4286,2026-06-29,1144.0
4286,2026-07-06,1111.0
4286,2026-07-13,1128.0
4286,2026-07-20,1110.0
4286,2026-07-27,1154.0
4286,2026-08-03,1084.0
4286,2026-08-10,1135.0
4286,2026-08-17,1332.0
4443,2025-08-25,1916.94
4443,2025-09-01,1906.96
4443,2025-09-08,1939.91
4443,2025-09-15,1937.91
4443,2025-09-22,1907.96
4443,2025-09-29,1822.1
4443,2025-10-06,1805.12
4443,2025-10-13,1740.23
4443,2025-10-20,1810.11
4443,2025-10-27,1820.1
4443,2025-11-03,1743.22
4443,2025-11-10,1748.21
4443,2025-11-17,1699.29
4443,2025-11-24,1683.32
4443,2025-12-01,1637.39
4443,2025-12-08,1679.32
4443,2025-12-15,1734.24
4443,2025-12-22,1776.17
4443,2025-12-29,1731.24
4443,2026-01-05,1791.15
4443,2026-01-12,1914.95
4443,2026-01-19,1659.36
4443,2026-01-26,1492.62
4443,2026-02-02,1148.17
4443,2026-02-09,1085.27
4443,2026-02-16,1103.24
4443,2026-02-23,1172.13
4443,2026-03-02,1238.03
4443,2026-03-09,1146.17
4443,2026-03-16,1110.23
4443,2026-03-23,1139.18
4443,2026-03-30,1214.06
4443,2026-04-06,1237.03
4443,2026-04-13,1333.87
4443,2026-04-20,1264.98
4443,2026-04-27,1248.01
4443,2026-05-04,1316.9
4443,2026-05-11,1305.92
4443,2026-05-18,1467.66
4443,2026-05-25,1679.0
4443,2026-06-01,1603.0
4443,2026-06-08,1435.0
4443,2026-06-15,1438.0
4443,2026-06-22,1383.0
4443,2026-06-29,1716.0
4443,2026-07-06,1723.0
4443,2026-07-13,1827.0
4443,2026-07-20,1787.0
4443,2026-07-27,1989.0
4443,2026-08-03,1900.0
4443,2026-08-10,2106.0
4443,2026-08-17,2231.0
4478,2025-08-25,3125.0
4478,2025-09-01,3180.0
4478,2025-09-08,3510.0
4478,2025-09-15,3780.0
4478,2025-09-22,3765.0
4478,2025-09-29,3270.0
4478,2025-10-06,3635.0
4478,2025-10-13,3390.0
4478,2025-10-20,3475.0
4478,2025-10-27,3450.0
4478,2025-11-03,3265.0
4478,2025-11-10,3530.0
4478,2025-11-17,3140.0
4478,2025-11-24,2998.0
4478,2025-12-01,2989.0
4478,2025-12-08,2956.0
4478,2025-12-15,2964.0
4478,2025-12-22,3050.0
4478,2025-12-29,3005.0
4478,2026-01-05,3050.0
4478,2026-01-12,3055.0
4478,2026-01-19,2958.0
4478,2026-01-26,2711.0
4478,2026-02-02,2286.0
4478,2026-02-09,2136.0
4478,2026-02-16,2028.0
4478,2026-02-23,2150.0
4478,2026-03-02,2415.0
4478,2026-03-09,1999.0
4478,2026-03-16,2028.0
4478,2026-03-23,2203.0
4478,2026-03-30,1998.0
4478,2026-04-06,1959.0
4478,2026-04-13,2441.0
4478,2026-04-20,2281.0
4478,2026-04-27,2274.0
4478,2026-05-04,2435.0
4478,2026-05-11,2182.0
4478,2026-05-18,2246.0
4478,2026-05-25,2112.0
4478,2026-06-01,2155.0
4478,2026-06-08,1853.0
4478,2026-06-15,1993.0
4478,2026-06-22,1876.0
4478,2026-06-29,2124.0
4478,2026-07-06,2250.0
4478,2026-07-13,2407.0
4478,2026-07-20,2405.0
4478,2026-07-27,2599.0
4478,2026-08-03,2732.0
4478,2026-08-10,3345.0
4478,2026-08-17,3780.0
4526,2025-08-25,2814.65
4526,2025-09-01,2867.63
4526,2025-09-08,2857.03
4526,2025-09-15,2873.41
4526,2025-09-22,2899.42
4526,2025-09-29,2769.9
4526,2025-10-06,2752.24
4526,2025-10-13,2779.71
4526,2025-10-20,2796.39
4526,2025-10-27,2745.37
4526,2025-11-03,2798.35
4526,2025-11-10,2791.49
4526,2025-11-17,2860.17
4526,2025-11-24,2900.4
4526,2025-12-01,2770.88
4526,2025-12-08,2810.13
4526,2025-12-15,2910.21
4526,2025-12-22,2925.91
4526,2025-12-29,2911.19
4526,2026-01-05,2933.76
4526,2026-01-12,2987.72
4526,2026-01-19,3071.13
4526,2026-01-26,3046.6
4526,2026-02-02,3144.71
4526,2026-02-09,3002.44
4526,2026-02-16,2943.57
4526,2026-02-23,3041.69
4526,2026-03-02,2939.65
4526,2026-03-09,2826.81
4526,2026-03-16,2820.92
4526,2026-03-23,2869.0
4526,2026-03-30,2943.0
4526,2026-04-06,2925.0
4526,2026-04-13,2864.0
4526,2026-04-20,2740.0
4526,2026-04-27,2770.0
4526,2026-05-04,2699.0
4526,2026-05-11,2825.0
4526,2026-05-18,2803.0
4526,2026-05-25,2806.0
4526,2026-06-01,2913.0
4526,2026-06-08,2995.0
4526,2026-06-15,2988.0
4526,2026-06-22,3080.0
4526,2026-06-29,3095.0
4526,2026-07-06,3135.0
4526,2026-07-13,3155.0
4526,2026-07-20,3120.0
4526,2026-07-27,3210.0
4526,2026-08-03,3155.0
4526,2026-08-10,3280.0
4526,2026-08-17,3340.0
4599,2025-08-25,305.0
4599,2025-09-01,313.0
4599,2025-09-08,305.0
4599,2025-09-15,298.0
4599,2025-09-22,303.0
4599,2025-09-29,290.0
4599,2025-10-06,299.0
4599,2025-10-13,295.0
4599,2025-10-20,291.0
4599,2025-10-27,277.0
4599,2025-11-03,273.0
4599,2025-11-10,287.0
4599,2025-11-17,278.0
4599,2025-11-24,280.0
4599,2025-12-01,254.0
4599,2025-12-08,260.0
4599,2025-12-15,260.0
4599,2025-12-22,255.0
4599,2025-12-29,263.0
4599,2026-01-05,279.0
4599,2026-01-12,290.0
4599,2026-01-19,291.0
4599,2026-01-26,290.0
4599,2026-02-02,285.0
4599,2026-02-09,291.0
4599,2026-02-16,299.0
4599,2026-02-23,307.0
4599,2026-03-02,300.0
4599,2026-03-09,296.0
4599,2026-03-16,296.0
4599,2026-03-23,303.0
4599,2026-03-30,299.0
4599,2026-04-06,304.0
4599,2026-04-13,311.0
4599,2026-04-20,303.0
4599,2026-04-27,299.0
4599,2026-05-04,300.0
4599,2026-05-11,307.0
4599,2026-05-18,293.0
4599,2026-05-25,296.0
4599,2026-06-01,295.0
4599,2026-06-08,286.0
4599,2026-06-15,300.0
4599,2026-06-22,313.0
4599,2026-06-29,313.0
4599,2026-07-06,316.0
4599,2026-07-13,294.0
4599,2026-07-20,299.0
4599,2026-07-27,298.0
4599,2026-08-03,303.0
4599,2026-08-10,348.0
4599,2026-08-17,357.0
4623,2025-08-25,1670.06
4623,2025-09-01,1675.86
4623,2025-09-08,1684.55
4623,2025-09-15,1693.24
4623,2025-09-22,1690.34
4623,2025-09-29,1706.07
4623,2025-10-06,1697.22
4623,2025-10-13,1690.34
4623,2025-10-20,1694.28
4623,2025-10-27,1690.34
4623,2025-11-03,1689.36
4623,2025-11-10,1686.41
4623,2025-11-17,1692.31
4623,2025-11-24,1688.38
4623,2025-12-01,1681.5
4623,2025-12-08,1682.48
4623,2025-12-15,1685.43
4623,2025-12-22,1689.36
4623,2025-12-29,1694.28
4623,2026-01-05,1699.19
4623,2026-01-12,1710.0
4623,2026-01-19,1702.14
4623,2026-01-26,1702.14
4623,2026-02-02,1709.02
4623,2026-02-09,1712.95
4623,2026-02-16,1738.5
4623,2026-02-23,1730.64
4623,2026-03-02,1705.09
4623,2026-03-09,1695.26
4623,2026-03-16,1710.0
4623,2026-03-23,1710.0
4623,2026-03-30,1730.0
4623,2026-04-06,1732.0
4623,2026-04-13,1722.0
4623,2026-04-20,1711.0
4623,2026-04-27,1710.0
4623,2026-05-04,1706.0
4623,2026-05-11,1700.0
4623,2026-05-18,1710.0
4623,2026-05-25,1700.0
4623,2026-06-01,1701.0
4623,2026-06-08,1700.0
4623,2026-06-15,1693.0
4623,2026-06-22,1708.0
4623,2026-06-29,1725.0
4623,2026-07-06,1712.0
4623,2026-07-13,1711.0
4623,2026-07-20,1719.0
4623,2026-07-27,1721.0
4623,2026-08-03,1723.0
4623,2026-08-10,1820.0
4623,2026-08-17,1870.0
4689,2025-08-25,459.92
4689,2025-09-01,467.18
4689,2025-09-08,482.77
4689,2025-09-15,485.13
4689,2025-09-22,476.2
4689,2025-09-29,453.05
4689,2025-10-06,452.95
4689,2025-10-13,431.76
4689,2025-10-20,446.18
4689,2025-10-27,444.42
4689,2025-11-03,417.14
4689,2025-11-10,422.05
4689,2025-11-17,417.53
4689,2025-11-24,412.53
4689,2025-12-01,408.8
4689,2025-12-08,403.8
4689,2025-12-15,419.59
4689,2025-12-22,405.47
4689,2025-12-29,409.29
4689,2026-01-05,409.39
4689,2026-01-12,396.05
4689,2026-01-19,398.31
4689,2026-01-26,389.08
4689,2026-02-02,415.18
4689,2026-02-09,380.16
4689,2026-02-16,367.21
4689,2026-02-23,381.63
4689,2026-03-02,386.14
4689,2026-03-09,390.65
4689,2026-03-16,390.36
4689,2026-03-23,377.9
4689,2026-03-30,393.2
4689,2026-04-06,403.6
4689,2026-04-13,427.9
4689,2026-04-20,415.9
4689,2026-04-27,419.7
4689,2026-05-04,440.0
4689,2026-05-11,417.3
4689,2026-05-18,409.2
4689,2026-05-25,417.3
4689,2026-06-01,408.0
4689,2026-06-08,402.3
4689,2026-06-15,409.5
4689,2026-06-22,410.0
4689,2026-06-29,438.2
4689,2026-07-06,445.4
4689,2026-07-13,447.4
4689,2026-07-20,435.3
4689,2026-07-27,446.8
4689,2026-08-03,483.6
4689,2026-08-10,506.3
4689,2026-08-17,525.6
4767,2025-08-25,355.71
4767,2025-09-01,359.51
4767,2025-09-08,358.56
4767,2025-09-15,356.66
4767,2025-09-22,366.15
4767,2025-09-29,351.92
4767,2025-10-06,349.07
4767,2025-10-13,354.76
4767,2025-10-20,363.3
4767,2025-10-27,350.97
4767,2025-11-03,353.82
4767,2025-11-10,356.66
4767,2025-11-17,360.46
4767,2025-11-24,362.35
4767,2025-12-01,354.76
4767,2025-12-08,353.82
4767,2025-12-15,361.4
4767,2025-12-22,362.35
4767,2025-12-29,364.44
4767,2026-01-05,375.13
4767,2026-01-12,379.02
4767,2026-01-19,376.1
4767,2026-01-26,367.36
4767,2026-02-02,363.47
4767,2026-02-09,373.19
4767,2026-02-16,366.39
4767,2026-02-23,373.19
4767,2026-03-02,358.61
4767,2026-03-09,351.81
4767,2026-03-16,355.7
4767,2026-03-23,359.58
4767,2026-03-30,360.55
4767,2026-04-06,358.61
4767,2026-04-13,361.53
4767,2026-04-20,359.58
4767,2026-04-27,361.53
4767,2026-05-04,360.55
4767,2026-05-11,357.64
4767,2026-05-18,345.98
4767,2026-05-25,346.95
4767,2026-06-01,344.03
4767,2026-06-08,335.29
4767,2026-06-15,326.54
4767,2026-06-22,315.85
4767,2026-06-29,325.0
4767,2026-07-06,335.0
4767,2026-07-13,332.0
4767,2026-07-20,335.0
4767,2026-07-27,336.0
4767,2026-08-03,370.0
4767,2026-08-10,387.0
4767,2026-08-17,401.0
4847,2025-08-25,1023.96
4847,2025-09-01,1028.77
4847,2025-09-08,1032.62
4847,2025-09-15,1065.31
4847,2025-09-22,1057.61
4847,2025-09-29,986.47
4847,2025-10-06,999.93
4847,2025-10-13,980.7
4847,2025-10-20,1016.27
4847,2025-10-27,996.08
4847,2025-11-03,931.66
4847,2025-11-10,933.59
4847,2025-11-17,907.63
4847,2025-11-24,936.47
4847,2025-12-01,916.28
4847,2025-12-08,917.24
4847,2025-12-15,909.55
4847,2025-12-22,925.89
4847,2025-12-29,936.66
4847,2026-01-05,963.09
4847,2026-01-12,978.75
4847,2026-01-19,962.11
4847,2026-01-26,930.79
4847,2026-02-02,944.49
4847,2026-02-09,938.62
4847,2026-02-16,950.36
4847,2026-02-23,988.53
4847,2026-03-02,1001.26
4847,2026-03-09,977.77
4847,2026-03-16,959.17
4847,2026-03-23,947.43
4847,2026-03-30,953.3
4847,2026-04-06,950.36
4847,2026-04-13,967.98
4847,2026-04-20,960.15
4847,2026-04-27,949.38
4847,2026-05-04,973.85
4847,2026-05-11,902.4
4847,2026-05-18,919.04
4847,2026-05-25,918.06
4847,2026-06-01,926.87
4847,2026-06-08,920.02
4847,2026-06-15,911.21
4847,2026-06-22,921.0
4847,2026-06-29,967.0
4847,2026-07-06,954.0
4847,2026-07-13,952.0
4847,2026-07-20,1003.0
4847,2026-07-27,1000.0
4847,2026-08-03,1236.0
4847,2026-08-10,1281.0
4847,2026-08-17,1319.0
4912,2025-08-25,1545.08
4912,2025-09-01,1585.8
4912,2025-09-08,1580.9
4912,2025-09-15,1511.72
4912,2025-09-22,1548.51
4912,2025-09-29,1541.15
4912,2025-10-06,1505.83
4912,2025-10-13,1525.94
4912,2025-10-20,1527.91
4912,2025-10-27,1491.11
4912,2025-11-03,1517.6
4912,2025-11-10,1549.99
4912,2025-11-17,1639.78
4912,2025-11-24,1624.57
4912,2025-12-01,1574.03
4912,2025-12-08,1596.6
4912,2025-12-15,1668.23
4912,2025-12-22,1651.06
4912,2025-12-29,1632.74
4912,2026-01-05,1657.0
4912,2026-01-12,1656.01
4912,2026-01-19,1687.7
4912,2026-01-26,1640.67
4912,2026-02-02,1706.01
4912,2026-02-09,1814.44
4912,2026-02-16,1726.81
4912,2026-02-23,1820.38
4912,2026-03-02,1732.75
4912,2026-03-09,1688.19
4912,2026-03-16,1614.92
4912,2026-03-23,1635.71
4912,2026-03-30,1640.17
4912,2026-04-06,1614.43
4912,2026-04-13,1608.98
4912,2026-04-20,1590.66
4912,2026-04-27,1505.51
4912,2026-05-04,1526.3
4912,2026-05-11,1529.77
4912,2026-05-18,1585.22
4912,2026-05-25,1603.54
4912,2026-06-01,1572.84
4912,2026-06-08,1655.02
4912,2026-06-15,1625.81
4912,2026-06-22,1707.5
4912,2026-06-29,1722.5
4912,2026-07-06,1671.5
4912,2026-07-13,1711.0
4912,2026-07-20,1659.5
4912,2026-07-27,1708.0
4912,2026-08-03,1797.5
4912,2026-08-10,1905.5
4912,2026-08-17,1894.0
4919,2025-08-25,2414.66
4919,2025-09-01,2429.16
4919,2025-09-08,2427.23
4919,2025-09-15,2392.43
4919,2025-09-22,2447.53
4919,2025-09-29,2368.26
4919,2025-10-06,2338.3
4919,2025-10-13,2314.13
4919,2025-10-20,2310.26
4919,2025-10-27,2238.73
4919,2025-11-03,2302.53
4919,2025-11-10,2324.76
4919,2025-11-17,2483.29
4919,2025-11-24,2456.23
4919,2025-12-01,2351.83
4919,2025-12-08,2404.03
4919,2025-12-15,2388.56
4919,2025-12-22,2458.16
4919,2025-12-29,2399.05
4919,2026-01-05,2389.19
4919,2026-01-12,2428.6
4919,2026-01-19,2540.92
4919,2026-01-26,2499.54
4919,2026-02-02,2618.75
4919,2026-02-09,2680.82
4919,2026-02-16,2675.9
4919,2026-02-23,2769.49
4919,2026-03-02,2692.65
4919,2026-03-09,2639.44
4919,2026-03-16,2637.47
4919,2026-03-23,2688.7
4919,2026-03-30,2703.48
4919,2026-04-06,2720.23
4919,2026-04-13,2691.66
4919,2026-04-20,2545.85
4919,2026-04-27,2498.55
4919,2026-05-04,2478.85
4919,2026-05-11,2503.48
4919,2026-05-18,2657.18
4919,2026-05-25,2612.84
4919,2026-06-01,2535.99
4919,2026-06-08,2703.48
4919,2026-06-15,2594.12
4919,2026-06-22,2669.0
4919,2026-06-29,2764.0
4919,2026-07-06,2774.0
4919,2026-07-13,2834.0
4919,2026-07-20,2785.0
4919,2026-07-27,2781.0
4919,2026-08-03,2894.0
4919,2026-08-10,3250.0
4919,2026-08-17,3255.0
4937,2025-08-25,1232.0
4937,2025-09-01,1247.0
4937,2025-09-08,1110.0
4937,2025-09-15,1113.0
4937,2025-09-22,1383.0
4937,2025-09-29,1400.0
4937,2025-10-06,1465.0
4937,2025-10-13,1375.0
4937,2025-10-20,1410.0
4937,2025-10-27,1397.0
4937,2025-11-03,1400.0
4937,2025-11-10,1766.0
4937,2025-11-17,1773.0
4937,2025-11-24,1725.0
4937,2025-12-01,1736.0
4937,2025-12-08,1393.0
4937,2025-12-15,1444.0
4937,2025-12-22,1340.0
4937,2025-12-29,1377.0
4937,2026-01-05,1410.0
4937,2026-01-12,1427.0
4937,2026-01-19,1401.0
4937,2026-01-26,1384.0
4937,2026-02-02,1400.0
4937,2026-02-09,1411.0
4937,2026-02-16,1515.0
4937,2026-02-23,1538.0
4937,2026-03-02,1530.0
4937,2026-03-09,1395.0
4937,2026-03-16,1384.0
4937,2026-03-23,1360.0
4937,2026-03-30,1357.0
4937,2026-04-06,1280.0
4937,2026-04-13,1317.0
4937,2026-04-20,1300.0
4937,2026-04-27,1317.0
4937,2026-05-04,1447.0
4937,2026-05-11,1580.0
4937,2026-05-18,1600.0
4937,2026-05-25,1572.0
4937,2026-06-01,1549.0
4937,2026-06-08,1540.0
4937,2026-06-15,1543.0
4937,2026-06-22,1495.0
4937,2026-06-29,1500.0
4937,2026-07-06,1450.0
4937,2026-07-13,1480.0
4937,2026-07-20,1501.0
4937,2026-07-27,1487.0
4937,2026-08-03,1568.0
4937,2026-08-10,2030.0
4937,2026-08-17,2457.0
4958,2025-08-25,2895.94
4958,2025-09-01,2895.94
4958,2025-09-08,2885.26
4958,2025-09-15,2895.94
4958,2025-09-22,2959.99
4958,2025-09-29,2748.77
4958,2025-10-06,2721.27
4958,2025-10-13,2679.02
4958,2025-10-20,2707.51
4958,2025-10-27,2654.46
4958,2025-11-03,2651.52
4958,2025-11-10,2707.51
4958,2025-11-17,2723.23
4958,2025-11-24,2784.14
4958,2025-12-01,2670.18
4958,2025-12-08,2710.46
4958,2025-12-15,2788.07
4958,2025-12-22,2798.88
4958,2025-12-29,2768.42
4958,2026-01-05,2828.35
4958,2026-01-12,2832.28
4958,2026-01-19,2858.8
4958,2026-01-26,2791.02
4958,2026-02-02,2812.63
4958,2026-02-09,2828.35
4958,2026-02-16,2799.86
4958,2026-02-23,2867.65
4958,2026-03-02,2802.81
4958,2026-03-09,2794.95
4958,2026-03-16,2787.09
4958,2026-03-23,2792.0
4958,2026-03-30,2855.0
4958,2026-04-06,2923.0
4958,2026-04-13,2861.0
4958,2026-04-20,2865.0
4958,2026-04-27,2882.0
4958,2026-05-04,2933.0
4958,2026-05-11,3070.0
4958,2026-05-18,3125.0
4958,2026-05-25,3075.0
4958,2026-06-01,3060.0
4958,2026-06-08,3205.0
4958,2026-06-15,3255.0
4958,2026-06-22,3215.0
4958,2026-06-29,3250.0
4958,2026-07-06,3225.0
4958,2026-07-13,3300.0
4958,2026-07-20,3225.0
4958,2026-07-27,3250.0
4958,2026-08-03,3310.0
4958,2026-08-10,3350.0
4958,2026-08-17,3385.0
4997,2025-08-25,940.98
4997,2025-09-01,998.89
4997,2025-09-08,968.97
4997,2025-09-15,989.23
4997,2025-09-22,987.3
4997,2025-09-29,952.15
4997,2025-10-06,934.57
4997,2025-10-13,914.06
4997,2025-10-20,914.06
4997,2025-10-27,843.75
4997,2025-11-03,847.66
4997,2025-11-10,864.26
4997,2025-11-17,867.19
4997,2025-11-24,868.16
4997,2025-12-01,880.86
4997,2025-12-08,970.7
4997,2025-12-15,995.12
4997,2025-12-22,982.42
4997,2025-12-29,990.23
4997,2026-01-05,994.14
4997,2026-01-12,1012.7
4997,2026-01-19,1005.86
4997,2026-01-26,990.23
4997,2026-02-02,1034.18
4997,2026-02-09,998.05
4997,2026-02-16,993.16
4997,2026-02-23,1066.41
4997,2026-03-02,989.26
4997,2026-03-09,990.23
4997,2026-03-16,984.38
4997,2026-03-23,1000.0
4997,2026-03-30,1031.0
4997,2026-04-06,1021.0
4997,2026-04-13,1017.0
4997,2026-04-20,1003.0
4997,2026-04-27,999.0
4997,2026-05-04,964.0
4997,2026-05-11,986.0
4997,2026-05-18,976.0
4997,2026-05-25,1057.0
4997,2026-06-01,1017.0
4997,2026-06-08,1028.0
4997,2026-06-15,1004.0
4997,2026-06-22,1022.0
4997,2026-06-29,1033.0
4997,2026-07-06,1014.0
4997,2026-07-13,987.0
4997,2026-07-20,1085.0
4997,2026-07-27,1077.0
4997,2026-08-03,1132.0
4997,2026-08-10,1178.0
4997,2026-08-17,1219.0
5122,2025-08-25,4970.83
5122,2025-09-01,4990.4
5122,2025-09-08,5127.4
5122,2025-09-15,5098.04
5122,2025-09-22,5058.9
5122,2025-09-29,5029.2
5122,2025-10-06,5009.4
5122,2025-10-13,5019.3
5122,2025-10-20,5108.4
5122,2025-10-27,4999.5
5122,2025-11-03,5039.1
5122,2025-11-10,5286.6
5122,2025-11-17,5296.5
5122,2025-11-24,5425.2
5122,2025-12-01,5395.5
5122,2025-12-08,5415.3
5122,2025-12-15,5355.9
5122,2025-12-22,5405.4
5122,2025-12-29,5415.3
5122,2026-01-05,5336.1
5122,2026-01-12,5702.4
5122,2026-01-19,5811.3
5122,2026-01-26,5445.0
5122,2026-02-02,5633.1
5122,2026-02-09,5464.8
5122,2026-02-16,5524.2
5122,2026-02-23,6058.8
5122,2026-03-02,5860.8
5122,2026-03-09,5811.3
5122,2026-03-16,5761.8
5122,2026-03-23,5940.0
5122,2026-03-30,6020.0
5122,2026-04-06,6000.0
5122,2026-04-13,5920.0
5122,2026-04-20,5620.0
5122,2026-04-27,5580.0
5122,2026-05-04,5600.0
5122,2026-05-11,5400.0
5122,2026-05-18,5620.0
5122,2026-05-25,5550.0
5122,2026-06-01,5700.0
5122,2026-06-08,5700.0
5122,2026-06-15,5610.0
5122,2026-06-22,5290.0
5122,2026-06-29,5420.0
5122,2026-07-06,5470.0
5122,2026-07-13,5300.0
5122,2026-07-20,5600.0
5122,2026-07-27,6000.0
5122,2026-08-03,6590.0
5122,2026-08-10,6340.0
5122,2026-08-17,6670.0
5575,2025-08-25,908.0
5575,2025-09-01,918.0
5575,2025-09-08,902.0
5575,2025-09-15,886.0
5575,2025-09-22,909.0
5575,2025-09-29,871.0
5575,2025-10-06,842.0
5575,2025-10-13,815.0
5575,2025-10-20,808.0
5575,2025-10-27,795.0
5575,2025-11-03,768.0
5575,2025-11-10,763.0
5575,2025-11-17,739.0
5575,2025-11-24,740.0
5575,2025-12-01,679.0
5575,2025-12-08,669.0
5575,2025-12-15,625.0
5575,2025-12-22,620.0
5575,2025-12-29,611.0
5575,2026-01-05,644.0
5575,2026-01-12,690.0
5575,2026-01-19,681.0
5575,2026-01-26,677.0
5575,2026-02-02,656.0
5575,2026-02-09,652.0
5575,2026-02-16,628.0
5575,2026-02-23,629.0
5575,2026-03-02,630.0
5575,2026-03-09,610.0
5575,2026-03-16,611.0
5575,2026-03-23,599.0
5575,2026-03-30,599.0
5575,2026-04-06,626.0
5575,2026-04-13,730.0
5575,2026-04-20,769.0
5575,2026-04-27,706.0
5575,2026-05-04,739.0
5575,2026-05-11,735.0
5575,2026-05-18,716.0
5575,2026-05-25,670.0
5575,2026-06-01,645.0
5575,2026-06-08,635.0
5575,2026-06-15,622.0
5575,2026-06-22,600.0
5575,2026-06-29,653.0
5575,2026-07-06,676.0
5575,2026-07-13,937.0
5575,2026-07-20,1025.0
5575,2026-07-27,991.0
5575,2026-08-03,1060.0
5575,2026-08-10,1233.0
5575,2026-08-17,1295.0
558A,2026-04-20,3245.0
558A,2026-04-27,3290.0
558A,2026-05-04,3340.0
558A,2026-05-11,3805.0
558A,2026-05-18,4340.0
558A,2026-05-25,5270.0
558A,2026-06-01,4805.0
558A,2026-06-08,4440.0
558A,2026-06-15,4080.0
558A,2026-06-22,4435.0
558A,2026-06-29,4540.0
558A,2026-07-06,4415.0
558A,2026-07-13,4485.0
558A,2026-07-20,4350.0
558A,2026-07-27,4400.0
558A,2026-08-03,4510.0
558A,2026-08-10,5040.0
558A,2026-08-17,5570.0
575A,2026-06-01,1509.0
575A,2026-06-08,1414.0
575A,2026-06-15,1421.0
575A,2026-06-22,1360.0
575A,2026-06-29,1489.0
575A,2026-07-06,1517.0
575A,2026-07-13,1800.0
575A,2026-07-20,1811.0
575A,2026-07-27,1795.0
575A,2026-08-03,1805.0
575A,2026-08-10,1846.0
575A,2026-08-17,1927.0
5889,2025-08-25,2011.44
5889,2025-09-01,1997.01
5889,2025-09-08,2298.24
5889,2025-09-15,2166.39
5889,2025-09-22,2147.14
5889,2025-09-29,2028.77
5889,2025-10-06,2023.96
5889,2025-10-13,1987.38
5889,2025-10-20,2133.67
5889,2025-10-27,1934.45
5889,2025-11-03,1949.85
5889,2025-11-10,1946.96
5889,2025-11-17,1828.59
5889,2025-11-24,1867.08
5889,2025-12-01,1900.77
5889,2025-12-08,1971.02
5889,2025-12-15,1903.65
5889,2025-12-22,1950.81
5889,2025-12-29,1953.7
5889,2026-01-05,1966.21
5889,2026-01-12,1946.0
5889,2026-01-19,1961.4
5889,2026-01-26,1974.96
5889,2026-02-02,1950.39
5889,2026-02-09,1940.56
5889,2026-02-16,1883.54
5889,2026-02-23,1964.15
5889,2026-03-02,1917.95
5889,2026-03-09,1848.15
5889,2026-03-16,2040.83
5889,2026-03-23,2092.93
5889,2026-03-30,2054.59
5889,2026-04-06,2077.2
5889,2026-04-13,2103.74
5889,2026-04-20,2192.22
5889,2026-04-27,2190.25
5889,2026-05-04,2208.93
5889,2026-05-11,2154.86
5889,2026-05-18,2172.56
5889,2026-05-25,2056.56
5889,2026-06-01,2051.64
5889,2026-06-08,2133.23
5889,2026-06-15,2279.71
5889,2026-06-22,2151.91
5889,2026-06-29,2362.29
5889,2026-07-06,2410.46
5889,2026-07-13,2283.64
5889,2026-07-20,2345.58
5889,2026-07-27,2521.0
5889,2026-08-03,2469.0
5889,2026-08-10,2608.0
5889,2026-08-17,2627.0
5902,2025-08-25,2004.38
5902,2025-09-01,2100.38
5902,2025-09-08,2219.41
5902,2025-09-15,2201.17
5902,2025-09-22,2196.37
5902,2025-09-29,2141.9
5902,2025-10-06,2115.64
5902,2025-10-13,2144.82
5902,2025-10-20,2173.03
5902,2025-10-27,2094.24
5902,2025-11-03,2101.05
5902,2025-11-10,2201.24
5902,2025-11-17,2182.76
5902,2025-11-24,2254.74
5902,2025-12-01,2209.02
5902,2025-12-08,2205.13
5902,2025-12-15,2215.83
5902,2025-12-22,2274.19
5902,2025-12-29,2311.15
5902,2026-01-05,2349.09
5902,2026-01-12,2355.9
5902,2026-01-19,2335.47
5902,2026-01-26,2272.25
5902,2026-02-02,2350.06
5902,2026-02-09,2273.22
5902,2026-02-16,2298.51
5902,2026-02-23,2451.22
5902,2026-03-02,2388.0
5902,2026-03-09,2319.91
5902,2026-03-16,2286.84
5902,2026-03-23,2281.0
5902,2026-03-30,2285.0
5902,2026-04-06,2273.0
5902,2026-04-13,2260.0
5902,2026-04-20,2190.0
5902,2026-04-27,2150.0
5902,2026-05-04,2160.0
5902,2026-05-11,2234.0
5902,2026-05-18,2235.0
5902,2026-05-25,2240.0
5902,2026-06-01,2289.0
5902,2026-06-08,2356.0
5902,2026-06-15,2360.0
5902,2026-06-22,2343.0
5902,2026-06-29,2374.0
5902,2026-07-06,2335.0
5902,2026-07-13,2353.0
5902,2026-07-20,2372.0
5902,2026-07-27,2386.0
5902,2026-08-03,2385.0
5902,2026-08-10,2585.0
5902,2026-08-17,2744.0
590A,2025-08-25,1373.72
590A,2025-09-01,1202.5
590A,2025-09-08,1237.14
590A,2025-09-15,1241.1
590A,2025-09-22,1187.66
590A,2025-09-29,1173.8
590A,2025-10-06,1112.44
590A,2025-10-13,1083.74
590A,2025-10-20,1114.42
590A,2025-10-27,1078.79
590A,2025-11-03,1029.3
590A,2025-11-10,1072.85
590A,2025-11-17,1096.6
590A,2025-11-24,1155.99
590A,2025-12-01,1112.44
590A,2025-12-08,1131.24
590A,2025-12-15,1175.78
590A,2025-12-22,1251.0
590A,2025-12-29,1256.0
590A,2026-01-05,1312.0
590A,2026-01-12,1354.0
590A,2026-01-19,1369.0
590A,2026-01-26,1270.0
590A,2026-02-02,1225.0
590A,2026-02-09,1145.0
590A,2026-02-16,982.0
590A,2026-02-23,1035.0
590A,2026-03-02,1122.0
590A,2026-03-09,1126.0
590A,2026-03-16,1081.0
590A,2026-03-23,1130.0
590A,2026-03-30,1105.0
590A,2026-04-06,1094.0
590A,2026-04-13,1129.0
590A,2026-04-20,1063.0
590A,2026-04-27,1151.0
590A,2026-05-04,1200.0
590A,2026-05-11,1068.0
590A,2026-05-18,1123.0
590A,2026-05-25,1147.0
590A,2026-06-01,1169.0
590A,2026-06-08,1039.0
590A,2026-06-15,1047.0
590A,2026-06-22,995.0
590A,2026-06-29,1107.0
590A,2026-07-06,1006.0
590A,2026-07-13,998.0
590A,2026-07-20,998.0
590A,2026-07-27,1052.0
590A,2026-08-03,1105.0
590A,2026-08-10,1188.0
590A,2026-08-17,1393.0
5976,2025-08-25,1159.28
5976,2025-09-01,1170.62
5976,2025-09-08,1188.59
5976,2025-09-15,1180.08
5976,2025-09-22,1173.46
5976,2025-09-29,1148.2
5976,2025-10-06,1152.09
5976,2025-10-13,1160.83
5976,2025-10-20,1170.55
5976,2025-10-27,1158.89
5976,2025-11-03,1164.72
5976,2025-11-10,1151.12
5976,2025-11-17,1161.8
5976,2025-11-24,1192.89
5976,2025-12-01,1170.55
5976,2025-12-08,1197.74
5976,2025-12-15,1207.46
5976,2025-12-22,1217.17
5976,2025-12-29,1238.54
5976,2026-01-05,1268.66
5976,2026-01-12,1318.2
5976,2026-01-19,1310.43
5976,2026-01-26,1281.29
5976,2026-02-02,1328.88
5976,2026-02-09,1389.11
5976,2026-02-16,1408.54
5976,2026-02-23,1463.91
5976,2026-03-02,1365.8
5976,2026-03-09,1301.69
5976,2026-03-16,1291.97
5976,2026-03-23,1291.0
5976,2026-03-30,1293.0
5976,2026-04-06,1309.0
5976,2026-04-13,1317.0
5976,2026-04-20,1283.0
5976,2026-04-27,1294.0
5976,2026-05-04,1309.0
5976,2026-05-11,1270.0
5976,2026-05-18,1274.0
5976,2026-05-25,1309.0
5976,2026-06-01,1289.0
5976,2026-06-08,1291.0
5976,2026-06-15,1294.0
5976,2026-06-22,1279.0
5976,2026-06-29,1308.0
5976,2026-07-06,1313.0
5976,2026-07-13,1326.0
5976,2026-07-20,1367.0
5976,2026-07-27,1380.0
5976,2026-08-03,1458.0
5976,2026-08-10,1494.0
5976,2026-08-17,1563.0
6027,2025-08-25,3285.0
6027,2025-09-01,3725.0
6027,2025-09-08,3610.0
6027,2025-09-15,3370.0
6027,2025-09-22,3310.0
6027,2025-09-29,3045.0
6027,2025-10-06,3020.0
6027,2025-10-13,3035.0
6027,2025-10-20,3105.0
6027,2025-10-27,3050.0
6027,2025-11-03,2891.0
6027,2025-11-10,2891.0
6027,2025-11-17,2880.0
6027,2025-11-24,2943.0
6027,2025-12-01,3135.0
6027,2025-12-08,3010.0
6027,2025-12-15,2994.0
6027,2025-12-22,3185.0
6027,2025-12-29,3150.0
6027,2026-01-05,3270.0
6027,2026-01-12,3380.0
6027,2026-01-19,3040.0
6027,2026-01-26,2902.0
6027,2026-02-02,2500.0
6027,2026-02-09,2435.0
6027,2026-02-16,2307.0
6027,2026-02-23,2439.0
6027,2026-03-02,2801.0
6027,2026-03-09,2765.0
6027,2026-03-16,2850.0
6027,2026-03-23,2894.0
6027,2026-03-30,2835.0
6027,2026-04-06,2565.0
6027,2026-04-13,2583.0
6027,2026-04-20,2525.0
6027,2026-04-27,2520.0
6027,2026-05-04,2720.0
6027,2026-05-11,2710.0
6027,2026-05-18,2548.0
6027,2026-05-25,2406.0
6027,2026-06-01,2289.0
6027,2026-06-08,2106.0
6027,2026-06-15,2236.0
6027,2026-06-22,2050.0
6027,2026-06-29,2390.0
6027,2026-07-06,2374.0
6027,2026-07-13,2390.0
6027,2026-07-20,2199.0
6027,2026-07-27,2312.0
6027,2026-08-03,2388.0
6027,2026-08-10,3750.0
6027,2026-08-17,4475.0
6087,2025-08-25,3333.15
6087,2025-09-01,3265.22
6087,2025-09-08,3289.48
6087,2025-09-15,3323.44
6087,2025-09-22,3338.0
6087,2025-09-29,3075.0
6087,2025-10-06,3110.0
6087,2025-10-13,3100.0
6087,2025-10-20,3115.0
6087,2025-10-27,3115.0
6087,2025-11-03,3135.0
6087,2025-11-10,3175.0
6087,2025-11-17,3195.0
6087,2025-11-24,3215.0
6087,2025-12-01,3340.0
6087,2025-12-08,3305.0
6087,2025-12-15,3305.0
6087,2025-12-22,3370.0
6087,2025-12-29,3360.0
6087,2026-01-05,3380.0
6087,2026-01-12,3405.0
6087,2026-01-19,3395.0
6087,2026-01-26,3380.0
6087,2026-02-02,3400.0
6087,2026-02-09,3405.0
6087,2026-02-16,3420.0
6087,2026-02-23,3460.0
6087,2026-03-02,3440.0
6087,2026-03-09,3435.0
6087,2026-03-16,3450.0
6087,2026-03-23,3485.0
6087,2026-03-30,3375.0
6087,2026-04-06,3390.0
6087,2026-04-13,3410.0
6087,2026-04-20,3390.0
6087,2026-04-27,3405.0
6087,2026-05-04,3410.0
6087,2026-05-11,3400.0
6087,2026-05-18,3400.0
6087,2026-05-25,3405.0
6087,2026-06-01,3395.0
6087,2026-06-08,3335.0
6087,2026-06-15,3330.0
6087,2026-06-22,3320.0
6087,2026-06-29,3375.0
6087,2026-07-06,3450.0
6087,2026-07-13,3440.0
6087,2026-07-20,3435.0
6087,2026-07-27,3465.0
6087,2026-08-03,3470.0
6087,2026-08-10,3505.0
6087,2026-08-17,3525.0
6138,2025-08-25,1037.35
6138,2025-09-01,1025.95
6138,2025-09-08,1052.55
6138,2025-09-15,970.85
6138,2025-09-22,992.7
6138,2025-09-29,996.5
6138,2025-10-06,987.0
6138,2025-10-13,987.95
6138,2025-10-20,1012.65
6138,2025-10-27,1018.35
6138,2025-11-03,849.26
6138,2025-11-10,854.96
6138,2025-11-17,843.56
6138,2025-11-24,861.61
6138,2025-12-01,870.16
6138,2025-12-08,880.61
6138,2025-12-15,875.86
6138,2025-12-22,914.81
6138,2025-12-29,914.81
6138,2026-01-05,987.0
6138,2026-01-12,977.5
6138,2026-01-19,985.1
6138,2026-01-26,992.7
6138,2026-02-02,992.7
6138,2026-02-09,1049.7
6138,2026-02-16,1125.7
6138,2026-02-23,1149.44
6138,2026-03-02,1101.95
6138,2026-03-09,1094.35
6138,2026-03-16,1058.25
6138,2026-03-23,1044.0
6138,2026-03-30,1083.0
6138,2026-04-06,1073.0
6138,2026-04-13,1061.0
6138,2026-04-20,1076.0
6138,2026-04-27,1163.0
6138,2026-05-04,1163.0
6138,2026-05-11,1001.0
6138,2026-05-18,1015.0
6138,2026-05-25,1130.0
6138,2026-06-01,1104.0
6138,2026-06-08,1088.0
6138,2026-06-15,1108.0
6138,2026-06-22,1106.0
6138,2026-06-29,1145.0
6138,2026-07-06,1126.0
6138,2026-07-13,1168.0
6138,2026-07-20,1215.0
6138,2026-07-27,1137.0
6138,2026-08-03,1272.0
6138,2026-08-10,1985.0
6138,2026-08-17,2083.0
6238,2025-08-25,1030.96
6238,2025-09-01,1065.84
6238,2025-09-08,1082.31
6238,2025-09-15,1063.9
6238,2025-09-22,1075.53
6238,2025-09-29,1084.25
6238,2025-10-06,1081.34
6238,2025-10-13,1062.93
6238,2025-10-20,1059.06
6238,2025-10-27,1012.55
6238,2025-11-03,1000.92
6238,2025-11-10,1052.27
6238,2025-11-17,1050.34
6238,2025-11-24,1035.8
6238,2025-12-01,1005.76
6238,2025-12-08,1017.39
6238,2025-12-15,1026.11
6238,2025-12-22,1036.77
6238,2025-12-29,1034.83
6238,2026-01-05,1041.61
6238,2026-01-12,1030.96
6238,2026-01-19,1035.8
6238,2026-01-26,997.04
6238,2026-02-02,1008.67
6238,2026-02-09,997.04
6238,2026-02-16,1143.35
6238,2026-02-23,1218.93
6238,2026-03-02,1196.65
6238,2026-03-09,1253.81
6238,2026-03-16,1194.71
6238,2026-03-23,1248.0
6238,2026-03-30,1331.0
6238,2026-04-06,1326.0
6238,2026-04-13,1344.0
6238,2026-04-20,1281.0
6238,2026-04-27,1274.0
6238,2026-05-04,1300.0
6238,2026-05-11,1178.0
6238,2026-05-18,1249.0
6238,2026-05-25,1332.0
6238,2026-06-01,1319.0
6238,2026-06-08,1357.0
6238,2026-06-15,1325.0
6238,2026-06-22,1357.0
6238,2026-06-29,1369.0
6238,2026-07-06,1395.0
6238,2026-07-13,1340.0
6238,2026-07-20,1357.0
6238,2026-07-27,1387.0
6238,2026-08-03,1403.0
6238,2026-08-10,1348.0
6238,2026-08-17,1392.0
6349,2025-08-25,1476.25
6349,2025-09-01,1484.85
6349,2025-09-08,1459.99
6349,2025-09-15,1453.3
6349,2025-09-22,1481.98
6349,2025-09-29,1457.53
6349,2025-10-06,1449.7
6349,2025-10-13,1455.57
6349,2025-10-20,1492.74
6349,2025-10-27,1419.38
6349,2025-11-03,1414.49
6349,2025-11-10,1449.7
6349,2025-11-17,1449.7
6349,2025-11-24,1555.35
6349,2025-12-01,1494.7
6349,2025-12-08,1526.0
6349,2025-12-15,1502.53
6349,2025-12-22,1553.39
6349,2025-12-29,1551.44
6349,2026-01-05,1564.15
6349,2026-01-12,1609.15
6349,2026-01-19,1597.41
6349,2026-01-26,1636.54
6349,2026-02-02,1701.1
6349,2026-02-09,1689.36
6349,2026-02-16,1697.19
6349,2026-02-23,1778.38
6349,2026-03-02,1657.08
6349,2026-03-09,1591.54
6349,2026-03-16,1571.98
6349,2026-03-23,1571.0
6349,2026-03-30,1615.0
6349,2026-04-06,1636.0
6349,2026-04-13,1619.0
6349,2026-04-20,1551.0
6349,2026-04-27,1506.0
6349,2026-05-04,1565.0
6349,2026-05-11,1502.0
6349,2026-05-18,1454.0
6349,2026-05-25,1480.0
6349,2026-06-01,1477.0
6349,2026-06-08,1454.0
6349,2026-06-15,1492.0
6349,2026-06-22,1509.0
6349,2026-06-29,1519.0
6349,2026-07-06,1603.0
6349,2026-07-13,1606.0
6349,2026-07-20,1651.0
6349,2026-07-27,1865.0
6349,2026-08-03,1902.0
6349,2026-08-10,1916.0
6349,2026-08-17,2024.0
6379,2025-08-25,1802.18
6379,2025-09-01,1827.74
6379,2025-09-08,1822.06
6379,2025-09-15,1804.08
6379,2025-09-22,1839.1
6379,2025-09-29,1814.87
6379,2025-10-06,1804.21
6379,2025-10-13,1853.63
6379,2025-10-20,1901.11
6379,2025-10-27,1857.51
6379,2025-11-03,1879.79
6379,2025-11-10,2164.67
6379,2025-11-17,2192.77
6379,2025-11-24,2299.36
6379,2025-12-01,2345.87
6379,2025-12-08,2274.16
6379,2025-12-15,2292.57
6379,2025-12-22,2296.45
6379,2025-12-29,2357.49
6379,2026-01-05,2415.63
6379,2026-01-12,2471.83
6379,2026-01-19,2479.58
6379,2026-01-26,2441.79
6379,2026-02-02,2544.5
6379,2026-02-09,2530.94
6379,2026-02-16,2497.99
6379,2026-02-23,2547.41
6379,2026-03-02,2382.69
6379,2026-03-09,2306.14
6379,2026-03-16,2273.19
6379,2026-03-23,2248.0
6379,2026-03-30,2312.0
6379,2026-04-06,2337.0
6379,2026-04-13,2322.0
6379,2026-04-20,2234.0
6379,2026-04-27,2297.0
6379,2026-05-04,2285.0
6379,2026-05-11,2310.0
6379,2026-05-18,2329.0
6379,2026-05-25,2235.0
6379,2026-06-01,2156.0
6379,2026-06-08,2232.0
6379,2026-06-15,2241.0
6379,2026-06-22,2239.0
6379,2026-06-29,2343.0
6379,2026-07-06,2434.0
6379,2026-07-13,2488.0
6379,2026-07-20,2619.0
6379,2026-07-27,2911.0
6379,2026-08-03,2868.0
6379,2026-08-10,2931.0
6379,2026-08-17,3180.0
6381,2025-08-25,1501.36
6381,2025-09-01,1513.68
6381,2025-09-08,1539.28
6381,2025-09-15,1529.8
6381,2025-09-22,1546.86
6381,2025-09-29,1511.86
6381,2025-10-06,1497.27
6381,2025-10-13,1482.69
6381,2025-10-20,1538.11
6381,2025-10-27,1476.86
6381,2025-11-03,1470.05
6381,2025-11-10,1458.38
6381,2025-11-17,1485.61
6381,2025-11-24,1525.47
6381,2025-12-01,1493.38
6381,2025-12-08,1554.64
6381,2025-12-15,1554.64
6381,2025-12-22,1572.14
6381,2025-12-29,1588.67
6381,2026-01-05,1661.58
6381,2026-01-12,1690.75
6381,2026-01-19,1657.7
6381,2026-01-26,1607.14
6381,2026-02-02,1711.17
6381,2026-02-09,1656.72
6381,2026-02-16,1705.34
6381,2026-02-23,1705.34
6381,2026-03-02,1615.89
6381,2026-03-09,1570.19
6381,2026-03-16,1593.53
6381,2026-03-23,1612.0
6381,2026-03-30,1620.0
6381,2026-04-06,1652.0
6381,2026-04-13,1630.0
6381,2026-04-20,1588.0
6381,2026-04-27,1591.0
6381,2026-05-04,1629.0
6381,2026-05-11,1674.0
6381,2026-05-18,1656.0
6381,2026-05-25,1631.0
6381,2026-06-01,1620.0
6381,2026-06-08,1610.0
6381,2026-06-15,1697.0
6381,2026-06-22,1683.0
6381,2026-06-29,1753.0
6381,2026-07-06,1760.0
6381,2026-07-13,1720.0
6381,2026-07-20,1769.0
6381,2026-07-27,1803.0
6381,2026-08-03,1890.0
6381,2026-08-10,1955.0
6381,2026-08-17,1951.0
6543,2025-08-25,1182.46
6543,2025-09-01,1229.8
6543,2025-09-08,1198.24
6543,2025-09-15,1194.3
6543,2025-09-22,1188.38
6543,2025-09-29,1163.72
6543,2025-10-06,1160.77
6543,2025-10-13,1137.1
6543,2025-10-20,1172.6
6543,2025-10-27,1124.28
6543,2025-11-03,1153.86
6543,2025-11-10,1148.93
6543,2025-11-17,1165.7
6543,2025-11-24,1227.83
6543,2025-12-01,1215.99
6543,2025-12-08,1155.83
6543,2025-12-15,1208.1
6543,2025-12-22,1218.95
6543,2025-12-29,1269.25
6543,2026-01-05,1266.29
6543,2026-01-12,1310.67
6543,2026-01-19,1260.37
6543,2026-01-26,1244.59
6543,2026-02-02,1262.34
6543,2026-02-09,1292.92
6543,2026-02-16,1331.38
6543,2026-02-23,1267.0
6543,2026-03-02,1259.0
6543,2026-03-09,1214.0
6543,2026-03-16,1190.0
6543,2026-03-23,1188.0
6543,2026-03-30,1209.0
6543,2026-04-06,1262.0
6543,2026-04-13,1192.0
6543,2026-04-20,1179.0
6543,2026-04-27,1173.0
6543,2026-05-04,1160.0
6543,2026-05-11,1155.0
6543,2026-05-18,1150.0
6543,2026-05-25,1150.0
6543,2026-06-01,1138.0
6543,2026-06-08,1155.0
6543,2026-06-15,1175.0
6543,2026-06-22,1177.0
6543,2026-06-29,1198.0
6543,2026-07-06,1161.0
6543,2026-07-13,1177.0
6543,2026-07-20,1182.0
6543,2026-07-27,1182.0
6543,2026-08-03,1190.0
6543,2026-08-10,1192.0
6543,2026-08-17,1303.0
6676,2025-08-25,1784.78
6676,2025-09-01,1750.79
6676,2025-09-08,1779.93
6676,2025-09-15,1719.22
6676,2025-09-22,1738.65
6676,2025-09-29,1748.52
6676,2025-10-06,1743.58
6676,2025-10-13,1731.24
6676,2025-10-20,1790.51
6676,2025-10-27,1713.95
6676,2025-11-03,1758.4
6676,2025-11-10,2422.74
6676,2025-11-17,2395.58
6676,2025-11-24,2489.42
6676,2025-12-01,2375.82
6676,2025-12-08,2338.77
6676,2025-12-15,2395.58
6676,2025-12-22,2422.74
6676,2025-12-29,2398.05
6676,2026-01-05,2479.54
6676,2026-01-12,2410.39
6676,2026-01-19,2331.36
6676,2026-01-26,2217.76
6676,2026-02-02,2291.85
6676,2026-02-09,2677.12
6676,2026-02-16,2479.54
6676,2026-02-23,2607.97
6676,2026-03-02,2430.15
6676,2026-03-09,2422.74
6676,2026-03-16,2437.56
6676,2026-03-23,2442.5
6676,2026-03-30,2421.0
6676,2026-04-06,2470.0
6676,2026-04-13,2536.0
6676,2026-04-20,2466.0
6676,2026-04-27,2417.0
6676,2026-05-04,2525.0
6676,2026-05-11,2541.0
6676,2026-05-18,2354.0
6676,2026-05-25,2324.0
6676,2026-06-01,2352.0
6676,2026-06-08,2541.0
6676,2026-06-15,2767.0
6676,2026-06-22,2422.0
6676,2026-06-29,2540.0
6676,2026-07-06,2643.0
6676,2026-07-13,2584.0
6676,2026-07-20,2712.0
6676,2026-07-27,2741.0
6676,2026-08-03,2894.0
6676,2026-08-10,2882.0
6676,2026-08-17,2942.0
7033,2025-08-25,1490.61
7033,2025-09-01,1462.29
7033,2025-09-08,1511.13
7033,2025-09-15,1514.06
7033,2025-09-22,1477.92
7033,2025-09-29,1375.35
7033,2025-10-06,1395.86
7033,2025-10-13,1338.23
7033,2025-10-20,1376.33
7033,2025-10-27,1309.9
7033,2025-11-03,1303.07
7033,2025-11-10,1299.16
7033,2025-11-17,1340.19
7033,2025-11-24,1323.58
7033,2025-12-01,1288.41
7033,2025-12-08,1250.32
7033,2025-12-15,1297.21
7033,2025-12-22,1348.0
7033,2025-12-29,1377.0
7033,2026-01-05,1376.0
7033,2026-01-12,1399.0
7033,2026-01-19,1364.0
7033,2026-01-26,1302.0
7033,2026-02-02,1273.0
7033,2026-02-09,1210.0
7033,2026-02-16,1382.0
7033,2026-02-23,1480.0
7033,2026-03-02,1466.0
7033,2026-03-09,1349.0
7033,2026-03-16,1311.0
7033,2026-03-23,1301.0
7033,2026-03-30,1325.0
7033,2026-04-06,1325.0
7033,2026-04-13,1370.0
7033,2026-04-20,1322.0
7033,2026-04-27,1323.0
7033,2026-05-04,1343.0
7033,2026-05-11,1265.0
7033,2026-05-18,1352.0
7033,2026-05-25,1385.0
7033,2026-06-01,1351.0
7033,2026-06-08,1332.0
7033,2026-06-15,1372.0
7033,2026-06-22,1319.0
7033,2026-06-29,1361.0
7033,2026-07-06,1352.0
7033,2026-07-13,1362.0
7033,2026-07-20,1344.0
7033,2026-07-27,1432.0
7033,2026-08-03,1439.0
7033,2026-08-10,1520.0
7033,2026-08-17,1707.0
7215,2025-08-25,387.0
7215,2025-09-01,384.0
7215,2025-09-08,383.0
7215,2025-09-15,384.0
7215,2025-09-22,380.0
7215,2025-09-29,363.0
7215,2025-10-06,362.0
7215,2025-10-13,353.0
7215,2025-10-20,362.0
7215,2025-10-27,368.0
7215,2025-11-03,375.0
7215,2025-11-10,350.0
7215,2025-11-17,342.0
7215,2025-11-24,365.0
7215,2025-12-01,351.0
7215,2025-12-08,352.0
7215,2025-12-15,354.0
7215,2025-12-22,357.0
7215,2025-12-29,359.0
7215,2026-01-05,376.0
7215,2026-01-12,381.0
7215,2026-01-19,385.0
7215,2026-01-26,384.0
7215,2026-02-02,382.0
7215,2026-02-09,377.0
7215,2026-02-16,398.0
7215,2026-02-23,403.0
7215,2026-03-02,378.0
7215,2026-03-09,376.0
7215,2026-03-16,374.0
7215,2026-03-23,370.0
7215,2026-03-30,368.0
7215,2026-04-06,370.0
7215,2026-04-13,372.0
7215,2026-04-20,379.0
7215,2026-04-27,378.0
7215,2026-05-04,364.0
7215,2026-05-11,453.0
7215,2026-05-18,437.0
7215,2026-05-25,449.0
7215,2026-06-01,455.0
7215,2026-06-08,436.0
7215,2026-06-15,423.0
7215,2026-06-22,415.0
7215,2026-06-29,426.0
7215,2026-07-06,408.0
7215,2026-07-13,414.0
7215,2026-07-20,416.0
7215,2026-07-27,421.0
7215,2026-08-03,438.0
7215,2026-08-10,438.0
7215,2026-08-17,452.0
7267,2025-08-25,1565.19
7267,2025-09-01,1613.81
7267,2025-09-08,1572.34
7267,2025-09-15,1554.71
7267,2025-09-22,1572.82
7267,2025-09-29,1484.68
7267,2025-10-06,1515.36
7267,2025-10-13,1477.86
7267,2025-10-20,1552.85
7267,2025-10-27,1519.25
7267,2025-11-03,1543.6
7267,2025-11-10,1515.85
7267,2025-11-17,1498.32
7267,2025-11-24,1530.94
7267,2025-12-01,1480.3
7267,2025-12-08,1558.21
7267,2025-12-15,1516.33
7267,2025-12-22,1500.26
7267,2025-12-29,1495.88
7267,2026-01-05,1530.94
7267,2026-01-12,1592.78
7267,2026-01-19,1573.79
7267,2026-01-26,1514.38
7267,2026-02-02,1647.81
7267,2026-02-09,1559.18
7267,2026-02-16,1502.7
7267,2026-02-23,1543.11
7267,2026-03-02,1423.81
7267,2026-03-09,1332.27
7267,2026-03-16,1267.99
7267,2026-03-23,1305.0
7267,2026-03-30,1269.0
7267,2026-04-06,1269.5
7267,2026-04-13,1300.5
7267,2026-04-20,1296.5
7267,2026-04-27,1262.5
7267,2026-05-04,1269.0
7267,2026-05-11,1430.0
7267,2026-05-18,1401.0
7267,2026-05-25,1452.5
7267,2026-06-01,1444.5
7267,2026-06-08,1411.0
7267,2026-06-15,1412.5
7267,2026-06-22,1449.5
7267,2026-06-29,1550.0
7267,2026-07-06,1495.5
7267,2026-07-13,1535.5
7267,2026-07-20,1536.0
7267,2026-07-27,1625.5
7267,2026-08-03,1683.0
7267,2026-08-10,1658.0
7267,2026-08-17,1753.0
7354,2025-08-25,305.7
7354,2025-09-01,293.98
7354,2025-09-08,293.0
7354,2025-09-15,292.02
7354,2025-09-22,302.77
7354,2025-09-29,286.16
7354,2025-10-06,277.37
7354,2025-10-13,262.72
7354,2025-10-20,267.61
7354,2025-10-27,261.75
7354,2025-11-03,261.75
7354,2025-11-10,270.54
7354,2025-11-17,280.3
7354,2025-11-24,293.0
7354,2025-12-01,293.0
7354,2025-12-08,290.07
7354,2025-12-15,291.05
7354,2025-12-22,293.0
7354,2025-12-29,291.0
7354,2026-01-05,298.0
7354,2026-01-12,311.0
7354,2026-01-19,322.0
7354,2026-01-26,313.0
7354,2026-02-02,311.0
7354,2026-02-09,292.0
7354,2026-02-16,345.0
7354,2026-02-23,347.0
7354,2026-03-02,311.0
7354,2026-03-09,287.0
7354,2026-03-16,295.0
7354,2026-03-23,307.0
7354,2026-03-30,310.0
7354,2026-04-06,312.0
7354,2026-04-13,327.0
7354,2026-04-20,301.0
7354,2026-04-27,299.0
7354,2026-05-04,308.0
7354,2026-05-11,304.0
7354,2026-05-18,273.0
7354,2026-05-25,273.0
7354,2026-06-01,298.0
7354,2026-06-08,304.0
7354,2026-06-15,308.0
7354,2026-06-22,311.0
7354,2026-06-29,329.0
7354,2026-07-06,352.0
7354,2026-07-13,350.0
7354,2026-07-20,340.0
7354,2026-07-27,346.0
7354,2026-08-03,349.0
7354,2026-08-10,362.0
7354,2026-08-17,379.0
7357,2025-08-25,1181.67
7357,2025-09-01,1141.99
7357,2025-09-08,1180.68
7357,2025-09-15,1211.44
7357,2025-09-22,1292.8
7357,2025-09-29,1233.27
7357,2025-10-06,1250.13
7357,2025-10-13,1233.27
7357,2025-10-20,1317.6
7357,2025-10-27,1283.87
7357,2025-11-03,1275.93
7357,2025-11-10,1292.8
7357,2025-11-17,1310.65
7357,2025-11-24,1348.36
7357,2025-12-01,1334.47
7357,2025-12-08,1339.43
7357,2025-12-15,1339.43
7357,2025-12-22,1319.58
7357,2025-12-29,1416.82
7357,2026-01-05,1457.5
7357,2026-01-12,1518.02
7357,2026-01-19,1575.56
7357,2026-01-26,1602.35
7357,2026-02-02,1677.76
7357,2026-02-09,1622.2
7357,2026-02-16,1591.44
7357,2026-02-23,1512.0
7357,2026-03-02,1438.0
7357,2026-03-09,1461.0
7357,2026-03-16,1464.0
7357,2026-03-23,1476.0
7357,2026-03-30,1510.0
7357,2026-04-06,1581.0
7357,2026-04-13,1618.0
7357,2026-04-20,1582.0
7357,2026-04-27,1508.0
7357,2026-05-04,1537.0
7357,2026-05-11,1534.0
7357,2026-05-18,1535.0
7357,2026-05-25,1485.0
7357,2026-06-01,1514.0
7357,2026-06-08,1530.0
7357,2026-06-15,1587.0
7357,2026-06-22,1601.0
7357,2026-06-29,1648.0
7357,2026-07-06,1674.0
7357,2026-07-13,1687.0
7357,2026-07-20,1705.0
7357,2026-07-27,1669.0
7357,2026-08-03,1672.0
7357,2026-08-10,1715.0
7357,2026-08-17,1805.0
7358,2025-08-25,1475.73
7358,2025-09-01,1405.97
7358,2025-09-08,1400.16
7358,2025-09-15,1457.32
7358,2025-09-22,1400.16
7358,2025-09-29,1373.02
7358,2025-10-06,1431.16
7358,2025-10-13,1435.04
7358,2025-10-20,1451.51
7358,2025-10-27,1406.94
7358,2025-11-03,1394.34
7358,2025-11-10,1337.17
7358,2025-11-17,1357.52
7358,2025-11-24,1326.51
7358,2025-12-01,1394.34
7358,2025-12-08,1386.59
7358,2025-12-15,1401.12
7358,2025-12-22,1405.0
7358,2025-12-29,1414.0
7358,2026-01-05,1446.0
7358,2026-01-12,1450.0
7358,2026-01-19,1402.0
7358,2026-01-26,1361.0
7358,2026-02-02,1386.0
7358,2026-02-09,1435.0
7358,2026-02-16,1406.0
7358,2026-02-23,1456.0
7358,2026-03-02,1423.0
7358,2026-03-09,1451.0
7358,2026-03-16,1440.0
7358,2026-03-23,1455.0
7358,2026-03-30,1440.0
7358,2026-04-06,1438.0
7358,2026-04-13,1421.0
7358,2026-04-20,1394.0
7358,2026-04-27,1510.0
7358,2026-05-04,1449.0
7358,2026-05-11,1385.0
7358,2026-05-18,1366.0
7358,2026-05-25,1360.0
7358,2026-06-01,1405.0
7358,2026-06-08,1372.0
7358,2026-06-15,1380.0
7358,2026-06-22,1400.0
7358,2026-06-29,1459.0
7358,2026-07-06,1492.0
7358,2026-07-13,1483.0
7358,2026-07-20,1477.0
7358,2026-07-27,1479.0
7358,2026-08-03,1467.0
7358,2026-08-10,1733.0
7358,2026-08-17,1818.0
7366,2025-08-25,1335.99
7366,2025-09-01,1293.38
7366,2025-09-08,1416.27
7366,2025-09-15,1369.69
7366,2025-09-22,1387.53
7366,2025-09-29,1285.45
7366,2025-10-06,1268.6
7366,2025-10-13,1225.98
7366,2025-10-20,1235.89
7366,2025-10-27,1223.01
7366,2025-11-03,1184.36
7366,2025-11-10,1229.95
7366,2025-11-17,1241.84
7366,2025-11-24,1273.55
7366,2025-12-01,1261.66
7366,2025-12-08,1216.07
7366,2025-12-15,1301.31
7366,2025-12-22,1280.49
7366,2025-12-29,1282.47
7366,2026-01-05,1282.47
7366,2026-01-12,1286.44
7366,2026-01-19,1300.31
7366,2026-01-26,1178.41
7366,2026-02-02,1262.65
7366,2026-02-09,1274.55
7366,2026-02-16,1331.04
7366,2026-02-23,1333.02
7366,2026-03-02,1344.91
7366,2026-03-09,1275.54
7366,2026-03-16,1270.58
7366,2026-03-23,1224.0
7366,2026-03-30,1229.0
7366,2026-04-06,1240.0
7366,2026-04-13,1263.0
7366,2026-04-20,1209.0
7366,2026-04-27,1187.0
7366,2026-05-04,1179.0
7366,2026-05-11,1532.0
7366,2026-05-18,1619.0
7366,2026-05-25,1591.0
7366,2026-06-01,1507.0
7366,2026-06-08,1580.0
7366,2026-06-15,1602.0
7366,2026-06-22,1512.0
7366,2026-06-29,1668.0
7366,2026-07-06,1645.0
7366,2026-07-13,1620.0
7366,2026-07-20,1593.0
7366,2026-07-27,1591.0
7366,2026-08-03,1774.0
7366,2026-08-10,1791.0
7366,2026-08-17,1833.0
7466,2025-08-25,1131.85
7466,2025-09-01,1148.85
7466,2025-09-08,1153.22
7466,2025-09-15,1147.39
7466,2025-09-22,1161.96
7466,2025-09-29,1125.03
7466,2025-10-06,1125.03
7466,2025-10-13,1118.63
7466,2025-10-20,1150.63
7466,2025-10-27,1103.37
7466,2025-11-03,1121.09
7466,2025-11-10,1119.61
7466,2025-11-17,1145.22
7466,2025-11-24,1164.91
7466,2025-12-01,1140.79
7466,2025-12-08,1139.8
7466,2025-12-15,1142.26
7466,2025-12-22,1155.56
7466,2025-12-29,1167.37
7466,2026-01-05,1186.57
7466,2026-01-12,1195.93
7466,2026-01-19,1172.3
7466,2026-01-26,1142.26
7466,2026-02-02,1177.71
7466,2026-02-09,1285.54
7466,2026-02-16,1306.71
7466,2026-02-23,1345.11
7466,2026-03-02,1280.12
7466,2026-03-09,1286.03
7466,2026-03-16,1268.31
7466,2026-03-23,1288.0
7466,2026-03-30,1267.0
7466,2026-04-06,1321.0
7466,2026-04-13,1325.0
7466,2026-04-20,1270.0
7466,2026-04-27,1261.0
7466,2026-05-04,1246.0
7466,2026-05-11,1212.0
7466,2026-05-18,1238.0
7466,2026-05-25,1249.0
7466,2026-06-01,1238.0
7466,2026-06-08,1214.0
7466,2026-06-15,1266.0
7466,2026-06-22,1269.0
7466,2026-06-29,1313.0
7466,2026-07-06,1376.0
7466,2026-07-13,1346.0
7466,2026-07-20,1350.0
7466,2026-07-27,1387.0
7466,2026-08-03,1356.0
7466,2026-08-10,1400.0
7466,2026-08-17,1470.0
7504,2025-08-25,2789.96
7504,2025-09-01,2833.3
7504,2025-09-08,2811.15
7504,2025-09-15,2868.93
7504,2025-09-22,2918.05
7504,2025-09-29,2768.81
7504,2025-10-06,2768.81
7504,2025-10-13,2826.74
7504,2025-10-20,2863.06
7504,2025-10-27,2804.15
7504,2025-11-03,2792.37
7504,2025-11-10,2896.45
7504,2025-11-17,2897.43
7504,2025-11-24,2920.01
7504,2025-12-01,2838.52
7504,2025-12-08,2828.7
7504,2025-12-15,2876.81
7504,2025-12-22,2960.27
7504,2025-12-29,2921.98
7504,2026-01-05,2979.9
7504,2026-01-12,3063.36
7504,2026-01-19,3097.73
7504,2026-01-26,2950.45
7504,2026-02-02,3004.45
7504,2026-02-09,3195.91
7504,2026-02-16,3220.46
7504,2026-02-23,3392.28
7504,2026-03-02,3205.73
7504,2026-03-09,3092.82
7504,2026-03-16,3068.27
7504,2026-03-23,3137.0
7504,2026-03-30,3095.0
7504,2026-04-06,3015.0
7504,2026-04-13,2977.0
7504,2026-04-20,2901.0
7504,2026-04-27,2974.0
7504,2026-05-04,3005.0
7504,2026-05-11,2872.0
7504,2026-05-18,2826.0
7504,2026-05-25,2848.0
7504,2026-06-01,2795.0
7504,2026-06-08,2984.0
7504,2026-06-15,3085.0
7504,2026-06-22,3315.0
7504,2026-06-29,3640.0
7504,2026-07-06,3845.0
7504,2026-07-13,3575.0
7504,2026-07-20,3830.0
7504,2026-07-27,4140.0
7504,2026-08-03,4640.0
7504,2026-08-10,4870.0
7504,2026-08-17,4950.0
7513,2025-08-25,1123.0
7513,2025-09-01,1110.0
7513,2025-09-08,1168.0
7513,2025-09-15,1186.0
7513,2025-09-22,1196.0
7513,2025-09-29,1086.0
7513,2025-10-06,1090.0
7513,2025-10-13,1081.0
7513,2025-10-20,1118.0
7513,2025-10-27,1101.0
7513,2025-11-03,1119.0
7513,2025-11-10,1119.0
7513,2025-11-17,1134.0
7513,2025-11-24,1175.0
7513,2025-12-01,1141.0
7513,2025-12-08,1152.0
7513,2025-12-15,1180.0
7513,2025-12-22,1201.0
7513,2025-12-29,1188.0
7513,2026-01-05,1179.0
7513,2026-01-12,1276.0
7513,2026-01-19,1274.0
7513,2026-01-26,1250.0
7513,2026-02-02,1251.0
7513,2026-02-09,1295.0
7513,2026-02-16,1338.0
7513,2026-02-23,1324.0
7513,2026-03-02,1305.0
7513,2026-03-09,1316.0
7513,2026-03-16,1356.0
7513,2026-03-23,1335.0
7513,2026-03-30,1340.0
7513,2026-04-06,1326.0
7513,2026-04-13,1273.0
7513,2026-04-20,1204.0
7513,2026-04-27,1197.0
7513,2026-05-04,1172.0
7513,2026-05-11,1213.0
7513,2026-05-18,1350.0
7513,2026-05-25,1387.0
7513,2026-06-01,1372.0
7513,2026-06-08,1430.0
7513,2026-06-15,1389.0
7513,2026-06-22,1275.0
7513,2026-06-29,1271.0
7513,2026-07-06,1268.0
7513,2026-07-13,1320.0
7513,2026-07-20,1361.0
7513,2026-07-27,1379.0
7513,2026-08-03,1366.0
7513,2026-08-10,1358.0
7513,2026-08-17,1484.0
7552,2025-08-25,3355.26
7552,2025-09-01,3272.95
7552,2025-09-08,3137.39
7552,2025-09-15,3001.82
7552,2025-09-22,3447.25
7552,2025-09-29,3279.63
7552,2025-10-06,3245.62
7552,2025-10-13,3138.72
7552,2025-10-20,3172.74
7552,2025-10-27,3056.13
7552,2025-11-03,3095.0
7552,2025-11-10,3041.55
7552,2025-11-17,3031.83
7552,2025-11-24,3153.3
7552,2025-12-01,2939.52
7552,2025-12-08,2915.22
7552,2025-12-15,2813.19
7552,2025-12-22,2847.2
7552,2025-12-29,2861.78
7552,2026-01-05,2821.94
7552,2026-01-12,2856.92
7552,2026-01-19,2834.57
7552,2026-01-26,2685.89
7552,2026-02-02,2637.31
7552,2026-02-09,2635.36
7552,2026-02-16,2798.62
7552,2026-02-23,3095.0
7552,2026-03-02,3080.42
7552,2026-03-09,2905.51
7552,2026-03-16,2766.55
7552,2026-03-23,2751.0
7552,2026-03-30,2718.0
7552,2026-04-06,2747.0
7552,2026-04-13,2798.0
7552,2026-04-20,2685.0
7552,2026-04-27,2670.0
7552,2026-05-04,2631.0
7552,2026-05-11,2647.0
7552,2026-05-18,2710.0
7552,2026-05-25,2775.0
7552,2026-06-01,2748.0
7552,2026-06-08,2711.0
7552,2026-06-15,2744.0
7552,2026-06-22,2903.0
7552,2026-06-29,2990.0
7552,2026-07-06,3110.0
7552,2026-07-13,3105.0
7552,2026-07-20,3040.0
7552,2026-07-27,3315.0
7552,2026-08-03,3390.0
7552,2026-08-10,3480.0
7552,2026-08-17,3695.0
7624,2025-08-25,134.17
7624,2025-09-01,134.17
7624,2025-09-08,137.08
7624,2025-09-15,137.08
7624,2025-09-22,137.08
7624,2025-09-29,134.17
7624,2025-10-06,134.17
7624,2025-10-13,133.19
7624,2025-10-20,136.11
7624,2025-10-27,133.19
7624,2025-11-03,135.14
7624,2025-11-10,136.11
7624,2025-11-17,133.19
7624,2025-11-24,136.11
7624,2025-12-01,135.14
7624,2025-12-08,135.14
7624,2025-12-15,137.08
7624,2025-12-22,131.25
7624,2025-12-29,129.31
7624,2026-01-05,138.06
7624,2026-01-12,138.06
7624,2026-01-19,140.0
7624,2026-01-26,135.14
7624,2026-02-02,137.08
7624,2026-02-09,140.0
7624,2026-02-16,140.0
7624,2026-02-23,144.0
7624,2026-03-02,139.0
7624,2026-03-09,136.0
7624,2026-03-16,136.0
7624,2026-03-23,134.0
7624,2026-03-30,133.0
7624,2026-04-06,133.0
7624,2026-04-13,133.0
7624,2026-04-20,133.0
7624,2026-04-27,134.0
7624,2026-05-04,134.0
7624,2026-05-11,134.0
7624,2026-05-18,133.0
7624,2026-05-25,135.0
7624,2026-06-01,134.0
7624,2026-06-08,132.0
7624,2026-06-15,136.0
7624,2026-06-22,138.0
7624,2026-06-29,142.0
7624,2026-07-06,141.0
7624,2026-07-13,140.0
7624,2026-07-20,139.0
7624,2026-07-27,139.0
7624,2026-08-03,140.0
7624,2026-08-10,145.0
7624,2026-08-17,152.0
7806,2025-08-25,4567.32
7806,2025-09-01,4293.68
7806,2025-09-08,4512.59
7806,2025-09-15,5054.9
7806,2025-09-22,5035.0
7806,2025-09-29,4365.0
7806,2025-10-06,4165.0
7806,2025-10-13,3880.0
7806,2025-10-20,3905.0
7806,2025-10-27,3720.0
7806,2025-11-03,3730.0
7806,2025-11-10,4920.0
7806,2025-11-17,4430.0
7806,2025-11-24,4535.0
7806,2025-12-01,4935.0
7806,2025-12-08,4765.0
7806,2025-12-15,4765.0
7806,2025-12-22,4775.0
7806,2025-12-29,4730.0
7806,2026-01-05,4745.0
7806,2026-01-12,4390.0
7806,2026-01-19,4340.0
7806,2026-01-26,4235.0
7806,2026-02-02,4175.0
7806,2026-02-09,5380.0
7806,2026-02-16,5270.0
7806,2026-02-23,5750.0
7806,2026-03-02,5800.0
7806,2026-03-09,6270.0
7806,2026-03-16,6160.0
7806,2026-03-23,6470.0
7806,2026-03-30,6380.0
7806,2026-04-06,6070.0
7806,2026-04-13,6600.0
7806,2026-04-20,6270.0
7806,2026-04-27,6100.0
7806,2026-05-04,6290.0
7806,2026-05-11,6710.0
7806,2026-05-18,6220.0
7806,2026-05-25,7500.0
7806,2026-06-01,6800.0
7806,2026-06-08,7060.0
7806,2026-06-15,7650.0
7806,2026-06-22,7260.0
7806,2026-06-29,8100.0
7806,2026-07-06,7550.0
7806,2026-07-13,7460.0
7806,2026-07-20,7670.0
7806,2026-07-27,7610.0
7806,2026-08-03,8170.0
7806,2026-08-10,8130.0
7806,2026-08-17,8680.0
7839,2025-08-25,1792.41
7839,2025-09-01,1790.48
7839,2025-09-08,1785.64
7839,2025-09-15,1783.71
7839,2025-09-22,1775.0
7839,2025-09-29,1700.0
7839,2025-10-06,1675.0
7839,2025-10-13,1675.0
7839,2025-10-20,1695.0
7839,2025-10-27,1639.0
7839,2025-11-03,1690.0
7839,2025-11-10,1745.0
7839,2025-11-17,1829.0
7839,2025-11-24,1860.0
7839,2025-12-01,1850.0
7839,2025-12-08,1843.0
7839,2025-12-15,1785.0
7839,2025-12-22,1798.0
7839,2025-12-29,1777.0
7839,2026-01-05,1819.0
7839,2026-01-12,1816.0
7839,2026-01-19,1799.0
7839,2026-01-26,1775.0
7839,2026-02-02,1726.0
7839,2026-02-09,1714.0
7839,2026-02-16,1704.0
7839,2026-02-23,1800.0
7839,2026-03-02,1678.0
7839,2026-03-09,1618.0
7839,2026-03-16,1605.0
7839,2026-03-23,1652.0
7839,2026-03-30,1717.0
7839,2026-04-06,1677.0
7839,2026-04-13,1717.0
7839,2026-04-20,1620.0
7839,2026-04-27,1850.0
7839,2026-05-04,1815.0
7839,2026-05-11,1794.0
7839,2026-05-18,1670.0
7839,2026-05-25,1746.0
7839,2026-06-01,1871.0
7839,2026-06-08,1824.0
7839,2026-06-15,1797.0
7839,2026-06-22,1774.0
7839,2026-06-29,1841.0
7839,2026-07-06,1826.0
7839,2026-07-13,1874.0
7839,2026-07-20,1897.0
7839,2026-07-27,1951.0
7839,2026-08-03,2018.0
7839,2026-08-10,2051.0
7839,2026-08-17,2077.0
7914,2025-08-25,1473.22
7914,2025-09-01,1478.93
7914,2025-09-08,1504.63
7914,2025-09-15,1493.21
7914,2025-09-22,1478.93
7914,2025-09-29,1443.81
7914,2025-10-06,1436.01
7914,2025-10-13,1449.67
7914,2025-10-20,1490.64
7914,2025-10-27,1464.3
7914,2025-11-03,1469.18
7914,2025-11-10,1427.23
7914,2025-11-17,1427.23
7914,2025-11-24,1445.77
7914,2025-12-01,1385.28
7914,2025-12-08,1424.3
7914,2025-12-15,1513.08
7914,2025-12-22,1545.27
7914,2025-12-29,1542.34
7914,2026-01-05,1604.78
7914,2026-01-12,1626.24
7914,2026-01-19,1604.78
7914,2026-01-26,1594.05
7914,2026-02-02,1596.0
7914,2026-02-09,1649.66
7914,2026-02-16,1627.22
7914,2026-02-23,1715.02
7914,2026-03-02,1643.8
7914,2026-03-09,1579.42
7914,2026-03-16,1564.78
7914,2026-03-23,1596.0
7914,2026-03-30,1619.0
7914,2026-04-06,1595.0
7914,2026-04-13,1575.0
7914,2026-04-20,1503.0
7914,2026-04-27,1513.0
7914,2026-05-04,1512.0
7914,2026-05-11,1502.0
7914,2026-05-18,1509.0
7914,2026-05-25,1545.0
7914,2026-06-01,1542.0
7914,2026-06-08,1537.0
7914,2026-06-15,1535.0
7914,2026-06-22,1567.0
7914,2026-06-29,1583.0
7914,2026-07-06,1628.0
7914,2026-07-13,1613.0
7914,2026-07-20,1632.0
7914,2026-07-27,1639.0
7914,2026-08-03,1651.0
7914,2026-08-10,1746.0
7914,2026-08-17,1771.0
7956,2025-08-25,1725.9
7956,2025-09-01,1779.1
7956,2025-09-08,1753.69
7956,2025-09-15,1717.75
7956,2025-09-22,1717.75
7956,2025-09-29,1652.57
7956,2025-10-06,1665.99
7956,2025-10-13,1697.14
7956,2025-10-20,1706.72
7956,2025-10-27,1671.74
7956,2025-11-03,1534.18
7956,2025-11-10,1597.45
7956,2025-11-17,1563.9
7956,2025-11-24,1550.48
7956,2025-12-01,1546.64
7956,2025-12-08,1531.79
7956,2025-12-15,1543.29
7956,2025-12-22,1569.17
7956,2025-12-29,1581.44
7956,2026-01-05,1589.29
7956,2026-01-12,1607.93
7956,2026-01-19,1603.52
7956,2026-01-26,1579.97
7956,2026-02-02,1627.56
7956,2026-02-09,1599.59
7956,2026-02-16,1613.33
7956,2026-02-23,1692.33
7956,2026-03-02,1611.86
7956,2026-03-09,1563.28
7956,2026-03-16,1575.06
7956,2026-03-23,1602.54
7956,2026-03-30,1625.11
7956,2026-04-06,1639.34
7956,2026-04-13,1661.42
7956,2026-04-20,1661.91
7956,2026-04-27,1644.73
7956,2026-05-04,1711.96
7956,2026-05-11,1820.4
7956,2026-05-18,1825.3
7956,2026-05-25,1832.17
7956,2026-06-01,1856.21
7956,2026-06-08,1955.82
7956,2026-06-15,1927.85
7956,2026-06-22,1999.0
7956,2026-06-29,2080.5
7956,2026-07-06,2060.5
7956,2026-07-13,2029.5
7956,2026-07-20,1945.5
7956,2026-07-27,2020.5
7956,2026-08-03,2092.5
7956,2026-08-10,2113.5
7956,2026-08-17,2155.5
7989,2025-08-25,1732.95
7989,2025-09-01,1764.48
7989,2025-09-08,1810.34
7989,2025-09-15,1867.65
7989,2025-09-22,1884.85
7989,2025-09-29,1805.56
7989,2025-10-06,1786.45
7989,2025-10-13,1779.76
7989,2025-10-20,1838.99
7989,2025-10-27,1808.42
7989,2025-11-03,1863.83
7989,2025-11-10,1882.94
7989,2025-11-17,1888.67
7989,2025-11-24,1901.09
7989,2025-12-01,1843.77
7989,2025-12-08,1874.34
7989,2025-12-15,1860.97
7989,2025-12-22,1872.43
7989,2025-12-29,1936.15
7989,2026-01-05,1915.57
7989,2026-01-12,1957.72
7989,2026-01-19,1945.96
7989,2026-01-26,1894.0
7989,2026-02-02,1958.7
7989,2026-02-09,2468.47
7989,2026-02-16,2494.94
7989,2026-02-23,2573.37
7989,2026-03-02,2498.86
7989,2026-03-09,2492.98
7989,2026-03-16,2497.88
7989,2026-03-23,2531.21
7989,2026-03-30,2485.14
7989,2026-04-06,2563.56
7989,2026-04-13,2536.11
7989,2026-04-20,2535.13
7989,2026-04-27,2485.14
7989,2026-05-04,2447.89
7989,2026-05-11,2485.14
7989,2026-05-18,2422.4
7989,2026-05-25,2406.71
7989,2026-06-01,2413.57
7989,2026-06-08,2387.1
7989,2026-06-15,2444.94
7989,2026-06-22,2492.0
7989,2026-06-29,2540.0
7989,2026-07-06,2515.0
7989,2026-07-13,2532.0
7989,2026-07-20,2594.0
7989,2026-07-27,2635.0
7989,2026-08-03,2588.0
7989,2026-08-10,2669.0
7989,2026-08-17,2723.0
8059,2025-08-25,2605.75
8059,2025-09-01,2611.51
8059,2025-09-08,2689.28
8059,2025-09-15,2714.24
8059,2025-09-22,2705.6
8059,2025-09-29,2637.16
8059,2025-10-06,2624.45
8059,2025-10-13,2595.11
8059,2025-10-20,2647.91
8059,2025-10-27,2556.98
8059,2025-11-03,2774.05
8059,2025-11-10,2732.98
8059,2025-11-17,2736.89
8059,2025-11-24,2908.99
8059,2025-12-01,2771.12
8059,2025-12-08,2829.79
8059,2025-12-15,2878.68
8059,2025-12-22,2914.85
8059,2025-12-29,2962.77
8059,2026-01-05,3045.88
8059,2026-01-12,3226.78
8059,2026-01-19,3153.44
8059,2026-01-26,3109.44
8059,2026-02-02,3324.56
8059,2026-02-09,3407.67
8059,2026-02-16,3397.89
8059,2026-02-23,3500.56
8059,2026-03-02,3334.34
8059,2026-03-09,3187.66
8059,2026-03-16,3236.55
8059,2026-03-23,3261.0
8059,2026-03-30,3360.0
8059,2026-04-06,3405.0
8059,2026-04-13,3330.0
8059,2026-04-20,3285.0
8059,2026-04-27,3220.0
8059,2026-05-04,3175.0
8059,2026-05-11,2955.0
8059,2026-05-18,2902.0
8059,2026-05-25,3115.0
8059,2026-06-01,3040.0
8059,2026-06-08,2982.0
8059,2026-06-15,3090.0
8059,2026-06-22,3025.0
8059,2026-06-29,3175.0
8059,2026-07-06,3330.0
8059,2026-07-13,3305.0
8059,2026-07-20,3465.0
8059,2026-07-27,3190.0
8059,2026-08-03,3490.0
8059,2026-08-10,3585.0
8059,2026-08-17,3640.0
8095,2025-08-25,499.82
8095,2025-09-01,497.89
8095,2025-09-08,498.85
8095,2025-09-15,500.78
8095,2025-09-22,518.11
8095,2025-09-29,497.89
8095,2025-10-06,471.89
8095,2025-10-13,457.44
8095,2025-10-20,465.15
8095,2025-10-27,450.7
8095,2025-11-03,450.7
8095,2025-11-10,462.26
8095,2025-11-17,457.44
8095,2025-11-24,468.2
8095,2025-12-01,447.59
8095,2025-12-08,456.42
8095,2025-12-15,468.2
8095,2025-12-22,477.04
8095,2025-12-29,474.09
8095,2026-01-05,476.06
8095,2026-01-12,475.07
8095,2026-01-19,478.02
8095,2026-01-26,469.18
8095,2026-02-02,472.13
8095,2026-02-09,477.04
8095,2026-02-16,489.8
8095,2026-02-23,500.59
8095,2026-03-02,474.09
8095,2026-03-09,462.31
8095,2026-03-16,463.3
8095,2026-03-23,475.07
8095,2026-03-30,474.09
8095,2026-04-06,471.15
8095,2026-04-13,482.93
8095,2026-04-20,476.06
8095,2026-04-27,472.13
8095,2026-05-04,472.13
8095,2026-05-11,471.15
8095,2026-05-18,478.02
8095,2026-05-25,483.0
8095,2026-06-01,485.0
8095,2026-06-08,494.0
8095,2026-06-15,508.0
8095,2026-06-22,508.0
8095,2026-06-29,500.0
8095,2026-07-06,525.0
8095,2026-07-13,510.0
8095,2026-07-20,516.0
8095,2026-07-27,505.0
8095,2026-08-03,521.0
8095,2026-08-10,539.0
8095,2026-08-17,538.0
8133,2025-08-25,1873.55
8133,2025-09-01,1902.58
8133,2025-09-08,1918.07
8133,2025-09-15,1919.03
8133,2025-09-22,1985.81
8133,2025-09-29,1930.78
8133,2025-10-06,1860.04
8133,2025-10-13,1862.0
8133,2025-10-20,1892.46
8133,2025-10-27,1789.29
8133,2025-11-03,1786.34
8133,2025-11-10,1815.82
8133,2025-11-17,1828.59
8133,2025-11-24,1862.98
8133,2025-12-01,1739.18
8133,2025-12-08,1802.06
8133,2025-12-15,1858.07
8133,2025-12-22,1867.9
8133,2025-12-29,1864.95
8133,2026-01-05,1922.92
8133,2026-01-12,1989.74
8133,2026-01-19,2008.41
8133,2026-01-26,1878.71
8133,2026-02-02,1888.53
8133,2026-02-09,1913.1
8133,2026-02-16,1928.82
8133,2026-02-23,2048.69
8133,2026-03-02,1970.09
8133,2026-03-09,1933.73
8133,2026-03-16,1929.8
8133,2026-03-23,1975.0
8133,2026-03-30,2039.0
8133,2026-04-06,2004.0
8133,2026-04-13,1983.0
8133,2026-04-20,1887.0
8133,2026-04-27,1957.0
8133,2026-05-04,2021.0
8133,2026-05-11,2049.0
8133,2026-05-18,1979.0
8133,2026-05-25,1952.0
8133,2026-06-01,1950.0
8133,2026-06-08,2000.0
8133,2026-06-15,1982.0
8133,2026-06-22,2017.0
8133,2026-06-29,2022.0
8133,2026-07-06,2039.0
8133,2026-07-13,2053.0
8133,2026-07-20,2070.0
8133,2026-07-27,2170.0
8133,2026-08-03,2111.0
8133,2026-08-10,2145.0
8133,2026-08-17,2230.0
8142,2025-08-25,1132.71
8142,2025-09-01,1148.71
8142,2025-09-08,1086.32
8142,2025-09-15,1089.52
8142,2025-09-22,1116.72
8142,2025-09-29,1055.92
8142,2025-10-06,1065.52
8142,2025-10-13,1052.72
8142,2025-10-20,1084.72
8142,2025-10-27,1062.32
8142,2025-11-03,1059.12
8142,2025-11-10,1078.32
8142,2025-11-17,1108.72
8142,2025-11-24,1126.31
8142,2025-12-01,1100.72
8142,2025-12-08,1214.31
8142,2025-12-15,1219.11
8142,2025-12-22,1239.91
8142,2025-12-29,1247.91
8142,2026-01-05,1263.9
8142,2026-01-12,1265.5
8142,2026-01-19,1276.7
8142,2026-01-26,1251.0
8142,2026-02-02,1256.87
8142,2026-02-09,1314.63
8142,2026-02-16,1286.24
8142,2026-02-23,1326.37
8142,2026-03-02,1294.07
8142,2026-03-09,1283.3
8142,2026-03-16,1294.07
8142,2026-03-23,1321.48
8142,2026-03-30,1330.29
8142,2026-04-06,1316.58
8142,2026-04-13,1343.01
8142,2026-04-20,1330.29
8142,2026-04-27,1348.89
8142,2026-05-04,1344.97
8142,2026-05-11,1297.99
8142,2026-05-18,1302.88
8142,2026-05-25,1297.01
8142,2026-06-01,1254.92
8142,2026-06-08,1275.47
8142,2026-06-15,1275.47
8142,2026-06-22,1322.46
8142,2026-06-29,1334.2
8142,2026-07-06,1312.67
8142,2026-07-13,1333.23
8142,2026-07-20,1338.12
8142,2026-07-27,1355.0
8142,2026-08-03,1355.0
8142,2026-08-10,1403.0
8142,2026-08-17,1437.0
8609,2025-08-25,645.92
8609,2025-09-01,644.03
8609,2025-09-08,650.64
8609,2025-09-15,657.25
8609,2025-09-22,660.08
8609,2025-09-29,633.64
8609,2025-10-06,637.42
8609,2025-10-13,646.86
8609,2025-10-20,653.47
8609,2025-10-27,653.47
8609,2025-11-03,640.25
8609,2025-11-10,674.24
8609,2025-11-17,677.08
8609,2025-11-24,682.74
8609,2025-12-01,678.97
8609,2025-12-08,695.96
8609,2025-12-15,691.24
8609,2025-12-22,711.07
8609,2025-12-29,710.13
8609,2026-01-05,748.85
8609,2026-01-12,827.22
8609,2026-01-19,820.61
8609,2026-01-26,834.78
8609,2026-02-02,879.16
8609,2026-02-09,900.88
8609,2026-02-16,902.77
8609,2026-02-23,941.49
8609,2026-03-02,827.22
8609,2026-03-09,802.67
8609,2026-03-16,825.34
8609,2026-03-23,848.0
8609,2026-03-30,866.0
8609,2026-04-06,903.0
8609,2026-04-13,911.0
8609,2026-04-20,883.0
8609,2026-04-27,905.0
8609,2026-05-04,890.0
8609,2026-05-11,930.0
8609,2026-05-18,918.0
8609,2026-05-25,941.0
8609,2026-06-01,938.0
8609,2026-06-08,941.0
8609,2026-06-15,949.0
8609,2026-06-22,959.0
8609,2026-06-29,997.0
8609,2026-07-06,1016.0
8609,2026-07-13,1022.0
8609,2026-07-20,1056.0
8609,2026-07-27,1115.0
8609,2026-08-03,1115.0
8609,2026-08-10,1115.0
8609,2026-08-17,1157.0
8613,2025-08-25,896.45
8613,2025-09-01,909.51
8613,2025-09-08,904.85
8613,2025-09-15,914.17
8613,2025-09-22,914.17
8613,2025-09-29,889.1
8613,2025-10-06,900.67
8613,2025-10-13,910.32
8613,2025-10-20,901.64
8613,2025-10-27,894.89
8613,2025-11-03,893.92
8613,2025-11-10,916.1
8613,2025-11-17,922.85
8613,2025-11-24,943.1
8613,2025-12-01,932.5
8613,2025-12-08,945.03
8613,2025-12-15,956.6
8613,2025-12-22,981.68
8613,2025-12-29,978.78
8613,2026-01-05,1010.61
8613,2026-01-12,1036.64
8613,2026-01-19,1032.79
8613,2026-01-26,1019.29
8613,2026-02-02,1036.64
8613,2026-02-09,1048.21
8613,2026-02-16,1042.43
8613,2026-02-23,1078.11
8613,2026-03-02,1007.71
8613,2026-03-09,974.93
8613,2026-03-16,1026.04
8613,2026-03-23,1027.0
8613,2026-03-30,1047.0
8613,2026-04-06,1060.0
8613,2026-04-13,1077.0
8613,2026-04-20,1024.0
8613,2026-04-27,1047.0
8613,2026-05-04,1031.0
8613,2026-05-11,1063.0
8613,2026-05-18,1063.0
8613,2026-05-25,1037.0
8613,2026-06-01,1054.0
8613,2026-06-08,1057.0
8613,2026-06-15,1040.0
8613,2026-06-22,1056.0
8613,2026-06-29,1080.0
8613,2026-07-06,1119.0
8613,2026-07-13,1141.0
8613,2026-07-20,1136.0
8613,2026-07-27,1216.0
8613,2026-08-03,1219.0
8613,2026-08-10,1219.0
8613,2026-08-17,1265.0
8616,2025-08-25,543.23
8616,2025-09-01,549.73
8616,2025-09-08,548.8
8616,2025-09-15,551.59
8616,2025-09-22,570.16
8616,2025-09-29,549.94
8616,2025-10-06,557.64
8616,2025-10-13,557.64
8616,2025-10-20,556.68
8616,2025-10-27,550.9
8616,2025-11-03,568.23
8616,2025-11-10,589.42
8616,2025-11-17,597.13
8616,2025-11-24,623.13
8616,2025-12-01,619.28
8616,2025-12-08,647.21
8616,2025-12-15,641.43
8616,2025-12-22,659.73
8616,2025-12-29,661.66
8616,2026-01-05,689.59
8616,2026-01-12,724.26
8616,2026-01-19,715.59
8616,2026-01-26,712.7
8616,2026-02-02,726.18
8616,2026-02-09,738.7
8616,2026-02-16,744.48
8616,2026-02-23,799.38
8616,2026-03-02,732.93
8616,2026-03-09,714.63
8616,2026-03-16,720.41
8616,2026-03-23,731.0
8616,2026-03-30,737.0
8616,2026-04-06,750.0
8616,2026-04-13,755.0
8616,2026-04-20,716.0
8616,2026-04-27,688.0
8616,2026-05-04,692.0
8616,2026-05-11,710.0
8616,2026-05-18,704.0
8616,2026-05-25,694.0
8616,2026-06-01,709.0
8616,2026-06-08,728.0
8616,2026-06-15,740.0
8616,2026-06-22,764.0
8616,2026-06-29,766.0
8616,2026-07-06,776.0
8616,2026-07-13,778.0
8616,2026-07-20,812.0
8616,2026-07-27,802.0
8616,2026-08-03,822.0
8616,2026-08-10,837.0
8616,2026-08-17,853.0
8622,2025-08-25,516.86
8622,2025-09-01,520.61
8622,2025-09-08,515.93
8622,2025-09-15,535.59
8622,2025-09-22,539.33
8622,2025-09-29,507.61
8622,2025-10-06,509.53
8622,2025-10-13,510.49
8622,2025-10-20,504.72
8622,2025-10-27,493.19
8622,2025-11-03,494.15
8622,2025-11-10,508.57
8622,2025-11-17,507.61
8622,2025-11-24,515.3
8622,2025-12-01,510.49
8622,2025-12-08,524.91
8622,2025-12-15,521.07
8622,2025-12-22,541.26
8622,2025-12-29,532.6
8622,2026-01-05,547.99
8622,2026-01-12,576.83
8622,2026-01-19,577.79
8622,2026-01-26,577.79
8622,2026-02-02,593.17
8622,2026-02-09,606.63
8622,2026-02-16,605.67
8622,2026-02-23,657.58
8622,2026-03-02,691.23
8622,2026-03-09,703.73
8622,2026-03-16,704.69
8622,2026-03-23,697.0
8622,2026-03-30,707.0
8622,2026-04-06,709.0
8622,2026-04-13,715.0
8622,2026-04-20,667.0
8622,2026-04-27,652.0
8622,2026-05-04,653.0
8622,2026-05-11,652.0
8622,2026-05-18,652.0
8622,2026-05-25,632.0
8622,2026-06-01,639.0
8622,2026-06-08,658.0
8622,2026-06-15,658.0
8622,2026-06-22,657.0
8622,2026-06-29,672.0
8622,2026-07-06,697.0
8622,2026-07-13,713.0
8622,2026-07-20,780.0
8622,2026-07-27,815.0
8622,2026-08-03,849.0
8622,2026-08-10,862.0
8622,2026-08-17,920.0
8624,2025-08-25,751.6
8624,2025-09-01,755.32
8624,2025-09-08,763.67
8624,2025-09-15,808.21
8624,2025-09-22,811.92
8624,2025-09-29,800.39
8624,2025-10-06,812.88
8624,2025-10-13,807.11
8624,2025-10-20,817.68
8624,2025-10-27,816.72
8624,2025-11-03,825.37
8624,2025-11-10,878.22
8624,2025-11-17,901.28
8624,2025-11-24,946.44
8624,2025-12-01,960.85
8624,2025-12-08,1000.24
8624,2025-12-15,982.95
8624,2025-12-22,1025.23
8624,2025-12-29,1041.56
8624,2026-01-05,1058.86
8624,2026-01-12,1113.62
8624,2026-01-19,1188.57
8624,2026-01-26,1156.86
8624,2026-02-02,1268.32
8624,2026-02-09,1309.64
8624,2026-02-16,1265.44
8624,2026-02-23,1455.69
8624,2026-03-02,1386.51
8624,2026-03-09,1274.09
8624,2026-03-16,1357.68
8624,2026-03-23,1448.0
8624,2026-03-30,1492.0
8624,2026-04-06,1541.0
8624,2026-04-13,1523.0
8624,2026-04-20,1401.0
8624,2026-04-27,1291.0
8624,2026-05-04,1270.0
8624,2026-05-11,1284.0
8624,2026-05-18,1241.0
8624,2026-05-25,1295.0
8624,2026-06-01,1289.0
8624,2026-06-08,1344.0
8624,2026-06-15,1362.0
8624,2026-06-22,1368.0
8624,2026-06-29,1429.0
8624,2026-07-06,1479.0
8624,2026-07-13,1501.0
8624,2026-07-20,1550.0
8624,2026-07-27,1558.0
8624,2026-08-03,1561.0
8624,2026-08-10,1653.0
8624,2026-08-17,1705.0
8704,2025-08-25,977.73
8704,2025-09-01,956.6
8704,2025-09-08,938.36
8704,2025-09-15,906.66
8704,2025-09-22,902.82
8704,2025-09-29,899.89
8704,2025-10-06,956.56
8704,2025-10-13,915.52
8704,2025-10-20,904.77
8704,2025-10-27,875.46
8704,2025-11-03,864.71
8704,2025-11-10,924.32
8704,2025-11-17,891.09
8704,2025-11-24,911.61
8704,2025-12-01,876.44
8704,2025-12-08,869.6
8704,2025-12-15,892.07
8704,2025-12-22,922.36
8704,2025-12-29,930.18
8704,2026-01-05,948.74
8704,2026-01-12,980.99
8704,2026-01-19,979.03
8704,2026-01-26,948.74
8704,2026-02-02,1001.5
8704,2026-02-09,1054.27
8704,2026-02-16,1076.74
8704,2026-02-23,1122.66
8704,2026-03-02,1065.01
8704,2026-03-09,1013.23
8704,2026-03-16,1006.39
8704,2026-03-23,1023.0
8704,2026-03-30,1040.0
8704,2026-04-06,1047.0
8704,2026-04-13,1044.0
8704,2026-04-20,1029.0
8704,2026-04-27,1128.0
8704,2026-05-04,1235.0
8704,2026-05-11,1169.0
8704,2026-05-18,1139.0
8704,2026-05-25,1193.0
8704,2026-06-01,1138.0
8704,2026-06-08,1154.0
8704,2026-06-15,1161.0
8704,2026-06-22,1149.0
8704,2026-06-29,1269.0
8704,2026-07-06,1246.0
8704,2026-07-13,1242.0
8704,2026-07-20,1272.0
8704,2026-07-27,1247.0
8704,2026-08-03,1297.0
8704,2026-08-10,1351.0
8704,2026-08-17,1383.0
8706,2025-08-25,1499.11
8706,2025-09-01,1512.21
8706,2025-09-08,1496.31
8706,2025-09-15,1468.25
8706,2025-09-22,1487.89
8706,2025-09-29,1413.55
8706,2025-10-06,1430.93
8706,2025-10-13,1504.31
8706,2025-10-20,1486.93
8706,2025-10-27,1472.44
8706,2025-11-03,1472.44
8706,2025-11-10,1535.2
8706,2025-11-17,1548.72
8706,2025-11-24,1582.52
8706,2025-12-01,1553.55
8706,2025-12-08,1567.07
8706,2025-12-15,1585.41
8706,2025-12-22,1639.48
8706,2025-12-29,1634.65
8706,2026-01-05,1670.38
8706,2026-01-12,1723.48
8706,2026-01-19,1714.79
8706,2026-01-26,1666.52
8706,2026-02-02,1708.04
8706,2026-02-09,1708.04
8706,2026-02-16,1735.07
8706,2026-02-23,1834.52
8706,2026-03-02,1758.24
8706,2026-03-09,1691.62
8706,2026-03-16,1687.76
8706,2026-03-23,1681.0
8706,2026-03-30,1722.0
8706,2026-04-06,1778.0
8706,2026-04-13,1655.0
8706,2026-04-20,1583.0
8706,2026-04-27,1559.0
8706,2026-05-04,1565.0
8706,2026-05-11,1567.0
8706,2026-05-18,1550.0
8706,2026-05-25,1567.0
8706,2026-06-01,1552.0
8706,2026-06-08,1547.0
8706,2026-06-15,1540.0
8706,2026-06-22,1534.0
8706,2026-06-29,1604.0
8706,2026-07-06,1658.0
8706,2026-07-13,1724.0
8706,2026-07-20,1759.0
8706,2026-07-27,1777.0
8706,2026-08-03,1803.0
8706,2026-08-10,1858.0
8706,2026-08-17,1900.0
8707,2025-08-25,2481.32
8707,2025-09-01,2531.83
8707,2025-09-08,2558.95
8707,2025-09-15,2534.64
8707,2025-09-22,2583.27
8707,2025-09-29,2554.59
8707,2025-10-06,2598.57
8707,2025-10-13,2642.55
8707,2025-10-20,2661.67
8707,2025-10-27,2699.91
8707,2025-11-03,2644.46
8707,2025-11-10,2808.9
8707,2025-11-17,2872.96
8707,2025-11-24,3002.02
8707,2025-12-01,2935.1
8707,2025-12-08,3021.15
8707,2025-12-15,3002.02
8707,2025-12-22,3116.75
8707,2025-12-29,3126.31
8707,2026-01-05,3331.86
8707,2026-01-12,3499.17
8707,2026-01-19,3451.37
8707,2026-01-26,3322.3
8707,2026-02-02,3460.93
8707,2026-02-09,3680.83
8707,2026-02-16,3771.65
8707,2026-02-23,3771.65
8707,2026-03-02,3503.95
8707,2026-03-09,3374.89
8707,2026-03-16,3432.25
8707,2026-03-23,3590.0
8707,2026-03-30,3595.0
8707,2026-04-06,3655.0
8707,2026-04-13,3810.0
8707,2026-04-20,3740.0
8707,2026-04-27,3650.0
8707,2026-05-04,3705.0
8707,2026-05-11,3640.0
8707,2026-05-18,3705.0
8707,2026-05-25,3870.0
8707,2026-06-01,3830.0
8707,2026-06-08,3940.0
8707,2026-06-15,4000.0
8707,2026-06-22,3960.0
8707,2026-06-29,4015.0
8707,2026-07-06,4185.0
8707,2026-07-13,4205.0
8707,2026-07-20,4275.0
8707,2026-07-27,4195.0
8707,2026-08-03,4305.0
8707,2026-08-10,4430.0
8707,2026-08-17,4600.0
8708,2025-08-25,1307.03
8708,2025-09-01,1324.54
8708,2025-09-08,1304.26
8708,2025-09-15,1317.17
8708,2025-09-22,1318.09
8708,2025-09-29,1256.09
8708,2025-10-06,1235.11
8708,2025-10-13,1262.77
8708,2025-10-20,1249.42
8708,2025-10-27,1246.56
8708,2025-11-03,1205.54
8708,2025-11-10,1277.08
8708,2025-11-17,1275.17
8708,2025-11-24,1285.66
8708,2025-12-01,1274.21
8708,2025-12-08,1276.12
8708,2025-12-15,1312.36
8708,2025-12-22,1352.42
8708,2025-12-29,1333.35
8708,2026-01-05,1356.24
8708,2026-01-12,1385.8
8708,2026-01-19,1378.17
8708,2026-01-26,1351.47
8708,2026-02-02,1366.73
8708,2026-02-09,1395.34
8708,2026-02-16,1410.6
8708,2026-02-23,1476.41
8708,2026-03-02,1389.62
8708,2026-03-09,1411.55
8708,2026-03-16,1411.55
8708,2026-03-23,1423.0
8708,2026-03-30,1532.0
8708,2026-04-06,1618.0
8708,2026-04-13,1631.0
8708,2026-04-20,1409.0
8708,2026-04-27,1439.0
8708,2026-05-04,1456.0
8708,2026-05-11,1479.0
8708,2026-05-18,1495.0
8708,2026-05-25,1420.0
8708,2026-06-01,1434.0
8708,2026-06-08,1473.0
8708,2026-06-15,1466.0
8708,2026-06-22,1461.0
8708,2026-06-29,1554.0
8708,2026-07-06,1584.0
8708,2026-07-13,1592.0
8708,2026-07-20,1649.0
8708,2026-07-27,1707.0
8708,2026-08-03,1699.0
8708,2026-08-10,1730.0
8708,2026-08-17,1757.0
8739,2025-08-25,1479.96
8739,2025-09-01,1504.76
8739,2025-09-08,1532.41
8739,2025-09-15,1513.34
8739,2025-09-22,1555.3
8739,2025-09-29,1479.01
8739,2025-10-06,1570.55
8739,2025-10-13,1479.96
8739,2025-10-20,1499.99
8739,2025-10-27,1484.73
8739,2025-11-03,1405.58
8739,2025-11-10,1428.47
8739,2025-11-17,1424.65
8739,2025-11-24,1443.73
8739,2025-12-01,1414.17
8739,2025-12-08,1379.84
8739,2025-12-15,1430.38
8739,2025-12-22,1525.73
8739,2025-12-29,1544.81
8739,2026-01-05,1610.6
8739,2026-01-12,1679.26
8739,2026-01-19,1627.77
8739,2026-01-26,1568.65
8739,2026-02-02,1930.05
8739,2026-02-09,1916.7
8739,2026-02-16,1966.29
8739,2026-02-23,2026.37
8739,2026-03-02,1904.31
8739,2026-03-09,1832.79
8739,2026-03-16,1830.88
8739,2026-03-23,1849.0
8739,2026-03-30,1918.0
8739,2026-04-06,1984.0
8739,2026-04-13,1968.0
8739,2026-04-20,1908.0
8739,2026-04-27,1914.0
8739,2026-05-04,2039.0
8739,2026-05-11,2137.0
8739,2026-05-18,2155.0
8739,2026-05-25,2126.0
8739,2026-06-01,2173.0
8739,2026-06-08,2145.0
8739,2026-06-15,2140.0
8739,2026-06-22,2161.0
8739,2026-06-29,2299.0
8739,2026-07-06,2256.0
8739,2026-07-13,2240.0
8739,2026-07-20,2227.0
8739,2026-07-27,2255.0
8739,2026-08-03,2472.0
8739,2026-08-10,2524.0
8739,2026-08-17,2538.0
8789,2025-08-25,110.15
8789,2025-09-01,120.87
8789,2025-09-08,117.95
8789,2025-09-15,117.95
8789,2025-09-22,116.0
8789,2025-09-29,114.0
8789,2025-10-06,111.0
8789,2025-10-13,107.0
8789,2025-10-20,106.0
8789,2025-10-27,102.0
8789,2025-11-03,108.0
8789,2025-11-10,128.0
8789,2025-11-17,139.0
8789,2025-11-24,150.0
8789,2025-12-01,156.0
8789,2025-12-08,141.0
8789,2025-12-15,141.0
8789,2025-12-22,139.0
8789,2025-12-29,138.0
8789,2026-01-05,143.0
8789,2026-01-12,144.0
8789,2026-01-19,146.0
8789,2026-01-26,146.0
8789,2026-02-02,155.0
8789,2026-02-09,149.0
8789,2026-02-16,148.0
8789,2026-02-23,155.0
8789,2026-03-02,143.0
8789,2026-03-09,134.0
8789,2026-03-16,128.0
8789,2026-03-23,125.0
8789,2026-03-30,120.0
8789,2026-04-06,126.0
8789,2026-04-13,129.0
8789,2026-04-20,126.0
8789,2026-04-27,127.0
8789,2026-05-04,129.0
8789,2026-05-11,135.0
8789,2026-05-18,136.0
8789,2026-05-25,129.0
8789,2026-06-01,123.0
8789,2026-06-08,121.0
8789,2026-06-15,122.0
8789,2026-06-22,120.0
8789,2026-06-29,128.0
8789,2026-07-06,130.0
8789,2026-07-13,129.0
8789,2026-07-20,131.0
8789,2026-07-27,132.0
8789,2026-08-03,134.0
8789,2026-08-10,154.0
8789,2026-08-17,173.0
8897,2025-08-25,373.92
8897,2025-09-01,377.71
8897,2025-09-08,379.61
8897,2025-09-15,376.76
8897,2025-09-22,381.51
8897,2025-09-29,369.98
8897,2025-10-06,367.09
8897,2025-10-13,371.9
8897,2025-10-20,369.98
8897,2025-10-27,365.17
8897,2025-11-03,369.01
8897,2025-11-10,370.94
8897,2025-11-17,369.98
8897,2025-11-24,371.9
8897,2025-12-01,360.37
8897,2025-12-08,362.29
8897,2025-12-15,366.13
8897,2025-12-22,370.94
8897,2025-12-29,371.9
8897,2026-01-05,380.55
8897,2026-01-12,384.39
8897,2026-01-19,377.66
8897,2026-01-26,378.62
8897,2026-02-02,382.47
8897,2026-02-09,397.84
8897,2026-02-16,394.96
8897,2026-02-23,406.49
8897,2026-03-02,397.84
8897,2026-03-09,392.08
8897,2026-03-16,391.12
8897,2026-03-23,394.0
8897,2026-03-30,421.0
8897,2026-04-06,426.0
8897,2026-04-13,424.0
8897,2026-04-20,401.0
8897,2026-04-27,398.0
8897,2026-05-04,401.0
8897,2026-05-11,394.0
8897,2026-05-18,422.0
8897,2026-05-25,414.0
8897,2026-06-01,410.0
8897,2026-06-08,411.0
8897,2026-06-15,404.0
8897,2026-06-22,401.0
8897,2026-06-29,404.0
8897,2026-07-06,411.0
8897,2026-07-13,411.0
8897,2026-07-20,410.0
8897,2026-07-27,411.0
8897,2026-08-03,411.0
8897,2026-08-10,459.0
8897,2026-08-17,457.0
8919,2025-08-25,2627.53
8919,2025-09-01,2652.86
8919,2025-09-08,2820.43
8919,2025-09-15,2826.28
8919,2025-09-22,2795.1
8919,2025-09-29,2665.72
8919,2025-10-06,2651.89
8919,2025-10-13,2514.61
8919,2025-10-20,2526.46
8919,2025-10-27,2478.06
8919,2025-11-03,2511.64
8919,2025-11-10,2889.92
8919,2025-11-17,3007.45
8919,2025-11-24,3150.66
8919,2025-12-01,3116.1
8919,2025-12-08,3140.79
8919,2025-12-15,3101.28
8919,2025-12-22,3145.73
8919,2025-12-29,3150.66
8919,2026-01-05,3185.23
8919,2026-01-12,3214.86
8919,2026-01-19,3130.91
8919,2026-01-26,3012.39
8919,2026-02-02,3066.71
8919,2026-02-09,3200.05
8919,2026-02-16,3471.66
8919,2026-02-23,3530.92
8919,2026-03-02,3224.74
8919,2026-03-09,3130.91
8919,2026-03-16,3195.11
8919,2026-03-23,3284.0
8919,2026-03-30,3245.0
8919,2026-04-06,3365.0
8919,2026-04-13,3110.0
8919,2026-04-20,3005.0
8919,2026-04-27,3155.0
8919,2026-05-04,3165.0
8919,2026-05-11,3580.0
8919,2026-05-18,3500.0
8919,2026-05-25,3470.0
8919,2026-06-01,3460.0
8919,2026-06-08,3370.0
8919,2026-06-15,3375.0
8919,2026-06-22,3255.0
8919,2026-06-29,3275.0
8919,2026-07-06,3235.0
8919,2026-07-13,3225.0
8919,2026-07-20,3310.0
8919,2026-07-27,3395.0
8919,2026-08-03,3350.0
8919,2026-08-10,3570.0
8919,2026-08-17,3805.0
9101,2025-08-25,5116.22
9101,2025-09-01,5295.62
9101,2025-09-08,5311.93
9101,2025-09-15,5223.67
9101,2025-09-22,5116.22
9101,2025-09-29,4951.5
9101,2025-10-06,4880.91
9101,2025-10-13,4951.5
9101,2025-10-20,5107.4
9101,2025-10-27,5227.02
9101,2025-11-03,4931.89
9101,2025-11-10,4876.98
9101,2025-11-17,4855.41
9101,2025-11-24,4853.45
9101,2025-12-01,4736.77
9101,2025-12-08,4852.47
9101,2025-12-15,4802.47
9101,2025-12-22,4926.99
9101,2025-12-29,4978.96
9101,2026-01-05,5171.13
9101,2026-01-12,5049.55
9101,2026-01-19,4923.07
9101,2026-01-26,4973.07
9101,2026-02-02,4952.48
9101,2026-02-09,4950.52
9101,2026-02-16,5113.28
9101,2026-02-23,5264.28
9101,2026-03-02,5432.92
9101,2026-03-09,5529.99
9101,2026-03-16,6020.24
9101,2026-03-23,5781.0
9101,2026-03-30,6164.0
9101,2026-04-06,6163.0
9101,2026-04-13,6096.0
9101,2026-04-20,5874.0
9101,2026-04-27,5629.0
9101,2026-05-04,5571.0
9101,2026-05-11,5498.0
9101,2026-05-18,5391.0
9101,2026-05-25,5313.0
9101,2026-06-01,5609.0
9101,2026-06-08,5630.0
9101,2026-06-15,5152.0
9101,2026-06-22,5265.0
9101,2026-06-29,5211.0
9101,2026-07-06,5286.0
9101,2026-07-13,5706.0
9101,2026-07-20,5946.0
9101,2026-07-27,6110.0
9101,2026-08-03,6115.0
9101,2026-08-10,6400.0
9101,2026-08-17,7101.0
9107,2025-08-25,2159.94
9107,2025-09-01,2207.07
9107,2025-09-08,2219.45
9107,2025-09-15,2172.79
9107,2025-09-22,2133.28
9107,2025-09-29,2024.19
9107,2025-10-06,1975.76
9107,2025-10-13,2055.99
9107,2025-10-20,2117.13
9107,2025-10-27,2165.07
9107,2025-11-03,2072.13
9107,2025-11-10,2063.33
9107,2025-11-17,2044.74
9107,2025-11-24,2033.49
9107,2025-12-01,2035.93
9107,2025-12-08,2100.01
9107,2025-12-15,2055.5
9107,2025-12-22,2110.78
9107,2025-12-29,2133.77
9107,2026-01-05,2234.54
9107,2026-01-12,2154.31
9107,2026-01-19,2164.58
9107,2026-01-26,2180.73
9107,2026-02-02,2290.3
9107,2026-02-09,2268.29
9107,2026-02-16,2353.4
9107,2026-02-23,2458.58
9107,2026-03-02,2551.03
9107,2026-03-09,2586.25
9107,2026-03-16,2720.77
9107,2026-03-23,2710.5
9107,2026-03-30,2698.0
9107,2026-04-06,2661.0
9107,2026-04-13,2659.5
9107,2026-04-20,2544.0
9107,2026-04-27,2503.5
9107,2026-05-04,2503.0
9107,2026-05-11,2522.5
9107,2026-05-18,2511.0
9107,2026-05-25,2520.0
9107,2026-06-01,2701.5
9107,2026-06-08,2622.5
9107,2026-06-15,2476.0
9107,2026-06-22,2459.0
9107,2026-06-29,2543.5
9107,2026-07-06,2526.5
9107,2026-07-13,2723.5
9107,2026-07-20,2806.0
9107,2026-07-27,2850.0
9107,2026-08-03,2855.0
9107,2026-08-10,3030.0
9107,2026-08-17,3405.0
9251,2025-08-25,944.18
9251,2025-09-01,948.0
9251,2025-09-08,953.73
9251,2025-09-15,1179.99
9251,2025-09-22,1305.05
9251,2025-09-29,1273.55
9251,2025-10-06,1247.77
9251,2025-10-13,1240.13
9251,2025-10-20,1256.36
9251,2025-10-27,1097.0
9251,2025-11-03,1067.0
9251,2025-11-10,1092.0
9251,2025-11-17,1087.0
9251,2025-11-24,1112.0
9251,2025-12-01,1100.0
9251,2025-12-08,1102.0
9251,2025-12-15,1155.0
9251,2025-12-22,1183.0
9251,2025-12-29,1204.0
9251,2026-01-05,1233.0
9251,2026-01-12,1209.0
9251,2026-01-19,1207.0
9251,2026-01-26,1208.0
9251,2026-02-02,1206.0
9251,2026-02-09,1223.0
9251,2026-02-16,1250.0
9251,2026-02-23,1275.0
9251,2026-03-02,1278.0
9251,2026-03-09,1255.0
9251,2026-03-16,1274.0
9251,2026-03-23,1258.0
9251,2026-03-30,1240.0
9251,2026-04-06,1219.0
9251,2026-04-13,1216.0
9251,2026-04-20,1201.0
9251,2026-04-27,1202.0
9251,2026-05-04,1208.0
9251,2026-05-11,1196.0
9251,2026-05-18,1202.0
9251,2026-05-25,1205.0
9251,2026-06-01,1211.0
9251,2026-06-08,1204.0
9251,2026-06-15,1254.0
9251,2026-06-22,1276.0
9251,2026-06-29,1326.0
9251,2026-07-06,1324.0
9251,2026-07-13,1340.0
9251,2026-07-20,1332.0
9251,2026-07-27,1367.0
9251,2026-08-03,1383.0
9251,2026-08-10,1402.0
9251,2026-08-17,1500.0
9274,2025-08-25,785.55
9274,2025-09-01,813.33
9274,2025-09-08,784.59
9274,2025-09-15,771.18
9274,2025-09-22,781.71
9274,2025-09-29,750.37
9274,2025-10-06,733.71
9274,2025-10-13,753.31
9274,2025-10-20,784.65
9274,2025-10-27,747.43
9274,2025-11-03,761.14
9274,2025-11-10,764.08
9274,2025-11-17,707.27
9274,2025-11-24,734.69
9274,2025-12-01,711.18
9274,2025-12-08,747.43
9274,2025-12-15,777.8
9274,2025-12-22,789.55
9274,2025-12-29,807.18
9274,2026-01-05,845.39
9274,2026-01-12,865.96
9274,2026-01-19,857.14
9274,2026-01-26,864.98
9274,2026-02-02,900.24
9274,2026-02-09,893.39
9274,2026-02-16,888.49
9274,2026-02-23,915.92
9274,2026-03-02,891.43
9274,2026-03-09,859.1
9274,2026-03-16,849.31
9274,2026-03-23,864.0
9274,2026-03-30,903.0
9274,2026-04-06,915.0
9274,2026-04-13,976.0
9274,2026-04-20,941.0
9274,2026-04-27,974.0
9274,2026-05-04,997.0
9274,2026-05-11,971.0
9274,2026-05-18,1007.0
9274,2026-05-25,1010.0
9274,2026-06-01,935.0
9274,2026-06-08,949.0
9274,2026-06-15,1018.0
9274,2026-06-22,1009.0
9274,2026-06-29,1032.0
9274,2026-07-06,1032.0
9274,2026-07-13,1047.0
9274,2026-07-20,1088.0
9274,2026-07-27,1110.0
9274,2026-08-03,1118.0
9274,2026-08-10,1095.0
9274,2026-08-17,1122.0
9278,2025-08-25,1486.63
9278,2025-09-01,1536.88
9278,2025-09-08,1548.7
9278,2025-09-15,1512.25
9278,2025-09-22,1538.85
9278,2025-09-29,1456.09
9278,2025-10-06,1439.34
9278,2025-10-13,1392.06
9278,2025-10-20,1370.38
9278,2025-10-27,1305.36
9278,2025-11-03,1320.14
9278,2025-11-10,1367.43
9278,2025-11-17,1383.19
9278,2025-11-24,1386.15
9278,2025-12-01,1368.41
9278,2025-12-08,1379.25
9278,2025-12-15,1389.1
9278,2025-12-22,1465.94
9278,2025-12-29,1447.23
9278,2026-01-05,1506.34
9278,2026-01-12,1613.72
9278,2026-01-19,1614.71
9278,2026-01-26,1561.51
9278,2026-02-02,1598.94
9278,2026-02-09,1624.56
9278,2026-02-16,1850.16
9278,2026-02-23,1884.65
9278,2026-03-02,1806.82
9278,2026-03-09,1755.59
9278,2026-03-16,1719.14
9278,2026-03-23,1792.04
9278,2026-03-30,1864.94
9278,2026-04-06,1860.02
9278,2026-04-13,2137.84
9278,2026-04-20,1980.21
9278,2026-04-27,1990.06
9278,2026-05-04,1987.1
9278,2026-05-11,2019.61
9278,2026-05-18,2055.08
9278,2026-05-25,2001.0
9278,2026-06-01,1910.0
9278,2026-06-08,1954.0
9278,2026-06-15,1952.0
9278,2026-06-22,1935.0
9278,2026-06-29,1979.0
9278,2026-07-06,2084.0
9278,2026-07-13,2481.0
9278,2026-07-20,2598.0
9278,2026-07-27,2816.0
9278,2026-08-03,2959.0
9278,2026-08-10,2926.0
9278,2026-08-17,2955.0
9432,2025-08-25,150.65
9432,2025-09-01,153.94
9432,2025-09-08,156.16
9432,2025-09-15,152.78
9432,2025-09-22,153.84
9432,2025-09-29,152.02
9432,2025-10-06,150.25
9432,2025-10-13,155.66
9432,2025-10-20,157.14
9432,2025-10-27,155.76
9432,2025-11-03,148.68
9432,2025-11-10,148.68
9432,2025-11-17,151.63
9432,2025-11-24,153.2
9432,2025-12-01,151.33
9432,2025-12-08,152.91
9432,2025-12-15,154.38
9432,2025-12-22,156.15
9432,2025-12-29,155.07
9432,2026-01-05,156.45
9432,2026-01-12,154.48
9432,2026-01-19,154.88
9432,2026-01-26,152.32
9432,2026-02-02,149.96
9432,2026-02-09,152.02
9432,2026-02-16,148.48
9432,2026-02-23,150.75
9432,2026-03-02,148.58
9432,2026-03-09,152.12
9432,2026-03-16,155.96
9432,2026-03-23,156.35
9432,2026-03-30,157.8
9432,2026-04-06,153.1
9432,2026-04-13,154.0
9432,2026-04-20,151.5
9432,2026-04-27,152.0
9432,2026-05-04,150.2
9432,2026-05-11,151.8
9432,2026-05-18,152.6
9432,2026-05-25,149.5
9432,2026-06-01,146.0
9432,2026-06-08,148.0
9432,2026-06-15,144.4
9432,2026-06-22,144.3
9432,2026-06-29,146.1
9432,2026-07-06,147.6
9432,2026-07-13,151.1
9432,2026-07-20,151.3
9432,2026-07-27,152.4
9432,2026-08-03,158.5
9432,2026-08-10,162.7
9432,2026-08-17,166.1
9506,2025-08-25,1099.32
9506,2025-09-01,1102.7
9506,2025-09-08,1121.06
9506,2025-09-15,1073.24
9506,2025-09-22,1086.28
9506,2025-09-29,1056.78
9506,2025-10-06,1087.76
9506,2025-10-13,1035.14
9506,2025-10-20,1084.31
9506,2025-10-27,1038.58
9506,2025-11-03,1038.58
9506,2025-11-10,1061.2
9506,2025-11-17,1069.07
9506,2025-11-24,1132.51
9506,2025-12-01,1079.89
9506,2025-12-08,1086.28
9506,2025-12-15,1113.82
9506,2025-12-22,1129.56
9506,2025-12-29,1133.98
9506,2026-01-05,1137.42
9506,2026-01-12,1158.57
9506,2026-01-19,1148.73
9506,2026-01-26,1097.59
9506,2026-02-02,1150.7
9506,2026-02-09,1178.73
9506,2026-02-16,1279.54
9506,2026-02-23,1274.13
9506,2026-03-02,1131.52
9506,2026-03-09,1133.0
9506,2026-03-16,1124.64
9506,2026-03-23,1192.5
9506,2026-03-30,1190.5
9506,2026-04-06,1164.0
9506,2026-04-13,1178.0
9506,2026-04-20,1128.5
9506,2026-04-27,1064.0
9506,2026-05-04,1055.5
9506,2026-05-11,1051.5
9506,2026-05-18,1011.0
9506,2026-05-25,1006.5
9506,2026-06-01,993.3
9506,2026-06-08,1019.5
9506,2026-06-15,1049.0
9506,2026-06-22,1042.0
9506,2026-06-29,1069.0
9506,2026-07-06,1089.5
9506,2026-07-13,1127.0
9506,2026-07-20,1142.0
9506,2026-07-27,1180.5
9506,2026-08-03,1217.0
9506,2026-08-10,1254.0
9506,2026-08-17,1330.5
9507,2025-08-25,1343.18
9507,2025-09-01,1333.01
9507,2025-09-08,1346.56
9507,2025-09-15,1301.55
9507,2025-09-22,1326.72
9507,2025-09-29,1355.31
9507,2025-10-06,1366.16
9507,2025-10-13,1375.03
9507,2025-10-20,1368.63
9507,2025-10-27,1358.76
9507,2025-11-03,1380.95
9507,2025-11-10,1420.89
9507,2025-11-17,1455.4
9507,2025-11-24,1541.18
9507,2025-12-01,1466.74
9507,2025-12-08,1449.48
9507,2025-12-15,1485.96
9507,2025-12-22,1518.01
9507,2025-12-29,1528.86
9507,2026-01-05,1542.17
9507,2026-01-12,1551.04
9507,2026-01-19,1556.47
9507,2026-01-26,1544.14
9507,2026-02-02,1606.75
9507,2026-02-09,1683.17
9507,2026-02-16,1733.95
9507,2026-02-23,1746.28
9507,2026-03-02,1597.39
9507,2026-03-09,1691.55
9507,2026-03-16,1697.47
9507,2026-03-23,1766.0
9507,2026-03-30,1827.5
9507,2026-04-06,1836.0
9507,2026-04-13,1791.0
9507,2026-04-20,1663.5
9507,2026-04-27,1541.0
9507,2026-05-04,1518.0
9507,2026-05-11,1541.5
9507,2026-05-18,1483.0
9507,2026-05-25,1458.0
9507,2026-06-01,1417.0
9507,2026-06-08,1468.5
9507,2026-06-15,1453.0
9507,2026-06-22,1478.0
9507,2026-06-29,1485.0
9507,2026-07-06,1490.5
9507,2026-07-13,1505.0
9507,2026-07-20,1548.0
9507,2026-07-27,1666.0
9507,2026-08-03,1720.5
9507,2026-08-10,1798.5
9507,2026-08-17,1889.5
9619,2025-08-25,1730.81
9619,2025-09-01,1776.99
9619,2025-09-08,1914.57
9619,2025-09-15,1923.23
9619,2025-09-22,1985.77
9619,2025-09-29,1940.68
9619,2025-10-06,1937.74
9619,2025-10-13,1931.86
9619,2025-10-20,1990.67
9619,2025-10-27,1974.99
9619,2025-11-03,1965.18
9619,2025-11-10,2000.47
9619,2025-11-17,2036.73
9619,2025-11-24,2054.38
9619,2025-12-01,1990.67
9619,2025-12-08,2058.3
9619,2025-12-15,2060.26
9619,2025-12-22,2068.1
9619,2025-12-29,2085.74
9619,2026-01-05,2106.32
9619,2026-01-12,2104.36
9619,2026-01-19,2085.74
9619,2026-01-26,2066.14
9619,2026-02-02,2091.62
9619,2026-02-09,2149.45
9619,2026-02-16,2116.13
9619,2026-02-23,2142.59
9619,2026-03-02,2059.28
9619,2026-03-09,2029.87
9619,2026-03-16,2022.03
9619,2026-03-23,2073.0
9619,2026-03-30,2136.0
9619,2026-04-06,2120.0
9619,2026-04-13,2156.0
9619,2026-04-20,2150.0
9619,2026-04-27,2149.0
9619,2026-05-04,2132.0
9619,2026-05-11,2134.0
9619,2026-05-18,2134.0
9619,2026-05-25,2138.0
9619,2026-06-01,2122.0
9619,2026-06-08,2193.0
9619,2026-06-15,2214.0
9619,2026-06-22,2218.0
9619,2026-06-29,2223.0
9619,2026-07-06,2285.0
9619,2026-07-13,2357.0
9619,2026-07-20,2377.0
9619,2026-07-27,2370.0
9619,2026-08-03,2599.0
9619,2026-08-10,2654.0
9619,2026-08-17,2699.0
9633,2025-08-25,1362.74
9633,2025-09-01,1382.5
9633,2025-09-08,1383.49
9633,2025-09-15,1383.49
9633,2025-09-22,1412.15
9633,2025-09-29,1383.49
9633,2025-10-06,1387.44
9633,2025-10-13,1382.5
9633,2025-10-20,1392.38
9633,2025-10-27,1430.92
9633,2025-11-03,1403.25
9633,2025-11-10,1404.24
9633,2025-11-17,1433.89
9633,2025-11-24,1408.2
9633,2025-12-01,1414.12
9633,2025-12-08,1417.09
9633,2025-12-15,1418.08
9633,2025-12-22,1469.46
9633,2025-12-29,1507.02
9633,2026-01-05,1474.41
9633,2026-01-12,1468.48
9633,2026-01-19,1475.39
9633,2026-01-26,1481.32
9633,2026-02-02,1481.32
9633,2026-02-09,1485.28
9633,2026-02-16,1508.99
9633,2026-02-23,1569.27
9633,2026-03-02,1606.83
9633,2026-03-09,1679.95
9633,2026-03-16,1677.98
9633,2026-03-23,1676.0
9633,2026-03-30,1647.0
9633,2026-04-06,1601.0
9633,2026-04-13,1578.0
9633,2026-04-20,1550.0
9633,2026-04-27,1570.0
9633,2026-05-04,1579.0
9633,2026-05-11,1633.0
9633,2026-05-18,1616.0
9633,2026-05-25,1672.0
9633,2026-06-01,1643.0
9633,2026-06-08,1659.0
9633,2026-06-15,1608.0
9633,2026-06-22,1617.0
9633,2026-06-29,1625.0
9633,2026-07-06,1631.0
9633,2026-07-13,1635.0
9633,2026-07-20,1638.0
9633,2026-07-27,1633.0
9633,2026-08-03,1646.0
9633,2026-08-10,1722.0
9633,2026-08-17,1836.0
9742,2025-08-25,1742.3
9742,2025-09-01,1825.22
9742,2025-09-08,1926.67
9742,2025-09-15,1965.7
9742,2025-09-22,1997.89
9742,2025-09-29,1994.93
9742,2025-10-06,1955.42
9742,2025-10-13,1927.77
9742,2025-10-20,1980.11
9742,2025-10-27,1684.82
9742,2025-11-03,1697.66
9742,2025-11-10,1731.24
9742,2025-11-17,1712.48
9742,2025-11-24,1743.09
9742,2025-12-01,1778.64
9742,2025-12-08,1848.76
9742,2025-12-15,1952.46
9742,2025-12-22,1920.86
9742,2025-12-29,1928.76
9742,2026-01-05,1909.01
9742,2026-01-12,1959.37
9742,2026-01-19,1862.59
9742,2026-01-26,1851.73
9742,2026-02-02,1933.7
9742,2026-02-09,1945.55
9742,2026-02-16,1987.02
9742,2026-02-23,2098.62
9742,2026-03-02,2080.85
9742,2026-03-09,2133.19
9742,2026-03-16,2198.37
9742,2026-03-23,1989.0
9742,2026-03-30,2030.0
9742,2026-04-06,2032.0
9742,2026-04-13,2086.0
9742,2026-04-20,2086.0
9742,2026-04-27,2077.0
9742,2026-05-04,1952.0
9742,2026-05-11,2044.0
9742,2026-05-18,2104.0
9742,2026-05-25,2105.0
9742,2026-06-01,2162.0
9742,2026-06-08,2048.0
9742,2026-06-15,2104.0
9742,2026-06-22,2101.0
9742,2026-06-29,2151.0
9742,2026-07-06,2183.0
9742,2026-07-13,2195.0
9742,2026-07-20,2159.0
9742,2026-07-27,2135.0
9742,2026-08-03,2295.0
9742,2026-08-10,2370.0
9742,2026-08-17,2447.0
