code,date,close
150A,2025-09-22,452.0
150A,2025-09-29,440.0
150A,2025-10-06,439.0
150A,2025-10-13,429.0
150A,2025-10-20,422.0
150A,2025-10-27,424.0
150A,2025-11-03,417.0
150A,2025-11-10,413.0
150A,2025-11-17,415.0
150A,2025-11-24,420.0
150A,2025-12-01,415.0
150A,2025-12-08,412.0
150A,2025-12-15,415.0
150A,2025-12-22,409.0
150A,2025-12-29,405.0
150A,2026-01-05,409.0
150A,2026-01-12,405.0
150A,2026-01-19,403.0
150A,2026-01-26,415.0
150A,2026-02-02,403.0
150A,2026-02-09,407.0
150A,2026-02-16,401.0
150A,2026-02-23,402.0
150A,2026-03-02,403.0
150A,2026-03-09,391.0
150A,2026-03-16,368.0
150A,2026-03-23,346.0
150A,2026-03-30,360.0
150A,2026-04-06,370.0
150A,2026-04-13,383.0
150A,2026-04-20,360.0
150A,2026-04-27,365.0
150A,2026-05-04,360.0
150A,2026-05-11,357.0
150A,2026-05-18,373.0
150A,2026-05-25,365.0
150A,2026-06-01,348.0
150A,2026-06-08,336.0
150A,2026-06-15,342.0
150A,2026-06-22,343.0
150A,2026-06-29,357.0
150A,2026-07-06,360.0
150A,2026-07-13,542.0
150A,2026-07-20,556.0
150A,2026-07-27,425.0
150A,2026-08-03,473.0
150A,2026-08-10,619.0
150A,2026-08-17,746.0
150A,2026-08-24,765.0
150A,2026-08-31,773.0
150A,2026-09-07,779.0
150A,2026-09-14,841.0
1897,2025-09-22,2850.85
1897,2025-09-29,2840.03
1897,2025-10-06,2885.25
1897,2025-10-13,2836.1
1897,2025-10-20,2859.69
1897,2025-10-27,2839.05
1897,2025-11-03,2864.61
1897,2025-11-10,2875.42
1897,2025-11-17,2881.32
1897,2025-11-24,2927.53
1897,2025-12-01,2900.0
1897,2025-12-08,2846.92
1897,2025-12-15,2829.22
1897,2025-12-22,2900.0
1897,2025-12-29,2900.0
1897,2026-01-05,3020.0
1897,2026-01-12,2976.0
1897,2026-01-19,3165.0
1897,2026-01-26,3235.0
1897,2026-02-02,3330.0
1897,2026-02-09,3325.0
1897,2026-02-16,3310.0
1897,2026-02-23,3310.0
1897,2026-03-02,3310.0
1897,2026-03-09,3280.0
1897,2026-03-16,3250.0
1897,2026-03-23,3320.0
1897,2026-03-30,3330.0
1897,2026-04-06,3335.0
1897,2026-04-13,3300.0
1897,2026-04-20,3410.0
1897,2026-04-27,3350.0
1897,2026-05-04,3445.0
1897,2026-05-11,3180.0
1897,2026-05-18,3310.0
1897,2026-05-25,3250.0
1897,2026-06-01,3135.0
1897,2026-06-08,3040.0
1897,2026-06-15,3015.0
1897,2026-06-22,3075.0
1897,2026-06-29,3180.0
1897,2026-07-06,3090.0
1897,2026-07-13,3065.0
1897,2026-07-20,3100.0
1897,2026-07-27,3085.0
1897,2026-08-03,3575.0
1897,2026-08-10,3350.0
1897,2026-08-17,3310.0
1897,2026-08-24,3250.0
1897,2026-08-31,3310.0
1897,2026-09-07,3310.0
1897,2026-09-14,3490.0
2053,2025-09-22,1743.27
2053,2025-09-29,1677.58
2053,2025-10-06,1609.93
2053,2025-10-13,1636.4
2053,2025-10-20,1691.31
2053,2025-10-27,1570.71
2053,2025-11-03,1618.75
2053,2025-11-10,1676.6
2053,2025-11-17,1734.45
2053,2025-11-24,1769.75
2053,2025-12-01,1739.35
2053,2025-12-08,1679.54
2053,2025-12-15,1716.8
2053,2025-12-22,1701.11
2053,2025-12-29,1696.21
2053,2026-01-05,1721.7
2053,2026-01-12,1746.21
2053,2026-01-19,1733.47
2053,2026-01-26,1768.77
2053,2026-02-02,1855.05
2053,2026-02-09,1877.6
2053,2026-02-16,1895.25
2053,2026-02-23,1948.19
2053,2026-03-02,1822.69
2053,2026-03-09,1752.1
2053,2026-03-16,1731.51
2053,2026-03-23,1757.0
2053,2026-03-30,1775.0
2053,2026-04-06,1714.0
2053,2026-04-13,1727.0
2053,2026-04-20,1709.0
2053,2026-04-27,1682.0
2053,2026-05-04,1693.0
2053,2026-05-11,1804.0
2053,2026-05-18,1742.0
2053,2026-05-25,1703.0
2053,2026-06-01,1718.0
2053,2026-06-08,1842.0
2053,2026-06-15,1837.0
2053,2026-06-22,1824.0
2053,2026-06-29,1891.0
2053,2026-07-06,1907.0
2053,2026-07-13,1930.0
2053,2026-07-20,1954.0
2053,2026-07-27,1891.0
2053,2026-08-03,1898.0
2053,2026-08-10,1997.0
2053,2026-08-17,2031.0
2053,2026-08-24,2002.0
2053,2026-08-31,2012.0
2053,2026-09-07,2010.0
2053,2026-09-14,2064.0
2109,2025-09-22,3218.38
2109,2025-09-29,3090.82
2109,2025-10-06,3071.2
2109,2025-10-13,3110.45
2109,2025-10-20,3144.79
2109,2025-10-27,2977.98
2109,2025-11-03,3061.39
2109,2025-11-10,3159.51
2109,2025-11-17,3238.01
2109,2025-11-24,3257.63
2109,2025-12-01,3144.79
2109,2025-12-08,3134.98
2109,2025-12-15,3193.85
2109,2025-12-22,3247.82
2109,2025-12-29,3267.44
2109,2026-01-05,3311.6
2109,2026-01-12,3341.03
2109,2026-01-19,3414.62
2109,2026-01-26,3291.97
2109,2026-02-02,3350.85
2109,2026-02-09,3448.97
2109,2026-02-16,3395.0
2109,2026-02-23,3483.31
2109,2026-03-02,3360.66
2109,2026-03-09,3316.5
2109,2026-03-16,3301.78
2109,2026-03-23,3395.0
2109,2026-03-30,3470.0
2109,2026-04-06,3515.0
2109,2026-04-13,3450.0
2109,2026-04-20,3335.0
2109,2026-04-27,3300.0
2109,2026-05-04,3255.0
2109,2026-05-11,3290.0
2109,2026-05-18,3285.0
2109,2026-05-25,3250.0
2109,2026-06-01,3210.0
2109,2026-06-08,3230.0
2109,2026-06-15,3220.0
2109,2026-06-22,3225.0
2109,2026-06-29,3295.0
2109,2026-07-06,3315.0
2109,2026-07-13,3355.0
2109,2026-07-20,3370.0
2109,2026-07-27,3430.0
2109,2026-08-03,3465.0
2109,2026-08-10,3515.0
2109,2026-08-17,3660.0
2109,2026-08-24,3665.0
2109,2026-08-31,3850.0
2109,2026-09-07,3805.0
2109,2026-09-14,3830.0
2121,2025-09-22,3082.33
2121,2025-09-29,3155.6
2121,2025-10-06,3062.79
2121,2025-10-13,2984.64
2121,2025-10-20,3092.1
2121,2025-10-27,3043.25
2121,2025-11-03,2979.75
2121,2025-11-10,2945.56
2121,2025-11-17,2830.27
2121,2025-11-24,2830.27
2121,2025-12-01,2710.11
2121,2025-12-08,2681.78
2121,2025-12-15,2645.63
2121,2025-12-22,2662.24
2121,2025-12-29,2664.19
2121,2026-01-05,2716.95
2121,2026-01-12,2682.75
2121,2026-01-19,2699.36
2121,2026-01-26,2654.42
2121,2026-02-02,2556.72
2121,2026-02-09,2542.07
2121,2026-02-16,2554.77
2121,2026-02-23,2623.16
2121,2026-03-02,2565.52
2121,2026-03-09,2586.03
2121,2026-03-16,2555.75
2121,2026-03-23,2545.0
2121,2026-03-30,2540.0
2121,2026-04-06,2528.0
2121,2026-04-13,2645.0
2121,2026-04-20,2520.0
2121,2026-04-27,2595.0
2121,2026-05-04,2603.0
2121,2026-05-11,2662.0
2121,2026-05-18,2676.0
2121,2026-05-25,2643.0
2121,2026-06-01,2694.0
2121,2026-06-08,2667.0
2121,2026-06-15,2588.0
2121,2026-06-22,2619.0
2121,2026-06-29,2813.0
2121,2026-07-06,2933.0
2121,2026-07-13,2958.0
2121,2026-07-20,2827.0
2121,2026-07-27,2896.0
2121,2026-08-03,3275.0
2121,2026-08-10,3325.0
2121,2026-08-17,3530.0
2121,2026-08-24,3595.0
2121,2026-08-31,3655.0
2121,2026-09-07,3650.0
2121,2026-09-14,3745.0
2340,2025-09-22,498.84
2340,2025-09-29,472.17
2340,2025-10-06,472.17
2340,2025-10-13,472.17
2340,2025-10-20,475.13
2340,2025-10-27,474.15
2340,2025-11-03,474.15
2340,2025-11-10,478.1
2340,2025-11-17,465.26
2340,2025-11-24,471.18
2340,2025-12-01,468.22
2340,2025-12-08,469.21
2340,2025-12-15,471.18
2340,2025-12-22,472.17
2340,2025-12-29,475.13
2340,2026-01-05,481.06
2340,2026-01-12,480.07
2340,2026-01-19,480.07
2340,2026-01-26,481.06
2340,2026-02-02,480.07
2340,2026-02-09,487.98
2340,2026-02-16,485.01
2340,2026-02-23,486.0
2340,2026-03-02,484.02
2340,2026-03-09,480.07
2340,2026-03-16,480.07
2340,2026-03-23,486.0
2340,2026-03-30,485.0
2340,2026-04-06,487.0
2340,2026-04-13,486.0
2340,2026-04-20,482.0
2340,2026-04-27,482.0
2340,2026-05-04,483.0
2340,2026-05-11,480.0
2340,2026-05-18,478.0
2340,2026-05-25,477.0
2340,2026-06-01,472.0
2340,2026-06-08,473.0
2340,2026-06-15,476.0
2340,2026-06-22,483.0
2340,2026-06-29,492.0
2340,2026-07-06,495.0
2340,2026-07-13,494.0
2340,2026-07-20,499.0
2340,2026-07-27,501.0
2340,2026-08-03,511.0
2340,2026-08-10,529.0
2340,2026-08-17,515.0
2340,2026-08-24,517.0
2340,2026-08-31,519.0
2340,2026-09-07,521.0
2340,2026-09-14,535.0
2612,2025-09-22,1225.87
2612,2025-09-29,1212.88
2612,2025-10-06,1214.5
2612,2025-10-13,1233.99
2612,2025-10-20,1243.73
2612,2025-10-27,1238.86
2612,2025-11-03,1240.48
2612,2025-11-10,1251.85
2612,2025-11-17,1246.98
2612,2025-11-24,1264.84
2612,2025-12-01,1259.96
2612,2025-12-08,1269.71
2612,2025-12-15,1268.08
2612,2025-12-22,1276.2
2612,2025-12-29,1298.93
2612,2026-01-05,1297.31
2612,2026-01-12,1300.56
2612,2026-01-19,1302.18
2612,2026-01-26,1302.18
2612,2026-02-02,1445.06
2612,2026-02-09,1471.04
2612,2026-02-16,1579.83
2612,2026-02-23,1704.85
2612,2026-03-02,1646.4
2612,2026-03-09,1639.9
2612,2026-03-16,1662.63
2612,2026-03-23,1724.33
2612,2026-03-30,1588.0
2612,2026-04-06,1588.0
2612,2026-04-13,1621.0
2612,2026-04-20,1569.0
2612,2026-04-27,1580.0
2612,2026-05-04,1567.0
2612,2026-05-11,1480.0
2612,2026-05-18,1492.0
2612,2026-05-25,1489.0
2612,2026-06-01,1527.0
2612,2026-06-08,1620.0
2612,2026-06-15,1686.0
2612,2026-06-22,1744.0
2612,2026-06-29,1954.0
2612,2026-07-06,1815.0
2612,2026-07-13,1760.0
2612,2026-07-20,1789.0
2612,2026-07-27,1786.0
2612,2026-08-03,1742.0
2612,2026-08-10,1744.0
2612,2026-08-17,1751.0
2612,2026-08-24,1789.0
2612,2026-08-31,2345.0
2612,2026-09-07,2384.0
2612,2026-09-14,2850.0
2734,2025-09-22,1103.14
2734,2025-09-29,1029.41
2734,2025-10-06,1030.38
2734,2025-10-13,1062.39
2734,2025-10-20,1060.45
2734,2025-10-27,1019.7
2734,2025-11-03,1039.11
2734,2025-11-10,1069.18
2734,2025-11-17,1079.86
2734,2025-11-24,1123.71
2734,2025-12-01,1059.75
2734,2025-12-08,1064.67
2734,2025-12-15,1071.56
2734,2025-12-22,1108.95
2734,2025-12-29,1115.84
2734,2026-01-05,1133.55
2734,2026-01-12,1063.69
2734,2026-01-19,1089.27
2734,2026-01-26,1089.27
2734,2026-02-02,1106.0
2734,2026-02-09,1153.23
2734,2026-02-16,1157.17
2734,2026-02-23,1202.43
2734,2026-03-02,1116.82
2734,2026-03-09,1038.1
2734,2026-03-16,1040.07
2734,2026-03-23,1040.07
2734,2026-03-30,1047.94
2734,2026-04-06,1060.73
2734,2026-04-13,1048.93
2734,2026-04-20,1019.41
2734,2026-04-27,1017.44
2734,2026-05-04,1022.36
2734,2026-05-11,993.82
2734,2026-05-18,982.02
2734,2026-05-25,968.0
2734,2026-06-01,979.0
2734,2026-06-08,1020.0
2734,2026-06-15,1048.0
2734,2026-06-22,1062.0
2734,2026-06-29,1093.0
2734,2026-07-06,1146.0
2734,2026-07-13,1155.0
2734,2026-07-20,1134.0
2734,2026-07-27,1146.0
2734,2026-08-03,1156.0
2734,2026-08-10,1199.0
2734,2026-08-17,1232.0
2734,2026-08-24,1236.0
2734,2026-08-31,1198.0
2734,2026-09-07,1231.0
2734,2026-09-14,1247.0
2737,2025-09-22,6496.91
2737,2025-09-29,6611.73
2737,2025-10-06,6831.8
2737,2025-10-13,6870.07
2737,2025-10-20,7233.67
2737,2025-10-27,9032.52
2737,2025-11-03,9558.78
2737,2025-11-10,10381.66
2737,2025-11-17,10075.47
2737,2025-11-24,11194.96
2737,2025-12-01,11166.26
2737,2025-12-08,11194.96
2737,2025-12-15,11204.53
2737,2025-12-22,12333.6
2737,2025-12-29,12658.92
2737,2026-01-05,12036.98
2737,2026-01-12,13060.79
2737,2026-01-19,13979.35
2737,2026-01-26,11233.24
2737,2026-02-02,11635.11
2737,2026-02-09,11922.16
2737,2026-02-16,12869.42
2737,2026-02-23,13395.68
2737,2026-03-02,12046.55
2737,2026-03-09,11816.91
2737,2026-03-16,11807.34
2737,2026-03-23,11970.0
2737,2026-03-30,11960.0
2737,2026-04-06,12100.0
2737,2026-04-13,11800.0
2737,2026-04-20,14620.0
2737,2026-04-27,15070.0
2737,2026-05-04,16420.0
2737,2026-05-11,14600.0
2737,2026-05-18,14990.0
2737,2026-05-25,13990.0
2737,2026-06-01,14680.0
2737,2026-06-08,14490.0
2737,2026-06-15,16130.0
2737,2026-06-22,18470.0
2737,2026-06-29,16730.0
2737,2026-07-06,15690.0
2737,2026-07-13,15120.0
2737,2026-07-20,16520.0
2737,2026-07-27,21150.0
2737,2026-08-03,28800.0
2737,2026-08-10,31400.0
2737,2026-08-17,28350.0
2737,2026-08-24,31950.0
2737,2026-08-31,33050.0
2737,2026-09-07,34800.0
2737,2026-09-14,37000.0
2805,2025-09-22,3437.49
2805,2025-09-29,3287.3
2805,2025-10-06,3232.6
2805,2025-10-13,3242.54
2805,2025-10-20,3242.54
2805,2025-10-27,3317.14
2805,2025-11-03,3327.09
2805,2025-11-10,3396.71
2805,2025-11-17,3481.26
2805,2025-11-24,3555.85
2805,2025-12-01,3501.15
2805,2025-12-08,3680.19
2805,2025-12-15,3918.9
2805,2025-12-22,3908.95
2805,2025-12-29,4008.42
2805,2026-01-05,3918.9
2805,2026-01-12,4028.31
2805,2026-01-19,4386.38
2805,2026-01-26,4346.6
2805,2026-02-02,4431.14
2805,2026-02-09,4341.62
2805,2026-02-16,4421.2
2805,2026-02-23,4600.23
2805,2026-03-02,4550.5
2805,2026-03-09,4421.2
2805,2026-03-16,4530.61
2805,2026-03-23,4829.0
2805,2026-03-30,4995.0
2805,2026-04-06,5080.0
2805,2026-04-13,4720.0
2805,2026-04-20,4560.0
2805,2026-04-27,4550.0
2805,2026-05-04,4450.0
2805,2026-05-11,4960.0
2805,2026-05-18,5350.0
2805,2026-05-25,5630.0
2805,2026-06-01,4920.0
2805,2026-06-08,5190.0
2805,2026-06-15,5360.0
2805,2026-06-22,5240.0
2805,2026-06-29,5430.0
2805,2026-07-06,5810.0
2805,2026-07-13,5980.0
2805,2026-07-20,6300.0
2805,2026-07-27,6600.0
2805,2026-08-03,6890.0
2805,2026-08-10,6680.0
2805,2026-08-17,6800.0
2805,2026-08-24,7120.0
2805,2026-08-31,7320.0
2805,2026-09-07,7450.0
2805,2026-09-14,7750.0
2892,2025-09-22,3504.16
2892,2025-09-29,3376.74
2892,2025-10-06,3406.14
2892,2025-10-13,3425.75
2892,2025-10-20,3518.86
2892,2025-10-27,3460.05
2892,2025-11-03,3499.26
2892,2025-11-10,3464.95
2892,2025-11-17,3474.76
2892,2025-11-24,3533.57
2892,2025-12-01,3533.57
2892,2025-12-08,3548.27
2892,2025-12-15,3906.04
2892,2025-12-22,4028.56
2892,2025-12-29,3959.95
2892,2026-01-05,4028.56
2892,2026-01-12,4043.26
2892,2026-01-19,4082.47
2892,2026-01-26,3734.5
2892,2026-02-02,3734.5
2892,2026-02-09,3768.81
2892,2026-02-16,3866.83
2892,2026-02-23,3901.14
2892,2026-03-02,3763.91
2892,2026-03-09,3705.1
2892,2026-03-16,3660.99
2892,2026-03-23,3710.0
2892,2026-03-30,3865.0
2892,2026-04-06,3810.0
2892,2026-04-13,3885.0
2892,2026-04-20,3890.0
2892,2026-04-27,3815.0
2892,2026-05-04,3940.0
2892,2026-05-11,4010.0
2892,2026-05-18,3980.0
2892,2026-05-25,4035.0
2892,2026-06-01,4030.0
2892,2026-06-08,3950.0
2892,2026-06-15,3890.0
2892,2026-06-22,4155.0
2892,2026-06-29,4210.0
2892,2026-07-06,4400.0
2892,2026-07-13,4290.0
2892,2026-07-20,4555.0
2892,2026-07-27,4445.0
2892,2026-08-03,4315.0
2892,2026-08-10,4555.0
2892,2026-08-17,4510.0
2892,2026-08-24,4570.0
2892,2026-08-31,4585.0
2892,2026-09-07,4580.0
2892,2026-09-14,4710.0
296A,2025-09-22,630.58
296A,2025-09-29,616.43
296A,2025-10-06,605.7
296A,2025-10-13,631.06
296A,2025-10-20,648.62
296A,2025-10-27,658.37
296A,2025-11-03,650.57
296A,2025-11-10,675.93
296A,2025-11-17,687.64
296A,2025-11-24,696.41
296A,2025-12-01,680.81
296A,2025-12-08,695.44
296A,2025-12-15,736.4
296A,2025-12-22,704.22
296A,2025-12-29,702.27
296A,2026-01-05,698.36
296A,2026-01-12,707.14
296A,2026-01-19,719.82
296A,2026-01-26,685.68
296A,2026-02-02,685.68
296A,2026-02-09,651.55
296A,2026-02-16,651.55
296A,2026-02-23,670.08
296A,2026-03-02,645.69
296A,2026-03-09,635.94
296A,2026-03-16,731.53
296A,2026-03-23,792.0
296A,2026-03-30,823.0
296A,2026-04-06,812.0
296A,2026-04-13,819.0
296A,2026-04-20,760.0
296A,2026-04-27,749.0
296A,2026-05-04,767.0
296A,2026-05-11,772.0
296A,2026-05-18,765.0
296A,2026-05-25,747.0
296A,2026-06-01,759.0
296A,2026-06-08,754.0
296A,2026-06-15,769.0
296A,2026-06-22,756.0
296A,2026-06-29,749.0
296A,2026-07-06,741.0
296A,2026-07-13,751.0
296A,2026-07-20,919.0
296A,2026-07-27,857.0
296A,2026-08-03,873.0
296A,2026-08-10,928.0
296A,2026-08-17,1087.0
296A,2026-08-24,1161.0
296A,2026-08-31,1120.0
296A,2026-09-07,1161.0
296A,2026-09-14,1198.0
3132,2025-09-22,2042.31
3132,2025-09-29,1975.79
3132,2025-10-06,1974.81
3132,2025-10-13,2028.51
3132,2025-10-20,2176.82
3132,2025-10-27,2166.96
3132,2025-11-03,2236.93
3132,2025-11-10,2297.04
3132,2025-11-17,2189.63
3132,2025-11-24,2286.2
3132,2025-12-01,2318.23
3132,2025-12-08,2510.88
3132,2025-12-15,2374.89
3132,2025-12-22,2379.82
3132,2025-12-29,2357.65
3132,2026-01-05,2440.91
3132,2026-01-12,2552.27
3132,2026-01-19,2602.53
3132,2026-01-26,2609.42
3132,2026-02-02,2490.68
3132,2026-02-09,2606.47
3132,2026-02-16,2590.7
3132,2026-02-23,2728.17
3132,2026-03-02,2426.63
3132,2026-03-09,2254.67
3132,2026-03-16,2337.94
3132,2026-03-23,2367.5
3132,2026-03-30,2289.5
3132,2026-04-06,2299.0
3132,2026-04-13,2378.0
3132,2026-04-20,2535.5
3132,2026-04-27,2594.0
3132,2026-05-04,2765.0
3132,2026-05-11,3241.0
3132,2026-05-18,3227.0
3132,2026-05-25,3110.0
3132,2026-06-01,3493.0
3132,2026-06-08,3170.0
3132,2026-06-15,3350.0
3132,2026-06-22,3184.0
3132,2026-06-29,3175.0
3132,2026-07-06,3256.0
3132,2026-07-13,3201.0
3132,2026-07-20,3378.0
3132,2026-07-27,3295.0
3132,2026-08-03,3621.0
3132,2026-08-10,3798.0
3132,2026-08-17,3332.0
3132,2026-08-24,3577.0
3132,2026-08-31,3547.0
3132,2026-09-07,3761.0
3132,2026-09-14,3915.0
3167,2025-09-22,1046.78
3167,2025-09-29,984.8
3167,2025-10-06,982.83
3167,2025-10-13,987.75
3167,2025-10-20,1012.35
3167,2025-10-27,1004.48
3167,2025-11-03,1018.25
3167,2025-11-10,1025.14
3167,2025-11-17,1048.75
3167,2025-11-24,1063.51
3167,2025-12-01,1028.09
3167,2025-12-08,1036.94
3167,2025-12-15,1057.6
3167,2025-12-22,1062.52
3167,2025-12-29,1063.51
3167,2026-01-05,1061.54
3167,2026-01-12,1119.58
3167,2026-01-19,1148.11
3167,2026-01-26,1129.42
3167,2026-02-02,1160.9
3167,2026-02-09,1184.51
3167,2026-02-16,1185.5
3167,2026-02-23,1192.39
3167,2026-03-02,1154.02
3167,2026-03-09,1141.23
3167,2026-03-16,1138.28
3167,2026-03-23,1155.0
3167,2026-03-30,1172.0
3167,2026-04-06,1178.0
3167,2026-04-13,1187.0
3167,2026-04-20,1142.0
3167,2026-04-27,1133.0
3167,2026-05-04,1129.0
3167,2026-05-11,1130.0
3167,2026-05-18,1133.0
3167,2026-05-25,1105.0
3167,2026-06-01,1083.0
3167,2026-06-08,1124.0
3167,2026-06-15,1105.0
3167,2026-06-22,1143.0
3167,2026-06-29,1148.0
3167,2026-07-06,1149.0
3167,2026-07-13,1149.0
3167,2026-07-20,1140.0
3167,2026-07-27,1162.0
3167,2026-08-03,1219.0
3167,2026-08-10,1232.0
3167,2026-08-17,1263.0
3167,2026-08-24,1295.0
3167,2026-08-31,1339.0
3167,2026-09-07,1322.0
3167,2026-09-14,1384.0
3177,2025-09-22,3306.19
3177,2025-09-29,3257.99
3177,2025-10-06,3243.54
3177,2025-10-13,3229.08
3177,2025-10-20,3296.55
3177,2025-10-27,3248.36
3177,2025-11-03,3248.36
3177,2025-11-10,3277.27
3177,2025-11-17,3339.93
3177,2025-11-24,3339.93
3177,2025-12-01,3277.27
3177,2025-12-08,3335.11
3177,2025-12-15,3335.11
3177,2025-12-22,3344.75
3177,2025-12-29,3441.14
3177,2026-01-05,3441.14
3177,2026-01-12,3667.65
3177,2026-01-19,3662.83
3177,2026-01-26,3614.64
3177,2026-02-02,3725.49
3177,2026-02-09,3807.42
3177,2026-02-16,3711.03
3177,2026-02-23,3685.0
3177,2026-03-02,3600.0
3177,2026-03-09,3550.0
3177,2026-03-16,3415.0
3177,2026-03-23,3465.0
3177,2026-03-30,3435.0
3177,2026-04-06,3515.0
3177,2026-04-13,3605.0
3177,2026-04-20,3675.0
3177,2026-04-27,3625.0
3177,2026-05-04,3505.0
3177,2026-05-11,3505.0
3177,2026-05-18,3575.0
3177,2026-05-25,3405.0
3177,2026-06-01,3290.0
3177,2026-06-08,3440.0
3177,2026-06-15,3410.0
3177,2026-06-22,3545.0
3177,2026-06-29,3530.0
3177,2026-07-06,3595.0
3177,2026-07-13,3880.0
3177,2026-07-20,4085.0
3177,2026-07-27,4075.0
3177,2026-08-03,4190.0
3177,2026-08-10,4235.0
3177,2026-08-17,4310.0
3177,2026-08-24,4420.0
3177,2026-08-31,4240.0
3177,2026-09-07,4210.0
3177,2026-09-14,4500.0
3393,2025-09-22,2671.7
3393,2025-09-29,2640.76
3393,2025-10-06,2722.95
3393,2025-10-13,2654.3
3393,2025-10-20,2725.85
3393,2025-10-27,2670.74
3393,2025-11-03,2596.28
3393,2025-11-10,2560.5
3393,2025-11-17,2523.76
3393,2025-11-24,2524.73
3393,2025-12-01,2543.1
3393,2025-12-08,2576.94
3393,2025-12-15,2618.52
3393,2025-12-22,2738.42
3393,2025-12-29,2785.8
3393,2026-01-05,2818.68
3393,2026-01-12,2915.38
3393,2026-01-19,2853.49
3393,2026-01-26,2720.05
3393,2026-02-02,2664.93
3393,2026-02-09,2585.64
3393,2026-02-16,2844.79
3393,2026-02-23,2987.9
3393,2026-03-02,2852.52
3393,2026-03-09,2738.42
3393,2026-03-16,2632.06
3393,2026-03-23,2663.0
3393,2026-03-30,2740.0
3393,2026-04-06,2797.0
3393,2026-04-13,2834.0
3393,2026-04-20,2757.0
3393,2026-04-27,2742.0
3393,2026-05-04,2770.0
3393,2026-05-11,2700.0
3393,2026-05-18,3005.0
3393,2026-05-25,2982.0
3393,2026-06-01,2911.0
3393,2026-06-08,2865.0
3393,2026-06-15,2945.0
3393,2026-06-22,2988.0
3393,2026-06-29,3100.0
3393,2026-07-06,3085.0
3393,2026-07-13,3065.0
3393,2026-07-20,3045.0
3393,2026-07-27,3080.0
3393,2026-08-03,3035.0
3393,2026-08-10,3030.0
3393,2026-08-17,3015.0
3393,2026-08-24,3000.0
3393,2026-08-31,3040.0
3393,2026-09-07,3025.0
3393,2026-09-14,3110.0
3657,2025-09-22,341.95
3657,2025-09-29,328.62
3657,2025-10-06,319.09
3657,2025-10-13,317.19
3657,2025-10-20,320.04
3657,2025-10-27,315.28
3657,2025-11-03,305.76
3657,2025-11-10,312.42
3657,2025-11-17,311.47
3657,2025-11-24,321.95
3657,2025-12-01,321.0
3657,2025-12-08,297.18
3657,2025-12-15,300.99
3657,2025-12-22,308.61
3657,2025-12-29,310.52
3657,2026-01-05,320.04
3657,2026-01-12,326.71
3657,2026-01-19,327.66
3657,2026-01-26,308.56
3657,2026-02-02,290.01
3657,2026-02-09,284.15
3657,2026-02-16,301.73
3657,2026-02-23,318.33
3657,2026-03-02,311.49
3657,2026-03-09,295.87
3657,2026-03-16,282.2
3657,2026-03-23,297.82
3657,2026-03-30,292.94
3657,2026-04-06,295.87
3657,2026-04-13,309.54
3657,2026-04-20,300.75
3657,2026-04-27,290.99
3657,2026-05-04,292.94
3657,2026-05-11,286.11
3657,2026-05-18,290.99
3657,2026-05-25,293.92
3657,2026-06-01,286.11
3657,2026-06-08,278.29
3657,2026-06-15,301.73
3657,2026-06-22,311.49
3657,2026-06-29,325.16
3657,2026-07-06,321.26
3657,2026-07-13,325.16
3657,2026-07-20,332.0
3657,2026-07-27,333.0
3657,2026-08-03,336.0
3657,2026-08-10,351.0
3657,2026-08-17,365.0
3657,2026-08-24,360.0
3657,2026-08-31,368.0
3657,2026-09-07,360.0
3657,2026-09-14,380.0
3766,2025-09-22,1282.6
3766,2025-09-29,1241.48
3766,2025-10-06,1224.26
3766,2025-10-13,1206.09
3766,2025-10-20,1221.39
3766,2025-10-27,1189.83
3766,2025-11-03,1254.87
3766,2025-11-10,1193.65
3766,2025-11-17,1202.26
3766,2025-11-24,1217.56
3766,2025-12-01,1179.31
3766,2025-12-08,1159.22
3766,2025-12-15,1186.0
3766,2025-12-22,1224.26
3766,2025-12-29,1233.82
3766,2026-01-05,1252.95
3766,2026-01-12,1272.08
3766,2026-01-19,1311.3
3766,2026-01-26,1310.34
3766,2026-02-02,1329.47
3766,2026-02-09,1314.17
3766,2026-02-16,1272.08
3766,2026-02-23,1239.56
3766,2026-03-02,1215.65
3766,2026-03-09,1214.7
3766,2026-03-16,1211.83
3766,2026-03-23,1208.0
3766,2026-03-30,1176.0
3766,2026-04-06,1222.0
3766,2026-04-13,1209.0
3766,2026-04-20,1216.0
3766,2026-04-27,1250.0
3766,2026-05-04,1370.0
3766,2026-05-11,1298.0
3766,2026-05-18,1303.0
3766,2026-05-25,1297.0
3766,2026-06-01,1293.0
3766,2026-06-08,1298.0
3766,2026-06-15,1312.0
3766,2026-06-22,1295.0
3766,2026-06-29,1347.0
3766,2026-07-06,1419.0
3766,2026-07-13,1385.0
3766,2026-07-20,1405.0
3766,2026-07-27,1409.0
3766,2026-08-03,1426.0
3766,2026-08-10,1435.0
3766,2026-08-17,1420.0
3766,2026-08-24,1410.0
3766,2026-08-31,1429.0
3766,2026-09-07,1420.0
3766,2026-09-14,1562.0
3793,2025-09-22,473.0
3793,2025-09-29,459.0
3793,2025-10-06,455.0
3793,2025-10-13,452.0
3793,2025-10-20,464.0
3793,2025-10-27,460.0
3793,2025-11-03,450.0
3793,2025-11-10,455.0
3793,2025-11-17,434.0
3793,2025-11-24,446.0
3793,2025-12-01,415.0
3793,2025-12-08,415.0
3793,2025-12-15,410.0
3793,2025-12-22,396.0
3793,2025-12-29,400.0
3793,2026-01-05,417.0
3793,2026-01-12,436.0
3793,2026-01-19,431.0
3793,2026-01-26,449.0
3793,2026-02-02,407.0
3793,2026-02-09,398.0
3793,2026-02-16,412.0
3793,2026-02-23,409.0
3793,2026-03-02,403.0
3793,2026-03-09,403.0
3793,2026-03-16,400.0
3793,2026-03-23,403.0
3793,2026-03-30,401.0
3793,2026-04-06,408.0
3793,2026-04-13,432.0
3793,2026-04-20,408.0
3793,2026-04-27,405.0
3793,2026-05-04,414.0
3793,2026-05-11,459.0
3793,2026-05-18,440.0
3793,2026-05-25,420.0
3793,2026-06-01,417.0
3793,2026-06-08,393.0
3793,2026-06-15,398.0
3793,2026-06-22,393.0
3793,2026-06-29,417.0
3793,2026-07-06,418.0
3793,2026-07-13,417.0
3793,2026-07-20,425.0
3793,2026-07-27,440.0
3793,2026-08-03,456.0
3793,2026-08-10,463.0
3793,2026-08-17,491.0
3793,2026-08-24,521.0
3793,2026-08-31,496.0
3793,2026-09-07,502.0
3793,2026-09-14,547.0
4175,2025-09-22,2268.0
4175,2025-09-29,2260.0
4175,2025-10-06,2208.0
4175,2025-10-13,2030.0
4175,2025-10-20,2063.0
4175,2025-10-27,2050.0
4175,2025-11-03,2059.0
4175,2025-11-10,2010.0
4175,2025-11-17,1836.0
4175,2025-11-24,1920.0
4175,2025-12-01,1829.0
4175,2025-12-08,1780.0
4175,2025-12-15,1938.0
4175,2025-12-22,1929.0
4175,2025-12-29,1878.0
4175,2026-01-05,1900.0
4175,2026-01-12,1899.0
4175,2026-01-19,1809.0
4175,2026-01-26,1821.0
4175,2026-02-02,1835.0
4175,2026-02-09,1876.0
4175,2026-02-16,1846.0
4175,2026-02-23,1855.0
4175,2026-03-02,1807.0
4175,2026-03-09,1905.0
4175,2026-03-16,1983.0
4175,2026-03-23,2074.0
4175,2026-03-30,2008.0
4175,2026-04-06,2070.0
4175,2026-04-13,2069.0
4175,2026-04-20,1993.0
4175,2026-04-27,1861.0
4175,2026-05-04,1905.0
4175,2026-05-11,1671.0
4175,2026-05-18,2082.0
4175,2026-05-25,2204.0
4175,2026-06-01,2157.0
4175,2026-06-08,1994.0
4175,2026-06-15,1869.0
4175,2026-06-22,2238.0
4175,2026-06-29,2498.0
4175,2026-07-06,2545.0
4175,2026-07-13,2749.0
4175,2026-07-20,2615.0
4175,2026-07-27,2809.0
4175,2026-08-03,2747.0
4175,2026-08-10,2798.0
4175,2026-08-17,2770.0
4175,2026-08-24,2871.0
4175,2026-08-31,2915.0
4175,2026-09-07,2820.0
4175,2026-09-14,2960.0
4206,2025-09-22,3633.1
4206,2025-09-29,3551.71
4206,2025-10-06,3516.41
4206,2025-10-13,3524.25
4206,2025-10-20,3592.89
4206,2025-10-27,3559.55
4206,2025-11-03,3441.88
4206,2025-11-10,3385.99
4206,2025-11-17,3434.04
4206,2025-11-24,3498.76
4206,2025-12-01,3313.42
4206,2025-12-08,3362.45
4206,2025-12-15,3414.42
4206,2025-12-22,3417.37
4206,2025-12-29,3449.73
4206,2026-01-05,3477.18
4206,2026-01-12,3530.13
4206,2026-01-19,3531.12
4206,2026-01-26,3441.88
4206,2026-02-02,3682.13
4206,2026-02-09,3705.66
4206,2026-02-16,3758.61
4206,2026-02-23,3895.9
4206,2026-03-02,3748.81
4206,2026-03-09,3617.41
4206,2026-03-16,3571.32
4206,2026-03-23,3638.0
4206,2026-03-30,3661.0
4206,2026-04-06,3754.0
4206,2026-04-13,3599.0
4206,2026-04-20,3493.0
4206,2026-04-27,3531.0
4206,2026-05-04,3403.0
4206,2026-05-11,3482.0
4206,2026-05-18,3439.0
4206,2026-05-25,3450.0
4206,2026-06-01,3423.0
4206,2026-06-08,3491.0
4206,2026-06-15,3579.0
4206,2026-06-22,3691.0
4206,2026-06-29,3728.0
4206,2026-07-06,3670.0
4206,2026-07-13,3670.0
4206,2026-07-20,3631.0
4206,2026-07-27,3687.0
4206,2026-08-03,4087.0
4206,2026-08-10,4128.0
4206,2026-08-17,4077.0
4206,2026-08-24,4115.0
4206,2026-08-31,4088.0
4206,2026-09-07,4118.0
4206,2026-09-14,4234.0
428A,2025-10-06,617.38
428A,2025-10-13,717.63
428A,2025-10-20,701.75
428A,2025-10-27,673.96
428A,2025-11-03,679.91
428A,2025-11-10,684.88
428A,2025-11-17,676.94
428A,2025-11-24,683.88
428A,2025-12-01,676.94
428A,2025-12-08,673.96
428A,2025-12-15,733.51
428A,2025-12-22,767.26
428A,2025-12-29,818.88
428A,2026-01-05,824.83
428A,2026-01-12,853.62
428A,2026-01-19,885.38
428A,2026-01-26,863.54
428A,2026-02-02,830.79
428A,2026-02-09,831.78
428A,2026-02-16,832.77
428A,2026-02-23,806.96
428A,2026-03-02,803.99
428A,2026-03-09,804.98
428A,2026-03-16,803.99
428A,2026-03-23,831.78
428A,2026-03-30,876.44
428A,2026-04-06,874.46
428A,2026-04-13,901.26
428A,2026-04-20,899.27
428A,2026-04-27,937.98
428A,2026-05-04,991.58
428A,2026-05-11,1024.34
428A,2026-05-18,1040.22
428A,2026-05-25,1268.51
428A,2026-06-01,1180.17
428A,2026-06-08,1213.92
428A,2026-06-15,1177.2
428A,2026-06-22,1216.9
428A,2026-06-29,1260.57
428A,2026-07-06,1221.86
428A,2026-07-13,1375.71
428A,2026-07-20,1317.15
428A,2026-07-27,1349.9
428A,2026-08-03,1373.73
428A,2026-08-10,1390.6
428A,2026-08-17,1425.34
428A,2026-08-24,1371.0
428A,2026-08-31,1587.0
428A,2026-09-07,1546.0
428A,2026-09-14,1676.0
4417,2025-09-22,3109.58
4417,2025-09-29,3081.16
4417,2025-10-06,3403.67
4417,2025-10-13,3502.9
4417,2025-10-20,4098.29
4417,2025-10-27,3676.56
4417,2025-11-03,3468.17
4417,2025-11-10,3512.82
4417,2025-11-17,3329.24
4417,2025-11-24,3438.4
4417,2025-12-01,3249.86
4417,2025-12-08,3046.43
4417,2025-12-15,2871.78
4417,2025-12-22,3215.13
4417,2025-12-29,3175.43
4417,2026-01-05,3438.4
4417,2026-01-12,3532.67
4417,2026-01-19,3130.78
4417,2026-01-26,2932.32
4417,2026-02-02,2688.2
4417,2026-02-09,2657.44
4417,2026-02-16,2738.81
4417,2026-02-23,2655.46
4417,2026-03-02,2490.73
4417,2026-03-09,2390.51
4417,2026-03-16,2440.12
4417,2026-03-23,2357.76
4417,2026-03-30,2510.0
4417,2026-04-06,2482.0
4417,2026-04-13,2514.0
4417,2026-04-20,2479.0
4417,2026-04-27,2682.0
4417,2026-05-04,2909.0
4417,2026-05-11,2809.0
4417,2026-05-18,3260.0
4417,2026-05-25,3435.0
4417,2026-06-01,3060.0
4417,2026-06-08,2968.0
4417,2026-06-15,3255.0
4417,2026-06-22,3310.0
4417,2026-06-29,4210.0
4417,2026-07-06,3980.0
4417,2026-07-13,4360.0
4417,2026-07-20,4230.0
4417,2026-07-27,4580.0
4417,2026-08-03,4965.0
4417,2026-08-10,4760.0
4417,2026-08-17,4500.0
4417,2026-08-24,4950.0
4417,2026-08-31,4340.0
4417,2026-09-07,4340.0
4417,2026-09-14,5410.0
4588,2025-09-22,622.0
4588,2025-09-29,678.0
4588,2025-10-06,803.0
4588,2025-10-13,700.0
4588,2025-10-20,711.0
4588,2025-10-27,748.0
4588,2025-11-03,851.0
4588,2025-11-10,1043.0
4588,2025-11-17,986.0
4588,2025-11-24,1174.0
4588,2025-12-01,923.0
4588,2025-12-08,1061.0
4588,2025-12-15,859.0
4588,2025-12-22,1101.0
4588,2025-12-29,1384.0
4588,2026-01-05,1519.0
4588,2026-01-12,1943.0
4588,2026-01-19,1808.0
4588,2026-01-26,1739.0
4588,2026-02-02,1873.0
4588,2026-02-09,2440.0
4588,2026-02-16,2215.0
4588,2026-02-23,2730.0
4588,2026-03-02,3150.0
4588,2026-03-09,2702.0
4588,2026-03-16,2246.0
4588,2026-03-23,2338.0
4588,2026-03-30,2266.0
4588,2026-04-06,2501.0
4588,2026-04-13,2860.0
4588,2026-04-20,2978.0
4588,2026-04-27,2717.0
4588,2026-05-04,2918.0
4588,2026-05-11,2680.0
4588,2026-05-18,2797.0
4588,2026-05-25,2765.0
4588,2026-06-01,2614.0
4588,2026-06-08,2467.0
4588,2026-06-15,2591.0
4588,2026-06-22,2733.0
4588,2026-06-29,2680.0
4588,2026-07-06,2575.0
4588,2026-07-13,2351.0
4588,2026-07-20,2469.0
4588,2026-07-27,2665.0
4588,2026-08-03,2848.0
4588,2026-08-10,3250.0
4588,2026-08-17,3380.0
4588,2026-08-24,4810.0
4588,2026-08-31,4595.0
4588,2026-09-07,5740.0
4588,2026-09-14,5800.0
4689,2025-09-22,476.2
4689,2025-09-29,453.05
4689,2025-10-06,452.95
4689,2025-10-13,431.76
4689,2025-10-20,446.18
4689,2025-10-27,444.42
4689,2025-11-03,417.14
4689,2025-11-10,422.05
4689,2025-11-17,417.53
4689,2025-11-24,412.53
4689,2025-12-01,408.8
4689,2025-12-08,403.8
4689,2025-12-15,419.59
4689,2025-12-22,405.47
4689,2025-12-29,409.29
4689,2026-01-05,409.39
4689,2026-01-12,396.05
4689,2026-01-19,398.31
4689,2026-01-26,389.08
4689,2026-02-02,415.18
4689,2026-02-09,380.16
4689,2026-02-16,367.21
4689,2026-02-23,381.63
4689,2026-03-02,386.14
4689,2026-03-09,390.65
4689,2026-03-16,390.36
4689,2026-03-23,377.9
4689,2026-03-30,393.2
4689,2026-04-06,403.6
4689,2026-04-13,427.9
4689,2026-04-20,415.9
4689,2026-04-27,419.7
4689,2026-05-04,440.0
4689,2026-05-11,417.3
4689,2026-05-18,409.2
4689,2026-05-25,417.3
4689,2026-06-01,408.0
4689,2026-06-08,402.3
4689,2026-06-15,409.5
4689,2026-06-22,410.0
4689,2026-06-29,438.2
4689,2026-07-06,445.4
4689,2026-07-13,447.4
4689,2026-07-20,435.3
4689,2026-07-27,446.8
4689,2026-08-03,483.6
4689,2026-08-10,506.3
4689,2026-08-17,525.6
4689,2026-08-24,554.0
4689,2026-08-31,531.1
4689,2026-09-07,544.4
4689,2026-09-14,554.3
4746,2025-09-22,3905.13
4746,2025-09-29,3733.47
4746,2025-10-06,3714.4
4746,2025-10-13,3733.47
4746,2025-10-20,3776.39
4746,2025-10-27,3657.18
4746,2025-11-03,3819.3
4746,2025-11-10,3981.42
4746,2025-11-17,3976.65
4746,2025-11-24,4010.03
4746,2025-12-01,3919.43
4746,2025-12-08,3838.37
4746,2025-12-15,3819.3
4746,2025-12-22,3843.14
4746,2025-12-29,3961.29
4746,2026-01-05,4245.64
4746,2026-01-12,4407.43
4746,2026-01-19,4353.5
4746,2026-01-26,4132.88
4746,2026-02-02,4083.86
4746,2026-02-09,4211.33
4746,2026-02-16,4167.2
4746,2026-02-23,4348.6
4746,2026-03-02,4181.91
4746,2026-03-09,4211.33
4746,2026-03-16,4206.42
4746,2026-03-23,4191.71
4746,2026-03-30,4142.69
4746,2026-04-06,4431.94
4746,2026-04-13,4407.43
4746,2026-04-20,4319.18
4746,2026-04-27,4235.84
4746,2026-05-04,4044.64
4746,2026-05-11,3946.59
4746,2026-05-18,4123.08
4746,2026-05-25,4226.03
4746,2026-06-01,4142.69
4746,2026-06-08,4118.18
4746,2026-06-15,4167.2
4746,2026-06-22,4353.5
4746,2026-06-29,4485.0
4746,2026-07-06,4740.0
4746,2026-07-13,4780.0
4746,2026-07-20,4825.0
4746,2026-07-27,5020.0
4746,2026-08-03,6600.0
4746,2026-08-10,6500.0
4746,2026-08-17,6670.0
4746,2026-08-24,6840.0
4746,2026-08-31,7120.0
4746,2026-09-07,7150.0
4746,2026-09-14,7240.0
4847,2025-09-22,1057.61
4847,2025-09-29,986.47
4847,2025-10-06,999.93
4847,2025-10-13,980.7
4847,2025-10-20,1016.27
4847,2025-10-27,996.08
4847,2025-11-03,931.66
4847,2025-11-10,933.59
4847,2025-11-17,907.63
4847,2025-11-24,936.47
4847,2025-12-01,916.28
4847,2025-12-08,917.24
4847,2025-12-15,909.55
4847,2025-12-22,925.89
4847,2025-12-29,936.66
4847,2026-01-05,963.09
4847,2026-01-12,978.75
4847,2026-01-19,962.11
4847,2026-01-26,930.79
4847,2026-02-02,944.49
4847,2026-02-09,938.62
4847,2026-02-16,950.36
4847,2026-02-23,988.53
4847,2026-03-02,1001.26
4847,2026-03-09,977.77
4847,2026-03-16,959.17
4847,2026-03-23,947.43
4847,2026-03-30,953.3
4847,2026-04-06,950.36
4847,2026-04-13,967.98
4847,2026-04-20,960.15
4847,2026-04-27,949.38
4847,2026-05-04,973.85
4847,2026-05-11,902.4
4847,2026-05-18,919.04
4847,2026-05-25,918.06
4847,2026-06-01,926.87
4847,2026-06-08,920.02
4847,2026-06-15,911.21
4847,2026-06-22,921.0
4847,2026-06-29,967.0
4847,2026-07-06,954.0
4847,2026-07-13,952.0
4847,2026-07-20,1003.0
4847,2026-07-27,1000.0
4847,2026-08-03,1236.0
4847,2026-08-10,1281.0
4847,2026-08-17,1319.0
4847,2026-08-24,1398.0
4847,2026-08-31,1355.0
4847,2026-09-07,1378.0
4847,2026-09-14,1447.0
4875,2025-09-22,189.0
4875,2025-09-29,179.0
4875,2025-10-06,185.0
4875,2025-10-13,185.0
4875,2025-10-20,182.0
4875,2025-10-27,227.0
4875,2025-11-03,232.0
4875,2025-11-10,242.0
4875,2025-11-17,219.0
4875,2025-11-24,227.0
4875,2025-12-01,235.0
4875,2025-12-08,237.0
4875,2025-12-15,228.0
4875,2025-12-22,209.0
4875,2025-12-29,216.0
4875,2026-01-05,233.0
4875,2026-01-12,259.0
4875,2026-01-19,295.0
4875,2026-01-26,279.0
4875,2026-02-02,255.0
4875,2026-02-09,262.0
4875,2026-02-16,249.0
4875,2026-02-23,251.0
4875,2026-03-02,235.0
4875,2026-03-09,219.0
4875,2026-03-16,227.0
4875,2026-03-23,230.0
4875,2026-03-30,224.0
4875,2026-04-06,230.0
4875,2026-04-13,228.0
4875,2026-04-20,216.0
4875,2026-04-27,226.0
4875,2026-05-04,222.0
4875,2026-05-11,216.0
4875,2026-05-18,225.0
4875,2026-05-25,217.0
4875,2026-06-01,212.0
4875,2026-06-08,199.0
4875,2026-06-15,213.0
4875,2026-06-22,203.0
4875,2026-06-29,226.0
4875,2026-07-06,224.0
4875,2026-07-13,221.0
4875,2026-07-20,216.0
4875,2026-07-27,216.0
4875,2026-08-03,210.0
4875,2026-08-10,208.0
4875,2026-08-17,216.0
4875,2026-08-24,227.0
4875,2026-08-31,239.0
4875,2026-09-07,270.0
4875,2026-09-14,352.0
4933,2025-09-22,1463.48
4933,2025-09-29,1353.32
4933,2025-10-06,1309.07
4933,2025-10-13,1275.63
4933,2025-10-20,1303.16
4933,2025-10-27,1237.27
4933,2025-11-03,1234.32
4933,2025-11-10,1467.41
4933,2025-11-17,1405.45
4933,2025-11-24,1400.53
4933,2025-12-01,1313.0
4933,2025-12-08,1355.29
4933,2025-12-15,1424.14
4933,2025-12-22,1356.28
4933,2025-12-29,1320.48
4933,2026-01-05,1344.34
4933,2026-01-12,1365.22
4933,2026-01-19,1355.28
4933,2026-01-26,1328.43
4933,2026-02-02,1341.36
4933,2026-02-09,1229.99
4933,2026-02-16,1094.76
4933,2026-02-23,1119.62
4933,2026-03-02,1070.9
4933,2026-03-09,1042.06
4933,2026-03-16,1070.9
4933,2026-03-23,1137.52
4933,2026-03-30,1148.46
4933,2026-04-06,1133.54
4933,2026-04-13,1161.39
4933,2026-04-20,1042.06
4933,2026-04-27,1091.78
4933,2026-05-04,1086.81
4933,2026-05-11,1139.51
4933,2026-05-18,1243.92
4933,2026-05-25,1289.65
4933,2026-06-01,1285.68
4933,2026-06-08,1316.5
4933,2026-06-15,1297.61
4933,2026-06-22,1229.0
4933,2026-06-29,1202.0
4933,2026-07-06,1210.0
4933,2026-07-13,1212.0
4933,2026-07-20,1222.0
4933,2026-07-27,1256.0
4933,2026-08-03,1269.0
4933,2026-08-10,1447.0
4933,2026-08-17,1441.0
4933,2026-08-24,1477.0
4933,2026-08-31,1463.0
4933,2026-09-07,1418.0
4933,2026-09-14,2081.0
4958,2025-09-22,2959.99
4958,2025-09-29,2748.77
4958,2025-10-06,2721.27
4958,2025-10-13,2679.02
4958,2025-10-20,2707.51
4958,2025-10-27,2654.46
4958,2025-11-03,2651.52
4958,2025-11-10,2707.51
4958,2025-11-17,2723.23
4958,2025-11-24,2784.14
4958,2025-12-01,2670.18
4958,2025-12-08,2710.46
4958,2025-12-15,2788.07
4958,2025-12-22,2798.88
4958,2025-12-29,2768.42
4958,2026-01-05,2828.35
4958,2026-01-12,2832.28
4958,2026-01-19,2858.8
4958,2026-01-26,2791.02
4958,2026-02-02,2812.63
4958,2026-02-09,2828.35
4958,2026-02-16,2799.86
4958,2026-02-23,2867.65
4958,2026-03-02,2802.81
4958,2026-03-09,2794.95
4958,2026-03-16,2787.09
4958,2026-03-23,2792.0
4958,2026-03-30,2855.0
4958,2026-04-06,2923.0
4958,2026-04-13,2861.0
4958,2026-04-20,2865.0
4958,2026-04-27,2882.0
4958,2026-05-04,2933.0
4958,2026-05-11,3070.0
4958,2026-05-18,3125.0
4958,2026-05-25,3075.0
4958,2026-06-01,3060.0
4958,2026-06-08,3205.0
4958,2026-06-15,3255.0
4958,2026-06-22,3215.0
4958,2026-06-29,3250.0
4958,2026-07-06,3225.0
4958,2026-07-13,3300.0
4958,2026-07-20,3225.0
4958,2026-07-27,3250.0
4958,2026-08-03,3310.0
4958,2026-08-10,3350.0
4958,2026-08-17,3385.0
4958,2026-08-24,3320.0
4958,2026-08-31,3290.0
4958,2026-09-07,3245.0
4958,2026-09-14,3475.0
5131,2025-09-22,180.0
5131,2025-09-29,236.0
5131,2025-10-06,223.0
5131,2025-10-13,197.0
5131,2025-10-20,194.0
5131,2025-10-27,208.0
5131,2025-11-03,171.0
5131,2025-11-10,167.0
5131,2025-11-17,160.0
5131,2025-11-24,170.0
5131,2025-12-01,170.0
5131,2025-12-08,159.0
5131,2025-12-15,190.0
5131,2025-12-22,184.0
5131,2025-12-29,175.0
5131,2026-01-05,177.0
5131,2026-01-12,194.0
5131,2026-01-19,160.0
5131,2026-01-26,144.0
5131,2026-02-02,155.0
5131,2026-02-09,148.0
5131,2026-02-16,149.0
5131,2026-02-23,147.0
5131,2026-03-02,147.0
5131,2026-03-09,137.0
5131,2026-03-16,136.0
5131,2026-03-23,142.0
5131,2026-03-30,145.0
5131,2026-04-06,145.0
5131,2026-04-13,141.0
5131,2026-04-20,144.0
5131,2026-04-27,135.0
5131,2026-05-04,136.0
5131,2026-05-11,130.0
5131,2026-05-18,121.0
5131,2026-05-25,130.0
5131,2026-06-01,123.0
5131,2026-06-08,126.0
5131,2026-06-15,134.0
5131,2026-06-22,139.0
5131,2026-06-29,140.0
5131,2026-07-06,128.0
5131,2026-07-13,129.0
5131,2026-07-20,113.0
5131,2026-07-27,114.0
5131,2026-08-03,116.0
5131,2026-08-10,119.0
5131,2026-08-17,120.0
5131,2026-08-24,130.0
5131,2026-08-31,116.0
5131,2026-09-07,113.0
5131,2026-09-14,210.0
5832,2025-09-22,2169.91
5832,2025-09-29,2116.4
5832,2025-10-06,2061.9
5832,2025-10-13,2026.07
5832,2025-10-20,2079.58
5832,2025-10-27,2111.0
5832,2025-11-03,2132.11
5832,2025-11-10,2181.2
5832,2025-11-17,2188.07
5832,2025-11-24,2290.68
5832,2025-12-01,2264.17
5832,2025-12-08,2321.6
5832,2025-12-15,2417.83
5832,2025-12-22,2403.1
5832,2025-12-29,2425.68
5832,2026-01-05,2572.96
5832,2026-01-12,2713.86
5832,2026-01-19,2753.62
5832,2026-01-26,2737.91
5832,2026-02-02,3154.71
5832,2026-02-09,3365.81
5832,2026-02-16,3287.26
5832,2026-02-23,3153.73
5832,2026-03-02,2901.88
5832,2026-03-09,2781.61
5832,2026-03-16,2777.19
5832,2026-03-23,2868.5
5832,2026-03-30,2984.5
5832,2026-04-06,3086.0
5832,2026-04-13,3009.0
5832,2026-04-20,2794.5
5832,2026-04-27,2845.5
5832,2026-05-04,2870.5
5832,2026-05-11,3033.0
5832,2026-05-18,3103.0
5832,2026-05-25,2987.5
5832,2026-06-01,2979.0
5832,2026-06-08,3099.0
5832,2026-06-15,3037.0
5832,2026-06-22,3090.0
5832,2026-06-29,3225.0
5832,2026-07-06,3235.0
5832,2026-07-13,3122.0
5832,2026-07-20,3410.0
5832,2026-07-27,3323.0
5832,2026-08-03,3385.0
5832,2026-08-10,3518.0
5832,2026-08-17,3411.0
5832,2026-08-24,3550.0
5832,2026-08-31,3534.0
5832,2026-09-07,3508.0
5832,2026-09-14,3611.0
6033,2025-09-22,1325.26
6033,2025-09-29,1312.8
6033,2025-10-06,1289.8
6033,2025-10-13,1276.39
6033,2025-10-20,1277.35
6033,2025-10-27,1262.97
6033,2025-11-03,1277.35
6033,2025-11-10,1219.85
6033,2025-11-17,1213.14
6033,2025-11-24,1231.35
6033,2025-12-01,1324.3
6033,2025-12-08,1295.55
6033,2025-12-15,1360.71
6033,2025-12-22,1351.13
6033,2025-12-29,1354.01
6033,2026-01-05,1356.88
6033,2026-01-12,1342.51
6033,2026-01-19,1345.38
6033,2026-01-26,1327.18
6033,2026-02-02,1310.88
6033,2026-02-09,1341.55
6033,2026-02-16,1432.58
6033,2026-02-23,1427.79
6033,2026-03-02,1436.42
6033,2026-03-09,1504.45
6033,2026-03-16,1467.08
6033,2026-03-23,1423.0
6033,2026-03-30,1484.0
6033,2026-04-06,1462.0
6033,2026-04-13,1445.0
6033,2026-04-20,1480.0
6033,2026-04-27,1452.0
6033,2026-05-04,1445.0
6033,2026-05-11,1367.0
6033,2026-05-18,1383.0
6033,2026-05-25,1427.0
6033,2026-06-01,1384.0
6033,2026-06-08,1356.0
6033,2026-06-15,1363.0
6033,2026-06-22,1369.0
6033,2026-06-29,1402.0
6033,2026-07-06,1392.0
6033,2026-07-13,1675.0
6033,2026-07-20,1700.0
6033,2026-07-27,1676.0
6033,2026-08-03,1700.0
6033,2026-08-10,1706.0
6033,2026-08-17,1662.0
6033,2026-08-24,1684.0
6033,2026-08-31,1662.0
6033,2026-09-07,1720.0
6033,2026-09-14,1796.0
604A,2026-07-27,954.0
604A,2026-08-03,907.0
604A,2026-08-10,999.0
604A,2026-08-17,1018.0
604A,2026-08-24,1081.0
604A,2026-08-31,1308.0
604A,2026-09-07,1175.0
604A,2026-09-14,1580.0
618A,2026-09-07,1670.0
618A,2026-09-14,1793.0
619A,2026-09-16,301.0
621A,2026-09-16,1954.0
6676,2025-09-22,1738.65
6676,2025-09-29,1748.52
6676,2025-10-06,1743.58
6676,2025-10-13,1731.24
6676,2025-10-20,1790.51
6676,2025-10-27,1713.95
6676,2025-11-03,1758.4
6676,2025-11-10,2422.74
6676,2025-11-17,2395.58
6676,2025-11-24,2489.42
6676,2025-12-01,2375.82
6676,2025-12-08,2338.77
6676,2025-12-15,2395.58
6676,2025-12-22,2422.74
6676,2025-12-29,2398.05
6676,2026-01-05,2479.54
6676,2026-01-12,2410.39
6676,2026-01-19,2331.36
6676,2026-01-26,2217.76
6676,2026-02-02,2291.85
6676,2026-02-09,2677.12
6676,2026-02-16,2479.54
6676,2026-02-23,2607.97
6676,2026-03-02,2430.15
6676,2026-03-09,2422.74
6676,2026-03-16,2437.56
6676,2026-03-23,2442.5
6676,2026-03-30,2421.0
6676,2026-04-06,2470.0
6676,2026-04-13,2536.0
6676,2026-04-20,2466.0
6676,2026-04-27,2417.0
6676,2026-05-04,2525.0
6676,2026-05-11,2541.0
6676,2026-05-18,2354.0
6676,2026-05-25,2324.0
6676,2026-06-01,2352.0
6676,2026-06-08,2541.0
6676,2026-06-15,2767.0
6676,2026-06-22,2422.0
6676,2026-06-29,2540.0
6676,2026-07-06,2643.0
6676,2026-07-13,2584.0
6676,2026-07-20,2712.0
6676,2026-07-27,2741.0
6676,2026-08-03,2894.0
6676,2026-08-10,2882.0
6676,2026-08-17,2942.0
6676,2026-08-24,3085.0
6676,2026-08-31,3070.0
6676,2026-09-07,3030.0
6676,2026-09-14,3195.0
6694,2025-09-22,611.25
6694,2025-09-29,612.2
6694,2025-10-06,613.15
6694,2025-10-13,604.58
6694,2025-10-20,600.77
6694,2025-10-27,596.01
6694,2025-11-03,594.11
6694,2025-11-10,598.87
6694,2025-11-17,590.3
6694,2025-11-24,600.77
6694,2025-12-01,607.44
6694,2025-12-08,603.63
6694,2025-12-15,625.53
6694,2025-12-22,636.0
6694,2025-12-29,627.0
6694,2026-01-05,630.0
6694,2026-01-12,637.0
6694,2026-01-19,645.0
6694,2026-01-26,653.0
6694,2026-02-02,658.0
6694,2026-02-09,651.0
6694,2026-02-16,646.0
6694,2026-02-23,650.0
6694,2026-03-02,637.0
6694,2026-03-09,634.0
6694,2026-03-16,652.0
6694,2026-03-23,644.0
6694,2026-03-30,640.0
6694,2026-04-06,647.0
6694,2026-04-13,645.0
6694,2026-04-20,649.0
6694,2026-04-27,636.0
6694,2026-05-04,637.0
6694,2026-05-11,647.0
6694,2026-05-18,652.0
6694,2026-05-25,640.0
6694,2026-06-01,642.0
6694,2026-06-08,641.0
6694,2026-06-15,636.0
6694,2026-06-22,634.0
6694,2026-06-29,633.0
6694,2026-07-06,638.0
6694,2026-07-13,640.0
6694,2026-07-20,637.0
6694,2026-07-27,639.0
6694,2026-08-03,645.0
6694,2026-08-10,759.0
6694,2026-08-17,725.0
6694,2026-08-24,711.0
6694,2026-08-31,750.0
6694,2026-09-07,833.0
6694,2026-09-14,875.0
6904,2025-09-22,465.61
6904,2025-09-29,454.78
6904,2025-10-06,455.77
6904,2025-10-13,455.77
6904,2025-10-20,463.64
6904,2025-10-27,459.7
6904,2025-11-03,468.56
6904,2025-11-10,460.69
6904,2025-11-17,457.73
6904,2025-11-24,455.77
6904,2025-12-01,454.78
6904,2025-12-08,449.86
6904,2025-12-15,448.88
6904,2025-12-22,451.83
6904,2025-12-29,454.78
6904,2026-01-05,469.55
6904,2026-01-12,480.38
6904,2026-01-19,484.31
6904,2026-01-26,479.39
6904,2026-02-02,477.42
6904,2026-02-09,471.52
6904,2026-02-16,486.28
6904,2026-02-23,491.2
6904,2026-03-02,474.47
6904,2026-03-09,478.41
6904,2026-03-16,487.27
6904,2026-03-23,472.5
6904,2026-03-30,467.0
6904,2026-04-06,464.0
6904,2026-04-13,461.0
6904,2026-04-20,464.0
6904,2026-04-27,463.0
6904,2026-05-04,463.0
6904,2026-05-11,454.0
6904,2026-05-18,452.0
6904,2026-05-25,449.0
6904,2026-06-01,441.0
6904,2026-06-08,445.0
6904,2026-06-15,443.0
6904,2026-06-22,442.0
6904,2026-06-29,446.0
6904,2026-07-06,449.0
6904,2026-07-13,449.0
6904,2026-07-20,448.0
6904,2026-07-27,450.0
6904,2026-08-03,449.0
6904,2026-08-10,540.0
6904,2026-08-17,572.0
6904,2026-08-24,560.0
6904,2026-08-31,631.0
6904,2026-09-07,612.0
6904,2026-09-14,667.0
7119,2025-09-22,1437.95
7119,2025-09-29,1306.5
7119,2025-10-06,1329.24
7119,2025-10-13,1327.26
7119,2025-10-20,1345.05
7119,2025-10-27,1322.32
7119,2025-11-03,1327.26
7119,2025-11-10,1342.08
7119,2025-11-17,1233.37
7119,2025-11-24,1301.56
7119,2025-12-01,1284.76
7119,2025-12-08,1287.73
7119,2025-12-15,1253.14
7119,2025-12-22,1263.02
7119,2025-12-29,1273.89
7119,2026-01-05,1314.41
7119,2026-01-12,1316.39
7119,2026-01-19,1324.29
7119,2026-01-26,1328.25
7119,2026-02-02,1327.26
7119,2026-02-09,1340.11
7119,2026-02-16,1327.26
7119,2026-02-23,1345.05
7119,2026-03-02,1384.58
7119,2026-03-09,1529.86
7119,2026-03-16,1607.93
7119,2026-03-23,1602.0
7119,2026-03-30,1590.0
7119,2026-04-06,1657.0
7119,2026-04-13,1554.0
7119,2026-04-20,1522.0
7119,2026-04-27,1517.0
7119,2026-05-04,1549.0
7119,2026-05-11,1501.0
7119,2026-05-18,1560.0
7119,2026-05-25,1581.0
7119,2026-06-01,1615.0
7119,2026-06-08,1593.0
7119,2026-06-15,1640.0
7119,2026-06-22,1625.0
7119,2026-06-29,1680.0
7119,2026-07-06,1683.0
7119,2026-07-13,1669.0
7119,2026-07-20,1674.0
7119,2026-07-27,1686.0
7119,2026-08-03,1711.0
7119,2026-08-10,1716.0
7119,2026-08-17,1724.0
7119,2026-08-24,1736.0
7119,2026-08-31,1870.0
7119,2026-09-07,2095.0
7119,2026-09-14,2232.0
7161,2025-09-22,446.41
7161,2025-09-29,423.64
7161,2025-10-06,400.88
7161,2025-10-13,391.97
7161,2025-10-20,398.9
7161,2025-10-27,396.92
7161,2025-11-03,398.9
7161,2025-11-10,388.01
7161,2025-11-17,366.23
7161,2025-11-24,388.01
7161,2025-12-01,389.0
7161,2025-12-08,380.09
7161,2025-12-15,386.03
7161,2025-12-22,401.87
7161,2025-12-29,400.88
7161,2026-01-05,429.58
7161,2026-01-12,465.21
7161,2026-01-19,474.12
7161,2026-01-26,452.35
7161,2026-02-02,526.58
7161,2026-02-09,584.98
7161,2026-02-16,600.82
7161,2026-02-23,590.92
7161,2026-03-02,519.65
7161,2026-03-09,495.9
7161,2026-03-16,484.02
7161,2026-03-23,486.0
7161,2026-03-30,484.0
7161,2026-04-06,499.0
7161,2026-04-13,493.0
7161,2026-04-20,457.0
7161,2026-04-27,467.0
7161,2026-05-04,476.0
7161,2026-05-11,506.0
7161,2026-05-18,548.0
7161,2026-05-25,527.0
7161,2026-06-01,511.0
7161,2026-06-08,500.0
7161,2026-06-15,497.0
7161,2026-06-22,494.0
7161,2026-06-29,508.0
7161,2026-07-06,497.0
7161,2026-07-13,491.0
7161,2026-07-20,531.0
7161,2026-07-27,504.0
7161,2026-08-03,520.0
7161,2026-08-10,564.0
7161,2026-08-17,558.0
7161,2026-08-24,588.0
7161,2026-08-31,622.0
7161,2026-09-07,604.0
7161,2026-09-14,634.0
7175,2025-09-22,1100.38
7175,2025-09-29,1097.49
7175,2025-10-06,1088.84
7175,2025-10-13,1079.22
7175,2025-10-20,1106.15
7175,2025-10-27,1091.72
7175,2025-11-03,1078.26
7175,2025-11-10,1103.27
7175,2025-11-17,1085.95
7175,2025-11-24,1098.46
7175,2025-12-01,1097.49
7175,2025-12-08,1161.94
7175,2025-12-15,1154.24
7175,2025-12-22,1195.6
7175,2025-12-29,1180.22
7175,2026-01-05,1240.81
7175,2026-01-12,1256.2
7175,2026-01-19,1245.62
7175,2026-01-26,1250.43
7175,2026-02-02,1255.24
7175,2026-02-09,1322.57
7175,2026-02-16,1328.34
7175,2026-02-23,1348.54
7175,2026-03-02,1294.68
7175,2026-03-09,1280.25
7175,2026-03-16,1275.44
7175,2026-03-23,1337.0
7175,2026-03-30,1301.0
7175,2026-04-06,1315.0
7175,2026-04-13,1349.0
7175,2026-04-20,1405.0
7175,2026-04-27,1350.0
7175,2026-05-04,1338.0
7175,2026-05-11,1344.0
7175,2026-05-18,1340.0
7175,2026-05-25,1362.0
7175,2026-06-01,1341.0
7175,2026-06-08,1320.0
7175,2026-06-15,1333.0
7175,2026-06-22,1365.0
7175,2026-06-29,1404.0
7175,2026-07-06,1430.0
7175,2026-07-13,1495.0
7175,2026-07-20,1720.0
7175,2026-07-27,1708.0
7175,2026-08-03,1700.0
7175,2026-08-10,1717.0
7175,2026-08-17,1859.0
7175,2026-08-24,2001.0
7175,2026-08-31,2000.0
7175,2026-09-07,1958.0
7175,2026-09-14,2022.0
7381,2025-09-22,651.96
7381,2025-09-29,649.0
7381,2025-10-06,633.19
7381,2025-10-13,628.25
7381,2025-10-20,651.96
7381,2025-10-27,650.97
7381,2025-11-03,638.13
7381,2025-11-10,641.09
7381,2025-11-17,641.09
7381,2025-11-24,693.45
7381,2025-12-01,700.36
7381,2025-12-08,705.3
7381,2025-12-15,706.29
7381,2025-12-22,785.31
7381,2025-12-29,798.16
7381,2026-01-05,889.04
7381,2026-01-12,969.05
7381,2026-01-19,964.11
7381,2026-01-26,913.73
7381,2026-02-02,930.52
7381,2026-02-09,968.06
7381,2026-02-16,1000.66
7381,2026-02-23,1041.16
7381,2026-03-02,1008.56
7381,2026-03-09,952.26
7381,2026-03-16,952.26
7381,2026-03-23,973.0
7381,2026-03-30,985.0
7381,2026-04-06,1024.0
7381,2026-04-13,1015.0
7381,2026-04-20,924.0
7381,2026-04-27,963.0
7381,2026-05-04,1014.0
7381,2026-05-11,1044.0
7381,2026-05-18,1056.0
7381,2026-05-25,1037.0
7381,2026-06-01,1034.0
7381,2026-06-08,989.0
7381,2026-06-15,961.0
7381,2026-06-22,978.0
7381,2026-06-29,1043.0
7381,2026-07-06,1034.0
7381,2026-07-13,1072.0
7381,2026-07-20,1156.0
7381,2026-07-27,1107.0
7381,2026-08-03,1214.0
7381,2026-08-10,1268.0
7381,2026-08-17,1227.0
7381,2026-08-24,1273.0
7381,2026-08-31,1290.0
7381,2026-09-07,1278.0
7381,2026-09-14,1301.0
7384,2025-09-22,1713.27
7384,2025-09-29,1672.6
7384,2025-10-06,1651.76
7384,2025-10-13,1655.73
7384,2025-10-20,1682.52
7384,2025-10-27,1718.23
7384,2025-11-03,1710.3
7384,2025-11-10,1748.99
7384,2025-11-17,1666.65
7384,2025-11-24,1740.06
7384,2025-12-01,1723.19
7384,2025-12-08,1778.75
7384,2025-12-15,1809.5
7384,2025-12-22,2063.47
7384,2025-12-29,2161.68
7384,2026-01-05,2321.4
7384,2026-01-12,2395.8
7384,2026-01-19,2751.95
7384,2026-01-26,2654.73
7384,2026-02-02,2886.87
7384,2026-02-09,2793.62
7384,2026-02-16,2837.27
7384,2026-02-23,2957.3
7384,2026-03-02,3010.87
7384,2026-03-09,3035.68
7384,2026-03-16,3045.6
7384,2026-03-23,3120.0
7384,2026-03-30,3160.0
7384,2026-04-06,3250.0
7384,2026-04-13,3790.0
7384,2026-04-20,3435.0
7384,2026-04-27,3525.0
7384,2026-05-04,3580.0
7384,2026-05-11,3445.0
7384,2026-05-18,3820.0
7384,2026-05-25,3915.0
7384,2026-06-01,3960.0
7384,2026-06-08,3550.0
7384,2026-06-15,3445.0
7384,2026-06-22,3555.0
7384,2026-06-29,4055.0
7384,2026-07-06,4065.0
7384,2026-07-13,3860.0
7384,2026-07-20,4330.0
7384,2026-07-27,4000.0
7384,2026-08-03,4315.0
7384,2026-08-10,4625.0
7384,2026-08-17,4480.0
7384,2026-08-24,4650.0
7384,2026-08-31,4820.0
7384,2026-09-07,5110.0
7384,2026-09-14,5270.0
7438,2025-09-22,1663.58
7438,2025-09-29,1656.7
7438,2025-10-06,1661.61
7438,2025-10-13,1644.9
7438,2025-10-20,1673.41
7438,2025-10-27,1651.78
7438,2025-11-03,1622.29
7438,2025-11-10,1537.73
7438,2025-11-17,1487.59
7438,2025-11-24,1506.27
7438,2025-12-01,1459.07
7438,2025-12-08,1483.66
7438,2025-12-15,1498.4
7438,2025-12-22,1546.58
7438,2025-12-29,1548.55
7438,2026-01-05,1539.7
7438,2026-01-12,1528.88
7438,2026-01-19,1496.44
7438,2026-01-26,1465.96
7438,2026-02-02,1486.6
7438,2026-02-09,1483.66
7438,2026-02-16,1485.62
7438,2026-02-23,1522.98
7438,2026-03-02,1463.99
7438,2026-03-09,1430.56
7438,2026-03-16,1450.23
7438,2026-03-23,1522.0
7438,2026-03-30,1515.0
7438,2026-04-06,1534.0
7438,2026-04-13,1509.0
7438,2026-04-20,1458.0
7438,2026-04-27,1458.0
7438,2026-05-04,1453.0
7438,2026-05-11,1497.0
7438,2026-05-18,1438.0
7438,2026-05-25,1437.0
7438,2026-06-01,1428.0
7438,2026-06-08,1459.0
7438,2026-06-15,1507.0
7438,2026-06-22,1505.0
7438,2026-06-29,1539.0
7438,2026-07-06,1551.0
7438,2026-07-13,1522.0
7438,2026-07-20,1557.0
7438,2026-07-27,1534.0
7438,2026-08-03,1550.0
7438,2026-08-10,1606.0
7438,2026-08-17,1608.0
7438,2026-08-24,1686.0
7438,2026-08-31,1688.0
7438,2026-09-07,1721.0
7438,2026-09-14,1756.0
7516,2025-09-22,4086.85
7516,2025-09-29,3892.93
7516,2025-10-06,3742.64
7516,2025-10-13,3737.8
7516,2025-10-20,3795.97
7516,2025-10-27,3621.44
7516,2025-11-03,3655.38
7516,2025-11-10,3665.08
7516,2025-11-17,3776.58
7516,2025-11-24,3854.15
7516,2025-12-01,3747.49
7516,2025-12-08,3820.21
7516,2025-12-15,3892.93
7516,2025-12-22,3902.63
7516,2025-12-29,3892.93
7516,2026-01-05,3878.39
7516,2026-01-12,3786.28
7516,2026-01-19,3791.12
7516,2026-01-26,3771.73
7516,2026-02-02,3859.0
7516,2026-02-09,3955.96
7516,2026-02-16,4062.61
7516,2026-02-23,4257.95
7516,2026-03-02,4120.12
7516,2026-03-09,4125.04
7516,2026-03-16,4031.51
7516,2026-03-23,4031.51
7516,2026-03-30,4243.18
7516,2026-04-06,4326.86
7516,2026-04-13,4257.95
7516,2026-04-20,3987.21
7516,2026-04-27,3923.22
7516,2026-05-04,3933.06
7516,2026-05-11,4026.59
7516,2026-05-18,4100.43
7516,2026-05-25,4006.9
7516,2026-06-01,3992.13
7516,2026-06-08,4120.12
7516,2026-06-15,3982.29
7516,2026-06-22,3982.29
7516,2026-06-29,3962.6
7516,2026-07-06,4021.67
7516,2026-07-13,4110.27
7516,2026-07-20,4090.58
7516,2026-07-27,4129.96
7516,2026-08-03,4189.03
7516,2026-08-10,4223.49
7516,2026-08-17,4420.39
7516,2026-08-24,4420.0
7516,2026-08-31,4495.0
7516,2026-09-07,4480.0
7516,2026-09-14,4575.0
7624,2025-09-22,137.08
7624,2025-09-29,134.17
7624,2025-10-06,134.17
7624,2025-10-13,133.19
7624,2025-10-20,136.11
7624,2025-10-27,133.19
7624,2025-11-03,135.14
7624,2025-11-10,136.11
7624,2025-11-17,133.19
7624,2025-11-24,136.11
7624,2025-12-01,135.14
7624,2025-12-08,135.14
7624,2025-12-15,137.08
7624,2025-12-22,131.25
7624,2025-12-29,129.31
7624,2026-01-05,138.06
7624,2026-01-12,138.06
7624,2026-01-19,140.0
7624,2026-01-26,135.14
7624,2026-02-02,137.08
7624,2026-02-09,140.0
7624,2026-02-16,140.0
7624,2026-02-23,144.0
7624,2026-03-02,139.0
7624,2026-03-09,136.0
7624,2026-03-16,136.0
7624,2026-03-23,134.0
7624,2026-03-30,133.0
7624,2026-04-06,133.0
7624,2026-04-13,133.0
7624,2026-04-20,133.0
7624,2026-04-27,134.0
7624,2026-05-04,134.0
7624,2026-05-11,134.0
7624,2026-05-18,133.0
7624,2026-05-25,135.0
7624,2026-06-01,134.0
7624,2026-06-08,132.0
7624,2026-06-15,136.0
7624,2026-06-22,138.0
7624,2026-06-29,142.0
7624,2026-07-06,141.0
7624,2026-07-13,140.0
7624,2026-07-20,139.0
7624,2026-07-27,139.0
7624,2026-08-03,140.0
7624,2026-08-10,145.0
7624,2026-08-17,152.0
7624,2026-08-24,153.0
7624,2026-08-31,156.0
7624,2026-09-07,154.0
7624,2026-09-14,158.0
7743,2025-09-22,532.9
7743,2025-09-29,517.28
7743,2025-10-06,521.18
7743,2025-10-13,522.16
7743,2025-10-20,543.63
7743,2025-10-27,554.37
7743,2025-11-03,568.03
7743,2025-11-10,555.34
7743,2025-11-17,571.94
7743,2025-11-24,573.89
7743,2025-12-01,558.27
7743,2025-12-08,556.32
7743,2025-12-15,551.44
7743,2025-12-22,549.49
7743,2025-12-29,561.2
7743,2026-01-05,569.01
7743,2026-01-12,602.19
7743,2026-01-19,575.84
7743,2026-01-26,564.13
7743,2026-02-02,577.79
7743,2026-02-09,511.42
7743,2026-02-16,519.23
7743,2026-02-23,553.39
7743,2026-03-02,525.09
7743,2026-03-09,611.95
7743,2026-03-16,557.3
7743,2026-03-23,610.0
7743,2026-03-30,611.0
7743,2026-04-06,603.0
7743,2026-04-13,581.0
7743,2026-04-20,534.0
7743,2026-04-27,537.0
7743,2026-05-04,545.0
7743,2026-05-11,505.0
7743,2026-05-18,517.0
7743,2026-05-25,500.0
7743,2026-06-01,488.0
7743,2026-06-08,485.0
7743,2026-06-15,488.0
7743,2026-06-22,502.0
7743,2026-06-29,512.0
7743,2026-07-06,514.0
7743,2026-07-13,509.0
7743,2026-07-20,515.0
7743,2026-07-27,535.0
7743,2026-08-03,522.0
7743,2026-08-10,533.0
7743,2026-08-17,534.0
7743,2026-08-24,735.0
7743,2026-08-31,792.0
7743,2026-09-07,792.0
7743,2026-09-14,792.0
7803,2025-09-22,324.36
7803,2025-09-29,314.95
7803,2025-10-06,305.05
7803,2025-10-13,291.18
7803,2025-10-20,294.16
7803,2025-10-27,285.24
7803,2025-11-03,284.25
7803,2025-11-10,285.24
7803,2025-11-17,331.79
7803,2025-11-24,332.78
7803,2025-12-01,293.16
7803,2025-12-08,297.13
7803,2025-12-15,301.09
7803,2025-12-22,297.13
7803,2025-12-29,293.16
7803,2026-01-05,305.05
7803,2026-01-12,303.07
7803,2026-01-19,298.12
7803,2026-01-26,279.3
7803,2026-02-02,268.4
7803,2026-02-09,272.37
7803,2026-02-16,263.45
7803,2026-02-23,282.27
7803,2026-03-02,286.23
7803,2026-03-09,270.39
7803,2026-03-16,259.49
7803,2026-03-23,254.54
7803,2026-03-30,257.51
7803,2026-04-06,256.52
7803,2026-04-13,259.49
7803,2026-04-20,249.59
7803,2026-04-27,249.59
7803,2026-05-04,258.5
7803,2026-05-11,250.58
7803,2026-05-18,247.61
7803,2026-05-25,253.55
7803,2026-06-01,259.49
7803,2026-06-08,284.25
7803,2026-06-15,259.49
7803,2026-06-22,258.5
7803,2026-06-29,308.0
7803,2026-07-06,350.0
7803,2026-07-13,415.0
7803,2026-07-20,367.0
7803,2026-07-27,377.0
7803,2026-08-03,383.0
7803,2026-08-10,394.0
7803,2026-08-17,401.0
7803,2026-08-24,438.0
7803,2026-08-31,451.0
7803,2026-09-07,444.0
7803,2026-09-14,486.0
7811,2025-09-22,1866.7
7811,2025-09-29,1838.83
7811,2025-10-06,1680.22
7811,2025-10-13,1703.29
7811,2025-10-20,1739.82
7811,2025-10-27,1743.67
7811,2025-11-03,1734.05
7811,2025-11-10,1736.94
7811,2025-11-17,1712.91
7811,2025-11-24,1739.82
7811,2025-12-01,1727.32
7811,2025-12-08,1757.12
7811,2025-12-15,1812.87
7811,2025-12-22,1822.49
7811,2025-12-29,1859.01
7811,2026-01-05,1915.73
7811,2026-01-12,1923.41
7811,2026-01-19,1934.95
7811,2026-01-26,1907.07
7811,2026-02-02,1933.99
7811,2026-02-09,1980.13
7811,2026-02-16,1943.6
7811,2026-02-23,1958.27
7811,2026-03-02,1897.56
7811,2026-03-09,1862.31
7811,2026-03-16,1801.61
7811,2026-03-23,1814.34
7811,2026-03-30,1735.03
7811,2026-04-06,1830.98
7811,2026-04-13,1888.75
7811,2026-04-20,1890.71
7811,2026-04-27,1845.67
7811,2026-05-04,1873.08
7811,2026-05-11,1881.9
7811,2026-05-18,1876.02
7811,2026-05-25,1874.06
7811,2026-06-01,1838.82
7811,2026-06-08,1827.07
7811,2026-06-15,1852.52
7811,2026-06-22,1866.23
7811,2026-06-29,1921.06
7811,2026-07-06,1900.5
7811,2026-07-13,1874.06
7811,2026-07-20,1869.17
7811,2026-07-27,1856.44
7811,2026-08-03,1864.27
7811,2026-08-10,1904.42
7811,2026-08-17,1912.25
7811,2026-08-24,1957.0
7811,2026-08-31,1987.0
7811,2026-09-07,1937.0
7811,2026-09-14,2250.0
8037,2025-09-22,2922.09
8037,2025-09-29,2823.06
8037,2025-10-06,2775.99
8037,2025-10-13,2805.41
8037,2025-10-20,2966.22
8037,2025-10-27,2861.3
8037,2025-11-03,2927.0
8037,2025-11-10,2786.77
8037,2025-11-17,2756.38
8037,2025-11-24,2851.49
8037,2025-12-01,2786.77
8037,2025-12-08,2836.78
8037,2025-12-15,2951.51
8037,2025-12-22,2934.84
8037,2025-12-29,2961.32
8037,2026-01-05,3128.01
8037,2026-01-12,3240.78
8037,2026-01-19,3186.85
8037,2026-01-26,3020.15
8037,2026-02-02,3162.33
8037,2026-02-09,3196.65
8037,2026-02-16,3211.36
8037,2026-02-23,3329.03
8037,2026-03-02,3103.5
8037,2026-03-09,3010.34
8037,2026-03-16,3083.89
8037,2026-03-23,3280.0
8037,2026-03-30,3450.0
8037,2026-04-06,3425.0
8037,2026-04-13,3295.0
8037,2026-04-20,3185.0
8037,2026-04-27,3220.0
8037,2026-05-04,3345.0
8037,2026-05-11,3335.0
8037,2026-05-18,3565.0
8037,2026-05-25,3605.0
8037,2026-06-01,3440.0
8037,2026-06-08,3430.0
8037,2026-06-15,3490.0
8037,2026-06-22,3455.0
8037,2026-06-29,3545.0
8037,2026-07-06,3640.0
8037,2026-07-13,3630.0
8037,2026-07-20,3720.0
8037,2026-07-27,3895.0
8037,2026-08-03,4150.0
8037,2026-08-10,4335.0
8037,2026-08-17,4355.0
8037,2026-08-24,4585.0
8037,2026-08-31,4525.0
8037,2026-09-07,4605.0
8037,2026-09-14,4915.0
8051,2025-09-22,1361.67
8051,2025-09-29,1336.29
8051,2025-10-06,1368.5
8051,2025-10-13,1394.86
8051,2025-10-20,1411.45
8051,2025-10-27,1394.86
8051,2025-11-03,1402.67
8051,2025-11-10,1421.21
8051,2025-11-17,1443.66
8051,2025-11-24,1476.85
8051,2025-12-01,1417.31
8051,2025-12-08,1443.66
8051,2025-12-15,1432.92
8051,2025-12-22,1446.59
8051,2025-12-29,1449.52
8051,2026-01-05,1460.26
8051,2026-01-12,1472.95
8051,2026-01-19,1444.64
8051,2026-01-26,1390.95
8051,2026-02-02,1420.24
8051,2026-02-09,1471.97
8051,2026-02-16,1471.97
8051,2026-02-23,1499.3
8051,2026-03-02,1432.92
8051,2026-03-09,1410.47
8051,2026-03-16,1383.14
8051,2026-03-23,1389.0
8051,2026-03-30,1557.0
8051,2026-04-06,1637.0
8051,2026-04-13,1545.0
8051,2026-04-20,1520.0
8051,2026-04-27,1534.0
8051,2026-05-04,1568.0
8051,2026-05-11,1735.0
8051,2026-05-18,1724.0
8051,2026-05-25,1737.0
8051,2026-06-01,1677.0
8051,2026-06-08,1772.0
8051,2026-06-15,1784.0
8051,2026-06-22,1674.0
8051,2026-06-29,1739.0
8051,2026-07-06,1723.0
8051,2026-07-13,1728.0
8051,2026-07-20,1745.0
8051,2026-07-27,1776.0
8051,2026-08-03,1812.0
8051,2026-08-10,1965.0
8051,2026-08-17,1898.0
8051,2026-08-24,1963.0
8051,2026-08-31,1942.0
8051,2026-09-07,1939.0
8051,2026-09-14,2005.0
8131,2025-09-22,2263.11
8131,2025-09-29,2140.57
8131,2025-10-06,2136.68
8131,2025-10-13,2147.38
8131,2025-10-20,2241.72
8131,2025-10-27,2050.13
8131,2025-11-03,2111.4
8131,2025-11-10,2178.5
8131,2025-11-17,2114.31
8131,2025-11-24,2249.5
8131,2025-12-01,2042.35
8131,2025-12-08,2060.82
8131,2025-12-15,2067.63
8131,2025-12-22,2119.18
8131,2025-12-29,2141.55
8131,2026-01-05,2138.63
8131,2026-01-12,2164.89
8131,2026-01-19,2174.61
8131,2026-01-26,2111.4
8131,2026-02-02,2169.75
8131,2026-02-09,2203.79
8131,2026-02-16,2231.99
8131,2026-02-23,2282.56
8131,2026-03-02,2109.45
8131,2026-03-09,2154.19
8131,2026-03-16,2204.76
8131,2026-03-23,2338.0
8131,2026-03-30,2479.0
8131,2026-04-06,2263.0
8131,2026-04-13,2172.0
8131,2026-04-20,2030.0
8131,2026-04-27,2012.0
8131,2026-05-04,1992.0
8131,2026-05-11,1870.0
8131,2026-05-18,1807.0
8131,2026-05-25,1760.0
8131,2026-06-01,1803.0
8131,2026-06-08,1846.0
8131,2026-06-15,1843.0
8131,2026-06-22,1936.0
8131,2026-06-29,2018.0
8131,2026-07-06,2139.0
8131,2026-07-13,2092.0
8131,2026-07-20,2064.0
8131,2026-07-27,2116.0
8131,2026-08-03,2106.0
8131,2026-08-10,2067.0
8131,2026-08-17,2188.0
8131,2026-08-24,2264.0
8131,2026-08-31,2420.0
8131,2026-09-07,2507.0
8131,2026-09-14,2645.0
8133,2025-09-22,1985.81
8133,2025-09-29,1930.78
8133,2025-10-06,1860.04
8133,2025-10-13,1862.0
8133,2025-10-20,1892.46
8133,2025-10-27,1789.29
8133,2025-11-03,1786.34
8133,2025-11-10,1815.82
8133,2025-11-17,1828.59
8133,2025-11-24,1862.98
8133,2025-12-01,1739.18
8133,2025-12-08,1802.06
8133,2025-12-15,1858.07
8133,2025-12-22,1867.9
8133,2025-12-29,1864.95
8133,2026-01-05,1922.92
8133,2026-01-12,1989.74
8133,2026-01-19,2008.41
8133,2026-01-26,1878.71
8133,2026-02-02,1888.53
8133,2026-02-09,1913.1
8133,2026-02-16,1928.82
8133,2026-02-23,2048.69
8133,2026-03-02,1970.09
8133,2026-03-09,1933.73
8133,2026-03-16,1929.8
8133,2026-03-23,1975.0
8133,2026-03-30,2039.0
8133,2026-04-06,2004.0
8133,2026-04-13,1983.0
8133,2026-04-20,1887.0
8133,2026-04-27,1957.0
8133,2026-05-04,2021.0
8133,2026-05-11,2049.0
8133,2026-05-18,1979.0
8133,2026-05-25,1952.0
8133,2026-06-01,1950.0
8133,2026-06-08,2000.0
8133,2026-06-15,1982.0
8133,2026-06-22,2017.0
8133,2026-06-29,2022.0
8133,2026-07-06,2039.0
8133,2026-07-13,2053.0
8133,2026-07-20,2070.0
8133,2026-07-27,2170.0
8133,2026-08-03,2111.0
8133,2026-08-10,2145.0
8133,2026-08-17,2230.0
8133,2026-08-24,2243.0
8133,2026-08-31,2338.0
8133,2026-09-07,2274.0
8133,2026-09-14,2355.0
8137,2025-09-22,2613.33
8137,2025-09-29,2573.11
8137,2025-10-06,2560.36
8137,2025-10-13,2588.81
8137,2025-10-20,2681.02
8137,2025-10-27,2630.01
8137,2025-11-03,2747.73
8137,2025-11-10,2748.71
8137,2025-11-17,2807.57
8137,2025-11-24,2873.3
8137,2025-12-01,2835.04
8137,2025-12-08,2828.17
8137,2025-12-15,2817.38
8137,2025-12-22,2864.47
8137,2025-12-29,2911.55
8137,2026-01-05,2942.94
8137,2026-01-12,3060.66
8137,2026-01-19,3021.42
8137,2026-01-26,2942.94
8137,2026-02-02,3119.52
8137,2026-02-09,3188.19
8137,2026-02-16,3247.05
8137,2026-02-23,3413.82
8137,2026-03-02,3232.33
8137,2026-03-09,3109.71
8137,2026-03-16,3099.9
8137,2026-03-23,3198.0
8137,2026-03-30,3135.0
8137,2026-04-06,3110.0
8137,2026-04-13,3210.0
8137,2026-04-20,3215.0
8137,2026-04-27,3185.0
8137,2026-05-04,3255.0
8137,2026-05-11,3680.0
8137,2026-05-18,3740.0
8137,2026-05-25,3850.0
8137,2026-06-01,3870.0
8137,2026-06-08,3645.0
8137,2026-06-15,3795.0
8137,2026-06-22,3605.0
8137,2026-06-29,3865.0
8137,2026-07-06,3870.0
8137,2026-07-13,3655.0
8137,2026-07-20,3840.0
8137,2026-07-27,3605.0
8137,2026-08-03,3970.0
8137,2026-08-10,4180.0
8137,2026-08-17,3960.0
8137,2026-08-24,4210.0
8137,2026-08-31,4220.0
8137,2026-09-07,4375.0
8137,2026-09-14,4530.0
8336,2025-09-22,1317.81
8336,2025-09-29,1316.17
8336,2025-10-06,1299.74
8336,2025-10-13,1296.45
8336,2025-10-20,1317.81
8336,2025-10-27,1363.82
8336,2025-11-03,1404.9
8336,2025-11-10,1449.26
8336,2025-11-17,1459.12
8336,2025-11-24,1534.71
8336,2025-12-01,1534.71
8336,2025-12-08,1524.85
8336,2025-12-15,1569.21
8336,2025-12-22,1575.79
8336,2025-12-29,1597.15
8336,2026-01-05,1685.88
8336,2026-01-12,1814.04
8336,2026-01-19,1846.91
8336,2026-01-26,1807.47
8336,2026-02-02,1968.5
8336,2026-02-09,2014.51
8336,2026-02-16,2083.52
8336,2026-02-23,2142.68
8336,2026-03-02,2014.51
8336,2026-03-09,1945.5
8336,2026-03-16,2060.52
8336,2026-03-23,2096.67
8336,2026-03-30,2194.0
8336,2026-04-06,2408.0
8336,2026-04-13,2381.0
8336,2026-04-20,2333.0
8336,2026-04-27,2388.0
8336,2026-05-04,2390.0
8336,2026-05-11,2438.0
8336,2026-05-18,2497.0
8336,2026-05-25,2423.0
8336,2026-06-01,2431.0
8336,2026-06-08,2513.0
8336,2026-06-15,2432.0
8336,2026-06-22,2519.0
8336,2026-06-29,2584.0
8336,2026-07-06,2621.0
8336,2026-07-13,2523.0
8336,2026-07-20,2741.0
8336,2026-07-27,2577.0
8336,2026-08-03,2654.0
8336,2026-08-10,2775.0
8336,2026-08-17,2691.0
8336,2026-08-24,2795.0
8336,2026-08-31,2834.0
8336,2026-09-07,2799.0
8336,2026-09-14,2846.0
8343,2025-09-22,3451.65
8343,2025-09-29,3427.14
8343,2025-10-06,3378.11
8343,2025-10-13,3387.91
8343,2025-10-20,3505.58
8343,2025-10-27,3584.03
8343,2025-11-03,3637.96
8343,2025-11-10,3672.28
8343,2025-11-17,3672.28
8343,2025-11-24,3799.76
8343,2025-12-01,3868.4
8343,2025-12-08,3843.88
8343,2025-12-15,3888.01
8343,2025-12-22,3897.82
8343,2025-12-29,3946.84
8343,2026-01-05,4226.31
8343,2026-01-12,4549.9
8343,2026-01-19,4633.25
8343,2026-01-26,4971.55
8343,2026-02-02,5314.76
8343,2026-02-09,5383.4
8343,2026-02-16,5442.23
8343,2026-02-23,5501.07
8343,2026-03-02,5099.03
8343,2026-03-09,4902.91
8343,2026-03-16,4902.91
8343,2026-03-23,5050.0
8343,2026-03-30,5100.0
8343,2026-04-06,5490.0
8343,2026-04-13,5820.0
8343,2026-04-20,5220.0
8343,2026-04-27,5390.0
8343,2026-05-04,5480.0
8343,2026-05-11,5790.0
8343,2026-05-18,6140.0
8343,2026-05-25,5990.0
8343,2026-06-01,5920.0
8343,2026-06-08,6350.0
8343,2026-06-15,6170.0
8343,2026-06-22,6800.0
8343,2026-06-29,7060.0
8343,2026-07-06,7140.0
8343,2026-07-13,6830.0
8343,2026-07-20,7670.0
8343,2026-07-27,7260.0
8343,2026-08-03,8030.0
8343,2026-08-10,8550.0
8343,2026-08-17,8430.0
8343,2026-08-24,9060.0
8343,2026-08-31,9030.0
8343,2026-09-07,9440.0
8343,2026-09-14,9460.0
8344,2025-09-22,1633.54
8344,2025-09-29,1612.03
8344,2025-10-06,1564.13
8344,2025-10-13,1547.51
8344,2025-10-20,1583.68
8344,2025-10-27,1641.36
8344,2025-11-03,1662.87
8344,2025-11-10,1711.75
8344,2025-11-17,1717.61
8344,2025-11-24,1824.17
8344,2025-12-01,1783.11
8344,2025-12-08,1784.09
8344,2025-12-15,1841.76
8344,2025-12-22,1859.36
8344,2025-12-29,1890.64
8344,2026-01-05,2013.82
8344,2026-01-12,2104.73
8344,2026-01-19,2142.86
8344,2026-01-26,2158.5
8344,2026-02-02,2356.95
8344,2026-02-09,2595.48
8344,2026-02-16,2627.74
8344,2026-02-23,2668.8
8344,2026-03-02,2492.83
8344,2026-03-09,2349.13
8344,2026-03-16,2332.51
8344,2026-03-23,2442.0
8344,2026-03-30,2510.0
8344,2026-04-06,2678.0
8344,2026-04-13,2786.0
8344,2026-04-20,2415.0
8344,2026-04-27,2503.0
8344,2026-05-04,2515.0
8344,2026-05-11,2655.0
8344,2026-05-18,3055.0
8344,2026-05-25,3095.0
8344,2026-06-01,3075.0
8344,2026-06-08,3495.0
8344,2026-06-15,3370.0
8344,2026-06-22,3365.0
8344,2026-06-29,3965.0
8344,2026-07-06,3690.0
8344,2026-07-13,3615.0
8344,2026-07-20,4000.0
8344,2026-07-27,3740.0
8344,2026-08-03,4230.0
8344,2026-08-10,4575.0
8344,2026-08-17,4365.0
8344,2026-08-24,4730.0
8344,2026-08-31,4635.0
8344,2026-09-07,4985.0
8344,2026-09-14,5110.0
8345,2025-09-22,925.55
8345,2025-09-29,920.87
8345,2025-10-06,914.73
8345,2025-10-13,952.84
8345,2025-10-20,962.68
8345,2025-10-27,995.87
8345,2025-11-03,992.18
8345,2025-11-10,1168.0
8345,2025-11-17,1152.02
8345,2025-11-24,1215.95
8345,2025-12-01,1214.72
8345,2025-12-08,1229.47
8345,2025-12-15,1236.85
8345,2025-12-22,1258.98
8345,2025-12-29,1278.65
8345,2026-01-05,1372.09
8345,2026-01-12,1504.87
8345,2026-01-19,1544.22
8345,2026-01-26,1499.96
8345,2026-02-02,1627.82
8345,2026-02-09,1664.71
8345,2026-02-16,1686.84
8345,2026-02-23,1745.85
8345,2026-03-02,1652.41
8345,2026-03-09,1583.56
8345,2026-03-16,1583.56
8345,2026-03-23,1677.0
8345,2026-03-30,1661.0
8345,2026-04-06,1802.0
8345,2026-04-13,2030.0
8345,2026-04-20,1821.0
8345,2026-04-27,1956.0
8345,2026-05-04,1940.0
8345,2026-05-11,1877.0
8345,2026-05-18,1955.0
8345,2026-05-25,1867.0
8345,2026-06-01,1907.0
8345,2026-06-08,2067.0
8345,2026-06-15,1941.0
8345,2026-06-22,2030.0
8345,2026-06-29,2161.0
8345,2026-07-06,2083.0
8345,2026-07-13,2058.0
8345,2026-07-20,2270.0
8345,2026-07-27,2155.0
8345,2026-08-03,2358.0
8345,2026-08-10,2444.0
8345,2026-08-17,2325.0
8345,2026-08-24,2566.0
8345,2026-08-31,2539.0
8345,2026-09-07,2623.0
8345,2026-09-14,2724.0
8346,2025-09-22,442.38
8346,2025-09-29,427.6
8346,2025-10-06,426.61
8346,2025-10-13,433.51
8346,2025-10-20,446.32
8346,2025-10-27,449.27
8346,2025-11-03,450.26
8346,2025-11-10,467.99
8346,2025-11-17,468.98
8346,2025-11-24,501.49
8346,2025-12-01,509.37
8346,2025-12-08,512.33
8346,2025-12-15,529.08
8346,2025-12-22,523.17
8346,2025-12-29,533.02
8346,2026-01-05,550.76
8346,2026-01-12,603.96
8346,2026-01-19,599.03
8346,2026-01-26,592.14
8346,2026-02-02,669.97
8346,2026-02-09,724.16
8346,2026-02-16,703.47
8346,2026-02-23,716.28
8346,2026-03-02,653.22
8346,2026-03-09,622.68
8346,2026-03-16,651.25
8346,2026-03-23,668.0
8346,2026-03-30,681.0
8346,2026-04-06,701.0
8346,2026-04-13,704.0
8346,2026-04-20,650.0
8346,2026-04-27,666.0
8346,2026-05-04,693.0
8346,2026-05-11,705.0
8346,2026-05-18,773.0
8346,2026-05-25,752.0
8346,2026-06-01,750.0
8346,2026-06-08,777.0
8346,2026-06-15,751.0
8346,2026-06-22,774.0
8346,2026-06-29,818.0
8346,2026-07-06,820.0
8346,2026-07-13,813.0
8346,2026-07-20,904.0
8346,2026-07-27,860.0
8346,2026-08-03,942.0
8346,2026-08-10,1003.0
8346,2026-08-17,950.0
8346,2026-08-24,992.0
8346,2026-08-31,992.0
8346,2026-09-07,1009.0
8346,2026-09-14,1024.0
8361,2025-09-22,3378.28
8361,2025-09-29,3333.96
8361,2025-10-06,3471.85
8361,2025-10-13,3457.07
8361,2025-10-20,3629.43
8361,2025-10-27,3634.36
8361,2025-11-03,3668.83
8361,2025-11-10,3678.68
8361,2025-11-17,3742.7
8361,2025-11-24,4151.44
8361,2025-12-01,4323.8
8361,2025-12-08,4249.93
8361,2025-12-15,4560.18
8361,2025-12-22,4638.98
8361,2025-12-29,4619.28
8361,2026-01-05,5141.29
8361,2026-01-12,5594.35
8361,2026-01-19,5771.63
8361,2026-01-26,5545.1
8361,2026-02-02,6017.87
8361,2026-02-09,6205.0
8361,2026-02-16,6392.13
8361,2026-02-23,6736.86
8361,2026-03-02,6313.34
8361,2026-03-09,5929.22
8361,2026-03-16,6008.02
8361,2026-03-23,6205.0
8361,2026-03-30,6290.0
8361,2026-04-06,6910.0
8361,2026-04-13,7100.0
8361,2026-04-20,6780.0
8361,2026-04-27,7040.0
8361,2026-05-04,7090.0
8361,2026-05-11,7410.0
8361,2026-05-18,7750.0
8361,2026-05-25,7220.0
8361,2026-06-01,7280.0
8361,2026-06-08,7370.0
8361,2026-06-15,7090.0
8361,2026-06-22,7320.0
8361,2026-06-29,7850.0
8361,2026-07-06,7860.0
8361,2026-07-13,7350.0
8361,2026-07-20,8120.0
8361,2026-07-27,7210.0
8361,2026-08-03,7560.0
8361,2026-08-10,8050.0
8361,2026-08-17,7920.0
8361,2026-08-24,8210.0
8361,2026-08-31,8260.0
8361,2026-09-07,8180.0
8361,2026-09-14,8490.0
8368,2025-09-22,893.9
8368,2025-09-29,891.93
8368,2025-10-06,884.04
8368,2025-10-13,918.57
8368,2025-10-20,920.54
8368,2025-10-27,942.25
8368,2025-11-03,938.3
8368,2025-11-10,956.06
8368,2025-11-17,980.73
8368,2025-11-24,1029.08
8368,2025-12-01,1035.98
8368,2025-12-08,1077.42
8368,2025-12-15,1111.95
8368,2025-12-22,1107.02
8368,2025-12-29,1130.7
8368,2026-01-05,1194.83
8368,2026-01-12,1313.23
8368,2026-01-19,1464.19
8368,2026-01-26,1384.27
8368,2026-02-02,1498.72
8368,2026-02-09,1536.21
8368,2026-02-16,1536.21
8368,2026-02-23,1677.3
8368,2026-03-02,1553.97
8368,2026-03-09,1507.6
8368,2026-03-16,1483.92
8368,2026-03-23,1552.0
8368,2026-03-30,1596.0
8368,2026-04-06,1805.0
8368,2026-04-13,1887.0
8368,2026-04-20,1692.0
8368,2026-04-27,1811.0
8368,2026-05-04,1809.0
8368,2026-05-11,1953.0
8368,2026-05-18,1972.0
8368,2026-05-25,1906.0
8368,2026-06-01,1924.0
8368,2026-06-08,1945.0
8368,2026-06-15,1890.0
8368,2026-06-22,1960.0
8368,2026-06-29,2081.0
8368,2026-07-06,2064.0
8368,2026-07-13,1924.0
8368,2026-07-20,2080.0
8368,2026-07-27,2017.0
8368,2026-08-03,2121.0
8368,2026-08-10,2308.0
8368,2026-08-17,2256.0
8368,2026-08-24,2443.0
8368,2026-08-31,2376.0
8368,2026-09-07,2399.0
8368,2026-09-14,2465.0
8370,2025-09-22,2873.97
8370,2025-09-29,2796.51
8370,2025-10-06,2768.07
8370,2025-10-13,2778.86
8370,2025-10-20,2923.98
8370,2025-10-27,2941.63
8370,2025-11-03,3005.36
8370,2025-11-10,2921.03
8370,2025-11-17,2892.6
8370,2025-11-24,3010.26
8370,2025-12-01,3049.49
8370,2025-12-08,3083.8
8370,2025-12-15,3191.66
8370,2025-12-22,3181.86
8370,2025-12-29,3196.57
8370,2026-01-05,3333.84
8370,2026-01-12,3500.53
8370,2026-01-19,3637.81
8370,2026-01-26,3696.64
8370,2026-02-02,4005.51
8370,2026-02-09,4083.96
8370,2026-02-16,4186.91
8370,2026-02-23,4201.62
8370,2026-03-02,3995.71
8370,2026-03-09,3789.79
8370,2026-03-16,3819.21
8370,2026-03-23,3981.0
8370,2026-03-30,4020.0
8370,2026-04-06,4210.0
8370,2026-04-13,4140.0
8370,2026-04-20,3885.0
8370,2026-04-27,4155.0
8370,2026-05-04,4200.0
8370,2026-05-11,4405.0
8370,2026-05-18,4525.0
8370,2026-05-25,4240.0
8370,2026-06-01,4320.0
8370,2026-06-08,4515.0
8370,2026-06-15,4430.0
8370,2026-06-22,4460.0
8370,2026-06-29,4550.0
8370,2026-07-06,4605.0
8370,2026-07-13,4550.0
8370,2026-07-20,4945.0
8370,2026-07-27,4690.0
8370,2026-08-03,4845.0
8370,2026-08-10,5070.0
8370,2026-08-17,4885.0
8370,2026-08-24,5100.0
8370,2026-08-31,5160.0
8370,2026-09-07,5060.0
8370,2026-09-14,5230.0
8387,2025-09-22,1425.64
8387,2025-09-29,1397.03
8387,2025-10-06,1378.29
8387,2025-10-13,1376.31
8387,2025-10-20,1400.98
8387,2025-10-27,1435.51
8387,2025-11-03,1471.03
8387,2025-11-10,1495.69
8387,2025-11-17,1507.53
8387,2025-11-24,1642.7
8387,2025-12-01,1627.9
8387,2025-12-08,1635.79
8387,2025-12-15,1694.99
8387,2025-12-22,1708.8
8387,2025-12-29,1734.45
8387,2026-01-05,1866.66
8387,2026-01-12,1951.51
8387,2026-01-19,2011.69
8387,2026-01-26,2007.74
8387,2026-02-02,2284.98
8387,2026-02-09,2309.64
8387,2026-02-16,2375.75
8387,2026-02-23,2420.14
8387,2026-03-02,2272.15
8387,2026-03-09,2253.41
8387,2026-03-16,2273.14
8387,2026-03-23,2357.0
8387,2026-03-30,2361.0
8387,2026-04-06,2477.0
8387,2026-04-13,2700.0
8387,2026-04-20,2489.0
8387,2026-04-27,2548.0
8387,2026-05-04,2552.0
8387,2026-05-11,2694.0
8387,2026-05-18,2826.0
8387,2026-05-25,2749.0
8387,2026-06-01,2750.0
8387,2026-06-08,2893.0
8387,2026-06-15,2750.0
8387,2026-06-22,2942.0
8387,2026-06-29,3140.0
8387,2026-07-06,3135.0
8387,2026-07-13,3095.0
8387,2026-07-20,3465.0
8387,2026-07-27,3330.0
8387,2026-08-03,3515.0
8387,2026-08-10,3545.0
8387,2026-08-17,3370.0
8387,2026-08-24,3615.0
8387,2026-08-31,3775.0
8387,2026-09-07,4125.0
8387,2026-09-14,4265.0
8392,2025-09-22,998.41
8392,2025-09-29,1001.39
8392,2025-10-06,955.78
8392,2025-10-13,961.73
8392,2025-10-20,993.46
8392,2025-10-27,1009.32
8392,2025-11-03,1029.15
8392,2025-11-10,1064.84
8392,2025-11-17,1048.98
8392,2025-11-24,1156.06
8392,2025-12-01,1221.5
8392,2025-12-08,1219.51
8392,2025-12-15,1259.17
8392,2025-12-22,1237.36
8392,2025-12-29,1286.93
8392,2026-01-05,1384.1
8392,2026-01-12,1487.21
8392,2026-01-19,1598.26
8392,2026-01-26,1622.05
8392,2026-02-02,1867.94
8392,2026-02-09,1895.7
8392,2026-02-16,1917.51
8392,2026-02-23,1988.9
8392,2026-03-02,1963.12
8392,2026-03-09,1873.89
8392,2026-03-16,1893.72
8392,2026-03-23,1977.0
8392,2026-03-30,1873.0
8392,2026-04-06,2110.0
8392,2026-04-13,2164.0
8392,2026-04-20,1980.0
8392,2026-04-27,2103.0
8392,2026-05-04,2132.0
8392,2026-05-11,2209.0
8392,2026-05-18,2258.0
8392,2026-05-25,2254.0
8392,2026-06-01,2241.0
8392,2026-06-08,2390.0
8392,2026-06-15,2264.0
8392,2026-06-22,2336.0
8392,2026-06-29,2547.0
8392,2026-07-06,2509.0
8392,2026-07-13,2443.0
8392,2026-07-20,2790.0
8392,2026-07-27,2565.0
8392,2026-08-03,2712.0
8392,2026-08-10,2843.0
8392,2026-08-17,2763.0
8392,2026-08-24,2902.0
8392,2026-08-31,2991.0
8392,2026-09-07,3040.0
8392,2026-09-14,3075.0
8393,2025-09-22,896.65
8393,2025-09-29,886.76
8393,2025-10-06,864.03
8393,2025-10-13,872.92
8393,2025-10-20,906.54
8393,2025-10-27,917.41
8393,2025-11-03,1008.36
8393,2025-11-10,1028.13
8393,2025-11-17,1020.22
8393,2025-11-24,1126.99
8393,2025-12-01,1178.4
8393,2025-12-08,1190.26
8393,2025-12-15,1227.83
8393,2025-12-22,1235.74
8393,2025-12-29,1293.07
8393,2026-01-05,1399.84
8393,2026-01-12,1494.75
8393,2026-01-19,1583.72
8393,2026-01-26,1536.27
8393,2026-02-02,1743.87
8393,2026-02-09,1872.39
8393,2026-02-16,1874.37
8393,2026-02-23,1921.82
8393,2026-03-02,1832.84
8393,2026-03-09,1741.89
8393,2026-03-16,1779.46
8393,2026-03-23,1906.0
8393,2026-03-30,1844.0
8393,2026-04-06,2017.0
8393,2026-04-13,2117.0
8393,2026-04-20,1929.0
8393,2026-04-27,1955.0
8393,2026-05-04,1952.0
8393,2026-05-11,1996.0
8393,2026-05-18,2050.0
8393,2026-05-25,1856.0
8393,2026-06-01,1943.0
8393,2026-06-08,2130.0
8393,2026-06-15,1998.0
8393,2026-06-22,2124.0
8393,2026-06-29,2222.0
8393,2026-07-06,2194.0
8393,2026-07-13,2147.0
8393,2026-07-20,2478.0
8393,2026-07-27,2339.0
8393,2026-08-03,2389.0
8393,2026-08-10,2497.0
8393,2026-08-17,2440.0
8393,2026-08-24,2544.0
8393,2026-08-31,2651.0
8393,2026-09-07,2693.0
8393,2026-09-14,2732.0
8399,2025-09-22,1416.15
8399,2025-09-29,1408.35
8399,2025-10-06,1380.11
8399,2025-10-13,1369.39
8399,2025-10-20,1530.1
8399,2025-10-27,1465.82
8399,2025-11-03,1480.43
8399,2025-11-10,1538.86
8399,2025-11-17,1571.98
8399,2025-11-24,1758.01
8399,2025-12-01,1728.79
8399,2025-12-08,1712.23
8399,2025-12-15,1784.3
8399,2025-12-22,1785.28
8399,2025-12-29,1801.84
8399,2026-01-05,1956.7
8399,2026-01-12,2101.82
8399,2026-01-19,2216.74
8399,2026-01-26,2142.72
8399,2026-02-02,2327.78
8399,2026-02-09,2402.77
8399,2026-02-16,2397.9
8399,2026-02-23,2389.14
8399,2026-03-02,2267.39
8399,2026-03-09,2210.9
8399,2026-03-16,2216.74
8399,2026-03-23,2282.0
8399,2026-03-30,2304.0
8399,2026-04-06,2409.0
8399,2026-04-13,2513.0
8399,2026-04-20,2455.0
8399,2026-04-27,2499.0
8399,2026-05-04,2466.0
8399,2026-05-11,2577.0
8399,2026-05-18,2603.0
8399,2026-05-25,2506.0
8399,2026-06-01,2461.0
8399,2026-06-08,2579.0
8399,2026-06-15,2478.0
8399,2026-06-22,2541.0
8399,2026-06-29,2651.0
8399,2026-07-06,2755.0
8399,2026-07-13,2729.0
8399,2026-07-20,2999.0
8399,2026-07-27,2943.0
8399,2026-08-03,3095.0
8399,2026-08-10,3295.0
8399,2026-08-17,3155.0
8399,2026-08-24,3290.0
8399,2026-08-31,3235.0
8399,2026-09-07,3220.0
8399,2026-09-14,3350.0
8418,2025-09-22,1805.71
8418,2025-09-29,1754.37
8418,2025-10-06,1684.77
8418,2025-10-13,1645.77
8418,2025-10-20,1722.29
8418,2025-10-27,1744.99
8418,2025-11-03,1749.93
8418,2025-11-10,1781.03
8418,2025-11-17,1773.62
8418,2025-11-24,2012.05
8418,2025-12-01,2025.38
8418,2025-12-08,2093.5
8418,2025-12-15,2080.17
8418,2025-12-22,2057.96
8418,2025-12-29,2095.97
8418,2026-01-05,2213.45
8418,2026-01-12,2323.04
8418,2026-01-19,2437.07
8418,2026-01-26,2424.73
8418,2026-02-02,2628.6
8418,2026-02-09,2731.27
8418,2026-02-16,2695.24
8418,2026-02-23,2716.96
8418,2026-03-02,2550.6
8418,2026-03-09,2469.15
8418,2026-03-16,2418.8
8418,2026-03-23,2481.0
8418,2026-03-30,2595.5
8418,2026-04-06,2698.5
8418,2026-04-13,2769.5
8418,2026-04-20,2553.5
8418,2026-04-27,2640.0
8418,2026-05-04,2640.0
8418,2026-05-11,2813.0
8418,2026-05-18,2863.0
8418,2026-05-25,2740.5
8418,2026-06-01,2731.0
8418,2026-06-08,2920.0
8418,2026-06-15,2859.5
8418,2026-06-22,2876.5
8418,2026-06-29,2987.0
8418,2026-07-06,2972.5
8418,2026-07-13,2902.0
8418,2026-07-20,3121.0
8418,2026-07-27,2976.0
8418,2026-08-03,3075.0
8418,2026-08-10,3202.0
8418,2026-08-17,3106.0
8418,2026-08-24,3198.0
8418,2026-08-31,3226.0
8418,2026-09-07,3203.0
8418,2026-09-14,3248.0
8524,2025-09-22,717.28
8524,2025-09-29,698.24
8524,2025-10-06,685.55
8524,2025-10-13,670.9
8524,2025-10-20,706.05
8524,2025-10-27,705.08
8524,2025-11-03,715.82
8524,2025-11-10,723.63
8524,2025-11-17,732.42
8524,2025-11-24,806.64
8524,2025-12-01,814.45
8524,2025-12-08,806.64
8524,2025-12-15,832.03
8524,2025-12-22,821.29
8524,2025-12-29,834.57
8524,2026-01-05,908.39
8524,2026-01-12,945.79
8524,2026-01-19,926.1
8524,2026-01-26,906.42
8524,2026-02-02,961.53
8524,2026-02-09,997.95
8524,2026-02-16,1031.41
8524,2026-02-23,1080.62
8524,2026-03-02,987.12
8524,2026-03-09,932.01
8524,2026-03-16,916.26
8524,2026-03-23,956.61
8524,2026-03-30,990.87
8524,2026-04-06,1035.54
8524,2026-04-13,1038.52
8524,2026-04-20,923.35
8524,2026-04-27,982.92
8524,2026-05-04,973.99
8524,2026-05-11,987.89
8524,2026-05-18,999.8
8524,2026-05-25,966.04
8524,2026-06-01,985.9
8524,2026-06-08,1012.71
8524,2026-06-15,1009.73
8524,2026-06-22,1111.0
8524,2026-06-29,1141.0
8524,2026-07-06,1170.0
8524,2026-07-13,1114.0
8524,2026-07-20,1217.0
8524,2026-07-27,1157.0
8524,2026-08-03,1221.0
8524,2026-08-10,1301.0
8524,2026-08-17,1261.0
8524,2026-08-24,1306.0
8524,2026-08-31,1318.0
8524,2026-09-07,1298.0
8524,2026-09-14,1335.0
8537,2025-09-22,1690.63
8537,2025-09-29,1663.25
8537,2025-10-06,1645.65
8537,2025-10-13,1629.02
8537,2025-10-20,1693.56
8537,2025-10-27,1706.27
8537,2025-11-03,1685.74
8537,2025-11-10,1684.76
8537,2025-11-17,1674.98
8537,2025-11-24,1811.87
8537,2025-12-01,1912.59
8537,2025-12-08,1908.68
8537,2025-12-15,1909.65
8537,2025-12-22,2043.61
8537,2025-12-29,2023.08
8537,2026-01-05,2275.35
8537,2026-01-12,2406.38
8537,2026-01-19,2436.69
8537,2026-01-26,2316.42
8537,2026-02-02,2461.14
8537,2026-02-09,2546.2
8537,2026-02-16,2829.77
8537,2026-02-23,2832.7
8537,2026-03-02,2576.52
8537,2026-03-09,2447.45
8537,2026-03-16,2417.13
8537,2026-03-23,2379.0
8537,2026-03-30,2375.0
8537,2026-04-06,2539.0
8537,2026-04-13,2617.0
8537,2026-04-20,2393.0
8537,2026-04-27,2506.0
8537,2026-05-04,2592.0
8537,2026-05-11,2740.0
8537,2026-05-18,2981.0
8537,2026-05-25,2834.0
8537,2026-06-01,2807.0
8537,2026-06-08,2841.0
8537,2026-06-15,2721.0
8537,2026-06-22,2740.0
8537,2026-06-29,2843.0
8537,2026-07-06,2721.0
8537,2026-07-13,2633.0
8537,2026-07-20,2889.0
8537,2026-07-27,2592.0
8537,2026-08-03,2695.0
8537,2026-08-10,2945.0
8537,2026-08-17,2978.0
8537,2026-08-24,3055.0
8537,2026-08-31,3155.0
8537,2026-09-07,3125.0
8537,2026-09-14,3235.0
8541,2025-09-22,1195.48
8541,2025-09-29,1162.08
8541,2025-10-06,1133.59
8541,2025-10-13,1135.56
8541,2025-10-20,1202.36
8541,2025-10-27,1227.9
8541,2025-11-03,1227.9
8541,2025-11-10,1234.77
8541,2025-11-17,1242.63
8541,2025-11-24,1293.71
8541,2025-12-01,1341.85
8541,2025-12-08,1369.35
8541,2025-12-15,1382.12
8541,2025-12-22,1443.02
8541,2025-12-29,1463.65
8541,2026-01-05,1541.26
8541,2026-01-12,1639.49
8541,2026-01-19,1710.21
8541,2026-01-26,1667.97
8541,2026-02-02,1786.83
8541,2026-02-09,1918.47
8541,2026-02-16,1874.26
8541,2026-02-23,1859.53
8541,2026-03-02,1705.3
8541,2026-03-09,1587.42
8541,2026-03-16,1553.04
8541,2026-03-23,1611.0
8541,2026-03-30,1609.0
8541,2026-04-06,1721.0
8541,2026-04-13,1836.0
8541,2026-04-20,1722.0
8541,2026-04-27,1790.0
8541,2026-05-04,1857.0
8541,2026-05-11,1913.0
8541,2026-05-18,1984.0
8541,2026-05-25,1934.0
8541,2026-06-01,1992.0
8541,2026-06-08,2044.0
8541,2026-06-15,1945.0
8541,2026-06-22,2053.0
8541,2026-06-29,2210.0
8541,2026-07-06,2239.0
8541,2026-07-13,2317.0
8541,2026-07-20,2794.0
8541,2026-07-27,2781.0
8541,2026-08-03,2853.0
8541,2026-08-10,3065.0
8541,2026-08-17,3260.0
8541,2026-08-24,3215.0
8541,2026-08-31,3210.0
8541,2026-09-07,3295.0
8541,2026-09-14,3360.0
8551,2025-09-22,3808.74
8551,2025-09-29,3646.25
8551,2025-10-06,3553.26
8551,2025-10-13,3519.0
8551,2025-10-20,3665.82
8551,2025-10-27,3695.19
8551,2025-11-03,3675.61
8551,2025-11-10,4023.11
8551,2025-11-17,4116.1
8551,2025-11-24,4287.4
8551,2025-12-01,4204.2
8551,2025-12-08,4199.3
8551,2025-12-15,4238.46
8551,2025-12-22,4292.29
8551,2025-12-29,4424.44
8551,2026-01-05,4644.68
8551,2026-01-12,4904.08
8551,2026-01-19,4972.6
8551,2026-01-26,4585.95
8551,2026-02-02,4889.4
8551,2026-02-09,5119.43
8551,2026-02-16,5099.85
8551,2026-02-23,5187.95
8551,2026-03-02,4757.25
8551,2026-03-09,4561.48
8551,2026-03-16,4507.64
8551,2026-03-23,4630.0
8551,2026-03-30,4675.0
8551,2026-04-06,4900.0
8551,2026-04-13,5040.0
8551,2026-04-20,4660.0
8551,2026-04-27,4755.0
8551,2026-05-04,4785.0
8551,2026-05-11,5240.0
8551,2026-05-18,5500.0
8551,2026-05-25,5440.0
8551,2026-06-01,5320.0
8551,2026-06-08,5410.0
8551,2026-06-15,5200.0
8551,2026-06-22,5260.0
8551,2026-06-29,5680.0
8551,2026-07-06,5700.0
8551,2026-07-13,6030.0
8551,2026-07-20,6790.0
8551,2026-07-27,6650.0
8551,2026-08-03,6710.0
8551,2026-08-10,7380.0
8551,2026-08-17,7490.0
8551,2026-08-24,8080.0
8551,2026-08-31,8000.0
8551,2026-09-07,8480.0
8551,2026-09-14,8770.0
8563,2025-09-22,762.05
8563,2025-09-29,741.87
8563,2025-10-06,738.03
8563,2025-10-13,728.42
8563,2025-10-20,738.99
8563,2025-10-27,749.56
8563,2025-11-03,746.68
8563,2025-11-10,752.44
8563,2025-11-17,744.76
8563,2025-11-24,761.09
8563,2025-12-01,775.51
8563,2025-12-08,788.96
8563,2025-12-15,806.26
8563,2025-12-22,835.09
8563,2025-12-29,871.6
8563,2026-01-05,909.08
8563,2026-01-12,935.03
8563,2026-01-19,947.52
8563,2026-01-26,960.98
8563,2026-02-02,1032.09
8563,2026-02-09,1093.59
8563,2026-02-16,1133.95
8563,2026-02-23,1157.01
8563,2026-03-02,1048.42
8563,2026-03-09,992.69
8563,2026-03-16,964.82
8563,2026-03-23,985.0
8563,2026-03-30,983.0
8563,2026-04-06,1002.0
8563,2026-04-13,1018.0
8563,2026-04-20,958.0
8563,2026-04-27,956.0
8563,2026-05-04,967.0
8563,2026-05-11,990.0
8563,2026-05-18,1020.0
8563,2026-05-25,979.0
8563,2026-06-01,958.0
8563,2026-06-08,968.0
8563,2026-06-15,956.0
8563,2026-06-22,946.0
8563,2026-06-29,978.0
8563,2026-07-06,982.0
8563,2026-07-13,989.0
8563,2026-07-20,1045.0
8563,2026-07-27,1020.0
8563,2026-08-03,1049.0
8563,2026-08-10,1095.0
8563,2026-08-17,1107.0
8563,2026-08-24,1152.0
8563,2026-08-31,1179.0
8563,2026-09-07,1177.0
8563,2026-09-14,1191.0
8566,2025-09-22,5886.56
8566,2025-09-29,5610.94
8566,2025-10-06,5650.31
8566,2025-10-13,5709.38
8566,2025-10-20,5709.38
8566,2025-10-27,5571.56
8566,2025-11-03,5473.12
8566,2025-11-10,5571.56
8566,2025-11-17,5670.0
8566,2025-11-24,5729.06
8566,2025-12-01,5591.25
8566,2025-12-08,5670.0
8566,2025-12-15,5660.16
8566,2025-12-22,5729.06
8566,2025-12-29,5748.75
8566,2026-01-05,5935.78
8566,2026-01-12,6004.69
8566,2026-01-19,5955.47
8566,2026-01-26,5896.41
8566,2026-02-02,5827.5
8566,2026-02-09,6083.44
8566,2026-02-16,6063.75
8566,2026-02-23,6309.84
8566,2026-03-02,6053.91
8566,2026-03-09,5866.88
8566,2026-03-16,5916.09
8566,2026-03-23,5985.0
8566,2026-03-30,5930.0
8566,2026-04-06,6020.0
8566,2026-04-13,6170.0
8566,2026-04-20,6030.0
8566,2026-04-27,6120.0
8566,2026-05-04,5960.0
8566,2026-05-11,6300.0
8566,2026-05-18,6000.0
8566,2026-05-25,6040.0
8566,2026-06-01,6000.0
8566,2026-06-08,6200.0
8566,2026-06-15,6150.0
8566,2026-06-22,6050.0
8566,2026-06-29,6240.0
8566,2026-07-06,6430.0
8566,2026-07-13,6580.0
8566,2026-07-20,6690.0
8566,2026-07-27,6720.0
8566,2026-08-03,6630.0
8566,2026-08-10,6620.0
8566,2026-08-17,6760.0
8566,2026-08-24,6880.0
8566,2026-08-31,6730.0
8566,2026-09-07,6850.0
8566,2026-09-14,6850.0
8600,2025-09-22,662.72
8600,2025-09-29,647.95
8600,2025-10-06,645.98
8600,2025-10-13,639.09
8600,2025-10-20,667.64
8600,2025-10-27,672.57
8600,2025-11-03,694.23
8600,2025-11-10,685.37
8600,2025-11-17,692.26
8600,2025-11-24,736.57
8600,2025-12-01,738.54
8600,2025-12-08,743.47
8600,2025-12-15,751.34
8600,2025-12-22,753.31
8600,2025-12-29,772.02
8600,2026-01-05,798.61
8600,2026-01-12,854.74
8600,2026-01-19,860.65
8600,2026-01-26,859.66
8600,2026-02-02,917.76
8600,2026-02-09,949.27
8600,2026-02-16,961.09
8600,2026-02-23,967.98
8600,2026-03-02,884.28
8600,2026-03-09,845.88
8600,2026-03-16,838.98
8600,2026-03-23,838.0
8600,2026-03-30,888.0
8600,2026-04-06,924.0
8600,2026-04-13,939.0
8600,2026-04-20,866.0
8600,2026-04-27,892.0
8600,2026-05-04,889.0
8600,2026-05-11,878.0
8600,2026-05-18,888.0
8600,2026-05-25,876.0
8600,2026-06-01,852.0
8600,2026-06-08,890.0
8600,2026-06-15,861.0
8600,2026-06-22,876.0
8600,2026-06-29,895.0
8600,2026-07-06,910.0
8600,2026-07-13,908.0
8600,2026-07-20,1024.0
8600,2026-07-27,997.0
8600,2026-08-03,1078.0
8600,2026-08-10,1118.0
8600,2026-08-17,1083.0
8600,2026-08-24,1143.0
8600,2026-08-31,1136.0
8600,2026-09-07,1137.0
8600,2026-09-14,1165.0
8848,2025-09-22,710.62
8848,2025-09-29,685.81
8848,2025-10-06,663.98
8848,2025-10-13,633.21
8848,2025-10-20,644.13
8848,2025-10-27,625.27
8848,2025-11-03,645.12
8848,2025-11-10,659.02
8848,2025-11-17,646.11
8848,2025-11-24,645.12
8848,2025-12-01,635.2
8848,2025-12-08,641.15
8848,2025-12-15,660.01
8848,2025-12-22,657.03
8848,2025-12-29,653.06
8848,2026-01-05,679.86
8848,2026-01-12,688.79
8848,2026-01-19,682.83
8848,2026-01-26,684.82
8848,2026-02-02,711.62
8848,2026-02-09,718.56
8848,2026-02-16,714.59
8848,2026-02-23,738.41
8848,2026-03-02,705.66
8848,2026-03-09,647.11
8848,2026-03-16,669.93
8848,2026-03-23,661.0
8848,2026-03-30,646.0
8848,2026-04-06,668.0
8848,2026-04-13,682.0
8848,2026-04-20,673.0
8848,2026-04-27,651.0
8848,2026-05-04,644.0
8848,2026-05-11,642.0
8848,2026-05-18,634.0
8848,2026-05-25,623.0
8848,2026-06-01,618.0
8848,2026-06-08,618.0
8848,2026-06-15,618.0
8848,2026-06-22,642.0
8848,2026-06-29,648.0
8848,2026-07-06,666.0
8848,2026-07-13,661.0
8848,2026-07-20,650.0
8848,2026-07-27,677.0
8848,2026-08-03,674.0
8848,2026-08-10,620.0
8848,2026-08-17,641.0
8848,2026-08-24,634.0
8848,2026-08-31,653.0
8848,2026-09-07,657.0
8848,2026-09-14,941.0
9251,2025-09-22,1305.05
9251,2025-09-29,1273.55
9251,2025-10-06,1247.77
9251,2025-10-13,1240.13
9251,2025-10-20,1256.36
9251,2025-10-27,1097.0
9251,2025-11-03,1067.0
9251,2025-11-10,1092.0
9251,2025-11-17,1087.0
9251,2025-11-24,1112.0
9251,2025-12-01,1100.0
9251,2025-12-08,1102.0
9251,2025-12-15,1155.0
9251,2025-12-22,1183.0
9251,2025-12-29,1204.0
9251,2026-01-05,1233.0
9251,2026-01-12,1209.0
9251,2026-01-19,1207.0
9251,2026-01-26,1208.0
9251,2026-02-02,1206.0
9251,2026-02-09,1223.0
9251,2026-02-16,1250.0
9251,2026-02-23,1275.0
9251,2026-03-02,1278.0
9251,2026-03-09,1255.0
9251,2026-03-16,1274.0
9251,2026-03-23,1258.0
9251,2026-03-30,1240.0
9251,2026-04-06,1219.0
9251,2026-04-13,1216.0
9251,2026-04-20,1201.0
9251,2026-04-27,1202.0
9251,2026-05-04,1208.0
9251,2026-05-11,1196.0
9251,2026-05-18,1202.0
9251,2026-05-25,1205.0
9251,2026-06-01,1211.0
9251,2026-06-08,1204.0
9251,2026-06-15,1254.0
9251,2026-06-22,1276.0
9251,2026-06-29,1326.0
9251,2026-07-06,1324.0
9251,2026-07-13,1340.0
9251,2026-07-20,1332.0
9251,2026-07-27,1367.0
9251,2026-08-03,1383.0
9251,2026-08-10,1402.0
9251,2026-08-17,1500.0
9251,2026-08-24,1580.0
9251,2026-08-31,1567.0
9251,2026-09-07,1507.0
9251,2026-09-14,1626.0
9274,2025-09-22,781.71
9274,2025-09-29,750.37
9274,2025-10-06,733.71
9274,2025-10-13,753.31
9274,2025-10-20,784.65
9274,2025-10-27,747.43
9274,2025-11-03,761.14
9274,2025-11-10,764.08
9274,2025-11-17,707.27
9274,2025-11-24,734.69
9274,2025-12-01,711.18
9274,2025-12-08,747.43
9274,2025-12-15,777.8
9274,2025-12-22,789.55
9274,2025-12-29,807.18
9274,2026-01-05,845.39
9274,2026-01-12,865.96
9274,2026-01-19,857.14
9274,2026-01-26,864.98
9274,2026-02-02,900.24
9274,2026-02-09,893.39
9274,2026-02-16,888.49
9274,2026-02-23,915.92
9274,2026-03-02,891.43
9274,2026-03-09,859.1
9274,2026-03-16,849.31
9274,2026-03-23,864.0
9274,2026-03-30,903.0
9274,2026-04-06,915.0
9274,2026-04-13,976.0
9274,2026-04-20,941.0
9274,2026-04-27,974.0
9274,2026-05-04,997.0
9274,2026-05-11,971.0
9274,2026-05-18,1007.0
9274,2026-05-25,1010.0
9274,2026-06-01,935.0
9274,2026-06-08,949.0
9274,2026-06-15,1018.0
9274,2026-06-22,1009.0
9274,2026-06-29,1032.0
9274,2026-07-06,1032.0
9274,2026-07-13,1047.0
9274,2026-07-20,1088.0
9274,2026-07-27,1110.0
9274,2026-08-03,1118.0
9274,2026-08-10,1095.0
9274,2026-08-17,1122.0
9274,2026-08-24,1105.0
9274,2026-08-31,1097.0
9274,2026-09-07,1093.0
9274,2026-09-14,1131.0
9308,2025-09-22,1660.34
9308,2025-09-29,1625.5
9308,2025-10-06,1592.65
9308,2025-10-13,1568.76
9308,2025-10-20,1599.62
9308,2025-10-27,1559.8
9308,2025-11-03,1550.84
9308,2025-11-10,1415.47
9308,2025-11-17,1391.58
9308,2025-11-24,1451.3
9308,2025-12-01,1452.3
9308,2025-12-08,1356.74
9308,2025-12-15,1340.81
9308,2025-12-22,1361.72
9308,2025-12-29,1365.7
9308,2026-01-05,1380.63
9308,2026-01-12,1365.7
9308,2026-01-19,1328.87
9308,2026-01-26,1289.05
9308,2026-02-02,1287.06
9308,2026-02-09,1500.08
9308,2026-02-16,1538.9
9308,2026-02-23,1640.43
9308,2026-03-02,1631.47
9308,2026-03-09,1598.62
9308,2026-03-16,1589.67
9308,2026-03-23,1502.07
9308,2026-03-30,1535.0
9308,2026-04-06,1541.0
9308,2026-04-13,1593.0
9308,2026-04-20,1452.0
9308,2026-04-27,1516.0
9308,2026-05-04,1531.0
9308,2026-05-11,1614.0
9308,2026-05-18,1554.0
9308,2026-05-25,1618.0
9308,2026-06-01,1542.0
9308,2026-06-08,1529.0
9308,2026-06-15,1505.0
9308,2026-06-22,1440.0
9308,2026-06-29,1467.0
9308,2026-07-06,1588.0
9308,2026-07-13,1656.0
9308,2026-07-20,1736.0
9308,2026-07-27,1890.0
9308,2026-08-03,1936.0
9308,2026-08-10,2059.0
9308,2026-08-17,2097.0
9308,2026-08-24,2135.0
9308,2026-08-31,2081.0
9308,2026-09-07,2096.0
9308,2026-09-14,2232.0
9366,2025-09-22,859.76
9366,2025-09-29,831.87
9366,2025-10-06,831.87
9366,2025-10-13,824.18
9366,2025-10-20,825.14
9366,2025-10-27,823.22
9366,2025-11-03,818.41
9366,2025-11-10,828.03
9366,2025-11-17,812.64
9366,2025-11-24,813.6
9366,2025-12-01,838.6
9366,2025-12-08,833.8
9366,2025-12-15,860.72
9366,2025-12-22,870.34
9366,2025-12-29,879.96
9366,2026-01-05,884.77
9366,2026-01-12,891.5
9366,2026-01-19,876.11
9366,2026-01-26,875.15
9366,2026-02-02,866.49
9366,2026-02-09,887.65
9366,2026-02-16,922.27
9366,2026-02-23,937.66
9366,2026-03-02,894.38
9366,2026-03-09,880.92
9366,2026-03-16,866.49
9366,2026-03-23,904.0
9366,2026-03-30,923.0
9366,2026-04-06,917.0
9366,2026-04-13,940.0
9366,2026-04-20,935.0
9366,2026-04-27,931.0
9366,2026-05-04,935.0
9366,2026-05-11,950.0
9366,2026-05-18,991.0
9366,2026-05-25,976.0
9366,2026-06-01,960.0
9366,2026-06-08,975.0
9366,2026-06-15,1019.0
9366,2026-06-22,993.0
9366,2026-06-29,1000.0
9366,2026-07-06,1050.0
9366,2026-07-13,1020.0
9366,2026-07-20,1029.0
9366,2026-07-27,1026.0
9366,2026-08-03,1034.0
9366,2026-08-10,1108.0
9366,2026-08-17,1102.0
9366,2026-08-24,1087.0
9366,2026-08-31,1123.0
9366,2026-09-07,1119.0
9366,2026-09-14,1169.0
9436,2025-09-22,2606.71
9436,2025-09-29,2590.87
9436,2025-10-06,2601.76
9436,2025-10-13,2596.81
9436,2025-10-20,2626.51
9436,2025-10-27,2547.31
9436,2025-11-03,2579.98
9436,2025-11-10,2712.64
9436,2025-11-17,2739.37
9436,2025-11-24,2776.99
9436,2025-12-01,2735.41
9436,2025-12-08,2778.97
9436,2025-12-15,2767.09
9436,2025-12-22,2776.0
9436,2025-12-29,2803.72
9436,2026-01-05,2823.52
9436,2026-01-12,2910.64
9436,2026-01-19,3103.69
9436,2026-01-26,3207.65
9436,2026-02-02,3247.25
9436,2026-02-09,3187.85
9436,2026-02-16,3272.0
9436,2026-02-23,3321.5
9436,2026-03-02,3351.2
9436,2026-03-09,3375.95
9436,2026-03-16,3395.75
9436,2026-03-23,3470.0
9436,2026-03-30,3510.0
9436,2026-04-06,3425.0
9436,2026-04-13,3410.0
9436,2026-04-20,3375.0
9436,2026-04-27,3285.0
9436,2026-05-04,3185.0
9436,2026-05-11,3395.0
9436,2026-05-18,3570.0
9436,2026-05-25,3550.0
9436,2026-06-01,3665.0
9436,2026-06-08,3740.0
9436,2026-06-15,3650.0
9436,2026-06-22,3685.0
9436,2026-06-29,3845.0
9436,2026-07-06,3745.0
9436,2026-07-13,3735.0
9436,2026-07-20,3825.0
9436,2026-07-27,3870.0
9436,2026-08-03,4135.0
9436,2026-08-10,4000.0
9436,2026-08-17,4000.0
9436,2026-08-24,4110.0
9436,2026-08-31,4170.0
9436,2026-09-07,4310.0
9436,2026-09-14,4415.0
9505,2025-09-22,857.52
9505,2025-09-29,851.21
9505,2025-10-06,858.51
9505,2025-10-13,885.63
9505,2025-10-20,875.08
9505,2025-10-27,846.37
9505,2025-11-03,848.25
9505,2025-11-10,898.06
9505,2025-11-17,924.7
9505,2025-11-24,1002.73
9505,2025-12-01,938.31
9505,2025-12-08,949.66
9505,2025-12-15,957.65
9505,2025-12-22,963.76
9505,2025-12-29,962.78
9505,2026-01-05,965.64
9505,2026-01-12,1010.12
9505,2026-01-19,990.4
9505,2026-01-26,963.96
9505,2026-02-02,998.29
9505,2026-02-09,1025.41
9505,2026-02-16,1061.91
9505,2026-02-23,1092.49
9505,2026-03-02,1027.88
9505,2026-03-09,1038.24
9505,2026-03-16,1073.26
9505,2026-03-23,1092.0
9505,2026-03-30,1115.0
9505,2026-04-06,1105.0
9505,2026-04-13,1058.5
9505,2026-04-20,993.7
9505,2026-04-27,864.9
9505,2026-05-04,887.4
9505,2026-05-11,907.2
9505,2026-05-18,860.6
9505,2026-05-25,834.5
9505,2026-06-01,820.6
9505,2026-06-08,864.2
9505,2026-06-15,844.5
9505,2026-06-22,868.6
9505,2026-06-29,886.0
9505,2026-07-06,900.4
9505,2026-07-13,909.4
9505,2026-07-20,935.2
9505,2026-07-27,961.5
9505,2026-08-03,922.7
9505,2026-08-10,967.0
9505,2026-08-17,990.8
9505,2026-08-24,994.5
9505,2026-08-31,1054.5
9505,2026-09-07,1083.5
9505,2026-09-14,1138.0
9507,2025-09-22,1326.72
9507,2025-09-29,1355.31
9507,2025-10-06,1366.16
9507,2025-10-13,1375.03
9507,2025-10-20,1368.63
9507,2025-10-27,1358.76
9507,2025-11-03,1380.95
9507,2025-11-10,1420.89
9507,2025-11-17,1455.4
9507,2025-11-24,1541.18
9507,2025-12-01,1466.74
9507,2025-12-08,1449.48
9507,2025-12-15,1485.96
9507,2025-12-22,1518.01
9507,2025-12-29,1528.86
9507,2026-01-05,1542.17
9507,2026-01-12,1551.04
9507,2026-01-19,1556.47
9507,2026-01-26,1544.14
9507,2026-02-02,1606.75
9507,2026-02-09,1683.17
9507,2026-02-16,1733.95
9507,2026-02-23,1746.28
9507,2026-03-02,1597.39
9507,2026-03-09,1691.55
9507,2026-03-16,1697.47
9507,2026-03-23,1766.0
9507,2026-03-30,1827.5
9507,2026-04-06,1836.0
9507,2026-04-13,1791.0
9507,2026-04-20,1663.5
9507,2026-04-27,1541.0
9507,2026-05-04,1518.0
9507,2026-05-11,1541.5
9507,2026-05-18,1483.0
9507,2026-05-25,1458.0
9507,2026-06-01,1417.0
9507,2026-06-08,1468.5
9507,2026-06-15,1453.0
9507,2026-06-22,1478.0
9507,2026-06-29,1485.0
9507,2026-07-06,1490.5
9507,2026-07-13,1505.0
9507,2026-07-20,1548.0
9507,2026-07-27,1666.0
9507,2026-08-03,1720.5
9507,2026-08-10,1798.5
9507,2026-08-17,1889.5
9507,2026-08-24,1926.0
9507,2026-08-31,2078.5
9507,2026-09-07,2174.5
9507,2026-09-14,2228.5
9511,2025-09-22,1018.52
9511,2025-09-29,1017.53
9511,2025-10-06,992.88
9511,2025-10-13,1020.49
9511,2025-10-20,1013.59
9511,2025-10-27,996.83
9511,2025-11-03,1018.52
9511,2025-11-10,1053.03
9511,2025-11-17,1043.17
9511,2025-11-24,1075.71
9511,2025-12-01,1029.36
9511,2025-12-08,1031.34
9511,2025-12-15,1051.06
9511,2025-12-22,1081.62
9511,2025-12-29,1099.37
9511,2026-01-05,1090.5
9511,2026-01-12,1122.05
9511,2026-01-19,1110.21
9511,2026-01-26,1082.61
9511,2026-02-02,1140.78
9511,2026-02-09,1173.32
9511,2026-02-16,1169.37
9511,2026-02-23,1173.32
9511,2026-03-02,1070.78
9511,2026-03-09,1005.7
9511,2026-03-16,1013.59
9511,2026-03-23,1055.0
9511,2026-03-30,1077.0
9511,2026-04-06,1050.0
9511,2026-04-13,1039.0
9511,2026-04-20,1013.0
9511,2026-04-27,938.0
9511,2026-05-04,967.0
9511,2026-05-11,947.0
9511,2026-05-18,924.0
9511,2026-05-25,907.0
9511,2026-06-01,908.0
9511,2026-06-08,910.0
9511,2026-06-15,904.0
9511,2026-06-22,886.0
9511,2026-06-29,909.0
9511,2026-07-06,913.0
9511,2026-07-13,920.0
9511,2026-07-20,923.0
9511,2026-07-27,1054.0
9511,2026-08-03,1069.0
9511,2026-08-10,1115.0
9511,2026-08-17,1176.0
9511,2026-08-24,1164.0
9511,2026-08-31,1179.0
9511,2026-09-07,1172.0
9511,2026-09-14,1214.0
9534,2025-09-22,668.48
9534,2025-09-29,668.97
9534,2025-10-06,661.09
9534,2025-10-13,671.92
9534,2025-10-20,679.81
9534,2025-10-27,667.98
9534,2025-11-03,699.51
9534,2025-11-10,711.33
9534,2025-11-17,740.89
9534,2025-11-24,739.91
9534,2025-12-01,703.45
9534,2025-12-08,709.36
9534,2025-12-15,736.95
9534,2025-12-22,737.94
9534,2025-12-29,748.77
9534,2026-01-05,792.12
9534,2026-01-12,798.03
9534,2026-01-19,808.87
9534,2026-01-26,810.84
9534,2026-02-02,851.24
9534,2026-02-09,899.51
9534,2026-02-16,857.15
9534,2026-02-23,901.48
9534,2026-03-02,878.82
9534,2026-03-09,865.03
9534,2026-03-16,885.72
9534,2026-03-23,867.0
9534,2026-03-30,881.0
9534,2026-04-06,875.0
9534,2026-04-13,906.0
9534,2026-04-20,921.0
9534,2026-04-27,785.0
9534,2026-05-04,801.0
9534,2026-05-11,784.0
9534,2026-05-18,766.0
9534,2026-05-25,754.0
9534,2026-06-01,756.0
9534,2026-06-08,745.0
9534,2026-06-15,757.0
9534,2026-06-22,754.0
9534,2026-06-29,755.0
9534,2026-07-06,765.0
9534,2026-07-13,776.0
9534,2026-07-20,775.0
9534,2026-07-27,772.0
9534,2026-08-03,773.0
9534,2026-08-10,786.0
9534,2026-08-17,822.0
9534,2026-08-24,845.0
9534,2026-08-31,916.0
9534,2026-09-07,925.0
9534,2026-09-14,945.0
9535,2025-09-22,382.34
9535,2025-09-29,367.55
9535,2025-10-06,360.66
9535,2025-10-13,361.64
9535,2025-10-20,362.63
9535,2025-10-27,358.69
9535,2025-11-03,360.66
9535,2025-11-10,362.63
9535,2025-11-17,365.58
9535,2025-11-24,369.53
9535,2025-12-01,360.66
9535,2025-12-08,360.66
9535,2025-12-15,363.61
9535,2025-12-22,373.47
9535,2025-12-29,375.44
9535,2026-01-05,365.58
9535,2026-01-12,367.55
9535,2026-01-19,365.58
9535,2026-01-26,362.63
9535,2026-02-02,364.6
9535,2026-02-09,372.48
9535,2026-02-16,378.39
9535,2026-02-23,380.36
9535,2026-03-02,378.39
9535,2026-03-09,374.45
9535,2026-03-16,373.47
9535,2026-03-23,405.0
9535,2026-03-30,394.0
9535,2026-04-06,390.0
9535,2026-04-13,400.0
9535,2026-04-20,400.0
9535,2026-04-27,394.0
9535,2026-05-04,405.0
9535,2026-05-11,414.0
9535,2026-05-18,404.0
9535,2026-05-25,396.0
9535,2026-06-01,393.0
9535,2026-06-08,394.0
9535,2026-06-15,396.0
9535,2026-06-22,386.0
9535,2026-06-29,398.0
9535,2026-07-06,422.0
9535,2026-07-13,422.0
9535,2026-07-20,420.0
9535,2026-07-27,428.0
9535,2026-08-03,405.0
9535,2026-08-10,415.0
9535,2026-08-17,424.0
9535,2026-08-24,428.0
9535,2026-08-31,439.0
9535,2026-09-07,444.0
9535,2026-09-14,446.0
9536,2025-09-22,1933.48
9536,2025-09-29,1903.89
9536,2025-10-06,1906.85
9536,2025-10-13,1903.89
9536,2025-10-20,1900.93
9536,2025-10-27,1823.0
9536,2025-11-03,1880.21
9536,2025-11-10,1881.2
9536,2025-11-17,1906.85
9536,2025-11-24,1920.66
9536,2025-12-01,1831.88
9536,2025-12-08,1873.31
9536,2025-12-15,1912.77
9536,2025-12-22,2176.15
9536,2025-12-29,2224.49
9536,2026-01-05,2206.74
9536,2026-01-12,2265.92
9536,2026-01-19,2297.49
9536,2026-01-26,2354.71
9536,2026-02-02,2351.75
9536,2026-02-09,2435.6
9536,2026-02-16,2482.95
9536,2026-02-23,2563.84
9536,2026-03-02,2564.82
9536,2026-03-09,2466.18
9536,2026-03-16,2462.23
9536,2026-03-23,2552.0
9536,2026-03-30,2567.0
9536,2026-04-06,2552.0
9536,2026-04-13,2595.0
9536,2026-04-20,2470.0
9536,2026-04-27,2208.0
9536,2026-05-04,2222.0
9536,2026-05-11,2261.0
9536,2026-05-18,2221.0
9536,2026-05-25,2195.0
9536,2026-06-01,2201.0
9536,2026-06-08,2243.0
9536,2026-06-15,2238.0
9536,2026-06-22,2246.0
9536,2026-06-29,2257.0
9536,2026-07-06,2328.0
9536,2026-07-13,2318.0
9536,2026-07-20,2361.0
9536,2026-07-27,2361.0
9536,2026-08-03,2357.0
9536,2026-08-10,2382.0
9536,2026-08-17,2473.0
9536,2026-08-24,2515.0
9536,2026-08-31,2503.0
9536,2026-09-07,2549.0
9536,2026-09-14,2638.0
