code,date,close
1438,2025-08-11,1923.7
1438,2025-08-18,1923.7
1438,2025-08-25,1897.24
1438,2025-09-01,1939.38
1438,2025-09-08,1956.04
1438,2025-09-15,1974.66
1438,2025-09-22,1917.82
1438,2025-09-29,1905.95
1438,2025-10-06,1927.71
1438,2025-10-13,1926.72
1438,2025-10-20,1910.9
1438,2025-10-27,1880.24
1438,2025-11-03,1879.25
1438,2025-11-10,1942.55
1438,2025-11-17,1839.68
1438,2025-11-24,1829.79
1438,2025-12-01,1833.75
1438,2025-12-08,1806.05
1438,2025-12-15,1802.1
1438,2025-12-22,1764.51
1438,2025-12-29,1795.17
1438,2026-01-05,1770.45
1438,2026-01-12,1772.43
1438,2026-01-19,1774.4
1438,2026-01-26,1755.61
1438,2026-02-02,1751.66
1438,2026-02-09,1790.23
1438,2026-02-16,1859.46
1438,2026-02-23,1862.43
1438,2026-03-02,1810.01
1438,2026-03-09,1828.8
1438,2026-03-16,1818.91
1438,2026-03-23,1811.0
1438,2026-03-30,1810.0
1438,2026-04-06,1849.0
1438,2026-04-13,1869.0
1438,2026-04-20,1910.0
1438,2026-04-27,1860.0
1438,2026-05-04,1863.0
1438,2026-05-11,1950.0
1438,2026-05-18,1899.0
1438,2026-05-25,1833.0
1438,2026-06-01,1856.0
1438,2026-06-08,1831.0
1438,2026-06-15,1872.0
1438,2026-06-22,1890.0
1438,2026-06-29,1879.0
1438,2026-07-06,1896.0
1438,2026-07-13,1871.0
1438,2026-07-20,1931.0
1438,2026-07-27,1965.0
1438,2026-08-03,2117.0
1793,2025-08-11,1304.13
1793,2025-08-18,1325.56
1793,2025-08-25,1361.59
1793,2025-09-01,1339.19
1793,2025-09-08,1343.09
1793,2025-09-15,1360.62
1793,2025-09-22,1397.63
1793,2025-09-29,1381.07
1793,2025-10-06,1376.2
1793,2025-10-13,1372.31
1793,2025-10-20,1383.02
1793,2025-10-27,1405.42
1793,2025-11-03,1398.6
1793,2025-11-10,1411.27
1793,2025-11-17,1387.89
1793,2025-11-24,1398.6
1793,2025-12-01,1402.5
1793,2025-12-08,1460.94
1793,2025-12-15,1448.28
1793,2025-12-22,1462.89
1793,2025-12-29,1496.0
1793,2026-01-05,1548.59
1793,2026-01-12,1538.85
1793,2026-01-19,1553.46
1793,2026-01-26,1530.09
1793,2026-02-02,1573.92
1793,2026-02-09,1674.23
1793,2026-02-16,1782.34
1793,2026-02-23,2005.38
1793,2026-03-02,1860.26
1793,2026-03-09,1792.08
1793,2026-03-16,1760.92
1793,2026-03-23,1870.0
1793,2026-03-30,1666.0
1793,2026-04-06,1635.0
1793,2026-04-13,1605.0
1793,2026-04-20,1731.0
1793,2026-04-27,1681.0
1793,2026-05-04,1714.0
1793,2026-05-11,1843.0
1793,2026-05-18,1840.0
1793,2026-05-25,1848.0
1793,2026-06-01,1840.0
1793,2026-06-08,1842.0
1793,2026-06-15,1903.0
1793,2026-06-22,2014.0
1793,2026-06-29,1982.0
1793,2026-07-06,2004.0
1793,2026-07-13,2014.0
1793,2026-07-20,2060.0
1793,2026-07-27,1970.0
1793,2026-08-03,2095.0
2340,2025-08-11,486.99
2340,2025-08-18,487.98
2340,2025-08-25,487.98
2340,2025-09-01,494.89
2340,2025-09-08,496.87
2340,2025-09-15,495.88
2340,2025-09-22,498.84
2340,2025-09-29,472.17
2340,2025-10-06,472.17
2340,2025-10-13,472.17
2340,2025-10-20,475.13
2340,2025-10-27,474.15
2340,2025-11-03,474.15
2340,2025-11-10,478.1
2340,2025-11-17,465.26
2340,2025-11-24,471.18
2340,2025-12-01,468.22
2340,2025-12-08,469.21
2340,2025-12-15,471.18
2340,2025-12-22,472.17
2340,2025-12-29,475.13
2340,2026-01-05,481.06
2340,2026-01-12,480.07
2340,2026-01-19,480.07
2340,2026-01-26,481.06
2340,2026-02-02,480.07
2340,2026-02-09,487.98
2340,2026-02-16,485.01
2340,2026-02-23,486.0
2340,2026-03-02,484.02
2340,2026-03-09,480.07
2340,2026-03-16,480.07
2340,2026-03-23,486.0
2340,2026-03-30,485.0
2340,2026-04-06,487.0
2340,2026-04-13,486.0
2340,2026-04-20,482.0
2340,2026-04-27,482.0
2340,2026-05-04,483.0
2340,2026-05-11,480.0
2340,2026-05-18,478.0
2340,2026-05-25,477.0
2340,2026-06-01,472.0
2340,2026-06-08,473.0
2340,2026-06-15,476.0
2340,2026-06-22,483.0
2340,2026-06-29,492.0
2340,2026-07-06,495.0
2340,2026-07-13,494.0
2340,2026-07-20,499.0
2340,2026-07-27,501.0
2340,2026-08-03,514.0
2349,2025-08-11,2313.07
2349,2025-08-18,2310.11
2349,2025-08-25,2313.07
2349,2025-09-01,2330.86
2349,2025-09-08,2342.73
2349,2025-09-15,2268.59
2349,2025-09-22,2300.22
2349,2025-09-29,2313.07
2349,2025-10-06,2257.72
2349,2025-10-13,2272.54
2349,2025-10-20,2312.08
2349,2025-10-27,2253.76
2349,2025-11-03,2271.55
2349,2025-11-10,2262.66
2349,2025-11-17,2261.67
2349,2025-11-24,2279.46
2349,2025-12-01,2313.07
2349,2025-12-08,2255.74
2349,2025-12-15,2283.42
2349,2025-12-22,2278.47
2349,2025-12-29,2250.8
2349,2026-01-05,2249.81
2349,2026-01-12,2251.78
2349,2026-01-19,2295.28
2349,2026-01-26,2291.32
2349,2026-02-02,2415.87
2349,2026-02-09,2352.61
2349,2026-02-16,2438.61
2349,2026-02-23,2476.17
2349,2026-03-02,2411.92
2349,2026-03-09,2451.46
2349,2026-03-16,2478.15
2349,2026-03-23,2491.0
2349,2026-03-30,2392.0
2349,2026-04-06,2331.0
2349,2026-04-13,2360.0
2349,2026-04-20,2446.0
2349,2026-04-27,2360.0
2349,2026-05-04,2320.0
2349,2026-05-11,2316.0
2349,2026-05-18,2323.0
2349,2026-05-25,2480.0
2349,2026-06-01,2333.0
2349,2026-06-08,2314.0
2349,2026-06-15,2259.0
2349,2026-06-22,2304.0
2349,2026-06-29,2419.0
2349,2026-07-06,2499.0
2349,2026-07-13,2515.0
2349,2026-07-20,2512.0
2349,2026-07-27,2521.0
2349,2026-08-03,2512.0
2371,2025-08-11,2817.19
2371,2025-08-18,2781.98
2371,2025-08-25,2693.96
2371,2025-09-01,2625.99
2371,2025-09-08,2643.1
2371,2025-09-15,2588.82
2371,2025-09-22,2539.92
2371,2025-09-29,2427.34
2371,2025-10-06,2516.22
2371,2025-10-13,2523.63
2371,2025-10-20,2694.96
2371,2025-10-27,2714.71
2371,2025-11-03,2435.24
2371,2025-11-10,2449.07
2371,2025-11-17,2387.84
2371,2025-11-24,2275.26
2371,2025-12-01,2262.43
2371,2025-12-08,2193.79
2371,2025-12-15,2196.26
2371,2025-12-22,2325.63
2371,2025-12-29,2283.17
2371,2026-01-05,2309.33
2371,2026-01-12,2269.34
2371,2026-01-19,2218.98
2371,2026-01-26,2083.68
2371,2026-02-02,1823.96
2371,2026-02-09,1623.99
2371,2026-02-16,1652.63
2371,2026-02-23,1700.03
2371,2026-03-02,1789.4
2371,2026-03-09,1871.37
2371,2026-03-16,1900.5
2371,2026-03-23,1979.5
2371,2026-03-30,2225.5
2371,2026-04-06,1990.0
2371,2026-04-13,2144.5
2371,2026-04-20,2750.0
2371,2026-04-27,2581.5
2371,2026-05-04,2914.5
2371,2026-05-11,3528.0
2371,2026-05-18,3412.0
2371,2026-05-25,3340.0
2371,2026-06-01,3336.0
2371,2026-06-08,3307.0
2371,2026-06-15,3321.0
2371,2026-06-22,3310.0
2371,2026-06-29,3564.0
2371,2026-07-06,3630.0
2371,2026-07-13,3615.0
2371,2026-07-20,3673.0
2371,2026-07-27,3690.0
2371,2026-08-03,3711.0
2492,2025-08-11,400.22
2492,2025-08-18,367.77
2492,2025-08-25,366.79
2492,2025-09-01,350.07
2492,2025-09-08,348.1
2492,2025-09-15,345.15
2492,2025-09-22,338.27
2492,2025-09-29,314.67
2492,2025-10-06,316.64
2492,2025-10-13,310.74
2492,2025-10-20,324.5
2492,2025-10-27,322.54
2492,2025-11-03,329.42
2492,2025-11-10,338.27
2492,2025-11-17,346.14
2492,2025-11-24,353.02
2492,2025-12-01,367.77
2492,2025-12-08,392.35
2492,2025-12-15,395.3
2492,2025-12-22,421.86
2492,2025-12-29,420.08
2492,2026-01-05,418.1
2492,2026-01-12,447.82
2492,2026-01-19,456.74
2492,2026-01-26,447.82
2492,2026-02-02,378.47
2492,2026-02-09,361.63
2492,2026-02-16,365.59
2492,2026-02-23,399.28
2492,2026-03-02,416.12
2492,2026-03-09,395.31
2492,2026-03-16,396.3
2492,2026-03-23,426.03
2492,2026-03-30,466.65
2492,2026-04-06,424.04
2492,2026-04-13,464.67
2492,2026-04-20,437.92
2492,2026-04-27,394.32
2492,2026-05-04,417.11
2492,2026-05-11,390.36
2492,2026-05-18,372.53
2492,2026-05-25,387.39
2492,2026-06-01,366.58
2492,2026-06-08,360.64
2492,2026-06-15,399.28
2492,2026-06-22,352.71
2492,2026-06-29,479.0
2492,2026-07-06,490.0
2492,2026-07-13,489.0
2492,2026-07-20,521.0
2492,2026-07-27,569.0
2492,2026-08-03,578.0
2760,2025-08-11,2822.04
2760,2025-08-18,2808.52
2760,2025-08-25,2806.59
2760,2025-09-01,2795.96
2760,2025-09-08,2869.38
2760,2025-09-15,2912.86
2760,2025-09-22,2932.18
2760,2025-09-29,2833.47
2760,2025-10-06,2813.92
2760,2025-10-13,2803.17
2760,2025-10-20,2951.73
2760,2025-10-27,2951.73
2760,2025-11-03,2915.57
2760,2025-11-10,2903.84
2760,2025-11-17,2941.96
2760,2025-11-24,3093.45
2760,2025-12-01,3259.61
2760,2025-12-08,3435.54
2760,2025-12-15,3196.08
2760,2025-12-22,3288.93
2760,2025-12-29,3318.25
2760,2026-01-05,3230.29
2760,2026-01-12,3464.86
2760,2026-01-19,3538.17
2760,2026-01-26,3455.09
2760,2026-02-02,3577.26
2760,2026-02-09,3611.47
2760,2026-02-16,3572.38
2760,2026-02-23,3591.92
2760,2026-03-02,3288.93
2760,2026-03-09,3083.68
2760,2026-03-16,3044.58
2760,2026-03-23,3113.0
2760,2026-03-30,3060.0
2760,2026-04-06,3185.0
2760,2026-04-13,3260.0
2760,2026-04-20,3415.0
2760,2026-04-27,3510.0
2760,2026-05-04,3700.0
2760,2026-05-11,4145.0
2760,2026-05-18,4225.0
2760,2026-05-25,4035.0
2760,2026-06-01,4225.0
2760,2026-06-08,3905.0
2760,2026-06-15,4130.0
2760,2026-06-22,3885.0
2760,2026-06-29,3875.0
2760,2026-07-06,3910.0
2760,2026-07-13,3660.0
2760,2026-07-20,3835.0
2760,2026-07-27,4030.0
2760,2026-08-03,4470.0
2798,2025-08-11,2955.0
2798,2025-08-18,2989.0
2798,2025-08-25,2898.0
2798,2025-09-01,2901.0
2798,2025-09-08,2912.0
2798,2025-09-15,2901.0
2798,2025-09-22,2930.0
2798,2025-09-29,2926.0
2798,2025-10-06,2914.0
2798,2025-10-13,2910.0
2798,2025-10-20,2915.0
2798,2025-10-27,2929.0
2798,2025-11-03,2901.0
2798,2025-11-10,2906.0
2798,2025-11-17,2897.0
2798,2025-11-24,2919.0
2798,2025-12-01,2907.0
2798,2025-12-08,2921.0
2798,2025-12-15,2936.0
2798,2025-12-22,2946.0
2798,2025-12-29,2974.0
2798,2026-01-05,2995.0
2798,2026-01-12,3010.0
2798,2026-01-19,2995.0
2798,2026-01-26,2983.0
2798,2026-02-02,3005.0
2798,2026-02-09,3010.0
2798,2026-02-16,3015.0
2798,2026-02-23,2910.0
2798,2026-03-02,2907.0
2798,2026-03-09,2938.0
2798,2026-03-16,2915.0
2798,2026-03-23,2924.0
2798,2026-03-30,2948.0
2798,2026-04-06,2959.0
2798,2026-04-13,2968.0
2798,2026-04-20,2975.0
2798,2026-04-27,2989.0
2798,2026-05-04,2993.0
2798,2026-05-11,2993.0
2798,2026-05-18,2985.0
2798,2026-05-25,2999.0
2798,2026-06-01,2988.0
2798,2026-06-08,2988.0
2798,2026-06-15,2990.0
2798,2026-06-22,2980.0
2798,2026-06-29,2998.0
2798,2026-07-06,3010.0
2798,2026-07-13,3015.0
2798,2026-07-20,3025.0
2798,2026-07-27,3020.0
2798,2026-08-03,3045.0
2801,2025-08-11,1300.61
2801,2025-08-18,1281.95
2801,2025-08-25,1248.08
2801,2025-09-01,1281.46
2801,2025-09-08,1275.57
2801,2025-09-15,1267.72
2801,2025-09-22,1271.15
2801,2025-09-29,1233.55
2801,2025-10-06,1267.19
2801,2025-10-13,1277.09
2801,2025-10-20,1251.36
2801,2025-10-27,1213.26
2801,2025-11-03,1354.28
2801,2025-11-10,1360.71
2801,2025-11-17,1423.55
2801,2025-11-24,1415.14
2801,2025-12-01,1378.52
2801,2025-12-08,1420.09
2801,2025-12-15,1442.35
2801,2025-12-22,1410.19
2801,2025-12-29,1407.22
2801,2026-01-05,1381.49
2801,2026-01-12,1374.57
2801,2026-01-19,1427.02
2801,2026-01-26,1376.05
2801,2026-02-02,1385.95
2801,2026-02-09,1475.51
2801,2026-02-16,1467.59
2801,2026-02-23,1484.41
2801,2026-03-02,1392.87
2801,2026-03-09,1300.84
2801,2026-03-16,1322.61
2801,2026-03-23,1428.5
2801,2026-03-30,1558.0
2801,2026-04-06,1523.0
2801,2026-04-13,1484.0
2801,2026-04-20,1434.0
2801,2026-04-27,1434.0
2801,2026-05-04,1386.5
2801,2026-05-11,1408.0
2801,2026-05-18,1425.5
2801,2026-05-25,1393.0
2801,2026-06-01,1437.0
2801,2026-06-08,1629.0
2801,2026-06-15,1540.0
2801,2026-06-22,1633.5
2801,2026-06-29,1631.5
2801,2026-07-06,1619.0
2801,2026-07-13,1667.0
2801,2026-07-20,1613.0
2801,2026-07-27,1647.5
2801,2026-08-03,1770.0
2805,2025-08-11,3047.32
2805,2025-08-18,3126.34
2805,2025-08-25,3368.35
2805,2025-09-01,3353.53
2805,2025-09-08,3432.55
2805,2025-09-15,3328.84
2805,2025-09-22,3437.49
2805,2025-09-29,3287.3
2805,2025-10-06,3232.6
2805,2025-10-13,3242.54
2805,2025-10-20,3242.54
2805,2025-10-27,3317.14
2805,2025-11-03,3327.09
2805,2025-11-10,3396.71
2805,2025-11-17,3481.26
2805,2025-11-24,3555.85
2805,2025-12-01,3501.15
2805,2025-12-08,3680.19
2805,2025-12-15,3918.9
2805,2025-12-22,3908.95
2805,2025-12-29,4008.42
2805,2026-01-05,3918.9
2805,2026-01-12,4028.31
2805,2026-01-19,4386.38
2805,2026-01-26,4346.6
2805,2026-02-02,4431.14
2805,2026-02-09,4341.62
2805,2026-02-16,4421.2
2805,2026-02-23,4600.23
2805,2026-03-02,4550.5
2805,2026-03-09,4421.2
2805,2026-03-16,4530.61
2805,2026-03-23,4829.0
2805,2026-03-30,4995.0
2805,2026-04-06,5080.0
2805,2026-04-13,4720.0
2805,2026-04-20,4560.0
2805,2026-04-27,4550.0
2805,2026-05-04,4450.0
2805,2026-05-11,4960.0
2805,2026-05-18,5350.0
2805,2026-05-25,5630.0
2805,2026-06-01,4920.0
2805,2026-06-08,5190.0
2805,2026-06-15,5360.0
2805,2026-06-22,5240.0
2805,2026-06-29,5430.0
2805,2026-07-06,5810.0
2805,2026-07-13,5980.0
2805,2026-07-20,6300.0
2805,2026-07-27,6600.0
2805,2026-08-03,6900.0
2999,2025-08-11,589.05
2999,2025-08-18,599.87
2999,2025-08-25,496.0
2999,2025-09-01,472.0
2999,2025-09-08,470.0
2999,2025-09-15,481.0
2999,2025-09-22,459.0
2999,2025-09-29,439.0
2999,2025-10-06,442.0
2999,2025-10-13,414.0
2999,2025-10-20,425.0
2999,2025-10-27,424.0
2999,2025-11-03,434.0
2999,2025-11-10,432.0
2999,2025-11-17,428.0
2999,2025-11-24,432.0
2999,2025-12-01,451.0
2999,2025-12-08,450.0
2999,2025-12-15,446.0
2999,2025-12-22,456.0
2999,2025-12-29,463.0
2999,2026-01-05,490.0
2999,2026-01-12,475.0
2999,2026-01-19,493.0
2999,2026-01-26,484.0
2999,2026-02-02,485.0
2999,2026-02-09,482.0
2999,2026-02-16,474.0
2999,2026-02-23,467.0
2999,2026-03-02,461.0
2999,2026-03-09,455.0
2999,2026-03-16,473.0
2999,2026-03-23,477.0
2999,2026-03-30,511.0
2999,2026-04-06,500.0
2999,2026-04-13,576.0
2999,2026-04-20,572.0
2999,2026-04-27,571.0
2999,2026-05-04,572.0
2999,2026-05-11,571.0
2999,2026-05-18,560.0
2999,2026-05-25,566.0
2999,2026-06-01,569.0
2999,2026-06-08,572.0
2999,2026-06-15,573.0
2999,2026-06-22,580.0
2999,2026-06-29,603.0
2999,2026-07-06,595.0
2999,2026-07-13,629.0
2999,2026-07-20,628.0
2999,2026-07-27,641.0
2999,2026-08-03,653.0
3036,2025-08-11,1977.48
3036,2025-08-18,2074.95
3036,2025-08-25,2090.4
3036,2025-09-01,2122.24
3036,2025-09-08,2070.13
3036,2025-09-15,2028.63
3036,2025-09-22,2103.91
3036,2025-09-29,2036.99
3036,2025-10-06,2031.09
3036,2025-10-13,2084.23
3036,2025-10-20,2148.19
3036,2025-10-27,2133.43
3036,2025-11-03,2079.31
3036,2025-11-10,2125.56
3036,2025-11-17,2201.33
3036,2025-11-24,2337.13
3036,2025-12-01,2274.15
3036,2025-12-08,2366.65
3036,2025-12-15,2389.28
3036,2025-12-22,2451.28
3036,2025-12-29,2476.86
3036,2026-01-05,2653.99
3036,2026-01-12,2836.04
3036,2026-01-19,2755.35
3036,2026-01-26,2672.69
3036,2026-02-02,2746.49
3036,2026-02-09,2991.52
3036,2026-02-16,3021.05
3036,2026-02-23,3247.38
3036,2026-03-02,2908.86
3036,2026-03-09,2785.86
3036,2026-03-16,2767.16
3036,2026-03-23,2777.0
3036,2026-03-30,2660.0
3036,2026-04-06,2663.0
3036,2026-04-13,2619.0
3036,2026-04-20,2476.0
3036,2026-04-27,2519.0
3036,2026-05-04,2610.0
3036,2026-05-11,2641.0
3036,2026-05-18,2502.0
3036,2026-05-25,2487.0
3036,2026-06-01,2375.0
3036,2026-06-08,2329.0
3036,2026-06-15,2405.0
3036,2026-06-22,2432.0
3036,2026-06-29,2528.0
3036,2026-07-06,2479.0
3036,2026-07-13,2451.0
3036,2026-07-20,2573.0
3036,2026-07-27,2602.0
3036,2026-08-03,3540.0
3107,2025-08-11,2963.38
3107,2025-08-18,3141.1
3107,2025-08-25,3035.82
3107,2025-09-01,3002.01
3107,2025-09-08,3031.95
3107,2025-09-15,2868.24
3107,2025-09-22,2934.4
3107,2025-09-29,2834.23
3107,2025-10-06,2789.55
3107,2025-10-13,2756.16
3107,2025-10-20,2840.12
3107,2025-10-27,2833.25
3107,2025-11-03,2730.13
3107,2025-11-10,2830.79
3107,2025-11-17,2954.04
3107,2025-11-24,2987.43
3107,2025-12-01,2841.1
3107,2025-12-08,2927.03
3107,2025-12-15,3013.95
3107,2025-12-22,3027.7
3107,2025-12-29,3025.73
3107,2026-01-05,3050.28
3107,2026-01-12,3124.92
3107,2026-01-19,3057.16
3107,2026-01-26,2981.54
3107,2026-02-02,3100.37
3107,2026-02-09,3052.25
3107,2026-02-16,2972.7
3107,2026-02-23,3142.6
3107,2026-03-02,2958.95
3107,2026-03-09,2853.87
3107,2026-03-16,2915.25
3107,2026-03-23,3011.0
3107,2026-03-30,3183.0
3107,2026-04-06,3098.0
3107,2026-04-13,3166.0
3107,2026-04-20,3134.0
3107,2026-04-27,3202.0
3107,2026-05-04,3403.0
3107,2026-05-11,3450.0
3107,2026-05-18,3485.0
3107,2026-05-25,3422.0
3107,2026-06-01,3513.0
3107,2026-06-08,3411.0
3107,2026-06-15,3333.0
3107,2026-06-22,3420.0
3107,2026-06-29,3504.0
3107,2026-07-06,3392.0
3107,2026-07-13,3392.0
3107,2026-07-20,3512.0
3107,2026-07-27,3576.0
3107,2026-08-03,3735.0
3159,2025-08-11,322.21
3159,2025-08-18,331.05
3159,2025-08-25,331.05
3159,2025-09-01,343.82
3159,2025-09-08,353.65
3159,2025-09-15,337.93
3159,2025-09-22,334.0
3159,2025-09-29,328.11
3159,2025-10-06,322.21
3159,2025-10-13,324.18
3159,2025-10-20,332.04
3159,2025-10-27,325.16
3159,2025-11-03,326.14
3159,2025-11-10,328.11
3159,2025-11-17,326.14
3159,2025-11-24,335.96
3159,2025-12-01,334.0
3159,2025-12-08,334.98
3159,2025-12-15,328.11
3159,2025-12-22,329.09
3159,2025-12-29,331.05
3159,2026-01-05,336.95
3159,2026-01-12,338.91
3159,2026-01-19,335.96
3159,2026-01-26,334.0
3159,2026-02-02,339.0
3159,2026-02-09,340.0
3159,2026-02-16,342.0
3159,2026-02-23,345.0
3159,2026-03-02,363.0
3159,2026-03-09,360.0
3159,2026-03-16,341.0
3159,2026-03-23,341.0
3159,2026-03-30,346.0
3159,2026-04-06,345.0
3159,2026-04-13,345.0
3159,2026-04-20,347.0
3159,2026-04-27,347.0
3159,2026-05-04,347.0
3159,2026-05-11,347.0
3159,2026-05-18,347.0
3159,2026-05-25,355.0
3159,2026-06-01,349.0
3159,2026-06-08,357.0
3159,2026-06-15,348.0
3159,2026-06-22,351.0
3159,2026-06-29,362.0
3159,2026-07-06,364.0
3159,2026-07-13,362.0
3159,2026-07-20,366.0
3159,2026-07-27,364.0
3159,2026-08-03,422.0
3173,2025-08-11,842.25
3173,2025-08-18,852.85
3173,2025-08-25,852.85
3173,2025-09-01,855.74
3173,2025-09-08,867.31
3173,2025-09-15,861.52
3173,2025-09-22,882.72
3173,2025-09-29,859.21
3173,2025-10-06,857.25
3173,2025-10-13,863.13
3173,2025-10-20,867.05
3173,2025-10-27,857.25
3173,2025-11-03,863.13
3173,2025-11-10,870.97
3173,2025-11-17,854.31
3173,2025-11-24,864.11
3173,2025-12-01,876.85
3173,2025-12-08,878.81
3173,2025-12-15,872.93
3173,2025-12-22,860.19
3173,2025-12-29,881.74
3173,2026-01-05,886.64
3173,2026-01-12,887.62
3173,2026-01-19,887.62
3173,2026-01-26,885.66
3173,2026-02-02,885.66
3173,2026-02-09,899.38
3173,2026-02-16,971.88
3173,2026-02-23,981.68
3173,2026-03-02,973.84
3173,2026-03-09,969.92
3173,2026-03-16,969.92
3173,2026-03-23,966.0
3173,2026-03-30,921.0
3173,2026-04-06,919.0
3173,2026-04-13,917.0
3173,2026-04-20,916.0
3173,2026-04-27,917.0
3173,2026-05-04,914.0
3173,2026-05-11,922.0
3173,2026-05-18,960.0
3173,2026-05-25,961.0
3173,2026-06-01,968.0
3173,2026-06-08,961.0
3173,2026-06-15,972.0
3173,2026-06-22,1002.0
3173,2026-06-29,1058.0
3173,2026-07-06,1048.0
3173,2026-07-13,1018.0
3173,2026-07-20,1052.0
3173,2026-07-27,1099.0
3173,2026-08-03,1166.0
3176,2025-08-11,735.03
3176,2025-08-18,756.25
3176,2025-08-25,777.47
3176,2025-09-01,790.01
3176,2025-09-08,795.8
3176,2025-09-15,795.8
3176,2025-09-22,804.48
3176,2025-09-29,775.03
3176,2025-10-06,748.53
3176,2025-10-13,760.31
3176,2025-10-20,786.32
3176,2025-10-27,779.94
3176,2025-11-03,785.34
3176,2025-11-10,749.51
3176,2025-11-17,743.62
3176,2025-11-24,757.36
3176,2025-12-01,730.37
3176,2025-12-08,723.98
3176,2025-12-15,724.48
3176,2025-12-22,734.78
3176,2025-12-29,732.82
3176,2026-01-05,753.93
3176,2026-01-12,767.67
3176,2026-01-19,772.09
3176,2026-01-26,778.96
3176,2026-02-02,873.2
3176,2026-02-09,887.92
3176,2026-02-16,905.59
3176,2026-02-23,924.74
3176,2026-03-02,849.64
3176,2026-03-09,797.12
3176,2026-03-16,814.79
3176,2026-03-23,803.5
3176,2026-03-30,811.0
3176,2026-04-06,819.0
3176,2026-04-13,802.5
3176,2026-04-20,773.0
3176,2026-04-27,789.5
3176,2026-05-04,784.5
3176,2026-05-11,793.0
3176,2026-05-18,812.0
3176,2026-05-25,790.0
3176,2026-06-01,761.0
3176,2026-06-08,765.0
3176,2026-06-15,763.5
3176,2026-06-22,778.0
3176,2026-06-29,793.0
3176,2026-07-06,815.0
3176,2026-07-13,815.0
3176,2026-07-20,842.0
3176,2026-07-27,865.0
3176,2026-08-03,1016.0
3177,2025-08-11,3306.19
3177,2025-08-18,3286.91
3177,2025-08-25,3296.55
3177,2025-09-01,3306.19
3177,2025-09-08,3282.09
3177,2025-09-15,3286.91
3177,2025-09-22,3306.19
3177,2025-09-29,3257.99
3177,2025-10-06,3243.54
3177,2025-10-13,3229.08
3177,2025-10-20,3296.55
3177,2025-10-27,3248.36
3177,2025-11-03,3248.36
3177,2025-11-10,3277.27
3177,2025-11-17,3339.93
3177,2025-11-24,3339.93
3177,2025-12-01,3277.27
3177,2025-12-08,3335.11
3177,2025-12-15,3335.11
3177,2025-12-22,3344.75
3177,2025-12-29,3441.14
3177,2026-01-05,3441.14
3177,2026-01-12,3667.65
3177,2026-01-19,3662.83
3177,2026-01-26,3614.64
3177,2026-02-02,3725.49
3177,2026-02-09,3807.42
3177,2026-02-16,3711.03
3177,2026-02-23,3685.0
3177,2026-03-02,3600.0
3177,2026-03-09,3550.0
3177,2026-03-16,3415.0
3177,2026-03-23,3465.0
3177,2026-03-30,3435.0
3177,2026-04-06,3515.0
3177,2026-04-13,3605.0
3177,2026-04-20,3675.0
3177,2026-04-27,3625.0
3177,2026-05-04,3505.0
3177,2026-05-11,3505.0
3177,2026-05-18,3575.0
3177,2026-05-25,3405.0
3177,2026-06-01,3290.0
3177,2026-06-08,3440.0
3177,2026-06-15,3410.0
3177,2026-06-22,3545.0
3177,2026-06-29,3530.0
3177,2026-07-06,3595.0
3177,2026-07-13,3880.0
3177,2026-07-20,4085.0
3177,2026-07-27,4075.0
3177,2026-08-03,4205.0
3276,2025-08-11,1226.12
3276,2025-08-18,1269.07
3276,2025-08-25,1263.21
3276,2025-09-01,1239.79
3276,2025-09-08,1272.0
3276,2025-09-15,1264.19
3276,2025-09-22,1309.1
3276,2025-09-29,1230.02
3276,2025-10-06,1242.71
3276,2025-10-13,1246.62
3276,2025-10-20,1267.12
3276,2025-10-27,1223.19
3276,2025-11-03,1222.21
3276,2025-11-10,1236.86
3276,2025-11-17,1251.5
3276,2025-11-24,1265.17
3276,2025-12-01,1224.17
3276,2025-12-08,1227.09
3276,2025-12-15,1257.36
3276,2025-12-22,1272.0
3276,2025-12-29,1290.0
3276,2026-01-05,1292.0
3276,2026-01-12,1294.0
3276,2026-01-19,1291.0
3276,2026-01-26,1280.0
3276,2026-02-02,1289.0
3276,2026-02-09,1332.0
3276,2026-02-16,1352.0
3276,2026-02-23,1375.0
3276,2026-03-02,1341.0
3276,2026-03-09,1330.0
3276,2026-03-16,1321.0
3276,2026-03-23,1328.0
3276,2026-03-30,1322.0
3276,2026-04-06,1329.0
3276,2026-04-13,1316.0
3276,2026-04-20,1292.0
3276,2026-04-27,1298.0
3276,2026-05-04,1281.0
3276,2026-05-11,1353.0
3276,2026-05-18,1323.0
3276,2026-05-25,1329.0
3276,2026-06-01,1315.0
3276,2026-06-08,1303.0
3276,2026-06-15,1310.0
3276,2026-06-22,1310.0
3276,2026-06-29,1329.0
3276,2026-07-06,1587.0
3276,2026-07-13,1781.0
3276,2026-07-20,1794.0
3276,2026-07-27,1822.0
3276,2026-08-03,2244.0
3563,2025-08-11,4199.6
3563,2025-08-18,4245.9
3563,2025-08-25,4245.4
3563,2025-09-01,3949.66
3563,2025-09-08,3892.91
3563,2025-09-15,3931.24
3563,2025-09-22,4105.5
3563,2025-09-29,3545.0
3563,2025-10-06,3463.5
3563,2025-10-13,3554.5
3563,2025-10-20,3661.0
3563,2025-10-27,3757.5
3563,2025-11-03,4009.0
3563,2025-11-10,3919.0
3563,2025-11-17,3416.5
3563,2025-11-24,3515.0
3563,2025-12-01,3803.5
3563,2025-12-08,3835.0
3563,2025-12-15,3840.0
3563,2025-12-22,3913.0
3563,2025-12-29,3956.5
3563,2026-01-05,4371.0
3563,2026-01-12,4209.5
3563,2026-01-19,4438.0
3563,2026-01-26,4235.5
3563,2026-02-02,4716.5
3563,2026-02-09,4670.0
3563,2026-02-16,4657.0
3563,2026-02-23,5032.5
3563,2026-03-02,4630.0
3563,2026-03-09,4820.0
3563,2026-03-16,4755.0
3563,2026-03-23,4876.5
3563,2026-03-30,4875.5
3563,2026-04-06,4794.0
3563,2026-04-13,4628.0
3563,2026-04-20,4559.5
3563,2026-04-27,4581.0
3563,2026-05-04,5150.0
3563,2026-05-11,5170.0
3563,2026-05-18,5412.5
3563,2026-05-25,5437.5
3563,2026-06-01,4943.5
3563,2026-06-08,4993.5
3563,2026-06-15,4625.0
3563,2026-06-22,4984.5
3563,2026-06-29,4643.0
3563,2026-07-06,4806.0
3563,2026-07-13,5409.0
3563,2026-07-20,5428.0
3563,2026-07-27,5559.0
3563,2026-08-03,5820.0
3941,2025-08-11,855.49
3941,2025-08-18,893.96
3941,2025-08-25,889.33
3941,2025-09-01,917.48
3941,2025-09-08,935.32
3941,2025-09-15,907.74
3941,2025-09-22,932.62
3941,2025-09-29,919.72
3941,2025-10-06,905.74
3941,2025-10-13,904.66
3941,2025-10-20,935.97
3941,2025-10-27,924.74
3941,2025-11-03,980.56
3941,2025-11-10,986.96
3941,2025-11-17,1009.11
3941,2025-11-24,1098.7
3941,2025-12-01,1088.37
3941,2025-12-08,1159.74
3941,2025-12-15,1157.28
3941,2025-12-22,1182.39
3941,2025-12-29,1196.66
3941,2026-01-05,1220.29
3941,2026-01-12,1236.53
3941,2026-01-19,1270.01
3941,2026-01-26,1302.5
3941,2026-02-02,1397.99
3941,2026-02-09,1466.91
3941,2026-02-16,1502.84
3941,2026-02-23,1536.32
3941,2026-03-02,1388.15
3941,2026-03-09,1325.63
3941,2026-03-16,1241.46
3941,2026-03-23,1270.5
3941,2026-03-30,1253.0
3941,2026-04-06,1268.0
3941,2026-04-13,1251.5
3941,2026-04-20,1274.0
3941,2026-04-27,1227.0
3941,2026-05-04,1240.0
3941,2026-05-11,1404.0
3941,2026-05-18,1396.0
3941,2026-05-25,1458.0
3941,2026-06-01,1389.0
3941,2026-06-08,1383.5
3941,2026-06-15,1430.5
3941,2026-06-22,1435.5
3941,2026-06-29,1411.0
3941,2026-07-06,1412.5
3941,2026-07-13,1430.5
3941,2026-07-20,1461.5
3941,2026-07-27,1492.0
3941,2026-08-03,1595.5
4008,2025-08-11,878.83
4008,2025-08-18,888.44
4008,2025-08-25,879.79
4008,2025-09-01,896.12
4008,2025-09-08,893.24
4008,2025-09-15,908.61
4008,2025-09-22,920.13
4008,2025-09-29,910.32
4008,2025-10-06,917.19
4008,2025-10-13,931.9
4008,2025-10-20,951.52
4008,2025-10-27,937.79
4008,2025-11-03,937.79
4008,2025-11-10,1041.77
4008,2025-11-17,1035.89
4008,2025-11-24,1043.73
4008,2025-12-01,1012.34
4008,2025-12-08,1045.7
4008,2025-12-15,1045.7
4008,2025-12-22,1049.62
4008,2025-12-29,1059.43
4008,2026-01-05,1049.62
4008,2026-01-12,1077.09
4008,2026-01-19,1061.39
4008,2026-01-26,1051.58
4008,2026-02-02,1075.12
4008,2026-02-09,1283.09
4008,2026-02-16,1347.83
4008,2026-02-23,1402.76
4008,2026-03-02,1339.98
4008,2026-03-09,1287.01
4008,2026-03-16,1245.81
4008,2026-03-23,1236.0
4008,2026-03-30,1223.0
4008,2026-04-06,1253.0
4008,2026-04-13,1268.0
4008,2026-04-20,1197.0
4008,2026-04-27,1186.0
4008,2026-05-04,1209.0
4008,2026-05-11,1260.0
4008,2026-05-18,1275.0
4008,2026-05-25,1332.0
4008,2026-06-01,1289.0
4008,2026-06-08,1281.0
4008,2026-06-15,1327.0
4008,2026-06-22,1289.0
4008,2026-06-29,1376.0
4008,2026-07-06,1266.0
4008,2026-07-13,1268.0
4008,2026-07-20,1276.0
4008,2026-07-27,1223.0
4008,2026-08-03,1446.0
4025,2025-08-11,3351.13
4025,2025-08-18,3684.77
4025,2025-08-25,3522.86
4025,2025-09-01,3650.42
4025,2025-09-08,3831.96
4025,2025-09-15,3782.9
4025,2025-09-22,3861.4
4025,2025-09-29,3748.55
4025,2025-10-06,3709.3
4025,2025-10-13,3709.3
4025,2025-10-20,3694.58
4025,2025-10-27,3542.48
4025,2025-11-03,3616.08
4025,2025-11-10,3527.76
4025,2025-11-17,3503.23
4025,2025-11-24,3620.99
4025,2025-12-01,3473.79
4025,2025-12-08,3581.73
4025,2025-12-15,3743.65
4025,2025-12-22,3935.0
4025,2025-12-29,3825.0
4025,2026-01-05,4005.0
4025,2026-01-12,4105.0
4025,2026-01-19,4050.0
4025,2026-01-26,3925.0
4025,2026-02-02,4015.0
4025,2026-02-09,3735.0
4025,2026-02-16,3830.0
4025,2026-02-23,3900.0
4025,2026-03-02,3715.0
4025,2026-03-09,4020.0
4025,2026-03-16,4420.0
4025,2026-03-23,5100.0
4025,2026-03-30,4510.0
4025,2026-04-06,4460.0
4025,2026-04-13,4365.0
4025,2026-04-20,4505.0
4025,2026-04-27,4670.0
4025,2026-05-04,5180.0
4025,2026-05-11,5450.0
4025,2026-05-18,5220.0
4025,2026-05-25,5010.0
4025,2026-06-01,5430.0
4025,2026-06-08,5290.0
4025,2026-06-15,4700.0
4025,2026-06-22,4735.0
4025,2026-06-29,4960.0
4025,2026-07-06,4775.0
4025,2026-07-13,4855.0
4025,2026-07-20,5020.0
4025,2026-07-27,4965.0
4025,2026-08-03,5420.0
4052,2025-08-11,371.0
4052,2025-08-18,351.0
4052,2025-08-25,349.0
4052,2025-09-01,351.0
4052,2025-09-08,354.0
4052,2025-09-15,353.0
4052,2025-09-22,355.0
4052,2025-09-29,343.0
4052,2025-10-06,335.0
4052,2025-10-13,330.0
4052,2025-10-20,333.0
4052,2025-10-27,315.0
4052,2025-11-03,316.0
4052,2025-11-10,330.0
4052,2025-11-17,313.0
4052,2025-11-24,309.0
4052,2025-12-01,300.0
4052,2025-12-08,297.0
4052,2025-12-15,283.0
4052,2025-12-22,288.0
4052,2025-12-29,294.0
4052,2026-01-05,297.0
4052,2026-01-12,300.0
4052,2026-01-19,293.0
4052,2026-01-26,288.0
4052,2026-02-02,291.0
4052,2026-02-09,281.0
4052,2026-02-16,290.0
4052,2026-02-23,288.0
4052,2026-03-02,328.0
4052,2026-03-09,321.0
4052,2026-03-16,303.0
4052,2026-03-23,310.0
4052,2026-03-30,306.0
4052,2026-04-06,297.0
4052,2026-04-13,292.0
4052,2026-04-20,291.0
4052,2026-04-27,284.0
4052,2026-05-04,287.0
4052,2026-05-11,266.0
4052,2026-05-18,256.0
4052,2026-05-25,258.0
4052,2026-06-01,259.0
4052,2026-06-08,248.0
4052,2026-06-15,230.0
4052,2026-06-22,223.0
4052,2026-06-29,238.0
4052,2026-07-06,239.0
4052,2026-07-13,235.0
4052,2026-07-20,321.0
4052,2026-07-27,342.0
4052,2026-08-03,460.0
4116,2025-08-11,856.33
4116,2025-08-18,898.62
4116,2025-08-25,902.15
4116,2025-09-01,952.66
4116,2025-09-08,946.78
4116,2025-09-15,932.69
4116,2025-09-22,942.08
4116,2025-09-29,929.36
4116,2025-10-06,924.55
4116,2025-10-13,935.36
4116,2025-10-20,958.17
4116,2025-10-27,913.75
4116,2025-11-03,943.77
4116,2025-11-10,918.55
4116,2025-11-17,928.16
4116,2025-11-24,961.78
4116,2025-12-01,926.96
4116,2025-12-08,940.16
4116,2025-12-15,965.38
4116,2025-12-22,984.59
4116,2025-12-29,997.8
4116,2026-01-05,1032.62
4116,2026-01-12,1080.65
4116,2026-01-19,1061.44
4116,2026-01-26,1044.63
4116,2026-02-02,1074.64
4116,2026-02-09,1137.08
4116,2026-02-16,1173.1
4116,2026-02-23,1212.73
4116,2026-03-02,1150.29
4116,2026-03-09,1091.45
4116,2026-03-16,1062.64
4116,2026-03-23,1084.25
4116,2026-03-30,1102.0
4116,2026-04-06,1106.0
4116,2026-04-13,1100.0
4116,2026-04-20,1061.0
4116,2026-04-27,1074.0
4116,2026-05-04,1069.0
4116,2026-05-11,1104.0
4116,2026-05-18,1058.0
4116,2026-05-25,1054.0
4116,2026-06-01,1011.0
4116,2026-06-08,1029.0
4116,2026-06-15,1050.0
4116,2026-06-22,1058.0
4116,2026-06-29,1077.0
4116,2026-07-06,1078.0
4116,2026-07-13,1060.0
4116,2026-07-20,1078.0
4116,2026-07-27,1114.0
4116,2026-08-03,1266.0
4118,2025-08-11,4153.28
4118,2025-08-18,4216.98
4118,2025-08-25,4174.51
4118,2025-09-01,4207.33
4118,2025-09-08,4212.16
4118,2025-09-15,4145.56
4118,2025-09-22,4182.23
4118,2025-09-29,4144.87
4118,2025-10-06,4123.23
4118,2025-10-13,4136.02
4118,2025-10-20,4297.29
4118,2025-10-27,4187.15
4118,2025-11-03,4225.5
4118,2025-11-10,4155.68
4118,2025-11-17,4136.02
4118,2025-11-24,4316.96
4118,2025-12-01,4137.0
4118,2025-12-08,4310.07
4118,2025-12-15,4287.45
4118,2025-12-22,4318.92
4118,2025-12-29,4321.87
4118,2026-01-05,4440.86
4118,2026-01-12,4610.0
4118,2026-01-19,4643.43
4118,2026-01-26,4603.11
4118,2026-02-02,4874.52
4118,2026-02-09,4875.5
4118,2026-02-16,5017.11
4118,2026-02-23,5191.16
4118,2026-03-02,4877.47
4118,2026-03-09,4854.85
4118,2026-03-16,4684.73
4118,2026-03-23,4728.0
4118,2026-03-30,4976.0
4118,2026-04-06,5147.0
4118,2026-04-13,4964.0
4118,2026-04-20,4817.0
4118,2026-04-27,4921.0
4118,2026-05-04,4943.0
4118,2026-05-11,5355.0
4118,2026-05-18,5338.0
4118,2026-05-25,5521.0
4118,2026-06-01,5488.0
4118,2026-06-08,5568.0
4118,2026-06-15,5730.0
4118,2026-06-22,5775.0
4118,2026-06-29,5747.0
4118,2026-07-06,5626.0
4118,2026-07-13,5589.0
4118,2026-07-20,5841.0
4118,2026-07-27,5718.0
4118,2026-08-03,5898.0
4120,2025-08-11,2035.2
4120,2025-08-18,2041.92
4120,2025-08-25,2109.12
4120,2025-09-01,2078.4
4120,2025-09-08,2071.68
4120,2025-09-15,2072.64
4120,2025-09-22,2230.08
4120,2025-09-29,2232.0
4120,2025-10-06,2132.16
4120,2025-10-13,2027.52
4120,2025-10-20,2064.0
4120,2025-10-27,2198.4
4120,2025-11-03,2244.48
4120,2025-11-10,2197.44
4120,2025-11-17,2088.0
4120,2025-11-24,2171.52
4120,2025-12-01,2122.56
4120,2025-12-08,2171.52
4120,2025-12-15,2138.88
4120,2025-12-22,2168.64
4120,2025-12-29,2165.76
4120,2026-01-05,2158.08
4120,2026-01-12,2208.0
4120,2026-01-19,2374.08
4120,2026-01-26,2328.96
4120,2026-02-02,2400.0
4120,2026-02-09,2323.2
4120,2026-02-16,2265.6
4120,2026-02-23,2265.6
4120,2026-03-02,2240.64
4120,2026-03-09,2245.44
4120,2026-03-16,2221.44
4120,2026-03-23,2160.0
4120,2026-03-30,2202.0
4120,2026-04-06,2252.0
4120,2026-04-13,2306.0
4120,2026-04-20,2215.0
4120,2026-04-27,2211.0
4120,2026-05-04,2355.0
4120,2026-05-11,2299.0
4120,2026-05-18,2329.0
4120,2026-05-25,2460.0
4120,2026-06-01,2500.0
4120,2026-06-08,2480.0
4120,2026-06-15,2530.0
4120,2026-06-22,2770.0
4120,2026-06-29,3200.0
4120,2026-07-06,3185.0
4120,2026-07-13,3060.0
4120,2026-07-20,3130.0
4120,2026-07-27,3155.0
4120,2026-08-03,3250.0
4189,2025-08-11,2640.39
4189,2025-08-18,2671.15
4189,2025-08-25,2699.98
4189,2025-09-01,2720.17
4189,2025-09-08,2747.08
4189,2025-09-15,2692.29
4189,2025-09-22,2699.98
4189,2025-09-29,2619.24
4189,2025-10-06,2613.47
4189,2025-10-13,2582.72
4189,2025-10-20,2706.71
4189,2025-10-27,2651.92
4189,2025-11-03,2319.35
4189,2025-11-10,2316.47
4189,2025-11-17,2258.8
4189,2025-11-24,2376.06
4189,2025-12-01,2330.89
4189,2025-12-08,2387.6
4189,2025-12-15,2401.05
4189,2025-12-22,2427.0
4189,2025-12-29,2431.42
4189,2026-01-05,2401.97
4189,2026-01-12,2503.08
4189,2026-01-19,2566.88
4189,2026-01-26,2495.23
4189,2026-02-02,2694.49
4189,2026-02-09,2934.0
4189,2026-02-16,2932.04
4189,2026-02-23,3057.68
4189,2026-03-02,2944.8
4189,2026-03-09,2760.26
4189,2026-03-16,2725.9
4189,2026-03-23,2713.14
4189,2026-03-30,2721.97
4189,2026-04-06,2859.4
4189,2026-04-13,2726.88
4189,2026-04-20,2647.37
4189,2026-04-27,2707.25
4189,2026-05-04,2692.53
4189,2026-05-11,2643.45
4189,2026-05-18,2663.08
4189,2026-05-25,2726.88
4189,2026-06-01,2614.0
4189,2026-06-08,2617.93
4189,2026-06-15,2748.48
4189,2026-06-22,2934.0
4189,2026-06-29,2982.0
4189,2026-07-06,2941.0
4189,2026-07-13,2991.0
4189,2026-07-20,3070.0
4189,2026-07-27,3305.0
4189,2026-08-03,3525.0
4220,2025-08-11,1153.17
4220,2025-08-18,1176.33
4220,2025-08-25,1136.77
4220,2025-09-01,1172.47
4220,2025-09-08,1191.77
4220,2025-09-15,1217.82
4220,2025-09-22,1236.16
4220,2025-09-29,1202.83
4220,2025-10-06,1195.97
4220,2025-10-13,1212.63
4220,2025-10-20,1254.79
4220,2025-10-27,1371.44
4220,2025-11-03,1301.84
4220,2025-11-10,1347.91
4220,2025-11-17,1371.44
4220,2025-11-24,1449.87
4220,2025-12-01,1399.87
4220,2025-12-08,1475.35
4220,2025-12-15,1505.74
4220,2025-12-22,1493.0
4220,2025-12-29,1504.76
4220,2026-01-05,1518.49
4220,2026-01-12,1583.19
4220,2026-01-19,1592.01
4220,2026-01-26,1631.22
4220,2026-02-02,1695.92
4220,2026-02-09,1717.49
4220,2026-02-16,1696.9
4220,2026-02-23,1807.68
4220,2026-03-02,1754.74
4220,2026-03-09,1689.06
4220,2026-03-16,1668.47
4220,2026-03-23,1692.0
4220,2026-03-30,1723.0
4220,2026-04-06,1767.0
4220,2026-04-13,1742.0
4220,2026-04-20,1645.0
4220,2026-04-27,1662.0
4220,2026-05-04,1679.0
4220,2026-05-11,1681.0
4220,2026-05-18,1562.0
4220,2026-05-25,1580.0
4220,2026-06-01,1603.0
4220,2026-06-08,1611.0
4220,2026-06-15,1713.0
4220,2026-06-22,1679.0
4220,2026-06-29,1756.0
4220,2026-07-06,1795.0
4220,2026-07-13,1776.0
4220,2026-07-20,1823.0
4220,2026-07-27,2216.0
4220,2026-08-03,2830.0
4228,2025-08-11,348.99
4228,2025-08-18,359.63
4228,2025-08-25,356.73
4228,2025-09-01,357.69
4228,2025-09-08,357.69
4228,2025-09-15,359.63
4228,2025-09-22,362.53
4228,2025-09-29,338.36
4228,2025-10-06,335.46
4228,2025-10-13,341.26
4228,2025-10-20,359.63
4228,2025-10-27,342.23
4228,2025-11-03,330.63
4228,2025-11-10,345.13
4228,2025-11-17,343.19
4228,2025-11-24,366.39
4228,2025-12-01,375.1
4228,2025-12-08,375.1
4228,2025-12-15,393.46
4228,2025-12-22,393.46
4228,2025-12-29,386.7
4228,2026-01-05,400.23
4228,2026-01-12,414.73
4228,2026-01-19,423.43
4228,2026-01-26,407.96
4228,2026-02-02,456.3
4228,2026-02-09,470.8
4228,2026-02-16,480.47
4228,2026-02-23,526.87
4228,2026-03-02,493.04
4228,2026-03-09,443.73
4228,2026-03-16,432.13
4228,2026-03-23,436.0
4228,2026-03-30,444.0
4228,2026-04-06,460.0
4228,2026-04-13,474.0
4228,2026-04-20,423.0
4228,2026-04-27,449.0
4228,2026-05-04,476.0
4228,2026-05-11,532.0
4228,2026-05-18,511.0
4228,2026-05-25,574.0
4228,2026-06-01,556.0
4228,2026-06-08,550.0
4228,2026-06-15,546.0
4228,2026-06-22,544.0
4228,2026-06-29,547.0
4228,2026-07-06,521.0
4228,2026-07-13,509.0
4228,2026-07-20,508.0
4228,2026-07-27,530.0
4228,2026-08-03,609.0
4249,2025-08-11,2375.28
4249,2025-08-18,2378.15
4249,2025-08-25,2341.83
4249,2025-09-01,2410.65
4249,2025-09-08,2430.72
4249,2025-09-15,2458.44
4249,2025-09-22,2584.62
4249,2025-09-29,2473.77
4249,2025-10-06,2393.69
4249,2025-10-13,2365.37
4249,2025-10-20,2452.28
4249,2025-10-27,2292.12
4249,2025-11-03,2296.03
4249,2025-11-10,2225.71
4249,2025-11-17,2263.8
4249,2025-11-24,2354.62
4249,2025-12-01,2244.26
4249,2025-12-08,2252.08
4249,2025-12-15,2212.04
4249,2025-12-22,2373.18
4249,2025-12-29,2436.66
4249,2026-01-05,2393.69
4249,2026-01-12,2480.61
4249,2026-01-19,2462.05
4249,2026-01-26,2371.22
4249,2026-02-02,2439.59
4249,2026-02-09,2449.35
4249,2026-02-16,2467.91
4249,2026-02-23,2599.75
4249,2026-03-02,2465.96
4249,2026-03-09,2390.76
4249,2026-03-16,2401.5
4249,2026-03-23,2401.5
4249,2026-03-30,2426.0
4249,2026-04-06,2392.0
4249,2026-04-13,2364.0
4249,2026-04-20,2418.0
4249,2026-04-27,2449.0
4249,2026-05-04,2472.0
4249,2026-05-11,2517.0
4249,2026-05-18,2425.0
4249,2026-05-25,2378.0
4249,2026-06-01,2336.0
4249,2026-06-08,2325.0
4249,2026-06-15,2319.0
4249,2026-06-22,2340.0
4249,2026-06-29,2403.0
4249,2026-07-06,2411.0
4249,2026-07-13,2450.0
4249,2026-07-20,2486.0
4249,2026-07-27,2516.0
4249,2026-08-03,2710.0
4385,2025-08-11,2200.0
4385,2025-08-18,2286.0
4385,2025-08-25,2501.0
4385,2025-09-01,2351.0
4385,2025-09-08,2299.0
4385,2025-09-15,2268.5
4385,2025-09-22,2278.0
4385,2025-09-29,2192.0
4385,2025-10-06,2184.0
4385,2025-10-13,2266.0
4385,2025-10-20,2353.0
4385,2025-10-27,2281.5
4385,2025-11-03,2224.0
4385,2025-11-10,2632.5
4385,2025-11-17,2515.0
4385,2025-11-24,2655.0
4385,2025-12-01,2893.0
4385,2025-12-08,2979.5
4385,2025-12-15,3030.0
4385,2025-12-22,3210.0
4385,2025-12-29,3170.0
4385,2026-01-05,3249.0
4385,2026-01-12,3192.0
4385,2026-01-19,3040.0
4385,2026-01-26,3428.0
4385,2026-02-02,3139.0
4385,2026-02-09,3474.0
4385,2026-02-16,3585.0
4385,2026-02-23,3675.0
4385,2026-03-02,3491.0
4385,2026-03-09,3449.0
4385,2026-03-16,3496.0
4385,2026-03-23,3764.0
4385,2026-03-30,3963.0
4385,2026-04-06,3613.0
4385,2026-04-13,3895.0
4385,2026-04-20,3995.0
4385,2026-04-27,3855.0
4385,2026-05-04,4042.0
4385,2026-05-11,4173.0
4385,2026-05-18,4201.0
4385,2026-05-25,4239.0
4385,2026-06-01,3874.0
4385,2026-06-08,3730.0
4385,2026-06-15,3870.0
4385,2026-06-22,3763.0
4385,2026-06-29,4392.0
4385,2026-07-06,4785.0
4385,2026-07-13,4616.0
4385,2026-07-20,4250.0
4385,2026-07-27,4290.0
4385,2026-08-03,4921.0
4452,2025-08-11,3234.75
4452,2025-08-18,3297.22
4452,2025-08-25,3271.84
4452,2025-09-01,3384.58
4452,2025-09-08,3292.34
4452,2025-09-15,3252.32
4452,2025-09-22,3181.06
4452,2025-09-29,3079.06
4452,2025-10-06,3036.12
4452,2025-10-13,3073.21
4452,2025-10-20,3164.47
4452,2025-10-27,3182.04
4452,2025-11-03,3184.97
4452,2025-11-10,3250.85
4452,2025-11-17,3215.72
4452,2025-11-24,3081.5
4452,2025-12-01,3036.12
4452,2025-12-08,3087.85
4452,2025-12-15,3075.16
4452,2025-12-22,3095.66
4452,2025-12-29,3093.19
4452,2026-01-05,3097.14
4452,2026-01-12,3066.51
4452,2026-01-19,3035.38
4452,2026-01-26,3056.13
4452,2026-02-02,3225.59
4452,2026-02-09,3339.71
4452,2026-02-16,3223.12
4452,2026-02-23,3297.23
4452,2026-03-02,3109.49
4452,2026-03-09,3046.25
4452,2026-03-16,2972.64
4452,2026-03-23,3036.87
4452,2026-03-30,3033.41
4452,2026-04-06,3013.65
4452,2026-04-13,2968.19
4452,2026-04-20,2915.33
4452,2026-04-27,2896.06
4452,2026-05-04,2938.06
4452,2026-05-11,2906.44
4452,2026-05-18,2962.27
4452,2026-05-25,3021.06
4452,2026-06-01,2925.21
4452,2026-06-08,2985.98
4452,2026-06-15,3063.54
4452,2026-06-22,3233.0
4452,2026-06-29,3289.0
4452,2026-07-06,3219.0
4452,2026-07-13,3308.0
4452,2026-07-20,3223.0
4452,2026-07-27,3268.0
4452,2026-08-03,3597.0
4461,2025-08-11,6096.74
4461,2025-08-18,5724.87
4461,2025-08-25,5509.57
4461,2025-09-01,5773.8
4461,2025-09-08,5656.36
4461,2025-09-15,5744.44
4461,2025-09-22,5822.73
4461,2025-09-29,6307.13
4461,2025-10-06,5990.79
4461,2025-10-13,6099.53
4461,2025-10-20,6099.53
4461,2025-10-27,6514.73
4461,2025-11-03,6979.37
4461,2025-11-10,7532.97
4461,2025-11-17,7266.05
4461,2025-11-24,7523.08
4461,2025-12-01,7453.88
4461,2025-12-08,8215.09
4461,2025-12-15,8264.52
4461,2025-12-22,8017.37
4461,2025-12-29,8136.0
4461,2026-01-05,8264.52
4461,2026-01-12,8916.98
4461,2026-01-19,8996.07
4461,2026-01-26,10132.93
4461,2026-02-02,10824.94
4461,2026-02-09,11121.51
4461,2026-02-16,11180.83
4461,2026-02-23,12238.6
4461,2026-03-02,10706.31
4461,2026-03-09,9292.64
4461,2026-03-16,8007.49
4461,2026-03-23,7790.0
4461,2026-03-30,7660.0
4461,2026-04-06,8650.0
4461,2026-04-13,8410.0
4461,2026-04-20,8060.0
4461,2026-04-27,8320.0
4461,2026-05-04,8930.0
4461,2026-05-11,8780.0
4461,2026-05-18,9360.0
4461,2026-05-25,11370.0
4461,2026-06-01,11730.0
4461,2026-06-08,10720.0
4461,2026-06-15,12570.0
4461,2026-06-22,12510.0
4461,2026-06-29,12880.0
4461,2026-07-06,10810.0
4461,2026-07-13,10100.0
4461,2026-07-20,10500.0
4461,2026-07-27,12620.0
4461,2026-08-03,14480.0
4613,2025-08-11,2361.77
4613,2025-08-18,2436.35
4613,2025-08-25,2381.85
4613,2025-09-01,2402.4
4613,2025-09-08,2408.62
4613,2025-09-15,2373.72
4613,2025-09-22,2375.63
4613,2025-09-29,2410.34
4613,2025-10-06,2411.81
4613,2025-10-13,2456.79
4613,2025-10-20,2506.17
4613,2025-10-27,2419.14
4613,2025-11-03,2354.61
4613,2025-11-10,2297.89
4613,2025-11-17,2293.98
4613,2025-11-24,2348.25
4613,2025-12-01,2306.69
4613,2025-12-08,2356.56
4613,2025-12-15,2399.1
4613,2025-12-22,2416.21
4613,2025-12-29,2420.12
4613,2026-01-05,2443.1
4613,2026-01-12,2481.73
4613,2026-01-19,2510.08
4613,2026-01-26,2411.81
4613,2026-02-02,2575.11
4613,2026-02-09,2707.6
4613,2026-02-16,2668.0
4613,2026-02-23,2702.71
4613,2026-03-02,2551.15
4613,2026-03-09,2445.55
4613,2026-03-16,2366.34
4613,2026-03-23,2425.5
4613,2026-03-30,2490.0
4613,2026-04-06,2492.0
4613,2026-04-13,2408.5
4613,2026-04-20,2375.5
4613,2026-04-27,2328.0
4613,2026-05-04,2344.0
4613,2026-05-11,2300.0
4613,2026-05-18,2337.0
4613,2026-05-25,2450.5
4613,2026-06-01,2401.5
4613,2026-06-08,2469.0
4613,2026-06-15,2623.0
4613,2026-06-22,2630.5
4613,2026-06-29,2756.5
4613,2026-07-06,2675.5
4613,2026-07-13,2666.0
4613,2026-07-20,2661.5
4613,2026-07-27,2832.0
4613,2026-08-03,2924.5
4619,2025-08-11,1972.24
4619,2025-08-18,2037.45
4619,2025-08-25,2031.78
4619,2025-09-01,2081.87
4619,2025-09-08,2082.81
4619,2025-09-15,2076.2
4619,2025-09-22,2051.63
4619,2025-09-29,2011.97
4619,2025-10-06,1994.56
4619,2025-10-13,2043.89
4619,2025-10-20,2055.5
4619,2025-10-27,2021.64
4619,2025-11-03,1995.52
4619,2025-11-10,2090.32
4619,2025-11-17,2120.3
4619,2025-11-24,2170.6
4619,2025-12-01,2112.57
4619,2025-12-08,2212.2
4619,2025-12-15,2256.69
4619,2025-12-22,2260.56
4619,2025-12-29,2258.63
4619,2026-01-05,2323.43
4619,2026-01-12,2370.83
4619,2026-01-19,2340.85
4619,2026-01-26,2266.36
4619,2026-02-02,2355.36
4619,2026-02-09,2312.79
4619,2026-02-16,2346.65
4619,2026-02-23,2461.76
4619,2026-03-02,2336.01
4619,2026-03-09,2252.82
4619,2026-03-16,2216.07
4619,2026-03-23,2218.0
4619,2026-03-30,2207.0
4619,2026-04-06,2216.0
4619,2026-04-13,2156.0
4619,2026-04-20,2096.0
4619,2026-04-27,2035.0
4619,2026-05-04,2079.0
4619,2026-05-11,2396.0
4619,2026-05-18,2408.0
4619,2026-05-25,2364.0
4619,2026-06-01,2273.0
4619,2026-06-08,2300.0
4619,2026-06-15,2331.0
4619,2026-06-22,2329.0
4619,2026-06-29,2389.0
4619,2026-07-06,2406.0
4619,2026-07-13,2385.0
4619,2026-07-20,2436.0
4619,2026-07-27,2471.0
4619,2026-08-03,2548.0
4634,2025-08-11,3008.07
4634,2025-08-18,3105.26
4634,2025-08-25,2998.35
4634,2025-09-01,3076.1
4634,2025-09-08,3095.54
4634,2025-09-15,3066.38
4634,2025-09-22,3173.29
4634,2025-09-29,3037.22
4634,2025-10-06,2969.19
4634,2025-10-13,3032.37
4634,2025-10-20,3114.98
4634,2025-10-27,3056.66
4634,2025-11-03,3080.96
4634,2025-11-10,3212.17
4634,2025-11-17,3241.33
4634,2025-11-24,3333.66
4634,2025-12-01,3251.05
4634,2025-12-08,3377.39
4634,2025-12-15,3416.27
4634,2025-12-22,3401.69
4634,2025-12-29,3391.83
4634,2026-01-05,3436.2
4634,2026-01-12,3584.1
4634,2026-01-19,3633.4
4634,2026-01-26,3648.19
4634,2026-02-02,3786.23
4634,2026-02-09,3870.04
4634,2026-02-16,4101.75
4634,2026-02-23,4333.46
4634,2026-03-02,4086.96
4634,2026-03-09,3825.67
4634,2026-03-16,3677.77
4634,2026-03-23,3756.65
4634,2026-03-30,3736.93
4634,2026-04-06,3939.06
4634,2026-04-13,3924.27
4634,2026-04-20,3894.69
4634,2026-04-27,3835.53
4634,2026-05-04,3939.06
4634,2026-05-11,4062.31
4634,2026-05-18,4082.03
4634,2026-05-25,4131.33
4634,2026-06-01,4057.38
4634,2026-06-08,4017.94
4634,2026-06-15,4185.56
4634,2026-06-22,4225.0
4634,2026-06-29,4395.0
4634,2026-07-06,4350.0
4634,2026-07-13,4500.0
4634,2026-07-20,4535.0
4634,2026-07-27,4460.0
4634,2026-08-03,4750.0
4635,2025-08-11,1172.7
4635,2025-08-18,1272.18
4635,2025-08-25,1342.96
4635,2025-09-01,1329.57
4635,2025-09-08,1329.57
4635,2025-09-15,1276.0
4635,2025-09-22,1339.13
4635,2025-09-29,1343.03
4635,2025-10-06,1356.67
4635,2025-10-13,1362.52
4635,2025-10-20,1440.49
4635,2025-10-27,1372.27
4635,2025-11-03,1321.59
4635,2025-11-10,1307.94
4635,2025-11-17,1304.05
4635,2025-11-24,1419.05
4635,2025-12-01,1374.22
4635,2025-12-08,1389.81
4635,2025-12-15,1413.2
4635,2025-12-22,1461.93
4635,2025-12-29,1398.58
4635,2026-01-05,1437.57
4635,2026-01-12,1515.54
4635,2026-01-19,1484.35
4635,2026-01-26,1438.54
4635,2026-02-02,1486.3
4635,2026-02-09,1753.35
4635,2026-02-16,1729.96
4635,2026-02-23,1778.69
4635,2026-03-02,1608.13
4635,2026-03-09,1523.34
4635,2026-03-16,1460.96
4635,2026-03-23,1421.0
4635,2026-03-30,1370.0
4635,2026-04-06,1391.0
4635,2026-04-13,1350.0
4635,2026-04-20,1317.0
4635,2026-04-27,1309.0
4635,2026-05-04,1300.0
4635,2026-05-11,1250.0
4635,2026-05-18,1228.0
4635,2026-05-25,1260.0
4635,2026-06-01,1239.0
4635,2026-06-08,1239.0
4635,2026-06-15,1323.0
4635,2026-06-22,1330.0
4635,2026-06-29,1384.0
4635,2026-07-06,1367.0
4635,2026-07-13,1370.0
4635,2026-07-20,1412.0
4635,2026-07-27,1399.0
4635,2026-08-03,1994.0
4746,2025-08-11,3967.11
4746,2025-08-18,3967.11
4746,2025-08-25,3776.39
4746,2025-09-01,3819.3
4746,2025-09-08,3924.2
4746,2025-09-15,3814.53
4746,2025-09-22,3905.13
4746,2025-09-29,3733.47
4746,2025-10-06,3714.4
4746,2025-10-13,3733.47
4746,2025-10-20,3776.39
4746,2025-10-27,3657.18
4746,2025-11-03,3819.3
4746,2025-11-10,3981.42
4746,2025-11-17,3976.65
4746,2025-11-24,4010.03
4746,2025-12-01,3919.43
4746,2025-12-08,3838.37
4746,2025-12-15,3819.3
4746,2025-12-22,3843.14
4746,2025-12-29,3961.29
4746,2026-01-05,4245.64
4746,2026-01-12,4407.43
4746,2026-01-19,4353.5
4746,2026-01-26,4132.88
4746,2026-02-02,4083.86
4746,2026-02-09,4211.33
4746,2026-02-16,4167.2
4746,2026-02-23,4348.6
4746,2026-03-02,4181.91
4746,2026-03-09,4211.33
4746,2026-03-16,4206.42
4746,2026-03-23,4191.71
4746,2026-03-30,4142.69
4746,2026-04-06,4431.94
4746,2026-04-13,4407.43
4746,2026-04-20,4319.18
4746,2026-04-27,4235.84
4746,2026-05-04,4044.64
4746,2026-05-11,3946.59
4746,2026-05-18,4123.08
4746,2026-05-25,4226.03
4746,2026-06-01,4142.69
4746,2026-06-08,4118.18
4746,2026-06-15,4167.2
4746,2026-06-22,4353.5
4746,2026-06-29,4485.0
4746,2026-07-06,4740.0
4746,2026-07-13,4780.0
4746,2026-07-20,4825.0
4746,2026-07-27,5020.0
4746,2026-08-03,6600.0
4847,2025-08-11,1014.35
4847,2025-08-18,1031.66
4847,2025-08-25,1023.96
4847,2025-09-01,1028.77
4847,2025-09-08,1032.62
4847,2025-09-15,1065.31
4847,2025-09-22,1057.61
4847,2025-09-29,986.47
4847,2025-10-06,999.93
4847,2025-10-13,980.7
4847,2025-10-20,1016.27
4847,2025-10-27,996.08
4847,2025-11-03,931.66
4847,2025-11-10,933.59
4847,2025-11-17,907.63
4847,2025-11-24,936.47
4847,2025-12-01,916.28
4847,2025-12-08,917.24
4847,2025-12-15,909.55
4847,2025-12-22,925.89
4847,2025-12-29,936.66
4847,2026-01-05,963.09
4847,2026-01-12,978.75
4847,2026-01-19,962.11
4847,2026-01-26,930.79
4847,2026-02-02,944.49
4847,2026-02-09,938.62
4847,2026-02-16,950.36
4847,2026-02-23,988.53
4847,2026-03-02,1001.26
4847,2026-03-09,977.77
4847,2026-03-16,959.17
4847,2026-03-23,947.43
4847,2026-03-30,953.3
4847,2026-04-06,950.36
4847,2026-04-13,967.98
4847,2026-04-20,960.15
4847,2026-04-27,949.38
4847,2026-05-04,973.85
4847,2026-05-11,902.4
4847,2026-05-18,919.04
4847,2026-05-25,918.06
4847,2026-06-01,926.87
4847,2026-06-08,920.02
4847,2026-06-15,911.21
4847,2026-06-22,921.0
4847,2026-06-29,967.0
4847,2026-07-06,954.0
4847,2026-07-13,952.0
4847,2026-07-20,1003.0
4847,2026-07-27,1000.0
4847,2026-08-03,1267.0
4901,2025-08-11,3515.94
4901,2025-08-18,3526.71
4901,2025-08-25,3437.61
4901,2025-09-01,3531.61
4901,2025-09-08,3564.9
4901,2025-09-15,3479.71
4901,2025-09-22,3649.1
4901,2025-09-29,3585.84
4901,2025-10-06,3499.85
4901,2025-10-13,3444.5
4901,2025-10-20,3500.84
4901,2025-10-27,3538.4
4901,2025-11-03,3360.49
4901,2025-11-10,3268.57
4901,2025-11-17,3267.58
4901,2025-11-24,3320.96
4901,2025-12-01,3212.23
4901,2025-12-08,3424.74
4901,2025-12-15,3321.94
4901,2025-12-22,3331.83
4901,2025-12-29,3305.14
4901,2026-01-05,3261.65
4901,2026-01-12,3401.02
4901,2026-01-19,3202.35
4901,2026-01-26,3051.13
4901,2026-02-02,2988.86
4901,2026-02-09,2997.76
4901,2026-02-16,2965.14
4901,2026-02-23,3206.3
4901,2026-03-02,2966.13
4901,2026-03-09,2977.99
4901,2026-03-16,2910.78
4901,2026-03-23,2977.0
4901,2026-03-30,3112.0
4901,2026-04-06,3116.0
4901,2026-04-13,3166.0
4901,2026-04-20,2896.0
4901,2026-04-27,2875.5
4901,2026-05-04,3023.0
4901,2026-05-11,3110.0
4901,2026-05-18,3181.0
4901,2026-05-25,3322.0
4901,2026-06-01,3528.0
4901,2026-06-08,3401.0
4901,2026-06-15,3383.0
4901,2026-06-22,3436.0
4901,2026-06-29,3621.0
4901,2026-07-06,3586.0
4901,2026-07-13,3633.0
4901,2026-07-20,3626.0
4901,2026-07-27,3772.0
4901,2026-08-03,3878.0
4968,2025-08-11,1087.06
4968,2025-08-18,1090.9
4968,2025-08-25,1082.27
4968,2025-09-01,1102.42
4968,2025-09-08,1090.9
4968,2025-09-15,1080.35
4968,2025-09-22,1092.82
4968,2025-09-29,1057.51
4968,2025-10-06,1043.77
4968,2025-10-13,1045.73
4968,2025-10-20,1105.57
4968,2025-10-27,1092.82
4968,2025-11-03,1066.33
4968,2025-11-10,1083.01
4968,2025-11-17,1092.82
4968,2025-11-24,1114.4
4968,2025-12-01,1112.44
4968,2025-12-08,1100.67
4968,2025-12-15,1143.83
4968,2025-12-22,1180.13
4968,2025-12-29,1196.81
4968,2026-01-05,1236.05
4968,2026-01-12,1278.23
4968,2026-01-19,1311.58
4968,2026-01-26,1290.0
4968,2026-02-02,1433.22
4968,2026-02-09,1445.98
4968,2026-02-16,1440.09
4968,2026-02-23,1526.42
4968,2026-03-02,1379.27
4968,2026-03-09,1328.26
4968,2026-03-16,1291.96
4968,2026-03-23,1290.0
4968,2026-03-30,1281.0
4968,2026-04-06,1287.0
4968,2026-04-13,1286.0
4968,2026-04-20,1200.0
4968,2026-04-27,1252.0
4968,2026-05-04,1283.0
4968,2026-05-11,1369.0
4968,2026-05-18,1371.0
4968,2026-05-25,1485.0
4968,2026-06-01,1650.0
4968,2026-06-08,1781.0
4968,2026-06-15,2183.0
4968,2026-06-22,2090.0
4968,2026-06-29,2102.0
4968,2026-07-06,2272.0
4968,2026-07-13,2161.0
4968,2026-07-20,2051.0
4968,2026-07-27,1819.0
4968,2026-08-03,2440.0
4997,2025-08-11,972.83
4997,2025-08-18,979.58
4997,2025-08-25,940.98
4997,2025-09-01,998.89
4997,2025-09-08,968.97
4997,2025-09-15,989.23
4997,2025-09-22,987.3
4997,2025-09-29,952.15
4997,2025-10-06,934.57
4997,2025-10-13,914.06
4997,2025-10-20,914.06
4997,2025-10-27,843.75
4997,2025-11-03,847.66
4997,2025-11-10,864.26
4997,2025-11-17,867.19
4997,2025-11-24,868.16
4997,2025-12-01,880.86
4997,2025-12-08,970.7
4997,2025-12-15,995.12
4997,2025-12-22,982.42
4997,2025-12-29,990.23
4997,2026-01-05,994.14
4997,2026-01-12,1012.7
4997,2026-01-19,1005.86
4997,2026-01-26,990.23
4997,2026-02-02,1034.18
4997,2026-02-09,998.05
4997,2026-02-16,993.16
4997,2026-02-23,1066.41
4997,2026-03-02,989.26
4997,2026-03-09,990.23
4997,2026-03-16,984.38
4997,2026-03-23,1000.0
4997,2026-03-30,1031.0
4997,2026-04-06,1021.0
4997,2026-04-13,1017.0
4997,2026-04-20,1003.0
4997,2026-04-27,999.0
4997,2026-05-04,964.0
4997,2026-05-11,986.0
4997,2026-05-18,976.0
4997,2026-05-25,1057.0
4997,2026-06-01,1017.0
4997,2026-06-08,1028.0
4997,2026-06-15,1004.0
4997,2026-06-22,1022.0
4997,2026-06-29,1033.0
4997,2026-07-06,1014.0
4997,2026-07-13,987.0
4997,2026-07-20,1085.0
4997,2026-07-27,1077.0
4997,2026-08-03,1110.0
5121,2025-08-11,1739.78
5121,2025-08-18,1834.45
5121,2025-08-25,1780.35
5121,2025-09-01,1884.68
5121,2025-09-08,1863.43
5121,2025-09-15,1862.46
5121,2025-09-22,1900.14
5121,2025-09-29,1886.38
5121,2025-10-06,1892.28
5121,2025-10-13,1892.28
5121,2025-10-20,1991.51
5121,2025-10-27,1901.12
5121,2025-11-03,1889.33
5121,2025-11-10,1820.56
5121,2025-11-17,1743.92
5121,2025-11-24,1856.91
5121,2025-12-01,1921.75
5121,2025-12-08,1896.21
5121,2025-12-15,1868.7
5121,2025-12-22,1991.51
5121,2025-12-29,2020.0
5121,2026-01-05,2022.95
5121,2026-01-12,2176.22
5121,2026-01-19,2190.96
5121,2026-01-26,2227.31
5121,2026-02-02,2362.89
5121,2026-02-09,2490.62
5121,2026-02-16,2559.39
5121,2026-02-23,2670.41
5121,2026-03-02,2701.85
5121,2026-03-09,2492.58
5121,2026-03-16,2456.23
5121,2026-03-23,2413.0
5121,2026-03-30,2579.0
5121,2026-04-06,2611.0
5121,2026-04-13,2500.0
5121,2026-04-20,2494.0
5121,2026-04-27,2519.0
5121,2026-05-04,2590.0
5121,2026-05-11,2545.0
5121,2026-05-18,2416.0
5121,2026-05-25,2474.0
5121,2026-06-01,2543.0
5121,2026-06-08,2550.0
5121,2026-06-15,2668.0
5121,2026-06-22,2595.0
5121,2026-06-29,2585.0
5121,2026-07-06,2584.0
5121,2026-07-13,2466.0
5121,2026-07-20,2484.0
5121,2026-07-27,2504.0
5121,2026-08-03,2775.0
5186,2025-08-11,3839.58
5186,2025-08-18,3926.3
5186,2025-08-25,3974.48
5186,2025-09-01,3931.12
5186,2025-09-08,3969.66
5186,2025-09-15,3955.21
5186,2025-09-22,4041.92
5186,2025-09-29,3970.36
5186,2025-10-06,3911.54
5186,2025-10-13,3926.24
5186,2025-10-20,4048.78
5186,2025-10-27,3965.46
5186,2025-11-03,3965.46
5186,2025-11-10,3989.96
5186,2025-11-17,3945.85
5186,2025-11-24,4078.19
5186,2025-12-01,3965.46
5186,2025-12-08,4088.0
5186,2025-12-15,4078.19
5186,2025-12-22,4102.7
5186,2025-12-29,4132.11
5186,2026-01-05,4146.82
5186,2026-01-12,4259.56
5186,2026-01-19,4195.83
5186,2026-01-26,3994.87
5186,2026-02-02,4029.18
5186,2026-02-09,4230.15
5186,2026-02-16,4352.69
5186,2026-02-23,4641.89
5186,2026-03-02,4357.59
5186,2026-03-09,4279.16
5186,2026-03-16,4303.67
5186,2026-03-23,4387.0
5186,2026-03-30,4570.0
5186,2026-04-06,4725.0
5186,2026-04-13,4530.0
5186,2026-04-20,4460.0
5186,2026-04-27,4455.0
5186,2026-05-04,4650.0
5186,2026-05-11,5600.0
5186,2026-05-18,5600.0
5186,2026-05-25,5870.0
5186,2026-06-01,6100.0
5186,2026-06-08,6010.0
5186,2026-06-15,6250.0
5186,2026-06-22,6100.0
5186,2026-06-29,6050.0
5186,2026-07-06,6310.0
5186,2026-07-13,6590.0
5186,2026-07-20,6500.0
5186,2026-07-27,6390.0
5186,2026-08-03,6830.0
5195,2025-08-11,1811.61
5195,2025-08-18,1852.18
5195,2025-08-25,1891.81
5195,2025-09-01,1922.0
5195,2025-09-08,1942.76
5195,2025-09-15,1935.21
5195,2025-09-22,1943.7
5195,2025-09-29,1890.78
5195,2025-10-06,1848.44
5195,2025-10-13,1872.5
5195,2025-10-20,1931.19
5195,2025-10-27,1864.8
5195,2025-11-03,1898.48
5195,2025-11-10,1881.16
5195,2025-11-17,1895.59
5195,2025-11-24,1987.0
5195,2025-12-01,1912.91
5195,2025-12-08,1926.38
5195,2025-12-15,1941.78
5195,2025-12-22,1961.02
5195,2025-12-29,1970.64
5195,2026-01-05,2003.36
5195,2026-01-12,2061.09
5195,2026-01-19,2038.0
5195,2026-01-26,1947.55
5195,2026-02-02,1998.55
5195,2026-02-09,2230.45
5195,2026-02-16,2240.07
5195,2026-02-23,2297.8
5195,2026-03-02,2113.05
5195,2026-03-09,1988.93
5195,2026-03-16,1999.51
5195,2026-03-23,2038.0
5195,2026-03-30,2087.0
5195,2026-04-06,2149.0
5195,2026-04-13,2146.0
5195,2026-04-20,2025.0
5195,2026-04-27,2023.0
5195,2026-05-04,2039.0
5195,2026-05-11,2209.0
5195,2026-05-18,2241.0
5195,2026-05-25,2242.0
5195,2026-06-01,2200.0
5195,2026-06-08,2180.0
5195,2026-06-15,2241.0
5195,2026-06-22,2221.0
5195,2026-06-29,2231.0
5195,2026-07-06,2240.0
5195,2026-07-13,2226.0
5195,2026-07-20,2309.0
5195,2026-07-27,2423.0
5195,2026-08-03,2468.0
5301,2025-08-11,1022.58
5301,2025-08-18,996.3
5301,2025-08-25,990.95
5301,2025-09-01,1012.36
5301,2025-09-08,1003.6
5301,2025-09-15,978.78
5301,2025-09-22,1023.56
5301,2025-09-29,1003.6
5301,2025-10-06,1081.48
5301,2025-10-13,1036.7
5301,2025-10-20,1084.4
5301,2025-10-27,1006.04
5301,2025-11-03,962.62
5301,2025-11-10,1007.01
5301,2025-11-17,963.89
5301,2025-11-24,1000.68
5301,2025-12-01,972.74
5301,2025-12-08,958.14
5301,2025-12-15,936.73
5301,2025-12-22,961.74
5301,2025-12-29,957.99
5301,2026-01-05,996.34
5301,2026-01-12,1057.13
5301,2026-01-19,1041.31
5301,2026-01-26,1054.66
5301,2026-02-02,1093.7
5301,2026-02-09,1011.66
5301,2026-02-16,1029.95
5301,2026-02-23,1100.62
5301,2026-03-02,1002.27
5301,2026-03-09,948.6
5301,2026-03-16,908.07
5301,2026-03-23,952.06
5301,2026-03-30,985.37
5301,2026-04-06,989.42
5301,2026-04-13,1024.02
5301,2026-04-20,1041.31
5301,2026-04-27,1132.25
5301,2026-05-04,1176.23
5301,2026-05-11,1512.3
5301,2026-05-18,1608.18
5301,2026-05-25,1759.41
5301,2026-06-01,1877.53
5301,2026-06-08,1795.98
5301,2026-06-15,1730.75
5301,2026-06-22,1709.0
5301,2026-06-29,1758.5
5301,2026-07-06,1671.5
5301,2026-07-13,1615.5
5301,2026-07-20,1632.0
5301,2026-07-27,1537.5
5301,2026-08-03,1757.0
5458,2025-08-11,904.69
5458,2025-08-18,897.96
5458,2025-08-25,909.51
5458,2025-09-01,919.13
5458,2025-09-08,903.73
5458,2025-09-15,928.76
5458,2025-09-22,935.49
5458,2025-09-29,938.38
5458,2025-10-06,938.38
5458,2025-10-13,945.12
5458,2025-10-20,960.52
5458,2025-10-27,925.87
5458,2025-11-03,943.19
5458,2025-11-10,934.53
5458,2025-11-17,912.39
5458,2025-11-24,922.98
5458,2025-12-01,925.87
5458,2025-12-08,914.32
5458,2025-12-15,949.93
5458,2025-12-22,989.39
5458,2025-12-29,986.5
5458,2026-01-05,1030.77
5458,2026-01-12,1150.12
5458,2026-01-19,1098.15
5458,2026-01-26,1004.79
5458,2026-02-02,1068.31
5458,2026-02-09,1077.93
5458,2026-02-16,1050.02
5458,2026-02-23,1030.77
5458,2026-03-02,1055.8
5458,2026-03-09,1049.06
5458,2026-03-16,1031.74
5458,2026-03-23,1025.0
5458,2026-03-30,1035.0
5458,2026-04-06,1024.0
5458,2026-04-13,1033.0
5458,2026-04-20,1031.0
5458,2026-04-27,1049.0
5458,2026-05-04,1033.0
5458,2026-05-11,1172.0
5458,2026-05-18,1193.0
5458,2026-05-25,1221.0
5458,2026-06-01,1209.0
5458,2026-06-08,1225.0
5458,2026-06-15,1269.0
5458,2026-06-22,1240.0
5458,2026-06-29,1220.0
5458,2026-07-06,1215.0
5458,2026-07-13,1215.0
5458,2026-07-20,1234.0
5458,2026-07-27,1345.0
5458,2026-08-03,1365.0
546A,2026-03-30,1874.0
546A,2026-04-06,1861.0
546A,2026-04-13,1935.0
546A,2026-04-20,1910.0
546A,2026-04-27,1879.0
546A,2026-05-04,1958.0
546A,2026-05-11,1981.0
546A,2026-05-18,1956.0
546A,2026-05-25,1932.0
546A,2026-06-01,1922.0
546A,2026-06-08,1787.0
546A,2026-06-15,1843.0
546A,2026-06-22,1807.0
546A,2026-06-29,2358.0
546A,2026-07-06,2266.0
546A,2026-07-13,2119.0
546A,2026-07-20,2197.0
546A,2026-07-27,2310.0
546A,2026-08-03,2604.0
5480,2025-08-11,4064.88
5480,2025-08-18,4174.49
5480,2025-08-25,4212.61
5480,2025-09-01,4307.92
5480,2025-09-08,4217.38
5480,2025-09-15,4198.31
5480,2025-09-22,4226.91
5480,2025-09-29,4187.81
5480,2025-10-06,4114.52
5480,2025-10-13,4182.93
5480,2025-10-20,4246.45
5480,2025-10-27,4182.93
5480,2025-11-03,4075.42
5480,2025-11-10,4119.4
5480,2025-11-17,4143.83
5480,2025-11-24,4280.66
5480,2025-12-01,4182.93
5480,2025-12-08,4324.64
5480,2025-12-15,4300.21
5480,2025-12-22,4363.73
5480,2025-12-29,4422.37
5480,2026-01-05,4705.79
5480,2026-01-12,4867.05
5480,2026-01-19,4764.43
5480,2026-01-26,4666.7
5480,2026-02-02,4652.04
5480,2026-02-09,4696.02
5480,2026-02-16,4945.24
5480,2026-02-23,5189.57
5480,2026-03-02,4793.75
5480,2026-03-09,4617.83
5480,2026-03-16,4705.79
5480,2026-03-23,4740.0
5480,2026-03-30,4755.0
5480,2026-04-06,4735.0
5480,2026-04-13,4675.0
5480,2026-04-20,4535.0
5480,2026-04-27,4600.0
5480,2026-05-04,4635.0
5480,2026-05-11,4500.0
5480,2026-05-18,4470.0
5480,2026-05-25,4615.0
5480,2026-06-01,4515.0
5480,2026-06-08,4515.0
5480,2026-06-15,4585.0
5480,2026-06-22,4715.0
5480,2026-06-29,4860.0
5480,2026-07-06,4925.0
5480,2026-07-13,4930.0
5480,2026-07-20,5050.0
5480,2026-07-27,5040.0
5480,2026-08-03,5690.0
590A,2025-08-11,1536.04
590A,2025-08-18,1452.9
590A,2025-08-25,1373.72
590A,2025-09-01,1202.5
590A,2025-09-08,1237.14
590A,2025-09-15,1241.1
590A,2025-09-22,1187.66
590A,2025-09-29,1173.8
590A,2025-10-06,1112.44
590A,2025-10-13,1083.74
590A,2025-10-20,1114.42
590A,2025-10-27,1078.79
590A,2025-11-03,1029.3
590A,2025-11-10,1072.85
590A,2025-11-17,1096.6
590A,2025-11-24,1155.99
590A,2025-12-01,1112.44
590A,2025-12-08,1131.24
590A,2025-12-15,1175.78
590A,2025-12-22,1251.0
590A,2025-12-29,1256.0
590A,2026-01-05,1312.0
590A,2026-01-12,1354.0
590A,2026-01-19,1369.0
590A,2026-01-26,1270.0
590A,2026-02-02,1225.0
590A,2026-02-09,1145.0
590A,2026-02-16,982.0
590A,2026-02-23,1035.0
590A,2026-03-02,1122.0
590A,2026-03-09,1126.0
590A,2026-03-16,1081.0
590A,2026-03-23,1130.0
590A,2026-03-30,1105.0
590A,2026-04-06,1094.0
590A,2026-04-13,1129.0
590A,2026-04-20,1063.0
590A,2026-04-27,1151.0
590A,2026-05-04,1200.0
590A,2026-05-11,1068.0
590A,2026-05-18,1123.0
590A,2026-05-25,1147.0
590A,2026-06-01,1169.0
590A,2026-06-08,1039.0
590A,2026-06-15,1047.0
590A,2026-06-22,995.0
590A,2026-06-29,1107.0
590A,2026-07-06,1006.0
590A,2026-07-13,998.0
590A,2026-07-20,998.0
590A,2026-07-27,1052.0
590A,2026-08-03,1125.0
6087,2025-08-11,3289.48
6087,2025-08-18,3308.89
6087,2025-08-25,3333.15
6087,2025-09-01,3265.22
6087,2025-09-08,3289.48
6087,2025-09-15,3323.44
6087,2025-09-22,3338.0
6087,2025-09-29,3075.0
6087,2025-10-06,3110.0
6087,2025-10-13,3100.0
6087,2025-10-20,3115.0
6087,2025-10-27,3115.0
6087,2025-11-03,3135.0
6087,2025-11-10,3175.0
6087,2025-11-17,3195.0
6087,2025-11-24,3215.0
6087,2025-12-01,3340.0
6087,2025-12-08,3305.0
6087,2025-12-15,3305.0
6087,2025-12-22,3370.0
6087,2025-12-29,3360.0
6087,2026-01-05,3380.0
6087,2026-01-12,3405.0
6087,2026-01-19,3395.0
6087,2026-01-26,3380.0
6087,2026-02-02,3400.0
6087,2026-02-09,3405.0
6087,2026-02-16,3420.0
6087,2026-02-23,3460.0
6087,2026-03-02,3440.0
6087,2026-03-09,3435.0
6087,2026-03-16,3450.0
6087,2026-03-23,3485.0
6087,2026-03-30,3375.0
6087,2026-04-06,3390.0
6087,2026-04-13,3410.0
6087,2026-04-20,3390.0
6087,2026-04-27,3405.0
6087,2026-05-04,3410.0
6087,2026-05-11,3400.0
6087,2026-05-18,3400.0
6087,2026-05-25,3405.0
6087,2026-06-01,3395.0
6087,2026-06-08,3335.0
6087,2026-06-15,3330.0
6087,2026-06-22,3320.0
6087,2026-06-29,3375.0
6087,2026-07-06,3450.0
6087,2026-07-13,3440.0
6087,2026-07-20,3435.0
6087,2026-07-27,3465.0
6087,2026-08-03,3495.0
6103,2025-08-11,3539.03
6103,2025-08-18,3446.66
6103,2025-08-25,3422.36
6103,2025-09-01,3368.88
6103,2025-09-08,3475.83
6103,2025-09-15,3388.33
6103,2025-09-22,3388.33
6103,2025-09-29,3299.55
6103,2025-10-06,3482.04
6103,2025-10-13,3412.99
6103,2025-10-20,3556.02
6103,2025-10-27,3398.19
6103,2025-11-03,3343.94
6103,2025-11-10,3482.04
6103,2025-11-17,3343.94
6103,2025-11-24,3713.85
6103,2025-12-01,3699.05
6103,2025-12-08,3664.52
6103,2025-12-15,3467.24
6103,2025-12-22,3541.22
6103,2025-12-29,3580.68
6103,2026-01-05,3743.44
6103,2026-01-12,4024.57
6103,2026-01-19,3916.06
6103,2026-01-26,3777.96
6103,2026-02-02,4266.24
6103,2026-02-09,4379.67
6103,2026-02-16,4453.65
6103,2026-02-23,4601.62
6103,2026-03-02,4098.55
6103,2026-03-09,3876.6
6103,2026-03-16,3768.1
6103,2026-03-23,3630.0
6103,2026-03-30,3795.0
6103,2026-04-06,4110.0
6103,2026-04-13,4310.0
6103,2026-04-20,4170.0
6103,2026-04-27,4490.0
6103,2026-05-04,5010.0
6103,2026-05-11,4795.0
6103,2026-05-18,4035.0
6103,2026-05-25,4080.0
6103,2026-06-01,4185.0
6103,2026-06-08,4165.0
6103,2026-06-15,4560.0
6103,2026-06-22,4465.0
6103,2026-06-29,4945.0
6103,2026-07-06,5080.0
6103,2026-07-13,4790.0
6103,2026-07-20,4870.0
6103,2026-07-27,4945.0
6103,2026-08-03,5520.0
6125,2025-08-11,4353.1
6125,2025-08-18,4478.44
6125,2025-08-25,4521.83
6125,2025-09-01,4497.72
6125,2025-09-08,4521.83
6125,2025-09-15,4762.86
6125,2025-09-22,4680.91
6125,2025-09-29,4641.7
6125,2025-10-06,4661.31
6125,2025-10-13,4514.26
6125,2025-10-20,4803.45
6125,2025-10-27,4710.32
6125,2025-11-03,4303.5
6125,2025-11-10,4239.78
6125,2025-11-17,4117.24
6125,2025-11-24,4171.16
6125,2025-12-01,4259.38
6125,2025-12-08,4357.41
6125,2025-12-15,4342.71
6125,2025-12-22,4445.64
6125,2025-12-29,4411.33
6125,2026-01-05,4568.18
6125,2026-01-12,4872.07
6125,2026-01-19,4979.9
6125,2026-01-26,4749.53
6125,2026-02-02,4930.89
6125,2026-02-09,4274.09
6125,2026-02-16,4617.19
6125,2026-02-23,4842.66
6125,2026-03-02,4519.16
6125,2026-03-09,4396.63
6125,2026-03-16,4229.98
6125,2026-03-23,3980.0
6125,2026-03-30,3960.0
6125,2026-04-06,4195.0
6125,2026-04-13,4175.0
6125,2026-04-20,4105.0
6125,2026-04-27,4385.0
6125,2026-05-04,4920.0
6125,2026-05-11,4755.0
6125,2026-05-18,5030.0
6125,2026-05-25,5450.0
6125,2026-06-01,5280.0
6125,2026-06-08,4875.0
6125,2026-06-15,5360.0
6125,2026-06-22,5630.0
6125,2026-06-29,5670.0
6125,2026-07-06,5450.0
6125,2026-07-13,5160.0
6125,2026-07-20,5060.0
6125,2026-07-27,5010.0
6125,2026-08-03,5620.0
6138,2025-08-11,934.76
6138,2025-08-18,1016.45
6138,2025-08-25,1037.35
6138,2025-09-01,1025.95
6138,2025-09-08,1052.55
6138,2025-09-15,970.85
6138,2025-09-22,992.7
6138,2025-09-29,996.5
6138,2025-10-06,987.0
6138,2025-10-13,987.95
6138,2025-10-20,1012.65
6138,2025-10-27,1018.35
6138,2025-11-03,849.26
6138,2025-11-10,854.96
6138,2025-11-17,843.56
6138,2025-11-24,861.61
6138,2025-12-01,870.16
6138,2025-12-08,880.61
6138,2025-12-15,875.86
6138,2025-12-22,914.81
6138,2025-12-29,914.81
6138,2026-01-05,987.0
6138,2026-01-12,977.5
6138,2026-01-19,985.1
6138,2026-01-26,992.7
6138,2026-02-02,992.7
6138,2026-02-09,1049.7
6138,2026-02-16,1125.7
6138,2026-02-23,1149.44
6138,2026-03-02,1101.95
6138,2026-03-09,1094.35
6138,2026-03-16,1058.25
6138,2026-03-23,1044.0
6138,2026-03-30,1083.0
6138,2026-04-06,1073.0
6138,2026-04-13,1061.0
6138,2026-04-20,1076.0
6138,2026-04-27,1163.0
6138,2026-05-04,1163.0
6138,2026-05-11,1001.0
6138,2026-05-18,1015.0
6138,2026-05-25,1130.0
6138,2026-06-01,1104.0
6138,2026-06-08,1088.0
6138,2026-06-15,1108.0
6138,2026-06-22,1106.0
6138,2026-06-29,1145.0
6138,2026-07-06,1126.0
6138,2026-07-13,1168.0
6138,2026-07-20,1215.0
6138,2026-07-27,1137.0
6138,2026-08-03,1140.0
6250,2025-08-11,2205.68
6250,2025-08-18,2282.4
6250,2025-08-25,2276.58
6250,2025-09-01,2368.84
6250,2025-09-08,2445.57
6250,2025-09-15,2498.99
6250,2025-09-22,2522.3
6250,2025-09-29,2457.23
6250,2025-10-06,2502.87
6250,2025-10-13,2598.05
6250,2025-10-20,2609.71
6250,2025-10-27,2508.7
6250,2025-11-03,2492.19
6250,2025-11-10,2524.24
6250,2025-11-17,2551.44
6250,2025-11-24,2632.05
6250,2025-12-01,2621.36
6250,2025-12-08,2694.21
6250,2025-12-15,2822.41
6250,2025-12-22,2903.99
6250,2025-12-29,2930.62
6250,2026-01-05,3076.56
6250,2026-01-12,3283.63
6250,2026-01-19,3308.28
6250,2026-01-26,3165.3
6250,2026-02-02,3436.47
6250,2026-02-09,3559.73
6250,2026-02-16,3707.65
6250,2026-02-23,3786.53
6250,2026-03-02,3673.13
6250,2026-03-09,3574.53
6250,2026-03-16,3544.94
6250,2026-03-23,3515.36
6250,2026-03-30,3707.65
6250,2026-04-06,3954.16
6250,2026-04-13,3766.81
6250,2026-04-20,3752.02
6250,2026-04-27,3830.91
6250,2026-05-04,4013.33
6250,2026-05-11,3761.88
6250,2026-05-18,3530.15
6250,2026-05-25,3860.49
6250,2026-06-01,3599.18
6250,2026-06-08,3589.32
6250,2026-06-15,3766.81
6250,2026-06-22,3895.0
6250,2026-06-29,3935.0
6250,2026-07-06,3780.0
6250,2026-07-13,3680.0
6250,2026-07-20,3840.0
6250,2026-07-27,3875.0
6250,2026-08-03,4195.0
6282,2025-08-11,2157.52
6282,2025-08-18,2178.76
6282,2025-08-25,2178.76
6282,2025-09-01,2210.61
6282,2025-09-08,2240.54
6282,2025-09-15,2242.47
6282,2025-09-22,2283.98
6282,2025-09-29,2243.69
6282,2025-10-06,2260.39
6282,2025-10-13,2206.34
6282,2025-10-20,2265.31
6282,2025-10-27,2223.05
6282,2025-11-03,2117.89
6282,2025-11-10,2094.3
6282,2025-11-17,2096.27
6282,2025-11-24,2154.25
6282,2025-12-01,2135.58
6282,2025-12-08,2207.32
6282,2025-12-15,2252.53
6282,2025-12-22,2279.07
6282,2025-12-29,2310.51
6282,2026-01-05,2396.02
6282,2026-01-12,2502.16
6282,2026-01-19,2460.88
6282,2026-01-26,2388.15
6282,2026-02-02,2460.88
6282,2026-02-09,2546.38
6282,2026-02-16,2550.31
6282,2026-02-23,2639.75
6282,2026-03-02,2453.02
6282,2026-03-09,2328.2
6282,2026-03-16,2355.72
6282,2026-03-23,2454.0
6282,2026-03-30,2458.0
6282,2026-04-06,2695.0
6282,2026-04-13,2541.0
6282,2026-04-20,2517.0
6282,2026-04-27,2614.0
6282,2026-05-04,2724.0
6282,2026-05-11,2654.0
6282,2026-05-18,2588.0
6282,2026-05-25,2568.0
6282,2026-06-01,2677.0
6282,2026-06-08,2681.0
6282,2026-06-15,2805.0
6282,2026-06-22,2774.0
6282,2026-06-29,2844.0
6282,2026-07-06,2871.0
6282,2026-07-13,2806.0
6282,2026-07-20,2783.0
6282,2026-07-27,2854.0
6282,2026-08-03,2875.0
6287,2025-08-11,2047.25
6287,2025-08-18,2173.02
6287,2025-08-25,2177.86
6287,2025-09-01,2233.01
6287,2025-09-08,2201.08
6287,2025-09-15,2265.9
6287,2025-09-22,2258.16
6287,2025-09-29,2171.61
6287,2025-10-06,2156.86
6287,2025-10-13,2142.11
6287,2025-10-20,2203.09
6287,2025-10-27,2153.91
6287,2025-11-03,2187.35
6287,2025-11-10,2184.4
6287,2025-11-17,2217.84
6287,2025-11-24,2266.03
6287,2025-12-01,2208.99
6287,2025-12-08,2310.29
6287,2025-12-15,2377.17
6287,2025-12-22,2357.5
6287,2025-12-29,2361.43
6287,2026-01-05,2345.7
6287,2026-01-12,2377.17
6287,2026-01-19,2361.43
6287,2026-01-26,2277.84
6287,2026-02-02,2328.98
6287,2026-02-09,2283.74
6287,2026-02-16,2385.04
6287,2026-02-23,2458.8
6287,2026-03-02,2377.17
6287,2026-03-09,2290.62
6287,2026-03-16,2242.43
6287,2026-03-23,2268.0
6287,2026-03-30,2274.0
6287,2026-04-06,2279.0
6287,2026-04-13,2192.0
6287,2026-04-20,2078.0
6287,2026-04-27,2073.0
6287,2026-05-04,2150.0
6287,2026-05-11,2160.0
6287,2026-05-18,2244.0
6287,2026-05-25,2197.0
6287,2026-06-01,2302.0
6287,2026-06-08,2307.0
6287,2026-06-15,2290.0
6287,2026-06-22,2370.0
6287,2026-06-29,2333.0
6287,2026-07-06,2395.0
6287,2026-07-13,2447.0
6287,2026-07-20,2431.0
6287,2026-07-27,2448.0
6287,2026-08-03,2589.0
6333,2025-08-11,3179.09
6333,2025-08-18,3179.09
6333,2025-08-25,3212.61
6333,2025-09-01,3054.61
6333,2025-09-08,3145.58
6333,2025-09-15,3174.31
6333,2025-09-22,3188.67
6333,2025-09-29,3086.44
6333,2025-10-06,3003.68
6333,2025-10-13,3003.68
6333,2025-10-20,3062.1
6333,2025-10-27,3008.55
6333,2025-11-03,2940.39
6333,2025-11-10,2950.13
6333,2025-11-17,2908.26
6333,2025-11-24,3018.28
6333,2025-12-01,2930.66
6333,2025-12-08,2935.52
6333,2025-12-15,3008.55
6333,2025-12-22,3008.55
6333,2025-12-29,2989.07
6333,2026-01-05,3018.28
6333,2026-01-12,3213.01
6333,2026-01-19,3047.49
6333,2026-01-26,2964.73
6333,2026-02-02,3028.02
6333,2026-02-09,2969.6
6333,2026-02-16,3076.7
6333,2026-02-23,3334.72
6333,2026-03-02,3139.99
6333,2026-03-09,2909.24
6333,2026-03-16,2940.39
6333,2026-03-23,2881.0
6333,2026-03-30,2857.0
6333,2026-04-06,2996.0
6333,2026-04-13,2899.0
6333,2026-04-20,2787.0
6333,2026-04-27,2773.0
6333,2026-05-04,2861.0
6333,2026-05-11,2791.0
6333,2026-05-18,2829.0
6333,2026-05-25,2935.0
6333,2026-06-01,2961.0
6333,2026-06-08,2980.0
6333,2026-06-15,3110.0
6333,2026-06-22,3185.0
6333,2026-06-29,3105.0
6333,2026-07-06,3190.0
6333,2026-07-13,3120.0
6333,2026-07-20,3235.0
6333,2026-07-27,3355.0
6333,2026-08-03,3515.0
6351,2025-08-11,1972.08
6351,2025-08-18,1954.83
6351,2025-08-25,1942.5
6351,2025-09-01,1927.71
6351,2025-09-08,1974.55
6351,2025-09-15,2004.13
6351,2025-09-22,2026.31
6351,2025-09-29,2001.51
6351,2025-10-06,1952.88
6351,2025-10-13,1984.64
6351,2025-10-20,2001.51
6351,2025-10-27,1931.05
6351,2025-11-03,1948.91
6351,2025-11-10,2101.73
6351,2025-11-17,2174.17
6351,2025-11-24,2274.39
6351,2025-12-01,2114.63
6351,2025-12-08,2158.29
6351,2025-12-15,2103.72
6351,2025-12-22,2093.79
6351,2025-12-29,2122.57
6351,2026-01-05,2158.29
6351,2026-01-12,2378.59
6351,2026-01-19,2251.57
6351,2026-01-26,2165.24
6351,2026-02-02,2275.39
6351,2026-02-09,2211.88
6351,2026-02-16,2186.08
6351,2026-02-23,2209.89
6351,2026-03-02,2009.45
6351,2026-03-09,1944.94
6351,2026-03-16,2049.14
6351,2026-03-23,2067.0
6351,2026-03-30,2319.0
6351,2026-04-06,2393.0
6351,2026-04-13,2259.0
6351,2026-04-20,2167.0
6351,2026-04-27,2187.0
6351,2026-05-04,2159.0
6351,2026-05-11,2021.0
6351,2026-05-18,2060.0
6351,2026-05-25,2120.0
6351,2026-06-01,2102.0
6351,2026-06-08,2102.0
6351,2026-06-15,2281.0
6351,2026-06-22,2271.0
6351,2026-06-29,2430.0
6351,2026-07-06,2268.0
6351,2026-07-13,2217.0
6351,2026-07-20,2171.0
6351,2026-07-27,2227.0
6351,2026-08-03,2410.0
6360,2025-08-11,2880.0
6360,2025-08-18,2937.6
6360,2025-08-25,3129.6
6360,2025-09-01,3249.6
6360,2025-09-08,3307.2
6360,2025-09-15,3297.6
6360,2025-09-22,3283.2
6360,2025-09-29,3225.6
6360,2025-10-06,3249.6
6360,2025-10-13,3288.0
6360,2025-10-20,3297.6
6360,2025-10-27,3273.6
6360,2025-11-03,3345.6
6360,2025-11-10,3355.2
6360,2025-11-17,3412.8
6360,2025-11-24,3528.0
6360,2025-12-01,3484.8
6360,2025-12-08,3547.2
6360,2025-12-15,3470.4
6360,2025-12-22,3475.2
6360,2025-12-29,3547.2
6360,2026-01-05,3849.6
6360,2026-01-12,3984.0
6360,2026-01-19,3979.2
6360,2026-01-26,3744.0
6360,2026-02-02,3830.4
6360,2026-02-09,3849.6
6360,2026-02-16,3844.8
6360,2026-02-23,3844.8
6360,2026-03-02,3744.0
6360,2026-03-09,3782.4
6360,2026-03-16,3796.8
6360,2026-03-23,3840.0
6360,2026-03-30,3920.0
6360,2026-04-06,3900.0
6360,2026-04-13,3905.0
6360,2026-04-20,4025.0
6360,2026-04-27,4000.0
6360,2026-05-04,4050.0
6360,2026-05-11,4085.0
6360,2026-05-18,4025.0
6360,2026-05-25,4215.0
6360,2026-06-01,4325.0
6360,2026-06-08,4400.0
6360,2026-06-15,4440.0
6360,2026-06-22,4450.0
6360,2026-06-29,4475.0
6360,2026-07-06,4530.0
6360,2026-07-13,4575.0
6360,2026-07-20,4475.0
6360,2026-07-27,4490.0
6360,2026-08-03,4790.0
6381,2025-08-11,1463.45
6381,2025-08-18,1488.09
6381,2025-08-25,1501.36
6381,2025-09-01,1513.68
6381,2025-09-08,1539.28
6381,2025-09-15,1529.8
6381,2025-09-22,1546.86
6381,2025-09-29,1511.86
6381,2025-10-06,1497.27
6381,2025-10-13,1482.69
6381,2025-10-20,1538.11
6381,2025-10-27,1476.86
6381,2025-11-03,1470.05
6381,2025-11-10,1458.38
6381,2025-11-17,1485.61
6381,2025-11-24,1525.47
6381,2025-12-01,1493.38
6381,2025-12-08,1554.64
6381,2025-12-15,1554.64
6381,2025-12-22,1572.14
6381,2025-12-29,1588.67
6381,2026-01-05,1661.58
6381,2026-01-12,1690.75
6381,2026-01-19,1657.7
6381,2026-01-26,1607.14
6381,2026-02-02,1711.17
6381,2026-02-09,1656.72
6381,2026-02-16,1705.34
6381,2026-02-23,1705.34
6381,2026-03-02,1615.89
6381,2026-03-09,1570.19
6381,2026-03-16,1593.53
6381,2026-03-23,1612.0
6381,2026-03-30,1620.0
6381,2026-04-06,1652.0
6381,2026-04-13,1630.0
6381,2026-04-20,1588.0
6381,2026-04-27,1591.0
6381,2026-05-04,1629.0
6381,2026-05-11,1674.0
6381,2026-05-18,1656.0
6381,2026-05-25,1631.0
6381,2026-06-01,1620.0
6381,2026-06-08,1610.0
6381,2026-06-15,1697.0
6381,2026-06-22,1683.0
6381,2026-06-29,1753.0
6381,2026-07-06,1760.0
6381,2026-07-13,1720.0
6381,2026-07-20,1769.0
6381,2026-07-27,1803.0
6381,2026-08-03,1892.0
6448,2025-08-11,2431.94
6448,2025-08-18,2460.86
6448,2025-08-25,2417.96
6448,2025-09-01,2521.11
6448,2025-09-08,2534.61
6448,2025-09-15,2448.81
6448,2025-09-22,2487.37
6448,2025-09-29,2429.86
6448,2025-10-06,2498.68
6448,2025-10-13,2539.48
6448,2025-10-20,2636.32
6448,2025-10-27,2585.2
6448,2025-11-03,2567.99
6448,2025-11-10,2976.0
6448,2025-11-17,2912.58
6448,2025-11-24,3072.35
6448,2025-12-01,3025.16
6448,2025-12-08,3047.77
6448,2025-12-15,3066.45
6448,2025-12-22,3070.38
6448,2025-12-29,3069.4
6448,2026-01-05,3121.5
6448,2026-01-12,3236.53
6448,2026-01-19,3179.51
6448,2026-01-26,3089.06
6448,2026-02-02,3209.0
6448,2026-02-09,3054.65
6448,2026-02-16,3045.8
6448,2026-02-23,3177.54
6448,2026-03-02,3021.22
6448,2026-03-09,2902.75
6448,2026-03-16,2876.7
6448,2026-03-23,2917.5
6448,2026-03-30,2977.5
6448,2026-04-06,3055.0
6448,2026-04-13,3097.0
6448,2026-04-20,2895.0
6448,2026-04-27,2980.0
6448,2026-05-04,3225.0
6448,2026-05-11,3527.0
6448,2026-05-18,3488.0
6448,2026-05-25,3753.0
6448,2026-06-01,3786.0
6448,2026-06-08,3772.0
6448,2026-06-15,3777.0
6448,2026-06-22,3752.0
6448,2026-06-29,3779.0
6448,2026-07-06,3735.0
6448,2026-07-13,3810.0
6448,2026-07-20,3941.0
6448,2026-07-27,4011.0
6448,2026-08-03,4147.0
6454,2025-08-11,1391.31
6454,2025-08-18,1383.97
6454,2025-08-25,1386.42
6454,2025-09-01,1398.65
6454,2025-09-08,1410.87
6454,2025-09-15,1379.08
6454,2025-09-22,1374.19
6454,2025-09-29,1364.41
6454,2025-10-06,1347.3
6454,2025-10-13,1325.29
6454,2025-10-20,1366.86
6454,2025-10-27,1366.86
6454,2025-11-03,1535.58
6454,2025-11-10,1577.14
6454,2025-11-17,1594.26
6454,2025-11-24,1679.84
6454,2025-12-01,1635.83
6454,2025-12-08,1626.05
6454,2025-12-15,1643.16
6454,2025-12-22,1660.28
6454,2025-12-29,1689.62
6454,2026-01-05,1662.73
6454,2026-01-12,1689.62
6454,2026-01-19,1628.49
6454,2026-01-26,1599.15
6454,2026-02-02,1564.92
6454,2026-02-09,1626.05
6454,2026-02-16,1638.27
6454,2026-02-23,1701.85
6454,2026-03-02,1662.73
6454,2026-03-09,1714.07
6454,2026-03-16,1689.62
6454,2026-03-23,1650.5
6454,2026-03-30,1673.0
6454,2026-04-06,1654.0
6454,2026-04-13,1723.0
6454,2026-04-20,1691.0
6454,2026-04-27,1796.0
6454,2026-05-04,1795.0
6454,2026-05-11,1772.0
6454,2026-05-18,1631.0
6454,2026-05-25,1659.0
6454,2026-06-01,1628.0
6454,2026-06-08,1647.0
6454,2026-06-15,1661.0
6454,2026-06-22,1709.0
6454,2026-06-29,1703.0
6454,2026-07-06,1710.0
6454,2026-07-13,1712.0
6454,2026-07-20,1714.0
6454,2026-07-27,1843.0
6454,2026-08-03,1922.0
6457,2025-08-11,3627.73
6457,2025-08-18,3765.69
6457,2025-08-25,3725.86
6457,2025-09-01,3661.74
6457,2025-09-08,3687.97
6457,2025-09-15,3634.53
6457,2025-09-22,3616.07
6457,2025-09-29,3559.85
6457,2025-10-06,3556.89
6457,2025-10-13,3542.1
6457,2025-10-20,3674.27
6457,2025-10-27,3638.76
6457,2025-11-03,3623.97
6457,2025-11-10,3763.04
6457,2025-11-17,3825.19
6457,2025-11-24,3871.55
6457,2025-12-01,3955.39
6457,2025-12-08,3999.78
6457,2025-12-15,3935.66
6457,2025-12-22,3910.02
6457,2025-12-29,3907.06
6457,2026-01-05,4057.97
6457,2026-01-12,4240.45
6457,2026-01-19,4078.69
6457,2026-01-26,3966.24
6457,2026-02-02,4082.63
6457,2026-02-09,4030.35
6457,2026-02-16,3925.8
6457,2026-02-23,4101.37
6457,2026-03-02,3928.76
6457,2026-03-09,3921.85
6457,2026-03-16,3973.14
6457,2026-03-23,4056.0
6457,2026-03-30,4304.0
6457,2026-04-06,4112.0
6457,2026-04-13,4257.0
6457,2026-04-20,4001.0
6457,2026-04-27,4043.0
6457,2026-05-04,4117.0
6457,2026-05-11,4408.0
6457,2026-05-18,4073.0
6457,2026-05-25,4088.0
6457,2026-06-01,3980.0
6457,2026-06-08,3924.0
6457,2026-06-15,4003.0
6457,2026-06-22,3872.0
6457,2026-06-29,4065.0
6457,2026-07-06,4215.0
6457,2026-07-13,4137.0
6457,2026-07-20,4416.0
6457,2026-07-27,4571.0
6457,2026-08-03,4751.0
6463,2025-08-11,1073.1
6463,2025-08-18,1098.9
6463,2025-08-25,1133.78
6463,2025-09-01,1166.75
6463,2025-09-08,1161.97
6463,2025-09-15,1170.57
6463,2025-09-22,1176.31
6463,2025-09-29,1172.4
6463,2025-10-06,1159.72
6463,2025-10-13,1156.8
6463,2025-10-20,1218.25
6463,2025-10-27,1184.11
6463,2025-11-03,1178.26
6463,2025-11-10,1209.47
6463,2025-11-17,1201.66
6463,2025-11-24,1254.34
6463,2025-12-01,1251.41
6463,2025-12-08,1262.14
6463,2025-12-15,1268.97
6463,2025-12-22,1261.16
6463,2025-12-29,1259.21
6463,2026-01-05,1314.81
6463,2026-01-12,1367.48
6463,2026-01-19,1351.87
6463,2026-01-26,1307.98
6463,2026-02-02,1355.77
6463,2026-02-09,1346.02
6463,2026-02-16,1340.17
6463,2026-02-23,1375.28
6463,2026-03-02,1253.36
6463,2026-03-09,1181.18
6463,2026-03-16,1171.43
6463,2026-03-23,1228.0
6463,2026-03-30,1281.0
6463,2026-04-06,1296.0
6463,2026-04-13,1273.0
6463,2026-04-20,1232.0
6463,2026-04-27,1226.0
6463,2026-05-04,1248.0
6463,2026-05-11,1319.0
6463,2026-05-18,1295.0
6463,2026-05-25,1399.0
6463,2026-06-01,1444.0
6463,2026-06-08,1412.0
6463,2026-06-15,1424.0
6463,2026-06-22,1402.0
6463,2026-06-29,1417.0
6463,2026-07-06,1405.0
6463,2026-07-13,1400.0
6463,2026-07-20,1413.0
6463,2026-07-27,1496.0
6463,2026-08-03,1553.0
6490,2025-08-11,3933.98
6490,2025-08-18,3938.86
6490,2025-08-25,3968.18
6490,2025-09-01,3948.64
6490,2025-09-08,4026.83
6490,2025-09-15,4026.83
6490,2025-09-22,4051.26
6490,2025-09-29,4620.12
6490,2025-10-06,4521.19
6490,2025-10-13,4773.46
6490,2025-10-20,4931.76
6490,2025-10-27,4817.98
6490,2025-11-03,4669.59
6490,2025-11-10,4501.4
6490,2025-11-17,4412.36
6490,2025-11-24,4699.27
6490,2025-12-01,4659.69
6490,2025-12-08,4674.53
6490,2025-12-15,4417.31
6490,2025-12-22,4803.14
6490,2025-12-29,4743.79
6490,2026-01-05,5223.6
6490,2026-01-12,6015.06
6490,2026-01-19,6094.21
6490,2026-01-26,6381.11
6490,2026-02-02,6549.29
6490,2026-02-09,7558.4
6490,2026-02-16,8023.38
6490,2026-02-23,8409.21
6490,2026-03-02,7835.41
6490,2026-03-09,7380.32
6490,2026-03-16,7390.21
6490,2026-03-23,7410.0
6490,2026-03-30,7520.0
6490,2026-04-06,8480.0
6490,2026-04-13,8810.0
6490,2026-04-20,8610.0
6490,2026-04-27,8840.0
6490,2026-05-04,9620.0
6490,2026-05-11,10070.0
6490,2026-05-18,9420.0
6490,2026-05-25,9410.0
6490,2026-06-01,9510.0
6490,2026-06-08,9250.0
6490,2026-06-15,10980.0
6490,2026-06-22,10440.0
6490,2026-06-29,10710.0
6490,2026-07-06,10130.0
6490,2026-07-13,9380.0
6490,2026-07-20,10080.0
6490,2026-07-27,9490.0
6490,2026-08-03,10610.0
6517,2025-08-11,2875.31
6517,2025-08-18,2919.93
6517,2025-08-25,2759.87
6517,2025-09-01,2762.78
6517,2025-09-08,2830.68
6517,2025-09-15,2853.97
6517,2025-09-22,2939.33
6517,2025-09-29,2804.43
6517,2025-10-06,2757.16
6517,2025-10-13,2831.02
6517,2025-10-20,2973.8
6517,2025-10-27,2829.05
6517,2025-11-03,2857.6
6517,2025-11-10,3047.65
6517,2025-11-17,3067.34
6517,2025-11-24,3269.21
6517,2025-12-01,3106.73
6517,2025-12-08,3298.75
6517,2025-12-15,3274.13
6517,2025-12-22,3323.37
6517,2025-12-29,3530.15
6517,2026-01-05,3495.69
6517,2026-01-12,3638.47
6517,2026-01-19,3638.47
6517,2026-01-26,3608.93
6517,2026-02-02,3623.7
6517,2026-02-09,3687.71
6517,2026-02-16,3781.25
6517,2026-02-23,3835.41
6517,2026-03-02,3668.01
6517,2026-03-09,3608.93
6517,2026-03-16,3584.31
6517,2026-03-23,3540.0
6517,2026-03-30,3475.0
6517,2026-04-06,3530.0
6517,2026-04-13,3530.0
6517,2026-04-20,3525.0
6517,2026-04-27,3645.0
6517,2026-05-04,3750.0
6517,2026-05-11,3810.0
6517,2026-05-18,3680.0
6517,2026-05-25,3570.0
6517,2026-06-01,3575.0
6517,2026-06-08,3630.0
6517,2026-06-15,3760.0
6517,2026-06-22,3620.0
6517,2026-06-29,3690.0
6517,2026-07-06,3550.0
6517,2026-07-13,3485.0
6517,2026-07-20,3610.0
6517,2026-07-27,4015.0
6517,2026-08-03,4365.0
6645,2025-08-11,3754.94
6645,2025-08-18,3691.51
6645,2025-08-25,3700.3
6645,2025-09-01,3795.93
6645,2025-09-08,3862.28
6645,2025-09-15,3857.4
6645,2025-09-22,3996.95
6645,2025-09-29,4104.68
6645,2025-10-06,4319.15
6645,2025-10-13,4177.82
6645,2025-10-20,4390.31
6645,2025-10-27,4259.85
6645,2025-11-03,4198.57
6645,2025-11-10,3915.9
6645,2025-11-17,3726.13
6645,2025-11-24,3952.47
6645,2025-12-01,4063.17
6645,2025-12-08,4054.27
6645,2025-12-15,3852.64
6645,2025-12-22,3897.12
6645,2025-12-29,3913.92
6645,2026-01-05,3966.31
6645,2026-01-12,3999.91
6645,2026-01-19,3960.38
6645,2026-01-26,3871.42
6645,2026-02-02,4479.27
6645,2026-02-09,4687.81
6645,2026-02-16,5108.85
6645,2026-02-23,5487.4
6645,2026-03-02,4870.66
6645,2026-03-09,4479.27
6645,2026-03-16,4512.87
6645,2026-03-23,4417.0
6645,2026-03-30,4428.0
6645,2026-04-06,4672.0
6645,2026-04-13,4997.0
6645,2026-04-20,5093.0
6645,2026-04-27,5588.0
6645,2026-05-04,6247.0
6645,2026-05-11,5700.0
6645,2026-05-18,5480.0
6645,2026-05-25,5744.0
6645,2026-06-01,6162.0
6645,2026-06-08,5490.0
6645,2026-06-15,6134.0
6645,2026-06-22,5612.0
6645,2026-06-29,6056.0
6645,2026-07-06,6010.0
6645,2026-07-13,5309.0
6645,2026-07-20,5479.0
6645,2026-07-27,5430.0
6645,2026-08-03,6819.0
6677,2025-08-11,2779.54
6677,2025-08-18,2788.16
6677,2025-08-25,2851.4
6677,2025-09-01,2804.45
6677,2025-09-08,2893.56
6677,2025-09-15,2979.79
6677,2025-09-22,2975.0
6677,2025-09-29,2823.0
6677,2025-10-06,2780.0
6677,2025-10-13,2767.0
6677,2025-10-20,2915.0
6677,2025-10-27,2982.0
6677,2025-11-03,2903.0
6677,2025-11-10,3065.0
6677,2025-11-17,2995.0
6677,2025-11-24,3105.0
6677,2025-12-01,3135.0
6677,2025-12-08,3150.0
6677,2025-12-15,3000.0
6677,2025-12-22,3090.0
6677,2025-12-29,3130.0
6677,2026-01-05,3150.0
6677,2026-01-12,3325.0
6677,2026-01-19,3340.0
6677,2026-01-26,3330.0
6677,2026-02-02,3265.0
6677,2026-02-09,3435.0
6677,2026-02-16,3520.0
6677,2026-02-23,3610.0
6677,2026-03-02,3335.0
6677,2026-03-09,3115.0
6677,2026-03-16,3055.0
6677,2026-03-23,3100.0
6677,2026-03-30,3135.0
6677,2026-04-06,3270.0
6677,2026-04-13,3330.0
6677,2026-04-20,3260.0
6677,2026-04-27,3445.0
6677,2026-05-04,3565.0
6677,2026-05-11,3335.0
6677,2026-05-18,3275.0
6677,2026-05-25,3180.0
6677,2026-06-01,3350.0
6677,2026-06-08,3235.0
6677,2026-06-15,3465.0
6677,2026-06-22,3420.0
6677,2026-06-29,3595.0
6677,2026-07-06,3445.0
6677,2026-07-13,3280.0
6677,2026-07-20,3430.0
6677,2026-07-27,3470.0
6677,2026-08-03,3800.0
6724,2025-08-11,1821.69
6724,2025-08-18,1838.55
6724,2025-08-25,1822.65
6724,2025-09-01,1895.85
6724,2025-09-08,1904.52
6724,2025-09-15,1875.14
6724,2025-09-22,1900.18
6724,2025-09-29,1870.74
6724,2025-10-06,1900.18
6724,2025-10-13,1898.22
6724,2025-10-20,1971.83
6724,2025-10-27,1920.3
6724,2025-11-03,1853.56
6724,2025-11-10,1897.24
6724,2025-11-17,1861.41
6724,2025-11-24,1909.02
6724,2025-12-01,1880.06
6724,2025-12-08,1961.04
6724,2025-12-15,1947.79
6724,2025-12-22,1953.19
6724,2025-12-29,1946.31
6724,2026-01-05,1967.42
6724,2026-01-12,2022.38
6724,2026-01-19,2018.45
6724,2026-01-26,1940.92
6724,2026-02-02,2030.72
6724,2026-02-09,2055.75
6724,2026-02-16,2035.14
6724,2026-02-23,2078.33
6724,2026-03-02,1983.12
6724,2026-03-09,1941.9
6724,2026-03-16,1915.4
6724,2026-03-23,1963.0
6724,2026-03-30,1986.0
6724,2026-04-06,2069.5
6724,2026-04-13,2159.0
6724,2026-04-20,2026.0
6724,2026-04-27,2095.0
6724,2026-05-04,2442.0
6724,2026-05-11,2488.0
6724,2026-05-18,2529.5
6724,2026-05-25,2927.5
6724,2026-06-01,2963.0
6724,2026-06-08,2765.0
6724,2026-06-15,2749.0
6724,2026-06-22,2691.5
6724,2026-06-29,2807.0
6724,2026-07-06,2869.0
6724,2026-07-13,2813.5
6724,2026-07-20,2922.0
6724,2026-07-27,2950.0
6724,2026-08-03,3133.0
6737,2025-08-11,2082.85
6737,2025-08-18,2138.01
6737,2025-08-25,2134.21
6737,2025-09-01,2173.2
6737,2025-09-08,2167.5
6737,2025-09-15,2130.4
6737,2025-09-22,2177.96
6737,2025-09-29,2070.77
6737,2025-10-06,2078.56
6737,2025-10-13,2124.36
6737,2025-10-20,2144.83
6737,2025-10-27,2134.11
6737,2025-11-03,2132.16
6737,2025-11-10,2106.82
6737,2025-11-17,2148.72
6737,2025-11-24,2192.58
6737,2025-12-01,2100.97
6737,2025-12-08,2143.85
6737,2025-12-15,2171.14
6737,2025-12-22,2181.86
6737,2025-12-29,2179.91
6737,2026-01-05,2214.99
6737,2026-01-12,2285.15
6737,2026-01-19,2308.54
6737,2026-01-26,2105.85
6737,2026-02-02,2131.18
6737,2026-02-09,2130.21
6737,2026-02-16,2205.24
6737,2026-02-23,2244.22
6737,2026-03-02,2162.37
6737,2026-03-09,2086.36
6737,2026-03-16,2090.26
6737,2026-03-23,2100.0
6737,2026-03-30,2126.0
6737,2026-04-06,2125.0
6737,2026-04-13,2154.0
6737,2026-04-20,2068.0
6737,2026-04-27,2056.0
6737,2026-05-04,2203.0
6737,2026-05-11,2378.0
6737,2026-05-18,2557.0
6737,2026-05-25,2636.0
6737,2026-06-01,2635.0
6737,2026-06-08,2496.0
6737,2026-06-15,2489.0
6737,2026-06-22,2342.0
6737,2026-06-29,2520.0
6737,2026-07-06,2677.0
6737,2026-07-13,2610.0
6737,2026-07-20,2775.0
6737,2026-07-27,2896.0
6737,2026-08-03,3075.0
6741,2025-08-11,1163.75
6741,2025-08-18,1178.21
6741,2025-08-25,1176.29
6741,2025-09-01,1190.75
6741,2025-09-08,1215.82
6741,2025-09-15,1176.29
6741,2025-09-22,1187.86
6741,2025-09-29,1212.22
6741,2025-10-06,1204.42
6741,2025-10-13,1187.86
6741,2025-10-20,1229.76
6741,2025-10-27,1227.81
6741,2025-11-03,1211.24
6741,2025-11-10,1199.55
6741,2025-11-17,1197.6
6741,2025-11-24,1220.01
6741,2025-12-01,1200.52
6741,2025-12-08,1268.73
6741,2025-12-15,1307.71
6741,2025-12-22,1280.43
6741,2025-12-29,1276.53
6741,2026-01-05,1296.99
6741,2026-01-12,1346.69
6741,2026-01-19,1346.69
6741,2026-01-26,1290.17
6741,2026-02-02,1524.04
6741,2026-02-09,1588.35
6741,2026-02-16,1647.8
6741,2026-02-23,1754.99
6741,2026-03-02,1743.29
6741,2026-03-09,1658.51
6741,2026-03-16,1614.66
6741,2026-03-23,1640.0
6741,2026-03-30,1655.0
6741,2026-04-06,1700.0
6741,2026-04-13,1720.0
6741,2026-04-20,1675.0
6741,2026-04-27,1678.0
6741,2026-05-04,1703.0
6741,2026-05-11,1578.0
6741,2026-05-18,1625.0
6741,2026-05-25,1588.0
6741,2026-06-01,1601.0
6741,2026-06-08,1540.0
6741,2026-06-15,1586.0
6741,2026-06-22,1590.0
6741,2026-06-29,1566.0
6741,2026-07-06,1631.0
6741,2026-07-13,1557.0
6741,2026-07-20,1567.0
6741,2026-07-27,1607.0
6741,2026-08-03,1890.0
6742,2025-08-11,500.68
6742,2025-08-18,519.9
6742,2025-08-25,510.29
6742,2025-09-01,515.1
6742,2025-09-08,518.94
6742,2025-09-15,507.41
6742,2025-09-22,517.02
6742,2025-09-29,494.71
6742,2025-10-06,492.77
6742,2025-10-13,491.8
6742,2025-10-20,517.99
6742,2025-10-27,513.14
6742,2025-11-03,514.11
6742,2025-11-10,540.3
6742,2025-11-17,526.72
6742,2025-11-24,535.45
6742,2025-12-01,566.49
6742,2025-12-08,586.86
6742,2025-12-15,598.5
6742,2025-12-22,583.95
6742,2025-12-29,591.71
6742,2026-01-05,600.44
6742,2026-01-12,602.38
6742,2026-01-19,632.45
6742,2026-01-26,652.82
6742,2026-02-02,704.23
6742,2026-02-09,699.38
6742,2026-02-16,759.52
6742,2026-02-23,753.7
6742,2026-03-02,693.56
6742,2026-03-09,662.52
6742,2026-03-16,639.24
6742,2026-03-23,647.0
6742,2026-03-30,640.0
6742,2026-04-06,661.0
6742,2026-04-13,701.0
6742,2026-04-20,699.0
6742,2026-04-27,716.0
6742,2026-05-04,749.0
6742,2026-05-11,766.0
6742,2026-05-18,745.0
6742,2026-05-25,754.0
6742,2026-06-01,951.0
6742,2026-06-08,946.0
6742,2026-06-15,1011.0
6742,2026-06-22,976.0
6742,2026-06-29,920.0
6742,2026-07-06,897.0
6742,2026-07-13,864.0
6742,2026-07-20,910.0
6742,2026-07-27,872.0
6742,2026-08-03,1008.0
6845,2025-08-11,1426.79
6845,2025-08-18,1448.78
6845,2025-08-25,1451.23
6845,2025-09-01,1439.5
6845,2025-09-08,1439.98
6845,2025-09-15,1453.18
6845,2025-09-22,1393.06
6845,2025-09-29,1379.25
6845,2025-10-06,1393.06
6845,2025-10-13,1352.61
6845,2025-10-20,1393.55
6845,2025-10-27,1502.08
6845,2025-11-03,1424.14
6845,2025-11-10,1458.18
6845,2025-11-17,1436.47
6845,2025-11-24,1453.24
6845,2025-12-01,1407.37
6845,2025-12-08,1411.31
6845,2025-12-15,1408.85
6845,2025-12-22,1420.19
6845,2025-12-29,1403.42
6845,2026-01-05,1399.47
6845,2026-01-12,1382.7
6845,2026-01-19,1397.5
6845,2026-01-26,1328.93
6845,2026-02-02,1371.36
6845,2026-02-09,1265.79
6845,2026-02-16,1328.93
6845,2026-02-23,1434.5
6845,2026-03-02,1408.85
6845,2026-03-09,1391.58
6845,2026-03-16,1395.03
6845,2026-03-23,1397.5
6845,2026-03-30,1429.0
6845,2026-04-06,1476.0
6845,2026-04-13,1488.0
6845,2026-04-20,1399.0
6845,2026-04-27,1417.0
6845,2026-05-04,1429.0
6845,2026-05-11,1510.5
6845,2026-05-18,1608.5
6845,2026-05-25,1662.5
6845,2026-06-01,1611.0
6845,2026-06-08,1543.5
6845,2026-06-15,1655.0
6845,2026-06-22,1701.0
6845,2026-06-29,1729.0
6845,2026-07-06,1689.0
6845,2026-07-13,1623.5
6845,2026-07-20,1634.5
6845,2026-07-27,1665.5
6845,2026-08-03,1731.0
6861,2025-08-11,54914.93
6861,2025-08-18,55786.59
6861,2025-08-25,56242.24
6861,2025-09-01,56153.09
6861,2025-09-08,55677.64
6861,2025-09-15,55472.46
6861,2025-09-22,55313.21
6861,2025-09-29,56736.6
6861,2025-10-06,60160.7
6861,2025-10-13,58508.37
6861,2025-10-20,60708.16
6861,2025-10-27,57104.89
6861,2025-11-03,54745.84
6861,2025-11-10,55392.84
6861,2025-11-17,54148.61
6861,2025-11-24,52894.43
6861,2025-12-01,54019.21
6861,2025-12-08,56079.65
6861,2025-12-15,55183.81
6861,2025-12-22,56696.78
6861,2025-12-29,56418.08
6861,2026-01-05,57403.5
6861,2026-01-12,61574.14
6861,2026-01-19,59215.09
6861,2026-01-26,56179.19
6861,2026-02-02,53013.88
6861,2026-02-09,55333.11
6861,2026-02-16,61146.12
6861,2026-02-23,65754.73
6861,2026-03-02,61464.65
6861,2026-03-09,60598.67
6861,2026-03-16,59080.0
6861,2026-03-23,57330.0
6861,2026-03-30,57730.0
6861,2026-04-06,62440.0
6861,2026-04-13,62810.0
6861,2026-04-20,63180.0
6861,2026-04-27,76460.0
6861,2026-05-04,84170.0
6861,2026-05-11,77180.0
6861,2026-05-18,79370.0
6861,2026-05-25,80110.0
6861,2026-06-01,78070.0
6861,2026-06-08,72620.0
6861,2026-06-15,77700.0
6861,2026-06-22,77100.0
6861,2026-06-29,80300.0
6861,2026-07-06,76970.0
6861,2026-07-13,70880.0
6861,2026-07-20,71820.0
6861,2026-07-27,81150.0
6861,2026-08-03,85530.0
6952,2025-08-11,1147.1
6952,2025-08-18,1157.73
6952,2025-08-25,1171.27
6952,2025-09-01,1236.53
6952,2025-09-08,1217.68
6952,2025-09-15,1182.39
6952,2025-09-22,1201.72
6952,2025-09-29,1193.35
6952,2025-10-06,1205.17
6952,2025-10-13,1193.35
6952,2025-10-20,1222.4
6952,2025-10-27,1190.89
6952,2025-11-03,1201.23
6952,2025-11-10,1218.46
6952,2025-11-17,1211.57
6952,2025-11-24,1271.63
6952,2025-12-01,1253.42
6952,2025-12-08,1256.86
6952,2025-12-15,1228.8
6952,2025-12-22,1242.09
6952,2025-12-29,1250.46
6952,2026-01-05,1273.6
6952,2026-01-12,1323.32
6952,2026-01-19,1300.18
6952,2026-01-26,1484.8
6952,2026-02-02,1544.37
6952,2026-02-09,1574.89
6952,2026-02-16,1579.82
6952,2026-02-23,1547.32
6952,2026-03-02,1376.98
6952,2026-03-09,1396.18
6952,2026-03-16,1423.26
6952,2026-03-23,1440.0
6952,2026-03-30,1570.5
6952,2026-04-06,1655.0
6952,2026-04-13,1747.5
6952,2026-04-20,1640.5
6952,2026-04-27,1572.0
6952,2026-05-04,1653.5
6952,2026-05-11,1694.0
6952,2026-05-18,1624.0
6952,2026-05-25,1789.5
6952,2026-06-01,1835.5
6952,2026-06-08,1750.0
6952,2026-06-15,1906.5
6952,2026-06-22,1990.5
6952,2026-06-29,1865.5
6952,2026-07-06,1875.0
6952,2026-07-13,1799.5
6952,2026-07-20,1720.5
6952,2026-07-27,1764.5
6952,2026-08-03,2348.5
6998,2025-08-11,1270.99
6998,2025-08-18,1275.84
6998,2025-08-25,1343.76
6998,2025-09-01,1335.03
6998,2025-09-08,1338.91
6998,2025-09-15,1341.82
6998,2025-09-22,1334.06
6998,2025-09-29,1347.89
6998,2025-10-06,1322.2
6998,2025-10-13,1381.49
6998,2025-10-20,1472.4
6998,2025-10-27,1474.38
6998,2025-11-03,1428.92
6998,2025-11-10,1335.05
6998,2025-11-17,1338.01
6998,2025-11-24,1359.75
6998,2025-12-01,1407.18
6998,2025-12-08,1393.35
6998,2025-12-15,1400.27
6998,2025-12-22,1467.46
6998,2025-12-29,1490.19
6998,2026-01-05,1595.93
6998,2026-01-12,1714.51
6998,2026-01-19,1925.98
6998,2026-01-26,2198.72
6998,2026-02-02,1887.44
6998,2026-02-09,1923.02
6998,2026-02-16,2034.68
6998,2026-02-23,2158.21
6998,2026-03-02,2253.08
6998,2026-03-09,2233.31
6998,2026-03-16,2267.9
6998,2026-03-23,2092.0
6998,2026-03-30,2074.0
6998,2026-04-06,2128.0
6998,2026-04-13,2074.0
6998,2026-04-20,1957.0
6998,2026-04-27,1931.0
6998,2026-05-04,2049.0
6998,2026-05-11,1998.0
6998,2026-05-18,1892.0
6998,2026-05-25,2150.0
6998,2026-06-01,2199.0
6998,2026-06-08,1898.0
6998,2026-06-15,2353.0
6998,2026-06-22,2045.0
6998,2026-06-29,2089.0
6998,2026-07-06,2011.0
6998,2026-07-13,1897.0
6998,2026-07-20,1900.0
6998,2026-07-27,1904.0
6998,2026-08-03,2618.0
7089,2025-08-11,991.0
7089,2025-08-18,965.0
7089,2025-08-25,999.5
7089,2025-09-01,991.5
7089,2025-09-08,1095.0
7089,2025-09-15,1080.0
7089,2025-09-22,1018.5
7089,2025-09-29,992.5
7089,2025-10-06,925.0
7089,2025-10-13,962.0
7089,2025-10-20,987.5
7089,2025-10-27,935.5
7089,2025-11-03,1012.0
7089,2025-11-10,975.5
7089,2025-11-17,913.0
7089,2025-11-24,1042.5
7089,2025-12-01,999.0
7089,2025-12-08,970.5
7089,2025-12-15,1010.0
7089,2025-12-22,995.0
7089,2025-12-29,946.0
7089,2026-01-05,948.0
7089,2026-01-12,920.0
7089,2026-01-19,955.0
7089,2026-01-26,928.0
7089,2026-02-02,1140.0
7089,2026-02-09,1180.0
7089,2026-02-16,1303.0
7089,2026-02-23,1346.0
7089,2026-03-02,1290.0
7089,2026-03-09,1295.0
7089,2026-03-16,1230.0
7089,2026-03-23,1224.0
7089,2026-03-30,1174.0
7089,2026-04-06,1209.0
7089,2026-04-13,1224.0
7089,2026-04-20,1196.0
7089,2026-04-27,1219.0
7089,2026-05-04,1359.0
7089,2026-05-11,1512.0
7089,2026-05-18,1572.0
7089,2026-05-25,1518.0
7089,2026-06-01,1504.0
7089,2026-06-08,1600.0
7089,2026-06-15,1534.0
7089,2026-06-22,1516.0
7089,2026-06-29,1552.0
7089,2026-07-06,1528.0
7089,2026-07-13,1541.0
7089,2026-07-20,1576.0
7089,2026-07-27,1604.0
7089,2026-08-03,1738.0
7119,2025-08-11,1128.84
7119,2025-08-18,1165.03
7119,2025-08-25,1199.27
7119,2025-09-01,1209.05
7119,2025-09-08,1305.89
7119,2025-09-15,1385.12
7119,2025-09-22,1437.95
7119,2025-09-29,1306.5
7119,2025-10-06,1329.24
7119,2025-10-13,1327.26
7119,2025-10-20,1345.05
7119,2025-10-27,1322.32
7119,2025-11-03,1327.26
7119,2025-11-10,1342.08
7119,2025-11-17,1233.37
7119,2025-11-24,1301.56
7119,2025-12-01,1284.76
7119,2025-12-08,1287.73
7119,2025-12-15,1253.14
7119,2025-12-22,1263.02
7119,2025-12-29,1273.89
7119,2026-01-05,1314.41
7119,2026-01-12,1316.39
7119,2026-01-19,1324.29
7119,2026-01-26,1328.25
7119,2026-02-02,1327.26
7119,2026-02-09,1340.11
7119,2026-02-16,1327.26
7119,2026-02-23,1345.05
7119,2026-03-02,1384.58
7119,2026-03-09,1529.86
7119,2026-03-16,1607.93
7119,2026-03-23,1602.0
7119,2026-03-30,1590.0
7119,2026-04-06,1657.0
7119,2026-04-13,1554.0
7119,2026-04-20,1522.0
7119,2026-04-27,1517.0
7119,2026-05-04,1549.0
7119,2026-05-11,1501.0
7119,2026-05-18,1560.0
7119,2026-05-25,1581.0
7119,2026-06-01,1615.0
7119,2026-06-08,1593.0
7119,2026-06-15,1640.0
7119,2026-06-22,1625.0
7119,2026-06-29,1680.0
7119,2026-07-06,1683.0
7119,2026-07-13,1669.0
7119,2026-07-20,1674.0
7119,2026-07-27,1686.0
7119,2026-08-03,1709.0
7128,2025-08-11,2219.9
7128,2025-08-18,2176.9
7128,2025-08-25,2175.94
7128,2025-09-01,2215.12
7128,2025-09-08,2222.77
7128,2025-09-15,2253.35
7128,2025-09-22,2255.26
7128,2025-09-29,2191.23
7128,2025-10-06,2177.85
7128,2025-10-13,2156.83
7128,2025-10-20,2197.92
7128,2025-10-27,2160.65
7128,2025-11-03,2143.45
7128,2025-11-10,2110.96
7128,2025-11-17,2107.14
7128,2025-11-24,2162.56
7128,2025-12-01,2127.21
7128,2025-12-08,2186.45
7128,2025-12-15,2172.12
7128,2025-12-22,2205.57
7128,2025-12-29,2221.34
7128,2026-01-05,2297.26
7128,2026-01-12,2401.77
7128,2026-01-19,2303.18
7128,2026-01-26,2250.92
7128,2026-02-02,2297.26
7128,2026-02-09,2301.2
7128,2026-02-16,2248.95
7128,2026-02-23,2320.92
7128,2026-03-02,2230.22
7128,2026-03-09,2171.06
7128,2026-03-16,2156.27
7128,2026-03-23,2174.02
7128,2026-03-30,2231.2
7128,2026-04-06,2225.29
7128,2026-04-13,2173.03
7128,2026-04-20,2128.66
7128,2026-04-27,2125.71
7128,2026-05-04,2124.72
7128,2026-05-11,2044.86
7128,2026-05-18,2055.7
7128,2026-05-25,2056.69
7128,2026-06-01,2013.31
7128,2026-06-08,2008.38
7128,2026-06-15,2035.0
7128,2026-06-22,2105.0
7128,2026-06-29,2186.0
7128,2026-07-06,2515.0
7128,2026-07-13,2558.0
7128,2026-07-20,2692.0
7128,2026-07-27,2865.0
7128,2026-08-03,3020.0
7167,2025-08-11,889.38
7167,2025-08-18,902.93
7167,2025-08-25,892.11
7167,2025-09-01,882.36
7167,2025-09-08,904.88
7167,2025-09-15,885.68
7167,2025-09-22,935.3
7167,2025-09-29,915.26
7167,2025-10-06,907.26
7167,2025-10-13,875.37
7167,2025-10-20,900.25
7167,2025-10-27,949.72
7167,2025-11-03,936.49
7167,2025-11-10,966.8
7167,2025-11-17,946.86
7167,2025-11-24,1006.59
7167,2025-12-01,1020.41
7167,2025-12-08,1038.68
7167,2025-12-15,1054.97
7167,2025-12-22,1025.84
7167,2025-12-29,1024.86
7167,2026-01-05,1087.06
7167,2026-01-12,1151.23
7167,2026-01-19,1132.97
7167,2026-01-26,1148.77
7167,2026-02-02,1257.87
7167,2026-02-09,1298.35
7167,2026-02-16,1303.28
7167,2026-02-23,1325.99
7167,2026-03-02,1239.6
7167,2026-03-09,1166.04
7167,2026-03-16,1183.32
7167,2026-03-23,1247.5
7167,2026-03-30,1286.0
7167,2026-04-06,1353.5
7167,2026-04-13,1343.5
7167,2026-04-20,1222.0
7167,2026-04-27,1296.0
7167,2026-05-04,1313.5
7167,2026-05-11,1377.5
7167,2026-05-18,1396.5
7167,2026-05-25,1329.5
7167,2026-06-01,1357.5
7167,2026-06-08,1402.0
7167,2026-06-15,1411.0
7167,2026-06-22,1407.5
7167,2026-06-29,1509.0
7167,2026-07-06,1539.5
7167,2026-07-13,1427.0
7167,2026-07-20,1541.0
7167,2026-07-27,1497.0
7167,2026-08-03,1628.0
7189,2025-08-11,2375.11
7189,2025-08-18,2436.8
7189,2025-08-25,2397.28
7189,2025-09-01,2385.71
7189,2025-09-08,2400.17
7189,2025-09-15,2329.81
7189,2025-09-22,2452.22
7189,2025-09-29,2374.7
7189,2025-10-06,2363.91
7189,2025-10-13,2317.79
7189,2025-10-20,2494.42
7189,2025-10-27,2588.62
7189,2025-11-03,2626.89
7189,2025-11-10,2840.32
7189,2025-11-17,2818.24
7189,2025-11-24,2909.5
7189,2025-12-01,2963.47
7189,2025-12-08,2953.66
7189,2025-12-15,3106.74
7189,2025-12-22,3085.15
7189,2025-12-29,3150.9
7189,2026-01-05,3345.19
7189,2026-01-12,3640.56
7189,2026-01-19,3637.61
7189,2026-01-26,3660.18
7189,2026-02-02,4081.15
7189,2026-02-09,4227.36
7189,2026-02-16,4336.29
7189,2026-02-23,4370.63
7189,2026-03-02,4043.86
7189,2026-03-09,3844.66
7189,2026-03-16,3795.6
7189,2026-03-23,3827.0
7189,2026-03-30,4008.0
7189,2026-04-06,4217.0
7189,2026-04-13,4185.0
7189,2026-04-20,3812.0
7189,2026-04-27,3908.0
7189,2026-05-04,3946.0
7189,2026-05-11,4050.0
7189,2026-05-18,4097.0
7189,2026-05-25,3953.0
7189,2026-06-01,4008.0
7189,2026-06-08,4169.0
7189,2026-06-15,4072.0
7189,2026-06-22,4204.0
7189,2026-06-29,4282.0
7189,2026-07-06,4340.0
7189,2026-07-13,4106.0
7189,2026-07-20,4441.0
7189,2026-07-27,4268.0
7189,2026-08-03,4563.0
7272,2025-08-11,1055.99
7272,2025-08-18,1054.54
7272,2025-08-25,1047.73
7272,2025-09-01,1088.07
7272,2025-09-08,1090.98
7272,2025-09-15,1074.95
7272,2025-09-22,1090.01
7272,2025-09-29,1071.06
7272,2025-10-06,1069.11
7272,2025-10-13,1053.08
7272,2025-10-20,1099.73
7272,2025-10-27,1083.69
7272,2025-11-03,1102.65
7272,2025-11-10,1084.18
7272,2025-11-17,1086.12
7272,2025-11-24,1099.73
7272,2025-12-01,1106.53
7272,2025-12-08,1170.19
7272,2025-12-15,1135.2
7272,2025-12-22,1156.59
7272,2025-12-29,1136.49
7272,2026-01-05,1210.01
7272,2026-01-12,1242.84
7272,2026-01-19,1178.64
7272,2026-01-26,1140.41
7272,2026-02-02,1075.72
7272,2026-02-09,1161.49
7272,2026-02-16,1208.54
7272,2026-02-23,1218.34
7272,2026-03-02,1124.24
7272,2026-03-09,1085.04
7272,2026-03-16,1079.15
7272,2026-03-23,1116.89
7272,2026-03-30,1160.51
7272,2026-04-06,1158.06
7272,2026-04-13,1118.85
7272,2026-04-20,1069.35
7272,2026-04-27,1067.88
7272,2026-05-04,1093.86
7272,2026-05-11,1299.2
7272,2026-05-18,1204.62
7272,2026-05-25,1284.99
7272,2026-06-01,1199.71
7272,2026-06-08,1167.86
7272,2026-06-15,1212.46
7272,2026-06-22,1235.0
7272,2026-06-29,1249.0
7272,2026-07-06,1243.5
7272,2026-07-13,1273.5
7272,2026-07-20,1278.0
7272,2026-07-27,1343.0
7272,2026-08-03,1872.0
7350,2025-08-11,3500.99
7350,2025-08-18,3544.39
7350,2025-08-25,3582.97
7350,2025-09-01,3515.46
7350,2025-09-08,3500.99
7350,2025-09-15,3549.22
7350,2025-09-22,3756.57
7350,2025-09-29,3682.92
7350,2025-10-06,3619.08
7350,2025-10-13,3569.97
7350,2025-10-20,3732.02
7350,2025-10-27,3776.22
7350,2025-11-03,3835.14
7350,2025-11-10,4247.63
7350,2025-11-17,4242.72
7350,2025-11-24,4561.91
7350,2025-12-01,4517.71
7350,2025-12-08,4522.62
7350,2025-12-15,4620.83
7350,2025-12-22,4620.83
7350,2025-12-29,4679.76
7350,2026-01-05,4876.18
7350,2026-01-12,5126.62
7350,2026-01-19,5303.4
7350,2026-01-26,5156.08
7350,2026-02-02,5598.03
7350,2026-02-09,5735.53
7350,2026-02-16,5794.45
7350,2026-02-23,5902.49
7350,2026-03-02,5460.54
7350,2026-03-09,5313.22
7350,2026-03-16,5352.5
7350,2026-03-23,5490.0
7350,2026-03-30,5380.0
7350,2026-04-06,5720.0
7350,2026-04-13,5910.0
7350,2026-04-20,5500.0
7350,2026-04-27,5590.0
7350,2026-05-04,5700.0
7350,2026-05-11,5910.0
7350,2026-05-18,6150.0
7350,2026-05-25,6170.0
7350,2026-06-01,6190.0
7350,2026-06-08,6470.0
7350,2026-06-15,6250.0
7350,2026-06-22,6330.0
7350,2026-06-29,6630.0
7350,2026-07-06,6760.0
7350,2026-07-13,6830.0
7350,2026-07-20,7360.0
7350,2026-07-27,7350.0
7350,2026-08-03,7710.0
7381,2025-08-11,608.24
7381,2025-08-18,612.12
7381,2025-08-25,599.49
7381,2025-09-01,612.12
7381,2025-09-08,624.75
7381,2025-09-15,609.21
7381,2025-09-22,651.96
7381,2025-09-29,649.0
7381,2025-10-06,633.19
7381,2025-10-13,628.25
7381,2025-10-20,651.96
7381,2025-10-27,650.97
7381,2025-11-03,638.13
7381,2025-11-10,641.09
7381,2025-11-17,641.09
7381,2025-11-24,693.45
7381,2025-12-01,700.36
7381,2025-12-08,705.3
7381,2025-12-15,706.29
7381,2025-12-22,785.31
7381,2025-12-29,798.16
7381,2026-01-05,889.04
7381,2026-01-12,969.05
7381,2026-01-19,964.11
7381,2026-01-26,913.73
7381,2026-02-02,930.52
7381,2026-02-09,968.06
7381,2026-02-16,1000.66
7381,2026-02-23,1041.16
7381,2026-03-02,1008.56
7381,2026-03-09,952.26
7381,2026-03-16,952.26
7381,2026-03-23,973.0
7381,2026-03-30,985.0
7381,2026-04-06,1024.0
7381,2026-04-13,1015.0
7381,2026-04-20,924.0
7381,2026-04-27,963.0
7381,2026-05-04,1014.0
7381,2026-05-11,1044.0
7381,2026-05-18,1056.0
7381,2026-05-25,1037.0
7381,2026-06-01,1034.0
7381,2026-06-08,989.0
7381,2026-06-15,961.0
7381,2026-06-22,978.0
7381,2026-06-29,1043.0
7381,2026-07-06,1034.0
7381,2026-07-13,1072.0
7381,2026-07-20,1156.0
7381,2026-07-27,1107.0
7381,2026-08-03,1215.0
7433,2025-08-11,3659.06
7433,2025-08-18,3711.47
7433,2025-08-25,3768.64
7433,2025-09-01,3863.93
7433,2025-09-08,3844.87
7433,2025-09-15,3849.64
7433,2025-09-22,3882.99
7433,2025-09-29,3726.69
7433,2025-10-06,3663.19
7433,2025-10-13,3682.73
7433,2025-10-20,3731.57
7433,2025-10-27,3770.65
7433,2025-11-03,3726.69
7433,2025-11-10,3751.11
7433,2025-11-17,3756.0
7433,2025-11-24,3829.26
7433,2025-12-01,3785.3
7433,2025-12-08,3790.19
7433,2025-12-15,3775.53
7433,2025-12-22,3824.38
7433,2025-12-29,3824.38
7433,2026-01-05,3853.68
7433,2026-01-12,3907.41
7433,2026-01-19,3917.18
7433,2026-01-26,4053.94
7433,2026-02-02,4190.69
7433,2026-02-09,4234.65
7433,2026-02-16,4220.0
7433,2026-02-23,4332.34
7433,2026-03-02,4127.2
7433,2026-03-09,4093.01
7433,2026-03-16,4073.47
7433,2026-03-23,4220.0
7433,2026-03-30,4230.0
7433,2026-04-06,4280.0
7433,2026-04-13,4235.0
7433,2026-04-20,4145.0
7433,2026-04-27,4165.0
7433,2026-05-04,4205.0
7433,2026-05-11,4570.0
7433,2026-05-18,4535.0
7433,2026-05-25,4545.0
7433,2026-06-01,4575.0
7433,2026-06-08,4475.0
7433,2026-06-15,4530.0
7433,2026-06-22,4550.0
7433,2026-06-29,4635.0
7433,2026-07-06,4590.0
7433,2026-07-13,4400.0
7433,2026-07-20,4590.0
7433,2026-07-27,4940.0
7433,2026-08-03,5400.0
7480,2025-08-11,1593.44
7480,2025-08-18,1609.39
7480,2025-08-25,1599.07
7480,2025-09-01,1615.96
7480,2025-09-08,1623.46
7480,2025-09-15,1680.71
7480,2025-09-22,1679.77
7480,2025-09-29,1616.56
7480,2025-10-06,1608.9
7480,2025-10-13,1620.39
7480,2025-10-20,1606.99
7480,2025-10-27,1604.11
7480,2025-11-03,1586.87
7480,2025-11-10,1598.37
7480,2025-11-17,1611.77
7480,2025-11-24,1635.72
7480,2025-12-01,1585.92
7480,2025-12-08,1575.38
7480,2025-12-15,1580.17
7480,2025-12-22,1603.16
7480,2025-12-29,1612.73
7480,2026-01-05,1641.46
7480,2026-01-12,1701.8
7480,2026-01-19,1675.94
7480,2026-01-26,1637.63
7480,2026-02-02,1661.57
7480,2026-02-09,1677.85
7480,2026-02-16,1675.94
7480,2026-02-23,1727.65
7480,2026-03-02,1695.09
7480,2026-03-09,1680.73
7480,2026-03-16,1681.69
7480,2026-03-23,1708.5
7480,2026-03-30,1768.0
7480,2026-04-06,1764.0
7480,2026-04-13,1782.0
7480,2026-04-20,1734.0
7480,2026-04-27,1723.0
7480,2026-05-04,1980.0
7480,2026-05-11,1988.0
7480,2026-05-18,2040.0
7480,2026-05-25,2035.0
7480,2026-06-01,2146.0
7480,2026-06-08,2119.0
7480,2026-06-15,2215.0
7480,2026-06-22,2238.0
7480,2026-06-29,2522.0
7480,2026-07-06,2548.0
7480,2026-07-13,2388.0
7480,2026-07-20,2434.0
7480,2026-07-27,2480.0
7480,2026-08-03,3580.0
7613,2025-08-11,1228.15
7613,2025-08-18,1240.67
7613,2025-08-25,1259.93
7613,2025-09-01,1302.32
7613,2025-09-08,1329.29
7613,2025-09-15,1283.05
7613,2025-09-22,1308.1
7613,2025-09-29,1300.39
7613,2025-10-06,1336.99
7613,2025-10-13,1282.09
7613,2025-10-20,1332.18
7613,2025-10-27,1334.1
7613,2025-11-03,1286.9
7613,2025-11-10,1210.81
7613,2025-11-17,1212.73
7613,2025-11-24,1254.15
7613,2025-12-01,1232.0
7613,2025-12-08,1251.26
7613,2025-12-15,1259.93
7613,2025-12-22,1294.61
7613,2025-12-29,1284.8
7613,2026-01-05,1281.85
7613,2026-01-12,1335.83
7613,2026-01-19,1287.74
7613,2026-01-26,1233.76
7613,2026-02-02,1328.96
7613,2026-02-09,1300.5
7613,2026-02-16,1359.39
7613,2026-02-23,1398.65
7613,2026-03-02,1286.76
7613,2026-03-09,1176.83
7613,2026-03-16,1177.81
7613,2026-03-23,1207.26
7613,2026-03-30,1205.29
7613,2026-04-06,1285.78
7613,2026-04-13,1360.37
7613,2026-04-20,1267.13
7613,2026-04-27,1260.26
7613,2026-05-04,1288.72
7613,2026-05-11,1340.74
7613,2026-05-18,1364.3
7613,2026-05-25,1372.15
7613,2026-06-01,1429.08
7613,2026-06-08,1350.56
7613,2026-06-15,1361.35
7613,2026-06-22,1327.0
7613,2026-06-29,1314.0
7613,2026-07-06,1341.0
7613,2026-07-13,1341.0
7613,2026-07-20,1404.0
7613,2026-07-27,1404.0
7613,2026-08-03,1597.0
7619,2025-08-11,741.4
7619,2025-08-18,808.89
7619,2025-08-25,782.86
7619,2025-09-01,793.47
7619,2025-09-08,804.07
7619,2025-09-15,797.32
7619,2025-09-22,782.86
7619,2025-09-29,789.69
7619,2025-10-06,790.67
7619,2025-10-13,805.31
7619,2025-10-20,831.67
7619,2025-10-27,819.95
7619,2025-11-03,819.95
7619,2025-11-10,800.43
7619,2025-11-17,791.65
7619,2025-11-24,806.29
7619,2025-12-01,811.17
7619,2025-12-08,815.07
7619,2025-12-15,824.84
7619,2025-12-22,867.79
7619,2025-12-29,867.79
7619,2026-01-05,885.36
7619,2026-01-12,886.33
7619,2026-01-19,893.16
7619,2026-01-26,905.85
7619,2026-02-02,896.09
7619,2026-02-09,888.28
7619,2026-02-16,887.31
7619,2026-02-23,904.88
7619,2026-03-02,882.43
7619,2026-03-09,860.95
7619,2026-03-16,860.95
7619,2026-03-23,859.0
7619,2026-03-30,831.0
7619,2026-04-06,858.0
7619,2026-04-13,840.0
7619,2026-04-20,836.0
7619,2026-04-27,844.0
7619,2026-05-04,837.0
7619,2026-05-11,868.0
7619,2026-05-18,879.0
7619,2026-05-25,887.0
7619,2026-06-01,910.0
7619,2026-06-08,868.0
7619,2026-06-15,876.0
7619,2026-06-22,878.0
7619,2026-06-29,881.0
7619,2026-07-06,893.0
7619,2026-07-13,897.0
7619,2026-07-20,915.0
7619,2026-07-27,918.0
7619,2026-08-03,967.0
7745,2025-08-11,1971.15
7745,2025-08-18,1981.89
7745,2025-08-25,1957.48
7745,2025-09-01,1958.46
7745,2025-09-08,2031.68
7745,2025-09-15,1988.73
7745,2025-09-22,1962.37
7745,2025-09-29,2029.59
7745,2025-10-06,1933.7
7745,2025-10-13,1880.31
7745,2025-10-20,1990.05
7745,2025-10-27,2003.89
7745,2025-11-03,1928.75
7745,2025-11-10,1765.64
7745,2025-11-17,1692.48
7745,2025-11-24,1772.56
7745,2025-12-01,1780.46
7745,2025-12-08,1831.87
7745,2025-12-15,1864.49
7745,2025-12-22,2004.88
7745,2025-12-29,2017.73
7745,2026-01-05,2126.47
7745,2026-01-12,2277.73
7745,2026-01-19,2347.92
7745,2026-01-26,2253.01
7745,2026-02-02,2417.12
7745,2026-02-09,2759.18
7745,2026-02-16,2760.16
7745,2026-02-23,2797.73
7745,2026-03-02,2728.53
7745,2026-03-09,2588.15
7745,2026-03-16,2529.82
7745,2026-03-23,2601.0
7745,2026-03-30,2669.0
7745,2026-04-06,2908.0
7745,2026-04-13,2943.0
7745,2026-04-20,2848.0
7745,2026-04-27,2878.0
7745,2026-05-04,3025.0
7745,2026-05-11,2545.0
7745,2026-05-18,2656.0
7745,2026-05-25,2801.0
7745,2026-06-01,2887.0
7745,2026-06-08,2633.0
7745,2026-06-15,2829.0
7745,2026-06-22,2882.0
7745,2026-06-29,2920.0
7745,2026-07-06,2922.0
7745,2026-07-13,2762.0
7745,2026-07-20,2901.0
7745,2026-07-27,3015.0
7745,2026-08-03,3055.0
7942,2025-08-11,1834.75
7942,2025-08-18,1872.17
7942,2025-08-25,1873.13
7942,2025-09-01,1900.0
7942,2025-09-08,1884.65
7942,2025-09-15,1878.89
7942,2025-09-22,1916.31
7942,2025-09-29,1878.12
7942,2025-10-06,1836.02
7942,2025-10-13,1859.52
7942,2025-10-20,1900.65
7942,2025-10-27,1848.75
7942,2025-11-03,1897.71
7942,2025-11-10,2088.65
7942,2025-11-17,2286.46
7942,2025-11-24,2306.04
7942,2025-12-01,2272.75
7942,2025-12-08,2297.23
7942,2025-12-15,2303.1
7942,2025-12-22,2371.65
7942,2025-12-29,2396.13
7942,2026-01-05,2480.34
7942,2026-01-12,2474.46
7942,2026-01-19,2522.44
7942,2026-01-26,2386.33
7942,2026-02-02,2677.16
7942,2026-02-09,2734.93
7942,2026-02-16,2726.12
7942,2026-02-23,2855.38
7942,2026-03-02,2502.86
7942,2026-03-09,2390.25
7942,2026-03-16,2386.33
7942,2026-03-23,2355.0
7942,2026-03-30,2293.0
7942,2026-04-06,2461.0
7942,2026-04-13,2434.0
7942,2026-04-20,2333.0
7942,2026-04-27,2461.0
7942,2026-05-04,2610.0
7942,2026-05-11,2585.0
7942,2026-05-18,2540.0
7942,2026-05-25,2585.0
7942,2026-06-01,2605.0
7942,2026-06-08,2592.0
7942,2026-06-15,2595.0
7942,2026-06-22,2508.0
7942,2026-06-29,2531.0
7942,2026-07-06,2450.0
7942,2026-07-13,2432.0
7942,2026-07-20,2446.0
7942,2026-07-27,2533.0
7942,2026-08-03,2962.0
7951,2025-08-11,932.4
7951,2025-08-18,974.85
7951,2025-08-25,953.97
7951,2025-09-01,975.63
7951,2025-09-08,990.95
7951,2025-09-15,972.22
7951,2025-09-22,983.14
7951,2025-09-29,997.97
7951,2025-10-06,1001.43
7951,2025-10-13,963.87
7951,2025-10-20,998.47
7951,2025-10-27,963.77
7951,2025-11-03,1028.12
7951,2025-11-10,1052.84
7951,2025-11-17,1051.85
7951,2025-11-24,1068.16
7951,2025-12-01,1054.32
7951,2025-12-08,1075.08
7951,2025-12-15,1073.6
7951,2025-12-22,1073.11
7951,2025-12-29,1080.03
7951,2026-01-05,1110.67
7951,2026-01-12,1162.08
7951,2026-01-19,1147.25
7951,2026-01-26,1105.73
7951,2026-02-02,1179.38
7951,2026-02-09,1176.91
7951,2026-02-16,1181.85
7951,2026-02-23,1197.17
7951,2026-03-02,1115.61
7951,2026-03-09,1096.83
7951,2026-03-16,1094.85
7951,2026-03-23,1125.5
7951,2026-03-30,1156.0
7951,2026-04-06,1200.5
7951,2026-04-13,1209.0
7951,2026-04-20,1117.5
7951,2026-04-27,1109.5
7951,2026-05-04,1116.5
7951,2026-05-11,1135.0
7951,2026-05-18,1123.0
7951,2026-05-25,1156.0
7951,2026-06-01,1097.0
7951,2026-06-08,1102.5
7951,2026-06-15,1115.0
7951,2026-06-22,1144.0
7951,2026-06-29,1163.5
7951,2026-07-06,1180.5
7951,2026-07-13,1226.0
7951,2026-07-20,1203.5
7951,2026-07-27,1243.5
7951,2026-08-03,1342.5
7976,2025-08-11,1977.18
7976,2025-08-18,2029.01
7976,2025-08-25,1937.09
7976,2025-09-01,2081.81
7976,2025-09-08,2124.83
7976,2025-09-15,2160.04
7976,2025-09-22,2176.66
7976,2025-09-29,2122.88
7976,2025-10-06,2131.68
7976,2025-10-13,2125.81
7976,2025-10-20,2110.17
7976,2025-10-27,2002.61
7976,2025-11-03,2087.68
7976,2025-11-10,2090.61
7976,2025-11-17,2079.85
7976,2025-11-24,2102.34
7976,2025-12-01,2087.68
7976,2025-12-08,2169.81
7976,2025-12-15,2129.72
7976,2025-12-22,2174.7
7976,2025-12-29,2153.93
7976,2026-01-05,2204.39
7976,2026-01-12,2284.53
7976,2026-01-19,2325.09
7976,2026-01-26,2265.73
7976,2026-02-02,2307.28
7976,2026-02-09,2157.88
7976,2026-02-16,2252.87
7976,2026-02-23,2426.01
7976,2026-03-02,2283.54
7976,2026-03-09,2289.47
7976,2026-03-16,2319.16
7976,2026-03-23,2384.46
7976,2026-03-30,2412.16
7976,2026-04-06,2436.9
7976,2026-04-13,2462.62
7976,2026-04-20,2342.9
7976,2026-04-27,2520.01
7976,2026-05-04,2494.28
7976,2026-05-11,2531.88
7976,2026-05-18,2572.44
7976,2026-05-25,2595.2
7976,2026-06-01,2461.63
7976,2026-06-08,2581.35
7976,2026-06-15,2521.98
7976,2026-06-22,2660.5
7976,2026-06-29,2690.0
7976,2026-07-06,2696.0
7976,2026-07-13,2688.0
7976,2026-07-20,2610.0
7976,2026-07-27,2771.0
7976,2026-08-03,2846.0
7979,2025-08-11,1920.58
7979,2025-08-18,1990.24
7979,2025-08-25,1899.3
7979,2025-09-01,1886.72
7979,2025-09-08,1896.39
7979,2025-09-15,1908.97
7979,2025-09-22,1951.54
7979,2025-09-29,1881.15
7979,2025-10-06,1871.37
7979,2025-10-13,1865.5
7979,2025-10-20,1894.83
7979,2025-10-27,1852.79
7979,2025-11-03,1807.82
7979,2025-11-10,1813.68
7979,2025-11-17,1852.79
7979,2025-11-24,1830.3
7979,2025-12-01,1786.31
7979,2025-12-08,1765.77
7979,2025-12-15,1799.02
7979,2025-12-22,1758.93
7979,2025-12-29,1784.35
7979,2026-01-05,1828.35
7979,2026-01-12,1851.81
7979,2026-01-19,1844.97
7979,2026-01-26,1797.06
7979,2026-02-02,1736.44
7979,2026-02-09,1764.8
7979,2026-02-16,1761.86
7979,2026-02-23,1835.19
7979,2026-03-02,1838.13
7979,2026-03-09,1696.36
7979,2026-03-16,1651.38
7979,2026-03-23,1712.0
7979,2026-03-30,1695.0
7979,2026-04-06,1755.0
7979,2026-04-13,1715.0
7979,2026-04-20,1658.0
7979,2026-04-27,1650.0
7979,2026-05-04,1644.0
7979,2026-05-11,1723.0
7979,2026-05-18,1810.0
7979,2026-05-25,1802.0
7979,2026-06-01,1900.0
7979,2026-06-08,2063.0
7979,2026-06-15,2006.0
7979,2026-06-22,2017.0
7979,2026-06-29,2093.0
7979,2026-07-06,2086.0
7979,2026-07-13,2209.0
7979,2026-07-20,2088.0
7979,2026-07-27,2109.0
7979,2026-08-03,2214.0
7990,2025-08-11,2213.24
7990,2025-08-18,2253.62
7990,2025-08-25,2277.66
7990,2025-09-01,2332.46
7990,2025-09-08,2315.16
7990,2025-09-15,2315.16
7990,2025-09-22,2377.65
7990,2025-09-29,2307.14
7990,2025-10-06,2340.44
7990,2025-10-13,2348.27
7990,2025-10-20,2423.68
7990,2025-10-27,2285.6
7990,2025-11-03,2278.74
7990,2025-11-10,2126.96
7990,2025-11-17,2087.79
7990,2025-11-24,2166.13
7990,2025-12-01,2092.68
7990,2025-12-08,2048.62
7990,2025-12-15,2078.97
7990,2025-12-22,2117.17
7990,2025-12-29,2128.92
7990,2026-01-05,2169.07
7990,2026-01-12,2227.82
7990,2026-01-19,2194.53
7990,2026-01-26,2151.44
7990,2026-02-02,2252.3
7990,2026-02-09,2320.85
7990,2026-02-16,2262.1
7990,2026-02-23,2317.91
7990,2026-03-02,2189.63
7990,2026-03-09,2156.34
7990,2026-03-16,2106.39
7990,2026-03-23,2125.0
7990,2026-03-30,2146.0
7990,2026-04-06,2128.0
7990,2026-04-13,2118.0
7990,2026-04-20,2068.0
7990,2026-04-27,2154.0
7990,2026-05-04,2159.0
7990,2026-05-11,2481.0
7990,2026-05-18,2515.0
7990,2026-05-25,2618.0
7990,2026-06-01,2513.0
7990,2026-06-08,2460.0
7990,2026-06-15,2416.0
7990,2026-06-22,2315.0
7990,2026-06-29,2361.0
7990,2026-07-06,2392.0
7990,2026-07-13,2433.0
7990,2026-07-20,2455.0
7990,2026-07-27,2551.0
7990,2026-08-03,2735.0
8011,2025-08-11,3043.64
8011,2025-08-18,3115.88
8011,2025-08-25,3092.11
8011,2025-09-01,3269.37
8011,2025-09-08,3377.69
8011,2025-09-15,3397.39
8011,2025-09-22,3471.24
8011,2025-09-29,3298.91
8011,2025-10-06,3185.66
8011,2025-10-13,3269.37
8011,2025-10-20,3392.46
8011,2025-10-27,3131.5
8011,2025-11-03,3175.82
8011,2025-11-10,3293.99
8011,2025-11-17,3412.16
8011,2025-11-24,3333.38
8011,2025-12-01,3550.02
8011,2025-12-08,3559.87
8011,2025-12-15,3766.67
8011,2025-12-22,3737.12
8011,2025-12-29,3830.68
8011,2026-01-05,4012.85
8011,2026-01-12,4155.64
8011,2026-01-19,4111.33
8011,2026-01-26,4318.13
8011,2026-02-02,4204.88
8011,2026-02-09,4549.54
8011,2026-02-16,4332.9
8011,2026-02-23,4335.0
8011,2026-03-02,4085.0
8011,2026-03-09,3985.0
8011,2026-03-16,3880.0
8011,2026-03-23,3975.0
8011,2026-03-30,4005.0
8011,2026-04-06,4015.0
8011,2026-04-13,4030.0
8011,2026-04-20,3825.0
8011,2026-04-27,3925.0
8011,2026-05-04,3680.0
8011,2026-05-11,3825.0
8011,2026-05-18,3710.0
8011,2026-05-25,3725.0
8011,2026-06-01,3660.0
8011,2026-06-08,3790.0
8011,2026-06-15,3990.0
8011,2026-06-22,3950.0
8011,2026-06-29,4375.0
8011,2026-07-06,4235.0
8011,2026-07-13,4190.0
8011,2026-07-20,4625.0
8011,2026-07-27,4900.0
8011,2026-08-03,5100.0
8037,2025-08-11,2751.4
8037,2025-08-18,2766.83
8037,2025-08-25,2740.79
8037,2025-09-01,2809.26
8037,2025-09-08,2816.97
8037,2025-09-15,2851.69
8037,2025-09-22,2922.09
8037,2025-09-29,2823.06
8037,2025-10-06,2775.99
8037,2025-10-13,2805.41
8037,2025-10-20,2966.22
8037,2025-10-27,2861.3
8037,2025-11-03,2927.0
8037,2025-11-10,2786.77
8037,2025-11-17,2756.38
8037,2025-11-24,2851.49
8037,2025-12-01,2786.77
8037,2025-12-08,2836.78
8037,2025-12-15,2951.51
8037,2025-12-22,2934.84
8037,2025-12-29,2961.32
8037,2026-01-05,3128.01
8037,2026-01-12,3240.78
8037,2026-01-19,3186.85
8037,2026-01-26,3020.15
8037,2026-02-02,3162.33
8037,2026-02-09,3196.65
8037,2026-02-16,3211.36
8037,2026-02-23,3329.03
8037,2026-03-02,3103.5
8037,2026-03-09,3010.34
8037,2026-03-16,3083.89
8037,2026-03-23,3280.0
8037,2026-03-30,3450.0
8037,2026-04-06,3425.0
8037,2026-04-13,3295.0
8037,2026-04-20,3185.0
8037,2026-04-27,3220.0
8037,2026-05-04,3345.0
8037,2026-05-11,3335.0
8037,2026-05-18,3565.0
8037,2026-05-25,3605.0
8037,2026-06-01,3440.0
8037,2026-06-08,3430.0
8037,2026-06-15,3490.0
8037,2026-06-22,3455.0
8037,2026-06-29,3545.0
8037,2026-07-06,3640.0
8037,2026-07-13,3630.0
8037,2026-07-20,3720.0
8037,2026-07-27,3895.0
8037,2026-08-03,3945.0
8065,2025-08-11,1608.72
8065,2025-08-18,1632.79
8065,2025-08-25,1665.52
8065,2025-09-01,1680.93
8065,2025-09-08,1669.37
8065,2025-09-15,1662.63
8065,2025-09-22,1874.43
8065,2025-09-29,1950.04
8065,2025-10-06,2014.84
8065,2025-10-13,2030.55
8065,2025-10-20,2116.96
8065,2025-10-27,2115.0
8065,2025-11-03,2049.21
8065,2025-11-10,2080.63
8065,2025-11-17,2138.56
8065,2025-11-24,2200.42
8065,2025-12-01,2106.16
8065,2025-12-08,2180.78
8065,2025-12-15,2166.06
8065,2025-12-22,2203.37
8065,2025-12-29,2212.2
8065,2026-01-05,2295.67
8065,2026-01-12,2360.47
8065,2026-01-19,2322.18
8065,2026-01-26,2303.52
8065,2026-02-02,2340.83
8065,2026-02-09,2392.87
8065,2026-02-16,2387.96
8065,2026-02-23,2464.55
8065,2026-03-02,2319.23
8065,2026-03-09,2284.86
8065,2026-03-16,2420.37
8065,2026-03-23,2386.0
8065,2026-03-30,2412.0
8065,2026-04-06,2471.0
8065,2026-04-13,2736.0
8065,2026-04-20,2712.0
8065,2026-04-27,2774.0
8065,2026-05-04,3125.0
8065,2026-05-11,3120.0
8065,2026-05-18,3095.0
8065,2026-05-25,3240.0
8065,2026-06-01,3295.0
8065,2026-06-08,3150.0
8065,2026-06-15,3165.0
8065,2026-06-22,2875.0
8065,2026-06-29,2879.0
8065,2026-07-06,2990.0
8065,2026-07-13,2979.0
8065,2026-07-20,3030.0
8065,2026-07-27,3250.0
8065,2026-08-03,3595.0
8066,2025-08-11,2088.67
8066,2025-08-18,2080.04
8066,2025-08-25,2064.71
8066,2025-09-01,2079.09
8066,2025-09-08,2068.54
8066,2025-09-15,2103.05
8066,2025-09-22,2103.05
8066,2025-09-29,2183.26
8066,2025-10-06,2239.99
8066,2025-10-13,2191.08
8066,2025-10-20,2226.3
8066,2025-10-27,2269.34
8066,2025-11-03,2306.51
8066,2025-11-10,2327.05
8066,2025-11-17,2323.14
8066,2025-11-24,2332.92
8066,2025-12-01,2166.63
8066,2025-12-08,2216.52
8066,2025-12-15,2296.73
8066,2025-12-22,2215.54
8066,2025-12-29,2248.8
8066,2026-01-05,2210.65
8066,2026-01-12,2208.69
8066,2026-01-19,2166.63
8066,2026-01-26,2328.03
8066,2026-02-02,2445.41
8066,2026-02-09,2688.97
8066,2026-02-16,2553.98
8066,2026-02-23,2787.76
8066,2026-03-02,2581.37
8066,2026-03-09,2521.7
8066,2026-03-16,2419.97
8066,2026-03-23,2374.0
8066,2026-03-30,2359.0
8066,2026-04-06,2359.0
8066,2026-04-13,2370.0
8066,2026-04-20,2397.0
8066,2026-04-27,2666.0
8066,2026-05-04,2740.0
8066,2026-05-11,2718.0
8066,2026-05-18,2574.0
8066,2026-05-25,2481.0
8066,2026-06-01,2447.0
8066,2026-06-08,2491.0
8066,2026-06-15,2509.0
8066,2026-06-22,2507.0
8066,2026-06-29,2679.0
8066,2026-07-06,2751.0
8066,2026-07-13,2813.0
8066,2026-07-20,2785.0
8066,2026-07-27,2897.0
8066,2026-08-03,3015.0
8075,2025-08-11,2028.97
8075,2025-08-18,2106.34
8075,2025-08-25,2162.7
8075,2025-09-01,2227.66
8075,2025-09-08,2186.58
8075,2025-09-15,2162.7
8075,2025-09-22,2188.5
8075,2025-09-29,2139.6
8075,2025-10-06,2196.32
8075,2025-10-13,2251.08
8075,2025-10-20,2321.49
8075,2025-10-27,2275.53
8075,2025-11-03,2274.55
8075,2025-11-10,2259.88
8075,2025-11-17,2297.04
8075,2025-11-24,2379.18
8075,2025-12-01,2331.27
8075,2025-12-08,2415.36
8075,2025-12-15,2425.14
8075,2025-12-22,2443.72
8075,2025-12-29,2475.01
8075,2026-01-05,2559.11
8075,2026-01-12,2652.01
8075,2026-01-19,2607.03
8075,2026-01-26,2596.27
8075,2026-02-02,2739.04
8075,2026-02-09,2689.17
8075,2026-02-16,2652.99
8075,2026-02-23,2707.75
8075,2026-03-02,2460.35
8075,2026-03-09,2335.18
8075,2026-03-16,2317.58
8075,2026-03-23,2343.0
8075,2026-03-30,2378.0
8075,2026-04-06,2400.0
8075,2026-04-13,2398.0
8075,2026-04-20,2278.0
8075,2026-04-27,2311.0
8075,2026-05-04,2313.0
8075,2026-05-11,2401.0
8075,2026-05-18,2394.0
8075,2026-05-25,2448.0
8075,2026-06-01,2367.0
8075,2026-06-08,2410.0
8075,2026-06-15,2450.0
8075,2026-06-22,2388.0
8075,2026-06-29,2410.0
8075,2026-07-06,2452.0
8075,2026-07-13,2453.0
8075,2026-07-20,2553.0
8075,2026-07-27,2577.0
8075,2026-08-03,2840.0
8084,2025-08-11,2938.52
8084,2025-08-18,2938.52
8084,2025-08-25,2952.91
8084,2025-09-01,3020.02
8084,2025-09-08,3053.57
8084,2025-09-15,3043.99
8084,2025-09-22,3053.57
8084,2025-09-29,2987.94
8084,2025-10-06,2914.46
8084,2025-10-13,2958.55
8084,2025-10-20,3046.72
8084,2025-10-27,3134.88
8084,2025-11-03,2978.14
8084,2025-11-10,3090.8
8084,2025-11-17,3134.88
8084,2025-11-24,3208.36
8084,2025-12-01,3257.34
8084,2025-12-08,3409.19
8084,2025-12-15,3423.88
8084,2025-12-22,3477.76
8084,2025-12-29,3536.54
8084,2026-01-05,3551.24
8084,2026-01-12,3712.88
8084,2026-01-19,3761.86
8084,2026-01-26,3605.12
8084,2026-02-02,3531.64
8084,2026-02-09,3590.42
8084,2026-02-16,3477.76
8084,2026-02-23,3644.3
8084,2026-03-02,3399.39
8084,2026-03-09,3262.24
8084,2026-03-16,3286.73
8084,2026-03-23,3370.0
8084,2026-03-30,3340.0
8084,2026-04-06,3310.0
8084,2026-04-13,3500.0
8084,2026-04-20,3425.0
8084,2026-04-27,3545.0
8084,2026-05-04,3550.0
8084,2026-05-11,3575.0
8084,2026-05-18,3680.0
8084,2026-05-25,3790.0
8084,2026-06-01,3980.0
8084,2026-06-08,3930.0
8084,2026-06-15,3895.0
8084,2026-06-22,3925.0
8084,2026-06-29,4010.0
8084,2026-07-06,3920.0
8084,2026-07-13,3790.0
8084,2026-07-20,3870.0
8084,2026-07-27,4360.0
8084,2026-08-03,4640.0
8163,2025-08-11,1286.98
8163,2025-08-18,1283.01
8163,2025-08-25,1279.04
8163,2025-09-01,1277.05
8163,2025-09-08,1257.21
8163,2025-09-15,1258.2
8163,2025-09-22,1283.01
8163,2025-09-29,1198.66
8163,2025-10-06,1183.78
8163,2025-10-13,1193.7
8163,2025-10-20,1156.0
8163,2025-10-27,1138.14
8163,2025-11-03,1156.99
8163,2025-11-10,1183.78
8163,2025-11-17,1210.57
8163,2025-11-24,1208.59
8163,2025-12-01,1197.67
8163,2025-12-08,1194.7
8163,2025-12-15,1203.63
8163,2025-12-22,1208.59
8163,2025-12-29,1199.66
8163,2026-01-05,1225.46
8163,2026-01-12,1250.26
8163,2026-01-19,1226.45
8163,2026-01-26,1235.38
8163,2026-02-02,1274.08
8163,2026-02-09,1256.22
8163,2026-02-16,1241.33
8163,2026-02-23,1260.19
8163,2026-03-02,1241.33
8163,2026-03-09,1233.39
8163,2026-03-16,1252.25
8163,2026-03-23,1284.0
8163,2026-03-30,1258.0
8163,2026-04-06,1231.0
8163,2026-04-13,1206.0
8163,2026-04-20,1169.0
8163,2026-04-27,1196.0
8163,2026-05-04,1198.0
8163,2026-05-11,1190.0
8163,2026-05-18,1178.0
8163,2026-05-25,1169.0
8163,2026-06-01,1155.0
8163,2026-06-08,1187.0
8163,2026-06-15,1200.0
8163,2026-06-22,1223.0
8163,2026-06-29,1242.0
8163,2026-07-06,1264.0
8163,2026-07-13,1293.0
8163,2026-07-20,1328.0
8163,2026-07-27,1434.0
8163,2026-08-03,1568.0
8304,2025-08-11,2319.91
8304,2025-08-18,2286.66
8304,2025-08-25,2208.11
8304,2025-09-01,2187.87
8304,2025-09-08,2205.22
8304,2025-09-15,2274.61
8304,2025-09-22,2304.01
8304,2025-09-29,2286.5
8304,2025-10-06,2201.38
8304,2025-10-13,2144.96
8304,2025-10-20,2174.14
8304,2025-10-27,2145.44
8304,2025-11-03,2178.03
8304,2025-11-10,2374.53
8304,2025-11-17,2245.15
8304,2025-11-24,2349.24
8304,2025-12-01,2333.68
8304,2025-12-08,2297.2
8304,2025-12-15,2413.93
8304,2025-12-22,2432.41
8304,2025-12-29,2462.35
8304,2026-01-05,2521.23
8304,2026-01-12,2588.95
8304,2026-01-19,2479.52
8304,2026-01-26,2455.48
8304,2026-02-02,2743.52
8304,2026-02-09,2761.18
8304,2026-02-16,2823.99
8304,2026-02-23,2772.47
8304,2026-03-02,2549.2
8304,2026-03-09,2441.74
8304,2026-03-16,2438.3
8304,2026-03-23,2579.13
8304,2026-03-30,2616.78
8304,2026-04-06,2662.36
8304,2026-04-13,2638.09
8304,2026-04-20,2600.93
8304,2026-04-27,2502.84
8304,2026-05-04,2576.66
8304,2026-05-11,2695.06
8304,2026-05-18,2767.89
8304,2026-05-25,2646.01
8304,2026-06-01,2598.45
8304,2026-06-08,2719.33
8304,2026-06-15,2765.41
8304,2026-06-22,2701.5
8304,2026-06-29,2830.0
8304,2026-07-06,2907.5
8304,2026-07-13,2883.0
8304,2026-07-20,3034.0
8304,2026-07-27,3038.0
8304,2026-08-03,3272.0
8341,2025-08-11,1834.91
8341,2025-08-18,1853.6
8341,2025-08-25,1839.75
8341,2025-09-01,1827.5
8341,2025-09-08,1880.03
8341,2025-09-15,1875.19
8341,2025-09-22,2016.99
8341,2025-09-29,2007.8
8341,2025-10-06,1905.73
8341,2025-10-13,1867.34
8341,2025-10-20,2045.21
8341,2025-10-27,2170.9
8341,2025-11-03,2186.0
8341,2025-11-10,2259.51
8341,2025-11-17,2266.73
8341,2025-11-24,2369.12
8341,2025-12-01,2447.88
8341,2025-12-08,2440.67
8341,2025-12-15,2502.69
8341,2025-12-22,2482.34
8341,2025-12-29,2474.8
8341,2026-01-05,2644.46
8341,2026-01-12,2849.25
8341,2026-01-19,2864.02
8341,2026-01-26,2775.08
8341,2026-02-02,2999.23
8341,2026-02-09,3160.69
8341,2026-02-16,3225.34
8341,2026-02-23,3228.29
8341,2026-03-02,3020.89
8341,2026-03-09,2980.19
8341,2026-03-16,2969.36
8341,2026-03-23,3119.67
8341,2026-03-30,3211.0
8341,2026-04-06,3262.0
8341,2026-04-13,3279.0
8341,2026-04-20,2929.5
8341,2026-04-27,3004.0
8341,2026-05-04,2987.5
8341,2026-05-11,3141.0
8341,2026-05-18,3201.0
8341,2026-05-25,3154.0
8341,2026-06-01,3174.0
8341,2026-06-08,3267.0
8341,2026-06-15,3317.0
8341,2026-06-22,3335.0
8341,2026-06-29,3519.0
8341,2026-07-06,3515.0
8341,2026-07-13,3311.0
8341,2026-07-20,3631.0
8341,2026-07-27,3495.0
8341,2026-08-03,3691.0
8343,2025-08-11,3355.64
8343,2025-08-18,3451.65
8343,2025-08-25,3384.44
8343,2025-09-01,3365.24
8343,2025-09-08,3456.45
8343,2025-09-15,3365.24
8343,2025-09-22,3451.65
8343,2025-09-29,3427.14
8343,2025-10-06,3378.11
8343,2025-10-13,3387.91
8343,2025-10-20,3505.58
8343,2025-10-27,3584.03
8343,2025-11-03,3637.96
8343,2025-11-10,3672.28
8343,2025-11-17,3672.28
8343,2025-11-24,3799.76
8343,2025-12-01,3868.4
8343,2025-12-08,3843.88
8343,2025-12-15,3888.01
8343,2025-12-22,3897.82
8343,2025-12-29,3946.84
8343,2026-01-05,4226.31
8343,2026-01-12,4549.9
8343,2026-01-19,4633.25
8343,2026-01-26,4971.55
8343,2026-02-02,5314.76
8343,2026-02-09,5383.4
8343,2026-02-16,5442.23
8343,2026-02-23,5501.07
8343,2026-03-02,5099.03
8343,2026-03-09,4902.91
8343,2026-03-16,4902.91
8343,2026-03-23,5050.0
8343,2026-03-30,5100.0
8343,2026-04-06,5490.0
8343,2026-04-13,5820.0
8343,2026-04-20,5220.0
8343,2026-04-27,5390.0
8343,2026-05-04,5480.0
8343,2026-05-11,5790.0
8343,2026-05-18,6140.0
8343,2026-05-25,5990.0
8343,2026-06-01,5920.0
8343,2026-06-08,6350.0
8343,2026-06-15,6170.0
8343,2026-06-22,6800.0
8343,2026-06-29,7060.0
8343,2026-07-06,7140.0
8343,2026-07-13,6830.0
8343,2026-07-20,7670.0
8343,2026-07-27,7260.0
8343,2026-08-03,7980.0
8344,2025-08-11,1551.81
8344,2025-08-18,1576.81
8344,2025-08-25,1537.39
8344,2025-09-01,1545.08
8344,2025-09-08,1580.66
8344,2025-09-15,1559.51
8344,2025-09-22,1633.54
8344,2025-09-29,1612.03
8344,2025-10-06,1564.13
8344,2025-10-13,1547.51
8344,2025-10-20,1583.68
8344,2025-10-27,1641.36
8344,2025-11-03,1662.87
8344,2025-11-10,1711.75
8344,2025-11-17,1717.61
8344,2025-11-24,1824.17
8344,2025-12-01,1783.11
8344,2025-12-08,1784.09
8344,2025-12-15,1841.76
8344,2025-12-22,1859.36
8344,2025-12-29,1890.64
8344,2026-01-05,2013.82
8344,2026-01-12,2104.73
8344,2026-01-19,2142.86
8344,2026-01-26,2158.5
8344,2026-02-02,2356.95
8344,2026-02-09,2595.48
8344,2026-02-16,2627.74
8344,2026-02-23,2668.8
8344,2026-03-02,2492.83
8344,2026-03-09,2349.13
8344,2026-03-16,2332.51
8344,2026-03-23,2442.0
8344,2026-03-30,2510.0
8344,2026-04-06,2678.0
8344,2026-04-13,2786.0
8344,2026-04-20,2415.0
8344,2026-04-27,2503.0
8344,2026-05-04,2515.0
8344,2026-05-11,2655.0
8344,2026-05-18,3055.0
8344,2026-05-25,3095.0
8344,2026-06-01,3075.0
8344,2026-06-08,3495.0
8344,2026-06-15,3370.0
8344,2026-06-22,3365.0
8344,2026-06-29,3965.0
8344,2026-07-06,3690.0
8344,2026-07-13,3615.0
8344,2026-07-20,4000.0
8344,2026-07-27,3740.0
8344,2026-08-03,4235.0
8345,2025-08-11,883.59
8345,2025-08-18,909.96
8345,2025-08-25,894.38
8345,2025-09-01,902.77
8345,2025-09-08,917.15
8345,2025-09-15,897.97
8345,2025-09-22,925.55
8345,2025-09-29,920.87
8345,2025-10-06,914.73
8345,2025-10-13,952.84
8345,2025-10-20,962.68
8345,2025-10-27,995.87
8345,2025-11-03,992.18
8345,2025-11-10,1168.0
8345,2025-11-17,1152.02
8345,2025-11-24,1215.95
8345,2025-12-01,1214.72
8345,2025-12-08,1229.47
8345,2025-12-15,1236.85
8345,2025-12-22,1258.98
8345,2025-12-29,1278.65
8345,2026-01-05,1372.09
8345,2026-01-12,1504.87
8345,2026-01-19,1544.22
8345,2026-01-26,1499.96
8345,2026-02-02,1627.82
8345,2026-02-09,1664.71
8345,2026-02-16,1686.84
8345,2026-02-23,1745.85
8345,2026-03-02,1652.41
8345,2026-03-09,1583.56
8345,2026-03-16,1583.56
8345,2026-03-23,1677.0
8345,2026-03-30,1661.0
8345,2026-04-06,1802.0
8345,2026-04-13,2030.0
8345,2026-04-20,1821.0
8345,2026-04-27,1956.0
8345,2026-05-04,1940.0
8345,2026-05-11,1877.0
8345,2026-05-18,1955.0
8345,2026-05-25,1867.0
8345,2026-06-01,1907.0
8345,2026-06-08,2067.0
8345,2026-06-15,1941.0
8345,2026-06-22,2030.0
8345,2026-06-29,2161.0
8345,2026-07-06,2083.0
8345,2026-07-13,2058.0
8345,2026-07-20,2270.0
8345,2026-07-27,2155.0
8345,2026-08-03,2404.0
8346,2025-08-11,390.96
8346,2025-08-18,390.96
8346,2025-08-25,386.11
8346,2025-09-01,403.57
8346,2025-09-08,421.03
8346,2025-09-15,414.24
8346,2025-09-22,442.38
8346,2025-09-29,427.6
8346,2025-10-06,426.61
8346,2025-10-13,433.51
8346,2025-10-20,446.32
8346,2025-10-27,449.27
8346,2025-11-03,450.26
8346,2025-11-10,467.99
8346,2025-11-17,468.98
8346,2025-11-24,501.49
8346,2025-12-01,509.37
8346,2025-12-08,512.33
8346,2025-12-15,529.08
8346,2025-12-22,523.17
8346,2025-12-29,533.02
8346,2026-01-05,550.76
8346,2026-01-12,603.96
8346,2026-01-19,599.03
8346,2026-01-26,592.14
8346,2026-02-02,669.97
8346,2026-02-09,724.16
8346,2026-02-16,703.47
8346,2026-02-23,716.28
8346,2026-03-02,653.22
8346,2026-03-09,622.68
8346,2026-03-16,651.25
8346,2026-03-23,668.0
8346,2026-03-30,681.0
8346,2026-04-06,701.0
8346,2026-04-13,704.0
8346,2026-04-20,650.0
8346,2026-04-27,666.0
8346,2026-05-04,693.0
8346,2026-05-11,705.0
8346,2026-05-18,773.0
8346,2026-05-25,752.0
8346,2026-06-01,750.0
8346,2026-06-08,777.0
8346,2026-06-15,751.0
8346,2026-06-22,774.0
8346,2026-06-29,818.0
8346,2026-07-06,820.0
8346,2026-07-13,813.0
8346,2026-07-20,904.0
8346,2026-07-27,860.0
8346,2026-08-03,958.0
8358,2025-08-11,1502.23
8358,2025-08-18,1450.93
8358,2025-08-25,1436.41
8358,2025-09-01,1470.29
8358,2025-09-08,1492.55
8358,2025-09-15,1460.61
8358,2025-09-22,1526.43
8358,2025-09-29,1544.1
8358,2025-10-06,1464.58
8358,2025-10-13,1427.28
8358,2025-10-20,1482.25
8358,2025-10-27,1512.68
8358,2025-11-03,1492.07
8358,2025-11-10,1532.32
8358,2025-11-17,1551.95
8358,2025-11-24,1650.11
8358,2025-12-01,1650.11
8358,2025-12-08,1674.65
8358,2025-12-15,1698.21
8358,2025-12-22,1671.71
8358,2025-12-29,1677.6
8358,2026-01-05,1757.11
8358,2026-01-12,1897.48
8358,2026-01-19,1946.56
8358,2026-01-26,1903.37
8358,2026-02-02,2016.26
8358,2026-02-09,2074.17
8358,2026-02-16,2108.53
8358,2026-02-23,2083.99
8358,2026-03-02,1922.02
8358,2026-03-09,1869.01
8358,2026-03-16,1874.9
8358,2026-03-23,2030.0
8358,2026-03-30,2091.0
8358,2026-04-06,2270.0
8358,2026-04-13,2290.0
8358,2026-04-20,2253.0
8358,2026-04-27,2266.0
8358,2026-05-04,2217.0
8358,2026-05-11,2336.0
8358,2026-05-18,2370.0
8358,2026-05-25,2317.0
8358,2026-06-01,2266.0
8358,2026-06-08,2354.0
8358,2026-06-15,2397.0
8358,2026-06-22,2384.0
8358,2026-06-29,2540.0
8358,2026-07-06,2569.0
8358,2026-07-13,2545.0
8358,2026-07-20,2745.0
8358,2026-07-27,2605.0
8358,2026-08-03,2746.0
8368,2025-08-11,804.42
8368,2025-08-18,817.06
8368,2025-08-25,811.23
8368,2025-09-01,836.52
8368,2025-09-08,867.64
8368,2025-09-15,857.92
8368,2025-09-22,893.9
8368,2025-09-29,891.93
8368,2025-10-06,884.04
8368,2025-10-13,918.57
8368,2025-10-20,920.54
8368,2025-10-27,942.25
8368,2025-11-03,938.3
8368,2025-11-10,956.06
8368,2025-11-17,980.73
8368,2025-11-24,1029.08
8368,2025-12-01,1035.98
8368,2025-12-08,1077.42
8368,2025-12-15,1111.95
8368,2025-12-22,1107.02
8368,2025-12-29,1130.7
8368,2026-01-05,1194.83
8368,2026-01-12,1313.23
8368,2026-01-19,1464.19
8368,2026-01-26,1384.27
8368,2026-02-02,1498.72
8368,2026-02-09,1536.21
8368,2026-02-16,1536.21
8368,2026-02-23,1677.3
8368,2026-03-02,1553.97
8368,2026-03-09,1507.6
8368,2026-03-16,1483.92
8368,2026-03-23,1552.0
8368,2026-03-30,1596.0
8368,2026-04-06,1805.0
8368,2026-04-13,1887.0
8368,2026-04-20,1692.0
8368,2026-04-27,1811.0
8368,2026-05-04,1809.0
8368,2026-05-11,1953.0
8368,2026-05-18,1972.0
8368,2026-05-25,1906.0
8368,2026-06-01,1924.0
8368,2026-06-08,1945.0
8368,2026-06-15,1890.0
8368,2026-06-22,1960.0
8368,2026-06-29,2081.0
8368,2026-07-06,2064.0
8368,2026-07-13,1924.0
8368,2026-07-20,2080.0
8368,2026-07-27,2017.0
8368,2026-08-03,2194.0
8377,2025-08-11,3473.99
8377,2025-08-18,3524.83
8377,2025-08-25,3664.65
8377,2025-09-01,3647.05
8377,2025-09-08,3781.0
8377,2025-09-15,3649.98
8377,2025-09-22,3799.58
8377,2025-09-29,3686.81
8377,2025-10-06,3647.24
8377,2025-10-13,3480.07
8377,2025-10-20,3549.31
8377,2025-10-27,3738.25
8377,2025-11-03,4071.62
8377,2025-11-10,4165.59
8377,2025-11-17,4352.55
8377,2025-11-24,4393.11
8377,2025-12-01,4414.88
8377,2025-12-08,4395.09
8377,2025-12-15,4517.75
8377,2025-12-22,4565.24
8377,2025-12-29,4540.51
8377,2026-01-05,4915.42
8377,2026-01-12,5325.94
8377,2026-01-19,5298.25
8377,2026-01-26,5242.85
8377,2026-02-02,5832.42
8377,2026-02-09,6136.11
8377,2026-02-16,6163.81
8377,2026-02-23,6183.6
8377,2026-03-02,5965.97
8377,2026-03-09,5686.02
8377,2026-03-16,5693.93
8377,2026-03-23,5963.0
8377,2026-03-30,6203.0
8377,2026-04-06,6271.0
8377,2026-04-13,6301.0
8377,2026-04-20,5602.0
8377,2026-04-27,5939.0
8377,2026-05-04,6077.0
8377,2026-05-11,6454.0
8377,2026-05-18,6787.0
8377,2026-05-25,6456.0
8377,2026-06-01,6429.0
8377,2026-06-08,6505.0
8377,2026-06-15,6415.0
8377,2026-06-22,6703.0
8377,2026-06-29,7270.0
8377,2026-07-06,7510.0
8377,2026-07-13,6966.0
8377,2026-07-20,7714.0
8377,2026-07-27,7469.0
8377,2026-08-03,8044.0
8386,2025-08-11,1208.86
8386,2025-08-18,1218.51
8386,2025-08-25,1204.04
8386,2025-09-01,1202.83
8386,2025-09-08,1228.17
8386,2025-09-15,1194.39
8386,2025-09-22,1259.53
8386,2025-09-29,1220.85
8386,2025-10-06,1222.08
8386,2025-10-13,1219.62
8386,2025-10-20,1251.65
8386,2025-10-27,1330.49
8386,2025-11-03,1411.8
8386,2025-11-10,1446.3
8386,2025-11-17,1473.4
8386,2025-11-24,1532.53
8386,2025-12-01,1530.07
8386,2025-12-08,1539.92
8386,2025-12-15,1591.66
8386,2025-12-22,1594.13
8386,2025-12-29,1640.94
8386,2026-01-05,1732.1
8386,2026-01-12,1921.82
8386,2026-01-19,2064.73
8386,2026-01-26,2057.34
8386,2026-02-02,2325.9
8386,2026-02-09,2365.32
8386,2026-02-16,2340.68
8386,2026-02-23,2407.21
8386,2026-03-02,2180.53
8386,2026-03-09,2101.69
8386,2026-03-16,2089.37
8386,2026-03-23,2148.5
8386,2026-03-30,2205.0
8386,2026-04-06,2322.0
8386,2026-04-13,2445.0
8386,2026-04-20,2275.0
8386,2026-04-27,2371.0
8386,2026-05-04,2360.0
8386,2026-05-11,2467.0
8386,2026-05-18,2559.0
8386,2026-05-25,2485.0
8386,2026-06-01,2438.0
8386,2026-06-08,2521.0
8386,2026-06-15,2388.0
8386,2026-06-22,2560.0
8386,2026-06-29,2669.0
8386,2026-07-06,2651.0
8386,2026-07-13,2628.0
8386,2026-07-20,2966.0
8386,2026-07-27,2846.0
8386,2026-08-03,2928.0
8387,2025-08-11,1323.05
8387,2025-08-18,1387.9
8387,2025-08-25,1380.16
8387,2025-09-01,1391.77
8387,2025-09-08,1415.0
8387,2025-09-15,1383.06
8387,2025-09-22,1425.64
8387,2025-09-29,1397.03
8387,2025-10-06,1378.29
8387,2025-10-13,1376.31
8387,2025-10-20,1400.98
8387,2025-10-27,1435.51
8387,2025-11-03,1471.03
8387,2025-11-10,1495.69
8387,2025-11-17,1507.53
8387,2025-11-24,1642.7
8387,2025-12-01,1627.9
8387,2025-12-08,1635.79
8387,2025-12-15,1694.99
8387,2025-12-22,1708.8
8387,2025-12-29,1734.45
8387,2026-01-05,1866.66
8387,2026-01-12,1951.51
8387,2026-01-19,2011.69
8387,2026-01-26,2007.74
8387,2026-02-02,2284.98
8387,2026-02-09,2309.64
8387,2026-02-16,2375.75
8387,2026-02-23,2420.14
8387,2026-03-02,2272.15
8387,2026-03-09,2253.41
8387,2026-03-16,2273.14
8387,2026-03-23,2357.0
8387,2026-03-30,2361.0
8387,2026-04-06,2477.0
8387,2026-04-13,2700.0
8387,2026-04-20,2489.0
8387,2026-04-27,2548.0
8387,2026-05-04,2552.0
8387,2026-05-11,2694.0
8387,2026-05-18,2826.0
8387,2026-05-25,2749.0
8387,2026-06-01,2750.0
8387,2026-06-08,2893.0
8387,2026-06-15,2750.0
8387,2026-06-22,2942.0
8387,2026-06-29,3140.0
8387,2026-07-06,3135.0
8387,2026-07-13,3095.0
8387,2026-07-20,3465.0
8387,2026-07-27,3330.0
8387,2026-08-03,3635.0
8395,2025-08-11,2678.37
8395,2025-08-18,2812.48
8395,2025-08-25,2836.78
8395,2025-09-01,2863.02
8395,2025-09-08,2964.09
8395,2025-09-15,2964.09
8395,2025-09-22,2998.1
8395,2025-09-29,2998.1
8395,2025-10-06,2993.16
8395,2025-10-13,3037.61
8395,2025-10-20,3111.7
8395,2025-10-27,3166.03
8395,2025-11-03,3175.91
8395,2025-11-10,3304.33
8395,2025-11-17,3353.72
8395,2025-11-24,3571.05
8395,2025-12-01,3694.53
8395,2025-12-08,3724.16
8395,2025-12-15,3832.83
8395,2025-12-22,3877.28
8395,2025-12-29,4000.76
8395,2026-01-05,4262.54
8395,2026-01-12,4519.38
8395,2026-01-19,4623.1
8395,2026-01-26,4534.19
8395,2026-02-02,4949.09
8395,2026-02-09,4998.48
8395,2026-02-16,5018.24
8395,2026-02-23,5117.02
8395,2026-03-02,4756.46
8395,2026-03-09,4608.28
8395,2026-03-16,4672.49
8395,2026-03-23,4875.0
8395,2026-03-30,4910.0
8395,2026-04-06,5240.0
8395,2026-04-13,5370.0
8395,2026-04-20,5050.0
8395,2026-04-27,5080.0
8395,2026-05-04,5080.0
8395,2026-05-11,5220.0
8395,2026-05-18,5290.0
8395,2026-05-25,5210.0
8395,2026-06-01,5280.0
8395,2026-06-08,5530.0
8395,2026-06-15,5130.0
8395,2026-06-22,5220.0
8395,2026-06-29,5470.0
8395,2026-07-06,5590.0
8395,2026-07-13,5340.0
8395,2026-07-20,5910.0
8395,2026-07-27,5600.0
8395,2026-08-03,5830.0
8399,2025-08-11,1256.46
8399,2025-08-18,1283.23
8399,2025-08-25,1266.98
8399,2025-09-01,1301.4
8399,2025-09-08,1372.16
8399,2025-09-15,1370.25
8399,2025-09-22,1416.15
8399,2025-09-29,1408.35
8399,2025-10-06,1380.11
8399,2025-10-13,1369.39
8399,2025-10-20,1530.1
8399,2025-10-27,1465.82
8399,2025-11-03,1480.43
8399,2025-11-10,1538.86
8399,2025-11-17,1571.98
8399,2025-11-24,1758.01
8399,2025-12-01,1728.79
8399,2025-12-08,1712.23
8399,2025-12-15,1784.3
8399,2025-12-22,1785.28
8399,2025-12-29,1801.84
8399,2026-01-05,1956.7
8399,2026-01-12,2101.82
8399,2026-01-19,2216.74
8399,2026-01-26,2142.72
8399,2026-02-02,2327.78
8399,2026-02-09,2402.77
8399,2026-02-16,2397.9
8399,2026-02-23,2389.14
8399,2026-03-02,2267.39
8399,2026-03-09,2210.9
8399,2026-03-16,2216.74
8399,2026-03-23,2282.0
8399,2026-03-30,2304.0
8399,2026-04-06,2409.0
8399,2026-04-13,2513.0
8399,2026-04-20,2455.0
8399,2026-04-27,2499.0
8399,2026-05-04,2466.0
8399,2026-05-11,2577.0
8399,2026-05-18,2603.0
8399,2026-05-25,2506.0
8399,2026-06-01,2461.0
8399,2026-06-08,2579.0
8399,2026-06-15,2478.0
8399,2026-06-22,2541.0
8399,2026-06-29,2651.0
8399,2026-07-06,2755.0
8399,2026-07-13,2729.0
8399,2026-07-20,2999.0
8399,2026-07-27,2943.0
8399,2026-08-03,3115.0
8511,2025-08-11,1791.67
8511,2025-08-18,1753.35
8511,2025-08-25,1764.85
8511,2025-09-01,1803.17
8511,2025-09-08,1825.21
8511,2025-09-15,1798.38
8511,2025-09-22,1816.58
8511,2025-09-29,1745.13
8511,2025-10-06,1751.99
8511,2025-10-13,1769.6
8511,2025-10-20,1751.01
8511,2025-10-27,1734.37
8511,2025-11-03,1739.26
8511,2025-11-10,1762.75
8511,2025-11-17,1826.37
8511,2025-11-24,1898.8
8511,2025-12-01,1913.48
8511,2025-12-08,1912.5
8511,2025-12-15,1944.8
8511,2025-12-22,1987.87
8511,2025-12-29,1981.02
8511,2026-01-05,2050.51
8511,2026-01-12,2150.34
8511,2026-01-19,2133.7
8511,2026-01-26,2080.85
8511,2026-02-02,2142.51
8511,2026-02-09,2200.26
8511,2026-02-16,2220.81
8511,2026-02-23,2322.6
8511,2026-03-02,2203.19
8511,2026-03-09,2099.45
8511,2026-03-16,2100.42
8511,2026-03-23,2120.0
8511,2026-03-30,2197.0
8511,2026-04-06,2276.0
8511,2026-04-13,2280.0
8511,2026-04-20,2165.0
8511,2026-04-27,2154.0
8511,2026-05-04,2189.0
8511,2026-05-11,2304.0
8511,2026-05-18,2340.0
8511,2026-05-25,2286.0
8511,2026-06-01,2282.0
8511,2026-06-08,2316.0
8511,2026-06-15,2326.0
8511,2026-06-22,2297.0
8511,2026-06-29,2340.0
8511,2026-07-06,2376.0
8511,2026-07-13,2368.0
8511,2026-07-20,2451.0
8511,2026-07-27,2388.0
8511,2026-08-03,2484.0
8524,2025-08-11,673.72
8524,2025-08-18,675.66
8524,2025-08-25,677.6
8524,2025-09-01,698.89
8524,2025-09-08,699.86
8524,2025-09-15,693.08
8524,2025-09-22,717.28
8524,2025-09-29,698.24
8524,2025-10-06,685.55
8524,2025-10-13,670.9
8524,2025-10-20,706.05
8524,2025-10-27,705.08
8524,2025-11-03,715.82
8524,2025-11-10,723.63
8524,2025-11-17,732.42
8524,2025-11-24,806.64
8524,2025-12-01,814.45
8524,2025-12-08,806.64
8524,2025-12-15,832.03
8524,2025-12-22,821.29
8524,2025-12-29,834.57
8524,2026-01-05,908.39
8524,2026-01-12,945.79
8524,2026-01-19,926.1
8524,2026-01-26,906.42
8524,2026-02-02,961.53
8524,2026-02-09,997.95
8524,2026-02-16,1031.41
8524,2026-02-23,1080.62
8524,2026-03-02,987.12
8524,2026-03-09,932.01
8524,2026-03-16,916.26
8524,2026-03-23,956.61
8524,2026-03-30,990.87
8524,2026-04-06,1035.54
8524,2026-04-13,1038.52
8524,2026-04-20,923.35
8524,2026-04-27,982.92
8524,2026-05-04,973.99
8524,2026-05-11,987.89
8524,2026-05-18,999.8
8524,2026-05-25,966.04
8524,2026-06-01,985.9
8524,2026-06-08,1012.71
8524,2026-06-15,1009.73
8524,2026-06-22,1111.0
8524,2026-06-29,1141.0
8524,2026-07-06,1170.0
8524,2026-07-13,1114.0
8524,2026-07-20,1217.0
8524,2026-07-27,1157.0
8524,2026-08-03,1230.0
8596,2025-08-11,1300.05
8596,2025-08-18,1337.47
8596,2025-08-25,1362.42
8596,2025-09-01,1391.2
8596,2025-09-08,1403.67
8596,2025-09-15,1348.03
8596,2025-09-22,1366.26
8596,2025-09-29,1310.47
8596,2025-10-06,1318.3
8596,2025-10-13,1333.96
8596,2025-10-20,1348.64
8596,2025-10-27,1298.73
8596,2025-11-03,1267.41
8596,2025-11-10,1278.17
8596,2025-11-17,1281.11
8596,2025-11-24,1344.72
8596,2025-12-01,1286.98
8596,2025-12-08,1279.15
8596,2025-12-15,1325.15
8596,2025-12-22,1374.09
8596,2025-12-29,1378.0
8596,2026-01-05,1412.25
8596,2026-01-12,1441.62
8596,2026-01-19,1394.64
8596,2026-01-26,1407.36
8596,2026-02-02,1463.15
8596,2026-02-09,1496.42
8596,2026-02-16,1479.78
8596,2026-02-23,1485.66
8596,2026-03-02,1431.83
8596,2026-03-09,1397.57
8596,2026-03-16,1377.02
8596,2026-03-23,1378.0
8596,2026-03-30,1402.0
8596,2026-04-06,1413.0
8596,2026-04-13,1410.0
8596,2026-04-20,1398.0
8596,2026-04-27,1390.0
8596,2026-05-04,1417.0
8596,2026-05-11,1443.0
8596,2026-05-18,1445.0
8596,2026-05-25,1425.0
8596,2026-06-01,1393.0
8596,2026-06-08,1419.0
8596,2026-06-15,1444.0
8596,2026-06-22,1430.0
8596,2026-06-29,1467.0
8596,2026-07-06,1461.0
8596,2026-07-13,1450.0
8596,2026-07-20,1508.0
8596,2026-07-27,1579.0
8596,2026-08-03,1603.0
8622,2025-08-11,503.75
8622,2025-08-18,514.05
8622,2025-08-25,516.86
8622,2025-09-01,520.61
8622,2025-09-08,515.93
8622,2025-09-15,535.59
8622,2025-09-22,539.33
8622,2025-09-29,507.61
8622,2025-10-06,509.53
8622,2025-10-13,510.49
8622,2025-10-20,504.72
8622,2025-10-27,493.19
8622,2025-11-03,494.15
8622,2025-11-10,508.57
8622,2025-11-17,507.61
8622,2025-11-24,515.3
8622,2025-12-01,510.49
8622,2025-12-08,524.91
8622,2025-12-15,521.07
8622,2025-12-22,541.26
8622,2025-12-29,532.6
8622,2026-01-05,547.99
8622,2026-01-12,576.83
8622,2026-01-19,577.79
8622,2026-01-26,577.79
8622,2026-02-02,593.17
8622,2026-02-09,606.63
8622,2026-02-16,605.67
8622,2026-02-23,657.58
8622,2026-03-02,691.23
8622,2026-03-09,703.73
8622,2026-03-16,704.69
8622,2026-03-23,697.0
8622,2026-03-30,707.0
8622,2026-04-06,709.0
8622,2026-04-13,715.0
8622,2026-04-20,667.0
8622,2026-04-27,652.0
8622,2026-05-04,653.0
8622,2026-05-11,652.0
8622,2026-05-18,652.0
8622,2026-05-25,632.0
8622,2026-06-01,639.0
8622,2026-06-08,658.0
8622,2026-06-15,658.0
8622,2026-06-22,657.0
8622,2026-06-29,672.0
8622,2026-07-06,697.0
8622,2026-07-13,713.0
8622,2026-07-20,780.0
8622,2026-07-27,815.0
8622,2026-08-03,858.0
8704,2025-08-11,908.58
8704,2025-08-18,885.53
8704,2025-08-25,977.73
8704,2025-09-01,956.6
8704,2025-09-08,938.36
8704,2025-09-15,906.66
8704,2025-09-22,902.82
8704,2025-09-29,899.89
8704,2025-10-06,956.56
8704,2025-10-13,915.52
8704,2025-10-20,904.77
8704,2025-10-27,875.46
8704,2025-11-03,864.71
8704,2025-11-10,924.32
8704,2025-11-17,891.09
8704,2025-11-24,911.61
8704,2025-12-01,876.44
8704,2025-12-08,869.6
8704,2025-12-15,892.07
8704,2025-12-22,922.36
8704,2025-12-29,930.18
8704,2026-01-05,948.74
8704,2026-01-12,980.99
8704,2026-01-19,979.03
8704,2026-01-26,948.74
8704,2026-02-02,1001.5
8704,2026-02-09,1054.27
8704,2026-02-16,1076.74
8704,2026-02-23,1122.66
8704,2026-03-02,1065.01
8704,2026-03-09,1013.23
8704,2026-03-16,1006.39
8704,2026-03-23,1023.0
8704,2026-03-30,1040.0
8704,2026-04-06,1047.0
8704,2026-04-13,1044.0
8704,2026-04-20,1029.0
8704,2026-04-27,1128.0
8704,2026-05-04,1235.0
8704,2026-05-11,1169.0
8704,2026-05-18,1139.0
8704,2026-05-25,1193.0
8704,2026-06-01,1138.0
8704,2026-06-08,1154.0
8704,2026-06-15,1161.0
8704,2026-06-22,1149.0
8704,2026-06-29,1269.0
8704,2026-07-06,1246.0
8704,2026-07-13,1242.0
8704,2026-07-20,1272.0
8704,2026-07-27,1247.0
8704,2026-08-03,1323.0
8739,2025-08-11,1501.9
8739,2025-08-18,1506.66
8739,2025-08-25,1479.96
8739,2025-09-01,1504.76
8739,2025-09-08,1532.41
8739,2025-09-15,1513.34
8739,2025-09-22,1555.3
8739,2025-09-29,1479.01
8739,2025-10-06,1570.55
8739,2025-10-13,1479.96
8739,2025-10-20,1499.99
8739,2025-10-27,1484.73
8739,2025-11-03,1405.58
8739,2025-11-10,1428.47
8739,2025-11-17,1424.65
8739,2025-11-24,1443.73
8739,2025-12-01,1414.17
8739,2025-12-08,1379.84
8739,2025-12-15,1430.38
8739,2025-12-22,1525.73
8739,2025-12-29,1544.81
8739,2026-01-05,1610.6
8739,2026-01-12,1679.26
8739,2026-01-19,1627.77
8739,2026-01-26,1568.65
8739,2026-02-02,1930.05
8739,2026-02-09,1916.7
8739,2026-02-16,1966.29
8739,2026-02-23,2026.37
8739,2026-03-02,1904.31
8739,2026-03-09,1832.79
8739,2026-03-16,1830.88
8739,2026-03-23,1849.0
8739,2026-03-30,1918.0
8739,2026-04-06,1984.0
8739,2026-04-13,1968.0
8739,2026-04-20,1908.0
8739,2026-04-27,1914.0
8739,2026-05-04,2039.0
8739,2026-05-11,2137.0
8739,2026-05-18,2155.0
8739,2026-05-25,2126.0
8739,2026-06-01,2173.0
8739,2026-06-08,2145.0
8739,2026-06-15,2140.0
8739,2026-06-22,2161.0
8739,2026-06-29,2299.0
8739,2026-07-06,2256.0
8739,2026-07-13,2240.0
8739,2026-07-20,2227.0
8739,2026-07-27,2255.0
8739,2026-08-03,2474.0
9436,2025-08-11,2606.71
9436,2025-08-18,2562.69
9436,2025-08-25,2459.99
9436,2025-09-01,2513.79
9436,2025-09-08,2567.58
9436,2025-09-15,2567.58
9436,2025-09-22,2606.71
9436,2025-09-29,2590.87
9436,2025-10-06,2601.76
9436,2025-10-13,2596.81
9436,2025-10-20,2626.51
9436,2025-10-27,2547.31
9436,2025-11-03,2579.98
9436,2025-11-10,2712.64
9436,2025-11-17,2739.37
9436,2025-11-24,2776.99
9436,2025-12-01,2735.41
9436,2025-12-08,2778.97
9436,2025-12-15,2767.09
9436,2025-12-22,2776.0
9436,2025-12-29,2803.72
9436,2026-01-05,2823.52
9436,2026-01-12,2910.64
9436,2026-01-19,3103.69
9436,2026-01-26,3207.65
9436,2026-02-02,3247.25
9436,2026-02-09,3187.85
9436,2026-02-16,3272.0
9436,2026-02-23,3321.5
9436,2026-03-02,3351.2
9436,2026-03-09,3375.95
9436,2026-03-16,3395.75
9436,2026-03-23,3470.0
9436,2026-03-30,3510.0
9436,2026-04-06,3425.0
9436,2026-04-13,3410.0
9436,2026-04-20,3375.0
9436,2026-04-27,3285.0
9436,2026-05-04,3185.0
9436,2026-05-11,3395.0
9436,2026-05-18,3570.0
9436,2026-05-25,3550.0
9436,2026-06-01,3665.0
9436,2026-06-08,3740.0
9436,2026-06-15,3650.0
9436,2026-06-22,3685.0
9436,2026-06-29,3845.0
9436,2026-07-06,3745.0
9436,2026-07-13,3735.0
9436,2026-07-20,3825.0
9436,2026-07-27,3870.0
9436,2026-08-03,4095.0
9619,2025-08-11,1698.1
9619,2025-08-18,1727.93
9619,2025-08-25,1730.81
9619,2025-09-01,1776.99
9619,2025-09-08,1914.57
9619,2025-09-15,1923.23
9619,2025-09-22,1985.77
9619,2025-09-29,1940.68
9619,2025-10-06,1937.74
9619,2025-10-13,1931.86
9619,2025-10-20,1990.67
9619,2025-10-27,1974.99
9619,2025-11-03,1965.18
9619,2025-11-10,2000.47
9619,2025-11-17,2036.73
9619,2025-11-24,2054.38
9619,2025-12-01,1990.67
9619,2025-12-08,2058.3
9619,2025-12-15,2060.26
9619,2025-12-22,2068.1
9619,2025-12-29,2085.74
9619,2026-01-05,2106.32
9619,2026-01-12,2104.36
9619,2026-01-19,2085.74
9619,2026-01-26,2066.14
9619,2026-02-02,2091.62
9619,2026-02-09,2149.45
9619,2026-02-16,2116.13
9619,2026-02-23,2142.59
9619,2026-03-02,2059.28
9619,2026-03-09,2029.87
9619,2026-03-16,2022.03
9619,2026-03-23,2073.0
9619,2026-03-30,2136.0
9619,2026-04-06,2120.0
9619,2026-04-13,2156.0
9619,2026-04-20,2150.0
9619,2026-04-27,2149.0
9619,2026-05-04,2132.0
9619,2026-05-11,2134.0
9619,2026-05-18,2134.0
9619,2026-05-25,2138.0
9619,2026-06-01,2122.0
9619,2026-06-08,2193.0
9619,2026-06-15,2214.0
9619,2026-06-22,2218.0
9619,2026-06-29,2223.0
9619,2026-07-06,2285.0
9619,2026-07-13,2357.0
9619,2026-07-20,2377.0
9619,2026-07-27,2370.0
9619,2026-08-03,2501.0
9639,2025-08-11,2005.54
9639,2025-08-18,1988.24
9639,2025-08-25,1989.2
9639,2025-09-01,1989.2
9639,2025-09-08,1978.63
9639,2025-09-15,1969.98
9639,2025-09-22,1989.2
9639,2025-09-29,2008.8
9639,2025-10-06,2006.84
9639,2025-10-13,1983.32
9639,2025-10-20,2001.94
9639,2025-10-27,1966.66
9639,2025-11-03,1955.88
9639,2025-11-10,1958.82
9639,2025-11-17,1958.82
9639,2025-11-24,1971.56
9639,2025-12-01,1970.58
9639,2025-12-08,1988.22
9639,2025-12-15,2061.71
9639,2025-12-22,2052.89
9639,2025-12-29,2085.23
9639,2026-01-05,2071.51
9639,2026-01-12,2093.07
9639,2026-01-19,2091.11
9639,2026-01-26,2084.25
9639,2026-02-02,2104.83
9639,2026-02-09,2113.65
9639,2026-02-16,2190.08
9639,2026-02-23,2227.32
9639,2026-03-02,2221.44
9639,2026-03-09,2191.06
9639,2026-03-16,2167.54
9639,2026-03-23,2194.0
9639,2026-03-30,2148.0
9639,2026-04-06,2163.0
9639,2026-04-13,2170.0
9639,2026-04-20,2160.0
9639,2026-04-27,2155.0
9639,2026-05-04,2130.0
9639,2026-05-11,2178.0
9639,2026-05-18,2149.0
9639,2026-05-25,2148.0
9639,2026-06-01,2139.0
9639,2026-06-08,2150.0
9639,2026-06-15,2222.0
9639,2026-06-22,2262.0
9639,2026-06-29,2289.0
9639,2026-07-06,2293.0
9639,2026-07-13,2259.0
9639,2026-07-20,2264.0
9639,2026-07-27,2304.0
9639,2026-08-03,2365.0
9651,2025-08-11,1420.46
9651,2025-08-18,1439.63
9651,2025-08-25,1440.59
9651,2025-09-01,1435.79
9651,2025-09-08,1441.54
9651,2025-09-15,1565.19
9651,2025-09-22,1638.03
9651,2025-09-29,1613.11
9651,2025-10-06,1648.57
9651,2025-10-13,1622.7
9651,2025-10-20,1610.24
9651,2025-10-27,1715.67
9651,2025-11-03,1654.33
9651,2025-11-10,1701.29
9651,2025-11-17,1680.2
9651,2025-11-24,1673.5
9651,2025-12-01,1647.14
9651,2025-12-08,1709.63
9651,2025-12-15,1706.7
9651,2025-12-22,1855.11
9651,2025-12-29,1815.08
9651,2026-01-05,1789.69
9651,2026-01-12,1804.34
9651,2026-01-19,1790.67
9651,2026-01-26,1722.32
9651,2026-02-02,1793.6
9651,2026-02-09,1787.74
9651,2026-02-16,1795.55
9651,2026-02-23,1796.53
9651,2026-03-02,1753.57
9651,2026-03-09,1761.38
9651,2026-03-16,1752.59
9651,2026-03-23,1767.24
9651,2026-03-30,1803.36
9651,2026-04-06,1816.05
9651,2026-04-13,1803.36
9651,2026-04-20,1779.93
9651,2026-04-27,1785.79
9651,2026-05-04,1775.05
9651,2026-05-11,1803.36
9651,2026-05-18,1779.93
9651,2026-05-25,1724.0
9651,2026-06-01,1674.0
9651,2026-06-08,1685.0
9651,2026-06-15,1664.0
9651,2026-06-22,1699.0
9651,2026-06-29,1800.0
9651,2026-07-06,2060.0
9651,2026-07-13,1990.0
9651,2026-07-20,1922.0
9651,2026-07-27,1911.0
9651,2026-08-03,2111.0
9888,2025-08-11,787.32
9888,2025-08-18,789.27
9888,2025-08-25,795.1
9888,2025-09-01,793.15
9888,2025-09-08,798.01
9888,2025-09-15,794.13
9888,2025-09-22,778.57
9888,2025-09-29,744.9
9888,2025-10-06,744.9
9888,2025-10-13,739.94
9888,2025-10-20,757.77
9888,2025-10-27,753.81
9888,2025-11-03,745.89
9888,2025-11-10,742.91
9888,2025-11-17,741.92
9888,2025-11-24,747.87
9888,2025-12-01,732.02
9888,2025-12-08,720.13
9888,2025-12-15,719.14
9888,2025-12-22,754.8
9888,2025-12-29,779.57
9888,2026-01-05,827.11
9888,2026-01-12,840.98
9888,2026-01-19,843.95
9888,2026-01-26,833.06
9888,2026-02-02,819.19
9888,2026-02-09,826.12
9888,2026-02-16,840.98
9888,2026-02-23,868.72
9888,2026-03-02,865.74
9888,2026-03-09,839.99
9888,2026-03-16,797.4
9888,2026-03-23,734.0
9888,2026-03-30,722.0
9888,2026-04-06,739.0
9888,2026-04-13,726.0
9888,2026-04-20,708.0
9888,2026-04-27,714.0
9888,2026-05-04,712.0
9888,2026-05-11,850.0
9888,2026-05-18,890.0
9888,2026-05-25,914.0
9888,2026-06-01,994.0
9888,2026-06-08,933.0
9888,2026-06-15,995.0
9888,2026-06-22,970.0
9888,2026-06-29,990.0
9888,2026-07-06,988.0
9888,2026-07-13,987.0
9888,2026-07-20,1024.0
9888,2026-07-27,1025.0
9888,2026-08-03,1177.0
9908,2025-08-11,1983.35
9908,2025-08-18,1961.3
9908,2025-08-25,1983.35
9908,2025-09-01,1991.02
9908,2025-09-08,1995.81
9908,2025-09-15,1989.1
9908,2025-09-22,2038.95
9908,2025-09-29,2013.51
9908,2025-10-06,2007.64
9908,2025-10-13,1987.1
9908,2025-10-20,1994.92
9908,2025-10-27,1993.94
9908,2025-11-03,1988.07
9908,2025-11-10,2004.71
9908,2025-11-17,2000.79
9908,2025-11-24,2018.4
9908,2025-12-01,2025.25
9908,2025-12-08,2143.64
9908,2025-12-15,2157.33
9908,2025-12-22,2240.5
9908,2025-12-29,2220.93
9908,2026-01-05,2309.96
9908,2026-01-12,2387.25
9908,2026-01-19,2362.79
9908,2026-01-26,2307.03
9908,2026-02-02,2493.9
9908,2026-02-09,2589.78
9908,2026-02-16,2519.34
9908,2026-02-23,2623.04
9908,2026-03-02,2533.03
9908,2026-03-09,2525.21
9908,2026-03-16,2428.35
9908,2026-03-23,2444.0
9908,2026-03-30,2476.0
9908,2026-04-06,2476.0
9908,2026-04-13,2446.0
9908,2026-04-20,2363.0
9908,2026-04-27,2403.0
9908,2026-05-04,2542.0
9908,2026-05-11,2518.0
9908,2026-05-18,2458.0
9908,2026-05-25,2536.0
9908,2026-06-01,2550.0
9908,2026-06-08,2428.0
9908,2026-06-15,2510.0
9908,2026-06-22,2567.0
9908,2026-06-29,2697.0
9908,2026-07-06,2658.0
9908,2026-07-13,2630.0
9908,2026-07-20,2617.0
9908,2026-07-27,2645.0
9908,2026-08-03,2734.0
9934,2025-08-11,1998.29
9934,2025-08-18,2003.6
9934,2025-08-25,2007.46
9934,2025-09-01,2024.84
9934,2025-09-08,2076.02
9934,2025-09-15,2101.12
9934,2025-09-22,2100.16
9934,2025-09-29,2036.86
9934,2025-10-06,2030.48
9934,2025-10-13,2034.4
9934,2025-10-20,2097.21
9934,2025-10-27,2229.21
9934,2025-11-03,2226.26
9934,2025-11-10,2292.51
9934,2025-11-17,2319.99
9934,2025-11-24,2458.85
9934,2025-12-01,2421.07
9934,2025-12-08,2464.25
9934,2025-12-15,2467.68
9934,2025-12-22,2496.63
9934,2025-12-29,2502.03
9934,2026-01-05,2541.29
9934,2026-01-12,2619.31
9934,2026-01-19,2634.52
9934,2026-01-26,2525.09
9934,2026-02-02,2632.07
9934,2026-02-09,2697.33
9934,2026-02-16,2735.11
9934,2026-02-23,2821.96
9934,2026-03-02,2620.29
9934,2026-03-09,2552.57
9934,2026-03-16,2569.26
9934,2026-03-23,2635.5
9934,2026-03-30,2685.5
9934,2026-04-06,2799.5
9934,2026-04-13,2723.0
9934,2026-04-20,2607.0
9934,2026-04-27,2644.5
9934,2026-05-04,2649.5
9934,2026-05-11,2829.0
9934,2026-05-18,2723.5
9934,2026-05-25,2780.0
9934,2026-06-01,2729.5
9934,2026-06-08,2694.0
9934,2026-06-15,2735.0
9934,2026-06-22,2702.5
9934,2026-06-29,2779.5
9934,2026-07-06,2708.5
9934,2026-07-13,2743.0
9934,2026-07-20,2793.0
9934,2026-07-27,2862.5
9934,2026-08-03,2988.0
