code,date,close
1848,2025-09-29,499.81
1848,2025-10-06,489.22
1848,2025-10-13,491.14
1848,2025-10-20,500.77
1848,2025-10-27,498.85
1848,2025-11-03,496.92
1848,2025-11-10,530.63
1848,2025-11-17,511.37
1848,2025-11-24,532.55
1848,2025-12-01,511.37
1848,2025-12-08,517.14
1848,2025-12-15,522.92
1848,2025-12-22,532.55
1848,2025-12-29,539.29
1848,2026-01-05,569.15
1848,2026-01-12,604.78
1848,2026-01-19,612.48
1848,2026-01-26,598.04
1848,2026-02-02,656.78
1848,2026-02-09,791.61
1848,2026-02-16,614.41
1848,2026-02-23,625.97
1848,2026-03-02,577.82
1848,2026-03-09,563.37
1848,2026-03-16,552.78
1848,2026-03-23,573.0
1848,2026-03-30,599.0
1848,2026-04-06,581.0
1848,2026-04-13,570.0
1848,2026-04-20,575.0
1848,2026-04-27,572.0
1848,2026-05-04,571.0
1848,2026-05-11,588.0
1848,2026-05-18,588.0
1848,2026-05-25,596.0
1848,2026-06-01,595.0
1848,2026-06-08,597.0
1848,2026-06-15,608.0
1848,2026-06-22,616.0
1848,2026-06-29,648.0
1848,2026-07-06,647.0
1848,2026-07-13,638.0
1848,2026-07-20,643.0
1848,2026-07-27,678.0
1848,2026-08-03,660.0
1848,2026-08-10,696.0
1848,2026-08-17,703.0
1848,2026-08-24,720.0
1848,2026-08-31,765.0
1848,2026-09-07,755.0
1848,2026-09-14,810.0
1848,2026-09-21,872.0
2060,2025-09-29,1056.4
2060,2025-10-06,1017.21
2060,2025-10-13,1032.89
2060,2025-10-20,1044.65
2060,2025-10-27,997.61
2060,2025-11-03,983.89
2060,2025-11-10,986.83
2060,2025-11-17,1022.11
2060,2025-11-24,1005.45
2060,2025-12-01,998.59
2060,2025-12-08,991.73
2060,2025-12-15,1031.91
2060,2025-12-22,1034.85
2060,2025-12-29,1037.79
2060,2026-01-05,1060.32
2060,2026-01-12,1070.12
2060,2026-01-19,1068.16
2060,2026-01-26,1088.74
2060,2026-02-02,1174.98
2060,2026-02-09,1237.7
2060,2026-02-16,1230.84
2060,2026-02-23,1306.3
2060,2026-03-02,1239.66
2060,2026-03-09,1179.88
2060,2026-03-16,1167.14
2060,2026-03-23,1198.5
2060,2026-03-30,1170.0
2060,2026-04-06,1144.0
2060,2026-04-13,1125.0
2060,2026-04-20,1085.0
2060,2026-04-27,1102.0
2060,2026-05-04,1092.0
2060,2026-05-11,1253.0
2060,2026-05-18,1188.0
2060,2026-05-25,1200.0
2060,2026-06-01,1167.0
2060,2026-06-08,1211.0
2060,2026-06-15,1205.0
2060,2026-06-22,1219.0
2060,2026-06-29,1258.0
2060,2026-07-06,1261.0
2060,2026-07-13,1284.0
2060,2026-07-20,1283.0
2060,2026-07-27,1284.0
2060,2026-08-03,1273.0
2060,2026-08-10,1410.0
2060,2026-08-17,1435.0
2060,2026-08-24,1408.0
2060,2026-08-31,1448.0
2060,2026-09-07,1453.0
2060,2026-09-14,1473.0
2060,2026-09-21,1489.0
2109,2025-09-29,3090.82
2109,2025-10-06,3071.2
2109,2025-10-13,3110.45
2109,2025-10-20,3144.79
2109,2025-10-27,2977.98
2109,2025-11-03,3061.39
2109,2025-11-10,3159.51
2109,2025-11-17,3238.01
2109,2025-11-24,3257.63
2109,2025-12-01,3144.79
2109,2025-12-08,3134.98
2109,2025-12-15,3193.85
2109,2025-12-22,3247.82
2109,2025-12-29,3267.44
2109,2026-01-05,3311.6
2109,2026-01-12,3341.03
2109,2026-01-19,3414.62
2109,2026-01-26,3291.97
2109,2026-02-02,3350.85
2109,2026-02-09,3448.97
2109,2026-02-16,3395.0
2109,2026-02-23,3483.31
2109,2026-03-02,3360.66
2109,2026-03-09,3316.5
2109,2026-03-16,3301.78
2109,2026-03-23,3395.0
2109,2026-03-30,3470.0
2109,2026-04-06,3515.0
2109,2026-04-13,3450.0
2109,2026-04-20,3335.0
2109,2026-04-27,3300.0
2109,2026-05-04,3255.0
2109,2026-05-11,3290.0
2109,2026-05-18,3285.0
2109,2026-05-25,3250.0
2109,2026-06-01,3210.0
2109,2026-06-08,3230.0
2109,2026-06-15,3220.0
2109,2026-06-22,3225.0
2109,2026-06-29,3295.0
2109,2026-07-06,3315.0
2109,2026-07-13,3355.0
2109,2026-07-20,3370.0
2109,2026-07-27,3430.0
2109,2026-08-03,3465.0
2109,2026-08-10,3515.0
2109,2026-08-17,3660.0
2109,2026-08-24,3665.0
2109,2026-08-31,3850.0
2109,2026-09-07,3805.0
2109,2026-09-14,3855.0
2109,2026-09-21,3900.0
2340,2025-09-29,472.17
2340,2025-10-06,472.17
2340,2025-10-13,472.17
2340,2025-10-20,475.13
2340,2025-10-27,474.15
2340,2025-11-03,474.15
2340,2025-11-10,478.1
2340,2025-11-17,465.26
2340,2025-11-24,471.18
2340,2025-12-01,468.22
2340,2025-12-08,469.21
2340,2025-12-15,471.18
2340,2025-12-22,472.17
2340,2025-12-29,475.13
2340,2026-01-05,481.06
2340,2026-01-12,480.07
2340,2026-01-19,480.07
2340,2026-01-26,481.06
2340,2026-02-02,480.07
2340,2026-02-09,487.98
2340,2026-02-16,485.01
2340,2026-02-23,486.0
2340,2026-03-02,484.02
2340,2026-03-09,480.07
2340,2026-03-16,480.07
2340,2026-03-23,486.0
2340,2026-03-30,485.0
2340,2026-04-06,487.0
2340,2026-04-13,486.0
2340,2026-04-20,482.0
2340,2026-04-27,482.0
2340,2026-05-04,483.0
2340,2026-05-11,480.0
2340,2026-05-18,478.0
2340,2026-05-25,477.0
2340,2026-06-01,472.0
2340,2026-06-08,473.0
2340,2026-06-15,476.0
2340,2026-06-22,483.0
2340,2026-06-29,492.0
2340,2026-07-06,495.0
2340,2026-07-13,494.0
2340,2026-07-20,499.0
2340,2026-07-27,501.0
2340,2026-08-03,511.0
2340,2026-08-10,529.0
2340,2026-08-17,515.0
2340,2026-08-24,517.0
2340,2026-08-31,519.0
2340,2026-09-07,521.0
2340,2026-09-14,540.0
2340,2026-09-21,540.0
2384,2025-09-29,3476.67
2384,2025-10-06,3427.84
2384,2025-10-13,3383.89
2384,2025-10-20,3379.01
2384,2025-10-27,3310.65
2384,2025-11-03,3359.48
2384,2025-11-10,3598.75
2384,2025-11-17,3491.32
2384,2025-11-24,3681.76
2384,2025-12-01,3613.39
2384,2025-12-08,3676.87
2384,2025-12-15,3715.94
2384,2025-12-22,3755.0
2384,2025-12-29,3780.0
2384,2026-01-05,3895.0
2384,2026-01-12,3930.0
2384,2026-01-19,3920.0
2384,2026-01-26,3855.0
2384,2026-02-02,3915.0
2384,2026-02-09,4055.0
2384,2026-02-16,4155.0
2384,2026-02-23,4270.0
2384,2026-03-02,4045.0
2384,2026-03-09,3940.0
2384,2026-03-16,4045.0
2384,2026-03-23,4345.0
2384,2026-03-30,4285.0
2384,2026-04-06,4255.0
2384,2026-04-13,4155.0
2384,2026-04-20,4055.0
2384,2026-04-27,4200.0
2384,2026-05-04,4510.0
2384,2026-05-11,4485.0
2384,2026-05-18,4865.0
2384,2026-05-25,4885.0
2384,2026-06-01,4540.0
2384,2026-06-08,4525.0
2384,2026-06-15,4255.0
2384,2026-06-22,4260.0
2384,2026-06-29,4315.0
2384,2026-07-06,4155.0
2384,2026-07-13,4560.0
2384,2026-07-20,4415.0
2384,2026-07-27,4460.0
2384,2026-08-03,4600.0
2384,2026-08-10,4865.0
2384,2026-08-17,5190.0
2384,2026-08-24,5170.0
2384,2026-08-31,5030.0
2384,2026-09-07,4810.0
2384,2026-09-14,5260.0
2384,2026-09-21,5390.0
2481,2025-09-29,668.11
2481,2025-10-06,656.5
2481,2025-10-13,641.03
2481,2025-10-20,648.77
2481,2025-10-27,637.17
2481,2025-11-03,655.54
2481,2025-11-10,652.64
2481,2025-11-17,641.03
2481,2025-11-24,647.8
2481,2025-12-01,638.13
2481,2025-12-08,645.87
2481,2025-12-15,645.87
2481,2025-12-22,668.11
2481,2025-12-29,666.17
2481,2026-01-05,655.54
2481,2026-01-12,653.6
2481,2026-01-19,660.37
2481,2026-01-26,660.37
2481,2026-02-02,661.34
2481,2026-02-09,662.3
2481,2026-02-16,671.01
2481,2026-02-23,672.94
2481,2026-03-02,664.24
2481,2026-03-09,659.4
2481,2026-03-16,657.47
2481,2026-03-23,671.01
2481,2026-03-30,657.47
2481,2026-04-06,666.17
2481,2026-04-13,667.14
2481,2026-04-20,675.84
2481,2026-04-27,677.77
2481,2026-05-04,676.81
2481,2026-05-11,661.34
2481,2026-05-18,651.67
2481,2026-05-25,649.73
2481,2026-06-01,641.03
2481,2026-06-08,622.66
2481,2026-06-15,631.36
2481,2026-06-22,642.0
2481,2026-06-29,637.0
2481,2026-07-06,640.0
2481,2026-07-13,634.0
2481,2026-07-20,637.0
2481,2026-07-27,643.0
2481,2026-08-03,648.0
2481,2026-08-10,656.0
2481,2026-08-17,662.0
2481,2026-08-24,668.0
2481,2026-08-31,684.0
2481,2026-09-07,689.0
2481,2026-09-14,697.0
2481,2026-09-21,721.0
2531,2025-09-29,1687.57
2531,2025-10-06,1730.23
2531,2025-10-13,1705.22
2531,2025-10-20,1674.82
2531,2025-10-27,1538.48
2531,2025-11-03,1577.22
2531,2025-11-10,1456.57
2531,2025-11-17,1417.34
2531,2025-11-24,1472.27
2531,2025-12-01,1484.04
2531,2025-12-08,1553.19
2531,2025-12-15,1593.89
2531,2025-12-22,1595.86
2531,2025-12-29,1576.24
2531,2026-01-05,1594.88
2531,2026-01-12,1624.3
2531,2026-01-19,1604.19
2531,2026-01-26,1563.98
2531,2026-02-02,1564.96
2531,2026-02-09,1557.11
2531,2026-02-16,1517.88
2531,2026-02-23,1596.84
2531,2026-03-02,1571.83
2531,2026-03-09,1373.2
2531,2026-03-16,1499.24
2531,2026-03-23,1588.5
2531,2026-03-30,1665.0
2531,2026-04-06,1744.5
2531,2026-04-13,1838.0
2531,2026-04-20,1780.0
2531,2026-04-27,1735.0
2531,2026-05-04,1810.0
2531,2026-05-11,1823.0
2531,2026-05-18,2007.5
2531,2026-05-25,2227.0
2531,2026-06-01,2225.0
2531,2026-06-08,2167.0
2531,2026-06-15,2274.0
2531,2026-06-22,2230.0
2531,2026-06-29,2114.0
2531,2026-07-06,2101.5
2531,2026-07-13,2148.5
2531,2026-07-20,2160.0
2531,2026-07-27,2089.5
2531,2026-08-03,2060.0
2531,2026-08-10,2069.5
2531,2026-08-17,2182.0
2531,2026-08-24,2121.5
2531,2026-08-31,2457.5
2531,2026-09-07,2535.0
2531,2026-09-14,2502.0
2531,2026-09-21,2672.0
2737,2025-09-29,6611.73
2737,2025-10-06,6831.8
2737,2025-10-13,6870.07
2737,2025-10-20,7233.67
2737,2025-10-27,9032.52
2737,2025-11-03,9558.78
2737,2025-11-10,10381.66
2737,2025-11-17,10075.47
2737,2025-11-24,11194.96
2737,2025-12-01,11166.26
2737,2025-12-08,11194.96
2737,2025-12-15,11204.53
2737,2025-12-22,12333.6
2737,2025-12-29,12658.92
2737,2026-01-05,12036.98
2737,2026-01-12,13060.79
2737,2026-01-19,13979.35
2737,2026-01-26,11233.24
2737,2026-02-02,11635.11
2737,2026-02-09,11922.16
2737,2026-02-16,12869.42
2737,2026-02-23,13395.68
2737,2026-03-02,12046.55
2737,2026-03-09,11816.91
2737,2026-03-16,11807.34
2737,2026-03-23,11970.0
2737,2026-03-30,11960.0
2737,2026-04-06,12100.0
2737,2026-04-13,11800.0
2737,2026-04-20,14620.0
2737,2026-04-27,15070.0
2737,2026-05-04,16420.0
2737,2026-05-11,14600.0
2737,2026-05-18,14990.0
2737,2026-05-25,13990.0
2737,2026-06-01,14680.0
2737,2026-06-08,14490.0
2737,2026-06-15,16130.0
2737,2026-06-22,18470.0
2737,2026-06-29,16730.0
2737,2026-07-06,15690.0
2737,2026-07-13,15120.0
2737,2026-07-20,16520.0
2737,2026-07-27,21150.0
2737,2026-08-03,28800.0
2737,2026-08-10,31400.0
2737,2026-08-17,28350.0
2737,2026-08-24,31950.0
2737,2026-08-31,33050.0
2737,2026-09-07,34800.0
2737,2026-09-14,36850.0
2737,2026-09-21,43700.0
2831,2025-09-29,3238.77
2831,2025-10-06,3184.3
2831,2025-10-13,3268.49
2831,2025-10-20,3258.58
2831,2025-10-27,3243.72
2831,2025-11-03,3238.77
2831,2025-11-10,3243.72
2831,2025-11-17,3184.3
2831,2025-11-24,3209.06
2831,2025-12-01,3204.11
2831,2025-12-08,3214.01
2831,2025-12-15,3298.2
2831,2025-12-22,3318.01
2831,2025-12-29,3298.2
2831,2026-01-05,3308.1
2831,2026-01-12,3327.91
2831,2026-01-19,3352.67
2831,2026-01-26,3352.67
2831,2026-02-02,3367.53
2831,2026-02-09,3362.58
2831,2026-02-16,3461.62
2831,2026-02-23,3446.77
2831,2026-03-02,3431.91
2831,2026-03-09,3530.96
2831,2026-03-16,3535.91
2831,2026-03-23,3630.0
2831,2026-03-30,3510.0
2831,2026-04-06,3465.0
2831,2026-04-13,3460.0
2831,2026-04-20,3530.0
2831,2026-04-27,3435.0
2831,2026-05-04,3445.0
2831,2026-05-11,3445.0
2831,2026-05-18,3480.0
2831,2026-05-25,3460.0
2831,2026-06-01,3460.0
2831,2026-06-08,3470.0
2831,2026-06-15,3490.0
2831,2026-06-22,3500.0
2831,2026-06-29,3465.0
2831,2026-07-06,3465.0
2831,2026-07-13,3520.0
2831,2026-07-20,3620.0
2831,2026-07-27,3680.0
2831,2026-08-03,3640.0
2831,2026-08-10,3690.0
2831,2026-08-17,3675.0
2831,2026-08-24,3660.0
2831,2026-08-31,3685.0
2831,2026-09-07,3660.0
2831,2026-09-14,3685.0
2831,2026-09-21,3750.0
3040,2025-09-29,1405.29
3040,2025-10-06,1494.64
3040,2025-10-13,1434.43
3040,2025-10-20,1614.09
3040,2025-10-27,1667.51
3040,2025-11-03,1719.95
3040,2025-11-10,1793.76
3040,2025-11-17,1772.4
3040,2025-11-24,1845.23
3040,2025-12-01,1869.51
3040,2025-12-08,1931.67
3040,2025-12-15,1952.06
3040,2025-12-22,2031.7
3040,2025-12-29,2022.84
3040,2026-01-05,2013.98
3040,2026-01-12,2112.42
3040,2026-01-19,2015.95
3040,2026-01-26,1921.45
3040,2026-02-02,1895.86
3040,2026-02-09,1973.62
3040,2026-02-16,2054.34
3040,2026-02-23,1962.8
3040,2026-03-02,1837.78
3040,2026-03-09,1814.16
3040,2026-03-16,1775.77
3040,2026-03-23,1741.32
3040,2026-03-30,1646.82
3040,2026-04-06,1697.02
3040,2026-04-13,1734.43
3040,2026-04-20,1747.22
3040,2026-04-27,1746.24
3040,2026-05-04,1841.72
3040,2026-05-11,2017.92
3040,2026-05-18,2101.59
3040,2026-05-25,2069.1
3040,2026-06-01,2166.56
3040,2026-06-08,2041.54
3040,2026-06-15,1992.33
3040,2026-06-22,1887.0
3040,2026-06-29,1986.0
3040,2026-07-06,1988.0
3040,2026-07-13,1971.0
3040,2026-07-20,1957.0
3040,2026-07-27,1950.0
3040,2026-08-03,2006.0
3040,2026-08-10,2563.0
3040,2026-08-17,2385.0
3040,2026-08-24,2400.0
3040,2026-08-31,2355.0
3040,2026-09-07,2228.0
3040,2026-09-14,2499.0
3040,2026-09-21,2719.0
3077,2025-09-29,371.0
3077,2025-10-06,377.0
3077,2025-10-13,358.0
3077,2025-10-20,363.0
3077,2025-10-27,353.0
3077,2025-11-03,605.0
3077,2025-11-10,604.0
3077,2025-11-17,542.0
3077,2025-11-24,476.0
3077,2025-12-01,443.0
3077,2025-12-08,436.0
3077,2025-12-15,479.0
3077,2025-12-22,467.0
3077,2025-12-29,501.0
3077,2026-01-05,519.0
3077,2026-01-12,539.0
3077,2026-01-19,521.0
3077,2026-01-26,491.0
3077,2026-02-02,473.0
3077,2026-02-09,474.0
3077,2026-02-16,518.0
3077,2026-02-23,558.0
3077,2026-03-02,563.0
3077,2026-03-09,548.0
3077,2026-03-16,533.0
3077,2026-03-23,630.0
3077,2026-03-30,768.0
3077,2026-04-06,850.0
3077,2026-04-13,742.0
3077,2026-04-20,755.0
3077,2026-04-27,773.0
3077,2026-05-04,781.0
3077,2026-05-11,765.0
3077,2026-05-18,830.0
3077,2026-05-25,795.0
3077,2026-06-01,757.0
3077,2026-06-08,722.0
3077,2026-06-15,704.0
3077,2026-06-22,733.0
3077,2026-06-29,812.0
3077,2026-07-06,827.0
3077,2026-07-13,865.0
3077,2026-07-20,906.0
3077,2026-07-27,899.0
3077,2026-08-03,848.0
3077,2026-08-10,885.0
3077,2026-08-17,1021.0
3077,2026-08-24,1216.0
3077,2026-08-31,1240.0
3077,2026-09-07,1267.0
3077,2026-09-14,1349.0
3077,2026-09-21,1367.0
3106,2025-09-29,6811.71
3106,2025-10-06,6831.34
3106,2025-10-13,6841.16
3106,2025-10-20,7106.16
3106,2025-10-27,6890.23
3106,2025-11-03,6860.79
3106,2025-11-10,6880.42
3106,2025-11-17,7057.09
3106,2025-11-24,7400.62
3106,2025-12-01,7538.03
3106,2025-12-08,8185.83
3106,2025-12-15,8195.65
3106,2025-12-22,7979.71
3106,2025-12-29,8323.24
3106,2026-01-05,8794.37
3106,2026-01-12,9079.01
3106,2026-01-19,8912.15
3106,2026-01-26,8902.34
3106,2026-02-02,9412.72
3106,2026-02-09,9972.19
3106,2026-02-16,9579.58
3106,2026-02-23,9864.22
3106,2026-03-02,8921.97
3106,2026-03-09,8578.44
3106,2026-03-16,8598.07
3106,2026-03-23,8814.0
3106,2026-03-30,9010.0
3106,2026-04-06,9340.0
3106,2026-04-13,9940.0
3106,2026-04-20,9100.0
3106,2026-04-27,9450.0
3106,2026-05-04,9620.0
3106,2026-05-11,11550.0
3106,2026-05-18,10610.0
3106,2026-05-25,10280.0
3106,2026-06-01,9720.0
3106,2026-06-08,9230.0
3106,2026-06-15,10200.0
3106,2026-06-22,10300.0
3106,2026-06-29,10610.0
3106,2026-07-06,10020.0
3106,2026-07-13,9860.0
3106,2026-07-20,9990.0
3106,2026-07-27,9900.0
3106,2026-08-03,10910.0
3106,2026-08-10,10730.0
3106,2026-08-17,10400.0
3106,2026-08-24,10850.0
3106,2026-08-31,10940.0
3106,2026-09-07,10620.0
3106,2026-09-14,11320.0
3106,2026-09-21,11690.0
3131,2025-09-29,3165.62
3131,2025-10-06,3194.27
3131,2025-10-13,2974.64
3131,2025-10-20,3070.13
3131,2025-10-27,3347.06
3131,2025-11-03,3318.41
3131,2025-11-10,2627.99
3131,2025-11-17,2520.08
3131,2025-11-24,2593.62
3131,2025-12-01,2561.15
3131,2025-12-08,2616.53
3131,2025-12-15,2559.24
3131,2025-12-22,2746.41
3131,2025-12-29,2767.41
3131,2026-01-05,2797.02
3131,2026-01-12,2826.62
3131,2026-01-19,2874.37
3131,2026-01-26,2898.24
3131,2026-02-02,2847.63
3131,2026-02-09,2776.01
3131,2026-02-16,2825.67
3131,2026-02-23,2950.76
3131,2026-03-02,2801.79
3131,2026-03-09,2674.79
3131,2026-03-16,2700.57
3131,2026-03-23,2755.0
3131,2026-03-30,2695.0
3131,2026-04-06,2731.0
3131,2026-04-13,2779.0
3131,2026-04-20,2744.0
3131,2026-04-27,2857.0
3131,2026-05-04,3055.0
3131,2026-05-11,3125.0
3131,2026-05-18,3200.0
3131,2026-05-25,3455.0
3131,2026-06-01,3655.0
3131,2026-06-08,3350.0
3131,2026-06-15,3615.0
3131,2026-06-22,3555.0
3131,2026-06-29,4025.0
3131,2026-07-06,3635.0
3131,2026-07-13,3375.0
3131,2026-07-20,3515.0
3131,2026-07-27,4100.0
3131,2026-08-03,4455.0
3131,2026-08-10,6880.0
3131,2026-08-17,6080.0
3131,2026-08-24,5970.0
3131,2026-08-31,6630.0
3131,2026-09-07,6310.0
3131,2026-09-14,7210.0
3131,2026-09-21,7950.0
3132,2025-09-29,1975.79
3132,2025-10-06,1974.81
3132,2025-10-13,2028.51
3132,2025-10-20,2176.82
3132,2025-10-27,2166.96
3132,2025-11-03,2236.93
3132,2025-11-10,2297.04
3132,2025-11-17,2189.63
3132,2025-11-24,2286.2
3132,2025-12-01,2318.23
3132,2025-12-08,2510.88
3132,2025-12-15,2374.89
3132,2025-12-22,2379.82
3132,2025-12-29,2357.65
3132,2026-01-05,2440.91
3132,2026-01-12,2552.27
3132,2026-01-19,2602.53
3132,2026-01-26,2609.42
3132,2026-02-02,2490.68
3132,2026-02-09,2606.47
3132,2026-02-16,2590.7
3132,2026-02-23,2728.17
3132,2026-03-02,2426.63
3132,2026-03-09,2254.67
3132,2026-03-16,2337.94
3132,2026-03-23,2367.5
3132,2026-03-30,2289.5
3132,2026-04-06,2299.0
3132,2026-04-13,2378.0
3132,2026-04-20,2535.5
3132,2026-04-27,2594.0
3132,2026-05-04,2765.0
3132,2026-05-11,3241.0
3132,2026-05-18,3227.0
3132,2026-05-25,3110.0
3132,2026-06-01,3493.0
3132,2026-06-08,3170.0
3132,2026-06-15,3350.0
3132,2026-06-22,3184.0
3132,2026-06-29,3175.0
3132,2026-07-06,3256.0
3132,2026-07-13,3201.0
3132,2026-07-20,3378.0
3132,2026-07-27,3295.0
3132,2026-08-03,3621.0
3132,2026-08-10,3798.0
3132,2026-08-17,3332.0
3132,2026-08-24,3577.0
3132,2026-08-31,3547.0
3132,2026-09-07,3761.0
3132,2026-09-14,4088.0
3132,2026-09-21,4287.0
3156,2025-09-29,2563.76
3156,2025-10-06,2504.26
3156,2025-10-13,2524.74
3156,2025-10-20,2566.69
3156,2025-10-27,2519.86
3156,2025-11-03,2480.84
3156,2025-11-10,2505.23
3156,2025-11-17,2509.13
3156,2025-11-24,2693.51
3156,2025-12-01,2647.66
3156,2025-12-08,2634.0
3156,2025-12-15,2615.47
3156,2025-12-22,2726.68
3156,2025-12-29,2726.68
3156,2026-01-05,2773.51
3156,2026-01-12,2810.58
3156,2026-01-19,2911.06
3156,2026-01-26,2864.24
3156,2026-02-02,2913.01
3156,2026-02-09,3038.86
3156,2026-02-16,3014.47
3156,2026-02-23,3073.01
3156,2026-03-02,2868.14
3156,2026-03-09,2770.58
3156,2026-03-16,2749.12
3156,2026-03-23,2714.0
3156,2026-03-30,2716.0
3156,2026-04-06,2821.0
3156,2026-04-13,2827.0
3156,2026-04-20,2847.0
3156,2026-04-27,2828.0
3156,2026-05-04,2975.0
3156,2026-05-11,3465.0
3156,2026-05-18,3550.0
3156,2026-05-25,4065.0
3156,2026-06-01,4390.0
3156,2026-06-08,4410.0
3156,2026-06-15,4410.0
3156,2026-06-22,4305.0
3156,2026-06-29,4020.0
3156,2026-07-06,3730.0
3156,2026-07-13,3495.0
3156,2026-07-20,3540.0
3156,2026-07-27,4125.0
3156,2026-08-03,4415.0
3156,2026-08-10,5510.0
3156,2026-08-17,4755.0
3156,2026-08-24,5150.0
3156,2026-08-31,5220.0
3156,2026-09-07,5330.0
3156,2026-09-14,5890.0
3156,2026-09-21,6280.0
3177,2025-09-29,3257.99
3177,2025-10-06,3243.54
3177,2025-10-13,3229.08
3177,2025-10-20,3296.55
3177,2025-10-27,3248.36
3177,2025-11-03,3248.36
3177,2025-11-10,3277.27
3177,2025-11-17,3339.93
3177,2025-11-24,3339.93
3177,2025-12-01,3277.27
3177,2025-12-08,3335.11
3177,2025-12-15,3335.11
3177,2025-12-22,3344.75
3177,2025-12-29,3441.14
3177,2026-01-05,3441.14
3177,2026-01-12,3667.65
3177,2026-01-19,3662.83
3177,2026-01-26,3614.64
3177,2026-02-02,3725.49
3177,2026-02-09,3807.42
3177,2026-02-16,3711.03
3177,2026-02-23,3685.0
3177,2026-03-02,3600.0
3177,2026-03-09,3550.0
3177,2026-03-16,3415.0
3177,2026-03-23,3465.0
3177,2026-03-30,3435.0
3177,2026-04-06,3515.0
3177,2026-04-13,3605.0
3177,2026-04-20,3675.0
3177,2026-04-27,3625.0
3177,2026-05-04,3505.0
3177,2026-05-11,3505.0
3177,2026-05-18,3575.0
3177,2026-05-25,3405.0
3177,2026-06-01,3290.0
3177,2026-06-08,3440.0
3177,2026-06-15,3410.0
3177,2026-06-22,3545.0
3177,2026-06-29,3530.0
3177,2026-07-06,3595.0
3177,2026-07-13,3880.0
3177,2026-07-20,4085.0
3177,2026-07-27,4075.0
3177,2026-08-03,4190.0
3177,2026-08-10,4235.0
3177,2026-08-17,4310.0
3177,2026-08-24,4420.0
3177,2026-08-31,4240.0
3177,2026-09-07,4210.0
3177,2026-09-14,4570.0
3177,2026-09-21,4750.0
3560,2025-09-29,3091.12
3560,2025-10-06,3267.47
3560,2025-10-13,3267.47
3560,2025-10-20,3389.94
3560,2025-10-27,3149.9
3560,2025-11-03,3135.21
3560,2025-11-10,3154.8
3560,2025-11-17,3115.61
3560,2025-11-24,3086.22
3560,2025-12-01,3198.89
3560,2025-12-08,3203.79
3560,2025-12-15,3331.16
3560,2025-12-22,3350.75
3560,2025-12-29,3365.45
3560,2026-01-05,3429.13
3560,2026-01-12,3345.85
3560,2026-01-19,3453.63
3560,2026-01-26,3522.21
3560,2026-02-02,3581.0
3560,2026-02-09,3546.7
3560,2026-02-16,3512.41
3560,2026-02-23,3507.51
3560,2026-03-02,3478.12
3560,2026-03-09,3394.84
3560,2026-03-16,3399.74
3560,2026-03-23,3380.15
3560,2026-03-30,3443.83
3560,2026-04-06,3497.72
3560,2026-04-13,4139.45
3560,2026-04-20,4212.94
3560,2026-04-27,4257.02
3560,2026-05-04,4222.73
3560,2026-05-11,3884.72
3560,2026-05-18,4105.16
3560,2026-05-25,4056.18
3560,2026-06-01,4065.97
3560,2026-06-08,3968.0
3560,2026-06-15,4227.63
3560,2026-06-22,4114.96
3560,2026-06-29,4399.09
3560,2026-07-06,4418.68
3560,2026-07-13,4144.35
3560,2026-07-20,4163.95
3560,2026-07-27,4212.94
3560,2026-08-03,4203.14
3560,2026-08-10,4286.42
3560,2026-08-17,4261.92
3560,2026-08-24,4440.0
3560,2026-08-31,4370.0
3560,2026-09-07,4225.0
3560,2026-09-14,5200.0
3560,2026-09-21,5200.0
3708,2025-09-29,1528.86
3708,2025-10-06,1449.42
3708,2025-10-13,1477.86
3708,2025-10-20,1524.93
3708,2025-10-27,1455.31
3708,2025-11-03,1455.31
3708,2025-11-10,1479.82
3708,2025-11-17,1458.25
3708,2025-11-24,1504.34
3708,2025-12-01,1455.31
3708,2025-12-08,1493.55
3708,2025-12-15,1526.89
3708,2025-12-22,1549.45
3708,2025-12-29,1549.45
3708,2026-01-05,1654.38
3708,2026-01-12,1657.32
3708,2026-01-19,1676.94
3708,2026-01-26,1621.04
3708,2026-02-02,1609.27
3708,2026-02-09,1645.56
3708,2026-02-16,1635.75
3708,2026-02-23,1659.28
3708,2026-03-02,1587.7
3708,2026-03-09,1576.91
3708,2026-03-16,1576.91
3708,2026-03-23,1623.0
3708,2026-03-30,1616.0
3708,2026-04-06,1612.0
3708,2026-04-13,1610.0
3708,2026-04-20,1565.0
3708,2026-04-27,1601.0
3708,2026-05-04,1636.0
3708,2026-05-11,1714.0
3708,2026-05-18,1725.0
3708,2026-05-25,1794.0
3708,2026-06-01,1772.0
3708,2026-06-08,1814.0
3708,2026-06-15,1839.0
3708,2026-06-22,1856.0
3708,2026-06-29,1958.0
3708,2026-07-06,1953.0
3708,2026-07-13,2050.0
3708,2026-07-20,2126.0
3708,2026-07-27,2086.0
3708,2026-08-03,2050.0
3708,2026-08-10,2141.0
3708,2026-08-17,2174.0
3708,2026-08-24,2191.0
3708,2026-08-31,2143.0
3708,2026-09-07,2135.0
3708,2026-09-14,2216.0
3708,2026-09-21,2256.0
3864,2025-09-29,659.71
3864,2025-10-06,657.74
3864,2025-10-13,646.95
3864,2025-10-20,644.98
3864,2025-10-27,599.82
3864,2025-11-03,596.88
3864,2025-11-10,623.38
3864,2025-11-17,614.55
3864,2025-11-24,638.11
3864,2025-12-01,621.42
3864,2025-12-08,632.22
3864,2025-12-15,633.2
3864,2025-12-22,647.93
3864,2025-12-29,643.02
3864,2026-01-05,660.69
3864,2026-01-12,673.45
3864,2026-01-19,666.58
3864,2026-01-26,654.8
3864,2026-02-02,679.34
3864,2026-02-09,683.27
3864,2026-02-16,774.57
3864,2026-02-23,839.36
3864,2026-03-02,866.85
3864,2026-03-09,816.78
3864,2026-03-16,798.13
3864,2026-03-23,805.0
3864,2026-03-30,850.0
3864,2026-04-06,895.0
3864,2026-04-13,990.0
3864,2026-04-20,959.0
3864,2026-04-27,928.0
3864,2026-05-04,944.0
3864,2026-05-11,1009.0
3864,2026-05-18,1095.0
3864,2026-05-25,1100.0
3864,2026-06-01,1061.0
3864,2026-06-08,1061.0
3864,2026-06-15,1032.0
3864,2026-06-22,1039.0
3864,2026-06-29,1015.0
3864,2026-07-06,1001.0
3864,2026-07-13,1092.0
3864,2026-07-20,1133.0
3864,2026-07-27,1123.0
3864,2026-08-03,1170.0
3864,2026-08-10,1152.0
3864,2026-08-17,1199.0
3864,2026-08-24,1199.0
3864,2026-08-31,1177.0
3864,2026-09-07,1169.0
3864,2026-09-14,1225.0
3864,2026-09-21,1228.0
4073,2025-09-29,602.0
4073,2025-10-06,591.0
4073,2025-10-13,637.0
4073,2025-10-20,637.0
4073,2025-10-27,632.0
4073,2025-11-03,630.0
4073,2025-11-10,646.0
4073,2025-11-17,582.0
4073,2025-11-24,606.0
4073,2025-12-01,595.0
4073,2025-12-08,577.0
4073,2025-12-15,567.0
4073,2025-12-22,584.0
4073,2025-12-29,584.0
4073,2026-01-05,595.0
4073,2026-01-12,602.0
4073,2026-01-19,579.0
4073,2026-01-26,560.0
4073,2026-02-02,571.0
4073,2026-02-09,560.0
4073,2026-02-16,545.0
4073,2026-02-23,565.0
4073,2026-03-02,515.0
4073,2026-03-09,508.0
4073,2026-03-16,506.0
4073,2026-03-23,512.0
4073,2026-03-30,500.0
4073,2026-04-06,511.0
4073,2026-04-13,519.0
4073,2026-04-20,510.0
4073,2026-04-27,509.0
4073,2026-05-04,520.0
4073,2026-05-11,495.0
4073,2026-05-18,494.0
4073,2026-05-25,494.0
4073,2026-06-01,441.0
4073,2026-06-08,426.0
4073,2026-06-15,421.0
4073,2026-06-22,418.0
4073,2026-06-29,431.0
4073,2026-07-06,435.0
4073,2026-07-13,428.0
4073,2026-07-20,498.0
4073,2026-07-27,449.0
4073,2026-08-03,566.0
4073,2026-08-10,570.0
4073,2026-08-17,482.0
4073,2026-08-24,507.0
4073,2026-08-31,491.0
4073,2026-09-07,466.0
4073,2026-09-14,549.0
4073,2026-09-21,637.0
4203,2025-09-29,4936.04
4203,2025-10-06,4888.61
4203,2025-10-13,4804.63
4203,2025-10-20,5020.02
4203,2025-10-27,5080.28
4203,2025-11-03,5035.82
4203,2025-11-10,4981.48
4203,2025-11-17,4979.51
4203,2025-11-24,5030.88
4203,2025-12-01,5015.08
4203,2025-12-08,5200.82
4203,2025-12-15,5151.42
4203,2025-12-22,5106.96
4203,2025-12-29,5101.03
4203,2026-01-05,5090.16
4203,2026-01-12,5176.12
4203,2026-01-19,5378.66
4203,2026-01-26,5374.71
4203,2026-02-02,5373.72
4203,2026-02-09,5591.08
4203,2026-02-16,5717.54
4203,2026-02-23,5946.76
4203,2026-03-02,5503.15
4203,2026-03-09,5273.93
4203,2026-03-16,5031.87
4203,2026-03-23,4939.0
4203,2026-03-30,5001.0
4203,2026-04-06,5287.0
4203,2026-04-13,5190.0
4203,2026-04-20,5235.0
4203,2026-04-27,5433.0
4203,2026-05-04,5546.0
4203,2026-05-11,6572.0
4203,2026-05-18,6765.0
4203,2026-05-25,6900.0
4203,2026-06-01,6510.0
4203,2026-06-08,6480.0
4203,2026-06-15,7710.0
4203,2026-06-22,7616.0
4203,2026-06-29,7506.0
4203,2026-07-06,7200.0
4203,2026-07-13,6969.0
4203,2026-07-20,6795.0
4203,2026-07-27,6513.0
4203,2026-08-03,7439.0
4203,2026-08-10,7799.0
4203,2026-08-17,7171.0
4203,2026-08-24,7444.0
4203,2026-08-31,7056.0
4203,2026-09-07,7588.0
4203,2026-09-14,7786.0
4203,2026-09-21,8183.0
4206,2025-09-29,3551.71
4206,2025-10-06,3516.41
4206,2025-10-13,3524.25
4206,2025-10-20,3592.89
4206,2025-10-27,3559.55
4206,2025-11-03,3441.88
4206,2025-11-10,3385.99
4206,2025-11-17,3434.04
4206,2025-11-24,3498.76
4206,2025-12-01,3313.42
4206,2025-12-08,3362.45
4206,2025-12-15,3414.42
4206,2025-12-22,3417.37
4206,2025-12-29,3449.73
4206,2026-01-05,3477.18
4206,2026-01-12,3530.13
4206,2026-01-19,3531.12
4206,2026-01-26,3441.88
4206,2026-02-02,3682.13
4206,2026-02-09,3705.66
4206,2026-02-16,3758.61
4206,2026-02-23,3895.9
4206,2026-03-02,3748.81
4206,2026-03-09,3617.41
4206,2026-03-16,3571.32
4206,2026-03-23,3638.0
4206,2026-03-30,3661.0
4206,2026-04-06,3754.0
4206,2026-04-13,3599.0
4206,2026-04-20,3493.0
4206,2026-04-27,3531.0
4206,2026-05-04,3403.0
4206,2026-05-11,3482.0
4206,2026-05-18,3439.0
4206,2026-05-25,3450.0
4206,2026-06-01,3423.0
4206,2026-06-08,3491.0
4206,2026-06-15,3579.0
4206,2026-06-22,3691.0
4206,2026-06-29,3728.0
4206,2026-07-06,3670.0
4206,2026-07-13,3670.0
4206,2026-07-20,3631.0
4206,2026-07-27,3687.0
4206,2026-08-03,4087.0
4206,2026-08-10,4128.0
4206,2026-08-17,4077.0
4206,2026-08-24,4115.0
4206,2026-08-31,4088.0
4206,2026-09-07,4118.0
4206,2026-09-14,4245.0
4206,2026-09-21,4367.0
4258,2025-09-29,3611.79
4258,2025-10-06,3686.41
4258,2025-10-13,3785.91
4258,2025-10-20,4243.6
4258,2025-10-27,3691.39
4258,2025-11-03,3666.51
4258,2025-11-10,3761.03
4258,2025-11-17,3567.01
4258,2025-11-24,3472.49
4258,2025-12-01,2982.96
4258,2025-12-08,2783.96
4258,2025-12-15,2882.46
4258,2025-12-22,3119.27
4258,2025-12-29,3085.0
4258,2026-01-05,3265.0
4258,2026-01-12,3130.0
4258,2026-01-19,3060.0
4258,2026-01-26,2900.0
4258,2026-02-02,2787.0
4258,2026-02-09,3035.0
4258,2026-02-16,3425.0
4258,2026-02-23,3050.0
4258,2026-03-02,3180.0
4258,2026-03-09,3060.0
4258,2026-03-16,2946.0
4258,2026-03-23,2995.0
4258,2026-03-30,2776.0
4258,2026-04-06,2820.0
4258,2026-04-13,2935.0
4258,2026-04-20,3000.0
4258,2026-04-27,2958.0
4258,2026-05-04,3100.0
4258,2026-05-11,2795.0
4258,2026-05-18,3010.0
4258,2026-05-25,3370.0
4258,2026-06-01,3535.0
4258,2026-06-08,3145.0
4258,2026-06-15,3200.0
4258,2026-06-22,3250.0
4258,2026-06-29,4395.0
4258,2026-07-06,4380.0
4258,2026-07-13,4315.0
4258,2026-07-20,4250.0
4258,2026-07-27,4335.0
4258,2026-08-03,4760.0
4258,2026-08-10,4675.0
4258,2026-08-17,4605.0
4258,2026-08-24,4680.0
4258,2026-08-31,4340.0
4258,2026-09-07,4890.0
4258,2026-09-14,5750.0
4258,2026-09-21,5580.0
4286,2025-09-29,919.84
4286,2025-10-06,957.22
4286,2025-10-13,917.87
4286,2025-10-20,948.37
4286,2025-10-27,959.19
4286,2025-11-03,922.79
4286,2025-11-10,1110.69
4286,2025-11-17,1175.62
4286,2025-11-24,1175.62
4286,2025-12-01,1064.45
4286,2025-12-08,1049.7
4286,2025-12-15,1136.27
4286,2025-12-22,1092.0
4286,2025-12-29,1074.0
4286,2026-01-05,1065.0
4286,2026-01-12,1104.0
4286,2026-01-19,1070.0
4286,2026-01-26,1035.0
4286,2026-02-02,1093.0
4286,2026-02-09,1159.0
4286,2026-02-16,1153.0
4286,2026-02-23,1154.0
4286,2026-03-02,1091.0
4286,2026-03-09,1028.0
4286,2026-03-16,1016.0
4286,2026-03-23,1068.0
4286,2026-03-30,1075.0
4286,2026-04-06,1068.0
4286,2026-04-13,1160.0
4286,2026-04-20,1148.0
4286,2026-04-27,1171.0
4286,2026-05-04,1220.0
4286,2026-05-11,1220.0
4286,2026-05-18,1174.0
4286,2026-05-25,1115.0
4286,2026-06-01,1094.0
4286,2026-06-08,1074.0
4286,2026-06-15,1117.0
4286,2026-06-22,1040.0
4286,2026-06-29,1144.0
4286,2026-07-06,1111.0
4286,2026-07-13,1128.0
4286,2026-07-20,1110.0
4286,2026-07-27,1154.0
4286,2026-08-03,1084.0
4286,2026-08-10,1135.0
4286,2026-08-17,1332.0
4286,2026-08-24,1386.0
4286,2026-08-31,1294.0
4286,2026-09-07,1245.0
4286,2026-09-14,1312.0
4286,2026-09-21,1396.0
4409,2025-09-29,773.97
4409,2025-10-06,747.72
4409,2025-10-13,745.77
4409,2025-10-20,762.3
4409,2025-10-27,765.22
4409,2025-11-03,721.47
4409,2025-11-10,708.83
4409,2025-11-17,704.94
4409,2025-11-24,701.05
4409,2025-12-01,702.99
4409,2025-12-08,702.02
4409,2025-12-15,702.99
4409,2025-12-22,702.02
4409,2025-12-29,718.55
4409,2026-01-05,720.49
4409,2026-01-12,720.49
4409,2026-01-19,733.13
4409,2026-01-26,734.11
4409,2026-02-02,719.52
4409,2026-02-09,724.38
4409,2026-02-16,756.47
4409,2026-02-23,764.25
4409,2026-03-02,758.42
4409,2026-03-09,759.39
4409,2026-03-16,758.42
4409,2026-03-23,773.0
4409,2026-03-30,760.0
4409,2026-04-06,755.0
4409,2026-04-13,746.0
4409,2026-04-20,740.0
4409,2026-04-27,736.0
4409,2026-05-04,754.0
4409,2026-05-11,721.0
4409,2026-05-18,725.0
4409,2026-05-25,721.0
4409,2026-06-01,722.0
4409,2026-06-08,722.0
4409,2026-06-15,722.0
4409,2026-06-22,722.0
4409,2026-06-29,739.0
4409,2026-07-06,744.0
4409,2026-07-13,764.0
4409,2026-07-20,735.0
4409,2026-07-27,740.0
4409,2026-08-03,740.0
4409,2026-08-10,765.0
4409,2026-08-17,779.0
4409,2026-08-24,780.0
4409,2026-08-31,782.0
4409,2026-09-07,789.0
4409,2026-09-14,785.0
4409,2026-09-21,826.0
4436,2025-09-29,461.0
4436,2025-10-06,460.0
4436,2025-10-13,444.0
4436,2025-10-20,450.0
4436,2025-10-27,482.0
4436,2025-11-03,472.0
4436,2025-11-10,492.0
4436,2025-11-17,443.0
4436,2025-11-24,457.0
4436,2025-12-01,419.0
4436,2025-12-08,438.0
4436,2025-12-15,430.0
4436,2025-12-22,441.0
4436,2025-12-29,442.0
4436,2026-01-05,468.0
4436,2026-01-12,473.0
4436,2026-01-19,469.0
4436,2026-01-26,475.0
4436,2026-02-02,442.0
4436,2026-02-09,456.0
4436,2026-02-16,461.0
4436,2026-02-23,471.0
4436,2026-03-02,452.0
4436,2026-03-09,434.0
4436,2026-03-16,420.0
4436,2026-03-23,437.0
4436,2026-03-30,409.0
4436,2026-04-06,415.0
4436,2026-04-13,430.0
4436,2026-04-20,416.0
4436,2026-04-27,421.0
4436,2026-05-04,428.0
4436,2026-05-11,441.0
4436,2026-05-18,486.0
4436,2026-05-25,479.0
4436,2026-06-01,455.0
4436,2026-06-08,412.0
4436,2026-06-15,409.0
4436,2026-06-22,418.0
4436,2026-06-29,433.0
4436,2026-07-06,465.0
4436,2026-07-13,449.0
4436,2026-07-20,450.0
4436,2026-07-27,454.0
4436,2026-08-03,447.0
4436,2026-08-10,471.0
4436,2026-08-17,422.0
4436,2026-08-24,415.0
4436,2026-08-31,415.0
4436,2026-09-07,413.0
4436,2026-09-14,600.0
4436,2026-09-21,715.0
4665,2025-09-29,3721.61
4665,2025-10-06,3687.16
4665,2025-10-13,3665.5
4665,2025-10-20,3682.24
4665,2025-10-27,3658.61
4665,2025-11-03,3729.48
4665,2025-11-10,3892.87
4665,2025-11-17,3954.89
4665,2025-11-24,3969.65
4665,2025-12-01,4049.38
4665,2025-12-08,4200.96
4665,2025-12-15,4301.36
4665,2025-12-22,4236.39
4665,2025-12-29,4188.16
4665,2026-01-05,4231.47
4665,2026-01-12,4293.48
4665,2026-01-19,4350.57
4665,2026-01-26,4179.3
4665,2026-02-02,4258.05
4665,2026-02-09,4239.35
4665,2026-02-16,4160.6
4665,2026-02-23,4255.09
4665,2026-03-02,4194.07
4665,2026-03-09,4152.73
4665,2026-03-16,4204.9
4665,2026-03-23,4261.0
4665,2026-03-30,4210.0
4665,2026-04-06,4163.0
4665,2026-04-13,4136.0
4665,2026-04-20,3940.0
4665,2026-04-27,3915.0
4665,2026-05-04,3933.0
4665,2026-05-11,3975.0
4665,2026-05-18,4156.0
4665,2026-05-25,4015.0
4665,2026-06-01,4100.0
4665,2026-06-08,4285.0
4665,2026-06-15,4168.0
4665,2026-06-22,4296.0
4665,2026-06-29,4389.0
4665,2026-07-06,4469.0
4665,2026-07-13,4538.0
4665,2026-07-20,4466.0
4665,2026-07-27,4447.0
4665,2026-08-03,4386.0
4665,2026-08-10,4584.0
4665,2026-08-17,4691.0
4665,2026-08-24,4682.0
4665,2026-08-31,4665.0
4665,2026-09-07,4580.0
4665,2026-09-14,4732.0
4665,2026-09-21,4772.0
4746,2025-09-29,3733.47
4746,2025-10-06,3714.4
4746,2025-10-13,3733.47
4746,2025-10-20,3776.39
4746,2025-10-27,3657.18
4746,2025-11-03,3819.3
4746,2025-11-10,3981.42
4746,2025-11-17,3976.65
4746,2025-11-24,4010.03
4746,2025-12-01,3919.43
4746,2025-12-08,3838.37
4746,2025-12-15,3819.3
4746,2025-12-22,3843.14
4746,2025-12-29,3961.29
4746,2026-01-05,4245.64
4746,2026-01-12,4407.43
4746,2026-01-19,4353.5
4746,2026-01-26,4132.88
4746,2026-02-02,4083.86
4746,2026-02-09,4211.33
4746,2026-02-16,4167.2
4746,2026-02-23,4348.6
4746,2026-03-02,4181.91
4746,2026-03-09,4211.33
4746,2026-03-16,4206.42
4746,2026-03-23,4191.71
4746,2026-03-30,4142.69
4746,2026-04-06,4431.94
4746,2026-04-13,4407.43
4746,2026-04-20,4319.18
4746,2026-04-27,4235.84
4746,2026-05-04,4044.64
4746,2026-05-11,3946.59
4746,2026-05-18,4123.08
4746,2026-05-25,4226.03
4746,2026-06-01,4142.69
4746,2026-06-08,4118.18
4746,2026-06-15,4167.2
4746,2026-06-22,4353.5
4746,2026-06-29,4485.0
4746,2026-07-06,4740.0
4746,2026-07-13,4780.0
4746,2026-07-20,4825.0
4746,2026-07-27,5020.0
4746,2026-08-03,6600.0
4746,2026-08-10,6500.0
4746,2026-08-17,6670.0
4746,2026-08-24,6840.0
4746,2026-08-31,7120.0
4746,2026-09-07,7150.0
4746,2026-09-14,7250.0
4746,2026-09-21,7540.0
4849,2025-09-29,1559.2
4849,2025-10-06,1587.38
4849,2025-10-13,1492.17
4849,2025-10-20,1551.43
4849,2025-10-27,1512.57
4849,2025-11-03,1465.94
4849,2025-11-10,1328.97
4849,2025-11-17,1398.91
4849,2025-11-24,1469.83
4849,2025-12-01,1399.88
4849,2025-12-08,1419.31
4849,2025-12-15,1485.37
4849,2025-12-22,1501.89
4849,2025-12-29,1497.03
4849,2026-01-05,1505.77
4849,2026-01-12,1486.34
4849,2026-01-19,1470.8
4849,2026-01-26,1394.05
4849,2026-02-02,1392.11
4849,2026-02-09,1202.67
4849,2026-02-16,1170.62
4849,2026-02-23,1205.59
4849,2026-03-02,1157.99
4849,2026-03-09,1157.02
4849,2026-03-16,1090.96
4849,2026-03-23,1113.3
4849,2026-03-30,1150.0
4849,2026-04-06,1143.0
4849,2026-04-13,1134.0
4849,2026-04-20,1101.0
4849,2026-04-27,1093.0
4849,2026-05-04,1112.0
4849,2026-05-11,1177.0
4849,2026-05-18,1272.0
4849,2026-05-25,1247.0
4849,2026-06-01,1217.0
4849,2026-06-08,1183.0
4849,2026-06-15,1163.0
4849,2026-06-22,1099.0
4849,2026-06-29,1152.0
4849,2026-07-06,1216.0
4849,2026-07-13,1262.0
4849,2026-07-20,1257.0
4849,2026-07-27,1283.0
4849,2026-08-03,1352.0
4849,2026-08-10,1495.0
4849,2026-08-17,1594.0
4849,2026-08-24,1668.0
4849,2026-08-31,1639.0
4849,2026-09-07,1603.0
4849,2026-09-14,1731.0
4849,2026-09-21,1727.0
4956,2025-09-29,1247.57
4956,2025-10-06,1245.6
4956,2025-10-13,1261.38
4956,2025-10-20,1294.91
4956,2025-10-27,1218.97
4956,2025-11-03,1230.8
4956,2025-11-10,1262.36
4956,2025-11-17,1298.85
4956,2025-11-24,1294.91
4956,2025-12-01,1266.31
4956,2025-12-08,1299.84
4956,2025-12-15,1306.74
4956,2025-12-22,1319.56
4956,2025-12-29,1311.68
4956,2026-01-05,1315.62
4956,2026-01-12,1356.06
4956,2026-01-19,1358.03
4956,2026-01-26,1283.07
4956,2026-02-02,1337.32
4956,2026-02-09,1396.49
4956,2026-02-16,1324.5
4956,2026-02-23,1364.93
4956,2026-03-02,1366.9
4956,2026-03-09,1351.12
4956,2026-03-16,1356.06
4956,2026-03-23,1360.0
4956,2026-03-30,1387.0
4956,2026-04-06,1363.0
4956,2026-04-13,1369.0
4956,2026-04-20,1346.0
4956,2026-04-27,1421.0
4956,2026-05-04,1450.0
4956,2026-05-11,1468.0
4956,2026-05-18,1395.0
4956,2026-05-25,1375.0
4956,2026-06-01,1398.0
4956,2026-06-08,1440.0
4956,2026-06-15,1467.0
4956,2026-06-22,1485.0
4956,2026-06-29,1453.0
4956,2026-07-06,1451.0
4956,2026-07-13,1442.0
4956,2026-07-20,1417.0
4956,2026-07-27,1414.0
4956,2026-08-03,1476.0
4956,2026-08-10,1468.0
4956,2026-08-17,1440.0
4956,2026-08-24,1477.0
4956,2026-08-31,1479.0
4956,2026-09-07,1464.0
4956,2026-09-14,1509.0
4956,2026-09-21,1519.0
4967,2025-09-29,5259.15
4967,2025-10-06,5125.76
4967,2025-10-13,5058.08
4967,2025-10-20,5148.32
4967,2025-10-27,5026.7
4967,2025-11-03,5221.88
4967,2025-11-10,5344.48
4967,2025-11-17,5265.04
4967,2025-11-24,5119.88
4967,2025-12-01,5126.74
4967,2025-12-08,5147.34
4967,2025-12-15,5159.11
4967,2025-12-22,5251.31
4967,2025-12-29,5384.23
4967,2026-01-05,5443.74
4967,2026-01-12,5376.29
4967,2026-01-19,5464.57
4967,2026-01-26,5363.4
4967,2026-02-02,5254.28
4967,2026-02-09,5461.6
4967,2026-02-16,5589.56
4967,2026-02-23,5782.98
4967,2026-03-02,5568.73
4967,2026-03-09,5591.54
4967,2026-03-16,5546.9
4967,2026-03-23,5808.77
4967,2026-03-30,6024.02
4967,2026-04-06,5863.33
4967,2026-04-13,5877.22
4967,2026-04-20,5701.65
4967,2026-04-27,5760.17
4967,2026-05-04,5857.38
4967,2026-05-11,5774.06
4967,2026-05-18,5807.78
4967,2026-05-25,5804.81
4967,2026-06-01,5532.02
4967,2026-06-08,5476.48
4967,2026-06-15,5257.26
4967,2026-06-22,5535.0
4967,2026-06-29,5579.0
4967,2026-07-06,5545.0
4967,2026-07-13,5527.0
4967,2026-07-20,5439.0
4967,2026-07-27,5588.0
4967,2026-08-03,5473.0
4967,2026-08-10,5566.0
4967,2026-08-17,5634.0
4967,2026-08-24,5690.0
4967,2026-08-31,5695.0
4967,2026-09-07,5768.0
4967,2026-09-14,5860.0
4967,2026-09-21,6885.0
5121,2025-09-29,1886.38
5121,2025-10-06,1892.28
5121,2025-10-13,1892.28
5121,2025-10-20,1991.51
5121,2025-10-27,1901.12
5121,2025-11-03,1889.33
5121,2025-11-10,1820.56
5121,2025-11-17,1743.92
5121,2025-11-24,1856.91
5121,2025-12-01,1921.75
5121,2025-12-08,1896.21
5121,2025-12-15,1868.7
5121,2025-12-22,1991.51
5121,2025-12-29,2020.0
5121,2026-01-05,2022.95
5121,2026-01-12,2176.22
5121,2026-01-19,2190.96
5121,2026-01-26,2227.31
5121,2026-02-02,2362.89
5121,2026-02-09,2490.62
5121,2026-02-16,2559.39
5121,2026-02-23,2670.41
5121,2026-03-02,2701.85
5121,2026-03-09,2492.58
5121,2026-03-16,2456.23
5121,2026-03-23,2413.0
5121,2026-03-30,2579.0
5121,2026-04-06,2611.0
5121,2026-04-13,2500.0
5121,2026-04-20,2494.0
5121,2026-04-27,2519.0
5121,2026-05-04,2590.0
5121,2026-05-11,2545.0
5121,2026-05-18,2416.0
5121,2026-05-25,2474.0
5121,2026-06-01,2543.0
5121,2026-06-08,2550.0
5121,2026-06-15,2668.0
5121,2026-06-22,2595.0
5121,2026-06-29,2585.0
5121,2026-07-06,2584.0
5121,2026-07-13,2466.0
5121,2026-07-20,2484.0
5121,2026-07-27,2504.0
5121,2026-08-03,2789.0
5121,2026-08-10,2764.0
5121,2026-08-17,2745.0
5121,2026-08-24,2693.0
5121,2026-08-31,2668.0
5121,2026-09-07,2660.0
5121,2026-09-14,2833.0
5121,2026-09-21,3000.0
5136,2025-09-29,1981.0
5136,2025-10-06,1885.0
5136,2025-10-13,1759.0
5136,2025-10-20,1775.0
5136,2025-10-27,1700.0
5136,2025-11-03,1627.0
5136,2025-11-10,1757.0
5136,2025-11-17,1633.0
5136,2025-11-24,1642.0
5136,2025-12-01,1600.0
5136,2025-12-08,1697.0
5136,2025-12-15,1934.0
5136,2025-12-22,1874.0
5136,2025-12-29,1814.0
5136,2026-01-05,1894.0
5136,2026-01-12,1947.0
5136,2026-01-19,1900.0
5136,2026-01-26,1750.0
5136,2026-02-02,1659.0
5136,2026-02-09,1582.0
5136,2026-02-16,1574.0
5136,2026-02-23,1552.0
5136,2026-03-02,1358.0
5136,2026-03-09,1376.0
5136,2026-03-16,1534.0
5136,2026-03-23,1565.0
5136,2026-03-30,1573.0
5136,2026-04-06,1673.0
5136,2026-04-13,1560.0
5136,2026-04-20,1371.0
5136,2026-04-27,1405.0
5136,2026-05-04,1471.0
5136,2026-05-11,1415.0
5136,2026-05-18,1572.0
5136,2026-05-25,1487.0
5136,2026-06-01,1456.0
5136,2026-06-08,1394.0
5136,2026-06-15,1692.0
5136,2026-06-22,1653.0
5136,2026-06-29,1961.0
5136,2026-07-06,1924.0
5136,2026-07-13,1761.0
5136,2026-07-20,1646.0
5136,2026-07-27,1774.0
5136,2026-08-03,1778.0
5136,2026-08-10,1788.0
5136,2026-08-17,1987.0
5136,2026-08-24,2028.0
5136,2026-08-31,1997.0
5136,2026-09-07,2025.0
5136,2026-09-14,2336.0
5136,2026-09-21,2410.0
5252,2025-09-29,559.77
5252,2025-10-06,531.09
5252,2025-10-13,481.64
5252,2025-10-20,502.41
5252,2025-10-27,488.57
5252,2025-11-03,493.51
5252,2025-11-10,500.43
5252,2025-11-17,483.62
5252,2025-11-24,494.5
5252,2025-12-01,475.71
5252,2025-12-08,529.11
5252,2025-12-15,590.43
5252,2025-12-22,593.4
5252,2025-12-29,607.25
5252,2026-01-05,589.44
5252,2026-01-12,589.44
5252,2026-01-19,605.27
5252,2026-01-26,637.9
5252,2026-02-02,690.32
5252,2026-02-09,739.77
5252,2026-02-16,858.45
5252,2026-02-23,899.99
5252,2026-03-02,894.05
5252,2026-03-09,928.67
5252,2026-03-16,906.91
5252,2026-03-23,899.0
5252,2026-03-30,765.0
5252,2026-04-06,777.0
5252,2026-04-13,772.0
5252,2026-04-20,785.0
5252,2026-04-27,800.0
5252,2026-05-04,785.0
5252,2026-05-11,777.0
5252,2026-05-18,780.0
5252,2026-05-25,779.0
5252,2026-06-01,770.0
5252,2026-06-08,763.0
5252,2026-06-15,698.0
5252,2026-06-22,749.0
5252,2026-06-29,815.0
5252,2026-07-06,710.0
5252,2026-07-13,746.0
5252,2026-07-20,790.0
5252,2026-07-27,810.0
5252,2026-08-03,830.0
5252,2026-08-10,826.0
5252,2026-08-17,789.0
5252,2026-08-24,757.0
5252,2026-08-31,745.0
5252,2026-09-07,892.0
5252,2026-09-14,1019.0
5252,2026-09-21,1024.0
5301,2025-09-29,1003.6
5301,2025-10-06,1081.48
5301,2025-10-13,1036.7
5301,2025-10-20,1084.4
5301,2025-10-27,1006.04
5301,2025-11-03,962.62
5301,2025-11-10,1007.01
5301,2025-11-17,963.89
5301,2025-11-24,1000.68
5301,2025-12-01,972.74
5301,2025-12-08,958.14
5301,2025-12-15,936.73
5301,2025-12-22,961.74
5301,2025-12-29,957.99
5301,2026-01-05,996.34
5301,2026-01-12,1057.13
5301,2026-01-19,1041.31
5301,2026-01-26,1054.66
5301,2026-02-02,1093.7
5301,2026-02-09,1011.66
5301,2026-02-16,1029.95
5301,2026-02-23,1100.62
5301,2026-03-02,1002.27
5301,2026-03-09,948.6
5301,2026-03-16,908.07
5301,2026-03-23,952.06
5301,2026-03-30,985.37
5301,2026-04-06,989.42
5301,2026-04-13,1024.02
5301,2026-04-20,1041.31
5301,2026-04-27,1132.25
5301,2026-05-04,1176.23
5301,2026-05-11,1512.3
5301,2026-05-18,1608.18
5301,2026-05-25,1759.41
5301,2026-06-01,1877.53
5301,2026-06-08,1795.98
5301,2026-06-15,1730.75
5301,2026-06-22,1709.0
5301,2026-06-29,1758.5
5301,2026-07-06,1671.5
5301,2026-07-13,1615.5
5301,2026-07-20,1632.0
5301,2026-07-27,1537.5
5301,2026-08-03,1734.0
5301,2026-08-10,1797.0
5301,2026-08-17,1685.0
5301,2026-08-24,1681.5
5301,2026-08-31,1819.5
5301,2026-09-07,1987.5
5301,2026-09-14,2127.5
5301,2026-09-21,2289.5
5632,2025-09-29,1647.37
5632,2025-10-06,1777.48
5632,2025-10-13,1894.87
5632,2025-10-20,1893.89
5632,2025-10-27,1837.15
5632,2025-11-03,1663.02
5632,2025-11-10,1720.74
5632,2025-11-17,1709.0
5632,2025-11-24,1791.17
5632,2025-12-01,1706.07
5632,2025-12-08,1741.28
5632,2025-12-15,1697.26
5632,2025-12-22,1782.37
5632,2025-12-29,1836.17
5632,2026-01-05,1887.04
5632,2026-01-12,1968.24
5632,2026-01-19,1918.35
5632,2026-01-26,1837.15
5632,2026-02-02,1854.76
5632,2026-02-09,1880.2
5632,2026-02-16,1979.98
5632,2026-02-23,2077.8
5632,2026-03-02,1872.37
5632,2026-03-09,1799.0
5632,2026-03-16,1794.11
5632,2026-03-23,1844.0
5632,2026-03-30,1815.0
5632,2026-04-06,1791.0
5632,2026-04-13,1822.0
5632,2026-04-20,1789.0
5632,2026-04-27,1812.0
5632,2026-05-04,1835.0
5632,2026-05-11,2169.0
5632,2026-05-18,2144.0
5632,2026-05-25,2157.0
5632,2026-06-01,2150.0
5632,2026-06-08,2139.0
5632,2026-06-15,2331.0
5632,2026-06-22,2177.0
5632,2026-06-29,2208.0
5632,2026-07-06,2107.0
5632,2026-07-13,2101.0
5632,2026-07-20,2177.0
5632,2026-07-27,2180.0
5632,2026-08-03,2285.0
5632,2026-08-10,2431.0
5632,2026-08-17,2440.0
5632,2026-08-24,2448.0
5632,2026-08-31,2322.0
5632,2026-09-07,2309.0
5632,2026-09-14,2561.0
5632,2026-09-21,2593.0
5832,2025-09-29,2116.4
5832,2025-10-06,2061.9
5832,2025-10-13,2026.07
5832,2025-10-20,2079.58
5832,2025-10-27,2111.0
5832,2025-11-03,2132.11
5832,2025-11-10,2181.2
5832,2025-11-17,2188.07
5832,2025-11-24,2290.68
5832,2025-12-01,2264.17
5832,2025-12-08,2321.6
5832,2025-12-15,2417.83
5832,2025-12-22,2403.1
5832,2025-12-29,2425.68
5832,2026-01-05,2572.96
5832,2026-01-12,2713.86
5832,2026-01-19,2753.62
5832,2026-01-26,2737.91
5832,2026-02-02,3154.71
5832,2026-02-09,3365.81
5832,2026-02-16,3287.26
5832,2026-02-23,3153.73
5832,2026-03-02,2901.88
5832,2026-03-09,2781.61
5832,2026-03-16,2777.19
5832,2026-03-23,2868.5
5832,2026-03-30,2984.5
5832,2026-04-06,3086.0
5832,2026-04-13,3009.0
5832,2026-04-20,2794.5
5832,2026-04-27,2845.5
5832,2026-05-04,2870.5
5832,2026-05-11,3033.0
5832,2026-05-18,3103.0
5832,2026-05-25,2987.5
5832,2026-06-01,2979.0
5832,2026-06-08,3099.0
5832,2026-06-15,3037.0
5832,2026-06-22,3090.0
5832,2026-06-29,3225.0
5832,2026-07-06,3235.0
5832,2026-07-13,3122.0
5832,2026-07-20,3410.0
5832,2026-07-27,3323.0
5832,2026-08-03,3385.0
5832,2026-08-10,3518.0
5832,2026-08-17,3411.0
5832,2026-08-24,3550.0
5832,2026-08-31,3534.0
5832,2026-09-07,3508.0
5832,2026-09-14,3652.0
5832,2026-09-21,3794.0
6091,2025-09-29,808.07
6091,2025-10-06,827.4
6091,2025-10-13,808.07
6091,2025-10-20,820.64
6091,2025-10-27,787.77
6091,2025-11-03,811.94
6091,2025-11-10,850.6
6091,2025-11-17,809.04
6091,2025-11-24,813.87
6091,2025-12-01,783.91
6091,2025-12-08,815.8
6091,2025-12-15,807.1
6091,2025-12-22,816.77
6091,2025-12-29,810.97
6091,2026-01-05,835.14
6091,2026-01-12,834.17
6091,2026-01-19,816.77
6091,2026-01-26,804.2
6091,2026-02-02,816.77
6091,2026-02-09,826.44
6091,2026-02-16,856.4
6091,2026-02-23,880.57
6091,2026-03-02,887.33
6091,2026-03-09,877.67
6091,2026-03-16,841.9
6091,2026-03-23,806.14
6091,2026-03-30,834.17
6091,2026-04-06,833.2
6091,2026-04-13,820.64
6091,2026-04-20,833.2
6091,2026-04-27,825.47
6091,2026-05-04,829.34
6091,2026-05-11,815.8
6091,2026-05-18,812.9
6091,2026-05-25,819.67
6091,2026-06-01,818.7
6091,2026-06-08,825.47
6091,2026-06-15,854.47
6091,2026-06-22,871.87
6091,2026-06-29,924.06
6091,2026-07-06,897.96
6091,2026-07-13,898.93
6091,2026-07-20,886.37
6091,2026-07-27,869.0
6091,2026-08-03,899.0
6091,2026-08-10,919.0
6091,2026-08-17,900.0
6091,2026-08-24,901.0
6091,2026-08-31,888.0
6091,2026-09-07,876.0
6091,2026-09-14,952.0
6091,2026-09-21,997.0
627A,2026-09-14,1037.0
627A,2026-09-21,1637.0
6282,2025-09-29,2243.69
6282,2025-10-06,2260.39
6282,2025-10-13,2206.34
6282,2025-10-20,2265.31
6282,2025-10-27,2223.05
6282,2025-11-03,2117.89
6282,2025-11-10,2094.3
6282,2025-11-17,2096.27
6282,2025-11-24,2154.25
6282,2025-12-01,2135.58
6282,2025-12-08,2207.32
6282,2025-12-15,2252.53
6282,2025-12-22,2279.07
6282,2025-12-29,2310.51
6282,2026-01-05,2396.02
6282,2026-01-12,2502.16
6282,2026-01-19,2460.88
6282,2026-01-26,2388.15
6282,2026-02-02,2460.88
6282,2026-02-09,2546.38
6282,2026-02-16,2550.31
6282,2026-02-23,2639.75
6282,2026-03-02,2453.02
6282,2026-03-09,2328.2
6282,2026-03-16,2355.72
6282,2026-03-23,2454.0
6282,2026-03-30,2458.0
6282,2026-04-06,2695.0
6282,2026-04-13,2541.0
6282,2026-04-20,2517.0
6282,2026-04-27,2614.0
6282,2026-05-04,2724.0
6282,2026-05-11,2654.0
6282,2026-05-18,2588.0
6282,2026-05-25,2568.0
6282,2026-06-01,2677.0
6282,2026-06-08,2681.0
6282,2026-06-15,2805.0
6282,2026-06-22,2774.0
6282,2026-06-29,2844.0
6282,2026-07-06,2871.0
6282,2026-07-13,2806.0
6282,2026-07-20,2783.0
6282,2026-07-27,2854.0
6282,2026-08-03,2932.0
6282,2026-08-10,2951.0
6282,2026-08-17,2894.0
6282,2026-08-24,2936.0
6282,2026-08-31,2880.0
6282,2026-09-07,2851.0
6282,2026-09-14,2936.0
6282,2026-09-21,2991.0
6333,2025-09-29,3086.44
6333,2025-10-06,3003.68
6333,2025-10-13,3003.68
6333,2025-10-20,3062.1
6333,2025-10-27,3008.55
6333,2025-11-03,2940.39
6333,2025-11-10,2950.13
6333,2025-11-17,2908.26
6333,2025-11-24,3018.28
6333,2025-12-01,2930.66
6333,2025-12-08,2935.52
6333,2025-12-15,3008.55
6333,2025-12-22,3008.55
6333,2025-12-29,2989.07
6333,2026-01-05,3018.28
6333,2026-01-12,3213.01
6333,2026-01-19,3047.49
6333,2026-01-26,2964.73
6333,2026-02-02,3028.02
6333,2026-02-09,2969.6
6333,2026-02-16,3076.7
6333,2026-02-23,3334.72
6333,2026-03-02,3139.99
6333,2026-03-09,2909.24
6333,2026-03-16,2940.39
6333,2026-03-23,2881.0
6333,2026-03-30,2857.0
6333,2026-04-06,2996.0
6333,2026-04-13,2899.0
6333,2026-04-20,2787.0
6333,2026-04-27,2773.0
6333,2026-05-04,2861.0
6333,2026-05-11,2791.0
6333,2026-05-18,2829.0
6333,2026-05-25,2935.0
6333,2026-06-01,2961.0
6333,2026-06-08,2980.0
6333,2026-06-15,3110.0
6333,2026-06-22,3185.0
6333,2026-06-29,3105.0
6333,2026-07-06,3190.0
6333,2026-07-13,3120.0
6333,2026-07-20,3235.0
6333,2026-07-27,3355.0
6333,2026-08-03,3270.0
6333,2026-08-10,3210.0
6333,2026-08-17,3375.0
6333,2026-08-24,3395.0
6333,2026-08-31,3400.0
6333,2026-09-07,3430.0
6333,2026-09-14,3510.0
6333,2026-09-21,3605.0
6345,2025-09-29,1304.13
6345,2025-10-06,1293.38
6345,2025-10-13,1324.66
6345,2025-10-20,1353.01
6345,2025-10-27,1260.14
6345,2025-11-03,1280.67
6345,2025-11-10,1286.54
6345,2025-11-17,1285.56
6345,2025-11-24,1300.22
6345,2025-12-01,1273.83
6345,2025-12-08,1289.47
6345,2025-12-15,1311.96
6345,2025-12-22,1333.46
6345,2025-12-29,1338.35
6345,2026-01-05,1357.9
6345,2026-01-12,1396.03
6345,2026-01-19,1365.72
6345,2026-01-26,1332.49
6345,2026-02-02,1326.62
6345,2026-02-09,1367.68
6345,2026-02-16,1372.57
6345,2026-02-23,1433.18
6345,2026-03-02,1365.72
6345,2026-03-09,1334.44
6345,2026-03-16,1311.96
6345,2026-03-23,1310.0
6345,2026-03-30,1333.0
6345,2026-04-06,1398.0
6345,2026-04-13,1381.0
6345,2026-04-20,1346.0
6345,2026-04-27,1386.0
6345,2026-05-04,1388.0
6345,2026-05-11,1406.0
6345,2026-05-18,1330.0
6345,2026-05-25,1398.0
6345,2026-06-01,1341.0
6345,2026-06-08,1350.0
6345,2026-06-15,1364.0
6345,2026-06-22,1359.0
6345,2026-06-29,1378.0
6345,2026-07-06,1403.0
6345,2026-07-13,1390.0
6345,2026-07-20,1423.0
6345,2026-07-27,1451.0
6345,2026-08-03,1414.0
6345,2026-08-10,1419.0
6345,2026-08-17,1435.0
6345,2026-08-24,1454.0
6345,2026-08-31,1473.0
6345,2026-09-07,1432.0
6345,2026-09-14,1461.0
6345,2026-09-21,1487.0
634A,2026-09-25,2111.0
6351,2025-09-29,2001.51
6351,2025-10-06,1952.88
6351,2025-10-13,1984.64
6351,2025-10-20,2001.51
6351,2025-10-27,1931.05
6351,2025-11-03,1948.91
6351,2025-11-10,2101.73
6351,2025-11-17,2174.17
6351,2025-11-24,2274.39
6351,2025-12-01,2114.63
6351,2025-12-08,2158.29
6351,2025-12-15,2103.72
6351,2025-12-22,2093.79
6351,2025-12-29,2122.57
6351,2026-01-05,2158.29
6351,2026-01-12,2378.59
6351,2026-01-19,2251.57
6351,2026-01-26,2165.24
6351,2026-02-02,2275.39
6351,2026-02-09,2211.88
6351,2026-02-16,2186.08
6351,2026-02-23,2209.89
6351,2026-03-02,2009.45
6351,2026-03-09,1944.94
6351,2026-03-16,2049.14
6351,2026-03-23,2067.0
6351,2026-03-30,2319.0
6351,2026-04-06,2393.0
6351,2026-04-13,2259.0
6351,2026-04-20,2167.0
6351,2026-04-27,2187.0
6351,2026-05-04,2159.0
6351,2026-05-11,2021.0
6351,2026-05-18,2060.0
6351,2026-05-25,2120.0
6351,2026-06-01,2102.0
6351,2026-06-08,2102.0
6351,2026-06-15,2281.0
6351,2026-06-22,2271.0
6351,2026-06-29,2430.0
6351,2026-07-06,2268.0
6351,2026-07-13,2217.0
6351,2026-07-20,2171.0
6351,2026-07-27,2227.0
6351,2026-08-03,2442.0
6351,2026-08-10,2413.0
6351,2026-08-17,2347.0
6351,2026-08-24,2441.0
6351,2026-08-31,2582.0
6351,2026-09-07,2552.0
6351,2026-09-14,2569.0
6351,2026-09-21,2648.0
6599,2025-09-29,2323.63
6599,2025-10-06,2356.16
6599,2025-10-13,2335.46
6599,2025-10-20,3376.5
6599,2025-10-27,2887.53
6599,2025-11-03,2674.59
6599,2025-11-10,2689.37
6599,2025-11-17,2594.73
6599,2025-11-24,2643.04
6599,2025-12-01,2552.34
6599,2025-12-08,2603.61
6599,2025-12-15,2584.87
6599,2025-12-22,2498.12
6599,2025-12-29,2687.4
6599,2026-01-05,2848.09
6599,2026-01-12,2911.19
6599,2026-01-19,2884.57
6599,2026-01-26,2770.21
6599,2026-02-02,2864.85
6599,2026-02-09,2671.63
6599,2026-02-16,2972.31
6599,2026-02-23,3105.4
6599,2026-03-02,3001.88
6599,2026-03-09,2847.11
6599,2026-03-16,2934.85
6599,2026-03-23,3342.0
6599,2026-03-30,3615.0
6599,2026-04-06,3755.0
6599,2026-04-13,3755.0
6599,2026-04-20,3520.0
6599,2026-04-27,3405.0
6599,2026-05-04,3520.0
6599,2026-05-11,3270.0
6599,2026-05-18,3395.0
6599,2026-05-25,3515.0
6599,2026-06-01,3315.0
6599,2026-06-08,2973.0
6599,2026-06-15,3230.0
6599,2026-06-22,3215.0
6599,2026-06-29,3075.0
6599,2026-07-06,3040.0
6599,2026-07-13,2906.0
6599,2026-07-20,2940.0
6599,2026-07-27,2986.0
6599,2026-08-03,3140.0
6599,2026-08-10,3430.0
6599,2026-08-17,3185.0
6599,2026-08-24,3360.0
6599,2026-08-31,3765.0
6599,2026-09-07,3765.0
6599,2026-09-14,4070.0
6599,2026-09-21,4420.0
6647,2025-09-29,1951.08
6647,2025-10-06,1935.44
6647,2025-10-13,1957.92
6647,2025-10-20,2084.99
6647,2025-10-27,2363.58
6647,2025-11-03,2176.88
6647,2025-11-10,2107.48
6647,2025-11-17,2072.29
6647,2025-11-24,2167.1
6647,2025-12-01,2181.76
6647,2025-12-08,2247.26
6647,2025-12-15,2188.61
6647,2025-12-22,2237.48
6647,2025-12-29,2248.23
6647,2026-01-05,2207.18
6647,2026-01-12,2190.56
6647,2026-01-19,2385.08
6647,2026-01-26,2345.01
6647,2026-02-02,2472.08
6647,2026-02-09,2570.81
6647,2026-02-16,2677.35
6647,2026-02-23,2680.29
6647,2026-03-02,2619.68
6647,2026-03-09,2637.28
6647,2026-03-16,2629.46
6647,2026-03-23,2823.0
6647,2026-03-30,2710.0
6647,2026-04-06,2777.0
6647,2026-04-13,2990.0
6647,2026-04-20,2940.0
6647,2026-04-27,2900.0
6647,2026-05-04,2921.0
6647,2026-05-11,2530.0
6647,2026-05-18,2459.0
6647,2026-05-25,2583.0
6647,2026-06-01,2580.0
6647,2026-06-08,2570.0
6647,2026-06-15,2575.0
6647,2026-06-22,2732.0
6647,2026-06-29,2726.0
6647,2026-07-06,2738.0
6647,2026-07-13,2777.0
6647,2026-07-20,2750.0
6647,2026-07-27,2900.0
6647,2026-08-03,2950.0
6647,2026-08-10,3250.0
6647,2026-08-17,3270.0
6647,2026-08-24,3380.0
6647,2026-08-31,3370.0
6647,2026-09-07,3540.0
6647,2026-09-14,3710.0
6647,2026-09-21,3850.0
6676,2025-09-29,1748.52
6676,2025-10-06,1743.58
6676,2025-10-13,1731.24
6676,2025-10-20,1790.51
6676,2025-10-27,1713.95
6676,2025-11-03,1758.4
6676,2025-11-10,2422.74
6676,2025-11-17,2395.58
6676,2025-11-24,2489.42
6676,2025-12-01,2375.82
6676,2025-12-08,2338.77
6676,2025-12-15,2395.58
6676,2025-12-22,2422.74
6676,2025-12-29,2398.05
6676,2026-01-05,2479.54
6676,2026-01-12,2410.39
6676,2026-01-19,2331.36
6676,2026-01-26,2217.76
6676,2026-02-02,2291.85
6676,2026-02-09,2677.12
6676,2026-02-16,2479.54
6676,2026-02-23,2607.97
6676,2026-03-02,2430.15
6676,2026-03-09,2422.74
6676,2026-03-16,2437.56
6676,2026-03-23,2442.5
6676,2026-03-30,2421.0
6676,2026-04-06,2470.0
6676,2026-04-13,2536.0
6676,2026-04-20,2466.0
6676,2026-04-27,2417.0
6676,2026-05-04,2525.0
6676,2026-05-11,2541.0
6676,2026-05-18,2354.0
6676,2026-05-25,2324.0
6676,2026-06-01,2352.0
6676,2026-06-08,2541.0
6676,2026-06-15,2767.0
6676,2026-06-22,2422.0
6676,2026-06-29,2540.0
6676,2026-07-06,2643.0
6676,2026-07-13,2584.0
6676,2026-07-20,2712.0
6676,2026-07-27,2741.0
6676,2026-08-03,2894.0
6676,2026-08-10,2882.0
6676,2026-08-17,2942.0
6676,2026-08-24,3085.0
6676,2026-08-31,3070.0
6676,2026-09-07,3030.0
6676,2026-09-14,3475.0
6676,2026-09-21,3535.0
6742,2025-09-29,494.71
6742,2025-10-06,492.77
6742,2025-10-13,491.8
6742,2025-10-20,517.99
6742,2025-10-27,513.14
6742,2025-11-03,514.11
6742,2025-11-10,540.3
6742,2025-11-17,526.72
6742,2025-11-24,535.45
6742,2025-12-01,566.49
6742,2025-12-08,586.86
6742,2025-12-15,598.5
6742,2025-12-22,583.95
6742,2025-12-29,591.71
6742,2026-01-05,600.44
6742,2026-01-12,602.38
6742,2026-01-19,632.45
6742,2026-01-26,652.82
6742,2026-02-02,704.23
6742,2026-02-09,699.38
6742,2026-02-16,759.52
6742,2026-02-23,753.7
6742,2026-03-02,693.56
6742,2026-03-09,662.52
6742,2026-03-16,639.24
6742,2026-03-23,647.0
6742,2026-03-30,640.0
6742,2026-04-06,661.0
6742,2026-04-13,701.0
6742,2026-04-20,699.0
6742,2026-04-27,716.0
6742,2026-05-04,749.0
6742,2026-05-11,766.0
6742,2026-05-18,745.0
6742,2026-05-25,754.0
6742,2026-06-01,951.0
6742,2026-06-08,946.0
6742,2026-06-15,1011.0
6742,2026-06-22,976.0
6742,2026-06-29,920.0
6742,2026-07-06,897.0
6742,2026-07-13,864.0
6742,2026-07-20,910.0
6742,2026-07-27,872.0
6742,2026-08-03,924.0
6742,2026-08-10,1056.0
6742,2026-08-17,1032.0
6742,2026-08-24,1036.0
6742,2026-08-31,994.0
6742,2026-09-07,1020.0
6742,2026-09-14,1106.0
6742,2026-09-21,1120.0
6862,2025-09-29,843.48
6862,2025-10-06,813.71
6862,2025-10-13,797.84
6862,2025-10-20,826.61
6862,2025-10-27,850.43
6862,2025-11-03,853.41
6862,2025-11-10,1053.86
6862,2025-11-17,1034.01
6862,2025-11-24,1170.95
6862,2025-12-01,1234.46
6862,2025-12-08,1316.83
6862,2025-12-15,1314.84
6862,2025-12-22,1455.75
6862,2025-12-29,1443.85
6862,2026-01-05,1540.1
6862,2026-01-12,1666.13
6862,2026-01-19,1814.98
6862,2026-01-26,1637.35
6862,2026-02-02,1441.86
6862,2026-02-09,2304.2
6862,2026-02-16,2418.32
6862,2026-02-23,2641.59
6862,2026-03-02,2639.61
6862,2026-03-09,2352.82
6862,2026-03-16,2238.71
6862,2026-03-23,2330.0
6862,2026-03-30,2039.0
6862,2026-04-06,2198.0
6862,2026-04-13,2372.0
6862,2026-04-20,2482.0
6862,2026-04-27,3060.0
6862,2026-05-04,3885.0
6862,2026-05-11,2729.0
6862,2026-05-18,2548.0
6862,2026-05-25,2204.0
6862,2026-06-01,2269.0
6862,2026-06-08,1920.0
6862,2026-06-15,2540.0
6862,2026-06-22,2179.0
6862,2026-06-29,2139.0
6862,2026-07-06,2044.0
6862,2026-07-13,1765.0
6862,2026-07-20,1846.0
6862,2026-07-27,2022.0
6862,2026-08-03,2252.0
6862,2026-08-10,3800.0
6862,2026-08-17,3370.0
6862,2026-08-24,3300.0
6862,2026-08-31,4110.0
6862,2026-09-07,4310.0
6862,2026-09-14,5180.0
6862,2026-09-21,5690.0
6904,2025-09-29,454.78
6904,2025-10-06,455.77
6904,2025-10-13,455.77
6904,2025-10-20,463.64
6904,2025-10-27,459.7
6904,2025-11-03,468.56
6904,2025-11-10,460.69
6904,2025-11-17,457.73
6904,2025-11-24,455.77
6904,2025-12-01,454.78
6904,2025-12-08,449.86
6904,2025-12-15,448.88
6904,2025-12-22,451.83
6904,2025-12-29,454.78
6904,2026-01-05,469.55
6904,2026-01-12,480.38
6904,2026-01-19,484.31
6904,2026-01-26,479.39
6904,2026-02-02,477.42
6904,2026-02-09,471.52
6904,2026-02-16,486.28
6904,2026-02-23,491.2
6904,2026-03-02,474.47
6904,2026-03-09,478.41
6904,2026-03-16,487.27
6904,2026-03-23,472.5
6904,2026-03-30,467.0
6904,2026-04-06,464.0
6904,2026-04-13,461.0
6904,2026-04-20,464.0
6904,2026-04-27,463.0
6904,2026-05-04,463.0
6904,2026-05-11,454.0
6904,2026-05-18,452.0
6904,2026-05-25,449.0
6904,2026-06-01,441.0
6904,2026-06-08,445.0
6904,2026-06-15,443.0
6904,2026-06-22,442.0
6904,2026-06-29,446.0
6904,2026-07-06,449.0
6904,2026-07-13,449.0
6904,2026-07-20,448.0
6904,2026-07-27,450.0
6904,2026-08-03,449.0
6904,2026-08-10,540.0
6904,2026-08-17,572.0
6904,2026-08-24,560.0
6904,2026-08-31,631.0
6904,2026-09-07,612.0
6904,2026-09-14,680.0
6904,2026-09-21,885.0
6912,2025-09-29,1535.87
6912,2025-10-06,1558.12
6912,2025-10-13,1593.9
6912,2025-10-20,1615.18
6912,2025-10-27,1596.8
6912,2025-11-03,1549.41
6912,2025-11-10,1720.6
6912,2025-11-17,1695.46
6912,2025-11-24,1781.53
6912,2025-12-01,1702.23
6912,2025-12-08,1815.39
6912,2025-12-15,1790.24
6912,2025-12-22,1836.66
6912,2025-12-29,1802.81
6912,2026-01-05,1806.68
6912,2026-01-12,1826.99
6912,2026-01-19,1826.99
6912,2026-01-26,1836.66
6912,2026-02-02,2014.62
6912,2026-02-09,2009.79
6912,2026-02-16,2019.46
6912,2026-02-23,2251.58
6912,2026-03-02,2167.44
6912,2026-03-09,2200.32
6912,2026-03-16,2087.16
6912,2026-03-23,2033.0
6912,2026-03-30,2032.0
6912,2026-04-06,2102.0
6912,2026-04-13,2250.0
6912,2026-04-20,2262.0
6912,2026-04-27,2410.0
6912,2026-05-04,2530.0
6912,2026-05-11,2500.0
6912,2026-05-18,2094.0
6912,2026-05-25,2097.0
6912,2026-06-01,2119.0
6912,2026-06-08,1952.0
6912,2026-06-15,2076.0
6912,2026-06-22,2062.0
6912,2026-06-29,1996.0
6912,2026-07-06,2000.0
6912,2026-07-13,1926.0
6912,2026-07-20,1909.0
6912,2026-07-27,2264.0
6912,2026-08-03,2298.0
6912,2026-08-10,2409.0
6912,2026-08-17,2412.0
6912,2026-08-24,2416.0
6912,2026-08-31,2546.0
6912,2026-09-07,2428.0
6912,2026-09-14,2636.0
6912,2026-09-21,2718.0
6918,2025-09-29,2448.56
6918,2025-10-06,2348.58
6918,2025-10-13,2295.65
6918,2025-10-20,2332.9
6918,2025-10-27,2249.58
6918,2025-11-03,2188.81
6918,2025-11-10,2537.76
6918,2025-11-17,2550.5
6918,2025-11-24,2646.56
6918,2025-12-01,2802.42
6918,2025-12-08,2731.84
6918,2025-12-15,2539.72
6918,2025-12-22,2580.89
6918,2025-12-29,2810.26
6918,2026-01-05,2751.45
6918,2026-01-12,2979.83
6918,2026-01-19,2872.01
6918,2026-01-26,2904.36
6918,2026-02-02,2930.82
6918,2026-02-09,2914.16
6918,2026-02-16,2933.76
6918,2026-02-23,2965.13
6918,2026-03-02,2674.99
6918,2026-03-09,2645.58
6918,2026-03-16,2676.95
6918,2026-03-23,2724.0
6918,2026-03-30,2597.0
6918,2026-04-06,2764.0
6918,2026-04-13,2801.0
6918,2026-04-20,3030.0
6918,2026-04-27,3105.0
6918,2026-05-04,3325.0
6918,2026-05-11,3520.0
6918,2026-05-18,3400.0
6918,2026-05-25,3525.0
6918,2026-06-01,3255.0
6918,2026-06-08,3055.0
6918,2026-06-15,3365.0
6918,2026-06-22,3270.0
6918,2026-06-29,3375.0
6918,2026-07-06,3280.0
6918,2026-07-13,3025.0
6918,2026-07-20,3175.0
6918,2026-07-27,3120.0
6918,2026-08-03,3225.0
6918,2026-08-10,3930.0
6918,2026-08-17,3550.0
6918,2026-08-24,3600.0
6918,2026-08-31,3575.0
6918,2026-09-07,3525.0
6918,2026-09-14,3755.0
6918,2026-09-21,4060.0
6943,2025-09-29,4495.62
6943,2025-10-06,4564.48
6943,2025-10-13,4426.75
6943,2025-10-20,4525.13
6943,2025-10-27,4534.96
6943,2025-11-03,4431.67
6943,2025-11-10,4426.75
6943,2025-11-17,4461.19
6943,2025-11-24,4554.64
6943,2025-12-01,4515.29
6943,2025-12-08,4426.75
6943,2025-12-15,4387.41
6943,2025-12-22,4382.49
6943,2025-12-29,4525.13
6943,2026-01-05,4539.88
6943,2026-01-12,4712.03
6943,2026-01-19,4608.74
6943,2026-01-26,4608.74
6943,2026-02-02,4662.85
6943,2026-02-09,5016.99
6943,2026-02-16,5016.99
6943,2026-02-23,5115.36
6943,2026-03-02,4820.24
6943,2026-03-09,4844.84
6943,2026-03-16,4830.08
6943,2026-03-23,4835.0
6943,2026-03-30,4870.0
6943,2026-04-06,4910.0
6943,2026-04-13,4980.0
6943,2026-04-20,4870.0
6943,2026-04-27,4860.0
6943,2026-05-04,4940.0
6943,2026-05-11,4890.0
6943,2026-05-18,4870.0
6943,2026-05-25,5010.0
6943,2026-06-01,4865.0
6943,2026-06-08,4865.0
6943,2026-06-15,4930.0
6943,2026-06-22,4945.0
6943,2026-06-29,4980.0
6943,2026-07-06,4990.0
6943,2026-07-13,4990.0
6943,2026-07-20,4995.0
6943,2026-07-27,4980.0
6943,2026-08-03,5540.0
6943,2026-08-10,5450.0
6943,2026-08-17,5480.0
6943,2026-08-24,5570.0
6943,2026-08-31,5490.0
6943,2026-09-07,5550.0
6943,2026-09-14,5620.0
6943,2026-09-21,6100.0
6998,2025-09-29,1347.89
6998,2025-10-06,1322.2
6998,2025-10-13,1381.49
6998,2025-10-20,1472.4
6998,2025-10-27,1474.38
6998,2025-11-03,1428.92
6998,2025-11-10,1335.05
6998,2025-11-17,1338.01
6998,2025-11-24,1359.75
6998,2025-12-01,1407.18
6998,2025-12-08,1393.35
6998,2025-12-15,1400.27
6998,2025-12-22,1467.46
6998,2025-12-29,1490.19
6998,2026-01-05,1595.93
6998,2026-01-12,1714.51
6998,2026-01-19,1925.98
6998,2026-01-26,2198.72
6998,2026-02-02,1887.44
6998,2026-02-09,1923.02
6998,2026-02-16,2034.68
6998,2026-02-23,2158.21
6998,2026-03-02,2253.08
6998,2026-03-09,2233.31
6998,2026-03-16,2267.9
6998,2026-03-23,2092.0
6998,2026-03-30,2074.0
6998,2026-04-06,2128.0
6998,2026-04-13,2074.0
6998,2026-04-20,1957.0
6998,2026-04-27,1931.0
6998,2026-05-04,2049.0
6998,2026-05-11,1998.0
6998,2026-05-18,1892.0
6998,2026-05-25,2150.0
6998,2026-06-01,2199.0
6998,2026-06-08,1898.0
6998,2026-06-15,2353.0
6998,2026-06-22,2045.0
6998,2026-06-29,2089.0
6998,2026-07-06,2011.0
6998,2026-07-13,1897.0
6998,2026-07-20,1900.0
6998,2026-07-27,1904.0
6998,2026-08-03,3120.0
6998,2026-08-10,3270.0
6998,2026-08-17,3180.0
6998,2026-08-24,3110.0
6998,2026-08-31,3485.0
6998,2026-09-07,3500.0
6998,2026-09-14,4025.0
6998,2026-09-21,4260.0
7091,2025-09-29,943.02
7091,2025-10-06,967.92
7091,2025-10-13,975.89
7091,2025-10-20,993.81
7091,2025-10-27,975.89
7091,2025-11-03,980.86
7091,2025-11-10,987.84
7091,2025-11-17,1006.76
7091,2025-11-24,1029.66
7091,2025-12-01,1063.52
7091,2025-12-08,1040.61
7091,2025-12-15,1034.64
7091,2025-12-22,1035.63
7091,2025-12-29,1053.56
7091,2026-01-05,1121.27
7091,2026-01-12,1125.26
7091,2026-01-19,1151.15
7091,2026-01-26,1197.95
7091,2026-02-02,1222.84
7091,2026-02-09,1301.51
7091,2026-02-16,1162.1
7091,2026-02-23,1227.82
7091,2026-03-02,1182.02
7091,2026-03-09,1216.87
7091,2026-03-16,1212.89
7091,2026-03-23,1186.0
7091,2026-03-30,1287.0
7091,2026-04-06,1308.0
7091,2026-04-13,1287.0
7091,2026-04-20,1284.0
7091,2026-04-27,1264.0
7091,2026-05-04,1259.0
7091,2026-05-11,1319.0
7091,2026-05-18,1180.0
7091,2026-05-25,1189.0
7091,2026-06-01,1179.0
7091,2026-06-08,1170.0
7091,2026-06-15,1203.0
7091,2026-06-22,1199.0
7091,2026-06-29,1214.0
7091,2026-07-06,1238.0
7091,2026-07-13,1212.0
7091,2026-07-20,1186.0
7091,2026-07-27,1197.0
7091,2026-08-03,1200.0
7091,2026-08-10,1191.0
7091,2026-08-17,1269.0
7091,2026-08-24,1295.0
7091,2026-08-31,1257.0
7091,2026-09-07,1248.0
7091,2026-09-14,1300.0
7091,2026-09-21,1325.0
7161,2025-09-29,423.64
7161,2025-10-06,400.88
7161,2025-10-13,391.97
7161,2025-10-20,398.9
7161,2025-10-27,396.92
7161,2025-11-03,398.9
7161,2025-11-10,388.01
7161,2025-11-17,366.23
7161,2025-11-24,388.01
7161,2025-12-01,389.0
7161,2025-12-08,380.09
7161,2025-12-15,386.03
7161,2025-12-22,401.87
7161,2025-12-29,400.88
7161,2026-01-05,429.58
7161,2026-01-12,465.21
7161,2026-01-19,474.12
7161,2026-01-26,452.35
7161,2026-02-02,526.58
7161,2026-02-09,584.98
7161,2026-02-16,600.82
7161,2026-02-23,590.92
7161,2026-03-02,519.65
7161,2026-03-09,495.9
7161,2026-03-16,484.02
7161,2026-03-23,486.0
7161,2026-03-30,484.0
7161,2026-04-06,499.0
7161,2026-04-13,493.0
7161,2026-04-20,457.0
7161,2026-04-27,467.0
7161,2026-05-04,476.0
7161,2026-05-11,506.0
7161,2026-05-18,548.0
7161,2026-05-25,527.0
7161,2026-06-01,511.0
7161,2026-06-08,500.0
7161,2026-06-15,497.0
7161,2026-06-22,494.0
7161,2026-06-29,508.0
7161,2026-07-06,497.0
7161,2026-07-13,491.0
7161,2026-07-20,531.0
7161,2026-07-27,504.0
7161,2026-08-03,520.0
7161,2026-08-10,564.0
7161,2026-08-17,558.0
7161,2026-08-24,588.0
7161,2026-08-31,622.0
7161,2026-09-07,604.0
7161,2026-09-14,640.0
7161,2026-09-21,663.0
7167,2025-09-29,915.26
7167,2025-10-06,907.26
7167,2025-10-13,875.37
7167,2025-10-20,900.25
7167,2025-10-27,949.72
7167,2025-11-03,936.49
7167,2025-11-10,966.8
7167,2025-11-17,946.86
7167,2025-11-24,1006.59
7167,2025-12-01,1020.41
7167,2025-12-08,1038.68
7167,2025-12-15,1054.97
7167,2025-12-22,1025.84
7167,2025-12-29,1024.86
7167,2026-01-05,1087.06
7167,2026-01-12,1151.23
7167,2026-01-19,1132.97
7167,2026-01-26,1148.77
7167,2026-02-02,1257.87
7167,2026-02-09,1298.35
7167,2026-02-16,1303.28
7167,2026-02-23,1325.99
7167,2026-03-02,1239.6
7167,2026-03-09,1166.04
7167,2026-03-16,1183.32
7167,2026-03-23,1247.5
7167,2026-03-30,1286.0
7167,2026-04-06,1353.5
7167,2026-04-13,1343.5
7167,2026-04-20,1222.0
7167,2026-04-27,1296.0
7167,2026-05-04,1313.5
7167,2026-05-11,1377.5
7167,2026-05-18,1396.5
7167,2026-05-25,1329.5
7167,2026-06-01,1357.5
7167,2026-06-08,1402.0
7167,2026-06-15,1411.0
7167,2026-06-22,1407.5
7167,2026-06-29,1509.0
7167,2026-07-06,1539.5
7167,2026-07-13,1427.0
7167,2026-07-20,1541.0
7167,2026-07-27,1497.0
7167,2026-08-03,1580.0
7167,2026-08-10,1658.5
7167,2026-08-17,1648.5
7167,2026-08-24,1700.5
7167,2026-08-31,1707.0
7167,2026-09-07,1670.0
7167,2026-09-14,1682.0
7167,2026-09-21,1729.5
7180,2025-09-29,859.44
7180,2025-10-06,839.22
7180,2025-10-13,820.08
7180,2025-10-20,850.27
7180,2025-10-27,871.87
7180,2025-11-03,876.41
7180,2025-11-10,884.9
7180,2025-11-17,900.19
7180,2025-11-24,949.62
7180,2025-12-01,952.08
7180,2025-12-08,989.58
7180,2025-12-15,987.6
7180,2025-12-22,992.04
7180,2025-12-29,1004.38
7180,2026-01-05,1071.47
7180,2026-01-12,1149.9
7180,2026-01-19,1152.86
7180,2026-01-26,1140.04
7180,2026-02-02,1280.63
7180,2026-02-09,1316.15
7180,2026-02-16,1300.36
7180,2026-02-23,1320.09
7180,2026-03-02,1215.02
7180,2026-03-09,1157.3
7180,2026-03-16,1144.48
7180,2026-03-23,1179.5
7180,2026-03-30,1228.5
7180,2026-04-06,1295.0
7180,2026-04-13,1315.0
7180,2026-04-20,1243.0
7180,2026-04-27,1265.0
7180,2026-05-04,1259.0
7180,2026-05-11,1417.5
7180,2026-05-18,1453.5
7180,2026-05-25,1382.0
7180,2026-06-01,1416.5
7180,2026-06-08,1445.0
7180,2026-06-15,1439.5
7180,2026-06-22,1436.5
7180,2026-06-29,1512.5
7180,2026-07-06,1517.5
7180,2026-07-13,1483.0
7180,2026-07-20,1604.5
7180,2026-07-27,1484.5
7180,2026-08-03,1489.5
7180,2026-08-10,1547.5
7180,2026-08-17,1507.0
7180,2026-08-24,1565.5
7180,2026-08-31,1610.0
7180,2026-09-07,1615.5
7180,2026-09-14,1678.0
7180,2026-09-21,1745.0
7184,2025-09-29,1477.78
7184,2025-10-06,1437.68
7184,2025-10-13,1389.76
7184,2025-10-20,1446.48
7184,2025-10-27,1424.97
7184,2025-11-03,1386.82
7184,2025-11-10,1537.44
7184,2025-11-17,1560.91
7184,2025-11-24,1670.45
7184,2025-12-01,1686.09
7184,2025-12-08,1737.93
7184,2025-12-15,1742.82
7184,2025-12-22,1748.69
7184,2025-12-29,1775.09
7184,2026-01-05,1898.32
7184,2026-01-12,2100.77
7184,2026-01-19,2369.73
7184,2026-01-26,2174.12
7184,2026-02-02,2679.76
7184,2026-02-09,2656.28
7184,2026-02-16,2534.03
7184,2026-02-23,2664.11
7184,2026-03-02,2349.19
7184,2026-03-09,2401.02
7184,2026-03-16,2452.86
7184,2026-03-23,2491.0
7184,2026-03-30,2447.0
7184,2026-04-06,2602.0
7184,2026-04-13,2755.0
7184,2026-04-20,2486.0
7184,2026-04-27,2566.0
7184,2026-05-04,2570.0
7184,2026-05-11,2695.0
7184,2026-05-18,2700.0
7184,2026-05-25,2498.0
7184,2026-06-01,2490.0
7184,2026-06-08,2497.0
7184,2026-06-15,2400.0
7184,2026-06-22,2436.0
7184,2026-06-29,2671.0
7184,2026-07-06,2677.0
7184,2026-07-13,2685.0
7184,2026-07-20,3065.0
7184,2026-07-27,2911.0
7184,2026-08-03,3055.0
7184,2026-08-10,3310.0
7184,2026-08-17,3175.0
7184,2026-08-24,3415.0
7184,2026-08-31,3405.0
7184,2026-09-07,3465.0
7184,2026-09-14,3535.0
7184,2026-09-21,3665.0
7189,2025-09-29,2374.7
7189,2025-10-06,2363.91
7189,2025-10-13,2317.79
7189,2025-10-20,2494.42
7189,2025-10-27,2588.62
7189,2025-11-03,2626.89
7189,2025-11-10,2840.32
7189,2025-11-17,2818.24
7189,2025-11-24,2909.5
7189,2025-12-01,2963.47
7189,2025-12-08,2953.66
7189,2025-12-15,3106.74
7189,2025-12-22,3085.15
7189,2025-12-29,3150.9
7189,2026-01-05,3345.19
7189,2026-01-12,3640.56
7189,2026-01-19,3637.61
7189,2026-01-26,3660.18
7189,2026-02-02,4081.15
7189,2026-02-09,4227.36
7189,2026-02-16,4336.29
7189,2026-02-23,4370.63
7189,2026-03-02,4043.86
7189,2026-03-09,3844.66
7189,2026-03-16,3795.6
7189,2026-03-23,3827.0
7189,2026-03-30,4008.0
7189,2026-04-06,4217.0
7189,2026-04-13,4185.0
7189,2026-04-20,3812.0
7189,2026-04-27,3908.0
7189,2026-05-04,3946.0
7189,2026-05-11,4050.0
7189,2026-05-18,4097.0
7189,2026-05-25,3953.0
7189,2026-06-01,4008.0
7189,2026-06-08,4169.0
7189,2026-06-15,4072.0
7189,2026-06-22,4204.0
7189,2026-06-29,4282.0
7189,2026-07-06,4340.0
7189,2026-07-13,4106.0
7189,2026-07-20,4441.0
7189,2026-07-27,4268.0
7189,2026-08-03,4532.0
7189,2026-08-10,4771.0
7189,2026-08-17,4663.0
7189,2026-08-24,4839.0
7189,2026-08-31,4929.0
7189,2026-09-07,4866.0
7189,2026-09-14,4964.0
7189,2026-09-21,5146.0
7256,2025-09-29,83.0
7256,2025-10-06,98.0
7256,2025-10-13,94.0
7256,2025-10-20,109.0
7256,2025-10-27,135.0
7256,2025-11-03,123.0
7256,2025-11-10,106.0
7256,2025-11-17,105.0
7256,2025-11-24,118.0
7256,2025-12-01,119.0
7256,2025-12-08,139.0
7256,2025-12-15,134.0
7256,2025-12-22,132.0
7256,2025-12-29,132.0
7256,2026-01-05,151.0
7256,2026-01-12,162.0
7256,2026-01-19,152.0
7256,2026-01-26,158.0
7256,2026-02-02,162.0
7256,2026-02-09,163.0
7256,2026-02-16,355.0
7256,2026-02-23,314.0
7256,2026-03-02,276.0
7256,2026-03-09,287.0
7256,2026-03-16,280.0
7256,2026-03-23,273.0
7256,2026-03-30,267.0
7256,2026-04-06,269.0
7256,2026-04-13,274.0
7256,2026-04-20,455.0
7256,2026-04-27,345.0
7256,2026-05-04,434.0
7256,2026-05-11,443.0
7256,2026-05-18,405.0
7256,2026-05-25,373.0
7256,2026-06-01,362.0
7256,2026-06-08,355.0
7256,2026-06-15,487.0
7256,2026-06-22,407.0
7256,2026-06-29,444.0
7256,2026-07-06,432.0
7256,2026-07-13,418.0
7256,2026-07-20,411.0
7256,2026-07-27,411.0
7256,2026-08-03,430.0
7256,2026-08-10,451.0
7256,2026-08-17,432.0
7256,2026-08-24,416.0
7256,2026-08-31,429.0
7256,2026-09-07,429.0
7256,2026-09-14,469.0
7256,2026-09-21,565.0
7327,2025-09-29,1399.54
7327,2025-10-06,1400.52
7327,2025-10-13,1417.22
7327,2025-10-20,1432.93
7327,2025-10-27,1461.42
7327,2025-11-03,1457.49
7327,2025-11-10,1472.22
7327,2025-11-17,1502.67
7327,2025-11-24,1590.07
7327,2025-12-01,1622.49
7327,2025-12-08,1602.84
7327,2025-12-15,1619.54
7327,2025-12-22,1594.0
7327,2025-12-29,1598.91
7327,2026-01-05,1712.84
7327,2026-01-12,1780.61
7327,2026-01-19,1819.89
7327,2026-01-26,1804.18
7327,2026-02-02,1868.02
7327,2026-02-09,1997.66
7327,2026-02-16,1962.3
7327,2026-02-23,2004.54
7327,2026-03-02,2011.41
7327,2026-03-09,1936.77
7327,2026-03-16,1931.86
7327,2026-03-23,1979.0
7327,2026-03-30,1937.0
7327,2026-04-06,2015.0
7327,2026-04-13,1996.0
7327,2026-04-20,1841.0
7327,2026-04-27,1944.0
7327,2026-05-04,1977.0
7327,2026-05-11,2030.0
7327,2026-05-18,2115.0
7327,2026-05-25,2020.0
7327,2026-06-01,2046.0
7327,2026-06-08,2104.0
7327,2026-06-15,2076.0
7327,2026-06-22,2131.0
7327,2026-06-29,2211.0
7327,2026-07-06,2246.0
7327,2026-07-13,2202.0
7327,2026-07-20,2365.0
7327,2026-07-27,2308.0
7327,2026-08-03,2372.0
7327,2026-08-10,2500.0
7327,2026-08-17,2465.0
7327,2026-08-24,2586.0
7327,2026-08-31,2646.0
7327,2026-09-07,2631.0
7327,2026-09-14,2664.0
7327,2026-09-21,2855.0
7337,2025-09-29,1381.09
7337,2025-10-06,1360.94
7337,2025-10-13,1337.84
7337,2025-10-20,1369.78
7337,2025-10-27,1415.49
7337,2025-11-03,1431.22
7337,2025-11-10,1452.85
7337,2025-11-17,1463.17
7337,2025-11-24,1522.15
7337,2025-12-01,1519.69
7337,2025-12-08,1546.72
7337,2025-12-15,1580.63
7337,2025-12-22,1541.31
7337,2025-12-29,1554.58
7337,2026-01-05,1631.26
7337,2026-01-12,1704.0
7337,2026-01-19,1697.61
7337,2026-01-26,1717.27
7337,2026-02-02,1861.27
7337,2026-02-09,1906.49
7337,2026-02-16,1891.75
7337,2026-02-23,1903.54
7337,2026-03-02,1818.52
7337,2026-03-09,1799.84
7337,2026-03-16,1750.69
7337,2026-03-23,1790.5
7337,2026-03-30,1810.0
7337,2026-04-06,1928.5
7337,2026-04-13,1923.5
7337,2026-04-20,1791.5
7337,2026-04-27,1842.5
7337,2026-05-04,1857.5
7337,2026-05-11,2053.5
7337,2026-05-18,2082.0
7337,2026-05-25,2017.5
7337,2026-06-01,2022.5
7337,2026-06-08,2081.5
7337,2026-06-15,2080.5
7337,2026-06-22,2100.5
7337,2026-06-29,2198.5
7337,2026-07-06,2199.0
7337,2026-07-13,2131.0
7337,2026-07-20,2304.0
7337,2026-07-27,2204.5
7337,2026-08-03,2268.0
7337,2026-08-10,2364.5
7337,2026-08-17,2300.5
7337,2026-08-24,2378.0
7337,2026-08-31,2396.0
7337,2026-09-07,2361.0
7337,2026-09-14,2400.5
7337,2026-09-21,2470.0
7350,2025-09-29,3682.92
7350,2025-10-06,3619.08
7350,2025-10-13,3569.97
7350,2025-10-20,3732.02
7350,2025-10-27,3776.22
7350,2025-11-03,3835.14
7350,2025-11-10,4247.63
7350,2025-11-17,4242.72
7350,2025-11-24,4561.91
7350,2025-12-01,4517.71
7350,2025-12-08,4522.62
7350,2025-12-15,4620.83
7350,2025-12-22,4620.83
7350,2025-12-29,4679.76
7350,2026-01-05,4876.18
7350,2026-01-12,5126.62
7350,2026-01-19,5303.4
7350,2026-01-26,5156.08
7350,2026-02-02,5598.03
7350,2026-02-09,5735.53
7350,2026-02-16,5794.45
7350,2026-02-23,5902.49
7350,2026-03-02,5460.54
7350,2026-03-09,5313.22
7350,2026-03-16,5352.5
7350,2026-03-23,5490.0
7350,2026-03-30,5380.0
7350,2026-04-06,5720.0
7350,2026-04-13,5910.0
7350,2026-04-20,5500.0
7350,2026-04-27,5590.0
7350,2026-05-04,5700.0
7350,2026-05-11,5910.0
7350,2026-05-18,6150.0
7350,2026-05-25,6170.0
7350,2026-06-01,6190.0
7350,2026-06-08,6470.0
7350,2026-06-15,6250.0
7350,2026-06-22,6330.0
7350,2026-06-29,6630.0
7350,2026-07-06,6760.0
7350,2026-07-13,6830.0
7350,2026-07-20,7360.0
7350,2026-07-27,7350.0
7350,2026-08-03,7610.0
7350,2026-08-10,7940.0
7350,2026-08-17,7650.0
7350,2026-08-24,7940.0
7350,2026-08-31,7910.0
7350,2026-09-07,7750.0
7350,2026-09-14,7960.0
7350,2026-09-21,8280.0
7380,2025-09-29,1055.97
7380,2025-10-06,1055.97
7380,2025-10-13,1061.88
7380,2025-10-20,1091.43
7380,2025-10-27,1107.19
7380,2025-11-03,1132.8
7380,2025-11-10,1168.26
7380,2025-11-17,1205.69
7380,2025-11-24,1225.39
7380,2025-12-01,1258.88
7380,2025-12-08,1294.35
7380,2025-12-15,1319.96
7380,2025-12-22,1345.57
7380,2025-12-29,1418.46
7380,2026-01-05,1461.8
7380,2026-01-12,1591.83
7380,2026-01-19,1676.54
7380,2026-01-26,1615.47
7380,2026-02-02,1780.96
7380,2026-02-09,1802.63
7380,2026-02-16,1946.44
7380,2026-02-23,2029.19
7380,2026-03-02,1869.61
7380,2026-03-09,1784.9
7380,2026-03-16,1741.56
7380,2026-03-23,1844.0
7380,2026-03-30,1870.0
7380,2026-04-06,2055.0
7380,2026-04-13,2116.0
7380,2026-04-20,1999.0
7380,2026-04-27,2059.0
7380,2026-05-04,2060.0
7380,2026-05-11,2045.0
7380,2026-05-18,2151.0
7380,2026-05-25,2116.0
7380,2026-06-01,2095.0
7380,2026-06-08,2197.0
7380,2026-06-15,2179.0
7380,2026-06-22,2290.0
7380,2026-06-29,2461.0
7380,2026-07-06,2464.0
7380,2026-07-13,2312.0
7380,2026-07-20,2562.0
7380,2026-07-27,2366.0
7380,2026-08-03,2416.0
7380,2026-08-10,2582.0
7380,2026-08-17,2512.0
7380,2026-08-24,2617.0
7380,2026-08-31,2650.0
7380,2026-09-07,2633.0
7380,2026-09-14,2723.0
7380,2026-09-21,2849.0
7384,2025-09-29,1672.6
7384,2025-10-06,1651.76
7384,2025-10-13,1655.73
7384,2025-10-20,1682.52
7384,2025-10-27,1718.23
7384,2025-11-03,1710.3
7384,2025-11-10,1748.99
7384,2025-11-17,1666.65
7384,2025-11-24,1740.06
7384,2025-12-01,1723.19
7384,2025-12-08,1778.75
7384,2025-12-15,1809.5
7384,2025-12-22,2063.47
7384,2025-12-29,2161.68
7384,2026-01-05,2321.4
7384,2026-01-12,2395.8
7384,2026-01-19,2751.95
7384,2026-01-26,2654.73
7384,2026-02-02,2886.87
7384,2026-02-09,2793.62
7384,2026-02-16,2837.27
7384,2026-02-23,2957.3
7384,2026-03-02,3010.87
7384,2026-03-09,3035.68
7384,2026-03-16,3045.6
7384,2026-03-23,3120.0
7384,2026-03-30,3160.0
7384,2026-04-06,3250.0
7384,2026-04-13,3790.0
7384,2026-04-20,3435.0
7384,2026-04-27,3525.0
7384,2026-05-04,3580.0
7384,2026-05-11,3445.0
7384,2026-05-18,3820.0
7384,2026-05-25,3915.0
7384,2026-06-01,3960.0
7384,2026-06-08,3550.0
7384,2026-06-15,3445.0
7384,2026-06-22,3555.0
7384,2026-06-29,4055.0
7384,2026-07-06,4065.0
7384,2026-07-13,3860.0
7384,2026-07-20,4330.0
7384,2026-07-27,4000.0
7384,2026-08-03,4315.0
7384,2026-08-10,4625.0
7384,2026-08-17,4480.0
7384,2026-08-24,4650.0
7384,2026-08-31,4820.0
7384,2026-09-07,5110.0
7384,2026-09-14,5430.0
7384,2026-09-21,5630.0
7413,2025-09-29,2649.84
7413,2025-10-06,2565.48
7413,2025-10-13,2512.88
7413,2025-10-20,2608.16
7413,2025-10-27,2594.26
7413,2025-11-03,2481.12
7413,2025-11-10,2471.2
7413,2025-11-17,2506.93
7413,2025-11-24,2519.83
7413,2025-12-01,2605.18
7413,2025-12-08,2640.91
7413,2025-12-15,2564.49
7413,2025-12-22,2587.32
7413,2025-12-29,2686.56
7413,2026-01-05,2711.37
7413,2026-01-12,2791.76
7413,2026-01-19,2821.54
7413,2026-01-26,2610.14
7413,2026-02-02,2685.57
7413,2026-02-09,2868.18
7413,2026-02-16,2838.41
7413,2026-02-23,2835.43
7413,2026-03-02,2785.81
7413,2026-03-09,2779.85
7413,2026-03-16,2674.65
7413,2026-03-23,2629.0
7413,2026-03-30,2500.0
7413,2026-04-06,2613.0
7413,2026-04-13,2557.0
7413,2026-04-20,2562.0
7413,2026-04-27,2565.0
7413,2026-05-04,2564.0
7413,2026-05-11,2565.0
7413,2026-05-18,2560.0
7413,2026-05-25,2521.0
7413,2026-06-01,2495.0
7413,2026-06-08,2500.0
7413,2026-06-15,2550.0
7413,2026-06-22,2557.0
7413,2026-06-29,2680.0
7413,2026-07-06,2600.0
7413,2026-07-13,2625.0
7413,2026-07-20,2600.0
7413,2026-07-27,2670.0
7413,2026-08-03,2658.0
7413,2026-08-10,2658.0
7413,2026-08-17,2640.0
7413,2026-08-24,2615.0
7413,2026-08-31,2685.0
7413,2026-09-07,2730.0
7413,2026-09-14,2860.0
7413,2026-09-21,2950.0
7433,2025-09-29,3726.69
7433,2025-10-06,3663.19
7433,2025-10-13,3682.73
7433,2025-10-20,3731.57
7433,2025-10-27,3770.65
7433,2025-11-03,3726.69
7433,2025-11-10,3751.11
7433,2025-11-17,3756.0
7433,2025-11-24,3829.26
7433,2025-12-01,3785.3
7433,2025-12-08,3790.19
7433,2025-12-15,3775.53
7433,2025-12-22,3824.38
7433,2025-12-29,3824.38
7433,2026-01-05,3853.68
7433,2026-01-12,3907.41
7433,2026-01-19,3917.18
7433,2026-01-26,4053.94
7433,2026-02-02,4190.69
7433,2026-02-09,4234.65
7433,2026-02-16,4220.0
7433,2026-02-23,4332.34
7433,2026-03-02,4127.2
7433,2026-03-09,4093.01
7433,2026-03-16,4073.47
7433,2026-03-23,4220.0
7433,2026-03-30,4230.0
7433,2026-04-06,4280.0
7433,2026-04-13,4235.0
7433,2026-04-20,4145.0
7433,2026-04-27,4165.0
7433,2026-05-04,4205.0
7433,2026-05-11,4570.0
7433,2026-05-18,4535.0
7433,2026-05-25,4545.0
7433,2026-06-01,4575.0
7433,2026-06-08,4475.0
7433,2026-06-15,4530.0
7433,2026-06-22,4550.0
7433,2026-06-29,4635.0
7433,2026-07-06,4590.0
7433,2026-07-13,4400.0
7433,2026-07-20,4590.0
7433,2026-07-27,4940.0
7433,2026-08-03,5360.0
7433,2026-08-10,5280.0
7433,2026-08-17,5220.0
7433,2026-08-24,5270.0
7433,2026-08-31,5280.0
7433,2026-09-07,5410.0
7433,2026-09-14,5470.0
7433,2026-09-21,5700.0
7458,2025-09-29,1600.76
7458,2025-10-06,1585.13
7458,2025-10-13,1598.32
7458,2025-10-20,1597.83
7458,2025-10-27,1540.66
7458,2025-11-03,1548.97
7458,2025-11-10,1558.74
7458,2025-11-17,1611.51
7458,2025-11-24,1644.25
7458,2025-12-01,1570.47
7458,2025-12-08,1614.44
7458,2025-12-15,1639.85
7458,2025-12-22,1655.98
7458,2025-12-29,1646.69
7458,2026-01-05,1669.17
7458,2026-01-12,1655.49
7458,2026-01-19,1664.28
7458,2026-01-26,1633.5
7458,2026-02-02,1662.33
7458,2026-02-09,1656.47
7458,2026-02-16,1628.61
7458,2026-02-23,1697.02
7458,2026-03-02,1650.6
7458,2026-03-09,1619.82
7458,2026-03-16,1629.1
7458,2026-03-23,1676.5
7458,2026-03-30,1735.0
7458,2026-04-06,1729.0
7458,2026-04-13,1741.5
7458,2026-04-20,1638.0
7458,2026-04-27,1619.0
7458,2026-05-04,1612.5
7458,2026-05-11,1696.5
7458,2026-05-18,1736.0
7458,2026-05-25,1632.5
7458,2026-06-01,1642.0
7458,2026-06-08,1693.0
7458,2026-06-15,1650.5
7458,2026-06-22,1672.5
7458,2026-06-29,1728.5
7458,2026-07-06,1747.0
7458,2026-07-13,1792.5
7458,2026-07-20,1762.0
7458,2026-07-27,1810.5
7458,2026-08-03,1840.0
7458,2026-08-10,1825.0
7458,2026-08-17,1872.5
7458,2026-08-24,1893.0
7458,2026-08-31,1869.0
7458,2026-09-07,1828.5
7458,2026-09-14,1882.0
7458,2026-09-21,1910.5
7459,2025-09-29,2503.23
7459,2025-10-06,2496.31
7459,2025-10-13,2501.74
7459,2025-10-20,2539.8
7459,2025-10-27,2480.99
7459,2025-11-03,2554.63
7459,2025-11-10,2615.91
7459,2025-11-17,2639.63
7459,2025-11-24,2694.99
7459,2025-12-01,2620.85
7459,2025-12-08,2724.64
7459,2025-12-15,2771.59
7459,2025-12-22,2760.72
7459,2025-12-29,2737.98
7459,2026-01-05,2814.09
7459,2026-01-12,2832.38
7459,2026-01-19,2889.21
7459,2026-01-26,2766.65
7459,2026-02-02,2821.01
7459,2026-02-09,2900.09
7459,2026-02-16,2886.25
7459,2026-02-23,3031.55
7459,2026-03-02,2903.05
7459,2026-03-09,2762.69
7459,2026-03-16,2835.84
7459,2026-03-23,2907.5
7459,2026-03-30,3010.0
7459,2026-04-06,2893.0
7459,2026-04-13,2805.5
7459,2026-04-20,2778.5
7459,2026-04-27,2815.0
7459,2026-05-04,2772.5
7459,2026-05-11,2809.5
7459,2026-05-18,2797.5
7459,2026-05-25,2747.0
7459,2026-06-01,2672.5
7459,2026-06-08,2638.0
7459,2026-06-15,2591.5
7459,2026-06-22,2625.5
7459,2026-06-29,2645.5
7459,2026-07-06,2636.0
7459,2026-07-13,2848.5
7459,2026-07-20,2876.5
7459,2026-07-27,2883.0
7459,2026-08-03,2833.0
7459,2026-08-10,2827.5
7459,2026-08-17,2917.5
7459,2026-08-24,2883.5
7459,2026-08-31,2919.0
7459,2026-09-07,2886.0
7459,2026-09-14,2906.5
7459,2026-09-21,3161.0
7466,2025-09-29,1125.03
7466,2025-10-06,1125.03
7466,2025-10-13,1118.63
7466,2025-10-20,1150.63
7466,2025-10-27,1103.37
7466,2025-11-03,1121.09
7466,2025-11-10,1119.61
7466,2025-11-17,1145.22
7466,2025-11-24,1164.91
7466,2025-12-01,1140.79
7466,2025-12-08,1139.8
7466,2025-12-15,1142.26
7466,2025-12-22,1155.56
7466,2025-12-29,1167.37
7466,2026-01-05,1186.57
7466,2026-01-12,1195.93
7466,2026-01-19,1172.3
7466,2026-01-26,1142.26
7466,2026-02-02,1177.71
7466,2026-02-09,1285.54
7466,2026-02-16,1306.71
7466,2026-02-23,1345.11
7466,2026-03-02,1280.12
7466,2026-03-09,1286.03
7466,2026-03-16,1268.31
7466,2026-03-23,1288.0
7466,2026-03-30,1267.0
7466,2026-04-06,1321.0
7466,2026-04-13,1325.0
7466,2026-04-20,1270.0
7466,2026-04-27,1261.0
7466,2026-05-04,1246.0
7466,2026-05-11,1212.0
7466,2026-05-18,1238.0
7466,2026-05-25,1249.0
7466,2026-06-01,1238.0
7466,2026-06-08,1214.0
7466,2026-06-15,1266.0
7466,2026-06-22,1269.0
7466,2026-06-29,1313.0
7466,2026-07-06,1376.0
7466,2026-07-13,1346.0
7466,2026-07-20,1350.0
7466,2026-07-27,1387.0
7466,2026-08-03,1356.0
7466,2026-08-10,1400.0
7466,2026-08-17,1470.0
7466,2026-08-24,1454.0
7466,2026-08-31,1458.0
7466,2026-09-07,1419.0
7466,2026-09-14,1466.0
7466,2026-09-21,1500.0
7480,2025-09-29,1616.56
7480,2025-10-06,1608.9
7480,2025-10-13,1620.39
7480,2025-10-20,1606.99
7480,2025-10-27,1604.11
7480,2025-11-03,1586.87
7480,2025-11-10,1598.37
7480,2025-11-17,1611.77
7480,2025-11-24,1635.72
7480,2025-12-01,1585.92
7480,2025-12-08,1575.38
7480,2025-12-15,1580.17
7480,2025-12-22,1603.16
7480,2025-12-29,1612.73
7480,2026-01-05,1641.46
7480,2026-01-12,1701.8
7480,2026-01-19,1675.94
7480,2026-01-26,1637.63
7480,2026-02-02,1661.57
7480,2026-02-09,1677.85
7480,2026-02-16,1675.94
7480,2026-02-23,1727.65
7480,2026-03-02,1695.09
7480,2026-03-09,1680.73
7480,2026-03-16,1681.69
7480,2026-03-23,1708.5
7480,2026-03-30,1768.0
7480,2026-04-06,1764.0
7480,2026-04-13,1782.0
7480,2026-04-20,1734.0
7480,2026-04-27,1723.0
7480,2026-05-04,1980.0
7480,2026-05-11,1988.0
7480,2026-05-18,2040.0
7480,2026-05-25,2035.0
7480,2026-06-01,2146.0
7480,2026-06-08,2119.0
7480,2026-06-15,2215.0
7480,2026-06-22,2238.0
7480,2026-06-29,2522.0
7480,2026-07-06,2548.0
7480,2026-07-13,2388.0
7480,2026-07-20,2434.0
7480,2026-07-27,2480.0
7480,2026-08-03,3385.0
7480,2026-08-10,3410.0
7480,2026-08-17,3395.0
7480,2026-08-24,3515.0
7480,2026-08-31,3420.0
7480,2026-09-07,3470.0
7480,2026-09-14,3625.0
7480,2026-09-21,3685.0
7537,2025-09-29,1136.98
7537,2025-10-06,1067.51
7537,2025-10-13,1068.49
7537,2025-10-20,1168.29
7537,2025-10-27,1162.42
7537,2025-11-03,1111.54
7537,2025-11-10,1150.68
7537,2025-11-17,1135.02
7537,2025-11-24,1183.94
7537,2025-12-01,1169.27
7537,2025-12-08,1175.14
7537,2025-12-15,1205.47
7537,2025-12-22,1249.5
7537,2025-12-29,1274.94
7537,2026-01-05,1330.71
7537,2026-01-12,1356.16
7537,2026-01-19,1382.57
7537,2026-01-26,1340.5
7537,2026-02-02,1241.67
7537,2026-02-09,1247.55
7537,2026-02-16,1216.23
7537,2026-02-23,1247.55
7537,2026-03-02,1157.53
7537,2026-03-09,1098.82
7537,2026-03-16,1096.86
7537,2026-03-23,1136.0
7537,2026-03-30,1156.0
7537,2026-04-06,1182.0
7537,2026-04-13,1187.0
7537,2026-04-20,1171.0
7537,2026-04-27,1193.0
7537,2026-05-04,1223.0
7537,2026-05-11,1581.0
7537,2026-05-18,1586.0
7537,2026-05-25,1720.0
7537,2026-06-01,1717.0
7537,2026-06-08,1604.0
7537,2026-06-15,1742.0
7537,2026-06-22,1652.0
7537,2026-06-29,1683.0
7537,2026-07-06,1686.0
7537,2026-07-13,1611.0
7537,2026-07-20,1685.0
7537,2026-07-27,1695.0
7537,2026-08-03,1761.0
7537,2026-08-10,1890.0
7537,2026-08-17,1778.0
7537,2026-08-24,1866.0
7537,2026-08-31,1803.0
7537,2026-09-07,1798.0
7537,2026-09-14,1875.0
7537,2026-09-21,1913.0
7552,2025-09-29,3279.63
7552,2025-10-06,3245.62
7552,2025-10-13,3138.72
7552,2025-10-20,3172.74
7552,2025-10-27,3056.13
7552,2025-11-03,3095.0
7552,2025-11-10,3041.55
7552,2025-11-17,3031.83
7552,2025-11-24,3153.3
7552,2025-12-01,2939.52
7552,2025-12-08,2915.22
7552,2025-12-15,2813.19
7552,2025-12-22,2847.2
7552,2025-12-29,2861.78
7552,2026-01-05,2821.94
7552,2026-01-12,2856.92
7552,2026-01-19,2834.57
7552,2026-01-26,2685.89
7552,2026-02-02,2637.31
7552,2026-02-09,2635.36
7552,2026-02-16,2798.62
7552,2026-02-23,3095.0
7552,2026-03-02,3080.42
7552,2026-03-09,2905.51
7552,2026-03-16,2766.55
7552,2026-03-23,2751.0
7552,2026-03-30,2718.0
7552,2026-04-06,2747.0
7552,2026-04-13,2798.0
7552,2026-04-20,2685.0
7552,2026-04-27,2670.0
7552,2026-05-04,2631.0
7552,2026-05-11,2647.0
7552,2026-05-18,2710.0
7552,2026-05-25,2775.0
7552,2026-06-01,2748.0
7552,2026-06-08,2711.0
7552,2026-06-15,2744.0
7552,2026-06-22,2903.0
7552,2026-06-29,2990.0
7552,2026-07-06,3110.0
7552,2026-07-13,3105.0
7552,2026-07-20,3040.0
7552,2026-07-27,3315.0
7552,2026-08-03,3390.0
7552,2026-08-10,3480.0
7552,2026-08-17,3695.0
7552,2026-08-24,3755.0
7552,2026-08-31,3660.0
7552,2026-09-07,3740.0
7552,2026-09-14,4075.0
7552,2026-09-21,4290.0
7608,2025-09-29,551.76
7608,2025-10-06,544.01
7608,2025-10-13,661.72
7608,2025-10-20,664.63
7608,2025-10-27,650.09
7608,2025-11-03,646.22
7608,2025-11-10,681.58
7608,2025-11-17,630.23
7608,2025-11-24,674.31
7608,2025-12-01,690.79
7608,2025-12-08,683.52
7608,2025-12-15,702.9
7608,2025-12-22,732.45
7608,2025-12-29,722.27
7608,2026-01-05,752.79
7608,2026-01-12,739.71
7608,2026-01-19,775.07
7608,2026-01-26,719.37
7608,2026-02-02,738.74
7608,2026-02-09,783.79
7608,2026-02-16,848.22
7608,2026-02-23,914.62
7608,2026-03-02,896.88
7608,2026-03-09,834.78
7608,2026-03-16,777.62
7608,2026-03-23,779.59
7608,2026-03-30,769.74
7608,2026-04-06,779.59
7608,2026-04-13,856.47
7608,2026-04-20,813.1
7608,2026-04-27,802.26
7608,2026-05-04,819.01
7608,2026-05-11,763.82
7608,2026-05-18,726.37
7608,2026-05-25,749.04
7608,2026-06-01,727.36
7608,2026-06-08,713.56
7608,2026-06-15,724.4
7608,2026-06-22,737.21
7608,2026-06-29,800.29
7608,2026-07-06,837.74
7608,2026-07-13,720.46
7608,2026-07-20,765.79
7608,2026-07-27,764.81
7608,2026-08-03,790.43
7608,2026-08-10,819.01
7608,2026-08-17,829.86
7608,2026-08-24,837.0
7608,2026-08-31,874.0
7608,2026-09-07,878.0
7608,2026-09-14,932.0
7608,2026-09-21,955.0
7619,2025-09-29,789.69
7619,2025-10-06,790.67
7619,2025-10-13,805.31
7619,2025-10-20,831.67
7619,2025-10-27,819.95
7619,2025-11-03,819.95
7619,2025-11-10,800.43
7619,2025-11-17,791.65
7619,2025-11-24,806.29
7619,2025-12-01,811.17
7619,2025-12-08,815.07
7619,2025-12-15,824.84
7619,2025-12-22,867.79
7619,2025-12-29,867.79
7619,2026-01-05,885.36
7619,2026-01-12,886.33
7619,2026-01-19,893.16
7619,2026-01-26,905.85
7619,2026-02-02,896.09
7619,2026-02-09,888.28
7619,2026-02-16,887.31
7619,2026-02-23,904.88
7619,2026-03-02,882.43
7619,2026-03-09,860.95
7619,2026-03-16,860.95
7619,2026-03-23,859.0
7619,2026-03-30,831.0
7619,2026-04-06,858.0
7619,2026-04-13,840.0
7619,2026-04-20,836.0
7619,2026-04-27,844.0
7619,2026-05-04,837.0
7619,2026-05-11,868.0
7619,2026-05-18,879.0
7619,2026-05-25,887.0
7619,2026-06-01,910.0
7619,2026-06-08,868.0
7619,2026-06-15,876.0
7619,2026-06-22,878.0
7619,2026-06-29,881.0
7619,2026-07-06,893.0
7619,2026-07-13,897.0
7619,2026-07-20,915.0
7619,2026-07-27,918.0
7619,2026-08-03,954.0
7619,2026-08-10,969.0
7619,2026-08-17,960.0
7619,2026-08-24,963.0
7619,2026-08-31,968.0
7619,2026-09-07,989.0
7619,2026-09-14,994.0
7619,2026-09-21,1040.0
7624,2025-09-29,134.17
7624,2025-10-06,134.17
7624,2025-10-13,133.19
7624,2025-10-20,136.11
7624,2025-10-27,133.19
7624,2025-11-03,135.14
7624,2025-11-10,136.11
7624,2025-11-17,133.19
7624,2025-11-24,136.11
7624,2025-12-01,135.14
7624,2025-12-08,135.14
7624,2025-12-15,137.08
7624,2025-12-22,131.25
7624,2025-12-29,129.31
7624,2026-01-05,138.06
7624,2026-01-12,138.06
7624,2026-01-19,140.0
7624,2026-01-26,135.14
7624,2026-02-02,137.08
7624,2026-02-09,140.0
7624,2026-02-16,140.0
7624,2026-02-23,144.0
7624,2026-03-02,139.0
7624,2026-03-09,136.0
7624,2026-03-16,136.0
7624,2026-03-23,134.0
7624,2026-03-30,133.0
7624,2026-04-06,133.0
7624,2026-04-13,133.0
7624,2026-04-20,133.0
7624,2026-04-27,134.0
7624,2026-05-04,134.0
7624,2026-05-11,134.0
7624,2026-05-18,133.0
7624,2026-05-25,135.0
7624,2026-06-01,134.0
7624,2026-06-08,132.0
7624,2026-06-15,136.0
7624,2026-06-22,138.0
7624,2026-06-29,142.0
7624,2026-07-06,141.0
7624,2026-07-13,140.0
7624,2026-07-20,139.0
7624,2026-07-27,139.0
7624,2026-08-03,140.0
7624,2026-08-10,145.0
7624,2026-08-17,152.0
7624,2026-08-24,153.0
7624,2026-08-31,156.0
7624,2026-09-07,154.0
7624,2026-09-14,167.0
7624,2026-09-21,170.0
7727,2025-09-29,586.34
7727,2025-10-06,595.22
7727,2025-10-13,596.21
7727,2025-10-20,625.82
7727,2025-10-27,649.51
7727,2025-11-03,619.9
7727,2025-11-10,626.81
7727,2025-11-17,549.81
7727,2025-11-24,591.27
7727,2025-12-01,588.31
7727,2025-12-08,588.31
7727,2025-12-15,576.46
7727,2025-12-22,602.13
7727,2025-12-29,618.91
7727,2026-01-05,636.68
7727,2026-01-12,685.05
7727,2026-01-19,775.86
7727,2026-01-26,735.39
7727,2026-02-02,700.84
7727,2026-02-09,723.54
7727,2026-02-16,830.15
7727,2026-02-23,903.19
7727,2026-03-02,882.46
7727,2026-03-09,796.59
7727,2026-03-16,790.66
7727,2026-03-23,765.0
7727,2026-03-30,765.0
7727,2026-04-06,770.0
7727,2026-04-13,717.0
7727,2026-04-20,675.0
7727,2026-04-27,703.0
7727,2026-05-04,736.0
7727,2026-05-11,716.0
7727,2026-05-18,799.0
7727,2026-05-25,782.0
7727,2026-06-01,778.0
7727,2026-06-08,710.0
7727,2026-06-15,776.0
7727,2026-06-22,781.0
7727,2026-06-29,770.0
7727,2026-07-06,755.0
7727,2026-07-13,728.0
7727,2026-07-20,721.0
7727,2026-07-27,728.0
7727,2026-08-03,779.0
7727,2026-08-10,925.0
7727,2026-08-17,801.0
7727,2026-08-24,845.0
7727,2026-08-31,836.0
7727,2026-09-07,833.0
7727,2026-09-14,898.0
7727,2026-09-21,942.0
7743,2025-09-29,517.28
7743,2025-10-06,521.18
7743,2025-10-13,522.16
7743,2025-10-20,543.63
7743,2025-10-27,554.37
7743,2025-11-03,568.03
7743,2025-11-10,555.34
7743,2025-11-17,571.94
7743,2025-11-24,573.89
7743,2025-12-01,558.27
7743,2025-12-08,556.32
7743,2025-12-15,551.44
7743,2025-12-22,549.49
7743,2025-12-29,561.2
7743,2026-01-05,569.01
7743,2026-01-12,602.19
7743,2026-01-19,575.84
7743,2026-01-26,564.13
7743,2026-02-02,577.79
7743,2026-02-09,511.42
7743,2026-02-16,519.23
7743,2026-02-23,553.39
7743,2026-03-02,525.09
7743,2026-03-09,611.95
7743,2026-03-16,557.3
7743,2026-03-23,610.0
7743,2026-03-30,611.0
7743,2026-04-06,603.0
7743,2026-04-13,581.0
7743,2026-04-20,534.0
7743,2026-04-27,537.0
7743,2026-05-04,545.0
7743,2026-05-11,505.0
7743,2026-05-18,517.0
7743,2026-05-25,500.0
7743,2026-06-01,488.0
7743,2026-06-08,485.0
7743,2026-06-15,488.0
7743,2026-06-22,502.0
7743,2026-06-29,512.0
7743,2026-07-06,514.0
7743,2026-07-13,509.0
7743,2026-07-20,515.0
7743,2026-07-27,535.0
7743,2026-08-03,522.0
7743,2026-08-10,533.0
7743,2026-08-17,534.0
7743,2026-08-24,735.0
7743,2026-08-31,792.0
7743,2026-09-07,792.0
7743,2026-09-14,792.0
7743,2026-09-21,793.0
7811,2025-09-29,1838.83
7811,2025-10-06,1680.22
7811,2025-10-13,1703.29
7811,2025-10-20,1739.82
7811,2025-10-27,1743.67
7811,2025-11-03,1734.05
7811,2025-11-10,1736.94
7811,2025-11-17,1712.91
7811,2025-11-24,1739.82
7811,2025-12-01,1727.32
7811,2025-12-08,1757.12
7811,2025-12-15,1812.87
7811,2025-12-22,1822.49
7811,2025-12-29,1859.01
7811,2026-01-05,1915.73
7811,2026-01-12,1923.41
7811,2026-01-19,1934.95
7811,2026-01-26,1907.07
7811,2026-02-02,1933.99
7811,2026-02-09,1980.13
7811,2026-02-16,1943.6
7811,2026-02-23,1958.27
7811,2026-03-02,1897.56
7811,2026-03-09,1862.31
7811,2026-03-16,1801.61
7811,2026-03-23,1814.34
7811,2026-03-30,1735.03
7811,2026-04-06,1830.98
7811,2026-04-13,1888.75
7811,2026-04-20,1890.71
7811,2026-04-27,1845.67
7811,2026-05-04,1873.08
7811,2026-05-11,1881.9
7811,2026-05-18,1876.02
7811,2026-05-25,1874.06
7811,2026-06-01,1838.82
7811,2026-06-08,1827.07
7811,2026-06-15,1852.52
7811,2026-06-22,1866.23
7811,2026-06-29,1921.06
7811,2026-07-06,1900.5
7811,2026-07-13,1874.06
7811,2026-07-20,1869.17
7811,2026-07-27,1856.44
7811,2026-08-03,1864.27
7811,2026-08-10,1904.42
7811,2026-08-17,1912.25
7811,2026-08-24,1957.0
7811,2026-08-31,1987.0
7811,2026-09-07,1937.0
7811,2026-09-14,2282.0
7811,2026-09-21,2329.0
7826,2025-09-29,2731.25
7826,2025-10-06,2729.29
7826,2025-10-13,2778.33
7826,2025-10-20,2908.76
7826,2025-10-27,2795.98
7826,2025-11-03,3040.18
7826,2025-11-10,3064.69
7826,2025-11-17,3000.95
7826,2025-11-24,3172.57
7826,2025-12-01,3187.28
7826,2025-12-08,3192.18
7826,2025-12-15,3069.6
7826,2025-12-22,3432.46
7826,2025-12-29,3447.17
7826,2026-01-05,3643.31
7826,2026-01-12,3947.32
7826,2026-01-19,3873.77
7826,2026-01-26,4133.66
7826,2026-02-02,4212.11
7826,2026-02-09,6198.04
7826,2026-02-16,7247.39
7826,2026-02-23,7521.98
7826,2026-03-02,7198.35
7826,2026-03-09,6766.84
7826,2026-03-16,6894.33
7826,2026-03-23,6247.07
7826,2026-03-30,6011.7
7826,2026-04-06,6864.91
7826,2026-04-13,7296.42
7826,2026-04-20,7276.81
7826,2026-04-27,7110.09
7826,2026-05-04,8335.96
7826,2026-05-11,9885.47
7826,2026-05-18,9885.47
7826,2026-05-25,8600.75
7826,2026-06-01,8649.79
7826,2026-06-08,8708.63
7826,2026-06-15,8914.58
7826,2026-06-22,8385.0
7826,2026-06-29,7690.0
7826,2026-07-06,7390.0
7826,2026-07-13,6500.0
7826,2026-07-20,6690.0
7826,2026-07-27,6660.0
7826,2026-08-03,7920.0
7826,2026-08-10,8510.0
7826,2026-08-17,8140.0
7826,2026-08-24,8970.0
7826,2026-08-31,10430.0
7826,2026-09-07,10330.0
7826,2026-09-14,10870.0
7826,2026-09-21,11700.0
7846,2025-09-29,1522.1
7846,2025-10-06,1529.26
7846,2025-10-13,1524.7
7846,2025-10-20,1521.12
7846,2025-10-27,1515.92
7846,2025-11-03,1518.85
7846,2025-11-10,1550.73
7846,2025-11-17,1545.2
7846,2025-11-24,1594.97
7846,2025-12-01,1532.18
7846,2025-12-08,1558.21
7846,2025-12-15,1572.52
7846,2025-12-22,1626.52
7846,2025-12-29,1604.46
7846,2026-01-05,1586.68
7846,2026-01-12,1614.01
7846,2026-01-19,1631.46
7846,2026-01-26,1598.87
7846,2026-02-02,1643.31
7846,2026-02-09,1633.11
7846,2026-02-16,1595.24
7846,2026-02-23,1606.77
7846,2026-03-02,1504.7
7846,2026-03-09,1493.83
7846,2026-03-16,1520.17
7846,2026-03-23,1571.21
7846,2026-03-30,1602.49
7846,2026-04-06,1627.84
7846,2026-04-13,1586.35
7846,2026-04-20,1579.44
7846,2026-04-27,1580.43
7846,2026-05-04,1563.96
7846,2026-05-11,1535.65
7846,2026-05-18,1629.16
7846,2026-05-25,1638.38
7846,2026-06-01,1605.12
7846,2026-06-08,1626.85
7846,2026-06-15,1625.21
7846,2026-06-22,1695.67
7846,2026-06-29,1724.5
7846,2026-07-06,1768.0
7846,2026-07-13,1803.0
7846,2026-07-20,1778.0
7846,2026-07-27,1813.5
7846,2026-08-03,2004.5
7846,2026-08-10,1983.0
7846,2026-08-17,1991.5
7846,2026-08-24,2071.5
7846,2026-08-31,2142.5
7846,2026-09-07,2030.5
7846,2026-09-14,2115.0
7846,2026-09-21,2155.5
7847,2025-09-29,602.51
7847,2025-10-06,599.64
7847,2025-10-13,599.64
7847,2025-10-20,592.95
7847,2025-10-27,586.25
7847,2025-11-03,586.25
7847,2025-11-10,586.25
7847,2025-11-17,587.21
7847,2025-11-24,591.99
7847,2025-12-01,597.73
7847,2025-12-08,594.86
7847,2025-12-15,596.77
7847,2025-12-22,597.73
7847,2025-12-29,608.25
7847,2026-01-05,616.86
7847,2026-01-12,630.24
7847,2026-01-19,640.76
7847,2026-01-26,644.59
7847,2026-02-02,635.03
7847,2026-02-09,651.28
7847,2026-02-16,647.46
7847,2026-02-23,638.72
7847,2026-03-02,634.81
7847,2026-03-09,621.12
7847,2026-03-16,621.12
7847,2026-03-23,608.4
7847,2026-03-30,604.49
7847,2026-04-06,601.55
7847,2026-04-13,632.85
7847,2026-04-20,625.03
7847,2026-04-27,604.49
7847,2026-05-04,596.66
7847,2026-05-11,619.16
7847,2026-05-18,608.4
7847,2026-05-25,612.31
7847,2026-06-01,601.55
7847,2026-06-08,607.42
7847,2026-06-15,588.84
7847,2026-06-22,598.62
7847,2026-06-29,593.73
7847,2026-07-06,595.68
7847,2026-07-13,622.09
7847,2026-07-20,621.12
7847,2026-07-27,644.59
7847,2026-08-03,650.46
7847,2026-08-10,647.52
7847,2026-08-17,652.42
7847,2026-08-24,667.0
7847,2026-08-31,630.0
7847,2026-09-07,628.0
7847,2026-09-14,662.0
7847,2026-09-21,694.0
7867,2025-09-29,3120.5
7867,2025-10-06,3272.72
7867,2025-10-13,3119.51
7867,2025-10-20,3114.57
7867,2025-10-27,3139.28
7867,2025-11-03,3177.83
7867,2025-11-10,2957.41
7867,2025-11-17,2887.23
7867,2025-11-24,2860.54
7867,2025-12-01,2739.46
7867,2025-12-08,2701.9
7867,2025-12-15,2688.55
7867,2025-12-22,2718.21
7867,2025-12-29,2725.62
7867,2026-01-05,2841.76
7867,2026-01-12,2843.25
7867,2026-01-19,2814.09
7867,2026-01-26,2693.5
7867,2026-02-02,2698.44
7867,2026-02-09,2762.69
7867,2026-02-16,2691.03
7867,2026-02-23,2840.77
7867,2026-03-02,2751.82
7867,2026-03-09,2767.63
7867,2026-03-16,2722.16
7867,2026-03-23,2736.0
7867,2026-03-30,2750.5
7867,2026-04-06,2708.0
7867,2026-04-13,2753.5
7867,2026-04-20,2610.0
7867,2026-04-27,2532.0
7867,2026-05-04,2630.0
7867,2026-05-11,2789.5
7867,2026-05-18,2983.0
7867,2026-05-25,3159.0
7867,2026-06-01,3063.0
7867,2026-06-08,2925.5
7867,2026-06-15,2925.5
7867,2026-06-22,3200.0
7867,2026-06-29,3259.0
7867,2026-07-06,3322.0
7867,2026-07-13,3531.0
7867,2026-07-20,3417.0
7867,2026-07-27,3627.0
7867,2026-08-03,3602.0
7867,2026-08-10,3598.0
7867,2026-08-17,3641.0
7867,2026-08-24,3727.0
7867,2026-08-31,3654.0
7867,2026-09-07,3639.0
7867,2026-09-14,4040.0
7867,2026-09-21,4086.0
7883,2025-09-29,342.3
7883,2025-10-06,342.3
7883,2025-10-13,344.27
7883,2025-10-20,349.2
7883,2025-10-27,353.15
7883,2025-11-03,345.26
7883,2025-11-10,349.2
7883,2025-11-17,344.27
7883,2025-11-24,348.22
7883,2025-12-01,346.24
7883,2025-12-08,353.15
7883,2025-12-15,354.14
7883,2025-12-22,356.11
7883,2025-12-29,359.07
7883,2026-01-05,362.03
7883,2026-01-12,364.0
7883,2026-01-19,364.0
7883,2026-01-26,364.0
7883,2026-02-02,361.04
7883,2026-02-09,364.99
7883,2026-02-16,364.0
7883,2026-02-23,367.95
7883,2026-03-02,365.97
7883,2026-03-09,364.99
7883,2026-03-16,365.97
7883,2026-03-23,364.0
7883,2026-03-30,363.0
7883,2026-04-06,364.0
7883,2026-04-13,362.0
7883,2026-04-20,363.0
7883,2026-04-27,365.0
7883,2026-05-04,365.0
7883,2026-05-11,371.0
7883,2026-05-18,369.0
7883,2026-05-25,372.0
7883,2026-06-01,380.0
7883,2026-06-08,381.0
7883,2026-06-15,381.0
7883,2026-06-22,383.0
7883,2026-06-29,383.0
7883,2026-07-06,392.0
7883,2026-07-13,391.0
7883,2026-07-20,391.0
7883,2026-07-27,390.0
7883,2026-08-03,400.0
7883,2026-08-10,404.0
7883,2026-08-17,399.0
7883,2026-08-24,404.0
7883,2026-08-31,401.0
7883,2026-09-07,398.0
7883,2026-09-14,401.0
7883,2026-09-21,485.0
7976,2025-09-29,2122.88
7976,2025-10-06,2131.68
7976,2025-10-13,2125.81
7976,2025-10-20,2110.17
7976,2025-10-27,2002.61
7976,2025-11-03,2087.68
7976,2025-11-10,2090.61
7976,2025-11-17,2079.85
7976,2025-11-24,2102.34
7976,2025-12-01,2087.68
7976,2025-12-08,2169.81
7976,2025-12-15,2129.72
7976,2025-12-22,2174.7
7976,2025-12-29,2153.93
7976,2026-01-05,2204.39
7976,2026-01-12,2284.53
7976,2026-01-19,2325.09
7976,2026-01-26,2265.73
7976,2026-02-02,2307.28
7976,2026-02-09,2157.88
7976,2026-02-16,2252.87
7976,2026-02-23,2426.01
7976,2026-03-02,2283.54
7976,2026-03-09,2289.47
7976,2026-03-16,2319.16
7976,2026-03-23,2384.46
7976,2026-03-30,2412.16
7976,2026-04-06,2436.9
7976,2026-04-13,2462.62
7976,2026-04-20,2342.9
7976,2026-04-27,2520.01
7976,2026-05-04,2494.28
7976,2026-05-11,2531.88
7976,2026-05-18,2572.44
7976,2026-05-25,2595.2
7976,2026-06-01,2461.63
7976,2026-06-08,2581.35
7976,2026-06-15,2521.98
7976,2026-06-22,2660.5
7976,2026-06-29,2690.0
7976,2026-07-06,2696.0
7976,2026-07-13,2688.0
7976,2026-07-20,2610.0
7976,2026-07-27,2771.0
7976,2026-08-03,2934.0
7976,2026-08-10,2897.0
7976,2026-08-17,2971.0
7976,2026-08-24,3065.0
7976,2026-08-31,3110.0
7976,2026-09-07,3195.0
7976,2026-09-14,3305.0
7976,2026-09-21,3395.0
8013,2025-09-29,282.0
8013,2025-10-06,283.0
8013,2025-10-13,271.0
8013,2025-10-20,268.0
8013,2025-10-27,274.0
8013,2025-11-03,282.0
8013,2025-11-10,288.0
8013,2025-11-17,287.0
8013,2025-11-24,289.0
8013,2025-12-01,282.0
8013,2025-12-08,282.0
8013,2025-12-15,276.0
8013,2025-12-22,299.0
8013,2025-12-29,299.0
8013,2026-01-05,311.0
8013,2026-01-12,313.0
8013,2026-01-19,312.0
8013,2026-01-26,293.0
8013,2026-02-02,299.0
8013,2026-02-09,296.0
8013,2026-02-16,294.0
8013,2026-02-23,300.0
8013,2026-03-02,291.0
8013,2026-03-09,294.0
8013,2026-03-16,287.0
8013,2026-03-23,295.0
8013,2026-03-30,293.0
8013,2026-04-06,299.0
8013,2026-04-13,306.0
8013,2026-04-20,314.0
8013,2026-04-27,322.0
8013,2026-05-04,328.0
8013,2026-05-11,338.0
8013,2026-05-18,354.0
8013,2026-05-25,378.0
8013,2026-06-01,372.0
8013,2026-06-08,365.0
8013,2026-06-15,340.0
8013,2026-06-22,340.0
8013,2026-06-29,340.0
8013,2026-07-06,342.0
8013,2026-07-13,365.0
8013,2026-07-20,370.0
8013,2026-07-27,365.0
8013,2026-08-03,348.0
8013,2026-08-10,352.0
8013,2026-08-17,349.0
8013,2026-08-24,360.0
8013,2026-08-31,368.0
8013,2026-09-07,370.0
8013,2026-09-14,376.0
8013,2026-09-21,383.0
8037,2025-09-29,2823.06
8037,2025-10-06,2775.99
8037,2025-10-13,2805.41
8037,2025-10-20,2966.22
8037,2025-10-27,2861.3
8037,2025-11-03,2927.0
8037,2025-11-10,2786.77
8037,2025-11-17,2756.38
8037,2025-11-24,2851.49
8037,2025-12-01,2786.77
8037,2025-12-08,2836.78
8037,2025-12-15,2951.51
8037,2025-12-22,2934.84
8037,2025-12-29,2961.32
8037,2026-01-05,3128.01
8037,2026-01-12,3240.78
8037,2026-01-19,3186.85
8037,2026-01-26,3020.15
8037,2026-02-02,3162.33
8037,2026-02-09,3196.65
8037,2026-02-16,3211.36
8037,2026-02-23,3329.03
8037,2026-03-02,3103.5
8037,2026-03-09,3010.34
8037,2026-03-16,3083.89
8037,2026-03-23,3280.0
8037,2026-03-30,3450.0
8037,2026-04-06,3425.0
8037,2026-04-13,3295.0
8037,2026-04-20,3185.0
8037,2026-04-27,3220.0
8037,2026-05-04,3345.0
8037,2026-05-11,3335.0
8037,2026-05-18,3565.0
8037,2026-05-25,3605.0
8037,2026-06-01,3440.0
8037,2026-06-08,3430.0
8037,2026-06-15,3490.0
8037,2026-06-22,3455.0
8037,2026-06-29,3545.0
8037,2026-07-06,3640.0
8037,2026-07-13,3630.0
8037,2026-07-20,3720.0
8037,2026-07-27,3895.0
8037,2026-08-03,4150.0
8037,2026-08-10,4335.0
8037,2026-08-17,4355.0
8037,2026-08-24,4585.0
8037,2026-08-31,4525.0
8037,2026-09-07,4605.0
8037,2026-09-14,5080.0
8037,2026-09-21,5210.0
8075,2025-09-29,2139.6
8075,2025-10-06,2196.32
8075,2025-10-13,2251.08
8075,2025-10-20,2321.49
8075,2025-10-27,2275.53
8075,2025-11-03,2274.55
8075,2025-11-10,2259.88
8075,2025-11-17,2297.04
8075,2025-11-24,2379.18
8075,2025-12-01,2331.27
8075,2025-12-08,2415.36
8075,2025-12-15,2425.14
8075,2025-12-22,2443.72
8075,2025-12-29,2475.01
8075,2026-01-05,2559.11
8075,2026-01-12,2652.01
8075,2026-01-19,2607.03
8075,2026-01-26,2596.27
8075,2026-02-02,2739.04
8075,2026-02-09,2689.17
8075,2026-02-16,2652.99
8075,2026-02-23,2707.75
8075,2026-03-02,2460.35
8075,2026-03-09,2335.18
8075,2026-03-16,2317.58
8075,2026-03-23,2343.0
8075,2026-03-30,2378.0
8075,2026-04-06,2400.0
8075,2026-04-13,2398.0
8075,2026-04-20,2278.0
8075,2026-04-27,2311.0
8075,2026-05-04,2313.0
8075,2026-05-11,2401.0
8075,2026-05-18,2394.0
8075,2026-05-25,2448.0
8075,2026-06-01,2367.0
8075,2026-06-08,2410.0
8075,2026-06-15,2450.0
8075,2026-06-22,2388.0
8075,2026-06-29,2410.0
8075,2026-07-06,2452.0
8075,2026-07-13,2453.0
8075,2026-07-20,2553.0
8075,2026-07-27,2577.0
8075,2026-08-03,3005.0
8075,2026-08-10,3020.0
8075,2026-08-17,3045.0
8075,2026-08-24,3100.0
8075,2026-08-31,3120.0
8075,2026-09-07,3085.0
8075,2026-09-14,3175.0
8075,2026-09-21,3225.0
8084,2025-09-29,2987.94
8084,2025-10-06,2914.46
8084,2025-10-13,2958.55
8084,2025-10-20,3046.72
8084,2025-10-27,3134.88
8084,2025-11-03,2978.14
8084,2025-11-10,3090.8
8084,2025-11-17,3134.88
8084,2025-11-24,3208.36
8084,2025-12-01,3257.34
8084,2025-12-08,3409.19
8084,2025-12-15,3423.88
8084,2025-12-22,3477.76
8084,2025-12-29,3536.54
8084,2026-01-05,3551.24
8084,2026-01-12,3712.88
8084,2026-01-19,3761.86
8084,2026-01-26,3605.12
8084,2026-02-02,3531.64
8084,2026-02-09,3590.42
8084,2026-02-16,3477.76
8084,2026-02-23,3644.3
8084,2026-03-02,3399.39
8084,2026-03-09,3262.24
8084,2026-03-16,3286.73
8084,2026-03-23,3370.0
8084,2026-03-30,3340.0
8084,2026-04-06,3310.0
8084,2026-04-13,3500.0
8084,2026-04-20,3425.0
8084,2026-04-27,3545.0
8084,2026-05-04,3550.0
8084,2026-05-11,3575.0
8084,2026-05-18,3680.0
8084,2026-05-25,3790.0
8084,2026-06-01,3980.0
8084,2026-06-08,3930.0
8084,2026-06-15,3895.0
8084,2026-06-22,3925.0
8084,2026-06-29,4010.0
8084,2026-07-06,3920.0
8084,2026-07-13,3790.0
8084,2026-07-20,3870.0
8084,2026-07-27,4360.0
8084,2026-08-03,4560.0
8084,2026-08-10,4680.0
8084,2026-08-17,4805.0
8084,2026-08-24,4785.0
8084,2026-08-31,4755.0
8084,2026-09-07,4810.0
8084,2026-09-14,4805.0
8084,2026-09-21,4950.0
8137,2025-09-29,2573.11
8137,2025-10-06,2560.36
8137,2025-10-13,2588.81
8137,2025-10-20,2681.02
8137,2025-10-27,2630.01
8137,2025-11-03,2747.73
8137,2025-11-10,2748.71
8137,2025-11-17,2807.57
8137,2025-11-24,2873.3
8137,2025-12-01,2835.04
8137,2025-12-08,2828.17
8137,2025-12-15,2817.38
8137,2025-12-22,2864.47
8137,2025-12-29,2911.55
8137,2026-01-05,2942.94
8137,2026-01-12,3060.66
8137,2026-01-19,3021.42
8137,2026-01-26,2942.94
8137,2026-02-02,3119.52
8137,2026-02-09,3188.19
8137,2026-02-16,3247.05
8137,2026-02-23,3413.82
8137,2026-03-02,3232.33
8137,2026-03-09,3109.71
8137,2026-03-16,3099.9
8137,2026-03-23,3198.0
8137,2026-03-30,3135.0
8137,2026-04-06,3110.0
8137,2026-04-13,3210.0
8137,2026-04-20,3215.0
8137,2026-04-27,3185.0
8137,2026-05-04,3255.0
8137,2026-05-11,3680.0
8137,2026-05-18,3740.0
8137,2026-05-25,3850.0
8137,2026-06-01,3870.0
8137,2026-06-08,3645.0
8137,2026-06-15,3795.0
8137,2026-06-22,3605.0
8137,2026-06-29,3865.0
8137,2026-07-06,3870.0
8137,2026-07-13,3655.0
8137,2026-07-20,3840.0
8137,2026-07-27,3605.0
8137,2026-08-03,3970.0
8137,2026-08-10,4180.0
8137,2026-08-17,3960.0
8137,2026-08-24,4210.0
8137,2026-08-31,4220.0
8137,2026-09-07,4375.0
8137,2026-09-14,4640.0
8137,2026-09-21,4845.0
8154,2025-09-29,3393.83
8154,2025-10-06,3398.73
8154,2025-10-13,3388.93
8154,2025-10-20,3526.06
8154,2025-10-27,3501.57
8154,2025-11-03,3359.55
8154,2025-11-10,3418.32
8154,2025-11-17,3477.09
8154,2025-11-24,3677.88
8154,2025-12-01,3672.98
8154,2025-12-08,3790.51
8154,2025-12-15,3756.23
8154,2025-12-22,3810.1
8154,2025-12-29,3795.41
8154,2026-01-05,3815.0
8154,2026-01-12,3908.05
8154,2026-01-19,3927.64
8154,2026-01-26,3785.62
8154,2026-02-02,3790.51
8154,2026-02-09,4010.89
8154,2026-02-16,4094.15
8154,2026-02-23,4270.45
8154,2026-03-02,4030.48
8154,2026-03-09,3829.69
8154,2026-03-16,3780.72
8154,2026-03-23,3815.0
8154,2026-03-30,3760.0
8154,2026-04-06,3980.0
8154,2026-04-13,4115.0
8154,2026-04-20,4200.0
8154,2026-04-27,4210.0
8154,2026-05-04,4340.0
8154,2026-05-11,4200.0
8154,2026-05-18,4195.0
8154,2026-05-25,4425.0
8154,2026-06-01,4980.0
8154,2026-06-08,4475.0
8154,2026-06-15,4445.0
8154,2026-06-22,4250.0
8154,2026-06-29,4205.0
8154,2026-07-06,4260.0
8154,2026-07-13,4105.0
8154,2026-07-20,4355.0
8154,2026-07-27,4695.0
8154,2026-08-03,4845.0
8154,2026-08-10,5100.0
8154,2026-08-17,4930.0
8154,2026-08-24,5020.0
8154,2026-08-31,4910.0
8154,2026-09-07,4800.0
8154,2026-09-14,5110.0
8154,2026-09-21,5420.0
8159,2025-09-29,2769.46
8159,2025-10-06,2679.02
8159,2025-10-13,2678.03
8159,2025-10-20,2813.7
8159,2025-10-27,2787.16
8159,2025-11-03,2765.53
8159,2025-11-10,2823.54
8159,2025-11-17,2873.68
8159,2025-11-24,2926.76
8159,2025-12-01,2921.85
8159,2025-12-08,2978.87
8159,2025-12-15,3013.28
8159,2025-12-22,2998.53
8159,2025-12-29,3023.11
8159,2026-01-05,3131.25
8159,2026-01-12,3101.76
8159,2026-01-19,3067.35
8159,2026-01-26,2993.62
8159,2026-02-02,3072.27
8159,2026-02-09,3234.48
8159,2026-02-16,3327.88
8159,2026-02-23,3347.54
8159,2026-03-02,3018.19
8159,2026-03-09,2847.13
8159,2026-03-16,2822.55
8159,2026-03-23,2913.0
8159,2026-03-30,2915.0
8159,2026-04-06,2918.0
8159,2026-04-13,2921.0
8159,2026-04-20,2831.0
8159,2026-04-27,2885.0
8159,2026-05-04,3020.0
8159,2026-05-11,3085.0
8159,2026-05-18,3020.0
8159,2026-05-25,3205.0
8159,2026-06-01,3280.0
8159,2026-06-08,3040.0
8159,2026-06-15,3095.0
8159,2026-06-22,3185.0
8159,2026-06-29,3380.0
8159,2026-07-06,3365.0
8159,2026-07-13,3205.0
8159,2026-07-20,3365.0
8159,2026-07-27,3460.0
8159,2026-08-03,4105.0
8159,2026-08-10,4280.0
8159,2026-08-17,3965.0
8159,2026-08-24,4045.0
8159,2026-08-31,4095.0
8159,2026-09-07,4030.0
8159,2026-09-14,4150.0
8159,2026-09-21,4410.0
8334,2025-09-29,1580.52
8334,2025-10-06,1547.98
8334,2025-10-13,1503.12
8334,2025-10-20,1561.79
8334,2025-10-27,1578.55
8334,2025-11-03,1576.58
8334,2025-11-10,1613.06
8334,2025-11-17,1622.92
8334,2025-11-24,1710.18
8334,2025-12-01,1710.67
8334,2025-12-08,1701.8
8334,2025-12-15,1746.17
8334,2025-12-22,1701.8
8334,2025-12-29,1703.28
8334,2026-01-05,1786.1
8334,2026-01-12,1909.84
8334,2026-01-19,1922.16
8334,2026-01-26,1912.3
8334,2026-02-02,2142.53
8334,2026-02-09,2199.72
8334,2026-02-16,2174.57
8334,2026-02-23,2230.28
8334,2026-03-02,2104.08
8334,2026-03-09,2071.05
8334,2026-03-16,2095.2
8334,2026-03-23,2250.0
8334,2026-03-30,2231.5
8334,2026-04-06,2269.0
8334,2026-04-13,2214.0
8334,2026-04-20,2030.0
8334,2026-04-27,2157.0
8334,2026-05-04,2164.0
8334,2026-05-11,2232.0
8334,2026-05-18,2316.0
8334,2026-05-25,2260.0
8334,2026-06-01,2262.5
8334,2026-06-08,2343.5
8334,2026-06-15,2316.5
8334,2026-06-22,2334.0
8334,2026-06-29,2419.0
8334,2026-07-06,2492.5
8334,2026-07-13,2436.5
8334,2026-07-20,2609.0
8334,2026-07-27,2538.5
8334,2026-08-03,2595.0
8334,2026-08-10,2765.0
8334,2026-08-17,2701.0
8334,2026-08-24,2830.5
8334,2026-08-31,2899.5
8334,2026-09-07,2891.0
8334,2026-09-14,2999.5
8334,2026-09-21,3208.0
8336,2025-09-29,1316.17
8336,2025-10-06,1299.74
8336,2025-10-13,1296.45
8336,2025-10-20,1317.81
8336,2025-10-27,1363.82
8336,2025-11-03,1404.9
8336,2025-11-10,1449.26
8336,2025-11-17,1459.12
8336,2025-11-24,1534.71
8336,2025-12-01,1534.71
8336,2025-12-08,1524.85
8336,2025-12-15,1569.21
8336,2025-12-22,1575.79
8336,2025-12-29,1597.15
8336,2026-01-05,1685.88
8336,2026-01-12,1814.04
8336,2026-01-19,1846.91
8336,2026-01-26,1807.47
8336,2026-02-02,1968.5
8336,2026-02-09,2014.51
8336,2026-02-16,2083.52
8336,2026-02-23,2142.68
8336,2026-03-02,2014.51
8336,2026-03-09,1945.5
8336,2026-03-16,2060.52
8336,2026-03-23,2096.67
8336,2026-03-30,2194.0
8336,2026-04-06,2408.0
8336,2026-04-13,2381.0
8336,2026-04-20,2333.0
8336,2026-04-27,2388.0
8336,2026-05-04,2390.0
8336,2026-05-11,2438.0
8336,2026-05-18,2497.0
8336,2026-05-25,2423.0
8336,2026-06-01,2431.0
8336,2026-06-08,2513.0
8336,2026-06-15,2432.0
8336,2026-06-22,2519.0
8336,2026-06-29,2584.0
8336,2026-07-06,2621.0
8336,2026-07-13,2523.0
8336,2026-07-20,2741.0
8336,2026-07-27,2577.0
8336,2026-08-03,2654.0
8336,2026-08-10,2775.0
8336,2026-08-17,2691.0
8336,2026-08-24,2795.0
8336,2026-08-31,2834.0
8336,2026-09-07,2799.0
8336,2026-09-14,2875.0
8336,2026-09-21,2957.0
8341,2025-09-29,2007.8
8341,2025-10-06,1905.73
8341,2025-10-13,1867.34
8341,2025-10-20,2045.21
8341,2025-10-27,2170.9
8341,2025-11-03,2186.0
8341,2025-11-10,2259.51
8341,2025-11-17,2266.73
8341,2025-11-24,2369.12
8341,2025-12-01,2447.88
8341,2025-12-08,2440.67
8341,2025-12-15,2502.69
8341,2025-12-22,2482.34
8341,2025-12-29,2474.8
8341,2026-01-05,2644.46
8341,2026-01-12,2849.25
8341,2026-01-19,2864.02
8341,2026-01-26,2775.08
8341,2026-02-02,2999.23
8341,2026-02-09,3160.69
8341,2026-02-16,3225.34
8341,2026-02-23,3228.29
8341,2026-03-02,3020.89
8341,2026-03-09,2980.19
8341,2026-03-16,2969.36
8341,2026-03-23,3119.67
8341,2026-03-30,3211.0
8341,2026-04-06,3262.0
8341,2026-04-13,3279.0
8341,2026-04-20,2929.5
8341,2026-04-27,3004.0
8341,2026-05-04,2987.5
8341,2026-05-11,3141.0
8341,2026-05-18,3201.0
8341,2026-05-25,3154.0
8341,2026-06-01,3174.0
8341,2026-06-08,3267.0
8341,2026-06-15,3317.0
8341,2026-06-22,3335.0
8341,2026-06-29,3519.0
8341,2026-07-06,3515.0
8341,2026-07-13,3311.0
8341,2026-07-20,3631.0
8341,2026-07-27,3495.0
8341,2026-08-03,3661.0
8341,2026-08-10,3837.0
8341,2026-08-17,3736.0
8341,2026-08-24,3950.0
8341,2026-08-31,4018.0
8341,2026-09-07,3973.0
8341,2026-09-14,4185.0
8341,2026-09-21,4197.0
8343,2025-09-29,3427.14
8343,2025-10-06,3378.11
8343,2025-10-13,3387.91
8343,2025-10-20,3505.58
8343,2025-10-27,3584.03
8343,2025-11-03,3637.96
8343,2025-11-10,3672.28
8343,2025-11-17,3672.28
8343,2025-11-24,3799.76
8343,2025-12-01,3868.4
8343,2025-12-08,3843.88
8343,2025-12-15,3888.01
8343,2025-12-22,3897.82
8343,2025-12-29,3946.84
8343,2026-01-05,4226.31
8343,2026-01-12,4549.9
8343,2026-01-19,4633.25
8343,2026-01-26,4971.55
8343,2026-02-02,5314.76
8343,2026-02-09,5383.4
8343,2026-02-16,5442.23
8343,2026-02-23,5501.07
8343,2026-03-02,5099.03
8343,2026-03-09,4902.91
8343,2026-03-16,4902.91
8343,2026-03-23,5050.0
8343,2026-03-30,5100.0
8343,2026-04-06,5490.0
8343,2026-04-13,5820.0
8343,2026-04-20,5220.0
8343,2026-04-27,5390.0
8343,2026-05-04,5480.0
8343,2026-05-11,5790.0
8343,2026-05-18,6140.0
8343,2026-05-25,5990.0
8343,2026-06-01,5920.0
8343,2026-06-08,6350.0
8343,2026-06-15,6170.0
8343,2026-06-22,6800.0
8343,2026-06-29,7060.0
8343,2026-07-06,7140.0
8343,2026-07-13,6830.0
8343,2026-07-20,7670.0
8343,2026-07-27,7260.0
8343,2026-08-03,8030.0
8343,2026-08-10,8550.0
8343,2026-08-17,8430.0
8343,2026-08-24,9060.0
8343,2026-08-31,9030.0
8343,2026-09-07,9440.0
8343,2026-09-14,9880.0
8343,2026-09-21,10250.0
8344,2025-09-29,1612.03
8344,2025-10-06,1564.13
8344,2025-10-13,1547.51
8344,2025-10-20,1583.68
8344,2025-10-27,1641.36
8344,2025-11-03,1662.87
8344,2025-11-10,1711.75
8344,2025-11-17,1717.61
8344,2025-11-24,1824.17
8344,2025-12-01,1783.11
8344,2025-12-08,1784.09
8344,2025-12-15,1841.76
8344,2025-12-22,1859.36
8344,2025-12-29,1890.64
8344,2026-01-05,2013.82
8344,2026-01-12,2104.73
8344,2026-01-19,2142.86
8344,2026-01-26,2158.5
8344,2026-02-02,2356.95
8344,2026-02-09,2595.48
8344,2026-02-16,2627.74
8344,2026-02-23,2668.8
8344,2026-03-02,2492.83
8344,2026-03-09,2349.13
8344,2026-03-16,2332.51
8344,2026-03-23,2442.0
8344,2026-03-30,2510.0
8344,2026-04-06,2678.0
8344,2026-04-13,2786.0
8344,2026-04-20,2415.0
8344,2026-04-27,2503.0
8344,2026-05-04,2515.0
8344,2026-05-11,2655.0
8344,2026-05-18,3055.0
8344,2026-05-25,3095.0
8344,2026-06-01,3075.0
8344,2026-06-08,3495.0
8344,2026-06-15,3370.0
8344,2026-06-22,3365.0
8344,2026-06-29,3965.0
8344,2026-07-06,3690.0
8344,2026-07-13,3615.0
8344,2026-07-20,4000.0
8344,2026-07-27,3740.0
8344,2026-08-03,4230.0
8344,2026-08-10,4575.0
8344,2026-08-17,4365.0
8344,2026-08-24,4730.0
8344,2026-08-31,4635.0
8344,2026-09-07,4985.0
8344,2026-09-14,5380.0
8344,2026-09-21,5680.0
8345,2025-09-29,920.87
8345,2025-10-06,914.73
8345,2025-10-13,952.84
8345,2025-10-20,962.68
8345,2025-10-27,995.87
8345,2025-11-03,992.18
8345,2025-11-10,1168.0
8345,2025-11-17,1152.02
8345,2025-11-24,1215.95
8345,2025-12-01,1214.72
8345,2025-12-08,1229.47
8345,2025-12-15,1236.85
8345,2025-12-22,1258.98
8345,2025-12-29,1278.65
8345,2026-01-05,1372.09
8345,2026-01-12,1504.87
8345,2026-01-19,1544.22
8345,2026-01-26,1499.96
8345,2026-02-02,1627.82
8345,2026-02-09,1664.71
8345,2026-02-16,1686.84
8345,2026-02-23,1745.85
8345,2026-03-02,1652.41
8345,2026-03-09,1583.56
8345,2026-03-16,1583.56
8345,2026-03-23,1677.0
8345,2026-03-30,1661.0
8345,2026-04-06,1802.0
8345,2026-04-13,2030.0
8345,2026-04-20,1821.0
8345,2026-04-27,1956.0
8345,2026-05-04,1940.0
8345,2026-05-11,1877.0
8345,2026-05-18,1955.0
8345,2026-05-25,1867.0
8345,2026-06-01,1907.0
8345,2026-06-08,2067.0
8345,2026-06-15,1941.0
8345,2026-06-22,2030.0
8345,2026-06-29,2161.0
8345,2026-07-06,2083.0
8345,2026-07-13,2058.0
8345,2026-07-20,2270.0
8345,2026-07-27,2155.0
8345,2026-08-03,2358.0
8345,2026-08-10,2444.0
8345,2026-08-17,2325.0
8345,2026-08-24,2566.0
8345,2026-08-31,2539.0
8345,2026-09-07,2623.0
8345,2026-09-14,2778.0
8345,2026-09-21,2907.0
8346,2025-09-29,427.6
8346,2025-10-06,426.61
8346,2025-10-13,433.51
8346,2025-10-20,446.32
8346,2025-10-27,449.27
8346,2025-11-03,450.26
8346,2025-11-10,467.99
8346,2025-11-17,468.98
8346,2025-11-24,501.49
8346,2025-12-01,509.37
8346,2025-12-08,512.33
8346,2025-12-15,529.08
8346,2025-12-22,523.17
8346,2025-12-29,533.02
8346,2026-01-05,550.76
8346,2026-01-12,603.96
8346,2026-01-19,599.03
8346,2026-01-26,592.14
8346,2026-02-02,669.97
8346,2026-02-09,724.16
8346,2026-02-16,703.47
8346,2026-02-23,716.28
8346,2026-03-02,653.22
8346,2026-03-09,622.68
8346,2026-03-16,651.25
8346,2026-03-23,668.0
8346,2026-03-30,681.0
8346,2026-04-06,701.0
8346,2026-04-13,704.0
8346,2026-04-20,650.0
8346,2026-04-27,666.0
8346,2026-05-04,693.0
8346,2026-05-11,705.0
8346,2026-05-18,773.0
8346,2026-05-25,752.0
8346,2026-06-01,750.0
8346,2026-06-08,777.0
8346,2026-06-15,751.0
8346,2026-06-22,774.0
8346,2026-06-29,818.0
8346,2026-07-06,820.0
8346,2026-07-13,813.0
8346,2026-07-20,904.0
8346,2026-07-27,860.0
8346,2026-08-03,942.0
8346,2026-08-10,1003.0
8346,2026-08-17,950.0
8346,2026-08-24,992.0
8346,2026-08-31,992.0
8346,2026-09-07,1009.0
8346,2026-09-14,1024.0
8346,2026-09-21,1097.0
8359,2025-09-29,1453.21
8359,2025-10-06,1425.26
8359,2025-10-13,1388.98
8359,2025-10-20,1443.4
8359,2025-10-27,1523.32
8359,2025-11-03,1528.71
8359,2025-11-10,1537.05
8359,2025-11-17,1543.91
8359,2025-11-24,1640.99
8359,2025-12-01,1676.78
8359,2025-12-08,1640.01
8359,2025-12-15,1666.48
8359,2025-12-22,1643.93
8359,2025-12-29,1664.52
8359,2026-01-05,1762.58
8359,2026-01-12,1889.56
8359,2026-01-19,1915.55
8359,2026-01-26,1887.6
8359,2026-02-02,2051.85
8359,2026-02-09,2040.08
8359,2026-02-16,2050.87
8359,2026-02-23,2039.1
8359,2026-03-02,1922.41
8359,2026-03-09,1904.76
8359,2026-03-16,1921.92
8359,2026-03-23,2019.0
8359,2026-03-30,2027.5
8359,2026-04-06,2105.5
8359,2026-04-13,2104.0
8359,2026-04-20,2027.5
8359,2026-04-27,2094.5
8359,2026-05-04,2201.5
8359,2026-05-11,2388.0
8359,2026-05-18,2335.0
8359,2026-05-25,2323.5
8359,2026-06-01,2380.5
8359,2026-06-08,2342.5
8359,2026-06-15,2347.0
8359,2026-06-22,2387.0
8359,2026-06-29,2529.5
8359,2026-07-06,2551.0
8359,2026-07-13,2456.5
8359,2026-07-20,2674.0
8359,2026-07-27,2508.0
8359,2026-08-03,2607.0
8359,2026-08-10,2698.0
8359,2026-08-17,2581.0
8359,2026-08-24,2697.5
8359,2026-08-31,2732.0
8359,2026-09-07,2703.5
8359,2026-09-14,2697.0
8359,2026-09-21,2840.0
8361,2025-09-29,3333.96
8361,2025-10-06,3471.85
8361,2025-10-13,3457.07
8361,2025-10-20,3629.43
8361,2025-10-27,3634.36
8361,2025-11-03,3668.83
8361,2025-11-10,3678.68
8361,2025-11-17,3742.7
8361,2025-11-24,4151.44
8361,2025-12-01,4323.8
8361,2025-12-08,4249.93
8361,2025-12-15,4560.18
8361,2025-12-22,4638.98
8361,2025-12-29,4619.28
8361,2026-01-05,5141.29
8361,2026-01-12,5594.35
8361,2026-01-19,5771.63
8361,2026-01-26,5545.1
8361,2026-02-02,6017.87
8361,2026-02-09,6205.0
8361,2026-02-16,6392.13
8361,2026-02-23,6736.86
8361,2026-03-02,6313.34
8361,2026-03-09,5929.22
8361,2026-03-16,6008.02
8361,2026-03-23,6205.0
8361,2026-03-30,6290.0
8361,2026-04-06,6910.0
8361,2026-04-13,7100.0
8361,2026-04-20,6780.0
8361,2026-04-27,7040.0
8361,2026-05-04,7090.0
8361,2026-05-11,7410.0
8361,2026-05-18,7750.0
8361,2026-05-25,7220.0
8361,2026-06-01,7280.0
8361,2026-06-08,7370.0
8361,2026-06-15,7090.0
8361,2026-06-22,7320.0
8361,2026-06-29,7850.0
8361,2026-07-06,7860.0
8361,2026-07-13,7350.0
8361,2026-07-20,8120.0
8361,2026-07-27,7210.0
8361,2026-08-03,7560.0
8361,2026-08-10,8050.0
8361,2026-08-17,7920.0
8361,2026-08-24,8210.0
8361,2026-08-31,8260.0
8361,2026-09-07,8180.0
8361,2026-09-14,8440.0
8361,2026-09-21,8850.0
8362,2025-09-29,2060.5
8362,2025-10-06,2008.71
8362,2025-10-13,1997.97
8362,2025-10-20,2070.27
8362,2025-10-27,2124.0
8362,2025-11-03,2136.7
8362,2025-11-10,2146.47
8362,2025-11-17,2155.27
8362,2025-11-24,2351.64
8362,2025-12-01,2353.6
8362,2025-12-08,2323.31
8362,2025-12-15,2387.79
8362,2025-12-22,2469.86
8362,2025-12-29,2531.41
8362,2026-01-05,2681.87
8362,2026-01-12,2775.66
8362,2026-01-19,2812.79
8362,2026-01-26,2846.98
8362,2026-02-02,3165.48
8362,2026-02-09,3326.69
8362,2026-02-16,3341.34
8362,2026-02-23,3448.81
8362,2026-03-02,3292.49
8362,2026-03-09,3189.91
8362,2026-03-16,3272.95
8362,2026-03-23,3356.0
8362,2026-03-30,3345.0
8362,2026-04-06,3555.0
8362,2026-04-13,3875.0
8362,2026-04-20,3460.0
8362,2026-04-27,3765.0
8362,2026-05-04,3940.0
8362,2026-05-11,4450.0
8362,2026-05-18,4645.0
8362,2026-05-25,4590.0
8362,2026-06-01,5390.0
8362,2026-06-08,5340.0
8362,2026-06-15,4960.0
8362,2026-06-22,5440.0
8362,2026-06-29,6010.0
8362,2026-07-06,5760.0
8362,2026-07-13,5630.0
8362,2026-07-20,6180.0
8362,2026-07-27,5680.0
8362,2026-08-03,6180.0
8362,2026-08-10,6720.0
8362,2026-08-17,6860.0
8362,2026-08-24,7210.0
8362,2026-08-31,7050.0
8362,2026-09-07,7680.0
8362,2026-09-14,8080.0
8362,2026-09-21,8180.0
8366,2025-09-29,1266.07
8366,2025-10-06,1230.35
8366,2025-10-13,1210.51
8366,2025-10-20,1220.43
8366,2025-10-27,1236.31
8366,2025-11-03,1262.1
8366,2025-11-10,1230.35
8366,2025-11-17,1226.38
8366,2025-11-24,1349.42
8366,2025-12-01,1399.03
8366,2025-12-08,1454.59
8366,2025-12-15,1488.33
8366,2025-12-22,1424.83
8366,2025-12-29,1424.83
8366,2026-01-05,1514.13
8366,2026-01-12,1611.37
8366,2026-01-19,1629.23
8366,2026-01-26,1565.72
8366,2026-02-02,1722.49
8366,2026-02-09,1758.21
8366,2026-02-16,1744.32
8366,2026-02-23,1793.93
8366,2026-03-02,1694.71
8366,2026-03-09,1700.66
8366,2026-03-16,1746.31
8366,2026-03-23,1913.0
8366,2026-03-30,1901.0
8366,2026-04-06,2090.0
8366,2026-04-13,2056.0
8366,2026-04-20,1869.0
8366,2026-04-27,1886.0
8366,2026-05-04,1859.0
8366,2026-05-11,2056.0
8366,2026-05-18,2165.0
8366,2026-05-25,2002.0
8366,2026-06-01,2092.0
8366,2026-06-08,2268.0
8366,2026-06-15,2294.0
8366,2026-06-22,2412.0
8366,2026-06-29,2641.0
8366,2026-07-06,2888.0
8366,2026-07-13,2542.0
8366,2026-07-20,2655.0
8366,2026-07-27,2400.0
8366,2026-08-03,2553.0
8366,2026-08-10,2775.0
8366,2026-08-17,2666.0
8366,2026-08-24,2817.0
8366,2026-08-31,2862.0
8366,2026-09-07,2852.0
8366,2026-09-14,2883.0
8366,2026-09-21,3020.0
8367,2025-09-29,955.34
8367,2025-10-06,945.5
8367,2025-10-13,950.42
8367,2025-10-20,982.89
8367,2025-10-27,1009.45
8367,2025-11-03,1023.23
8367,2025-11-10,1040.94
8367,2025-11-17,1046.84
8367,2025-11-24,1113.74
8367,2025-12-01,1135.39
8367,2025-12-08,1137.35
8367,2025-12-15,1157.03
8367,2025-12-22,1151.13
8367,2025-12-29,1172.77
8367,2026-01-05,1221.97
8367,2026-01-12,1322.32
8367,2026-01-19,1340.03
8367,2026-01-26,1310.52
8367,2026-02-02,1414.81
8367,2026-02-09,1473.84
8367,2026-02-16,1473.84
8367,2026-02-23,1505.32
8367,2026-03-02,1442.35
8367,2026-03-09,1395.13
8367,2026-03-16,1403.0
8367,2026-03-23,1464.0
8367,2026-03-30,1466.0
8367,2026-04-06,1526.0
8367,2026-04-13,1561.0
8367,2026-04-20,1448.0
8367,2026-04-27,1466.0
8367,2026-05-04,1619.0
8367,2026-05-11,1655.0
8367,2026-05-18,1762.0
8367,2026-05-25,1686.0
8367,2026-06-01,1672.0
8367,2026-06-08,1780.0
8367,2026-06-15,1726.0
8367,2026-06-22,1756.0
8367,2026-06-29,1850.0
8367,2026-07-06,1859.0
8367,2026-07-13,1791.0
8367,2026-07-20,1922.0
8367,2026-07-27,1720.0
8367,2026-08-03,1808.0
8367,2026-08-10,1941.0
8367,2026-08-17,1872.0
8367,2026-08-24,1956.0
8367,2026-08-31,1970.0
8367,2026-09-07,1951.0
8367,2026-09-14,2023.0
8367,2026-09-21,2088.0
8368,2025-09-29,891.93
8368,2025-10-06,884.04
8368,2025-10-13,918.57
8368,2025-10-20,920.54
8368,2025-10-27,942.25
8368,2025-11-03,938.3
8368,2025-11-10,956.06
8368,2025-11-17,980.73
8368,2025-11-24,1029.08
8368,2025-12-01,1035.98
8368,2025-12-08,1077.42
8368,2025-12-15,1111.95
8368,2025-12-22,1107.02
8368,2025-12-29,1130.7
8368,2026-01-05,1194.83
8368,2026-01-12,1313.23
8368,2026-01-19,1464.19
8368,2026-01-26,1384.27
8368,2026-02-02,1498.72
8368,2026-02-09,1536.21
8368,2026-02-16,1536.21
8368,2026-02-23,1677.3
8368,2026-03-02,1553.97
8368,2026-03-09,1507.6
8368,2026-03-16,1483.92
8368,2026-03-23,1552.0
8368,2026-03-30,1596.0
8368,2026-04-06,1805.0
8368,2026-04-13,1887.0
8368,2026-04-20,1692.0
8368,2026-04-27,1811.0
8368,2026-05-04,1809.0
8368,2026-05-11,1953.0
8368,2026-05-18,1972.0
8368,2026-05-25,1906.0
8368,2026-06-01,1924.0
8368,2026-06-08,1945.0
8368,2026-06-15,1890.0
8368,2026-06-22,1960.0
8368,2026-06-29,2081.0
8368,2026-07-06,2064.0
8368,2026-07-13,1924.0
8368,2026-07-20,2080.0
8368,2026-07-27,2017.0
8368,2026-08-03,2121.0
8368,2026-08-10,2308.0
8368,2026-08-17,2256.0
8368,2026-08-24,2443.0
8368,2026-08-31,2376.0
8368,2026-09-07,2399.0
8368,2026-09-14,2481.0
8368,2026-09-21,2606.0
8370,2025-09-29,2796.51
8370,2025-10-06,2768.07
8370,2025-10-13,2778.86
8370,2025-10-20,2923.98
8370,2025-10-27,2941.63
8370,2025-11-03,3005.36
8370,2025-11-10,2921.03
8370,2025-11-17,2892.6
8370,2025-11-24,3010.26
8370,2025-12-01,3049.49
8370,2025-12-08,3083.8
8370,2025-12-15,3191.66
8370,2025-12-22,3181.86
8370,2025-12-29,3196.57
8370,2026-01-05,3333.84
8370,2026-01-12,3500.53
8370,2026-01-19,3637.81
8370,2026-01-26,3696.64
8370,2026-02-02,4005.51
8370,2026-02-09,4083.96
8370,2026-02-16,4186.91
8370,2026-02-23,4201.62
8370,2026-03-02,3995.71
8370,2026-03-09,3789.79
8370,2026-03-16,3819.21
8370,2026-03-23,3981.0
8370,2026-03-30,4020.0
8370,2026-04-06,4210.0
8370,2026-04-13,4140.0
8370,2026-04-20,3885.0
8370,2026-04-27,4155.0
8370,2026-05-04,4200.0
8370,2026-05-11,4405.0
8370,2026-05-18,4525.0
8370,2026-05-25,4240.0
8370,2026-06-01,4320.0
8370,2026-06-08,4515.0
8370,2026-06-15,4430.0
8370,2026-06-22,4460.0
8370,2026-06-29,4550.0
8370,2026-07-06,4605.0
8370,2026-07-13,4550.0
8370,2026-07-20,4945.0
8370,2026-07-27,4690.0
8370,2026-08-03,4845.0
8370,2026-08-10,5070.0
8370,2026-08-17,4885.0
8370,2026-08-24,5100.0
8370,2026-08-31,5160.0
8370,2026-09-07,5060.0
8370,2026-09-14,5310.0
8370,2026-09-21,5390.0
8377,2025-09-29,3686.81
8377,2025-10-06,3647.24
8377,2025-10-13,3480.07
8377,2025-10-20,3549.31
8377,2025-10-27,3738.25
8377,2025-11-03,4071.62
8377,2025-11-10,4165.59
8377,2025-11-17,4352.55
8377,2025-11-24,4393.11
8377,2025-12-01,4414.88
8377,2025-12-08,4395.09
8377,2025-12-15,4517.75
8377,2025-12-22,4565.24
8377,2025-12-29,4540.51
8377,2026-01-05,4915.42
8377,2026-01-12,5325.94
8377,2026-01-19,5298.25
8377,2026-01-26,5242.85
8377,2026-02-02,5832.42
8377,2026-02-09,6136.11
8377,2026-02-16,6163.81
8377,2026-02-23,6183.6
8377,2026-03-02,5965.97
8377,2026-03-09,5686.02
8377,2026-03-16,5693.93
8377,2026-03-23,5963.0
8377,2026-03-30,6203.0
8377,2026-04-06,6271.0
8377,2026-04-13,6301.0
8377,2026-04-20,5602.0
8377,2026-04-27,5939.0
8377,2026-05-04,6077.0
8377,2026-05-11,6454.0
8377,2026-05-18,6787.0
8377,2026-05-25,6456.0
8377,2026-06-01,6429.0
8377,2026-06-08,6505.0
8377,2026-06-15,6415.0
8377,2026-06-22,6703.0
8377,2026-06-29,7270.0
8377,2026-07-06,7510.0
8377,2026-07-13,6966.0
8377,2026-07-20,7714.0
8377,2026-07-27,7469.0
8377,2026-08-03,8053.0
8377,2026-08-10,8592.0
8377,2026-08-17,8041.0
8377,2026-08-24,8359.0
8377,2026-08-31,8316.0
8377,2026-09-07,8250.0
8377,2026-09-14,8604.0
8377,2026-09-21,8815.0
8386,2025-09-29,1220.85
8386,2025-10-06,1222.08
8386,2025-10-13,1219.62
8386,2025-10-20,1251.65
8386,2025-10-27,1330.49
8386,2025-11-03,1411.8
8386,2025-11-10,1446.3
8386,2025-11-17,1473.4
8386,2025-11-24,1532.53
8386,2025-12-01,1530.07
8386,2025-12-08,1539.92
8386,2025-12-15,1591.66
8386,2025-12-22,1594.13
8386,2025-12-29,1640.94
8386,2026-01-05,1732.1
8386,2026-01-12,1921.82
8386,2026-01-19,2064.73
8386,2026-01-26,2057.34
8386,2026-02-02,2325.9
8386,2026-02-09,2365.32
8386,2026-02-16,2340.68
8386,2026-02-23,2407.21
8386,2026-03-02,2180.53
8386,2026-03-09,2101.69
8386,2026-03-16,2089.37
8386,2026-03-23,2148.5
8386,2026-03-30,2205.0
8386,2026-04-06,2322.0
8386,2026-04-13,2445.0
8386,2026-04-20,2275.0
8386,2026-04-27,2371.0
8386,2026-05-04,2360.0
8386,2026-05-11,2467.0
8386,2026-05-18,2559.0
8386,2026-05-25,2485.0
8386,2026-06-01,2438.0
8386,2026-06-08,2521.0
8386,2026-06-15,2388.0
8386,2026-06-22,2560.0
8386,2026-06-29,2669.0
8386,2026-07-06,2651.0
8386,2026-07-13,2628.0
8386,2026-07-20,2966.0
8386,2026-07-27,2846.0
8386,2026-08-03,2872.0
8386,2026-08-10,3085.0
8386,2026-08-17,2980.0
8386,2026-08-24,3135.0
8386,2026-08-31,3115.0
8386,2026-09-07,3085.0
8386,2026-09-14,3140.0
8386,2026-09-21,3245.0
8387,2025-09-29,1397.03
8387,2025-10-06,1378.29
8387,2025-10-13,1376.31
8387,2025-10-20,1400.98
8387,2025-10-27,1435.51
8387,2025-11-03,1471.03
8387,2025-11-10,1495.69
8387,2025-11-17,1507.53
8387,2025-11-24,1642.7
8387,2025-12-01,1627.9
8387,2025-12-08,1635.79
8387,2025-12-15,1694.99
8387,2025-12-22,1708.8
8387,2025-12-29,1734.45
8387,2026-01-05,1866.66
8387,2026-01-12,1951.51
8387,2026-01-19,2011.69
8387,2026-01-26,2007.74
8387,2026-02-02,2284.98
8387,2026-02-09,2309.64
8387,2026-02-16,2375.75
8387,2026-02-23,2420.14
8387,2026-03-02,2272.15
8387,2026-03-09,2253.41
8387,2026-03-16,2273.14
8387,2026-03-23,2357.0
8387,2026-03-30,2361.0
8387,2026-04-06,2477.0
8387,2026-04-13,2700.0
8387,2026-04-20,2489.0
8387,2026-04-27,2548.0
8387,2026-05-04,2552.0
8387,2026-05-11,2694.0
8387,2026-05-18,2826.0
8387,2026-05-25,2749.0
8387,2026-06-01,2750.0
8387,2026-06-08,2893.0
8387,2026-06-15,2750.0
8387,2026-06-22,2942.0
8387,2026-06-29,3140.0
8387,2026-07-06,3135.0
8387,2026-07-13,3095.0
8387,2026-07-20,3465.0
8387,2026-07-27,3330.0
8387,2026-08-03,3515.0
8387,2026-08-10,3545.0
8387,2026-08-17,3370.0
8387,2026-08-24,3615.0
8387,2026-08-31,3775.0
8387,2026-09-07,4125.0
8387,2026-09-14,4440.0
8387,2026-09-21,4635.0
8388,2025-09-29,3584.68
8388,2025-10-06,3495.93
8388,2025-10-13,3495.93
8388,2025-10-20,3545.24
8388,2025-10-27,3589.61
8388,2025-11-03,3643.85
8388,2025-11-10,3772.05
8388,2025-11-17,3860.81
8388,2025-11-24,4092.55
8388,2025-12-01,4161.59
8388,2025-12-08,4171.45
8388,2025-12-15,4289.79
8388,2025-12-22,4230.62
8388,2025-12-29,4324.3
8388,2026-01-05,4546.19
8388,2026-01-12,4916.0
8388,2026-01-19,4989.96
8388,2026-01-26,5118.16
8388,2026-02-02,5581.65
8388,2026-02-09,5709.85
8388,2026-02-16,5729.58
8388,2026-02-23,5907.08
8388,2026-03-02,5552.07
8388,2026-03-09,5384.42
8388,2026-03-16,5650.68
8388,2026-03-23,5877.5
8388,2026-03-30,6120.0
8388,2026-04-06,6510.0
8388,2026-04-13,6630.0
8388,2026-04-20,6170.0
8388,2026-04-27,6270.0
8388,2026-05-04,6160.0
8388,2026-05-11,6720.0
8388,2026-05-18,6870.0
8388,2026-05-25,6700.0
8388,2026-06-01,6750.0
8388,2026-06-08,6990.0
8388,2026-06-15,6820.0
8388,2026-06-22,7070.0
8388,2026-06-29,7540.0
8388,2026-07-06,7530.0
8388,2026-07-13,7630.0
8388,2026-07-20,8680.0
8388,2026-07-27,8340.0
8388,2026-08-03,8930.0
8388,2026-08-10,9320.0
8388,2026-08-17,9000.0
8388,2026-08-24,10200.0
8388,2026-08-31,9940.0
8388,2026-09-07,10190.0
8388,2026-09-14,10380.0
8388,2026-09-21,11040.0
8392,2025-09-29,1001.39
8392,2025-10-06,955.78
8392,2025-10-13,961.73
8392,2025-10-20,993.46
8392,2025-10-27,1009.32
8392,2025-11-03,1029.15
8392,2025-11-10,1064.84
8392,2025-11-17,1048.98
8392,2025-11-24,1156.06
8392,2025-12-01,1221.5
8392,2025-12-08,1219.51
8392,2025-12-15,1259.17
8392,2025-12-22,1237.36
8392,2025-12-29,1286.93
8392,2026-01-05,1384.1
8392,2026-01-12,1487.21
8392,2026-01-19,1598.26
8392,2026-01-26,1622.05
8392,2026-02-02,1867.94
8392,2026-02-09,1895.7
8392,2026-02-16,1917.51
8392,2026-02-23,1988.9
8392,2026-03-02,1963.12
8392,2026-03-09,1873.89
8392,2026-03-16,1893.72
8392,2026-03-23,1977.0
8392,2026-03-30,1873.0
8392,2026-04-06,2110.0
8392,2026-04-13,2164.0
8392,2026-04-20,1980.0
8392,2026-04-27,2103.0
8392,2026-05-04,2132.0
8392,2026-05-11,2209.0
8392,2026-05-18,2258.0
8392,2026-05-25,2254.0
8392,2026-06-01,2241.0
8392,2026-06-08,2390.0
8392,2026-06-15,2264.0
8392,2026-06-22,2336.0
8392,2026-06-29,2547.0
8392,2026-07-06,2509.0
8392,2026-07-13,2443.0
8392,2026-07-20,2790.0
8392,2026-07-27,2565.0
8392,2026-08-03,2712.0
8392,2026-08-10,2843.0
8392,2026-08-17,2763.0
8392,2026-08-24,2902.0
8392,2026-08-31,2991.0
8392,2026-09-07,3040.0
8392,2026-09-14,3135.0
8392,2026-09-21,3280.0
8393,2025-09-29,886.76
8393,2025-10-06,864.03
8393,2025-10-13,872.92
8393,2025-10-20,906.54
8393,2025-10-27,917.41
8393,2025-11-03,1008.36
8393,2025-11-10,1028.13
8393,2025-11-17,1020.22
8393,2025-11-24,1126.99
8393,2025-12-01,1178.4
8393,2025-12-08,1190.26
8393,2025-12-15,1227.83
8393,2025-12-22,1235.74
8393,2025-12-29,1293.07
8393,2026-01-05,1399.84
8393,2026-01-12,1494.75
8393,2026-01-19,1583.72
8393,2026-01-26,1536.27
8393,2026-02-02,1743.87
8393,2026-02-09,1872.39
8393,2026-02-16,1874.37
8393,2026-02-23,1921.82
8393,2026-03-02,1832.84
8393,2026-03-09,1741.89
8393,2026-03-16,1779.46
8393,2026-03-23,1906.0
8393,2026-03-30,1844.0
8393,2026-04-06,2017.0
8393,2026-04-13,2117.0
8393,2026-04-20,1929.0
8393,2026-04-27,1955.0
8393,2026-05-04,1952.0
8393,2026-05-11,1996.0
8393,2026-05-18,2050.0
8393,2026-05-25,1856.0
8393,2026-06-01,1943.0
8393,2026-06-08,2130.0
8393,2026-06-15,1998.0
8393,2026-06-22,2124.0
8393,2026-06-29,2222.0
8393,2026-07-06,2194.0
8393,2026-07-13,2147.0
8393,2026-07-20,2478.0
8393,2026-07-27,2339.0
8393,2026-08-03,2389.0
8393,2026-08-10,2497.0
8393,2026-08-17,2440.0
8393,2026-08-24,2544.0
8393,2026-08-31,2651.0
8393,2026-09-07,2693.0
8393,2026-09-14,2782.0
8393,2026-09-21,2955.0
8395,2025-09-29,2998.1
8395,2025-10-06,2993.16
8395,2025-10-13,3037.61
8395,2025-10-20,3111.7
8395,2025-10-27,3166.03
8395,2025-11-03,3175.91
8395,2025-11-10,3304.33
8395,2025-11-17,3353.72
8395,2025-11-24,3571.05
8395,2025-12-01,3694.53
8395,2025-12-08,3724.16
8395,2025-12-15,3832.83
8395,2025-12-22,3877.28
8395,2025-12-29,4000.76
8395,2026-01-05,4262.54
8395,2026-01-12,4519.38
8395,2026-01-19,4623.1
8395,2026-01-26,4534.19
8395,2026-02-02,4949.09
8395,2026-02-09,4998.48
8395,2026-02-16,5018.24
8395,2026-02-23,5117.02
8395,2026-03-02,4756.46
8395,2026-03-09,4608.28
8395,2026-03-16,4672.49
8395,2026-03-23,4875.0
8395,2026-03-30,4910.0
8395,2026-04-06,5240.0
8395,2026-04-13,5370.0
8395,2026-04-20,5050.0
8395,2026-04-27,5080.0
8395,2026-05-04,5080.0
8395,2026-05-11,5220.0
8395,2026-05-18,5290.0
8395,2026-05-25,5210.0
8395,2026-06-01,5280.0
8395,2026-06-08,5530.0
8395,2026-06-15,5130.0
8395,2026-06-22,5220.0
8395,2026-06-29,5470.0
8395,2026-07-06,5590.0
8395,2026-07-13,5340.0
8395,2026-07-20,5910.0
8395,2026-07-27,5600.0
8395,2026-08-03,5880.0
8395,2026-08-10,6380.0
8395,2026-08-17,6460.0
8395,2026-08-24,6630.0
8395,2026-08-31,6570.0
8395,2026-09-07,6600.0
8395,2026-09-14,6780.0
8395,2026-09-21,7080.0
8399,2025-09-29,1408.35
8399,2025-10-06,1380.11
8399,2025-10-13,1369.39
8399,2025-10-20,1530.1
8399,2025-10-27,1465.82
8399,2025-11-03,1480.43
8399,2025-11-10,1538.86
8399,2025-11-17,1571.98
8399,2025-11-24,1758.01
8399,2025-12-01,1728.79
8399,2025-12-08,1712.23
8399,2025-12-15,1784.3
8399,2025-12-22,1785.28
8399,2025-12-29,1801.84
8399,2026-01-05,1956.7
8399,2026-01-12,2101.82
8399,2026-01-19,2216.74
8399,2026-01-26,2142.72
8399,2026-02-02,2327.78
8399,2026-02-09,2402.77
8399,2026-02-16,2397.9
8399,2026-02-23,2389.14
8399,2026-03-02,2267.39
8399,2026-03-09,2210.9
8399,2026-03-16,2216.74
8399,2026-03-23,2282.0
8399,2026-03-30,2304.0
8399,2026-04-06,2409.0
8399,2026-04-13,2513.0
8399,2026-04-20,2455.0
8399,2026-04-27,2499.0
8399,2026-05-04,2466.0
8399,2026-05-11,2577.0
8399,2026-05-18,2603.0
8399,2026-05-25,2506.0
8399,2026-06-01,2461.0
8399,2026-06-08,2579.0
8399,2026-06-15,2478.0
8399,2026-06-22,2541.0
8399,2026-06-29,2651.0
8399,2026-07-06,2755.0
8399,2026-07-13,2729.0
8399,2026-07-20,2999.0
8399,2026-07-27,2943.0
8399,2026-08-03,3095.0
8399,2026-08-10,3295.0
8399,2026-08-17,3155.0
8399,2026-08-24,3290.0
8399,2026-08-31,3235.0
8399,2026-09-07,3220.0
8399,2026-09-14,3325.0
8399,2026-09-21,3430.0
8418,2025-09-29,1754.37
8418,2025-10-06,1684.77
8418,2025-10-13,1645.77
8418,2025-10-20,1722.29
8418,2025-10-27,1744.99
8418,2025-11-03,1749.93
8418,2025-11-10,1781.03
8418,2025-11-17,1773.62
8418,2025-11-24,2012.05
8418,2025-12-01,2025.38
8418,2025-12-08,2093.5
8418,2025-12-15,2080.17
8418,2025-12-22,2057.96
8418,2025-12-29,2095.97
8418,2026-01-05,2213.45
8418,2026-01-12,2323.04
8418,2026-01-19,2437.07
8418,2026-01-26,2424.73
8418,2026-02-02,2628.6
8418,2026-02-09,2731.27
8418,2026-02-16,2695.24
8418,2026-02-23,2716.96
8418,2026-03-02,2550.6
8418,2026-03-09,2469.15
8418,2026-03-16,2418.8
8418,2026-03-23,2481.0
8418,2026-03-30,2595.5
8418,2026-04-06,2698.5
8418,2026-04-13,2769.5
8418,2026-04-20,2553.5
8418,2026-04-27,2640.0
8418,2026-05-04,2640.0
8418,2026-05-11,2813.0
8418,2026-05-18,2863.0
8418,2026-05-25,2740.5
8418,2026-06-01,2731.0
8418,2026-06-08,2920.0
8418,2026-06-15,2859.5
8418,2026-06-22,2876.5
8418,2026-06-29,2987.0
8418,2026-07-06,2972.5
8418,2026-07-13,2902.0
8418,2026-07-20,3121.0
8418,2026-07-27,2976.0
8418,2026-08-03,3075.0
8418,2026-08-10,3202.0
8418,2026-08-17,3106.0
8418,2026-08-24,3198.0
8418,2026-08-31,3226.0
8418,2026-09-07,3203.0
8418,2026-09-14,3443.0
8418,2026-09-21,3550.0
8524,2025-09-29,698.24
8524,2025-10-06,685.55
8524,2025-10-13,670.9
8524,2025-10-20,706.05
8524,2025-10-27,705.08
8524,2025-11-03,715.82
8524,2025-11-10,723.63
8524,2025-11-17,732.42
8524,2025-11-24,806.64
8524,2025-12-01,814.45
8524,2025-12-08,806.64
8524,2025-12-15,832.03
8524,2025-12-22,821.29
8524,2025-12-29,834.57
8524,2026-01-05,908.39
8524,2026-01-12,945.79
8524,2026-01-19,926.1
8524,2026-01-26,906.42
8524,2026-02-02,961.53
8524,2026-02-09,997.95
8524,2026-02-16,1031.41
8524,2026-02-23,1080.62
8524,2026-03-02,987.12
8524,2026-03-09,932.01
8524,2026-03-16,916.26
8524,2026-03-23,956.61
8524,2026-03-30,990.87
8524,2026-04-06,1035.54
8524,2026-04-13,1038.52
8524,2026-04-20,923.35
8524,2026-04-27,982.92
8524,2026-05-04,973.99
8524,2026-05-11,987.89
8524,2026-05-18,999.8
8524,2026-05-25,966.04
8524,2026-06-01,985.9
8524,2026-06-08,1012.71
8524,2026-06-15,1009.73
8524,2026-06-22,1111.0
8524,2026-06-29,1141.0
8524,2026-07-06,1170.0
8524,2026-07-13,1114.0
8524,2026-07-20,1217.0
8524,2026-07-27,1157.0
8524,2026-08-03,1221.0
8524,2026-08-10,1301.0
8524,2026-08-17,1261.0
8524,2026-08-24,1306.0
8524,2026-08-31,1318.0
8524,2026-09-07,1298.0
8524,2026-09-14,1322.0
8524,2026-09-21,1375.0
8537,2025-09-29,1663.25
8537,2025-10-06,1645.65
8537,2025-10-13,1629.02
8537,2025-10-20,1693.56
8537,2025-10-27,1706.27
8537,2025-11-03,1685.74
8537,2025-11-10,1684.76
8537,2025-11-17,1674.98
8537,2025-11-24,1811.87
8537,2025-12-01,1912.59
8537,2025-12-08,1908.68
8537,2025-12-15,1909.65
8537,2025-12-22,2043.61
8537,2025-12-29,2023.08
8537,2026-01-05,2275.35
8537,2026-01-12,2406.38
8537,2026-01-19,2436.69
8537,2026-01-26,2316.42
8537,2026-02-02,2461.14
8537,2026-02-09,2546.2
8537,2026-02-16,2829.77
8537,2026-02-23,2832.7
8537,2026-03-02,2576.52
8537,2026-03-09,2447.45
8537,2026-03-16,2417.13
8537,2026-03-23,2379.0
8537,2026-03-30,2375.0
8537,2026-04-06,2539.0
8537,2026-04-13,2617.0
8537,2026-04-20,2393.0
8537,2026-04-27,2506.0
8537,2026-05-04,2592.0
8537,2026-05-11,2740.0
8537,2026-05-18,2981.0
8537,2026-05-25,2834.0
8537,2026-06-01,2807.0
8537,2026-06-08,2841.0
8537,2026-06-15,2721.0
8537,2026-06-22,2740.0
8537,2026-06-29,2843.0
8537,2026-07-06,2721.0
8537,2026-07-13,2633.0
8537,2026-07-20,2889.0
8537,2026-07-27,2592.0
8537,2026-08-03,2695.0
8537,2026-08-10,2945.0
8537,2026-08-17,2978.0
8537,2026-08-24,3055.0
8537,2026-08-31,3155.0
8537,2026-09-07,3125.0
8537,2026-09-14,3245.0
8537,2026-09-21,3360.0
8541,2025-09-29,1162.08
8541,2025-10-06,1133.59
8541,2025-10-13,1135.56
8541,2025-10-20,1202.36
8541,2025-10-27,1227.9
8541,2025-11-03,1227.9
8541,2025-11-10,1234.77
8541,2025-11-17,1242.63
8541,2025-11-24,1293.71
8541,2025-12-01,1341.85
8541,2025-12-08,1369.35
8541,2025-12-15,1382.12
8541,2025-12-22,1443.02
8541,2025-12-29,1463.65
8541,2026-01-05,1541.26
8541,2026-01-12,1639.49
8541,2026-01-19,1710.21
8541,2026-01-26,1667.97
8541,2026-02-02,1786.83
8541,2026-02-09,1918.47
8541,2026-02-16,1874.26
8541,2026-02-23,1859.53
8541,2026-03-02,1705.3
8541,2026-03-09,1587.42
8541,2026-03-16,1553.04
8541,2026-03-23,1611.0
8541,2026-03-30,1609.0
8541,2026-04-06,1721.0
8541,2026-04-13,1836.0
8541,2026-04-20,1722.0
8541,2026-04-27,1790.0
8541,2026-05-04,1857.0
8541,2026-05-11,1913.0
8541,2026-05-18,1984.0
8541,2026-05-25,1934.0
8541,2026-06-01,1992.0
8541,2026-06-08,2044.0
8541,2026-06-15,1945.0
8541,2026-06-22,2053.0
8541,2026-06-29,2210.0
8541,2026-07-06,2239.0
8541,2026-07-13,2317.0
8541,2026-07-20,2794.0
8541,2026-07-27,2781.0
8541,2026-08-03,2853.0
8541,2026-08-10,3065.0
8541,2026-08-17,3260.0
8541,2026-08-24,3215.0
8541,2026-08-31,3210.0
8541,2026-09-07,3295.0
8541,2026-09-14,3390.0
8541,2026-09-21,3700.0
8544,2025-09-29,1226.33
8544,2025-10-06,1242.15
8544,2025-10-13,1234.24
8544,2025-10-20,1254.02
8544,2025-10-27,1285.67
8544,2025-11-03,1306.43
8544,2025-11-10,1414.23
8544,2025-11-17,1427.09
8544,2025-11-24,1520.05
8544,2025-12-01,1625.87
8544,2025-12-08,1639.72
8544,2025-12-15,1609.06
8544,2025-12-22,1601.15
8544,2025-12-29,1645.65
8544,2026-01-05,1713.89
8544,2026-01-12,1828.61
8544,2026-01-19,1863.23
8544,2026-01-26,1832.57
8544,2026-02-02,2004.65
8544,2026-02-09,2123.33
8544,2026-02-16,2127.28
8544,2026-02-23,2227.17
8544,2026-03-02,2035.31
8544,2026-03-09,1981.9
8544,2026-03-16,1987.84
8544,2026-03-23,2063.0
8544,2026-03-30,2181.0
8544,2026-04-06,2263.0
8544,2026-04-13,2257.0
8544,2026-04-20,2105.0
8544,2026-04-27,2117.0
8544,2026-05-04,2111.0
8544,2026-05-11,2368.0
8544,2026-05-18,2480.0
8544,2026-05-25,2581.0
8544,2026-06-01,2429.0
8544,2026-06-08,2524.0
8544,2026-06-15,2421.0
8544,2026-06-22,2471.0
8544,2026-06-29,2638.0
8544,2026-07-06,2591.0
8544,2026-07-13,2469.0
8544,2026-07-20,2844.0
8544,2026-07-27,2650.0
8544,2026-08-03,2643.0
8544,2026-08-10,2788.0
8544,2026-08-17,2687.0
8544,2026-08-24,2852.0
8544,2026-08-31,2870.0
8544,2026-09-07,2839.0
8544,2026-09-14,2855.0
8544,2026-09-21,3010.0
8550,2025-09-29,493.28
8550,2025-10-06,477.53
8550,2025-10-13,470.64
8550,2025-10-20,492.3
8550,2025-10-27,541.53
8550,2025-11-03,567.13
8550,2025-11-10,609.47
8550,2025-11-17,605.53
8550,2025-11-24,681.34
8550,2025-12-01,702.02
8550,2025-12-08,716.79
8550,2025-12-15,705.96
8550,2025-12-22,710.88
8550,2025-12-29,714.82
8550,2026-01-05,780.79
8550,2026-01-12,854.63
8550,2026-01-19,900.91
8550,2026-01-26,823.12
8550,2026-02-02,982.63
8550,2026-02-09,990.51
8550,2026-02-16,986.57
8550,2026-02-23,1001.34
8550,2026-03-02,912.72
8550,2026-03-09,885.15
8550,2026-03-16,888.11
8550,2026-03-23,895.0
8550,2026-03-30,902.0
8550,2026-04-06,953.0
8550,2026-04-13,1020.0
8550,2026-04-20,909.0
8550,2026-04-27,963.0
8550,2026-05-04,959.0
8550,2026-05-11,937.0
8550,2026-05-18,972.0
8550,2026-05-25,944.0
8550,2026-06-01,930.0
8550,2026-06-08,971.0
8550,2026-06-15,921.0
8550,2026-06-22,915.0
8550,2026-06-29,974.0
8550,2026-07-06,976.0
8550,2026-07-13,933.0
8550,2026-07-20,1028.0
8550,2026-07-27,951.0
8550,2026-08-03,1028.0
8550,2026-08-10,1117.0
8550,2026-08-17,1041.0
8550,2026-08-24,1094.0
8550,2026-08-31,1101.0
8550,2026-09-07,1074.0
8550,2026-09-14,1129.0
8550,2026-09-21,1208.0
8551,2025-09-29,3646.25
8551,2025-10-06,3553.26
8551,2025-10-13,3519.0
8551,2025-10-20,3665.82
8551,2025-10-27,3695.19
8551,2025-11-03,3675.61
8551,2025-11-10,4023.11
8551,2025-11-17,4116.1
8551,2025-11-24,4287.4
8551,2025-12-01,4204.2
8551,2025-12-08,4199.3
8551,2025-12-15,4238.46
8551,2025-12-22,4292.29
8551,2025-12-29,4424.44
8551,2026-01-05,4644.68
8551,2026-01-12,4904.08
8551,2026-01-19,4972.6
8551,2026-01-26,4585.95
8551,2026-02-02,4889.4
8551,2026-02-09,5119.43
8551,2026-02-16,5099.85
8551,2026-02-23,5187.95
8551,2026-03-02,4757.25
8551,2026-03-09,4561.48
8551,2026-03-16,4507.64
8551,2026-03-23,4630.0
8551,2026-03-30,4675.0
8551,2026-04-06,4900.0
8551,2026-04-13,5040.0
8551,2026-04-20,4660.0
8551,2026-04-27,4755.0
8551,2026-05-04,4785.0
8551,2026-05-11,5240.0
8551,2026-05-18,5500.0
8551,2026-05-25,5440.0
8551,2026-06-01,5320.0
8551,2026-06-08,5410.0
8551,2026-06-15,5200.0
8551,2026-06-22,5260.0
8551,2026-06-29,5680.0
8551,2026-07-06,5700.0
8551,2026-07-13,6030.0
8551,2026-07-20,6790.0
8551,2026-07-27,6650.0
8551,2026-08-03,6710.0
8551,2026-08-10,7380.0
8551,2026-08-17,7490.0
8551,2026-08-24,8080.0
8551,2026-08-31,8000.0
8551,2026-09-07,8480.0
8551,2026-09-14,8530.0
8551,2026-09-21,9060.0
8566,2025-09-29,5610.94
8566,2025-10-06,5650.31
8566,2025-10-13,5709.38
8566,2025-10-20,5709.38
8566,2025-10-27,5571.56
8566,2025-11-03,5473.12
8566,2025-11-10,5571.56
8566,2025-11-17,5670.0
8566,2025-11-24,5729.06
8566,2025-12-01,5591.25
8566,2025-12-08,5670.0
8566,2025-12-15,5660.16
8566,2025-12-22,5729.06
8566,2025-12-29,5748.75
8566,2026-01-05,5935.78
8566,2026-01-12,6004.69
8566,2026-01-19,5955.47
8566,2026-01-26,5896.41
8566,2026-02-02,5827.5
8566,2026-02-09,6083.44
8566,2026-02-16,6063.75
8566,2026-02-23,6309.84
8566,2026-03-02,6053.91
8566,2026-03-09,5866.88
8566,2026-03-16,5916.09
8566,2026-03-23,5985.0
8566,2026-03-30,5930.0
8566,2026-04-06,6020.0
8566,2026-04-13,6170.0
8566,2026-04-20,6030.0
8566,2026-04-27,6120.0
8566,2026-05-04,5960.0
8566,2026-05-11,6300.0
8566,2026-05-18,6000.0
8566,2026-05-25,6040.0
8566,2026-06-01,6000.0
8566,2026-06-08,6200.0
8566,2026-06-15,6150.0
8566,2026-06-22,6050.0
8566,2026-06-29,6240.0
8566,2026-07-06,6430.0
8566,2026-07-13,6580.0
8566,2026-07-20,6690.0
8566,2026-07-27,6720.0
8566,2026-08-03,6630.0
8566,2026-08-10,6620.0
8566,2026-08-17,6760.0
8566,2026-08-24,6880.0
8566,2026-08-31,6730.0
8566,2026-09-07,6850.0
8566,2026-09-14,6890.0
8566,2026-09-21,6940.0
8600,2025-09-29,647.95
8600,2025-10-06,645.98
8600,2025-10-13,639.09
8600,2025-10-20,667.64
8600,2025-10-27,672.57
8600,2025-11-03,694.23
8600,2025-11-10,685.37
8600,2025-11-17,692.26
8600,2025-11-24,736.57
8600,2025-12-01,738.54
8600,2025-12-08,743.47
8600,2025-12-15,751.34
8600,2025-12-22,753.31
8600,2025-12-29,772.02
8600,2026-01-05,798.61
8600,2026-01-12,854.74
8600,2026-01-19,860.65
8600,2026-01-26,859.66
8600,2026-02-02,917.76
8600,2026-02-09,949.27
8600,2026-02-16,961.09
8600,2026-02-23,967.98
8600,2026-03-02,884.28
8600,2026-03-09,845.88
8600,2026-03-16,838.98
8600,2026-03-23,838.0
8600,2026-03-30,888.0
8600,2026-04-06,924.0
8600,2026-04-13,939.0
8600,2026-04-20,866.0
8600,2026-04-27,892.0
8600,2026-05-04,889.0
8600,2026-05-11,878.0
8600,2026-05-18,888.0
8600,2026-05-25,876.0
8600,2026-06-01,852.0
8600,2026-06-08,890.0
8600,2026-06-15,861.0
8600,2026-06-22,876.0
8600,2026-06-29,895.0
8600,2026-07-06,910.0
8600,2026-07-13,908.0
8600,2026-07-20,1024.0
8600,2026-07-27,997.0
8600,2026-08-03,1078.0
8600,2026-08-10,1118.0
8600,2026-08-17,1083.0
8600,2026-08-24,1143.0
8600,2026-08-31,1136.0
8600,2026-09-07,1137.0
8600,2026-09-14,1183.0
8600,2026-09-21,1226.0
8697,2025-09-29,1654.05
8697,2025-10-06,1716.83
8697,2025-10-13,1717.81
8697,2025-10-20,1732.04
8697,2025-10-27,1696.72
8697,2025-11-03,1708.98
8697,2025-11-10,1755.09
8697,2025-11-17,1717.32
8697,2025-11-24,1757.55
8697,2025-12-01,1704.08
8697,2025-12-08,1705.06
8697,2025-12-15,1632.95
8697,2025-12-22,1665.33
8697,2025-12-29,1644.24
8697,2026-01-05,1730.57
8697,2026-01-12,1747.25
8697,2026-01-19,1729.59
8697,2026-01-26,1655.03
8697,2026-02-02,1617.26
8697,2026-02-09,1787.96
8697,2026-02-16,1841.43
8697,2026-02-23,2095.03
8697,2026-03-02,2003.3
8697,2026-03-09,1819.35
8697,2026-03-16,1807.09
8697,2026-03-23,1863.5
8697,2026-03-30,1886.5
8697,2026-04-06,1948.5
8697,2026-04-13,1900.0
8697,2026-04-20,1835.5
8697,2026-04-27,1862.0
8697,2026-05-04,1861.5
8697,2026-05-11,1767.5
8697,2026-05-18,1980.5
8697,2026-05-25,1951.0
8697,2026-06-01,2004.0
8697,2026-06-08,2121.5
8697,2026-06-15,2125.5
8697,2026-06-22,2012.0
8697,2026-06-29,2179.0
8697,2026-07-06,2176.5
8697,2026-07-13,2142.0
8697,2026-07-20,2222.0
8697,2026-07-27,2192.5
8697,2026-08-03,2264.0
8697,2026-08-10,2244.0
8697,2026-08-17,2238.0
8697,2026-08-24,2293.0
8697,2026-08-31,2239.0
8697,2026-09-07,2210.5
8697,2026-09-14,2235.5
8697,2026-09-21,2333.0
8714,2025-09-29,635.68
8714,2025-10-06,628.8
8714,2025-10-13,628.8
8714,2025-10-20,636.67
8714,2025-10-27,654.38
8714,2025-11-03,661.27
8714,2025-11-10,689.81
8714,2025-11-17,722.28
8714,2025-11-24,769.51
8714,2025-12-01,770.5
8714,2025-12-08,761.64
8714,2025-12-15,771.48
8714,2025-12-22,762.62
8714,2025-12-29,778.37
8714,2026-01-05,810.84
8714,2026-01-12,849.22
8714,2026-01-19,849.22
8714,2026-01-26,802.97
8714,2026-02-02,879.72
8714,2026-02-09,906.29
8714,2026-02-16,922.04
8714,2026-02-23,908.26
8714,2026-03-02,829.54
8714,2026-03-09,781.32
8714,2026-03-16,774.43
8714,2026-03-23,893.5
8714,2026-03-30,915.0
8714,2026-04-06,999.0
8714,2026-04-13,936.0
8714,2026-04-20,898.0
8714,2026-04-27,917.0
8714,2026-05-04,914.0
8714,2026-05-11,955.0
8714,2026-05-18,971.0
8714,2026-05-25,964.0
8714,2026-06-01,993.0
8714,2026-06-08,1009.0
8714,2026-06-15,979.0
8714,2026-06-22,975.0
8714,2026-06-29,1016.0
8714,2026-07-06,1010.0
8714,2026-07-13,985.0
8714,2026-07-20,1047.0
8714,2026-07-27,946.0
8714,2026-08-03,1031.0
8714,2026-08-10,1099.0
8714,2026-08-17,1055.0
8714,2026-08-24,1104.0
8714,2026-08-31,1083.0
8714,2026-09-07,1071.0
8714,2026-09-14,1102.0
8714,2026-09-21,1139.0
8876,2025-09-29,1631.21
8876,2025-10-06,1633.14
8876,2025-10-13,1616.74
8876,2025-10-20,1621.08
8876,2025-10-27,1599.85
8876,2025-11-03,1597.92
8876,2025-11-10,1715.16
8876,2025-11-17,1664.99
8876,2025-11-24,1654.86
8876,2025-12-01,1615.78
8876,2025-12-08,1623.49
8876,2025-12-15,1665.47
8876,2025-12-22,1677.05
8876,2025-12-29,1655.34
8876,2026-01-05,1692.49
8876,2026-01-12,1731.57
8876,2026-01-19,1747.01
8876,2026-01-26,1690.56
8876,2026-02-02,1724.81
8876,2026-02-09,1772.58
8876,2026-02-16,1785.6
8876,2026-02-23,1858.46
8876,2026-03-02,1860.87
8876,2026-03-09,1852.67
8876,2026-03-16,1891.26
8876,2026-03-23,1898.5
8876,2026-03-30,1998.0
8876,2026-04-06,1945.0
8876,2026-04-13,1974.0
8876,2026-04-20,1958.0
8876,2026-04-27,1927.0
8876,2026-05-04,1916.0
8876,2026-05-11,2034.5
8876,2026-05-18,1970.5
8876,2026-05-25,1841.5
8876,2026-06-01,1804.0
8876,2026-06-08,1816.0
8876,2026-06-15,1781.5
8876,2026-06-22,1887.0
8876,2026-06-29,2058.0
8876,2026-07-06,2089.0
8876,2026-07-13,2013.0
8876,2026-07-20,2000.5
8876,2026-07-27,2014.0
8876,2026-08-03,2132.5
8876,2026-08-10,2161.0
8876,2026-08-17,2162.0
8876,2026-08-24,2179.0
8876,2026-08-31,2261.5
8876,2026-09-07,2134.0
8876,2026-09-14,2282.0
8876,2026-09-21,2317.5
9069,2025-09-29,1964.46
9069,2025-10-06,1995.03
9069,2025-10-13,2002.92
9069,2025-10-20,2039.4
9069,2025-10-27,1984.18
9069,2025-11-03,2003.9
9069,2025-11-10,1736.16
9069,2025-11-17,1842.17
9069,2025-11-24,1922.54
9069,2025-12-01,1836.25
9069,2025-12-08,1840.2
9069,2025-12-15,1906.27
9069,2025-12-22,1937.34
9069,2025-12-29,1926.49
9069,2026-01-05,1998.48
9069,2026-01-12,2107.45
9069,2026-01-19,2043.84
9069,2026-01-26,1896.9
9069,2026-02-02,1938.82
9069,2026-02-09,1916.63
9069,2026-02-16,1899.86
9069,2026-02-23,1941.77
9069,2026-03-02,1840.69
9069,2026-03-09,1769.19
9069,2026-03-16,1768.21
9069,2026-03-23,1783.0
9069,2026-03-30,1867.0
9069,2026-04-06,1876.0
9069,2026-04-13,1886.0
9069,2026-04-20,1854.5
9069,2026-04-27,1828.0
9069,2026-05-04,1869.0
9069,2026-05-11,2031.5
9069,2026-05-18,1966.5
9069,2026-05-25,1906.5
9069,2026-06-01,1907.5
9069,2026-06-08,1922.5
9069,2026-06-15,1883.5
9069,2026-06-22,1921.5
9069,2026-06-29,1974.0
9069,2026-07-06,2052.0
9069,2026-07-13,2195.0
9069,2026-07-20,2187.5
9069,2026-07-27,2205.5
9069,2026-08-03,2248.0
9069,2026-08-10,2305.0
9069,2026-08-17,2297.0
9069,2026-08-24,2245.0
9069,2026-08-31,2225.5
9069,2026-09-07,2262.5
9069,2026-09-14,2367.5
9069,2026-09-21,2380.5
9082,2025-09-29,2268.27
9082,2025-10-06,1362.75
9082,2025-10-13,1238.23
9082,2025-10-20,1292.03
9082,2025-10-27,1509.19
9082,2025-11-03,1302.98
9082,2025-11-10,1253.18
9082,2025-11-17,1161.53
9082,2025-11-24,1173.48
9082,2025-12-01,1158.54
9082,2025-12-08,1105.74
9082,2025-12-15,1107.74
9082,2025-12-22,1156.55
9082,2025-12-29,1162.53
9082,2026-01-05,1186.43
9082,2026-01-12,1330.88
9082,2026-01-19,1329.88
9082,2026-01-26,1319.92
9082,2026-02-02,1332.87
9082,2026-02-09,1321.91
9082,2026-02-16,1319.92
9082,2026-02-23,1343.83
9082,2026-03-02,1236.24
9082,2026-03-09,1175.48
9082,2026-03-16,1336.85
9082,2026-03-23,1299.0
9082,2026-03-30,1286.0
9082,2026-04-06,1396.0
9082,2026-04-13,1347.0
9082,2026-04-20,1355.0
9082,2026-04-27,1343.0
9082,2026-05-04,1311.0
9082,2026-05-11,1299.0
9082,2026-05-18,1294.0
9082,2026-05-25,1276.0
9082,2026-06-01,1239.0
9082,2026-06-08,1333.0
9082,2026-06-15,1365.0
9082,2026-06-22,1336.0
9082,2026-06-29,1442.0
9082,2026-07-06,1482.0
9082,2026-07-13,1550.0
9082,2026-07-20,1620.0
9082,2026-07-27,1759.0
9082,2026-08-03,2016.0
9082,2026-08-10,1826.0
9082,2026-08-17,1872.0
9082,2026-08-24,2000.0
9082,2026-08-31,2025.0
9082,2026-09-07,2466.0
9082,2026-09-14,2294.0
9082,2026-09-21,2674.0
9110,2025-09-29,5023.33
9110,2025-10-06,5013.6
9110,2025-10-13,5072.01
9110,2025-10-20,5179.1
9110,2025-10-27,5364.06
9110,2025-11-03,5480.88
9110,2025-11-10,5393.27
9110,2025-11-17,5529.56
9110,2025-11-24,5821.61
9110,2025-12-01,6055.26
9110,2025-12-08,6201.29
9110,2025-12-15,5889.76
9110,2025-12-22,5957.91
9110,2025-12-29,5938.44
9110,2026-01-05,6483.6
9110,2026-01-12,6503.07
9110,2026-01-19,6688.04
9110,2026-01-26,6707.51
9110,2026-02-02,7184.53
9110,2026-02-09,7281.89
9110,2026-02-16,7447.38
9110,2026-02-23,7447.38
9110,2026-03-02,6911.95
9110,2026-03-09,6882.75
9110,2026-03-16,7466.85
9110,2026-03-23,7535.0
9110,2026-03-30,7550.0
9110,2026-04-06,7500.0
9110,2026-04-13,7380.0
9110,2026-04-20,7070.0
9110,2026-04-27,7850.0
9110,2026-05-04,8010.0
9110,2026-05-11,7940.0
9110,2026-05-18,7560.0
9110,2026-05-25,7820.0
9110,2026-06-01,7490.0
9110,2026-06-08,7060.0
9110,2026-06-15,6870.0
9110,2026-06-22,6660.0
9110,2026-06-29,6690.0
9110,2026-07-06,6710.0
9110,2026-07-13,7010.0
9110,2026-07-20,7360.0
9110,2026-07-27,8040.0
9110,2026-08-03,10450.0
9110,2026-08-10,10440.0
9110,2026-08-17,10440.0
9110,2026-08-24,10480.0
9110,2026-08-31,10490.0
9110,2026-09-07,10480.0
9110,2026-09-14,10510.0
9110,2026-09-21,10510.0
9236,2025-09-29,1028.0
9236,2025-10-06,1021.0
9236,2025-10-13,1007.0
9236,2025-10-20,1019.0
9236,2025-10-27,1005.0
9236,2025-11-03,1030.0
9236,2025-11-10,1027.0
9236,2025-11-17,1070.0
9236,2025-11-24,1078.0
9236,2025-12-01,1015.0
9236,2025-12-08,980.0
9236,2025-12-15,982.0
9236,2025-12-22,990.0
9236,2025-12-29,1004.0
9236,2026-01-05,1026.0
9236,2026-01-12,1007.0
9236,2026-01-19,1049.0
9236,2026-01-26,1011.0
9236,2026-02-02,1001.0
9236,2026-02-09,993.0
9236,2026-02-16,1010.0
9236,2026-02-23,1000.0
9236,2026-03-02,1008.0
9236,2026-03-09,988.0
9236,2026-03-16,1001.0
9236,2026-03-23,1015.0
9236,2026-03-30,1015.0
9236,2026-04-06,1240.0
9236,2026-04-13,1126.0
9236,2026-04-20,1252.0
9236,2026-04-27,1150.0
9236,2026-05-04,1200.0
9236,2026-05-11,1190.0
9236,2026-05-18,1185.0
9236,2026-05-25,1185.0
9236,2026-06-01,989.0
9236,2026-06-08,1104.0
9236,2026-06-15,1000.0
9236,2026-06-22,1015.0
9236,2026-06-29,1025.0
9236,2026-07-06,1026.0
9236,2026-07-13,1025.0
9236,2026-07-20,1080.0
9236,2026-07-27,1235.0
9236,2026-08-03,1172.0
9236,2026-08-10,1304.0
9236,2026-08-17,1299.0
9236,2026-08-24,1401.0
9236,2026-08-31,1404.0
9236,2026-09-07,1421.0
9236,2026-09-14,1385.0
9236,2026-09-21,1468.0
9244,2025-09-29,972.0
9244,2025-10-06,955.0
9244,2025-10-13,950.0
9244,2025-10-20,988.0
9244,2025-10-27,951.0
9244,2025-11-03,912.0
9244,2025-11-10,974.0
9244,2025-11-17,868.0
9244,2025-11-24,895.0
9244,2025-12-01,871.0
9244,2025-12-08,873.0
9244,2025-12-15,913.0
9244,2025-12-22,904.0
9244,2025-12-29,931.0
9244,2026-01-05,968.0
9244,2026-01-12,1009.0
9244,2026-01-19,1028.0
9244,2026-01-26,1014.0
9244,2026-02-02,999.0
9244,2026-02-09,1056.0
9244,2026-02-16,1014.0
9244,2026-02-23,1020.0
9244,2026-03-02,986.0
9244,2026-03-09,950.0
9244,2026-03-16,945.0
9244,2026-03-23,1023.0
9244,2026-03-30,997.0
9244,2026-04-06,1010.0
9244,2026-04-13,1029.0
9244,2026-04-20,1019.0
9244,2026-04-27,1048.0
9244,2026-05-04,1033.0
9244,2026-05-11,971.0
9244,2026-05-18,1063.0
9244,2026-05-25,1049.0
9244,2026-06-01,1043.0
9244,2026-06-08,1008.0
9244,2026-06-15,1020.0
9244,2026-06-22,1164.0
9244,2026-06-29,1240.0
9244,2026-07-06,1270.0
9244,2026-07-13,1196.0
9244,2026-07-20,1178.0
9244,2026-07-27,1271.0
9244,2026-08-03,1283.0
9244,2026-08-10,1205.0
9244,2026-08-17,1267.0
9244,2026-08-24,1386.0
9244,2026-08-31,1432.0
9244,2026-09-07,1398.0
9244,2026-09-14,1447.0
9244,2026-09-21,1573.0
9265,2025-09-29,3152.69
9265,2025-10-06,3016.89
9265,2025-10-13,3055.69
9265,2025-10-20,3099.34
9265,2025-10-27,3094.49
9265,2025-11-03,3142.99
9265,2025-11-10,3113.89
9265,2025-11-17,3152.69
9265,2025-11-24,3162.4
9265,2025-12-01,3157.54
9265,2025-12-08,3133.29
9265,2025-12-15,3201.2
9265,2025-12-22,3181.8
9265,2025-12-29,3176.95
9265,2026-01-05,3201.2
9265,2026-01-12,3138.14
9265,2026-01-19,3249.7
9265,2026-01-26,3273.95
9265,2026-02-02,3691.08
9265,2026-02-09,3458.26
9265,2026-02-16,3458.26
9265,2026-02-23,3657.13
9265,2026-03-02,3666.83
9265,2026-03-09,3569.82
9265,2026-03-16,3535.87
9265,2026-03-23,3545.57
9265,2026-03-30,3768.68
9265,2026-04-06,3395.21
9265,2026-04-13,3390.36
9265,2026-04-20,3458.26
9265,2026-04-27,3438.86
9265,2026-05-04,3327.31
9265,2026-05-11,3259.4
9265,2026-05-18,3332.16
9265,2026-05-25,3065.0
9265,2026-06-01,3020.0
9265,2026-06-08,3050.0
9265,2026-06-15,3040.0
9265,2026-06-22,3305.0
9265,2026-06-29,3355.0
9265,2026-07-06,3375.0
9265,2026-07-13,3500.0
9265,2026-07-20,3460.0
9265,2026-07-27,3395.0
9265,2026-08-03,3360.0
9265,2026-08-10,3650.0
9265,2026-08-17,3755.0
9265,2026-08-24,3745.0
9265,2026-08-31,3605.0
9265,2026-09-07,3645.0
9265,2026-09-14,3655.0
9265,2026-09-21,3790.0
9274,2025-09-29,750.37
9274,2025-10-06,733.71
9274,2025-10-13,753.31
9274,2025-10-20,784.65
9274,2025-10-27,747.43
9274,2025-11-03,761.14
9274,2025-11-10,764.08
9274,2025-11-17,707.27
9274,2025-11-24,734.69
9274,2025-12-01,711.18
9274,2025-12-08,747.43
9274,2025-12-15,777.8
9274,2025-12-22,789.55
9274,2025-12-29,807.18
9274,2026-01-05,845.39
9274,2026-01-12,865.96
9274,2026-01-19,857.14
9274,2026-01-26,864.98
9274,2026-02-02,900.24
9274,2026-02-09,893.39
9274,2026-02-16,888.49
9274,2026-02-23,915.92
9274,2026-03-02,891.43
9274,2026-03-09,859.1
9274,2026-03-16,849.31
9274,2026-03-23,864.0
9274,2026-03-30,903.0
9274,2026-04-06,915.0
9274,2026-04-13,976.0
9274,2026-04-20,941.0
9274,2026-04-27,974.0
9274,2026-05-04,997.0
9274,2026-05-11,971.0
9274,2026-05-18,1007.0
9274,2026-05-25,1010.0
9274,2026-06-01,935.0
9274,2026-06-08,949.0
9274,2026-06-15,1018.0
9274,2026-06-22,1009.0
9274,2026-06-29,1032.0
9274,2026-07-06,1032.0
9274,2026-07-13,1047.0
9274,2026-07-20,1088.0
9274,2026-07-27,1110.0
9274,2026-08-03,1118.0
9274,2026-08-10,1095.0
9274,2026-08-17,1122.0
9274,2026-08-24,1105.0
9274,2026-08-31,1097.0
9274,2026-09-07,1093.0
9274,2026-09-14,1131.0
9274,2026-09-21,1176.0
9304,2025-09-29,1096.4
9304,2025-10-06,1095.42
9304,2025-10-13,1088.59
9304,2025-10-20,1106.16
9304,2025-10-27,1080.78
9304,2025-11-03,1074.92
9304,2025-11-10,1096.4
9304,2025-11-17,1134.48
9304,2025-11-24,1155.96
9304,2025-12-01,1147.17
9304,2025-12-08,1171.58
9304,2025-12-15,1228.2
9304,2025-12-22,1247.73
9304,2025-12-29,1244.8
9304,2026-01-05,1279.95
9304,2026-01-12,1306.31
9304,2026-01-19,1291.66
9304,2026-01-26,1267.26
9304,2026-02-02,1304.36
9304,2026-02-09,1339.5
9304,2026-02-16,1356.1
9304,2026-02-23,1382.46
9304,2026-03-02,1345.36
9304,2026-03-09,1278.97
9304,2026-03-16,1279.95
9304,2026-03-23,1319.0
9304,2026-03-30,1343.0
9304,2026-04-06,1333.0
9304,2026-04-13,1333.0
9304,2026-04-20,1276.0
9304,2026-04-27,1269.0
9304,2026-05-04,1276.0
9304,2026-05-11,1422.0
9304,2026-05-18,1434.0
9304,2026-05-25,1413.0
9304,2026-06-01,1422.0
9304,2026-06-08,1494.0
9304,2026-06-15,1552.0
9304,2026-06-22,1586.0
9304,2026-06-29,1757.0
9304,2026-07-06,1869.0
9304,2026-07-13,1979.0
9304,2026-07-20,1800.0
9304,2026-07-27,1819.0
9304,2026-08-03,1901.0
9304,2026-08-10,1977.0
9304,2026-08-17,1989.0
9304,2026-08-24,2180.0
9304,2026-08-31,2042.0
9304,2026-09-07,2081.0
9304,2026-09-14,2106.0
9304,2026-09-21,2259.0
9308,2025-09-29,1625.5
9308,2025-10-06,1592.65
9308,2025-10-13,1568.76
9308,2025-10-20,1599.62
9308,2025-10-27,1559.8
9308,2025-11-03,1550.84
9308,2025-11-10,1415.47
9308,2025-11-17,1391.58
9308,2025-11-24,1451.3
9308,2025-12-01,1452.3
9308,2025-12-08,1356.74
9308,2025-12-15,1340.81
9308,2025-12-22,1361.72
9308,2025-12-29,1365.7
9308,2026-01-05,1380.63
9308,2026-01-12,1365.7
9308,2026-01-19,1328.87
9308,2026-01-26,1289.05
9308,2026-02-02,1287.06
9308,2026-02-09,1500.08
9308,2026-02-16,1538.9
9308,2026-02-23,1640.43
9308,2026-03-02,1631.47
9308,2026-03-09,1598.62
9308,2026-03-16,1589.67
9308,2026-03-23,1502.07
9308,2026-03-30,1535.0
9308,2026-04-06,1541.0
9308,2026-04-13,1593.0
9308,2026-04-20,1452.0
9308,2026-04-27,1516.0
9308,2026-05-04,1531.0
9308,2026-05-11,1614.0
9308,2026-05-18,1554.0
9308,2026-05-25,1618.0
9308,2026-06-01,1542.0
9308,2026-06-08,1529.0
9308,2026-06-15,1505.0
9308,2026-06-22,1440.0
9308,2026-06-29,1467.0
9308,2026-07-06,1588.0
9308,2026-07-13,1656.0
9308,2026-07-20,1736.0
9308,2026-07-27,1890.0
9308,2026-08-03,1936.0
9308,2026-08-10,2059.0
9308,2026-08-17,2097.0
9308,2026-08-24,2135.0
9308,2026-08-31,2081.0
9308,2026-09-07,2096.0
9308,2026-09-14,2362.0
9308,2026-09-21,2428.0
9324,2025-09-29,1979.26
9324,2025-10-06,2097.25
9324,2025-10-13,2198.52
9324,2025-10-20,2146.41
9324,2025-10-27,2133.63
9324,2025-11-03,2087.41
9324,2025-11-10,2169.02
9324,2025-11-17,2175.91
9324,2025-11-24,2200.49
9324,2025-12-01,2170.99
9324,2025-12-08,2211.3
9324,2025-12-15,2203.44
9324,2025-12-22,2170.99
9324,2025-12-29,2164.11
9324,2026-01-05,2171.97
9324,2026-01-12,2260.46
9324,2026-01-19,2223.1
9324,2026-01-26,2186.72
9324,2026-02-02,2368.62
9324,2026-02-09,2554.45
9324,2026-02-16,2494.47
9324,2026-02-23,2509.22
9324,2026-03-02,2427.61
9324,2026-03-09,2289.96
9324,2026-03-16,2316.51
9324,2026-03-23,2405.0
9324,2026-03-30,2462.0
9324,2026-04-06,2377.0
9324,2026-04-13,2337.0
9324,2026-04-20,2225.0
9324,2026-04-27,2199.0
9324,2026-05-04,2285.0
9324,2026-05-11,2287.0
9324,2026-05-18,2361.0
9324,2026-05-25,2250.0
9324,2026-06-01,2210.0
9324,2026-06-08,2237.0
9324,2026-06-15,2324.0
9324,2026-06-22,2365.0
9324,2026-06-29,2435.0
9324,2026-07-06,2453.0
9324,2026-07-13,2574.0
9324,2026-07-20,2546.0
9324,2026-07-27,2542.0
9324,2026-08-03,2474.0
9324,2026-08-10,2560.0
9324,2026-08-17,2586.0
9324,2026-08-24,2538.0
9324,2026-08-31,2533.0
9324,2026-09-07,2655.0
9324,2026-09-14,2684.0
9324,2026-09-21,2798.0
9380,2025-09-29,333.01
9380,2025-10-06,339.92
9380,2025-10-13,345.85
9380,2025-10-20,349.81
9380,2025-10-27,350.79
9380,2025-11-03,344.86
9380,2025-11-10,350.79
9380,2025-11-17,354.75
9380,2025-11-24,368.58
9380,2025-12-01,372.53
9380,2025-12-08,370.56
9380,2025-12-15,367.59
9380,2025-12-22,372.53
9380,2025-12-29,375.5
9380,2026-01-05,402.18
9380,2026-01-12,418.98
9380,2026-01-19,413.05
9380,2026-01-26,411.07
9380,2026-02-02,418.98
9380,2026-02-09,423.92
9380,2026-02-16,417.0
9380,2026-02-23,420.95
9380,2026-03-02,434.79
9380,2026-03-09,424.91
9380,2026-03-16,429.85
9380,2026-03-23,417.0
9380,2026-03-30,410.0
9380,2026-04-06,408.0
9380,2026-04-13,403.0
9380,2026-04-20,392.0
9380,2026-04-27,390.0
9380,2026-05-04,394.0
9380,2026-05-11,401.0
9380,2026-05-18,408.0
9380,2026-05-25,410.0
9380,2026-06-01,415.0
9380,2026-06-08,406.0
9380,2026-06-15,403.0
9380,2026-06-22,405.0
9380,2026-06-29,418.0
9380,2026-07-06,407.0
9380,2026-07-13,416.0
9380,2026-07-20,418.0
9380,2026-07-27,416.0
9380,2026-08-03,417.0
9380,2026-08-10,431.0
9380,2026-08-17,438.0
9380,2026-08-24,438.0
9380,2026-08-31,437.0
9380,2026-09-07,437.0
9380,2026-09-14,438.0
9380,2026-09-21,449.0
9619,2025-09-29,1940.68
9619,2025-10-06,1937.74
9619,2025-10-13,1931.86
9619,2025-10-20,1990.67
9619,2025-10-27,1974.99
9619,2025-11-03,1965.18
9619,2025-11-10,2000.47
9619,2025-11-17,2036.73
9619,2025-11-24,2054.38
9619,2025-12-01,1990.67
9619,2025-12-08,2058.3
9619,2025-12-15,2060.26
9619,2025-12-22,2068.1
9619,2025-12-29,2085.74
9619,2026-01-05,2106.32
9619,2026-01-12,2104.36
9619,2026-01-19,2085.74
9619,2026-01-26,2066.14
9619,2026-02-02,2091.62
9619,2026-02-09,2149.45
9619,2026-02-16,2116.13
9619,2026-02-23,2142.59
9619,2026-03-02,2059.28
9619,2026-03-09,2029.87
9619,2026-03-16,2022.03
9619,2026-03-23,2073.0
9619,2026-03-30,2136.0
9619,2026-04-06,2120.0
9619,2026-04-13,2156.0
9619,2026-04-20,2150.0
9619,2026-04-27,2149.0
9619,2026-05-04,2132.0
9619,2026-05-11,2134.0
9619,2026-05-18,2134.0
9619,2026-05-25,2138.0
9619,2026-06-01,2122.0
9619,2026-06-08,2193.0
9619,2026-06-15,2214.0
9619,2026-06-22,2218.0
9619,2026-06-29,2223.0
9619,2026-07-06,2285.0
9619,2026-07-13,2357.0
9619,2026-07-20,2377.0
9619,2026-07-27,2370.0
9619,2026-08-03,2599.0
9619,2026-08-10,2654.0
9619,2026-08-17,2699.0
9619,2026-08-24,2730.0
9619,2026-08-31,2710.0
9619,2026-09-07,2637.0
9619,2026-09-14,2742.0
9619,2026-09-21,2762.0
9928,2025-09-29,1750.65
9928,2025-10-06,1744.85
9928,2025-10-13,1720.7
9928,2025-10-20,1754.51
9928,2025-10-27,1704.27
9928,2025-11-03,1774.8
9928,2025-11-10,1805.72
9928,2025-11-17,1797.02
9928,2025-11-24,1821.17
9928,2025-12-01,1780.6
9928,2025-12-08,1790.26
9928,2025-12-15,1826.0
9928,2025-12-22,1915.86
9928,2025-12-29,1921.65
9928,2026-01-05,1929.38
9928,2026-01-12,1951.6
9928,2026-01-19,1905.23
9928,2026-01-26,1865.62
9928,2026-02-02,1737.12
9928,2026-02-09,1652.1
9928,2026-02-16,1684.95
9928,2026-02-23,1741.95
9928,2026-03-02,1697.51
9928,2026-03-09,1660.79
9928,2026-03-16,1664.66
9928,2026-03-23,1712.0
9928,2026-03-30,1792.0
9928,2026-04-06,1772.0
9928,2026-04-13,1805.0
9928,2026-04-20,1739.0
9928,2026-04-27,1700.0
9928,2026-05-04,1723.0
9928,2026-05-11,1710.0
9928,2026-05-18,1735.0
9928,2026-05-25,1694.0
9928,2026-06-01,1736.0
9928,2026-06-08,1747.0
9928,2026-06-15,1727.0
9928,2026-06-22,1749.0
9928,2026-06-29,1774.0
9928,2026-07-06,1817.0
9928,2026-07-13,1813.0
9928,2026-07-20,1796.0
9928,2026-07-27,1823.0
9928,2026-08-03,1835.0
9928,2026-08-10,1923.0
9928,2026-08-17,1955.0
9928,2026-08-24,2070.0
9928,2026-08-31,2059.0
9928,2026-09-07,2000.0
9928,2026-09-14,2036.0
9928,2026-09-21,2086.0
9976,2025-09-29,1005.8
9976,2025-10-06,980.51
9976,2025-10-13,995.1
9976,2025-10-20,1001.91
9976,2025-10-27,990.24
9976,2025-11-03,993.15
9976,2025-11-10,1001.91
9976,2025-11-17,1006.77
9976,2025-11-24,996.07
9976,2025-12-01,1001.91
9976,2025-12-08,1003.85
9976,2025-12-15,1048.6
9976,2025-12-22,1014.55
9976,2025-12-29,1010.66
9976,2026-01-05,1018.45
9976,2026-01-12,1035.95
9976,2026-01-19,1021.36
9976,2026-01-26,1019.42
9976,2026-02-02,1022.34
9976,2026-02-09,1056.38
9976,2026-02-16,1050.0
9976,2026-02-23,1042.0
9976,2026-03-02,1041.0
9976,2026-03-09,1045.0
9976,2026-03-16,1079.0
9976,2026-03-23,1014.0
9976,2026-03-30,1035.0
9976,2026-04-06,1017.0
9976,2026-04-13,1055.0
9976,2026-04-20,1050.0
9976,2026-04-27,1059.0
9976,2026-05-04,1060.0
9976,2026-05-11,1060.0
9976,2026-05-18,1040.0
9976,2026-05-25,1029.0
9976,2026-06-01,1029.0
9976,2026-06-08,1040.0
9976,2026-06-15,1060.0
9976,2026-06-22,1030.0
9976,2026-06-29,1033.0
9976,2026-07-06,1043.0
9976,2026-07-13,1080.0
9976,2026-07-20,1060.0
9976,2026-07-27,1055.0
9976,2026-08-03,1047.0
9976,2026-08-10,1056.0
9976,2026-08-17,1060.0
9976,2026-08-24,1052.0
9976,2026-08-31,1083.0
9976,2026-09-07,1079.0
9976,2026-09-14,1142.0
9976,2026-09-21,1200.0
