code,date,close
1438,2025-08-25,1897.24
1438,2025-09-01,1939.38
1438,2025-09-08,1956.04
1438,2025-09-15,1974.66
1438,2025-09-22,1917.82
1438,2025-09-29,1905.95
1438,2025-10-06,1927.71
1438,2025-10-13,1926.72
1438,2025-10-20,1910.9
1438,2025-10-27,1880.24
1438,2025-11-03,1879.25
1438,2025-11-10,1942.55
1438,2025-11-17,1839.68
1438,2025-11-24,1829.79
1438,2025-12-01,1833.75
1438,2025-12-08,1806.05
1438,2025-12-15,1802.1
1438,2025-12-22,1764.51
1438,2025-12-29,1795.17
1438,2026-01-05,1770.45
1438,2026-01-12,1772.43
1438,2026-01-19,1774.4
1438,2026-01-26,1755.61
1438,2026-02-02,1751.66
1438,2026-02-09,1790.23
1438,2026-02-16,1859.46
1438,2026-02-23,1862.43
1438,2026-03-02,1810.01
1438,2026-03-09,1828.8
1438,2026-03-16,1818.91
1438,2026-03-23,1811.0
1438,2026-03-30,1810.0
1438,2026-04-06,1849.0
1438,2026-04-13,1869.0
1438,2026-04-20,1910.0
1438,2026-04-27,1860.0
1438,2026-05-04,1863.0
1438,2026-05-11,1950.0
1438,2026-05-18,1899.0
1438,2026-05-25,1833.0
1438,2026-06-01,1856.0
1438,2026-06-08,1831.0
1438,2026-06-15,1872.0
1438,2026-06-22,1890.0
1438,2026-06-29,1879.0
1438,2026-07-06,1896.0
1438,2026-07-13,1871.0
1438,2026-07-20,1931.0
1438,2026-07-27,1965.0
1438,2026-08-03,2145.0
1438,2026-08-10,2187.0
1899,2025-08-25,2848.2
1899,2025-09-01,3186.69
1899,2025-09-08,3239.89
1899,2025-09-15,3177.02
1899,2025-09-22,3380.12
1899,2025-09-29,3225.38
1899,2025-10-06,3264.06
1899,2025-10-13,3331.76
1899,2025-10-20,3389.79
1899,2025-10-27,3326.93
1899,2025-11-03,3438.15
1899,2025-11-10,3510.68
1899,2025-11-17,3660.59
1899,2025-11-24,3849.18
1899,2025-12-01,3742.79
1899,2025-12-08,3776.64
1899,2025-12-15,3747.63
1899,2025-12-22,3825.0
1899,2025-12-29,3760.0
1899,2026-01-05,3985.0
1899,2026-01-12,4115.0
1899,2026-01-19,4125.0
1899,2026-01-26,3900.0
1899,2026-02-02,4175.0
1899,2026-02-09,3710.0
1899,2026-02-16,3680.0
1899,2026-02-23,3925.0
1899,2026-03-02,3785.0
1899,2026-03-09,3795.0
1899,2026-03-16,3965.0
1899,2026-03-23,4155.0
1899,2026-03-30,4315.0
1899,2026-04-06,4290.0
1899,2026-04-13,4105.0
1899,2026-04-20,4070.0
1899,2026-04-27,4215.0
1899,2026-05-04,4215.0
1899,2026-05-11,4090.0
1899,2026-05-18,3785.0
1899,2026-05-25,3745.0
1899,2026-06-01,3675.0
1899,2026-06-08,3620.0
1899,2026-06-15,3970.0
1899,2026-06-22,3785.0
1899,2026-06-29,3655.0
1899,2026-07-06,3760.0
1899,2026-07-13,3720.0
1899,2026-07-20,3900.0
1899,2026-07-27,3870.0
1899,2026-08-03,4440.0
1899,2026-08-10,4895.0
1960,2025-08-25,980.27
1960,2025-09-01,966.92
1960,2025-09-08,952.62
1960,2025-09-15,947.85
1960,2025-09-22,959.29
1960,2025-09-29,964.06
1960,2025-10-06,964.06
1960,2025-10-13,961.2
1960,2025-10-20,1000.3
1960,2025-10-27,1329.28
1960,2025-11-03,1335.0
1960,2025-11-10,1348.35
1960,2025-11-17,1339.77
1960,2025-11-24,1421.78
1960,2025-12-01,1369.33
1960,2025-12-08,1396.03
1960,2025-12-15,1303.53
1960,2025-12-22,1250.13
1960,2025-12-29,1264.44
1960,2026-01-05,1276.83
1960,2026-01-12,1406.52
1960,2026-01-19,1392.21
1960,2026-01-26,1347.4
1960,2026-02-02,1459.92
1960,2026-02-09,1392.21
1960,2026-02-16,1374.1
1960,2026-02-23,1466.59
1960,2026-03-02,1437.03
1960,2026-03-09,1379.82
1960,2026-03-16,1376.0
1960,2026-03-23,1335.0
1960,2026-03-30,1335.0
1960,2026-04-06,1375.0
1960,2026-04-13,1338.0
1960,2026-04-20,1391.0
1960,2026-04-27,1551.0
1960,2026-05-04,1588.0
1960,2026-05-11,1504.0
1960,2026-05-18,1403.0
1960,2026-05-25,1408.0
1960,2026-06-01,1434.0
1960,2026-06-08,1401.0
1960,2026-06-15,1362.0
1960,2026-06-22,1378.0
1960,2026-06-29,1509.0
1960,2026-07-06,1524.0
1960,2026-07-13,1400.0
1960,2026-07-20,1540.0
1960,2026-07-27,1445.0
1960,2026-08-03,1463.0
1960,2026-08-10,1694.0
2053,2025-08-25,1675.78
2053,2025-09-01,1691.21
2053,2025-09-08,1672.89
2053,2025-09-15,1694.1
2053,2025-09-22,1743.27
2053,2025-09-29,1677.58
2053,2025-10-06,1609.93
2053,2025-10-13,1636.4
2053,2025-10-20,1691.31
2053,2025-10-27,1570.71
2053,2025-11-03,1618.75
2053,2025-11-10,1676.6
2053,2025-11-17,1734.45
2053,2025-11-24,1769.75
2053,2025-12-01,1739.35
2053,2025-12-08,1679.54
2053,2025-12-15,1716.8
2053,2025-12-22,1701.11
2053,2025-12-29,1696.21
2053,2026-01-05,1721.7
2053,2026-01-12,1746.21
2053,2026-01-19,1733.47
2053,2026-01-26,1768.77
2053,2026-02-02,1855.05
2053,2026-02-09,1877.6
2053,2026-02-16,1895.25
2053,2026-02-23,1948.19
2053,2026-03-02,1822.69
2053,2026-03-09,1752.1
2053,2026-03-16,1731.51
2053,2026-03-23,1757.0
2053,2026-03-30,1775.0
2053,2026-04-06,1714.0
2053,2026-04-13,1727.0
2053,2026-04-20,1709.0
2053,2026-04-27,1682.0
2053,2026-05-04,1693.0
2053,2026-05-11,1804.0
2053,2026-05-18,1742.0
2053,2026-05-25,1703.0
2053,2026-06-01,1718.0
2053,2026-06-08,1842.0
2053,2026-06-15,1837.0
2053,2026-06-22,1824.0
2053,2026-06-29,1891.0
2053,2026-07-06,1907.0
2053,2026-07-13,1930.0
2053,2026-07-20,1954.0
2053,2026-07-27,1891.0
2053,2026-08-03,1898.0
2053,2026-08-10,1997.0
2060,2025-08-25,1089.26
2060,2025-09-01,1111.39
2060,2025-09-08,1103.69
2060,2025-09-15,1103.69
2060,2025-09-22,1117.16
2060,2025-09-29,1056.4
2060,2025-10-06,1017.21
2060,2025-10-13,1032.89
2060,2025-10-20,1044.65
2060,2025-10-27,997.61
2060,2025-11-03,983.89
2060,2025-11-10,986.83
2060,2025-11-17,1022.11
2060,2025-11-24,1005.45
2060,2025-12-01,998.59
2060,2025-12-08,991.73
2060,2025-12-15,1031.91
2060,2025-12-22,1034.85
2060,2025-12-29,1037.79
2060,2026-01-05,1060.32
2060,2026-01-12,1070.12
2060,2026-01-19,1068.16
2060,2026-01-26,1088.74
2060,2026-02-02,1174.98
2060,2026-02-09,1237.7
2060,2026-02-16,1230.84
2060,2026-02-23,1306.3
2060,2026-03-02,1239.66
2060,2026-03-09,1179.88
2060,2026-03-16,1167.14
2060,2026-03-23,1198.5
2060,2026-03-30,1170.0
2060,2026-04-06,1144.0
2060,2026-04-13,1125.0
2060,2026-04-20,1085.0
2060,2026-04-27,1102.0
2060,2026-05-04,1092.0
2060,2026-05-11,1253.0
2060,2026-05-18,1188.0
2060,2026-05-25,1200.0
2060,2026-06-01,1167.0
2060,2026-06-08,1211.0
2060,2026-06-15,1205.0
2060,2026-06-22,1219.0
2060,2026-06-29,1258.0
2060,2026-07-06,1261.0
2060,2026-07-13,1284.0
2060,2026-07-20,1283.0
2060,2026-07-27,1284.0
2060,2026-08-03,1273.0
2060,2026-08-10,1410.0
2108,2025-08-25,2618.53
2108,2025-09-01,2703.28
2108,2025-09-08,2812.1
2108,2025-09-15,2800.55
2108,2025-09-22,2805.36
2108,2025-09-29,2803.43
2108,2025-10-06,2715.8
2108,2025-10-13,2743.73
2108,2025-10-20,2903.59
2108,2025-10-27,2880.48
2108,2025-11-03,2990.27
2108,2025-11-10,3192.51
2108,2025-11-17,3491.05
2108,2025-11-24,3500.68
2108,2025-12-01,3462.16
2108,2025-12-08,3500.68
2108,2025-12-15,3505.5
2108,2025-12-22,3659.58
2108,2025-12-29,3688.48
2108,2026-01-05,3808.86
2108,2026-01-12,3895.53
2108,2026-01-19,4015.91
2108,2026-01-26,3987.02
2108,2026-02-02,4011.1
2108,2026-02-09,4237.41
2108,2026-02-16,4155.55
2108,2026-02-23,4352.98
2108,2026-03-02,4126.66
2108,2026-03-09,3972.58
2108,2026-03-16,4044.8
2108,2026-03-23,4170.0
2108,2026-03-30,4140.0
2108,2026-04-06,4020.0
2108,2026-04-13,4000.0
2108,2026-04-20,4000.0
2108,2026-04-27,4020.0
2108,2026-05-04,3975.0
2108,2026-05-11,4240.0
2108,2026-05-18,4280.0
2108,2026-05-25,4280.0
2108,2026-06-01,4315.0
2108,2026-06-08,4570.0
2108,2026-06-15,4600.0
2108,2026-06-22,4680.0
2108,2026-06-29,4975.0
2108,2026-07-06,4720.0
2108,2026-07-13,4645.0
2108,2026-07-20,4960.0
2108,2026-07-27,5040.0
2108,2026-08-03,5170.0
2108,2026-08-10,5440.0
2120,2025-08-25,211.05
2120,2025-09-01,216.75
2120,2025-09-08,203.44
2120,2025-09-15,201.54
2120,2025-09-22,200.59
2120,2025-09-29,196.0
2120,2025-10-06,194.0
2120,2025-10-13,188.0
2120,2025-10-20,195.0
2120,2025-10-27,192.0
2120,2025-11-03,187.0
2120,2025-11-10,173.0
2120,2025-11-17,166.0
2120,2025-11-24,165.0
2120,2025-12-01,168.0
2120,2025-12-08,171.0
2120,2025-12-15,179.0
2120,2025-12-22,182.0
2120,2025-12-29,178.0
2120,2026-01-05,188.0
2120,2026-01-12,187.0
2120,2026-01-19,181.0
2120,2026-01-26,175.0
2120,2026-02-02,171.0
2120,2026-02-09,214.0
2120,2026-02-16,207.0
2120,2026-02-23,216.0
2120,2026-03-02,212.0
2120,2026-03-09,202.0
2120,2026-03-16,204.0
2120,2026-03-23,204.0
2120,2026-03-30,196.0
2120,2026-04-06,194.0
2120,2026-04-13,198.0
2120,2026-04-20,193.0
2120,2026-04-27,193.0
2120,2026-05-04,193.0
2120,2026-05-11,186.0
2120,2026-05-18,196.0
2120,2026-05-25,194.0
2120,2026-06-01,193.0
2120,2026-06-08,193.0
2120,2026-06-15,191.0
2120,2026-06-22,189.0
2120,2026-06-29,200.0
2120,2026-07-06,204.0
2120,2026-07-13,199.0
2120,2026-07-20,195.0
2120,2026-07-27,203.0
2120,2026-08-03,208.0
2120,2026-08-10,243.0
2207,2025-08-25,2087.03
2207,2025-09-01,2142.86
2207,2025-09-08,2248.63
2207,2025-09-15,2204.56
2207,2025-09-22,2232.96
2207,2025-09-29,2115.38
2207,2025-10-06,2076.85
2207,2025-10-13,2095.62
2207,2025-10-20,2104.51
2207,2025-10-27,2106.49
2207,2025-11-03,2143.05
2207,2025-11-10,2172.69
2207,2025-11-17,2171.7
2207,2025-11-24,2333.74
2207,2025-12-01,2279.39
2207,2025-12-08,2324.84
2207,2025-12-15,2322.87
2207,2025-12-22,2331.76
2207,2025-12-29,2383.14
2207,2026-01-05,2489.85
2207,2026-01-12,2471.07
2207,2026-01-19,2485.89
2207,2026-01-26,2533.32
2207,2026-02-02,2567.9
2207,2026-02-09,2537.27
2207,2026-02-16,2551.1
2207,2026-02-23,2705.24
2207,2026-03-02,2815.9
2207,2026-03-09,2834.67
2207,2026-03-16,2871.23
2207,2026-03-23,2890.0
2207,2026-03-30,3095.0
2207,2026-04-06,3070.0
2207,2026-04-13,3260.0
2207,2026-04-20,3205.0
2207,2026-04-27,3280.0
2207,2026-05-04,3275.0
2207,2026-05-11,3090.0
2207,2026-05-18,3015.0
2207,2026-05-25,3000.0
2207,2026-06-01,2943.0
2207,2026-06-08,2946.0
2207,2026-06-15,3015.0
2207,2026-06-22,3160.0
2207,2026-06-29,3195.0
2207,2026-07-06,3110.0
2207,2026-07-13,3130.0
2207,2026-07-20,3155.0
2207,2026-07-27,3195.0
2207,2026-08-03,3245.0
2207,2026-08-10,3625.0
2410,2025-08-25,2180.98
2410,2025-09-01,2220.22
2410,2025-09-08,2277.63
2410,2025-09-15,2243.18
2410,2025-09-22,2225.0
2410,2025-09-29,2186.0
2410,2025-10-06,2117.0
2410,2025-10-13,2170.0
2410,2025-10-20,2214.0
2410,2025-10-27,2193.0
2410,2025-11-03,2225.0
2410,2025-11-10,2331.0
2410,2025-11-17,2371.0
2410,2025-11-24,2414.0
2410,2025-12-01,2401.0
2410,2025-12-08,2339.0
2410,2025-12-15,2358.0
2410,2025-12-22,2440.0
2410,2025-12-29,2454.0
2410,2026-01-05,2527.0
2410,2026-01-12,2537.0
2410,2026-01-19,2529.0
2410,2026-01-26,2447.0
2410,2026-02-02,2402.0
2410,2026-02-09,2445.0
2410,2026-02-16,2440.0
2410,2026-02-23,2569.0
2410,2026-03-02,2524.0
2410,2026-03-09,2459.0
2410,2026-03-16,2408.0
2410,2026-03-23,2456.0
2410,2026-03-30,2466.0
2410,2026-04-06,2443.0
2410,2026-04-13,2460.0
2410,2026-04-20,2448.0
2410,2026-04-27,2453.0
2410,2026-05-04,2527.0
2410,2026-05-11,2489.0
2410,2026-05-18,2475.0
2410,2026-05-25,2540.0
2410,2026-06-01,2565.0
2410,2026-06-08,2523.0
2410,2026-06-15,2876.0
2410,2026-06-22,2886.0
2410,2026-06-29,2878.0
2410,2026-07-06,2892.0
2410,2026-07-13,2872.0
2410,2026-07-20,2876.0
2410,2026-07-27,2918.0
2410,2026-08-03,2807.0
2410,2026-08-10,2973.0
2613,2025-08-25,1964.04
2613,2025-09-01,2009.47
2613,2025-09-08,2002.71
2613,2025-09-15,2014.3
2613,2025-09-22,2052.0
2613,2025-09-29,1993.03
2613,2025-10-06,1969.45
2613,2025-10-13,1982.22
2613,2025-10-20,2014.66
2613,2025-10-27,1982.22
2613,2025-11-03,1957.66
2613,2025-11-10,1960.6
2613,2025-11-17,1981.24
2613,2025-11-24,2001.88
2613,2025-12-01,1934.07
2613,2025-12-08,1916.38
2613,2025-12-15,1945.86
2613,2025-12-22,1974.36
2613,2025-12-29,1968.47
2613,2026-01-05,2000.9
2613,2026-01-12,2007.78
2613,2026-01-19,2003.84
2613,2026-01-26,1992.05
2613,2026-02-02,2003.84
2613,2026-02-09,2021.53
2613,2026-02-16,2003.84
2613,2026-02-23,2059.86
2613,2026-03-02,2009.74
2613,2026-03-09,1957.66
2613,2026-03-16,1959.62
2613,2026-03-23,1995.0
2613,2026-03-30,2055.0
2613,2026-04-06,2057.0
2613,2026-04-13,2036.0
2613,2026-04-20,1960.0
2613,2026-04-27,1962.0
2613,2026-05-04,1946.0
2613,2026-05-11,1993.0
2613,2026-05-18,1994.0
2613,2026-05-25,1977.0
2613,2026-06-01,1975.0
2613,2026-06-08,2075.0
2613,2026-06-15,2023.0
2613,2026-06-22,2053.0
2613,2026-06-29,2066.0
2613,2026-07-06,2096.0
2613,2026-07-13,2103.0
2613,2026-07-20,2067.0
2613,2026-07-27,2086.0
2613,2026-08-03,2068.0
2613,2026-08-10,2141.0
2664,2025-08-25,2713.84
2664,2025-09-01,2766.1
2664,2025-09-08,2799.98
2664,2025-09-15,2791.27
2664,2025-09-22,2851.27
2664,2025-09-29,2804.82
2664,2025-10-06,2840.63
2664,2025-10-13,2831.92
2664,2025-10-20,2855.14
2664,2025-10-27,2873.53
2664,2025-11-03,2913.22
2664,2025-11-10,2888.05
2664,2025-11-17,2966.45
2664,2025-11-24,2927.73
2664,2025-12-01,2823.21
2664,2025-12-08,2795.14
2664,2025-12-15,2859.98
2664,2025-12-22,2918.05
2664,2025-12-29,2903.54
2664,2026-01-05,2932.57
2664,2026-01-12,2927.73
2664,2026-01-19,3000.32
2664,2026-01-26,3000.32
2664,2026-02-02,3029.36
2664,2026-02-09,3029.36
2664,2026-02-16,3029.36
2664,2026-02-23,3203.57
2664,2026-03-02,3000.32
2664,2026-03-09,2923.0
2664,2026-03-16,2991.0
2664,2026-03-23,2997.0
2664,2026-03-30,3050.0
2664,2026-04-06,3030.0
2664,2026-04-13,2923.0
2664,2026-04-20,2815.0
2664,2026-04-27,3000.0
2664,2026-05-04,3045.0
2664,2026-05-11,3065.0
2664,2026-05-18,3120.0
2664,2026-05-25,3280.0
2664,2026-06-01,3350.0
2664,2026-06-08,3510.0
2664,2026-06-15,3480.0
2664,2026-06-22,3485.0
2664,2026-06-29,3390.0
2664,2026-07-06,3440.0
2664,2026-07-13,3380.0
2664,2026-07-20,3335.0
2664,2026-07-27,3325.0
2664,2026-08-03,3645.0
2664,2026-08-10,3770.0
2735,2025-08-25,655.5
2735,2025-09-01,644.62
2735,2025-09-08,645.61
2735,2025-09-15,646.6
2735,2025-09-22,652.53
2735,2025-09-29,637.7
2735,2025-10-06,632.76
2735,2025-10-13,680.22
2735,2025-10-20,654.51
2735,2025-10-27,626.83
2735,2025-11-03,633.75
2735,2025-11-10,633.75
2735,2025-11-17,633.75
2735,2025-11-24,618.92
2735,2025-12-01,604.09
2735,2025-12-08,618.92
2735,2025-12-15,635.73
2735,2025-12-22,628.81
2735,2025-12-29,635.73
2735,2026-01-05,658.47
2735,2026-01-12,664.4
2735,2026-01-19,652.53
2735,2026-01-26,645.61
2735,2026-02-02,658.47
2735,2026-02-09,666.38
2735,2026-02-16,658.47
2735,2026-02-23,670.0
2735,2026-03-02,636.0
2735,2026-03-09,634.0
2735,2026-03-16,627.0
2735,2026-03-23,620.0
2735,2026-03-30,612.0
2735,2026-04-06,620.0
2735,2026-04-13,605.0
2735,2026-04-20,595.0
2735,2026-04-27,594.0
2735,2026-05-04,595.0
2735,2026-05-11,607.0
2735,2026-05-18,606.0
2735,2026-05-25,611.0
2735,2026-06-01,616.0
2735,2026-06-08,613.0
2735,2026-06-15,612.0
2735,2026-06-22,611.0
2735,2026-06-29,632.0
2735,2026-07-06,674.0
2735,2026-07-13,665.0
2735,2026-07-20,665.0
2735,2026-07-27,677.0
2735,2026-08-03,677.0
2735,2026-08-10,685.0
2798,2025-08-25,2898.0
2798,2025-09-01,2901.0
2798,2025-09-08,2912.0
2798,2025-09-15,2901.0
2798,2025-09-22,2930.0
2798,2025-09-29,2926.0
2798,2025-10-06,2914.0
2798,2025-10-13,2910.0
2798,2025-10-20,2915.0
2798,2025-10-27,2929.0
2798,2025-11-03,2901.0
2798,2025-11-10,2906.0
2798,2025-11-17,2897.0
2798,2025-11-24,2919.0
2798,2025-12-01,2907.0
2798,2025-12-08,2921.0
2798,2025-12-15,2936.0
2798,2025-12-22,2946.0
2798,2025-12-29,2974.0
2798,2026-01-05,2995.0
2798,2026-01-12,3010.0
2798,2026-01-19,2995.0
2798,2026-01-26,2983.0
2798,2026-02-02,3005.0
2798,2026-02-09,3010.0
2798,2026-02-16,3015.0
2798,2026-02-23,2910.0
2798,2026-03-02,2907.0
2798,2026-03-09,2938.0
2798,2026-03-16,2915.0
2798,2026-03-23,2924.0
2798,2026-03-30,2948.0
2798,2026-04-06,2959.0
2798,2026-04-13,2968.0
2798,2026-04-20,2975.0
2798,2026-04-27,2989.0
2798,2026-05-04,2993.0
2798,2026-05-11,2993.0
2798,2026-05-18,2985.0
2798,2026-05-25,2999.0
2798,2026-06-01,2988.0
2798,2026-06-08,2988.0
2798,2026-06-15,2990.0
2798,2026-06-22,2980.0
2798,2026-06-29,2998.0
2798,2026-07-06,3010.0
2798,2026-07-13,3015.0
2798,2026-07-20,3025.0
2798,2026-07-27,3020.0
2798,2026-08-03,3045.0
2798,2026-08-10,3065.0
2831,2025-08-25,3278.8
2831,2025-09-01,3308.21
2831,2025-09-08,3313.11
2831,2025-09-15,3327.81
2831,2025-09-22,3318.01
2831,2025-09-29,3238.77
2831,2025-10-06,3184.3
2831,2025-10-13,3268.49
2831,2025-10-20,3258.58
2831,2025-10-27,3243.72
2831,2025-11-03,3238.77
2831,2025-11-10,3243.72
2831,2025-11-17,3184.3
2831,2025-11-24,3209.06
2831,2025-12-01,3204.11
2831,2025-12-08,3214.01
2831,2025-12-15,3298.2
2831,2025-12-22,3318.01
2831,2025-12-29,3298.2
2831,2026-01-05,3308.1
2831,2026-01-12,3327.91
2831,2026-01-19,3352.67
2831,2026-01-26,3352.67
2831,2026-02-02,3367.53
2831,2026-02-09,3362.58
2831,2026-02-16,3461.62
2831,2026-02-23,3446.77
2831,2026-03-02,3431.91
2831,2026-03-09,3530.96
2831,2026-03-16,3535.91
2831,2026-03-23,3630.0
2831,2026-03-30,3510.0
2831,2026-04-06,3465.0
2831,2026-04-13,3460.0
2831,2026-04-20,3530.0
2831,2026-04-27,3435.0
2831,2026-05-04,3445.0
2831,2026-05-11,3445.0
2831,2026-05-18,3480.0
2831,2026-05-25,3460.0
2831,2026-06-01,3460.0
2831,2026-06-08,3470.0
2831,2026-06-15,3490.0
2831,2026-06-22,3500.0
2831,2026-06-29,3465.0
2831,2026-07-06,3465.0
2831,2026-07-13,3520.0
2831,2026-07-20,3620.0
2831,2026-07-27,3680.0
2831,2026-08-03,3640.0
2831,2026-08-10,3690.0
287A,2025-08-25,854.48
287A,2025-09-01,847.92
287A,2025-09-08,831.99
287A,2025-09-15,830.12
287A,2025-09-22,837.61
287A,2025-09-29,818.22
287A,2025-10-06,812.41
287A,2025-10-13,827.92
287A,2025-10-20,834.7
287A,2025-10-27,843.43
287A,2025-11-03,834.7
287A,2025-11-10,853.12
287A,2025-11-17,846.34
287A,2025-11-24,847.31
287A,2025-12-01,848.28
287A,2025-12-08,850.21
287A,2025-12-15,862.82
287A,2025-12-22,885.12
287A,2025-12-29,909.35
287A,2026-01-05,932.62
287A,2026-01-12,938.44
287A,2026-01-19,969.46
287A,2026-01-26,957.82
287A,2026-02-02,981.09
287A,2026-02-09,997.57
287A,2026-02-16,1030.53
287A,2026-02-23,1088.7
287A,2026-03-02,1059.62
287A,2026-03-09,1013.08
287A,2026-03-16,986.91
287A,2026-03-23,984.0
287A,2026-03-30,962.0
287A,2026-04-06,971.0
287A,2026-04-13,972.0
287A,2026-04-20,948.0
287A,2026-04-27,944.0
287A,2026-05-04,958.0
287A,2026-05-11,951.0
287A,2026-05-18,1018.0
287A,2026-05-25,1067.0
287A,2026-06-01,1057.0
287A,2026-06-08,1006.0
287A,2026-06-15,1106.0
287A,2026-06-22,1069.0
287A,2026-06-29,1101.0
287A,2026-07-06,1109.0
287A,2026-07-13,1071.0
287A,2026-07-20,1098.0
287A,2026-07-27,1091.0
287A,2026-08-03,1141.0
287A,2026-08-10,1215.0
2934,2025-08-25,1929.0
2934,2025-09-01,1894.0
2934,2025-09-08,1818.0
2934,2025-09-15,1907.0
2934,2025-09-22,1762.0
2934,2025-09-29,1747.0
2934,2025-10-06,1781.0
2934,2025-10-13,1715.0
2934,2025-10-20,1760.0
2934,2025-10-27,1803.0
2934,2025-11-03,1791.0
2934,2025-11-10,1821.0
2934,2025-11-17,1733.0
2934,2025-11-24,1570.0
2934,2025-12-01,1330.0
2934,2025-12-08,1310.0
2934,2025-12-15,1302.0
2934,2025-12-22,1292.0
2934,2025-12-29,1326.0
2934,2026-01-05,1353.0
2934,2026-01-12,1398.0
2934,2026-01-19,1425.0
2934,2026-01-26,1422.0
2934,2026-02-02,1414.0
2934,2026-02-09,1335.0
2934,2026-02-16,1273.0
2934,2026-02-23,1326.0
2934,2026-03-02,1271.0
2934,2026-03-09,1232.0
2934,2026-03-16,1255.0
2934,2026-03-23,1304.0
2934,2026-03-30,1467.0
2934,2026-04-06,1563.0
2934,2026-04-13,1582.0
2934,2026-04-20,1680.0
2934,2026-04-27,1719.0
2934,2026-05-04,1749.0
2934,2026-05-11,1734.0
2934,2026-05-18,1688.0
2934,2026-05-25,1616.0
2934,2026-06-01,1500.0
2934,2026-06-08,1458.0
2934,2026-06-15,1471.0
2934,2026-06-22,1564.0
2934,2026-06-29,1566.0
2934,2026-07-06,1640.0
2934,2026-07-13,1740.0
2934,2026-07-20,1716.0
2934,2026-07-27,1860.0
2934,2026-08-03,1986.0
2934,2026-08-10,2000.0
300A,2025-08-25,2788.58
300A,2025-09-01,2581.8
300A,2025-09-08,2589.61
300A,2025-09-15,2576.93
300A,2025-09-22,2712.5
300A,2025-09-29,2624.72
300A,2025-10-06,2502.8
300A,2025-10-13,2465.73
300A,2025-10-20,2565.22
300A,2025-10-27,2475.49
300A,2025-11-03,2439.4
300A,2025-11-10,2984.63
300A,2025-11-17,2994.38
300A,2025-11-24,3018.77
300A,2025-12-01,2874.41
300A,2025-12-08,2887.09
300A,2025-12-15,2917.33
300A,2025-12-22,2994.38
300A,2025-12-29,3013.89
300A,2026-01-05,3004.14
300A,2026-01-12,3033.4
300A,2026-01-19,3101.67
300A,2026-01-26,3106.55
300A,2026-02-02,3023.65
300A,2026-02-09,2901.72
300A,2026-02-16,2678.36
300A,2026-02-23,2706.65
300A,2026-03-02,2816.87
300A,2026-03-09,2733.96
300A,2026-03-16,2705.67
300A,2026-03-23,2772.0
300A,2026-03-30,2845.0
300A,2026-04-06,2928.0
300A,2026-04-13,2982.0
300A,2026-04-20,2879.0
300A,2026-04-27,2795.0
300A,2026-05-04,2782.0
300A,2026-05-11,2950.0
300A,2026-05-18,2918.0
300A,2026-05-25,2835.0
300A,2026-06-01,2804.0
300A,2026-06-08,2867.0
300A,2026-06-15,2800.0
300A,2026-06-22,2824.0
300A,2026-06-29,2917.0
300A,2026-07-06,2908.0
300A,2026-07-13,2874.0
300A,2026-07-20,2854.0
300A,2026-07-27,3000.0
300A,2026-08-03,3120.0
300A,2026-08-10,3415.0
3053,2025-08-25,178.0
3053,2025-09-01,185.0
3053,2025-09-08,181.0
3053,2025-09-15,185.0
3053,2025-09-22,188.0
3053,2025-09-29,176.0
3053,2025-10-06,179.0
3053,2025-10-13,180.0
3053,2025-10-20,182.0
3053,2025-10-27,179.0
3053,2025-11-03,179.0
3053,2025-11-10,181.0
3053,2025-11-17,181.0
3053,2025-11-24,184.0
3053,2025-12-01,183.0
3053,2025-12-08,187.0
3053,2025-12-15,187.0
3053,2025-12-22,187.0
3053,2025-12-29,175.0
3053,2026-01-05,174.0
3053,2026-01-12,173.0
3053,2026-01-19,173.0
3053,2026-01-26,168.0
3053,2026-02-02,172.0
3053,2026-02-09,174.0
3053,2026-02-16,177.0
3053,2026-02-23,182.0
3053,2026-03-02,177.0
3053,2026-03-09,174.0
3053,2026-03-16,175.0
3053,2026-03-23,179.0
3053,2026-03-30,183.0
3053,2026-04-06,186.0
3053,2026-04-13,187.0
3053,2026-04-20,180.0
3053,2026-04-27,183.0
3053,2026-05-04,180.0
3053,2026-05-11,183.0
3053,2026-05-18,195.0
3053,2026-05-25,188.0
3053,2026-06-01,190.0
3053,2026-06-08,201.0
3053,2026-06-15,201.0
3053,2026-06-22,195.0
3053,2026-06-29,177.0
3053,2026-07-06,179.0
3053,2026-07-13,184.0
3053,2026-07-20,181.0
3053,2026-07-27,186.0
3053,2026-08-03,190.0
3053,2026-08-10,196.0
3107,2025-08-25,3035.82
3107,2025-09-01,3002.01
3107,2025-09-08,3031.95
3107,2025-09-15,2868.24
3107,2025-09-22,2934.4
3107,2025-09-29,2834.23
3107,2025-10-06,2789.55
3107,2025-10-13,2756.16
3107,2025-10-20,2840.12
3107,2025-10-27,2833.25
3107,2025-11-03,2730.13
3107,2025-11-10,2830.79
3107,2025-11-17,2954.04
3107,2025-11-24,2987.43
3107,2025-12-01,2841.1
3107,2025-12-08,2927.03
3107,2025-12-15,3013.95
3107,2025-12-22,3027.7
3107,2025-12-29,3025.73
3107,2026-01-05,3050.28
3107,2026-01-12,3124.92
3107,2026-01-19,3057.16
3107,2026-01-26,2981.54
3107,2026-02-02,3100.37
3107,2026-02-09,3052.25
3107,2026-02-16,2972.7
3107,2026-02-23,3142.6
3107,2026-03-02,2958.95
3107,2026-03-09,2853.87
3107,2026-03-16,2915.25
3107,2026-03-23,3011.0
3107,2026-03-30,3183.0
3107,2026-04-06,3098.0
3107,2026-04-13,3166.0
3107,2026-04-20,3134.0
3107,2026-04-27,3202.0
3107,2026-05-04,3403.0
3107,2026-05-11,3450.0
3107,2026-05-18,3485.0
3107,2026-05-25,3422.0
3107,2026-06-01,3513.0
3107,2026-06-08,3411.0
3107,2026-06-15,3333.0
3107,2026-06-22,3420.0
3107,2026-06-29,3504.0
3107,2026-07-06,3392.0
3107,2026-07-13,3392.0
3107,2026-07-20,3512.0
3107,2026-07-27,3576.0
3107,2026-08-03,3642.0
3107,2026-08-10,3790.0
3131,2025-08-25,3065.36
3131,2025-09-01,2969.86
3131,2025-09-08,3199.05
3131,2025-09-15,3151.3
3131,2025-09-22,3199.05
3131,2025-09-29,3165.62
3131,2025-10-06,3194.27
3131,2025-10-13,2974.64
3131,2025-10-20,3070.13
3131,2025-10-27,3347.06
3131,2025-11-03,3318.41
3131,2025-11-10,2627.99
3131,2025-11-17,2520.08
3131,2025-11-24,2593.62
3131,2025-12-01,2561.15
3131,2025-12-08,2616.53
3131,2025-12-15,2559.24
3131,2025-12-22,2746.41
3131,2025-12-29,2767.41
3131,2026-01-05,2797.02
3131,2026-01-12,2826.62
3131,2026-01-19,2874.37
3131,2026-01-26,2898.24
3131,2026-02-02,2847.63
3131,2026-02-09,2776.01
3131,2026-02-16,2825.67
3131,2026-02-23,2950.76
3131,2026-03-02,2801.79
3131,2026-03-09,2674.79
3131,2026-03-16,2700.57
3131,2026-03-23,2755.0
3131,2026-03-30,2695.0
3131,2026-04-06,2731.0
3131,2026-04-13,2779.0
3131,2026-04-20,2744.0
3131,2026-04-27,2857.0
3131,2026-05-04,3055.0
3131,2026-05-11,3125.0
3131,2026-05-18,3200.0
3131,2026-05-25,3455.0
3131,2026-06-01,3655.0
3131,2026-06-08,3350.0
3131,2026-06-15,3615.0
3131,2026-06-22,3555.0
3131,2026-06-29,4025.0
3131,2026-07-06,3635.0
3131,2026-07-13,3375.0
3131,2026-07-20,3515.0
3131,2026-07-27,4100.0
3131,2026-08-03,4455.0
3131,2026-08-10,6880.0
3177,2025-08-25,3296.55
3177,2025-09-01,3306.19
3177,2025-09-08,3282.09
3177,2025-09-15,3286.91
3177,2025-09-22,3306.19
3177,2025-09-29,3257.99
3177,2025-10-06,3243.54
3177,2025-10-13,3229.08
3177,2025-10-20,3296.55
3177,2025-10-27,3248.36
3177,2025-11-03,3248.36
3177,2025-11-10,3277.27
3177,2025-11-17,3339.93
3177,2025-11-24,3339.93
3177,2025-12-01,3277.27
3177,2025-12-08,3335.11
3177,2025-12-15,3335.11
3177,2025-12-22,3344.75
3177,2025-12-29,3441.14
3177,2026-01-05,3441.14
3177,2026-01-12,3667.65
3177,2026-01-19,3662.83
3177,2026-01-26,3614.64
3177,2026-02-02,3725.49
3177,2026-02-09,3807.42
3177,2026-02-16,3711.03
3177,2026-02-23,3685.0
3177,2026-03-02,3600.0
3177,2026-03-09,3550.0
3177,2026-03-16,3415.0
3177,2026-03-23,3465.0
3177,2026-03-30,3435.0
3177,2026-04-06,3515.0
3177,2026-04-13,3605.0
3177,2026-04-20,3675.0
3177,2026-04-27,3625.0
3177,2026-05-04,3505.0
3177,2026-05-11,3505.0
3177,2026-05-18,3575.0
3177,2026-05-25,3405.0
3177,2026-06-01,3290.0
3177,2026-06-08,3440.0
3177,2026-06-15,3410.0
3177,2026-06-22,3545.0
3177,2026-06-29,3530.0
3177,2026-07-06,3595.0
3177,2026-07-13,3880.0
3177,2026-07-20,4085.0
3177,2026-07-27,4075.0
3177,2026-08-03,4190.0
3177,2026-08-10,4235.0
319A,2025-08-25,5460.0
319A,2025-09-01,6160.0
319A,2025-09-08,6250.0
319A,2025-09-15,7060.0
319A,2025-09-22,7500.0
319A,2025-09-29,8260.0
319A,2025-10-06,8660.0
319A,2025-10-13,8850.0
319A,2025-10-20,9200.0
319A,2025-10-27,8790.0
319A,2025-11-03,9130.0
319A,2025-11-10,9070.0
319A,2025-11-17,9650.0
319A,2025-11-24,10870.0
319A,2025-12-01,9770.0
319A,2025-12-08,9230.0
319A,2025-12-15,9740.0
319A,2025-12-22,9600.0
319A,2025-12-29,9870.0
319A,2026-01-05,11360.0
319A,2026-01-12,11740.0
319A,2026-01-19,10450.0
319A,2026-01-26,9250.0
319A,2026-02-02,9520.0
319A,2026-02-09,10260.0
319A,2026-02-16,10770.0
319A,2026-02-23,12020.0
319A,2026-03-02,13500.0
319A,2026-03-09,13600.0
319A,2026-03-16,12450.0
319A,2026-03-23,12620.0
319A,2026-03-30,11660.0
319A,2026-04-06,12900.0
319A,2026-04-13,13590.0
319A,2026-04-20,13500.0
319A,2026-04-27,13660.0
319A,2026-05-04,14330.0
319A,2026-05-11,13280.0
319A,2026-05-18,17160.0
319A,2026-05-25,18110.0
319A,2026-06-01,16190.0
319A,2026-06-08,16540.0
319A,2026-06-15,17360.0
319A,2026-06-22,16810.0
319A,2026-06-29,17480.0
319A,2026-07-06,18470.0
319A,2026-07-13,17680.0
319A,2026-07-20,15910.0
319A,2026-07-27,16560.0
319A,2026-08-03,19370.0
319A,2026-08-10,20380.0
3276,2025-08-25,1263.21
3276,2025-09-01,1239.79
3276,2025-09-08,1272.0
3276,2025-09-15,1264.19
3276,2025-09-22,1309.1
3276,2025-09-29,1230.02
3276,2025-10-06,1242.71
3276,2025-10-13,1246.62
3276,2025-10-20,1267.12
3276,2025-10-27,1223.19
3276,2025-11-03,1222.21
3276,2025-11-10,1236.86
3276,2025-11-17,1251.5
3276,2025-11-24,1265.17
3276,2025-12-01,1224.17
3276,2025-12-08,1227.09
3276,2025-12-15,1257.36
3276,2025-12-22,1272.0
3276,2025-12-29,1290.0
3276,2026-01-05,1292.0
3276,2026-01-12,1294.0
3276,2026-01-19,1291.0
3276,2026-01-26,1280.0
3276,2026-02-02,1289.0
3276,2026-02-09,1332.0
3276,2026-02-16,1352.0
3276,2026-02-23,1375.0
3276,2026-03-02,1341.0
3276,2026-03-09,1330.0
3276,2026-03-16,1321.0
3276,2026-03-23,1328.0
3276,2026-03-30,1322.0
3276,2026-04-06,1329.0
3276,2026-04-13,1316.0
3276,2026-04-20,1292.0
3276,2026-04-27,1298.0
3276,2026-05-04,1281.0
3276,2026-05-11,1353.0
3276,2026-05-18,1323.0
3276,2026-05-25,1329.0
3276,2026-06-01,1315.0
3276,2026-06-08,1303.0
3276,2026-06-15,1310.0
3276,2026-06-22,1310.0
3276,2026-06-29,1329.0
3276,2026-07-06,1587.0
3276,2026-07-13,1781.0
3276,2026-07-20,1794.0
3276,2026-07-27,1822.0
3276,2026-08-03,2244.0
3276,2026-08-10,2245.0
3277,2025-08-25,621.94
3277,2025-09-01,609.94
3277,2025-09-08,610.9
3277,2025-09-15,616.18
3277,2025-09-22,631.55
3277,2025-09-29,623.86
3277,2025-10-06,623.86
3277,2025-10-13,657.0
3277,2025-10-20,671.89
3277,2025-10-27,656.04
3277,2025-11-03,646.44
3277,2025-11-10,677.65
3277,2025-11-17,652.2
3277,2025-11-24,670.93
3277,2025-12-01,628.19
3277,2025-12-08,627.23
3277,2025-12-15,630.11
3277,2025-12-22,646.44
3277,2025-12-29,650.85
3277,2026-01-05,683.74
3277,2026-01-12,687.18
3277,2026-01-19,676.87
3277,2026-01-26,666.56
3277,2026-02-02,668.52
3277,2026-02-09,680.79
3277,2026-02-16,690.12
3277,2026-02-23,744.6
3277,2026-03-02,726.93
3277,2026-03-09,696.99
3277,2026-03-16,701.9
3277,2026-03-23,693.07
3277,2026-03-30,692.57
3277,2026-04-06,696.5
3277,2026-04-13,699.94
3277,2026-04-20,684.72
3277,2026-04-27,638.09
3277,2026-05-04,642.02
3277,2026-05-11,679.81
3277,2026-05-18,627.29
3277,2026-05-25,628.77
3277,2026-06-01,617.48
3277,2026-06-08,617.97
3277,2026-06-15,619.93
3277,2026-06-22,643.0
3277,2026-06-29,645.0
3277,2026-07-06,637.0
3277,2026-07-13,636.0
3277,2026-07-20,647.0
3277,2026-07-27,642.0
3277,2026-08-03,629.0
3277,2026-08-10,833.0
3467,2025-08-25,2150.39
3467,2025-09-01,2115.92
3467,2025-09-08,2229.86
3467,2025-09-15,2215.5
3467,2025-09-22,2276.77
3467,2025-09-29,2156.14
3467,2025-10-06,2131.24
3467,2025-10-13,2171.45
3467,2025-10-20,2180.07
3467,2025-10-27,2167.62
3467,2025-11-03,2148.48
3467,2025-11-10,2213.58
3467,2025-11-17,2158.05
3467,2025-11-24,2216.45
3467,2025-12-01,2230.82
3467,2025-12-08,2288.26
3467,2025-12-15,2300.71
3467,2025-12-22,2316.98
3467,2025-12-29,2373.47
3467,2026-01-05,2433.79
3467,2026-01-12,2435.71
3467,2026-01-19,2464.43
3467,2026-01-26,2448.15
3467,2026-02-02,2520.92
3467,2026-02-09,2611.87
3467,2026-02-16,2725.81
3467,2026-02-23,2723.89
3467,2026-03-02,2632.94
3467,2026-03-09,2681.77
3467,2026-03-16,2687.51
3467,2026-03-23,2654.0
3467,2026-03-30,2519.0
3467,2026-04-06,2502.0
3467,2026-04-13,2380.0
3467,2026-04-20,2309.0
3467,2026-04-27,2252.0
3467,2026-05-04,2244.0
3467,2026-05-11,2625.0
3467,2026-05-18,2545.0
3467,2026-05-25,2526.0
3467,2026-06-01,2479.0
3467,2026-06-08,2440.0
3467,2026-06-15,2468.0
3467,2026-06-22,2500.0
3467,2026-06-29,2653.0
3467,2026-07-06,2673.0
3467,2026-07-13,2690.0
3467,2026-07-20,2761.0
3467,2026-07-27,2753.0
3467,2026-08-03,2723.0
3467,2026-08-10,2864.0
3551,2025-08-25,907.32
3551,2025-09-01,894.85
3551,2025-09-08,958.15
3551,2025-09-15,961.99
3551,2025-09-22,967.74
3551,2025-09-29,945.68
3551,2025-10-06,921.71
3551,2025-10-13,928.42
3551,2025-10-20,961.99
3551,2025-10-27,967.74
3551,2025-11-03,929.38
3551,2025-11-10,941.85
3551,2025-11-17,907.32
3551,2025-11-24,940.89
3551,2025-12-01,927.46
3551,2025-12-08,978.29
3551,2025-12-15,1009.94
3551,2025-12-22,1018.58
3551,2025-12-29,1041.59
3551,2026-01-05,1066.53
3551,2026-01-12,1089.55
3551,2026-01-19,1093.39
3551,2026-01-26,1071.33
3551,2026-02-02,1102.98
3551,2026-02-09,1170.12
3551,2026-02-16,1179.71
3551,2026-02-23,1193.13
3551,2026-03-02,1176.83
3551,2026-03-09,1143.26
3551,2026-03-16,1133.67
3551,2026-03-23,1079.0
3551,2026-03-30,1061.0
3551,2026-04-06,1080.0
3551,2026-04-13,1099.0
3551,2026-04-20,1079.0
3551,2026-04-27,1035.0
3551,2026-05-04,1020.0
3551,2026-05-11,1298.0
3551,2026-05-18,1339.0
3551,2026-05-25,1406.0
3551,2026-06-01,1320.0
3551,2026-06-08,1236.0
3551,2026-06-15,1400.0
3551,2026-06-22,1289.0
3551,2026-06-29,1320.0
3551,2026-07-06,1366.0
3551,2026-07-13,1431.0
3551,2026-07-20,1391.0
3551,2026-07-27,1367.0
3551,2026-08-03,1395.0
3551,2026-08-10,1585.0
365A,2025-08-25,677.55
365A,2025-09-01,629.36
365A,2025-09-08,596.28
365A,2025-09-15,635.03
365A,2025-09-22,618.02
365A,2025-09-29,607.62
365A,2025-10-06,579.27
365A,2025-10-13,560.37
365A,2025-10-20,569.82
365A,2025-10-27,550.92
365A,2025-11-03,548.09
365A,2025-11-10,549.03
365A,2025-11-17,538.64
365A,2025-11-24,568.88
365A,2025-12-01,556.59
365A,2025-12-08,566.04
365A,2025-12-15,585.89
365A,2025-12-22,611.4
365A,2025-12-29,622.74
365A,2026-01-05,634.08
365A,2026-01-12,659.6
365A,2026-01-19,677.55
365A,2026-01-26,664.32
365A,2026-02-02,666.21
365A,2026-02-09,682.28
365A,2026-02-16,675.66
365A,2026-02-23,684.0
365A,2026-03-02,676.0
365A,2026-03-09,670.0
365A,2026-03-16,655.0
365A,2026-03-23,674.0
365A,2026-03-30,669.0
365A,2026-04-06,686.0
365A,2026-04-13,741.0
365A,2026-04-20,711.0
365A,2026-04-27,717.0
365A,2026-05-04,726.0
365A,2026-05-11,710.0
365A,2026-05-18,734.0
365A,2026-05-25,745.0
365A,2026-06-01,733.0
365A,2026-06-08,715.0
365A,2026-06-15,733.0
365A,2026-06-22,728.0
365A,2026-06-29,742.0
365A,2026-07-06,752.0
365A,2026-07-13,774.0
365A,2026-07-20,800.0
365A,2026-07-27,785.0
365A,2026-08-03,779.0
365A,2026-08-10,809.0
3763,2025-08-25,1542.65
3763,2025-09-01,1571.85
3763,2025-09-08,1608.34
3763,2025-09-15,1562.11
3763,2025-09-22,1506.15
3763,2025-09-29,1447.27
3763,2025-10-06,1459.92
3763,2025-10-13,1456.03
3763,2025-10-20,1591.31
3763,2025-10-27,1453.11
3763,2025-11-03,1458.95
3763,2025-11-10,1450.19
3763,2025-11-17,1748.01
3763,2025-11-24,1614.67
3763,2025-12-01,1556.27
3763,2025-12-08,1518.32
3763,2025-12-15,1594.23
3763,2025-12-22,1664.31
3763,2025-12-29,1673.07
3763,2026-01-05,1679.88
3763,2026-01-12,1695.45
3763,2026-01-19,1659.44
3763,2026-01-26,1566.98
3763,2026-02-02,1411.26
3763,2026-02-09,1360.65
3763,2026-02-16,1389.84
3763,2026-02-23,1450.19
3763,2026-03-02,1451.16
3763,2026-03-09,1465.76
3763,2026-03-16,1489.12
3763,2026-03-23,1457.0
3763,2026-03-30,1394.0
3763,2026-04-06,1340.0
3763,2026-04-13,1441.0
3763,2026-04-20,1520.0
3763,2026-04-27,1530.0
3763,2026-05-04,1618.0
3763,2026-05-11,1630.0
3763,2026-05-18,1561.0
3763,2026-05-25,1607.0
3763,2026-06-01,1652.0
3763,2026-06-08,1668.0
3763,2026-06-15,1705.0
3763,2026-06-22,1674.0
3763,2026-06-29,1791.0
3763,2026-07-06,1836.0
3763,2026-07-13,1823.0
3763,2026-07-20,1755.0
3763,2026-07-27,1850.0
3763,2026-08-03,1808.0
3763,2026-08-10,2022.0
3895,2025-08-25,416.26
3895,2025-09-01,417.22
3895,2025-09-08,418.18
3895,2025-09-15,418.18
3895,2025-09-22,419.15
3895,2025-09-29,414.33
3895,2025-10-06,412.4
3895,2025-10-13,396.98
3895,2025-10-20,403.73
3895,2025-10-27,391.2
3895,2025-11-03,386.38
3895,2025-11-10,388.31
3895,2025-11-17,389.28
3895,2025-11-24,395.06
3895,2025-12-01,392.17
3895,2025-12-08,388.31
3895,2025-12-15,390.24
3895,2025-12-22,393.13
3895,2025-12-29,398.91
3895,2026-01-05,409.51
3895,2026-01-12,409.51
3895,2026-01-19,408.55
3895,2026-01-26,416.26
3895,2026-02-02,410.47
3895,2026-02-09,418.18
3895,2026-02-16,433.6
3895,2026-02-23,445.16
3895,2026-03-02,422.04
3895,2026-03-09,419.15
3895,2026-03-16,427.82
3895,2026-03-23,423.0
3895,2026-03-30,420.0
3895,2026-04-06,420.0
3895,2026-04-13,415.0
3895,2026-04-20,413.0
3895,2026-04-27,411.0
3895,2026-05-04,420.0
3895,2026-05-11,415.0
3895,2026-05-18,409.0
3895,2026-05-25,414.0
3895,2026-06-01,412.0
3895,2026-06-08,411.0
3895,2026-06-15,410.0
3895,2026-06-22,400.0
3895,2026-06-29,408.0
3895,2026-07-06,406.0
3895,2026-07-13,404.0
3895,2026-07-20,404.0
3895,2026-07-27,404.0
3895,2026-08-03,405.0
3895,2026-08-10,569.0
3932,2025-08-25,2877.82
3932,2025-09-01,2747.27
3932,2025-09-08,2792.39
3932,2025-09-15,2692.55
3932,2025-09-22,2683.92
3932,2025-09-29,2635.94
3932,2025-10-06,2615.37
3932,2025-10-13,2548.79
3932,2025-10-20,2567.39
3932,2025-10-27,2575.23
3932,2025-11-03,2597.75
3932,2025-11-10,2596.77
3932,2025-11-17,2565.44
3932,2025-11-24,2631.04
3932,2025-12-01,2527.25
3932,2025-12-08,2582.08
3932,2025-12-15,2678.04
3932,2025-12-22,2608.52
3932,2025-12-29,2596.77
3932,2026-01-05,2606.56
3932,2026-01-12,2620.27
3932,2026-01-19,2609.5
3932,2026-01-26,2493.96
3932,2026-02-02,2449.89
3932,2026-02-09,2659.44
3932,2026-02-16,2991.38
3932,2026-02-23,3015.86
3932,2026-03-02,2991.38
3932,2026-03-09,3045.23
3932,2026-03-16,2962.0
3932,2026-03-23,2821.0
3932,2026-03-30,2824.0
3932,2026-04-06,2785.0
3932,2026-04-13,2896.0
3932,2026-04-20,2808.0
3932,2026-04-27,2726.0
3932,2026-05-04,2811.0
3932,2026-05-11,2994.0
3932,2026-05-18,3320.0
3932,2026-05-25,3160.0
3932,2026-06-01,3065.0
3932,2026-06-08,2914.0
3932,2026-06-15,2827.0
3932,2026-06-22,2874.0
3932,2026-06-29,3085.0
3932,2026-07-06,2915.0
3932,2026-07-13,2882.0
3932,2026-07-20,2905.0
3932,2026-07-27,3050.0
3932,2026-08-03,3200.0
3932,2026-08-10,3360.0
3937,2025-08-25,1051.99
3937,2025-09-01,1066.38
3937,2025-09-08,1058.71
3937,2025-09-15,1063.5
3937,2025-09-22,1070.22
3937,2025-09-29,1057.75
3937,2025-10-06,1047.2
3937,2025-10-13,1027.06
3937,2025-10-20,1048.16
3937,2025-10-27,1100.9
3937,2025-11-03,961.85
3937,2025-11-10,1028.98
3937,2025-11-17,1054.87
3937,2025-11-24,1043.36
3937,2025-12-01,1005.01
3937,2025-12-08,1003.09
3937,2025-12-15,1040.49
3937,2025-12-22,1012.68
3937,2025-12-29,1000.21
3937,2026-01-05,1013.64
3937,2026-01-12,1058.71
3937,2026-01-19,1038.57
3937,2026-01-26,994.46
3937,2026-02-02,945.55
3937,2026-02-09,916.78
3937,2026-02-16,918.7
3937,2026-02-23,967.61
3937,2026-03-02,944.59
3937,2026-03-09,916.78
3937,2026-03-16,908.15
3937,2026-03-23,935.0
3937,2026-03-30,962.0
3937,2026-04-06,947.0
3937,2026-04-13,993.0
3937,2026-04-20,966.0
3937,2026-04-27,940.0
3937,2026-05-04,976.0
3937,2026-05-11,1025.0
3937,2026-05-18,952.0
3937,2026-05-25,945.0
3937,2026-06-01,971.0
3937,2026-06-08,923.0
3937,2026-06-15,943.0
3937,2026-06-22,941.0
3937,2026-06-29,1000.0
3937,2026-07-06,1000.0
3937,2026-07-13,1020.0
3937,2026-07-20,1004.0
3937,2026-07-27,1003.0
3937,2026-08-03,1062.0
3937,2026-08-10,1205.0
3950,2025-08-25,1147.95
3950,2025-09-01,1135.33
3950,2025-09-08,1131.44
3950,2025-09-15,1167.38
3950,2025-09-22,1169.32
3950,2025-09-29,1164.46
3950,2025-10-06,1180.0
3950,2025-10-13,1194.57
3950,2025-10-20,1204.28
3950,2025-10-27,1166.4
3950,2025-11-03,1170.29
3950,2025-11-10,1222.73
3950,2025-11-17,1222.73
3950,2025-11-24,1266.44
3950,2025-12-01,1220.79
3950,2025-12-08,1223.7
3950,2025-12-15,1231.47
3950,2025-12-22,1273.24
3950,2025-12-29,1275.21
3950,2026-01-05,1284.1
3950,2026-01-12,1290.03
3950,2026-01-19,1291.02
3950,2026-01-26,1279.16
3950,2026-02-02,1297.93
3950,2026-02-09,1331.51
3950,2026-02-16,1276.2
3950,2026-02-23,1321.64
3950,2026-03-02,1321.64
3950,2026-03-09,1303.86
3950,2026-03-16,1312.75
3950,2026-03-23,1308.79
3950,2026-03-30,1334.48
3950,2026-04-06,1340.4
3950,2026-04-13,1337.44
3950,2026-04-20,1275.21
3950,2026-04-27,1290.03
3950,2026-05-04,1314.72
3950,2026-05-11,1307.81
3950,2026-05-18,1321.64
3950,2026-05-25,1278.17
3950,2026-06-01,1226.81
3950,2026-06-08,1304.84
3950,2026-06-15,1343.37
3950,2026-06-22,1373.0
3950,2026-06-29,1358.0
3950,2026-07-06,1343.0
3950,2026-07-13,1421.0
3950,2026-07-20,1448.0
3950,2026-07-27,1451.0
3950,2026-08-03,1457.0
3950,2026-08-10,1467.0
3976,2025-08-25,414.0
3976,2025-09-01,415.0
3976,2025-09-08,408.0
3976,2025-09-15,389.0
3976,2025-09-22,404.0
3976,2025-09-29,417.0
3976,2025-10-06,413.0
3976,2025-10-13,395.0
3976,2025-10-20,414.0
3976,2025-10-27,406.0
3976,2025-11-03,395.0
3976,2025-11-10,392.0
3976,2025-11-17,387.0
3976,2025-11-24,384.0
3976,2025-12-01,387.0
3976,2025-12-08,381.0
3976,2025-12-15,371.0
3976,2025-12-22,366.0
3976,2025-12-29,367.0
3976,2026-01-05,363.0
3976,2026-01-12,367.0
3976,2026-01-19,367.0
3976,2026-01-26,356.0
3976,2026-02-02,384.0
3976,2026-02-09,395.0
3976,2026-02-16,375.0
3976,2026-02-23,405.0
3976,2026-03-02,394.0
3976,2026-03-09,395.0
3976,2026-03-16,382.0
3976,2026-03-23,378.0
3976,2026-03-30,377.0
3976,2026-04-06,370.0
3976,2026-04-13,373.0
3976,2026-04-20,404.0
3976,2026-04-27,379.0
3976,2026-05-04,389.0
3976,2026-05-11,387.0
3976,2026-05-18,468.0
3976,2026-05-25,500.0
3976,2026-06-01,487.0
3976,2026-06-08,471.0
3976,2026-06-15,570.0
3976,2026-06-22,560.0
3976,2026-06-29,565.0
3976,2026-07-06,582.0
3976,2026-07-13,590.0
3976,2026-07-20,555.0
3976,2026-07-27,566.0
3976,2026-08-03,515.0
3976,2026-08-10,606.0
3989,2025-08-25,1062.79
3989,2025-09-01,976.26
3989,2025-09-08,1010.12
3989,2025-09-15,988.49
3989,2025-09-22,979.08
3989,2025-09-29,955.61
3989,2025-10-06,940.94
3989,2025-10-13,885.19
3989,2025-10-20,894.97
3989,2025-10-27,914.53
3989,2025-11-03,916.48
3989,2025-11-10,909.64
3989,2025-11-17,1017.23
3989,2025-11-24,1027.99
3989,2025-12-01,1090.59
3989,2025-12-08,1175.68
3989,2025-12-15,1181.55
3989,2025-12-22,1170.79
3989,2025-12-29,1159.05
3989,2026-01-05,1181.55
3989,2026-01-12,1188.4
3989,2026-01-19,1190.35
3989,2026-01-26,1137.54
3989,2026-02-02,1093.52
3989,2026-02-09,1101.35
3989,2026-02-16,1113.08
3989,2026-02-23,1206.98
3989,2026-03-02,1230.46
3989,2026-03-09,1244.15
3989,2026-03-16,1155.14
3989,2026-03-23,1228.5
3989,2026-03-30,1195.0
3989,2026-04-06,1200.0
3989,2026-04-13,1185.0
3989,2026-04-20,1220.0
3989,2026-04-27,1151.0
3989,2026-05-04,1124.0
3989,2026-05-11,1104.0
3989,2026-05-18,1006.0
3989,2026-05-25,987.0
3989,2026-06-01,1007.0
3989,2026-06-08,980.0
3989,2026-06-15,1015.0
3989,2026-06-22,995.0
3989,2026-06-29,1423.0
3989,2026-07-06,1429.0
3989,2026-07-13,1414.0
3989,2026-07-20,1402.0
3989,2026-07-27,1340.0
3989,2026-08-03,1396.0
3989,2026-08-10,1481.0
4025,2025-08-25,3522.86
4025,2025-09-01,3650.42
4025,2025-09-08,3831.96
4025,2025-09-15,3782.9
4025,2025-09-22,3861.4
4025,2025-09-29,3748.55
4025,2025-10-06,3709.3
4025,2025-10-13,3709.3
4025,2025-10-20,3694.58
4025,2025-10-27,3542.48
4025,2025-11-03,3616.08
4025,2025-11-10,3527.76
4025,2025-11-17,3503.23
4025,2025-11-24,3620.99
4025,2025-12-01,3473.79
4025,2025-12-08,3581.73
4025,2025-12-15,3743.65
4025,2025-12-22,3935.0
4025,2025-12-29,3825.0
4025,2026-01-05,4005.0
4025,2026-01-12,4105.0
4025,2026-01-19,4050.0
4025,2026-01-26,3925.0
4025,2026-02-02,4015.0
4025,2026-02-09,3735.0
4025,2026-02-16,3830.0
4025,2026-02-23,3900.0
4025,2026-03-02,3715.0
4025,2026-03-09,4020.0
4025,2026-03-16,4420.0
4025,2026-03-23,5100.0
4025,2026-03-30,4510.0
4025,2026-04-06,4460.0
4025,2026-04-13,4365.0
4025,2026-04-20,4505.0
4025,2026-04-27,4670.0
4025,2026-05-04,5180.0
4025,2026-05-11,5450.0
4025,2026-05-18,5220.0
4025,2026-05-25,5010.0
4025,2026-06-01,5430.0
4025,2026-06-08,5290.0
4025,2026-06-15,4700.0
4025,2026-06-22,4735.0
4025,2026-06-29,4960.0
4025,2026-07-06,4775.0
4025,2026-07-13,4855.0
4025,2026-07-20,5020.0
4025,2026-07-27,4965.0
4025,2026-08-03,6140.0
4025,2026-08-10,5810.0
4027,2025-08-25,1232.44
4027,2025-09-01,1295.89
4027,2025-09-08,1274.74
4027,2025-09-15,1264.16
4027,2025-09-22,1306.46
4027,2025-09-29,1227.43
4027,2025-10-06,1227.43
4027,2025-10-13,1271.34
4027,2025-10-20,1311.34
4027,2025-10-27,1284.02
4027,2025-11-03,1283.04
4027,2025-11-10,1285.0
4027,2025-11-17,1250.85
4027,2025-11-24,1239.14
4027,2025-12-01,1207.91
4027,2025-12-08,1194.26
4027,2025-12-15,1181.57
4027,2025-12-22,1203.04
4027,2025-12-29,1204.99
4027,2026-01-05,1194.26
4027,2026-01-12,1245.97
4027,2026-01-19,1427.45
4027,2026-01-26,1357.2
4027,2026-02-02,1466.48
4027,2026-02-09,1623.56
4027,2026-02-16,1662.59
4027,2026-02-23,1778.7
4027,2026-03-02,1737.72
4027,2026-03-09,1579.66
4027,2026-03-16,1530.87
4027,2026-03-23,1606.0
4027,2026-03-30,1886.0
4027,2026-04-06,1904.0
4027,2026-04-13,1870.0
4027,2026-04-20,1884.0
4027,2026-04-27,1963.0
4027,2026-05-04,1964.0
4027,2026-05-11,2047.0
4027,2026-05-18,2030.0
4027,2026-05-25,2392.0
4027,2026-06-01,2356.0
4027,2026-06-08,2195.0
4027,2026-06-15,2446.0
4027,2026-06-22,2327.0
4027,2026-06-29,2362.0
4027,2026-07-06,2297.0
4027,2026-07-13,2351.0
4027,2026-07-20,2329.0
4027,2026-07-27,2224.0
4027,2026-08-03,2413.0
4027,2026-08-10,2399.0
4076,2025-08-25,1445.41
4076,2025-09-01,1441.55
4076,2025-09-08,1465.64
4076,2025-09-15,1498.4
4076,2025-09-22,1535.02
4076,2025-09-29,1503.22
4076,2025-10-06,1658.36
4076,2025-10-13,1634.27
4076,2025-10-20,1625.6
4076,2025-10-27,1624.64
4076,2025-11-03,1553.33
4076,2025-11-10,1541.77
4076,2025-11-17,1575.49
4076,2025-11-24,1634.27
4076,2025-12-01,1589.95
4076,2025-12-08,1609.22
4076,2025-12-15,1640.05
4076,2025-12-22,1622.71
4076,2025-12-29,1652.58
4076,2026-01-05,1681.49
4076,2026-01-12,1703.65
4076,2026-01-19,1815.43
4076,2026-01-26,1694.02
4076,2026-02-02,1657.4
4076,2026-02-09,1619.82
4076,2026-02-16,1638.13
4076,2026-02-23,1647.76
4076,2026-03-02,1641.02
4076,2026-03-09,1638.13
4076,2026-03-16,1637.16
4076,2026-03-23,1625.6
4076,2026-03-30,1608.25
4076,2026-04-06,1704.62
4076,2026-04-13,1696.91
4076,2026-04-20,1644.87
4076,2026-04-27,1661.25
4076,2026-05-04,1709.43
4076,2026-05-11,1694.02
4076,2026-05-18,1656.43
4076,2026-05-25,1646.0
4076,2026-06-01,1623.0
4076,2026-06-08,1640.0
4076,2026-06-15,1680.0
4076,2026-06-22,1681.0
4076,2026-06-29,1693.0
4076,2026-07-06,1720.0
4076,2026-07-13,1824.0
4076,2026-07-20,1803.0
4076,2026-07-27,1818.0
4076,2026-08-03,1846.0
4076,2026-08-10,1951.0
4097,2025-08-25,1031.47
4097,2025-09-01,1051.71
4097,2025-09-08,1042.07
4097,2025-09-15,1019.9
4097,2025-09-22,1034.36
4097,2025-09-29,999.0
4097,2025-10-06,990.16
4097,2025-10-13,999.98
4097,2025-10-20,1024.54
4097,2025-10-27,1009.81
4097,2025-11-03,1026.5
4097,2025-11-10,1034.36
4097,2025-11-17,1028.47
4097,2025-11-24,1045.17
4097,2025-12-01,1021.59
4097,2025-12-08,1044.19
4097,2025-12-15,1011.77
4097,2025-12-22,1035.35
4097,2025-12-29,1028.47
4097,2026-01-05,1120.81
4097,2026-01-12,1143.4
4097,2026-01-19,1113.93
4097,2026-01-26,1101.16
4097,2026-02-02,1113.93
4097,2026-02-09,1136.52
4097,2026-02-16,1090.35
4097,2026-02-23,1119.82
4097,2026-03-02,1074.64
4097,2026-03-09,1086.42
4097,2026-03-16,1102.14
4097,2026-03-23,1110.0
4097,2026-03-30,1114.0
4097,2026-04-06,1100.0
4097,2026-04-13,1090.0
4097,2026-04-20,1100.0
4097,2026-04-27,1100.0
4097,2026-05-04,1100.0
4097,2026-05-11,1120.0
4097,2026-05-18,1076.0
4097,2026-05-25,1101.0
4097,2026-06-01,1086.0
4097,2026-06-08,1092.0
4097,2026-06-15,1137.0
4097,2026-06-22,1108.0
4097,2026-06-29,1116.0
4097,2026-07-06,1135.0
4097,2026-07-13,1115.0
4097,2026-07-20,1115.0
4097,2026-07-27,1071.0
4097,2026-08-03,1091.0
4097,2026-08-10,1200.0
4125,2025-08-25,1508.12
4125,2025-09-01,1516.0
4125,2025-09-08,1499.25
4125,2025-09-15,1495.31
4125,2025-09-22,1547.52
4125,2025-09-29,1558.35
4125,2025-10-06,1627.31
4125,2025-10-13,1601.7
4125,2025-10-20,1701.19
4125,2025-10-27,1676.56
4125,2025-11-03,1662.77
4125,2025-11-10,1800.68
4125,2025-11-17,1788.85
4125,2025-11-24,1872.58
4125,2025-12-01,2063.68
4125,2025-12-08,2172.04
4125,2025-12-15,2319.8
4125,2025-12-22,2305.02
4125,2025-12-29,2248.87
4125,2026-01-05,2344.42
4125,2026-01-12,2675.4
4125,2026-01-19,2571.97
4125,2026-01-26,2594.63
4125,2026-02-02,2492.18
4125,2026-02-09,2530.6
4125,2026-02-16,2869.46
4125,2026-02-23,3196.49
4125,2026-03-02,3137.39
4125,2026-03-09,3048.74
4125,2026-03-16,3009.33
4125,2026-03-23,3295.0
4125,2026-03-30,3110.0
4125,2026-04-06,3075.0
4125,2026-04-13,3385.0
4125,2026-04-20,3460.0
4125,2026-04-27,3525.0
4125,2026-05-04,3495.0
4125,2026-05-11,3835.0
4125,2026-05-18,2672.0
4125,2026-05-25,2675.0
4125,2026-06-01,2606.0
4125,2026-06-08,2619.0
4125,2026-06-15,2996.0
4125,2026-06-22,3150.0
4125,2026-06-29,3195.0
4125,2026-07-06,3440.0
4125,2026-07-13,3550.0
4125,2026-07-20,3535.0
4125,2026-07-27,3225.0
4125,2026-08-03,3380.0
4125,2026-08-10,4050.0
4228,2025-08-25,356.73
4228,2025-09-01,357.69
4228,2025-09-08,357.69
4228,2025-09-15,359.63
4228,2025-09-22,362.53
4228,2025-09-29,338.36
4228,2025-10-06,335.46
4228,2025-10-13,341.26
4228,2025-10-20,359.63
4228,2025-10-27,342.23
4228,2025-11-03,330.63
4228,2025-11-10,345.13
4228,2025-11-17,343.19
4228,2025-11-24,366.39
4228,2025-12-01,375.1
4228,2025-12-08,375.1
4228,2025-12-15,393.46
4228,2025-12-22,393.46
4228,2025-12-29,386.7
4228,2026-01-05,400.23
4228,2026-01-12,414.73
4228,2026-01-19,423.43
4228,2026-01-26,407.96
4228,2026-02-02,456.3
4228,2026-02-09,470.8
4228,2026-02-16,480.47
4228,2026-02-23,526.87
4228,2026-03-02,493.04
4228,2026-03-09,443.73
4228,2026-03-16,432.13
4228,2026-03-23,436.0
4228,2026-03-30,444.0
4228,2026-04-06,460.0
4228,2026-04-13,474.0
4228,2026-04-20,423.0
4228,2026-04-27,449.0
4228,2026-05-04,476.0
4228,2026-05-11,532.0
4228,2026-05-18,511.0
4228,2026-05-25,574.0
4228,2026-06-01,556.0
4228,2026-06-08,550.0
4228,2026-06-15,546.0
4228,2026-06-22,544.0
4228,2026-06-29,547.0
4228,2026-07-06,521.0
4228,2026-07-13,509.0
4228,2026-07-20,508.0
4228,2026-07-27,530.0
4228,2026-08-03,614.0
4228,2026-08-10,653.0
4246,2025-08-25,709.02
4246,2025-09-01,731.53
4246,2025-09-08,712.78
4246,2025-09-15,720.28
4246,2025-09-22,718.4
4246,2025-09-29,704.94
4246,2025-10-06,689.55
4246,2025-10-13,694.36
4246,2025-10-20,722.25
4246,2025-10-27,702.05
4246,2025-11-03,715.52
4246,2025-11-10,711.67
4246,2025-11-17,728.98
4246,2025-11-24,735.71
4246,2025-12-01,729.94
4246,2025-12-08,734.75
4246,2025-12-15,758.79
4246,2025-12-22,750.14
4246,2025-12-29,766.49
4246,2026-01-05,785.72
4246,2026-01-12,796.3
4246,2026-01-19,819.38
4246,2026-01-26,787.65
4246,2026-02-02,829.0
4246,2026-02-09,877.09
4246,2026-02-16,875.16
4246,2026-02-23,907.86
4246,2026-03-02,850.16
4246,2026-03-09,821.31
4246,2026-03-16,834.77
4246,2026-03-23,829.0
4246,2026-03-30,884.0
4246,2026-04-06,870.0
4246,2026-04-13,878.0
4246,2026-04-20,859.0
4246,2026-04-27,849.0
4246,2026-05-04,874.0
4246,2026-05-11,1069.0
4246,2026-05-18,1033.0
4246,2026-05-25,1092.0
4246,2026-06-01,1045.0
4246,2026-06-08,1003.0
4246,2026-06-15,1018.0
4246,2026-06-22,1005.0
4246,2026-06-29,1005.0
4246,2026-07-06,995.0
4246,2026-07-13,993.0
4246,2026-07-20,1005.0
4246,2026-07-27,1030.0
4246,2026-08-03,1089.0
4246,2026-08-10,1127.0
4249,2025-08-25,2341.83
4249,2025-09-01,2410.65
4249,2025-09-08,2430.72
4249,2025-09-15,2458.44
4249,2025-09-22,2584.62
4249,2025-09-29,2473.77
4249,2025-10-06,2393.69
4249,2025-10-13,2365.37
4249,2025-10-20,2452.28
4249,2025-10-27,2292.12
4249,2025-11-03,2296.03
4249,2025-11-10,2225.71
4249,2025-11-17,2263.8
4249,2025-11-24,2354.62
4249,2025-12-01,2244.26
4249,2025-12-08,2252.08
4249,2025-12-15,2212.04
4249,2025-12-22,2373.18
4249,2025-12-29,2436.66
4249,2026-01-05,2393.69
4249,2026-01-12,2480.61
4249,2026-01-19,2462.05
4249,2026-01-26,2371.22
4249,2026-02-02,2439.59
4249,2026-02-09,2449.35
4249,2026-02-16,2467.91
4249,2026-02-23,2599.75
4249,2026-03-02,2465.96
4249,2026-03-09,2390.76
4249,2026-03-16,2401.5
4249,2026-03-23,2401.5
4249,2026-03-30,2426.0
4249,2026-04-06,2392.0
4249,2026-04-13,2364.0
4249,2026-04-20,2418.0
4249,2026-04-27,2449.0
4249,2026-05-04,2472.0
4249,2026-05-11,2517.0
4249,2026-05-18,2425.0
4249,2026-05-25,2378.0
4249,2026-06-01,2336.0
4249,2026-06-08,2325.0
4249,2026-06-15,2319.0
4249,2026-06-22,2340.0
4249,2026-06-29,2403.0
4249,2026-07-06,2411.0
4249,2026-07-13,2450.0
4249,2026-07-20,2486.0
4249,2026-07-27,2516.0
4249,2026-08-03,2833.0
4249,2026-08-10,2935.0
4255,2025-08-25,1207.0
4255,2025-09-01,1178.0
4255,2025-09-08,1205.0
4255,2025-09-15,1280.0
4255,2025-09-22,1222.0
4255,2025-09-29,1028.0
4255,2025-10-06,1069.0
4255,2025-10-13,972.0
4255,2025-10-20,1200.0
4255,2025-10-27,1062.0
4255,2025-11-03,1084.0
4255,2025-11-10,1461.0
4255,2025-11-17,1644.0
4255,2025-11-24,1798.0
4255,2025-12-01,2075.0
4255,2025-12-08,1852.0
4255,2025-12-15,1892.0
4255,2025-12-22,2202.0
4255,2025-12-29,2405.0
4255,2026-01-05,2232.0
4255,2026-01-12,2230.0
4255,2026-01-19,2126.0
4255,2026-01-26,2156.0
4255,2026-02-02,2239.0
4255,2026-02-09,2372.0
4255,2026-02-16,1950.0
4255,2026-02-23,2001.0
4255,2026-03-02,2017.0
4255,2026-03-09,2036.0
4255,2026-03-16,1957.0
4255,2026-03-23,1962.0
4255,2026-03-30,1966.0
4255,2026-04-06,2055.0
4255,2026-04-13,2140.0
4255,2026-04-20,2150.0
4255,2026-04-27,2107.0
4255,2026-05-04,1950.0
4255,2026-05-11,2226.0
4255,2026-05-18,2564.0
4255,2026-05-25,2402.0
4255,2026-06-01,2302.0
4255,2026-06-08,2451.0
4255,2026-06-15,2424.0
4255,2026-06-22,2450.0
4255,2026-06-29,2550.0
4255,2026-07-06,2500.0
4255,2026-07-13,2481.0
4255,2026-07-20,2428.0
4255,2026-07-27,2460.0
4255,2026-08-03,2548.0
4255,2026-08-10,3720.0
428A,2025-10-06,622.0
428A,2025-10-13,723.0
428A,2025-10-20,707.0
428A,2025-10-27,679.0
428A,2025-11-03,685.0
428A,2025-11-10,690.0
428A,2025-11-17,682.0
428A,2025-11-24,689.0
428A,2025-12-01,682.0
428A,2025-12-08,679.0
428A,2025-12-15,739.0
428A,2025-12-22,773.0
428A,2025-12-29,825.0
428A,2026-01-05,831.0
428A,2026-01-12,860.0
428A,2026-01-19,892.0
428A,2026-01-26,870.0
428A,2026-02-02,837.0
428A,2026-02-09,838.0
428A,2026-02-16,839.0
428A,2026-02-23,813.0
428A,2026-03-02,810.0
428A,2026-03-09,811.0
428A,2026-03-16,810.0
428A,2026-03-23,838.0
428A,2026-03-30,883.0
428A,2026-04-06,881.0
428A,2026-04-13,908.0
428A,2026-04-20,906.0
428A,2026-04-27,945.0
428A,2026-05-04,999.0
428A,2026-05-11,1032.0
428A,2026-05-18,1048.0
428A,2026-05-25,1278.0
428A,2026-06-01,1189.0
428A,2026-06-08,1223.0
428A,2026-06-15,1186.0
428A,2026-06-22,1226.0
428A,2026-06-29,1270.0
428A,2026-07-06,1231.0
428A,2026-07-13,1386.0
428A,2026-07-20,1327.0
428A,2026-07-27,1360.0
428A,2026-08-03,1384.0
428A,2026-08-10,1401.0
4371,2025-08-25,1075.02
4371,2025-09-01,1019.89
4371,2025-09-08,1033.67
4371,2025-09-15,993.31
4371,2025-09-22,977.56
4371,2025-09-29,924.4
4371,2025-10-06,942.12
4371,2025-10-13,918.49
4371,2025-10-20,958.86
4371,2025-10-27,936.21
4371,2025-11-03,917.51
4371,2025-11-10,1046.47
4371,2025-11-17,1004.14
4371,2025-11-24,1045.49
4371,2025-12-01,1085.85
4371,2025-12-08,1136.06
4371,2025-12-15,1162.64
4371,2025-12-22,1203.0
4371,2025-12-29,1195.0
4371,2026-01-05,1303.0
4371,2026-01-12,1380.0
4371,2026-01-19,1264.0
4371,2026-01-26,1276.0
4371,2026-02-02,1174.0
4371,2026-02-09,1106.0
4371,2026-02-16,1120.0
4371,2026-02-23,1110.0
4371,2026-03-02,1072.0
4371,2026-03-09,1028.0
4371,2026-03-16,985.0
4371,2026-03-23,998.0
4371,2026-03-30,943.0
4371,2026-04-06,907.0
4371,2026-04-13,1145.0
4371,2026-04-20,1422.0
4371,2026-04-27,1329.0
4371,2026-05-04,1390.0
4371,2026-05-11,1271.0
4371,2026-05-18,1253.0
4371,2026-05-25,1428.0
4371,2026-06-01,1397.0
4371,2026-06-08,1317.0
4371,2026-06-15,1406.0
4371,2026-06-22,1380.0
4371,2026-06-29,1474.0
4371,2026-07-06,1416.0
4371,2026-07-13,1372.0
4371,2026-07-20,1364.0
4371,2026-07-27,1450.0
4371,2026-08-03,1453.0
4371,2026-08-10,1525.0
4480,2025-08-25,2482.0
4480,2025-09-01,2459.0
4480,2025-09-08,2326.0
4480,2025-09-15,2500.0
4480,2025-09-22,2463.0
4480,2025-09-29,2359.0
4480,2025-10-06,2358.0
4480,2025-10-13,2168.0
4480,2025-10-20,2256.0
4480,2025-10-27,2106.0
4480,2025-11-03,2211.0
4480,2025-11-10,2277.0
4480,2025-11-17,2650.0
4480,2025-11-24,2427.0
4480,2025-12-01,2371.0
4480,2025-12-08,2382.0
4480,2025-12-15,2335.0
4480,2025-12-22,2318.0
4480,2025-12-29,2357.0
4480,2026-01-05,2390.0
4480,2026-01-12,2500.0
4480,2026-01-19,2556.0
4480,2026-01-26,2387.0
4480,2026-02-02,2384.0
4480,2026-02-09,2152.0
4480,2026-02-16,2045.0
4480,2026-02-23,1984.0
4480,2026-03-02,1947.0
4480,2026-03-09,1872.0
4480,2026-03-16,1747.0
4480,2026-03-23,1901.0
4480,2026-03-30,1963.0
4480,2026-04-06,2079.0
4480,2026-04-13,2320.0
4480,2026-04-20,2325.0
4480,2026-04-27,2261.0
4480,2026-05-04,2300.0
4480,2026-05-11,2169.0
4480,2026-05-18,2289.0
4480,2026-05-25,2206.0
4480,2026-06-01,2199.0
4480,2026-06-08,2038.0
4480,2026-06-15,2028.0
4480,2026-06-22,1980.0
4480,2026-06-29,2020.0
4480,2026-07-06,2026.0
4480,2026-07-13,2070.0
4480,2026-07-20,1929.0
4480,2026-07-27,2049.0
4480,2026-08-03,2090.0
4480,2026-08-10,2677.0
4526,2025-08-25,2814.65
4526,2025-09-01,2867.63
4526,2025-09-08,2857.03
4526,2025-09-15,2873.41
4526,2025-09-22,2899.42
4526,2025-09-29,2769.9
4526,2025-10-06,2752.24
4526,2025-10-13,2779.71
4526,2025-10-20,2796.39
4526,2025-10-27,2745.37
4526,2025-11-03,2798.35
4526,2025-11-10,2791.49
4526,2025-11-17,2860.17
4526,2025-11-24,2900.4
4526,2025-12-01,2770.88
4526,2025-12-08,2810.13
4526,2025-12-15,2910.21
4526,2025-12-22,2925.91
4526,2025-12-29,2911.19
4526,2026-01-05,2933.76
4526,2026-01-12,2987.72
4526,2026-01-19,3071.13
4526,2026-01-26,3046.6
4526,2026-02-02,3144.71
4526,2026-02-09,3002.44
4526,2026-02-16,2943.57
4526,2026-02-23,3041.69
4526,2026-03-02,2939.65
4526,2026-03-09,2826.81
4526,2026-03-16,2820.92
4526,2026-03-23,2869.0
4526,2026-03-30,2943.0
4526,2026-04-06,2925.0
4526,2026-04-13,2864.0
4526,2026-04-20,2740.0
4526,2026-04-27,2770.0
4526,2026-05-04,2699.0
4526,2026-05-11,2825.0
4526,2026-05-18,2803.0
4526,2026-05-25,2806.0
4526,2026-06-01,2913.0
4526,2026-06-08,2995.0
4526,2026-06-15,2988.0
4526,2026-06-22,3080.0
4526,2026-06-29,3095.0
4526,2026-07-06,3135.0
4526,2026-07-13,3155.0
4526,2026-07-20,3120.0
4526,2026-07-27,3210.0
4526,2026-08-03,3155.0
4526,2026-08-10,3280.0
4599,2025-08-25,305.0
4599,2025-09-01,313.0
4599,2025-09-08,305.0
4599,2025-09-15,298.0
4599,2025-09-22,303.0
4599,2025-09-29,290.0
4599,2025-10-06,299.0
4599,2025-10-13,295.0
4599,2025-10-20,291.0
4599,2025-10-27,277.0
4599,2025-11-03,273.0
4599,2025-11-10,287.0
4599,2025-11-17,278.0
4599,2025-11-24,280.0
4599,2025-12-01,254.0
4599,2025-12-08,260.0
4599,2025-12-15,260.0
4599,2025-12-22,255.0
4599,2025-12-29,263.0
4599,2026-01-05,279.0
4599,2026-01-12,290.0
4599,2026-01-19,291.0
4599,2026-01-26,290.0
4599,2026-02-02,285.0
4599,2026-02-09,291.0
4599,2026-02-16,299.0
4599,2026-02-23,307.0
4599,2026-03-02,300.0
4599,2026-03-09,296.0
4599,2026-03-16,296.0
4599,2026-03-23,303.0
4599,2026-03-30,299.0
4599,2026-04-06,304.0
4599,2026-04-13,311.0
4599,2026-04-20,303.0
4599,2026-04-27,299.0
4599,2026-05-04,300.0
4599,2026-05-11,307.0
4599,2026-05-18,293.0
4599,2026-05-25,296.0
4599,2026-06-01,295.0
4599,2026-06-08,286.0
4599,2026-06-15,300.0
4599,2026-06-22,313.0
4599,2026-06-29,313.0
4599,2026-07-06,316.0
4599,2026-07-13,294.0
4599,2026-07-20,299.0
4599,2026-07-27,298.0
4599,2026-08-03,303.0
4599,2026-08-10,348.0
4611,2025-08-25,1229.54
4611,2025-09-01,1256.29
4611,2025-09-08,1253.42
4611,2025-09-15,1241.96
4611,2025-09-22,1254.37
4611,2025-09-29,1219.03
4611,2025-10-06,1205.65
4611,2025-10-13,1214.25
4611,2025-10-20,1234.31
4611,2025-10-27,1212.34
4611,2025-11-03,1176.99
4611,2025-11-10,1220.94
4611,2025-11-17,1228.58
4611,2025-11-24,1303.1
4611,2025-12-01,1234.31
4611,2025-12-08,1243.87
4611,2025-12-15,1249.6
4611,2025-12-22,1269.66
4611,2025-12-29,1286.86
4611,2026-01-05,1291.63
4611,2026-01-12,1346.09
4611,2026-01-19,1353.73
4611,2026-01-26,1314.56
4611,2026-02-02,1370.93
4611,2026-02-09,1385.26
4611,2026-02-16,1395.77
4611,2026-02-23,1427.29
4611,2026-03-02,1323.16
4611,2026-03-09,1249.6
4611,2026-03-16,1225.71
4611,2026-03-23,1241.0
4611,2026-03-30,1252.0
4611,2026-04-06,1304.0
4611,2026-04-13,1262.0
4611,2026-04-20,1229.0
4611,2026-04-27,1242.0
4611,2026-05-04,1260.0
4611,2026-05-11,1206.0
4611,2026-05-18,1259.0
4611,2026-05-25,1288.0
4611,2026-06-01,1280.0
4611,2026-06-08,1300.0
4611,2026-06-15,1305.0
4611,2026-06-22,1340.0
4611,2026-06-29,1374.0
4611,2026-07-06,1410.0
4611,2026-07-13,1353.0
4611,2026-07-20,1358.0
4611,2026-07-27,1399.0
4611,2026-08-03,1441.0
4611,2026-08-10,1524.0
4619,2025-08-25,2031.78
4619,2025-09-01,2081.87
4619,2025-09-08,2082.81
4619,2025-09-15,2076.2
4619,2025-09-22,2051.63
4619,2025-09-29,2011.97
4619,2025-10-06,1994.56
4619,2025-10-13,2043.89
4619,2025-10-20,2055.5
4619,2025-10-27,2021.64
4619,2025-11-03,1995.52
4619,2025-11-10,2090.32
4619,2025-11-17,2120.3
4619,2025-11-24,2170.6
4619,2025-12-01,2112.57
4619,2025-12-08,2212.2
4619,2025-12-15,2256.69
4619,2025-12-22,2260.56
4619,2025-12-29,2258.63
4619,2026-01-05,2323.43
4619,2026-01-12,2370.83
4619,2026-01-19,2340.85
4619,2026-01-26,2266.36
4619,2026-02-02,2355.36
4619,2026-02-09,2312.79
4619,2026-02-16,2346.65
4619,2026-02-23,2461.76
4619,2026-03-02,2336.01
4619,2026-03-09,2252.82
4619,2026-03-16,2216.07
4619,2026-03-23,2218.0
4619,2026-03-30,2207.0
4619,2026-04-06,2216.0
4619,2026-04-13,2156.0
4619,2026-04-20,2096.0
4619,2026-04-27,2035.0
4619,2026-05-04,2079.0
4619,2026-05-11,2396.0
4619,2026-05-18,2408.0
4619,2026-05-25,2364.0
4619,2026-06-01,2273.0
4619,2026-06-08,2300.0
4619,2026-06-15,2331.0
4619,2026-06-22,2329.0
4619,2026-06-29,2389.0
4619,2026-07-06,2406.0
4619,2026-07-13,2385.0
4619,2026-07-20,2436.0
4619,2026-07-27,2471.0
4619,2026-08-03,2529.0
4619,2026-08-10,2740.0
4623,2025-08-25,1670.06
4623,2025-09-01,1675.86
4623,2025-09-08,1684.55
4623,2025-09-15,1693.24
4623,2025-09-22,1690.34
4623,2025-09-29,1706.07
4623,2025-10-06,1697.22
4623,2025-10-13,1690.34
4623,2025-10-20,1694.28
4623,2025-10-27,1690.34
4623,2025-11-03,1689.36
4623,2025-11-10,1686.41
4623,2025-11-17,1692.31
4623,2025-11-24,1688.38
4623,2025-12-01,1681.5
4623,2025-12-08,1682.48
4623,2025-12-15,1685.43
4623,2025-12-22,1689.36
4623,2025-12-29,1694.28
4623,2026-01-05,1699.19
4623,2026-01-12,1710.0
4623,2026-01-19,1702.14
4623,2026-01-26,1702.14
4623,2026-02-02,1709.02
4623,2026-02-09,1712.95
4623,2026-02-16,1738.5
4623,2026-02-23,1730.64
4623,2026-03-02,1705.09
4623,2026-03-09,1695.26
4623,2026-03-16,1710.0
4623,2026-03-23,1710.0
4623,2026-03-30,1730.0
4623,2026-04-06,1732.0
4623,2026-04-13,1722.0
4623,2026-04-20,1711.0
4623,2026-04-27,1710.0
4623,2026-05-04,1706.0
4623,2026-05-11,1700.0
4623,2026-05-18,1710.0
4623,2026-05-25,1700.0
4623,2026-06-01,1701.0
4623,2026-06-08,1700.0
4623,2026-06-15,1693.0
4623,2026-06-22,1708.0
4623,2026-06-29,1725.0
4623,2026-07-06,1712.0
4623,2026-07-13,1711.0
4623,2026-07-20,1719.0
4623,2026-07-27,1721.0
4623,2026-08-03,1723.0
4623,2026-08-10,1820.0
4671,2025-08-25,2382.32
4671,2025-09-01,2400.44
4671,2025-09-08,2519.65
4671,2025-09-15,2450.03
4671,2025-09-22,2514.88
4671,2025-09-29,2444.06
4671,2025-10-06,2421.59
4671,2025-10-13,2481.18
4671,2025-10-20,2487.04
4671,2025-10-27,2424.53
4671,2025-11-03,2451.88
4671,2025-11-10,2498.77
4671,2025-11-17,2512.44
4671,2025-11-24,2508.53
4671,2025-12-01,2489.0
4671,2025-12-08,2528.07
4671,2025-12-15,2558.35
4671,2025-12-22,2605.24
4671,2025-12-29,2618.92
4671,2026-01-05,2668.74
4671,2026-01-12,2686.32
4671,2026-01-19,2661.9
4671,2026-01-26,2615.01
4671,2026-02-02,2613.06
4671,2026-02-09,2651.15
4671,2026-02-16,2617.94
4671,2026-02-23,2666.78
4671,2026-03-02,2615.99
4671,2026-03-09,2565.19
4671,2026-03-16,2551.51
4671,2026-03-23,2636.5
4671,2026-03-30,2631.0
4671,2026-04-06,2620.0
4671,2026-04-13,2604.0
4671,2026-04-20,2552.0
4671,2026-04-27,2512.0
4671,2026-05-04,2512.0
4671,2026-05-11,2587.0
4671,2026-05-18,2521.0
4671,2026-05-25,2565.0
4671,2026-06-01,2545.0
4671,2026-06-08,2573.0
4671,2026-06-15,2572.0
4671,2026-06-22,2542.0
4671,2026-06-29,2617.0
4671,2026-07-06,2682.0
4671,2026-07-13,2700.0
4671,2026-07-20,2672.0
4671,2026-07-27,2651.0
4671,2026-08-03,2690.0
4671,2026-08-10,2834.0
4674,2025-08-25,1647.53
4674,2025-09-01,1588.99
4674,2025-09-08,1617.78
4674,2025-09-15,1612.98
4674,2025-09-22,1631.21
4674,2025-09-29,1599.0
4674,2025-10-06,1610.71
4674,2025-10-13,1570.69
4674,2025-10-20,1620.48
4674,2025-10-27,1586.31
4674,2025-11-03,1495.52
4674,2025-11-10,1478.93
4674,2025-11-17,1479.9
4674,2025-11-24,1497.48
4674,2025-12-01,1534.57
4674,2025-12-08,1732.74
4674,2025-12-15,1697.6
4674,2025-12-22,1711.26
4674,2025-12-29,1704.43
4674,2026-01-05,1739.57
4674,2026-01-12,1743.48
4674,2026-01-19,1702.48
4674,2026-01-26,1634.14
4674,2026-02-02,1520.9
4674,2026-02-09,1550.19
4674,2026-02-16,1498.45
4674,2026-02-23,1501.38
4674,2026-03-02,1450.62
4674,2026-03-09,1447.69
4674,2026-03-16,1405.71
4674,2026-03-23,1435.0
4674,2026-03-30,1446.0
4674,2026-04-06,1447.0
4674,2026-04-13,1454.0
4674,2026-04-20,1382.0
4674,2026-04-27,1376.0
4674,2026-05-04,1400.0
4674,2026-05-11,1538.0
4674,2026-05-18,1566.0
4674,2026-05-25,1526.0
4674,2026-06-01,1521.0
4674,2026-06-08,1454.0
4674,2026-06-15,1456.0
4674,2026-06-22,1445.0
4674,2026-06-29,1502.0
4674,2026-07-06,1546.0
4674,2026-07-13,1523.0
4674,2026-07-20,1557.0
4674,2026-07-27,1617.0
4674,2026-08-03,1805.0
4674,2026-08-10,1955.0
4848,2025-08-25,1706.0
4848,2025-09-01,1709.84
4848,2025-09-08,1698.31
4848,2025-09-15,1690.63
4848,2025-09-22,1713.68
4848,2025-09-29,1671.42
4848,2025-10-06,1656.05
4848,2025-10-13,1628.19
4848,2025-10-20,1675.26
4848,2025-10-27,1625.31
4848,2025-11-03,1628.19
4848,2025-11-10,1636.84
4848,2025-11-17,1626.27
4848,2025-11-24,1645.48
4848,2025-12-01,1591.69
4848,2025-12-08,1599.37
4848,2025-12-15,1615.7
4848,2025-12-22,1638.76
4848,2025-12-29,1632.88
4848,2026-01-05,1669.11
4848,2026-01-12,1656.38
4848,2026-01-19,1723.93
4848,2026-01-26,1647.57
4848,2026-02-02,1674.98
4848,2026-02-09,1671.06
4848,2026-02-16,1600.58
4848,2026-02-23,1651.48
4848,2026-03-02,1635.82
4848,2026-03-09,1610.37
4848,2026-03-16,1619.18
4848,2026-03-23,1634.84
4848,2026-03-30,1668.13
4848,2026-04-06,1672.04
4848,2026-04-13,1659.32
4848,2026-04-20,1586.87
4848,2026-04-27,1573.17
4848,2026-05-04,1571.21
4848,2026-05-11,1498.77
4848,2026-05-18,1485.06
4848,2026-05-25,1507.58
4848,2026-06-01,1511.49
4848,2026-06-08,1506.6
4848,2026-06-15,1493.87
4848,2026-06-22,1488.0
4848,2026-06-29,1540.0
4848,2026-07-06,1602.0
4848,2026-07-13,1643.0
4848,2026-07-20,1648.0
4848,2026-07-27,1728.0
4848,2026-08-03,1680.0
4848,2026-08-10,1856.0
4937,2025-08-25,1232.0
4937,2025-09-01,1247.0
4937,2025-09-08,1110.0
4937,2025-09-15,1113.0
4937,2025-09-22,1383.0
4937,2025-09-29,1400.0
4937,2025-10-06,1465.0
4937,2025-10-13,1375.0
4937,2025-10-20,1410.0
4937,2025-10-27,1397.0
4937,2025-11-03,1400.0
4937,2025-11-10,1766.0
4937,2025-11-17,1773.0
4937,2025-11-24,1725.0
4937,2025-12-01,1736.0
4937,2025-12-08,1393.0
4937,2025-12-15,1444.0
4937,2025-12-22,1340.0
4937,2025-12-29,1377.0
4937,2026-01-05,1410.0
4937,2026-01-12,1427.0
4937,2026-01-19,1401.0
4937,2026-01-26,1384.0
4937,2026-02-02,1400.0
4937,2026-02-09,1411.0
4937,2026-02-16,1515.0
4937,2026-02-23,1538.0
4937,2026-03-02,1530.0
4937,2026-03-09,1395.0
4937,2026-03-16,1384.0
4937,2026-03-23,1360.0
4937,2026-03-30,1357.0
4937,2026-04-06,1280.0
4937,2026-04-13,1317.0
4937,2026-04-20,1300.0
4937,2026-04-27,1317.0
4937,2026-05-04,1447.0
4937,2026-05-11,1580.0
4937,2026-05-18,1600.0
4937,2026-05-25,1572.0
4937,2026-06-01,1549.0
4937,2026-06-08,1540.0
4937,2026-06-15,1543.0
4937,2026-06-22,1495.0
4937,2026-06-29,1500.0
4937,2026-07-06,1450.0
4937,2026-07-13,1480.0
4937,2026-07-20,1501.0
4937,2026-07-27,1487.0
4937,2026-08-03,1568.0
4937,2026-08-10,2030.0
4997,2025-08-25,940.98
4997,2025-09-01,998.89
4997,2025-09-08,968.97
4997,2025-09-15,989.23
4997,2025-09-22,987.3
4997,2025-09-29,952.15
4997,2025-10-06,934.57
4997,2025-10-13,914.06
4997,2025-10-20,914.06
4997,2025-10-27,843.75
4997,2025-11-03,847.66
4997,2025-11-10,864.26
4997,2025-11-17,867.19
4997,2025-11-24,868.16
4997,2025-12-01,880.86
4997,2025-12-08,970.7
4997,2025-12-15,995.12
4997,2025-12-22,982.42
4997,2025-12-29,990.23
4997,2026-01-05,994.14
4997,2026-01-12,1012.7
4997,2026-01-19,1005.86
4997,2026-01-26,990.23
4997,2026-02-02,1034.18
4997,2026-02-09,998.05
4997,2026-02-16,993.16
4997,2026-02-23,1066.41
4997,2026-03-02,989.26
4997,2026-03-09,990.23
4997,2026-03-16,984.38
4997,2026-03-23,1000.0
4997,2026-03-30,1031.0
4997,2026-04-06,1021.0
4997,2026-04-13,1017.0
4997,2026-04-20,1003.0
4997,2026-04-27,999.0
4997,2026-05-04,964.0
4997,2026-05-11,986.0
4997,2026-05-18,976.0
4997,2026-05-25,1057.0
4997,2026-06-01,1017.0
4997,2026-06-08,1028.0
4997,2026-06-15,1004.0
4997,2026-06-22,1022.0
4997,2026-06-29,1033.0
4997,2026-07-06,1014.0
4997,2026-07-13,987.0
4997,2026-07-20,1085.0
4997,2026-07-27,1077.0
4997,2026-08-03,1132.0
4997,2026-08-10,1178.0
5121,2025-08-25,1780.35
5121,2025-09-01,1884.68
5121,2025-09-08,1863.43
5121,2025-09-15,1862.46
5121,2025-09-22,1900.14
5121,2025-09-29,1886.38
5121,2025-10-06,1892.28
5121,2025-10-13,1892.28
5121,2025-10-20,1991.51
5121,2025-10-27,1901.12
5121,2025-11-03,1889.33
5121,2025-11-10,1820.56
5121,2025-11-17,1743.92
5121,2025-11-24,1856.91
5121,2025-12-01,1921.75
5121,2025-12-08,1896.21
5121,2025-12-15,1868.7
5121,2025-12-22,1991.51
5121,2025-12-29,2020.0
5121,2026-01-05,2022.95
5121,2026-01-12,2176.22
5121,2026-01-19,2190.96
5121,2026-01-26,2227.31
5121,2026-02-02,2362.89
5121,2026-02-09,2490.62
5121,2026-02-16,2559.39
5121,2026-02-23,2670.41
5121,2026-03-02,2701.85
5121,2026-03-09,2492.58
5121,2026-03-16,2456.23
5121,2026-03-23,2413.0
5121,2026-03-30,2579.0
5121,2026-04-06,2611.0
5121,2026-04-13,2500.0
5121,2026-04-20,2494.0
5121,2026-04-27,2519.0
5121,2026-05-04,2590.0
5121,2026-05-11,2545.0
5121,2026-05-18,2416.0
5121,2026-05-25,2474.0
5121,2026-06-01,2543.0
5121,2026-06-08,2550.0
5121,2026-06-15,2668.0
5121,2026-06-22,2595.0
5121,2026-06-29,2585.0
5121,2026-07-06,2584.0
5121,2026-07-13,2466.0
5121,2026-07-20,2484.0
5121,2026-07-27,2504.0
5121,2026-08-03,2789.0
5121,2026-08-10,2764.0
5142,2025-08-25,1077.83
5142,2025-09-01,1108.93
5142,2025-09-08,1107.96
5142,2025-09-15,1126.42
5142,2025-09-22,1192.51
5142,2025-09-29,1165.3
5142,2025-10-06,1239.16
5142,2025-10-13,1241.1
5142,2025-10-20,1282.9
5142,2025-10-27,1220.69
5142,2025-11-03,1146.83
5142,2025-11-10,1261.51
5142,2025-11-17,1235.27
5142,2025-11-24,1245.96
5142,2025-12-01,1278.04
5142,2025-12-08,1308.16
5142,2025-12-15,1358.7
5142,2025-12-22,1420.9
5142,2025-12-29,1405.35
5142,2026-01-05,1452.98
5142,2026-01-12,1461.72
5142,2026-01-19,1457.84
5142,2026-01-26,1408.27
5142,2026-02-02,1463.67
5142,2026-02-09,1582.24
5142,2026-02-16,1608.48
5142,2026-02-23,1742.6
5142,2026-03-02,1636.66
5142,2026-03-09,1416.04
5142,2026-03-16,1415.07
5142,2026-03-23,1383.0
5142,2026-03-30,1358.0
5142,2026-04-06,1467.0
5142,2026-04-13,1502.0
5142,2026-04-20,1411.0
5142,2026-04-27,1439.0
5142,2026-05-04,1562.0
5142,2026-05-11,1246.0
5142,2026-05-18,1230.0
5142,2026-05-25,1217.0
5142,2026-06-01,1187.0
5142,2026-06-08,1138.0
5142,2026-06-15,1207.0
5142,2026-06-22,1159.0
5142,2026-06-29,1217.0
5142,2026-07-06,1214.0
5142,2026-07-13,1211.0
5142,2026-07-20,1268.0
5142,2026-07-27,1298.0
5142,2026-08-03,1689.0
5142,2026-08-10,1887.0
5542,2025-08-25,773.02
5542,2025-09-01,767.21
5542,2025-09-08,769.15
5542,2025-09-15,766.25
5542,2025-09-22,774.95
5542,2025-09-29,773.99
5542,2025-10-06,771.08
5542,2025-10-13,743.99
5542,2025-10-20,779.79
5542,2025-10-27,773.02
5542,2025-11-03,716.9
5542,2025-11-10,721.74
5542,2025-11-17,711.1
5542,2025-11-24,713.03
5542,2025-12-01,715.94
5542,2025-12-08,702.39
5542,2025-12-15,703.36
5542,2025-12-22,703.36
5542,2025-12-29,715.21
5542,2026-01-05,725.09
5542,2026-01-12,768.56
5542,2026-01-19,759.67
5542,2026-01-26,758.68
5542,2026-02-02,743.86
5542,2026-02-09,768.56
5542,2026-02-16,805.11
5542,2026-02-23,850.55
5542,2026-03-02,789.3
5542,2026-03-09,795.23
5542,2026-03-16,807.08
5542,2026-03-23,789.3
5542,2026-03-30,793.25
5542,2026-04-06,812.02
5542,2026-04-13,812.02
5542,2026-04-20,816.96
5542,2026-04-27,842.65
5542,2026-05-04,843.64
5542,2026-05-11,794.24
5542,2026-05-18,806.1
5542,2026-05-25,839.68
5542,2026-06-01,814.99
5542,2026-06-08,801.16
5542,2026-06-15,816.96
5542,2026-06-22,814.0
5542,2026-06-29,809.0
5542,2026-07-06,806.0
5542,2026-07-13,800.0
5542,2026-07-20,797.0
5542,2026-07-27,785.0
5542,2026-08-03,844.0
5542,2026-08-10,960.0
5575,2025-08-25,908.0
5575,2025-09-01,918.0
5575,2025-09-08,902.0
5575,2025-09-15,886.0
5575,2025-09-22,909.0
5575,2025-09-29,871.0
5575,2025-10-06,842.0
5575,2025-10-13,815.0
5575,2025-10-20,808.0
5575,2025-10-27,795.0
5575,2025-11-03,768.0
5575,2025-11-10,763.0
5575,2025-11-17,739.0
5575,2025-11-24,740.0
5575,2025-12-01,679.0
5575,2025-12-08,669.0
5575,2025-12-15,625.0
5575,2025-12-22,620.0
5575,2025-12-29,611.0
5575,2026-01-05,644.0
5575,2026-01-12,690.0
5575,2026-01-19,681.0
5575,2026-01-26,677.0
5575,2026-02-02,656.0
5575,2026-02-09,652.0
5575,2026-02-16,628.0
5575,2026-02-23,629.0
5575,2026-03-02,630.0
5575,2026-03-09,610.0
5575,2026-03-16,611.0
5575,2026-03-23,599.0
5575,2026-03-30,599.0
5575,2026-04-06,626.0
5575,2026-04-13,730.0
5575,2026-04-20,769.0
5575,2026-04-27,706.0
5575,2026-05-04,739.0
5575,2026-05-11,735.0
5575,2026-05-18,716.0
5575,2026-05-25,670.0
5575,2026-06-01,645.0
5575,2026-06-08,635.0
5575,2026-06-15,622.0
5575,2026-06-22,600.0
5575,2026-06-29,653.0
5575,2026-07-06,676.0
5575,2026-07-13,937.0
5575,2026-07-20,1025.0
5575,2026-07-27,991.0
5575,2026-08-03,1060.0
5575,2026-08-10,1233.0
5632,2025-08-25,1668.86
5632,2025-09-01,1702.33
5632,2025-09-08,1693.72
5632,2025-09-15,1666.94
5632,2025-09-22,1709.98
5632,2025-09-29,1647.37
5632,2025-10-06,1777.48
5632,2025-10-13,1894.87
5632,2025-10-20,1893.89
5632,2025-10-27,1837.15
5632,2025-11-03,1663.02
5632,2025-11-10,1720.74
5632,2025-11-17,1709.0
5632,2025-11-24,1791.17
5632,2025-12-01,1706.07
5632,2025-12-08,1741.28
5632,2025-12-15,1697.26
5632,2025-12-22,1782.37
5632,2025-12-29,1836.17
5632,2026-01-05,1887.04
5632,2026-01-12,1968.24
5632,2026-01-19,1918.35
5632,2026-01-26,1837.15
5632,2026-02-02,1854.76
5632,2026-02-09,1880.2
5632,2026-02-16,1979.98
5632,2026-02-23,2077.8
5632,2026-03-02,1872.37
5632,2026-03-09,1799.0
5632,2026-03-16,1794.11
5632,2026-03-23,1844.0
5632,2026-03-30,1815.0
5632,2026-04-06,1791.0
5632,2026-04-13,1822.0
5632,2026-04-20,1789.0
5632,2026-04-27,1812.0
5632,2026-05-04,1835.0
5632,2026-05-11,2169.0
5632,2026-05-18,2144.0
5632,2026-05-25,2157.0
5632,2026-06-01,2150.0
5632,2026-06-08,2139.0
5632,2026-06-15,2331.0
5632,2026-06-22,2177.0
5632,2026-06-29,2208.0
5632,2026-07-06,2107.0
5632,2026-07-13,2101.0
5632,2026-07-20,2177.0
5632,2026-07-27,2180.0
5632,2026-08-03,2285.0
5632,2026-08-10,2431.0
575A,2026-06-01,1509.0
575A,2026-06-08,1414.0
575A,2026-06-15,1421.0
575A,2026-06-22,1360.0
575A,2026-06-29,1489.0
575A,2026-07-06,1517.0
575A,2026-07-13,1800.0
575A,2026-07-20,1811.0
575A,2026-07-27,1795.0
575A,2026-08-03,1805.0
575A,2026-08-10,1846.0
5901,2025-08-25,3457.91
5901,2025-09-01,3457.91
5901,2025-09-08,3476.21
5901,2025-09-15,3324.95
5901,2025-09-22,3342.29
5901,2025-09-29,3217.89
5901,2025-10-06,3212.01
5901,2025-10-13,3288.42
5901,2025-10-20,3383.43
5901,2025-10-27,3390.29
5901,2025-11-03,3321.72
5901,2025-11-10,3541.14
5901,2025-11-17,3427.51
5901,2025-11-24,3648.9
5901,2025-12-01,3718.45
5901,2025-12-08,3788.98
5901,2025-12-15,3784.08
5901,2025-12-22,3711.59
5901,2025-12-29,3747.83
5901,2026-01-05,3763.51
5901,2026-01-12,3889.87
5901,2026-01-19,3887.91
5901,2026-01-26,3795.83
5901,2026-02-02,3959.42
5901,2026-02-09,3832.08
5901,2026-02-16,3835.02
5901,2026-02-23,3996.64
5901,2026-03-02,3755.67
5901,2026-03-09,3722.36
5901,2026-03-16,3613.63
5901,2026-03-23,3596.0
5901,2026-03-30,3468.0
5901,2026-04-06,3474.0
5901,2026-04-13,3353.0
5901,2026-04-20,3220.0
5901,2026-04-27,3438.0
5901,2026-05-04,3531.0
5901,2026-05-11,3706.0
5901,2026-05-18,3996.0
5901,2026-05-25,3890.0
5901,2026-06-01,3772.0
5901,2026-06-08,3933.0
5901,2026-06-15,4127.0
5901,2026-06-22,4167.0
5901,2026-06-29,4111.0
5901,2026-07-06,4027.0
5901,2026-07-13,4053.0
5901,2026-07-20,4097.0
5901,2026-07-27,4072.0
5901,2026-08-03,4325.0
5901,2026-08-10,4419.0
5902,2025-08-25,2004.38
5902,2025-09-01,2100.38
5902,2025-09-08,2219.41
5902,2025-09-15,2201.17
5902,2025-09-22,2196.37
5902,2025-09-29,2141.9
5902,2025-10-06,2115.64
5902,2025-10-13,2144.82
5902,2025-10-20,2173.03
5902,2025-10-27,2094.24
5902,2025-11-03,2101.05
5902,2025-11-10,2201.24
5902,2025-11-17,2182.76
5902,2025-11-24,2254.74
5902,2025-12-01,2209.02
5902,2025-12-08,2205.13
5902,2025-12-15,2215.83
5902,2025-12-22,2274.19
5902,2025-12-29,2311.15
5902,2026-01-05,2349.09
5902,2026-01-12,2355.9
5902,2026-01-19,2335.47
5902,2026-01-26,2272.25
5902,2026-02-02,2350.06
5902,2026-02-09,2273.22
5902,2026-02-16,2298.51
5902,2026-02-23,2451.22
5902,2026-03-02,2388.0
5902,2026-03-09,2319.91
5902,2026-03-16,2286.84
5902,2026-03-23,2281.0
5902,2026-03-30,2285.0
5902,2026-04-06,2273.0
5902,2026-04-13,2260.0
5902,2026-04-20,2190.0
5902,2026-04-27,2150.0
5902,2026-05-04,2160.0
5902,2026-05-11,2234.0
5902,2026-05-18,2235.0
5902,2026-05-25,2240.0
5902,2026-06-01,2289.0
5902,2026-06-08,2356.0
5902,2026-06-15,2360.0
5902,2026-06-22,2343.0
5902,2026-06-29,2374.0
5902,2026-07-06,2335.0
5902,2026-07-13,2353.0
5902,2026-07-20,2372.0
5902,2026-07-27,2386.0
5902,2026-08-03,2385.0
5902,2026-08-10,2585.0
590A,2025-08-25,1373.72
590A,2025-09-01,1202.5
590A,2025-09-08,1237.14
590A,2025-09-15,1241.1
590A,2025-09-22,1187.66
590A,2025-09-29,1173.8
590A,2025-10-06,1112.44
590A,2025-10-13,1083.74
590A,2025-10-20,1114.42
590A,2025-10-27,1078.79
590A,2025-11-03,1029.3
590A,2025-11-10,1072.85
590A,2025-11-17,1096.6
590A,2025-11-24,1155.99
590A,2025-12-01,1112.44
590A,2025-12-08,1131.24
590A,2025-12-15,1175.78
590A,2025-12-22,1251.0
590A,2025-12-29,1256.0
590A,2026-01-05,1312.0
590A,2026-01-12,1354.0
590A,2026-01-19,1369.0
590A,2026-01-26,1270.0
590A,2026-02-02,1225.0
590A,2026-02-09,1145.0
590A,2026-02-16,982.0
590A,2026-02-23,1035.0
590A,2026-03-02,1122.0
590A,2026-03-09,1126.0
590A,2026-03-16,1081.0
590A,2026-03-23,1130.0
590A,2026-03-30,1105.0
590A,2026-04-06,1094.0
590A,2026-04-13,1129.0
590A,2026-04-20,1063.0
590A,2026-04-27,1151.0
590A,2026-05-04,1200.0
590A,2026-05-11,1068.0
590A,2026-05-18,1123.0
590A,2026-05-25,1147.0
590A,2026-06-01,1169.0
590A,2026-06-08,1039.0
590A,2026-06-15,1047.0
590A,2026-06-22,995.0
590A,2026-06-29,1107.0
590A,2026-07-06,1006.0
590A,2026-07-13,998.0
590A,2026-07-20,998.0
590A,2026-07-27,1052.0
590A,2026-08-03,1105.0
590A,2026-08-10,1188.0
5970,2025-08-25,1882.26
5970,2025-09-01,1939.32
5970,2025-09-08,1906.98
5970,2025-09-15,1886.06
5970,2025-09-22,1921.25
5970,2025-09-29,1880.39
5970,2025-10-06,1890.12
5970,2025-10-13,1909.58
5970,2025-10-20,1983.51
5970,2025-10-27,1929.03
5970,2025-11-03,1934.87
5970,2025-11-10,1865.8
5970,2025-11-17,1823.97
5970,2025-11-24,1893.04
5970,2025-12-01,1785.06
5970,2025-12-08,1825.92
5970,2025-12-15,1848.29
5970,2025-12-22,1916.39
5970,2025-12-29,1910.55
5970,2026-01-05,1957.24
5970,2026-01-12,2035.07
5970,2026-01-19,1966.97
5970,2026-01-26,1905.69
5970,2026-02-02,1954.33
5970,2026-02-09,1934.87
5970,2026-02-16,1965.03
5970,2026-02-23,2010.75
5970,2026-03-02,1872.61
5970,2026-03-09,1822.03
5970,2026-03-16,1787.01
5970,2026-03-23,1823.0
5970,2026-03-30,1876.0
5970,2026-04-06,1883.0
5970,2026-04-13,1873.0
5970,2026-04-20,1814.0
5970,2026-04-27,1804.0
5970,2026-05-04,1834.0
5970,2026-05-11,1903.0
5970,2026-05-18,2065.0
5970,2026-05-25,2212.0
5970,2026-06-01,2153.0
5970,2026-06-08,2070.0
5970,2026-06-15,2104.0
5970,2026-06-22,2054.0
5970,2026-06-29,2084.0
5970,2026-07-06,2080.0
5970,2026-07-13,2083.0
5970,2026-07-20,2102.0
5970,2026-07-27,2163.0
5970,2026-08-03,2225.0
5970,2026-08-10,2310.0
6045,2025-08-25,1580.47
6045,2025-09-01,1476.94
6045,2025-09-08,1562.72
6045,2025-09-15,1559.76
6045,2025-09-22,1685.96
6045,2025-09-29,1500.29
6045,2025-10-06,1431.78
6045,2025-10-13,1428.8
6045,2025-10-20,1520.15
6045,2025-10-27,1516.18
6045,2025-11-03,1501.28
6045,2025-11-10,1595.61
6045,2025-11-17,1465.54
6045,2025-11-24,1532.06
6045,2025-12-01,1514.19
6045,2025-12-08,1544.97
6045,2025-12-15,1598.59
6045,2025-12-22,1592.63
6045,2025-12-29,1638.3
6045,2026-01-05,1660.15
6045,2026-01-12,1651.21
6045,2026-01-19,1830.93
6045,2026-01-26,1817.03
6045,2026-02-02,1826.96
6045,2026-02-09,1775.33
6045,2026-02-16,1743.55
6045,2026-02-23,1753.48
6045,2026-03-02,1701.85
6045,2026-03-09,1696.89
6045,2026-03-16,1658.16
6045,2026-03-23,1681.0
6045,2026-03-30,1621.0
6045,2026-04-06,1673.0
6045,2026-04-13,1667.0
6045,2026-04-20,1645.0
6045,2026-04-27,1648.0
6045,2026-05-04,1613.0
6045,2026-05-11,1563.0
6045,2026-05-18,1569.0
6045,2026-05-25,1506.0
6045,2026-06-01,1391.0
6045,2026-06-08,1370.0
6045,2026-06-15,1455.0
6045,2026-06-22,1409.0
6045,2026-06-29,1511.0
6045,2026-07-06,1585.0
6045,2026-07-13,1613.0
6045,2026-07-20,1620.0
6045,2026-07-27,1649.0
6045,2026-08-03,1644.0
6045,2026-08-10,1692.0
6071,2025-08-25,795.01
6071,2025-09-01,834.52
6071,2025-09-08,872.04
6071,2025-09-15,848.34
6071,2025-09-22,866.12
6071,2025-09-29,830.57
6071,2025-10-06,814.76
6071,2025-10-13,804.89
6071,2025-10-20,815.75
6071,2025-10-27,796.0
6071,2025-11-03,796.0
6071,2025-11-10,783.16
6071,2025-11-17,781.19
6071,2025-11-24,757.48
6071,2025-12-01,744.65
6071,2025-12-08,759.46
6071,2025-12-15,777.24
6071,2025-12-22,796.0
6071,2025-12-29,786.0
6071,2026-01-05,807.0
6071,2026-01-12,786.0
6071,2026-01-19,731.0
6071,2026-01-26,723.0
6071,2026-02-02,720.0
6071,2026-02-09,717.0
6071,2026-02-16,737.0
6071,2026-02-23,769.0
6071,2026-03-02,741.0
6071,2026-03-09,717.0
6071,2026-03-16,696.0
6071,2026-03-23,692.0
6071,2026-03-30,681.0
6071,2026-04-06,709.0
6071,2026-04-13,775.0
6071,2026-04-20,732.0
6071,2026-04-27,724.0
6071,2026-05-04,744.0
6071,2026-05-11,743.0
6071,2026-05-18,801.0
6071,2026-05-25,825.0
6071,2026-06-01,791.0
6071,2026-06-08,795.0
6071,2026-06-15,779.0
6071,2026-06-22,763.0
6071,2026-06-29,814.0
6071,2026-07-06,847.0
6071,2026-07-13,838.0
6071,2026-07-20,803.0
6071,2026-07-27,823.0
6071,2026-08-03,827.0
6071,2026-08-10,841.0
6087,2025-08-25,3333.15
6087,2025-09-01,3265.22
6087,2025-09-08,3289.48
6087,2025-09-15,3323.44
6087,2025-09-22,3338.0
6087,2025-09-29,3075.0
6087,2025-10-06,3110.0
6087,2025-10-13,3100.0
6087,2025-10-20,3115.0
6087,2025-10-27,3115.0
6087,2025-11-03,3135.0
6087,2025-11-10,3175.0
6087,2025-11-17,3195.0
6087,2025-11-24,3215.0
6087,2025-12-01,3340.0
6087,2025-12-08,3305.0
6087,2025-12-15,3305.0
6087,2025-12-22,3370.0
6087,2025-12-29,3360.0
6087,2026-01-05,3380.0
6087,2026-01-12,3405.0
6087,2026-01-19,3395.0
6087,2026-01-26,3380.0
6087,2026-02-02,3400.0
6087,2026-02-09,3405.0
6087,2026-02-16,3420.0
6087,2026-02-23,3460.0
6087,2026-03-02,3440.0
6087,2026-03-09,3435.0
6087,2026-03-16,3450.0
6087,2026-03-23,3485.0
6087,2026-03-30,3375.0
6087,2026-04-06,3390.0
6087,2026-04-13,3410.0
6087,2026-04-20,3390.0
6087,2026-04-27,3405.0
6087,2026-05-04,3410.0
6087,2026-05-11,3400.0
6087,2026-05-18,3400.0
6087,2026-05-25,3405.0
6087,2026-06-01,3395.0
6087,2026-06-08,3335.0
6087,2026-06-15,3330.0
6087,2026-06-22,3320.0
6087,2026-06-29,3375.0
6087,2026-07-06,3450.0
6087,2026-07-13,3440.0
6087,2026-07-20,3435.0
6087,2026-07-27,3465.0
6087,2026-08-03,3470.0
6087,2026-08-10,3505.0
6135,2025-08-25,11270.23
6135,2025-09-01,11319.06
6135,2025-09-08,11289.77
6135,2025-09-15,11289.77
6135,2025-09-22,11231.17
6135,2025-09-29,11162.8
6135,2025-10-06,11084.67
6135,2025-10-13,10938.18
6135,2025-10-20,11016.31
6135,2025-10-27,10938.18
6135,2025-11-03,11065.14
6135,2025-11-10,11123.74
6135,2025-11-17,11055.38
6135,2025-11-24,10801.45
6135,2025-12-01,10420.57
6135,2025-12-08,10518.23
6135,2025-12-15,10654.96
6135,2025-12-22,10684.26
6135,2025-12-29,10781.92
6135,2026-01-05,10586.6
6135,2026-01-12,10596.36
6135,2026-01-19,10996.78
6135,2026-01-26,11113.97
6135,2026-02-02,11387.43
6135,2026-02-09,11397.19
6135,2026-02-16,11406.96
6135,2026-02-23,11358.13
6135,2026-03-02,11299.53
6135,2026-03-09,11260.47
6135,2026-03-16,11328.83
6135,2026-03-23,11280.0
6135,2026-03-30,11540.0
6135,2026-04-06,11600.0
6135,2026-04-13,11630.0
6135,2026-04-20,11790.0
6135,2026-04-27,12660.0
6135,2026-05-04,13200.0
6135,2026-05-11,13620.0
6135,2026-05-18,13110.0
6135,2026-05-25,13240.0
6135,2026-06-01,14510.0
6135,2026-06-08,13980.0
6135,2026-06-15,14560.0
6135,2026-06-22,15340.0
6135,2026-06-29,15330.0
6135,2026-07-06,14960.0
6135,2026-07-13,14420.0
6135,2026-07-20,14710.0
6135,2026-07-27,13920.0
6135,2026-08-03,14600.0
6135,2026-08-10,15350.0
6176,2025-08-25,691.21
6176,2025-09-01,766.09
6176,2025-09-08,802.57
6176,2025-09-15,791.05
6176,2025-09-22,784.33
6176,2025-09-29,747.4
6176,2025-10-06,752.26
6176,2025-10-13,726.02
6176,2025-10-20,742.54
6176,2025-10-27,753.23
6176,2025-11-03,758.09
6176,2025-11-10,772.67
6176,2025-11-17,797.94
6176,2025-11-24,775.58
6176,2025-12-01,768.78
6176,2025-12-08,698.8
6176,2025-12-15,690.06
6176,2025-12-22,688.11
6176,2025-12-29,679.37
6176,2026-01-05,690.06
6176,2026-01-12,685.2
6176,2026-01-19,680.34
6176,2026-01-26,691.03
6176,2026-02-02,687.14
6176,2026-02-09,709.49
6176,2026-02-16,710.47
6176,2026-02-23,751.29
6176,2026-03-02,973.85
6176,2026-03-09,918.46
6176,2026-03-16,901.93
6176,2026-03-23,865.0
6176,2026-03-30,835.0
6176,2026-04-06,881.0
6176,2026-04-13,913.0
6176,2026-04-20,882.0
6176,2026-04-27,900.0
6176,2026-05-04,929.0
6176,2026-05-11,947.0
6176,2026-05-18,982.0
6176,2026-05-25,936.0
6176,2026-06-01,898.0
6176,2026-06-08,919.0
6176,2026-06-15,884.0
6176,2026-06-22,872.0
6176,2026-06-29,911.0
6176,2026-07-06,939.0
6176,2026-07-13,913.0
6176,2026-07-20,914.0
6176,2026-07-27,907.0
6176,2026-08-03,907.0
6176,2026-08-10,985.0
6306,2025-08-25,770.89
6306,2025-09-01,766.14
6306,2025-09-08,760.43
6306,2025-09-15,758.53
6306,2025-09-22,756.63
6306,2025-09-29,732.35
6306,2025-10-06,737.21
6306,2025-10-13,744.01
6306,2025-10-20,761.49
6306,2025-10-27,743.03
6306,2025-11-03,731.38
6306,2025-11-10,742.06
6306,2025-11-17,735.26
6306,2025-11-24,749.83
6306,2025-12-01,730.41
6306,2025-12-08,740.12
6306,2025-12-15,764.4
6306,2025-12-22,796.45
6306,2025-12-29,768.29
6306,2026-01-05,790.63
6306,2026-01-12,810.05
6306,2026-01-19,794.51
6306,2026-01-26,791.6
6306,2026-02-02,811.02
6306,2026-02-09,841.13
6306,2026-02-16,831.42
6306,2026-02-23,851.82
6306,2026-03-02,790.63
6306,2026-03-09,772.17
6306,2026-03-16,778.0
6306,2026-03-23,778.0
6306,2026-03-30,788.0
6306,2026-04-06,796.0
6306,2026-04-13,805.0
6306,2026-04-20,799.0
6306,2026-04-27,799.0
6306,2026-05-04,802.0
6306,2026-05-11,842.0
6306,2026-05-18,844.0
6306,2026-05-25,855.0
6306,2026-06-01,866.0
6306,2026-06-08,844.0
6306,2026-06-15,914.0
6306,2026-06-22,912.0
6306,2026-06-29,945.0
6306,2026-07-06,951.0
6306,2026-07-13,932.0
6306,2026-07-20,960.0
6306,2026-07-27,982.0
6306,2026-08-03,988.0
6306,2026-08-10,1014.0
6381,2025-08-25,1501.36
6381,2025-09-01,1513.68
6381,2025-09-08,1539.28
6381,2025-09-15,1529.8
6381,2025-09-22,1546.86
6381,2025-09-29,1511.86
6381,2025-10-06,1497.27
6381,2025-10-13,1482.69
6381,2025-10-20,1538.11
6381,2025-10-27,1476.86
6381,2025-11-03,1470.05
6381,2025-11-10,1458.38
6381,2025-11-17,1485.61
6381,2025-11-24,1525.47
6381,2025-12-01,1493.38
6381,2025-12-08,1554.64
6381,2025-12-15,1554.64
6381,2025-12-22,1572.14
6381,2025-12-29,1588.67
6381,2026-01-05,1661.58
6381,2026-01-12,1690.75
6381,2026-01-19,1657.7
6381,2026-01-26,1607.14
6381,2026-02-02,1711.17
6381,2026-02-09,1656.72
6381,2026-02-16,1705.34
6381,2026-02-23,1705.34
6381,2026-03-02,1615.89
6381,2026-03-09,1570.19
6381,2026-03-16,1593.53
6381,2026-03-23,1612.0
6381,2026-03-30,1620.0
6381,2026-04-06,1652.0
6381,2026-04-13,1630.0
6381,2026-04-20,1588.0
6381,2026-04-27,1591.0
6381,2026-05-04,1629.0
6381,2026-05-11,1674.0
6381,2026-05-18,1656.0
6381,2026-05-25,1631.0
6381,2026-06-01,1620.0
6381,2026-06-08,1610.0
6381,2026-06-15,1697.0
6381,2026-06-22,1683.0
6381,2026-06-29,1753.0
6381,2026-07-06,1760.0
6381,2026-07-13,1720.0
6381,2026-07-20,1769.0
6381,2026-07-27,1803.0
6381,2026-08-03,1890.0
6381,2026-08-10,1955.0
6418,2025-08-25,967.58
6418,2025-09-01,968.55
6418,2025-09-08,958.93
6418,2025-09-15,953.16
6418,2025-09-22,974.32
6418,2025-09-29,951.75
6418,2025-10-06,933.11
6418,2025-10-13,991.0
6418,2025-10-20,988.05
6418,2025-10-27,981.19
6418,2025-11-03,975.3
6418,2025-11-10,978.24
6418,2025-11-17,975.3
6418,2025-11-24,1015.53
6418,2025-12-01,1004.73
6418,2025-12-08,991.98
6418,2025-12-15,988.05
6418,2025-12-22,1000.81
6418,2025-12-29,1008.66
6418,2026-01-05,1010.62
6418,2026-01-12,1037.11
6418,2026-01-19,1015.53
6418,2026-01-26,995.9
6418,2026-02-02,1010.62
6418,2026-02-09,1102.85
6418,2026-02-16,1184.29
6418,2026-02-23,1233.35
6418,2026-03-02,1143.08
6418,2026-03-09,1082.25
6418,2026-03-16,1043.98
6418,2026-03-23,1043.0
6418,2026-03-30,1042.0
6418,2026-04-06,1016.0
6418,2026-04-13,1011.0
6418,2026-04-20,971.0
6418,2026-04-27,976.0
6418,2026-05-04,972.0
6418,2026-05-11,902.0
6418,2026-05-18,980.0
6418,2026-05-25,977.0
6418,2026-06-01,948.0
6418,2026-06-08,971.0
6418,2026-06-15,988.0
6418,2026-06-22,984.0
6418,2026-06-29,1010.0
6418,2026-07-06,1083.0
6418,2026-07-13,1044.0
6418,2026-07-20,1056.0
6418,2026-07-27,1133.0
6418,2026-08-03,1200.0
6418,2026-08-10,1277.0
6457,2025-08-25,3725.86
6457,2025-09-01,3661.74
6457,2025-09-08,3687.97
6457,2025-09-15,3634.53
6457,2025-09-22,3616.07
6457,2025-09-29,3559.85
6457,2025-10-06,3556.89
6457,2025-10-13,3542.1
6457,2025-10-20,3674.27
6457,2025-10-27,3638.76
6457,2025-11-03,3623.97
6457,2025-11-10,3763.04
6457,2025-11-17,3825.19
6457,2025-11-24,3871.55
6457,2025-12-01,3955.39
6457,2025-12-08,3999.78
6457,2025-12-15,3935.66
6457,2025-12-22,3910.02
6457,2025-12-29,3907.06
6457,2026-01-05,4057.97
6457,2026-01-12,4240.45
6457,2026-01-19,4078.69
6457,2026-01-26,3966.24
6457,2026-02-02,4082.63
6457,2026-02-09,4030.35
6457,2026-02-16,3925.8
6457,2026-02-23,4101.37
6457,2026-03-02,3928.76
6457,2026-03-09,3921.85
6457,2026-03-16,3973.14
6457,2026-03-23,4056.0
6457,2026-03-30,4304.0
6457,2026-04-06,4112.0
6457,2026-04-13,4257.0
6457,2026-04-20,4001.0
6457,2026-04-27,4043.0
6457,2026-05-04,4117.0
6457,2026-05-11,4408.0
6457,2026-05-18,4073.0
6457,2026-05-25,4088.0
6457,2026-06-01,3980.0
6457,2026-06-08,3924.0
6457,2026-06-15,4003.0
6457,2026-06-22,3872.0
6457,2026-06-29,4065.0
6457,2026-07-06,4215.0
6457,2026-07-13,4137.0
6457,2026-07-20,4416.0
6457,2026-07-27,4571.0
6457,2026-08-03,4855.0
6457,2026-08-10,4925.0
6463,2025-08-25,1133.78
6463,2025-09-01,1166.75
6463,2025-09-08,1161.97
6463,2025-09-15,1170.57
6463,2025-09-22,1176.3
6463,2025-09-29,1172.4
6463,2025-10-06,1159.72
6463,2025-10-13,1156.8
6463,2025-10-20,1218.25
6463,2025-10-27,1184.11
6463,2025-11-03,1178.26
6463,2025-11-10,1209.47
6463,2025-11-17,1201.66
6463,2025-11-24,1254.34
6463,2025-12-01,1251.41
6463,2025-12-08,1262.14
6463,2025-12-15,1268.97
6463,2025-12-22,1261.16
6463,2025-12-29,1259.21
6463,2026-01-05,1314.81
6463,2026-01-12,1367.48
6463,2026-01-19,1351.87
6463,2026-01-26,1307.98
6463,2026-02-02,1355.77
6463,2026-02-09,1346.02
6463,2026-02-16,1340.17
6463,2026-02-23,1375.28
6463,2026-03-02,1253.36
6463,2026-03-09,1181.18
6463,2026-03-16,1171.43
6463,2026-03-23,1228.0
6463,2026-03-30,1281.0
6463,2026-04-06,1296.0
6463,2026-04-13,1273.0
6463,2026-04-20,1232.0
6463,2026-04-27,1226.0
6463,2026-05-04,1248.0
6463,2026-05-11,1319.0
6463,2026-05-18,1295.0
6463,2026-05-25,1399.0
6463,2026-06-01,1444.0
6463,2026-06-08,1412.0
6463,2026-06-15,1424.0
6463,2026-06-22,1402.0
6463,2026-06-29,1417.0
6463,2026-07-06,1405.0
6463,2026-07-13,1400.0
6463,2026-07-20,1413.0
6463,2026-07-27,1496.0
6463,2026-08-03,1480.0
6463,2026-08-10,1553.0
6508,2025-08-25,5745.06
6508,2025-09-01,5666.76
6508,2025-09-08,5989.74
6508,2025-09-15,5813.57
6508,2025-09-22,5754.85
6508,2025-09-29,5672.96
6508,2025-10-06,5732.16
6508,2025-10-13,5860.41
6508,2025-10-20,6531.3
6508,2025-10-27,6047.87
6508,2025-11-03,5968.94
6508,2025-11-10,5949.21
6508,2025-11-17,5446.04
6508,2025-11-24,5722.29
6508,2025-12-01,5544.7
6508,2025-12-08,5633.5
6508,2025-12-15,5376.98
6508,2025-12-22,5505.24
6508,2025-12-29,5495.37
6508,2026-01-05,5761.75
6508,2026-01-12,6146.53
6508,2026-01-19,6166.26
6508,2026-01-26,5959.07
6508,2026-02-02,6570.77
6508,2026-02-09,6699.03
6508,2026-02-16,7557.37
6508,2026-02-23,7715.23
6508,2026-03-02,7271.25
6508,2026-03-09,7419.24
6508,2026-03-16,7508.04
6508,2026-03-23,8100.0
6508,2026-03-30,8040.0
6508,2026-04-06,8390.0
6508,2026-04-13,8180.0
6508,2026-04-20,8120.0
6508,2026-04-27,8460.0
6508,2026-05-04,9350.0
6508,2026-05-11,10940.0
6508,2026-05-18,11050.0
6508,2026-05-25,10070.0
6508,2026-06-01,9820.0
6508,2026-06-08,8900.0
6508,2026-06-15,10740.0
6508,2026-06-22,9750.0
6508,2026-06-29,9780.0
6508,2026-07-06,9070.0
6508,2026-07-13,8470.0
6508,2026-07-20,9020.0
6508,2026-07-27,9620.0
6508,2026-08-03,10850.0
6508,2026-08-10,12370.0
6513,2025-08-25,1051.82
6513,2025-09-01,1051.82
6513,2025-09-08,1050.85
6513,2025-09-15,1050.85
6513,2025-09-22,1071.19
6513,2025-09-29,1047.52
6513,2025-10-06,1052.45
6513,2025-10-13,1025.82
6513,2025-10-20,1026.8
6513,2025-10-27,1037.65
6513,2025-11-03,1030.75
6513,2025-11-10,1031.74
6513,2025-11-17,1025.82
6513,2025-11-24,1062.31
6513,2025-12-01,1053.44
6513,2025-12-08,1031.74
6513,2025-12-15,1032.72
6513,2025-12-22,1037.65
6513,2025-12-29,1053.44
6513,2026-01-05,1049.49
6513,2026-01-12,1083.03
6513,2026-01-19,1074.15
6513,2026-01-26,1076.12
6513,2026-02-02,1062.31
6513,2026-02-09,1066.26
6513,2026-02-16,1072.18
6513,2026-02-23,1092.89
6513,2026-03-02,1056.4
6513,2026-03-09,1063.3
6513,2026-03-16,1071.19
6513,2026-03-23,1085.0
6513,2026-03-30,1087.0
6513,2026-04-06,1087.0
6513,2026-04-13,1074.0
6513,2026-04-20,1060.0
6513,2026-04-27,1056.0
6513,2026-05-04,1038.0
6513,2026-05-11,1058.0
6513,2026-05-18,1067.0
6513,2026-05-25,1075.0
6513,2026-06-01,1074.0
6513,2026-06-08,1068.0
6513,2026-06-15,1070.0
6513,2026-06-22,1075.0
6513,2026-06-29,1074.0
6513,2026-07-06,1072.0
6513,2026-07-13,1071.0
6513,2026-07-20,1055.0
6513,2026-07-27,1055.0
6513,2026-08-03,1049.0
6513,2026-08-10,1376.0
6523,2025-08-25,948.54
6523,2025-09-01,1068.67
6523,2025-09-08,980.25
6523,2025-09-15,962.96
6523,2025-09-22,968.72
6523,2025-09-29,932.41
6523,2025-10-06,1013.87
6523,2025-10-13,1020.74
6523,2025-10-20,1028.59
6523,2025-10-27,990.31
6523,2025-11-03,1008.96
6523,2025-11-10,949.09
6523,2025-11-17,971.67
6523,2025-11-24,1007.98
6523,2025-12-01,1048.22
6523,2025-12-08,1063.93
6523,2025-12-15,1098.28
6523,2025-12-22,1107.11
6523,2025-12-29,1091.41
6523,2026-01-05,1156.19
6523,2026-01-12,1157.17
6523,2026-01-19,1147.35
6523,2026-01-26,1063.93
6523,2026-02-02,1069.81
6523,2026-02-09,1001.11
6523,2026-02-16,1024.67
6523,2026-02-23,1079.63
6523,2026-03-02,1013.87
6523,2026-03-09,965.78
6523,2026-03-16,981.48
6523,2026-03-23,1113.0
6523,2026-03-30,1115.0
6523,2026-04-06,1076.0
6523,2026-04-13,1064.0
6523,2026-04-20,1000.0
6523,2026-04-27,1005.0
6523,2026-05-04,1007.0
6523,2026-05-11,963.0
6523,2026-05-18,1071.0
6523,2026-05-25,1105.0
6523,2026-06-01,1090.0
6523,2026-06-08,1070.0
6523,2026-06-15,1043.0
6523,2026-06-22,1012.0
6523,2026-06-29,1035.0
6523,2026-07-06,1051.0
6523,2026-07-13,1095.0
6523,2026-07-20,1079.0
6523,2026-07-27,1100.0
6523,2026-08-03,1311.0
6523,2026-08-10,1415.0
6570,2025-08-25,1251.96
6570,2025-09-01,1275.49
6570,2025-09-08,1263.73
6570,2025-09-15,1310.78
6570,2025-09-22,1284.31
6570,2025-09-29,1209.58
6570,2025-10-06,1166.03
6570,2025-10-13,1198.69
6570,2025-10-20,1254.12
6570,2025-10-27,1176.92
6570,2025-11-03,1155.14
6570,2025-11-10,1153.16
6570,2025-11-17,1066.05
6570,2025-11-24,1128.41
6570,2025-12-01,1094.76
6570,2025-12-08,1092.78
6570,2025-12-15,1227.4
6570,2025-12-22,1197.7
6570,2025-12-29,1188.79
6570,2026-01-05,1229.38
6570,2026-01-12,1237.3
6570,2026-01-19,1225.42
6570,2026-01-26,1180.88
6570,2026-02-02,1216.51
6570,2026-02-09,1251.15
6570,2026-02-16,1262.04
6570,2026-02-23,1264.02
6570,2026-03-02,1295.7
6570,2026-03-09,1301.64
6570,2026-03-16,1268.97
6570,2026-03-23,1217.5
6570,2026-03-30,1212.0
6570,2026-04-06,1221.0
6570,2026-04-13,1270.0
6570,2026-04-20,1228.0
6570,2026-04-27,1232.0
6570,2026-05-04,1256.0
6570,2026-05-11,1599.0
6570,2026-05-18,1692.0
6570,2026-05-25,1653.0
6570,2026-06-01,1640.0
6570,2026-06-08,1612.0
6570,2026-06-15,1787.0
6570,2026-06-22,1908.0
6570,2026-06-29,1882.0
6570,2026-07-06,1900.0
6570,2026-07-13,1929.0
6570,2026-07-20,2005.0
6570,2026-07-27,2106.0
6570,2026-08-03,2102.0
6570,2026-08-10,3095.0
6742,2025-08-25,510.29
6742,2025-09-01,515.1
6742,2025-09-08,518.94
6742,2025-09-15,507.41
6742,2025-09-22,517.02
6742,2025-09-29,494.71
6742,2025-10-06,492.77
6742,2025-10-13,491.8
6742,2025-10-20,517.99
6742,2025-10-27,513.14
6742,2025-11-03,514.11
6742,2025-11-10,540.3
6742,2025-11-17,526.72
6742,2025-11-24,535.45
6742,2025-12-01,566.49
6742,2025-12-08,586.86
6742,2025-12-15,598.5
6742,2025-12-22,583.95
6742,2025-12-29,591.71
6742,2026-01-05,600.44
6742,2026-01-12,602.38
6742,2026-01-19,632.45
6742,2026-01-26,652.82
6742,2026-02-02,704.23
6742,2026-02-09,699.38
6742,2026-02-16,759.52
6742,2026-02-23,753.7
6742,2026-03-02,693.56
6742,2026-03-09,662.52
6742,2026-03-16,639.24
6742,2026-03-23,647.0
6742,2026-03-30,640.0
6742,2026-04-06,661.0
6742,2026-04-13,701.0
6742,2026-04-20,699.0
6742,2026-04-27,716.0
6742,2026-05-04,749.0
6742,2026-05-11,766.0
6742,2026-05-18,745.0
6742,2026-05-25,754.0
6742,2026-06-01,951.0
6742,2026-06-08,946.0
6742,2026-06-15,1011.0
6742,2026-06-22,976.0
6742,2026-06-29,920.0
6742,2026-07-06,897.0
6742,2026-07-13,864.0
6742,2026-07-20,910.0
6742,2026-07-27,872.0
6742,2026-08-03,924.0
6742,2026-08-10,1056.0
6904,2025-08-25,453.8
6904,2025-09-01,461.67
6904,2025-09-08,459.7
6904,2025-09-15,464.62
6904,2025-09-22,465.61
6904,2025-09-29,454.78
6904,2025-10-06,455.77
6904,2025-10-13,455.77
6904,2025-10-20,463.64
6904,2025-10-27,459.7
6904,2025-11-03,468.56
6904,2025-11-10,460.69
6904,2025-11-17,457.73
6904,2025-11-24,455.77
6904,2025-12-01,454.78
6904,2025-12-08,449.86
6904,2025-12-15,448.88
6904,2025-12-22,451.83
6904,2025-12-29,454.78
6904,2026-01-05,469.55
6904,2026-01-12,480.38
6904,2026-01-19,484.31
6904,2026-01-26,479.39
6904,2026-02-02,477.42
6904,2026-02-09,471.52
6904,2026-02-16,486.28
6904,2026-02-23,491.2
6904,2026-03-02,474.47
6904,2026-03-09,478.41
6904,2026-03-16,487.27
6904,2026-03-23,472.5
6904,2026-03-30,467.0
6904,2026-04-06,464.0
6904,2026-04-13,461.0
6904,2026-04-20,464.0
6904,2026-04-27,463.0
6904,2026-05-04,463.0
6904,2026-05-11,454.0
6904,2026-05-18,452.0
6904,2026-05-25,449.0
6904,2026-06-01,441.0
6904,2026-06-08,445.0
6904,2026-06-15,443.0
6904,2026-06-22,442.0
6904,2026-06-29,446.0
6904,2026-07-06,449.0
6904,2026-07-13,449.0
6904,2026-07-20,448.0
6904,2026-07-27,450.0
6904,2026-08-03,449.0
6904,2026-08-10,540.0
6918,2025-08-25,2300.17
6918,2025-09-01,2193.34
6918,2025-09-08,2356.96
6918,2025-09-15,2434.91
6918,2025-09-22,2385.83
6918,2025-09-29,2448.56
6918,2025-10-06,2348.58
6918,2025-10-13,2295.65
6918,2025-10-20,2332.9
6918,2025-10-27,2249.58
6918,2025-11-03,2188.81
6918,2025-11-10,2537.76
6918,2025-11-17,2550.5
6918,2025-11-24,2646.56
6918,2025-12-01,2802.42
6918,2025-12-08,2731.84
6918,2025-12-15,2539.72
6918,2025-12-22,2580.89
6918,2025-12-29,2810.26
6918,2026-01-05,2751.45
6918,2026-01-12,2979.83
6918,2026-01-19,2872.01
6918,2026-01-26,2904.36
6918,2026-02-02,2930.82
6918,2026-02-09,2914.16
6918,2026-02-16,2933.76
6918,2026-02-23,2965.13
6918,2026-03-02,2674.99
6918,2026-03-09,2645.58
6918,2026-03-16,2676.95
6918,2026-03-23,2724.0
6918,2026-03-30,2597.0
6918,2026-04-06,2764.0
6918,2026-04-13,2801.0
6918,2026-04-20,3030.0
6918,2026-04-27,3105.0
6918,2026-05-04,3325.0
6918,2026-05-11,3520.0
6918,2026-05-18,3400.0
6918,2026-05-25,3525.0
6918,2026-06-01,3255.0
6918,2026-06-08,3055.0
6918,2026-06-15,3365.0
6918,2026-06-22,3270.0
6918,2026-06-29,3375.0
6918,2026-07-06,3280.0
6918,2026-07-13,3025.0
6918,2026-07-20,3175.0
6918,2026-07-27,3120.0
6918,2026-08-03,3225.0
6918,2026-08-10,3930.0
6943,2025-08-25,4291.54
6943,2025-09-01,4389.08
6943,2025-09-08,4515.88
6943,2025-09-15,4452.48
6943,2025-09-22,4584.15
6943,2025-09-29,4495.62
6943,2025-10-06,4564.48
6943,2025-10-13,4426.75
6943,2025-10-20,4525.13
6943,2025-10-27,4534.96
6943,2025-11-03,4431.67
6943,2025-11-10,4426.75
6943,2025-11-17,4461.19
6943,2025-11-24,4554.64
6943,2025-12-01,4515.29
6943,2025-12-08,4426.75
6943,2025-12-15,4387.41
6943,2025-12-22,4382.49
6943,2025-12-29,4525.13
6943,2026-01-05,4539.88
6943,2026-01-12,4712.03
6943,2026-01-19,4608.74
6943,2026-01-26,4608.74
6943,2026-02-02,4662.85
6943,2026-02-09,5016.99
6943,2026-02-16,5016.99
6943,2026-02-23,5115.36
6943,2026-03-02,4820.24
6943,2026-03-09,4844.84
6943,2026-03-16,4830.08
6943,2026-03-23,4835.0
6943,2026-03-30,4870.0
6943,2026-04-06,4910.0
6943,2026-04-13,4980.0
6943,2026-04-20,4870.0
6943,2026-04-27,4860.0
6943,2026-05-04,4940.0
6943,2026-05-11,4890.0
6943,2026-05-18,4870.0
6943,2026-05-25,5010.0
6943,2026-06-01,4865.0
6943,2026-06-08,4865.0
6943,2026-06-15,4930.0
6943,2026-06-22,4945.0
6943,2026-06-29,4980.0
6943,2026-07-06,4990.0
6943,2026-07-13,4990.0
6943,2026-07-20,4995.0
6943,2026-07-27,4980.0
6943,2026-08-03,5540.0
6943,2026-08-10,5450.0
6952,2025-08-25,1171.27
6952,2025-09-01,1236.53
6952,2025-09-08,1217.68
6952,2025-09-15,1182.39
6952,2025-09-22,1201.72
6952,2025-09-29,1193.35
6952,2025-10-06,1205.17
6952,2025-10-13,1193.35
6952,2025-10-20,1222.4
6952,2025-10-27,1190.89
6952,2025-11-03,1201.23
6952,2025-11-10,1218.46
6952,2025-11-17,1211.57
6952,2025-11-24,1271.63
6952,2025-12-01,1253.42
6952,2025-12-08,1256.86
6952,2025-12-15,1228.8
6952,2025-12-22,1242.09
6952,2025-12-29,1250.46
6952,2026-01-05,1273.6
6952,2026-01-12,1323.32
6952,2026-01-19,1300.18
6952,2026-01-26,1484.8
6952,2026-02-02,1544.37
6952,2026-02-09,1574.89
6952,2026-02-16,1579.82
6952,2026-02-23,1547.32
6952,2026-03-02,1376.98
6952,2026-03-09,1396.18
6952,2026-03-16,1423.26
6952,2026-03-23,1440.0
6952,2026-03-30,1570.5
6952,2026-04-06,1655.0
6952,2026-04-13,1747.5
6952,2026-04-20,1640.5
6952,2026-04-27,1572.0
6952,2026-05-04,1653.5
6952,2026-05-11,1694.0
6952,2026-05-18,1624.0
6952,2026-05-25,1789.5
6952,2026-06-01,1835.5
6952,2026-06-08,1750.0
6952,2026-06-15,1906.5
6952,2026-06-22,1990.5
6952,2026-06-29,1865.5
6952,2026-07-06,1875.0
6952,2026-07-13,1799.5
6952,2026-07-20,1720.5
6952,2026-07-27,1764.5
6952,2026-08-03,2201.5
6952,2026-08-10,2456.0
7033,2025-08-25,1490.61
7033,2025-09-01,1462.29
7033,2025-09-08,1511.13
7033,2025-09-15,1514.06
7033,2025-09-22,1477.92
7033,2025-09-29,1375.35
7033,2025-10-06,1395.86
7033,2025-10-13,1338.23
7033,2025-10-20,1376.33
7033,2025-10-27,1309.9
7033,2025-11-03,1303.07
7033,2025-11-10,1299.16
7033,2025-11-17,1340.19
7033,2025-11-24,1323.58
7033,2025-12-01,1288.41
7033,2025-12-08,1250.32
7033,2025-12-15,1297.21
7033,2025-12-22,1348.0
7033,2025-12-29,1377.0
7033,2026-01-05,1376.0
7033,2026-01-12,1399.0
7033,2026-01-19,1364.0
7033,2026-01-26,1302.0
7033,2026-02-02,1273.0
7033,2026-02-09,1210.0
7033,2026-02-16,1382.0
7033,2026-02-23,1480.0
7033,2026-03-02,1466.0
7033,2026-03-09,1349.0
7033,2026-03-16,1311.0
7033,2026-03-23,1301.0
7033,2026-03-30,1325.0
7033,2026-04-06,1325.0
7033,2026-04-13,1370.0
7033,2026-04-20,1322.0
7033,2026-04-27,1323.0
7033,2026-05-04,1343.0
7033,2026-05-11,1265.0
7033,2026-05-18,1352.0
7033,2026-05-25,1385.0
7033,2026-06-01,1351.0
7033,2026-06-08,1332.0
7033,2026-06-15,1372.0
7033,2026-06-22,1319.0
7033,2026-06-29,1361.0
7033,2026-07-06,1352.0
7033,2026-07-13,1362.0
7033,2026-07-20,1344.0
7033,2026-07-27,1432.0
7033,2026-08-03,1439.0
7033,2026-08-10,1520.0
7167,2025-08-25,892.11
7167,2025-09-01,882.36
7167,2025-09-08,904.88
7167,2025-09-15,885.68
7167,2025-09-22,935.3
7167,2025-09-29,915.26
7167,2025-10-06,907.26
7167,2025-10-13,875.37
7167,2025-10-20,900.25
7167,2025-10-27,949.72
7167,2025-11-03,936.49
7167,2025-11-10,966.8
7167,2025-11-17,946.86
7167,2025-11-24,1006.59
7167,2025-12-01,1020.41
7167,2025-12-08,1038.68
7167,2025-12-15,1054.97
7167,2025-12-22,1025.84
7167,2025-12-29,1024.86
7167,2026-01-05,1087.06
7167,2026-01-12,1151.23
7167,2026-01-19,1132.97
7167,2026-01-26,1148.77
7167,2026-02-02,1257.87
7167,2026-02-09,1298.35
7167,2026-02-16,1303.28
7167,2026-02-23,1325.99
7167,2026-03-02,1239.6
7167,2026-03-09,1166.04
7167,2026-03-16,1183.32
7167,2026-03-23,1247.5
7167,2026-03-30,1286.0
7167,2026-04-06,1353.5
7167,2026-04-13,1343.5
7167,2026-04-20,1222.0
7167,2026-04-27,1296.0
7167,2026-05-04,1313.5
7167,2026-05-11,1377.5
7167,2026-05-18,1396.5
7167,2026-05-25,1329.5
7167,2026-06-01,1357.5
7167,2026-06-08,1402.0
7167,2026-06-15,1411.0
7167,2026-06-22,1407.5
7167,2026-06-29,1509.0
7167,2026-07-06,1539.5
7167,2026-07-13,1427.0
7167,2026-07-20,1541.0
7167,2026-07-27,1497.0
7167,2026-08-03,1580.0
7167,2026-08-10,1658.5
7189,2025-08-25,2397.28
7189,2025-09-01,2385.71
7189,2025-09-08,2400.17
7189,2025-09-15,2329.81
7189,2025-09-22,2452.22
7189,2025-09-29,2374.7
7189,2025-10-06,2363.91
7189,2025-10-13,2317.79
7189,2025-10-20,2494.42
7189,2025-10-27,2588.62
7189,2025-11-03,2626.89
7189,2025-11-10,2840.32
7189,2025-11-17,2818.24
7189,2025-11-24,2909.5
7189,2025-12-01,2963.47
7189,2025-12-08,2953.66
7189,2025-12-15,3106.74
7189,2025-12-22,3085.15
7189,2025-12-29,3150.9
7189,2026-01-05,3345.19
7189,2026-01-12,3640.56
7189,2026-01-19,3637.61
7189,2026-01-26,3660.18
7189,2026-02-02,4081.15
7189,2026-02-09,4227.36
7189,2026-02-16,4336.29
7189,2026-02-23,4370.63
7189,2026-03-02,4043.86
7189,2026-03-09,3844.66
7189,2026-03-16,3795.6
7189,2026-03-23,3827.0
7189,2026-03-30,4008.0
7189,2026-04-06,4217.0
7189,2026-04-13,4185.0
7189,2026-04-20,3812.0
7189,2026-04-27,3908.0
7189,2026-05-04,3946.0
7189,2026-05-11,4050.0
7189,2026-05-18,4097.0
7189,2026-05-25,3953.0
7189,2026-06-01,4008.0
7189,2026-06-08,4169.0
7189,2026-06-15,4072.0
7189,2026-06-22,4204.0
7189,2026-06-29,4282.0
7189,2026-07-06,4340.0
7189,2026-07-13,4106.0
7189,2026-07-20,4441.0
7189,2026-07-27,4268.0
7189,2026-08-03,4532.0
7189,2026-08-10,4771.0
7244,2025-08-25,429.3
7244,2025-09-01,441.9
7244,2025-09-08,440.93
7244,2025-09-15,440.93
7244,2025-09-22,448.68
7244,2025-09-29,426.39
7244,2025-10-06,451.59
7244,2025-10-13,434.15
7244,2025-10-20,464.19
7244,2025-10-27,455.47
7244,2025-11-03,446.75
7244,2025-11-10,455.47
7244,2025-11-17,449.65
7244,2025-11-24,470.97
7244,2025-12-01,452.56
7244,2025-12-08,475.82
7244,2025-12-15,491.32
7244,2025-12-22,493.26
7244,2025-12-29,505.05
7244,2026-01-05,510.95
7244,2026-01-12,538.46
7244,2026-01-19,522.74
7244,2026-01-26,504.07
7244,2026-02-02,524.7
7244,2026-02-09,534.53
7244,2026-02-16,553.2
7244,2026-02-23,560.08
7244,2026-03-02,519.79
7244,2026-03-09,476.56
7244,2026-03-16,473.61
7244,2026-03-23,491.3
7244,2026-03-30,493.26
7244,2026-04-06,505.05
7244,2026-04-13,506.03
7244,2026-04-20,498.17
7244,2026-04-27,494.24
7244,2026-05-04,507.02
7244,2026-05-11,532.56
7244,2026-05-18,526.67
7244,2026-05-25,535.51
7244,2026-06-01,534.53
7244,2026-06-08,513.9
7244,2026-06-15,517.83
7244,2026-06-22,508.0
7244,2026-06-29,521.0
7244,2026-07-06,513.0
7244,2026-07-13,514.0
7244,2026-07-20,519.0
7244,2026-07-27,530.0
7244,2026-08-03,511.0
7244,2026-08-10,597.0
7272,2025-08-25,1047.73
7272,2025-09-01,1088.07
7272,2025-09-08,1090.98
7272,2025-09-15,1074.95
7272,2025-09-22,1090.01
7272,2025-09-29,1071.06
7272,2025-10-06,1069.11
7272,2025-10-13,1053.08
7272,2025-10-20,1099.73
7272,2025-10-27,1083.69
7272,2025-11-03,1102.65
7272,2025-11-10,1084.18
7272,2025-11-17,1086.12
7272,2025-11-24,1099.73
7272,2025-12-01,1106.53
7272,2025-12-08,1170.19
7272,2025-12-15,1135.21
7272,2025-12-22,1156.59
7272,2025-12-29,1136.49
7272,2026-01-05,1210.01
7272,2026-01-12,1242.84
7272,2026-01-19,1178.64
7272,2026-01-26,1140.41
7272,2026-02-02,1075.72
7272,2026-02-09,1161.49
7272,2026-02-16,1208.54
7272,2026-02-23,1218.34
7272,2026-03-02,1124.24
7272,2026-03-09,1085.04
7272,2026-03-16,1079.15
7272,2026-03-23,1116.89
7272,2026-03-30,1160.51
7272,2026-04-06,1158.06
7272,2026-04-13,1118.85
7272,2026-04-20,1069.35
7272,2026-04-27,1067.88
7272,2026-05-04,1093.86
7272,2026-05-11,1299.2
7272,2026-05-18,1204.62
7272,2026-05-25,1284.99
7272,2026-06-01,1199.71
7272,2026-06-08,1167.86
7272,2026-06-15,1212.46
7272,2026-06-22,1235.0
7272,2026-06-29,1249.0
7272,2026-07-06,1243.5
7272,2026-07-13,1273.5
7272,2026-07-20,1278.0
7272,2026-07-27,1343.0
7272,2026-08-03,1842.5
7272,2026-08-10,1949.0
7322,2025-08-25,874.02
7322,2025-09-01,853.42
7322,2025-09-08,853.42
7322,2025-09-15,840.08
7322,2025-09-22,878.87
7322,2025-09-29,860.12
7322,2025-10-06,866.29
7322,2025-10-13,874.92
7322,2025-10-20,898.37
7322,2025-10-27,900.84
7322,2025-11-03,920.58
7322,2025-11-10,942.8
7322,2025-11-17,950.2
7322,2025-11-24,1009.43
7322,2025-12-01,1004.5
7322,2025-12-08,1010.67
7322,2025-12-15,1042.75
7322,2025-12-22,1043.99
7322,2025-12-29,1087.18
7322,2026-01-05,1148.88
7322,2026-01-12,1229.09
7322,2026-01-19,1263.64
7322,2026-01-26,1234.03
7322,2026-02-02,1377.17
7322,2026-02-09,1505.51
7322,2026-02-16,1510.45
7322,2026-02-23,1557.34
7322,2026-03-02,1515.38
7322,2026-03-09,1495.64
7322,2026-03-16,1503.04
7322,2026-03-23,1545.0
7322,2026-03-30,1516.0
7322,2026-04-06,1646.0
7322,2026-04-13,1680.0
7322,2026-04-20,1529.0
7322,2026-04-27,1634.0
7322,2026-05-04,1659.0
7322,2026-05-11,1697.0
7322,2026-05-18,1711.0
7322,2026-05-25,1598.0
7322,2026-06-01,1612.0
7322,2026-06-08,1751.0
7322,2026-06-15,1660.0
7322,2026-06-22,1721.0
7322,2026-06-29,1825.0
7322,2026-07-06,1799.0
7322,2026-07-13,1775.0
7322,2026-07-20,1997.0
7322,2026-07-27,1910.0
7322,2026-08-03,1901.0
7322,2026-08-10,2077.0
7389,2025-08-25,569.41
7389,2025-09-01,593.14
7389,2025-09-08,597.02
7389,2025-09-15,590.22
7389,2025-09-22,615.5
7389,2025-09-29,646.13
7389,2025-10-06,721.21
7389,2025-10-13,732.08
7389,2025-10-20,738.01
7389,2025-10-27,785.43
7389,2025-11-03,813.09
7389,2025-11-10,830.87
7389,2025-11-17,845.69
7389,2025-11-24,917.82
7389,2025-12-01,937.57
7389,2025-12-08,910.9
7389,2025-12-15,931.65
7389,2025-12-22,896.08
7389,2025-12-29,908.92
7389,2026-01-05,977.09
7389,2026-01-12,1086.76
7389,2026-01-19,1112.44
7389,2026-01-26,1080.83
7389,2026-02-02,1165.79
7389,2026-02-09,1252.73
7389,2026-02-16,1234.95
7389,2026-02-23,1304.11
7389,2026-03-02,1185.55
7389,2026-03-09,1185.55
7389,2026-03-16,1250.76
7389,2026-03-23,1395.0
7389,2026-03-30,1432.0
7389,2026-04-06,1588.0
7389,2026-04-13,1640.0
7389,2026-04-20,1459.0
7389,2026-04-27,1478.0
7389,2026-05-04,1499.0
7389,2026-05-11,1522.0
7389,2026-05-18,1413.0
7389,2026-05-25,1357.0
7389,2026-06-01,1346.0
7389,2026-06-08,1367.0
7389,2026-06-15,1355.0
7389,2026-06-22,1384.0
7389,2026-06-29,1483.0
7389,2026-07-06,1498.0
7389,2026-07-13,1687.0
7389,2026-07-20,1828.0
7389,2026-07-27,1737.0
7389,2026-08-03,1622.0
7389,2026-08-10,1868.0
7466,2025-08-25,1131.85
7466,2025-09-01,1148.85
7466,2025-09-08,1153.22
7466,2025-09-15,1147.39
7466,2025-09-22,1161.96
7466,2025-09-29,1125.03
7466,2025-10-06,1125.03
7466,2025-10-13,1118.63
7466,2025-10-20,1150.63
7466,2025-10-27,1103.37
7466,2025-11-03,1121.09
7466,2025-11-10,1119.61
7466,2025-11-17,1145.22
7466,2025-11-24,1164.91
7466,2025-12-01,1140.79
7466,2025-12-08,1139.8
7466,2025-12-15,1142.26
7466,2025-12-22,1155.56
7466,2025-12-29,1167.37
7466,2026-01-05,1186.57
7466,2026-01-12,1195.93
7466,2026-01-19,1172.3
7466,2026-01-26,1142.26
7466,2026-02-02,1177.71
7466,2026-02-09,1285.54
7466,2026-02-16,1306.71
7466,2026-02-23,1345.11
7466,2026-03-02,1280.12
7466,2026-03-09,1286.03
7466,2026-03-16,1268.31
7466,2026-03-23,1288.0
7466,2026-03-30,1267.0
7466,2026-04-06,1321.0
7466,2026-04-13,1325.0
7466,2026-04-20,1270.0
7466,2026-04-27,1261.0
7466,2026-05-04,1246.0
7466,2026-05-11,1212.0
7466,2026-05-18,1238.0
7466,2026-05-25,1249.0
7466,2026-06-01,1238.0
7466,2026-06-08,1214.0
7466,2026-06-15,1266.0
7466,2026-06-22,1269.0
7466,2026-06-29,1313.0
7466,2026-07-06,1376.0
7466,2026-07-13,1346.0
7466,2026-07-20,1350.0
7466,2026-07-27,1387.0
7466,2026-08-03,1356.0
7466,2026-08-10,1400.0
7504,2025-08-25,2789.96
7504,2025-09-01,2833.3
7504,2025-09-08,2811.15
7504,2025-09-15,2868.93
7504,2025-09-22,2918.05
7504,2025-09-29,2768.81
7504,2025-10-06,2768.81
7504,2025-10-13,2826.74
7504,2025-10-20,2863.06
7504,2025-10-27,2804.15
7504,2025-11-03,2792.37
7504,2025-11-10,2896.45
7504,2025-11-17,2897.43
7504,2025-11-24,2920.01
7504,2025-12-01,2838.52
7504,2025-12-08,2828.7
7504,2025-12-15,2876.81
7504,2025-12-22,2960.27
7504,2025-12-29,2921.98
7504,2026-01-05,2979.9
7504,2026-01-12,3063.36
7504,2026-01-19,3097.73
7504,2026-01-26,2950.45
7504,2026-02-02,3004.45
7504,2026-02-09,3195.91
7504,2026-02-16,3220.46
7504,2026-02-23,3392.28
7504,2026-03-02,3205.73
7504,2026-03-09,3092.82
7504,2026-03-16,3068.27
7504,2026-03-23,3137.0
7504,2026-03-30,3095.0
7504,2026-04-06,3015.0
7504,2026-04-13,2977.0
7504,2026-04-20,2901.0
7504,2026-04-27,2974.0
7504,2026-05-04,3005.0
7504,2026-05-11,2872.0
7504,2026-05-18,2826.0
7504,2026-05-25,2848.0
7504,2026-06-01,2795.0
7504,2026-06-08,2984.0
7504,2026-06-15,3085.0
7504,2026-06-22,3315.0
7504,2026-06-29,3640.0
7504,2026-07-06,3845.0
7504,2026-07-13,3575.0
7504,2026-07-20,3830.0
7504,2026-07-27,4140.0
7504,2026-08-03,4640.0
7504,2026-08-10,4870.0
7537,2025-08-25,1133.62
7537,2025-09-01,1159.51
7537,2025-09-08,1197.88
7537,2025-09-15,1195.0
7537,2025-09-22,1209.39
7537,2025-09-29,1136.98
7537,2025-10-06,1067.51
7537,2025-10-13,1068.49
7537,2025-10-20,1168.29
7537,2025-10-27,1162.42
7537,2025-11-03,1111.54
7537,2025-11-10,1150.68
7537,2025-11-17,1135.02
7537,2025-11-24,1183.94
7537,2025-12-01,1169.27
7537,2025-12-08,1175.14
7537,2025-12-15,1205.47
7537,2025-12-22,1249.5
7537,2025-12-29,1274.94
7537,2026-01-05,1330.71
7537,2026-01-12,1356.16
7537,2026-01-19,1382.57
7537,2026-01-26,1340.5
7537,2026-02-02,1241.67
7537,2026-02-09,1247.55
7537,2026-02-16,1216.23
7537,2026-02-23,1247.55
7537,2026-03-02,1157.53
7537,2026-03-09,1098.82
7537,2026-03-16,1096.86
7537,2026-03-23,1136.0
7537,2026-03-30,1156.0
7537,2026-04-06,1182.0
7537,2026-04-13,1187.0
7537,2026-04-20,1171.0
7537,2026-04-27,1193.0
7537,2026-05-04,1223.0
7537,2026-05-11,1581.0
7537,2026-05-18,1586.0
7537,2026-05-25,1720.0
7537,2026-06-01,1717.0
7537,2026-06-08,1604.0
7537,2026-06-15,1742.0
7537,2026-06-22,1652.0
7537,2026-06-29,1683.0
7537,2026-07-06,1686.0
7537,2026-07-13,1611.0
7537,2026-07-20,1685.0
7537,2026-07-27,1695.0
7537,2026-08-03,1761.0
7537,2026-08-10,1890.0
7565,2025-08-25,5842.68
7565,2025-09-01,5697.82
7565,2025-09-08,5321.18
7565,2025-09-15,4973.52
7565,2025-09-22,5079.75
7565,2025-09-29,4787.25
7565,2025-10-06,4914.0
7565,2025-10-13,4801.88
7565,2025-10-20,4762.88
7565,2025-10-27,5343.0
7565,2025-11-03,5040.75
7565,2025-11-10,5079.75
7565,2025-11-17,4972.5
7565,2025-11-24,5167.5
7565,2025-12-01,5274.75
7565,2025-12-08,5440.5
7565,2025-12-15,5508.75
7565,2025-12-22,5733.0
7565,2025-12-29,5869.5
7565,2026-01-05,5674.5
7565,2026-01-12,5840.25
7565,2026-01-19,5820.75
7565,2026-01-26,5850.0
7565,2026-02-02,5947.5
7565,2026-02-09,5820.75
7565,2026-02-16,5791.5
7565,2026-02-23,5898.75
7565,2026-03-02,5937.75
7565,2026-03-09,5830.5
7565,2026-03-16,5801.25
7565,2026-03-23,5850.0
7565,2026-03-30,5950.0
7565,2026-04-06,5950.0
7565,2026-04-13,6070.0
7565,2026-04-20,5850.0
7565,2026-04-27,6100.0
7565,2026-05-04,6000.0
7565,2026-05-11,6330.0
7565,2026-05-18,6100.0
7565,2026-05-25,6040.0
7565,2026-06-01,6200.0
7565,2026-06-08,6100.0
7565,2026-06-15,6130.0
7565,2026-06-22,5960.0
7565,2026-06-29,6200.0
7565,2026-07-06,6400.0
7565,2026-07-13,6710.0
7565,2026-07-20,6730.0
7565,2026-07-27,7090.0
7565,2026-08-03,7150.0
7565,2026-08-10,8000.0
7609,2025-08-25,1984.66
7609,2025-09-01,1987.07
7609,2025-09-08,2097.59
7609,2025-09-15,2148.05
7609,2025-09-22,2150.45
7609,2025-09-29,2085.58
7609,2025-10-06,2049.54
7609,2025-10-13,2090.38
7609,2025-10-20,2184.09
7609,2025-10-27,2227.34
7609,2025-11-03,2160.06
7609,2025-11-10,2181.69
7609,2025-11-17,2196.1
7609,2025-11-24,2289.81
7609,2025-12-01,2263.38
7609,2025-12-08,2378.71
7609,2025-12-15,2309.03
7609,2025-12-22,2349.88
7609,2025-12-29,2391.26
7609,2026-01-05,2475.99
7609,2026-01-12,2571.57
7609,2026-01-19,2570.58
7609,2026-01-26,2497.67
7609,2026-02-02,2546.93
7609,2026-02-09,2701.62
7609,2026-02-16,2837.59
7609,2026-02-23,2970.6
7609,2026-03-02,2861.24
7609,2026-03-09,2811.97
7609,2026-03-16,2786.36
7609,2026-03-23,2823.8
7609,2026-03-30,2680.93
7609,2026-04-06,2781.43
7609,2026-04-13,2830.69
7609,2026-04-20,2848.43
7609,2026-04-27,3093.76
7609,2026-05-04,3783.45
7609,2026-05-11,3768.67
7609,2026-05-18,3561.77
7609,2026-05-25,3517.43
7609,2026-06-01,3719.41
7609,2026-06-08,3413.98
7609,2026-06-15,3842.57
7609,2026-06-22,3680.0
7609,2026-06-29,3670.0
7609,2026-07-06,3560.0
7609,2026-07-13,3300.0
7609,2026-07-20,3540.0
7609,2026-07-27,3320.0
7609,2026-08-03,4230.0
7609,2026-08-10,4770.0
7624,2025-08-25,134.17
7624,2025-09-01,134.17
7624,2025-09-08,137.08
7624,2025-09-15,137.08
7624,2025-09-22,137.08
7624,2025-09-29,134.17
7624,2025-10-06,134.17
7624,2025-10-13,133.19
7624,2025-10-20,136.11
7624,2025-10-27,133.19
7624,2025-11-03,135.14
7624,2025-11-10,136.11
7624,2025-11-17,133.19
7624,2025-11-24,136.11
7624,2025-12-01,135.14
7624,2025-12-08,135.14
7624,2025-12-15,137.08
7624,2025-12-22,131.25
7624,2025-12-29,129.31
7624,2026-01-05,138.06
7624,2026-01-12,138.06
7624,2026-01-19,140.0
7624,2026-01-26,135.14
7624,2026-02-02,137.08
7624,2026-02-09,140.0
7624,2026-02-16,140.0
7624,2026-02-23,144.0
7624,2026-03-02,139.0
7624,2026-03-09,136.0
7624,2026-03-16,136.0
7624,2026-03-23,134.0
7624,2026-03-30,133.0
7624,2026-04-06,133.0
7624,2026-04-13,133.0
7624,2026-04-20,133.0
7624,2026-04-27,134.0
7624,2026-05-04,134.0
7624,2026-05-11,134.0
7624,2026-05-18,133.0
7624,2026-05-25,135.0
7624,2026-06-01,134.0
7624,2026-06-08,132.0
7624,2026-06-15,136.0
7624,2026-06-22,138.0
7624,2026-06-29,142.0
7624,2026-07-06,141.0
7624,2026-07-13,140.0
7624,2026-07-20,139.0
7624,2026-07-27,139.0
7624,2026-08-03,140.0
7624,2026-08-10,145.0
7747,2025-08-25,2502.97
7747,2025-09-01,2686.06
7747,2025-09-08,2654.97
7747,2025-09-15,2524.69
7747,2025-09-22,2382.07
7747,2025-09-29,2251.79
7747,2025-10-06,2329.27
7747,2025-10-13,2282.38
7747,2025-10-20,2426.98
7747,2025-10-27,2415.13
7747,2025-11-03,2372.2
7747,2025-11-10,2363.81
7747,2025-11-17,2855.32
7747,2025-11-24,2888.39
7747,2025-12-01,3021.14
7747,2025-12-08,2998.44
7747,2025-12-15,2970.8
7747,2025-12-22,2906.15
7747,2025-12-29,2899.25
7747,2026-01-05,2914.54
7747,2026-01-12,2893.82
7747,2026-01-19,2763.54
7747,2026-01-26,2536.53
7747,2026-02-02,2498.04
7747,2026-02-09,2566.14
7747,2026-02-16,2941.69
7747,2026-02-23,3322.17
7747,2026-03-02,3251.1
7747,2026-03-09,3048.77
7747,2026-03-16,3112.93
7747,2026-03-23,3311.31
7747,2026-03-30,3465.28
7747,2026-04-06,3486.99
7747,2026-04-13,3450.47
7747,2026-04-20,3311.31
7747,2026-04-27,3203.73
7747,2026-05-04,3262.95
7747,2026-05-11,3349.8
7747,2026-05-18,3632.08
7747,2026-05-25,3716.96
7747,2026-06-01,3722.88
7747,2026-06-08,3587.66
7747,2026-06-15,3446.52
7747,2026-06-22,3676.49
7747,2026-06-29,3864.0
7747,2026-07-06,3573.0
7747,2026-07-13,3569.0
7747,2026-07-20,3379.0
7747,2026-07-27,3593.0
7747,2026-08-03,3689.0
7747,2026-08-10,3874.0
7762,2025-08-25,978.49
7762,2025-09-01,1017.05
7762,2025-09-08,986.2
7762,2025-09-15,976.56
7762,2025-09-22,982.34
7762,2025-09-29,1025.27
7762,2025-10-06,1053.88
7762,2025-10-13,1036.12
7762,2025-10-20,1097.3
7762,2025-10-27,1057.83
7762,2025-11-03,1043.03
7762,2025-11-10,1202.89
7762,2025-11-17,1223.61
7762,2025-11-24,1273.94
7762,2025-12-01,1295.65
7762,2025-12-08,1321.3
7762,2025-12-15,1261.11
7762,2025-12-22,1253.21
7762,2025-12-29,1259.14
7762,2026-01-05,1299.59
7762,2026-01-12,1365.71
7762,2026-01-19,1388.4
7762,2026-01-26,1344.99
7762,2026-02-02,1380.51
7762,2026-02-09,1679.5
7762,2026-02-16,1704.17
7762,2026-02-23,1887.72
7762,2026-03-02,1728.84
7762,2026-03-09,1612.4
7762,2026-03-16,1680.49
7762,2026-03-23,1754.5
7762,2026-03-30,1761.0
7762,2026-04-06,1796.0
7762,2026-04-13,1855.0
7762,2026-04-20,1815.0
7762,2026-04-27,1790.0
7762,2026-05-04,1986.0
7762,2026-05-11,2256.0
7762,2026-05-18,2143.0
7762,2026-05-25,2315.0
7762,2026-06-01,2253.0
7762,2026-06-08,2179.0
7762,2026-06-15,2386.0
7762,2026-06-22,2511.0
7762,2026-06-29,2405.0
7762,2026-07-06,2331.0
7762,2026-07-13,2179.0
7762,2026-07-20,2178.0
7762,2026-07-27,2133.0
7762,2026-08-03,2393.0
7762,2026-08-10,2751.0
7781,2025-08-25,533.65
7781,2025-09-01,542.31
7781,2025-09-08,538.94
7781,2025-09-15,562.04
7781,2025-09-22,555.3
7781,2025-09-29,536.05
7781,2025-10-06,562.52
7781,2025-10-13,537.98
7781,2025-10-20,549.04
7781,2025-10-27,542.79
7781,2025-11-03,531.24
7781,2025-11-10,539.42
7781,2025-11-17,589.46
7781,2025-11-24,601.49
7781,2025-12-01,628.92
7781,2025-12-08,610.16
7781,2025-12-15,611.6
7781,2025-12-22,639.99
7781,2025-12-29,640.48
7781,2026-01-05,648.77
7781,2026-01-12,647.31
7781,2026-01-19,643.4
7781,2026-01-26,645.84
7781,2026-02-02,655.6
7781,2026-02-09,672.18
7781,2026-02-16,715.6
7781,2026-02-23,749.74
7781,2026-03-02,743.4
7781,2026-03-09,753.16
7781,2026-03-16,753.16
7781,2026-03-23,743.89
7781,2026-03-30,719.5
7781,2026-04-06,727.79
7781,2026-04-13,710.72
7781,2026-04-20,670.72
7781,2026-04-27,678.53
7781,2026-05-04,705.35
7781,2026-05-11,697.55
7781,2026-05-18,678.53
7781,2026-05-25,706.82
7781,2026-06-01,697.55
7781,2026-06-08,695.11
7781,2026-06-15,746.33
7781,2026-06-22,759.5
7781,2026-06-29,830.0
7781,2026-07-06,803.0
7781,2026-07-13,781.0
7781,2026-07-20,793.0
7781,2026-07-27,778.0
7781,2026-08-03,773.0
7781,2026-08-10,830.0
7806,2025-08-25,4567.32
7806,2025-09-01,4293.68
7806,2025-09-08,4512.59
7806,2025-09-15,5054.9
7806,2025-09-22,5035.0
7806,2025-09-29,4365.0
7806,2025-10-06,4165.0
7806,2025-10-13,3880.0
7806,2025-10-20,3905.0
7806,2025-10-27,3720.0
7806,2025-11-03,3730.0
7806,2025-11-10,4920.0
7806,2025-11-17,4430.0
7806,2025-11-24,4535.0
7806,2025-12-01,4935.0
7806,2025-12-08,4765.0
7806,2025-12-15,4765.0
7806,2025-12-22,4775.0
7806,2025-12-29,4730.0
7806,2026-01-05,4745.0
7806,2026-01-12,4390.0
7806,2026-01-19,4340.0
7806,2026-01-26,4235.0
7806,2026-02-02,4175.0
7806,2026-02-09,5380.0
7806,2026-02-16,5270.0
7806,2026-02-23,5750.0
7806,2026-03-02,5800.0
7806,2026-03-09,6270.0
7806,2026-03-16,6160.0
7806,2026-03-23,6470.0
7806,2026-03-30,6380.0
7806,2026-04-06,6070.0
7806,2026-04-13,6600.0
7806,2026-04-20,6270.0
7806,2026-04-27,6100.0
7806,2026-05-04,6290.0
7806,2026-05-11,6710.0
7806,2026-05-18,6220.0
7806,2026-05-25,7500.0
7806,2026-06-01,6800.0
7806,2026-06-08,7060.0
7806,2026-06-15,7650.0
7806,2026-06-22,7260.0
7806,2026-06-29,8100.0
7806,2026-07-06,7550.0
7806,2026-07-13,7460.0
7806,2026-07-20,7670.0
7806,2026-07-27,7610.0
7806,2026-08-03,8170.0
7806,2026-08-10,8130.0
7856,2025-08-25,1572.62
7856,2025-09-01,1602.34
7856,2025-09-08,1627.27
7856,2025-09-15,1643.58
7856,2025-09-22,1645.49
7856,2025-09-29,1602.34
7856,2025-10-06,1599.47
7856,2025-10-13,1616.73
7856,2025-10-20,1651.25
7856,2025-10-27,1577.5
7856,2025-11-03,1536.37
7856,2025-11-10,1552.04
7856,2025-11-17,1553.02
7856,2025-11-24,1563.79
7856,2025-12-01,1572.6
7856,2025-12-08,1609.81
7856,2025-12-15,1618.62
7856,2025-12-22,1654.85
7856,2025-12-29,1656.81
7856,2026-01-05,1677.38
7856,2026-01-12,1695.0
7856,2026-01-19,1680.31
7856,2026-01-26,1665.63
7856,2026-02-02,1688.15
7856,2026-02-09,1733.19
7856,2026-02-16,1742.98
7856,2026-02-23,1816.42
7856,2026-03-02,1752.77
7856,2026-03-09,1672.48
7856,2026-03-16,1672.48
7856,2026-03-23,1702.84
7856,2026-03-30,1729.27
7856,2026-04-06,1705.77
7856,2026-04-13,1704.79
7856,2026-04-20,1651.92
7856,2026-04-27,1643.0
7856,2026-05-04,1652.0
7856,2026-05-11,1717.0
7856,2026-05-18,1672.0
7856,2026-05-25,1652.0
7856,2026-06-01,1670.0
7856,2026-06-08,1698.0
7856,2026-06-15,1729.0
7856,2026-06-22,1754.0
7856,2026-06-29,1734.0
7856,2026-07-06,1761.0
7856,2026-07-13,1777.0
7856,2026-07-20,1778.0
7856,2026-07-27,1781.0
7856,2026-08-03,1828.0
7856,2026-08-10,1870.0
7914,2025-08-25,1473.22
7914,2025-09-01,1478.93
7914,2025-09-08,1504.63
7914,2025-09-15,1493.21
7914,2025-09-22,1478.93
7914,2025-09-29,1443.81
7914,2025-10-06,1436.01
7914,2025-10-13,1449.67
7914,2025-10-20,1490.64
7914,2025-10-27,1464.3
7914,2025-11-03,1469.18
7914,2025-11-10,1427.23
7914,2025-11-17,1427.23
7914,2025-11-24,1445.77
7914,2025-12-01,1385.28
7914,2025-12-08,1424.3
7914,2025-12-15,1513.08
7914,2025-12-22,1545.27
7914,2025-12-29,1542.34
7914,2026-01-05,1604.78
7914,2026-01-12,1626.24
7914,2026-01-19,1604.78
7914,2026-01-26,1594.05
7914,2026-02-02,1596.0
7914,2026-02-09,1649.66
7914,2026-02-16,1627.22
7914,2026-02-23,1715.02
7914,2026-03-02,1643.8
7914,2026-03-09,1579.42
7914,2026-03-16,1564.78
7914,2026-03-23,1596.0
7914,2026-03-30,1619.0
7914,2026-04-06,1595.0
7914,2026-04-13,1575.0
7914,2026-04-20,1503.0
7914,2026-04-27,1513.0
7914,2026-05-04,1512.0
7914,2026-05-11,1502.0
7914,2026-05-18,1509.0
7914,2026-05-25,1545.0
7914,2026-06-01,1542.0
7914,2026-06-08,1537.0
7914,2026-06-15,1535.0
7914,2026-06-22,1567.0
7914,2026-06-29,1583.0
7914,2026-07-06,1628.0
7914,2026-07-13,1613.0
7914,2026-07-20,1632.0
7914,2026-07-27,1639.0
7914,2026-08-03,1651.0
7914,2026-08-10,1746.0
7928,2025-08-25,597.1
7928,2025-09-01,588.17
7928,2025-09-08,596.11
7928,2025-09-15,592.14
7928,2025-09-22,586.19
7928,2025-09-29,586.19
7928,2025-10-06,576.27
7928,2025-10-13,575.28
7928,2025-10-20,578.25
7928,2025-10-27,573.29
7928,2025-11-03,572.3
7928,2025-11-10,577.26
7928,2025-11-17,577.26
7928,2025-11-24,583.21
7928,2025-12-01,578.25
7928,2025-12-08,576.27
7928,2025-12-15,572.3
7928,2025-12-22,577.26
7928,2025-12-29,584.2
7928,2026-01-05,587.18
7928,2026-01-12,609.0
7928,2026-01-19,611.98
7928,2026-01-26,594.12
7928,2026-02-02,607.02
7928,2026-02-09,609.99
7928,2026-02-16,606.02
7928,2026-02-23,618.0
7928,2026-03-02,601.0
7928,2026-03-09,599.0
7928,2026-03-16,615.0
7928,2026-03-23,610.0
7928,2026-03-30,621.0
7928,2026-04-06,614.0
7928,2026-04-13,620.0
7928,2026-04-20,610.0
7928,2026-04-27,604.0
7928,2026-05-04,607.0
7928,2026-05-11,608.0
7928,2026-05-18,608.0
7928,2026-05-25,600.0
7928,2026-06-01,600.0
7928,2026-06-08,596.0
7928,2026-06-15,612.0
7928,2026-06-22,610.0
7928,2026-06-29,621.0
7928,2026-07-06,639.0
7928,2026-07-13,620.0
7928,2026-07-20,630.0
7928,2026-07-27,632.0
7928,2026-08-03,638.0
7928,2026-08-10,651.0
7936,2025-08-25,3964.64
7936,2025-09-01,4007.27
7936,2025-09-08,4125.25
7936,2025-09-15,3852.61
7936,2025-09-22,3910.12
7936,2025-09-29,3770.33
7936,2025-10-06,3772.31
7936,2025-10-13,3635.5
7936,2025-10-20,3942.83
7936,2025-10-27,3909.12
7936,2025-11-03,3683.08
7936,2025-11-10,3761.4
7936,2025-11-17,3711.83
7936,2025-11-24,3708.86
7936,2025-12-01,3678.13
7936,2025-12-08,3872.44
7936,2025-12-15,3793.13
7936,2025-12-22,3848.65
7936,2025-12-29,3738.15
7936,2026-01-05,4123.41
7936,2026-01-12,4138.34
7936,2026-01-19,3971.1
7936,2026-01-26,3698.33
7936,2026-02-02,3730.18
7936,2026-02-09,4376.27
7936,2026-02-16,4788.41
7936,2026-02-23,4772.48
7936,2026-03-02,4586.32
7936,2026-03-09,4439.98
7936,2026-03-16,4384.23
7936,2026-03-23,4286.67
7936,2026-03-30,4286.67
7936,2026-04-06,4546.5
7936,2026-04-13,4574.38
7936,2026-04-20,4394.19
7936,2026-04-27,4321.52
7936,2026-05-04,4619.17
7936,2026-05-11,4485.78
7936,2026-05-18,4524.6
7936,2026-05-25,4821.26
7936,2026-06-01,4404.14
7936,2026-06-08,4430.03
7936,2026-06-15,4343.42
7936,2026-06-22,4436.0
7936,2026-06-29,4624.0
7936,2026-07-06,4579.0
7936,2026-07-13,4895.0
7936,2026-07-20,4793.0
7936,2026-07-27,4754.0
7936,2026-08-03,4977.0
7936,2026-08-10,5281.0
7942,2025-08-25,1873.13
7942,2025-09-01,1900.0
7942,2025-09-08,1884.65
7942,2025-09-15,1878.89
7942,2025-09-22,1916.31
7942,2025-09-29,1878.12
7942,2025-10-06,1836.02
7942,2025-10-13,1859.52
7942,2025-10-20,1900.65
7942,2025-10-27,1848.75
7942,2025-11-03,1897.71
7942,2025-11-10,2088.65
7942,2025-11-17,2286.46
7942,2025-11-24,2306.04
7942,2025-12-01,2272.75
7942,2025-12-08,2297.23
7942,2025-12-15,2303.1
7942,2025-12-22,2371.65
7942,2025-12-29,2396.13
7942,2026-01-05,2480.34
7942,2026-01-12,2474.46
7942,2026-01-19,2522.44
7942,2026-01-26,2386.33
7942,2026-02-02,2677.16
7942,2026-02-09,2734.93
7942,2026-02-16,2726.12
7942,2026-02-23,2855.38
7942,2026-03-02,2502.86
7942,2026-03-09,2390.25
7942,2026-03-16,2386.33
7942,2026-03-23,2355.0
7942,2026-03-30,2293.0
7942,2026-04-06,2461.0
7942,2026-04-13,2434.0
7942,2026-04-20,2333.0
7942,2026-04-27,2461.0
7942,2026-05-04,2610.0
7942,2026-05-11,2585.0
7942,2026-05-18,2540.0
7942,2026-05-25,2585.0
7942,2026-06-01,2605.0
7942,2026-06-08,2592.0
7942,2026-06-15,2595.0
7942,2026-06-22,2508.0
7942,2026-06-29,2531.0
7942,2026-07-06,2450.0
7942,2026-07-13,2432.0
7942,2026-07-20,2446.0
7942,2026-07-27,2533.0
7942,2026-08-03,2980.0
7942,2026-08-10,3085.0
7952,2025-08-25,2495.39
7952,2025-09-01,2470.25
7952,2025-09-08,2548.56
7952,2025-09-15,2527.29
7952,2025-09-22,2555.33
7952,2025-09-29,2457.68
7952,2025-10-06,2513.76
7952,2025-10-13,2510.86
7952,2025-10-20,2517.62
7952,2025-10-27,2507.96
7952,2025-11-03,2494.42
7952,2025-11-10,2479.92
7952,2025-11-17,2380.33
7952,2025-11-24,2400.64
7952,2025-12-01,2377.43
7952,2025-12-08,2346.5
7952,2025-12-15,2528.26
7952,2025-12-22,2646.21
7952,2025-12-29,2654.91
7952,2026-01-05,2845.38
7952,2026-01-12,2818.31
7952,2026-01-19,2694.55
7952,2026-01-26,2612.37
7952,2026-02-02,2747.73
7952,2026-02-09,2855.05
7952,2026-02-16,2854.08
7952,2026-02-23,2875.35
7952,2026-03-02,2759.33
7952,2026-03-09,2687.79
7952,2026-03-16,2630.74
7952,2026-03-23,2769.0
7952,2026-03-30,3005.0
7952,2026-04-06,3030.0
7952,2026-04-13,3050.0
7952,2026-04-20,2786.0
7952,2026-04-27,2769.0
7952,2026-05-04,2740.0
7952,2026-05-11,3120.0
7952,2026-05-18,2950.0
7952,2026-05-25,3300.0
7952,2026-06-01,3140.0
7952,2026-06-08,3020.0
7952,2026-06-15,3295.0
7952,2026-06-22,3320.0
7952,2026-06-29,3265.0
7952,2026-07-06,3205.0
7952,2026-07-13,3205.0
7952,2026-07-20,3265.0
7952,2026-07-27,3480.0
7952,2026-08-03,3560.0
7952,2026-08-10,3640.0
7956,2025-08-25,1725.9
7956,2025-09-01,1779.1
7956,2025-09-08,1753.69
7956,2025-09-15,1717.75
7956,2025-09-22,1717.75
7956,2025-09-29,1652.57
7956,2025-10-06,1665.99
7956,2025-10-13,1697.14
7956,2025-10-20,1706.72
7956,2025-10-27,1671.74
7956,2025-11-03,1534.18
7956,2025-11-10,1597.45
7956,2025-11-17,1563.9
7956,2025-11-24,1550.48
7956,2025-12-01,1546.64
7956,2025-12-08,1531.79
7956,2025-12-15,1543.29
7956,2025-12-22,1569.17
7956,2025-12-29,1581.44
7956,2026-01-05,1589.29
7956,2026-01-12,1607.93
7956,2026-01-19,1603.52
7956,2026-01-26,1579.97
7956,2026-02-02,1627.56
7956,2026-02-09,1599.59
7956,2026-02-16,1613.33
7956,2026-02-23,1692.33
7956,2026-03-02,1611.86
7956,2026-03-09,1563.28
7956,2026-03-16,1575.06
7956,2026-03-23,1602.54
7956,2026-03-30,1625.11
7956,2026-04-06,1639.34
7956,2026-04-13,1661.42
7956,2026-04-20,1661.91
7956,2026-04-27,1644.73
7956,2026-05-04,1711.96
7956,2026-05-11,1820.4
7956,2026-05-18,1825.3
7956,2026-05-25,1832.17
7956,2026-06-01,1856.21
7956,2026-06-08,1955.82
7956,2026-06-15,1927.85
7956,2026-06-22,1999.0
7956,2026-06-29,2080.5
7956,2026-07-06,2060.5
7956,2026-07-13,2029.5
7956,2026-07-20,1945.5
7956,2026-07-27,2020.5
7956,2026-08-03,2092.5
7956,2026-08-10,2113.5
8037,2025-08-25,2740.79
8037,2025-09-01,2809.26
8037,2025-09-08,2816.97
8037,2025-09-15,2851.69
8037,2025-09-22,2922.09
8037,2025-09-29,2823.06
8037,2025-10-06,2775.99
8037,2025-10-13,2805.41
8037,2025-10-20,2966.22
8037,2025-10-27,2861.3
8037,2025-11-03,2927.0
8037,2025-11-10,2786.77
8037,2025-11-17,2756.38
8037,2025-11-24,2851.49
8037,2025-12-01,2786.77
8037,2025-12-08,2836.78
8037,2025-12-15,2951.51
8037,2025-12-22,2934.84
8037,2025-12-29,2961.32
8037,2026-01-05,3128.01
8037,2026-01-12,3240.78
8037,2026-01-19,3186.85
8037,2026-01-26,3020.15
8037,2026-02-02,3162.33
8037,2026-02-09,3196.65
8037,2026-02-16,3211.36
8037,2026-02-23,3329.03
8037,2026-03-02,3103.5
8037,2026-03-09,3010.34
8037,2026-03-16,3083.89
8037,2026-03-23,3280.0
8037,2026-03-30,3450.0
8037,2026-04-06,3425.0
8037,2026-04-13,3295.0
8037,2026-04-20,3185.0
8037,2026-04-27,3220.0
8037,2026-05-04,3345.0
8037,2026-05-11,3335.0
8037,2026-05-18,3565.0
8037,2026-05-25,3605.0
8037,2026-06-01,3440.0
8037,2026-06-08,3430.0
8037,2026-06-15,3490.0
8037,2026-06-22,3455.0
8037,2026-06-29,3545.0
8037,2026-07-06,3640.0
8037,2026-07-13,3630.0
8037,2026-07-20,3720.0
8037,2026-07-27,3895.0
8037,2026-08-03,4150.0
8037,2026-08-10,4335.0
8051,2025-08-25,1320.29
8051,2025-09-01,1349.16
8051,2025-09-08,1331.84
8051,2025-09-15,1332.8
8051,2025-09-22,1361.67
8051,2025-09-29,1336.29
8051,2025-10-06,1368.5
8051,2025-10-13,1394.86
8051,2025-10-20,1411.45
8051,2025-10-27,1394.86
8051,2025-11-03,1402.67
8051,2025-11-10,1421.21
8051,2025-11-17,1443.66
8051,2025-11-24,1476.85
8051,2025-12-01,1417.31
8051,2025-12-08,1443.66
8051,2025-12-15,1432.92
8051,2025-12-22,1446.59
8051,2025-12-29,1449.52
8051,2026-01-05,1460.26
8051,2026-01-12,1472.95
8051,2026-01-19,1444.64
8051,2026-01-26,1390.95
8051,2026-02-02,1420.24
8051,2026-02-09,1471.97
8051,2026-02-16,1471.97
8051,2026-02-23,1499.3
8051,2026-03-02,1432.92
8051,2026-03-09,1410.47
8051,2026-03-16,1383.14
8051,2026-03-23,1389.0
8051,2026-03-30,1557.0
8051,2026-04-06,1637.0
8051,2026-04-13,1545.0
8051,2026-04-20,1520.0
8051,2026-04-27,1534.0
8051,2026-05-04,1568.0
8051,2026-05-11,1735.0
8051,2026-05-18,1724.0
8051,2026-05-25,1737.0
8051,2026-06-01,1677.0
8051,2026-06-08,1772.0
8051,2026-06-15,1784.0
8051,2026-06-22,1674.0
8051,2026-06-29,1739.0
8051,2026-07-06,1723.0
8051,2026-07-13,1728.0
8051,2026-07-20,1745.0
8051,2026-07-27,1776.0
8051,2026-08-03,1812.0
8051,2026-08-10,1965.0
8065,2025-08-25,1665.52
8065,2025-09-01,1680.93
8065,2025-09-08,1669.37
8065,2025-09-15,1662.63
8065,2025-09-22,1874.43
8065,2025-09-29,1950.04
8065,2025-10-06,2014.84
8065,2025-10-13,2030.55
8065,2025-10-20,2116.96
8065,2025-10-27,2115.0
8065,2025-11-03,2049.21
8065,2025-11-10,2080.63
8065,2025-11-17,2138.56
8065,2025-11-24,2200.42
8065,2025-12-01,2106.16
8065,2025-12-08,2180.78
8065,2025-12-15,2166.06
8065,2025-12-22,2203.37
8065,2025-12-29,2212.2
8065,2026-01-05,2295.67
8065,2026-01-12,2360.47
8065,2026-01-19,2322.18
8065,2026-01-26,2303.52
8065,2026-02-02,2340.83
8065,2026-02-09,2392.87
8065,2026-02-16,2387.96
8065,2026-02-23,2464.55
8065,2026-03-02,2319.23
8065,2026-03-09,2284.86
8065,2026-03-16,2420.37
8065,2026-03-23,2386.0
8065,2026-03-30,2412.0
8065,2026-04-06,2471.0
8065,2026-04-13,2736.0
8065,2026-04-20,2712.0
8065,2026-04-27,2774.0
8065,2026-05-04,3125.0
8065,2026-05-11,3120.0
8065,2026-05-18,3095.0
8065,2026-05-25,3240.0
8065,2026-06-01,3295.0
8065,2026-06-08,3150.0
8065,2026-06-15,3165.0
8065,2026-06-22,2875.0
8065,2026-06-29,2879.0
8065,2026-07-06,2990.0
8065,2026-07-13,2979.0
8065,2026-07-20,3030.0
8065,2026-07-27,3250.0
8065,2026-08-03,3595.0
8065,2026-08-10,3925.0
8075,2025-08-25,2162.7
8075,2025-09-01,2227.66
8075,2025-09-08,2186.58
8075,2025-09-15,2162.7
8075,2025-09-22,2188.5
8075,2025-09-29,2139.6
8075,2025-10-06,2196.32
8075,2025-10-13,2251.08
8075,2025-10-20,2321.49
8075,2025-10-27,2275.53
8075,2025-11-03,2274.55
8075,2025-11-10,2259.88
8075,2025-11-17,2297.04
8075,2025-11-24,2379.18
8075,2025-12-01,2331.27
8075,2025-12-08,2415.36
8075,2025-12-15,2425.14
8075,2025-12-22,2443.72
8075,2025-12-29,2475.01
8075,2026-01-05,2559.11
8075,2026-01-12,2652.01
8075,2026-01-19,2607.03
8075,2026-01-26,2596.27
8075,2026-02-02,2739.04
8075,2026-02-09,2689.17
8075,2026-02-16,2652.99
8075,2026-02-23,2707.75
8075,2026-03-02,2460.35
8075,2026-03-09,2335.18
8075,2026-03-16,2317.58
8075,2026-03-23,2343.0
8075,2026-03-30,2378.0
8075,2026-04-06,2400.0
8075,2026-04-13,2398.0
8075,2026-04-20,2278.0
8075,2026-04-27,2311.0
8075,2026-05-04,2313.0
8075,2026-05-11,2401.0
8075,2026-05-18,2394.0
8075,2026-05-25,2448.0
8075,2026-06-01,2367.0
8075,2026-06-08,2410.0
8075,2026-06-15,2450.0
8075,2026-06-22,2388.0
8075,2026-06-29,2410.0
8075,2026-07-06,2452.0
8075,2026-07-13,2453.0
8075,2026-07-20,2553.0
8075,2026-07-27,2577.0
8075,2026-08-03,3005.0
8075,2026-08-10,3020.0
8084,2025-08-25,2952.91
8084,2025-09-01,3020.02
8084,2025-09-08,3053.57
8084,2025-09-15,3043.99
8084,2025-09-22,3053.57
8084,2025-09-29,2987.94
8084,2025-10-06,2914.46
8084,2025-10-13,2958.55
8084,2025-10-20,3046.72
8084,2025-10-27,3134.88
8084,2025-11-03,2978.14
8084,2025-11-10,3090.8
8084,2025-11-17,3134.88
8084,2025-11-24,3208.36
8084,2025-12-01,3257.34
8084,2025-12-08,3409.19
8084,2025-12-15,3423.88
8084,2025-12-22,3477.76
8084,2025-12-29,3536.54
8084,2026-01-05,3551.24
8084,2026-01-12,3712.88
8084,2026-01-19,3761.86
8084,2026-01-26,3605.12
8084,2026-02-02,3531.64
8084,2026-02-09,3590.42
8084,2026-02-16,3477.76
8084,2026-02-23,3644.3
8084,2026-03-02,3399.39
8084,2026-03-09,3262.24
8084,2026-03-16,3286.73
8084,2026-03-23,3370.0
8084,2026-03-30,3340.0
8084,2026-04-06,3310.0
8084,2026-04-13,3500.0
8084,2026-04-20,3425.0
8084,2026-04-27,3545.0
8084,2026-05-04,3550.0
8084,2026-05-11,3575.0
8084,2026-05-18,3680.0
8084,2026-05-25,3790.0
8084,2026-06-01,3980.0
8084,2026-06-08,3930.0
8084,2026-06-15,3895.0
8084,2026-06-22,3925.0
8084,2026-06-29,4010.0
8084,2026-07-06,3920.0
8084,2026-07-13,3790.0
8084,2026-07-20,3870.0
8084,2026-07-27,4360.0
8084,2026-08-03,4560.0
8084,2026-08-10,4680.0
8137,2025-08-25,2501.09
8137,2025-09-01,2517.4
8137,2025-09-08,2551.94
8137,2025-09-15,2582.64
8137,2025-09-22,2613.33
8137,2025-09-29,2573.11
8137,2025-10-06,2560.36
8137,2025-10-13,2588.81
8137,2025-10-20,2681.02
8137,2025-10-27,2630.01
8137,2025-11-03,2747.73
8137,2025-11-10,2748.71
8137,2025-11-17,2807.57
8137,2025-11-24,2873.3
8137,2025-12-01,2835.04
8137,2025-12-08,2828.17
8137,2025-12-15,2817.38
8137,2025-12-22,2864.47
8137,2025-12-29,2911.55
8137,2026-01-05,2942.94
8137,2026-01-12,3060.66
8137,2026-01-19,3021.42
8137,2026-01-26,2942.94
8137,2026-02-02,3119.52
8137,2026-02-09,3188.19
8137,2026-02-16,3247.05
8137,2026-02-23,3413.82
8137,2026-03-02,3232.33
8137,2026-03-09,3109.71
8137,2026-03-16,3099.9
8137,2026-03-23,3198.0
8137,2026-03-30,3135.0
8137,2026-04-06,3110.0
8137,2026-04-13,3210.0
8137,2026-04-20,3215.0
8137,2026-04-27,3185.0
8137,2026-05-04,3255.0
8137,2026-05-11,3680.0
8137,2026-05-18,3740.0
8137,2026-05-25,3850.0
8137,2026-06-01,3870.0
8137,2026-06-08,3645.0
8137,2026-06-15,3795.0
8137,2026-06-22,3605.0
8137,2026-06-29,3865.0
8137,2026-07-06,3870.0
8137,2026-07-13,3655.0
8137,2026-07-20,3840.0
8137,2026-07-27,3605.0
8137,2026-08-03,3970.0
8137,2026-08-10,4180.0
8154,2025-08-25,3337.5
8154,2025-09-01,3419.38
8154,2025-09-08,3462.72
8154,2025-09-15,3414.56
8154,2025-09-22,3481.98
8154,2025-09-29,3393.83
8154,2025-10-06,3398.73
8154,2025-10-13,3388.93
8154,2025-10-20,3526.06
8154,2025-10-27,3501.57
8154,2025-11-03,3359.55
8154,2025-11-10,3418.32
8154,2025-11-17,3477.09
8154,2025-11-24,3677.88
8154,2025-12-01,3672.98
8154,2025-12-08,3790.51
8154,2025-12-15,3756.23
8154,2025-12-22,3810.1
8154,2025-12-29,3795.41
8154,2026-01-05,3815.0
8154,2026-01-12,3908.05
8154,2026-01-19,3927.64
8154,2026-01-26,3785.62
8154,2026-02-02,3790.51
8154,2026-02-09,4010.89
8154,2026-02-16,4094.15
8154,2026-02-23,4270.45
8154,2026-03-02,4030.48
8154,2026-03-09,3829.69
8154,2026-03-16,3780.72
8154,2026-03-23,3815.0
8154,2026-03-30,3760.0
8154,2026-04-06,3980.0
8154,2026-04-13,4115.0
8154,2026-04-20,4200.0
8154,2026-04-27,4210.0
8154,2026-05-04,4340.0
8154,2026-05-11,4200.0
8154,2026-05-18,4195.0
8154,2026-05-25,4425.0
8154,2026-06-01,4980.0
8154,2026-06-08,4475.0
8154,2026-06-15,4445.0
8154,2026-06-22,4250.0
8154,2026-06-29,4205.0
8154,2026-07-06,4260.0
8154,2026-07-13,4105.0
8154,2026-07-20,4355.0
8154,2026-07-27,4695.0
8154,2026-08-03,4845.0
8154,2026-08-10,5100.0
8159,2025-08-25,2818.53
8159,2025-09-01,2899.72
8159,2025-09-08,2889.09
8159,2025-09-15,2849.46
8159,2025-09-22,2870.73
8159,2025-09-29,2769.46
8159,2025-10-06,2679.02
8159,2025-10-13,2678.03
8159,2025-10-20,2813.7
8159,2025-10-27,2787.16
8159,2025-11-03,2765.53
8159,2025-11-10,2823.54
8159,2025-11-17,2873.68
8159,2025-11-24,2926.76
8159,2025-12-01,2921.85
8159,2025-12-08,2978.87
8159,2025-12-15,3013.28
8159,2025-12-22,2998.53
8159,2025-12-29,3023.11
8159,2026-01-05,3131.25
8159,2026-01-12,3101.76
8159,2026-01-19,3067.35
8159,2026-01-26,2993.62
8159,2026-02-02,3072.27
8159,2026-02-09,3234.48
8159,2026-02-16,3327.88
8159,2026-02-23,3347.54
8159,2026-03-02,3018.19
8159,2026-03-09,2847.13
8159,2026-03-16,2822.55
8159,2026-03-23,2913.0
8159,2026-03-30,2915.0
8159,2026-04-06,2918.0
8159,2026-04-13,2921.0
8159,2026-04-20,2831.0
8159,2026-04-27,2885.0
8159,2026-05-04,3020.0
8159,2026-05-11,3085.0
8159,2026-05-18,3020.0
8159,2026-05-25,3205.0
8159,2026-06-01,3280.0
8159,2026-06-08,3040.0
8159,2026-06-15,3095.0
8159,2026-06-22,3185.0
8159,2026-06-29,3380.0
8159,2026-07-06,3365.0
8159,2026-07-13,3205.0
8159,2026-07-20,3365.0
8159,2026-07-27,3460.0
8159,2026-08-03,4105.0
8159,2026-08-10,4280.0
8285,2025-08-25,395.11
8285,2025-09-01,412.71
8285,2025-09-08,423.47
8285,2025-09-15,444.98
8285,2025-09-22,444.0
8285,2025-09-29,456.86
8285,2025-10-06,458.84
8285,2025-10-13,458.84
8285,2025-10-20,491.47
8285,2025-10-27,493.45
8285,2025-11-03,503.34
8285,2025-11-10,522.13
8285,2025-11-17,533.0
8285,2025-11-24,539.92
8285,2025-12-01,562.67
8285,2025-12-08,547.84
8285,2025-12-15,554.76
8285,2025-12-22,560.69
8285,2025-12-29,559.7
8285,2026-01-05,565.64
8285,2026-01-12,622.0
8285,2026-01-19,622.99
8285,2026-01-26,595.3
8285,2026-02-02,681.33
8285,2026-02-09,706.06
8285,2026-02-16,697.16
8285,2026-02-23,721.88
8285,2026-03-02,706.06
8285,2026-03-09,711.99
8285,2026-03-16,703.09
8285,2026-03-23,711.0
8285,2026-03-30,745.0
8285,2026-04-06,748.0
8285,2026-04-13,779.0
8285,2026-04-20,783.0
8285,2026-04-27,685.0
8285,2026-05-04,681.0
8285,2026-05-11,695.0
8285,2026-05-18,650.0
8285,2026-05-25,664.0
8285,2026-06-01,637.0
8285,2026-06-08,626.0
8285,2026-06-15,686.0
8285,2026-06-22,701.0
8285,2026-06-29,696.0
8285,2026-07-06,710.0
8285,2026-07-13,661.0
8285,2026-07-20,685.0
8285,2026-07-27,700.0
8285,2026-08-03,737.0
8285,2026-08-10,785.0
8304,2025-08-25,2208.11
8304,2025-09-01,2187.87
8304,2025-09-08,2205.22
8304,2025-09-15,2274.61
8304,2025-09-22,2304.01
8304,2025-09-29,2286.5
8304,2025-10-06,2201.38
8304,2025-10-13,2144.96
8304,2025-10-20,2174.14
8304,2025-10-27,2145.45
8304,2025-11-03,2178.03
8304,2025-11-10,2374.53
8304,2025-11-17,2245.15
8304,2025-11-24,2349.24
8304,2025-12-01,2333.68
8304,2025-12-08,2297.2
8304,2025-12-15,2413.93
8304,2025-12-22,2432.41
8304,2025-12-29,2462.35
8304,2026-01-05,2521.23
8304,2026-01-12,2588.95
8304,2026-01-19,2479.52
8304,2026-01-26,2455.48
8304,2026-02-02,2743.52
8304,2026-02-09,2761.18
8304,2026-02-16,2823.99
8304,2026-02-23,2772.47
8304,2026-03-02,2549.2
8304,2026-03-09,2441.74
8304,2026-03-16,2438.3
8304,2026-03-23,2579.13
8304,2026-03-30,2616.78
8304,2026-04-06,2662.36
8304,2026-04-13,2638.09
8304,2026-04-20,2600.93
8304,2026-04-27,2502.84
8304,2026-05-04,2576.66
8304,2026-05-11,2695.06
8304,2026-05-18,2767.89
8304,2026-05-25,2646.01
8304,2026-06-01,2598.45
8304,2026-06-08,2719.33
8304,2026-06-15,2765.41
8304,2026-06-22,2701.5
8304,2026-06-29,2830.0
8304,2026-07-06,2907.5
8304,2026-07-13,2883.0
8304,2026-07-20,3034.0
8304,2026-07-27,3038.0
8304,2026-08-03,3259.0
8304,2026-08-10,3434.0
8308,2025-08-25,1469.38
8308,2025-09-01,1451.2
8308,2025-09-08,1493.46
8308,2025-09-15,1465.94
8308,2025-09-22,1540.14
8308,2025-09-29,1471.2
8308,2025-10-06,1478.14
8308,2025-10-13,1391.34
8308,2025-10-20,1429.53
8308,2025-10-27,1481.61
8308,2025-11-03,1495.5
8308,2025-11-10,1578.83
8308,2025-11-17,1547.59
8308,2025-11-24,1576.85
8308,2025-12-01,1557.51
8308,2025-12-08,1541.63
8308,2025-12-15,1546.59
8308,2025-12-22,1490.05
8308,2025-12-29,1481.12
8308,2026-01-05,1613.06
8308,2026-01-12,1781.21
8308,2026-01-19,1802.54
8308,2026-01-26,1775.26
8308,2026-02-02,1997.97
8308,2026-02-09,2124.95
8308,2026-02-16,1964.74
8308,2026-02-23,1895.3
8308,2026-03-02,1796.59
8308,2026-03-09,1733.59
8308,2026-03-16,1753.43
8308,2026-03-23,1807.5
8308,2026-03-30,1823.0
8308,2026-04-06,1888.5
8308,2026-04-13,1966.0
8308,2026-04-20,1820.5
8308,2026-04-27,1927.0
8308,2026-05-04,1940.0
8308,2026-05-11,2042.0
8308,2026-05-18,2139.5
8308,2026-05-25,2039.5
8308,2026-06-01,2118.0
8308,2026-06-08,2147.0
8308,2026-06-15,2196.0
8308,2026-06-22,2102.0
8308,2026-06-29,2245.5
8308,2026-07-06,2335.5
8308,2026-07-13,2224.5
8308,2026-07-20,2365.5
8308,2026-07-27,2191.5
8308,2026-08-03,2313.0
8308,2026-08-10,2454.0
8334,2025-08-25,1503.62
8334,2025-09-01,1521.05
8334,2025-09-08,1562.7
8334,2025-09-15,1514.76
8334,2025-09-22,1640.67
8334,2025-09-29,1580.52
8334,2025-10-06,1547.98
8334,2025-10-13,1503.12
8334,2025-10-20,1561.79
8334,2025-10-27,1578.55
8334,2025-11-03,1576.58
8334,2025-11-10,1613.06
8334,2025-11-17,1622.92
8334,2025-11-24,1710.18
8334,2025-12-01,1710.67
8334,2025-12-08,1701.8
8334,2025-12-15,1746.17
8334,2025-12-22,1701.8
8334,2025-12-29,1703.28
8334,2026-01-05,1786.1
8334,2026-01-12,1909.84
8334,2026-01-19,1922.16
8334,2026-01-26,1912.3
8334,2026-02-02,2142.53
8334,2026-02-09,2199.72
8334,2026-02-16,2174.57
8334,2026-02-23,2230.28
8334,2026-03-02,2104.08
8334,2026-03-09,2071.05
8334,2026-03-16,2095.2
8334,2026-03-23,2250.0
8334,2026-03-30,2231.5
8334,2026-04-06,2269.0
8334,2026-04-13,2214.0
8334,2026-04-20,2030.0
8334,2026-04-27,2157.0
8334,2026-05-04,2164.0
8334,2026-05-11,2232.0
8334,2026-05-18,2316.0
8334,2026-05-25,2260.0
8334,2026-06-01,2262.5
8334,2026-06-08,2343.5
8334,2026-06-15,2316.5
8334,2026-06-22,2334.0
8334,2026-06-29,2419.0
8334,2026-07-06,2492.5
8334,2026-07-13,2436.5
8334,2026-07-20,2609.0
8334,2026-07-27,2538.5
8334,2026-08-03,2595.0
8334,2026-08-10,2765.0
8343,2025-08-25,3384.44
8343,2025-09-01,3365.24
8343,2025-09-08,3456.45
8343,2025-09-15,3365.24
8343,2025-09-22,3451.65
8343,2025-09-29,3427.14
8343,2025-10-06,3378.11
8343,2025-10-13,3387.91
8343,2025-10-20,3505.58
8343,2025-10-27,3584.03
8343,2025-11-03,3637.96
8343,2025-11-10,3672.28
8343,2025-11-17,3672.28
8343,2025-11-24,3799.76
8343,2025-12-01,3868.4
8343,2025-12-08,3843.88
8343,2025-12-15,3888.01
8343,2025-12-22,3897.82
8343,2025-12-29,3946.84
8343,2026-01-05,4226.31
8343,2026-01-12,4549.9
8343,2026-01-19,4633.25
8343,2026-01-26,4971.55
8343,2026-02-02,5314.76
8343,2026-02-09,5383.4
8343,2026-02-16,5442.23
8343,2026-02-23,5501.07
8343,2026-03-02,5099.03
8343,2026-03-09,4902.91
8343,2026-03-16,4902.91
8343,2026-03-23,5050.0
8343,2026-03-30,5100.0
8343,2026-04-06,5490.0
8343,2026-04-13,5820.0
8343,2026-04-20,5220.0
8343,2026-04-27,5390.0
8343,2026-05-04,5480.0
8343,2026-05-11,5790.0
8343,2026-05-18,6140.0
8343,2026-05-25,5990.0
8343,2026-06-01,5920.0
8343,2026-06-08,6350.0
8343,2026-06-15,6170.0
8343,2026-06-22,6800.0
8343,2026-06-29,7060.0
8343,2026-07-06,7140.0
8343,2026-07-13,6830.0
8343,2026-07-20,7670.0
8343,2026-07-27,7260.0
8343,2026-08-03,8030.0
8343,2026-08-10,8550.0
8360,2025-08-25,2997.76
8360,2025-09-01,3002.61
8360,2025-09-08,3080.09
8360,2025-09-15,3021.98
8360,2025-09-22,3147.89
8360,2025-09-29,3107.45
8360,2025-10-06,3127.18
8360,2025-10-13,3127.18
8360,2025-10-20,3151.84
8360,2025-10-27,3240.62
8360,2025-11-03,3319.54
8360,2025-11-10,3418.19
8360,2025-11-17,3437.92
8360,2025-11-24,3719.07
8360,2025-12-01,3867.05
8360,2025-12-08,3802.93
8360,2025-12-15,3931.17
8360,2025-12-22,3857.18
8360,2025-12-29,3985.43
8360,2026-01-05,4232.05
8360,2026-01-12,4774.62
8360,2026-01-19,4828.88
8360,2026-01-26,4666.1
8360,2026-02-02,5188.95
8360,2026-02-09,5267.86
8360,2026-02-16,5346.78
8360,2026-02-23,5435.57
8360,2026-03-02,5011.38
8360,2026-03-09,4754.89
8360,2026-03-16,4833.81
8360,2026-03-23,5258.0
8360,2026-03-30,5400.0
8360,2026-04-06,5870.0
8360,2026-04-13,5840.0
8360,2026-04-20,5170.0
8360,2026-04-27,5390.0
8360,2026-05-04,5370.0
8360,2026-05-11,5990.0
8360,2026-05-18,5970.0
8360,2026-05-25,5870.0
8360,2026-06-01,5920.0
8360,2026-06-08,6120.0
8360,2026-06-15,5800.0
8360,2026-06-22,6150.0
8360,2026-06-29,6480.0
8360,2026-07-06,6510.0
8360,2026-07-13,6190.0
8360,2026-07-20,7090.0
8360,2026-07-27,6440.0
8360,2026-08-03,7070.0
8360,2026-08-10,7480.0
8364,2025-08-25,1845.97
8364,2025-09-01,1906.36
8364,2025-09-08,2030.08
8364,2025-09-15,1956.05
8364,2025-09-22,2019.36
8364,2025-09-29,1991.69
8364,2025-10-06,1976.86
8364,2025-10-13,1982.79
8364,2025-10-20,1989.71
8364,2025-10-27,1991.69
8364,2025-11-03,2032.21
8364,2025-11-10,2008.49
8364,2025-11-17,2076.69
8364,2025-11-24,2164.66
8364,2025-12-01,2132.04
8364,2025-12-08,2172.57
8364,2025-12-15,2214.08
8364,2025-12-22,2429.56
8364,2025-12-29,2402.87
8364,2026-01-05,2481.95
8364,2026-01-12,2535.32
8364,2026-01-19,2498.75
8364,2026-01-26,2480.96
8364,2026-02-02,2740.92
8364,2026-02-09,2761.67
8364,2026-02-16,2817.03
8364,2026-02-23,2891.16
8364,2026-03-02,2734.0
8364,2026-03-09,2531.37
8364,2026-03-16,2520.5
8364,2026-03-23,2563.0
8364,2026-03-30,2502.0
8364,2026-04-06,2509.0
8364,2026-04-13,2586.0
8364,2026-04-20,2514.0
8364,2026-04-27,2512.0
8364,2026-05-04,2606.0
8364,2026-05-11,2645.0
8364,2026-05-18,2546.0
8364,2026-05-25,2499.0
8364,2026-06-01,2427.0
8364,2026-06-08,2440.0
8364,2026-06-15,2459.0
8364,2026-06-22,2350.0
8364,2026-06-29,2480.0
8364,2026-07-06,2636.0
8364,2026-07-13,2491.0
8364,2026-07-20,2787.0
8364,2026-07-27,2681.0
8364,2026-08-03,2793.0
8364,2026-08-10,3075.0
8377,2025-08-25,3664.65
8377,2025-09-01,3647.05
8377,2025-09-08,3781.0
8377,2025-09-15,3649.98
8377,2025-09-22,3799.58
8377,2025-09-29,3686.81
8377,2025-10-06,3647.24
8377,2025-10-13,3480.07
8377,2025-10-20,3549.31
8377,2025-10-27,3738.25
8377,2025-11-03,4071.62
8377,2025-11-10,4165.59
8377,2025-11-17,4352.55
8377,2025-11-24,4393.11
8377,2025-12-01,4414.88
8377,2025-12-08,4395.09
8377,2025-12-15,4517.75
8377,2025-12-22,4565.24
8377,2025-12-29,4540.51
8377,2026-01-05,4915.42
8377,2026-01-12,5325.94
8377,2026-01-19,5298.25
8377,2026-01-26,5242.85
8377,2026-02-02,5832.42
8377,2026-02-09,6136.11
8377,2026-02-16,6163.81
8377,2026-02-23,6183.6
8377,2026-03-02,5965.97
8377,2026-03-09,5686.02
8377,2026-03-16,5693.93
8377,2026-03-23,5963.0
8377,2026-03-30,6203.0
8377,2026-04-06,6271.0
8377,2026-04-13,6301.0
8377,2026-04-20,5602.0
8377,2026-04-27,5939.0
8377,2026-05-04,6077.0
8377,2026-05-11,6454.0
8377,2026-05-18,6787.0
8377,2026-05-25,6456.0
8377,2026-06-01,6429.0
8377,2026-06-08,6505.0
8377,2026-06-15,6415.0
8377,2026-06-22,6703.0
8377,2026-06-29,7270.0
8377,2026-07-06,7510.0
8377,2026-07-13,6966.0
8377,2026-07-20,7714.0
8377,2026-07-27,7469.0
8377,2026-08-03,8053.0
8377,2026-08-10,8592.0
8381,2025-08-25,1297.68
8381,2025-09-01,1310.19
8381,2025-09-08,1318.85
8381,2025-09-15,1321.74
8381,2025-09-22,1371.8
8381,2025-09-29,1304.05
8381,2025-10-06,1302.08
8381,2025-10-13,1290.3
8381,2025-10-20,1320.74
8381,2025-10-27,1330.56
8381,2025-11-03,1336.45
8381,2025-11-10,1376.71
8381,2025-11-17,1374.75
8381,2025-11-24,1426.79
8381,2025-12-01,1430.72
8381,2025-12-08,1425.81
8381,2025-12-15,1451.34
8381,2025-12-22,1435.63
8381,2025-12-29,1462.14
8381,2026-01-05,1547.57
8381,2026-01-12,1596.67
8381,2026-01-19,1583.9
8381,2026-01-26,1549.54
8381,2026-02-02,1655.59
8381,2026-02-09,1720.4
8381,2026-02-16,1732.18
8381,2026-02-23,1738.07
8381,2026-03-02,1561.32
8381,2026-03-09,1660.5
8381,2026-03-16,1609.44
8381,2026-03-23,1742.0
8381,2026-03-30,1863.0
8381,2026-04-06,1985.0
8381,2026-04-13,1998.0
8381,2026-04-20,1793.0
8381,2026-04-27,1866.0
8381,2026-05-04,1887.0
8381,2026-05-11,1969.0
8381,2026-05-18,2113.0
8381,2026-05-25,2063.0
8381,2026-06-01,2094.0
8381,2026-06-08,2159.0
8381,2026-06-15,2186.0
8381,2026-06-22,2227.0
8381,2026-06-29,2391.0
8381,2026-07-06,2428.0
8381,2026-07-13,2341.0
8381,2026-07-20,2511.0
8381,2026-07-27,2336.0
8381,2026-08-03,2504.0
8381,2026-08-10,2631.0
8399,2025-08-25,1266.98
8399,2025-09-01,1301.4
8399,2025-09-08,1372.16
8399,2025-09-15,1370.25
8399,2025-09-22,1416.15
8399,2025-09-29,1408.35
8399,2025-10-06,1380.11
8399,2025-10-13,1369.39
8399,2025-10-20,1530.1
8399,2025-10-27,1465.82
8399,2025-11-03,1480.43
8399,2025-11-10,1538.86
8399,2025-11-17,1571.98
8399,2025-11-24,1758.01
8399,2025-12-01,1728.79
8399,2025-12-08,1712.23
8399,2025-12-15,1784.3
8399,2025-12-22,1785.28
8399,2025-12-29,1801.84
8399,2026-01-05,1956.7
8399,2026-01-12,2101.82
8399,2026-01-19,2216.74
8399,2026-01-26,2142.72
8399,2026-02-02,2327.78
8399,2026-02-09,2402.77
8399,2026-02-16,2397.9
8399,2026-02-23,2389.14
8399,2026-03-02,2267.39
8399,2026-03-09,2210.9
8399,2026-03-16,2216.74
8399,2026-03-23,2282.0
8399,2026-03-30,2304.0
8399,2026-04-06,2409.0
8399,2026-04-13,2513.0
8399,2026-04-20,2455.0
8399,2026-04-27,2499.0
8399,2026-05-04,2466.0
8399,2026-05-11,2577.0
8399,2026-05-18,2603.0
8399,2026-05-25,2506.0
8399,2026-06-01,2461.0
8399,2026-06-08,2579.0
8399,2026-06-15,2478.0
8399,2026-06-22,2541.0
8399,2026-06-29,2651.0
8399,2026-07-06,2755.0
8399,2026-07-13,2729.0
8399,2026-07-20,2999.0
8399,2026-07-27,2943.0
8399,2026-08-03,3095.0
8399,2026-08-10,3295.0
8508,2025-08-25,428.24
8508,2025-09-01,431.14
8508,2025-09-08,437.89
8508,2025-09-15,422.46
8508,2025-09-22,433.06
8508,2025-09-29,417.63
8508,2025-10-06,416.67
8508,2025-10-13,404.13
8508,2025-10-20,407.99
8508,2025-10-27,391.59
8508,2025-11-03,402.2
8508,2025-11-10,414.74
8508,2025-11-17,410.88
8508,2025-11-24,416.67
8508,2025-12-01,406.06
8508,2025-12-08,417.63
8508,2025-12-15,446.57
8508,2025-12-22,462.0
8508,2025-12-29,477.0
8508,2026-01-05,484.0
8508,2026-01-12,498.0
8508,2026-01-19,495.0
8508,2026-01-26,488.0
8508,2026-02-02,468.0
8508,2026-02-09,476.0
8508,2026-02-16,520.0
8508,2026-02-23,539.0
8508,2026-03-02,558.0
8508,2026-03-09,560.0
8508,2026-03-16,549.0
8508,2026-03-23,548.0
8508,2026-03-30,566.0
8508,2026-04-06,609.0
8508,2026-04-13,616.0
8508,2026-04-20,609.0
8508,2026-04-27,662.0
8508,2026-05-04,681.0
8508,2026-05-11,708.0
8508,2026-05-18,797.0
8508,2026-05-25,761.0
8508,2026-06-01,724.0
8508,2026-06-08,715.0
8508,2026-06-15,764.0
8508,2026-06-22,807.0
8508,2026-06-29,818.0
8508,2026-07-06,822.0
8508,2026-07-13,841.0
8508,2026-07-20,833.0
8508,2026-07-27,817.0
8508,2026-08-03,885.0
8508,2026-08-10,895.0
8537,2025-08-25,1747.17
8537,2025-09-01,1730.88
8537,2025-09-08,1706.92
8537,2025-09-15,1635.04
8537,2025-09-22,1690.63
8537,2025-09-29,1663.25
8537,2025-10-06,1645.65
8537,2025-10-13,1629.02
8537,2025-10-20,1693.56
8537,2025-10-27,1706.27
8537,2025-11-03,1685.74
8537,2025-11-10,1684.76
8537,2025-11-17,1674.98
8537,2025-11-24,1811.87
8537,2025-12-01,1912.59
8537,2025-12-08,1908.68
8537,2025-12-15,1909.65
8537,2025-12-22,2043.61
8537,2025-12-29,2023.08
8537,2026-01-05,2275.35
8537,2026-01-12,2406.38
8537,2026-01-19,2436.69
8537,2026-01-26,2316.42
8537,2026-02-02,2461.14
8537,2026-02-09,2546.2
8537,2026-02-16,2829.77
8537,2026-02-23,2832.7
8537,2026-03-02,2576.52
8537,2026-03-09,2447.45
8537,2026-03-16,2417.13
8537,2026-03-23,2379.0
8537,2026-03-30,2375.0
8537,2026-04-06,2539.0
8537,2026-04-13,2617.0
8537,2026-04-20,2393.0
8537,2026-04-27,2506.0
8537,2026-05-04,2592.0
8537,2026-05-11,2740.0
8537,2026-05-18,2981.0
8537,2026-05-25,2834.0
8537,2026-06-01,2807.0
8537,2026-06-08,2841.0
8537,2026-06-15,2721.0
8537,2026-06-22,2740.0
8537,2026-06-29,2843.0
8537,2026-07-06,2721.0
8537,2026-07-13,2633.0
8537,2026-07-20,2889.0
8537,2026-07-27,2592.0
8537,2026-08-03,2695.0
8537,2026-08-10,2945.0
8541,2025-08-25,1169.32
8541,2025-09-01,1186.76
8541,2025-09-08,1189.67
8541,2025-09-15,1159.63
8541,2025-09-22,1195.48
8541,2025-09-29,1162.08
8541,2025-10-06,1133.59
8541,2025-10-13,1135.56
8541,2025-10-20,1202.36
8541,2025-10-27,1227.9
8541,2025-11-03,1227.9
8541,2025-11-10,1234.77
8541,2025-11-17,1242.63
8541,2025-11-24,1293.71
8541,2025-12-01,1341.85
8541,2025-12-08,1369.35
8541,2025-12-15,1382.12
8541,2025-12-22,1443.02
8541,2025-12-29,1463.65
8541,2026-01-05,1541.26
8541,2026-01-12,1639.49
8541,2026-01-19,1710.21
8541,2026-01-26,1667.97
8541,2026-02-02,1786.83
8541,2026-02-09,1918.47
8541,2026-02-16,1874.26
8541,2026-02-23,1859.53
8541,2026-03-02,1705.3
8541,2026-03-09,1587.42
8541,2026-03-16,1553.04
8541,2026-03-23,1611.0
8541,2026-03-30,1609.0
8541,2026-04-06,1721.0
8541,2026-04-13,1836.0
8541,2026-04-20,1722.0
8541,2026-04-27,1790.0
8541,2026-05-04,1857.0
8541,2026-05-11,1913.0
8541,2026-05-18,1984.0
8541,2026-05-25,1934.0
8541,2026-06-01,1992.0
8541,2026-06-08,2044.0
8541,2026-06-15,1945.0
8541,2026-06-22,2053.0
8541,2026-06-29,2210.0
8541,2026-07-06,2239.0
8541,2026-07-13,2317.0
8541,2026-07-20,2794.0
8541,2026-07-27,2781.0
8541,2026-08-03,2853.0
8541,2026-08-10,3065.0
8542,2025-08-25,1359.87
8542,2025-09-01,1346.34
8542,2025-09-08,1330.88
8542,2025-09-15,1293.18
8542,2025-09-22,1309.61
8542,2025-09-29,1300.75
8542,2025-10-06,1310.6
8542,2025-10-13,1308.63
8542,2025-10-20,1334.23
8542,2025-10-27,1359.83
8542,2025-11-03,1392.33
8542,2025-11-10,1387.4
8542,2025-11-17,1370.66
8542,2025-11-24,1414.97
8542,2025-12-01,1440.58
8542,2025-12-08,1463.22
8542,2025-12-15,1451.41
8542,2025-12-22,1469.13
8542,2025-12-29,1463.22
8542,2026-01-05,1528.21
8542,2026-01-12,1586.31
8542,2026-01-19,1610.92
8542,2026-01-26,1584.34
8542,2026-02-02,1788.16
8542,2026-02-09,1791.12
8542,2026-02-16,1746.81
8542,2026-02-23,1712.34
8542,2026-03-02,1632.59
8542,2026-03-09,1601.08
8542,2026-03-16,1576.46
8542,2026-03-23,1606.0
8542,2026-03-30,1586.0
8542,2026-04-06,1610.0
8542,2026-04-13,1641.0
8542,2026-04-20,1553.0
8542,2026-04-27,1546.0
8542,2026-05-04,1568.0
8542,2026-05-11,1520.0
8542,2026-05-18,1525.0
8542,2026-05-25,1490.0
8542,2026-06-01,1445.0
8542,2026-06-08,1481.0
8542,2026-06-15,1497.0
8542,2026-06-22,1487.0
8542,2026-06-29,1514.0
8542,2026-07-06,1529.0
8542,2026-07-13,1500.0
8542,2026-07-20,1621.0
8542,2026-07-27,1638.0
8542,2026-08-03,1759.0
8542,2026-08-10,1895.0
8622,2025-08-25,516.86
8622,2025-09-01,520.61
8622,2025-09-08,515.93
8622,2025-09-15,535.59
8622,2025-09-22,539.33
8622,2025-09-29,507.61
8622,2025-10-06,509.53
8622,2025-10-13,510.49
8622,2025-10-20,504.72
8622,2025-10-27,493.19
8622,2025-11-03,494.15
8622,2025-11-10,508.57
8622,2025-11-17,507.61
8622,2025-11-24,515.3
8622,2025-12-01,510.49
8622,2025-12-08,524.91
8622,2025-12-15,521.07
8622,2025-12-22,541.26
8622,2025-12-29,532.6
8622,2026-01-05,547.99
8622,2026-01-12,576.83
8622,2026-01-19,577.79
8622,2026-01-26,577.79
8622,2026-02-02,593.17
8622,2026-02-09,606.63
8622,2026-02-16,605.67
8622,2026-02-23,657.58
8622,2026-03-02,691.23
8622,2026-03-09,703.73
8622,2026-03-16,704.69
8622,2026-03-23,697.0
8622,2026-03-30,707.0
8622,2026-04-06,709.0
8622,2026-04-13,715.0
8622,2026-04-20,667.0
8622,2026-04-27,652.0
8622,2026-05-04,653.0
8622,2026-05-11,652.0
8622,2026-05-18,652.0
8622,2026-05-25,632.0
8622,2026-06-01,639.0
8622,2026-06-08,658.0
8622,2026-06-15,658.0
8622,2026-06-22,657.0
8622,2026-06-29,672.0
8622,2026-07-06,697.0
8622,2026-07-13,713.0
8622,2026-07-20,780.0
8622,2026-07-27,815.0
8622,2026-08-03,849.0
8622,2026-08-10,862.0
8713,2025-08-25,1523.41
8713,2025-09-01,1534.91
8713,2025-09-08,1579.01
8713,2025-09-15,1551.21
8713,2025-09-22,1594.35
8713,2025-09-29,1544.82
8713,2025-10-06,1520.3
8713,2025-10-13,1524.22
8713,2025-10-20,1556.59
8713,2025-10-27,1623.29
8713,2025-11-03,1628.19
8713,2025-11-10,1636.04
8713,2025-11-17,1672.33
8713,2025-11-24,1715.49
8713,2025-12-01,1738.04
8713,2025-12-08,1756.68
8713,2025-12-15,1800.82
8713,2025-12-22,1835.15
8713,2025-12-29,1865.55
8713,2026-01-05,1984.24
8713,2026-01-12,2041.12
8713,2026-01-19,2022.49
8713,2026-01-26,1963.64
8713,2026-02-02,2131.36
8713,2026-02-09,2156.86
8713,2026-02-16,2142.15
8713,2026-02-23,2148.04
8713,2026-03-02,1959.71
8713,2026-03-09,1890.07
8713,2026-03-16,1873.4
8713,2026-03-23,1919.5
8713,2026-03-30,1909.0
8713,2026-04-06,1942.0
8713,2026-04-13,2023.0
8713,2026-04-20,1892.0
8713,2026-04-27,1916.0
8713,2026-05-04,1986.0
8713,2026-05-11,1944.0
8713,2026-05-18,2011.0
8713,2026-05-25,1944.0
8713,2026-06-01,1956.0
8713,2026-06-08,2038.0
8713,2026-06-15,1953.0
8713,2026-06-22,1910.0
8713,2026-06-29,2005.0
8713,2026-07-06,2034.0
8713,2026-07-13,2010.0
8713,2026-07-20,2132.0
8713,2026-07-27,2160.0
8713,2026-08-03,2454.0
8713,2026-08-10,2630.0
8725,2025-08-25,3317.05
8725,2025-09-01,3349.63
8725,2025-09-08,3345.8
8725,2025-09-15,3267.23
8725,2025-09-22,3270.11
8725,2025-09-29,3209.81
8725,2025-10-06,3302.95
8725,2025-10-13,3194.13
8725,2025-10-20,3197.07
8725,2025-10-27,3123.54
8725,2025-11-03,3137.26
8725,2025-11-10,3280.4
8725,2025-11-17,3366.67
8725,2025-11-24,3397.07
8725,2025-12-01,3450.99
8725,2025-12-08,3644.13
8725,2025-12-15,3677.46
8725,2025-12-22,3554.91
8725,2025-12-29,3610.79
8725,2026-01-05,3775.5
8725,2026-01-12,3977.46
8725,2026-01-19,3901.97
8725,2026-01-26,3854.91
8725,2026-02-02,4077.46
8725,2026-02-09,4107.85
8725,2026-02-16,4235.3
8725,2026-02-23,4290.21
8725,2026-03-02,4041.19
8725,2026-03-09,3912.75
8725,2026-03-16,3949.03
8725,2026-03-23,4125.5
8725,2026-03-30,4136.0
8725,2026-04-06,4077.0
8725,2026-04-13,4055.0
8725,2026-04-20,3946.0
8725,2026-04-27,3996.0
8725,2026-05-04,3978.0
8725,2026-05-11,4391.0
8725,2026-05-18,4245.0
8725,2026-05-25,4287.0
8725,2026-06-01,4325.0
8725,2026-06-08,4597.0
8725,2026-06-15,4551.0
8725,2026-06-22,4241.0
8725,2026-06-29,4454.0
8725,2026-07-06,4428.0
8725,2026-07-13,4483.0
8725,2026-07-20,4898.0
8725,2026-07-27,4924.0
8725,2026-08-03,4850.0
8725,2026-08-10,4836.0
8897,2025-08-25,373.92
8897,2025-09-01,377.71
8897,2025-09-08,379.61
8897,2025-09-15,376.76
8897,2025-09-22,381.51
8897,2025-09-29,369.98
8897,2025-10-06,367.09
8897,2025-10-13,371.9
8897,2025-10-20,369.98
8897,2025-10-27,365.17
8897,2025-11-03,369.01
8897,2025-11-10,370.94
8897,2025-11-17,369.98
8897,2025-11-24,371.9
8897,2025-12-01,360.37
8897,2025-12-08,362.29
8897,2025-12-15,366.13
8897,2025-12-22,370.94
8897,2025-12-29,371.9
8897,2026-01-05,380.55
8897,2026-01-12,384.39
8897,2026-01-19,377.66
8897,2026-01-26,378.62
8897,2026-02-02,382.47
8897,2026-02-09,397.84
8897,2026-02-16,394.96
8897,2026-02-23,406.49
8897,2026-03-02,397.84
8897,2026-03-09,392.08
8897,2026-03-16,391.12
8897,2026-03-23,394.0
8897,2026-03-30,421.0
8897,2026-04-06,426.0
8897,2026-04-13,424.0
8897,2026-04-20,401.0
8897,2026-04-27,398.0
8897,2026-05-04,401.0
8897,2026-05-11,394.0
8897,2026-05-18,422.0
8897,2026-05-25,414.0
8897,2026-06-01,410.0
8897,2026-06-08,411.0
8897,2026-06-15,404.0
8897,2026-06-22,401.0
8897,2026-06-29,404.0
8897,2026-07-06,411.0
8897,2026-07-13,411.0
8897,2026-07-20,410.0
8897,2026-07-27,411.0
8897,2026-08-03,411.0
8897,2026-08-10,459.0
8935,2025-08-25,1392.79
8935,2025-09-01,1562.69
8935,2025-09-08,1536.77
8935,2025-09-15,1520.45
8935,2025-09-22,1553.09
8935,2025-09-29,1493.51
8935,2025-10-06,1458.34
8935,2025-10-13,1473.97
8935,2025-10-20,1536.49
8935,2025-10-27,1474.95
8935,2025-11-03,1383.13
8935,2025-11-10,1418.29
8935,2025-11-17,1446.62
8935,2025-11-24,1433.92
8935,2025-12-01,1368.48
8935,2025-12-08,1359.69
8935,2025-12-15,1374.34
8935,2025-12-22,1411.46
8935,2025-12-29,1414.39
8935,2026-01-05,1468.11
8935,2026-01-12,1507.18
8935,2026-01-19,1469.09
8935,2026-01-26,1430.99
8935,2026-02-02,1666.4
8935,2026-02-09,1780.68
8935,2026-02-16,1829.52
8935,2026-02-23,1902.78
8935,2026-03-02,1771.89
8935,2026-03-09,1680.07
8935,2026-03-16,1636.12
8935,2026-03-23,1599.0
8935,2026-03-30,1591.0
8935,2026-04-06,1615.0
8935,2026-04-13,1546.0
8935,2026-04-20,1504.0
8935,2026-04-27,1489.0
8935,2026-05-04,1484.0
8935,2026-05-11,1703.0
8935,2026-05-18,1798.0
8935,2026-05-25,1867.0
8935,2026-06-01,1786.0
8935,2026-06-08,1752.0
8935,2026-06-15,1756.0
8935,2026-06-22,1749.0
8935,2026-06-29,1788.0
8935,2026-07-06,1826.0
8935,2026-07-13,1781.0
8935,2026-07-20,1832.0
8935,2026-07-27,1910.0
8935,2026-08-03,1922.0
8935,2026-08-10,2024.0
9076,2025-08-25,2201.99
9076,2025-09-01,2205.82
9076,2025-09-08,2183.8
9076,2025-09-15,2134.49
9076,2025-09-22,2171.83
9076,2025-09-29,2086.93
9076,2025-10-06,2108.4
9076,2025-10-13,2116.69
9076,2025-10-20,2154.75
9076,2025-10-27,2125.48
9076,2025-11-03,2129.87
9076,2025-11-10,2164.02
9076,2025-11-17,2175.73
9076,2025-11-24,2199.16
9076,2025-12-01,2220.63
9076,2025-12-08,2275.27
9076,2025-12-15,2291.86
9076,2025-12-22,2291.86
9076,2025-12-29,2299.18
9076,2026-01-05,2342.12
9076,2026-01-12,2350.91
9076,2026-01-19,2394.82
9076,2026-01-26,2349.93
9076,2026-02-02,2411.9
9076,2026-02-09,2458.74
9076,2026-02-16,2543.64
9076,2026-02-23,2601.22
9076,2026-03-02,2545.11
9076,2026-03-09,2433.86
9076,2026-03-16,2396.77
9076,2026-03-23,2468.5
9076,2026-03-30,2491.5
9076,2026-04-06,2507.0
9076,2026-04-13,2476.0
9076,2026-04-20,2451.5
9076,2026-04-27,2391.5
9076,2026-05-04,2442.5
9076,2026-05-11,2547.0
9076,2026-05-18,2569.0
9076,2026-05-25,2724.0
9076,2026-06-01,2685.5
9076,2026-06-08,2709.0
9076,2026-06-15,2619.0
9076,2026-06-22,2619.5
9076,2026-06-29,2646.5
9076,2026-07-06,2652.5
9076,2026-07-13,2704.5
9076,2026-07-20,2705.5
9076,2026-07-27,2634.0
9076,2026-08-03,2692.0
9076,2026-08-10,2776.0
9101,2025-08-25,5116.22
9101,2025-09-01,5295.62
9101,2025-09-08,5311.93
9101,2025-09-15,5223.67
9101,2025-09-22,5116.22
9101,2025-09-29,4951.5
9101,2025-10-06,4880.91
9101,2025-10-13,4951.5
9101,2025-10-20,5107.4
9101,2025-10-27,5227.02
9101,2025-11-03,4931.89
9101,2025-11-10,4876.98
9101,2025-11-17,4855.41
9101,2025-11-24,4853.45
9101,2025-12-01,4736.77
9101,2025-12-08,4852.47
9101,2025-12-15,4802.47
9101,2025-12-22,4926.99
9101,2025-12-29,4978.96
9101,2026-01-05,5171.13
9101,2026-01-12,5049.55
9101,2026-01-19,4923.07
9101,2026-01-26,4973.07
9101,2026-02-02,4952.48
9101,2026-02-09,4950.52
9101,2026-02-16,5113.28
9101,2026-02-23,5264.28
9101,2026-03-02,5432.92
9101,2026-03-09,5529.99
9101,2026-03-16,6020.24
9101,2026-03-23,5781.0
9101,2026-03-30,6164.0
9101,2026-04-06,6163.0
9101,2026-04-13,6096.0
9101,2026-04-20,5874.0
9101,2026-04-27,5629.0
9101,2026-05-04,5571.0
9101,2026-05-11,5498.0
9101,2026-05-18,5391.0
9101,2026-05-25,5313.0
9101,2026-06-01,5609.0
9101,2026-06-08,5630.0
9101,2026-06-15,5152.0
9101,2026-06-22,5265.0
9101,2026-06-29,5211.0
9101,2026-07-06,5286.0
9101,2026-07-13,5706.0
9101,2026-07-20,5946.0
9101,2026-07-27,6110.0
9101,2026-08-03,6115.0
9101,2026-08-10,6400.0
9107,2025-08-25,2159.94
9107,2025-09-01,2207.07
9107,2025-09-08,2219.45
9107,2025-09-15,2172.79
9107,2025-09-22,2133.28
9107,2025-09-29,2024.19
9107,2025-10-06,1975.76
9107,2025-10-13,2055.99
9107,2025-10-20,2117.13
9107,2025-10-27,2165.07
9107,2025-11-03,2072.13
9107,2025-11-10,2063.33
9107,2025-11-17,2044.74
9107,2025-11-24,2033.49
9107,2025-12-01,2035.93
9107,2025-12-08,2100.01
9107,2025-12-15,2055.5
9107,2025-12-22,2110.78
9107,2025-12-29,2133.77
9107,2026-01-05,2234.54
9107,2026-01-12,2154.31
9107,2026-01-19,2164.58
9107,2026-01-26,2180.73
9107,2026-02-02,2290.3
9107,2026-02-09,2268.29
9107,2026-02-16,2353.4
9107,2026-02-23,2458.58
9107,2026-03-02,2551.03
9107,2026-03-09,2586.25
9107,2026-03-16,2720.77
9107,2026-03-23,2710.5
9107,2026-03-30,2698.0
9107,2026-04-06,2661.0
9107,2026-04-13,2659.5
9107,2026-04-20,2544.0
9107,2026-04-27,2503.5
9107,2026-05-04,2503.0
9107,2026-05-11,2522.5
9107,2026-05-18,2511.0
9107,2026-05-25,2520.0
9107,2026-06-01,2701.5
9107,2026-06-08,2622.5
9107,2026-06-15,2476.0
9107,2026-06-22,2459.0
9107,2026-06-29,2543.5
9107,2026-07-06,2526.5
9107,2026-07-13,2723.5
9107,2026-07-20,2806.0
9107,2026-07-27,2850.0
9107,2026-08-03,2855.0
9107,2026-08-10,3030.0
9251,2025-08-25,944.18
9251,2025-09-01,948.0
9251,2025-09-08,953.73
9251,2025-09-15,1179.99
9251,2025-09-22,1305.05
9251,2025-09-29,1273.55
9251,2025-10-06,1247.77
9251,2025-10-13,1240.13
9251,2025-10-20,1256.36
9251,2025-10-27,1097.0
9251,2025-11-03,1067.0
9251,2025-11-10,1092.0
9251,2025-11-17,1087.0
9251,2025-11-24,1112.0
9251,2025-12-01,1100.0
9251,2025-12-08,1102.0
9251,2025-12-15,1155.0
9251,2025-12-22,1183.0
9251,2025-12-29,1204.0
9251,2026-01-05,1233.0
9251,2026-01-12,1209.0
9251,2026-01-19,1207.0
9251,2026-01-26,1208.0
9251,2026-02-02,1206.0
9251,2026-02-09,1223.0
9251,2026-02-16,1250.0
9251,2026-02-23,1275.0
9251,2026-03-02,1278.0
9251,2026-03-09,1255.0
9251,2026-03-16,1274.0
9251,2026-03-23,1258.0
9251,2026-03-30,1240.0
9251,2026-04-06,1219.0
9251,2026-04-13,1216.0
9251,2026-04-20,1201.0
9251,2026-04-27,1202.0
9251,2026-05-04,1208.0
9251,2026-05-11,1196.0
9251,2026-05-18,1202.0
9251,2026-05-25,1205.0
9251,2026-06-01,1211.0
9251,2026-06-08,1204.0
9251,2026-06-15,1254.0
9251,2026-06-22,1276.0
9251,2026-06-29,1326.0
9251,2026-07-06,1324.0
9251,2026-07-13,1340.0
9251,2026-07-20,1332.0
9251,2026-07-27,1367.0
9251,2026-08-03,1383.0
9251,2026-08-10,1402.0
9308,2025-08-25,1601.72
9308,2025-09-01,1626.56
9308,2025-09-08,1598.74
9308,2025-09-15,1603.7
9308,2025-09-22,1660.34
9308,2025-09-29,1625.5
9308,2025-10-06,1592.65
9308,2025-10-13,1568.76
9308,2025-10-20,1599.62
9308,2025-10-27,1559.8
9308,2025-11-03,1550.84
9308,2025-11-10,1415.47
9308,2025-11-17,1391.58
9308,2025-11-24,1451.3
9308,2025-12-01,1452.3
9308,2025-12-08,1356.74
9308,2025-12-15,1340.81
9308,2025-12-22,1361.72
9308,2025-12-29,1365.7
9308,2026-01-05,1380.63
9308,2026-01-12,1365.7
9308,2026-01-19,1328.87
9308,2026-01-26,1289.05
9308,2026-02-02,1287.06
9308,2026-02-09,1500.08
9308,2026-02-16,1538.9
9308,2026-02-23,1640.43
9308,2026-03-02,1631.47
9308,2026-03-09,1598.62
9308,2026-03-16,1589.67
9308,2026-03-23,1502.07
9308,2026-03-30,1535.0
9308,2026-04-06,1541.0
9308,2026-04-13,1593.0
9308,2026-04-20,1452.0
9308,2026-04-27,1516.0
9308,2026-05-04,1531.0
9308,2026-05-11,1614.0
9308,2026-05-18,1554.0
9308,2026-05-25,1618.0
9308,2026-06-01,1542.0
9308,2026-06-08,1529.0
9308,2026-06-15,1505.0
9308,2026-06-22,1440.0
9308,2026-06-29,1467.0
9308,2026-07-06,1588.0
9308,2026-07-13,1656.0
9308,2026-07-20,1736.0
9308,2026-07-27,1890.0
9308,2026-08-03,1936.0
9308,2026-08-10,2059.0
9344,2025-08-25,802.31
9344,2025-09-01,798.46
9344,2025-09-08,816.76
9344,2025-09-15,833.13
9344,2025-09-22,850.47
9344,2025-09-29,842.76
9344,2025-10-06,864.92
9344,2025-10-13,818.68
9344,2025-10-20,855.28
9344,2025-10-27,856.25
9344,2025-11-03,837.95
9344,2025-11-10,829.28
9344,2025-11-17,858.17
9344,2025-11-24,890.92
9344,2025-12-01,895.74
9344,2025-12-08,897.66
9344,2025-12-15,920.78
9344,2025-12-22,907.29
9344,2025-12-29,884.18
9344,2026-01-05,877.44
9344,2026-01-12,887.07
9344,2026-01-19,897.66
9344,2026-01-26,887.07
9344,2026-02-02,881.29
9344,2026-02-09,876.47
9344,2026-02-16,871.66
9344,2026-02-23,876.47
9344,2026-03-02,872.62
9344,2026-03-09,870.69
9344,2026-03-16,870.69
9344,2026-03-23,867.81
9344,2026-03-30,868.77
9344,2026-04-06,874.55
9344,2026-04-13,888.03
9344,2026-04-20,887.07
9344,2026-04-27,872.62
9344,2026-05-04,881.29
9344,2026-05-11,892.85
9344,2026-05-18,903.44
9344,2026-05-25,921.74
9344,2026-06-01,916.93
9344,2026-06-08,915.0
9344,2026-06-15,907.29
9344,2026-06-22,915.0
9344,2026-06-29,930.0
9344,2026-07-06,937.0
9344,2026-07-13,931.0
9344,2026-07-20,931.0
9344,2026-07-27,920.0
9344,2026-08-03,944.0
9344,2026-08-10,989.0
9366,2025-08-25,818.41
9366,2025-09-01,823.22
9366,2025-09-08,853.03
9366,2025-09-15,841.49
9366,2025-09-22,859.76
9366,2025-09-29,831.87
9366,2025-10-06,831.87
9366,2025-10-13,824.18
9366,2025-10-20,825.14
9366,2025-10-27,823.22
9366,2025-11-03,818.41
9366,2025-11-10,828.03
9366,2025-11-17,812.64
9366,2025-11-24,813.6
9366,2025-12-01,838.6
9366,2025-12-08,833.8
9366,2025-12-15,860.72
9366,2025-12-22,870.34
9366,2025-12-29,879.96
9366,2026-01-05,884.77
9366,2026-01-12,891.5
9366,2026-01-19,876.11
9366,2026-01-26,875.15
9366,2026-02-02,866.49
9366,2026-02-09,887.65
9366,2026-02-16,922.27
9366,2026-02-23,937.66
9366,2026-03-02,894.38
9366,2026-03-09,880.92
9366,2026-03-16,866.49
9366,2026-03-23,904.0
9366,2026-03-30,923.0
9366,2026-04-06,917.0
9366,2026-04-13,940.0
9366,2026-04-20,935.0
9366,2026-04-27,931.0
9366,2026-05-04,935.0
9366,2026-05-11,950.0
9366,2026-05-18,991.0
9366,2026-05-25,976.0
9366,2026-06-01,960.0
9366,2026-06-08,975.0
9366,2026-06-15,1019.0
9366,2026-06-22,993.0
9366,2026-06-29,1000.0
9366,2026-07-06,1050.0
9366,2026-07-13,1020.0
9366,2026-07-20,1029.0
9366,2026-07-27,1026.0
9366,2026-08-03,1034.0
9366,2026-08-10,1108.0
9563,2025-08-25,322.0
9563,2025-09-01,319.0
9563,2025-09-08,316.0
9563,2025-09-15,318.0
9563,2025-09-22,317.0
9563,2025-09-29,318.0
9563,2025-10-06,316.0
9563,2025-10-13,314.0
9563,2025-10-20,313.0
9563,2025-10-27,310.0
9563,2025-11-03,303.0
9563,2025-11-10,297.0
9563,2025-11-17,287.0
9563,2025-11-24,297.0
9563,2025-12-01,282.0
9563,2025-12-08,283.0
9563,2025-12-15,284.0
9563,2025-12-22,280.0
9563,2025-12-29,285.0
9563,2026-01-05,297.0
9563,2026-01-12,294.0
9563,2026-01-19,299.0
9563,2026-01-26,291.0
9563,2026-02-02,291.0
9563,2026-02-09,284.0
9563,2026-02-16,294.0
9563,2026-02-23,292.0
9563,2026-03-02,289.0
9563,2026-03-09,286.0
9563,2026-03-16,288.0
9563,2026-03-23,278.0
9563,2026-03-30,287.0
9563,2026-04-06,287.0
9563,2026-04-13,289.0
9563,2026-04-20,288.0
9563,2026-04-27,283.0
9563,2026-05-04,286.0
9563,2026-05-11,291.0
9563,2026-05-18,295.0
9563,2026-05-25,308.0
9563,2026-06-01,287.0
9563,2026-06-08,287.0
9563,2026-06-15,286.0
9563,2026-06-22,292.0
9563,2026-06-29,296.0
9563,2026-07-06,299.0
9563,2026-07-13,295.0
9563,2026-07-20,299.0
9563,2026-07-27,301.0
9563,2026-08-03,310.0
9563,2026-08-10,321.0
9633,2025-08-25,1362.74
9633,2025-09-01,1382.5
9633,2025-09-08,1383.49
9633,2025-09-15,1383.49
9633,2025-09-22,1412.15
9633,2025-09-29,1383.49
9633,2025-10-06,1387.44
9633,2025-10-13,1382.5
9633,2025-10-20,1392.38
9633,2025-10-27,1430.92
9633,2025-11-03,1403.25
9633,2025-11-10,1404.24
9633,2025-11-17,1433.89
9633,2025-11-24,1408.2
9633,2025-12-01,1414.12
9633,2025-12-08,1417.09
9633,2025-12-15,1418.08
9633,2025-12-22,1469.46
9633,2025-12-29,1507.02
9633,2026-01-05,1474.41
9633,2026-01-12,1468.48
9633,2026-01-19,1475.39
9633,2026-01-26,1481.32
9633,2026-02-02,1481.32
9633,2026-02-09,1485.28
9633,2026-02-16,1508.99
9633,2026-02-23,1569.27
9633,2026-03-02,1606.83
9633,2026-03-09,1679.95
9633,2026-03-16,1677.98
9633,2026-03-23,1676.0
9633,2026-03-30,1647.0
9633,2026-04-06,1601.0
9633,2026-04-13,1578.0
9633,2026-04-20,1550.0
9633,2026-04-27,1570.0
9633,2026-05-04,1579.0
9633,2026-05-11,1633.0
9633,2026-05-18,1616.0
9633,2026-05-25,1672.0
9633,2026-06-01,1643.0
9633,2026-06-08,1659.0
9633,2026-06-15,1608.0
9633,2026-06-22,1617.0
9633,2026-06-29,1625.0
9633,2026-07-06,1631.0
9633,2026-07-13,1635.0
9633,2026-07-20,1638.0
9633,2026-07-27,1633.0
9633,2026-08-03,1646.0
9633,2026-08-10,1722.0
9902,2025-08-25,2733.47
9902,2025-09-01,2754.89
9902,2025-09-08,2767.54
9902,2025-09-15,2713.03
9902,2025-09-22,2774.35
9902,2025-09-29,2632.43
9902,2025-10-06,2592.03
9902,2025-10-13,2542.75
9902,2025-10-20,2508.25
9902,2025-10-27,2449.12
9902,2025-11-03,2393.93
9902,2025-11-10,2376.19
9902,2025-11-17,2471.79
9902,2025-11-24,2525.99
9902,2025-12-01,2496.43
9902,2025-12-08,2438.28
9902,2025-12-15,2449.12
9902,2025-12-22,2507.27
9902,2025-12-29,2513.18
9902,2026-01-05,2539.79
9902,2026-01-12,2627.51
9902,2026-01-19,2538.81
9902,2026-01-26,2483.61
9902,2026-02-02,2457.99
9902,2026-02-09,2434.34
9902,2026-02-16,2458.97
9902,2026-02-23,2523.04
9902,2026-03-02,2361.4
9902,2026-03-09,2352.53
9902,2026-03-16,2378.16
9902,2026-03-23,2389.0
9902,2026-03-30,2443.0
9902,2026-04-06,2435.0
9902,2026-04-13,2438.0
9902,2026-04-20,2336.0
9902,2026-04-27,2350.0
9902,2026-05-04,2545.0
9902,2026-05-11,2565.0
9902,2026-05-18,2573.0
9902,2026-05-25,2525.0
9902,2026-06-01,2504.0
9902,2026-06-08,2562.0
9902,2026-06-15,2528.0
9902,2026-06-22,2553.0
9902,2026-06-29,2677.0
9902,2026-07-06,2750.0
9902,2026-07-13,2791.0
9902,2026-07-20,2819.0
9902,2026-07-27,3085.0
9902,2026-08-03,3120.0
9902,2026-08-10,3075.0
