code,date,close
142A,2025-10-06,826.0
142A,2025-10-13,833.0
142A,2025-10-20,836.0
142A,2025-10-27,796.0
142A,2025-11-03,772.0
142A,2025-11-10,731.0
142A,2025-11-17,715.0
142A,2025-11-24,727.0
142A,2025-12-01,677.0
142A,2025-12-08,637.0
142A,2025-12-15,656.0
142A,2025-12-22,680.0
142A,2025-12-29,725.0
142A,2026-01-05,710.0
142A,2026-01-12,691.0
142A,2026-01-19,672.0
142A,2026-01-26,670.0
142A,2026-02-02,710.0
142A,2026-02-09,590.0
142A,2026-02-16,572.0
142A,2026-02-23,538.0
142A,2026-03-02,575.0
142A,2026-03-09,680.0
142A,2026-03-16,695.0
142A,2026-03-23,654.0
142A,2026-03-30,698.0
142A,2026-04-06,702.0
142A,2026-04-13,694.0
142A,2026-04-20,675.0
142A,2026-04-27,699.0
142A,2026-05-04,733.0
142A,2026-05-11,800.0
142A,2026-05-18,863.0
142A,2026-05-25,859.0
142A,2026-06-01,810.0
142A,2026-06-08,714.0
142A,2026-06-15,716.0
142A,2026-06-22,729.0
142A,2026-06-29,769.0
142A,2026-07-06,764.0
142A,2026-07-13,760.0
142A,2026-07-20,756.0
142A,2026-07-27,761.0
142A,2026-08-03,772.0
142A,2026-08-10,793.0
142A,2026-08-17,861.0
142A,2026-08-24,855.0
142A,2026-08-31,828.0
142A,2026-09-07,829.0
142A,2026-09-14,915.0
142A,2026-09-21,925.0
1770,2025-10-06,1514.51
1770,2025-10-13,1513.54
1770,2025-10-20,1533.96
1770,2025-10-27,1527.16
1770,2025-11-03,1518.4
1770,2025-11-10,1619.56
1770,2025-11-17,1594.27
1770,2025-11-24,1620.54
1770,2025-12-01,1634.15
1770,2025-12-08,1750.88
1770,2025-12-15,1714.89
1770,2025-12-22,1709.05
1770,2025-12-29,1728.51
1770,2026-01-05,1762.55
1770,2026-01-12,1779.09
1770,2026-01-19,1736.29
1770,2026-01-26,1704.19
1770,2026-02-02,1789.79
1770,2026-02-09,1780.06
1770,2026-02-16,1760.61
1770,2026-02-23,1861.77
1770,2026-03-02,1853.99
1770,2026-03-09,1685.71
1770,2026-03-16,1623.45
1770,2026-03-23,1604.0
1770,2026-03-30,1660.0
1770,2026-04-06,1661.0
1770,2026-04-13,1672.0
1770,2026-04-20,1680.0
1770,2026-04-27,1730.0
1770,2026-05-04,1773.0
1770,2026-05-11,1713.0
1770,2026-05-18,1710.0
1770,2026-05-25,1711.0
1770,2026-06-01,1825.0
1770,2026-06-08,1775.0
1770,2026-06-15,1886.0
1770,2026-06-22,1847.0
1770,2026-06-29,2072.0
1770,2026-07-06,2182.0
1770,2026-07-13,2023.0
1770,2026-07-20,2140.0
1770,2026-07-27,2035.0
1770,2026-08-03,2080.0
1770,2026-08-10,2115.0
1770,2026-08-17,2092.0
1770,2026-08-24,2098.0
1770,2026-08-31,2105.0
1770,2026-09-07,2268.0
1770,2026-09-14,2301.0
1770,2026-09-21,2363.0
1897,2025-10-06,2885.25
1897,2025-10-13,2836.1
1897,2025-10-20,2859.69
1897,2025-10-27,2839.05
1897,2025-11-03,2864.61
1897,2025-11-10,2875.42
1897,2025-11-17,2881.32
1897,2025-11-24,2927.53
1897,2025-12-01,2900.0
1897,2025-12-08,2846.92
1897,2025-12-15,2829.22
1897,2025-12-22,2900.0
1897,2025-12-29,2900.0
1897,2026-01-05,3020.0
1897,2026-01-12,2976.0
1897,2026-01-19,3165.0
1897,2026-01-26,3235.0
1897,2026-02-02,3330.0
1897,2026-02-09,3325.0
1897,2026-02-16,3310.0
1897,2026-02-23,3310.0
1897,2026-03-02,3310.0
1897,2026-03-09,3280.0
1897,2026-03-16,3250.0
1897,2026-03-23,3320.0
1897,2026-03-30,3330.0
1897,2026-04-06,3335.0
1897,2026-04-13,3300.0
1897,2026-04-20,3410.0
1897,2026-04-27,3350.0
1897,2026-05-04,3445.0
1897,2026-05-11,3180.0
1897,2026-05-18,3310.0
1897,2026-05-25,3250.0
1897,2026-06-01,3135.0
1897,2026-06-08,3040.0
1897,2026-06-15,3015.0
1897,2026-06-22,3075.0
1897,2026-06-29,3180.0
1897,2026-07-06,3090.0
1897,2026-07-13,3065.0
1897,2026-07-20,3100.0
1897,2026-07-27,3085.0
1897,2026-08-03,3575.0
1897,2026-08-10,3350.0
1897,2026-08-17,3310.0
1897,2026-08-24,3250.0
1897,2026-08-31,3310.0
1897,2026-09-07,3310.0
1897,2026-09-14,3700.0
1897,2026-09-21,3895.0
1939,2025-10-06,1285.88
1939,2025-10-13,1317.15
1939,2025-10-20,1346.46
1939,2025-10-27,1375.77
1939,2025-11-03,1354.28
1939,2025-11-10,1408.02
1939,2025-11-17,1421.7
1939,2025-11-24,1474.46
1939,2025-12-01,1419.74
1939,2025-12-08,1444.17
1939,2025-12-15,1475.44
1939,2025-12-22,1496.93
1939,2025-12-29,1522.34
1939,2026-01-05,1561.42
1939,2026-01-12,1667.93
1939,2026-01-19,1690.4
1939,2026-01-26,1635.68
1939,2026-02-02,1913.18
1939,2026-02-09,1956.18
1939,2026-02-16,1964.97
1939,2026-02-23,2063.66
1939,2026-03-02,1900.48
1939,2026-03-09,1914.16
1939,2026-03-16,1922.95
1939,2026-03-23,1921.0
1939,2026-03-30,1923.0
1939,2026-04-06,1982.0
1939,2026-04-13,1913.0
1939,2026-04-20,1970.0
1939,2026-04-27,2020.0
1939,2026-05-04,2045.0
1939,2026-05-11,2014.0
1939,2026-05-18,1909.0
1939,2026-05-25,1955.0
1939,2026-06-01,1852.0
1939,2026-06-08,1881.0
1939,2026-06-15,1984.0
1939,2026-06-22,2063.0
1939,2026-06-29,2006.0
1939,2026-07-06,2000.0
1939,2026-07-13,1932.0
1939,2026-07-20,1990.0
1939,2026-07-27,2007.0
1939,2026-08-03,2081.0
1939,2026-08-10,2125.0
1939,2026-08-17,2120.0
1939,2026-08-24,2179.0
1939,2026-08-31,2292.0
1939,2026-09-07,2269.0
1939,2026-09-14,2303.0
1939,2026-09-21,2348.0
2004,2025-10-06,2941.18
2004,2025-10-13,2975.49
2004,2025-10-20,3019.61
2004,2025-10-27,2885.29
2004,2025-11-03,2937.25
2004,2025-11-10,2946.08
2004,2025-11-17,2990.2
2004,2025-11-24,3044.12
2004,2025-12-01,2799.02
2004,2025-12-08,2811.76
2004,2025-12-15,2815.69
2004,2025-12-22,2941.18
2004,2025-12-29,2955.88
2004,2026-01-05,3024.51
2004,2026-01-12,3068.63
2004,2026-01-19,3171.57
2004,2026-01-26,3088.24
2004,2026-02-02,3210.78
2004,2026-02-09,3299.02
2004,2026-02-16,3318.63
2004,2026-02-23,3357.84
2004,2026-03-02,3269.61
2004,2026-03-09,3191.18
2004,2026-03-16,3196.08
2004,2026-03-23,3250.0
2004,2026-03-30,3255.0
2004,2026-04-06,3180.0
2004,2026-04-13,3210.0
2004,2026-04-20,3070.0
2004,2026-04-27,3010.0
2004,2026-05-04,3010.0
2004,2026-05-11,3160.0
2004,2026-05-18,3160.0
2004,2026-05-25,3180.0
2004,2026-06-01,3175.0
2004,2026-06-08,3315.0
2004,2026-06-15,3285.0
2004,2026-06-22,3400.0
2004,2026-06-29,3375.0
2004,2026-07-06,3485.0
2004,2026-07-13,3540.0
2004,2026-07-20,3475.0
2004,2026-07-27,3550.0
2004,2026-08-03,3540.0
2004,2026-08-10,3605.0
2004,2026-08-17,3745.0
2004,2026-08-24,3755.0
2004,2026-08-31,3860.0
2004,2026-09-07,3925.0
2004,2026-09-14,3945.0
2004,2026-09-21,3965.0
2109,2025-10-06,3071.2
2109,2025-10-13,3110.45
2109,2025-10-20,3144.79
2109,2025-10-27,2977.98
2109,2025-11-03,3061.39
2109,2025-11-10,3159.51
2109,2025-11-17,3238.01
2109,2025-11-24,3257.63
2109,2025-12-01,3144.79
2109,2025-12-08,3134.98
2109,2025-12-15,3193.85
2109,2025-12-22,3247.82
2109,2025-12-29,3267.44
2109,2026-01-05,3311.6
2109,2026-01-12,3341.03
2109,2026-01-19,3414.62
2109,2026-01-26,3291.97
2109,2026-02-02,3350.85
2109,2026-02-09,3448.97
2109,2026-02-16,3395.0
2109,2026-02-23,3483.31
2109,2026-03-02,3360.66
2109,2026-03-09,3316.5
2109,2026-03-16,3301.78
2109,2026-03-23,3395.0
2109,2026-03-30,3470.0
2109,2026-04-06,3515.0
2109,2026-04-13,3450.0
2109,2026-04-20,3335.0
2109,2026-04-27,3300.0
2109,2026-05-04,3255.0
2109,2026-05-11,3290.0
2109,2026-05-18,3285.0
2109,2026-05-25,3250.0
2109,2026-06-01,3210.0
2109,2026-06-08,3230.0
2109,2026-06-15,3220.0
2109,2026-06-22,3225.0
2109,2026-06-29,3295.0
2109,2026-07-06,3315.0
2109,2026-07-13,3355.0
2109,2026-07-20,3370.0
2109,2026-07-27,3430.0
2109,2026-08-03,3465.0
2109,2026-08-10,3515.0
2109,2026-08-17,3660.0
2109,2026-08-24,3665.0
2109,2026-08-31,3850.0
2109,2026-09-07,3805.0
2109,2026-09-14,3855.0
2109,2026-09-21,3900.0
2340,2025-10-06,472.17
2340,2025-10-13,472.17
2340,2025-10-20,475.13
2340,2025-10-27,474.15
2340,2025-11-03,474.15
2340,2025-11-10,478.1
2340,2025-11-17,465.26
2340,2025-11-24,471.18
2340,2025-12-01,468.22
2340,2025-12-08,469.21
2340,2025-12-15,471.18
2340,2025-12-22,472.17
2340,2025-12-29,475.13
2340,2026-01-05,481.06
2340,2026-01-12,480.07
2340,2026-01-19,480.07
2340,2026-01-26,481.06
2340,2026-02-02,480.07
2340,2026-02-09,487.98
2340,2026-02-16,485.01
2340,2026-02-23,486.0
2340,2026-03-02,484.02
2340,2026-03-09,480.07
2340,2026-03-16,480.07
2340,2026-03-23,486.0
2340,2026-03-30,485.0
2340,2026-04-06,487.0
2340,2026-04-13,486.0
2340,2026-04-20,482.0
2340,2026-04-27,482.0
2340,2026-05-04,483.0
2340,2026-05-11,480.0
2340,2026-05-18,478.0
2340,2026-05-25,477.0
2340,2026-06-01,472.0
2340,2026-06-08,473.0
2340,2026-06-15,476.0
2340,2026-06-22,483.0
2340,2026-06-29,492.0
2340,2026-07-06,495.0
2340,2026-07-13,494.0
2340,2026-07-20,499.0
2340,2026-07-27,501.0
2340,2026-08-03,511.0
2340,2026-08-10,529.0
2340,2026-08-17,515.0
2340,2026-08-24,517.0
2340,2026-08-31,519.0
2340,2026-09-07,521.0
2340,2026-09-14,540.0
2340,2026-09-21,540.0
2384,2025-10-06,3427.84
2384,2025-10-13,3383.89
2384,2025-10-20,3379.01
2384,2025-10-27,3310.65
2384,2025-11-03,3359.48
2384,2025-11-10,3598.75
2384,2025-11-17,3491.32
2384,2025-11-24,3681.76
2384,2025-12-01,3613.39
2384,2025-12-08,3676.87
2384,2025-12-15,3715.94
2384,2025-12-22,3755.0
2384,2025-12-29,3780.0
2384,2026-01-05,3895.0
2384,2026-01-12,3930.0
2384,2026-01-19,3920.0
2384,2026-01-26,3855.0
2384,2026-02-02,3915.0
2384,2026-02-09,4055.0
2384,2026-02-16,4155.0
2384,2026-02-23,4270.0
2384,2026-03-02,4045.0
2384,2026-03-09,3940.0
2384,2026-03-16,4045.0
2384,2026-03-23,4345.0
2384,2026-03-30,4285.0
2384,2026-04-06,4255.0
2384,2026-04-13,4155.0
2384,2026-04-20,4055.0
2384,2026-04-27,4200.0
2384,2026-05-04,4510.0
2384,2026-05-11,4485.0
2384,2026-05-18,4865.0
2384,2026-05-25,4885.0
2384,2026-06-01,4540.0
2384,2026-06-08,4525.0
2384,2026-06-15,4255.0
2384,2026-06-22,4260.0
2384,2026-06-29,4315.0
2384,2026-07-06,4155.0
2384,2026-07-13,4560.0
2384,2026-07-20,4415.0
2384,2026-07-27,4460.0
2384,2026-08-03,4600.0
2384,2026-08-10,4865.0
2384,2026-08-17,5190.0
2384,2026-08-24,5170.0
2384,2026-08-31,5030.0
2384,2026-09-07,4810.0
2384,2026-09-14,5260.0
2384,2026-09-21,5390.0
2481,2025-10-06,656.5
2481,2025-10-13,641.03
2481,2025-10-20,648.77
2481,2025-10-27,637.17
2481,2025-11-03,655.54
2481,2025-11-10,652.64
2481,2025-11-17,641.03
2481,2025-11-24,647.8
2481,2025-12-01,638.13
2481,2025-12-08,645.87
2481,2025-12-15,645.87
2481,2025-12-22,668.11
2481,2025-12-29,666.17
2481,2026-01-05,655.54
2481,2026-01-12,653.6
2481,2026-01-19,660.37
2481,2026-01-26,660.37
2481,2026-02-02,661.34
2481,2026-02-09,662.3
2481,2026-02-16,671.01
2481,2026-02-23,672.94
2481,2026-03-02,664.24
2481,2026-03-09,659.4
2481,2026-03-16,657.47
2481,2026-03-23,671.01
2481,2026-03-30,657.47
2481,2026-04-06,666.17
2481,2026-04-13,667.14
2481,2026-04-20,675.84
2481,2026-04-27,677.77
2481,2026-05-04,676.81
2481,2026-05-11,661.34
2481,2026-05-18,651.67
2481,2026-05-25,649.73
2481,2026-06-01,641.03
2481,2026-06-08,622.66
2481,2026-06-15,631.36
2481,2026-06-22,642.0
2481,2026-06-29,637.0
2481,2026-07-06,640.0
2481,2026-07-13,634.0
2481,2026-07-20,637.0
2481,2026-07-27,643.0
2481,2026-08-03,648.0
2481,2026-08-10,656.0
2481,2026-08-17,662.0
2481,2026-08-24,668.0
2481,2026-08-31,684.0
2481,2026-09-07,689.0
2481,2026-09-14,697.0
2481,2026-09-21,721.0
2737,2025-10-06,6831.8
2737,2025-10-13,6870.07
2737,2025-10-20,7233.67
2737,2025-10-27,9032.52
2737,2025-11-03,9558.78
2737,2025-11-10,10381.66
2737,2025-11-17,10075.47
2737,2025-11-24,11194.96
2737,2025-12-01,11166.26
2737,2025-12-08,11194.96
2737,2025-12-15,11204.53
2737,2025-12-22,12333.6
2737,2025-12-29,12658.92
2737,2026-01-05,12036.98
2737,2026-01-12,13060.79
2737,2026-01-19,13979.35
2737,2026-01-26,11233.24
2737,2026-02-02,11635.11
2737,2026-02-09,11922.16
2737,2026-02-16,12869.42
2737,2026-02-23,13395.68
2737,2026-03-02,12046.55
2737,2026-03-09,11816.91
2737,2026-03-16,11807.34
2737,2026-03-23,11970.0
2737,2026-03-30,11960.0
2737,2026-04-06,12100.0
2737,2026-04-13,11800.0
2737,2026-04-20,14620.0
2737,2026-04-27,15070.0
2737,2026-05-04,16420.0
2737,2026-05-11,14600.0
2737,2026-05-18,14990.0
2737,2026-05-25,13990.0
2737,2026-06-01,14680.0
2737,2026-06-08,14490.0
2737,2026-06-15,16130.0
2737,2026-06-22,18470.0
2737,2026-06-29,16730.0
2737,2026-07-06,15690.0
2737,2026-07-13,15120.0
2737,2026-07-20,16520.0
2737,2026-07-27,21150.0
2737,2026-08-03,28800.0
2737,2026-08-10,31400.0
2737,2026-08-17,28350.0
2737,2026-08-24,31950.0
2737,2026-08-31,33050.0
2737,2026-09-07,34800.0
2737,2026-09-14,36850.0
2737,2026-09-21,43700.0
2831,2025-10-06,3184.3
2831,2025-10-13,3268.49
2831,2025-10-20,3258.58
2831,2025-10-27,3243.72
2831,2025-11-03,3238.77
2831,2025-11-10,3243.72
2831,2025-11-17,3184.3
2831,2025-11-24,3209.06
2831,2025-12-01,3204.11
2831,2025-12-08,3214.01
2831,2025-12-15,3298.2
2831,2025-12-22,3318.01
2831,2025-12-29,3298.2
2831,2026-01-05,3308.1
2831,2026-01-12,3327.91
2831,2026-01-19,3352.67
2831,2026-01-26,3352.67
2831,2026-02-02,3367.53
2831,2026-02-09,3362.58
2831,2026-02-16,3461.62
2831,2026-02-23,3446.77
2831,2026-03-02,3431.91
2831,2026-03-09,3530.96
2831,2026-03-16,3535.91
2831,2026-03-23,3630.0
2831,2026-03-30,3510.0
2831,2026-04-06,3465.0
2831,2026-04-13,3460.0
2831,2026-04-20,3530.0
2831,2026-04-27,3435.0
2831,2026-05-04,3445.0
2831,2026-05-11,3445.0
2831,2026-05-18,3480.0
2831,2026-05-25,3460.0
2831,2026-06-01,3460.0
2831,2026-06-08,3470.0
2831,2026-06-15,3490.0
2831,2026-06-22,3500.0
2831,2026-06-29,3465.0
2831,2026-07-06,3465.0
2831,2026-07-13,3520.0
2831,2026-07-20,3620.0
2831,2026-07-27,3680.0
2831,2026-08-03,3640.0
2831,2026-08-10,3690.0
2831,2026-08-17,3675.0
2831,2026-08-24,3660.0
2831,2026-08-31,3685.0
2831,2026-09-07,3660.0
2831,2026-09-14,3685.0
2831,2026-09-21,3750.0
2883,2025-10-06,1882.4
2883,2025-10-13,1884.35
2883,2025-10-20,1887.26
2883,2025-10-27,1888.23
2883,2025-11-03,1903.75
2883,2025-11-10,1905.69
2883,2025-11-17,1905.69
2883,2025-11-24,1916.37
2883,2025-12-01,1907.63
2883,2025-12-08,1905.69
2883,2025-12-15,1899.87
2883,2025-12-22,1906.66
2883,2025-12-29,1910.54
2883,2026-01-05,1937.71
2883,2026-01-12,1940.62
2883,2026-01-19,1942.56
2883,2026-01-26,1945.47
2883,2026-02-02,1944.5
2883,2026-02-09,1933.83
2883,2026-02-16,1938.68
2883,2026-02-23,1944.5
2883,2026-03-02,1941.59
2883,2026-03-09,1939.65
2883,2026-03-16,1943.53
2883,2026-03-23,1961.0
2883,2026-03-30,1988.0
2883,2026-04-06,1994.0
2883,2026-04-13,1995.0
2883,2026-04-20,1992.0
2883,2026-04-27,1982.0
2883,2026-05-04,1981.0
2883,2026-05-11,1965.0
2883,2026-05-18,1976.0
2883,2026-05-25,1987.0
2883,2026-06-01,1971.0
2883,2026-06-08,1971.0
2883,2026-06-15,1960.0
2883,2026-06-22,1975.0
2883,2026-06-29,1985.0
2883,2026-07-06,1992.0
2883,2026-07-13,1999.0
2883,2026-07-20,1996.0
2883,2026-07-27,1999.0
2883,2026-08-03,2000.0
2883,2026-08-10,2002.0
2883,2026-08-17,2020.0
2883,2026-08-24,2022.0
2883,2026-08-31,2027.0
2883,2026-09-07,2044.0
2883,2026-09-14,2054.0
2883,2026-09-21,2055.0
3020,2025-10-06,3801.52
3020,2025-10-13,3801.52
3020,2025-10-20,3806.42
3020,2025-10-27,3830.91
3020,2025-11-03,3781.92
3020,2025-11-10,4046.46
3020,2025-11-17,3909.29
3020,2025-11-24,4002.37
3020,2025-12-01,3963.18
3020,2025-12-08,4526.55
3020,2025-12-15,4418.77
3020,2025-12-22,4428.57
3020,2025-12-29,4335.49
3020,2026-01-05,4271.81
3020,2026-01-12,4262.01
3020,2026-01-19,4183.63
3020,2026-01-26,4134.64
3020,2026-02-02,4227.72
3020,2026-02-09,4311.0
3020,2026-02-16,4193.43
3020,2026-02-23,4257.11
3020,2026-03-02,4046.46
3020,2026-03-09,3909.29
3020,2026-03-16,3821.11
3020,2026-03-23,3875.0
3020,2026-03-30,3930.0
3020,2026-04-06,3965.0
3020,2026-04-13,3930.0
3020,2026-04-20,3975.0
3020,2026-04-27,3875.0
3020,2026-05-04,3875.0
3020,2026-05-11,4105.0
3020,2026-05-18,4035.0
3020,2026-05-25,4160.0
3020,2026-06-01,4060.0
3020,2026-06-08,4000.0
3020,2026-06-15,3965.0
3020,2026-06-22,4035.0
3020,2026-06-29,4090.0
3020,2026-07-06,4125.0
3020,2026-07-13,4070.0
3020,2026-07-20,4180.0
3020,2026-07-27,4095.0
3020,2026-08-03,4170.0
3020,2026-08-10,4325.0
3020,2026-08-17,4360.0
3020,2026-08-24,4330.0
3020,2026-08-31,4355.0
3020,2026-09-07,4670.0
3020,2026-09-14,4760.0
3020,2026-09-21,4800.0
3040,2025-10-06,1494.64
3040,2025-10-13,1434.43
3040,2025-10-20,1614.09
3040,2025-10-27,1667.51
3040,2025-11-03,1719.95
3040,2025-11-10,1793.76
3040,2025-11-17,1772.4
3040,2025-11-24,1845.23
3040,2025-12-01,1869.51
3040,2025-12-08,1931.67
3040,2025-12-15,1952.06
3040,2025-12-22,2031.7
3040,2025-12-29,2022.84
3040,2026-01-05,2013.98
3040,2026-01-12,2112.42
3040,2026-01-19,2015.95
3040,2026-01-26,1921.45
3040,2026-02-02,1895.86
3040,2026-02-09,1973.62
3040,2026-02-16,2054.34
3040,2026-02-23,1962.8
3040,2026-03-02,1837.78
3040,2026-03-09,1814.16
3040,2026-03-16,1775.77
3040,2026-03-23,1741.32
3040,2026-03-30,1646.82
3040,2026-04-06,1697.02
3040,2026-04-13,1734.43
3040,2026-04-20,1747.22
3040,2026-04-27,1746.24
3040,2026-05-04,1841.72
3040,2026-05-11,2017.92
3040,2026-05-18,2101.59
3040,2026-05-25,2069.1
3040,2026-06-01,2166.56
3040,2026-06-08,2041.54
3040,2026-06-15,1992.33
3040,2026-06-22,1887.0
3040,2026-06-29,1986.0
3040,2026-07-06,1988.0
3040,2026-07-13,1971.0
3040,2026-07-20,1957.0
3040,2026-07-27,1950.0
3040,2026-08-03,2006.0
3040,2026-08-10,2563.0
3040,2026-08-17,2385.0
3040,2026-08-24,2400.0
3040,2026-08-31,2355.0
3040,2026-09-07,2228.0
3040,2026-09-14,2499.0
3040,2026-09-21,2719.0
3077,2025-10-06,377.0
3077,2025-10-13,358.0
3077,2025-10-20,363.0
3077,2025-10-27,353.0
3077,2025-11-03,605.0
3077,2025-11-10,604.0
3077,2025-11-17,542.0
3077,2025-11-24,476.0
3077,2025-12-01,443.0
3077,2025-12-08,436.0
3077,2025-12-15,479.0
3077,2025-12-22,467.0
3077,2025-12-29,501.0
3077,2026-01-05,519.0
3077,2026-01-12,539.0
3077,2026-01-19,521.0
3077,2026-01-26,491.0
3077,2026-02-02,473.0
3077,2026-02-09,474.0
3077,2026-02-16,518.0
3077,2026-02-23,558.0
3077,2026-03-02,563.0
3077,2026-03-09,548.0
3077,2026-03-16,533.0
3077,2026-03-23,630.0
3077,2026-03-30,768.0
3077,2026-04-06,850.0
3077,2026-04-13,742.0
3077,2026-04-20,755.0
3077,2026-04-27,773.0
3077,2026-05-04,781.0
3077,2026-05-11,765.0
3077,2026-05-18,830.0
3077,2026-05-25,795.0
3077,2026-06-01,757.0
3077,2026-06-08,722.0
3077,2026-06-15,704.0
3077,2026-06-22,733.0
3077,2026-06-29,812.0
3077,2026-07-06,827.0
3077,2026-07-13,865.0
3077,2026-07-20,906.0
3077,2026-07-27,899.0
3077,2026-08-03,848.0
3077,2026-08-10,885.0
3077,2026-08-17,1021.0
3077,2026-08-24,1216.0
3077,2026-08-31,1240.0
3077,2026-09-07,1267.0
3077,2026-09-14,1349.0
3077,2026-09-21,1367.0
3106,2025-10-06,6831.34
3106,2025-10-13,6841.16
3106,2025-10-20,7106.16
3106,2025-10-27,6890.23
3106,2025-11-03,6860.79
3106,2025-11-10,6880.42
3106,2025-11-17,7057.09
3106,2025-11-24,7400.62
3106,2025-12-01,7538.03
3106,2025-12-08,8185.83
3106,2025-12-15,8195.65
3106,2025-12-22,7979.71
3106,2025-12-29,8323.24
3106,2026-01-05,8794.37
3106,2026-01-12,9079.01
3106,2026-01-19,8912.15
3106,2026-01-26,8902.34
3106,2026-02-02,9412.72
3106,2026-02-09,9972.19
3106,2026-02-16,9579.58
3106,2026-02-23,9864.22
3106,2026-03-02,8921.97
3106,2026-03-09,8578.44
3106,2026-03-16,8598.07
3106,2026-03-23,8814.0
3106,2026-03-30,9010.0
3106,2026-04-06,9340.0
3106,2026-04-13,9940.0
3106,2026-04-20,9100.0
3106,2026-04-27,9450.0
3106,2026-05-04,9620.0
3106,2026-05-11,11550.0
3106,2026-05-18,10610.0
3106,2026-05-25,10280.0
3106,2026-06-01,9720.0
3106,2026-06-08,9230.0
3106,2026-06-15,10200.0
3106,2026-06-22,10300.0
3106,2026-06-29,10610.0
3106,2026-07-06,10020.0
3106,2026-07-13,9860.0
3106,2026-07-20,9990.0
3106,2026-07-27,9900.0
3106,2026-08-03,10910.0
3106,2026-08-10,10730.0
3106,2026-08-17,10400.0
3106,2026-08-24,10850.0
3106,2026-08-31,10940.0
3106,2026-09-07,10620.0
3106,2026-09-14,11320.0
3106,2026-09-21,11690.0
3131,2025-10-06,3194.27
3131,2025-10-13,2974.64
3131,2025-10-20,3070.13
3131,2025-10-27,3347.06
3131,2025-11-03,3318.41
3131,2025-11-10,2627.99
3131,2025-11-17,2520.08
3131,2025-11-24,2593.62
3131,2025-12-01,2561.15
3131,2025-12-08,2616.53
3131,2025-12-15,2559.24
3131,2025-12-22,2746.41
3131,2025-12-29,2767.41
3131,2026-01-05,2797.02
3131,2026-01-12,2826.62
3131,2026-01-19,2874.37
3131,2026-01-26,2898.24
3131,2026-02-02,2847.63
3131,2026-02-09,2776.01
3131,2026-02-16,2825.67
3131,2026-02-23,2950.76
3131,2026-03-02,2801.79
3131,2026-03-09,2674.79
3131,2026-03-16,2700.57
3131,2026-03-23,2755.0
3131,2026-03-30,2695.0
3131,2026-04-06,2731.0
3131,2026-04-13,2779.0
3131,2026-04-20,2744.0
3131,2026-04-27,2857.0
3131,2026-05-04,3055.0
3131,2026-05-11,3125.0
3131,2026-05-18,3200.0
3131,2026-05-25,3455.0
3131,2026-06-01,3655.0
3131,2026-06-08,3350.0
3131,2026-06-15,3615.0
3131,2026-06-22,3555.0
3131,2026-06-29,4025.0
3131,2026-07-06,3635.0
3131,2026-07-13,3375.0
3131,2026-07-20,3515.0
3131,2026-07-27,4100.0
3131,2026-08-03,4455.0
3131,2026-08-10,6880.0
3131,2026-08-17,6080.0
3131,2026-08-24,5970.0
3131,2026-08-31,6630.0
3131,2026-09-07,6310.0
3131,2026-09-14,7210.0
3131,2026-09-21,7950.0
3132,2025-10-06,1974.81
3132,2025-10-13,2028.51
3132,2025-10-20,2176.82
3132,2025-10-27,2166.96
3132,2025-11-03,2236.93
3132,2025-11-10,2297.04
3132,2025-11-17,2189.63
3132,2025-11-24,2286.2
3132,2025-12-01,2318.23
3132,2025-12-08,2510.88
3132,2025-12-15,2374.89
3132,2025-12-22,2379.82
3132,2025-12-29,2357.65
3132,2026-01-05,2440.91
3132,2026-01-12,2552.27
3132,2026-01-19,2602.53
3132,2026-01-26,2609.42
3132,2026-02-02,2490.68
3132,2026-02-09,2606.47
3132,2026-02-16,2590.7
3132,2026-02-23,2728.17
3132,2026-03-02,2426.63
3132,2026-03-09,2254.67
3132,2026-03-16,2337.94
3132,2026-03-23,2367.5
3132,2026-03-30,2289.5
3132,2026-04-06,2299.0
3132,2026-04-13,2378.0
3132,2026-04-20,2535.5
3132,2026-04-27,2594.0
3132,2026-05-04,2765.0
3132,2026-05-11,3241.0
3132,2026-05-18,3227.0
3132,2026-05-25,3110.0
3132,2026-06-01,3493.0
3132,2026-06-08,3170.0
3132,2026-06-15,3350.0
3132,2026-06-22,3184.0
3132,2026-06-29,3175.0
3132,2026-07-06,3256.0
3132,2026-07-13,3201.0
3132,2026-07-20,3378.0
3132,2026-07-27,3295.0
3132,2026-08-03,3621.0
3132,2026-08-10,3798.0
3132,2026-08-17,3332.0
3132,2026-08-24,3577.0
3132,2026-08-31,3547.0
3132,2026-09-07,3761.0
3132,2026-09-14,4088.0
3132,2026-09-21,4287.0
3143,2025-10-06,699.83
3143,2025-10-13,697.88
3143,2025-10-20,719.29
3143,2025-10-27,721.24
3143,2025-11-03,732.92
3143,2025-11-10,703.72
3143,2025-11-17,706.64
3143,2025-11-24,686.2
3143,2025-12-01,686.2
3143,2025-12-08,679.39
3143,2025-12-15,664.79
3143,2025-12-22,655.05
3143,2025-12-29,666.73
3143,2026-01-05,687.17
3143,2026-01-12,682.31
3143,2026-01-19,696.91
3143,2026-01-26,683.28
3143,2026-02-02,692.04
3143,2026-02-09,715.4
3143,2026-02-16,715.4
3143,2026-02-23,744.6
3143,2026-03-02,732.92
3143,2026-03-09,720.27
3143,2026-03-16,714.43
3143,2026-03-23,730.0
3143,2026-03-30,710.0
3143,2026-04-06,708.0
3143,2026-04-13,745.0
3143,2026-04-20,729.0
3143,2026-04-27,725.0
3143,2026-05-04,738.0
3143,2026-05-11,683.0
3143,2026-05-18,670.0
3143,2026-05-25,651.0
3143,2026-06-01,635.0
3143,2026-06-08,640.0
3143,2026-06-15,676.0
3143,2026-06-22,680.0
3143,2026-06-29,687.0
3143,2026-07-06,698.0
3143,2026-07-13,677.0
3143,2026-07-20,692.0
3143,2026-07-27,688.0
3143,2026-08-03,685.0
3143,2026-08-10,700.0
3143,2026-08-17,693.0
3143,2026-08-24,687.0
3143,2026-08-31,724.0
3143,2026-09-07,710.0
3143,2026-09-14,714.0
3143,2026-09-21,730.0
3156,2025-10-06,2504.26
3156,2025-10-13,2524.74
3156,2025-10-20,2566.69
3156,2025-10-27,2519.86
3156,2025-11-03,2480.84
3156,2025-11-10,2505.23
3156,2025-11-17,2509.13
3156,2025-11-24,2693.51
3156,2025-12-01,2647.66
3156,2025-12-08,2634.0
3156,2025-12-15,2615.47
3156,2025-12-22,2726.68
3156,2025-12-29,2726.68
3156,2026-01-05,2773.51
3156,2026-01-12,2810.58
3156,2026-01-19,2911.06
3156,2026-01-26,2864.24
3156,2026-02-02,2913.01
3156,2026-02-09,3038.86
3156,2026-02-16,3014.47
3156,2026-02-23,3073.01
3156,2026-03-02,2868.14
3156,2026-03-09,2770.58
3156,2026-03-16,2749.12
3156,2026-03-23,2714.0
3156,2026-03-30,2716.0
3156,2026-04-06,2821.0
3156,2026-04-13,2827.0
3156,2026-04-20,2847.0
3156,2026-04-27,2828.0
3156,2026-05-04,2975.0
3156,2026-05-11,3465.0
3156,2026-05-18,3550.0
3156,2026-05-25,4065.0
3156,2026-06-01,4390.0
3156,2026-06-08,4410.0
3156,2026-06-15,4410.0
3156,2026-06-22,4305.0
3156,2026-06-29,4020.0
3156,2026-07-06,3730.0
3156,2026-07-13,3495.0
3156,2026-07-20,3540.0
3156,2026-07-27,4125.0
3156,2026-08-03,4415.0
3156,2026-08-10,5510.0
3156,2026-08-17,4755.0
3156,2026-08-24,5150.0
3156,2026-08-31,5220.0
3156,2026-09-07,5330.0
3156,2026-09-14,5890.0
3156,2026-09-21,6280.0
3177,2025-10-06,3243.54
3177,2025-10-13,3229.08
3177,2025-10-20,3296.55
3177,2025-10-27,3248.36
3177,2025-11-03,3248.36
3177,2025-11-10,3277.27
3177,2025-11-17,3339.93
3177,2025-11-24,3339.93
3177,2025-12-01,3277.27
3177,2025-12-08,3335.11
3177,2025-12-15,3335.11
3177,2025-12-22,3344.75
3177,2025-12-29,3441.14
3177,2026-01-05,3441.14
3177,2026-01-12,3667.65
3177,2026-01-19,3662.83
3177,2026-01-26,3614.64
3177,2026-02-02,3725.49
3177,2026-02-09,3807.42
3177,2026-02-16,3711.03
3177,2026-02-23,3685.0
3177,2026-03-02,3600.0
3177,2026-03-09,3550.0
3177,2026-03-16,3415.0
3177,2026-03-23,3465.0
3177,2026-03-30,3435.0
3177,2026-04-06,3515.0
3177,2026-04-13,3605.0
3177,2026-04-20,3675.0
3177,2026-04-27,3625.0
3177,2026-05-04,3505.0
3177,2026-05-11,3505.0
3177,2026-05-18,3575.0
3177,2026-05-25,3405.0
3177,2026-06-01,3290.0
3177,2026-06-08,3440.0
3177,2026-06-15,3410.0
3177,2026-06-22,3545.0
3177,2026-06-29,3530.0
3177,2026-07-06,3595.0
3177,2026-07-13,3880.0
3177,2026-07-20,4085.0
3177,2026-07-27,4075.0
3177,2026-08-03,4190.0
3177,2026-08-10,4235.0
3177,2026-08-17,4310.0
3177,2026-08-24,4420.0
3177,2026-08-31,4240.0
3177,2026-09-07,4210.0
3177,2026-09-14,4570.0
3177,2026-09-21,4750.0
3600,2025-10-06,1531.83
3600,2025-10-13,1550.28
3600,2025-10-20,1549.31
3600,2025-10-27,1562.9
3600,2025-11-03,1545.42
3600,2025-11-10,1572.6
3600,2025-11-17,1555.13
3600,2025-11-24,1556.1
3600,2025-12-01,1567.75
3600,2025-12-08,1559.98
3600,2025-12-15,1561.93
3600,2025-12-22,1569.69
3600,2025-12-29,1576.49
3600,2026-01-05,1636.67
3600,2026-01-12,1600.76
3600,2026-01-19,1601.73
3600,2026-01-26,1604.64
3600,2026-02-02,1609.49
3600,2026-02-09,1637.64
3600,2026-02-16,1664.82
3600,2026-02-23,1670.65
3600,2026-03-02,1636.67
3600,2026-03-09,1612.4
3600,2026-03-16,1644.44
3600,2026-03-23,1659.0
3600,2026-03-30,1710.0
3600,2026-04-06,1711.0
3600,2026-04-13,1670.0
3600,2026-04-20,1671.0
3600,2026-04-27,1673.0
3600,2026-05-04,1658.0
3600,2026-05-11,1641.0
3600,2026-05-18,1687.0
3600,2026-05-25,1676.0
3600,2026-06-01,1670.0
3600,2026-06-08,1680.0
3600,2026-06-15,1680.0
3600,2026-06-22,1700.0
3600,2026-06-29,1721.0
3600,2026-07-06,1704.0
3600,2026-07-13,1701.0
3600,2026-07-20,1730.0
3600,2026-07-27,1708.0
3600,2026-08-03,1706.0
3600,2026-08-10,1724.0
3600,2026-08-17,1793.0
3600,2026-08-24,1770.0
3600,2026-08-31,1720.0
3600,2026-09-07,1720.0
3600,2026-09-14,1750.0
3600,2026-09-21,1770.0
3864,2025-10-06,657.74
3864,2025-10-13,646.95
3864,2025-10-20,644.98
3864,2025-10-27,599.82
3864,2025-11-03,596.88
3864,2025-11-10,623.38
3864,2025-11-17,614.55
3864,2025-11-24,638.11
3864,2025-12-01,621.42
3864,2025-12-08,632.22
3864,2025-12-15,633.2
3864,2025-12-22,647.93
3864,2025-12-29,643.02
3864,2026-01-05,660.69
3864,2026-01-12,673.45
3864,2026-01-19,666.58
3864,2026-01-26,654.8
3864,2026-02-02,679.34
3864,2026-02-09,683.27
3864,2026-02-16,774.57
3864,2026-02-23,839.36
3864,2026-03-02,866.85
3864,2026-03-09,816.78
3864,2026-03-16,798.13
3864,2026-03-23,805.0
3864,2026-03-30,850.0
3864,2026-04-06,895.0
3864,2026-04-13,990.0
3864,2026-04-20,959.0
3864,2026-04-27,928.0
3864,2026-05-04,944.0
3864,2026-05-11,1009.0
3864,2026-05-18,1095.0
3864,2026-05-25,1100.0
3864,2026-06-01,1061.0
3864,2026-06-08,1061.0
3864,2026-06-15,1032.0
3864,2026-06-22,1039.0
3864,2026-06-29,1015.0
3864,2026-07-06,1001.0
3864,2026-07-13,1092.0
3864,2026-07-20,1133.0
3864,2026-07-27,1123.0
3864,2026-08-03,1170.0
3864,2026-08-10,1152.0
3864,2026-08-17,1199.0
3864,2026-08-24,1199.0
3864,2026-08-31,1177.0
3864,2026-09-07,1169.0
3864,2026-09-14,1225.0
3864,2026-09-21,1228.0
4012,2025-10-06,1578.37
4012,2025-10-13,1527.96
4012,2025-10-20,1555.1
4012,2025-10-27,1512.45
4012,2025-11-03,1500.81
4012,2025-11-10,1474.63
4012,2025-11-17,1465.91
4012,2025-11-24,1473.66
4012,2025-12-01,1455.24
4012,2025-12-08,1436.82
4012,2025-12-15,1448.46
4012,2025-12-22,1463.0
4012,2025-12-29,1493.0
4012,2026-01-05,1524.0
4012,2026-01-12,1506.0
4012,2026-01-19,1493.0
4012,2026-01-26,1429.0
4012,2026-02-02,1646.0
4012,2026-02-09,1601.0
4012,2026-02-16,1650.0
4012,2026-02-23,1649.0
4012,2026-03-02,1580.0
4012,2026-03-09,1550.0
4012,2026-03-16,1516.0
4012,2026-03-23,1541.0
4012,2026-03-30,1545.0
4012,2026-04-06,1561.0
4012,2026-04-13,1585.0
4012,2026-04-20,1542.0
4012,2026-04-27,1529.0
4012,2026-05-04,1682.0
4012,2026-05-11,1606.0
4012,2026-05-18,1595.0
4012,2026-05-25,1627.0
4012,2026-06-01,1636.0
4012,2026-06-08,1613.0
4012,2026-06-15,1601.0
4012,2026-06-22,1620.0
4012,2026-06-29,1674.0
4012,2026-07-06,1658.0
4012,2026-07-13,1667.0
4012,2026-07-20,1727.0
4012,2026-07-27,1738.0
4012,2026-08-03,1750.0
4012,2026-08-10,1775.0
4012,2026-08-17,1733.0
4012,2026-08-24,1751.0
4012,2026-08-31,1751.0
4012,2026-09-07,1676.0
4012,2026-09-14,1732.0
4012,2026-09-21,1736.0
4124,2025-10-06,2545.5
4124,2025-10-13,2551.45
4124,2025-10-20,2555.42
4124,2025-10-27,2534.59
4124,2025-11-03,2514.76
4124,2025-11-10,2617.89
4124,2025-11-17,2485.01
4124,2025-11-24,2487.99
4124,2025-12-01,2484.02
4124,2025-12-08,2345.19
4124,2025-12-15,2321.39
4124,2025-12-22,2419.56
4124,2025-12-29,2417.58
4124,2026-01-05,2454.27
4124,2026-01-12,2418.57
4124,2026-01-19,2432.45
4124,2026-01-26,2415.6
4124,2026-02-02,2409.65
4124,2026-02-09,2429.48
4124,2026-02-16,2426.5
4124,2026-02-23,2416.59
4124,2026-03-02,2391.8
4124,2026-03-09,2396.76
4124,2026-03-16,2541.53
4124,2026-03-23,2723.0
4124,2026-03-30,2626.0
4124,2026-04-06,2682.0
4124,2026-04-13,2720.0
4124,2026-04-20,2705.0
4124,2026-04-27,2701.0
4124,2026-05-04,2730.0
4124,2026-05-11,2650.0
4124,2026-05-18,2575.0
4124,2026-05-25,2551.0
4124,2026-06-01,2550.0
4124,2026-06-08,2539.0
4124,2026-06-15,2532.0
4124,2026-06-22,2536.0
4124,2026-06-29,2610.0
4124,2026-07-06,2720.0
4124,2026-07-13,2684.0
4124,2026-07-20,2682.0
4124,2026-07-27,2700.0
4124,2026-08-03,2730.0
4124,2026-08-10,2870.0
4124,2026-08-17,2886.0
4124,2026-08-24,2938.0
4124,2026-08-31,2938.0
4124,2026-09-07,2956.0
4124,2026-09-14,2960.0
4124,2026-09-21,3050.0
4203,2025-10-06,4888.61
4203,2025-10-13,4804.63
4203,2025-10-20,5020.02
4203,2025-10-27,5080.28
4203,2025-11-03,5035.82
4203,2025-11-10,4981.48
4203,2025-11-17,4979.51
4203,2025-11-24,5030.88
4203,2025-12-01,5015.08
4203,2025-12-08,5200.82
4203,2025-12-15,5151.42
4203,2025-12-22,5106.96
4203,2025-12-29,5101.03
4203,2026-01-05,5090.16
4203,2026-01-12,5176.12
4203,2026-01-19,5378.66
4203,2026-01-26,5374.71
4203,2026-02-02,5373.72
4203,2026-02-09,5591.08
4203,2026-02-16,5717.54
4203,2026-02-23,5946.76
4203,2026-03-02,5503.15
4203,2026-03-09,5273.93
4203,2026-03-16,5031.87
4203,2026-03-23,4939.0
4203,2026-03-30,5001.0
4203,2026-04-06,5287.0
4203,2026-04-13,5190.0
4203,2026-04-20,5235.0
4203,2026-04-27,5433.0
4203,2026-05-04,5546.0
4203,2026-05-11,6572.0
4203,2026-05-18,6765.0
4203,2026-05-25,6900.0
4203,2026-06-01,6510.0
4203,2026-06-08,6480.0
4203,2026-06-15,7710.0
4203,2026-06-22,7616.0
4203,2026-06-29,7506.0
4203,2026-07-06,7200.0
4203,2026-07-13,6969.0
4203,2026-07-20,6795.0
4203,2026-07-27,6513.0
4203,2026-08-03,7439.0
4203,2026-08-10,7799.0
4203,2026-08-17,7171.0
4203,2026-08-24,7444.0
4203,2026-08-31,7056.0
4203,2026-09-07,7588.0
4203,2026-09-14,7786.0
4203,2026-09-21,8183.0
428A,2025-10-06,617.38
428A,2025-10-13,717.63
428A,2025-10-20,701.75
428A,2025-10-27,673.96
428A,2025-11-03,679.91
428A,2025-11-10,684.88
428A,2025-11-17,676.94
428A,2025-11-24,683.88
428A,2025-12-01,676.94
428A,2025-12-08,673.96
428A,2025-12-15,733.51
428A,2025-12-22,767.26
428A,2025-12-29,818.88
428A,2026-01-05,824.83
428A,2026-01-12,853.62
428A,2026-01-19,885.38
428A,2026-01-26,863.54
428A,2026-02-02,830.79
428A,2026-02-09,831.78
428A,2026-02-16,832.77
428A,2026-02-23,806.96
428A,2026-03-02,803.99
428A,2026-03-09,804.98
428A,2026-03-16,803.99
428A,2026-03-23,831.78
428A,2026-03-30,876.44
428A,2026-04-06,874.46
428A,2026-04-13,901.26
428A,2026-04-20,899.27
428A,2026-04-27,937.98
428A,2026-05-04,991.58
428A,2026-05-11,1024.34
428A,2026-05-18,1040.22
428A,2026-05-25,1268.51
428A,2026-06-01,1180.17
428A,2026-06-08,1213.92
428A,2026-06-15,1177.2
428A,2026-06-22,1216.9
428A,2026-06-29,1260.57
428A,2026-07-06,1221.86
428A,2026-07-13,1375.71
428A,2026-07-20,1317.15
428A,2026-07-27,1349.9
428A,2026-08-03,1373.73
428A,2026-08-10,1390.6
428A,2026-08-17,1425.34
428A,2026-08-24,1371.0
428A,2026-08-31,1587.0
428A,2026-09-07,1546.0
428A,2026-09-14,1710.0
428A,2026-09-21,1618.0
4409,2025-10-06,747.72
4409,2025-10-13,745.77
4409,2025-10-20,762.3
4409,2025-10-27,765.22
4409,2025-11-03,721.47
4409,2025-11-10,708.83
4409,2025-11-17,704.94
4409,2025-11-24,701.05
4409,2025-12-01,702.99
4409,2025-12-08,702.02
4409,2025-12-15,702.99
4409,2025-12-22,702.02
4409,2025-12-29,718.55
4409,2026-01-05,720.49
4409,2026-01-12,720.49
4409,2026-01-19,733.13
4409,2026-01-26,734.11
4409,2026-02-02,719.52
4409,2026-02-09,724.38
4409,2026-02-16,756.47
4409,2026-02-23,764.25
4409,2026-03-02,758.42
4409,2026-03-09,759.39
4409,2026-03-16,758.42
4409,2026-03-23,773.0
4409,2026-03-30,760.0
4409,2026-04-06,755.0
4409,2026-04-13,746.0
4409,2026-04-20,740.0
4409,2026-04-27,736.0
4409,2026-05-04,754.0
4409,2026-05-11,721.0
4409,2026-05-18,725.0
4409,2026-05-25,721.0
4409,2026-06-01,722.0
4409,2026-06-08,722.0
4409,2026-06-15,722.0
4409,2026-06-22,722.0
4409,2026-06-29,739.0
4409,2026-07-06,744.0
4409,2026-07-13,764.0
4409,2026-07-20,735.0
4409,2026-07-27,740.0
4409,2026-08-03,740.0
4409,2026-08-10,765.0
4409,2026-08-17,779.0
4409,2026-08-24,780.0
4409,2026-08-31,782.0
4409,2026-09-07,789.0
4409,2026-09-14,785.0
4409,2026-09-21,826.0
456A,2025-11-24,977.5
456A,2025-12-01,1042.5
456A,2025-12-08,1082.5
456A,2025-12-15,950.0
456A,2025-12-22,1062.5
456A,2025-12-29,1048.75
456A,2026-01-05,1116.25
456A,2026-01-12,1070.0
456A,2026-01-19,1023.75
456A,2026-01-26,962.5
456A,2026-02-02,936.25
456A,2026-02-09,947.5
456A,2026-02-16,848.75
456A,2026-02-23,807.5
456A,2026-03-02,912.5
456A,2026-03-09,887.5
456A,2026-03-16,1087.5
456A,2026-03-23,1372.5
456A,2026-03-30,1217.5
456A,2026-04-06,1250.0
456A,2026-04-13,1405.0
456A,2026-04-20,1238.75
456A,2026-04-27,1452.0
456A,2026-05-04,1467.0
456A,2026-05-11,1275.0
456A,2026-05-18,1427.0
456A,2026-05-25,1397.0
456A,2026-06-01,1525.0
456A,2026-06-08,1648.0
456A,2026-06-15,1510.0
456A,2026-06-22,1477.0
456A,2026-06-29,1587.0
456A,2026-07-06,1537.0
456A,2026-07-13,1493.0
456A,2026-07-20,1390.0
456A,2026-07-27,1321.0
456A,2026-08-03,1385.0
456A,2026-08-10,1429.0
456A,2026-08-17,1662.0
456A,2026-08-24,1621.0
456A,2026-08-31,1562.0
456A,2026-09-07,1377.0
456A,2026-09-14,1682.0
456A,2026-09-21,1763.0
4623,2025-10-06,1697.22
4623,2025-10-13,1690.34
4623,2025-10-20,1694.28
4623,2025-10-27,1690.34
4623,2025-11-03,1689.36
4623,2025-11-10,1686.41
4623,2025-11-17,1692.31
4623,2025-11-24,1688.38
4623,2025-12-01,1681.5
4623,2025-12-08,1682.48
4623,2025-12-15,1685.43
4623,2025-12-22,1689.36
4623,2025-12-29,1694.28
4623,2026-01-05,1699.19
4623,2026-01-12,1710.0
4623,2026-01-19,1702.14
4623,2026-01-26,1702.14
4623,2026-02-02,1709.02
4623,2026-02-09,1712.95
4623,2026-02-16,1738.5
4623,2026-02-23,1730.64
4623,2026-03-02,1705.09
4623,2026-03-09,1695.26
4623,2026-03-16,1710.0
4623,2026-03-23,1710.0
4623,2026-03-30,1730.0
4623,2026-04-06,1732.0
4623,2026-04-13,1722.0
4623,2026-04-20,1711.0
4623,2026-04-27,1710.0
4623,2026-05-04,1706.0
4623,2026-05-11,1700.0
4623,2026-05-18,1710.0
4623,2026-05-25,1700.0
4623,2026-06-01,1701.0
4623,2026-06-08,1700.0
4623,2026-06-15,1693.0
4623,2026-06-22,1708.0
4623,2026-06-29,1725.0
4623,2026-07-06,1712.0
4623,2026-07-13,1711.0
4623,2026-07-20,1719.0
4623,2026-07-27,1721.0
4623,2026-08-03,1723.0
4623,2026-08-10,1820.0
4623,2026-08-17,1870.0
4623,2026-08-24,1877.0
4623,2026-08-31,1845.0
4623,2026-09-07,1830.0
4623,2026-09-14,1877.0
4623,2026-09-21,1894.0
4627,2025-10-06,1606.21
4627,2025-10-13,1578.2
4627,2025-10-20,1564.68
4627,2025-10-27,1551.05
4627,2025-11-03,1524.5
4627,2025-11-10,1538.27
4627,2025-11-17,1527.45
4627,2025-11-24,1529.42
4627,2025-12-01,1542.2
4627,2025-12-08,1561.87
4627,2025-12-15,1527.45
4627,2025-12-22,1522.53
4627,2025-12-29,1530.4
4627,2026-01-05,1563.84
4627,2026-01-12,1577.61
4627,2026-01-19,1573.67
4627,2026-01-26,1555.97
4627,2026-02-02,1573.67
4627,2026-02-09,1571.71
4627,2026-02-16,1681.86
4627,2026-02-23,1748.75
4627,2026-03-02,1770.38
4627,2026-03-09,1770.38
4627,2026-03-16,1790.05
4627,2026-03-23,1726.12
4627,2026-03-30,1673.01
4627,2026-04-06,1662.19
4627,2026-04-13,1680.88
4627,2026-04-20,1623.84
4627,2026-04-27,1594.0
4627,2026-05-04,1608.0
4627,2026-05-11,1641.0
4627,2026-05-18,1659.0
4627,2026-05-25,1738.0
4627,2026-06-01,1741.0
4627,2026-06-08,1719.0
4627,2026-06-15,1769.0
4627,2026-06-22,1777.0
4627,2026-06-29,1773.0
4627,2026-07-06,1754.0
4627,2026-07-13,1745.0
4627,2026-07-20,1723.0
4627,2026-07-27,1769.0
4627,2026-08-03,1743.0
4627,2026-08-10,1795.0
4627,2026-08-17,1853.0
4627,2026-08-24,1880.0
4627,2026-08-31,1940.0
4627,2026-09-07,1919.0
4627,2026-09-14,1941.0
4627,2026-09-21,1965.0
4665,2025-10-06,3687.16
4665,2025-10-13,3665.5
4665,2025-10-20,3682.24
4665,2025-10-27,3658.61
4665,2025-11-03,3729.48
4665,2025-11-10,3892.87
4665,2025-11-17,3954.89
4665,2025-11-24,3969.65
4665,2025-12-01,4049.38
4665,2025-12-08,4200.96
4665,2025-12-15,4301.36
4665,2025-12-22,4236.39
4665,2025-12-29,4188.16
4665,2026-01-05,4231.47
4665,2026-01-12,4293.48
4665,2026-01-19,4350.57
4665,2026-01-26,4179.3
4665,2026-02-02,4258.05
4665,2026-02-09,4239.35
4665,2026-02-16,4160.6
4665,2026-02-23,4255.09
4665,2026-03-02,4194.07
4665,2026-03-09,4152.73
4665,2026-03-16,4204.9
4665,2026-03-23,4261.0
4665,2026-03-30,4210.0
4665,2026-04-06,4163.0
4665,2026-04-13,4136.0
4665,2026-04-20,3940.0
4665,2026-04-27,3915.0
4665,2026-05-04,3933.0
4665,2026-05-11,3975.0
4665,2026-05-18,4156.0
4665,2026-05-25,4015.0
4665,2026-06-01,4100.0
4665,2026-06-08,4285.0
4665,2026-06-15,4168.0
4665,2026-06-22,4296.0
4665,2026-06-29,4389.0
4665,2026-07-06,4469.0
4665,2026-07-13,4538.0
4665,2026-07-20,4466.0
4665,2026-07-27,4447.0
4665,2026-08-03,4386.0
4665,2026-08-10,4584.0
4665,2026-08-17,4691.0
4665,2026-08-24,4682.0
4665,2026-08-31,4665.0
4665,2026-09-07,4580.0
4665,2026-09-14,4732.0
4665,2026-09-21,4772.0
4746,2025-10-06,3714.4
4746,2025-10-13,3733.47
4746,2025-10-20,3776.39
4746,2025-10-27,3657.18
4746,2025-11-03,3819.3
4746,2025-11-10,3981.42
4746,2025-11-17,3976.65
4746,2025-11-24,4010.03
4746,2025-12-01,3919.43
4746,2025-12-08,3838.37
4746,2025-12-15,3819.3
4746,2025-12-22,3843.14
4746,2025-12-29,3961.29
4746,2026-01-05,4245.64
4746,2026-01-12,4407.43
4746,2026-01-19,4353.5
4746,2026-01-26,4132.88
4746,2026-02-02,4083.86
4746,2026-02-09,4211.33
4746,2026-02-16,4167.2
4746,2026-02-23,4348.6
4746,2026-03-02,4181.91
4746,2026-03-09,4211.33
4746,2026-03-16,4206.42
4746,2026-03-23,4191.71
4746,2026-03-30,4142.69
4746,2026-04-06,4431.94
4746,2026-04-13,4407.43
4746,2026-04-20,4319.18
4746,2026-04-27,4235.84
4746,2026-05-04,4044.64
4746,2026-05-11,3946.59
4746,2026-05-18,4123.08
4746,2026-05-25,4226.03
4746,2026-06-01,4142.69
4746,2026-06-08,4118.18
4746,2026-06-15,4167.2
4746,2026-06-22,4353.5
4746,2026-06-29,4485.0
4746,2026-07-06,4740.0
4746,2026-07-13,4780.0
4746,2026-07-20,4825.0
4746,2026-07-27,5020.0
4746,2026-08-03,6600.0
4746,2026-08-10,6500.0
4746,2026-08-17,6670.0
4746,2026-08-24,6840.0
4746,2026-08-31,7120.0
4746,2026-09-07,7150.0
4746,2026-09-14,7250.0
4746,2026-09-21,7540.0
4849,2025-10-06,1587.38
4849,2025-10-13,1492.17
4849,2025-10-20,1551.43
4849,2025-10-27,1512.57
4849,2025-11-03,1465.94
4849,2025-11-10,1328.97
4849,2025-11-17,1398.91
4849,2025-11-24,1469.83
4849,2025-12-01,1399.88
4849,2025-12-08,1419.31
4849,2025-12-15,1485.37
4849,2025-12-22,1501.89
4849,2025-12-29,1497.03
4849,2026-01-05,1505.77
4849,2026-01-12,1486.34
4849,2026-01-19,1470.8
4849,2026-01-26,1394.05
4849,2026-02-02,1392.11
4849,2026-02-09,1202.67
4849,2026-02-16,1170.62
4849,2026-02-23,1205.59
4849,2026-03-02,1157.99
4849,2026-03-09,1157.02
4849,2026-03-16,1090.96
4849,2026-03-23,1113.3
4849,2026-03-30,1150.0
4849,2026-04-06,1143.0
4849,2026-04-13,1134.0
4849,2026-04-20,1101.0
4849,2026-04-27,1093.0
4849,2026-05-04,1112.0
4849,2026-05-11,1177.0
4849,2026-05-18,1272.0
4849,2026-05-25,1247.0
4849,2026-06-01,1217.0
4849,2026-06-08,1183.0
4849,2026-06-15,1163.0
4849,2026-06-22,1099.0
4849,2026-06-29,1152.0
4849,2026-07-06,1216.0
4849,2026-07-13,1262.0
4849,2026-07-20,1257.0
4849,2026-07-27,1283.0
4849,2026-08-03,1352.0
4849,2026-08-10,1495.0
4849,2026-08-17,1594.0
4849,2026-08-24,1668.0
4849,2026-08-31,1639.0
4849,2026-09-07,1603.0
4849,2026-09-14,1731.0
4849,2026-09-21,1727.0
4967,2025-10-06,5125.76
4967,2025-10-13,5058.08
4967,2025-10-20,5148.32
4967,2025-10-27,5026.7
4967,2025-11-03,5221.88
4967,2025-11-10,5344.48
4967,2025-11-17,5265.04
4967,2025-11-24,5119.88
4967,2025-12-01,5126.74
4967,2025-12-08,5147.34
4967,2025-12-15,5159.11
4967,2025-12-22,5251.31
4967,2025-12-29,5384.23
4967,2026-01-05,5443.74
4967,2026-01-12,5376.29
4967,2026-01-19,5464.57
4967,2026-01-26,5363.4
4967,2026-02-02,5254.28
4967,2026-02-09,5461.6
4967,2026-02-16,5589.56
4967,2026-02-23,5782.98
4967,2026-03-02,5568.73
4967,2026-03-09,5591.54
4967,2026-03-16,5546.9
4967,2026-03-23,5808.77
4967,2026-03-30,6024.02
4967,2026-04-06,5863.33
4967,2026-04-13,5877.22
4967,2026-04-20,5701.65
4967,2026-04-27,5760.17
4967,2026-05-04,5857.38
4967,2026-05-11,5774.06
4967,2026-05-18,5807.78
4967,2026-05-25,5804.81
4967,2026-06-01,5532.02
4967,2026-06-08,5476.48
4967,2026-06-15,5257.26
4967,2026-06-22,5535.0
4967,2026-06-29,5579.0
4967,2026-07-06,5545.0
4967,2026-07-13,5527.0
4967,2026-07-20,5439.0
4967,2026-07-27,5588.0
4967,2026-08-03,5473.0
4967,2026-08-10,5566.0
4967,2026-08-17,5634.0
4967,2026-08-24,5690.0
4967,2026-08-31,5695.0
4967,2026-09-07,5768.0
4967,2026-09-14,5860.0
4967,2026-09-21,6885.0
4972,2025-10-06,2032.58
4972,2025-10-13,2071.67
4972,2025-10-20,2188.94
4972,2025-10-27,2335.52
4972,2025-11-03,2366.79
4972,2025-11-10,2383.4
4972,2025-11-17,2444.96
4972,2025-11-24,2565.16
4972,2025-12-01,2519.23
4972,2025-12-08,2623.79
4972,2025-12-15,2565.16
4972,2025-12-22,2565.16
4972,2025-12-29,2578.84
4972,2026-01-05,2640.4
4972,2026-01-12,2681.45
4972,2026-01-19,2716.63
4972,2026-01-26,2754.74
4972,2026-02-02,2891.55
4972,2026-02-09,2891.55
4972,2026-02-16,3092.85
4972,2026-02-23,3215.0
4972,2026-03-02,3200.34
4972,2026-03-09,3180.8
4972,2026-03-16,3171.03
4972,2026-03-23,3215.0
4972,2026-03-30,3385.0
4972,2026-04-06,3515.0
4972,2026-04-13,3340.0
4972,2026-04-20,3395.0
4972,2026-04-27,3280.0
4972,2026-05-04,3330.0
4972,2026-05-11,3355.0
4972,2026-05-18,3405.0
4972,2026-05-25,3445.0
4972,2026-06-01,3505.0
4972,2026-06-08,3500.0
4972,2026-06-15,3370.0
4972,2026-06-22,3205.0
4972,2026-06-29,3545.0
4972,2026-07-06,3515.0
4972,2026-07-13,3330.0
4972,2026-07-20,3795.0
4972,2026-07-27,3090.0
4972,2026-08-03,3345.0
4972,2026-08-10,3345.0
4972,2026-08-17,3345.0
4972,2026-08-24,3660.0
4972,2026-08-31,4040.0
4972,2026-09-07,3755.0
4972,2026-09-14,4095.0
4972,2026-09-21,4195.0
5033,2025-10-06,807.0
5033,2025-10-13,815.0
5033,2025-10-20,809.0
5033,2025-10-27,771.0
5033,2025-11-03,757.0
5033,2025-11-10,817.0
5033,2025-11-17,765.0
5033,2025-11-24,783.0
5033,2025-12-01,804.0
5033,2025-12-08,794.0
5033,2025-12-15,765.0
5033,2025-12-22,750.0
5033,2025-12-29,741.0
5033,2026-01-05,760.0
5033,2026-01-12,751.0
5033,2026-01-19,760.0
5033,2026-01-26,733.0
5033,2026-02-02,728.0
5033,2026-02-09,743.0
5033,2026-02-16,746.0
5033,2026-02-23,760.0
5033,2026-03-02,750.0
5033,2026-03-09,740.0
5033,2026-03-16,749.0
5033,2026-03-23,690.0
5033,2026-03-30,754.0
5033,2026-04-06,747.0
5033,2026-04-13,759.0
5033,2026-04-20,739.0
5033,2026-04-27,748.0
5033,2026-05-04,761.0
5033,2026-05-11,676.0
5033,2026-05-18,719.0
5033,2026-05-25,722.0
5033,2026-06-01,770.0
5033,2026-06-08,713.0
5033,2026-06-15,821.0
5033,2026-06-22,898.0
5033,2026-06-29,890.0
5033,2026-07-06,899.0
5033,2026-07-13,930.0
5033,2026-07-20,884.0
5033,2026-07-27,849.0
5033,2026-08-03,815.0
5033,2026-08-10,859.0
5033,2026-08-17,858.0
5033,2026-08-24,953.0
5033,2026-08-31,1172.0
5033,2026-09-07,1175.0
5033,2026-09-14,1255.0
5033,2026-09-21,1213.0
5121,2025-10-06,1892.28
5121,2025-10-13,1892.28
5121,2025-10-20,1991.51
5121,2025-10-27,1901.12
5121,2025-11-03,1889.33
5121,2025-11-10,1820.56
5121,2025-11-17,1743.92
5121,2025-11-24,1856.91
5121,2025-12-01,1921.75
5121,2025-12-08,1896.21
5121,2025-12-15,1868.7
5121,2025-12-22,1991.51
5121,2025-12-29,2020.0
5121,2026-01-05,2022.95
5121,2026-01-12,2176.22
5121,2026-01-19,2190.96
5121,2026-01-26,2227.31
5121,2026-02-02,2362.89
5121,2026-02-09,2490.62
5121,2026-02-16,2559.39
5121,2026-02-23,2670.41
5121,2026-03-02,2701.85
5121,2026-03-09,2492.58
5121,2026-03-16,2456.23
5121,2026-03-23,2413.0
5121,2026-03-30,2579.0
5121,2026-04-06,2611.0
5121,2026-04-13,2500.0
5121,2026-04-20,2494.0
5121,2026-04-27,2519.0
5121,2026-05-04,2590.0
5121,2026-05-11,2545.0
5121,2026-05-18,2416.0
5121,2026-05-25,2474.0
5121,2026-06-01,2543.0
5121,2026-06-08,2550.0
5121,2026-06-15,2668.0
5121,2026-06-22,2595.0
5121,2026-06-29,2585.0
5121,2026-07-06,2584.0
5121,2026-07-13,2466.0
5121,2026-07-20,2484.0
5121,2026-07-27,2504.0
5121,2026-08-03,2789.0
5121,2026-08-10,2764.0
5121,2026-08-17,2745.0
5121,2026-08-24,2693.0
5121,2026-08-31,2668.0
5121,2026-09-07,2660.0
5121,2026-09-14,2833.0
5121,2026-09-21,3000.0
5195,2025-10-06,1848.44
5195,2025-10-13,1872.5
5195,2025-10-20,1931.19
5195,2025-10-27,1864.8
5195,2025-11-03,1898.48
5195,2025-11-10,1881.16
5195,2025-11-17,1895.59
5195,2025-11-24,1987.0
5195,2025-12-01,1912.91
5195,2025-12-08,1926.38
5195,2025-12-15,1941.78
5195,2025-12-22,1961.02
5195,2025-12-29,1970.64
5195,2026-01-05,2003.36
5195,2026-01-12,2061.09
5195,2026-01-19,2038.0
5195,2026-01-26,1947.55
5195,2026-02-02,1998.55
5195,2026-02-09,2230.45
5195,2026-02-16,2240.07
5195,2026-02-23,2297.8
5195,2026-03-02,2113.05
5195,2026-03-09,1988.93
5195,2026-03-16,1999.51
5195,2026-03-23,2038.0
5195,2026-03-30,2087.0
5195,2026-04-06,2149.0
5195,2026-04-13,2146.0
5195,2026-04-20,2025.0
5195,2026-04-27,2023.0
5195,2026-05-04,2039.0
5195,2026-05-11,2209.0
5195,2026-05-18,2241.0
5195,2026-05-25,2242.0
5195,2026-06-01,2200.0
5195,2026-06-08,2180.0
5195,2026-06-15,2241.0
5195,2026-06-22,2221.0
5195,2026-06-29,2231.0
5195,2026-07-06,2240.0
5195,2026-07-13,2226.0
5195,2026-07-20,2309.0
5195,2026-07-27,2423.0
5195,2026-08-03,2477.0
5195,2026-08-10,2477.0
5195,2026-08-17,2412.0
5195,2026-08-24,2493.0
5195,2026-08-31,2465.0
5195,2026-09-07,2450.0
5195,2026-09-14,2454.0
5195,2026-09-21,2527.0
5363,2025-10-06,498.55
5363,2025-10-13,517.01
5363,2025-10-20,530.62
5363,2025-10-27,537.42
5363,2025-11-03,540.34
5363,2025-11-10,548.11
5363,2025-11-17,542.28
5363,2025-11-24,541.31
5363,2025-12-01,536.45
5363,2025-12-08,539.37
5363,2025-12-15,552.0
5363,2025-12-22,567.55
5363,2025-12-29,571.44
5363,2026-01-05,609.34
5363,2026-01-12,613.23
5363,2026-01-19,632.66
5363,2026-01-26,599.62
5363,2026-02-02,570.46
5363,2026-02-09,591.85
5363,2026-02-16,586.01
5363,2026-02-23,616.14
5363,2026-03-02,595.73
5363,2026-03-09,567.55
5363,2026-03-16,556.86
5363,2026-03-23,552.0
5363,2026-03-30,562.0
5363,2026-04-06,569.0
5363,2026-04-13,562.0
5363,2026-04-20,603.0
5363,2026-04-27,594.0
5363,2026-05-04,590.0
5363,2026-05-11,618.0
5363,2026-05-18,657.0
5363,2026-05-25,715.0
5363,2026-06-01,719.0
5363,2026-06-08,690.0
5363,2026-06-15,690.0
5363,2026-06-22,674.0
5363,2026-06-29,671.0
5363,2026-07-06,685.0
5363,2026-07-13,687.0
5363,2026-07-20,692.0
5363,2026-07-27,694.0
5363,2026-08-03,703.0
5363,2026-08-10,706.0
5363,2026-08-17,694.0
5363,2026-08-24,692.0
5363,2026-08-31,682.0
5363,2026-09-07,669.0
5363,2026-09-14,693.0
5363,2026-09-21,725.0
5542,2025-10-06,771.08
5542,2025-10-13,743.99
5542,2025-10-20,779.79
5542,2025-10-27,773.02
5542,2025-11-03,716.9
5542,2025-11-10,721.74
5542,2025-11-17,711.1
5542,2025-11-24,713.03
5542,2025-12-01,715.94
5542,2025-12-08,702.39
5542,2025-12-15,703.36
5542,2025-12-22,703.36
5542,2025-12-29,715.21
5542,2026-01-05,725.09
5542,2026-01-12,768.56
5542,2026-01-19,759.67
5542,2026-01-26,758.68
5542,2026-02-02,743.86
5542,2026-02-09,768.56
5542,2026-02-16,805.11
5542,2026-02-23,850.55
5542,2026-03-02,789.3
5542,2026-03-09,795.23
5542,2026-03-16,807.08
5542,2026-03-23,789.3
5542,2026-03-30,793.25
5542,2026-04-06,812.02
5542,2026-04-13,812.02
5542,2026-04-20,816.96
5542,2026-04-27,842.65
5542,2026-05-04,843.64
5542,2026-05-11,794.24
5542,2026-05-18,806.1
5542,2026-05-25,839.68
5542,2026-06-01,814.99
5542,2026-06-08,801.16
5542,2026-06-15,816.96
5542,2026-06-22,814.0
5542,2026-06-29,809.0
5542,2026-07-06,806.0
5542,2026-07-13,800.0
5542,2026-07-20,797.0
5542,2026-07-27,785.0
5542,2026-08-03,844.0
5542,2026-08-10,960.0
5542,2026-08-17,950.0
5542,2026-08-24,943.0
5542,2026-08-31,947.0
5542,2026-09-07,896.0
5542,2026-09-14,1236.0
5542,2026-09-21,1121.0
558A,2026-04-20,3245.0
558A,2026-04-27,3290.0
558A,2026-05-04,3340.0
558A,2026-05-11,3805.0
558A,2026-05-18,4340.0
558A,2026-05-25,5270.0
558A,2026-06-01,4805.0
558A,2026-06-08,4440.0
558A,2026-06-15,4080.0
558A,2026-06-22,4435.0
558A,2026-06-29,4540.0
558A,2026-07-06,4415.0
558A,2026-07-13,4485.0
558A,2026-07-20,4350.0
558A,2026-07-27,4400.0
558A,2026-08-03,4510.0
558A,2026-08-10,5040.0
558A,2026-08-17,5570.0
558A,2026-08-24,5950.0
558A,2026-08-31,5880.0
558A,2026-09-07,5670.0
558A,2026-09-14,5780.0
558A,2026-09-21,6150.0
5632,2025-10-06,1777.48
5632,2025-10-13,1894.87
5632,2025-10-20,1893.89
5632,2025-10-27,1837.15
5632,2025-11-03,1663.02
5632,2025-11-10,1720.74
5632,2025-11-17,1709.0
5632,2025-11-24,1791.17
5632,2025-12-01,1706.07
5632,2025-12-08,1741.28
5632,2025-12-15,1697.26
5632,2025-12-22,1782.37
5632,2025-12-29,1836.17
5632,2026-01-05,1887.04
5632,2026-01-12,1968.24
5632,2026-01-19,1918.35
5632,2026-01-26,1837.15
5632,2026-02-02,1854.76
5632,2026-02-09,1880.2
5632,2026-02-16,1979.98
5632,2026-02-23,2077.8
5632,2026-03-02,1872.37
5632,2026-03-09,1799.0
5632,2026-03-16,1794.11
5632,2026-03-23,1844.0
5632,2026-03-30,1815.0
5632,2026-04-06,1791.0
5632,2026-04-13,1822.0
5632,2026-04-20,1789.0
5632,2026-04-27,1812.0
5632,2026-05-04,1835.0
5632,2026-05-11,2169.0
5632,2026-05-18,2144.0
5632,2026-05-25,2157.0
5632,2026-06-01,2150.0
5632,2026-06-08,2139.0
5632,2026-06-15,2331.0
5632,2026-06-22,2177.0
5632,2026-06-29,2208.0
5632,2026-07-06,2107.0
5632,2026-07-13,2101.0
5632,2026-07-20,2177.0
5632,2026-07-27,2180.0
5632,2026-08-03,2285.0
5632,2026-08-10,2431.0
5632,2026-08-17,2440.0
5632,2026-08-24,2448.0
5632,2026-08-31,2322.0
5632,2026-09-07,2309.0
5632,2026-09-14,2561.0
5632,2026-09-21,2593.0
5832,2025-10-06,2061.9
5832,2025-10-13,2026.07
5832,2025-10-20,2079.58
5832,2025-10-27,2111.0
5832,2025-11-03,2132.11
5832,2025-11-10,2181.2
5832,2025-11-17,2188.07
5832,2025-11-24,2290.68
5832,2025-12-01,2264.17
5832,2025-12-08,2321.6
5832,2025-12-15,2417.83
5832,2025-12-22,2403.1
5832,2025-12-29,2425.68
5832,2026-01-05,2572.96
5832,2026-01-12,2713.86
5832,2026-01-19,2753.62
5832,2026-01-26,2737.91
5832,2026-02-02,3154.71
5832,2026-02-09,3365.81
5832,2026-02-16,3287.26
5832,2026-02-23,3153.73
5832,2026-03-02,2901.88
5832,2026-03-09,2781.61
5832,2026-03-16,2777.19
5832,2026-03-23,2868.5
5832,2026-03-30,2984.5
5832,2026-04-06,3086.0
5832,2026-04-13,3009.0
5832,2026-04-20,2794.5
5832,2026-04-27,2845.5
5832,2026-05-04,2870.5
5832,2026-05-11,3033.0
5832,2026-05-18,3103.0
5832,2026-05-25,2987.5
5832,2026-06-01,2979.0
5832,2026-06-08,3099.0
5832,2026-06-15,3037.0
5832,2026-06-22,3090.0
5832,2026-06-29,3225.0
5832,2026-07-06,3235.0
5832,2026-07-13,3122.0
5832,2026-07-20,3410.0
5832,2026-07-27,3323.0
5832,2026-08-03,3385.0
5832,2026-08-10,3518.0
5832,2026-08-17,3411.0
5832,2026-08-24,3550.0
5832,2026-08-31,3534.0
5832,2026-09-07,3508.0
5832,2026-09-14,3652.0
5832,2026-09-21,3794.0
5962,2025-10-06,1625.07
5962,2025-10-13,1605.95
5962,2025-10-20,1756.04
5962,2025-10-27,1815.3
5962,2025-11-03,1740.74
5962,2025-11-10,1749.34
5962,2025-11-17,1782.8
5962,2025-11-24,1781.85
5962,2025-12-01,1768.46
5962,2025-12-08,1769.42
5962,2025-12-15,1701.55
5962,2025-12-22,1701.55
5962,2025-12-29,1690.08
5962,2026-01-05,1678.61
5962,2026-01-12,1687.21
5962,2026-01-19,1713.97
5962,2026-01-26,1691.99
5962,2026-02-02,1696.77
5962,2026-02-09,1880.31
5962,2026-02-16,1958.69
5962,2026-02-23,1978.77
5962,2026-03-02,1975.9
5962,2026-03-09,1910.9
5962,2026-03-16,1969.21
5962,2026-03-23,1952.0
5962,2026-03-30,2021.0
5962,2026-04-06,2000.0
5962,2026-04-13,2005.0
5962,2026-04-20,1996.0
5962,2026-04-27,1869.0
5962,2026-05-04,1894.0
5962,2026-05-11,1750.0
5962,2026-05-18,1720.0
5962,2026-05-25,1758.0
5962,2026-06-01,1667.0
5962,2026-06-08,1663.0
5962,2026-06-15,1915.0
5962,2026-06-22,1884.0
5962,2026-06-29,2050.0
5962,2026-07-06,1987.0
5962,2026-07-13,1959.0
5962,2026-07-20,1950.0
5962,2026-07-27,2005.0
5962,2026-08-03,1966.0
5962,2026-08-10,1990.0
5962,2026-08-17,1995.0
5962,2026-08-24,2013.0
5962,2026-08-31,2138.0
5962,2026-09-07,2075.0
5962,2026-09-14,2076.0
5962,2026-09-21,2130.0
5966,2025-10-06,2390.51
5966,2025-10-13,2356.15
5966,2025-10-20,2438.62
5966,2025-10-27,2395.42
5966,2025-11-03,2394.44
5966,2025-11-10,2385.6
5966,2025-11-17,2402.29
5966,2025-11-24,2415.05
5966,2025-12-01,2429.78
5966,2025-12-08,2508.32
5966,2025-12-15,2419.96
5966,2025-12-22,2429.78
5966,2025-12-29,2456.29
5966,2026-01-05,2450.4
5966,2026-01-12,2454.32
5966,2026-01-19,2432.73
5966,2026-01-26,2454.32
5966,2026-02-02,2451.38
5966,2026-02-09,2537.77
5966,2026-02-16,2478.87
5966,2026-02-23,2527.95
5966,2026-03-02,2483.78
5966,2026-03-09,2472.98
5966,2026-03-16,2473.96
5966,2026-03-23,2418.0
5966,2026-03-30,2420.0
5966,2026-04-06,2465.0
5966,2026-04-13,2420.0
5966,2026-04-20,2419.0
5966,2026-04-27,2463.0
5966,2026-05-04,2460.0
5966,2026-05-11,2499.0
5966,2026-05-18,2450.0
5966,2026-05-25,2450.0
5966,2026-06-01,2401.0
5966,2026-06-08,2450.0
5966,2026-06-15,2492.0
5966,2026-06-22,2540.0
5966,2026-06-29,2482.0
5966,2026-07-06,2501.0
5966,2026-07-13,2599.0
5966,2026-07-20,2601.0
5966,2026-07-27,2510.0
5966,2026-08-03,2649.0
5966,2026-08-10,2620.0
5966,2026-08-17,2565.0
5966,2026-08-24,2660.0
5966,2026-08-31,2636.0
5966,2026-09-07,2705.0
5966,2026-09-14,2700.0
5966,2026-09-21,2729.0
5971,2025-10-06,6582.06
5971,2025-10-13,6898.79
5971,2025-10-20,6839.4
5971,2025-10-27,7037.36
5971,2025-11-03,6671.14
5971,2025-11-10,6908.68
5971,2025-11-17,6908.68
5971,2025-11-24,6878.99
5971,2025-12-01,6878.99
5971,2025-12-08,6908.68
5971,2025-12-15,7324.39
5971,2025-12-22,7433.27
5971,2025-12-29,7522.35
5971,2026-01-05,7344.19
5971,2026-01-12,7076.95
5971,2026-01-19,7076.95
5971,2026-01-26,7096.74
5971,2026-02-02,7146.23
5971,2026-02-09,7265.01
5971,2026-02-16,7373.88
5971,2026-02-23,7581.74
5971,2026-03-02,7324.39
5971,2026-03-09,7393.68
5971,2026-03-16,7641.12
5971,2026-03-23,7601.53
5971,2026-03-30,7789.59
5971,2026-04-06,7680.71
5971,2026-04-13,7730.2
5971,2026-04-20,7730.2
5971,2026-04-27,7270.0
5971,2026-05-04,7350.0
5971,2026-05-11,7100.0
5971,2026-05-18,7010.0
5971,2026-05-25,6950.0
5971,2026-06-01,6950.0
5971,2026-06-08,7010.0
5971,2026-06-15,7550.0
5971,2026-06-22,8080.0
5971,2026-06-29,8190.0
5971,2026-07-06,8060.0
5971,2026-07-13,8120.0
5971,2026-07-20,8120.0
5971,2026-07-27,8290.0
5971,2026-08-03,8040.0
5971,2026-08-10,8160.0
5971,2026-08-17,7820.0
5971,2026-08-24,8600.0
5971,2026-08-31,8250.0
5971,2026-09-07,8410.0
5971,2026-09-14,8700.0
5971,2026-09-21,8630.0
5986,2025-10-06,192.55
5986,2025-10-13,189.7
5986,2025-10-20,192.55
5986,2025-10-27,191.6
5986,2025-11-03,194.44
5986,2025-11-10,186.85
5986,2025-11-17,184.96
5986,2025-11-24,184.01
5986,2025-12-01,183.06
5986,2025-12-08,180.21
5986,2025-12-15,177.37
5986,2025-12-22,179.27
5986,2025-12-29,181.16
5986,2026-01-05,188.75
5986,2026-01-12,189.7
5986,2026-01-19,188.75
5986,2026-01-26,186.85
5986,2026-02-02,193.49
5986,2026-02-09,211.52
5986,2026-02-16,225.74
5986,2026-02-23,223.85
5986,2026-03-02,220.05
5986,2026-03-09,214.36
5986,2026-03-16,216.26
5986,2026-03-23,221.0
5986,2026-03-30,226.0
5986,2026-04-06,231.0
5986,2026-04-13,231.0
5986,2026-04-20,230.0
5986,2026-04-27,227.0
5986,2026-05-04,230.0
5986,2026-05-11,235.0
5986,2026-05-18,232.0
5986,2026-05-25,245.0
5986,2026-06-01,233.0
5986,2026-06-08,226.0
5986,2026-06-15,232.0
5986,2026-06-22,227.0
5986,2026-06-29,234.0
5986,2026-07-06,235.0
5986,2026-07-13,236.0
5986,2026-07-20,240.0
5986,2026-07-27,249.0
5986,2026-08-03,250.0
5986,2026-08-10,254.0
5986,2026-08-17,257.0
5986,2026-08-24,258.0
5986,2026-08-31,257.0
5986,2026-09-07,258.0
5986,2026-09-14,261.0
5986,2026-09-21,263.0
6091,2025-10-06,827.4
6091,2025-10-13,808.07
6091,2025-10-20,820.64
6091,2025-10-27,787.77
6091,2025-11-03,811.94
6091,2025-11-10,850.6
6091,2025-11-17,809.04
6091,2025-11-24,813.87
6091,2025-12-01,783.91
6091,2025-12-08,815.8
6091,2025-12-15,807.1
6091,2025-12-22,816.77
6091,2025-12-29,810.97
6091,2026-01-05,835.14
6091,2026-01-12,834.17
6091,2026-01-19,816.77
6091,2026-01-26,804.2
6091,2026-02-02,816.77
6091,2026-02-09,826.44
6091,2026-02-16,856.4
6091,2026-02-23,880.57
6091,2026-03-02,887.33
6091,2026-03-09,877.67
6091,2026-03-16,841.9
6091,2026-03-23,806.14
6091,2026-03-30,834.17
6091,2026-04-06,833.2
6091,2026-04-13,820.64
6091,2026-04-20,833.2
6091,2026-04-27,825.47
6091,2026-05-04,829.34
6091,2026-05-11,815.8
6091,2026-05-18,812.9
6091,2026-05-25,819.67
6091,2026-06-01,818.7
6091,2026-06-08,825.47
6091,2026-06-15,854.47
6091,2026-06-22,871.87
6091,2026-06-29,924.06
6091,2026-07-06,897.96
6091,2026-07-13,898.93
6091,2026-07-20,886.37
6091,2026-07-27,869.0
6091,2026-08-03,899.0
6091,2026-08-10,919.0
6091,2026-08-17,900.0
6091,2026-08-24,901.0
6091,2026-08-31,888.0
6091,2026-09-07,876.0
6091,2026-09-14,952.0
6091,2026-09-21,997.0
618A,2026-09-07,1670.0
618A,2026-09-14,1614.0
618A,2026-09-21,1757.0
619A,2026-09-14,329.0
619A,2026-09-21,308.0
627A,2026-09-14,1037.0
627A,2026-09-21,1637.0
6282,2025-10-06,2260.39
6282,2025-10-13,2206.34
6282,2025-10-20,2265.31
6282,2025-10-27,2223.05
6282,2025-11-03,2117.89
6282,2025-11-10,2094.3
6282,2025-11-17,2096.27
6282,2025-11-24,2154.25
6282,2025-12-01,2135.58
6282,2025-12-08,2207.32
6282,2025-12-15,2252.53
6282,2025-12-22,2279.07
6282,2025-12-29,2310.51
6282,2026-01-05,2396.02
6282,2026-01-12,2502.16
6282,2026-01-19,2460.88
6282,2026-01-26,2388.15
6282,2026-02-02,2460.88
6282,2026-02-09,2546.38
6282,2026-02-16,2550.31
6282,2026-02-23,2639.75
6282,2026-03-02,2453.02
6282,2026-03-09,2328.2
6282,2026-03-16,2355.72
6282,2026-03-23,2454.0
6282,2026-03-30,2458.0
6282,2026-04-06,2695.0
6282,2026-04-13,2541.0
6282,2026-04-20,2517.0
6282,2026-04-27,2614.0
6282,2026-05-04,2724.0
6282,2026-05-11,2654.0
6282,2026-05-18,2588.0
6282,2026-05-25,2568.0
6282,2026-06-01,2677.0
6282,2026-06-08,2681.0
6282,2026-06-15,2805.0
6282,2026-06-22,2774.0
6282,2026-06-29,2844.0
6282,2026-07-06,2871.0
6282,2026-07-13,2806.0
6282,2026-07-20,2783.0
6282,2026-07-27,2854.0
6282,2026-08-03,2932.0
6282,2026-08-10,2951.0
6282,2026-08-17,2894.0
6282,2026-08-24,2936.0
6282,2026-08-31,2880.0
6282,2026-09-07,2851.0
6282,2026-09-14,2936.0
6282,2026-09-21,2991.0
6333,2025-10-06,3003.68
6333,2025-10-13,3003.68
6333,2025-10-20,3062.1
6333,2025-10-27,3008.55
6333,2025-11-03,2940.39
6333,2025-11-10,2950.13
6333,2025-11-17,2908.26
6333,2025-11-24,3018.28
6333,2025-12-01,2930.66
6333,2025-12-08,2935.52
6333,2025-12-15,3008.55
6333,2025-12-22,3008.55
6333,2025-12-29,2989.07
6333,2026-01-05,3018.28
6333,2026-01-12,3213.01
6333,2026-01-19,3047.49
6333,2026-01-26,2964.73
6333,2026-02-02,3028.02
6333,2026-02-09,2969.6
6333,2026-02-16,3076.7
6333,2026-02-23,3334.72
6333,2026-03-02,3139.99
6333,2026-03-09,2909.24
6333,2026-03-16,2940.39
6333,2026-03-23,2881.0
6333,2026-03-30,2857.0
6333,2026-04-06,2996.0
6333,2026-04-13,2899.0
6333,2026-04-20,2787.0
6333,2026-04-27,2773.0
6333,2026-05-04,2861.0
6333,2026-05-11,2791.0
6333,2026-05-18,2829.0
6333,2026-05-25,2935.0
6333,2026-06-01,2961.0
6333,2026-06-08,2980.0
6333,2026-06-15,3110.0
6333,2026-06-22,3185.0
6333,2026-06-29,3105.0
6333,2026-07-06,3190.0
6333,2026-07-13,3120.0
6333,2026-07-20,3235.0
6333,2026-07-27,3355.0
6333,2026-08-03,3270.0
6333,2026-08-10,3210.0
6333,2026-08-17,3375.0
6333,2026-08-24,3395.0
6333,2026-08-31,3400.0
6333,2026-09-07,3430.0
6333,2026-09-14,3510.0
6333,2026-09-21,3605.0
6345,2025-10-06,1293.38
6345,2025-10-13,1324.66
6345,2025-10-20,1353.01
6345,2025-10-27,1260.14
6345,2025-11-03,1280.67
6345,2025-11-10,1286.54
6345,2025-11-17,1285.56
6345,2025-11-24,1300.22
6345,2025-12-01,1273.83
6345,2025-12-08,1289.47
6345,2025-12-15,1311.96
6345,2025-12-22,1333.46
6345,2025-12-29,1338.35
6345,2026-01-05,1357.9
6345,2026-01-12,1396.03
6345,2026-01-19,1365.72
6345,2026-01-26,1332.49
6345,2026-02-02,1326.62
6345,2026-02-09,1367.68
6345,2026-02-16,1372.57
6345,2026-02-23,1433.18
6345,2026-03-02,1365.72
6345,2026-03-09,1334.44
6345,2026-03-16,1311.96
6345,2026-03-23,1310.0
6345,2026-03-30,1333.0
6345,2026-04-06,1398.0
6345,2026-04-13,1381.0
6345,2026-04-20,1346.0
6345,2026-04-27,1386.0
6345,2026-05-04,1388.0
6345,2026-05-11,1406.0
6345,2026-05-18,1330.0
6345,2026-05-25,1398.0
6345,2026-06-01,1341.0
6345,2026-06-08,1350.0
6345,2026-06-15,1364.0
6345,2026-06-22,1359.0
6345,2026-06-29,1378.0
6345,2026-07-06,1403.0
6345,2026-07-13,1390.0
6345,2026-07-20,1423.0
6345,2026-07-27,1451.0
6345,2026-08-03,1414.0
6345,2026-08-10,1419.0
6345,2026-08-17,1435.0
6345,2026-08-24,1454.0
6345,2026-08-31,1473.0
6345,2026-09-07,1432.0
6345,2026-09-14,1461.0
6345,2026-09-21,1487.0
634A,2026-09-28,2611.0
6351,2025-10-06,1952.88
6351,2025-10-13,1984.64
6351,2025-10-20,2001.51
6351,2025-10-27,1931.05
6351,2025-11-03,1948.91
6351,2025-11-10,2101.73
6351,2025-11-17,2174.17
6351,2025-11-24,2274.39
6351,2025-12-01,2114.63
6351,2025-12-08,2158.29
6351,2025-12-15,2103.72
6351,2025-12-22,2093.79
6351,2025-12-29,2122.57
6351,2026-01-05,2158.29
6351,2026-01-12,2378.59
6351,2026-01-19,2251.57
6351,2026-01-26,2165.24
6351,2026-02-02,2275.39
6351,2026-02-09,2211.88
6351,2026-02-16,2186.08
6351,2026-02-23,2209.89
6351,2026-03-02,2009.45
6351,2026-03-09,1944.94
6351,2026-03-16,2049.14
6351,2026-03-23,2067.0
6351,2026-03-30,2319.0
6351,2026-04-06,2393.0
6351,2026-04-13,2259.0
6351,2026-04-20,2167.0
6351,2026-04-27,2187.0
6351,2026-05-04,2159.0
6351,2026-05-11,2021.0
6351,2026-05-18,2060.0
6351,2026-05-25,2120.0
6351,2026-06-01,2102.0
6351,2026-06-08,2102.0
6351,2026-06-15,2281.0
6351,2026-06-22,2271.0
6351,2026-06-29,2430.0
6351,2026-07-06,2268.0
6351,2026-07-13,2217.0
6351,2026-07-20,2171.0
6351,2026-07-27,2227.0
6351,2026-08-03,2442.0
6351,2026-08-10,2413.0
6351,2026-08-17,2347.0
6351,2026-08-24,2441.0
6351,2026-08-31,2582.0
6351,2026-09-07,2552.0
6351,2026-09-14,2569.0
6351,2026-09-21,2648.0
6392,2025-10-06,5408.9
6392,2025-10-13,5408.9
6392,2025-10-20,5330.37
6392,2025-10-27,5232.2
6392,2025-11-03,5143.85
6392,2025-11-10,5546.33
6392,2025-11-17,5399.08
6392,2025-11-24,5644.5
6392,2025-12-01,5938.99
6392,2025-12-08,6380.73
6392,2025-12-15,6724.31
6392,2025-12-22,6802.84
6392,2025-12-29,6675.23
6392,2026-01-05,6891.19
6392,2026-01-12,6734.13
6392,2026-01-19,6685.05
6392,2026-01-26,6616.33
6392,2026-02-02,6498.53
6392,2026-02-09,6537.8
6392,2026-02-16,6626.15
6392,2026-02-23,6547.61
6392,2026-03-02,6498.53
6392,2026-03-09,6312.02
6392,2026-03-16,6272.75
6392,2026-03-23,6420.0
6392,2026-03-30,6550.0
6392,2026-04-06,6420.0
6392,2026-04-13,6280.0
6392,2026-04-20,6850.0
6392,2026-04-27,6800.0
6392,2026-05-04,6350.0
6392,2026-05-11,6900.0
6392,2026-05-18,7090.0
6392,2026-05-25,7800.0
6392,2026-06-01,7420.0
6392,2026-06-08,7340.0
6392,2026-06-15,7250.0
6392,2026-06-22,7110.0
6392,2026-06-29,7180.0
6392,2026-07-06,7180.0
6392,2026-07-13,7440.0
6392,2026-07-20,7470.0
6392,2026-07-27,7500.0
6392,2026-08-03,7510.0
6392,2026-08-10,7570.0
6392,2026-08-17,7650.0
6392,2026-08-24,7820.0
6392,2026-08-31,7770.0
6392,2026-09-07,7990.0
6392,2026-09-14,7870.0
6392,2026-09-21,7940.0
6533,2025-10-06,769.05
6533,2025-10-13,759.15
6533,2025-10-20,770.04
6533,2025-10-27,756.18
6533,2025-11-03,737.38
6533,2025-11-10,775.98
6533,2025-11-17,1205.54
6533,2025-11-24,1184.75
6533,2025-12-01,1243.15
6533,2025-12-08,1174.86
6533,2025-12-15,1198.61
6533,2025-12-22,1161.0
6533,2025-12-29,1116.0
6533,2026-01-05,1090.0
6533,2026-01-12,1123.0
6533,2026-01-19,1199.0
6533,2026-01-26,1269.0
6533,2026-02-02,1155.0
6533,2026-02-09,1163.0
6533,2026-02-16,1101.0
6533,2026-02-23,1147.0
6533,2026-03-02,1060.0
6533,2026-03-09,1018.0
6533,2026-03-16,1014.0
6533,2026-03-23,1066.0
6533,2026-03-30,1035.0
6533,2026-04-06,1020.0
6533,2026-04-13,1080.0
6533,2026-04-20,1037.0
6533,2026-04-27,1020.0
6533,2026-05-04,1012.0
6533,2026-05-11,1053.0
6533,2026-05-18,987.0
6533,2026-05-25,1020.0
6533,2026-06-01,1012.0
6533,2026-06-08,962.0
6533,2026-06-15,1008.0
6533,2026-06-22,1232.0
6533,2026-06-29,1183.0
6533,2026-07-06,1177.0
6533,2026-07-13,1166.0
6533,2026-07-20,1185.0
6533,2026-07-27,1166.0
6533,2026-08-03,1222.0
6533,2026-08-10,1263.0
6533,2026-08-17,1229.0
6533,2026-08-24,1150.0
6533,2026-08-31,1152.0
6533,2026-09-07,1124.0
6533,2026-09-14,1234.0
6533,2026-09-21,1228.0
6599,2025-10-06,2356.16
6599,2025-10-13,2335.46
6599,2025-10-20,3376.5
6599,2025-10-27,2887.53
6599,2025-11-03,2674.59
6599,2025-11-10,2689.37
6599,2025-11-17,2594.73
6599,2025-11-24,2643.04
6599,2025-12-01,2552.34
6599,2025-12-08,2603.61
6599,2025-12-15,2584.87
6599,2025-12-22,2498.12
6599,2025-12-29,2687.4
6599,2026-01-05,2848.09
6599,2026-01-12,2911.19
6599,2026-01-19,2884.57
6599,2026-01-26,2770.21
6599,2026-02-02,2864.85
6599,2026-02-09,2671.63
6599,2026-02-16,2972.31
6599,2026-02-23,3105.4
6599,2026-03-02,3001.88
6599,2026-03-09,2847.11
6599,2026-03-16,2934.85
6599,2026-03-23,3342.0
6599,2026-03-30,3615.0
6599,2026-04-06,3755.0
6599,2026-04-13,3755.0
6599,2026-04-20,3520.0
6599,2026-04-27,3405.0
6599,2026-05-04,3520.0
6599,2026-05-11,3270.0
6599,2026-05-18,3395.0
6599,2026-05-25,3515.0
6599,2026-06-01,3315.0
6599,2026-06-08,2973.0
6599,2026-06-15,3230.0
6599,2026-06-22,3215.0
6599,2026-06-29,3075.0
6599,2026-07-06,3040.0
6599,2026-07-13,2906.0
6599,2026-07-20,2940.0
6599,2026-07-27,2986.0
6599,2026-08-03,3140.0
6599,2026-08-10,3430.0
6599,2026-08-17,3185.0
6599,2026-08-24,3360.0
6599,2026-08-31,3765.0
6599,2026-09-07,3765.0
6599,2026-09-14,4070.0
6599,2026-09-21,4420.0
6638,2025-10-06,1695.0
6638,2025-10-13,1635.13
6638,2025-10-20,1695.98
6638,2025-10-27,1672.42
6638,2025-11-03,1585.07
6638,2025-11-10,1521.28
6638,2025-11-17,1477.11
6638,2025-11-24,1528.15
6638,2025-12-01,1507.54
6638,2025-12-08,1527.17
6638,2025-12-15,1586.06
6638,2025-12-22,1625.31
6638,2025-12-29,1606.67
6638,2026-01-05,1611.57
6638,2026-01-12,1657.7
6638,2026-01-19,1742.11
6638,2026-01-26,1726.41
6638,2026-02-02,1813.76
6638,2026-02-09,1776.46
6638,2026-02-16,1804.92
6638,2026-02-23,1828.48
6638,2026-03-02,1793.15
6638,2026-03-09,1680.28
6638,2026-03-16,1599.8
6638,2026-03-23,1589.0
6638,2026-03-30,1598.0
6638,2026-04-06,1600.0
6638,2026-04-13,1591.0
6638,2026-04-20,1503.0
6638,2026-04-27,1497.0
6638,2026-05-04,1706.0
6638,2026-05-11,1814.0
6638,2026-05-18,1740.0
6638,2026-05-25,1828.0
6638,2026-06-01,1846.0
6638,2026-06-08,1783.0
6638,2026-06-15,1840.0
6638,2026-06-22,1804.0
6638,2026-06-29,1883.0
6638,2026-07-06,2100.0
6638,2026-07-13,2023.0
6638,2026-07-20,2209.0
6638,2026-07-27,2116.0
6638,2026-08-03,1900.0
6638,2026-08-10,2002.0
6638,2026-08-17,1885.0
6638,2026-08-24,1994.0
6638,2026-08-31,1900.0
6638,2026-09-07,1966.0
6638,2026-09-14,2092.0
6638,2026-09-21,2242.0
6668,2025-10-06,1413.15
6668,2025-10-13,1272.62
6668,2025-10-20,1228.09
6668,2025-10-27,1199.39
6668,2025-11-03,1218.19
6668,2025-11-10,1248.87
6668,2025-11-17,1204.34
6668,2025-11-24,1261.74
6668,2025-12-01,1229.08
6668,2025-12-08,1223.14
6668,2025-12-15,1222.15
6668,2025-12-22,1234.03
6668,2025-12-29,1243.92
6668,2026-01-05,1325.07
6668,2026-01-12,1415.12
6668,2026-01-19,1460.65
6668,2026-01-26,1590.28
6668,2026-02-02,1860.44
6668,2026-02-09,1915.86
6668,2026-02-16,1890.13
6668,2026-02-23,1985.04
6668,2026-03-02,1868.56
6668,2026-03-09,1910.38
6668,2026-03-16,1895.44
6668,2026-03-23,1809.83
6668,2026-03-30,1727.2
6668,2026-04-06,1993.0
6668,2026-04-13,2791.4
6668,2026-04-20,2602.25
6668,2026-04-27,2650.04
6668,2026-05-04,3051.22
6668,2026-05-11,3185.62
6668,2026-05-18,3110.96
6668,2026-05-25,3101.0
6668,2026-06-01,3205.53
6668,2026-06-08,2934.75
6668,2026-06-15,3748.08
6668,2026-06-22,4161.21
6668,2026-06-29,3713.24
6668,2026-07-06,3723.19
6668,2026-07-13,3110.96
6668,2026-07-20,3120.91
6668,2026-07-27,2858.1
6668,2026-08-03,3499.2
6668,2026-08-10,3703.28
6668,2026-08-17,3429.52
6668,2026-08-24,4180.0
6668,2026-08-31,4075.0
6668,2026-09-07,3965.0
6668,2026-09-14,4160.0
6668,2026-09-21,4280.0
6750,2025-10-06,1771.15
6750,2025-10-13,1765.26
6750,2025-10-20,1846.71
6750,2025-10-27,1770.17
6750,2025-11-03,1779.0
6750,2025-11-10,1752.51
6750,2025-11-17,1761.34
6750,2025-11-24,1755.45
6750,2025-12-01,1707.37
6750,2025-12-08,1728.96
6750,2025-12-15,1746.62
6750,2025-12-22,1707.37
6750,2025-12-29,1689.71
6750,2026-01-05,1654.38
6750,2026-01-12,1675.97
6750,2026-01-19,1664.19
6750,2026-01-26,1615.13
6750,2026-02-02,1623.96
6750,2026-02-09,1629.85
6750,2026-02-16,1750.54
6750,2026-02-23,1760.36
6750,2026-03-02,1715.22
6750,2026-03-09,1663.21
6750,2026-03-16,1615.13
6750,2026-03-23,1622.0
6750,2026-03-30,1635.0
6750,2026-04-06,1633.0
6750,2026-04-13,1647.0
6750,2026-04-20,1600.0
6750,2026-04-27,1605.0
6750,2026-05-04,1626.0
6750,2026-05-11,1606.0
6750,2026-05-18,1665.0
6750,2026-05-25,1696.0
6750,2026-06-01,1740.0
6750,2026-06-08,1750.0
6750,2026-06-15,1749.0
6750,2026-06-22,1800.0
6750,2026-06-29,1804.0
6750,2026-07-06,1819.0
6750,2026-07-13,1785.0
6750,2026-07-20,1835.0
6750,2026-07-27,1861.0
6750,2026-08-03,1848.0
6750,2026-08-10,1928.0
6750,2026-08-17,1938.0
6750,2026-08-24,2007.0
6750,2026-08-31,2041.0
6750,2026-09-07,1955.0
6750,2026-09-14,2029.0
6750,2026-09-21,2049.0
6788,2025-10-06,4473.57
6788,2025-10-13,4570.72
6788,2025-10-20,4677.58
6788,2025-10-27,4677.58
6788,2025-11-03,4731.01
6788,2025-11-10,4842.73
6788,2025-11-17,4818.44
6788,2025-11-24,4808.73
6788,2025-12-01,4701.87
6788,2025-12-08,4711.58
6788,2025-12-15,4876.73
6788,2025-12-22,4925.3
6788,2025-12-29,4886.44
6788,2026-01-05,4876.73
6788,2026-01-12,4983.59
6788,2026-01-19,4857.3
6788,2026-01-26,4653.29
6788,2026-02-02,4896.16
6788,2026-02-09,4867.01
6788,2026-02-16,4944.73
6788,2026-02-23,4925.3
6788,2026-03-02,4803.87
6788,2026-03-09,4755.3
6788,2026-03-16,4459.0
6788,2026-03-23,4425.0
6788,2026-03-30,4330.0
6788,2026-04-06,4395.0
6788,2026-04-13,4360.0
6788,2026-04-20,4280.0
6788,2026-04-27,4260.0
6788,2026-05-04,4290.0
6788,2026-05-11,4240.0
6788,2026-05-18,4305.0
6788,2026-05-25,4275.0
6788,2026-06-01,4500.0
6788,2026-06-08,4435.0
6788,2026-06-15,4590.0
6788,2026-06-22,4485.0
6788,2026-06-29,4510.0
6788,2026-07-06,4540.0
6788,2026-07-13,4670.0
6788,2026-07-20,4525.0
6788,2026-07-27,4765.0
6788,2026-08-03,4705.0
6788,2026-08-10,5000.0
6788,2026-08-17,5000.0
6788,2026-08-24,4935.0
6788,2026-08-31,4985.0
6788,2026-09-07,5030.0
6788,2026-09-14,5040.0
6788,2026-09-21,5130.0
6810,2025-10-06,2096.77
6810,2025-10-13,2091.83
6810,2025-10-20,2184.72
6810,2025-10-27,2212.38
6810,2025-11-03,2102.7
6810,2025-11-10,2119.5
6810,2025-11-17,2125.43
6810,2025-11-24,2199.54
6810,2025-12-01,2166.93
6810,2025-12-08,2410.01
6810,2025-12-15,2415.93
6810,2025-12-22,2399.14
6810,2025-12-29,2371.47
6810,2026-01-05,2337.87
6810,2026-01-12,2411.98
6810,2026-01-19,2423.84
6810,2026-01-26,2188.67
6810,2026-02-02,2162.98
6810,2026-02-09,2173.85
6810,2026-02-16,2199.54
6810,2026-02-23,2264.75
6810,2026-03-02,2064.17
6810,2026-03-09,2020.69
6810,2026-03-16,1998.95
6810,2026-03-23,2078.0
6810,2026-03-30,2151.0
6810,2026-04-06,2211.0
6810,2026-04-13,2113.0
6810,2026-04-20,2148.0
6810,2026-04-27,1997.0
6810,2026-05-04,1953.0
6810,2026-05-11,1914.0
6810,2026-05-18,1884.0
6810,2026-05-25,1942.0
6810,2026-06-01,2062.0
6810,2026-06-08,2135.0
6810,2026-06-15,2259.0
6810,2026-06-22,2148.0
6810,2026-06-29,2153.0
6810,2026-07-06,2087.0
6810,2026-07-13,2025.0
6810,2026-07-20,2118.0
6810,2026-07-27,2070.0
6810,2026-08-03,2429.0
6810,2026-08-10,2442.0
6810,2026-08-17,2333.0
6810,2026-08-24,2507.0
6810,2026-08-31,2470.0
6810,2026-09-07,2501.0
6810,2026-09-14,2554.0
6810,2026-09-21,2632.0
6904,2025-10-06,455.77
6904,2025-10-13,455.77
6904,2025-10-20,463.64
6904,2025-10-27,459.7
6904,2025-11-03,468.56
6904,2025-11-10,460.69
6904,2025-11-17,457.73
6904,2025-11-24,455.77
6904,2025-12-01,454.78
6904,2025-12-08,449.86
6904,2025-12-15,448.88
6904,2025-12-22,451.83
6904,2025-12-29,454.78
6904,2026-01-05,469.55
6904,2026-01-12,480.38
6904,2026-01-19,484.31
6904,2026-01-26,479.39
6904,2026-02-02,477.42
6904,2026-02-09,471.52
6904,2026-02-16,486.28
6904,2026-02-23,491.2
6904,2026-03-02,474.47
6904,2026-03-09,478.41
6904,2026-03-16,487.27
6904,2026-03-23,472.5
6904,2026-03-30,467.0
6904,2026-04-06,464.0
6904,2026-04-13,461.0
6904,2026-04-20,464.0
6904,2026-04-27,463.0
6904,2026-05-04,463.0
6904,2026-05-11,454.0
6904,2026-05-18,452.0
6904,2026-05-25,449.0
6904,2026-06-01,441.0
6904,2026-06-08,445.0
6904,2026-06-15,443.0
6904,2026-06-22,442.0
6904,2026-06-29,446.0
6904,2026-07-06,449.0
6904,2026-07-13,449.0
6904,2026-07-20,448.0
6904,2026-07-27,450.0
6904,2026-08-03,449.0
6904,2026-08-10,540.0
6904,2026-08-17,572.0
6904,2026-08-24,560.0
6904,2026-08-31,631.0
6904,2026-09-07,612.0
6904,2026-09-14,680.0
6904,2026-09-21,885.0
6912,2025-10-06,1558.12
6912,2025-10-13,1593.9
6912,2025-10-20,1615.18
6912,2025-10-27,1596.8
6912,2025-11-03,1549.41
6912,2025-11-10,1720.6
6912,2025-11-17,1695.46
6912,2025-11-24,1781.53
6912,2025-12-01,1702.23
6912,2025-12-08,1815.39
6912,2025-12-15,1790.24
6912,2025-12-22,1836.66
6912,2025-12-29,1802.81
6912,2026-01-05,1806.68
6912,2026-01-12,1826.99
6912,2026-01-19,1826.99
6912,2026-01-26,1836.66
6912,2026-02-02,2014.62
6912,2026-02-09,2009.79
6912,2026-02-16,2019.46
6912,2026-02-23,2251.58
6912,2026-03-02,2167.44
6912,2026-03-09,2200.32
6912,2026-03-16,2087.16
6912,2026-03-23,2033.0
6912,2026-03-30,2032.0
6912,2026-04-06,2102.0
6912,2026-04-13,2250.0
6912,2026-04-20,2262.0
6912,2026-04-27,2410.0
6912,2026-05-04,2530.0
6912,2026-05-11,2500.0
6912,2026-05-18,2094.0
6912,2026-05-25,2097.0
6912,2026-06-01,2119.0
6912,2026-06-08,1952.0
6912,2026-06-15,2076.0
6912,2026-06-22,2062.0
6912,2026-06-29,1996.0
6912,2026-07-06,2000.0
6912,2026-07-13,1926.0
6912,2026-07-20,1909.0
6912,2026-07-27,2264.0
6912,2026-08-03,2298.0
6912,2026-08-10,2409.0
6912,2026-08-17,2412.0
6912,2026-08-24,2416.0
6912,2026-08-31,2546.0
6912,2026-09-07,2428.0
6912,2026-09-14,2636.0
6912,2026-09-21,2718.0
6918,2025-10-06,2348.58
6918,2025-10-13,2295.65
6918,2025-10-20,2332.9
6918,2025-10-27,2249.58
6918,2025-11-03,2188.81
6918,2025-11-10,2537.76
6918,2025-11-17,2550.5
6918,2025-11-24,2646.56
6918,2025-12-01,2802.42
6918,2025-12-08,2731.84
6918,2025-12-15,2539.72
6918,2025-12-22,2580.89
6918,2025-12-29,2810.26
6918,2026-01-05,2751.45
6918,2026-01-12,2979.83
6918,2026-01-19,2872.01
6918,2026-01-26,2904.36
6918,2026-02-02,2930.82
6918,2026-02-09,2914.16
6918,2026-02-16,2933.76
6918,2026-02-23,2965.13
6918,2026-03-02,2674.99
6918,2026-03-09,2645.58
6918,2026-03-16,2676.95
6918,2026-03-23,2724.0
6918,2026-03-30,2597.0
6918,2026-04-06,2764.0
6918,2026-04-13,2801.0
6918,2026-04-20,3030.0
6918,2026-04-27,3105.0
6918,2026-05-04,3325.0
6918,2026-05-11,3520.0
6918,2026-05-18,3400.0
6918,2026-05-25,3525.0
6918,2026-06-01,3255.0
6918,2026-06-08,3055.0
6918,2026-06-15,3365.0
6918,2026-06-22,3270.0
6918,2026-06-29,3375.0
6918,2026-07-06,3280.0
6918,2026-07-13,3025.0
6918,2026-07-20,3175.0
6918,2026-07-27,3120.0
6918,2026-08-03,3225.0
6918,2026-08-10,3930.0
6918,2026-08-17,3550.0
6918,2026-08-24,3600.0
6918,2026-08-31,3575.0
6918,2026-09-07,3525.0
6918,2026-09-14,3755.0
6918,2026-09-21,4060.0
6943,2025-10-06,4564.48
6943,2025-10-13,4426.75
6943,2025-10-20,4525.13
6943,2025-10-27,4534.96
6943,2025-11-03,4431.67
6943,2025-11-10,4426.75
6943,2025-11-17,4461.19
6943,2025-11-24,4554.64
6943,2025-12-01,4515.29
6943,2025-12-08,4426.75
6943,2025-12-15,4387.41
6943,2025-12-22,4382.49
6943,2025-12-29,4525.13
6943,2026-01-05,4539.88
6943,2026-01-12,4712.03
6943,2026-01-19,4608.74
6943,2026-01-26,4608.74
6943,2026-02-02,4662.85
6943,2026-02-09,5016.99
6943,2026-02-16,5016.99
6943,2026-02-23,5115.36
6943,2026-03-02,4820.24
6943,2026-03-09,4844.84
6943,2026-03-16,4830.08
6943,2026-03-23,4835.0
6943,2026-03-30,4870.0
6943,2026-04-06,4910.0
6943,2026-04-13,4980.0
6943,2026-04-20,4870.0
6943,2026-04-27,4860.0
6943,2026-05-04,4940.0
6943,2026-05-11,4890.0
6943,2026-05-18,4870.0
6943,2026-05-25,5010.0
6943,2026-06-01,4865.0
6943,2026-06-08,4865.0
6943,2026-06-15,4930.0
6943,2026-06-22,4945.0
6943,2026-06-29,4980.0
6943,2026-07-06,4990.0
6943,2026-07-13,4990.0
6943,2026-07-20,4995.0
6943,2026-07-27,4980.0
6943,2026-08-03,5540.0
6943,2026-08-10,5450.0
6943,2026-08-17,5480.0
6943,2026-08-24,5570.0
6943,2026-08-31,5490.0
6943,2026-09-07,5550.0
6943,2026-09-14,5620.0
6943,2026-09-21,6100.0
6958,2025-10-06,357.13
6958,2025-10-13,342.65
6958,2025-10-20,381.26
6958,2025-10-27,388.02
6958,2025-11-03,422.77
6958,2025-11-10,477.78
6958,2025-11-17,470.06
6958,2025-11-24,496.12
6958,2025-12-01,482.61
6958,2025-12-08,471.03
6958,2025-12-15,475.85
6958,2025-12-22,508.67
6958,2025-12-29,505.77
6958,2026-01-05,504.81
6958,2026-01-12,534.73
6958,2026-01-19,523.15
6958,2026-01-26,528.94
6958,2026-02-02,554.03
6958,2026-02-09,580.1
6958,2026-02-16,576.23
6958,2026-02-23,607.12
6958,2026-03-02,564.65
6958,2026-03-09,558.86
6958,2026-03-16,557.9
6958,2026-03-23,555.0
6958,2026-03-30,554.0
6958,2026-04-06,592.0
6958,2026-04-13,596.0
6958,2026-04-20,609.0
6958,2026-04-27,641.0
6958,2026-05-04,656.0
6958,2026-05-11,648.0
6958,2026-05-18,695.0
6958,2026-05-25,768.0
6958,2026-06-01,784.0
6958,2026-06-08,721.0
6958,2026-06-15,748.0
6958,2026-06-22,657.0
6958,2026-06-29,663.0
6958,2026-07-06,657.0
6958,2026-07-13,627.0
6958,2026-07-20,636.0
6958,2026-07-27,630.0
6958,2026-08-03,703.0
6958,2026-08-10,783.0
6958,2026-08-17,722.0
6958,2026-08-24,768.0
6958,2026-08-31,770.0
6958,2026-09-07,719.0
6958,2026-09-14,765.0
6958,2026-09-21,795.0
7091,2025-10-06,967.92
7091,2025-10-13,975.89
7091,2025-10-20,993.81
7091,2025-10-27,975.89
7091,2025-11-03,980.86
7091,2025-11-10,987.84
7091,2025-11-17,1006.76
7091,2025-11-24,1029.66
7091,2025-12-01,1063.52
7091,2025-12-08,1040.61
7091,2025-12-15,1034.64
7091,2025-12-22,1035.63
7091,2025-12-29,1053.56
7091,2026-01-05,1121.27
7091,2026-01-12,1125.26
7091,2026-01-19,1151.15
7091,2026-01-26,1197.95
7091,2026-02-02,1222.84
7091,2026-02-09,1301.51
7091,2026-02-16,1162.1
7091,2026-02-23,1227.82
7091,2026-03-02,1182.02
7091,2026-03-09,1216.87
7091,2026-03-16,1212.89
7091,2026-03-23,1186.0
7091,2026-03-30,1287.0
7091,2026-04-06,1308.0
7091,2026-04-13,1287.0
7091,2026-04-20,1284.0
7091,2026-04-27,1264.0
7091,2026-05-04,1259.0
7091,2026-05-11,1319.0
7091,2026-05-18,1180.0
7091,2026-05-25,1189.0
7091,2026-06-01,1179.0
7091,2026-06-08,1170.0
7091,2026-06-15,1203.0
7091,2026-06-22,1199.0
7091,2026-06-29,1214.0
7091,2026-07-06,1238.0
7091,2026-07-13,1212.0
7091,2026-07-20,1186.0
7091,2026-07-27,1197.0
7091,2026-08-03,1200.0
7091,2026-08-10,1191.0
7091,2026-08-17,1269.0
7091,2026-08-24,1295.0
7091,2026-08-31,1257.0
7091,2026-09-07,1248.0
7091,2026-09-14,1300.0
7091,2026-09-21,1325.0
7127,2025-10-06,679.0
7127,2025-10-13,686.0
7127,2025-10-20,685.0
7127,2025-10-27,679.0
7127,2025-11-03,680.0
7127,2025-11-10,689.0
7127,2025-11-17,668.0
7127,2025-11-24,671.0
7127,2025-12-01,668.0
7127,2025-12-08,674.0
7127,2025-12-15,673.0
7127,2025-12-22,669.0
7127,2025-12-29,679.0
7127,2026-01-05,684.0
7127,2026-01-12,692.0
7127,2026-01-19,690.0
7127,2026-01-26,693.0
7127,2026-02-02,699.0
7127,2026-02-09,705.0
7127,2026-02-16,711.0
7127,2026-02-23,715.0
7127,2026-03-02,711.0
7127,2026-03-09,708.0
7127,2026-03-16,712.0
7127,2026-03-23,709.0
7127,2026-03-30,684.0
7127,2026-04-06,684.0
7127,2026-04-13,684.0
7127,2026-04-20,681.0
7127,2026-04-27,686.0
7127,2026-05-04,684.0
7127,2026-05-11,685.0
7127,2026-05-18,689.0
7127,2026-05-25,681.0
7127,2026-06-01,684.0
7127,2026-06-08,687.0
7127,2026-06-15,690.0
7127,2026-06-22,694.0
7127,2026-06-29,701.0
7127,2026-07-06,709.0
7127,2026-07-13,701.0
7127,2026-07-20,699.0
7127,2026-07-27,698.0
7127,2026-08-03,703.0
7127,2026-08-10,693.0
7127,2026-08-17,703.0
7127,2026-08-24,703.0
7127,2026-08-31,709.0
7127,2026-09-07,706.0
7127,2026-09-14,711.0
7127,2026-09-21,712.0
7133,2025-10-06,1333.96
7133,2025-10-13,1257.35
7133,2025-10-20,1303.51
7133,2025-10-27,1247.52
7133,2025-11-03,1216.09
7133,2025-11-10,1227.88
7133,2025-11-17,1034.36
7133,2025-11-24,1047.13
7133,2025-12-01,1036.33
7133,2025-12-08,1074.64
7133,2025-12-15,1085.44
7133,2025-12-22,1108.04
7133,2025-12-29,1152.24
7133,2026-01-05,1140.45
7133,2026-01-12,1199.39
7133,2026-01-19,1178.76
7133,2026-01-26,1176.8
7133,2026-02-02,1172.87
7133,2026-02-09,1160.1
7133,2026-02-16,1039.27
7133,2026-02-23,1055.97
7133,2026-03-02,1031.42
7133,2026-03-09,1041.24
7133,2026-03-16,1033.38
7133,2026-03-23,1110.0
7133,2026-03-30,1126.0
7133,2026-04-06,1108.0
7133,2026-04-13,1113.0
7133,2026-04-20,1122.0
7133,2026-04-27,1077.0
7133,2026-05-04,1085.0
7133,2026-05-11,932.0
7133,2026-05-18,944.0
7133,2026-05-25,943.0
7133,2026-06-01,1032.0
7133,2026-06-08,1037.0
7133,2026-06-15,1012.0
7133,2026-06-22,1060.0
7133,2026-06-29,1115.0
7133,2026-07-06,1164.0
7133,2026-07-13,1248.0
7133,2026-07-20,1199.0
7133,2026-07-27,1218.0
7133,2026-08-03,1230.0
7133,2026-08-10,1318.0
7133,2026-08-17,1314.0
7133,2026-08-24,1298.0
7133,2026-08-31,1308.0
7133,2026-09-07,1310.0
7133,2026-09-14,1330.0
7133,2026-09-21,1341.0
7161,2025-10-06,400.88
7161,2025-10-13,391.97
7161,2025-10-20,398.9
7161,2025-10-27,396.92
7161,2025-11-03,398.9
7161,2025-11-10,388.01
7161,2025-11-17,366.23
7161,2025-11-24,388.01
7161,2025-12-01,389.0
7161,2025-12-08,380.09
7161,2025-12-15,386.03
7161,2025-12-22,401.87
7161,2025-12-29,400.88
7161,2026-01-05,429.58
7161,2026-01-12,465.21
7161,2026-01-19,474.12
7161,2026-01-26,452.35
7161,2026-02-02,526.58
7161,2026-02-09,584.98
7161,2026-02-16,600.82
7161,2026-02-23,590.92
7161,2026-03-02,519.65
7161,2026-03-09,495.9
7161,2026-03-16,484.02
7161,2026-03-23,486.0
7161,2026-03-30,484.0
7161,2026-04-06,499.0
7161,2026-04-13,493.0
7161,2026-04-20,457.0
7161,2026-04-27,467.0
7161,2026-05-04,476.0
7161,2026-05-11,506.0
7161,2026-05-18,548.0
7161,2026-05-25,527.0
7161,2026-06-01,511.0
7161,2026-06-08,500.0
7161,2026-06-15,497.0
7161,2026-06-22,494.0
7161,2026-06-29,508.0
7161,2026-07-06,497.0
7161,2026-07-13,491.0
7161,2026-07-20,531.0
7161,2026-07-27,504.0
7161,2026-08-03,520.0
7161,2026-08-10,564.0
7161,2026-08-17,558.0
7161,2026-08-24,588.0
7161,2026-08-31,622.0
7161,2026-09-07,604.0
7161,2026-09-14,640.0
7161,2026-09-21,663.0
7167,2025-10-06,907.26
7167,2025-10-13,875.37
7167,2025-10-20,900.25
7167,2025-10-27,949.72
7167,2025-11-03,936.49
7167,2025-11-10,966.8
7167,2025-11-17,946.86
7167,2025-11-24,1006.59
7167,2025-12-01,1020.41
7167,2025-12-08,1038.68
7167,2025-12-15,1054.97
7167,2025-12-22,1025.84
7167,2025-12-29,1024.86
7167,2026-01-05,1087.06
7167,2026-01-12,1151.23
7167,2026-01-19,1132.97
7167,2026-01-26,1148.77
7167,2026-02-02,1257.87
7167,2026-02-09,1298.35
7167,2026-02-16,1303.28
7167,2026-02-23,1325.99
7167,2026-03-02,1239.6
7167,2026-03-09,1166.04
7167,2026-03-16,1183.32
7167,2026-03-23,1247.5
7167,2026-03-30,1286.0
7167,2026-04-06,1353.5
7167,2026-04-13,1343.5
7167,2026-04-20,1222.0
7167,2026-04-27,1296.0
7167,2026-05-04,1313.5
7167,2026-05-11,1377.5
7167,2026-05-18,1396.5
7167,2026-05-25,1329.5
7167,2026-06-01,1357.5
7167,2026-06-08,1402.0
7167,2026-06-15,1411.0
7167,2026-06-22,1407.5
7167,2026-06-29,1509.0
7167,2026-07-06,1539.5
7167,2026-07-13,1427.0
7167,2026-07-20,1541.0
7167,2026-07-27,1497.0
7167,2026-08-03,1580.0
7167,2026-08-10,1658.5
7167,2026-08-17,1648.5
7167,2026-08-24,1700.5
7167,2026-08-31,1707.0
7167,2026-09-07,1670.0
7167,2026-09-14,1682.0
7167,2026-09-21,1729.5
7180,2025-10-06,839.22
7180,2025-10-13,820.08
7180,2025-10-20,850.27
7180,2025-10-27,871.87
7180,2025-11-03,876.41
7180,2025-11-10,884.9
7180,2025-11-17,900.19
7180,2025-11-24,949.62
7180,2025-12-01,952.08
7180,2025-12-08,989.58
7180,2025-12-15,987.6
7180,2025-12-22,992.04
7180,2025-12-29,1004.38
7180,2026-01-05,1071.47
7180,2026-01-12,1149.9
7180,2026-01-19,1152.86
7180,2026-01-26,1140.04
7180,2026-02-02,1280.63
7180,2026-02-09,1316.15
7180,2026-02-16,1300.36
7180,2026-02-23,1320.09
7180,2026-03-02,1215.02
7180,2026-03-09,1157.3
7180,2026-03-16,1144.48
7180,2026-03-23,1179.5
7180,2026-03-30,1228.5
7180,2026-04-06,1295.0
7180,2026-04-13,1315.0
7180,2026-04-20,1243.0
7180,2026-04-27,1265.0
7180,2026-05-04,1259.0
7180,2026-05-11,1417.5
7180,2026-05-18,1453.5
7180,2026-05-25,1382.0
7180,2026-06-01,1416.5
7180,2026-06-08,1445.0
7180,2026-06-15,1439.5
7180,2026-06-22,1436.5
7180,2026-06-29,1512.5
7180,2026-07-06,1517.5
7180,2026-07-13,1483.0
7180,2026-07-20,1604.5
7180,2026-07-27,1484.5
7180,2026-08-03,1489.5
7180,2026-08-10,1547.5
7180,2026-08-17,1507.0
7180,2026-08-24,1565.5
7180,2026-08-31,1610.0
7180,2026-09-07,1615.5
7180,2026-09-14,1678.0
7180,2026-09-21,1745.0
7181,2025-10-06,1361.28
7181,2025-10-13,1330.67
7181,2025-10-20,1319.81
7181,2025-10-27,1313.88
7181,2025-11-03,1311.91
7181,2025-11-10,1365.23
7181,2025-11-17,1399.46
7181,2025-11-24,1430.07
7181,2025-12-01,1441.92
7181,2025-12-08,1455.08
7181,2025-12-15,1504.45
7181,2025-12-22,1532.76
7181,2025-12-29,1550.86
7181,2026-01-05,1656.51
7181,2026-01-12,1705.88
7181,2026-01-19,1569.95
7181,2026-01-26,1571.59
7181,2026-02-02,1649.6
7181,2026-02-09,1685.47
7181,2026-02-16,1632.15
7181,2026-02-23,1679.22
7181,2026-03-02,1559.74
7181,2026-03-09,1512.35
7181,2026-03-16,1549.87
7181,2026-03-23,1618.0
7181,2026-03-30,1619.5
7181,2026-04-06,1595.5
7181,2026-04-13,1600.5
7181,2026-04-20,1495.5
7181,2026-04-27,1531.0
7181,2026-05-04,1558.5
7181,2026-05-11,1648.0
7181,2026-05-18,1526.5
7181,2026-05-25,1429.5
7181,2026-06-01,1422.5
7181,2026-06-08,1541.0
7181,2026-06-15,1525.0
7181,2026-06-22,1491.5
7181,2026-06-29,1613.0
7181,2026-07-06,1612.5
7181,2026-07-13,1610.5
7181,2026-07-20,1769.0
7181,2026-07-27,1771.0
7181,2026-08-03,1788.0
7181,2026-08-10,1697.0
7181,2026-08-17,1651.5
7181,2026-08-24,1678.0
7181,2026-08-31,1735.5
7181,2026-09-07,1767.5
7181,2026-09-14,1799.5
7181,2026-09-21,1828.0
7184,2025-10-06,1437.68
7184,2025-10-13,1389.76
7184,2025-10-20,1446.48
7184,2025-10-27,1424.97
7184,2025-11-03,1386.82
7184,2025-11-10,1537.44
7184,2025-11-17,1560.91
7184,2025-11-24,1670.45
7184,2025-12-01,1686.09
7184,2025-12-08,1737.93
7184,2025-12-15,1742.82
7184,2025-12-22,1748.69
7184,2025-12-29,1775.09
7184,2026-01-05,1898.32
7184,2026-01-12,2100.77
7184,2026-01-19,2369.73
7184,2026-01-26,2174.12
7184,2026-02-02,2679.76
7184,2026-02-09,2656.28
7184,2026-02-16,2534.03
7184,2026-02-23,2664.11
7184,2026-03-02,2349.19
7184,2026-03-09,2401.02
7184,2026-03-16,2452.86
7184,2026-03-23,2491.0
7184,2026-03-30,2447.0
7184,2026-04-06,2602.0
7184,2026-04-13,2755.0
7184,2026-04-20,2486.0
7184,2026-04-27,2566.0
7184,2026-05-04,2570.0
7184,2026-05-11,2695.0
7184,2026-05-18,2700.0
7184,2026-05-25,2498.0
7184,2026-06-01,2490.0
7184,2026-06-08,2497.0
7184,2026-06-15,2400.0
7184,2026-06-22,2436.0
7184,2026-06-29,2671.0
7184,2026-07-06,2677.0
7184,2026-07-13,2685.0
7184,2026-07-20,3065.0
7184,2026-07-27,2911.0
7184,2026-08-03,3055.0
7184,2026-08-10,3310.0
7184,2026-08-17,3175.0
7184,2026-08-24,3415.0
7184,2026-08-31,3405.0
7184,2026-09-07,3465.0
7184,2026-09-14,3535.0
7184,2026-09-21,3665.0
7189,2025-10-06,2363.91
7189,2025-10-13,2317.79
7189,2025-10-20,2494.42
7189,2025-10-27,2588.62
7189,2025-11-03,2626.89
7189,2025-11-10,2840.32
7189,2025-11-17,2818.24
7189,2025-11-24,2909.5
7189,2025-12-01,2963.47
7189,2025-12-08,2953.66
7189,2025-12-15,3106.74
7189,2025-12-22,3085.15
7189,2025-12-29,3150.9
7189,2026-01-05,3345.19
7189,2026-01-12,3640.56
7189,2026-01-19,3637.61
7189,2026-01-26,3660.18
7189,2026-02-02,4081.15
7189,2026-02-09,4227.36
7189,2026-02-16,4336.29
7189,2026-02-23,4370.63
7189,2026-03-02,4043.86
7189,2026-03-09,3844.66
7189,2026-03-16,3795.6
7189,2026-03-23,3827.0
7189,2026-03-30,4008.0
7189,2026-04-06,4217.0
7189,2026-04-13,4185.0
7189,2026-04-20,3812.0
7189,2026-04-27,3908.0
7189,2026-05-04,3946.0
7189,2026-05-11,4050.0
7189,2026-05-18,4097.0
7189,2026-05-25,3953.0
7189,2026-06-01,4008.0
7189,2026-06-08,4169.0
7189,2026-06-15,4072.0
7189,2026-06-22,4204.0
7189,2026-06-29,4282.0
7189,2026-07-06,4340.0
7189,2026-07-13,4106.0
7189,2026-07-20,4441.0
7189,2026-07-27,4268.0
7189,2026-08-03,4532.0
7189,2026-08-10,4771.0
7189,2026-08-17,4663.0
7189,2026-08-24,4839.0
7189,2026-08-31,4929.0
7189,2026-09-07,4866.0
7189,2026-09-14,4964.0
7189,2026-09-21,5146.0
7239,2025-10-06,1882.57
7239,2025-10-13,1920.59
7239,2025-10-20,1959.58
7239,2025-10-27,1910.84
7239,2025-11-03,1930.34
7239,2025-11-10,1974.21
7239,2025-11-17,1958.61
7239,2025-11-24,1982.98
7239,2025-12-01,1935.21
7239,2025-12-08,1986.88
7239,2025-12-15,2018.08
7239,2025-12-22,2034.65
7239,2025-12-29,2030.75
7239,2026-01-05,2062.93
7239,2026-01-12,2107.77
7239,2026-01-19,2105.82
7239,2026-01-26,2051.23
7239,2026-02-02,2158.47
7239,2026-02-09,2208.19
7239,2026-02-16,2229.64
7239,2026-02-23,2290.08
7239,2026-03-02,2144.82
7239,2026-03-09,2054.15
7239,2026-03-16,2027.83
7239,2026-03-23,2063.9
7239,2026-03-30,2078.0
7239,2026-04-06,2098.0
7239,2026-04-13,2115.0
7239,2026-04-20,2066.0
7239,2026-04-27,2051.0
7239,2026-05-04,2090.0
7239,2026-05-11,2172.0
7239,2026-05-18,2180.0
7239,2026-05-25,2272.0
7239,2026-06-01,2200.0
7239,2026-06-08,2145.0
7239,2026-06-15,2189.0
7239,2026-06-22,2150.0
7239,2026-06-29,2151.0
7239,2026-07-06,2146.0
7239,2026-07-13,2146.0
7239,2026-07-20,2169.0
7239,2026-07-27,2262.0
7239,2026-08-03,2284.0
7239,2026-08-10,2309.0
7239,2026-08-17,2338.0
7239,2026-08-24,2355.0
7239,2026-08-31,2379.0
7239,2026-09-07,2285.0
7239,2026-09-14,2376.0
7239,2026-09-21,2398.0
7256,2025-10-06,98.0
7256,2025-10-13,94.0
7256,2025-10-20,109.0
7256,2025-10-27,135.0
7256,2025-11-03,123.0
7256,2025-11-10,106.0
7256,2025-11-17,105.0
7256,2025-11-24,118.0
7256,2025-12-01,119.0
7256,2025-12-08,139.0
7256,2025-12-15,134.0
7256,2025-12-22,132.0
7256,2025-12-29,132.0
7256,2026-01-05,151.0
7256,2026-01-12,162.0
7256,2026-01-19,152.0
7256,2026-01-26,158.0
7256,2026-02-02,162.0
7256,2026-02-09,163.0
7256,2026-02-16,355.0
7256,2026-02-23,314.0
7256,2026-03-02,276.0
7256,2026-03-09,287.0
7256,2026-03-16,280.0
7256,2026-03-23,273.0
7256,2026-03-30,267.0
7256,2026-04-06,269.0
7256,2026-04-13,274.0
7256,2026-04-20,455.0
7256,2026-04-27,345.0
7256,2026-05-04,434.0
7256,2026-05-11,443.0
7256,2026-05-18,405.0
7256,2026-05-25,373.0
7256,2026-06-01,362.0
7256,2026-06-08,355.0
7256,2026-06-15,487.0
7256,2026-06-22,407.0
7256,2026-06-29,444.0
7256,2026-07-06,432.0
7256,2026-07-13,418.0
7256,2026-07-20,411.0
7256,2026-07-27,411.0
7256,2026-08-03,430.0
7256,2026-08-10,451.0
7256,2026-08-17,432.0
7256,2026-08-24,416.0
7256,2026-08-31,429.0
7256,2026-09-07,429.0
7256,2026-09-14,469.0
7256,2026-09-21,565.0
7322,2025-10-06,866.29
7322,2025-10-13,874.92
7322,2025-10-20,898.37
7322,2025-10-27,900.84
7322,2025-11-03,920.58
7322,2025-11-10,942.8
7322,2025-11-17,950.2
7322,2025-11-24,1009.43
7322,2025-12-01,1004.5
7322,2025-12-08,1010.67
7322,2025-12-15,1042.75
7322,2025-12-22,1043.99
7322,2025-12-29,1087.18
7322,2026-01-05,1148.88
7322,2026-01-12,1229.09
7322,2026-01-19,1263.64
7322,2026-01-26,1234.03
7322,2026-02-02,1377.17
7322,2026-02-09,1505.51
7322,2026-02-16,1510.45
7322,2026-02-23,1557.34
7322,2026-03-02,1515.38
7322,2026-03-09,1495.64
7322,2026-03-16,1503.04
7322,2026-03-23,1545.0
7322,2026-03-30,1516.0
7322,2026-04-06,1646.0
7322,2026-04-13,1680.0
7322,2026-04-20,1529.0
7322,2026-04-27,1634.0
7322,2026-05-04,1659.0
7322,2026-05-11,1697.0
7322,2026-05-18,1711.0
7322,2026-05-25,1598.0
7322,2026-06-01,1612.0
7322,2026-06-08,1751.0
7322,2026-06-15,1660.0
7322,2026-06-22,1721.0
7322,2026-06-29,1825.0
7322,2026-07-06,1799.0
7322,2026-07-13,1775.0
7322,2026-07-20,1997.0
7322,2026-07-27,1910.0
7322,2026-08-03,1901.0
7322,2026-08-10,2077.0
7322,2026-08-17,2012.0
7322,2026-08-24,2152.0
7322,2026-08-31,2159.0
7322,2026-09-07,2033.0
7322,2026-09-14,2087.0
7322,2026-09-21,2238.0
7327,2025-10-06,1400.52
7327,2025-10-13,1417.22
7327,2025-10-20,1432.93
7327,2025-10-27,1461.42
7327,2025-11-03,1457.49
7327,2025-11-10,1472.22
7327,2025-11-17,1502.67
7327,2025-11-24,1590.07
7327,2025-12-01,1622.49
7327,2025-12-08,1602.84
7327,2025-12-15,1619.54
7327,2025-12-22,1594.0
7327,2025-12-29,1598.91
7327,2026-01-05,1712.84
7327,2026-01-12,1780.61
7327,2026-01-19,1819.89
7327,2026-01-26,1804.18
7327,2026-02-02,1868.02
7327,2026-02-09,1997.66
7327,2026-02-16,1962.3
7327,2026-02-23,2004.54
7327,2026-03-02,2011.41
7327,2026-03-09,1936.77
7327,2026-03-16,1931.86
7327,2026-03-23,1979.0
7327,2026-03-30,1937.0
7327,2026-04-06,2015.0
7327,2026-04-13,1996.0
7327,2026-04-20,1841.0
7327,2026-04-27,1944.0
7327,2026-05-04,1977.0
7327,2026-05-11,2030.0
7327,2026-05-18,2115.0
7327,2026-05-25,2020.0
7327,2026-06-01,2046.0
7327,2026-06-08,2104.0
7327,2026-06-15,2076.0
7327,2026-06-22,2131.0
7327,2026-06-29,2211.0
7327,2026-07-06,2246.0
7327,2026-07-13,2202.0
7327,2026-07-20,2365.0
7327,2026-07-27,2308.0
7327,2026-08-03,2372.0
7327,2026-08-10,2500.0
7327,2026-08-17,2465.0
7327,2026-08-24,2586.0
7327,2026-08-31,2646.0
7327,2026-09-07,2631.0
7327,2026-09-14,2664.0
7327,2026-09-21,2855.0
7337,2025-10-06,1360.94
7337,2025-10-13,1337.84
7337,2025-10-20,1369.78
7337,2025-10-27,1415.49
7337,2025-11-03,1431.22
7337,2025-11-10,1452.85
7337,2025-11-17,1463.17
7337,2025-11-24,1522.15
7337,2025-12-01,1519.69
7337,2025-12-08,1546.72
7337,2025-12-15,1580.63
7337,2025-12-22,1541.31
7337,2025-12-29,1554.58
7337,2026-01-05,1631.26
7337,2026-01-12,1704.0
7337,2026-01-19,1697.61
7337,2026-01-26,1717.27
7337,2026-02-02,1861.27
7337,2026-02-09,1906.49
7337,2026-02-16,1891.75
7337,2026-02-23,1903.54
7337,2026-03-02,1818.52
7337,2026-03-09,1799.84
7337,2026-03-16,1750.69
7337,2026-03-23,1790.5
7337,2026-03-30,1810.0
7337,2026-04-06,1928.5
7337,2026-04-13,1923.5
7337,2026-04-20,1791.5
7337,2026-04-27,1842.5
7337,2026-05-04,1857.5
7337,2026-05-11,2053.5
7337,2026-05-18,2082.0
7337,2026-05-25,2017.5
7337,2026-06-01,2022.5
7337,2026-06-08,2081.5
7337,2026-06-15,2080.5
7337,2026-06-22,2100.5
7337,2026-06-29,2198.5
7337,2026-07-06,2199.0
7337,2026-07-13,2131.0
7337,2026-07-20,2304.0
7337,2026-07-27,2204.5
7337,2026-08-03,2268.0
7337,2026-08-10,2364.5
7337,2026-08-17,2300.5
7337,2026-08-24,2378.0
7337,2026-08-31,2396.0
7337,2026-09-07,2361.0
7337,2026-09-14,2400.5
7337,2026-09-21,2470.0
7350,2025-10-06,3619.08
7350,2025-10-13,3569.97
7350,2025-10-20,3732.02
7350,2025-10-27,3776.22
7350,2025-11-03,3835.14
7350,2025-11-10,4247.63
7350,2025-11-17,4242.72
7350,2025-11-24,4561.91
7350,2025-12-01,4517.71
7350,2025-12-08,4522.62
7350,2025-12-15,4620.83
7350,2025-12-22,4620.83
7350,2025-12-29,4679.76
7350,2026-01-05,4876.18
7350,2026-01-12,5126.62
7350,2026-01-19,5303.4
7350,2026-01-26,5156.08
7350,2026-02-02,5598.03
7350,2026-02-09,5735.53
7350,2026-02-16,5794.45
7350,2026-02-23,5902.49
7350,2026-03-02,5460.54
7350,2026-03-09,5313.22
7350,2026-03-16,5352.5
7350,2026-03-23,5490.0
7350,2026-03-30,5380.0
7350,2026-04-06,5720.0
7350,2026-04-13,5910.0
7350,2026-04-20,5500.0
7350,2026-04-27,5590.0
7350,2026-05-04,5700.0
7350,2026-05-11,5910.0
7350,2026-05-18,6150.0
7350,2026-05-25,6170.0
7350,2026-06-01,6190.0
7350,2026-06-08,6470.0
7350,2026-06-15,6250.0
7350,2026-06-22,6330.0
7350,2026-06-29,6630.0
7350,2026-07-06,6760.0
7350,2026-07-13,6830.0
7350,2026-07-20,7360.0
7350,2026-07-27,7350.0
7350,2026-08-03,7610.0
7350,2026-08-10,7940.0
7350,2026-08-17,7650.0
7350,2026-08-24,7940.0
7350,2026-08-31,7910.0
7350,2026-09-07,7750.0
7350,2026-09-14,7960.0
7350,2026-09-21,8280.0
7380,2025-10-06,1055.97
7380,2025-10-13,1061.88
7380,2025-10-20,1091.43
7380,2025-10-27,1107.19
7380,2025-11-03,1132.8
7380,2025-11-10,1168.26
7380,2025-11-17,1205.69
7380,2025-11-24,1225.39
7380,2025-12-01,1258.88
7380,2025-12-08,1294.35
7380,2025-12-15,1319.96
7380,2025-12-22,1345.57
7380,2025-12-29,1418.46
7380,2026-01-05,1461.8
7380,2026-01-12,1591.83
7380,2026-01-19,1676.54
7380,2026-01-26,1615.47
7380,2026-02-02,1780.96
7380,2026-02-09,1802.63
7380,2026-02-16,1946.44
7380,2026-02-23,2029.19
7380,2026-03-02,1869.61
7380,2026-03-09,1784.9
7380,2026-03-16,1741.56
7380,2026-03-23,1844.0
7380,2026-03-30,1870.0
7380,2026-04-06,2055.0
7380,2026-04-13,2116.0
7380,2026-04-20,1999.0
7380,2026-04-27,2059.0
7380,2026-05-04,2060.0
7380,2026-05-11,2045.0
7380,2026-05-18,2151.0
7380,2026-05-25,2116.0
7380,2026-06-01,2095.0
7380,2026-06-08,2197.0
7380,2026-06-15,2179.0
7380,2026-06-22,2290.0
7380,2026-06-29,2461.0
7380,2026-07-06,2464.0
7380,2026-07-13,2312.0
7380,2026-07-20,2562.0
7380,2026-07-27,2366.0
7380,2026-08-03,2416.0
7380,2026-08-10,2582.0
7380,2026-08-17,2512.0
7380,2026-08-24,2617.0
7380,2026-08-31,2650.0
7380,2026-09-07,2633.0
7380,2026-09-14,2723.0
7380,2026-09-21,2849.0
7381,2025-10-06,633.19
7381,2025-10-13,628.25
7381,2025-10-20,651.96
7381,2025-10-27,650.97
7381,2025-11-03,638.13
7381,2025-11-10,641.09
7381,2025-11-17,641.09
7381,2025-11-24,693.45
7381,2025-12-01,700.36
7381,2025-12-08,705.3
7381,2025-12-15,706.29
7381,2025-12-22,785.31
7381,2025-12-29,798.16
7381,2026-01-05,889.04
7381,2026-01-12,969.05
7381,2026-01-19,964.11
7381,2026-01-26,913.73
7381,2026-02-02,930.52
7381,2026-02-09,968.06
7381,2026-02-16,1000.66
7381,2026-02-23,1041.16
7381,2026-03-02,1008.56
7381,2026-03-09,952.26
7381,2026-03-16,952.26
7381,2026-03-23,973.0
7381,2026-03-30,985.0
7381,2026-04-06,1024.0
7381,2026-04-13,1015.0
7381,2026-04-20,924.0
7381,2026-04-27,963.0
7381,2026-05-04,1014.0
7381,2026-05-11,1044.0
7381,2026-05-18,1056.0
7381,2026-05-25,1037.0
7381,2026-06-01,1034.0
7381,2026-06-08,989.0
7381,2026-06-15,961.0
7381,2026-06-22,978.0
7381,2026-06-29,1043.0
7381,2026-07-06,1034.0
7381,2026-07-13,1072.0
7381,2026-07-20,1156.0
7381,2026-07-27,1107.0
7381,2026-08-03,1214.0
7381,2026-08-10,1268.0
7381,2026-08-17,1227.0
7381,2026-08-24,1273.0
7381,2026-08-31,1290.0
7381,2026-09-07,1278.0
7381,2026-09-14,1331.0
7381,2026-09-21,1370.0
7384,2025-10-06,1651.76
7384,2025-10-13,1655.73
7384,2025-10-20,1682.52
7384,2025-10-27,1718.23
7384,2025-11-03,1710.3
7384,2025-11-10,1748.99
7384,2025-11-17,1666.65
7384,2025-11-24,1740.06
7384,2025-12-01,1723.19
7384,2025-12-08,1778.75
7384,2025-12-15,1809.5
7384,2025-12-22,2063.47
7384,2025-12-29,2161.68
7384,2026-01-05,2321.4
7384,2026-01-12,2395.8
7384,2026-01-19,2751.95
7384,2026-01-26,2654.73
7384,2026-02-02,2886.87
7384,2026-02-09,2793.62
7384,2026-02-16,2837.27
7384,2026-02-23,2957.3
7384,2026-03-02,3010.87
7384,2026-03-09,3035.68
7384,2026-03-16,3045.6
7384,2026-03-23,3120.0
7384,2026-03-30,3160.0
7384,2026-04-06,3250.0
7384,2026-04-13,3790.0
7384,2026-04-20,3435.0
7384,2026-04-27,3525.0
7384,2026-05-04,3580.0
7384,2026-05-11,3445.0
7384,2026-05-18,3820.0
7384,2026-05-25,3915.0
7384,2026-06-01,3960.0
7384,2026-06-08,3550.0
7384,2026-06-15,3445.0
7384,2026-06-22,3555.0
7384,2026-06-29,4055.0
7384,2026-07-06,4065.0
7384,2026-07-13,3860.0
7384,2026-07-20,4330.0
7384,2026-07-27,4000.0
7384,2026-08-03,4315.0
7384,2026-08-10,4625.0
7384,2026-08-17,4480.0
7384,2026-08-24,4650.0
7384,2026-08-31,4820.0
7384,2026-09-07,5110.0
7384,2026-09-14,5430.0
7384,2026-09-21,5630.0
7389,2025-10-06,721.21
7389,2025-10-13,732.08
7389,2025-10-20,738.01
7389,2025-10-27,785.43
7389,2025-11-03,813.09
7389,2025-11-10,830.87
7389,2025-11-17,845.69
7389,2025-11-24,917.82
7389,2025-12-01,937.57
7389,2025-12-08,910.9
7389,2025-12-15,931.65
7389,2025-12-22,896.08
7389,2025-12-29,908.92
7389,2026-01-05,977.09
7389,2026-01-12,1086.76
7389,2026-01-19,1112.44
7389,2026-01-26,1080.83
7389,2026-02-02,1165.79
7389,2026-02-09,1252.73
7389,2026-02-16,1234.95
7389,2026-02-23,1304.11
7389,2026-03-02,1185.55
7389,2026-03-09,1185.55
7389,2026-03-16,1250.76
7389,2026-03-23,1395.0
7389,2026-03-30,1432.0
7389,2026-04-06,1588.0
7389,2026-04-13,1640.0
7389,2026-04-20,1459.0
7389,2026-04-27,1478.0
7389,2026-05-04,1499.0
7389,2026-05-11,1522.0
7389,2026-05-18,1413.0
7389,2026-05-25,1357.0
7389,2026-06-01,1346.0
7389,2026-06-08,1367.0
7389,2026-06-15,1355.0
7389,2026-06-22,1384.0
7389,2026-06-29,1483.0
7389,2026-07-06,1498.0
7389,2026-07-13,1687.0
7389,2026-07-20,1828.0
7389,2026-07-27,1737.0
7389,2026-08-03,1622.0
7389,2026-08-10,1868.0
7389,2026-08-17,1803.0
7389,2026-08-24,1958.0
7389,2026-08-31,1923.0
7389,2026-09-07,1979.0
7389,2026-09-14,1977.0
7389,2026-09-21,2066.0
7413,2025-10-06,2565.48
7413,2025-10-13,2512.88
7413,2025-10-20,2608.16
7413,2025-10-27,2594.26
7413,2025-11-03,2481.12
7413,2025-11-10,2471.2
7413,2025-11-17,2506.93
7413,2025-11-24,2519.83
7413,2025-12-01,2605.18
7413,2025-12-08,2640.91
7413,2025-12-15,2564.49
7413,2025-12-22,2587.32
7413,2025-12-29,2686.56
7413,2026-01-05,2711.37
7413,2026-01-12,2791.76
7413,2026-01-19,2821.54
7413,2026-01-26,2610.14
7413,2026-02-02,2685.57
7413,2026-02-09,2868.18
7413,2026-02-16,2838.41
7413,2026-02-23,2835.43
7413,2026-03-02,2785.81
7413,2026-03-09,2779.85
7413,2026-03-16,2674.65
7413,2026-03-23,2629.0
7413,2026-03-30,2500.0
7413,2026-04-06,2613.0
7413,2026-04-13,2557.0
7413,2026-04-20,2562.0
7413,2026-04-27,2565.0
7413,2026-05-04,2564.0
7413,2026-05-11,2565.0
7413,2026-05-18,2560.0
7413,2026-05-25,2521.0
7413,2026-06-01,2495.0
7413,2026-06-08,2500.0
7413,2026-06-15,2550.0
7413,2026-06-22,2557.0
7413,2026-06-29,2680.0
7413,2026-07-06,2600.0
7413,2026-07-13,2625.0
7413,2026-07-20,2600.0
7413,2026-07-27,2670.0
7413,2026-08-03,2658.0
7413,2026-08-10,2658.0
7413,2026-08-17,2640.0
7413,2026-08-24,2615.0
7413,2026-08-31,2685.0
7413,2026-09-07,2730.0
7413,2026-09-14,2860.0
7413,2026-09-21,2950.0
7433,2025-10-06,3663.19
7433,2025-10-13,3682.73
7433,2025-10-20,3731.57
7433,2025-10-27,3770.65
7433,2025-11-03,3726.69
7433,2025-11-10,3751.11
7433,2025-11-17,3756.0
7433,2025-11-24,3829.26
7433,2025-12-01,3785.3
7433,2025-12-08,3790.19
7433,2025-12-15,3775.53
7433,2025-12-22,3824.38
7433,2025-12-29,3824.38
7433,2026-01-05,3853.68
7433,2026-01-12,3907.41
7433,2026-01-19,3917.18
7433,2026-01-26,4053.94
7433,2026-02-02,4190.69
7433,2026-02-09,4234.65
7433,2026-02-16,4220.0
7433,2026-02-23,4332.34
7433,2026-03-02,4127.2
7433,2026-03-09,4093.01
7433,2026-03-16,4073.47
7433,2026-03-23,4220.0
7433,2026-03-30,4230.0
7433,2026-04-06,4280.0
7433,2026-04-13,4235.0
7433,2026-04-20,4145.0
7433,2026-04-27,4165.0
7433,2026-05-04,4205.0
7433,2026-05-11,4570.0
7433,2026-05-18,4535.0
7433,2026-05-25,4545.0
7433,2026-06-01,4575.0
7433,2026-06-08,4475.0
7433,2026-06-15,4530.0
7433,2026-06-22,4550.0
7433,2026-06-29,4635.0
7433,2026-07-06,4590.0
7433,2026-07-13,4400.0
7433,2026-07-20,4590.0
7433,2026-07-27,4940.0
7433,2026-08-03,5360.0
7433,2026-08-10,5280.0
7433,2026-08-17,5220.0
7433,2026-08-24,5270.0
7433,2026-08-31,5280.0
7433,2026-09-07,5410.0
7433,2026-09-14,5470.0
7433,2026-09-21,5700.0
7435,2025-10-06,985.01
7435,2025-10-13,969.43
7435,2025-10-20,969.43
7435,2025-10-27,974.42
7435,2025-11-03,957.69
7435,2025-11-10,960.64
7435,2025-11-17,958.67
7435,2025-11-24,977.37
7435,2025-12-01,972.45
7435,2025-12-08,944.89
7435,2025-12-15,963.59
7435,2025-12-22,955.72
7435,2025-12-29,960.64
7435,2026-01-05,968.52
7435,2026-01-12,971.47
7435,2026-01-19,955.72
7435,2026-01-26,963.59
7435,2026-02-02,974.42
7435,2026-02-09,996.08
7435,2026-02-16,998.04
7435,2026-02-23,1033.48
7435,2026-03-02,978.36
7435,2026-03-09,1102.38
7435,2026-03-16,1089.58
7435,2026-03-23,1095.49
7435,2026-03-30,1204.74
7435,2026-04-06,1235.25
7435,2026-04-13,1234.27
7435,2026-04-20,1219.5
7435,2026-04-27,1036.0
7435,2026-05-04,992.0
7435,2026-05-11,981.0
7435,2026-05-18,959.0
7435,2026-05-25,1160.0
7435,2026-06-01,1019.0
7435,2026-06-08,1093.0
7435,2026-06-15,1251.0
7435,2026-06-22,1292.0
7435,2026-06-29,1305.0
7435,2026-07-06,1289.0
7435,2026-07-13,1215.0
7435,2026-07-20,1196.0
7435,2026-07-27,1196.0
7435,2026-08-03,1263.0
7435,2026-08-10,1323.0
7435,2026-08-17,1350.0
7435,2026-08-24,1343.0
7435,2026-08-31,1305.0
7435,2026-09-07,1239.0
7435,2026-09-14,1290.0
7435,2026-09-21,1341.0
7537,2025-10-06,1067.51
7537,2025-10-13,1068.49
7537,2025-10-20,1168.29
7537,2025-10-27,1162.42
7537,2025-11-03,1111.54
7537,2025-11-10,1150.68
7537,2025-11-17,1135.02
7537,2025-11-24,1183.94
7537,2025-12-01,1169.27
7537,2025-12-08,1175.14
7537,2025-12-15,1205.47
7537,2025-12-22,1249.5
7537,2025-12-29,1274.94
7537,2026-01-05,1330.71
7537,2026-01-12,1356.16
7537,2026-01-19,1382.57
7537,2026-01-26,1340.5
7537,2026-02-02,1241.67
7537,2026-02-09,1247.55
7537,2026-02-16,1216.23
7537,2026-02-23,1247.55
7537,2026-03-02,1157.53
7537,2026-03-09,1098.82
7537,2026-03-16,1096.86
7537,2026-03-23,1136.0
7537,2026-03-30,1156.0
7537,2026-04-06,1182.0
7537,2026-04-13,1187.0
7537,2026-04-20,1171.0
7537,2026-04-27,1193.0
7537,2026-05-04,1223.0
7537,2026-05-11,1581.0
7537,2026-05-18,1586.0
7537,2026-05-25,1720.0
7537,2026-06-01,1717.0
7537,2026-06-08,1604.0
7537,2026-06-15,1742.0
7537,2026-06-22,1652.0
7537,2026-06-29,1683.0
7537,2026-07-06,1686.0
7537,2026-07-13,1611.0
7537,2026-07-20,1685.0
7537,2026-07-27,1695.0
7537,2026-08-03,1761.0
7537,2026-08-10,1890.0
7537,2026-08-17,1778.0
7537,2026-08-24,1866.0
7537,2026-08-31,1803.0
7537,2026-09-07,1798.0
7537,2026-09-14,1875.0
7537,2026-09-21,1913.0
7552,2025-10-06,3245.62
7552,2025-10-13,3138.72
7552,2025-10-20,3172.74
7552,2025-10-27,3056.13
7552,2025-11-03,3095.0
7552,2025-11-10,3041.55
7552,2025-11-17,3031.83
7552,2025-11-24,3153.3
7552,2025-12-01,2939.52
7552,2025-12-08,2915.22
7552,2025-12-15,2813.19
7552,2025-12-22,2847.2
7552,2025-12-29,2861.78
7552,2026-01-05,2821.94
7552,2026-01-12,2856.92
7552,2026-01-19,2834.57
7552,2026-01-26,2685.89
7552,2026-02-02,2637.31
7552,2026-02-09,2635.36
7552,2026-02-16,2798.62
7552,2026-02-23,3095.0
7552,2026-03-02,3080.42
7552,2026-03-09,2905.51
7552,2026-03-16,2766.55
7552,2026-03-23,2751.0
7552,2026-03-30,2718.0
7552,2026-04-06,2747.0
7552,2026-04-13,2798.0
7552,2026-04-20,2685.0
7552,2026-04-27,2670.0
7552,2026-05-04,2631.0
7552,2026-05-11,2647.0
7552,2026-05-18,2710.0
7552,2026-05-25,2775.0
7552,2026-06-01,2748.0
7552,2026-06-08,2711.0
7552,2026-06-15,2744.0
7552,2026-06-22,2903.0
7552,2026-06-29,2990.0
7552,2026-07-06,3110.0
7552,2026-07-13,3105.0
7552,2026-07-20,3040.0
7552,2026-07-27,3315.0
7552,2026-08-03,3390.0
7552,2026-08-10,3480.0
7552,2026-08-17,3695.0
7552,2026-08-24,3755.0
7552,2026-08-31,3660.0
7552,2026-09-07,3740.0
7552,2026-09-14,4075.0
7552,2026-09-21,4290.0
7590,2025-10-06,410.25
7590,2025-10-13,417.17
7590,2025-10-20,426.07
7590,2025-10-27,416.18
7590,2025-11-03,421.13
7590,2025-11-10,432.0
7590,2025-11-17,436.94
7590,2025-11-24,415.19
7590,2025-12-01,412.23
7590,2025-12-08,407.29
7590,2025-12-15,414.21
7590,2025-12-22,415.19
7590,2025-12-29,417.17
7590,2026-01-05,429.03
7590,2026-01-12,432.0
7590,2026-01-19,406.0
7590,2026-01-26,402.0
7590,2026-02-02,398.0
7590,2026-02-09,399.0
7590,2026-02-16,397.0
7590,2026-02-23,407.0
7590,2026-03-02,386.0
7590,2026-03-09,379.0
7590,2026-03-16,379.0
7590,2026-03-23,392.0
7590,2026-03-30,390.0
7590,2026-04-06,397.0
7590,2026-04-13,397.0
7590,2026-04-20,385.0
7590,2026-04-27,389.0
7590,2026-05-04,393.0
7590,2026-05-11,400.0
7590,2026-05-18,400.0
7590,2026-05-25,386.0
7590,2026-06-01,399.0
7590,2026-06-08,395.0
7590,2026-06-15,400.0
7590,2026-06-22,401.0
7590,2026-06-29,401.0
7590,2026-07-06,399.0
7590,2026-07-13,390.0
7590,2026-07-20,388.0
7590,2026-07-27,391.0
7590,2026-08-03,393.0
7590,2026-08-10,401.0
7590,2026-08-17,403.0
7590,2026-08-24,402.0
7590,2026-08-31,398.0
7590,2026-09-07,391.0
7590,2026-09-14,394.0
7590,2026-09-21,397.0
7624,2025-10-06,134.17
7624,2025-10-13,133.19
7624,2025-10-20,136.11
7624,2025-10-27,133.19
7624,2025-11-03,135.14
7624,2025-11-10,136.11
7624,2025-11-17,133.19
7624,2025-11-24,136.11
7624,2025-12-01,135.14
7624,2025-12-08,135.14
7624,2025-12-15,137.08
7624,2025-12-22,131.25
7624,2025-12-29,129.31
7624,2026-01-05,138.06
7624,2026-01-12,138.06
7624,2026-01-19,140.0
7624,2026-01-26,135.14
7624,2026-02-02,137.08
7624,2026-02-09,140.0
7624,2026-02-16,140.0
7624,2026-02-23,144.0
7624,2026-03-02,139.0
7624,2026-03-09,136.0
7624,2026-03-16,136.0
7624,2026-03-23,134.0
7624,2026-03-30,133.0
7624,2026-04-06,133.0
7624,2026-04-13,133.0
7624,2026-04-20,133.0
7624,2026-04-27,134.0
7624,2026-05-04,134.0
7624,2026-05-11,134.0
7624,2026-05-18,133.0
7624,2026-05-25,135.0
7624,2026-06-01,134.0
7624,2026-06-08,132.0
7624,2026-06-15,136.0
7624,2026-06-22,138.0
7624,2026-06-29,142.0
7624,2026-07-06,141.0
7624,2026-07-13,140.0
7624,2026-07-20,139.0
7624,2026-07-27,139.0
7624,2026-08-03,140.0
7624,2026-08-10,145.0
7624,2026-08-17,152.0
7624,2026-08-24,153.0
7624,2026-08-31,156.0
7624,2026-09-07,154.0
7624,2026-09-14,167.0
7624,2026-09-21,170.0
7743,2025-10-06,521.18
7743,2025-10-13,522.16
7743,2025-10-20,543.63
7743,2025-10-27,554.37
7743,2025-11-03,568.03
7743,2025-11-10,555.34
7743,2025-11-17,571.94
7743,2025-11-24,573.89
7743,2025-12-01,558.27
7743,2025-12-08,556.32
7743,2025-12-15,551.44
7743,2025-12-22,549.49
7743,2025-12-29,561.2
7743,2026-01-05,569.01
7743,2026-01-12,602.19
7743,2026-01-19,575.84
7743,2026-01-26,564.13
7743,2026-02-02,577.79
7743,2026-02-09,511.42
7743,2026-02-16,519.23
7743,2026-02-23,553.39
7743,2026-03-02,525.09
7743,2026-03-09,611.95
7743,2026-03-16,557.3
7743,2026-03-23,610.0
7743,2026-03-30,611.0
7743,2026-04-06,603.0
7743,2026-04-13,581.0
7743,2026-04-20,534.0
7743,2026-04-27,537.0
7743,2026-05-04,545.0
7743,2026-05-11,505.0
7743,2026-05-18,517.0
7743,2026-05-25,500.0
7743,2026-06-01,488.0
7743,2026-06-08,485.0
7743,2026-06-15,488.0
7743,2026-06-22,502.0
7743,2026-06-29,512.0
7743,2026-07-06,514.0
7743,2026-07-13,509.0
7743,2026-07-20,515.0
7743,2026-07-27,535.0
7743,2026-08-03,522.0
7743,2026-08-10,533.0
7743,2026-08-17,534.0
7743,2026-08-24,735.0
7743,2026-08-31,792.0
7743,2026-09-07,792.0
7743,2026-09-14,792.0
7743,2026-09-21,793.0
7811,2025-10-06,1680.22
7811,2025-10-13,1703.29
7811,2025-10-20,1739.82
7811,2025-10-27,1743.67
7811,2025-11-03,1734.05
7811,2025-11-10,1736.94
7811,2025-11-17,1712.91
7811,2025-11-24,1739.82
7811,2025-12-01,1727.32
7811,2025-12-08,1757.12
7811,2025-12-15,1812.87
7811,2025-12-22,1822.49
7811,2025-12-29,1859.01
7811,2026-01-05,1915.73
7811,2026-01-12,1923.41
7811,2026-01-19,1934.95
7811,2026-01-26,1907.07
7811,2026-02-02,1933.99
7811,2026-02-09,1980.13
7811,2026-02-16,1943.6
7811,2026-02-23,1958.27
7811,2026-03-02,1897.56
7811,2026-03-09,1862.31
7811,2026-03-16,1801.61
7811,2026-03-23,1814.34
7811,2026-03-30,1735.03
7811,2026-04-06,1830.98
7811,2026-04-13,1888.75
7811,2026-04-20,1890.71
7811,2026-04-27,1845.67
7811,2026-05-04,1873.08
7811,2026-05-11,1881.9
7811,2026-05-18,1876.02
7811,2026-05-25,1874.06
7811,2026-06-01,1838.82
7811,2026-06-08,1827.07
7811,2026-06-15,1852.52
7811,2026-06-22,1866.23
7811,2026-06-29,1921.06
7811,2026-07-06,1900.5
7811,2026-07-13,1874.06
7811,2026-07-20,1869.17
7811,2026-07-27,1856.44
7811,2026-08-03,1864.27
7811,2026-08-10,1904.42
7811,2026-08-17,1912.25
7811,2026-08-24,1957.0
7811,2026-08-31,1987.0
7811,2026-09-07,1937.0
7811,2026-09-14,2282.0
7811,2026-09-21,2329.0
7839,2025-10-06,1675.0
7839,2025-10-13,1675.0
7839,2025-10-20,1695.0
7839,2025-10-27,1639.0
7839,2025-11-03,1690.0
7839,2025-11-10,1745.0
7839,2025-11-17,1829.0
7839,2025-11-24,1860.0
7839,2025-12-01,1850.0
7839,2025-12-08,1843.0
7839,2025-12-15,1785.0
7839,2025-12-22,1798.0
7839,2025-12-29,1777.0
7839,2026-01-05,1819.0
7839,2026-01-12,1816.0
7839,2026-01-19,1799.0
7839,2026-01-26,1775.0
7839,2026-02-02,1726.0
7839,2026-02-09,1714.0
7839,2026-02-16,1704.0
7839,2026-02-23,1800.0
7839,2026-03-02,1678.0
7839,2026-03-09,1618.0
7839,2026-03-16,1605.0
7839,2026-03-23,1652.0
7839,2026-03-30,1717.0
7839,2026-04-06,1677.0
7839,2026-04-13,1717.0
7839,2026-04-20,1620.0
7839,2026-04-27,1850.0
7839,2026-05-04,1815.0
7839,2026-05-11,1794.0
7839,2026-05-18,1670.0
7839,2026-05-25,1746.0
7839,2026-06-01,1871.0
7839,2026-06-08,1824.0
7839,2026-06-15,1797.0
7839,2026-06-22,1774.0
7839,2026-06-29,1841.0
7839,2026-07-06,1826.0
7839,2026-07-13,1874.0
7839,2026-07-20,1897.0
7839,2026-07-27,1951.0
7839,2026-08-03,2018.0
7839,2026-08-10,2051.0
7839,2026-08-17,2077.0
7839,2026-08-24,2113.0
7839,2026-08-31,2111.0
7839,2026-09-07,2046.0
7839,2026-09-14,2122.0
7839,2026-09-21,2150.0
7883,2025-10-06,342.3
7883,2025-10-13,344.27
7883,2025-10-20,349.2
7883,2025-10-27,353.15
7883,2025-11-03,345.26
7883,2025-11-10,349.2
7883,2025-11-17,344.27
7883,2025-11-24,348.22
7883,2025-12-01,346.24
7883,2025-12-08,353.15
7883,2025-12-15,354.14
7883,2025-12-22,356.11
7883,2025-12-29,359.07
7883,2026-01-05,362.03
7883,2026-01-12,364.0
7883,2026-01-19,364.0
7883,2026-01-26,364.0
7883,2026-02-02,361.04
7883,2026-02-09,364.99
7883,2026-02-16,364.0
7883,2026-02-23,367.95
7883,2026-03-02,365.97
7883,2026-03-09,364.99
7883,2026-03-16,365.97
7883,2026-03-23,364.0
7883,2026-03-30,363.0
7883,2026-04-06,364.0
7883,2026-04-13,362.0
7883,2026-04-20,363.0
7883,2026-04-27,365.0
7883,2026-05-04,365.0
7883,2026-05-11,371.0
7883,2026-05-18,369.0
7883,2026-05-25,372.0
7883,2026-06-01,380.0
7883,2026-06-08,381.0
7883,2026-06-15,381.0
7883,2026-06-22,383.0
7883,2026-06-29,383.0
7883,2026-07-06,392.0
7883,2026-07-13,391.0
7883,2026-07-20,391.0
7883,2026-07-27,390.0
7883,2026-08-03,400.0
7883,2026-08-10,404.0
7883,2026-08-17,399.0
7883,2026-08-24,404.0
7883,2026-08-31,401.0
7883,2026-09-07,398.0
7883,2026-09-14,401.0
7883,2026-09-21,485.0
7897,2025-10-06,118.74
7897,2025-10-13,114.81
7897,2025-10-20,118.74
7897,2025-10-27,111.87
7897,2025-11-03,110.89
7897,2025-11-10,109.91
7897,2025-11-17,105.0
7897,2025-11-24,110.89
7897,2025-12-01,107.94
7897,2025-12-08,108.93
7897,2025-12-15,108.93
7897,2025-12-22,106.96
7897,2025-12-29,108.93
7897,2026-01-05,111.87
7897,2026-01-12,112.85
7897,2026-01-19,113.83
7897,2026-01-26,110.89
7897,2026-02-02,109.91
7897,2026-02-09,109.91
7897,2026-02-16,111.87
7897,2026-02-23,113.83
7897,2026-03-02,106.96
7897,2026-03-09,105.98
7897,2026-03-16,105.0
7897,2026-03-23,105.0
7897,2026-03-30,106.0
7897,2026-04-06,106.0
7897,2026-04-13,105.0
7897,2026-04-20,102.0
7897,2026-04-27,102.0
7897,2026-05-04,105.0
7897,2026-05-11,101.0
7897,2026-05-18,101.0
7897,2026-05-25,103.0
7897,2026-06-01,100.0
7897,2026-06-08,99.0
7897,2026-06-15,99.0
7897,2026-06-22,98.0
7897,2026-06-29,101.0
7897,2026-07-06,103.0
7897,2026-07-13,99.0
7897,2026-07-20,101.0
7897,2026-07-27,100.0
7897,2026-08-03,103.0
7897,2026-08-10,105.0
7897,2026-08-17,106.0
7897,2026-08-24,108.0
7897,2026-08-31,106.0
7897,2026-09-07,106.0
7897,2026-09-14,107.0
7897,2026-09-21,108.0
7919,2025-10-06,189.38
7919,2025-10-13,183.52
7919,2025-10-20,187.43
7919,2025-10-27,184.5
7919,2025-11-03,186.45
7919,2025-11-10,187.43
7919,2025-11-17,185.48
7919,2025-11-24,188.4
7919,2025-12-01,187.43
7919,2025-12-08,189.38
7919,2025-12-15,199.14
7919,2025-12-22,199.14
7919,2025-12-29,201.1
7919,2026-01-05,208.9
7919,2026-01-12,210.86
7919,2026-01-19,216.71
7919,2026-01-26,195.24
7919,2026-02-02,204.02
7919,2026-02-09,204.02
7919,2026-02-16,205.0
7919,2026-02-23,206.95
7919,2026-03-02,206.95
7919,2026-03-09,208.9
7919,2026-03-16,205.0
7919,2026-03-23,205.0
7919,2026-03-30,206.0
7919,2026-04-06,205.0
7919,2026-04-13,207.0
7919,2026-04-20,205.0
7919,2026-04-27,201.0
7919,2026-05-04,200.0
7919,2026-05-11,194.0
7919,2026-05-18,189.0
7919,2026-05-25,190.0
7919,2026-06-01,190.0
7919,2026-06-08,191.0
7919,2026-06-15,192.0
7919,2026-06-22,189.0
7919,2026-06-29,191.0
7919,2026-07-06,198.0
7919,2026-07-13,197.0
7919,2026-07-20,200.0
7919,2026-07-27,208.0
7919,2026-08-03,208.0
7919,2026-08-10,216.0
7919,2026-08-17,224.0
7919,2026-08-24,229.0
7919,2026-08-31,227.0
7919,2026-09-07,226.0
7919,2026-09-14,223.0
7919,2026-09-21,225.0
7976,2025-10-06,2131.68
7976,2025-10-13,2125.81
7976,2025-10-20,2110.17
7976,2025-10-27,2002.61
7976,2025-11-03,2087.68
7976,2025-11-10,2090.61
7976,2025-11-17,2079.85
7976,2025-11-24,2102.34
7976,2025-12-01,2087.68
7976,2025-12-08,2169.81
7976,2025-12-15,2129.72
7976,2025-12-22,2174.7
7976,2025-12-29,2153.93
7976,2026-01-05,2204.39
7976,2026-01-12,2284.53
7976,2026-01-19,2325.09
7976,2026-01-26,2265.73
7976,2026-02-02,2307.28
7976,2026-02-09,2157.88
7976,2026-02-16,2252.87
7976,2026-02-23,2426.01
7976,2026-03-02,2283.54
7976,2026-03-09,2289.47
7976,2026-03-16,2319.16
7976,2026-03-23,2384.46
7976,2026-03-30,2412.16
7976,2026-04-06,2436.9
7976,2026-04-13,2462.62
7976,2026-04-20,2342.9
7976,2026-04-27,2520.01
7976,2026-05-04,2494.28
7976,2026-05-11,2531.88
7976,2026-05-18,2572.44
7976,2026-05-25,2595.2
7976,2026-06-01,2461.63
7976,2026-06-08,2581.35
7976,2026-06-15,2521.98
7976,2026-06-22,2660.5
7976,2026-06-29,2690.0
7976,2026-07-06,2696.0
7976,2026-07-13,2688.0
7976,2026-07-20,2610.0
7976,2026-07-27,2771.0
7976,2026-08-03,2934.0
7976,2026-08-10,2897.0
7976,2026-08-17,2971.0
7976,2026-08-24,3065.0
7976,2026-08-31,3110.0
7976,2026-09-07,3195.0
7976,2026-09-14,3305.0
7976,2026-09-21,3395.0
8066,2025-10-06,2239.99
8066,2025-10-13,2191.08
8066,2025-10-20,2226.3
8066,2025-10-27,2269.34
8066,2025-11-03,2306.51
8066,2025-11-10,2327.05
8066,2025-11-17,2323.14
8066,2025-11-24,2332.92
8066,2025-12-01,2166.63
8066,2025-12-08,2216.52
8066,2025-12-15,2296.73
8066,2025-12-22,2215.54
8066,2025-12-29,2248.8
8066,2026-01-05,2210.65
8066,2026-01-12,2208.69
8066,2026-01-19,2166.63
8066,2026-01-26,2328.03
8066,2026-02-02,2445.41
8066,2026-02-09,2688.97
8066,2026-02-16,2553.98
8066,2026-02-23,2787.76
8066,2026-03-02,2581.37
8066,2026-03-09,2521.7
8066,2026-03-16,2419.97
8066,2026-03-23,2374.0
8066,2026-03-30,2359.0
8066,2026-04-06,2359.0
8066,2026-04-13,2370.0
8066,2026-04-20,2397.0
8066,2026-04-27,2666.0
8066,2026-05-04,2740.0
8066,2026-05-11,2718.0
8066,2026-05-18,2574.0
8066,2026-05-25,2481.0
8066,2026-06-01,2447.0
8066,2026-06-08,2491.0
8066,2026-06-15,2509.0
8066,2026-06-22,2507.0
8066,2026-06-29,2679.0
8066,2026-07-06,2751.0
8066,2026-07-13,2813.0
8066,2026-07-20,2785.0
8066,2026-07-27,2897.0
8066,2026-08-03,3145.0
8066,2026-08-10,3230.0
8066,2026-08-17,3115.0
8066,2026-08-24,3480.0
8066,2026-08-31,3595.0
8066,2026-09-07,3530.0
8066,2026-09-14,3600.0
8066,2026-09-21,3655.0
8075,2025-10-06,2196.32
8075,2025-10-13,2251.08
8075,2025-10-20,2321.49
8075,2025-10-27,2275.53
8075,2025-11-03,2274.55
8075,2025-11-10,2259.88
8075,2025-11-17,2297.04
8075,2025-11-24,2379.18
8075,2025-12-01,2331.27
8075,2025-12-08,2415.36
8075,2025-12-15,2425.14
8075,2025-12-22,2443.72
8075,2025-12-29,2475.01
8075,2026-01-05,2559.11
8075,2026-01-12,2652.01
8075,2026-01-19,2607.03
8075,2026-01-26,2596.27
8075,2026-02-02,2739.04
8075,2026-02-09,2689.17
8075,2026-02-16,2652.99
8075,2026-02-23,2707.75
8075,2026-03-02,2460.35
8075,2026-03-09,2335.18
8075,2026-03-16,2317.58
8075,2026-03-23,2343.0
8075,2026-03-30,2378.0
8075,2026-04-06,2400.0
8075,2026-04-13,2398.0
8075,2026-04-20,2278.0
8075,2026-04-27,2311.0
8075,2026-05-04,2313.0
8075,2026-05-11,2401.0
8075,2026-05-18,2394.0
8075,2026-05-25,2448.0
8075,2026-06-01,2367.0
8075,2026-06-08,2410.0
8075,2026-06-15,2450.0
8075,2026-06-22,2388.0
8075,2026-06-29,2410.0
8075,2026-07-06,2452.0
8075,2026-07-13,2453.0
8075,2026-07-20,2553.0
8075,2026-07-27,2577.0
8075,2026-08-03,3005.0
8075,2026-08-10,3020.0
8075,2026-08-17,3045.0
8075,2026-08-24,3100.0
8075,2026-08-31,3120.0
8075,2026-09-07,3085.0
8075,2026-09-14,3175.0
8075,2026-09-21,3225.0
8084,2025-10-06,2914.46
8084,2025-10-13,2958.55
8084,2025-10-20,3046.72
8084,2025-10-27,3134.88
8084,2025-11-03,2978.14
8084,2025-11-10,3090.8
8084,2025-11-17,3134.88
8084,2025-11-24,3208.36
8084,2025-12-01,3257.34
8084,2025-12-08,3409.19
8084,2025-12-15,3423.88
8084,2025-12-22,3477.76
8084,2025-12-29,3536.54
8084,2026-01-05,3551.24
8084,2026-01-12,3712.88
8084,2026-01-19,3761.86
8084,2026-01-26,3605.12
8084,2026-02-02,3531.64
8084,2026-02-09,3590.42
8084,2026-02-16,3477.76
8084,2026-02-23,3644.3
8084,2026-03-02,3399.39
8084,2026-03-09,3262.24
8084,2026-03-16,3286.73
8084,2026-03-23,3370.0
8084,2026-03-30,3340.0
8084,2026-04-06,3310.0
8084,2026-04-13,3500.0
8084,2026-04-20,3425.0
8084,2026-04-27,3545.0
8084,2026-05-04,3550.0
8084,2026-05-11,3575.0
8084,2026-05-18,3680.0
8084,2026-05-25,3790.0
8084,2026-06-01,3980.0
8084,2026-06-08,3930.0
8084,2026-06-15,3895.0
8084,2026-06-22,3925.0
8084,2026-06-29,4010.0
8084,2026-07-06,3920.0
8084,2026-07-13,3790.0
8084,2026-07-20,3870.0
8084,2026-07-27,4360.0
8084,2026-08-03,4560.0
8084,2026-08-10,4680.0
8084,2026-08-17,4805.0
8084,2026-08-24,4785.0
8084,2026-08-31,4755.0
8084,2026-09-07,4810.0
8084,2026-09-14,4805.0
8084,2026-09-21,4950.0
8104,2025-10-06,560.78
8104,2025-10-13,564.61
8104,2025-10-20,564.61
8104,2025-10-27,566.53
8104,2025-11-03,558.86
8104,2025-11-10,556.95
8104,2025-11-17,532.98
8104,2025-11-24,575.16
8104,2025-12-01,575.16
8104,2025-12-08,584.75
8104,2025-12-15,577.08
8104,2025-12-22,613.5
8104,2025-12-29,613.5
8104,2026-01-05,597.21
8104,2026-01-12,619.25
8104,2026-01-19,605.83
8104,2026-01-26,612.54
8104,2026-02-02,618.3
8104,2026-02-09,593.37
8104,2026-02-16,595.29
8104,2026-02-23,597.21
8104,2026-03-02,590.5
8104,2026-03-09,578.04
8104,2026-03-16,586.66
8104,2026-03-23,602.0
8104,2026-03-30,572.0
8104,2026-04-06,586.0
8104,2026-04-13,572.0
8104,2026-04-20,575.0
8104,2026-04-27,570.0
8104,2026-05-04,575.0
8104,2026-05-11,571.0
8104,2026-05-18,610.0
8104,2026-05-25,628.0
8104,2026-06-01,633.0
8104,2026-06-08,618.0
8104,2026-06-15,656.0
8104,2026-06-22,650.0
8104,2026-06-29,688.0
8104,2026-07-06,681.0
8104,2026-07-13,672.0
8104,2026-07-20,698.0
8104,2026-07-27,692.0
8104,2026-08-03,675.0
8104,2026-08-10,690.0
8104,2026-08-17,693.0
8104,2026-08-24,723.0
8104,2026-08-31,705.0
8104,2026-09-07,707.0
8104,2026-09-14,770.0
8104,2026-09-21,798.0
8137,2025-10-06,2560.36
8137,2025-10-13,2588.81
8137,2025-10-20,2681.02
8137,2025-10-27,2630.01
8137,2025-11-03,2747.73
8137,2025-11-10,2748.71
8137,2025-11-17,2807.57
8137,2025-11-24,2873.3
8137,2025-12-01,2835.04
8137,2025-12-08,2828.17
8137,2025-12-15,2817.38
8137,2025-12-22,2864.47
8137,2025-12-29,2911.55
8137,2026-01-05,2942.94
8137,2026-01-12,3060.66
8137,2026-01-19,3021.42
8137,2026-01-26,2942.94
8137,2026-02-02,3119.52
8137,2026-02-09,3188.19
8137,2026-02-16,3247.05
8137,2026-02-23,3413.82
8137,2026-03-02,3232.33
8137,2026-03-09,3109.71
8137,2026-03-16,3099.9
8137,2026-03-23,3198.0
8137,2026-03-30,3135.0
8137,2026-04-06,3110.0
8137,2026-04-13,3210.0
8137,2026-04-20,3215.0
8137,2026-04-27,3185.0
8137,2026-05-04,3255.0
8137,2026-05-11,3680.0
8137,2026-05-18,3740.0
8137,2026-05-25,3850.0
8137,2026-06-01,3870.0
8137,2026-06-08,3645.0
8137,2026-06-15,3795.0
8137,2026-06-22,3605.0
8137,2026-06-29,3865.0
8137,2026-07-06,3870.0
8137,2026-07-13,3655.0
8137,2026-07-20,3840.0
8137,2026-07-27,3605.0
8137,2026-08-03,3970.0
8137,2026-08-10,4180.0
8137,2026-08-17,3960.0
8137,2026-08-24,4210.0
8137,2026-08-31,4220.0
8137,2026-09-07,4375.0
8137,2026-09-14,4640.0
8137,2026-09-21,4845.0
8154,2025-10-06,3398.73
8154,2025-10-13,3388.93
8154,2025-10-20,3526.06
8154,2025-10-27,3501.57
8154,2025-11-03,3359.55
8154,2025-11-10,3418.32
8154,2025-11-17,3477.09
8154,2025-11-24,3677.88
8154,2025-12-01,3672.98
8154,2025-12-08,3790.51
8154,2025-12-15,3756.23
8154,2025-12-22,3810.1
8154,2025-12-29,3795.41
8154,2026-01-05,3815.0
8154,2026-01-12,3908.05
8154,2026-01-19,3927.64
8154,2026-01-26,3785.62
8154,2026-02-02,3790.51
8154,2026-02-09,4010.89
8154,2026-02-16,4094.15
8154,2026-02-23,4270.45
8154,2026-03-02,4030.48
8154,2026-03-09,3829.69
8154,2026-03-16,3780.72
8154,2026-03-23,3815.0
8154,2026-03-30,3760.0
8154,2026-04-06,3980.0
8154,2026-04-13,4115.0
8154,2026-04-20,4200.0
8154,2026-04-27,4210.0
8154,2026-05-04,4340.0
8154,2026-05-11,4200.0
8154,2026-05-18,4195.0
8154,2026-05-25,4425.0
8154,2026-06-01,4980.0
8154,2026-06-08,4475.0
8154,2026-06-15,4445.0
8154,2026-06-22,4250.0
8154,2026-06-29,4205.0
8154,2026-07-06,4260.0
8154,2026-07-13,4105.0
8154,2026-07-20,4355.0
8154,2026-07-27,4695.0
8154,2026-08-03,4845.0
8154,2026-08-10,5100.0
8154,2026-08-17,4930.0
8154,2026-08-24,5020.0
8154,2026-08-31,4910.0
8154,2026-09-07,4800.0
8154,2026-09-14,5110.0
8154,2026-09-21,5420.0
8157,2025-10-06,3005.81
8157,2025-10-13,2981.34
8157,2025-10-20,3206.53
8157,2025-10-27,3093.93
8157,2025-11-03,2976.44
8157,2025-11-10,3137.99
8157,2025-11-17,3186.95
8157,2025-11-24,3177.15
8157,2025-12-01,3049.87
8157,2025-12-08,3108.62
8157,2025-12-15,3201.63
8157,2025-12-22,3417.03
8157,2025-12-29,3412.14
8157,2026-01-05,3392.55
8157,2026-01-12,3519.84
8157,2026-01-19,3485.57
8157,2026-01-26,3563.9
8157,2026-02-02,3617.75
8157,2026-02-09,3656.91
8157,2026-02-16,3901.68
8157,2026-02-23,4087.71
8157,2026-03-02,3842.94
8157,2026-03-09,3583.48
8157,2026-03-16,3539.42
8157,2026-03-23,3559.0
8157,2026-03-30,3540.0
8157,2026-04-06,3510.0
8157,2026-04-13,3560.0
8157,2026-04-20,3490.0
8157,2026-04-27,3460.0
8157,2026-05-04,3630.0
8157,2026-05-11,3950.0
8157,2026-05-18,4140.0
8157,2026-05-25,4090.0
8157,2026-06-01,4065.0
8157,2026-06-08,3930.0
8157,2026-06-15,4030.0
8157,2026-06-22,3930.0
8157,2026-06-29,3955.0
8157,2026-07-06,4055.0
8157,2026-07-13,3895.0
8157,2026-07-20,3995.0
8157,2026-07-27,3820.0
8157,2026-08-03,4045.0
8157,2026-08-10,4180.0
8157,2026-08-17,4120.0
8157,2026-08-24,4195.0
8157,2026-08-31,4170.0
8157,2026-09-07,4130.0
8157,2026-09-14,4290.0
8157,2026-09-21,4360.0
8207,2025-10-06,276.0
8207,2025-10-13,276.0
8207,2025-10-20,277.0
8207,2025-10-27,277.0
8207,2025-11-03,276.0
8207,2025-11-10,278.0
8207,2025-11-17,279.0
8207,2025-11-24,280.0
8207,2025-12-01,282.0
8207,2025-12-08,283.0
8207,2025-12-15,283.0
8207,2025-12-22,284.0
8207,2025-12-29,286.0
8207,2026-01-05,292.0
8207,2026-01-12,292.0
8207,2026-01-19,292.0
8207,2026-01-26,291.0
8207,2026-02-02,291.0
8207,2026-02-09,291.0
8207,2026-02-16,291.0
8207,2026-02-23,298.0
8207,2026-03-02,297.0
8207,2026-03-09,298.0
8207,2026-03-16,298.0
8207,2026-03-23,300.0
8207,2026-03-30,288.0
8207,2026-04-06,287.0
8207,2026-04-13,286.0
8207,2026-04-20,286.0
8207,2026-04-27,285.0
8207,2026-05-04,285.0
8207,2026-05-11,282.0
8207,2026-05-18,281.0
8207,2026-05-25,282.0
8207,2026-06-01,282.0
8207,2026-06-08,283.0
8207,2026-06-15,285.0
8207,2026-06-22,283.0
8207,2026-06-29,288.0
8207,2026-07-06,293.0
8207,2026-07-13,293.0
8207,2026-07-20,293.0
8207,2026-07-27,294.0
8207,2026-08-03,293.0
8207,2026-08-10,295.0
8207,2026-08-17,296.0
8207,2026-08-24,303.0
8207,2026-08-31,301.0
8207,2026-09-07,301.0
8207,2026-09-14,301.0
8207,2026-09-21,302.0
8304,2025-10-06,2201.38
8304,2025-10-13,2144.96
8304,2025-10-20,2174.14
8304,2025-10-27,2145.45
8304,2025-11-03,2178.03
8304,2025-11-10,2374.53
8304,2025-11-17,2245.15
8304,2025-11-24,2349.24
8304,2025-12-01,2333.68
8304,2025-12-08,2297.2
8304,2025-12-15,2413.93
8304,2025-12-22,2432.41
8304,2025-12-29,2462.35
8304,2026-01-05,2521.23
8304,2026-01-12,2588.95
8304,2026-01-19,2479.52
8304,2026-01-26,2455.48
8304,2026-02-02,2743.52
8304,2026-02-09,2761.18
8304,2026-02-16,2823.99
8304,2026-02-23,2772.47
8304,2026-03-02,2549.2
8304,2026-03-09,2441.74
8304,2026-03-16,2438.3
8304,2026-03-23,2579.13
8304,2026-03-30,2616.78
8304,2026-04-06,2662.36
8304,2026-04-13,2638.09
8304,2026-04-20,2600.93
8304,2026-04-27,2502.84
8304,2026-05-04,2576.66
8304,2026-05-11,2695.06
8304,2026-05-18,2767.89
8304,2026-05-25,2646.01
8304,2026-06-01,2598.45
8304,2026-06-08,2719.33
8304,2026-06-15,2765.41
8304,2026-06-22,2701.5
8304,2026-06-29,2830.0
8304,2026-07-06,2907.5
8304,2026-07-13,2883.0
8304,2026-07-20,3034.0
8304,2026-07-27,3038.0
8304,2026-08-03,3259.0
8304,2026-08-10,3434.0
8304,2026-08-17,3285.0
8304,2026-08-24,3429.0
8304,2026-08-31,3405.0
8304,2026-09-07,3457.0
8304,2026-09-14,3486.0
8304,2026-09-21,3526.0
8334,2025-10-06,1547.98
8334,2025-10-13,1503.12
8334,2025-10-20,1561.79
8334,2025-10-27,1578.55
8334,2025-11-03,1576.58
8334,2025-11-10,1613.06
8334,2025-11-17,1622.92
8334,2025-11-24,1710.18
8334,2025-12-01,1710.67
8334,2025-12-08,1701.8
8334,2025-12-15,1746.17
8334,2025-12-22,1701.8
8334,2025-12-29,1703.28
8334,2026-01-05,1786.1
8334,2026-01-12,1909.84
8334,2026-01-19,1922.16
8334,2026-01-26,1912.3
8334,2026-02-02,2142.53
8334,2026-02-09,2199.72
8334,2026-02-16,2174.57
8334,2026-02-23,2230.28
8334,2026-03-02,2104.08
8334,2026-03-09,2071.05
8334,2026-03-16,2095.2
8334,2026-03-23,2250.0
8334,2026-03-30,2231.5
8334,2026-04-06,2269.0
8334,2026-04-13,2214.0
8334,2026-04-20,2030.0
8334,2026-04-27,2157.0
8334,2026-05-04,2164.0
8334,2026-05-11,2232.0
8334,2026-05-18,2316.0
8334,2026-05-25,2260.0
8334,2026-06-01,2262.5
8334,2026-06-08,2343.5
8334,2026-06-15,2316.5
8334,2026-06-22,2334.0
8334,2026-06-29,2419.0
8334,2026-07-06,2492.5
8334,2026-07-13,2436.5
8334,2026-07-20,2609.0
8334,2026-07-27,2538.5
8334,2026-08-03,2595.0
8334,2026-08-10,2765.0
8334,2026-08-17,2701.0
8334,2026-08-24,2830.5
8334,2026-08-31,2899.5
8334,2026-09-07,2891.0
8334,2026-09-14,2999.5
8334,2026-09-21,3208.0
8336,2025-10-06,1299.74
8336,2025-10-13,1296.45
8336,2025-10-20,1317.81
8336,2025-10-27,1363.82
8336,2025-11-03,1404.9
8336,2025-11-10,1449.26
8336,2025-11-17,1459.12
8336,2025-11-24,1534.71
8336,2025-12-01,1534.71
8336,2025-12-08,1524.85
8336,2025-12-15,1569.21
8336,2025-12-22,1575.79
8336,2025-12-29,1597.15
8336,2026-01-05,1685.88
8336,2026-01-12,1814.04
8336,2026-01-19,1846.91
8336,2026-01-26,1807.47
8336,2026-02-02,1968.5
8336,2026-02-09,2014.51
8336,2026-02-16,2083.52
8336,2026-02-23,2142.68
8336,2026-03-02,2014.51
8336,2026-03-09,1945.5
8336,2026-03-16,2060.52
8336,2026-03-23,2096.67
8336,2026-03-30,2194.0
8336,2026-04-06,2408.0
8336,2026-04-13,2381.0
8336,2026-04-20,2333.0
8336,2026-04-27,2388.0
8336,2026-05-04,2390.0
8336,2026-05-11,2438.0
8336,2026-05-18,2497.0
8336,2026-05-25,2423.0
8336,2026-06-01,2431.0
8336,2026-06-08,2513.0
8336,2026-06-15,2432.0
8336,2026-06-22,2519.0
8336,2026-06-29,2584.0
8336,2026-07-06,2621.0
8336,2026-07-13,2523.0
8336,2026-07-20,2741.0
8336,2026-07-27,2577.0
8336,2026-08-03,2654.0
8336,2026-08-10,2775.0
8336,2026-08-17,2691.0
8336,2026-08-24,2795.0
8336,2026-08-31,2834.0
8336,2026-09-07,2799.0
8336,2026-09-14,2875.0
8336,2026-09-21,2957.0
8341,2025-10-06,1905.73
8341,2025-10-13,1867.34
8341,2025-10-20,2045.21
8341,2025-10-27,2170.9
8341,2025-11-03,2186.0
8341,2025-11-10,2259.51
8341,2025-11-17,2266.73
8341,2025-11-24,2369.12
8341,2025-12-01,2447.88
8341,2025-12-08,2440.67
8341,2025-12-15,2502.69
8341,2025-12-22,2482.34
8341,2025-12-29,2474.8
8341,2026-01-05,2644.46
8341,2026-01-12,2849.25
8341,2026-01-19,2864.02
8341,2026-01-26,2775.08
8341,2026-02-02,2999.23
8341,2026-02-09,3160.69
8341,2026-02-16,3225.34
8341,2026-02-23,3228.29
8341,2026-03-02,3020.89
8341,2026-03-09,2980.19
8341,2026-03-16,2969.36
8341,2026-03-23,3119.67
8341,2026-03-30,3211.0
8341,2026-04-06,3262.0
8341,2026-04-13,3279.0
8341,2026-04-20,2929.5
8341,2026-04-27,3004.0
8341,2026-05-04,2987.5
8341,2026-05-11,3141.0
8341,2026-05-18,3201.0
8341,2026-05-25,3154.0
8341,2026-06-01,3174.0
8341,2026-06-08,3267.0
8341,2026-06-15,3317.0
8341,2026-06-22,3335.0
8341,2026-06-29,3519.0
8341,2026-07-06,3515.0
8341,2026-07-13,3311.0
8341,2026-07-20,3631.0
8341,2026-07-27,3495.0
8341,2026-08-03,3661.0
8341,2026-08-10,3837.0
8341,2026-08-17,3736.0
8341,2026-08-24,3950.0
8341,2026-08-31,4018.0
8341,2026-09-07,3973.0
8341,2026-09-14,4185.0
8341,2026-09-21,4197.0
8343,2025-10-06,3378.11
8343,2025-10-13,3387.91
8343,2025-10-20,3505.58
8343,2025-10-27,3584.03
8343,2025-11-03,3637.96
8343,2025-11-10,3672.28
8343,2025-11-17,3672.28
8343,2025-11-24,3799.76
8343,2025-12-01,3868.4
8343,2025-12-08,3843.88
8343,2025-12-15,3888.01
8343,2025-12-22,3897.82
8343,2025-12-29,3946.84
8343,2026-01-05,4226.31
8343,2026-01-12,4549.9
8343,2026-01-19,4633.25
8343,2026-01-26,4971.55
8343,2026-02-02,5314.76
8343,2026-02-09,5383.4
8343,2026-02-16,5442.23
8343,2026-02-23,5501.07
8343,2026-03-02,5099.03
8343,2026-03-09,4902.91
8343,2026-03-16,4902.91
8343,2026-03-23,5050.0
8343,2026-03-30,5100.0
8343,2026-04-06,5490.0
8343,2026-04-13,5820.0
8343,2026-04-20,5220.0
8343,2026-04-27,5390.0
8343,2026-05-04,5480.0
8343,2026-05-11,5790.0
8343,2026-05-18,6140.0
8343,2026-05-25,5990.0
8343,2026-06-01,5920.0
8343,2026-06-08,6350.0
8343,2026-06-15,6170.0
8343,2026-06-22,6800.0
8343,2026-06-29,7060.0
8343,2026-07-06,7140.0
8343,2026-07-13,6830.0
8343,2026-07-20,7670.0
8343,2026-07-27,7260.0
8343,2026-08-03,8030.0
8343,2026-08-10,8550.0
8343,2026-08-17,8430.0
8343,2026-08-24,9060.0
8343,2026-08-31,9030.0
8343,2026-09-07,9440.0
8343,2026-09-14,9880.0
8343,2026-09-21,10250.0
8344,2025-10-06,1564.13
8344,2025-10-13,1547.51
8344,2025-10-20,1583.68
8344,2025-10-27,1641.36
8344,2025-11-03,1662.87
8344,2025-11-10,1711.75
8344,2025-11-17,1717.61
8344,2025-11-24,1824.17
8344,2025-12-01,1783.11
8344,2025-12-08,1784.09
8344,2025-12-15,1841.76
8344,2025-12-22,1859.36
8344,2025-12-29,1890.64
8344,2026-01-05,2013.82
8344,2026-01-12,2104.73
8344,2026-01-19,2142.86
8344,2026-01-26,2158.5
8344,2026-02-02,2356.95
8344,2026-02-09,2595.48
8344,2026-02-16,2627.74
8344,2026-02-23,2668.8
8344,2026-03-02,2492.83
8344,2026-03-09,2349.13
8344,2026-03-16,2332.51
8344,2026-03-23,2442.0
8344,2026-03-30,2510.0
8344,2026-04-06,2678.0
8344,2026-04-13,2786.0
8344,2026-04-20,2415.0
8344,2026-04-27,2503.0
8344,2026-05-04,2515.0
8344,2026-05-11,2655.0
8344,2026-05-18,3055.0
8344,2026-05-25,3095.0
8344,2026-06-01,3075.0
8344,2026-06-08,3495.0
8344,2026-06-15,3370.0
8344,2026-06-22,3365.0
8344,2026-06-29,3965.0
8344,2026-07-06,3690.0
8344,2026-07-13,3615.0
8344,2026-07-20,4000.0
8344,2026-07-27,3740.0
8344,2026-08-03,4230.0
8344,2026-08-10,4575.0
8344,2026-08-17,4365.0
8344,2026-08-24,4730.0
8344,2026-08-31,4635.0
8344,2026-09-07,4985.0
8344,2026-09-14,5380.0
8344,2026-09-21,5680.0
8345,2025-10-06,914.73
8345,2025-10-13,952.84
8345,2025-10-20,962.68
8345,2025-10-27,995.87
8345,2025-11-03,992.18
8345,2025-11-10,1168.0
8345,2025-11-17,1152.02
8345,2025-11-24,1215.95
8345,2025-12-01,1214.72
8345,2025-12-08,1229.47
8345,2025-12-15,1236.85
8345,2025-12-22,1258.98
8345,2025-12-29,1278.65
8345,2026-01-05,1372.09
8345,2026-01-12,1504.87
8345,2026-01-19,1544.22
8345,2026-01-26,1499.96
8345,2026-02-02,1627.82
8345,2026-02-09,1664.71
8345,2026-02-16,1686.84
8345,2026-02-23,1745.85
8345,2026-03-02,1652.41
8345,2026-03-09,1583.56
8345,2026-03-16,1583.56
8345,2026-03-23,1677.0
8345,2026-03-30,1661.0
8345,2026-04-06,1802.0
8345,2026-04-13,2030.0
8345,2026-04-20,1821.0
8345,2026-04-27,1956.0
8345,2026-05-04,1940.0
8345,2026-05-11,1877.0
8345,2026-05-18,1955.0
8345,2026-05-25,1867.0
8345,2026-06-01,1907.0
8345,2026-06-08,2067.0
8345,2026-06-15,1941.0
8345,2026-06-22,2030.0
8345,2026-06-29,2161.0
8345,2026-07-06,2083.0
8345,2026-07-13,2058.0
8345,2026-07-20,2270.0
8345,2026-07-27,2155.0
8345,2026-08-03,2358.0
8345,2026-08-10,2444.0
8345,2026-08-17,2325.0
8345,2026-08-24,2566.0
8345,2026-08-31,2539.0
8345,2026-09-07,2623.0
8345,2026-09-14,2778.0
8345,2026-09-21,2907.0
8346,2025-10-06,426.61
8346,2025-10-13,433.51
8346,2025-10-20,446.32
8346,2025-10-27,449.27
8346,2025-11-03,450.26
8346,2025-11-10,467.99
8346,2025-11-17,468.98
8346,2025-11-24,501.49
8346,2025-12-01,509.37
8346,2025-12-08,512.33
8346,2025-12-15,529.08
8346,2025-12-22,523.17
8346,2025-12-29,533.02
8346,2026-01-05,550.76
8346,2026-01-12,603.96
8346,2026-01-19,599.03
8346,2026-01-26,592.14
8346,2026-02-02,669.97
8346,2026-02-09,724.16
8346,2026-02-16,703.47
8346,2026-02-23,716.28
8346,2026-03-02,653.22
8346,2026-03-09,622.68
8346,2026-03-16,651.25
8346,2026-03-23,668.0
8346,2026-03-30,681.0
8346,2026-04-06,701.0
8346,2026-04-13,704.0
8346,2026-04-20,650.0
8346,2026-04-27,666.0
8346,2026-05-04,693.0
8346,2026-05-11,705.0
8346,2026-05-18,773.0
8346,2026-05-25,752.0
8346,2026-06-01,750.0
8346,2026-06-08,777.0
8346,2026-06-15,751.0
8346,2026-06-22,774.0
8346,2026-06-29,818.0
8346,2026-07-06,820.0
8346,2026-07-13,813.0
8346,2026-07-20,904.0
8346,2026-07-27,860.0
8346,2026-08-03,942.0
8346,2026-08-10,1003.0
8346,2026-08-17,950.0
8346,2026-08-24,992.0
8346,2026-08-31,992.0
8346,2026-09-07,1009.0
8346,2026-09-14,1024.0
8346,2026-09-21,1097.0
8354,2025-10-06,4261.76
8354,2025-10-13,4180.01
8354,2025-10-20,4264.72
8354,2025-10-27,4417.38
8354,2025-11-03,4391.77
8354,2025-11-10,4478.44
8354,2025-11-17,4598.61
8354,2025-11-24,4734.52
8354,2025-12-01,4806.42
8354,2025-12-08,4965.98
8354,2025-12-15,5016.21
8354,2025-12-22,4979.77
8354,2025-12-29,4990.6
8354,2026-01-05,5260.47
8354,2026-01-12,5585.5
8354,2026-01-19,5539.21
8354,2026-01-26,5516.55
8354,2026-02-02,6762.48
8354,2026-02-09,7022.5
8354,2026-02-16,6704.37
8354,2026-02-23,6739.83
8354,2026-03-02,6075.0
8354,2026-03-09,6007.05
8354,2026-03-16,5997.2
8354,2026-03-23,6206.0
8354,2026-03-30,6320.0
8354,2026-04-06,6556.0
8354,2026-04-13,6520.0
8354,2026-04-20,6090.0
8354,2026-04-27,6415.0
8354,2026-05-04,6371.0
8354,2026-05-11,6612.0
8354,2026-05-18,6657.0
8354,2026-05-25,6556.0
8354,2026-06-01,6797.0
8354,2026-06-08,6867.0
8354,2026-06-15,6974.0
8354,2026-06-22,6861.0
8354,2026-06-29,7221.0
8354,2026-07-06,7286.0
8354,2026-07-13,7081.0
8354,2026-07-20,7646.0
8354,2026-07-27,7360.0
8354,2026-08-03,7544.0
8354,2026-08-10,7730.0
8354,2026-08-17,7564.0
8354,2026-08-24,7846.0
8354,2026-08-31,7925.0
8354,2026-09-07,7827.0
8354,2026-09-14,7746.0
8354,2026-09-21,8008.0
8359,2025-10-06,1425.26
8359,2025-10-13,1388.98
8359,2025-10-20,1443.4
8359,2025-10-27,1523.32
8359,2025-11-03,1528.71
8359,2025-11-10,1537.05
8359,2025-11-17,1543.91
8359,2025-11-24,1640.99
8359,2025-12-01,1676.78
8359,2025-12-08,1640.01
8359,2025-12-15,1666.48
8359,2025-12-22,1643.93
8359,2025-12-29,1664.52
8359,2026-01-05,1762.58
8359,2026-01-12,1889.56
8359,2026-01-19,1915.55
8359,2026-01-26,1887.6
8359,2026-02-02,2051.85
8359,2026-02-09,2040.08
8359,2026-02-16,2050.87
8359,2026-02-23,2039.1
8359,2026-03-02,1922.41
8359,2026-03-09,1904.76
8359,2026-03-16,1921.92
8359,2026-03-23,2019.0
8359,2026-03-30,2027.5
8359,2026-04-06,2105.5
8359,2026-04-13,2104.0
8359,2026-04-20,2027.5
8359,2026-04-27,2094.5
8359,2026-05-04,2201.5
8359,2026-05-11,2388.0
8359,2026-05-18,2335.0
8359,2026-05-25,2323.5
8359,2026-06-01,2380.5
8359,2026-06-08,2342.5
8359,2026-06-15,2347.0
8359,2026-06-22,2387.0
8359,2026-06-29,2529.5
8359,2026-07-06,2551.0
8359,2026-07-13,2456.5
8359,2026-07-20,2674.0
8359,2026-07-27,2508.0
8359,2026-08-03,2607.0
8359,2026-08-10,2698.0
8359,2026-08-17,2581.0
8359,2026-08-24,2697.5
8359,2026-08-31,2732.0
8359,2026-09-07,2703.5
8359,2026-09-14,2697.0
8359,2026-09-21,2840.0
8360,2025-10-06,3127.18
8360,2025-10-13,3127.18
8360,2025-10-20,3151.84
8360,2025-10-27,3240.62
8360,2025-11-03,3319.54
8360,2025-11-10,3418.19
8360,2025-11-17,3437.92
8360,2025-11-24,3719.07
8360,2025-12-01,3867.05
8360,2025-12-08,3802.93
8360,2025-12-15,3931.17
8360,2025-12-22,3857.18
8360,2025-12-29,3985.43
8360,2026-01-05,4232.05
8360,2026-01-12,4774.62
8360,2026-01-19,4828.88
8360,2026-01-26,4666.1
8360,2026-02-02,5188.95
8360,2026-02-09,5267.86
8360,2026-02-16,5346.78
8360,2026-02-23,5435.57
8360,2026-03-02,5011.38
8360,2026-03-09,4754.89
8360,2026-03-16,4833.81
8360,2026-03-23,5258.0
8360,2026-03-30,5400.0
8360,2026-04-06,5870.0
8360,2026-04-13,5840.0
8360,2026-04-20,5170.0
8360,2026-04-27,5390.0
8360,2026-05-04,5370.0
8360,2026-05-11,5990.0
8360,2026-05-18,5970.0
8360,2026-05-25,5870.0
8360,2026-06-01,5920.0
8360,2026-06-08,6120.0
8360,2026-06-15,5800.0
8360,2026-06-22,6150.0
8360,2026-06-29,6480.0
8360,2026-07-06,6510.0
8360,2026-07-13,6190.0
8360,2026-07-20,7090.0
8360,2026-07-27,6440.0
8360,2026-08-03,7070.0
8360,2026-08-10,7480.0
8360,2026-08-17,7130.0
8360,2026-08-24,7410.0
8360,2026-08-31,7190.0
8360,2026-09-07,7210.0
8360,2026-09-14,7390.0
8360,2026-09-21,7620.0
8361,2025-10-06,3471.85
8361,2025-10-13,3457.07
8361,2025-10-20,3629.43
8361,2025-10-27,3634.36
8361,2025-11-03,3668.83
8361,2025-11-10,3678.68
8361,2025-11-17,3742.7
8361,2025-11-24,4151.44
8361,2025-12-01,4323.8
8361,2025-12-08,4249.93
8361,2025-12-15,4560.18
8361,2025-12-22,4638.98
8361,2025-12-29,4619.28
8361,2026-01-05,5141.29
8361,2026-01-12,5594.35
8361,2026-01-19,5771.63
8361,2026-01-26,5545.1
8361,2026-02-02,6017.87
8361,2026-02-09,6205.0
8361,2026-02-16,6392.13
8361,2026-02-23,6736.86
8361,2026-03-02,6313.34
8361,2026-03-09,5929.22
8361,2026-03-16,6008.02
8361,2026-03-23,6205.0
8361,2026-03-30,6290.0
8361,2026-04-06,6910.0
8361,2026-04-13,7100.0
8361,2026-04-20,6780.0
8361,2026-04-27,7040.0
8361,2026-05-04,7090.0
8361,2026-05-11,7410.0
8361,2026-05-18,7750.0
8361,2026-05-25,7220.0
8361,2026-06-01,7280.0
8361,2026-06-08,7370.0
8361,2026-06-15,7090.0
8361,2026-06-22,7320.0
8361,2026-06-29,7850.0
8361,2026-07-06,7860.0
8361,2026-07-13,7350.0
8361,2026-07-20,8120.0
8361,2026-07-27,7210.0
8361,2026-08-03,7560.0
8361,2026-08-10,8050.0
8361,2026-08-17,7920.0
8361,2026-08-24,8210.0
8361,2026-08-31,8260.0
8361,2026-09-07,8180.0
8361,2026-09-14,8440.0
8361,2026-09-21,8850.0
8364,2025-10-06,1976.86
8364,2025-10-13,1982.79
8364,2025-10-20,1989.71
8364,2025-10-27,1991.69
8364,2025-11-03,2032.21
8364,2025-11-10,2008.49
8364,2025-11-17,2076.69
8364,2025-11-24,2164.66
8364,2025-12-01,2132.04
8364,2025-12-08,2172.57
8364,2025-12-15,2214.08
8364,2025-12-22,2429.56
8364,2025-12-29,2402.87
8364,2026-01-05,2481.95
8364,2026-01-12,2535.32
8364,2026-01-19,2498.75
8364,2026-01-26,2480.96
8364,2026-02-02,2740.92
8364,2026-02-09,2761.67
8364,2026-02-16,2817.03
8364,2026-02-23,2891.16
8364,2026-03-02,2734.0
8364,2026-03-09,2531.37
8364,2026-03-16,2520.5
8364,2026-03-23,2563.0
8364,2026-03-30,2502.0
8364,2026-04-06,2509.0
8364,2026-04-13,2586.0
8364,2026-04-20,2514.0
8364,2026-04-27,2512.0
8364,2026-05-04,2606.0
8364,2026-05-11,2645.0
8364,2026-05-18,2546.0
8364,2026-05-25,2499.0
8364,2026-06-01,2427.0
8364,2026-06-08,2440.0
8364,2026-06-15,2459.0
8364,2026-06-22,2350.0
8364,2026-06-29,2480.0
8364,2026-07-06,2636.0
8364,2026-07-13,2491.0
8364,2026-07-20,2787.0
8364,2026-07-27,2681.0
8364,2026-08-03,2793.0
8364,2026-08-10,3075.0
8364,2026-08-17,3090.0
8364,2026-08-24,3210.0
8364,2026-08-31,3240.0
8364,2026-09-07,3110.0
8364,2026-09-14,3130.0
8364,2026-09-21,3280.0
8366,2025-10-06,1230.35
8366,2025-10-13,1210.51
8366,2025-10-20,1220.43
8366,2025-10-27,1236.31
8366,2025-11-03,1262.1
8366,2025-11-10,1230.35
8366,2025-11-17,1226.38
8366,2025-11-24,1349.42
8366,2025-12-01,1399.03
8366,2025-12-08,1454.59
8366,2025-12-15,1488.33
8366,2025-12-22,1424.83
8366,2025-12-29,1424.83
8366,2026-01-05,1514.13
8366,2026-01-12,1611.37
8366,2026-01-19,1629.23
8366,2026-01-26,1565.72
8366,2026-02-02,1722.49
8366,2026-02-09,1758.21
8366,2026-02-16,1744.32
8366,2026-02-23,1793.93
8366,2026-03-02,1694.71
8366,2026-03-09,1700.66
8366,2026-03-16,1746.31
8366,2026-03-23,1913.0
8366,2026-03-30,1901.0
8366,2026-04-06,2090.0
8366,2026-04-13,2056.0
8366,2026-04-20,1869.0
8366,2026-04-27,1886.0
8366,2026-05-04,1859.0
8366,2026-05-11,2056.0
8366,2026-05-18,2165.0
8366,2026-05-25,2002.0
8366,2026-06-01,2092.0
8366,2026-06-08,2268.0
8366,2026-06-15,2294.0
8366,2026-06-22,2412.0
8366,2026-06-29,2641.0
8366,2026-07-06,2888.0
8366,2026-07-13,2542.0
8366,2026-07-20,2655.0
8366,2026-07-27,2400.0
8366,2026-08-03,2553.0
8366,2026-08-10,2775.0
8366,2026-08-17,2666.0
8366,2026-08-24,2817.0
8366,2026-08-31,2862.0
8366,2026-09-07,2852.0
8366,2026-09-14,2883.0
8366,2026-09-21,3020.0
8367,2025-10-06,945.5
8367,2025-10-13,950.42
8367,2025-10-20,982.89
8367,2025-10-27,1009.45
8367,2025-11-03,1023.23
8367,2025-11-10,1040.94
8367,2025-11-17,1046.84
8367,2025-11-24,1113.74
8367,2025-12-01,1135.39
8367,2025-12-08,1137.35
8367,2025-12-15,1157.03
8367,2025-12-22,1151.13
8367,2025-12-29,1172.77
8367,2026-01-05,1221.97
8367,2026-01-12,1322.32
8367,2026-01-19,1340.03
8367,2026-01-26,1310.52
8367,2026-02-02,1414.81
8367,2026-02-09,1473.84
8367,2026-02-16,1473.84
8367,2026-02-23,1505.32
8367,2026-03-02,1442.35
8367,2026-03-09,1395.13
8367,2026-03-16,1403.0
8367,2026-03-23,1464.0
8367,2026-03-30,1466.0
8367,2026-04-06,1526.0
8367,2026-04-13,1561.0
8367,2026-04-20,1448.0
8367,2026-04-27,1466.0
8367,2026-05-04,1619.0
8367,2026-05-11,1655.0
8367,2026-05-18,1762.0
8367,2026-05-25,1686.0
8367,2026-06-01,1672.0
8367,2026-06-08,1780.0
8367,2026-06-15,1726.0
8367,2026-06-22,1756.0
8367,2026-06-29,1850.0
8367,2026-07-06,1859.0
8367,2026-07-13,1791.0
8367,2026-07-20,1922.0
8367,2026-07-27,1720.0
8367,2026-08-03,1808.0
8367,2026-08-10,1941.0
8367,2026-08-17,1872.0
8367,2026-08-24,1956.0
8367,2026-08-31,1970.0
8367,2026-09-07,1951.0
8367,2026-09-14,2023.0
8367,2026-09-21,2088.0
8368,2025-10-06,884.04
8368,2025-10-13,918.57
8368,2025-10-20,920.54
8368,2025-10-27,942.25
8368,2025-11-03,938.3
8368,2025-11-10,956.06
8368,2025-11-17,980.73
8368,2025-11-24,1029.08
8368,2025-12-01,1035.98
8368,2025-12-08,1077.42
8368,2025-12-15,1111.95
8368,2025-12-22,1107.02
8368,2025-12-29,1130.7
8368,2026-01-05,1194.83
8368,2026-01-12,1313.23
8368,2026-01-19,1464.19
8368,2026-01-26,1384.27
8368,2026-02-02,1498.72
8368,2026-02-09,1536.21
8368,2026-02-16,1536.21
8368,2026-02-23,1677.3
8368,2026-03-02,1553.97
8368,2026-03-09,1507.6
8368,2026-03-16,1483.92
8368,2026-03-23,1552.0
8368,2026-03-30,1596.0
8368,2026-04-06,1805.0
8368,2026-04-13,1887.0
8368,2026-04-20,1692.0
8368,2026-04-27,1811.0
8368,2026-05-04,1809.0
8368,2026-05-11,1953.0
8368,2026-05-18,1972.0
8368,2026-05-25,1906.0
8368,2026-06-01,1924.0
8368,2026-06-08,1945.0
8368,2026-06-15,1890.0
8368,2026-06-22,1960.0
8368,2026-06-29,2081.0
8368,2026-07-06,2064.0
8368,2026-07-13,1924.0
8368,2026-07-20,2080.0
8368,2026-07-27,2017.0
8368,2026-08-03,2121.0
8368,2026-08-10,2308.0
8368,2026-08-17,2256.0
8368,2026-08-24,2443.0
8368,2026-08-31,2376.0
8368,2026-09-07,2399.0
8368,2026-09-14,2481.0
8368,2026-09-21,2606.0
8370,2025-10-06,2768.07
8370,2025-10-13,2778.86
8370,2025-10-20,2923.98
8370,2025-10-27,2941.63
8370,2025-11-03,3005.36
8370,2025-11-10,2921.03
8370,2025-11-17,2892.6
8370,2025-11-24,3010.26
8370,2025-12-01,3049.49
8370,2025-12-08,3083.8
8370,2025-12-15,3191.66
8370,2025-12-22,3181.86
8370,2025-12-29,3196.57
8370,2026-01-05,3333.84
8370,2026-01-12,3500.53
8370,2026-01-19,3637.81
8370,2026-01-26,3696.64
8370,2026-02-02,4005.51
8370,2026-02-09,4083.96
8370,2026-02-16,4186.91
8370,2026-02-23,4201.62
8370,2026-03-02,3995.71
8370,2026-03-09,3789.79
8370,2026-03-16,3819.21
8370,2026-03-23,3981.0
8370,2026-03-30,4020.0
8370,2026-04-06,4210.0
8370,2026-04-13,4140.0
8370,2026-04-20,3885.0
8370,2026-04-27,4155.0
8370,2026-05-04,4200.0
8370,2026-05-11,4405.0
8370,2026-05-18,4525.0
8370,2026-05-25,4240.0
8370,2026-06-01,4320.0
8370,2026-06-08,4515.0
8370,2026-06-15,4430.0
8370,2026-06-22,4460.0
8370,2026-06-29,4550.0
8370,2026-07-06,4605.0
8370,2026-07-13,4550.0
8370,2026-07-20,4945.0
8370,2026-07-27,4690.0
8370,2026-08-03,4845.0
8370,2026-08-10,5070.0
8370,2026-08-17,4885.0
8370,2026-08-24,5100.0
8370,2026-08-31,5160.0
8370,2026-09-07,5060.0
8370,2026-09-14,5310.0
8370,2026-09-21,5390.0
8377,2025-10-06,3647.24
8377,2025-10-13,3480.07
8377,2025-10-20,3549.31
8377,2025-10-27,3738.25
8377,2025-11-03,4071.62
8377,2025-11-10,4165.59
8377,2025-11-17,4352.55
8377,2025-11-24,4393.11
8377,2025-12-01,4414.88
8377,2025-12-08,4395.09
8377,2025-12-15,4517.75
8377,2025-12-22,4565.24
8377,2025-12-29,4540.51
8377,2026-01-05,4915.42
8377,2026-01-12,5325.94
8377,2026-01-19,5298.25
8377,2026-01-26,5242.85
8377,2026-02-02,5832.42
8377,2026-02-09,6136.11
8377,2026-02-16,6163.81
8377,2026-02-23,6183.6
8377,2026-03-02,5965.97
8377,2026-03-09,5686.02
8377,2026-03-16,5693.93
8377,2026-03-23,5963.0
8377,2026-03-30,6203.0
8377,2026-04-06,6271.0
8377,2026-04-13,6301.0
8377,2026-04-20,5602.0
8377,2026-04-27,5939.0
8377,2026-05-04,6077.0
8377,2026-05-11,6454.0
8377,2026-05-18,6787.0
8377,2026-05-25,6456.0
8377,2026-06-01,6429.0
8377,2026-06-08,6505.0
8377,2026-06-15,6415.0
8377,2026-06-22,6703.0
8377,2026-06-29,7270.0
8377,2026-07-06,7510.0
8377,2026-07-13,6966.0
8377,2026-07-20,7714.0
8377,2026-07-27,7469.0
8377,2026-08-03,8053.0
8377,2026-08-10,8592.0
8377,2026-08-17,8041.0
8377,2026-08-24,8359.0
8377,2026-08-31,8316.0
8377,2026-09-07,8250.0
8377,2026-09-14,8604.0
8377,2026-09-21,8815.0
8381,2025-10-06,1302.08
8381,2025-10-13,1290.3
8381,2025-10-20,1320.74
8381,2025-10-27,1330.56
8381,2025-11-03,1336.45
8381,2025-11-10,1376.71
8381,2025-11-17,1374.75
8381,2025-11-24,1426.79
8381,2025-12-01,1430.72
8381,2025-12-08,1425.81
8381,2025-12-15,1451.34
8381,2025-12-22,1435.63
8381,2025-12-29,1462.14
8381,2026-01-05,1547.57
8381,2026-01-12,1596.67
8381,2026-01-19,1583.9
8381,2026-01-26,1549.54
8381,2026-02-02,1655.59
8381,2026-02-09,1720.4
8381,2026-02-16,1732.18
8381,2026-02-23,1738.07
8381,2026-03-02,1561.32
8381,2026-03-09,1660.5
8381,2026-03-16,1609.44
8381,2026-03-23,1742.0
8381,2026-03-30,1863.0
8381,2026-04-06,1985.0
8381,2026-04-13,1998.0
8381,2026-04-20,1793.0
8381,2026-04-27,1866.0
8381,2026-05-04,1887.0
8381,2026-05-11,1969.0
8381,2026-05-18,2113.0
8381,2026-05-25,2063.0
8381,2026-06-01,2094.0
8381,2026-06-08,2159.0
8381,2026-06-15,2186.0
8381,2026-06-22,2227.0
8381,2026-06-29,2391.0
8381,2026-07-06,2428.0
8381,2026-07-13,2341.0
8381,2026-07-20,2511.0
8381,2026-07-27,2336.0
8381,2026-08-03,2504.0
8381,2026-08-10,2631.0
8381,2026-08-17,2517.0
8381,2026-08-24,2623.0
8381,2026-08-31,2611.0
8381,2026-09-07,2579.0
8381,2026-09-14,2600.0
8381,2026-09-21,2660.0
8386,2025-10-06,1222.08
8386,2025-10-13,1219.62
8386,2025-10-20,1251.65
8386,2025-10-27,1330.49
8386,2025-11-03,1411.8
8386,2025-11-10,1446.3
8386,2025-11-17,1473.4
8386,2025-11-24,1532.53
8386,2025-12-01,1530.07
8386,2025-12-08,1539.92
8386,2025-12-15,1591.66
8386,2025-12-22,1594.13
8386,2025-12-29,1640.94
8386,2026-01-05,1732.1
8386,2026-01-12,1921.82
8386,2026-01-19,2064.73
8386,2026-01-26,2057.34
8386,2026-02-02,2325.9
8386,2026-02-09,2365.32
8386,2026-02-16,2340.68
8386,2026-02-23,2407.21
8386,2026-03-02,2180.53
8386,2026-03-09,2101.69
8386,2026-03-16,2089.37
8386,2026-03-23,2148.5
8386,2026-03-30,2205.0
8386,2026-04-06,2322.0
8386,2026-04-13,2445.0
8386,2026-04-20,2275.0
8386,2026-04-27,2371.0
8386,2026-05-04,2360.0
8386,2026-05-11,2467.0
8386,2026-05-18,2559.0
8386,2026-05-25,2485.0
8386,2026-06-01,2438.0
8386,2026-06-08,2521.0
8386,2026-06-15,2388.0
8386,2026-06-22,2560.0
8386,2026-06-29,2669.0
8386,2026-07-06,2651.0
8386,2026-07-13,2628.0
8386,2026-07-20,2966.0
8386,2026-07-27,2846.0
8386,2026-08-03,2872.0
8386,2026-08-10,3085.0
8386,2026-08-17,2980.0
8386,2026-08-24,3135.0
8386,2026-08-31,3115.0
8386,2026-09-07,3085.0
8386,2026-09-14,3140.0
8386,2026-09-21,3245.0
8388,2025-10-06,3495.93
8388,2025-10-13,3495.93
8388,2025-10-20,3545.24
8388,2025-10-27,3589.61
8388,2025-11-03,3643.85
8388,2025-11-10,3772.05
8388,2025-11-17,3860.81
8388,2025-11-24,4092.55
8388,2025-12-01,4161.59
8388,2025-12-08,4171.45
8388,2025-12-15,4289.79
8388,2025-12-22,4230.62
8388,2025-12-29,4324.3
8388,2026-01-05,4546.19
8388,2026-01-12,4916.0
8388,2026-01-19,4989.96
8388,2026-01-26,5118.16
8388,2026-02-02,5581.65
8388,2026-02-09,5709.85
8388,2026-02-16,5729.58
8388,2026-02-23,5907.08
8388,2026-03-02,5552.07
8388,2026-03-09,5384.42
8388,2026-03-16,5650.68
8388,2026-03-23,5877.5
8388,2026-03-30,6120.0
8388,2026-04-06,6510.0
8388,2026-04-13,6630.0
8388,2026-04-20,6170.0
8388,2026-04-27,6270.0
8388,2026-05-04,6160.0
8388,2026-05-11,6720.0
8388,2026-05-18,6870.0
8388,2026-05-25,6700.0
8388,2026-06-01,6750.0
8388,2026-06-08,6990.0
8388,2026-06-15,6820.0
8388,2026-06-22,7070.0
8388,2026-06-29,7540.0
8388,2026-07-06,7530.0
8388,2026-07-13,7630.0
8388,2026-07-20,8680.0
8388,2026-07-27,8340.0
8388,2026-08-03,8930.0
8388,2026-08-10,9320.0
8388,2026-08-17,9000.0
8388,2026-08-24,10200.0
8388,2026-08-31,9940.0
8388,2026-09-07,10190.0
8388,2026-09-14,10380.0
8388,2026-09-21,11040.0
8392,2025-10-06,955.78
8392,2025-10-13,961.73
8392,2025-10-20,993.46
8392,2025-10-27,1009.32
8392,2025-11-03,1029.15
8392,2025-11-10,1064.84
8392,2025-11-17,1048.98
8392,2025-11-24,1156.06
8392,2025-12-01,1221.5
8392,2025-12-08,1219.51
8392,2025-12-15,1259.17
8392,2025-12-22,1237.36
8392,2025-12-29,1286.93
8392,2026-01-05,1384.1
8392,2026-01-12,1487.21
8392,2026-01-19,1598.26
8392,2026-01-26,1622.05
8392,2026-02-02,1867.94
8392,2026-02-09,1895.7
8392,2026-02-16,1917.51
8392,2026-02-23,1988.9
8392,2026-03-02,1963.12
8392,2026-03-09,1873.89
8392,2026-03-16,1893.72
8392,2026-03-23,1977.0
8392,2026-03-30,1873.0
8392,2026-04-06,2110.0
8392,2026-04-13,2164.0
8392,2026-04-20,1980.0
8392,2026-04-27,2103.0
8392,2026-05-04,2132.0
8392,2026-05-11,2209.0
8392,2026-05-18,2258.0
8392,2026-05-25,2254.0
8392,2026-06-01,2241.0
8392,2026-06-08,2390.0
8392,2026-06-15,2264.0
8392,2026-06-22,2336.0
8392,2026-06-29,2547.0
8392,2026-07-06,2509.0
8392,2026-07-13,2443.0
8392,2026-07-20,2790.0
8392,2026-07-27,2565.0
8392,2026-08-03,2712.0
8392,2026-08-10,2843.0
8392,2026-08-17,2763.0
8392,2026-08-24,2902.0
8392,2026-08-31,2991.0
8392,2026-09-07,3040.0
8392,2026-09-14,3135.0
8392,2026-09-21,3280.0
8393,2025-10-06,864.03
8393,2025-10-13,872.92
8393,2025-10-20,906.54
8393,2025-10-27,917.41
8393,2025-11-03,1008.36
8393,2025-11-10,1028.13
8393,2025-11-17,1020.22
8393,2025-11-24,1126.99
8393,2025-12-01,1178.4
8393,2025-12-08,1190.26
8393,2025-12-15,1227.83
8393,2025-12-22,1235.74
8393,2025-12-29,1293.07
8393,2026-01-05,1399.84
8393,2026-01-12,1494.75
8393,2026-01-19,1583.72
8393,2026-01-26,1536.27
8393,2026-02-02,1743.87
8393,2026-02-09,1872.39
8393,2026-02-16,1874.37
8393,2026-02-23,1921.82
8393,2026-03-02,1832.84
8393,2026-03-09,1741.89
8393,2026-03-16,1779.46
8393,2026-03-23,1906.0
8393,2026-03-30,1844.0
8393,2026-04-06,2017.0
8393,2026-04-13,2117.0
8393,2026-04-20,1929.0
8393,2026-04-27,1955.0
8393,2026-05-04,1952.0
8393,2026-05-11,1996.0
8393,2026-05-18,2050.0
8393,2026-05-25,1856.0
8393,2026-06-01,1943.0
8393,2026-06-08,2130.0
8393,2026-06-15,1998.0
8393,2026-06-22,2124.0
8393,2026-06-29,2222.0
8393,2026-07-06,2194.0
8393,2026-07-13,2147.0
8393,2026-07-20,2478.0
8393,2026-07-27,2339.0
8393,2026-08-03,2389.0
8393,2026-08-10,2497.0
8393,2026-08-17,2440.0
8393,2026-08-24,2544.0
8393,2026-08-31,2651.0
8393,2026-09-07,2693.0
8393,2026-09-14,2782.0
8393,2026-09-21,2955.0
8395,2025-10-06,2993.16
8395,2025-10-13,3037.61
8395,2025-10-20,3111.7
8395,2025-10-27,3166.03
8395,2025-11-03,3175.91
8395,2025-11-10,3304.33
8395,2025-11-17,3353.72
8395,2025-11-24,3571.05
8395,2025-12-01,3694.53
8395,2025-12-08,3724.16
8395,2025-12-15,3832.83
8395,2025-12-22,3877.28
8395,2025-12-29,4000.76
8395,2026-01-05,4262.54
8395,2026-01-12,4519.38
8395,2026-01-19,4623.1
8395,2026-01-26,4534.19
8395,2026-02-02,4949.09
8395,2026-02-09,4998.48
8395,2026-02-16,5018.24
8395,2026-02-23,5117.02
8395,2026-03-02,4756.46
8395,2026-03-09,4608.28
8395,2026-03-16,4672.49
8395,2026-03-23,4875.0
8395,2026-03-30,4910.0
8395,2026-04-06,5240.0
8395,2026-04-13,5370.0
8395,2026-04-20,5050.0
8395,2026-04-27,5080.0
8395,2026-05-04,5080.0
8395,2026-05-11,5220.0
8395,2026-05-18,5290.0
8395,2026-05-25,5210.0
8395,2026-06-01,5280.0
8395,2026-06-08,5530.0
8395,2026-06-15,5130.0
8395,2026-06-22,5220.0
8395,2026-06-29,5470.0
8395,2026-07-06,5590.0
8395,2026-07-13,5340.0
8395,2026-07-20,5910.0
8395,2026-07-27,5600.0
8395,2026-08-03,5880.0
8395,2026-08-10,6380.0
8395,2026-08-17,6460.0
8395,2026-08-24,6630.0
8395,2026-08-31,6570.0
8395,2026-09-07,6600.0
8395,2026-09-14,6780.0
8395,2026-09-21,7080.0
8418,2025-10-06,1684.77
8418,2025-10-13,1645.77
8418,2025-10-20,1722.29
8418,2025-10-27,1744.99
8418,2025-11-03,1749.93
8418,2025-11-10,1781.03
8418,2025-11-17,1773.62
8418,2025-11-24,2012.05
8418,2025-12-01,2025.38
8418,2025-12-08,2093.5
8418,2025-12-15,2080.17
8418,2025-12-22,2057.96
8418,2025-12-29,2095.97
8418,2026-01-05,2213.45
8418,2026-01-12,2323.04
8418,2026-01-19,2437.07
8418,2026-01-26,2424.73
8418,2026-02-02,2628.6
8418,2026-02-09,2731.27
8418,2026-02-16,2695.24
8418,2026-02-23,2716.96
8418,2026-03-02,2550.6
8418,2026-03-09,2469.15
8418,2026-03-16,2418.8
8418,2026-03-23,2481.0
8418,2026-03-30,2595.5
8418,2026-04-06,2698.5
8418,2026-04-13,2769.5
8418,2026-04-20,2553.5
8418,2026-04-27,2640.0
8418,2026-05-04,2640.0
8418,2026-05-11,2813.0
8418,2026-05-18,2863.0
8418,2026-05-25,2740.5
8418,2026-06-01,2731.0
8418,2026-06-08,2920.0
8418,2026-06-15,2859.5
8418,2026-06-22,2876.5
8418,2026-06-29,2987.0
8418,2026-07-06,2972.5
8418,2026-07-13,2902.0
8418,2026-07-20,3121.0
8418,2026-07-27,2976.0
8418,2026-08-03,3075.0
8418,2026-08-10,3202.0
8418,2026-08-17,3106.0
8418,2026-08-24,3198.0
8418,2026-08-31,3226.0
8418,2026-09-07,3203.0
8418,2026-09-14,3443.0
8418,2026-09-21,3550.0
8522,2025-10-06,3379.79
8522,2025-10-13,3379.79
8522,2025-10-20,3634.87
8522,2025-10-27,3860.52
8522,2025-11-03,3909.57
8522,2025-11-10,3939.01
8522,2025-11-17,3924.29
8522,2025-11-24,4292.19
8522,2025-12-01,4341.25
8522,2025-12-08,4351.06
8522,2025-12-15,4419.73
8522,2025-12-22,4238.23
8522,2025-12-29,4272.57
8522,2026-01-05,4552.18
8522,2026-01-12,4758.2
8522,2026-01-19,4993.66
8522,2026-01-26,4797.44
8522,2026-02-02,5484.2
8522,2026-02-09,5631.36
8522,2026-02-16,5405.71
8522,2026-02-23,5817.76
8522,2026-03-02,5484.2
8522,2026-03-09,5258.55
8522,2026-03-16,5287.98
8522,2026-03-23,6220.0
8522,2026-03-30,5800.0
8522,2026-04-06,5880.0
8522,2026-04-13,5990.0
8522,2026-04-20,5690.0
8522,2026-04-27,5780.0
8522,2026-05-04,5830.0
8522,2026-05-11,6150.0
8522,2026-05-18,6060.0
8522,2026-05-25,5860.0
8522,2026-06-01,5840.0
8522,2026-06-08,5970.0
8522,2026-06-15,5800.0
8522,2026-06-22,5910.0
8522,2026-06-29,6300.0
8522,2026-07-06,6460.0
8522,2026-07-13,6260.0
8522,2026-07-20,6890.0
8522,2026-07-27,6510.0
8522,2026-08-03,6450.0
8522,2026-08-10,6870.0
8522,2026-08-17,6980.0
8522,2026-08-24,7180.0
8522,2026-08-31,7140.0
8522,2026-09-07,7150.0
8522,2026-09-14,7220.0
8522,2026-09-21,7470.0
8524,2025-10-06,685.55
8524,2025-10-13,670.9
8524,2025-10-20,706.05
8524,2025-10-27,705.08
8524,2025-11-03,715.82
8524,2025-11-10,723.63
8524,2025-11-17,732.42
8524,2025-11-24,806.64
8524,2025-12-01,814.45
8524,2025-12-08,806.64
8524,2025-12-15,832.03
8524,2025-12-22,821.29
8524,2025-12-29,834.57
8524,2026-01-05,908.39
8524,2026-01-12,945.79
8524,2026-01-19,926.1
8524,2026-01-26,906.42
8524,2026-02-02,961.53
8524,2026-02-09,997.95
8524,2026-02-16,1031.41
8524,2026-02-23,1080.62
8524,2026-03-02,987.12
8524,2026-03-09,932.01
8524,2026-03-16,916.26
8524,2026-03-23,956.61
8524,2026-03-30,990.87
8524,2026-04-06,1035.54
8524,2026-04-13,1038.52
8524,2026-04-20,923.35
8524,2026-04-27,982.92
8524,2026-05-04,973.99
8524,2026-05-11,987.89
8524,2026-05-18,999.8
8524,2026-05-25,966.04
8524,2026-06-01,985.9
8524,2026-06-08,1012.71
8524,2026-06-15,1009.73
8524,2026-06-22,1111.0
8524,2026-06-29,1141.0
8524,2026-07-06,1170.0
8524,2026-07-13,1114.0
8524,2026-07-20,1217.0
8524,2026-07-27,1157.0
8524,2026-08-03,1221.0
8524,2026-08-10,1301.0
8524,2026-08-17,1261.0
8524,2026-08-24,1306.0
8524,2026-08-31,1318.0
8524,2026-09-07,1298.0
8524,2026-09-14,1322.0
8524,2026-09-21,1375.0
8537,2025-10-06,1645.65
8537,2025-10-13,1629.02
8537,2025-10-20,1693.56
8537,2025-10-27,1706.27
8537,2025-11-03,1685.74
8537,2025-11-10,1684.76
8537,2025-11-17,1674.98
8537,2025-11-24,1811.87
8537,2025-12-01,1912.59
8537,2025-12-08,1908.68
8537,2025-12-15,1909.65
8537,2025-12-22,2043.61
8537,2025-12-29,2023.08
8537,2026-01-05,2275.35
8537,2026-01-12,2406.38
8537,2026-01-19,2436.69
8537,2026-01-26,2316.42
8537,2026-02-02,2461.14
8537,2026-02-09,2546.2
8537,2026-02-16,2829.77
8537,2026-02-23,2832.7
8537,2026-03-02,2576.52
8537,2026-03-09,2447.45
8537,2026-03-16,2417.13
8537,2026-03-23,2379.0
8537,2026-03-30,2375.0
8537,2026-04-06,2539.0
8537,2026-04-13,2617.0
8537,2026-04-20,2393.0
8537,2026-04-27,2506.0
8537,2026-05-04,2592.0
8537,2026-05-11,2740.0
8537,2026-05-18,2981.0
8537,2026-05-25,2834.0
8537,2026-06-01,2807.0
8537,2026-06-08,2841.0
8537,2026-06-15,2721.0
8537,2026-06-22,2740.0
8537,2026-06-29,2843.0
8537,2026-07-06,2721.0
8537,2026-07-13,2633.0
8537,2026-07-20,2889.0
8537,2026-07-27,2592.0
8537,2026-08-03,2695.0
8537,2026-08-10,2945.0
8537,2026-08-17,2978.0
8537,2026-08-24,3055.0
8537,2026-08-31,3155.0
8537,2026-09-07,3125.0
8537,2026-09-14,3245.0
8537,2026-09-21,3360.0
8544,2025-10-06,1242.15
8544,2025-10-13,1234.24
8544,2025-10-20,1254.02
8544,2025-10-27,1285.67
8544,2025-11-03,1306.43
8544,2025-11-10,1414.23
8544,2025-11-17,1427.09
8544,2025-11-24,1520.05
8544,2025-12-01,1625.87
8544,2025-12-08,1639.72
8544,2025-12-15,1609.06
8544,2025-12-22,1601.15
8544,2025-12-29,1645.65
8544,2026-01-05,1713.89
8544,2026-01-12,1828.61
8544,2026-01-19,1863.23
8544,2026-01-26,1832.57
8544,2026-02-02,2004.65
8544,2026-02-09,2123.33
8544,2026-02-16,2127.28
8544,2026-02-23,2227.17
8544,2026-03-02,2035.31
8544,2026-03-09,1981.9
8544,2026-03-16,1987.84
8544,2026-03-23,2063.0
8544,2026-03-30,2181.0
8544,2026-04-06,2263.0
8544,2026-04-13,2257.0
8544,2026-04-20,2105.0
8544,2026-04-27,2117.0
8544,2026-05-04,2111.0
8544,2026-05-11,2368.0
8544,2026-05-18,2480.0
8544,2026-05-25,2581.0
8544,2026-06-01,2429.0
8544,2026-06-08,2524.0
8544,2026-06-15,2421.0
8544,2026-06-22,2471.0
8544,2026-06-29,2638.0
8544,2026-07-06,2591.0
8544,2026-07-13,2469.0
8544,2026-07-20,2844.0
8544,2026-07-27,2650.0
8544,2026-08-03,2643.0
8544,2026-08-10,2788.0
8544,2026-08-17,2687.0
8544,2026-08-24,2852.0
8544,2026-08-31,2870.0
8544,2026-09-07,2839.0
8544,2026-09-14,2855.0
8544,2026-09-21,3010.0
8550,2025-10-06,477.53
8550,2025-10-13,470.64
8550,2025-10-20,492.3
8550,2025-10-27,541.53
8550,2025-11-03,567.13
8550,2025-11-10,609.47
8550,2025-11-17,605.53
8550,2025-11-24,681.34
8550,2025-12-01,702.02
8550,2025-12-08,716.79
8550,2025-12-15,705.96
8550,2025-12-22,710.88
8550,2025-12-29,714.82
8550,2026-01-05,780.79
8550,2026-01-12,854.63
8550,2026-01-19,900.91
8550,2026-01-26,823.12
8550,2026-02-02,982.63
8550,2026-02-09,990.51
8550,2026-02-16,986.57
8550,2026-02-23,1001.34
8550,2026-03-02,912.72
8550,2026-03-09,885.15
8550,2026-03-16,888.11
8550,2026-03-23,895.0
8550,2026-03-30,902.0
8550,2026-04-06,953.0
8550,2026-04-13,1020.0
8550,2026-04-20,909.0
8550,2026-04-27,963.0
8550,2026-05-04,959.0
8550,2026-05-11,937.0
8550,2026-05-18,972.0
8550,2026-05-25,944.0
8550,2026-06-01,930.0
8550,2026-06-08,971.0
8550,2026-06-15,921.0
8550,2026-06-22,915.0
8550,2026-06-29,974.0
8550,2026-07-06,976.0
8550,2026-07-13,933.0
8550,2026-07-20,1028.0
8550,2026-07-27,951.0
8550,2026-08-03,1028.0
8550,2026-08-10,1117.0
8550,2026-08-17,1041.0
8550,2026-08-24,1094.0
8550,2026-08-31,1101.0
8550,2026-09-07,1074.0
8550,2026-09-14,1129.0
8550,2026-09-21,1208.0
8551,2025-10-06,3553.26
8551,2025-10-13,3519.0
8551,2025-10-20,3665.82
8551,2025-10-27,3695.19
8551,2025-11-03,3675.61
8551,2025-11-10,4023.11
8551,2025-11-17,4116.1
8551,2025-11-24,4287.4
8551,2025-12-01,4204.2
8551,2025-12-08,4199.3
8551,2025-12-15,4238.46
8551,2025-12-22,4292.29
8551,2025-12-29,4424.44
8551,2026-01-05,4644.68
8551,2026-01-12,4904.08
8551,2026-01-19,4972.6
8551,2026-01-26,4585.95
8551,2026-02-02,4889.4
8551,2026-02-09,5119.43
8551,2026-02-16,5099.85
8551,2026-02-23,5187.95
8551,2026-03-02,4757.25
8551,2026-03-09,4561.48
8551,2026-03-16,4507.64
8551,2026-03-23,4630.0
8551,2026-03-30,4675.0
8551,2026-04-06,4900.0
8551,2026-04-13,5040.0
8551,2026-04-20,4660.0
8551,2026-04-27,4755.0
8551,2026-05-04,4785.0
8551,2026-05-11,5240.0
8551,2026-05-18,5500.0
8551,2026-05-25,5440.0
8551,2026-06-01,5320.0
8551,2026-06-08,5410.0
8551,2026-06-15,5200.0
8551,2026-06-22,5260.0
8551,2026-06-29,5680.0
8551,2026-07-06,5700.0
8551,2026-07-13,6030.0
8551,2026-07-20,6790.0
8551,2026-07-27,6650.0
8551,2026-08-03,6710.0
8551,2026-08-10,7380.0
8551,2026-08-17,7490.0
8551,2026-08-24,8080.0
8551,2026-08-31,8000.0
8551,2026-09-07,8480.0
8551,2026-09-14,8530.0
8551,2026-09-21,9060.0
8563,2025-10-06,738.03
8563,2025-10-13,728.42
8563,2025-10-20,738.99
8563,2025-10-27,749.56
8563,2025-11-03,746.68
8563,2025-11-10,752.44
8563,2025-11-17,744.76
8563,2025-11-24,761.09
8563,2025-12-01,775.51
8563,2025-12-08,788.96
8563,2025-12-15,806.26
8563,2025-12-22,835.09
8563,2025-12-29,871.6
8563,2026-01-05,909.08
8563,2026-01-12,935.03
8563,2026-01-19,947.52
8563,2026-01-26,960.98
8563,2026-02-02,1032.09
8563,2026-02-09,1093.59
8563,2026-02-16,1133.95
8563,2026-02-23,1157.01
8563,2026-03-02,1048.42
8563,2026-03-09,992.69
8563,2026-03-16,964.82
8563,2026-03-23,985.0
8563,2026-03-30,983.0
8563,2026-04-06,1002.0
8563,2026-04-13,1018.0
8563,2026-04-20,958.0
8563,2026-04-27,956.0
8563,2026-05-04,967.0
8563,2026-05-11,990.0
8563,2026-05-18,1020.0
8563,2026-05-25,979.0
8563,2026-06-01,958.0
8563,2026-06-08,968.0
8563,2026-06-15,956.0
8563,2026-06-22,946.0
8563,2026-06-29,978.0
8563,2026-07-06,982.0
8563,2026-07-13,989.0
8563,2026-07-20,1045.0
8563,2026-07-27,1020.0
8563,2026-08-03,1049.0
8563,2026-08-10,1095.0
8563,2026-08-17,1107.0
8563,2026-08-24,1152.0
8563,2026-08-31,1179.0
8563,2026-09-07,1177.0
8563,2026-09-14,1200.0
8563,2026-09-21,1202.0
8600,2025-10-06,645.98
8600,2025-10-13,639.09
8600,2025-10-20,667.64
8600,2025-10-27,672.57
8600,2025-11-03,694.23
8600,2025-11-10,685.37
8600,2025-11-17,692.26
8600,2025-11-24,736.57
8600,2025-12-01,738.54
8600,2025-12-08,743.47
8600,2025-12-15,751.34
8600,2025-12-22,753.31
8600,2025-12-29,772.02
8600,2026-01-05,798.61
8600,2026-01-12,854.74
8600,2026-01-19,860.65
8600,2026-01-26,859.66
8600,2026-02-02,917.76
8600,2026-02-09,949.27
8600,2026-02-16,961.09
8600,2026-02-23,967.98
8600,2026-03-02,884.28
8600,2026-03-09,845.88
8600,2026-03-16,838.98
8600,2026-03-23,838.0
8600,2026-03-30,888.0
8600,2026-04-06,924.0
8600,2026-04-13,939.0
8600,2026-04-20,866.0
8600,2026-04-27,892.0
8600,2026-05-04,889.0
8600,2026-05-11,878.0
8600,2026-05-18,888.0
8600,2026-05-25,876.0
8600,2026-06-01,852.0
8600,2026-06-08,890.0
8600,2026-06-15,861.0
8600,2026-06-22,876.0
8600,2026-06-29,895.0
8600,2026-07-06,910.0
8600,2026-07-13,908.0
8600,2026-07-20,1024.0
8600,2026-07-27,997.0
8600,2026-08-03,1078.0
8600,2026-08-10,1118.0
8600,2026-08-17,1083.0
8600,2026-08-24,1143.0
8600,2026-08-31,1136.0
8600,2026-09-07,1137.0
8600,2026-09-14,1183.0
8600,2026-09-21,1226.0
8714,2025-10-06,628.8
8714,2025-10-13,628.8
8714,2025-10-20,636.67
8714,2025-10-27,654.38
8714,2025-11-03,661.27
8714,2025-11-10,689.81
8714,2025-11-17,722.28
8714,2025-11-24,769.51
8714,2025-12-01,770.5
8714,2025-12-08,761.64
8714,2025-12-15,771.48
8714,2025-12-22,762.62
8714,2025-12-29,778.37
8714,2026-01-05,810.84
8714,2026-01-12,849.22
8714,2026-01-19,849.22
8714,2026-01-26,802.97
8714,2026-02-02,879.72
8714,2026-02-09,906.29
8714,2026-02-16,922.04
8714,2026-02-23,908.26
8714,2026-03-02,829.54
8714,2026-03-09,781.32
8714,2026-03-16,774.43
8714,2026-03-23,893.5
8714,2026-03-30,915.0
8714,2026-04-06,999.0
8714,2026-04-13,936.0
8714,2026-04-20,898.0
8714,2026-04-27,917.0
8714,2026-05-04,914.0
8714,2026-05-11,955.0
8714,2026-05-18,971.0
8714,2026-05-25,964.0
8714,2026-06-01,993.0
8714,2026-06-08,1009.0
8714,2026-06-15,979.0
8714,2026-06-22,975.0
8714,2026-06-29,1016.0
8714,2026-07-06,1010.0
8714,2026-07-13,985.0
8714,2026-07-20,1047.0
8714,2026-07-27,946.0
8714,2026-08-03,1031.0
8714,2026-08-10,1099.0
8714,2026-08-17,1055.0
8714,2026-08-24,1104.0
8714,2026-08-31,1083.0
8714,2026-09-07,1071.0
8714,2026-09-14,1102.0
8714,2026-09-21,1139.0
8876,2025-10-06,1633.14
8876,2025-10-13,1616.74
8876,2025-10-20,1621.08
8876,2025-10-27,1599.85
8876,2025-11-03,1597.92
8876,2025-11-10,1715.16
8876,2025-11-17,1664.99
8876,2025-11-24,1654.86
8876,2025-12-01,1615.78
8876,2025-12-08,1623.49
8876,2025-12-15,1665.47
8876,2025-12-22,1677.05
8876,2025-12-29,1655.34
8876,2026-01-05,1692.49
8876,2026-01-12,1731.57
8876,2026-01-19,1747.01
8876,2026-01-26,1690.56
8876,2026-02-02,1724.81
8876,2026-02-09,1772.58
8876,2026-02-16,1785.6
8876,2026-02-23,1858.46
8876,2026-03-02,1860.87
8876,2026-03-09,1852.67
8876,2026-03-16,1891.26
8876,2026-03-23,1898.5
8876,2026-03-30,1998.0
8876,2026-04-06,1945.0
8876,2026-04-13,1974.0
8876,2026-04-20,1958.0
8876,2026-04-27,1927.0
8876,2026-05-04,1916.0
8876,2026-05-11,2034.5
8876,2026-05-18,1970.5
8876,2026-05-25,1841.5
8876,2026-06-01,1804.0
8876,2026-06-08,1816.0
8876,2026-06-15,1781.5
8876,2026-06-22,1887.0
8876,2026-06-29,2058.0
8876,2026-07-06,2089.0
8876,2026-07-13,2013.0
8876,2026-07-20,2000.5
8876,2026-07-27,2014.0
8876,2026-08-03,2132.5
8876,2026-08-10,2161.0
8876,2026-08-17,2162.0
8876,2026-08-24,2179.0
8876,2026-08-31,2261.5
8876,2026-09-07,2134.0
8876,2026-09-14,2282.0
8876,2026-09-21,2317.5
9039,2025-10-06,2781.74
9039,2025-10-13,2782.71
9039,2025-10-20,2819.79
9039,2025-10-27,2748.56
9039,2025-11-03,2793.45
9039,2025-11-10,2706.61
9039,2025-11-17,2809.06
9039,2025-11-24,2785.64
9039,2025-12-01,2726.12
9039,2025-12-08,2731.0
9039,2025-12-15,2789.54
9039,2025-12-22,2782.71
9039,2025-12-29,2797.35
9039,2026-01-05,2868.57
9039,2026-01-12,2905.65
9039,2026-01-19,2913.46
9039,2026-01-26,2845.16
9039,2026-02-02,2867.6
9039,2026-02-09,2835.4
9039,2026-02-16,2824.67
9039,2026-02-23,2854.91
9039,2026-03-02,2708.56
9039,2026-03-09,2646.11
9039,2026-03-16,2653.92
9039,2026-03-23,2731.0
9039,2026-03-30,2817.0
9039,2026-04-06,2892.0
9039,2026-04-13,2911.0
9039,2026-04-20,2893.0
9039,2026-04-27,2872.0
9039,2026-05-04,2887.0
9039,2026-05-11,2805.0
9039,2026-05-18,2821.0
9039,2026-05-25,2861.0
9039,2026-06-01,2871.0
9039,2026-06-08,2817.0
9039,2026-06-15,2854.0
9039,2026-06-22,2920.0
9039,2026-06-29,2914.0
9039,2026-07-06,2899.0
9039,2026-07-13,2991.0
9039,2026-07-20,2982.0
9039,2026-07-27,2977.0
9039,2026-08-03,2898.0
9039,2026-08-10,3005.0
9039,2026-08-17,3030.0
9039,2026-08-24,2995.0
9039,2026-08-31,2969.0
9039,2026-09-07,2941.0
9039,2026-09-14,3020.0
9039,2026-09-21,3080.0
9081,2025-10-06,3495.0
9081,2025-10-13,3524.62
9081,2025-10-20,3569.05
9081,2025-10-27,3465.38
9081,2025-11-03,3435.76
9081,2025-11-10,3485.13
9081,2025-11-17,3559.17
9081,2025-11-24,3643.09
9081,2025-12-01,3593.73
9081,2025-12-08,3707.27
9081,2025-12-15,3598.67
9081,2025-12-22,3682.58
9081,2025-12-29,3702.33
9081,2026-01-05,3751.69
9081,2026-01-12,3801.06
9081,2026-01-19,3712.2
9081,2026-01-26,3623.35
9081,2026-02-02,3564.11
9081,2026-02-09,3608.54
9081,2026-02-16,3598.67
9081,2026-02-23,3648.03
9081,2026-03-02,3559.17
9081,2026-03-09,3495.0
9081,2026-03-16,3652.97
9081,2026-03-23,3495.0
9081,2026-03-30,3570.0
9081,2026-04-06,3585.0
9081,2026-04-13,3540.0
9081,2026-04-20,3400.0
9081,2026-04-27,3285.0
9081,2026-05-04,3255.0
9081,2026-05-11,3255.0
9081,2026-05-18,3290.0
9081,2026-05-25,3320.0
9081,2026-06-01,3385.0
9081,2026-06-08,3520.0
9081,2026-06-15,3505.0
9081,2026-06-22,3570.0
9081,2026-06-29,3570.0
9081,2026-07-06,3650.0
9081,2026-07-13,3785.0
9081,2026-07-20,3865.0
9081,2026-07-27,3870.0
9081,2026-08-03,3765.0
9081,2026-08-10,3855.0
9081,2026-08-17,3950.0
9081,2026-08-24,4005.0
9081,2026-08-31,4000.0
9081,2026-09-07,4000.0
9081,2026-09-14,4065.0
9081,2026-09-21,4095.0
9244,2025-10-06,955.0
9244,2025-10-13,950.0
9244,2025-10-20,988.0
9244,2025-10-27,951.0
9244,2025-11-03,912.0
9244,2025-11-10,974.0
9244,2025-11-17,868.0
9244,2025-11-24,895.0
9244,2025-12-01,871.0
9244,2025-12-08,873.0
9244,2025-12-15,913.0
9244,2025-12-22,904.0
9244,2025-12-29,931.0
9244,2026-01-05,968.0
9244,2026-01-12,1009.0
9244,2026-01-19,1028.0
9244,2026-01-26,1014.0
9244,2026-02-02,999.0
9244,2026-02-09,1056.0
9244,2026-02-16,1014.0
9244,2026-02-23,1020.0
9244,2026-03-02,986.0
9244,2026-03-09,950.0
9244,2026-03-16,945.0
9244,2026-03-23,1023.0
9244,2026-03-30,997.0
9244,2026-04-06,1010.0
9244,2026-04-13,1029.0
9244,2026-04-20,1019.0
9244,2026-04-27,1048.0
9244,2026-05-04,1033.0
9244,2026-05-11,971.0
9244,2026-05-18,1063.0
9244,2026-05-25,1049.0
9244,2026-06-01,1043.0
9244,2026-06-08,1008.0
9244,2026-06-15,1020.0
9244,2026-06-22,1164.0
9244,2026-06-29,1240.0
9244,2026-07-06,1270.0
9244,2026-07-13,1196.0
9244,2026-07-20,1178.0
9244,2026-07-27,1271.0
9244,2026-08-03,1283.0
9244,2026-08-10,1205.0
9244,2026-08-17,1267.0
9244,2026-08-24,1386.0
9244,2026-08-31,1432.0
9244,2026-09-07,1398.0
9244,2026-09-14,1447.0
9244,2026-09-21,1573.0
9274,2025-10-06,733.71
9274,2025-10-13,753.31
9274,2025-10-20,784.65
9274,2025-10-27,747.43
9274,2025-11-03,761.14
9274,2025-11-10,764.08
9274,2025-11-17,707.27
9274,2025-11-24,734.69
9274,2025-12-01,711.18
9274,2025-12-08,747.43
9274,2025-12-15,777.8
9274,2025-12-22,789.55
9274,2025-12-29,807.18
9274,2026-01-05,845.39
9274,2026-01-12,865.96
9274,2026-01-19,857.14
9274,2026-01-26,864.98
9274,2026-02-02,900.24
9274,2026-02-09,893.39
9274,2026-02-16,888.49
9274,2026-02-23,915.92
9274,2026-03-02,891.43
9274,2026-03-09,859.1
9274,2026-03-16,849.31
9274,2026-03-23,864.0
9274,2026-03-30,903.0
9274,2026-04-06,915.0
9274,2026-04-13,976.0
9274,2026-04-20,941.0
9274,2026-04-27,974.0
9274,2026-05-04,997.0
9274,2026-05-11,971.0
9274,2026-05-18,1007.0
9274,2026-05-25,1010.0
9274,2026-06-01,935.0
9274,2026-06-08,949.0
9274,2026-06-15,1018.0
9274,2026-06-22,1009.0
9274,2026-06-29,1032.0
9274,2026-07-06,1032.0
9274,2026-07-13,1047.0
9274,2026-07-20,1088.0
9274,2026-07-27,1110.0
9274,2026-08-03,1118.0
9274,2026-08-10,1095.0
9274,2026-08-17,1122.0
9274,2026-08-24,1105.0
9274,2026-08-31,1097.0
9274,2026-09-07,1093.0
9274,2026-09-14,1131.0
9274,2026-09-21,1176.0
9304,2025-10-06,1095.42
9304,2025-10-13,1088.59
9304,2025-10-20,1106.16
9304,2025-10-27,1080.78
9304,2025-11-03,1074.92
9304,2025-11-10,1096.4
9304,2025-11-17,1134.48
9304,2025-11-24,1155.96
9304,2025-12-01,1147.17
9304,2025-12-08,1171.58
9304,2025-12-15,1228.2
9304,2025-12-22,1247.73
9304,2025-12-29,1244.8
9304,2026-01-05,1279.95
9304,2026-01-12,1306.31
9304,2026-01-19,1291.66
9304,2026-01-26,1267.26
9304,2026-02-02,1304.36
9304,2026-02-09,1339.5
9304,2026-02-16,1356.1
9304,2026-02-23,1382.46
9304,2026-03-02,1345.36
9304,2026-03-09,1278.97
9304,2026-03-16,1279.95
9304,2026-03-23,1319.0
9304,2026-03-30,1343.0
9304,2026-04-06,1333.0
9304,2026-04-13,1333.0
9304,2026-04-20,1276.0
9304,2026-04-27,1269.0
9304,2026-05-04,1276.0
9304,2026-05-11,1422.0
9304,2026-05-18,1434.0
9304,2026-05-25,1413.0
9304,2026-06-01,1422.0
9304,2026-06-08,1494.0
9304,2026-06-15,1552.0
9304,2026-06-22,1586.0
9304,2026-06-29,1757.0
9304,2026-07-06,1869.0
9304,2026-07-13,1979.0
9304,2026-07-20,1800.0
9304,2026-07-27,1819.0
9304,2026-08-03,1901.0
9304,2026-08-10,1977.0
9304,2026-08-17,1989.0
9304,2026-08-24,2180.0
9304,2026-08-31,2042.0
9304,2026-09-07,2081.0
9304,2026-09-14,2106.0
9304,2026-09-21,2259.0
9308,2025-10-06,1592.65
9308,2025-10-13,1568.76
9308,2025-10-20,1599.62
9308,2025-10-27,1559.8
9308,2025-11-03,1550.84
9308,2025-11-10,1415.47
9308,2025-11-17,1391.58
9308,2025-11-24,1451.3
9308,2025-12-01,1452.3
9308,2025-12-08,1356.74
9308,2025-12-15,1340.81
9308,2025-12-22,1361.72
9308,2025-12-29,1365.7
9308,2026-01-05,1380.63
9308,2026-01-12,1365.7
9308,2026-01-19,1328.87
9308,2026-01-26,1289.05
9308,2026-02-02,1287.06
9308,2026-02-09,1500.08
9308,2026-02-16,1538.9
9308,2026-02-23,1640.43
9308,2026-03-02,1631.47
9308,2026-03-09,1598.62
9308,2026-03-16,1589.67
9308,2026-03-23,1502.07
9308,2026-03-30,1535.0
9308,2026-04-06,1541.0
9308,2026-04-13,1593.0
9308,2026-04-20,1452.0
9308,2026-04-27,1516.0
9308,2026-05-04,1531.0
9308,2026-05-11,1614.0
9308,2026-05-18,1554.0
9308,2026-05-25,1618.0
9308,2026-06-01,1542.0
9308,2026-06-08,1529.0
9308,2026-06-15,1505.0
9308,2026-06-22,1440.0
9308,2026-06-29,1467.0
9308,2026-07-06,1588.0
9308,2026-07-13,1656.0
9308,2026-07-20,1736.0
9308,2026-07-27,1890.0
9308,2026-08-03,1936.0
9308,2026-08-10,2059.0
9308,2026-08-17,2097.0
9308,2026-08-24,2135.0
9308,2026-08-31,2081.0
9308,2026-09-07,2096.0
9308,2026-09-14,2362.0
9308,2026-09-21,2428.0
9324,2025-10-06,2097.25
9324,2025-10-13,2198.52
9324,2025-10-20,2146.41
9324,2025-10-27,2133.63
9324,2025-11-03,2087.41
9324,2025-11-10,2169.02
9324,2025-11-17,2175.91
9324,2025-11-24,2200.49
9324,2025-12-01,2170.99
9324,2025-12-08,2211.3
9324,2025-12-15,2203.44
9324,2025-12-22,2170.99
9324,2025-12-29,2164.11
9324,2026-01-05,2171.97
9324,2026-01-12,2260.46
9324,2026-01-19,2223.1
9324,2026-01-26,2186.72
9324,2026-02-02,2368.62
9324,2026-02-09,2554.45
9324,2026-02-16,2494.47
9324,2026-02-23,2509.22
9324,2026-03-02,2427.61
9324,2026-03-09,2289.96
9324,2026-03-16,2316.51
9324,2026-03-23,2405.0
9324,2026-03-30,2462.0
9324,2026-04-06,2377.0
9324,2026-04-13,2337.0
9324,2026-04-20,2225.0
9324,2026-04-27,2199.0
9324,2026-05-04,2285.0
9324,2026-05-11,2287.0
9324,2026-05-18,2361.0
9324,2026-05-25,2250.0
9324,2026-06-01,2210.0
9324,2026-06-08,2237.0
9324,2026-06-15,2324.0
9324,2026-06-22,2365.0
9324,2026-06-29,2435.0
9324,2026-07-06,2453.0
9324,2026-07-13,2574.0
9324,2026-07-20,2546.0
9324,2026-07-27,2542.0
9324,2026-08-03,2474.0
9324,2026-08-10,2560.0
9324,2026-08-17,2586.0
9324,2026-08-24,2538.0
9324,2026-08-31,2533.0
9324,2026-09-07,2655.0
9324,2026-09-14,2684.0
9324,2026-09-21,2798.0
9380,2025-10-06,339.92
9380,2025-10-13,345.85
9380,2025-10-20,349.81
9380,2025-10-27,350.79
9380,2025-11-03,344.86
9380,2025-11-10,350.79
9380,2025-11-17,354.75
9380,2025-11-24,368.58
9380,2025-12-01,372.53
9380,2025-12-08,370.56
9380,2025-12-15,367.59
9380,2025-12-22,372.53
9380,2025-12-29,375.5
9380,2026-01-05,402.18
9380,2026-01-12,418.98
9380,2026-01-19,413.05
9380,2026-01-26,411.07
9380,2026-02-02,418.98
9380,2026-02-09,423.92
9380,2026-02-16,417.0
9380,2026-02-23,420.95
9380,2026-03-02,434.79
9380,2026-03-09,424.91
9380,2026-03-16,429.85
9380,2026-03-23,417.0
9380,2026-03-30,410.0
9380,2026-04-06,408.0
9380,2026-04-13,403.0
9380,2026-04-20,392.0
9380,2026-04-27,390.0
9380,2026-05-04,394.0
9380,2026-05-11,401.0
9380,2026-05-18,408.0
9380,2026-05-25,410.0
9380,2026-06-01,415.0
9380,2026-06-08,406.0
9380,2026-06-15,403.0
9380,2026-06-22,405.0
9380,2026-06-29,418.0
9380,2026-07-06,407.0
9380,2026-07-13,416.0
9380,2026-07-20,418.0
9380,2026-07-27,416.0
9380,2026-08-03,417.0
9380,2026-08-10,431.0
9380,2026-08-17,438.0
9380,2026-08-24,438.0
9380,2026-08-31,437.0
9380,2026-09-07,437.0
9380,2026-09-14,438.0
9380,2026-09-21,449.0
9619,2025-10-06,1937.74
9619,2025-10-13,1931.86
9619,2025-10-20,1990.67
9619,2025-10-27,1974.99
9619,2025-11-03,1965.18
9619,2025-11-10,2000.47
9619,2025-11-17,2036.73
9619,2025-11-24,2054.38
9619,2025-12-01,1990.67
9619,2025-12-08,2058.3
9619,2025-12-15,2060.26
9619,2025-12-22,2068.1
9619,2025-12-29,2085.74
9619,2026-01-05,2106.32
9619,2026-01-12,2104.36
9619,2026-01-19,2085.74
9619,2026-01-26,2066.14
9619,2026-02-02,2091.62
9619,2026-02-09,2149.45
9619,2026-02-16,2116.13
9619,2026-02-23,2142.59
9619,2026-03-02,2059.28
9619,2026-03-09,2029.87
9619,2026-03-16,2022.03
9619,2026-03-23,2073.0
9619,2026-03-30,2136.0
9619,2026-04-06,2120.0
9619,2026-04-13,2156.0
9619,2026-04-20,2150.0
9619,2026-04-27,2149.0
9619,2026-05-04,2132.0
9619,2026-05-11,2134.0
9619,2026-05-18,2134.0
9619,2026-05-25,2138.0
9619,2026-06-01,2122.0
9619,2026-06-08,2193.0
9619,2026-06-15,2214.0
9619,2026-06-22,2218.0
9619,2026-06-29,2223.0
9619,2026-07-06,2285.0
9619,2026-07-13,2357.0
9619,2026-07-20,2377.0
9619,2026-07-27,2370.0
9619,2026-08-03,2599.0
9619,2026-08-10,2654.0
9619,2026-08-17,2699.0
9619,2026-08-24,2730.0
9619,2026-08-31,2710.0
9619,2026-09-07,2637.0
9619,2026-09-14,2742.0
9619,2026-09-21,2762.0
9639,2025-10-06,2006.84
9639,2025-10-13,1983.32
9639,2025-10-20,2001.94
9639,2025-10-27,1966.66
9639,2025-11-03,1955.88
9639,2025-11-10,1958.82
9639,2025-11-17,1958.82
9639,2025-11-24,1971.56
9639,2025-12-01,1970.58
9639,2025-12-08,1988.22
9639,2025-12-15,2061.71
9639,2025-12-22,2052.89
9639,2025-12-29,2085.23
9639,2026-01-05,2071.51
9639,2026-01-12,2093.07
9639,2026-01-19,2091.11
9639,2026-01-26,2084.25
9639,2026-02-02,2104.83
9639,2026-02-09,2113.65
9639,2026-02-16,2190.08
9639,2026-02-23,2227.32
9639,2026-03-02,2221.44
9639,2026-03-09,2191.06
9639,2026-03-16,2167.54
9639,2026-03-23,2194.0
9639,2026-03-30,2148.0
9639,2026-04-06,2163.0
9639,2026-04-13,2170.0
9639,2026-04-20,2160.0
9639,2026-04-27,2155.0
9639,2026-05-04,2130.0
9639,2026-05-11,2178.0
9639,2026-05-18,2149.0
9639,2026-05-25,2148.0
9639,2026-06-01,2139.0
9639,2026-06-08,2150.0
9639,2026-06-15,2222.0
9639,2026-06-22,2262.0
9639,2026-06-29,2289.0
9639,2026-07-06,2293.0
9639,2026-07-13,2259.0
9639,2026-07-20,2264.0
9639,2026-07-27,2304.0
9639,2026-08-03,2363.0
9639,2026-08-10,2345.0
9639,2026-08-17,2326.0
9639,2026-08-24,2341.0
9639,2026-08-31,2386.0
9639,2026-09-07,2352.0
9639,2026-09-14,2380.0
9639,2026-09-21,2403.0
9928,2025-10-06,1744.85
9928,2025-10-13,1720.7
9928,2025-10-20,1754.51
9928,2025-10-27,1704.27
9928,2025-11-03,1774.8
9928,2025-11-10,1805.72
9928,2025-11-17,1797.02
9928,2025-11-24,1821.17
9928,2025-12-01,1780.6
9928,2025-12-08,1790.26
9928,2025-12-15,1826.0
9928,2025-12-22,1915.86
9928,2025-12-29,1921.65
9928,2026-01-05,1929.38
9928,2026-01-12,1951.6
9928,2026-01-19,1905.23
9928,2026-01-26,1865.62
9928,2026-02-02,1737.12
9928,2026-02-09,1652.1
9928,2026-02-16,1684.95
9928,2026-02-23,1741.95
9928,2026-03-02,1697.51
9928,2026-03-09,1660.79
9928,2026-03-16,1664.66
9928,2026-03-23,1712.0
9928,2026-03-30,1792.0
9928,2026-04-06,1772.0
9928,2026-04-13,1805.0
9928,2026-04-20,1739.0
9928,2026-04-27,1700.0
9928,2026-05-04,1723.0
9928,2026-05-11,1710.0
9928,2026-05-18,1735.0
9928,2026-05-25,1694.0
9928,2026-06-01,1736.0
9928,2026-06-08,1747.0
9928,2026-06-15,1727.0
9928,2026-06-22,1749.0
9928,2026-06-29,1774.0
9928,2026-07-06,1817.0
9928,2026-07-13,1813.0
9928,2026-07-20,1796.0
9928,2026-07-27,1823.0
9928,2026-08-03,1835.0
9928,2026-08-10,1923.0
9928,2026-08-17,1955.0
9928,2026-08-24,2070.0
9928,2026-08-31,2059.0
9928,2026-09-07,2000.0
9928,2026-09-14,2036.0
9928,2026-09-21,2086.0
9976,2025-10-06,980.51
9976,2025-10-13,995.1
9976,2025-10-20,1001.91
9976,2025-10-27,990.24
9976,2025-11-03,993.15
9976,2025-11-10,1001.91
9976,2025-11-17,1006.77
9976,2025-11-24,996.07
9976,2025-12-01,1001.91
9976,2025-12-08,1003.85
9976,2025-12-15,1048.6
9976,2025-12-22,1014.55
9976,2025-12-29,1010.66
9976,2026-01-05,1018.45
9976,2026-01-12,1035.95
9976,2026-01-19,1021.36
9976,2026-01-26,1019.42
9976,2026-02-02,1022.34
9976,2026-02-09,1056.38
9976,2026-02-16,1050.0
9976,2026-02-23,1042.0
9976,2026-03-02,1041.0
9976,2026-03-09,1045.0
9976,2026-03-16,1079.0
9976,2026-03-23,1014.0
9976,2026-03-30,1035.0
9976,2026-04-06,1017.0
9976,2026-04-13,1055.0
9976,2026-04-20,1050.0
9976,2026-04-27,1059.0
9976,2026-05-04,1060.0
9976,2026-05-11,1060.0
9976,2026-05-18,1040.0
9976,2026-05-25,1029.0
9976,2026-06-01,1029.0
9976,2026-06-08,1040.0
9976,2026-06-15,1060.0
9976,2026-06-22,1030.0
9976,2026-06-29,1033.0
9976,2026-07-06,1043.0
9976,2026-07-13,1080.0
9976,2026-07-20,1060.0
9976,2026-07-27,1055.0
9976,2026-08-03,1047.0
9976,2026-08-10,1056.0
9976,2026-08-17,1060.0
9976,2026-08-24,1052.0
9976,2026-08-31,1083.0
9976,2026-09-07,1079.0
9976,2026-09-14,1142.0
9976,2026-09-21,1200.0
9997,2025-10-06,961.13
9997,2025-10-13,971.86
9997,2025-10-20,990.38
9997,2025-10-27,991.35
9997,2025-11-03,1004.02
9997,2025-11-10,1028.39
9997,2025-11-17,952.36
9997,2025-11-24,979.65
9997,2025-12-01,950.41
9997,2025-12-08,943.59
9997,2025-12-15,965.03
9997,2025-12-22,963.08
9997,2025-12-29,970.88
9997,2026-01-05,973.81
9997,2026-01-12,987.45
9997,2026-01-19,962.11
9997,2026-01-26,948.46
9997,2026-02-02,929.94
9997,2026-02-09,951.39
9997,2026-02-16,950.41
9997,2026-02-23,964.06
9997,2026-03-02,916.29
9997,2026-03-09,889.0
9997,2026-03-16,875.35
9997,2026-03-23,889.0
9997,2026-03-30,877.0
9997,2026-04-06,883.0
9997,2026-04-13,861.0
9997,2026-04-20,833.0
9997,2026-04-27,835.0
9997,2026-05-04,891.0
9997,2026-05-11,930.0
9997,2026-05-18,921.0
9997,2026-05-25,925.0
9997,2026-06-01,951.0
9997,2026-06-08,941.0
9997,2026-06-15,945.0
9997,2026-06-22,946.0
9997,2026-06-29,961.0
9997,2026-07-06,1023.0
9997,2026-07-13,1063.0
9997,2026-07-20,1074.0
9997,2026-07-27,1074.0
9997,2026-08-03,996.0
9997,2026-08-10,1033.0
9997,2026-08-17,1064.0
9997,2026-08-24,1074.0
9997,2026-08-31,1046.0
9997,2026-09-07,1034.0
9997,2026-09-14,1080.0
9997,2026-09-21,1103.0
