code,date,close
150A,2025-07-28,425.0
150A,2025-08-04,421.0
150A,2025-08-11,403.0
150A,2025-08-18,410.0
150A,2025-08-25,471.0
150A,2025-09-01,445.0
150A,2025-09-08,435.0
150A,2025-09-15,448.0
150A,2025-09-22,452.0
150A,2025-09-29,440.0
150A,2025-10-06,439.0
150A,2025-10-13,429.0
150A,2025-10-20,422.0
150A,2025-10-27,424.0
150A,2025-11-03,417.0
150A,2025-11-10,413.0
150A,2025-11-17,415.0
150A,2025-11-24,420.0
150A,2025-12-01,415.0
150A,2025-12-08,412.0
150A,2025-12-15,415.0
150A,2025-12-22,409.0
150A,2025-12-29,405.0
150A,2026-01-05,409.0
150A,2026-01-12,405.0
150A,2026-01-19,403.0
150A,2026-01-26,415.0
150A,2026-02-02,403.0
150A,2026-02-09,407.0
150A,2026-02-16,401.0
150A,2026-02-23,402.0
150A,2026-03-02,403.0
150A,2026-03-09,391.0
150A,2026-03-16,368.0
150A,2026-03-23,346.0
150A,2026-03-30,360.0
150A,2026-04-06,370.0
150A,2026-04-13,383.0
150A,2026-04-20,360.0
150A,2026-04-27,365.0
150A,2026-05-04,360.0
150A,2026-05-11,357.0
150A,2026-05-18,373.0
150A,2026-05-25,365.0
150A,2026-06-01,348.0
150A,2026-06-08,336.0
150A,2026-06-15,342.0
150A,2026-06-22,343.0
150A,2026-06-29,357.0
150A,2026-07-06,360.0
150A,2026-07-13,542.0
150A,2026-07-20,556.0
1518,2025-07-28,1135.65
1518,2025-08-04,1223.45
1518,2025-08-11,1238.72
1518,2025-08-18,1215.82
1518,2025-08-25,1198.64
1518,2025-09-01,1257.81
1518,2025-09-08,1295.98
1518,2025-09-15,1257.81
1518,2025-09-22,1294.07
1518,2025-09-29,1295.04
1518,2025-10-06,1274.66
1518,2025-10-13,1262.04
1518,2025-10-20,1295.04
1518,2025-10-27,1259.12
1518,2025-11-03,1259.12
1518,2025-11-10,1263.98
1518,2025-11-17,1291.16
1518,2025-11-24,1318.34
1518,2025-12-01,1320.28
1518,2025-12-08,1320.28
1518,2025-12-15,1329.99
1518,2025-12-22,1344.55
1518,2025-12-29,1370.77
1518,2026-01-05,1399.89
1518,2026-01-12,1392.12
1518,2026-01-19,1416.39
1518,2026-01-26,1383.39
1518,2026-02-02,1448.43
1518,2026-02-09,1495.03
1518,2026-02-16,1443.58
1518,2026-02-23,1467.85
1518,2026-03-02,1380.47
1518,2026-03-09,1364.94
1518,2026-03-16,1354.26
1518,2026-03-23,1363.0
1518,2026-03-30,1394.0
1518,2026-04-06,1369.0
1518,2026-04-13,1395.0
1518,2026-04-20,1341.0
1518,2026-04-27,1353.0
1518,2026-05-04,1364.0
1518,2026-05-11,1405.0
1518,2026-05-18,1397.0
1518,2026-05-25,1460.0
1518,2026-06-01,1406.0
1518,2026-06-08,1487.0
1518,2026-06-15,1496.0
1518,2026-06-22,1498.0
1518,2026-06-29,1552.0
1518,2026-07-06,1554.0
1518,2026-07-13,1513.0
1518,2026-07-20,2241.0
2154,2025-07-28,1768.04
2154,2025-08-04,1856.92
2154,2025-08-11,1787.15
2154,2025-08-18,1824.42
2154,2025-08-25,1754.66
2154,2025-09-01,1729.81
2154,2025-09-08,1722.16
2154,2025-09-15,1686.8
2154,2025-09-22,1734.59
2154,2025-09-29,1644.75
2154,2025-10-06,1617.04
2154,2025-10-13,1587.41
2154,2025-10-20,1647.62
2154,2025-10-27,1644.75
2154,2025-11-03,1660.04
2154,2025-11-10,1693.49
2154,2025-11-17,1712.61
2154,2025-11-24,1720.25
2154,2025-12-01,1682.98
2154,2025-12-08,1748.92
2154,2025-12-15,1802.44
2154,2025-12-22,1789.06
2154,2025-12-29,1794.91
2154,2026-01-05,1810.49
2154,2026-01-12,1872.82
2154,2026-01-19,1868.92
2154,2026-01-26,1807.57
2154,2026-02-02,1818.28
2154,2026-02-09,1841.65
2154,2026-02-16,1800.75
2154,2026-02-23,1864.05
2154,2026-03-02,1799.77
2154,2026-03-09,1714.07
2154,2026-03-16,1713.1
2154,2026-03-23,1746.21
2154,2026-03-30,1760.82
2154,2026-04-06,1731.6
2154,2026-04-13,1722.84
2154,2026-04-20,1681.93
2154,2026-04-27,1698.49
2154,2026-05-04,1715.04
2154,2026-05-11,1812.44
2154,2026-05-18,1797.83
2154,2026-05-25,1803.67
2154,2026-06-01,1814.38
2154,2026-06-08,1830.94
2154,2026-06-15,1835.81
2154,2026-06-22,1866.0
2154,2026-06-29,1921.0
2154,2026-07-06,1942.0
2154,2026-07-13,1994.0
2154,2026-07-20,2006.0
2354,2025-07-28,644.22
2354,2025-08-04,648.11
2354,2025-08-11,665.63
2354,2025-08-18,674.39
2354,2025-08-25,670.55
2354,2025-09-01,663.64
2354,2025-09-08,660.68
2354,2025-09-15,727.83
2354,2025-09-22,728.82
2354,2025-09-29,677.47
2354,2025-10-06,697.22
2354,2025-10-13,665.62
2354,2025-10-20,674.5
2354,2025-10-27,649.82
2354,2025-11-03,638.95
2354,2025-11-10,643.89
2354,2025-11-17,606.36
2354,2025-11-24,636.98
2354,2025-12-01,691.29
2354,2025-12-08,696.23
2354,2025-12-15,735.73
2354,2025-12-22,807.83
2354,2025-12-29,812.76
2354,2026-01-05,847.33
2354,2026-01-12,838.44
2354,2026-01-19,838.44
2354,2026-01-26,783.14
2354,2026-02-02,759.44
2354,2026-02-09,782.15
2354,2026-02-16,786.1
2354,2026-02-23,830.0
2354,2026-03-02,794.0
2354,2026-03-09,779.0
2354,2026-03-16,771.0
2354,2026-03-23,792.0
2354,2026-03-30,873.0
2354,2026-04-06,831.0
2354,2026-04-13,905.0
2354,2026-04-20,922.0
2354,2026-04-27,898.0
2354,2026-05-04,947.0
2354,2026-05-11,888.0
2354,2026-05-18,974.0
2354,2026-05-25,986.0
2354,2026-06-01,965.0
2354,2026-06-08,884.0
2354,2026-06-15,900.0
2354,2026-06-22,773.0
2354,2026-06-29,846.0
2354,2026-07-06,833.0
2354,2026-07-13,1059.0
2354,2026-07-20,1600.0
2433,2025-07-28,1192.48
2433,2025-08-04,1164.79
2433,2025-08-11,1136.13
2433,2025-08-18,1161.39
2433,2025-08-25,1150.7
2433,2025-09-01,1171.59
2433,2025-09-08,1200.25
2433,2025-09-15,1165.76
2433,2025-09-22,1160.91
2433,2025-09-29,1123.49
2433,2025-10-06,1098.38
2433,2025-10-13,1094.93
2433,2025-10-20,1117.58
2433,2025-10-27,1097.89
2433,2025-11-03,1122.01
2433,2025-11-10,1137.27
2433,2025-11-17,1156.97
2433,2025-11-24,1161.89
2433,2025-12-01,1117.09
2433,2025-12-08,1137.27
2433,2025-12-15,1158.94
2433,2025-12-22,1176.66
2433,2025-12-29,1148.6
2433,2026-01-05,1182.08
2433,2026-01-12,1175.67
2433,2026-01-19,1183.06
2433,2026-01-26,1137.27
2433,2026-02-02,1121.03
2433,2026-02-09,1147.12
2433,2026-02-16,1107.73
2433,2026-02-23,1153.03
2433,2026-03-02,1076.72
2433,2026-03-09,1021.08
2433,2026-03-16,1003.85
2433,2026-03-23,1026.5
2433,2026-03-30,1045.5
2433,2026-04-06,1064.0
2433,2026-04-13,1090.0
2433,2026-04-20,1050.0
2433,2026-04-27,1042.0
2433,2026-05-04,1042.5
2433,2026-05-11,1110.5
2433,2026-05-18,1174.5
2433,2026-05-25,1119.0
2433,2026-06-01,1145.0
2433,2026-06-08,1148.5
2433,2026-06-15,1092.0
2433,2026-06-22,1115.0
2433,2026-06-29,1172.5
2433,2026-07-06,1200.5
2433,2026-07-13,1268.5
2433,2026-07-20,1244.0
2492,2025-07-28,432.67
2492,2025-08-04,432.67
2492,2025-08-11,400.22
2492,2025-08-18,367.77
2492,2025-08-25,366.79
2492,2025-09-01,350.07
2492,2025-09-08,348.1
2492,2025-09-15,345.15
2492,2025-09-22,338.27
2492,2025-09-29,314.67
2492,2025-10-06,316.64
2492,2025-10-13,310.74
2492,2025-10-20,324.5
2492,2025-10-27,322.54
2492,2025-11-03,329.42
2492,2025-11-10,338.27
2492,2025-11-17,346.14
2492,2025-11-24,353.02
2492,2025-12-01,367.77
2492,2025-12-08,392.35
2492,2025-12-15,395.3
2492,2025-12-22,421.86
2492,2025-12-29,420.08
2492,2026-01-05,418.1
2492,2026-01-12,447.82
2492,2026-01-19,456.74
2492,2026-01-26,447.82
2492,2026-02-02,378.47
2492,2026-02-09,361.63
2492,2026-02-16,365.59
2492,2026-02-23,399.28
2492,2026-03-02,416.12
2492,2026-03-09,395.31
2492,2026-03-16,396.3
2492,2026-03-23,426.03
2492,2026-03-30,466.65
2492,2026-04-06,424.04
2492,2026-04-13,464.67
2492,2026-04-20,437.92
2492,2026-04-27,394.32
2492,2026-05-04,417.11
2492,2026-05-11,390.36
2492,2026-05-18,372.53
2492,2026-05-25,387.39
2492,2026-06-01,366.58
2492,2026-06-08,360.64
2492,2026-06-15,399.28
2492,2026-06-22,352.71
2492,2026-06-29,479.0
2492,2026-07-06,490.0
2492,2026-07-13,489.0
2492,2026-07-20,521.0
2503,2025-07-28,1934.1
2503,2025-08-04,2039.98
2503,2025-08-11,2090.01
2503,2025-08-18,2158.01
2503,2025-08-25,2074.47
2503,2025-09-01,2191.04
2503,2025-09-08,2089.04
2503,2025-09-15,2120.61
2503,2025-09-22,2161.41
2503,2025-09-29,2058.93
2503,2025-10-06,2090.98
2503,2025-10-13,2124.5
2503,2025-10-20,2158.01
2503,2025-10-27,2102.64
2503,2025-11-03,2148.78
2503,2025-11-10,2323.64
2503,2025-11-17,2379.01
2503,2025-11-24,2383.38
2503,2025-12-01,2273.61
2503,2025-12-08,2253.21
2503,2025-12-15,2332.38
2503,2025-12-22,2318.78
2503,2025-12-29,2316.81
2503,2026-01-05,2338.02
2503,2026-01-12,2367.13
2503,2026-01-19,2422.88
2503,2026-01-26,2360.22
2503,2026-02-02,2437.68
2503,2026-02-09,2557.07
2503,2026-02-16,2603.45
2503,2026-02-23,2671.04
2503,2026-03-02,2554.61
2503,2026-03-09,2567.43
2503,2026-03-16,2442.12
2503,2026-03-23,2475.18
2503,2026-03-30,2506.26
2503,2026-04-06,2600.49
2503,2026-04-13,2558.06
2503,2026-04-20,2473.2
2503,2026-04-27,2464.82
2503,2026-05-04,2463.34
2503,2026-05-11,2588.16
2503,2026-05-18,2684.36
2503,2026-05-25,2682.39
2503,2026-06-01,2572.86
2503,2026-06-08,2684.36
2503,2026-06-15,2735.67
2503,2026-06-22,2822.5
2503,2026-06-29,2813.5
2503,2026-07-06,2837.0
2503,2026-07-13,2909.0
2503,2026-07-20,2908.0
2590,2025-07-28,2664.93
2590,2025-08-04,2703.51
2590,2025-08-11,2619.43
2590,2025-08-18,2694.61
2590,2025-08-25,2439.39
2590,2025-09-01,2551.17
2590,2025-09-08,2544.25
2590,2025-09-15,2550.18
2590,2025-09-22,2569.97
2590,2025-09-29,2468.08
2590,2025-10-06,2498.74
2590,2025-10-13,2483.91
2590,2025-10-20,2473.03
2590,2025-10-27,2399.82
2590,2025-11-03,2426.53
2590,2025-11-10,2413.67
2590,2025-11-17,2483.91
2590,2025-11-24,2520.51
2590,2025-12-01,2485.89
2590,2025-12-08,2474.01
2590,2025-12-15,2456.21
2590,2025-12-22,2487.86
2590,2025-12-29,2503.69
2590,2026-01-05,2491.82
2590,2026-01-12,2630.31
2590,2026-01-19,2516.9
2590,2026-01-26,2448.26
2590,2026-02-02,2521.87
2590,2026-02-09,2535.8
2590,2026-02-16,2521.87
2590,2026-02-23,2586.54
2590,2026-03-02,2776.55
2590,2026-03-09,2697.96
2590,2026-03-16,2646.23
2590,2026-03-23,2656.18
2590,2026-03-30,2659.16
2590,2026-04-06,2727.8
2590,2026-04-13,2682.04
2590,2026-04-20,2541.77
2590,2026-04-27,2480.09
2590,2026-05-04,2505.96
2590,2026-05-11,2610.41
2590,2026-05-18,2537.79
2590,2026-05-25,2669.11
2590,2026-06-01,2501.98
2590,2026-06-08,2528.84
2590,2026-06-15,2573.6
2590,2026-06-22,2618.37
2590,2026-06-29,2678.06
2590,2026-07-06,2749.69
2590,2026-07-13,2904.0
2590,2026-07-20,2947.0
2652,2025-07-28,315.99
2652,2025-08-04,324.96
2652,2025-08-11,303.03
2652,2025-08-18,324.96
2652,2025-08-25,340.91
2652,2025-09-01,331.94
2652,2025-09-08,313.0
2652,2025-09-15,315.99
2652,2025-09-22,313.0
2652,2025-09-29,319.0
2652,2025-10-06,352.0
2652,2025-10-13,356.0
2652,2025-10-20,373.0
2652,2025-10-27,375.0
2652,2025-11-03,365.0
2652,2025-11-10,349.0
2652,2025-11-17,339.0
2652,2025-11-24,339.0
2652,2025-12-01,332.0
2652,2025-12-08,334.0
2652,2025-12-15,342.0
2652,2025-12-22,330.0
2652,2025-12-29,341.0
2652,2026-01-05,352.0
2652,2026-01-12,359.0
2652,2026-01-19,350.0
2652,2026-01-26,347.0
2652,2026-02-02,344.0
2652,2026-02-09,347.0
2652,2026-02-16,349.0
2652,2026-02-23,362.0
2652,2026-03-02,355.0
2652,2026-03-09,335.0
2652,2026-03-16,332.0
2652,2026-03-23,328.0
2652,2026-03-30,329.0
2652,2026-04-06,328.0
2652,2026-04-13,332.0
2652,2026-04-20,329.0
2652,2026-04-27,342.0
2652,2026-05-04,350.0
2652,2026-05-11,346.0
2652,2026-05-18,351.0
2652,2026-05-25,349.0
2652,2026-06-01,359.0
2652,2026-06-08,394.0
2652,2026-06-15,389.0
2652,2026-06-22,404.0
2652,2026-06-29,424.0
2652,2026-07-06,446.0
2652,2026-07-13,455.0
2652,2026-07-20,431.0
2666,2025-07-28,149.05
2666,2025-08-04,151.0
2666,2025-08-11,151.97
2666,2025-08-18,154.9
2666,2025-08-25,153.92
2666,2025-09-01,159.77
2666,2025-09-08,156.85
2666,2025-09-15,159.77
2666,2025-09-22,157.82
2666,2025-09-29,159.77
2666,2025-10-06,156.85
2666,2025-10-13,153.92
2666,2025-10-20,153.92
2666,2025-10-27,151.97
2666,2025-11-03,154.9
2666,2025-11-10,156.85
2666,2025-11-17,151.0
2666,2025-11-24,153.92
2666,2025-12-01,151.97
2666,2025-12-08,150.03
2666,2025-12-15,151.0
2666,2025-12-22,153.92
2666,2025-12-29,155.87
2666,2026-01-05,161.72
2666,2026-01-12,160.74
2666,2026-01-19,168.54
2666,2026-01-26,166.59
2666,2026-02-02,174.38
2666,2026-02-09,172.43
2666,2026-02-16,166.59
2666,2026-02-23,172.43
2666,2026-03-02,164.64
2666,2026-03-09,161.72
2666,2026-03-16,156.85
2666,2026-03-23,151.0
2666,2026-03-30,157.0
2666,2026-04-06,166.0
2666,2026-04-13,164.0
2666,2026-04-20,167.0
2666,2026-04-27,169.0
2666,2026-05-04,163.0
2666,2026-05-11,161.0
2666,2026-05-18,159.0
2666,2026-05-25,160.0
2666,2026-06-01,157.0
2666,2026-06-08,157.0
2666,2026-06-15,167.0
2666,2026-06-22,170.0
2666,2026-06-29,168.0
2666,2026-07-06,176.0
2666,2026-07-13,175.0
2666,2026-07-20,189.0
2674,2025-07-28,1686.16
2674,2025-08-04,1660.29
2674,2025-08-11,1678.5
2674,2025-08-18,1733.1
2674,2025-08-25,1717.78
2674,2025-09-01,1747.47
2674,2025-09-08,1740.77
2674,2025-09-15,1756.1
2674,2025-09-22,1799.21
2674,2025-09-29,1728.31
2674,2025-10-06,1740.77
2674,2025-10-13,1727.36
2674,2025-10-20,1759.93
2674,2025-10-27,1731.19
2674,2025-11-03,1767.59
2674,2025-11-10,1825.08
2674,2025-11-17,1810.71
2674,2025-11-24,1820.29
2674,2025-12-01,1806.87
2674,2025-12-08,1871.06
2674,2025-12-15,1899.8
2674,2025-12-22,1950.58
2674,2025-12-29,1918.96
2674,2026-01-05,1943.87
2674,2026-01-12,2009.02
2674,2026-01-19,1976.45
2674,2026-01-26,1946.75
2674,2026-02-02,1954.41
2674,2026-02-09,1932.38
2674,2026-02-16,2027.22
2674,2026-02-23,2011.9
2674,2026-03-02,1953.45
2674,2026-03-09,1926.63
2674,2026-03-16,1904.59
2674,2026-03-23,1941.0
2674,2026-03-30,2037.0
2674,2026-04-06,2051.0
2674,2026-04-13,2086.0
2674,2026-04-20,2008.0
2674,2026-04-27,2018.0
2674,2026-05-04,2023.0
2674,2026-05-11,2402.0
2674,2026-05-18,2492.0
2674,2026-05-25,2421.0
2674,2026-06-01,2364.0
2674,2026-06-08,2615.0
2674,2026-06-15,2537.0
2674,2026-06-22,2615.0
2674,2026-06-29,2632.0
2674,2026-07-06,2693.0
2674,2026-07-13,2747.0
2674,2026-07-20,2818.0
2681,2025-07-28,1662.53
2681,2025-08-04,1618.42
2681,2025-08-11,1621.36
2681,2025-08-18,1639.01
2681,2025-08-25,1627.24
2681,2025-09-01,1630.18
2681,2025-09-08,1675.28
2681,2025-09-15,1638.03
2681,2025-09-22,1687.04
2681,2025-09-29,1613.78
2681,2025-10-06,1624.67
2681,2025-10-13,1625.66
2681,2025-10-20,1641.5
2681,2025-10-27,1598.93
2681,2025-11-03,1646.45
2681,2025-11-10,1752.38
2681,2025-11-17,1704.86
2681,2025-11-24,1673.18
2681,2025-12-01,1671.2
2681,2025-12-08,1733.57
2681,2025-12-15,1796.94
2681,2025-12-22,1875.15
2681,2025-12-29,1858.32
2681,2026-01-05,1873.17
2681,2026-01-12,1899.9
2681,2026-01-19,1870.2
2681,2026-01-26,1800.9
2681,2026-02-02,1682.09
2681,2026-02-09,1663.28
2681,2026-02-16,1711.79
2681,2026-02-23,1781.09
2681,2026-03-02,1740.5
2681,2026-03-09,1689.02
2681,2026-03-16,1653.38
2681,2026-03-23,1691.0
2681,2026-03-30,1779.0
2681,2026-04-06,1830.0
2681,2026-04-13,1952.0
2681,2026-04-20,1860.0
2681,2026-04-27,1819.0
2681,2026-05-04,1850.0
2681,2026-05-11,2023.0
2681,2026-05-18,2009.0
2681,2026-05-25,2120.0
2681,2026-06-01,2031.0
2681,2026-06-08,2106.0
2681,2026-06-15,2116.0
2681,2026-06-22,2034.0
2681,2026-06-29,2040.0
2681,2026-07-06,1987.0
2681,2026-07-13,2025.0
2681,2026-07-20,2089.0
2805,2025-07-28,3017.68
2805,2025-08-04,3121.4
2805,2025-08-11,3047.32
2805,2025-08-18,3126.34
2805,2025-08-25,3368.35
2805,2025-09-01,3353.53
2805,2025-09-08,3432.55
2805,2025-09-15,3328.84
2805,2025-09-22,3437.49
2805,2025-09-29,3287.3
2805,2025-10-06,3232.6
2805,2025-10-13,3242.54
2805,2025-10-20,3242.54
2805,2025-10-27,3317.14
2805,2025-11-03,3327.09
2805,2025-11-10,3396.71
2805,2025-11-17,3481.26
2805,2025-11-24,3555.85
2805,2025-12-01,3501.15
2805,2025-12-08,3680.19
2805,2025-12-15,3918.9
2805,2025-12-22,3908.95
2805,2025-12-29,4008.42
2805,2026-01-05,3918.9
2805,2026-01-12,4028.31
2805,2026-01-19,4386.38
2805,2026-01-26,4346.6
2805,2026-02-02,4431.14
2805,2026-02-09,4341.62
2805,2026-02-16,4421.2
2805,2026-02-23,4600.23
2805,2026-03-02,4550.5
2805,2026-03-09,4421.2
2805,2026-03-16,4530.61
2805,2026-03-23,4829.0
2805,2026-03-30,4995.0
2805,2026-04-06,5080.0
2805,2026-04-13,4720.0
2805,2026-04-20,4560.0
2805,2026-04-27,4550.0
2805,2026-05-04,4450.0
2805,2026-05-11,4960.0
2805,2026-05-18,5350.0
2805,2026-05-25,5630.0
2805,2026-06-01,4920.0
2805,2026-06-08,5190.0
2805,2026-06-15,5360.0
2805,2026-06-22,5240.0
2805,2026-06-29,5430.0
2805,2026-07-06,5810.0
2805,2026-07-13,5980.0
2805,2026-07-20,6300.0
2809,2025-07-28,4137.1
2809,2025-08-04,4192.26
2809,2025-08-11,4114.44
2809,2025-08-18,4184.38
2809,2025-08-25,4075.04
2809,2025-09-01,4192.26
2809,2025-09-08,4116.41
2809,2025-09-15,4090.8
2809,2025-09-22,4192.26
2809,2025-09-29,4028.74
2809,2025-10-06,4106.56
2809,2025-10-13,4192.26
2809,2025-10-20,4215.9
2809,2025-10-27,4208.02
2809,2025-11-03,4218.85
2809,2025-11-10,4253.33
2809,2025-11-17,4262.19
2809,2025-11-24,4370.61
2809,2025-12-01,4173.16
2809,2025-12-08,4274.37
2809,2025-12-15,4368.63
2809,2025-12-22,4316.04
2809,2025-12-29,4292.23
2809,2026-01-05,4173.16
2809,2026-01-12,4194.0
2809,2026-01-19,4315.05
2809,2026-01-26,4301.16
2809,2026-02-02,4571.03
2809,2026-02-09,4565.08
2809,2026-02-16,4427.17
2809,2026-02-23,4443.04
2809,2026-03-02,4350.77
2809,2026-03-09,4258.49
2809,2026-03-16,4217.81
2809,2026-03-23,4088.83
2809,2026-03-30,4068.98
2809,2026-04-06,3849.71
2809,2026-04-13,3914.2
2809,2026-04-20,3911.23
2809,2026-04-27,4117.6
2809,2026-05-04,3963.81
2809,2026-05-11,4032.27
2809,2026-05-18,4125.54
2809,2026-05-25,4027.0
2809,2026-06-01,3960.0
2809,2026-06-08,4184.0
2809,2026-06-15,4144.0
2809,2026-06-22,4397.0
2809,2026-06-29,4416.0
2809,2026-07-06,4380.0
2809,2026-07-13,4630.0
2809,2026-07-20,4475.0
2892,2025-07-28,3364.76
2892,2025-08-04,3456.09
2892,2025-08-11,3456.09
2892,2025-08-18,3412.83
2892,2025-08-25,3379.18
2892,2025-09-01,3557.04
2892,2025-09-08,3547.42
2892,2025-09-15,3508.97
2892,2025-09-22,3504.16
2892,2025-09-29,3376.74
2892,2025-10-06,3406.14
2892,2025-10-13,3425.75
2892,2025-10-20,3518.86
2892,2025-10-27,3460.05
2892,2025-11-03,3499.26
2892,2025-11-10,3464.95
2892,2025-11-17,3474.76
2892,2025-11-24,3533.57
2892,2025-12-01,3533.57
2892,2025-12-08,3548.27
2892,2025-12-15,3906.04
2892,2025-12-22,4028.56
2892,2025-12-29,3959.95
2892,2026-01-05,4028.56
2892,2026-01-12,4043.26
2892,2026-01-19,4082.47
2892,2026-01-26,3734.5
2892,2026-02-02,3734.5
2892,2026-02-09,3768.81
2892,2026-02-16,3866.83
2892,2026-02-23,3901.14
2892,2026-03-02,3763.91
2892,2026-03-09,3705.1
2892,2026-03-16,3660.99
2892,2026-03-23,3710.0
2892,2026-03-30,3865.0
2892,2026-04-06,3810.0
2892,2026-04-13,3885.0
2892,2026-04-20,3890.0
2892,2026-04-27,3815.0
2892,2026-05-04,3940.0
2892,2026-05-11,4010.0
2892,2026-05-18,3980.0
2892,2026-05-25,4035.0
2892,2026-06-01,4030.0
2892,2026-06-08,3950.0
2892,2026-06-15,3890.0
2892,2026-06-22,4155.0
2892,2026-06-29,4210.0
2892,2026-07-06,4400.0
2892,2026-07-13,4290.0
2892,2026-07-20,4555.0
2914,2025-07-28,4392.2
2914,2025-08-04,4576.12
2914,2025-08-11,4544.51
2914,2025-08-18,4626.89
2914,2025-08-25,4490.86
2914,2025-09-01,4542.59
2914,2025-09-08,4544.51
2914,2025-09-15,4569.42
2914,2025-09-22,4715.02
2914,2025-09-29,4721.73
2914,2025-10-06,4697.78
2914,2025-10-13,4796.45
2914,2025-10-20,4761.96
2914,2025-10-27,5139.4
2914,2025-11-03,5314.7
2914,2025-11-10,5445.94
2914,2025-11-17,5527.37
2914,2025-11-24,5620.29
2914,2025-12-01,5499.58
2914,2025-12-08,5527.37
2914,2025-12-15,5531.2
2914,2025-12-22,5516.83
2914,2025-12-29,5527.61
2914,2026-01-05,5661.88
2914,2026-01-12,5684.42
2914,2026-01-19,5535.45
2914,2026-01-26,5469.78
2914,2026-02-02,5918.66
2914,2026-02-09,5965.7
2914,2026-02-16,5775.57
2914,2026-02-23,5867.69
2914,2026-03-02,5600.13
2914,2026-03-09,5597.19
2914,2026-03-16,5730.48
2914,2026-03-23,5858.87
2914,2026-03-30,5983.34
2914,2026-04-06,5853.97
2914,2026-04-13,5684.42
2914,2026-04-20,5712.84
2914,2026-04-27,5768.71
2914,2026-05-04,5654.04
2914,2026-05-11,6175.44
2914,2026-05-18,6011.76
2914,2026-05-25,6044.11
2914,2026-06-01,5853.97
2914,2026-06-08,6053.91
2914,2026-06-15,5953.94
2914,2026-06-22,5951.0
2914,2026-06-29,6057.0
2914,2026-07-06,6117.0
2914,2026-07-13,6347.0
2914,2026-07-20,6461.0
296A,2025-07-28,625.79
296A,2025-08-04,616.22
296A,2025-08-11,621.96
296A,2025-08-18,626.75
296A,2025-08-25,618.14
296A,2025-09-01,630.58
296A,2025-09-08,643.97
296A,2025-09-15,643.02
296A,2025-09-22,630.58
296A,2025-09-29,616.43
296A,2025-10-06,605.7
296A,2025-10-13,631.06
296A,2025-10-20,648.62
296A,2025-10-27,658.37
296A,2025-11-03,650.57
296A,2025-11-10,675.93
296A,2025-11-17,687.64
296A,2025-11-24,696.41
296A,2025-12-01,680.81
296A,2025-12-08,695.44
296A,2025-12-15,736.4
296A,2025-12-22,704.22
296A,2025-12-29,702.27
296A,2026-01-05,698.36
296A,2026-01-12,707.14
296A,2026-01-19,719.82
296A,2026-01-26,685.68
296A,2026-02-02,685.68
296A,2026-02-09,651.55
296A,2026-02-16,651.55
296A,2026-02-23,670.08
296A,2026-03-02,645.69
296A,2026-03-09,635.94
296A,2026-03-16,731.53
296A,2026-03-23,792.0
296A,2026-03-30,823.0
296A,2026-04-06,812.0
296A,2026-04-13,819.0
296A,2026-04-20,760.0
296A,2026-04-27,749.0
296A,2026-05-04,767.0
296A,2026-05-11,772.0
296A,2026-05-18,765.0
296A,2026-05-25,747.0
296A,2026-06-01,759.0
296A,2026-06-08,754.0
296A,2026-06-15,769.0
296A,2026-06-22,756.0
296A,2026-06-29,749.0
296A,2026-07-06,741.0
296A,2026-07-13,751.0
296A,2026-07-20,919.0
2999,2025-07-28,569.38
2999,2025-08-04,583.15
2999,2025-08-11,589.05
2999,2025-08-18,599.87
2999,2025-08-25,496.0
2999,2025-09-01,472.0
2999,2025-09-08,470.0
2999,2025-09-15,481.0
2999,2025-09-22,459.0
2999,2025-09-29,439.0
2999,2025-10-06,442.0
2999,2025-10-13,414.0
2999,2025-10-20,425.0
2999,2025-10-27,424.0
2999,2025-11-03,434.0
2999,2025-11-10,432.0
2999,2025-11-17,428.0
2999,2025-11-24,432.0
2999,2025-12-01,451.0
2999,2025-12-08,450.0
2999,2025-12-15,446.0
2999,2025-12-22,456.0
2999,2025-12-29,463.0
2999,2026-01-05,490.0
2999,2026-01-12,475.0
2999,2026-01-19,493.0
2999,2026-01-26,484.0
2999,2026-02-02,485.0
2999,2026-02-09,482.0
2999,2026-02-16,474.0
2999,2026-02-23,467.0
2999,2026-03-02,461.0
2999,2026-03-09,455.0
2999,2026-03-16,473.0
2999,2026-03-23,477.0
2999,2026-03-30,511.0
2999,2026-04-06,500.0
2999,2026-04-13,576.0
2999,2026-04-20,572.0
2999,2026-04-27,571.0
2999,2026-05-04,572.0
2999,2026-05-11,571.0
2999,2026-05-18,560.0
2999,2026-05-25,566.0
2999,2026-06-01,569.0
2999,2026-06-08,572.0
2999,2026-06-15,573.0
2999,2026-06-22,580.0
2999,2026-06-29,603.0
2999,2026-07-06,595.0
2999,2026-07-13,629.0
2999,2026-07-20,628.0
3087,2025-07-28,2485.59
3087,2025-08-04,2557.11
3087,2025-08-11,2519.88
3087,2025-08-18,2548.29
3087,2025-08-25,2541.37
3087,2025-09-01,2629.48
3087,2025-09-08,2615.62
3087,2025-09-15,2649.28
3087,2025-09-22,2695.82
3087,2025-09-29,2555.23
3087,2025-10-06,2591.86
3087,2025-10-13,2472.07
3087,2025-10-20,2433.46
3087,2025-10-27,2380.0
3087,2025-11-03,2408.71
3087,2025-11-10,2445.34
3087,2025-11-17,2482.96
3087,2025-11-24,2537.41
3087,2025-12-01,2492.86
3087,2025-12-08,2520.58
3087,2025-12-15,2548.3
3087,2025-12-22,2583.94
3087,2025-12-29,2572.06
3087,2026-01-05,2605.72
3087,2026-01-12,2700.77
3087,2026-01-19,2798.78
3087,2026-01-26,2791.85
3087,2026-02-02,2863.13
3087,2026-02-09,2926.49
3087,2026-02-16,2945.3
3087,2026-02-23,2996.0
3087,2026-03-02,2910.0
3087,2026-03-09,2887.0
3087,2026-03-16,2920.0
3087,2026-03-23,2994.0
3087,2026-03-30,3010.0
3087,2026-04-06,2998.0
3087,2026-04-13,2888.0
3087,2026-04-20,2762.0
3087,2026-04-27,2761.0
3087,2026-05-04,2759.0
3087,2026-05-11,2868.0
3087,2026-05-18,2830.0
3087,2026-05-25,2663.0
3087,2026-06-01,2575.0
3087,2026-06-08,2677.0
3087,2026-06-15,2647.0
3087,2026-06-22,2690.0
3087,2026-06-29,2740.0
3087,2026-07-06,2756.0
3087,2026-07-13,2958.0
3087,2026-07-20,3090.0
3091,2025-07-28,2001.78
3091,2025-08-04,1915.39
3091,2025-08-11,1900.58
3091,2025-08-18,1898.11
3091,2025-08-25,1870.96
3091,2025-09-01,1945.01
3091,2025-09-08,1967.22
3091,2025-09-15,1972.16
3091,2025-09-22,1979.56
3091,2025-09-29,1848.74
3091,2025-10-06,1841.34
3091,2025-10-13,1875.89
3091,2025-10-20,1873.43
3091,2025-10-27,1848.74
3091,2025-11-03,1851.21
3091,2025-11-10,1910.45
3091,2025-11-17,1927.73
3091,2025-11-24,1967.22
3091,2025-12-01,1925.26
3091,2025-12-08,1930.2
3091,2025-12-15,1935.13
3091,2025-12-22,1952.41
3091,2025-12-29,1875.6
3091,2026-01-05,1912.77
3091,2026-01-12,1942.5
3091,2026-01-19,1927.63
3091,2026-01-26,1897.9
3091,2026-02-02,1925.16
3091,2026-02-09,1962.32
3091,2026-02-16,1952.41
3091,2026-02-23,2088.68
3091,2026-03-02,2108.5
3091,2026-03-09,2113.46
3091,2026-03-16,2101.07
3091,2026-03-23,2272.03
3091,2026-03-30,2224.96
3091,2026-04-06,2202.66
3091,2026-04-13,2170.45
3091,2026-04-20,2039.13
3091,2026-04-27,2051.52
3091,2026-05-04,2058.95
3091,2026-05-11,2078.77
3091,2026-05-18,2130.8
3091,2026-05-25,2088.68
3091,2026-06-01,2039.13
3091,2026-06-08,2155.58
3091,2026-06-15,2289.38
3091,2026-06-22,2220.0
3091,2026-06-29,2206.0
3091,2026-07-06,2249.0
3091,2026-07-13,2403.0
3091,2026-07-20,2540.0
3151,2025-07-28,1211.0
3151,2025-08-04,1199.59
3151,2025-08-11,1211.0
3151,2025-08-18,1219.56
3151,2025-08-25,1191.98
3151,2025-09-01,1230.98
3151,2025-09-08,1245.25
3151,2025-09-15,1262.37
3151,2025-09-22,1286.16
3151,2025-09-29,1263.71
3151,2025-10-06,1268.59
3151,2025-10-13,1262.74
3151,2025-10-20,1253.95
3151,2025-10-27,1213.94
3151,2025-11-03,1207.11
3151,2025-11-10,1228.58
3151,2025-11-17,1254.93
3151,2025-11-24,1292.01
3151,2025-12-01,1252.0
3151,2025-12-08,1287.13
3151,2025-12-15,1322.26
3151,2025-12-22,1345.68
3151,2025-12-29,1336.9
3151,2026-01-05,1410.09
3151,2026-01-12,1415.94
3151,2026-01-19,1424.72
3151,2026-01-26,1368.13
3151,2026-02-02,1378.86
3151,2026-02-09,1339.83
3151,2026-02-16,1364.22
3151,2026-02-23,1454.0
3151,2026-03-02,1398.38
3151,2026-03-09,1389.59
3151,2026-03-16,1408.14
3151,2026-03-23,1454.0
3151,2026-03-30,1467.0
3151,2026-04-06,1505.0
3151,2026-04-13,1504.0
3151,2026-04-20,1420.0
3151,2026-04-27,1397.0
3151,2026-05-04,1399.0
3151,2026-05-11,1441.0
3151,2026-05-18,1561.0
3151,2026-05-25,1640.0
3151,2026-06-01,1544.0
3151,2026-06-08,1554.0
3151,2026-06-15,1522.0
3151,2026-06-22,1520.0
3151,2026-06-29,1526.0
3151,2026-07-06,1560.0
3151,2026-07-13,1635.0
3151,2026-07-20,1661.0
3191,2025-07-28,2064.64
3191,2025-08-04,2086.77
3191,2025-08-11,2080.99
3191,2025-08-18,2101.2
3191,2025-08-25,2050.21
3191,2025-09-01,2111.78
3191,2025-09-08,2109.86
3191,2025-09-15,2096.39
3191,2025-09-22,2139.68
3191,2025-09-29,2033.85
3191,2025-10-06,2013.65
3191,2025-10-13,2018.46
3191,2025-10-20,2037.7
3191,2025-10-27,1962.66
3191,2025-11-03,1966.51
3191,2025-11-10,1993.44
3191,2025-11-17,2045.4
3191,2025-11-24,2082.92
3191,2025-12-01,2062.71
3191,2025-12-08,2045.4
3191,2025-12-15,2111.12
3191,2025-12-22,2120.93
3191,2025-12-29,2089.54
3191,2026-01-05,2094.44
3191,2026-01-12,2105.23
3191,2026-01-19,2104.25
3191,2026-01-26,2086.6
3191,2026-02-02,2124.85
3191,2026-02-09,2164.09
3191,2026-02-16,2123.87
3191,2026-02-23,2165.08
3191,2026-03-02,2067.96
3191,2026-03-09,2018.91
3191,2026-03-16,2034.6
3191,2026-03-23,2088.56
3191,2026-03-30,2118.97
3191,2026-04-06,2134.66
3191,2026-04-13,2170.96
3191,2026-04-20,2023.81
3191,2026-04-27,2004.19
3191,2026-05-04,2057.17
3191,2026-05-11,2094.44
3191,2026-05-18,2152.32
3191,2026-05-25,2190.58
3191,2026-06-01,2169.0
3191,2026-06-08,2206.28
3191,2026-06-15,2233.0
3191,2026-06-22,2230.0
3191,2026-06-29,2245.0
3191,2026-07-06,2242.0
3191,2026-07-13,2300.0
3191,2026-07-20,2315.0
325A,2025-07-28,1296.67
325A,2025-08-04,1346.67
325A,2025-08-11,1350.0
325A,2025-08-18,1555.0
325A,2025-08-25,1713.33
325A,2025-09-01,1596.67
325A,2025-09-08,1476.67
325A,2025-09-15,1535.0
325A,2025-09-22,1528.33
325A,2025-09-29,1506.67
325A,2025-10-06,1630.0
325A,2025-10-13,1255.0
325A,2025-10-20,1373.33
325A,2025-10-27,1351.67
325A,2025-11-03,1351.67
325A,2025-11-10,1440.0
325A,2025-11-17,1355.0
325A,2025-11-24,1405.0
325A,2025-12-01,1353.33
325A,2025-12-08,1316.67
325A,2025-12-15,1336.67
325A,2025-12-22,1433.33
325A,2025-12-29,1400.0
325A,2026-01-05,1616.67
325A,2026-01-12,1453.33
325A,2026-01-19,1353.33
325A,2026-01-26,1323.33
325A,2026-02-02,1253.33
325A,2026-02-09,1316.67
325A,2026-02-16,1375.0
325A,2026-02-23,1445.0
325A,2026-03-02,1315.0
325A,2026-03-09,1256.67
325A,2026-03-16,1158.33
325A,2026-03-23,1146.67
325A,2026-03-30,1153.33
325A,2026-04-06,1215.0
325A,2026-04-13,1463.33
325A,2026-04-20,1316.67
325A,2026-04-27,1306.67
325A,2026-05-04,1325.0
325A,2026-05-11,1180.0
325A,2026-05-18,1196.67
325A,2026-05-25,1160.0
325A,2026-06-01,1331.67
325A,2026-06-08,1233.33
325A,2026-06-15,1346.67
325A,2026-06-22,1378.33
325A,2026-06-29,1350.0
325A,2026-07-06,1400.0
325A,2026-07-13,1633.0
325A,2026-07-20,1672.0
3276,2025-07-28,1135.22
3276,2025-08-04,1170.45
3276,2025-08-11,1196.17
3276,2025-08-18,1238.07
3276,2025-08-25,1232.36
3276,2025-09-01,1209.5
3276,2025-09-08,1240.93
3276,2025-09-15,1233.31
3276,2025-09-22,1277.12
3276,2025-09-29,1199.98
3276,2025-10-06,1212.36
3276,2025-10-13,1216.17
3276,2025-10-20,1236.17
3276,2025-10-27,1193.31
3276,2025-11-03,1192.36
3276,2025-11-10,1206.64
3276,2025-11-17,1220.93
3276,2025-11-24,1234.26
3276,2025-12-01,1194.26
3276,2025-12-08,1197.12
3276,2025-12-15,1226.64
3276,2025-12-22,1240.93
3276,2025-12-29,1258.49
3276,2026-01-05,1260.44
3276,2026-01-12,1262.39
3276,2026-01-19,1259.46
3276,2026-01-26,1248.73
3276,2026-02-02,1257.51
3276,2026-02-09,1299.46
3276,2026-02-16,1318.97
3276,2026-02-23,1341.41
3276,2026-03-02,1308.24
3276,2026-03-09,1297.51
3276,2026-03-16,1288.73
3276,2026-03-23,1295.56
3276,2026-03-30,1289.71
3276,2026-04-06,1296.54
3276,2026-04-13,1283.85
3276,2026-04-20,1260.44
3276,2026-04-27,1266.29
3276,2026-05-04,1249.71
3276,2026-05-11,1319.95
3276,2026-05-18,1290.68
3276,2026-05-25,1296.54
3276,2026-06-01,1282.88
3276,2026-06-08,1271.17
3276,2026-06-15,1278.0
3276,2026-06-22,1278.0
3276,2026-06-29,1329.0
3276,2026-07-06,1587.0
3276,2026-07-13,1781.0
3276,2026-07-20,1794.0
3480,2025-07-28,3886.61
3480,2025-08-04,3979.03
3480,2025-08-11,3799.05
3480,2025-08-18,3852.56
3480,2025-08-25,3799.05
3480,2025-09-01,3682.31
3480,2025-09-08,3769.86
3480,2025-09-15,3794.19
3480,2025-09-22,4013.08
3480,2025-09-29,3813.64
3480,2025-10-06,3769.86
3480,2025-10-13,3910.93
3480,2025-10-20,3896.34
3480,2025-10-27,3645.0
3480,2025-11-03,3575.0
3480,2025-11-10,3680.0
3480,2025-11-17,3715.0
3480,2025-11-24,3710.0
3480,2025-12-01,3425.0
3480,2025-12-08,3515.0
3480,2025-12-15,3590.0
3480,2025-12-22,3560.0
3480,2025-12-29,3570.0
3480,2026-01-05,3440.0
3480,2026-01-12,3335.0
3480,2026-01-19,3245.0
3480,2026-01-26,3235.0
3480,2026-02-02,3330.0
3480,2026-02-09,3425.0
3480,2026-02-16,3400.0
3480,2026-02-23,3500.0
3480,2026-03-02,3510.0
3480,2026-03-09,3410.0
3480,2026-03-16,3370.0
3480,2026-03-23,4755.0
3480,2026-03-30,4975.0
3480,2026-04-06,5260.0
3480,2026-04-13,5150.0
3480,2026-04-20,5060.0
3480,2026-04-27,5300.0
3480,2026-05-04,5430.0
3480,2026-05-11,5270.0
3480,2026-05-18,6250.0
3480,2026-05-25,6700.0
3480,2026-06-01,6790.0
3480,2026-06-08,6930.0
3480,2026-06-15,8980.0
3480,2026-06-22,8980.0
3480,2026-06-29,8980.0
3480,2026-07-06,8990.0
3480,2026-07-13,8980.0
3480,2026-07-20,8980.0
3577,2025-07-28,844.44
3577,2025-08-04,860.04
3577,2025-08-11,857.11
3577,2025-08-18,872.71
3577,2025-08-25,865.89
3577,2025-09-01,868.81
3577,2025-09-08,893.19
3577,2025-09-15,886.37
3577,2025-09-22,892.22
3577,2025-09-29,882.47
3577,2025-10-06,883.44
3577,2025-10-13,881.49
3577,2025-10-20,877.59
3577,2025-10-27,872.71
3577,2025-11-03,868.81
3577,2025-11-10,860.04
3577,2025-11-17,860.04
3577,2025-11-24,876.61
3577,2025-12-01,867.84
3577,2025-12-08,872.71
3577,2025-12-15,873.69
3577,2025-12-22,880.51
3577,2025-12-29,878.56
3577,2026-01-05,906.84
3577,2026-01-12,950.72
3577,2026-01-19,967.3
3577,2026-01-26,970.22
3577,2026-02-02,973.15
3577,2026-02-09,973.15
3577,2026-02-16,975.1
3577,2026-02-23,978.02
3577,2026-03-02,979.0
3577,2026-03-09,982.9
3577,2026-03-16,985.83
3577,2026-03-23,979.0
3577,2026-03-30,967.0
3577,2026-04-06,960.0
3577,2026-04-13,971.0
3577,2026-04-20,974.0
3577,2026-04-27,974.0
3577,2026-05-04,966.0
3577,2026-05-11,930.0
3577,2026-05-18,948.0
3577,2026-05-25,925.0
3577,2026-06-01,927.0
3577,2026-06-08,943.0
3577,2026-06-15,930.0
3577,2026-06-22,922.0
3577,2026-06-29,940.0
3577,2026-07-06,922.0
3577,2026-07-13,934.0
3577,2026-07-20,926.0
365A,2025-07-28,649.2
365A,2025-08-04,616.13
365A,2025-08-11,617.07
365A,2025-08-18,640.7
365A,2025-08-25,677.55
365A,2025-09-01,629.36
365A,2025-09-08,596.28
365A,2025-09-15,635.03
365A,2025-09-22,618.02
365A,2025-09-29,607.62
365A,2025-10-06,579.27
365A,2025-10-13,560.37
365A,2025-10-20,569.82
365A,2025-10-27,550.92
365A,2025-11-03,548.09
365A,2025-11-10,549.03
365A,2025-11-17,538.64
365A,2025-11-24,568.88
365A,2025-12-01,556.59
365A,2025-12-08,566.04
365A,2025-12-15,585.89
365A,2025-12-22,611.4
365A,2025-12-29,622.74
365A,2026-01-05,634.08
365A,2026-01-12,659.6
365A,2026-01-19,677.55
365A,2026-01-26,664.32
365A,2026-02-02,666.21
365A,2026-02-09,682.28
365A,2026-02-16,675.66
365A,2026-02-23,684.0
365A,2026-03-02,676.0
365A,2026-03-09,670.0
365A,2026-03-16,655.0
365A,2026-03-23,674.0
365A,2026-03-30,669.0
365A,2026-04-06,686.0
365A,2026-04-13,741.0
365A,2026-04-20,711.0
365A,2026-04-27,717.0
365A,2026-05-04,726.0
365A,2026-05-11,710.0
365A,2026-05-18,734.0
365A,2026-05-25,745.0
365A,2026-06-01,733.0
365A,2026-06-08,715.0
365A,2026-06-15,733.0
365A,2026-06-22,728.0
365A,2026-06-29,742.0
365A,2026-07-06,752.0
365A,2026-07-13,774.0
365A,2026-07-20,800.0
3708,2025-07-28,1280.15
3708,2025-08-04,1363.99
3708,2025-08-11,1344.65
3708,2025-08-18,1349.48
3708,2025-08-25,1370.44
3708,2025-09-01,1388.18
3708,2025-09-08,1446.22
3708,2025-09-15,1463.96
3708,2025-09-22,1546.18
3708,2025-09-29,1528.86
3708,2025-10-06,1449.42
3708,2025-10-13,1477.86
3708,2025-10-20,1524.93
3708,2025-10-27,1455.31
3708,2025-11-03,1455.31
3708,2025-11-10,1479.82
3708,2025-11-17,1458.25
3708,2025-11-24,1504.34
3708,2025-12-01,1455.31
3708,2025-12-08,1493.55
3708,2025-12-15,1526.89
3708,2025-12-22,1549.45
3708,2025-12-29,1549.45
3708,2026-01-05,1654.38
3708,2026-01-12,1657.32
3708,2026-01-19,1676.94
3708,2026-01-26,1621.04
3708,2026-02-02,1609.27
3708,2026-02-09,1645.56
3708,2026-02-16,1635.75
3708,2026-02-23,1659.28
3708,2026-03-02,1587.7
3708,2026-03-09,1576.91
3708,2026-03-16,1576.91
3708,2026-03-23,1623.0
3708,2026-03-30,1616.0
3708,2026-04-06,1612.0
3708,2026-04-13,1610.0
3708,2026-04-20,1565.0
3708,2026-04-27,1601.0
3708,2026-05-04,1636.0
3708,2026-05-11,1714.0
3708,2026-05-18,1725.0
3708,2026-05-25,1794.0
3708,2026-06-01,1772.0
3708,2026-06-08,1814.0
3708,2026-06-15,1839.0
3708,2026-06-22,1856.0
3708,2026-06-29,1958.0
3708,2026-07-06,1953.0
3708,2026-07-13,2050.0
3708,2026-07-20,2126.0
3864,2025-07-28,668.54
3864,2025-08-04,641.05
3864,2025-08-11,655.78
3864,2025-08-18,715.66
3864,2025-08-25,670.51
3864,2025-09-01,689.16
3864,2025-09-08,674.43
3864,2025-09-15,665.6
3864,2025-09-22,682.29
3864,2025-09-29,659.71
3864,2025-10-06,657.74
3864,2025-10-13,646.95
3864,2025-10-20,644.98
3864,2025-10-27,599.82
3864,2025-11-03,596.88
3864,2025-11-10,623.38
3864,2025-11-17,614.55
3864,2025-11-24,638.11
3864,2025-12-01,621.42
3864,2025-12-08,632.22
3864,2025-12-15,633.2
3864,2025-12-22,647.93
3864,2025-12-29,643.02
3864,2026-01-05,660.69
3864,2026-01-12,673.45
3864,2026-01-19,666.58
3864,2026-01-26,654.8
3864,2026-02-02,679.34
3864,2026-02-09,683.27
3864,2026-02-16,774.57
3864,2026-02-23,839.36
3864,2026-03-02,866.85
3864,2026-03-09,816.78
3864,2026-03-16,798.13
3864,2026-03-23,805.0
3864,2026-03-30,850.0
3864,2026-04-06,895.0
3864,2026-04-13,990.0
3864,2026-04-20,959.0
3864,2026-04-27,928.0
3864,2026-05-04,944.0
3864,2026-05-11,1009.0
3864,2026-05-18,1095.0
3864,2026-05-25,1100.0
3864,2026-06-01,1061.0
3864,2026-06-08,1061.0
3864,2026-06-15,1032.0
3864,2026-06-22,1039.0
3864,2026-06-29,1015.0
3864,2026-07-06,1001.0
3864,2026-07-13,1092.0
3864,2026-07-20,1133.0
3877,2025-07-28,1624.98
3877,2025-08-04,1592.61
3877,2025-08-11,1618.31
3877,2025-08-18,1642.11
3877,2025-08-25,1644.97
3877,2025-09-01,1680.19
3877,2025-09-08,1674.48
3877,2025-09-15,1645.92
3877,2025-09-22,1684.0
3877,2025-09-29,1618.74
3877,2025-10-06,1613.87
3877,2025-10-13,1618.74
3877,2025-10-20,1693.74
3877,2025-10-27,1621.66
3877,2025-11-03,1621.66
3877,2025-11-10,1685.95
3877,2025-11-17,1730.75
3877,2025-11-24,1993.72
3877,2025-12-01,1951.84
3877,2025-12-08,1939.18
3877,2025-12-15,1987.88
3877,2025-12-22,1977.16
3877,2025-12-29,1973.27
3877,2026-01-05,1974.24
3877,2026-01-12,1975.21
3877,2026-01-19,1971.32
3877,2026-01-26,1967.42
3877,2026-02-02,1947.94
3877,2026-02-09,1959.63
3877,2026-02-16,1956.71
3877,2026-02-23,1983.01
3877,2026-03-02,1901.19
3877,2026-03-09,1871.0
3877,2026-03-16,1837.89
3877,2026-03-23,1871.0
3877,2026-03-30,1862.0
3877,2026-04-06,1911.0
3877,2026-04-13,1930.0
3877,2026-04-20,1928.0
3877,2026-04-27,1935.0
3877,2026-05-04,1996.0
3877,2026-05-11,2025.0
3877,2026-05-18,1968.0
3877,2026-05-25,2035.0
3877,2026-06-01,2000.0
3877,2026-06-08,1998.0
3877,2026-06-15,2005.0
3877,2026-06-22,2013.0
3877,2026-06-29,2033.0
3877,2026-07-06,2084.0
3877,2026-07-13,2105.0
3877,2026-07-20,2155.0
3946,2025-07-28,3208.2
3946,2025-08-04,3270.82
3946,2025-08-11,3256.37
3946,2025-08-18,3203.38
3946,2025-08-25,3193.75
3946,2025-09-01,3294.91
3946,2025-09-08,3299.73
3946,2025-09-15,3299.73
3946,2025-09-22,3453.87
3946,2025-09-29,3272.35
3946,2025-10-06,3198.76
3946,2025-10-13,3198.76
3946,2025-10-20,3345.94
3946,2025-10-27,3233.1
3946,2025-11-03,3218.38
3946,2025-11-10,3291.97
3946,2025-11-17,3306.69
3946,2025-11-24,3390.09
3946,2025-12-01,3291.97
3946,2025-12-08,3296.88
3946,2025-12-15,3321.41
3946,2025-12-22,3414.62
3946,2025-12-29,3463.69
3946,2026-01-05,3522.56
3946,2026-01-12,3576.52
3946,2026-01-19,3512.75
3946,2026-01-26,3399.91
3946,2026-02-02,3458.78
3946,2026-02-09,3581.43
3946,2026-02-16,3556.9
3946,2026-02-23,3630.49
3946,2026-03-02,3399.91
3946,2026-03-09,3306.69
3946,2026-03-16,3311.6
3946,2026-03-23,3395.0
3946,2026-03-30,3405.0
3946,2026-04-06,3405.0
3946,2026-04-13,3415.0
3946,2026-04-20,3495.0
3946,2026-04-27,3530.0
3946,2026-05-04,3880.0
3946,2026-05-11,3945.0
3946,2026-05-18,3995.0
3946,2026-05-25,3975.0
3946,2026-06-01,3710.0
3946,2026-06-08,3845.0
3946,2026-06-15,3780.0
3946,2026-06-22,3910.0
3946,2026-06-29,4005.0
3946,2026-07-06,4115.0
3946,2026-07-13,4325.0
3946,2026-07-20,4480.0
3950,2025-07-28,1115.9
3950,2025-08-04,1125.61
3950,2025-08-11,1105.22
3950,2025-08-18,1132.41
3950,2025-08-25,1147.95
3950,2025-09-01,1135.33
3950,2025-09-08,1131.44
3950,2025-09-15,1167.38
3950,2025-09-22,1169.32
3950,2025-09-29,1164.46
3950,2025-10-06,1180.0
3950,2025-10-13,1194.57
3950,2025-10-20,1204.28
3950,2025-10-27,1166.4
3950,2025-11-03,1170.29
3950,2025-11-10,1222.73
3950,2025-11-17,1222.73
3950,2025-11-24,1266.44
3950,2025-12-01,1220.79
3950,2025-12-08,1223.7
3950,2025-12-15,1231.47
3950,2025-12-22,1273.24
3950,2025-12-29,1275.21
3950,2026-01-05,1284.1
3950,2026-01-12,1290.03
3950,2026-01-19,1291.02
3950,2026-01-26,1279.16
3950,2026-02-02,1297.93
3950,2026-02-09,1331.51
3950,2026-02-16,1276.2
3950,2026-02-23,1321.64
3950,2026-03-02,1321.64
3950,2026-03-09,1303.86
3950,2026-03-16,1312.75
3950,2026-03-23,1308.79
3950,2026-03-30,1334.48
3950,2026-04-06,1340.4
3950,2026-04-13,1337.44
3950,2026-04-20,1275.21
3950,2026-04-27,1290.03
3950,2026-05-04,1314.72
3950,2026-05-11,1307.81
3950,2026-05-18,1321.64
3950,2026-05-25,1278.17
3950,2026-06-01,1226.81
3950,2026-06-08,1304.84
3950,2026-06-15,1343.37
3950,2026-06-22,1373.0
3950,2026-06-29,1358.0
3950,2026-07-06,1343.0
3950,2026-07-13,1421.0
3950,2026-07-20,1448.0
4012,2025-07-28,1615.21
4012,2025-08-04,1464.94
4012,2025-08-11,1463.97
4012,2025-08-18,1468.82
4012,2025-08-25,1486.27
4012,2025-09-01,1481.42
4012,2025-09-08,1587.1
4012,2025-09-15,1676.29
4012,2025-09-22,1654.96
4012,2025-09-29,1590.01
4012,2025-10-06,1578.37
4012,2025-10-13,1527.96
4012,2025-10-20,1555.1
4012,2025-10-27,1512.45
4012,2025-11-03,1500.81
4012,2025-11-10,1474.63
4012,2025-11-17,1465.91
4012,2025-11-24,1473.66
4012,2025-12-01,1455.24
4012,2025-12-08,1436.82
4012,2025-12-15,1448.46
4012,2025-12-22,1463.0
4012,2025-12-29,1493.0
4012,2026-01-05,1524.0
4012,2026-01-12,1506.0
4012,2026-01-19,1493.0
4012,2026-01-26,1429.0
4012,2026-02-02,1646.0
4012,2026-02-09,1601.0
4012,2026-02-16,1650.0
4012,2026-02-23,1649.0
4012,2026-03-02,1580.0
4012,2026-03-09,1550.0
4012,2026-03-16,1516.0
4012,2026-03-23,1541.0
4012,2026-03-30,1545.0
4012,2026-04-06,1561.0
4012,2026-04-13,1585.0
4012,2026-04-20,1542.0
4012,2026-04-27,1529.0
4012,2026-05-04,1682.0
4012,2026-05-11,1606.0
4012,2026-05-18,1595.0
4012,2026-05-25,1627.0
4012,2026-06-01,1636.0
4012,2026-06-08,1613.0
4012,2026-06-15,1601.0
4012,2026-06-22,1620.0
4012,2026-06-29,1674.0
4012,2026-07-06,1658.0
4012,2026-07-13,1667.0
4012,2026-07-20,1727.0
4189,2025-07-28,2723.05
4189,2025-08-04,2673.07
4189,2025-08-11,2640.39
4189,2025-08-18,2671.15
4189,2025-08-25,2699.98
4189,2025-09-01,2720.17
4189,2025-09-08,2747.08
4189,2025-09-15,2692.29
4189,2025-09-22,2699.98
4189,2025-09-29,2619.24
4189,2025-10-06,2613.47
4189,2025-10-13,2582.72
4189,2025-10-20,2706.71
4189,2025-10-27,2651.92
4189,2025-11-03,2319.35
4189,2025-11-10,2316.47
4189,2025-11-17,2258.8
4189,2025-11-24,2376.06
4189,2025-12-01,2330.89
4189,2025-12-08,2387.6
4189,2025-12-15,2401.05
4189,2025-12-22,2427.0
4189,2025-12-29,2431.42
4189,2026-01-05,2401.97
4189,2026-01-12,2503.08
4189,2026-01-19,2566.88
4189,2026-01-26,2495.23
4189,2026-02-02,2694.49
4189,2026-02-09,2934.0
4189,2026-02-16,2932.04
4189,2026-02-23,3057.68
4189,2026-03-02,2944.8
4189,2026-03-09,2760.26
4189,2026-03-16,2725.9
4189,2026-03-23,2713.14
4189,2026-03-30,2721.97
4189,2026-04-06,2859.4
4189,2026-04-13,2726.88
4189,2026-04-20,2647.37
4189,2026-04-27,2707.25
4189,2026-05-04,2692.53
4189,2026-05-11,2643.45
4189,2026-05-18,2663.08
4189,2026-05-25,2726.88
4189,2026-06-01,2614.0
4189,2026-06-08,2617.93
4189,2026-06-15,2748.48
4189,2026-06-22,2934.0
4189,2026-06-29,2982.0
4189,2026-07-06,2941.0
4189,2026-07-13,2991.0
4189,2026-07-20,3070.0
4196,2025-07-28,1480.0
4196,2025-08-04,1463.0
4196,2025-08-11,1415.0
4196,2025-08-18,1428.0
4196,2025-08-25,1476.0
4196,2025-09-01,1471.0
4196,2025-09-08,1485.0
4196,2025-09-15,1464.0
4196,2025-09-22,1399.0
4196,2025-09-29,1094.0
4196,2025-10-06,1113.0
4196,2025-10-13,1144.0
4196,2025-10-20,1158.0
4196,2025-10-27,1113.0
4196,2025-11-03,1114.0
4196,2025-11-10,1132.0
4196,2025-11-17,1143.0
4196,2025-11-24,1164.0
4196,2025-12-01,1178.0
4196,2025-12-08,1172.0
4196,2025-12-15,1158.0
4196,2025-12-22,1156.0
4196,2025-12-29,1166.0
4196,2026-01-05,1220.0
4196,2026-01-12,1218.0
4196,2026-01-19,1220.0
4196,2026-01-26,1287.0
4196,2026-02-02,1345.0
4196,2026-02-09,1349.0
4196,2026-02-16,1339.0
4196,2026-02-23,1354.0
4196,2026-03-02,1390.0
4196,2026-03-09,1439.0
4196,2026-03-16,1428.0
4196,2026-03-23,1423.0
4196,2026-03-30,1430.0
4196,2026-04-06,1446.0
4196,2026-04-13,1447.0
4196,2026-04-20,1437.0
4196,2026-04-27,1428.0
4196,2026-05-04,1424.0
4196,2026-05-11,1432.0
4196,2026-05-18,1450.0
4196,2026-05-25,1479.0
4196,2026-06-01,1575.0
4196,2026-06-08,1674.0
4196,2026-06-15,1699.0
4196,2026-06-22,1696.0
4196,2026-06-29,1695.0
4196,2026-07-06,1697.0
4196,2026-07-13,1686.0
4196,2026-07-20,1727.0
428A,2025-10-06,622.0
428A,2025-10-13,723.0
428A,2025-10-20,707.0
428A,2025-10-27,679.0
428A,2025-11-03,685.0
428A,2025-11-10,690.0
428A,2025-11-17,682.0
428A,2025-11-24,689.0
428A,2025-12-01,682.0
428A,2025-12-08,679.0
428A,2025-12-15,739.0
428A,2025-12-22,773.0
428A,2025-12-29,825.0
428A,2026-01-05,831.0
428A,2026-01-12,860.0
428A,2026-01-19,892.0
428A,2026-01-26,870.0
428A,2026-02-02,837.0
428A,2026-02-09,838.0
428A,2026-02-16,839.0
428A,2026-02-23,813.0
428A,2026-03-02,810.0
428A,2026-03-09,811.0
428A,2026-03-16,810.0
428A,2026-03-23,838.0
428A,2026-03-30,883.0
428A,2026-04-06,881.0
428A,2026-04-13,908.0
428A,2026-04-20,906.0
428A,2026-04-27,945.0
428A,2026-05-04,999.0
428A,2026-05-11,1032.0
428A,2026-05-18,1048.0
428A,2026-05-25,1278.0
428A,2026-06-01,1189.0
428A,2026-06-08,1223.0
428A,2026-06-15,1186.0
428A,2026-06-22,1226.0
428A,2026-06-29,1270.0
428A,2026-07-06,1231.0
428A,2026-07-13,1386.0
428A,2026-07-20,1327.0
4441,2025-07-28,1100.12
4441,2025-08-04,1139.23
4441,2025-08-11,1225.29
4441,2025-08-18,1247.78
4441,2025-08-25,1273.2
4441,2025-09-01,1247.78
4441,2025-09-08,1099.14
4441,2025-09-15,1025.8
4441,2025-09-22,1056.11
4441,2025-09-29,1003.31
4441,2025-10-06,998.42
4441,2025-10-13,930.94
4441,2025-10-20,978.86
4441,2025-10-27,930.0
4441,2025-11-03,922.0
4441,2025-11-10,979.0
4441,2025-11-17,1059.0
4441,2025-11-24,1040.0
4441,2025-12-01,1026.0
4441,2025-12-08,1182.0
4441,2025-12-15,1233.0
4441,2025-12-22,1263.0
4441,2025-12-29,1299.0
4441,2026-01-05,1307.0
4441,2026-01-12,1272.0
4441,2026-01-19,1235.0
4441,2026-01-26,1214.0
4441,2026-02-02,1160.0
4441,2026-02-09,1206.0
4441,2026-02-16,1411.0
4441,2026-02-23,1395.0
4441,2026-03-02,1400.0
4441,2026-03-09,1395.0
4441,2026-03-16,1417.0
4441,2026-03-23,1431.0
4441,2026-03-30,1400.0
4441,2026-04-06,1418.0
4441,2026-04-13,1434.0
4441,2026-04-20,1355.0
4441,2026-04-27,1306.0
4441,2026-05-04,1284.0
4441,2026-05-11,1262.0
4441,2026-05-18,1268.0
4441,2026-05-25,1190.0
4441,2026-06-01,1111.0
4441,2026-06-08,1264.0
4441,2026-06-15,1344.0
4441,2026-06-22,1330.0
4441,2026-06-29,1420.0
4441,2026-07-06,1443.0
4441,2026-07-13,1504.0
4441,2026-07-20,1646.0
4634,2025-07-28,3163.57
4634,2025-08-04,3285.06
4634,2025-08-11,3008.07
4634,2025-08-18,3105.26
4634,2025-08-25,2998.35
4634,2025-09-01,3076.1
4634,2025-09-08,3095.54
4634,2025-09-15,3066.38
4634,2025-09-22,3173.29
4634,2025-09-29,3037.22
4634,2025-10-06,2969.19
4634,2025-10-13,3032.37
4634,2025-10-20,3114.98
4634,2025-10-27,3056.66
4634,2025-11-03,3080.96
4634,2025-11-10,3212.17
4634,2025-11-17,3241.33
4634,2025-11-24,3333.66
4634,2025-12-01,3251.05
4634,2025-12-08,3377.39
4634,2025-12-15,3416.27
4634,2025-12-22,3401.69
4634,2025-12-29,3391.83
4634,2026-01-05,3436.2
4634,2026-01-12,3584.1
4634,2026-01-19,3633.4
4634,2026-01-26,3648.19
4634,2026-02-02,3786.23
4634,2026-02-09,3870.04
4634,2026-02-16,4101.75
4634,2026-02-23,4333.46
4634,2026-03-02,4086.96
4634,2026-03-09,3825.67
4634,2026-03-16,3677.77
4634,2026-03-23,3756.65
4634,2026-03-30,3736.93
4634,2026-04-06,3939.06
4634,2026-04-13,3924.27
4634,2026-04-20,3894.69
4634,2026-04-27,3835.53
4634,2026-05-04,3939.06
4634,2026-05-11,4062.31
4634,2026-05-18,4082.03
4634,2026-05-25,4131.33
4634,2026-06-01,4057.38
4634,2026-06-08,4017.94
4634,2026-06-15,4185.56
4634,2026-06-22,4225.0
4634,2026-06-29,4395.0
4634,2026-07-06,4350.0
4634,2026-07-13,4500.0
4634,2026-07-20,4535.0
4665,2025-07-28,3920.81
4665,2025-08-04,3896.52
4665,2025-08-11,3822.65
4665,2025-08-18,3845.0
4665,2025-08-25,3818.76
4665,2025-09-01,3849.86
4665,2025-09-08,3806.12
4665,2025-09-15,3781.83
4665,2025-09-22,3873.19
4665,2025-09-29,3721.61
4665,2025-10-06,3687.16
4665,2025-10-13,3665.5
4665,2025-10-20,3682.24
4665,2025-10-27,3658.61
4665,2025-11-03,3729.48
4665,2025-11-10,3892.87
4665,2025-11-17,3954.89
4665,2025-11-24,3969.65
4665,2025-12-01,4049.38
4665,2025-12-08,4200.96
4665,2025-12-15,4301.36
4665,2025-12-22,4236.39
4665,2025-12-29,4188.16
4665,2026-01-05,4231.47
4665,2026-01-12,4293.48
4665,2026-01-19,4350.57
4665,2026-01-26,4179.3
4665,2026-02-02,4258.05
4665,2026-02-09,4239.35
4665,2026-02-16,4160.6
4665,2026-02-23,4255.09
4665,2026-03-02,4194.07
4665,2026-03-09,4152.73
4665,2026-03-16,4204.9
4665,2026-03-23,4261.0
4665,2026-03-30,4210.0
4665,2026-04-06,4163.0
4665,2026-04-13,4136.0
4665,2026-04-20,3940.0
4665,2026-04-27,3915.0
4665,2026-05-04,3933.0
4665,2026-05-11,3975.0
4665,2026-05-18,4156.0
4665,2026-05-25,4015.0
4665,2026-06-01,4100.0
4665,2026-06-08,4285.0
4665,2026-06-15,4168.0
4665,2026-06-22,4296.0
4665,2026-06-29,4389.0
4665,2026-07-06,4469.0
4665,2026-07-13,4538.0
4665,2026-07-20,4466.0
4762,2025-07-28,1348.69
4762,2025-08-04,1315.77
4762,2025-08-11,1324.49
4762,2025-08-18,1331.26
4762,2025-08-25,1376.77
4762,2025-09-01,1359.34
4762,2025-09-08,1373.86
4762,2025-09-15,1363.21
4762,2025-09-22,1378.7
4762,2025-09-29,1379.2
4762,2025-10-06,1383.13
4762,2025-10-13,1391.0
4762,2025-10-20,1390.02
4762,2025-10-27,1404.77
4762,2025-11-03,1374.28
4762,2025-11-10,1396.9
4762,2025-11-17,1380.18
4762,2025-11-24,1386.08
4762,2025-12-01,1357.55
4762,2025-12-08,1400.84
4762,2025-12-15,1391.98
4762,2025-12-22,1397.89
4762,2025-12-29,1498.23
4762,2026-01-05,1479.54
4762,2026-01-12,1480.52
4762,2026-01-19,1496.26
4762,2026-01-26,1513.97
4762,2026-02-02,1513.97
4762,2026-02-09,1512.0
4762,2026-02-16,1501.18
4762,2026-02-23,1523.8
4762,2026-03-02,1488.39
4762,2026-03-09,1510.03
4762,2026-03-16,1510.03
4762,2026-03-23,1512.0
4762,2026-03-30,1517.0
4762,2026-04-06,1517.0
4762,2026-04-13,1512.0
4762,2026-04-20,1480.0
4762,2026-04-27,1548.0
4762,2026-05-04,1551.0
4762,2026-05-11,1512.0
4762,2026-05-18,1542.0
4762,2026-05-25,1548.0
4762,2026-06-01,1569.0
4762,2026-06-08,1604.0
4762,2026-06-15,1583.0
4762,2026-06-22,1663.0
4762,2026-06-29,1767.0
4762,2026-07-06,1771.0
4762,2026-07-13,1650.0
4762,2026-07-20,1894.0
4919,2025-07-28,2481.36
4919,2025-08-04,2495.86
4919,2025-08-11,2389.53
4919,2025-08-18,2438.83
4919,2025-08-25,2414.66
4919,2025-09-01,2429.16
4919,2025-09-08,2427.23
4919,2025-09-15,2392.43
4919,2025-09-22,2447.53
4919,2025-09-29,2368.26
4919,2025-10-06,2338.3
4919,2025-10-13,2314.13
4919,2025-10-20,2310.26
4919,2025-10-27,2238.73
4919,2025-11-03,2302.53
4919,2025-11-10,2324.76
4919,2025-11-17,2483.29
4919,2025-11-24,2456.23
4919,2025-12-01,2351.83
4919,2025-12-08,2404.03
4919,2025-12-15,2388.56
4919,2025-12-22,2458.16
4919,2025-12-29,2399.05
4919,2026-01-05,2389.19
4919,2026-01-12,2428.6
4919,2026-01-19,2540.92
4919,2026-01-26,2499.54
4919,2026-02-02,2618.75
4919,2026-02-09,2680.82
4919,2026-02-16,2675.9
4919,2026-02-23,2769.49
4919,2026-03-02,2692.65
4919,2026-03-09,2639.44
4919,2026-03-16,2637.47
4919,2026-03-23,2688.7
4919,2026-03-30,2703.48
4919,2026-04-06,2720.23
4919,2026-04-13,2691.66
4919,2026-04-20,2545.85
4919,2026-04-27,2498.55
4919,2026-05-04,2478.85
4919,2026-05-11,2503.48
4919,2026-05-18,2657.18
4919,2026-05-25,2612.84
4919,2026-06-01,2535.99
4919,2026-06-08,2703.48
4919,2026-06-15,2594.12
4919,2026-06-22,2669.0
4919,2026-06-29,2764.0
4919,2026-07-06,2774.0
4919,2026-07-13,2834.0
4919,2026-07-20,2785.0
4958,2025-07-28,3071.6
4958,2025-08-04,2950.29
4958,2025-08-11,2930.88
4958,2025-08-18,2885.26
4958,2025-08-25,2895.94
4958,2025-09-01,2895.94
4958,2025-09-08,2885.26
4958,2025-09-15,2895.94
4958,2025-09-22,2959.99
4958,2025-09-29,2748.77
4958,2025-10-06,2721.27
4958,2025-10-13,2679.02
4958,2025-10-20,2707.51
4958,2025-10-27,2654.46
4958,2025-11-03,2651.52
4958,2025-11-10,2707.51
4958,2025-11-17,2723.23
4958,2025-11-24,2784.14
4958,2025-12-01,2670.18
4958,2025-12-08,2710.46
4958,2025-12-15,2788.07
4958,2025-12-22,2798.88
4958,2025-12-29,2768.42
4958,2026-01-05,2828.35
4958,2026-01-12,2832.28
4958,2026-01-19,2858.8
4958,2026-01-26,2791.02
4958,2026-02-02,2812.63
4958,2026-02-09,2828.35
4958,2026-02-16,2799.86
4958,2026-02-23,2867.65
4958,2026-03-02,2802.81
4958,2026-03-09,2794.95
4958,2026-03-16,2787.09
4958,2026-03-23,2792.0
4958,2026-03-30,2855.0
4958,2026-04-06,2923.0
4958,2026-04-13,2861.0
4958,2026-04-20,2865.0
4958,2026-04-27,2882.0
4958,2026-05-04,2933.0
4958,2026-05-11,3070.0
4958,2026-05-18,3125.0
4958,2026-05-25,3075.0
4958,2026-06-01,3060.0
4958,2026-06-08,3205.0
4958,2026-06-15,3255.0
4958,2026-06-22,3215.0
4958,2026-06-29,3250.0
4958,2026-07-06,3225.0
4958,2026-07-13,3300.0
4958,2026-07-20,3225.0
4972,2025-07-28,1647.57
4972,2025-08-04,1598.71
4972,2025-08-11,1637.79
4972,2025-08-18,1651.47
4972,2025-08-25,1650.5
4972,2025-09-01,1739.42
4972,2025-09-08,1910.43
4972,2025-09-15,1884.05
4972,2025-09-22,2015.97
4972,2025-09-29,1990.56
4972,2025-10-06,2032.58
4972,2025-10-13,2071.67
4972,2025-10-20,2188.94
4972,2025-10-27,2335.52
4972,2025-11-03,2366.79
4972,2025-11-10,2383.4
4972,2025-11-17,2444.96
4972,2025-11-24,2565.16
4972,2025-12-01,2519.23
4972,2025-12-08,2623.79
4972,2025-12-15,2565.16
4972,2025-12-22,2565.16
4972,2025-12-29,2578.84
4972,2026-01-05,2640.4
4972,2026-01-12,2681.45
4972,2026-01-19,2716.63
4972,2026-01-26,2754.74
4972,2026-02-02,2891.55
4972,2026-02-09,2891.55
4972,2026-02-16,3092.85
4972,2026-02-23,3215.0
4972,2026-03-02,3200.34
4972,2026-03-09,3180.8
4972,2026-03-16,3171.03
4972,2026-03-23,3215.0
4972,2026-03-30,3385.0
4972,2026-04-06,3515.0
4972,2026-04-13,3340.0
4972,2026-04-20,3395.0
4972,2026-04-27,3280.0
4972,2026-05-04,3330.0
4972,2026-05-11,3355.0
4972,2026-05-18,3405.0
4972,2026-05-25,3445.0
4972,2026-06-01,3505.0
4972,2026-06-08,3500.0
4972,2026-06-15,3370.0
4972,2026-06-22,3205.0
4972,2026-06-29,3545.0
4972,2026-07-06,3515.0
4972,2026-07-13,3330.0
4972,2026-07-20,3795.0
5242,2025-07-28,1640.0
5242,2025-08-04,1568.0
5242,2025-08-11,1570.0
5242,2025-08-18,1550.0
5242,2025-08-25,1493.0
5242,2025-09-01,1533.0
5242,2025-09-08,1529.0
5242,2025-09-15,1509.0
5242,2025-09-22,1535.0
5242,2025-09-29,1396.0
5242,2025-10-06,1352.0
5242,2025-10-13,1350.0
5242,2025-10-20,1372.0
5242,2025-10-27,1275.0
5242,2025-11-03,1267.0
5242,2025-11-10,1265.0
5242,2025-11-17,1201.0
5242,2025-11-24,1192.0
5242,2025-12-01,1118.0
5242,2025-12-08,1097.0
5242,2025-12-15,1070.0
5242,2025-12-22,1021.0
5242,2025-12-29,1039.0
5242,2026-01-05,1061.0
5242,2026-01-12,1074.0
5242,2026-01-19,1083.0
5242,2026-01-26,1045.0
5242,2026-02-02,1195.0
5242,2026-02-09,1090.0
5242,2026-02-16,1077.0
5242,2026-02-23,1044.0
5242,2026-03-02,1008.0
5242,2026-03-09,1019.0
5242,2026-03-16,1034.0
5242,2026-03-23,1036.0
5242,2026-03-30,1041.0
5242,2026-04-06,1038.0
5242,2026-04-13,1038.0
5242,2026-04-20,1033.0
5242,2026-04-27,1049.0
5242,2026-05-04,1028.0
5242,2026-05-11,1043.0
5242,2026-05-18,975.0
5242,2026-05-25,970.0
5242,2026-06-01,915.0
5242,2026-06-08,868.0
5242,2026-06-15,828.0
5242,2026-06-22,815.0
5242,2026-06-29,907.0
5242,2026-07-06,879.0
5242,2026-07-13,1230.0
5242,2026-07-20,2209.0
5337,2025-07-28,903.0
5337,2025-08-04,867.0
5337,2025-08-11,663.0
5337,2025-08-18,680.0
5337,2025-08-25,633.0
5337,2025-09-01,621.0
5337,2025-09-08,693.0
5337,2025-09-15,689.0
5337,2025-09-22,698.0
5337,2025-09-29,659.0
5337,2025-10-06,561.0
5337,2025-10-13,564.0
5337,2025-10-20,541.0
5337,2025-10-27,523.0
5337,2025-11-03,503.0
5337,2025-11-10,503.0
5337,2025-11-17,516.0
5337,2025-11-24,505.0
5337,2025-12-01,511.0
5337,2025-12-08,582.0
5337,2025-12-15,516.0
5337,2025-12-22,502.0
5337,2025-12-29,506.0
5337,2026-01-05,543.0
5337,2026-01-12,529.0
5337,2026-01-19,537.0
5337,2026-01-26,528.0
5337,2026-02-02,623.0
5337,2026-02-09,620.0
5337,2026-02-16,649.0
5337,2026-02-23,661.0
5337,2026-03-02,639.0
5337,2026-03-09,604.0
5337,2026-03-16,622.0
5337,2026-03-23,593.0
5337,2026-03-30,604.0
5337,2026-04-06,625.0
5337,2026-04-13,696.0
5337,2026-04-20,870.0
5337,2026-04-27,805.0
5337,2026-05-04,823.0
5337,2026-05-11,790.0
5337,2026-05-18,797.0
5337,2026-05-25,840.0
5337,2026-06-01,780.0
5337,2026-06-08,827.0
5337,2026-06-15,792.0
5337,2026-06-22,811.0
5337,2026-06-29,876.0
5337,2026-07-06,870.0
5337,2026-07-13,816.0
5337,2026-07-20,896.0
5575,2025-07-28,916.0
5575,2025-08-04,916.0
5575,2025-08-11,877.0
5575,2025-08-18,901.0
5575,2025-08-25,908.0
5575,2025-09-01,918.0
5575,2025-09-08,902.0
5575,2025-09-15,886.0
5575,2025-09-22,909.0
5575,2025-09-29,871.0
5575,2025-10-06,842.0
5575,2025-10-13,815.0
5575,2025-10-20,808.0
5575,2025-10-27,795.0
5575,2025-11-03,768.0
5575,2025-11-10,763.0
5575,2025-11-17,739.0
5575,2025-11-24,740.0
5575,2025-12-01,679.0
5575,2025-12-08,669.0
5575,2025-12-15,625.0
5575,2025-12-22,620.0
5575,2025-12-29,611.0
5575,2026-01-05,644.0
5575,2026-01-12,690.0
5575,2026-01-19,681.0
5575,2026-01-26,677.0
5575,2026-02-02,656.0
5575,2026-02-09,652.0
5575,2026-02-16,628.0
5575,2026-02-23,629.0
5575,2026-03-02,630.0
5575,2026-03-09,610.0
5575,2026-03-16,611.0
5575,2026-03-23,599.0
5575,2026-03-30,599.0
5575,2026-04-06,626.0
5575,2026-04-13,730.0
5575,2026-04-20,769.0
5575,2026-04-27,706.0
5575,2026-05-04,739.0
5575,2026-05-11,735.0
5575,2026-05-18,716.0
5575,2026-05-25,670.0
5575,2026-06-01,645.0
5575,2026-06-08,635.0
5575,2026-06-15,622.0
5575,2026-06-22,600.0
5575,2026-06-29,653.0
5575,2026-07-06,676.0
5575,2026-07-13,937.0
5575,2026-07-20,1025.0
5660,2025-07-28,1346.25
5660,2025-08-04,1305.17
5660,2025-08-11,1317.59
5660,2025-08-18,1331.92
5660,2025-08-25,1311.86
5660,2025-09-01,1317.59
5660,2025-09-08,1321.41
5660,2025-09-15,1313.77
5660,2025-09-22,1301.35
5660,2025-09-29,1281.88
5660,2025-10-06,1275.07
5660,2025-10-13,1270.2
5660,2025-10-20,1327.63
5660,2025-10-27,1283.83
5660,2025-11-03,1302.32
5660,2025-11-10,1275.07
5660,2025-11-17,1282.85
5660,2025-11-24,1285.77
5660,2025-12-01,1280.91
5660,2025-12-08,1284.8
5660,2025-12-15,1310.11
5660,2025-12-22,1304.27
5660,2025-12-29,1339.31
5660,2026-01-05,1375.32
5660,2026-01-12,1431.77
5660,2026-01-19,1430.8
5660,2026-01-26,1437.61
5660,2026-02-02,1453.19
5660,2026-02-09,1432.75
5660,2026-02-16,1443.45
5660,2026-02-23,1486.28
5660,2026-03-02,1423.01
5660,2026-03-09,1404.52
5660,2026-03-16,1422.04
5660,2026-03-23,1460.0
5660,2026-03-30,1455.0
5660,2026-04-06,1482.0
5660,2026-04-13,1479.0
5660,2026-04-20,1509.0
5660,2026-04-27,1525.0
5660,2026-05-04,1531.0
5660,2026-05-11,1792.0
5660,2026-05-18,1808.0
5660,2026-05-25,1850.0
5660,2026-06-01,1792.0
5660,2026-06-08,1833.0
5660,2026-06-15,1835.0
5660,2026-06-22,1752.0
5660,2026-06-29,1786.0
5660,2026-07-06,1733.0
5660,2026-07-13,1795.0
5660,2026-07-20,1866.0
581A,2026-06-15,2298.0
581A,2026-06-22,2185.0
581A,2026-06-29,2376.0
581A,2026-07-06,2408.0
581A,2026-07-13,2794.0
581A,2026-07-20,2998.0
593A,2026-07-20,1102.0
598A,2026-07-13,2284.0
598A,2026-07-20,1813.0
6080,2025-07-28,2912.49
6080,2025-08-04,2943.96
6080,2025-08-11,2955.77
6080,2025-08-18,2975.44
6080,2025-08-25,3088.56
6080,2025-09-01,3177.08
6080,2025-09-08,3142.65
6080,2025-09-15,3132.82
6080,2025-09-22,3127.9
6080,2025-09-29,3155.0
6080,2025-10-06,3120.0
6080,2025-10-13,3210.0
6080,2025-10-20,3270.0
6080,2025-10-27,2955.0
6080,2025-11-03,3090.0
6080,2025-11-10,3170.0
6080,2025-11-17,3300.0
6080,2025-11-24,3360.0
6080,2025-12-01,3260.0
6080,2025-12-08,3290.0
6080,2025-12-15,3400.0
6080,2025-12-22,3405.0
6080,2025-12-29,3370.0
6080,2026-01-05,3490.0
6080,2026-01-12,3500.0
6080,2026-01-19,3425.0
6080,2026-01-26,3145.0
6080,2026-02-02,3415.0
6080,2026-02-09,3380.0
6080,2026-02-16,3495.0
6080,2026-02-23,3740.0
6080,2026-03-02,3495.0
6080,2026-03-09,3400.0
6080,2026-03-16,3155.0
6080,2026-03-23,3100.0
6080,2026-03-30,3080.0
6080,2026-04-06,3235.0
6080,2026-04-13,3350.0
6080,2026-04-20,3170.0
6080,2026-04-27,3275.0
6080,2026-05-04,3400.0
6080,2026-05-11,3370.0
6080,2026-05-18,3600.0
6080,2026-05-25,3440.0
6080,2026-06-01,3480.0
6080,2026-06-08,3465.0
6080,2026-06-15,3580.0
6080,2026-06-22,3390.0
6080,2026-06-29,3575.0
6080,2026-07-06,3610.0
6080,2026-07-13,3660.0
6080,2026-07-20,3735.0
6098,2025-07-28,9058.81
6098,2025-08-04,8473.83
6098,2025-08-11,8925.27
6098,2025-08-18,8733.93
6098,2025-08-25,8549.57
6098,2025-09-01,8431.97
6098,2025-09-08,8451.9
6098,2025-09-15,7902.79
6098,2025-09-22,8214.72
6098,2025-09-29,7866.89
6098,2025-10-06,8106.43
6098,2025-10-13,7401.78
6098,2025-10-20,7914.79
6098,2025-10-27,7693.22
6098,2025-11-03,8470.73
6098,2025-11-10,8087.46
6098,2025-11-17,7693.22
6098,2025-11-24,7990.65
6098,2025-12-01,8233.18
6098,2025-12-08,8296.06
6098,2025-12-15,8832.03
6098,2025-12-22,9082.55
6098,2025-12-29,8830.04
6098,2026-01-05,9314.11
6098,2026-01-12,9173.38
6098,2026-01-19,8571.53
6098,2026-01-26,8084.47
6098,2026-02-02,7048.46
6098,2026-02-09,6144.2
6098,2026-02-16,6271.95
6098,2026-02-23,6852.83
6098,2026-03-02,6988.57
6098,2026-03-09,6501.51
6098,2026-03-16,6319.86
6098,2026-03-23,6506.5
6098,2026-03-30,6942.0
6098,2026-04-06,7117.0
6098,2026-04-13,7524.0
6098,2026-04-20,7308.0
6098,2026-04-27,7361.0
6098,2026-05-04,7822.0
6098,2026-05-11,7825.0
6098,2026-05-18,9789.0
6098,2026-05-25,10570.0
6098,2026-06-01,10595.0
6098,2026-06-08,10790.0
6098,2026-06-15,10865.0
6098,2026-06-22,11040.0
6098,2026-06-29,11920.0
6098,2026-07-06,12240.0
6098,2026-07-13,12820.0
6098,2026-07-20,12055.0
6178,2025-07-28,1379.42
6178,2025-08-04,1407.55
6178,2025-08-11,1475.94
6178,2025-08-18,1499.71
6178,2025-08-25,1468.18
6178,2025-09-01,1493.88
6178,2025-09-08,1501.65
6178,2025-09-15,1448.78
6178,2025-09-22,1452.17
6178,2025-09-29,1396.43
6178,2025-10-06,1408.77
6178,2025-10-13,1382.13
6178,2025-10-20,1430.47
6178,2025-10-27,1427.02
6178,2025-11-03,1408.27
6178,2025-11-10,1441.81
6178,2025-11-17,1430.47
6178,2025-11-24,1514.32
6178,2025-12-01,1521.72
6178,2025-12-08,1594.73
6178,2025-12-15,1584.37
6178,2025-12-22,1610.51
6178,2025-12-29,1628.27
6178,2026-01-05,1758.0
6178,2026-01-12,1848.26
6178,2026-01-19,1805.84
6178,2026-01-26,1829.52
6178,2026-02-02,1950.86
6178,2026-02-09,2016.47
6178,2026-02-16,1984.9
6178,2026-02-23,2008.58
6178,2026-03-02,1858.62
6178,2026-03-09,1756.52
6178,2026-03-16,1784.14
6178,2026-03-23,1831.0
6178,2026-03-30,1827.0
6178,2026-04-06,1856.0
6178,2026-04-13,1872.5
6178,2026-04-20,1779.5
6178,2026-04-27,1811.5
6178,2026-05-04,1855.5
6178,2026-05-11,1957.0
6178,2026-05-18,2116.0
6178,2026-05-25,2068.0
6178,2026-06-01,2122.5
6178,2026-06-08,2318.0
6178,2026-06-15,2240.5
6178,2026-06-22,2161.0
6178,2026-06-29,2271.5
6178,2026-07-06,2319.5
6178,2026-07-13,2329.0
6178,2026-07-20,2485.5
6237,2025-07-28,2578.98
6237,2025-08-04,2613.95
6237,2025-08-11,2456.59
6237,2025-08-18,2395.39
6237,2025-08-25,2397.33
6237,2025-09-01,2362.36
6237,2025-09-08,2538.18
6237,2025-09-15,2596.46
6237,2025-09-22,2605.21
6237,2025-09-29,2462.49
6237,2025-10-06,2471.35
6237,2025-10-13,2479.23
6237,2025-10-20,2594.38
6237,2025-10-27,2512.69
6237,2025-11-03,2530.41
6237,2025-11-10,2507.77
6237,2025-11-17,2414.27
6237,2025-11-24,2520.56
6237,2025-12-01,2555.01
6237,2025-12-08,2530.41
6237,2025-12-15,2581.58
6237,2025-12-22,2565.84
6237,2025-12-29,2578.63
6237,2026-01-05,2549.11
6237,2026-01-12,2821.73
6237,2026-01-19,2620.95
6237,2026-01-26,2629.81
6237,2026-02-02,2660.32
6237,2026-02-09,2681.97
6237,2026-02-16,2796.14
6237,2026-02-23,2908.34
6237,2026-03-02,2618.0
6237,2026-03-09,2525.48
6237,2026-03-16,2473.32
6237,2026-03-23,2618.0
6237,2026-03-30,2614.0
6237,2026-04-06,2764.0
6237,2026-04-13,2681.0
6237,2026-04-20,2652.0
6237,2026-04-27,2681.0
6237,2026-05-04,2741.0
6237,2026-05-11,2939.0
6237,2026-05-18,3300.0
6237,2026-05-25,3375.0
6237,2026-06-01,3140.0
6237,2026-06-08,3085.0
6237,2026-06-15,3560.0
6237,2026-06-22,3585.0
6237,2026-06-29,4150.0
6237,2026-07-06,4505.0
6237,2026-07-13,4405.0
6237,2026-07-20,4990.0
6306,2025-07-28,729.07
6306,2025-08-04,738.57
6306,2025-08-11,742.37
6306,2025-08-18,742.37
6306,2025-08-25,770.89
6306,2025-09-01,766.14
6306,2025-09-08,760.43
6306,2025-09-15,758.53
6306,2025-09-22,756.63
6306,2025-09-29,732.35
6306,2025-10-06,737.21
6306,2025-10-13,744.01
6306,2025-10-20,761.49
6306,2025-10-27,743.03
6306,2025-11-03,731.38
6306,2025-11-10,742.06
6306,2025-11-17,735.26
6306,2025-11-24,749.83
6306,2025-12-01,730.41
6306,2025-12-08,740.12
6306,2025-12-15,764.4
6306,2025-12-22,796.45
6306,2025-12-29,768.29
6306,2026-01-05,790.63
6306,2026-01-12,810.05
6306,2026-01-19,794.51
6306,2026-01-26,791.6
6306,2026-02-02,811.02
6306,2026-02-09,841.13
6306,2026-02-16,831.42
6306,2026-02-23,851.82
6306,2026-03-02,790.63
6306,2026-03-09,772.17
6306,2026-03-16,778.0
6306,2026-03-23,778.0
6306,2026-03-30,788.0
6306,2026-04-06,796.0
6306,2026-04-13,805.0
6306,2026-04-20,799.0
6306,2026-04-27,799.0
6306,2026-05-04,802.0
6306,2026-05-11,842.0
6306,2026-05-18,844.0
6306,2026-05-25,855.0
6306,2026-06-01,866.0
6306,2026-06-08,844.0
6306,2026-06-15,914.0
6306,2026-06-22,912.0
6306,2026-06-29,945.0
6306,2026-07-06,951.0
6306,2026-07-13,932.0
6306,2026-07-20,960.0
6316,2025-07-28,1997.27
6316,2025-08-04,2174.26
6316,2025-08-11,2138.48
6316,2025-08-18,2196.51
6316,2025-08-25,2224.56
6316,2025-09-01,2259.38
6316,2025-09-08,2254.54
6316,2025-09-15,2281.62
6316,2025-09-22,2359.0
6316,2025-09-29,2173.0
6316,2025-10-06,2158.0
6316,2025-10-13,2139.0
6316,2025-10-20,2199.0
6316,2025-10-27,2175.0
6316,2025-11-03,2123.0
6316,2025-11-10,2107.0
6316,2025-11-17,2132.0
6316,2025-11-24,2166.0
6316,2025-12-01,2169.0
6316,2025-12-08,2147.0
6316,2025-12-15,2195.0
6316,2025-12-22,2308.0
6316,2025-12-29,2300.0
6316,2026-01-05,2283.0
6316,2026-01-12,2328.0
6316,2026-01-19,2389.0
6316,2026-01-26,2376.0
6316,2026-02-02,2335.0
6316,2026-02-09,2376.0
6316,2026-02-16,2412.0
6316,2026-02-23,2477.0
6316,2026-03-02,2392.0
6316,2026-03-09,2331.0
6316,2026-03-16,2311.0
6316,2026-03-23,2315.0
6316,2026-03-30,2279.0
6316,2026-04-06,2335.0
6316,2026-04-13,2369.0
6316,2026-04-20,2363.0
6316,2026-04-27,2370.0
6316,2026-05-04,2428.0
6316,2026-05-11,2435.0
6316,2026-05-18,2487.0
6316,2026-05-25,2521.0
6316,2026-06-01,2464.0
6316,2026-06-08,2488.0
6316,2026-06-15,2519.0
6316,2026-06-22,2558.0
6316,2026-06-29,2765.0
6316,2026-07-06,2628.0
6316,2026-07-13,2630.0
6316,2026-07-20,2757.0
6448,2025-07-28,2528.83
6448,2025-08-04,2459.89
6448,2025-08-11,2431.94
6448,2025-08-18,2460.86
6448,2025-08-25,2417.96
6448,2025-09-01,2521.11
6448,2025-09-08,2534.61
6448,2025-09-15,2448.81
6448,2025-09-22,2487.37
6448,2025-09-29,2429.86
6448,2025-10-06,2498.68
6448,2025-10-13,2539.48
6448,2025-10-20,2636.32
6448,2025-10-27,2585.2
6448,2025-11-03,2567.99
6448,2025-11-10,2976.0
6448,2025-11-17,2912.58
6448,2025-11-24,3072.35
6448,2025-12-01,3025.16
6448,2025-12-08,3047.77
6448,2025-12-15,3066.45
6448,2025-12-22,3070.38
6448,2025-12-29,3069.4
6448,2026-01-05,3121.5
6448,2026-01-12,3236.53
6448,2026-01-19,3179.51
6448,2026-01-26,3089.06
6448,2026-02-02,3209.0
6448,2026-02-09,3054.65
6448,2026-02-16,3045.8
6448,2026-02-23,3177.54
6448,2026-03-02,3021.22
6448,2026-03-09,2902.75
6448,2026-03-16,2876.7
6448,2026-03-23,2917.5
6448,2026-03-30,2977.5
6448,2026-04-06,3055.0
6448,2026-04-13,3097.0
6448,2026-04-20,2895.0
6448,2026-04-27,2980.0
6448,2026-05-04,3225.0
6448,2026-05-11,3527.0
6448,2026-05-18,3488.0
6448,2026-05-25,3753.0
6448,2026-06-01,3786.0
6448,2026-06-08,3772.0
6448,2026-06-15,3777.0
6448,2026-06-22,3752.0
6448,2026-06-29,3779.0
6448,2026-07-06,3735.0
6448,2026-07-13,3810.0
6448,2026-07-20,3941.0
6545,2025-07-28,676.59
6545,2025-08-04,676.59
6545,2025-08-11,626.79
6545,2025-08-18,618.01
6545,2025-08-25,618.98
6545,2025-09-01,615.08
6545,2025-09-08,620.94
6545,2025-09-15,639.49
6545,2025-09-22,636.56
6545,2025-09-29,619.96
6545,2025-10-06,620.94
6545,2025-10-13,620.94
6545,2025-10-20,625.82
6545,2025-10-27,619.96
6545,2025-11-03,613.13
6545,2025-11-10,616.06
6545,2025-11-17,591.65
6545,2025-11-24,603.36
6545,2025-12-01,604.34
6545,2025-12-08,622.89
6545,2025-12-15,624.84
6545,2025-12-22,617.03
6545,2025-12-29,639.49
6545,2026-01-05,658.04
6545,2026-01-12,681.47
6545,2026-01-19,684.4
6545,2026-01-26,677.56
6545,2026-02-02,683.42
6545,2026-02-09,668.78
6545,2026-02-16,711.73
6545,2026-02-23,738.09
6545,2026-03-02,743.95
6545,2026-03-09,799.6
6545,2026-03-16,770.31
6545,2026-03-23,742.0
6545,2026-03-30,758.0
6545,2026-04-06,746.0
6545,2026-04-13,741.0
6545,2026-04-20,715.0
6545,2026-04-27,717.0
6545,2026-05-04,710.0
6545,2026-05-11,733.0
6545,2026-05-18,721.0
6545,2026-05-25,717.0
6545,2026-06-01,709.0
6545,2026-06-08,700.0
6545,2026-06-15,701.0
6545,2026-06-22,713.0
6545,2026-06-29,745.0
6545,2026-07-06,793.0
6545,2026-07-13,795.0
6545,2026-07-20,837.0
6638,2025-07-28,2120.68
6638,2025-08-04,1818.7
6638,2025-08-11,1755.78
6638,2025-08-18,1775.14
6638,2025-08-25,1725.78
6638,2025-09-01,1744.17
6638,2025-09-08,1792.56
6638,2025-09-15,1736.42
6638,2025-09-22,1750.94
6638,2025-09-29,1688.13
6638,2025-10-06,1695.0
6638,2025-10-13,1635.13
6638,2025-10-20,1695.98
6638,2025-10-27,1672.42
6638,2025-11-03,1585.07
6638,2025-11-10,1521.28
6638,2025-11-17,1477.11
6638,2025-11-24,1528.15
6638,2025-12-01,1507.54
6638,2025-12-08,1527.17
6638,2025-12-15,1586.06
6638,2025-12-22,1625.31
6638,2025-12-29,1606.67
6638,2026-01-05,1611.57
6638,2026-01-12,1657.7
6638,2026-01-19,1742.11
6638,2026-01-26,1726.41
6638,2026-02-02,1813.76
6638,2026-02-09,1776.46
6638,2026-02-16,1804.92
6638,2026-02-23,1828.48
6638,2026-03-02,1793.15
6638,2026-03-09,1680.28
6638,2026-03-16,1599.8
6638,2026-03-23,1589.0
6638,2026-03-30,1598.0
6638,2026-04-06,1600.0
6638,2026-04-13,1591.0
6638,2026-04-20,1503.0
6638,2026-04-27,1497.0
6638,2026-05-04,1706.0
6638,2026-05-11,1814.0
6638,2026-05-18,1740.0
6638,2026-05-25,1828.0
6638,2026-06-01,1846.0
6638,2026-06-08,1783.0
6638,2026-06-15,1840.0
6638,2026-06-22,1804.0
6638,2026-06-29,1883.0
6638,2026-07-06,2100.0
6638,2026-07-13,2023.0
6638,2026-07-20,2209.0
6676,2025-07-28,1208.8
6676,2025-08-04,1231.62
6676,2025-08-11,1745.93
6676,2025-08-18,1707.08
6676,2025-08-25,1784.78
6676,2025-09-01,1750.79
6676,2025-09-08,1779.93
6676,2025-09-15,1719.22
6676,2025-09-22,1738.65
6676,2025-09-29,1748.52
6676,2025-10-06,1743.58
6676,2025-10-13,1731.24
6676,2025-10-20,1790.51
6676,2025-10-27,1713.95
6676,2025-11-03,1758.4
6676,2025-11-10,2422.74
6676,2025-11-17,2395.58
6676,2025-11-24,2489.42
6676,2025-12-01,2375.82
6676,2025-12-08,2338.77
6676,2025-12-15,2395.58
6676,2025-12-22,2422.74
6676,2025-12-29,2398.05
6676,2026-01-05,2479.54
6676,2026-01-12,2410.39
6676,2026-01-19,2331.36
6676,2026-01-26,2217.76
6676,2026-02-02,2291.85
6676,2026-02-09,2677.12
6676,2026-02-16,2479.54
6676,2026-02-23,2607.97
6676,2026-03-02,2430.15
6676,2026-03-09,2422.74
6676,2026-03-16,2437.56
6676,2026-03-23,2442.5
6676,2026-03-30,2421.0
6676,2026-04-06,2470.0
6676,2026-04-13,2536.0
6676,2026-04-20,2466.0
6676,2026-04-27,2417.0
6676,2026-05-04,2525.0
6676,2026-05-11,2541.0
6676,2026-05-18,2354.0
6676,2026-05-25,2324.0
6676,2026-06-01,2352.0
6676,2026-06-08,2541.0
6676,2026-06-15,2767.0
6676,2026-06-22,2422.0
6676,2026-06-29,2540.0
6676,2026-07-06,2643.0
6676,2026-07-13,2584.0
6676,2026-07-20,2712.0
6737,2025-07-28,2070.49
6737,2025-08-04,2098.07
6737,2025-08-11,2082.85
6737,2025-08-18,2138.01
6737,2025-08-25,2134.21
6737,2025-09-01,2173.2
6737,2025-09-08,2167.5
6737,2025-09-15,2130.4
6737,2025-09-22,2177.96
6737,2025-09-29,2070.77
6737,2025-10-06,2078.56
6737,2025-10-13,2124.36
6737,2025-10-20,2144.83
6737,2025-10-27,2134.11
6737,2025-11-03,2132.16
6737,2025-11-10,2106.82
6737,2025-11-17,2148.72
6737,2025-11-24,2192.58
6737,2025-12-01,2100.97
6737,2025-12-08,2143.85
6737,2025-12-15,2171.14
6737,2025-12-22,2181.86
6737,2025-12-29,2179.91
6737,2026-01-05,2214.99
6737,2026-01-12,2285.15
6737,2026-01-19,2308.54
6737,2026-01-26,2105.85
6737,2026-02-02,2131.18
6737,2026-02-09,2130.21
6737,2026-02-16,2205.24
6737,2026-02-23,2244.22
6737,2026-03-02,2162.37
6737,2026-03-09,2086.36
6737,2026-03-16,2090.26
6737,2026-03-23,2100.0
6737,2026-03-30,2126.0
6737,2026-04-06,2125.0
6737,2026-04-13,2154.0
6737,2026-04-20,2068.0
6737,2026-04-27,2056.0
6737,2026-05-04,2203.0
6737,2026-05-11,2378.0
6737,2026-05-18,2557.0
6737,2026-05-25,2636.0
6737,2026-06-01,2635.0
6737,2026-06-08,2496.0
6737,2026-06-15,2489.0
6737,2026-06-22,2342.0
6737,2026-06-29,2520.0
6737,2026-07-06,2677.0
6737,2026-07-13,2610.0
6737,2026-07-20,2775.0
7058,2025-07-28,2663.0
7058,2025-08-04,2660.0
7058,2025-08-11,2766.0
7058,2025-08-18,2800.0
7058,2025-08-25,2834.0
7058,2025-09-01,2871.0
7058,2025-09-08,2870.0
7058,2025-09-15,2880.0
7058,2025-09-22,2834.0
7058,2025-09-29,2800.0
7058,2025-10-06,2870.0
7058,2025-10-13,2870.0
7058,2025-10-20,2846.0
7058,2025-10-27,2760.0
7058,2025-11-03,2779.0
7058,2025-11-10,2839.0
7058,2025-11-17,2975.0
7058,2025-11-24,3005.0
7058,2025-12-01,2985.0
7058,2025-12-08,2889.0
7058,2025-12-15,2976.0
7058,2025-12-22,2952.0
7058,2025-12-29,2930.0
7058,2026-01-05,3050.0
7058,2026-01-12,3045.0
7058,2026-01-19,2996.0
7058,2026-01-26,2973.0
7058,2026-02-02,2880.0
7058,2026-02-09,2970.0
7058,2026-02-16,3015.0
7058,2026-02-23,3150.0
7058,2026-03-02,3035.0
7058,2026-03-09,2965.0
7058,2026-03-16,2999.0
7058,2026-03-23,2975.0
7058,2026-03-30,2970.0
7058,2026-04-06,2972.0
7058,2026-04-13,3080.0
7058,2026-04-20,3025.0
7058,2026-04-27,3030.0
7058,2026-05-04,3030.0
7058,2026-05-11,3020.0
7058,2026-05-18,3020.0
7058,2026-05-25,3005.0
7058,2026-06-01,3035.0
7058,2026-06-08,2961.0
7058,2026-06-15,3050.0
7058,2026-06-22,3020.0
7058,2026-06-29,3120.0
7058,2026-07-06,3170.0
7058,2026-07-13,3195.0
7058,2026-07-20,3185.0
7128,2025-07-28,2337.44
7128,2025-08-04,2324.06
7128,2025-08-11,2219.9
7128,2025-08-18,2176.9
7128,2025-08-25,2175.94
7128,2025-09-01,2215.12
7128,2025-09-08,2222.77
7128,2025-09-15,2253.35
7128,2025-09-22,2255.26
7128,2025-09-29,2191.23
7128,2025-10-06,2177.85
7128,2025-10-13,2156.83
7128,2025-10-20,2197.92
7128,2025-10-27,2160.65
7128,2025-11-03,2143.45
7128,2025-11-10,2110.96
7128,2025-11-17,2107.14
7128,2025-11-24,2162.56
7128,2025-12-01,2127.21
7128,2025-12-08,2186.45
7128,2025-12-15,2172.12
7128,2025-12-22,2205.57
7128,2025-12-29,2221.34
7128,2026-01-05,2297.26
7128,2026-01-12,2401.77
7128,2026-01-19,2303.18
7128,2026-01-26,2250.92
7128,2026-02-02,2297.26
7128,2026-02-09,2301.2
7128,2026-02-16,2248.95
7128,2026-02-23,2320.92
7128,2026-03-02,2230.22
7128,2026-03-09,2171.06
7128,2026-03-16,2156.27
7128,2026-03-23,2174.02
7128,2026-03-30,2231.2
7128,2026-04-06,2225.29
7128,2026-04-13,2173.03
7128,2026-04-20,2128.66
7128,2026-04-27,2125.71
7128,2026-05-04,2124.72
7128,2026-05-11,2044.86
7128,2026-05-18,2055.7
7128,2026-05-25,2056.69
7128,2026-06-01,2013.31
7128,2026-06-08,2008.38
7128,2026-06-15,2035.0
7128,2026-06-22,2105.0
7128,2026-06-29,2186.0
7128,2026-07-06,2515.0
7128,2026-07-13,2558.0
7128,2026-07-20,2692.0
7175,2025-07-28,1026.64
7175,2025-08-04,1027.59
7175,2025-08-11,1014.35
7175,2025-08-18,1034.21
7175,2025-08-25,1051.22
7175,2025-09-01,1068.24
7175,2025-09-08,1081.47
7175,2025-09-15,1089.98
7175,2025-09-22,1100.38
7175,2025-09-29,1097.49
7175,2025-10-06,1088.84
7175,2025-10-13,1079.22
7175,2025-10-20,1106.15
7175,2025-10-27,1091.72
7175,2025-11-03,1078.26
7175,2025-11-10,1103.27
7175,2025-11-17,1085.95
7175,2025-11-24,1098.46
7175,2025-12-01,1097.49
7175,2025-12-08,1161.94
7175,2025-12-15,1154.24
7175,2025-12-22,1195.6
7175,2025-12-29,1180.22
7175,2026-01-05,1240.81
7175,2026-01-12,1256.2
7175,2026-01-19,1245.62
7175,2026-01-26,1250.43
7175,2026-02-02,1255.24
7175,2026-02-09,1322.57
7175,2026-02-16,1328.34
7175,2026-02-23,1348.54
7175,2026-03-02,1294.68
7175,2026-03-09,1280.25
7175,2026-03-16,1275.44
7175,2026-03-23,1337.0
7175,2026-03-30,1301.0
7175,2026-04-06,1315.0
7175,2026-04-13,1349.0
7175,2026-04-20,1405.0
7175,2026-04-27,1350.0
7175,2026-05-04,1338.0
7175,2026-05-11,1344.0
7175,2026-05-18,1340.0
7175,2026-05-25,1362.0
7175,2026-06-01,1341.0
7175,2026-06-08,1320.0
7175,2026-06-15,1333.0
7175,2026-06-22,1365.0
7175,2026-06-29,1404.0
7175,2026-07-06,1430.0
7175,2026-07-13,1495.0
7175,2026-07-20,1720.0
7180,2025-07-28,768.54
7180,2025-08-04,789.45
7180,2025-08-11,844.5
7180,2025-08-18,861.52
7180,2025-08-25,852.38
7180,2025-09-01,853.45
7180,2025-09-08,857.82
7180,2025-09-15,834.38
7180,2025-09-22,889.24
7180,2025-09-29,859.44
7180,2025-10-06,839.22
7180,2025-10-13,820.08
7180,2025-10-20,850.27
7180,2025-10-27,871.87
7180,2025-11-03,876.41
7180,2025-11-10,884.9
7180,2025-11-17,900.19
7180,2025-11-24,949.62
7180,2025-12-01,952.08
7180,2025-12-08,989.58
7180,2025-12-15,987.6
7180,2025-12-22,992.04
7180,2025-12-29,1004.38
7180,2026-01-05,1071.47
7180,2026-01-12,1149.9
7180,2026-01-19,1152.86
7180,2026-01-26,1140.04
7180,2026-02-02,1280.63
7180,2026-02-09,1316.15
7180,2026-02-16,1300.36
7180,2026-02-23,1320.09
7180,2026-03-02,1215.02
7180,2026-03-09,1157.3
7180,2026-03-16,1144.48
7180,2026-03-23,1179.5
7180,2026-03-30,1228.5
7180,2026-04-06,1295.0
7180,2026-04-13,1315.0
7180,2026-04-20,1243.0
7180,2026-04-27,1265.0
7180,2026-05-04,1259.0
7180,2026-05-11,1417.5
7180,2026-05-18,1453.5
7180,2026-05-25,1382.0
7180,2026-06-01,1416.5
7180,2026-06-08,1445.0
7180,2026-06-15,1439.5
7180,2026-06-22,1436.5
7180,2026-06-29,1512.5
7180,2026-07-06,1517.5
7180,2026-07-13,1483.0
7180,2026-07-20,1604.5
7181,2025-07-28,1285.29
7181,2025-08-04,1317.72
7181,2025-08-11,1355.65
7181,2025-08-18,1371.54
7181,2025-08-25,1344.31
7181,2025-09-01,1361.17
7181,2025-09-08,1387.75
7181,2025-09-15,1329.07
7181,2025-09-22,1353.71
7181,2025-09-29,1342.85
7181,2025-10-06,1361.28
7181,2025-10-13,1330.67
7181,2025-10-20,1319.81
7181,2025-10-27,1313.88
7181,2025-11-03,1311.91
7181,2025-11-10,1365.23
7181,2025-11-17,1399.46
7181,2025-11-24,1430.07
7181,2025-12-01,1441.92
7181,2025-12-08,1455.08
7181,2025-12-15,1504.45
7181,2025-12-22,1532.76
7181,2025-12-29,1550.86
7181,2026-01-05,1656.51
7181,2026-01-12,1705.88
7181,2026-01-19,1569.95
7181,2026-01-26,1571.59
7181,2026-02-02,1649.6
7181,2026-02-09,1685.47
7181,2026-02-16,1632.15
7181,2026-02-23,1679.22
7181,2026-03-02,1559.74
7181,2026-03-09,1512.35
7181,2026-03-16,1549.87
7181,2026-03-23,1618.0
7181,2026-03-30,1619.5
7181,2026-04-06,1595.5
7181,2026-04-13,1600.5
7181,2026-04-20,1495.5
7181,2026-04-27,1531.0
7181,2026-05-04,1558.5
7181,2026-05-11,1648.0
7181,2026-05-18,1526.5
7181,2026-05-25,1429.5
7181,2026-06-01,1422.5
7181,2026-06-08,1541.0
7181,2026-06-15,1525.0
7181,2026-06-22,1491.5
7181,2026-06-29,1613.0
7181,2026-07-06,1612.5
7181,2026-07-13,1610.5
7181,2026-07-20,1769.0
7182,2025-07-28,1664.48
7182,2025-08-04,1698.01
7182,2025-08-11,1798.12
7182,2025-08-18,1862.76
7182,2025-08-25,1810.76
7182,2025-09-01,1820.48
7182,2025-09-08,1836.52
7182,2025-09-15,1742.72
7182,2025-09-22,1784.03
7182,2025-09-29,1715.51
7182,2025-10-06,1662.54
7182,2025-10-13,1614.91
7182,2025-10-20,1670.8
7182,2025-10-27,1679.55
7182,2025-11-03,1707.25
7182,2025-11-10,1708.22
7182,2025-11-17,1715.02
7182,2025-11-24,1824.85
7182,2025-12-01,1904.55
7182,2025-12-08,2070.27
7182,2025-12-15,1988.63
7182,2025-12-22,2096.03
7182,2025-12-29,2147.06
7182,2026-01-05,2251.54
7182,2026-01-12,2478.5
7182,2026-01-19,2468.78
7182,2026-01-26,2663.17
7182,2026-02-02,2854.64
7182,2026-02-09,3007.24
7182,2026-02-16,2968.36
7182,2026-02-23,2975.17
7182,2026-03-02,2743.35
7182,2026-03-09,2555.77
7182,2026-03-16,2527.09
7182,2026-03-23,2565.0
7182,2026-03-30,2628.5
7182,2026-04-06,2710.5
7182,2026-04-13,2731.5
7182,2026-04-20,2510.0
7182,2026-04-27,2656.0
7182,2026-05-04,2724.5
7182,2026-05-11,2829.0
7182,2026-05-18,3104.0
7182,2026-05-25,3069.0
7182,2026-06-01,3161.0
7182,2026-06-08,3211.0
7182,2026-06-15,3190.0
7182,2026-06-22,3069.0
7182,2026-06-29,3230.0
7182,2026-07-06,3261.0
7182,2026-07-13,3141.0
7182,2026-07-20,3442.0
7184,2025-07-28,1053.4
7184,2025-08-04,1135.76
7184,2025-08-11,1180.77
7184,2025-08-18,1193.22
7184,2025-08-25,1247.8
7184,2025-09-01,1218.12
7184,2025-09-08,1266.96
7184,2025-09-15,1216.2
7184,2025-09-22,1287.07
7184,2025-09-29,1477.78
7184,2025-10-06,1437.68
7184,2025-10-13,1389.76
7184,2025-10-20,1446.48
7184,2025-10-27,1424.97
7184,2025-11-03,1386.82
7184,2025-11-10,1537.44
7184,2025-11-17,1560.91
7184,2025-11-24,1670.45
7184,2025-12-01,1686.09
7184,2025-12-08,1737.93
7184,2025-12-15,1742.82
7184,2025-12-22,1748.69
7184,2025-12-29,1775.09
7184,2026-01-05,1898.32
7184,2026-01-12,2100.77
7184,2026-01-19,2369.73
7184,2026-01-26,2174.12
7184,2026-02-02,2679.76
7184,2026-02-09,2656.28
7184,2026-02-16,2534.03
7184,2026-02-23,2664.11
7184,2026-03-02,2349.19
7184,2026-03-09,2401.02
7184,2026-03-16,2452.86
7184,2026-03-23,2491.0
7184,2026-03-30,2447.0
7184,2026-04-06,2602.0
7184,2026-04-13,2755.0
7184,2026-04-20,2486.0
7184,2026-04-27,2566.0
7184,2026-05-04,2570.0
7184,2026-05-11,2695.0
7184,2026-05-18,2700.0
7184,2026-05-25,2498.0
7184,2026-06-01,2490.0
7184,2026-06-08,2497.0
7184,2026-06-15,2400.0
7184,2026-06-22,2436.0
7184,2026-06-29,2671.0
7184,2026-07-06,2677.0
7184,2026-07-13,2685.0
7184,2026-07-20,3065.0
7186,2025-07-28,992.0
7186,2025-08-04,1042.5
7186,2025-08-11,1143.01
7186,2025-08-18,1113.39
7186,2025-08-25,1092.99
7186,2025-09-01,1085.71
7186,2025-09-08,1097.85
7186,2025-09-15,1082.8
7186,2025-09-22,1134.27
7186,2025-09-29,1112.59
7186,2025-10-06,1085.98
7186,2025-10-13,1058.39
7186,2025-10-20,1089.43
7186,2025-10-27,1104.7
7186,2025-11-03,1101.25
7186,2025-11-10,1210.64
7186,2025-11-17,1207.68
7186,2025-11-24,1216.55
7186,2025-12-01,1239.22
7186,2025-12-08,1272.23
7186,2025-12-15,1279.62
7186,2025-12-22,1272.72
7186,2025-12-29,1274.7
7186,2026-01-05,1330.87
7186,2026-01-12,1405.27
7186,2026-01-19,1390.49
7186,2026-01-26,1383.59
7186,2026-02-02,1527.47
7186,2026-02-09,1656.56
7186,2026-02-16,1673.81
7186,2026-02-23,1665.43
7186,2026-03-02,1522.05
7186,2026-03-09,1424.98
7186,2026-03-16,1364.86
7186,2026-03-23,1423.5
7186,2026-03-30,1468.5
7186,2026-04-06,1544.5
7186,2026-04-13,1510.5
7186,2026-04-20,1424.0
7186,2026-04-27,1486.5
7186,2026-05-04,1489.5
7186,2026-05-11,1594.0
7186,2026-05-18,1668.0
7186,2026-05-25,1623.5
7186,2026-06-01,1647.0
7186,2026-06-08,1720.0
7186,2026-06-15,1750.5
7186,2026-06-22,1713.5
7186,2026-06-29,1848.0
7186,2026-07-06,1870.0
7186,2026-07-13,1794.0
7186,2026-07-20,1951.5
7322,2025-07-28,826.75
7322,2025-08-04,840.08
7322,2025-08-11,854.63
7322,2025-08-18,880.09
7322,2025-08-25,874.02
7322,2025-09-01,853.42
7322,2025-09-08,853.42
7322,2025-09-15,840.08
7322,2025-09-22,878.87
7322,2025-09-29,860.12
7322,2025-10-06,866.29
7322,2025-10-13,874.92
7322,2025-10-20,898.37
7322,2025-10-27,900.84
7322,2025-11-03,920.58
7322,2025-11-10,942.8
7322,2025-11-17,950.2
7322,2025-11-24,1009.43
7322,2025-12-01,1004.5
7322,2025-12-08,1010.67
7322,2025-12-15,1042.75
7322,2025-12-22,1043.99
7322,2025-12-29,1087.18
7322,2026-01-05,1148.88
7322,2026-01-12,1229.09
7322,2026-01-19,1263.64
7322,2026-01-26,1234.03
7322,2026-02-02,1377.17
7322,2026-02-09,1505.51
7322,2026-02-16,1510.45
7322,2026-02-23,1557.34
7322,2026-03-02,1515.38
7322,2026-03-09,1495.64
7322,2026-03-16,1503.04
7322,2026-03-23,1545.0
7322,2026-03-30,1516.0
7322,2026-04-06,1646.0
7322,2026-04-13,1680.0
7322,2026-04-20,1529.0
7322,2026-04-27,1634.0
7322,2026-05-04,1659.0
7322,2026-05-11,1697.0
7322,2026-05-18,1711.0
7322,2026-05-25,1598.0
7322,2026-06-01,1612.0
7322,2026-06-08,1751.0
7322,2026-06-15,1660.0
7322,2026-06-22,1721.0
7322,2026-06-29,1825.0
7322,2026-07-06,1799.0
7322,2026-07-13,1775.0
7322,2026-07-20,1997.0
7337,2025-07-28,1299.2
7337,2025-08-04,1306.44
7337,2025-08-11,1362.88
7337,2025-08-18,1361.43
7337,2025-08-25,1364.81
7337,2025-09-01,1363.36
7337,2025-09-08,1374.46
7337,2025-09-15,1351.78
7337,2025-09-22,1414.02
7337,2025-09-29,1381.09
7337,2025-10-06,1360.94
7337,2025-10-13,1337.84
7337,2025-10-20,1369.78
7337,2025-10-27,1415.49
7337,2025-11-03,1431.22
7337,2025-11-10,1452.85
7337,2025-11-17,1463.17
7337,2025-11-24,1522.15
7337,2025-12-01,1519.69
7337,2025-12-08,1546.72
7337,2025-12-15,1580.63
7337,2025-12-22,1541.31
7337,2025-12-29,1554.58
7337,2026-01-05,1631.26
7337,2026-01-12,1704.0
7337,2026-01-19,1697.61
7337,2026-01-26,1717.27
7337,2026-02-02,1861.27
7337,2026-02-09,1906.49
7337,2026-02-16,1891.75
7337,2026-02-23,1903.54
7337,2026-03-02,1818.52
7337,2026-03-09,1799.84
7337,2026-03-16,1750.69
7337,2026-03-23,1790.5
7337,2026-03-30,1810.0
7337,2026-04-06,1928.5
7337,2026-04-13,1923.5
7337,2026-04-20,1791.5
7337,2026-04-27,1842.5
7337,2026-05-04,1857.5
7337,2026-05-11,2053.5
7337,2026-05-18,2082.0
7337,2026-05-25,2017.5
7337,2026-06-01,2022.5
7337,2026-06-08,2081.5
7337,2026-06-15,2080.5
7337,2026-06-22,2100.5
7337,2026-06-29,2198.5
7337,2026-07-06,2199.0
7337,2026-07-13,2131.0
7337,2026-07-20,2304.0
7380,2025-07-28,1021.76
7380,2025-08-04,1044.98
7380,2025-08-11,1081.75
7380,2025-08-18,1085.62
7380,2025-08-25,1056.59
7380,2025-09-01,1060.46
7380,2025-09-08,1072.08
7380,2025-09-15,1054.66
7380,2025-09-22,1091.43
7380,2025-09-29,1055.97
7380,2025-10-06,1055.97
7380,2025-10-13,1061.88
7380,2025-10-20,1091.43
7380,2025-10-27,1107.19
7380,2025-11-03,1132.8
7380,2025-11-10,1168.26
7380,2025-11-17,1205.69
7380,2025-11-24,1225.39
7380,2025-12-01,1258.88
7380,2025-12-08,1294.35
7380,2025-12-15,1319.96
7380,2025-12-22,1345.57
7380,2025-12-29,1418.46
7380,2026-01-05,1461.8
7380,2026-01-12,1591.83
7380,2026-01-19,1676.54
7380,2026-01-26,1615.47
7380,2026-02-02,1780.96
7380,2026-02-09,1802.63
7380,2026-02-16,1946.44
7380,2026-02-23,2029.19
7380,2026-03-02,1869.61
7380,2026-03-09,1784.9
7380,2026-03-16,1741.56
7380,2026-03-23,1844.0
7380,2026-03-30,1870.0
7380,2026-04-06,2055.0
7380,2026-04-13,2116.0
7380,2026-04-20,1999.0
7380,2026-04-27,2059.0
7380,2026-05-04,2060.0
7380,2026-05-11,2045.0
7380,2026-05-18,2151.0
7380,2026-05-25,2116.0
7380,2026-06-01,2095.0
7380,2026-06-08,2197.0
7380,2026-06-15,2179.0
7380,2026-06-22,2290.0
7380,2026-06-29,2461.0
7380,2026-07-06,2464.0
7380,2026-07-13,2312.0
7380,2026-07-20,2562.0
7381,2025-07-28,555.77
7381,2025-08-04,567.43
7381,2025-08-11,608.24
7381,2025-08-18,612.12
7381,2025-08-25,599.49
7381,2025-09-01,612.12
7381,2025-09-08,624.75
7381,2025-09-15,609.21
7381,2025-09-22,651.96
7381,2025-09-29,649.0
7381,2025-10-06,633.19
7381,2025-10-13,628.25
7381,2025-10-20,651.96
7381,2025-10-27,650.97
7381,2025-11-03,638.13
7381,2025-11-10,641.09
7381,2025-11-17,641.09
7381,2025-11-24,693.45
7381,2025-12-01,700.36
7381,2025-12-08,705.3
7381,2025-12-15,706.29
7381,2025-12-22,785.31
7381,2025-12-29,798.16
7381,2026-01-05,889.04
7381,2026-01-12,969.05
7381,2026-01-19,964.11
7381,2026-01-26,913.73
7381,2026-02-02,930.52
7381,2026-02-09,968.06
7381,2026-02-16,1000.66
7381,2026-02-23,1041.16
7381,2026-03-02,1008.56
7381,2026-03-09,952.26
7381,2026-03-16,952.26
7381,2026-03-23,973.0
7381,2026-03-30,985.0
7381,2026-04-06,1024.0
7381,2026-04-13,1015.0
7381,2026-04-20,924.0
7381,2026-04-27,963.0
7381,2026-05-04,1014.0
7381,2026-05-11,1044.0
7381,2026-05-18,1056.0
7381,2026-05-25,1037.0
7381,2026-06-01,1034.0
7381,2026-06-08,989.0
7381,2026-06-15,961.0
7381,2026-06-22,978.0
7381,2026-06-29,1043.0
7381,2026-07-06,1034.0
7381,2026-07-13,1072.0
7381,2026-07-20,1156.0
7384,2025-07-28,1523.56
7384,2025-08-04,1546.05
7384,2025-08-11,1649.71
7384,2025-08-18,1713.27
7384,2025-08-25,1672.2
7384,2025-09-01,1656.55
7384,2025-09-08,1679.05
7384,2025-09-15,1665.35
7384,2025-09-22,1713.27
7384,2025-09-29,1672.6
7384,2025-10-06,1651.76
7384,2025-10-13,1655.73
7384,2025-10-20,1682.52
7384,2025-10-27,1718.23
7384,2025-11-03,1710.3
7384,2025-11-10,1748.99
7384,2025-11-17,1666.65
7384,2025-11-24,1740.06
7384,2025-12-01,1723.19
7384,2025-12-08,1778.75
7384,2025-12-15,1809.5
7384,2025-12-22,2063.47
7384,2025-12-29,2161.68
7384,2026-01-05,2321.4
7384,2026-01-12,2395.8
7384,2026-01-19,2751.95
7384,2026-01-26,2654.73
7384,2026-02-02,2886.87
7384,2026-02-09,2793.62
7384,2026-02-16,2837.27
7384,2026-02-23,2957.3
7384,2026-03-02,3010.87
7384,2026-03-09,3035.68
7384,2026-03-16,3045.6
7384,2026-03-23,3120.0
7384,2026-03-30,3160.0
7384,2026-04-06,3250.0
7384,2026-04-13,3790.0
7384,2026-04-20,3435.0
7384,2026-04-27,3525.0
7384,2026-05-04,3580.0
7384,2026-05-11,3445.0
7384,2026-05-18,3820.0
7384,2026-05-25,3915.0
7384,2026-06-01,3960.0
7384,2026-06-08,3550.0
7384,2026-06-15,3445.0
7384,2026-06-22,3555.0
7384,2026-06-29,4055.0
7384,2026-07-06,4065.0
7384,2026-07-13,3860.0
7384,2026-07-20,4330.0
7389,2025-07-28,538.68
7389,2025-08-04,553.85
7389,2025-08-11,574.08
7389,2025-08-18,577.19
7389,2025-08-25,569.41
7389,2025-09-01,593.14
7389,2025-09-08,597.02
7389,2025-09-15,590.22
7389,2025-09-22,615.5
7389,2025-09-29,646.13
7389,2025-10-06,721.21
7389,2025-10-13,732.08
7389,2025-10-20,738.01
7389,2025-10-27,785.43
7389,2025-11-03,813.09
7389,2025-11-10,830.87
7389,2025-11-17,845.69
7389,2025-11-24,917.82
7389,2025-12-01,937.57
7389,2025-12-08,910.9
7389,2025-12-15,931.65
7389,2025-12-22,896.08
7389,2025-12-29,908.92
7389,2026-01-05,977.09
7389,2026-01-12,1086.76
7389,2026-01-19,1112.44
7389,2026-01-26,1080.83
7389,2026-02-02,1165.79
7389,2026-02-09,1252.73
7389,2026-02-16,1234.95
7389,2026-02-23,1304.11
7389,2026-03-02,1185.55
7389,2026-03-09,1185.55
7389,2026-03-16,1250.76
7389,2026-03-23,1395.0
7389,2026-03-30,1432.0
7389,2026-04-06,1588.0
7389,2026-04-13,1640.0
7389,2026-04-20,1459.0
7389,2026-04-27,1478.0
7389,2026-05-04,1499.0
7389,2026-05-11,1522.0
7389,2026-05-18,1413.0
7389,2026-05-25,1357.0
7389,2026-06-01,1346.0
7389,2026-06-08,1367.0
7389,2026-06-15,1355.0
7389,2026-06-22,1384.0
7389,2026-06-29,1483.0
7389,2026-07-06,1498.0
7389,2026-07-13,1687.0
7389,2026-07-20,1828.0
7417,2025-07-28,1273.95
7417,2025-08-04,1255.82
7417,2025-08-11,1297.81
7417,2025-08-18,1293.99
7417,2025-08-25,1258.68
7417,2025-09-01,1268.22
7417,2025-09-08,1288.26
7417,2025-09-15,1271.09
7417,2025-09-22,1293.99
7417,2025-09-29,1268.03
7417,2025-10-06,1288.22
7417,2025-10-13,1287.26
7417,2025-10-20,1313.22
7417,2025-10-27,1291.11
7417,2025-11-03,1275.72
7417,2025-11-10,1349.75
7417,2025-11-17,1358.4
7417,2025-11-24,1359.36
7417,2025-12-01,1364.17
7417,2025-12-08,1358.4
7417,2025-12-15,1370.9
7417,2025-12-22,1366.09
7417,2025-12-29,1382.43
7417,2026-01-05,1446.85
7417,2026-01-12,1449.73
7417,2026-01-19,1451.65
7417,2026-01-26,1440.12
7417,2026-02-02,1458.38
7417,2026-02-09,1470.88
7417,2026-02-16,1509.33
7417,2026-02-23,1523.75
7417,2026-03-02,1503.57
7417,2026-03-09,1451.65
7417,2026-03-16,1444.92
7417,2026-03-23,1443.0
7417,2026-03-30,1455.0
7417,2026-04-06,1441.0
7417,2026-04-13,1425.0
7417,2026-04-20,1425.0
7417,2026-04-27,1433.0
7417,2026-05-04,1488.0
7417,2026-05-11,1502.0
7417,2026-05-18,1480.0
7417,2026-05-25,1492.0
7417,2026-06-01,1442.0
7417,2026-06-08,1456.0
7417,2026-06-15,1472.0
7417,2026-06-22,1470.0
7417,2026-06-29,1640.0
7417,2026-07-06,1843.0
7417,2026-07-13,1777.0
7417,2026-07-20,1861.0
7442,2025-07-28,401.93
7442,2025-08-04,407.78
7442,2025-08-11,410.71
7442,2025-08-18,411.69
7442,2025-08-25,405.83
7442,2025-09-01,401.93
7442,2025-09-08,401.93
7442,2025-09-15,403.88
7442,2025-09-22,406.81
7442,2025-09-29,401.93
7442,2025-10-06,404.86
7442,2025-10-13,403.88
7442,2025-10-20,404.86
7442,2025-10-27,401.93
7442,2025-11-03,392.18
7442,2025-11-10,395.1
7442,2025-11-17,395.1
7442,2025-11-24,403.88
7442,2025-12-01,404.86
7442,2025-12-08,406.81
7442,2025-12-15,410.71
7442,2025-12-22,431.2
7442,2025-12-29,434.12
7442,2026-01-05,461.44
7442,2026-01-12,469.24
7442,2026-01-19,468.27
7442,2026-01-26,469.24
7442,2026-02-02,476.07
7442,2026-02-09,477.05
7442,2026-02-16,470.22
7442,2026-02-23,475.1
7442,2026-03-02,461.44
7442,2026-03-09,450.71
7442,2026-03-16,453.64
7442,2026-03-23,479.0
7442,2026-03-30,457.0
7442,2026-04-06,451.0
7442,2026-04-13,454.0
7442,2026-04-20,448.0
7442,2026-04-27,445.0
7442,2026-05-04,455.0
7442,2026-05-11,446.0
7442,2026-05-18,445.0
7442,2026-05-25,450.0
7442,2026-06-01,458.0
7442,2026-06-08,483.0
7442,2026-06-15,479.0
7442,2026-06-22,463.0
7442,2026-06-29,476.0
7442,2026-07-06,478.0
7442,2026-07-13,482.0
7442,2026-07-20,489.0
7458,2025-07-28,1584.55
7458,2025-08-04,1660.03
7458,2025-08-11,1635.99
7458,2025-08-18,1697.05
7458,2025-08-25,1623.01
7458,2025-09-01,1663.39
7458,2025-09-08,1668.2
7458,2025-09-15,1637.91
7458,2025-09-22,1668.68
7458,2025-09-29,1600.76
7458,2025-10-06,1585.13
7458,2025-10-13,1598.32
7458,2025-10-20,1597.83
7458,2025-10-27,1540.66
7458,2025-11-03,1548.97
7458,2025-11-10,1558.74
7458,2025-11-17,1611.51
7458,2025-11-24,1644.25
7458,2025-12-01,1570.47
7458,2025-12-08,1614.44
7458,2025-12-15,1639.85
7458,2025-12-22,1655.98
7458,2025-12-29,1646.69
7458,2026-01-05,1669.17
7458,2026-01-12,1655.49
7458,2026-01-19,1664.28
7458,2026-01-26,1633.5
7458,2026-02-02,1662.33
7458,2026-02-09,1656.47
7458,2026-02-16,1628.61
7458,2026-02-23,1697.02
7458,2026-03-02,1650.6
7458,2026-03-09,1619.82
7458,2026-03-16,1629.1
7458,2026-03-23,1676.5
7458,2026-03-30,1735.0
7458,2026-04-06,1729.0
7458,2026-04-13,1741.5
7458,2026-04-20,1638.0
7458,2026-04-27,1619.0
7458,2026-05-04,1612.5
7458,2026-05-11,1696.5
7458,2026-05-18,1736.0
7458,2026-05-25,1632.5
7458,2026-06-01,1642.0
7458,2026-06-08,1693.0
7458,2026-06-15,1650.5
7458,2026-06-22,1672.5
7458,2026-06-29,1728.5
7458,2026-07-06,1747.0
7458,2026-07-13,1792.5
7458,2026-07-20,1762.0
7462,2025-07-28,224.31
7462,2025-08-04,216.06
7462,2025-08-11,217.03
7462,2025-08-18,205.38
7462,2025-08-25,233.05
7462,2025-09-01,233.05
7462,2025-09-08,232.57
7462,2025-09-15,237.91
7462,2025-09-22,235.0
7462,2025-09-29,221.75
7462,2025-10-06,218.32
7462,2025-10-13,216.84
7462,2025-10-20,217.34
7462,2025-10-27,219.3
7462,2025-11-03,219.79
7462,2025-11-10,235.49
7462,2025-11-17,245.3
7462,2025-11-24,257.07
7462,2025-12-01,264.43
7462,2025-12-08,250.7
7462,2025-12-15,257.56
7462,2025-12-22,267.87
7462,2025-12-29,281.11
7462,2026-01-05,286.02
7462,2026-01-12,298.77
7462,2026-01-19,294.36
7462,2026-01-26,295.34
7462,2026-02-02,293.87
7462,2026-02-09,292.89
7462,2026-02-16,305.64
7462,2026-02-23,302.7
7462,2026-03-02,297.79
7462,2026-03-09,300.25
7462,2026-03-16,296.32
7462,2026-03-23,287.0
7462,2026-03-30,268.5
7462,2026-04-06,270.0
7462,2026-04-13,288.0
7462,2026-04-20,317.5
7462,2026-04-27,297.5
7462,2026-05-04,275.5
7462,2026-05-11,312.5
7462,2026-05-18,312.5
7462,2026-05-25,305.5
7462,2026-06-01,313.0
7462,2026-06-08,325.0
7462,2026-06-15,328.5
7462,2026-06-22,338.5
7462,2026-06-29,319.0
7462,2026-07-06,360.0
7462,2026-07-13,395.0
7462,2026-07-20,419.0
7803,2025-07-28,333.77
7803,2025-08-04,336.25
7803,2025-08-11,346.65
7803,2025-08-18,339.71
7803,2025-08-25,355.07
7803,2025-09-01,340.7
7803,2025-09-08,328.82
7803,2025-09-15,331.3
7803,2025-09-22,324.36
7803,2025-09-29,314.95
7803,2025-10-06,305.05
7803,2025-10-13,291.18
7803,2025-10-20,294.16
7803,2025-10-27,285.24
7803,2025-11-03,284.25
7803,2025-11-10,285.24
7803,2025-11-17,331.79
7803,2025-11-24,332.78
7803,2025-12-01,293.16
7803,2025-12-08,297.13
7803,2025-12-15,301.09
7803,2025-12-22,297.13
7803,2025-12-29,293.16
7803,2026-01-05,305.05
7803,2026-01-12,303.07
7803,2026-01-19,298.12
7803,2026-01-26,279.3
7803,2026-02-02,268.4
7803,2026-02-09,272.37
7803,2026-02-16,263.45
7803,2026-02-23,282.27
7803,2026-03-02,286.23
7803,2026-03-09,270.39
7803,2026-03-16,259.49
7803,2026-03-23,254.54
7803,2026-03-30,257.51
7803,2026-04-06,256.52
7803,2026-04-13,259.49
7803,2026-04-20,249.59
7803,2026-04-27,249.59
7803,2026-05-04,258.5
7803,2026-05-11,250.58
7803,2026-05-18,247.61
7803,2026-05-25,253.55
7803,2026-06-01,259.49
7803,2026-06-08,284.25
7803,2026-06-15,259.49
7803,2026-06-22,258.5
7803,2026-06-29,308.0
7803,2026-07-06,350.0
7803,2026-07-13,415.0
7803,2026-07-20,367.0
7867,2025-07-28,3158.32
7867,2025-08-04,3280.66
7867,2025-08-11,3452.91
7867,2025-08-18,3430.4
7867,2025-08-25,3314.91
7867,2025-09-01,3249.34
7867,2025-09-08,3159.3
7867,2025-09-15,3059.47
7867,2025-09-22,3183.76
7867,2025-09-29,3120.5
7867,2025-10-06,3272.72
7867,2025-10-13,3119.51
7867,2025-10-20,3114.57
7867,2025-10-27,3139.28
7867,2025-11-03,3177.83
7867,2025-11-10,2957.41
7867,2025-11-17,2887.23
7867,2025-11-24,2860.54
7867,2025-12-01,2739.46
7867,2025-12-08,2701.9
7867,2025-12-15,2688.55
7867,2025-12-22,2718.21
7867,2025-12-29,2725.62
7867,2026-01-05,2841.76
7867,2026-01-12,2843.25
7867,2026-01-19,2814.09
7867,2026-01-26,2693.5
7867,2026-02-02,2698.44
7867,2026-02-09,2762.69
7867,2026-02-16,2691.03
7867,2026-02-23,2840.77
7867,2026-03-02,2751.82
7867,2026-03-09,2767.63
7867,2026-03-16,2722.16
7867,2026-03-23,2736.0
7867,2026-03-30,2750.5
7867,2026-04-06,2708.0
7867,2026-04-13,2753.5
7867,2026-04-20,2610.0
7867,2026-04-27,2532.0
7867,2026-05-04,2630.0
7867,2026-05-11,2789.5
7867,2026-05-18,2983.0
7867,2026-05-25,3159.0
7867,2026-06-01,3063.0
7867,2026-06-08,2925.5
7867,2026-06-15,2925.5
7867,2026-06-22,3200.0
7867,2026-06-29,3259.0
7867,2026-07-06,3322.0
7867,2026-07-13,3531.0
7867,2026-07-20,3417.0
7883,2025-07-28,343.27
7883,2025-08-04,342.3
7883,2025-08-11,343.27
7883,2025-08-18,340.35
7883,2025-08-25,334.5
7883,2025-09-01,338.4
7883,2025-09-08,339.37
7883,2025-09-15,340.35
7883,2025-09-22,342.3
7883,2025-09-29,342.3
7883,2025-10-06,342.3
7883,2025-10-13,344.27
7883,2025-10-20,349.2
7883,2025-10-27,353.15
7883,2025-11-03,345.26
7883,2025-11-10,349.2
7883,2025-11-17,344.27
7883,2025-11-24,348.22
7883,2025-12-01,346.24
7883,2025-12-08,353.15
7883,2025-12-15,354.14
7883,2025-12-22,356.11
7883,2025-12-29,359.07
7883,2026-01-05,362.03
7883,2026-01-12,364.0
7883,2026-01-19,364.0
7883,2026-01-26,364.0
7883,2026-02-02,361.04
7883,2026-02-09,364.99
7883,2026-02-16,364.0
7883,2026-02-23,367.95
7883,2026-03-02,365.97
7883,2026-03-09,364.99
7883,2026-03-16,365.97
7883,2026-03-23,364.0
7883,2026-03-30,363.0
7883,2026-04-06,364.0
7883,2026-04-13,362.0
7883,2026-04-20,363.0
7883,2026-04-27,365.0
7883,2026-05-04,365.0
7883,2026-05-11,371.0
7883,2026-05-18,369.0
7883,2026-05-25,372.0
7883,2026-06-01,380.0
7883,2026-06-08,381.0
7883,2026-06-15,381.0
7883,2026-06-22,383.0
7883,2026-06-29,383.0
7883,2026-07-06,392.0
7883,2026-07-13,391.0
7883,2026-07-20,391.0
7957,2025-07-28,1442.16
7957,2025-08-04,1731.18
7957,2025-08-11,1493.74
7957,2025-08-18,1507.36
7957,2025-08-25,1469.41
7957,2025-09-01,1457.73
7957,2025-09-08,1463.57
7957,2025-09-15,1459.68
7957,2025-09-22,1486.92
7957,2025-09-29,1502.49
7957,2025-10-06,1488.87
7957,2025-10-13,1466.49
7957,2025-10-20,1485.95
7957,2025-10-27,1464.54
7957,2025-11-03,1420.75
7957,2025-11-10,1445.08
7957,2025-11-17,1440.22
7957,2025-11-24,1455.79
7957,2025-12-01,1465.52
7957,2025-12-08,1449.95
7957,2025-12-15,1430.48
7957,2025-12-22,1448.0
7957,2025-12-29,1473.0
7957,2026-01-05,1449.0
7957,2026-01-12,1445.0
7957,2026-01-19,1455.0
7957,2026-01-26,1444.0
7957,2026-02-02,1456.0
7957,2026-02-09,1470.0
7957,2026-02-16,1431.0
7957,2026-02-23,1489.0
7957,2026-03-02,1449.0
7957,2026-03-09,1459.0
7957,2026-03-16,1440.0
7957,2026-03-23,1410.0
7957,2026-03-30,1390.0
7957,2026-04-06,1393.0
7957,2026-04-13,1380.0
7957,2026-04-20,1416.0
7957,2026-04-27,1382.0
7957,2026-05-04,1387.0
7957,2026-05-11,1391.0
7957,2026-05-18,1629.0
7957,2026-05-25,1642.0
7957,2026-06-01,1658.0
7957,2026-06-08,1624.0
7957,2026-06-15,1625.0
7957,2026-06-22,1681.0
7957,2026-06-29,1785.0
7957,2026-07-06,1829.0
7957,2026-07-13,1853.0
7957,2026-07-20,1950.0
8037,2025-07-28,2551.77
8037,2025-08-04,2657.85
8037,2025-08-11,2751.4
8037,2025-08-18,2766.83
8037,2025-08-25,2740.79
8037,2025-09-01,2809.26
8037,2025-09-08,2816.97
8037,2025-09-15,2851.69
8037,2025-09-22,2922.09
8037,2025-09-29,2823.06
8037,2025-10-06,2775.99
8037,2025-10-13,2805.41
8037,2025-10-20,2966.22
8037,2025-10-27,2861.3
8037,2025-11-03,2927.0
8037,2025-11-10,2786.77
8037,2025-11-17,2756.38
8037,2025-11-24,2851.49
8037,2025-12-01,2786.77
8037,2025-12-08,2836.78
8037,2025-12-15,2951.51
8037,2025-12-22,2934.84
8037,2025-12-29,2961.32
8037,2026-01-05,3128.01
8037,2026-01-12,3240.78
8037,2026-01-19,3186.85
8037,2026-01-26,3020.15
8037,2026-02-02,3162.33
8037,2026-02-09,3196.65
8037,2026-02-16,3211.36
8037,2026-02-23,3329.03
8037,2026-03-02,3103.5
8037,2026-03-09,3010.34
8037,2026-03-16,3083.89
8037,2026-03-23,3280.0
8037,2026-03-30,3450.0
8037,2026-04-06,3425.0
8037,2026-04-13,3295.0
8037,2026-04-20,3185.0
8037,2026-04-27,3220.0
8037,2026-05-04,3345.0
8037,2026-05-11,3335.0
8037,2026-05-18,3565.0
8037,2026-05-25,3605.0
8037,2026-06-01,3440.0
8037,2026-06-08,3430.0
8037,2026-06-15,3490.0
8037,2026-06-22,3455.0
8037,2026-06-29,3545.0
8037,2026-07-06,3640.0
8037,2026-07-13,3630.0
8037,2026-07-20,3720.0
8045,2025-07-28,1048.11
8045,2025-08-04,1043.24
8045,2025-08-11,1111.49
8045,2025-08-18,1075.41
8045,2025-08-25,1087.11
8045,2025-09-01,1083.21
8045,2025-09-08,1084.19
8045,2025-09-15,1109.54
8045,2025-09-22,1085.16
8045,2025-09-29,1067.37
8045,2025-10-06,1075.28
8045,2025-10-13,1072.31
8045,2025-10-20,1116.79
8045,2025-10-27,1082.2
8045,2025-11-03,1161.26
8045,2025-11-10,1156.32
8045,2025-11-17,1136.55
8045,2025-11-24,1176.09
8045,2025-12-01,1178.06
8045,2025-12-08,1160.27
8045,2025-12-15,1409.33
8045,2025-12-22,1393.51
8045,2025-12-29,1392.53
8045,2026-01-05,1462.7
8045,2026-01-12,1497.29
8045,2026-01-19,1592.16
8045,2026-01-26,1500.25
8045,2026-02-02,1640.59
8045,2026-02-09,1682.1
8045,2026-02-16,1722.62
8045,2026-02-23,1791.8
8045,2026-03-02,1699.89
8045,2026-03-09,1628.73
8045,2026-03-16,1625.77
8045,2026-03-23,1606.0
8045,2026-03-30,1610.0
8045,2026-04-06,1604.0
8045,2026-04-13,1595.0
8045,2026-04-20,1600.0
8045,2026-04-27,1565.0
8045,2026-05-04,1610.0
8045,2026-05-11,1600.0
8045,2026-05-18,1638.0
8045,2026-05-25,1610.0
8045,2026-06-01,1649.0
8045,2026-06-08,1650.0
8045,2026-06-15,1854.0
8045,2026-06-22,1855.0
8045,2026-06-29,1900.0
8045,2026-07-06,1931.0
8045,2026-07-13,1962.0
8045,2026-07-20,2041.0
8163,2025-07-28,1292.93
8163,2025-08-04,1294.92
8163,2025-08-11,1286.98
8163,2025-08-18,1283.01
8163,2025-08-25,1279.04
8163,2025-09-01,1277.05
8163,2025-09-08,1257.21
8163,2025-09-15,1258.2
8163,2025-09-22,1283.01
8163,2025-09-29,1198.66
8163,2025-10-06,1183.78
8163,2025-10-13,1193.7
8163,2025-10-20,1156.0
8163,2025-10-27,1138.14
8163,2025-11-03,1156.99
8163,2025-11-10,1183.78
8163,2025-11-17,1210.57
8163,2025-11-24,1208.59
8163,2025-12-01,1197.67
8163,2025-12-08,1194.7
8163,2025-12-15,1203.63
8163,2025-12-22,1208.59
8163,2025-12-29,1199.66
8163,2026-01-05,1225.46
8163,2026-01-12,1250.26
8163,2026-01-19,1226.45
8163,2026-01-26,1235.38
8163,2026-02-02,1274.08
8163,2026-02-09,1256.22
8163,2026-02-16,1241.33
8163,2026-02-23,1260.19
8163,2026-03-02,1241.33
8163,2026-03-09,1233.39
8163,2026-03-16,1252.25
8163,2026-03-23,1284.0
8163,2026-03-30,1258.0
8163,2026-04-06,1231.0
8163,2026-04-13,1206.0
8163,2026-04-20,1169.0
8163,2026-04-27,1196.0
8163,2026-05-04,1198.0
8163,2026-05-11,1190.0
8163,2026-05-18,1178.0
8163,2026-05-25,1169.0
8163,2026-06-01,1155.0
8163,2026-06-08,1187.0
8163,2026-06-15,1200.0
8163,2026-06-22,1223.0
8163,2026-06-29,1242.0
8163,2026-07-06,1264.0
8163,2026-07-13,1293.0
8163,2026-07-20,1328.0
8304,2025-07-28,2162.88
8304,2025-08-04,2241.19
8304,2025-08-11,2341.38
8304,2025-08-18,2307.82
8304,2025-08-25,2228.54
8304,2025-09-01,2208.11
8304,2025-09-08,2225.62
8304,2025-09-15,2295.66
8304,2025-09-22,2325.33
8304,2025-09-29,2307.66
8304,2025-10-06,2221.75
8304,2025-10-13,2164.81
8304,2025-10-20,2194.26
8304,2025-10-27,2165.3
8304,2025-11-03,2198.19
8304,2025-11-10,2396.51
8304,2025-11-17,2265.93
8304,2025-11-24,2370.98
8304,2025-12-01,2355.27
8304,2025-12-08,2318.46
8304,2025-12-15,2436.27
8304,2025-12-22,2454.92
8304,2025-12-29,2485.13
8304,2026-01-05,2544.56
8304,2026-01-12,2612.9
8304,2026-01-19,2502.47
8304,2026-01-26,2478.2
8304,2026-02-02,2768.91
8304,2026-02-09,2786.74
8304,2026-02-16,2850.13
8304,2026-02-23,2798.13
8304,2026-03-02,2572.79
8304,2026-03-09,2464.33
8304,2026-03-16,2460.86
8304,2026-03-23,2603.0
8304,2026-03-30,2641.0
8304,2026-04-06,2687.0
8304,2026-04-13,2662.5
8304,2026-04-20,2625.0
8304,2026-04-27,2526.0
8304,2026-05-04,2600.5
8304,2026-05-11,2720.0
8304,2026-05-18,2793.5
8304,2026-05-25,2670.5
8304,2026-06-01,2622.5
8304,2026-06-08,2744.5
8304,2026-06-15,2791.0
8304,2026-06-22,2726.5
8304,2026-06-29,2830.0
8304,2026-07-06,2907.5
8304,2026-07-13,2883.0
8304,2026-07-20,3034.0
8306,2025-07-28,2056.54
8306,2025-08-04,2058.96
8306,2025-08-11,2295.36
8306,2025-08-18,2215.11
8306,2025-08-25,2184.17
8306,2025-09-01,2193.35
8306,2025-09-08,2213.17
8306,2025-09-15,2263.93
8306,2025-09-22,2315.18
8306,2025-09-29,2269.55
8306,2025-10-06,2242.08
8306,2025-10-13,2190.56
8306,2025-10-20,2192.04
8306,2025-10-27,2286.23
8306,2025-11-03,2271.02
8306,2025-11-10,2404.96
8306,2025-11-17,2340.2
8306,2025-11-24,2377.98
8306,2025-12-01,2481.98
8306,2025-12-08,2452.06
8306,2025-12-15,2403.49
8306,2025-12-22,2438.81
8306,2025-12-29,2446.17
8306,2026-01-05,2592.37
8306,2026-01-12,2933.83
8306,2026-01-19,2782.24
8306,2026-01-26,2751.82
8306,2026-02-02,2896.06
8306,2026-02-09,2946.59
8306,2026-02-16,2886.74
8306,2026-02-23,2912.74
8306,2026-03-02,2707.66
8306,2026-03-09,2606.11
8306,2026-03-16,2635.54
8306,2026-03-23,2664.0
8306,2026-03-30,2761.5
8306,2026-04-06,2842.0
8306,2026-04-13,2870.0
8306,2026-04-20,2755.5
8306,2026-04-27,2798.0
8306,2026-05-04,2806.5
8306,2026-05-11,2929.0
8306,2026-05-18,3091.0
8306,2026-05-25,2999.0
8306,2026-06-01,3219.0
8306,2026-06-08,3162.0
8306,2026-06-15,3278.0
8306,2026-06-22,3245.0
8306,2026-06-29,3326.0
8306,2026-07-06,3461.0
8306,2026-07-13,3473.0
8306,2026-07-20,3754.0
8309,2025-07-28,3852.02
8309,2025-08-04,3892.4
8309,2025-08-11,4133.76
8309,2025-08-18,4152.99
8309,2025-08-25,4056.83
8309,2025-09-01,4086.64
8309,2025-09-08,4124.14
8309,2025-09-15,4119.33
8309,2025-09-22,4208.76
8309,2025-09-29,4055.96
8309,2025-10-06,4042.25
8309,2025-10-13,3959.97
8309,2025-10-20,4035.39
8309,2025-10-27,4144.11
8309,2025-11-03,4142.15
8309,2025-11-10,4275.36
8309,2025-11-17,4295.93
8309,2025-11-24,4428.16
8309,2025-12-01,4455.58
8309,2025-12-08,4584.87
8309,2025-12-15,4605.44
8309,2025-12-22,4643.64
8309,2025-12-29,4678.9
8309,2026-01-05,4851.29
8309,2026-01-12,5045.22
8309,2026-01-19,4942.38
8309,2026-01-26,5012.9
8309,2026-02-02,5297.92
8309,2026-02-09,5622.12
8309,2026-02-16,5371.38
8309,2026-02-23,5370.4
8309,2026-03-02,5083.42
8309,2026-03-09,4850.31
8309,2026-03-16,4933.56
8309,2026-03-23,5008.0
8309,2026-03-30,5123.0
8309,2026-04-06,5336.0
8309,2026-04-13,5376.0
8309,2026-04-20,5120.0
8309,2026-04-27,5328.0
8309,2026-05-04,5406.0
8309,2026-05-11,5623.0
8309,2026-05-18,5614.0
8309,2026-05-25,5474.0
8309,2026-06-01,5828.0
8309,2026-06-08,5961.0
8309,2026-06-15,6063.0
8309,2026-06-22,5972.0
8309,2026-06-29,6326.0
8309,2026-07-06,6558.0
8309,2026-07-13,6450.0
8309,2026-07-20,6812.0
8316,2025-07-28,3696.21
8316,2025-08-04,3723.28
8316,2025-08-11,4123.55
8316,2025-08-18,3990.13
8316,2025-08-25,3913.75
8316,2025-09-01,3948.55
8316,2025-09-08,3964.02
8316,2025-09-15,4009.46
8316,2025-09-22,4102.28
8316,2025-09-29,3987.04
8316,2025-10-06,3930.9
8316,2025-10-13,3841.27
8316,2025-10-20,3972.27
8316,2025-10-27,4100.31
8316,2025-11-03,4099.32
8316,2025-11-10,4264.79
8316,2025-11-17,4382.0
8316,2025-11-24,4627.25
8316,2025-12-01,4874.47
8316,2025-12-08,4898.11
8316,2025-12-15,4944.4
8316,2025-12-22,5024.18
8316,2025-12-29,4965.09
8316,2026-01-05,5173.89
8316,2026-01-12,5541.28
8316,2026-01-19,5457.56
8316,2026-01-26,5389.6
8316,2026-02-02,5821.0
8316,2026-02-09,5970.71
8316,2026-02-16,5873.2
8316,2026-02-23,5906.69
8316,2026-03-02,5341.33
8316,2026-03-09,5031.08
8316,2026-03-16,5078.35
8316,2026-03-23,5167.0
8316,2026-03-30,5373.0
8316,2026-04-06,5536.0
8316,2026-04-13,5598.0
8316,2026-04-20,5347.0
8316,2026-04-27,5541.0
8316,2026-05-04,5546.0
8316,2026-05-11,5702.0
8316,2026-05-18,6006.0
8316,2026-05-25,5819.0
8316,2026-06-01,6230.0
8316,2026-06-08,6406.0
8316,2026-06-15,6482.0
8316,2026-06-22,6391.0
8316,2026-06-29,6672.0
8316,2026-07-06,6814.0
8316,2026-07-13,6721.0
8316,2026-07-20,7161.0
8336,2025-07-28,1192.15
8336,2025-08-04,1217.93
8336,2025-08-11,1246.93
8336,2025-08-18,1263.04
8336,2025-08-25,1245.32
8336,2025-09-01,1243.7
8336,2025-09-08,1274.31
8336,2025-09-15,1263.04
8336,2025-09-22,1317.81
8336,2025-09-29,1316.17
8336,2025-10-06,1299.74
8336,2025-10-13,1296.45
8336,2025-10-20,1317.81
8336,2025-10-27,1363.82
8336,2025-11-03,1404.9
8336,2025-11-10,1449.26
8336,2025-11-17,1459.12
8336,2025-11-24,1534.71
8336,2025-12-01,1534.71
8336,2025-12-08,1524.85
8336,2025-12-15,1569.21
8336,2025-12-22,1575.79
8336,2025-12-29,1597.15
8336,2026-01-05,1685.88
8336,2026-01-12,1814.04
8336,2026-01-19,1846.91
8336,2026-01-26,1807.47
8336,2026-02-02,1968.5
8336,2026-02-09,2014.51
8336,2026-02-16,2083.52
8336,2026-02-23,2142.68
8336,2026-03-02,2014.51
8336,2026-03-09,1945.5
8336,2026-03-16,2060.52
8336,2026-03-23,2096.67
8336,2026-03-30,2194.0
8336,2026-04-06,2408.0
8336,2026-04-13,2381.0
8336,2026-04-20,2333.0
8336,2026-04-27,2388.0
8336,2026-05-04,2390.0
8336,2026-05-11,2438.0
8336,2026-05-18,2497.0
8336,2026-05-25,2423.0
8336,2026-06-01,2431.0
8336,2026-06-08,2513.0
8336,2026-06-15,2432.0
8336,2026-06-22,2519.0
8336,2026-06-29,2584.0
8336,2026-07-06,2621.0
8336,2026-07-13,2523.0
8336,2026-07-20,2741.0
8341,2025-07-28,1709.23
8341,2025-08-04,1734.37
8341,2025-08-11,1834.91
8341,2025-08-18,1853.6
8341,2025-08-25,1839.75
8341,2025-09-01,1827.5
8341,2025-09-08,1880.03
8341,2025-09-15,1875.19
8341,2025-09-22,2016.99
8341,2025-09-29,2007.8
8341,2025-10-06,1905.73
8341,2025-10-13,1867.34
8341,2025-10-20,2045.21
8341,2025-10-27,2170.9
8341,2025-11-03,2186.0
8341,2025-11-10,2259.51
8341,2025-11-17,2266.73
8341,2025-11-24,2369.12
8341,2025-12-01,2447.88
8341,2025-12-08,2440.67
8341,2025-12-15,2502.69
8341,2025-12-22,2482.34
8341,2025-12-29,2474.8
8341,2026-01-05,2644.46
8341,2026-01-12,2849.25
8341,2026-01-19,2864.02
8341,2026-01-26,2775.08
8341,2026-02-02,2999.23
8341,2026-02-09,3160.69
8341,2026-02-16,3225.34
8341,2026-02-23,3228.29
8341,2026-03-02,3020.89
8341,2026-03-09,2980.19
8341,2026-03-16,2969.36
8341,2026-03-23,3119.67
8341,2026-03-30,3211.0
8341,2026-04-06,3262.0
8341,2026-04-13,3279.0
8341,2026-04-20,2929.5
8341,2026-04-27,3004.0
8341,2026-05-04,2987.5
8341,2026-05-11,3141.0
8341,2026-05-18,3201.0
8341,2026-05-25,3154.0
8341,2026-06-01,3174.0
8341,2026-06-08,3267.0
8341,2026-06-15,3317.0
8341,2026-06-22,3335.0
8341,2026-06-29,3519.0
8341,2026-07-06,3515.0
8341,2026-07-13,3311.0
8341,2026-07-20,3631.0
8343,2025-07-28,3182.82
8343,2025-08-04,3254.82
8343,2025-08-11,3355.64
8343,2025-08-18,3451.65
8343,2025-08-25,3384.44
8343,2025-09-01,3365.24
8343,2025-09-08,3456.45
8343,2025-09-15,3365.24
8343,2025-09-22,3451.65
8343,2025-09-29,3427.14
8343,2025-10-06,3378.11
8343,2025-10-13,3387.91
8343,2025-10-20,3505.58
8343,2025-10-27,3584.03
8343,2025-11-03,3637.96
8343,2025-11-10,3672.28
8343,2025-11-17,3672.28
8343,2025-11-24,3799.76
8343,2025-12-01,3868.4
8343,2025-12-08,3843.88
8343,2025-12-15,3888.01
8343,2025-12-22,3897.82
8343,2025-12-29,3946.84
8343,2026-01-05,4226.31
8343,2026-01-12,4549.9
8343,2026-01-19,4633.25
8343,2026-01-26,4971.55
8343,2026-02-02,5314.76
8343,2026-02-09,5383.4
8343,2026-02-16,5442.23
8343,2026-02-23,5501.07
8343,2026-03-02,5099.03
8343,2026-03-09,4902.91
8343,2026-03-16,4902.91
8343,2026-03-23,5050.0
8343,2026-03-30,5100.0
8343,2026-04-06,5490.0
8343,2026-04-13,5820.0
8343,2026-04-20,5220.0
8343,2026-04-27,5390.0
8343,2026-05-04,5480.0
8343,2026-05-11,5790.0
8343,2026-05-18,6140.0
8343,2026-05-25,5990.0
8343,2026-06-01,5920.0
8343,2026-06-08,6350.0
8343,2026-06-15,6170.0
8343,2026-06-22,6800.0
8343,2026-06-29,7060.0
8343,2026-07-06,7140.0
8343,2026-07-13,6830.0
8343,2026-07-20,7670.0
8345,2025-07-28,834.43
8345,2025-08-04,869.2
8345,2025-08-11,883.59
8345,2025-08-18,909.96
8345,2025-08-25,894.38
8345,2025-09-01,902.77
8345,2025-09-08,917.15
8345,2025-09-15,897.97
8345,2025-09-22,925.55
8345,2025-09-29,920.87
8345,2025-10-06,914.73
8345,2025-10-13,952.84
8345,2025-10-20,962.68
8345,2025-10-27,995.87
8345,2025-11-03,992.18
8345,2025-11-10,1168.0
8345,2025-11-17,1152.02
8345,2025-11-24,1215.95
8345,2025-12-01,1214.72
8345,2025-12-08,1229.47
8345,2025-12-15,1236.85
8345,2025-12-22,1258.98
8345,2025-12-29,1278.65
8345,2026-01-05,1372.09
8345,2026-01-12,1504.87
8345,2026-01-19,1544.22
8345,2026-01-26,1499.96
8345,2026-02-02,1627.82
8345,2026-02-09,1664.71
8345,2026-02-16,1686.84
8345,2026-02-23,1745.85
8345,2026-03-02,1652.41
8345,2026-03-09,1583.56
8345,2026-03-16,1583.56
8345,2026-03-23,1677.0
8345,2026-03-30,1661.0
8345,2026-04-06,1802.0
8345,2026-04-13,2030.0
8345,2026-04-20,1821.0
8345,2026-04-27,1956.0
8345,2026-05-04,1940.0
8345,2026-05-11,1877.0
8345,2026-05-18,1955.0
8345,2026-05-25,1867.0
8345,2026-06-01,1907.0
8345,2026-06-08,2067.0
8345,2026-06-15,1941.0
8345,2026-06-22,2030.0
8345,2026-06-29,2161.0
8345,2026-07-06,2083.0
8345,2026-07-13,2058.0
8345,2026-07-20,2270.0
8346,2025-07-28,360.89
8346,2025-08-04,375.44
8346,2025-08-11,390.96
8346,2025-08-18,390.96
8346,2025-08-25,386.11
8346,2025-09-01,403.57
8346,2025-09-08,421.03
8346,2025-09-15,414.24
8346,2025-09-22,442.38
8346,2025-09-29,427.6
8346,2025-10-06,426.61
8346,2025-10-13,433.51
8346,2025-10-20,446.32
8346,2025-10-27,449.27
8346,2025-11-03,450.26
8346,2025-11-10,467.99
8346,2025-11-17,468.98
8346,2025-11-24,501.49
8346,2025-12-01,509.37
8346,2025-12-08,512.33
8346,2025-12-15,529.08
8346,2025-12-22,523.17
8346,2025-12-29,533.02
8346,2026-01-05,550.76
8346,2026-01-12,603.96
8346,2026-01-19,599.03
8346,2026-01-26,592.14
8346,2026-02-02,669.97
8346,2026-02-09,724.16
8346,2026-02-16,703.47
8346,2026-02-23,716.28
8346,2026-03-02,653.22
8346,2026-03-09,622.68
8346,2026-03-16,651.25
8346,2026-03-23,668.0
8346,2026-03-30,681.0
8346,2026-04-06,701.0
8346,2026-04-13,704.0
8346,2026-04-20,650.0
8346,2026-04-27,666.0
8346,2026-05-04,693.0
8346,2026-05-11,705.0
8346,2026-05-18,773.0
8346,2026-05-25,752.0
8346,2026-06-01,750.0
8346,2026-06-08,777.0
8346,2026-06-15,751.0
8346,2026-06-22,774.0
8346,2026-06-29,818.0
8346,2026-07-06,820.0
8346,2026-07-13,813.0
8346,2026-07-20,904.0
8354,2025-07-28,4063.89
8354,2025-08-04,4086.12
8354,2025-08-11,4309.37
8354,2025-08-18,4364.45
8354,2025-08-25,4314.2
8354,2025-09-01,4307.43
8354,2025-09-08,4341.26
8354,2025-09-15,4209.82
8354,2025-09-22,4377.98
8354,2025-09-29,4264.72
8354,2025-10-06,4261.76
8354,2025-10-13,4180.01
8354,2025-10-20,4264.72
8354,2025-10-27,4417.38
8354,2025-11-03,4391.77
8354,2025-11-10,4478.44
8354,2025-11-17,4598.61
8354,2025-11-24,4734.52
8354,2025-12-01,4806.42
8354,2025-12-08,4965.98
8354,2025-12-15,5016.21
8354,2025-12-22,4979.77
8354,2025-12-29,4990.6
8354,2026-01-05,5260.47
8354,2026-01-12,5585.5
8354,2026-01-19,5539.21
8354,2026-01-26,5516.55
8354,2026-02-02,6762.48
8354,2026-02-09,7022.5
8354,2026-02-16,6704.37
8354,2026-02-23,6739.83
8354,2026-03-02,6075.0
8354,2026-03-09,6007.05
8354,2026-03-16,5997.2
8354,2026-03-23,6206.0
8354,2026-03-30,6320.0
8354,2026-04-06,6556.0
8354,2026-04-13,6520.0
8354,2026-04-20,6090.0
8354,2026-04-27,6415.0
8354,2026-05-04,6371.0
8354,2026-05-11,6612.0
8354,2026-05-18,6657.0
8354,2026-05-25,6556.0
8354,2026-06-01,6797.0
8354,2026-06-08,6867.0
8354,2026-06-15,6974.0
8354,2026-06-22,6861.0
8354,2026-06-29,7221.0
8354,2026-07-06,7286.0
8354,2026-07-13,7081.0
8354,2026-07-20,7646.0
8359,2025-07-28,1331.59
8359,2025-08-04,1358.21
8359,2025-08-11,1406.13
8359,2025-08-18,1395.0
8359,2025-08-25,1399.84
8359,2025-09-01,1393.55
8359,2025-09-08,1445.82
8359,2025-09-15,1437.11
8359,2025-09-22,1519.4
8359,2025-09-29,1453.21
8359,2025-10-06,1425.26
8359,2025-10-13,1388.98
8359,2025-10-20,1443.4
8359,2025-10-27,1523.32
8359,2025-11-03,1528.71
8359,2025-11-10,1537.05
8359,2025-11-17,1543.91
8359,2025-11-24,1640.99
8359,2025-12-01,1676.78
8359,2025-12-08,1640.01
8359,2025-12-15,1666.48
8359,2025-12-22,1643.93
8359,2025-12-29,1664.52
8359,2026-01-05,1762.58
8359,2026-01-12,1889.56
8359,2026-01-19,1915.55
8359,2026-01-26,1887.6
8359,2026-02-02,2051.85
8359,2026-02-09,2040.08
8359,2026-02-16,2050.87
8359,2026-02-23,2039.1
8359,2026-03-02,1922.41
8359,2026-03-09,1904.76
8359,2026-03-16,1921.92
8359,2026-03-23,2019.0
8359,2026-03-30,2027.5
8359,2026-04-06,2105.5
8359,2026-04-13,2104.0
8359,2026-04-20,2027.5
8359,2026-04-27,2094.5
8359,2026-05-04,2201.5
8359,2026-05-11,2388.0
8359,2026-05-18,2335.0
8359,2026-05-25,2323.5
8359,2026-06-01,2380.5
8359,2026-06-08,2342.5
8359,2026-06-15,2347.0
8359,2026-06-22,2387.0
8359,2026-06-29,2529.5
8359,2026-07-06,2551.0
8359,2026-07-13,2456.5
8359,2026-07-20,2674.0
8360,2025-07-28,2781.77
8360,2025-08-04,2876.69
8360,2025-08-11,2944.49
8360,2025-08-18,3051.04
8360,2025-08-25,2997.76
8360,2025-09-01,3002.61
8360,2025-09-08,3080.09
8360,2025-09-15,3021.98
8360,2025-09-22,3147.89
8360,2025-09-29,3107.45
8360,2025-10-06,3127.18
8360,2025-10-13,3127.18
8360,2025-10-20,3151.84
8360,2025-10-27,3240.62
8360,2025-11-03,3319.54
8360,2025-11-10,3418.19
8360,2025-11-17,3437.92
8360,2025-11-24,3719.07
8360,2025-12-01,3867.05
8360,2025-12-08,3802.93
8360,2025-12-15,3931.17
8360,2025-12-22,3857.18
8360,2025-12-29,3985.43
8360,2026-01-05,4232.05
8360,2026-01-12,4774.62
8360,2026-01-19,4828.88
8360,2026-01-26,4666.1
8360,2026-02-02,5188.95
8360,2026-02-09,5267.86
8360,2026-02-16,5346.78
8360,2026-02-23,5435.57
8360,2026-03-02,5011.38
8360,2026-03-09,4754.89
8360,2026-03-16,4833.81
8360,2026-03-23,5258.0
8360,2026-03-30,5400.0
8360,2026-04-06,5870.0
8360,2026-04-13,5840.0
8360,2026-04-20,5170.0
8360,2026-04-27,5390.0
8360,2026-05-04,5370.0
8360,2026-05-11,5990.0
8360,2026-05-18,5970.0
8360,2026-05-25,5870.0
8360,2026-06-01,5920.0
8360,2026-06-08,6120.0
8360,2026-06-15,5800.0
8360,2026-06-22,6150.0
8360,2026-06-29,6480.0
8360,2026-07-06,6510.0
8360,2026-07-13,6190.0
8360,2026-07-20,7090.0
8367,2025-07-28,884.5
8367,2025-08-04,894.16
8367,2025-08-11,952.1
8367,2025-08-18,973.34
8367,2025-08-25,959.82
8367,2025-09-01,949.2
8367,2025-09-08,962.72
8367,2025-09-15,951.13
8367,2025-09-22,988.79
8367,2025-09-29,955.34
8367,2025-10-06,945.5
8367,2025-10-13,950.42
8367,2025-10-20,982.89
8367,2025-10-27,1009.45
8367,2025-11-03,1023.23
8367,2025-11-10,1040.94
8367,2025-11-17,1046.84
8367,2025-11-24,1113.74
8367,2025-12-01,1135.39
8367,2025-12-08,1137.35
8367,2025-12-15,1157.03
8367,2025-12-22,1151.13
8367,2025-12-29,1172.77
8367,2026-01-05,1221.97
8367,2026-01-12,1322.32
8367,2026-01-19,1340.03
8367,2026-01-26,1310.52
8367,2026-02-02,1414.81
8367,2026-02-09,1473.84
8367,2026-02-16,1473.84
8367,2026-02-23,1505.32
8367,2026-03-02,1442.35
8367,2026-03-09,1395.13
8367,2026-03-16,1403.0
8367,2026-03-23,1464.0
8367,2026-03-30,1466.0
8367,2026-04-06,1526.0
8367,2026-04-13,1561.0
8367,2026-04-20,1448.0
8367,2026-04-27,1466.0
8367,2026-05-04,1619.0
8367,2026-05-11,1655.0
8367,2026-05-18,1762.0
8367,2026-05-25,1686.0
8367,2026-06-01,1672.0
8367,2026-06-08,1780.0
8367,2026-06-15,1726.0
8367,2026-06-22,1756.0
8367,2026-06-29,1850.0
8367,2026-07-06,1859.0
8367,2026-07-13,1791.0
8367,2026-07-20,1922.0
8370,2025-07-28,2651.86
8370,2025-08-04,2705.7
8370,2025-08-11,2815.32
8370,2025-08-18,2821.08
8370,2025-08-25,2795.12
8370,2025-09-01,2829.74
8370,2025-09-08,2918.2
8370,2025-09-15,2839.35
8370,2025-09-22,2873.97
8370,2025-09-29,2796.51
8370,2025-10-06,2768.07
8370,2025-10-13,2778.86
8370,2025-10-20,2923.98
8370,2025-10-27,2941.63
8370,2025-11-03,3005.36
8370,2025-11-10,2921.03
8370,2025-11-17,2892.6
8370,2025-11-24,3010.26
8370,2025-12-01,3049.49
8370,2025-12-08,3083.8
8370,2025-12-15,3191.66
8370,2025-12-22,3181.86
8370,2025-12-29,3196.57
8370,2026-01-05,3333.84
8370,2026-01-12,3500.53
8370,2026-01-19,3637.81
8370,2026-01-26,3696.64
8370,2026-02-02,4005.51
8370,2026-02-09,4083.96
8370,2026-02-16,4186.91
8370,2026-02-23,4201.62
8370,2026-03-02,3995.71
8370,2026-03-09,3789.79
8370,2026-03-16,3819.21
8370,2026-03-23,3981.0
8370,2026-03-30,4020.0
8370,2026-04-06,4210.0
8370,2026-04-13,4140.0
8370,2026-04-20,3885.0
8370,2026-04-27,4155.0
8370,2026-05-04,4200.0
8370,2026-05-11,4405.0
8370,2026-05-18,4525.0
8370,2026-05-25,4240.0
8370,2026-06-01,4320.0
8370,2026-06-08,4515.0
8370,2026-06-15,4430.0
8370,2026-06-22,4460.0
8370,2026-06-29,4550.0
8370,2026-07-06,4605.0
8370,2026-07-13,4550.0
8370,2026-07-20,4945.0
8386,2025-07-28,1220.93
8386,2025-08-04,1218.51
8386,2025-08-11,1208.86
8386,2025-08-18,1218.51
8386,2025-08-25,1204.04
8386,2025-09-01,1202.83
8386,2025-09-08,1228.17
8386,2025-09-15,1194.39
8386,2025-09-22,1259.53
8386,2025-09-29,1220.85
8386,2025-10-06,1222.08
8386,2025-10-13,1219.62
8386,2025-10-20,1251.65
8386,2025-10-27,1330.49
8386,2025-11-03,1411.8
8386,2025-11-10,1446.3
8386,2025-11-17,1473.4
8386,2025-11-24,1532.53
8386,2025-12-01,1530.07
8386,2025-12-08,1539.92
8386,2025-12-15,1591.66
8386,2025-12-22,1594.13
8386,2025-12-29,1640.94
8386,2026-01-05,1732.1
8386,2026-01-12,1921.82
8386,2026-01-19,2064.73
8386,2026-01-26,2057.34
8386,2026-02-02,2325.9
8386,2026-02-09,2365.32
8386,2026-02-16,2340.68
8386,2026-02-23,2407.21
8386,2026-03-02,2180.53
8386,2026-03-09,2101.69
8386,2026-03-16,2089.37
8386,2026-03-23,2148.5
8386,2026-03-30,2205.0
8386,2026-04-06,2322.0
8386,2026-04-13,2445.0
8386,2026-04-20,2275.0
8386,2026-04-27,2371.0
8386,2026-05-04,2360.0
8386,2026-05-11,2467.0
8386,2026-05-18,2559.0
8386,2026-05-25,2485.0
8386,2026-06-01,2438.0
8386,2026-06-08,2521.0
8386,2026-06-15,2388.0
8386,2026-06-22,2560.0
8386,2026-06-29,2669.0
8386,2026-07-06,2651.0
8386,2026-07-13,2628.0
8386,2026-07-20,2966.0
8387,2025-07-28,1228.2
8387,2025-08-04,1250.46
8387,2025-08-11,1323.05
8387,2025-08-18,1387.9
8387,2025-08-25,1380.16
8387,2025-09-01,1391.77
8387,2025-09-08,1415.0
8387,2025-09-15,1383.06
8387,2025-09-22,1425.64
8387,2025-09-29,1397.03
8387,2025-10-06,1378.29
8387,2025-10-13,1376.31
8387,2025-10-20,1400.98
8387,2025-10-27,1435.51
8387,2025-11-03,1471.03
8387,2025-11-10,1495.69
8387,2025-11-17,1507.53
8387,2025-11-24,1642.7
8387,2025-12-01,1627.9
8387,2025-12-08,1635.79
8387,2025-12-15,1694.99
8387,2025-12-22,1708.8
8387,2025-12-29,1734.45
8387,2026-01-05,1866.66
8387,2026-01-12,1951.51
8387,2026-01-19,2011.69
8387,2026-01-26,2007.74
8387,2026-02-02,2284.98
8387,2026-02-09,2309.64
8387,2026-02-16,2375.75
8387,2026-02-23,2420.14
8387,2026-03-02,2272.15
8387,2026-03-09,2253.41
8387,2026-03-16,2273.14
8387,2026-03-23,2357.0
8387,2026-03-30,2361.0
8387,2026-04-06,2477.0
8387,2026-04-13,2700.0
8387,2026-04-20,2489.0
8387,2026-04-27,2548.0
8387,2026-05-04,2552.0
8387,2026-05-11,2694.0
8387,2026-05-18,2826.0
8387,2026-05-25,2749.0
8387,2026-06-01,2750.0
8387,2026-06-08,2893.0
8387,2026-06-15,2750.0
8387,2026-06-22,2942.0
8387,2026-06-29,3140.0
8387,2026-07-06,3135.0
8387,2026-07-13,3095.0
8387,2026-07-20,3465.0
8388,2025-07-28,3113.81
8388,2025-08-04,3235.07
8388,2025-08-11,3366.02
8388,2025-08-18,3375.72
8388,2025-08-25,3366.02
8388,2025-09-01,3366.02
8388,2025-09-08,3463.03
8388,2025-09-15,3424.22
8388,2025-09-22,3560.03
8388,2025-09-29,3584.68
8388,2025-10-06,3495.93
8388,2025-10-13,3495.93
8388,2025-10-20,3545.24
8388,2025-10-27,3589.61
8388,2025-11-03,3643.85
8388,2025-11-10,3772.05
8388,2025-11-17,3860.81
8388,2025-11-24,4092.55
8388,2025-12-01,4161.59
8388,2025-12-08,4171.45
8388,2025-12-15,4289.79
8388,2025-12-22,4230.62
8388,2025-12-29,4324.3
8388,2026-01-05,4546.19
8388,2026-01-12,4916.0
8388,2026-01-19,4989.96
8388,2026-01-26,5118.16
8388,2026-02-02,5581.65
8388,2026-02-09,5709.85
8388,2026-02-16,5729.58
8388,2026-02-23,5907.08
8388,2026-03-02,5552.07
8388,2026-03-09,5384.42
8388,2026-03-16,5650.68
8388,2026-03-23,5877.5
8388,2026-03-30,6120.0
8388,2026-04-06,6510.0
8388,2026-04-13,6630.0
8388,2026-04-20,6170.0
8388,2026-04-27,6270.0
8388,2026-05-04,6160.0
8388,2026-05-11,6720.0
8388,2026-05-18,6870.0
8388,2026-05-25,6700.0
8388,2026-06-01,6750.0
8388,2026-06-08,6990.0
8388,2026-06-15,6820.0
8388,2026-06-22,7070.0
8388,2026-06-29,7540.0
8388,2026-07-06,7530.0
8388,2026-07-13,7630.0
8388,2026-07-20,8680.0
8392,2025-07-28,928.21
8392,2025-08-04,910.66
8392,2025-08-11,942.84
8392,2025-08-18,980.86
8392,2025-08-25,954.54
8392,2025-09-01,948.69
8392,2025-09-08,976.96
8392,2025-09-15,960.39
8392,2025-09-22,998.41
8392,2025-09-29,1001.39
8392,2025-10-06,955.78
8392,2025-10-13,961.73
8392,2025-10-20,993.46
8392,2025-10-27,1009.32
8392,2025-11-03,1029.15
8392,2025-11-10,1064.84
8392,2025-11-17,1048.98
8392,2025-11-24,1156.06
8392,2025-12-01,1221.5
8392,2025-12-08,1219.51
8392,2025-12-15,1259.17
8392,2025-12-22,1237.36
8392,2025-12-29,1286.93
8392,2026-01-05,1384.1
8392,2026-01-12,1487.21
8392,2026-01-19,1598.26
8392,2026-01-26,1622.05
8392,2026-02-02,1867.94
8392,2026-02-09,1895.7
8392,2026-02-16,1917.51
8392,2026-02-23,1988.9
8392,2026-03-02,1963.12
8392,2026-03-09,1873.89
8392,2026-03-16,1893.72
8392,2026-03-23,1977.0
8392,2026-03-30,1873.0
8392,2026-04-06,2110.0
8392,2026-04-13,2164.0
8392,2026-04-20,1980.0
8392,2026-04-27,2103.0
8392,2026-05-04,2132.0
8392,2026-05-11,2209.0
8392,2026-05-18,2258.0
8392,2026-05-25,2254.0
8392,2026-06-01,2241.0
8392,2026-06-08,2390.0
8392,2026-06-15,2264.0
8392,2026-06-22,2336.0
8392,2026-06-29,2547.0
8392,2026-07-06,2509.0
8392,2026-07-13,2443.0
8392,2026-07-20,2790.0
8393,2025-07-28,783.24
8393,2025-08-04,832.67
8393,2025-08-11,852.06
8393,2025-08-18,871.45
8393,2025-08-25,854.0
8393,2025-09-01,848.18
8393,2025-09-08,872.42
8393,2025-09-15,859.82
8393,2025-09-22,896.65
8393,2025-09-29,886.76
8393,2025-10-06,864.03
8393,2025-10-13,872.92
8393,2025-10-20,906.54
8393,2025-10-27,917.41
8393,2025-11-03,1008.36
8393,2025-11-10,1028.13
8393,2025-11-17,1020.22
8393,2025-11-24,1126.99
8393,2025-12-01,1178.4
8393,2025-12-08,1190.26
8393,2025-12-15,1227.83
8393,2025-12-22,1235.74
8393,2025-12-29,1293.07
8393,2026-01-05,1399.84
8393,2026-01-12,1494.75
8393,2026-01-19,1583.72
8393,2026-01-26,1536.27
8393,2026-02-02,1743.87
8393,2026-02-09,1872.39
8393,2026-02-16,1874.37
8393,2026-02-23,1921.82
8393,2026-03-02,1832.84
8393,2026-03-09,1741.89
8393,2026-03-16,1779.46
8393,2026-03-23,1906.0
8393,2026-03-30,1844.0
8393,2026-04-06,2017.0
8393,2026-04-13,2117.0
8393,2026-04-20,1929.0
8393,2026-04-27,1955.0
8393,2026-05-04,1952.0
8393,2026-05-11,1996.0
8393,2026-05-18,2050.0
8393,2026-05-25,1856.0
8393,2026-06-01,1943.0
8393,2026-06-08,2130.0
8393,2026-06-15,1998.0
8393,2026-06-22,2124.0
8393,2026-06-29,2222.0
8393,2026-07-06,2194.0
8393,2026-07-13,2147.0
8393,2026-07-20,2478.0
8395,2025-07-28,2725.02
8395,2025-08-04,2563.69
8395,2025-08-11,2678.37
8395,2025-08-18,2812.48
8395,2025-08-25,2836.78
8395,2025-09-01,2863.02
8395,2025-09-08,2964.09
8395,2025-09-15,2964.09
8395,2025-09-22,2998.1
8395,2025-09-29,2998.1
8395,2025-10-06,2993.16
8395,2025-10-13,3037.61
8395,2025-10-20,3111.7
8395,2025-10-27,3166.03
8395,2025-11-03,3175.91
8395,2025-11-10,3304.33
8395,2025-11-17,3353.72
8395,2025-11-24,3571.05
8395,2025-12-01,3694.53
8395,2025-12-08,3724.16
8395,2025-12-15,3832.83
8395,2025-12-22,3877.28
8395,2025-12-29,4000.76
8395,2026-01-05,4262.54
8395,2026-01-12,4519.38
8395,2026-01-19,4623.1
8395,2026-01-26,4534.19
8395,2026-02-02,4949.09
8395,2026-02-09,4998.48
8395,2026-02-16,5018.24
8395,2026-02-23,5117.02
8395,2026-03-02,4756.46
8395,2026-03-09,4608.28
8395,2026-03-16,4672.49
8395,2026-03-23,4875.0
8395,2026-03-30,4910.0
8395,2026-04-06,5240.0
8395,2026-04-13,5370.0
8395,2026-04-20,5050.0
8395,2026-04-27,5080.0
8395,2026-05-04,5080.0
8395,2026-05-11,5220.0
8395,2026-05-18,5290.0
8395,2026-05-25,5210.0
8395,2026-06-01,5280.0
8395,2026-06-08,5530.0
8395,2026-06-15,5130.0
8395,2026-06-22,5220.0
8395,2026-06-29,5470.0
8395,2026-07-06,5590.0
8395,2026-07-13,5340.0
8395,2026-07-20,5910.0
8399,2025-07-28,1192.39
8399,2025-08-04,1187.61
8399,2025-08-11,1256.46
8399,2025-08-18,1283.23
8399,2025-08-25,1266.98
8399,2025-09-01,1301.4
8399,2025-09-08,1372.16
8399,2025-09-15,1370.25
8399,2025-09-22,1416.15
8399,2025-09-29,1408.35
8399,2025-10-06,1380.11
8399,2025-10-13,1369.39
8399,2025-10-20,1530.1
8399,2025-10-27,1465.82
8399,2025-11-03,1480.43
8399,2025-11-10,1538.86
8399,2025-11-17,1571.98
8399,2025-11-24,1758.01
8399,2025-12-01,1728.79
8399,2025-12-08,1712.23
8399,2025-12-15,1784.3
8399,2025-12-22,1785.28
8399,2025-12-29,1801.84
8399,2026-01-05,1956.7
8399,2026-01-12,2101.82
8399,2026-01-19,2216.74
8399,2026-01-26,2142.72
8399,2026-02-02,2327.78
8399,2026-02-09,2402.77
8399,2026-02-16,2397.9
8399,2026-02-23,2389.14
8399,2026-03-02,2267.39
8399,2026-03-09,2210.9
8399,2026-03-16,2216.74
8399,2026-03-23,2282.0
8399,2026-03-30,2304.0
8399,2026-04-06,2409.0
8399,2026-04-13,2513.0
8399,2026-04-20,2455.0
8399,2026-04-27,2499.0
8399,2026-05-04,2466.0
8399,2026-05-11,2577.0
8399,2026-05-18,2603.0
8399,2026-05-25,2506.0
8399,2026-06-01,2461.0
8399,2026-06-08,2579.0
8399,2026-06-15,2478.0
8399,2026-06-22,2541.0
8399,2026-06-29,2651.0
8399,2026-07-06,2755.0
8399,2026-07-13,2729.0
8399,2026-07-20,2999.0
8411,2025-07-28,4338.65
8411,2025-08-04,4433.18
8411,2025-08-11,4833.71
8411,2025-08-18,4694.35
8411,2025-08-25,4770.37
8411,2025-09-01,4735.29
8411,2025-09-08,4737.23
8411,2025-09-15,4720.67
8411,2025-09-22,4955.53
8411,2025-09-29,4745.45
8411,2025-10-06,4701.95
8411,2025-10-13,4517.07
8411,2025-10-20,4829.48
8411,2025-10-27,5090.48
8411,2025-11-03,4988.65
8411,2025-11-10,5239.76
8411,2025-11-17,5104.32
8411,2025-11-24,5410.8
8411,2025-12-01,5598.64
8411,2025-12-08,5655.98
8411,2025-12-15,5562.06
8411,2025-12-22,5602.59
8411,2025-12-29,5635.22
8411,2026-01-05,6124.59
8411,2026-01-12,6771.16
8411,2026-01-19,6654.5
8411,2026-01-26,6705.91
8411,2026-02-02,7263.5
8411,2026-02-09,7593.7
8411,2026-02-16,7093.45
8411,2026-02-23,7069.73
8411,2026-03-02,6477.53
8411,2026-03-09,6066.26
8411,2026-03-16,6080.1
8411,2026-03-23,6306.5
8411,2026-03-30,6468.0
8411,2026-04-06,6786.0
8411,2026-04-13,6768.0
8411,2026-04-20,6427.0
8411,2026-04-27,6704.0
8411,2026-05-04,6771.0
8411,2026-05-11,6912.0
8411,2026-05-18,7457.0
8411,2026-05-25,7195.0
8411,2026-06-01,7716.0
8411,2026-06-08,7563.0
8411,2026-06-15,7884.0
8411,2026-06-22,7794.0
8411,2026-06-29,8078.0
8411,2026-07-06,8307.0
8411,2026-07-13,7930.0
8411,2026-07-20,8652.0
8418,2025-07-28,1691.7
8418,2025-08-04,1725.18
8418,2025-08-11,1731.48
8418,2025-08-18,1756.71
8418,2025-08-25,1725.66
8418,2025-09-01,1722.75
8418,2025-09-08,1753.8
8418,2025-09-15,1710.62
8418,2025-09-22,1805.71
8418,2025-09-29,1754.37
8418,2025-10-06,1684.77
8418,2025-10-13,1645.77
8418,2025-10-20,1722.29
8418,2025-10-27,1744.99
8418,2025-11-03,1749.93
8418,2025-11-10,1781.03
8418,2025-11-17,1773.62
8418,2025-11-24,2012.05
8418,2025-12-01,2025.38
8418,2025-12-08,2093.5
8418,2025-12-15,2080.17
8418,2025-12-22,2057.96
8418,2025-12-29,2095.97
8418,2026-01-05,2213.45
8418,2026-01-12,2323.04
8418,2026-01-19,2437.07
8418,2026-01-26,2424.73
8418,2026-02-02,2628.6
8418,2026-02-09,2731.27
8418,2026-02-16,2695.24
8418,2026-02-23,2716.96
8418,2026-03-02,2550.6
8418,2026-03-09,2469.15
8418,2026-03-16,2418.8
8418,2026-03-23,2481.0
8418,2026-03-30,2595.5
8418,2026-04-06,2698.5
8418,2026-04-13,2769.5
8418,2026-04-20,2553.5
8418,2026-04-27,2640.0
8418,2026-05-04,2640.0
8418,2026-05-11,2813.0
8418,2026-05-18,2863.0
8418,2026-05-25,2740.5
8418,2026-06-01,2731.0
8418,2026-06-08,2920.0
8418,2026-06-15,2859.5
8418,2026-06-22,2876.5
8418,2026-06-29,2987.0
8418,2026-07-06,2972.5
8418,2026-07-13,2902.0
8418,2026-07-20,3121.0
8439,2025-07-28,1700.31
8439,2025-08-04,1751.22
8439,2025-08-11,1767.55
8439,2025-08-18,1798.77
8439,2025-08-25,1780.04
8439,2025-09-01,1827.11
8439,2025-09-08,1870.34
8439,2025-09-15,1882.83
8439,2025-09-22,1870.82
8439,2025-09-29,1788.61
8439,2025-10-06,1782.74
8439,2025-10-13,1746.52
8439,2025-10-20,1823.35
8439,2025-10-27,1783.22
8439,2025-11-03,1813.08
8439,2025-11-10,1881.59
8439,2025-11-17,1899.69
8439,2025-11-24,1933.46
8439,2025-12-01,1884.03
8439,2025-12-08,1966.24
8439,2025-12-15,2004.9
8439,2025-12-22,1991.69
8439,2025-12-29,1985.33
8439,2026-01-05,2046.5
8439,2026-01-12,2080.27
8439,2026-01-19,2120.39
8439,2026-01-26,2104.73
8439,2026-02-02,2157.09
8439,2026-02-09,2185.97
8439,2026-02-16,2189.88
8439,2026-02-23,2234.41
8439,2026-03-02,2114.03
8439,2026-03-09,2019.1
8439,2026-03-16,2046.99
8439,2026-03-23,2023.5
8439,2026-03-30,2070.5
8439,2026-04-06,2090.5
8439,2026-04-13,2105.0
8439,2026-04-20,2098.0
8439,2026-04-27,2167.0
8439,2026-05-04,2197.0
8439,2026-05-11,2294.0
8439,2026-05-18,2403.5
8439,2026-05-25,2362.0
8439,2026-06-01,2393.5
8439,2026-06-08,2394.0
8439,2026-06-15,2435.5
8439,2026-06-22,2491.5
8439,2026-06-29,2495.0
8439,2026-07-06,2530.0
8439,2026-07-13,2609.5
8439,2026-07-20,2669.5
8511,2025-07-28,1772.51
8511,2025-08-04,1761.97
8511,2025-08-11,1791.67
8511,2025-08-18,1753.35
8511,2025-08-25,1764.85
8511,2025-09-01,1803.17
8511,2025-09-08,1825.21
8511,2025-09-15,1798.38
8511,2025-09-22,1816.58
8511,2025-09-29,1745.13
8511,2025-10-06,1751.99
8511,2025-10-13,1769.6
8511,2025-10-20,1751.01
8511,2025-10-27,1734.37
8511,2025-11-03,1739.26
8511,2025-11-10,1762.75
8511,2025-11-17,1826.37
8511,2025-11-24,1898.8
8511,2025-12-01,1913.48
8511,2025-12-08,1912.5
8511,2025-12-15,1944.8
8511,2025-12-22,1987.87
8511,2025-12-29,1981.02
8511,2026-01-05,2050.51
8511,2026-01-12,2150.34
8511,2026-01-19,2133.7
8511,2026-01-26,2080.85
8511,2026-02-02,2142.51
8511,2026-02-09,2200.26
8511,2026-02-16,2220.81
8511,2026-02-23,2322.6
8511,2026-03-02,2203.19
8511,2026-03-09,2099.45
8511,2026-03-16,2100.42
8511,2026-03-23,2120.0
8511,2026-03-30,2197.0
8511,2026-04-06,2276.0
8511,2026-04-13,2280.0
8511,2026-04-20,2165.0
8511,2026-04-27,2154.0
8511,2026-05-04,2189.0
8511,2026-05-11,2304.0
8511,2026-05-18,2340.0
8511,2026-05-25,2286.0
8511,2026-06-01,2282.0
8511,2026-06-08,2316.0
8511,2026-06-15,2326.0
8511,2026-06-22,2297.0
8511,2026-06-29,2340.0
8511,2026-07-06,2376.0
8511,2026-07-13,2368.0
8511,2026-07-20,2451.0
8522,2025-07-28,2888.08
8522,2025-08-04,2958.99
8522,2025-08-11,3091.15
8522,2025-08-18,3094.37
8522,2025-08-25,3271.65
8522,2025-09-01,3368.35
8522,2025-09-08,3345.79
8522,2025-09-15,3255.53
8522,2025-09-22,3368.35
8522,2025-09-29,3316.03
8522,2025-10-06,3379.79
8522,2025-10-13,3379.79
8522,2025-10-20,3634.87
8522,2025-10-27,3860.52
8522,2025-11-03,3909.57
8522,2025-11-10,3939.01
8522,2025-11-17,3924.29
8522,2025-11-24,4292.19
8522,2025-12-01,4341.25
8522,2025-12-08,4351.06
8522,2025-12-15,4419.73
8522,2025-12-22,4238.23
8522,2025-12-29,4272.57
8522,2026-01-05,4552.18
8522,2026-01-12,4758.2
8522,2026-01-19,4993.66
8522,2026-01-26,4797.44
8522,2026-02-02,5484.2
8522,2026-02-09,5631.36
8522,2026-02-16,5405.71
8522,2026-02-23,5817.76
8522,2026-03-02,5484.2
8522,2026-03-09,5258.55
8522,2026-03-16,5287.98
8522,2026-03-23,6220.0
8522,2026-03-30,5800.0
8522,2026-04-06,5880.0
8522,2026-04-13,5990.0
8522,2026-04-20,5690.0
8522,2026-04-27,5780.0
8522,2026-05-04,5830.0
8522,2026-05-11,6150.0
8522,2026-05-18,6060.0
8522,2026-05-25,5860.0
8522,2026-06-01,5840.0
8522,2026-06-08,5970.0
8522,2026-06-15,5800.0
8522,2026-06-22,5910.0
8522,2026-06-29,6300.0
8522,2026-07-06,6460.0
8522,2026-07-13,6260.0
8522,2026-07-20,6890.0
8541,2025-07-28,1071.48
8541,2025-08-04,1072.44
8541,2025-08-11,1129.6
8541,2025-08-18,1187.73
8541,2025-08-25,1169.32
8541,2025-09-01,1186.76
8541,2025-09-08,1189.67
8541,2025-09-15,1159.63
8541,2025-09-22,1195.48
8541,2025-09-29,1162.08
8541,2025-10-06,1133.59
8541,2025-10-13,1135.56
8541,2025-10-20,1202.36
8541,2025-10-27,1227.9
8541,2025-11-03,1227.9
8541,2025-11-10,1234.77
8541,2025-11-17,1242.63
8541,2025-11-24,1293.71
8541,2025-12-01,1341.85
8541,2025-12-08,1369.35
8541,2025-12-15,1382.12
8541,2025-12-22,1443.02
8541,2025-12-29,1463.65
8541,2026-01-05,1541.26
8541,2026-01-12,1639.49
8541,2026-01-19,1710.21
8541,2026-01-26,1667.97
8541,2026-02-02,1786.83
8541,2026-02-09,1918.47
8541,2026-02-16,1874.26
8541,2026-02-23,1859.53
8541,2026-03-02,1705.3
8541,2026-03-09,1587.42
8541,2026-03-16,1553.04
8541,2026-03-23,1611.0
8541,2026-03-30,1609.0
8541,2026-04-06,1721.0
8541,2026-04-13,1836.0
8541,2026-04-20,1722.0
8541,2026-04-27,1790.0
8541,2026-05-04,1857.0
8541,2026-05-11,1913.0
8541,2026-05-18,1984.0
8541,2026-05-25,1934.0
8541,2026-06-01,1992.0
8541,2026-06-08,2044.0
8541,2026-06-15,1945.0
8541,2026-06-22,2053.0
8541,2026-06-29,2210.0
8541,2026-07-06,2239.0
8541,2026-07-13,2317.0
8541,2026-07-20,2794.0
8544,2025-07-28,1101.97
8544,2025-08-04,1134.12
8544,2025-08-11,1188.68
8544,2025-08-18,1200.37
8544,2025-08-25,1180.89
8544,2025-09-01,1188.68
8544,2025-09-08,1214.99
8544,2025-09-15,1208.17
8544,2025-09-22,1250.06
8544,2025-09-29,1226.33
8544,2025-10-06,1242.15
8544,2025-10-13,1234.24
8544,2025-10-20,1254.02
8544,2025-10-27,1285.67
8544,2025-11-03,1306.43
8544,2025-11-10,1414.23
8544,2025-11-17,1427.09
8544,2025-11-24,1520.05
8544,2025-12-01,1625.87
8544,2025-12-08,1639.72
8544,2025-12-15,1609.06
8544,2025-12-22,1601.15
8544,2025-12-29,1645.65
8544,2026-01-05,1713.89
8544,2026-01-12,1828.61
8544,2026-01-19,1863.23
8544,2026-01-26,1832.57
8544,2026-02-02,2004.65
8544,2026-02-09,2123.33
8544,2026-02-16,2127.28
8544,2026-02-23,2227.17
8544,2026-03-02,2035.31
8544,2026-03-09,1981.9
8544,2026-03-16,1987.84
8544,2026-03-23,2063.0
8544,2026-03-30,2181.0
8544,2026-04-06,2263.0
8544,2026-04-13,2257.0
8544,2026-04-20,2105.0
8544,2026-04-27,2117.0
8544,2026-05-04,2111.0
8544,2026-05-11,2368.0
8544,2026-05-18,2480.0
8544,2026-05-25,2581.0
8544,2026-06-01,2429.0
8544,2026-06-08,2524.0
8544,2026-06-15,2421.0
8544,2026-06-22,2471.0
8544,2026-06-29,2638.0
8544,2026-07-06,2591.0
8544,2026-07-13,2469.0
8544,2026-07-20,2844.0
8551,2025-07-28,3233.83
8551,2025-08-04,3320.07
8551,2025-08-11,3521.29
8551,2025-08-18,3593.15
8551,2025-08-25,3636.27
8551,2025-09-01,3698.55
8551,2025-09-08,3703.34
8551,2025-09-15,3645.85
8551,2025-09-22,3808.74
8551,2025-09-29,3646.25
8551,2025-10-06,3553.26
8551,2025-10-13,3519.0
8551,2025-10-20,3665.82
8551,2025-10-27,3695.19
8551,2025-11-03,3675.61
8551,2025-11-10,4023.11
8551,2025-11-17,4116.1
8551,2025-11-24,4287.4
8551,2025-12-01,4204.2
8551,2025-12-08,4199.3
8551,2025-12-15,4238.46
8551,2025-12-22,4292.29
8551,2025-12-29,4424.44
8551,2026-01-05,4644.68
8551,2026-01-12,4904.08
8551,2026-01-19,4972.6
8551,2026-01-26,4585.95
8551,2026-02-02,4889.4
8551,2026-02-09,5119.43
8551,2026-02-16,5099.85
8551,2026-02-23,5187.95
8551,2026-03-02,4757.25
8551,2026-03-09,4561.48
8551,2026-03-16,4507.64
8551,2026-03-23,4630.0
8551,2026-03-30,4675.0
8551,2026-04-06,4900.0
8551,2026-04-13,5040.0
8551,2026-04-20,4660.0
8551,2026-04-27,4755.0
8551,2026-05-04,4785.0
8551,2026-05-11,5240.0
8551,2026-05-18,5500.0
8551,2026-05-25,5440.0
8551,2026-06-01,5320.0
8551,2026-06-08,5410.0
8551,2026-06-15,5200.0
8551,2026-06-22,5260.0
8551,2026-06-29,5680.0
8551,2026-07-06,5700.0
8551,2026-07-13,6030.0
8551,2026-07-20,6790.0
8566,2025-07-28,5372.58
8566,2025-08-04,5382.28
8566,2025-08-11,5508.35
8566,2025-08-18,5605.33
8566,2025-08-25,5469.56
8566,2025-09-01,5615.02
8566,2025-09-08,5682.91
8566,2025-09-15,5750.79
8566,2025-09-22,5886.56
8566,2025-09-29,5610.94
8566,2025-10-06,5650.31
8566,2025-10-13,5709.38
8566,2025-10-20,5709.38
8566,2025-10-27,5571.56
8566,2025-11-03,5473.12
8566,2025-11-10,5571.56
8566,2025-11-17,5670.0
8566,2025-11-24,5729.06
8566,2025-12-01,5591.25
8566,2025-12-08,5670.0
8566,2025-12-15,5660.16
8566,2025-12-22,5729.06
8566,2025-12-29,5748.75
8566,2026-01-05,5935.78
8566,2026-01-12,6004.69
8566,2026-01-19,5955.47
8566,2026-01-26,5896.41
8566,2026-02-02,5827.5
8566,2026-02-09,6083.44
8566,2026-02-16,6063.75
8566,2026-02-23,6309.84
8566,2026-03-02,6053.91
8566,2026-03-09,5866.88
8566,2026-03-16,5916.09
8566,2026-03-23,5985.0
8566,2026-03-30,5930.0
8566,2026-04-06,6020.0
8566,2026-04-13,6170.0
8566,2026-04-20,6030.0
8566,2026-04-27,6120.0
8566,2026-05-04,5960.0
8566,2026-05-11,6300.0
8566,2026-05-18,6000.0
8566,2026-05-25,6040.0
8566,2026-06-01,6000.0
8566,2026-06-08,6200.0
8566,2026-06-15,6150.0
8566,2026-06-22,6050.0
8566,2026-06-29,6240.0
8566,2026-07-06,6430.0
8566,2026-07-13,6580.0
8566,2026-07-20,6690.0
8591,2025-07-28,3329.21
8591,2025-08-04,3560.48
8591,2025-08-11,3678.03
8591,2025-08-18,3686.71
8591,2025-08-25,3690.56
8591,2025-09-01,3734.89
8591,2025-09-08,3806.19
8591,2025-09-15,3843.77
8591,2025-09-22,3815.83
8591,2025-09-29,3706.04
8591,2025-10-06,3724.79
8591,2025-10-13,3654.72
8591,2025-10-20,3730.71
8591,2025-10-27,3710.97
8591,2025-11-03,3779.07
8591,2025-11-10,3986.33
8591,2025-11-17,4023.84
8591,2025-11-24,4187.67
8591,2025-12-01,4225.18
8591,2025-12-08,4394.94
8591,2025-12-15,4405.79
8591,2025-12-22,4503.5
8591,2025-12-29,4494.62
8591,2026-01-05,4638.72
8591,2026-01-12,4780.84
8591,2026-01-19,4723.59
8591,2026-01-26,4632.79
8591,2026-02-02,4868.68
8591,2026-02-09,5372.03
8591,2026-02-16,5339.46
8591,2026-02-23,5470.72
8591,2026-03-02,4996.0
8591,2026-03-09,4715.7
8591,2026-03-16,4674.25
8591,2026-03-23,4718.66
8591,2026-03-30,4704.0
8591,2026-04-06,4879.0
8591,2026-04-13,5010.0
8591,2026-04-20,4846.0
8591,2026-04-27,5209.0
8591,2026-05-04,5277.0
8591,2026-05-11,5772.0
8591,2026-05-18,6230.0
8591,2026-05-25,6237.0
8591,2026-06-01,6113.0
8591,2026-06-08,6092.0
8591,2026-06-15,6325.0
8591,2026-06-22,6140.0
8591,2026-06-29,6331.0
8591,2026-07-06,6469.0
8591,2026-07-13,6203.0
8591,2026-07-20,6535.0
8600,2025-07-28,599.93
8600,2025-08-04,598.96
8600,2025-08-11,622.14
8600,2025-08-18,637.6
8600,2025-08-25,614.42
8600,2025-09-01,629.87
8600,2025-09-08,634.7
8600,2025-09-15,639.53
8600,2025-09-22,662.72
8600,2025-09-29,647.95
8600,2025-10-06,645.98
8600,2025-10-13,639.09
8600,2025-10-20,667.64
8600,2025-10-27,672.57
8600,2025-11-03,694.23
8600,2025-11-10,685.37
8600,2025-11-17,692.26
8600,2025-11-24,736.57
8600,2025-12-01,738.54
8600,2025-12-08,743.47
8600,2025-12-15,751.34
8600,2025-12-22,753.31
8600,2025-12-29,772.02
8600,2026-01-05,798.61
8600,2026-01-12,854.74
8600,2026-01-19,860.65
8600,2026-01-26,859.66
8600,2026-02-02,917.76
8600,2026-02-09,949.27
8600,2026-02-16,961.09
8600,2026-02-23,967.98
8600,2026-03-02,884.28
8600,2026-03-09,845.88
8600,2026-03-16,838.98
8600,2026-03-23,838.0
8600,2026-03-30,888.0
8600,2026-04-06,924.0
8600,2026-04-13,939.0
8600,2026-04-20,866.0
8600,2026-04-27,892.0
8600,2026-05-04,889.0
8600,2026-05-11,878.0
8600,2026-05-18,888.0
8600,2026-05-25,876.0
8600,2026-06-01,852.0
8600,2026-06-08,890.0
8600,2026-06-15,861.0
8600,2026-06-22,876.0
8600,2026-06-29,895.0
8600,2026-07-06,910.0
8600,2026-07-13,908.0
8600,2026-07-20,1024.0
8609,2025-07-28,619.47
8609,2025-08-04,622.31
8609,2025-08-11,638.36
8609,2025-08-18,632.69
8609,2025-08-25,645.92
8609,2025-09-01,644.03
8609,2025-09-08,650.64
8609,2025-09-15,657.25
8609,2025-09-22,660.08
8609,2025-09-29,633.64
8609,2025-10-06,637.42
8609,2025-10-13,646.86
8609,2025-10-20,653.47
8609,2025-10-27,653.47
8609,2025-11-03,640.25
8609,2025-11-10,674.24
8609,2025-11-17,677.08
8609,2025-11-24,682.74
8609,2025-12-01,678.97
8609,2025-12-08,695.96
8609,2025-12-15,691.24
8609,2025-12-22,711.07
8609,2025-12-29,710.13
8609,2026-01-05,748.85
8609,2026-01-12,827.22
8609,2026-01-19,820.61
8609,2026-01-26,834.78
8609,2026-02-02,879.16
8609,2026-02-09,900.88
8609,2026-02-16,902.77
8609,2026-02-23,941.49
8609,2026-03-02,827.22
8609,2026-03-09,802.67
8609,2026-03-16,825.34
8609,2026-03-23,848.0
8609,2026-03-30,866.0
8609,2026-04-06,903.0
8609,2026-04-13,911.0
8609,2026-04-20,883.0
8609,2026-04-27,905.0
8609,2026-05-04,890.0
8609,2026-05-11,930.0
8609,2026-05-18,918.0
8609,2026-05-25,941.0
8609,2026-06-01,938.0
8609,2026-06-08,941.0
8609,2026-06-15,949.0
8609,2026-06-22,959.0
8609,2026-06-29,997.0
8609,2026-07-06,1016.0
8609,2026-07-13,1022.0
8609,2026-07-20,1056.0
8622,2025-07-28,493.45
8622,2025-08-04,492.52
8622,2025-08-11,503.75
8622,2025-08-18,514.05
8622,2025-08-25,516.86
8622,2025-09-01,520.61
8622,2025-09-08,515.93
8622,2025-09-15,535.59
8622,2025-09-22,539.33
8622,2025-09-29,507.61
8622,2025-10-06,509.53
8622,2025-10-13,510.49
8622,2025-10-20,504.72
8622,2025-10-27,493.19
8622,2025-11-03,494.15
8622,2025-11-10,508.57
8622,2025-11-17,507.61
8622,2025-11-24,515.3
8622,2025-12-01,510.49
8622,2025-12-08,524.91
8622,2025-12-15,521.07
8622,2025-12-22,541.26
8622,2025-12-29,532.6
8622,2026-01-05,547.99
8622,2026-01-12,576.83
8622,2026-01-19,577.79
8622,2026-01-26,577.79
8622,2026-02-02,593.17
8622,2026-02-09,606.63
8622,2026-02-16,605.67
8622,2026-02-23,657.58
8622,2026-03-02,691.23
8622,2026-03-09,703.73
8622,2026-03-16,704.69
8622,2026-03-23,697.0
8622,2026-03-30,707.0
8622,2026-04-06,709.0
8622,2026-04-13,715.0
8622,2026-04-20,667.0
8622,2026-04-27,652.0
8622,2026-05-04,653.0
8622,2026-05-11,652.0
8622,2026-05-18,652.0
8622,2026-05-25,632.0
8622,2026-06-01,639.0
8622,2026-06-08,658.0
8622,2026-06-15,658.0
8622,2026-06-22,657.0
8622,2026-06-29,672.0
8622,2026-07-06,697.0
8622,2026-07-13,713.0
8622,2026-07-20,780.0
8628,2025-07-28,707.07
8628,2025-08-04,714.62
8628,2025-08-11,718.4
8628,2025-08-18,729.73
8628,2025-08-25,733.5
8628,2025-09-01,759.94
8628,2025-09-08,763.71
8628,2025-09-15,749.55
8628,2025-09-22,750.5
8628,2025-09-29,748.55
8628,2025-10-06,751.47
8628,2025-10-13,731.98
8628,2025-10-20,728.08
8628,2025-10-27,748.55
8628,2025-11-03,762.19
8628,2025-11-10,783.64
8628,2025-11-17,785.58
8628,2025-11-24,795.33
8628,2025-12-01,787.53
8628,2025-12-08,784.61
8628,2025-12-15,793.38
8628,2025-12-22,833.34
8628,2025-12-29,833.34
8628,2026-01-05,848.94
8628,2026-01-12,885.0
8628,2026-01-19,876.23
8628,2026-01-26,886.95
8628,2026-02-02,893.77
8628,2026-02-09,914.24
8628,2026-02-16,912.29
8628,2026-02-23,931.79
8628,2026-03-02,931.79
8628,2026-03-09,913.27
8628,2026-03-16,953.23
8628,2026-03-23,962.0
8628,2026-03-30,969.0
8628,2026-04-06,954.0
8628,2026-04-13,985.0
8628,2026-04-20,936.0
8628,2026-04-27,909.0
8628,2026-05-04,917.0
8628,2026-05-11,928.0
8628,2026-05-18,980.0
8628,2026-05-25,972.0
8628,2026-06-01,932.0
8628,2026-06-08,952.0
8628,2026-06-15,981.0
8628,2026-06-22,955.0
8628,2026-06-29,987.0
8628,2026-07-06,1035.0
8628,2026-07-13,1065.0
8628,2026-07-20,1107.0
8630,2025-07-28,4399.3
8630,2025-08-04,4576.16
8630,2025-08-11,4650.02
8630,2025-08-18,4584.91
8630,2025-08-25,4622.81
8630,2025-09-01,4638.36
8630,2025-09-08,4616.98
8630,2025-09-15,4553.81
8630,2025-09-22,4501.34
8630,2025-09-29,4398.61
8630,2025-10-06,4760.14
8630,2025-10-13,4491.46
8630,2025-10-20,4556.65
8630,2025-10-27,4650.49
8630,2025-11-03,4579.37
8630,2025-11-10,4627.77
8630,2025-11-17,4966.58
8630,2025-11-24,4892.5
8630,2025-12-01,4943.86
8630,2025-12-08,5136.48
8630,2025-12-15,5198.71
8630,2025-12-22,5238.22
8630,2025-12-29,5270.82
8630,2026-01-05,5564.19
8630,2026-01-12,5647.17
8630,2026-01-19,5462.45
8630,2026-01-26,5251.07
8630,2026-02-02,5737.06
8630,2026-02-09,5893.13
8630,2026-02-16,5831.88
8630,2026-02-23,6168.72
8630,2026-03-02,5933.62
8630,2026-03-09,5757.8
8630,2026-03-16,5779.53
8630,2026-03-23,6065.0
8630,2026-03-30,6017.0
8630,2026-04-06,5976.0
8630,2026-04-13,5898.0
8630,2026-04-20,5837.0
8630,2026-04-27,5705.0
8630,2026-05-04,5762.0
8630,2026-05-11,6100.0
8630,2026-05-18,5676.0
8630,2026-05-25,5958.0
8630,2026-06-01,5898.0
8630,2026-06-08,6149.0
8630,2026-06-15,6342.0
8630,2026-06-22,6126.0
8630,2026-06-29,6635.0
8630,2026-07-06,6513.0
8630,2026-07-13,6630.0
8630,2026-07-20,7051.0
8697,2025-07-28,1444.49
8697,2025-08-04,1494.26
8697,2025-08-11,1619.91
8697,2025-08-18,1575.94
8697,2025-08-25,1496.68
8697,2025-09-01,1481.7
8697,2025-09-08,1520.36
8697,2025-09-15,1510.69
8697,2025-09-22,1633.44
8697,2025-09-29,1654.05
8697,2025-10-06,1716.83
8697,2025-10-13,1717.81
8697,2025-10-20,1732.04
8697,2025-10-27,1696.72
8697,2025-11-03,1708.98
8697,2025-11-10,1755.09
8697,2025-11-17,1717.32
8697,2025-11-24,1757.55
8697,2025-12-01,1704.08
8697,2025-12-08,1705.06
8697,2025-12-15,1632.95
8697,2025-12-22,1665.33
8697,2025-12-29,1644.24
8697,2026-01-05,1730.57
8697,2026-01-12,1747.25
8697,2026-01-19,1729.59
8697,2026-01-26,1655.03
8697,2026-02-02,1617.26
8697,2026-02-09,1787.96
8697,2026-02-16,1841.43
8697,2026-02-23,2095.03
8697,2026-03-02,2003.3
8697,2026-03-09,1819.35
8697,2026-03-16,1807.09
8697,2026-03-23,1863.5
8697,2026-03-30,1886.5
8697,2026-04-06,1948.5
8697,2026-04-13,1900.0
8697,2026-04-20,1835.5
8697,2026-04-27,1862.0
8697,2026-05-04,1861.5
8697,2026-05-11,1767.5
8697,2026-05-18,1980.5
8697,2026-05-25,1951.0
8697,2026-06-01,2004.0
8697,2026-06-08,2121.5
8697,2026-06-15,2125.5
8697,2026-06-22,2012.0
8697,2026-06-29,2179.0
8697,2026-07-06,2176.5
8697,2026-07-13,2142.0
8697,2026-07-20,2222.0
8700,2025-07-28,1537.11
8700,2025-08-04,1535.22
8700,2025-08-11,1554.15
8700,2025-08-18,1556.04
8700,2025-08-25,1554.15
8700,2025-09-01,1552.25
8700,2025-09-08,1529.54
8700,2025-09-15,1533.32
8700,2025-09-22,1548.47
8700,2025-09-29,1540.89
8700,2025-10-06,1550.36
8700,2025-10-13,1538.06
8700,2025-10-20,1542.79
8700,2025-10-27,1538.06
8700,2025-11-03,1516.29
8700,2025-11-10,1512.5
8700,2025-11-17,1546.57
8700,2025-11-24,1552.25
8700,2025-12-01,1557.93
8700,2025-12-08,1565.5
8700,2025-12-15,1553.2
8700,2025-12-22,1561.72
8700,2025-12-29,1591.06
8700,2026-01-05,1614.72
8700,2026-01-12,1636.49
8700,2026-01-19,1684.76
8700,2026-01-26,1693.28
8700,2026-02-02,1678.14
8700,2026-02-09,1684.76
8700,2026-02-16,1691.39
8700,2026-02-23,1690.44
8700,2026-03-02,1646.9
8700,2026-03-09,1651.63
8700,2026-03-16,1642.17
8700,2026-03-23,1769.0
8700,2026-03-30,1756.0
8700,2026-04-06,1814.0
8700,2026-04-13,1795.0
8700,2026-04-20,1763.0
8700,2026-04-27,1746.0
8700,2026-05-04,1769.0
8700,2026-05-11,1745.0
8700,2026-05-18,1746.0
8700,2026-05-25,1751.0
8700,2026-06-01,1721.0
8700,2026-06-08,1744.0
8700,2026-06-15,1745.0
8700,2026-06-22,1750.0
8700,2026-06-29,1780.0
8700,2026-07-06,1843.0
8700,2026-07-13,1853.0
8700,2026-07-20,1987.0
8708,2025-07-28,1201.03
8708,2025-08-04,1245.27
8708,2025-08-11,1282.14
8708,2025-08-18,1282.14
8708,2025-08-25,1307.03
8708,2025-09-01,1324.54
8708,2025-09-08,1304.26
8708,2025-09-15,1317.17
8708,2025-09-22,1318.09
8708,2025-09-29,1256.09
8708,2025-10-06,1235.11
8708,2025-10-13,1262.77
8708,2025-10-20,1249.42
8708,2025-10-27,1246.56
8708,2025-11-03,1205.54
8708,2025-11-10,1277.08
8708,2025-11-17,1275.17
8708,2025-11-24,1285.66
8708,2025-12-01,1274.21
8708,2025-12-08,1276.12
8708,2025-12-15,1312.36
8708,2025-12-22,1352.42
8708,2025-12-29,1333.35
8708,2026-01-05,1356.24
8708,2026-01-12,1385.8
8708,2026-01-19,1378.17
8708,2026-01-26,1351.47
8708,2026-02-02,1366.73
8708,2026-02-09,1395.34
8708,2026-02-16,1410.6
8708,2026-02-23,1476.41
8708,2026-03-02,1389.62
8708,2026-03-09,1411.55
8708,2026-03-16,1411.55
8708,2026-03-23,1423.0
8708,2026-03-30,1532.0
8708,2026-04-06,1618.0
8708,2026-04-13,1631.0
8708,2026-04-20,1409.0
8708,2026-04-27,1439.0
8708,2026-05-04,1456.0
8708,2026-05-11,1479.0
8708,2026-05-18,1495.0
8708,2026-05-25,1420.0
8708,2026-06-01,1434.0
8708,2026-06-08,1473.0
8708,2026-06-15,1466.0
8708,2026-06-22,1461.0
8708,2026-06-29,1554.0
8708,2026-07-06,1584.0
8708,2026-07-13,1592.0
8708,2026-07-20,1649.0
8725,2025-07-28,3132.13
8725,2025-08-04,3223.16
8725,2025-08-11,3448.32
8725,2025-08-18,3478.98
8725,2025-08-25,3317.05
8725,2025-09-01,3349.63
8725,2025-09-08,3345.8
8725,2025-09-15,3267.23
8725,2025-09-22,3270.11
8725,2025-09-29,3209.81
8725,2025-10-06,3302.95
8725,2025-10-13,3194.13
8725,2025-10-20,3197.07
8725,2025-10-27,3123.54
8725,2025-11-03,3137.26
8725,2025-11-10,3280.4
8725,2025-11-17,3366.67
8725,2025-11-24,3397.07
8725,2025-12-01,3450.99
8725,2025-12-08,3644.13
8725,2025-12-15,3677.46
8725,2025-12-22,3554.91
8725,2025-12-29,3610.79
8725,2026-01-05,3775.5
8725,2026-01-12,3977.46
8725,2026-01-19,3901.97
8725,2026-01-26,3854.91
8725,2026-02-02,4077.46
8725,2026-02-09,4107.85
8725,2026-02-16,4235.3
8725,2026-02-23,4290.21
8725,2026-03-02,4041.19
8725,2026-03-09,3912.75
8725,2026-03-16,3949.03
8725,2026-03-23,4125.5
8725,2026-03-30,4136.0
8725,2026-04-06,4077.0
8725,2026-04-13,4055.0
8725,2026-04-20,3946.0
8725,2026-04-27,3996.0
8725,2026-05-04,3978.0
8725,2026-05-11,4391.0
8725,2026-05-18,4245.0
8725,2026-05-25,4287.0
8725,2026-06-01,4325.0
8725,2026-06-08,4597.0
8725,2026-06-15,4551.0
8725,2026-06-22,4241.0
8725,2026-06-29,4454.0
8725,2026-07-06,4428.0
8725,2026-07-13,4483.0
8725,2026-07-20,4898.0
8750,2025-07-28,1164.08
8750,2025-08-04,1161.2
8750,2025-08-11,1207.73
8750,2025-08-18,1222.6
8750,2025-08-25,1176.55
8750,2025-09-01,1171.28
8750,2025-09-08,1189.02
8750,2025-09-15,1134.82
8750,2025-09-22,1146.82
8750,2025-09-29,1083.67
8750,2025-10-06,1104.23
8750,2025-10-13,1063.12
8750,2025-10-20,1071.44
8750,2025-10-27,1062.14
8750,2025-11-03,1067.03
8750,2025-11-10,1193.31
8750,2025-11-17,1210.45
8750,2025-11-24,1192.83
8750,2025-12-01,1195.27
8750,2025-12-08,1247.65
8750,2025-12-15,1282.4
8750,2025-12-22,1268.69
8750,2025-12-29,1276.03
8750,2026-01-05,1339.18
8750,2026-01-12,1384.21
8750,2026-01-19,1324.49
8750,2026-01-26,1324.0
8750,2026-02-02,1406.23
8750,2026-02-09,1456.65
8750,2026-02-16,1529.09
8750,2026-02-23,1577.05
8750,2026-03-02,1507.55
8750,2026-03-09,1391.06
8750,2026-03-16,1370.5
8750,2026-03-23,1417.0
8750,2026-03-30,1472.5
8750,2026-04-06,1482.0
8750,2026-04-13,1459.5
8750,2026-04-20,1410.5
8750,2026-04-27,1423.0
8750,2026-05-04,1438.5
8750,2026-05-11,1618.0
8750,2026-05-18,1650.5
8750,2026-05-25,1636.0
8750,2026-06-01,1662.5
8750,2026-06-08,1753.5
8750,2026-06-15,1814.5
8750,2026-06-22,1726.5
8750,2026-06-29,1843.0
8750,2026-07-06,1861.0
8750,2026-07-13,1799.0
8750,2026-07-20,1925.0
8766,2025-07-28,5988.01
8766,2025-08-04,6052.9
8766,2025-08-11,6432.54
8766,2025-08-18,6359.9
8766,2025-08-25,6199.14
8766,2025-09-01,6267.9
8766,2025-09-08,6254.34
8766,2025-09-15,6126.5
8766,2025-09-22,6078.08
8766,2025-09-29,6057.88
8766,2025-10-06,6233.22
8766,2025-10-13,5885.51
8766,2025-10-20,5852.02
8766,2025-10-27,5695.4
8766,2025-11-03,5751.54
8766,2025-11-10,5833.3
8766,2025-11-17,5458.01
8766,2025-11-24,5426.49
8766,2025-12-01,5446.19
8766,2025-12-08,5678.65
8766,2025-12-15,5864.82
8766,2025-12-22,5716.08
8766,2025-12-29,5729.87
8766,2026-01-05,5865.81
8766,2026-01-12,5944.61
8766,2026-01-19,5772.23
8766,2026-01-26,5641.22
8766,2026-02-02,5950.52
8766,2026-02-09,6202.68
8766,2026-02-16,6378.02
8766,2026-02-23,6429.24
8766,2026-03-02,6076.6
8766,2026-03-09,5816.55
8766,2026-03-16,5941.65
8766,2026-03-23,7398.5
8766,2026-03-30,7243.0
8766,2026-04-06,7095.0
8766,2026-04-13,6933.0
8766,2026-04-20,7176.0
8766,2026-04-27,7093.0
8766,2026-05-04,7030.0
8766,2026-05-11,7568.0
8766,2026-05-18,7381.0
8766,2026-05-25,7111.0
8766,2026-06-01,6996.0
8766,2026-06-08,7325.0
8766,2026-06-15,7194.0
8766,2026-06-22,6903.0
8766,2026-06-29,7584.0
8766,2026-07-06,7609.0
8766,2026-07-13,7526.0
8766,2026-07-20,8116.0
8795,2025-07-28,3641.9
8795,2025-08-04,3753.98
8795,2025-08-11,3855.44
8795,2025-08-18,3820.66
8795,2025-08-25,3728.86
8795,2025-09-01,3801.33
8795,2025-09-08,3807.13
8795,2025-09-15,3535.61
8795,2025-09-22,3506.62
8795,2025-09-29,3409.29
8795,2025-10-06,3462.38
8795,2025-10-13,3298.21
8795,2025-10-20,3326.72
8795,2025-10-27,3264.78
8795,2025-11-03,3194.0
8795,2025-11-10,3273.63
8795,2025-11-17,3310.99
8795,2025-11-24,3335.56
8795,2025-12-01,3424.04
8795,2025-12-08,3437.8
8795,2025-12-15,3561.67
8795,2025-12-22,3584.28
8795,2025-12-29,3553.8
8795,2026-01-05,3747.47
8795,2026-01-12,3911.64
8795,2026-01-19,3727.81
8795,2026-01-26,3738.62
8795,2026-02-02,3997.17
8795,2026-02-09,4040.43
8795,2026-02-16,3944.08
8795,2026-02-23,4142.67
8795,2026-03-02,3880.18
8795,2026-03-09,3649.16
8795,2026-03-16,3671.77
8795,2026-03-23,3949.0
8795,2026-03-30,4152.0
8795,2026-04-06,4024.0
8795,2026-04-13,4000.0
8795,2026-04-20,3680.0
8795,2026-04-27,3782.0
8795,2026-05-04,3878.0
8795,2026-05-11,3949.0
8795,2026-05-18,4118.0
8795,2026-05-25,4194.0
8795,2026-06-01,4390.0
8795,2026-06-08,4712.0
8795,2026-06-15,4894.0
8795,2026-06-22,4682.0
8795,2026-06-29,4954.0
8795,2026-07-06,4916.0
8795,2026-07-13,4793.0
8795,2026-07-20,5104.0
9048,2025-07-28,1623.43
9048,2025-08-04,1607.3
9048,2025-08-11,1631.25
9048,2025-08-18,1636.63
9048,2025-08-25,1645.42
9048,2025-09-01,1698.69
9048,2025-09-08,1713.84
9048,2025-09-15,1706.02
9048,2025-09-22,1793.01
9048,2025-09-29,1701.62
9048,2025-10-06,1688.43
9048,2025-10-13,1677.19
9048,2025-10-20,1681.59
9048,2025-10-27,1646.4
9048,2025-11-03,1609.26
9048,2025-11-10,1559.41
9048,2025-11-17,1583.36
9048,2025-11-24,1608.28
9048,2025-12-01,1548.66
9048,2025-12-08,1581.89
9048,2025-12-15,1594.6
9048,2025-12-22,1638.09
9048,2025-12-29,1643.96
9048,2026-01-05,1676.7
9048,2026-01-12,1671.32
9048,2026-01-19,1700.64
9048,2026-01-26,1688.43
9048,2026-02-02,1750.98
9048,2026-02-09,1771.99
9048,2026-02-16,1763.69
9048,2026-02-23,1802.29
9048,2026-03-02,1736.81
9048,2026-03-09,1701.62
9048,2026-03-16,1694.78
9048,2026-03-23,1728.5
9048,2026-03-30,1807.5
9048,2026-04-06,1783.5
9048,2026-04-13,1760.5
9048,2026-04-20,1756.0
9048,2026-04-27,1772.0
9048,2026-05-04,1760.0
9048,2026-05-11,1817.5
9048,2026-05-18,1857.5
9048,2026-05-25,1798.5
9048,2026-06-01,1830.0
9048,2026-06-08,1838.0
9048,2026-06-15,1794.0
9048,2026-06-22,1830.0
9048,2026-06-29,1840.5
9048,2026-07-06,1859.5
9048,2026-07-13,1921.0
9048,2026-07-20,1914.5
9069,2025-07-28,1985.98
9069,2025-08-04,1999.63
9069,2025-08-11,1969.42
9069,2025-08-18,1982.09
9069,2025-08-25,1969.42
9069,2025-09-01,1991.83
9069,2025-09-08,2058.1
9069,2025-09-15,2026.91
9069,2025-09-22,2054.2
9069,2025-09-29,1964.46
9069,2025-10-06,1995.03
9069,2025-10-13,2002.92
9069,2025-10-20,2039.4
9069,2025-10-27,1984.18
9069,2025-11-03,2003.9
9069,2025-11-10,1736.16
9069,2025-11-17,1842.17
9069,2025-11-24,1922.54
9069,2025-12-01,1836.25
9069,2025-12-08,1840.2
9069,2025-12-15,1906.27
9069,2025-12-22,1937.34
9069,2025-12-29,1926.49
9069,2026-01-05,1998.48
9069,2026-01-12,2107.45
9069,2026-01-19,2043.84
9069,2026-01-26,1896.9
9069,2026-02-02,1938.82
9069,2026-02-09,1916.63
9069,2026-02-16,1899.86
9069,2026-02-23,1941.77
9069,2026-03-02,1840.69
9069,2026-03-09,1769.19
9069,2026-03-16,1768.21
9069,2026-03-23,1783.0
9069,2026-03-30,1867.0
9069,2026-04-06,1876.0
9069,2026-04-13,1886.0
9069,2026-04-20,1854.5
9069,2026-04-27,1828.0
9069,2026-05-04,1869.0
9069,2026-05-11,2031.5
9069,2026-05-18,1966.5
9069,2026-05-25,1906.5
9069,2026-06-01,1907.5
9069,2026-06-08,1922.5
9069,2026-06-15,1883.5
9069,2026-06-22,1921.5
9069,2026-06-29,1974.0
9069,2026-07-06,2052.0
9069,2026-07-13,2195.0
9069,2026-07-20,2187.5
9274,2025-07-28,755.85
9274,2025-08-04,755.85
9274,2025-08-11,741.48
9274,2025-08-18,775.97
9274,2025-08-25,785.55
9274,2025-09-01,813.33
9274,2025-09-08,784.59
9274,2025-09-15,771.18
9274,2025-09-22,781.71
9274,2025-09-29,750.37
9274,2025-10-06,733.71
9274,2025-10-13,753.31
9274,2025-10-20,784.65
9274,2025-10-27,747.43
9274,2025-11-03,761.14
9274,2025-11-10,764.08
9274,2025-11-17,707.27
9274,2025-11-24,734.69
9274,2025-12-01,711.18
9274,2025-12-08,747.43
9274,2025-12-15,777.8
9274,2025-12-22,789.55
9274,2025-12-29,807.18
9274,2026-01-05,845.39
9274,2026-01-12,865.96
9274,2026-01-19,857.14
9274,2026-01-26,864.98
9274,2026-02-02,900.24
9274,2026-02-09,893.39
9274,2026-02-16,888.49
9274,2026-02-23,915.92
9274,2026-03-02,891.43
9274,2026-03-09,859.1
9274,2026-03-16,849.31
9274,2026-03-23,864.0
9274,2026-03-30,903.0
9274,2026-04-06,915.0
9274,2026-04-13,976.0
9274,2026-04-20,941.0
9274,2026-04-27,974.0
9274,2026-05-04,997.0
9274,2026-05-11,971.0
9274,2026-05-18,1007.0
9274,2026-05-25,1010.0
9274,2026-06-01,935.0
9274,2026-06-08,949.0
9274,2026-06-15,1018.0
9274,2026-06-22,1009.0
9274,2026-06-29,1032.0
9274,2026-07-06,1032.0
9274,2026-07-13,1047.0
9274,2026-07-20,1088.0
9278,2025-07-28,1430.48
9278,2025-08-04,1477.77
9278,2025-08-11,1469.89
9278,2025-08-18,1477.77
9278,2025-08-25,1486.63
9278,2025-09-01,1536.88
9278,2025-09-08,1548.7
9278,2025-09-15,1512.25
9278,2025-09-22,1538.85
9278,2025-09-29,1456.09
9278,2025-10-06,1439.34
9278,2025-10-13,1392.06
9278,2025-10-20,1370.38
9278,2025-10-27,1305.36
9278,2025-11-03,1320.14
9278,2025-11-10,1367.43
9278,2025-11-17,1383.19
9278,2025-11-24,1386.15
9278,2025-12-01,1368.41
9278,2025-12-08,1379.25
9278,2025-12-15,1389.1
9278,2025-12-22,1465.94
9278,2025-12-29,1447.23
9278,2026-01-05,1506.34
9278,2026-01-12,1613.72
9278,2026-01-19,1614.71
9278,2026-01-26,1561.51
9278,2026-02-02,1598.94
9278,2026-02-09,1624.56
9278,2026-02-16,1850.16
9278,2026-02-23,1884.65
9278,2026-03-02,1806.82
9278,2026-03-09,1755.59
9278,2026-03-16,1719.14
9278,2026-03-23,1792.04
9278,2026-03-30,1864.94
9278,2026-04-06,1860.02
9278,2026-04-13,2137.84
9278,2026-04-20,1980.21
9278,2026-04-27,1990.06
9278,2026-05-04,1987.1
9278,2026-05-11,2019.61
9278,2026-05-18,2055.08
9278,2026-05-25,2001.0
9278,2026-06-01,1910.0
9278,2026-06-08,1954.0
9278,2026-06-15,1952.0
9278,2026-06-22,1935.0
9278,2026-06-29,1979.0
9278,2026-07-06,2084.0
9278,2026-07-13,2481.0
9278,2026-07-20,2598.0
9304,2025-07-28,1058.5
9304,2025-08-04,1089.57
9304,2025-08-11,1047.75
9304,2025-08-18,1091.96
9304,2025-08-25,1068.06
9304,2025-09-01,1077.62
9304,2025-09-08,1101.51
9304,2025-09-15,1084.79
9304,2025-09-22,1089.57
9304,2025-09-29,1096.4
9304,2025-10-06,1095.42
9304,2025-10-13,1088.59
9304,2025-10-20,1106.16
9304,2025-10-27,1080.78
9304,2025-11-03,1074.92
9304,2025-11-10,1096.4
9304,2025-11-17,1134.48
9304,2025-11-24,1155.96
9304,2025-12-01,1147.17
9304,2025-12-08,1171.58
9304,2025-12-15,1228.2
9304,2025-12-22,1247.73
9304,2025-12-29,1244.8
9304,2026-01-05,1279.95
9304,2026-01-12,1306.31
9304,2026-01-19,1291.66
9304,2026-01-26,1267.26
9304,2026-02-02,1304.36
9304,2026-02-09,1339.5
9304,2026-02-16,1356.1
9304,2026-02-23,1382.46
9304,2026-03-02,1345.36
9304,2026-03-09,1278.97
9304,2026-03-16,1279.95
9304,2026-03-23,1319.0
9304,2026-03-30,1343.0
9304,2026-04-06,1333.0
9304,2026-04-13,1333.0
9304,2026-04-20,1276.0
9304,2026-04-27,1269.0
9304,2026-05-04,1276.0
9304,2026-05-11,1422.0
9304,2026-05-18,1434.0
9304,2026-05-25,1413.0
9304,2026-06-01,1422.0
9304,2026-06-08,1494.0
9304,2026-06-15,1552.0
9304,2026-06-22,1586.0
9304,2026-06-29,1757.0
9304,2026-07-06,1869.0
9304,2026-07-13,1979.0
9304,2026-07-20,1800.0
9308,2025-07-28,1266.87
9308,2025-08-04,1333.44
9308,2025-08-11,1512.29
9308,2025-08-18,1595.75
9308,2025-08-25,1601.72
9308,2025-09-01,1626.56
9308,2025-09-08,1598.74
9308,2025-09-15,1603.7
9308,2025-09-22,1660.34
9308,2025-09-29,1625.5
9308,2025-10-06,1592.65
9308,2025-10-13,1568.76
9308,2025-10-20,1599.62
9308,2025-10-27,1559.8
9308,2025-11-03,1550.84
9308,2025-11-10,1415.47
9308,2025-11-17,1391.58
9308,2025-11-24,1451.3
9308,2025-12-01,1452.3
9308,2025-12-08,1356.74
9308,2025-12-15,1340.81
9308,2025-12-22,1361.72
9308,2025-12-29,1365.7
9308,2026-01-05,1380.63
9308,2026-01-12,1365.7
9308,2026-01-19,1328.87
9308,2026-01-26,1289.05
9308,2026-02-02,1287.06
9308,2026-02-09,1500.08
9308,2026-02-16,1538.9
9308,2026-02-23,1640.43
9308,2026-03-02,1631.47
9308,2026-03-09,1598.62
9308,2026-03-16,1589.67
9308,2026-03-23,1502.07
9308,2026-03-30,1535.0
9308,2026-04-06,1541.0
9308,2026-04-13,1593.0
9308,2026-04-20,1452.0
9308,2026-04-27,1516.0
9308,2026-05-04,1531.0
9308,2026-05-11,1614.0
9308,2026-05-18,1554.0
9308,2026-05-25,1618.0
9308,2026-06-01,1542.0
9308,2026-06-08,1529.0
9308,2026-06-15,1505.0
9308,2026-06-22,1440.0
9308,2026-06-29,1467.0
9308,2026-07-06,1588.0
9308,2026-07-13,1656.0
9308,2026-07-20,1736.0
9365,2025-07-28,1243.82
9365,2025-08-04,1296.14
9365,2025-08-11,1357.16
9365,2025-08-18,1388.16
9365,2025-08-25,1377.51
9365,2025-09-01,1432.72
9365,2025-09-08,1424.97
9365,2025-09-15,1416.26
9365,2025-09-22,1416.26
9365,2025-09-29,1414.32
9365,2025-10-06,1395.91
9365,2025-10-13,1369.76
9365,2025-10-20,1390.1
9365,2025-10-27,1412.38
9365,2025-11-03,1406.57
9365,2025-11-10,1418.19
9365,2025-11-17,1416.26
9365,2025-11-24,1432.72
9365,2025-12-01,1442.41
9365,2025-12-08,1516.03
9365,2025-12-15,1485.03
9365,2025-12-22,1484.07
9365,2025-12-29,1455.97
9365,2026-01-05,1494.72
9365,2026-01-12,1523.78
9365,2026-01-19,1538.31
9365,2026-01-26,1548.97
9365,2026-02-02,1566.41
9365,2026-02-09,1637.12
9365,2026-02-16,1608.06
9365,2026-02-23,1632.28
9365,2026-03-02,1574.16
9365,2026-03-09,1535.41
9365,2026-03-16,1540.25
9365,2026-03-23,1548.0
9365,2026-03-30,1567.0
9365,2026-04-06,1597.0
9365,2026-04-13,1586.0
9365,2026-04-20,1551.0
9365,2026-04-27,1505.0
9365,2026-05-04,1501.0
9365,2026-05-11,1509.0
9365,2026-05-18,1483.0
9365,2026-05-25,1495.0
9365,2026-06-01,1480.0
9365,2026-06-08,1500.0
9365,2026-06-15,1505.0
9365,2026-06-22,1506.0
9365,2026-06-29,1575.0
9365,2026-07-06,1605.0
9365,2026-07-13,1580.0
9365,2026-07-20,1700.0
9433,2025-07-28,2454.44
9433,2025-08-04,2499.51
9433,2025-08-11,2548.94
9433,2025-08-18,2593.52
9433,2025-08-25,2471.89
9433,2025-09-01,2445.23
9433,2025-09-08,2418.58
9433,2025-09-15,2393.38
9433,2025-09-22,2367.7
9433,2025-09-29,2311.54
9433,2025-10-06,2319.91
9433,2025-10-13,2333.21
9433,2025-10-20,2398.25
9433,2025-10-27,2425.34
9433,2025-11-03,2542.59
9433,2025-11-10,2610.58
9433,2025-11-17,2678.57
9433,2025-11-24,2649.99
9433,2025-12-01,2635.71
9433,2025-12-08,2644.57
9433,2025-12-15,2669.7
9433,2025-12-22,2710.1
9433,2025-12-29,2668.71
9433,2026-01-05,2640.63
9433,2026-01-12,2609.1
9433,2026-01-19,2627.33
9433,2026-01-26,2568.21
9433,2026-02-02,2757.88
9433,2026-02-09,2654.43
9433,2026-02-16,2577.57
9433,2026-02-23,2631.76
9433,2026-03-02,2629.3
9433,2026-03-09,2593.34
9433,2026-03-16,2627.82
9433,2026-03-23,2683.0
9433,2026-03-30,2745.0
9433,2026-04-06,2582.0
9433,2026-04-13,2590.5
9433,2026-04-20,2565.0
9433,2026-04-27,2548.0
9433,2026-05-04,2528.5
9433,2026-05-11,2724.0
9433,2026-05-18,2709.5
9433,2026-05-25,2738.5
9433,2026-06-01,2651.5
9433,2026-06-08,2769.0
9433,2026-06-15,2721.5
9433,2026-06-22,2681.0
9433,2026-06-29,2702.5
9433,2026-07-06,2790.5
9433,2026-07-13,2868.0
9433,2026-07-20,2922.5
9478,2025-07-28,366.88
9478,2025-08-04,359.94
9478,2025-08-11,356.96
9478,2025-08-18,355.97
9478,2025-08-25,355.97
9478,2025-09-01,357.95
9478,2025-09-08,355.97
9478,2025-09-15,360.93
9478,2025-09-22,346.05
9478,2025-09-29,351.01
9478,2025-10-06,360.93
9478,2025-10-13,367.87
9478,2025-10-20,365.89
9478,2025-10-27,409.51
9478,2025-11-03,402.57
9478,2025-11-10,396.62
9478,2025-11-17,385.72
9478,2025-11-24,397.62
9478,2025-12-01,405.55
9478,2025-12-08,397.62
9478,2025-12-15,400.59
9478,2025-12-22,397.62
9478,2025-12-29,386.71
9478,2026-01-05,394.64
9478,2026-01-12,424.39
9478,2026-01-19,410.51
9478,2026-01-26,464.05
9478,2026-02-02,446.2
9478,2026-02-09,461.08
9478,2026-02-16,449.18
9478,2026-02-23,452.15
9478,2026-03-02,471.98
9478,2026-03-09,461.08
9478,2026-03-16,499.75
9478,2026-03-23,470.0
9478,2026-03-30,471.0
9478,2026-04-06,474.0
9478,2026-04-13,485.0
9478,2026-04-20,491.0
9478,2026-04-27,493.0
9478,2026-05-04,487.0
9478,2026-05-11,543.0
9478,2026-05-18,515.0
9478,2026-05-25,522.0
9478,2026-06-01,508.0
9478,2026-06-08,502.0
9478,2026-06-15,512.0
9478,2026-06-22,495.0
9478,2026-06-29,511.0
9478,2026-07-06,520.0
9478,2026-07-13,501.0
9478,2026-07-20,532.0
9619,2025-07-28,1668.28
9619,2025-08-04,1683.67
9619,2025-08-11,1698.1
9619,2025-08-18,1727.93
9619,2025-08-25,1730.81
9619,2025-09-01,1776.99
9619,2025-09-08,1914.57
9619,2025-09-15,1923.23
9619,2025-09-22,1985.77
9619,2025-09-29,1940.68
9619,2025-10-06,1937.74
9619,2025-10-13,1931.86
9619,2025-10-20,1990.67
9619,2025-10-27,1974.99
9619,2025-11-03,1965.18
9619,2025-11-10,2000.47
9619,2025-11-17,2036.73
9619,2025-11-24,2054.38
9619,2025-12-01,1990.67
9619,2025-12-08,2058.3
9619,2025-12-15,2060.26
9619,2025-12-22,2068.1
9619,2025-12-29,2085.74
9619,2026-01-05,2106.32
9619,2026-01-12,2104.36
9619,2026-01-19,2085.74
9619,2026-01-26,2066.14
9619,2026-02-02,2091.62
9619,2026-02-09,2149.45
9619,2026-02-16,2116.13
9619,2026-02-23,2142.59
9619,2026-03-02,2059.28
9619,2026-03-09,2029.87
9619,2026-03-16,2022.03
9619,2026-03-23,2073.0
9619,2026-03-30,2136.0
9619,2026-04-06,2120.0
9619,2026-04-13,2156.0
9619,2026-04-20,2150.0
9619,2026-04-27,2149.0
9619,2026-05-04,2132.0
9619,2026-05-11,2134.0
9619,2026-05-18,2134.0
9619,2026-05-25,2138.0
9619,2026-06-01,2122.0
9619,2026-06-08,2193.0
9619,2026-06-15,2214.0
9619,2026-06-22,2218.0
9619,2026-06-29,2223.0
9619,2026-07-06,2285.0
9619,2026-07-13,2357.0
9619,2026-07-20,2377.0
9639,2025-07-28,1958.45
9639,2025-08-04,1969.98
9639,2025-08-11,2005.54
9639,2025-08-18,1988.24
9639,2025-08-25,1989.2
9639,2025-09-01,1989.2
9639,2025-09-08,1978.63
9639,2025-09-15,1969.98
9639,2025-09-22,1989.2
9639,2025-09-29,2008.8
9639,2025-10-06,2006.84
9639,2025-10-13,1983.32
9639,2025-10-20,2001.94
9639,2025-10-27,1966.66
9639,2025-11-03,1955.88
9639,2025-11-10,1958.82
9639,2025-11-17,1958.82
9639,2025-11-24,1971.56
9639,2025-12-01,1970.58
9639,2025-12-08,1988.22
9639,2025-12-15,2061.71
9639,2025-12-22,2052.89
9639,2025-12-29,2085.23
9639,2026-01-05,2071.51
9639,2026-01-12,2093.07
9639,2026-01-19,2091.11
9639,2026-01-26,2084.25
9639,2026-02-02,2104.83
9639,2026-02-09,2113.65
9639,2026-02-16,2190.08
9639,2026-02-23,2227.32
9639,2026-03-02,2221.44
9639,2026-03-09,2191.06
9639,2026-03-16,2167.54
9639,2026-03-23,2194.0
9639,2026-03-30,2148.0
9639,2026-04-06,2163.0
9639,2026-04-13,2170.0
9639,2026-04-20,2160.0
9639,2026-04-27,2155.0
9639,2026-05-04,2130.0
9639,2026-05-11,2178.0
9639,2026-05-18,2149.0
9639,2026-05-25,2148.0
9639,2026-06-01,2139.0
9639,2026-06-08,2150.0
9639,2026-06-15,2222.0
9639,2026-06-22,2262.0
9639,2026-06-29,2289.0
9639,2026-07-06,2293.0
9639,2026-07-13,2259.0
9639,2026-07-20,2264.0
9698,2025-07-28,1079.24
9698,2025-08-04,1081.16
9698,2025-08-11,1093.58
9698,2025-08-18,1136.6
9698,2025-08-25,1129.91
9698,2025-09-01,1130.86
9698,2025-09-08,1117.48
9698,2025-09-15,1122.26
9698,2025-09-22,1137.56
9698,2025-09-29,1113.66
9698,2025-10-06,1118.44
9698,2025-10-13,1119.39
9698,2025-10-20,1118.44
9698,2025-10-27,1126.08
9698,2025-11-03,1128.0
9698,2025-11-10,1128.0
9698,2025-11-17,1126.08
9698,2025-11-24,1132.78
9698,2025-12-01,1139.47
9698,2025-12-08,1149.03
9698,2025-12-15,1155.72
9698,2025-12-22,1170.06
9698,2025-12-29,1197.78
9698,2026-01-05,1204.47
9698,2026-01-12,1215.94
9698,2026-01-19,1225.5
9698,2026-01-26,1183.44
9698,2026-02-02,1182.48
9698,2026-02-09,1160.5
9698,2026-02-16,1154.76
9698,2026-02-23,1154.76
9698,2026-03-02,1143.29
9698,2026-03-09,1162.41
9698,2026-03-16,1162.41
9698,2026-03-23,1193.0
9698,2026-03-30,1201.0
9698,2026-04-06,1191.0
9698,2026-04-13,1190.0
9698,2026-04-20,1185.0
9698,2026-04-27,1186.0
9698,2026-05-04,1206.0
9698,2026-05-11,1204.0
9698,2026-05-18,1197.0
9698,2026-05-25,1194.0
9698,2026-06-01,1193.0
9698,2026-06-08,1195.0
9698,2026-06-15,1197.0
9698,2026-06-22,1206.0
9698,2026-06-29,1202.0
9698,2026-07-06,1221.0
9698,2026-07-13,1255.0
9698,2026-07-20,1275.0
9735,2025-07-28,5472.69
9735,2025-08-04,5691.83
9735,2025-08-11,5653.51
9735,2025-08-18,5542.46
9735,2025-08-25,5353.78
9735,2025-09-01,5440.26
9735,2025-09-08,5445.17
9735,2025-09-15,5482.52
9735,2025-09-22,5469.74
9735,2025-09-29,5309.1
9735,2025-10-06,5271.42
9735,2025-10-13,5097.89
9735,2025-10-20,5162.34
9735,2025-10-27,5169.28
9735,2025-11-03,5193.08
9735,2025-11-10,5231.75
9735,2025-11-17,5433.05
9735,2025-11-24,5234.73
9735,2025-12-01,5280.34
9735,2025-12-08,5480.65
9735,2025-12-15,5600.63
9735,2025-12-22,5579.81
9735,2025-12-29,5526.26
9735,2026-01-05,5613.52
9735,2026-01-12,5773.17
9735,2026-01-19,5786.06
9735,2026-01-26,5611.54
9735,2026-02-02,5912.0
9735,2026-02-09,6024.05
9735,2026-02-16,5934.81
9735,2026-02-23,5987.36
9735,2026-03-02,5903.08
9735,2026-03-09,5956.62
9735,2026-03-16,5926.87
9735,2026-03-23,5912.0
9735,2026-03-30,6123.0
9735,2026-04-06,6053.0
9735,2026-04-13,6061.0
9735,2026-04-20,5670.0
9735,2026-04-27,5730.0
9735,2026-05-04,5647.0
9735,2026-05-11,6163.0
9735,2026-05-18,6356.0
9735,2026-05-25,6350.0
9735,2026-06-01,6309.0
9735,2026-06-08,6549.0
9735,2026-06-15,6458.0
9735,2026-06-22,6398.0
9735,2026-06-29,6573.0
9735,2026-07-06,6622.0
9735,2026-07-13,6745.0
9735,2026-07-20,6802.0
9769,2025-07-28,2249.54
9769,2025-08-04,2304.1
9769,2025-08-11,2209.33
9769,2025-08-18,2201.68
9769,2025-08-25,2209.33
9769,2025-09-01,2243.79
9769,2025-09-08,2216.03
9769,2025-09-15,2225.61
9769,2025-09-22,2265.81
9769,2025-09-29,2252.12
9769,2025-10-06,2255.05
9769,2025-10-13,2269.72
9769,2025-10-20,2251.14
9769,2025-10-27,2221.81
9769,2025-11-03,2198.34
9769,2025-11-10,2250.17
9769,2025-11-17,2264.83
9769,2025-11-24,2295.15
9769,2025-12-01,2245.28
9769,2025-12-08,2304.93
9769,2025-12-15,2327.42
9769,2025-12-22,2305.91
9769,2025-12-29,2332.31
9769,2026-01-05,2403.7
9769,2026-01-12,2409.56
9769,2026-01-19,2381.2
9769,2026-01-26,2350.89
9769,2026-02-02,2370.45
9769,2026-02-09,2417.39
9769,2026-02-16,2386.09
9769,2026-02-23,2398.81
9769,2026-03-02,2371.43
9769,2026-03-09,2319.6
9769,2026-03-16,2322.53
9769,2026-03-23,2346.0
9769,2026-03-30,2386.0
9769,2026-04-06,2374.0
9769,2026-04-13,2368.0
9769,2026-04-20,2296.0
9769,2026-04-27,2273.0
9769,2026-05-04,2289.0
9769,2026-05-11,2301.0
9769,2026-05-18,2583.0
9769,2026-05-25,2530.0
9769,2026-06-01,2504.0
9769,2026-06-08,2516.0
9769,2026-06-15,2546.0
9769,2026-06-22,2508.0
9769,2026-06-29,2502.0
9769,2026-07-06,2553.0
9769,2026-07-13,2567.0
9769,2026-07-20,2624.0
9831,2025-07-28,455.98
9831,2025-08-04,439.31
9831,2025-08-11,442.51
9831,2025-08-18,453.85
9831,2025-08-25,450.16
9831,2025-09-01,474.77
9831,2025-09-08,479.43
9831,2025-09-15,463.53
9831,2025-09-22,481.75
9831,2025-09-29,454.81
9831,2025-10-06,447.35
9831,2025-10-13,449.58
9831,2025-10-20,461.11
9831,2025-10-27,449.0
9831,2025-11-03,443.48
9831,2025-11-10,451.04
9831,2025-11-17,453.85
9831,2025-11-24,463.73
9831,2025-12-01,452.2
9831,2025-12-08,470.22
9831,2025-12-15,479.72
9831,2025-12-22,500.55
9831,2025-12-29,503.36
9831,2026-01-05,516.24
9831,2026-01-12,519.83
9831,2026-01-19,527.19
9831,2026-01-26,525.26
9831,2026-02-02,530.68
9831,2026-02-09,536.69
9831,2026-02-16,552.19
9831,2026-02-23,562.56
9831,2026-03-02,540.47
9831,2026-03-09,521.28
9831,2026-03-16,522.83
9831,2026-03-23,530.1
9831,2026-03-30,541.2
9831,2026-04-06,545.6
9831,2026-04-13,539.8
9831,2026-04-20,522.9
9831,2026-04-27,531.6
9831,2026-05-04,542.0
9831,2026-05-11,572.0
9831,2026-05-18,606.5
9831,2026-05-25,624.5
9831,2026-06-01,654.3
9831,2026-06-08,679.4
9831,2026-06-15,675.3
9831,2026-06-22,656.1
9831,2026-06-29,642.3
9831,2026-07-06,650.4
9831,2026-07-13,698.6
9831,2026-07-20,724.5
9882,2025-07-28,1470.41
9882,2025-08-04,1558.04
9882,2025-08-11,1594.63
9882,2025-08-18,1604.26
9882,2025-08-25,1595.59
9882,2025-09-01,1644.7
9882,2025-09-08,1643.74
9882,2025-09-15,1651.44
9882,2025-09-22,1670.7
9882,2025-09-29,1567.88
9882,2025-10-06,1553.19
9882,2025-10-13,1555.14
9882,2025-10-20,1599.21
9882,2025-10-27,1521.85
9882,2025-11-03,1478.76
9882,2025-11-10,1542.41
9882,2025-11-17,1617.82
9882,2025-11-24,1633.49
9882,2025-12-01,1579.63
9882,2025-12-08,1600.19
9882,2025-12-15,1630.55
9882,2025-12-22,1618.8
9882,2025-12-29,1606.07
9882,2026-01-05,1629.57
9882,2026-01-12,1609.01
9882,2026-01-19,1674.62
9882,2026-01-26,1652.1
9882,2026-02-02,1616.84
9882,2026-02-09,1644.26
9882,2026-02-16,1681.48
9882,2026-02-23,1722.61
9882,2026-03-02,1637.41
9882,2026-03-09,1547.31
9882,2026-03-16,1510.1
9882,2026-03-23,1562.0
9882,2026-03-30,1546.0
9882,2026-04-06,1596.0
9882,2026-04-13,1561.0
9882,2026-04-20,1520.0
9882,2026-04-27,1506.0
9882,2026-05-04,1497.0
9882,2026-05-11,1637.0
9882,2026-05-18,1630.0
9882,2026-05-25,1655.0
9882,2026-06-01,1663.0
9882,2026-06-08,1733.0
9882,2026-06-15,1773.0
9882,2026-06-22,1763.0
9882,2026-06-29,1780.0
9882,2026-07-06,1820.0
9882,2026-07-13,1821.0
9882,2026-07-20,1787.0
9888,2025-07-28,819.4
9888,2025-08-04,811.62
9888,2025-08-11,787.32
9888,2025-08-18,789.27
9888,2025-08-25,795.1
9888,2025-09-01,793.15
9888,2025-09-08,798.02
9888,2025-09-15,794.13
9888,2025-09-22,778.57
9888,2025-09-29,744.9
9888,2025-10-06,744.9
9888,2025-10-13,739.94
9888,2025-10-20,757.77
9888,2025-10-27,753.81
9888,2025-11-03,745.89
9888,2025-11-10,742.91
9888,2025-11-17,741.92
9888,2025-11-24,747.87
9888,2025-12-01,732.02
9888,2025-12-08,720.13
9888,2025-12-15,719.14
9888,2025-12-22,754.8
9888,2025-12-29,779.57
9888,2026-01-05,827.11
9888,2026-01-12,840.98
9888,2026-01-19,843.95
9888,2026-01-26,833.06
9888,2026-02-02,819.19
9888,2026-02-09,826.12
9888,2026-02-16,840.98
9888,2026-02-23,868.72
9888,2026-03-02,865.74
9888,2026-03-09,839.99
9888,2026-03-16,797.4
9888,2026-03-23,734.0
9888,2026-03-30,722.0
9888,2026-04-06,739.0
9888,2026-04-13,726.0
9888,2026-04-20,708.0
9888,2026-04-27,714.0
9888,2026-05-04,712.0
9888,2026-05-11,850.0
9888,2026-05-18,890.0
9888,2026-05-25,914.0
9888,2026-06-01,994.0
9888,2026-06-08,933.0
9888,2026-06-15,995.0
9888,2026-06-22,970.0
9888,2026-06-29,990.0
9888,2026-07-06,988.0
9888,2026-07-13,987.0
9888,2026-07-20,1024.0
9997,2025-07-28,915.98
9997,2025-08-04,930.4
9997,2025-08-11,929.44
9997,2025-08-18,1006.33
9997,2025-08-25,965.96
9997,2025-09-01,995.76
9997,2025-09-08,999.6
9997,2025-09-15,1015.94
9997,2025-09-22,1031.32
9997,2025-09-29,967.96
9997,2025-10-06,961.13
9997,2025-10-13,971.86
9997,2025-10-20,990.38
9997,2025-10-27,991.35
9997,2025-11-03,1004.02
9997,2025-11-10,1028.39
9997,2025-11-17,952.36
9997,2025-11-24,979.65
9997,2025-12-01,950.41
9997,2025-12-08,943.59
9997,2025-12-15,965.03
9997,2025-12-22,963.08
9997,2025-12-29,970.88
9997,2026-01-05,973.81
9997,2026-01-12,987.45
9997,2026-01-19,962.11
9997,2026-01-26,948.46
9997,2026-02-02,929.94
9997,2026-02-09,951.39
9997,2026-02-16,950.41
9997,2026-02-23,964.06
9997,2026-03-02,916.29
9997,2026-03-09,889.0
9997,2026-03-16,875.35
9997,2026-03-23,889.0
9997,2026-03-30,877.0
9997,2026-04-06,883.0
9997,2026-04-13,861.0
9997,2026-04-20,833.0
9997,2026-04-27,835.0
9997,2026-05-04,891.0
9997,2026-05-11,930.0
9997,2026-05-18,921.0
9997,2026-05-25,925.0
9997,2026-06-01,951.0
9997,2026-06-08,941.0
9997,2026-06-15,945.0
9997,2026-06-22,946.0
9997,2026-06-29,961.0
9997,2026-07-06,1023.0
9997,2026-07-13,1063.0
9997,2026-07-20,1074.0
