code,date,close
1375,2025-08-04,1090.31
1375,2025-08-11,1069.76
1375,2025-08-18,1077.59
1375,2025-08-25,1050.18
1375,2025-09-01,1055.08
1375,2025-09-08,1050.18
1375,2025-09-15,1055.08
1375,2025-09-22,1076.61
1375,2025-09-29,1035.35
1375,2025-10-06,1018.65
1375,2025-10-13,1018.65
1375,2025-10-20,1029.46
1375,2025-10-27,1010.8
1375,2025-11-03,999.01
1375,2025-11-10,1003.92
1375,2025-11-17,1016.69
1375,2025-11-24,1032.41
1375,2025-12-01,1021.6
1375,2025-12-08,1020.62
1375,2025-12-15,1034.37
1375,2025-12-22,1026.51
1375,2025-12-29,1033.39
1375,2026-01-05,1036.34
1375,2026-01-12,1057.95
1375,2026-01-19,1045.18
1375,2026-01-26,1043.21
1375,2026-02-02,1056.96
1375,2026-02-09,1087.42
1375,2026-02-16,1075.63
1375,2026-02-23,1082.5
1375,2026-03-02,1053.04
1375,2026-03-09,1050.09
1375,2026-03-16,1050.09
1375,2026-03-23,1055.0
1375,2026-03-30,1067.0
1375,2026-04-06,1051.0
1375,2026-04-13,1057.0
1375,2026-04-20,1046.0
1375,2026-04-27,1053.0
1375,2026-05-04,1052.0
1375,2026-05-11,1068.0
1375,2026-05-18,1071.0
1375,2026-05-25,1050.0
1375,2026-06-01,1059.0
1375,2026-06-08,1082.0
1375,2026-06-15,1115.0
1375,2026-06-22,1115.0
1375,2026-06-29,1154.0
1375,2026-07-06,1163.0
1375,2026-07-13,1153.0
1375,2026-07-20,1154.0
1375,2026-07-27,1166.0
1518,2025-08-04,1223.45
1518,2025-08-11,1238.72
1518,2025-08-18,1215.82
1518,2025-08-25,1198.64
1518,2025-09-01,1257.81
1518,2025-09-08,1295.98
1518,2025-09-15,1257.81
1518,2025-09-22,1294.07
1518,2025-09-29,1295.04
1518,2025-10-06,1274.66
1518,2025-10-13,1262.04
1518,2025-10-20,1295.04
1518,2025-10-27,1259.12
1518,2025-11-03,1259.12
1518,2025-11-10,1263.98
1518,2025-11-17,1291.16
1518,2025-11-24,1318.34
1518,2025-12-01,1320.28
1518,2025-12-08,1320.28
1518,2025-12-15,1329.99
1518,2025-12-22,1344.55
1518,2025-12-29,1370.77
1518,2026-01-05,1399.89
1518,2026-01-12,1392.12
1518,2026-01-19,1416.39
1518,2026-01-26,1383.39
1518,2026-02-02,1448.43
1518,2026-02-09,1495.03
1518,2026-02-16,1443.58
1518,2026-02-23,1467.85
1518,2026-03-02,1380.47
1518,2026-03-09,1364.94
1518,2026-03-16,1354.26
1518,2026-03-23,1363.0
1518,2026-03-30,1394.0
1518,2026-04-06,1369.0
1518,2026-04-13,1395.0
1518,2026-04-20,1341.0
1518,2026-04-27,1353.0
1518,2026-05-04,1364.0
1518,2026-05-11,1405.0
1518,2026-05-18,1397.0
1518,2026-05-25,1460.0
1518,2026-06-01,1406.0
1518,2026-06-08,1487.0
1518,2026-06-15,1496.0
1518,2026-06-22,1498.0
1518,2026-06-29,1552.0
1518,2026-07-06,1554.0
1518,2026-07-13,1513.0
1518,2026-07-20,2241.0
1518,2026-07-27,2326.0
1770,2025-08-04,1525.3
1770,2025-08-11,1489.03
1770,2025-08-18,1476.62
1770,2025-08-25,1467.08
1770,2025-09-01,1615.98
1770,2025-09-08,1503.35
1770,2025-09-15,1545.35
1770,2025-09-22,1530.07
1770,2025-09-29,1528.13
1770,2025-10-06,1514.51
1770,2025-10-13,1513.54
1770,2025-10-20,1533.96
1770,2025-10-27,1527.16
1770,2025-11-03,1518.4
1770,2025-11-10,1619.56
1770,2025-11-17,1594.27
1770,2025-11-24,1620.54
1770,2025-12-01,1634.15
1770,2025-12-08,1750.88
1770,2025-12-15,1714.89
1770,2025-12-22,1709.05
1770,2025-12-29,1728.51
1770,2026-01-05,1762.55
1770,2026-01-12,1779.09
1770,2026-01-19,1736.29
1770,2026-01-26,1704.19
1770,2026-02-02,1789.79
1770,2026-02-09,1780.06
1770,2026-02-16,1760.61
1770,2026-02-23,1861.77
1770,2026-03-02,1853.99
1770,2026-03-09,1685.71
1770,2026-03-16,1623.45
1770,2026-03-23,1604.0
1770,2026-03-30,1660.0
1770,2026-04-06,1661.0
1770,2026-04-13,1672.0
1770,2026-04-20,1680.0
1770,2026-04-27,1730.0
1770,2026-05-04,1773.0
1770,2026-05-11,1713.0
1770,2026-05-18,1710.0
1770,2026-05-25,1711.0
1770,2026-06-01,1825.0
1770,2026-06-08,1775.0
1770,2026-06-15,1886.0
1770,2026-06-22,1847.0
1770,2026-06-29,2072.0
1770,2026-07-06,2182.0
1770,2026-07-13,2023.0
1770,2026-07-20,2140.0
1770,2026-07-27,2035.0
1795,2025-08-04,4132.41
1795,2025-08-11,4219.31
1795,2025-08-18,4190.34
1795,2025-08-25,4344.83
1795,2025-09-01,4344.83
1795,2025-09-08,4368.97
1795,2025-09-15,4325.52
1795,2025-09-22,4480.0
1795,2025-09-29,4425.0
1795,2025-10-06,4300.0
1795,2025-10-13,4365.0
1795,2025-10-20,4400.0
1795,2025-10-27,4325.0
1795,2025-11-03,4270.0
1795,2025-11-10,4500.0
1795,2025-11-17,4380.0
1795,2025-11-24,4390.0
1795,2025-12-01,4390.0
1795,2025-12-08,4370.0
1795,2025-12-15,4440.0
1795,2025-12-22,4380.0
1795,2025-12-29,4405.0
1795,2026-01-05,4490.0
1795,2026-01-12,4575.0
1795,2026-01-19,4675.0
1795,2026-01-26,4710.0
1795,2026-02-02,4710.0
1795,2026-02-09,4415.0
1795,2026-02-16,4530.0
1795,2026-02-23,4685.0
1795,2026-03-02,4660.0
1795,2026-03-09,4585.0
1795,2026-03-16,4565.0
1795,2026-03-23,4715.0
1795,2026-03-30,4720.0
1795,2026-04-06,4780.0
1795,2026-04-13,4800.0
1795,2026-04-20,4770.0
1795,2026-04-27,4710.0
1795,2026-05-04,4870.0
1795,2026-05-11,4795.0
1795,2026-05-18,4885.0
1795,2026-05-25,4810.0
1795,2026-06-01,4830.0
1795,2026-06-08,4795.0
1795,2026-06-15,4845.0
1795,2026-06-22,4920.0
1795,2026-06-29,4900.0
1795,2026-07-06,5200.0
1795,2026-07-13,5500.0
1795,2026-07-20,5400.0
1795,2026-07-27,5500.0
1976,2025-08-04,1560.96
1976,2025-08-11,1559.03
1976,2025-08-18,1555.18
1976,2025-08-25,1569.63
1976,2025-09-01,1619.74
1976,2025-09-08,1589.87
1976,2025-09-15,1607.21
1976,2025-09-22,1594.68
1976,2025-09-29,1559.57
1976,2025-10-06,1564.45
1976,2025-10-13,1597.61
1976,2025-10-20,1617.12
1976,2025-10-27,1612.24
1976,2025-11-03,1543.97
1976,2025-11-10,1559.57
1976,2025-11-17,1621.02
1976,2025-11-24,1635.65
1976,2025-12-01,1593.71
1976,2025-12-08,1663.93
1976,2025-12-15,1652.23
1976,2025-12-22,1654.18
1976,2025-12-29,1654.18
1976,2026-01-05,1716.6
1976,2026-01-12,1774.15
1976,2026-01-19,1738.06
1976,2026-01-26,1679.54
1976,2026-02-02,1725.38
1976,2026-02-09,1786.83
1976,2026-02-16,1892.16
1976,2026-02-23,1980.92
1976,2026-03-02,1854.13
1976,2026-03-09,1792.68
1976,2026-03-16,1803.41
1976,2026-03-23,1780.0
1976,2026-03-30,1779.0
1976,2026-04-06,1924.0
1976,2026-04-13,1843.0
1976,2026-04-20,1804.0
1976,2026-04-27,1826.0
1976,2026-05-04,1790.0
1976,2026-05-11,1780.0
1976,2026-05-18,1740.0
1976,2026-05-25,1738.0
1976,2026-06-01,1687.0
1976,2026-06-08,1688.0
1976,2026-06-15,1820.0
1976,2026-06-22,1835.0
1976,2026-06-29,1847.0
1976,2026-07-06,1837.0
1976,2026-07-13,1850.0
1976,2026-07-20,1952.0
1976,2026-07-27,2038.0
1992,2025-08-04,2798.27
1992,2025-08-11,2798.27
1992,2025-08-18,2798.27
1992,2025-08-25,2643.68
1992,2025-09-01,2574.64
1992,2025-09-08,2633.95
1992,2025-09-15,2576.59
1992,2025-09-22,2625.2
1992,2025-09-29,2626.18
1992,2025-10-06,2642.7
1992,2025-10-13,2637.84
1992,2025-10-20,2654.37
1992,2025-10-27,2631.04
1992,2025-11-03,2649.51
1992,2025-11-10,2610.62
1992,2025-11-17,2625.2
1992,2025-11-24,2600.9
1992,2025-12-01,2642.7
1992,2025-12-08,2654.37
1992,2025-12-15,2658.26
1992,2025-12-22,2660.21
1992,2025-12-29,2704.93
1992,2026-01-05,2666.04
1992,2026-01-12,2654.37
1992,2026-01-19,2644.65
1992,2026-01-26,2721.46
1992,2026-02-02,2771.05
1992,2026-02-09,2771.05
1992,2026-02-16,2737.02
1992,2026-02-23,2715.63
1992,2026-03-02,2770.07
1992,2026-03-09,2771.05
1992,2026-03-16,2751.6
1992,2026-03-23,2878.0
1992,2026-03-30,2837.0
1992,2026-04-06,2779.0
1992,2026-04-13,2795.0
1992,2026-04-20,2761.0
1992,2026-04-27,2751.0
1992,2026-05-04,2745.0
1992,2026-05-11,2757.0
1992,2026-05-18,2751.0
1992,2026-05-25,2758.0
1992,2026-06-01,2758.0
1992,2026-06-08,2859.0
1992,2026-06-15,2880.0
1992,2026-06-22,2978.0
1992,2026-06-29,2999.0
1992,2026-07-06,2912.0
1992,2026-07-13,2912.0
1992,2026-07-20,2999.0
1992,2026-07-27,2945.0
2001,2025-08-04,2246.55
2001,2025-08-11,2180.33
2001,2025-08-18,2226.1
2001,2025-08-25,2210.52
2001,2025-09-01,2304.98
2001,2025-09-08,2297.19
2001,2025-09-15,2308.87
2001,2025-09-22,2340.03
2001,2025-09-29,2239.32
2001,2025-10-06,2191.93
2001,2025-10-13,2214.64
2001,2025-10-20,2210.69
2001,2025-10-27,2162.31
2001,2025-11-03,2206.74
2001,2025-11-10,2211.68
2001,2025-11-17,2290.66
2001,2025-11-24,2367.68
2001,2025-12-01,2271.91
2001,2025-12-08,2289.68
2001,2025-12-15,2373.6
2001,2025-12-22,2362.74
2001,2025-12-29,2350.89
2001,2026-01-05,2424.95
2001,2026-01-12,2476.29
2001,2026-01-19,2577.0
2001,2026-01-26,2601.68
2001,2026-02-02,2716.21
2001,2026-02-09,2761.63
2001,2026-02-16,2784.34
2001,2026-02-23,2830.75
2001,2026-03-02,2724.11
2001,2026-03-09,2678.7
2001,2026-03-16,2689.56
2001,2026-03-23,2733.0
2001,2026-03-30,2755.0
2001,2026-04-06,2719.0
2001,2026-04-13,2704.0
2001,2026-04-20,2648.0
2001,2026-04-27,2615.0
2001,2026-05-04,2617.0
2001,2026-05-11,2713.0
2001,2026-05-18,2709.0
2001,2026-05-25,2662.0
2001,2026-06-01,2621.0
2001,2026-06-08,2716.0
2001,2026-06-15,2726.0
2001,2026-06-22,2837.0
2001,2026-06-29,2766.0
2001,2026-07-06,2810.0
2001,2026-07-13,2822.0
2001,2026-07-20,2832.0
2001,2026-07-27,2809.0
2004,2025-08-04,2918.83
2004,2025-08-11,2899.54
2004,2025-08-18,2923.66
2004,2025-08-25,2888.92
2004,2025-09-01,2923.66
2004,2025-09-08,2986.38
2004,2025-09-15,3000.85
2004,2025-09-22,3053.92
2004,2025-09-29,2946.08
2004,2025-10-06,2941.18
2004,2025-10-13,2975.49
2004,2025-10-20,3019.61
2004,2025-10-27,2885.29
2004,2025-11-03,2937.25
2004,2025-11-10,2946.08
2004,2025-11-17,2990.2
2004,2025-11-24,3044.12
2004,2025-12-01,2799.02
2004,2025-12-08,2811.76
2004,2025-12-15,2815.69
2004,2025-12-22,2941.18
2004,2025-12-29,2955.88
2004,2026-01-05,3024.51
2004,2026-01-12,3068.63
2004,2026-01-19,3171.57
2004,2026-01-26,3088.24
2004,2026-02-02,3210.78
2004,2026-02-09,3299.02
2004,2026-02-16,3318.63
2004,2026-02-23,3357.84
2004,2026-03-02,3269.61
2004,2026-03-09,3191.18
2004,2026-03-16,3196.08
2004,2026-03-23,3250.0
2004,2026-03-30,3255.0
2004,2026-04-06,3180.0
2004,2026-04-13,3210.0
2004,2026-04-20,3070.0
2004,2026-04-27,3010.0
2004,2026-05-04,3010.0
2004,2026-05-11,3160.0
2004,2026-05-18,3160.0
2004,2026-05-25,3180.0
2004,2026-06-01,3175.0
2004,2026-06-08,3315.0
2004,2026-06-15,3285.0
2004,2026-06-22,3400.0
2004,2026-06-29,3375.0
2004,2026-07-06,3485.0
2004,2026-07-13,3540.0
2004,2026-07-20,3475.0
2004,2026-07-27,3550.0
2053,2025-08-04,1736.52
2053,2025-08-11,1699.88
2053,2025-08-18,1728.81
2053,2025-08-25,1675.78
2053,2025-09-01,1691.21
2053,2025-09-08,1672.89
2053,2025-09-15,1694.1
2053,2025-09-22,1743.27
2053,2025-09-29,1677.58
2053,2025-10-06,1609.93
2053,2025-10-13,1636.4
2053,2025-10-20,1691.31
2053,2025-10-27,1570.71
2053,2025-11-03,1618.75
2053,2025-11-10,1676.6
2053,2025-11-17,1734.45
2053,2025-11-24,1769.75
2053,2025-12-01,1739.35
2053,2025-12-08,1679.54
2053,2025-12-15,1716.8
2053,2025-12-22,1701.11
2053,2025-12-29,1696.21
2053,2026-01-05,1721.7
2053,2026-01-12,1746.21
2053,2026-01-19,1733.47
2053,2026-01-26,1768.77
2053,2026-02-02,1855.05
2053,2026-02-09,1877.6
2053,2026-02-16,1895.25
2053,2026-02-23,1948.19
2053,2026-03-02,1822.69
2053,2026-03-09,1752.1
2053,2026-03-16,1731.51
2053,2026-03-23,1757.0
2053,2026-03-30,1775.0
2053,2026-04-06,1714.0
2053,2026-04-13,1727.0
2053,2026-04-20,1709.0
2053,2026-04-27,1682.0
2053,2026-05-04,1693.0
2053,2026-05-11,1804.0
2053,2026-05-18,1742.0
2053,2026-05-25,1703.0
2053,2026-06-01,1718.0
2053,2026-06-08,1842.0
2053,2026-06-15,1837.0
2053,2026-06-22,1824.0
2053,2026-06-29,1891.0
2053,2026-07-06,1907.0
2053,2026-07-13,1930.0
2053,2026-07-20,1954.0
2053,2026-07-27,1891.0
2060,2025-08-04,1057.5
2060,2025-08-11,1079.64
2060,2025-08-18,1101.77
2060,2025-08-25,1089.26
2060,2025-09-01,1111.39
2060,2025-09-08,1103.69
2060,2025-09-15,1103.69
2060,2025-09-22,1117.16
2060,2025-09-29,1056.4
2060,2025-10-06,1017.21
2060,2025-10-13,1032.89
2060,2025-10-20,1044.65
2060,2025-10-27,997.61
2060,2025-11-03,983.89
2060,2025-11-10,986.83
2060,2025-11-17,1022.11
2060,2025-11-24,1005.45
2060,2025-12-01,998.59
2060,2025-12-08,991.73
2060,2025-12-15,1031.91
2060,2025-12-22,1034.85
2060,2025-12-29,1037.79
2060,2026-01-05,1060.32
2060,2026-01-12,1070.12
2060,2026-01-19,1068.16
2060,2026-01-26,1088.74
2060,2026-02-02,1174.98
2060,2026-02-09,1237.7
2060,2026-02-16,1230.84
2060,2026-02-23,1306.3
2060,2026-03-02,1239.66
2060,2026-03-09,1179.88
2060,2026-03-16,1167.14
2060,2026-03-23,1198.5
2060,2026-03-30,1170.0
2060,2026-04-06,1144.0
2060,2026-04-13,1125.0
2060,2026-04-20,1085.0
2060,2026-04-27,1102.0
2060,2026-05-04,1092.0
2060,2026-05-11,1253.0
2060,2026-05-18,1188.0
2060,2026-05-25,1200.0
2060,2026-06-01,1167.0
2060,2026-06-08,1211.0
2060,2026-06-15,1205.0
2060,2026-06-22,1219.0
2060,2026-06-29,1258.0
2060,2026-07-06,1261.0
2060,2026-07-13,1284.0
2060,2026-07-20,1283.0
2060,2026-07-27,1284.0
2108,2025-08-04,2355.62
2108,2025-08-11,2483.7
2108,2025-08-18,2625.27
2108,2025-08-25,2618.53
2108,2025-09-01,2703.28
2108,2025-09-08,2812.1
2108,2025-09-15,2800.55
2108,2025-09-22,2805.36
2108,2025-09-29,2803.43
2108,2025-10-06,2715.8
2108,2025-10-13,2743.73
2108,2025-10-20,2903.59
2108,2025-10-27,2880.48
2108,2025-11-03,2990.27
2108,2025-11-10,3192.51
2108,2025-11-17,3491.05
2108,2025-11-24,3500.68
2108,2025-12-01,3462.16
2108,2025-12-08,3500.68
2108,2025-12-15,3505.5
2108,2025-12-22,3659.58
2108,2025-12-29,3688.48
2108,2026-01-05,3808.86
2108,2026-01-12,3895.53
2108,2026-01-19,4015.91
2108,2026-01-26,3987.02
2108,2026-02-02,4011.1
2108,2026-02-09,4237.41
2108,2026-02-16,4155.55
2108,2026-02-23,4352.98
2108,2026-03-02,4126.66
2108,2026-03-09,3972.58
2108,2026-03-16,4044.8
2108,2026-03-23,4170.0
2108,2026-03-30,4140.0
2108,2026-04-06,4020.0
2108,2026-04-13,4000.0
2108,2026-04-20,4000.0
2108,2026-04-27,4020.0
2108,2026-05-04,3975.0
2108,2026-05-11,4240.0
2108,2026-05-18,4280.0
2108,2026-05-25,4280.0
2108,2026-06-01,4315.0
2108,2026-06-08,4570.0
2108,2026-06-15,4600.0
2108,2026-06-22,4680.0
2108,2026-06-29,4975.0
2108,2026-07-06,4720.0
2108,2026-07-13,4645.0
2108,2026-07-20,4960.0
2108,2026-07-27,5040.0
2109,2025-08-04,3098.11
2109,2025-08-11,3069.25
2109,2025-08-18,3170.27
2109,2025-08-25,3126.98
2109,2025-09-01,3203.95
2109,2025-09-08,3184.71
2109,2025-09-15,3189.52
2109,2025-09-22,3218.38
2109,2025-09-29,3090.82
2109,2025-10-06,3071.2
2109,2025-10-13,3110.45
2109,2025-10-20,3144.79
2109,2025-10-27,2977.98
2109,2025-11-03,3061.39
2109,2025-11-10,3159.51
2109,2025-11-17,3238.01
2109,2025-11-24,3257.63
2109,2025-12-01,3144.79
2109,2025-12-08,3134.98
2109,2025-12-15,3193.85
2109,2025-12-22,3247.82
2109,2025-12-29,3267.44
2109,2026-01-05,3311.6
2109,2026-01-12,3341.03
2109,2026-01-19,3414.62
2109,2026-01-26,3291.97
2109,2026-02-02,3350.85
2109,2026-02-09,3448.97
2109,2026-02-16,3395.0
2109,2026-02-23,3483.31
2109,2026-03-02,3360.66
2109,2026-03-09,3316.5
2109,2026-03-16,3301.78
2109,2026-03-23,3395.0
2109,2026-03-30,3470.0
2109,2026-04-06,3515.0
2109,2026-04-13,3450.0
2109,2026-04-20,3335.0
2109,2026-04-27,3300.0
2109,2026-05-04,3255.0
2109,2026-05-11,3290.0
2109,2026-05-18,3285.0
2109,2026-05-25,3250.0
2109,2026-06-01,3210.0
2109,2026-06-08,3230.0
2109,2026-06-15,3220.0
2109,2026-06-22,3225.0
2109,2026-06-29,3295.0
2109,2026-07-06,3315.0
2109,2026-07-13,3355.0
2109,2026-07-20,3370.0
2109,2026-07-27,3430.0
2154,2025-08-04,1856.92
2154,2025-08-11,1787.15
2154,2025-08-18,1824.42
2154,2025-08-25,1754.66
2154,2025-09-01,1729.81
2154,2025-09-08,1722.16
2154,2025-09-15,1686.8
2154,2025-09-22,1734.59
2154,2025-09-29,1644.75
2154,2025-10-06,1617.04
2154,2025-10-13,1587.41
2154,2025-10-20,1647.62
2154,2025-10-27,1644.75
2154,2025-11-03,1660.04
2154,2025-11-10,1693.49
2154,2025-11-17,1712.61
2154,2025-11-24,1720.25
2154,2025-12-01,1682.98
2154,2025-12-08,1748.92
2154,2025-12-15,1802.44
2154,2025-12-22,1789.06
2154,2025-12-29,1794.91
2154,2026-01-05,1810.49
2154,2026-01-12,1872.82
2154,2026-01-19,1868.92
2154,2026-01-26,1807.57
2154,2026-02-02,1818.28
2154,2026-02-09,1841.65
2154,2026-02-16,1800.75
2154,2026-02-23,1864.05
2154,2026-03-02,1799.77
2154,2026-03-09,1714.07
2154,2026-03-16,1713.1
2154,2026-03-23,1746.21
2154,2026-03-30,1760.82
2154,2026-04-06,1731.6
2154,2026-04-13,1722.84
2154,2026-04-20,1681.93
2154,2026-04-27,1698.49
2154,2026-05-04,1715.04
2154,2026-05-11,1812.44
2154,2026-05-18,1797.83
2154,2026-05-25,1803.67
2154,2026-06-01,1814.38
2154,2026-06-08,1830.94
2154,2026-06-15,1835.81
2154,2026-06-22,1866.0
2154,2026-06-29,1921.0
2154,2026-07-06,1942.0
2154,2026-07-13,1994.0
2154,2026-07-20,2006.0
2154,2026-07-27,2014.0
2212,2025-08-04,3441.24
2212,2025-08-11,3310.58
2212,2025-08-18,3371.49
2212,2025-08-25,3355.77
2212,2025-09-01,3313.53
2212,2025-09-08,3286.02
2212,2025-09-15,3285.04
2212,2025-09-22,3314.51
2212,2025-09-29,3092.5
2212,2025-10-06,3085.62
2212,2025-10-13,3091.51
2212,2025-10-20,3110.18
2212,2025-10-27,2966.75
2212,2025-11-03,3146.53
2212,2025-11-10,3128.84
2212,2025-11-17,3199.57
2212,2025-11-24,3218.24
2212,2025-12-01,3109.2
2212,2025-12-08,3185.82
2212,2025-12-15,3377.38
2212,2025-12-22,3343.0
2212,2025-12-29,3293.0
2212,2026-01-05,3309.0
2212,2026-01-12,3338.0
2212,2026-01-19,3443.0
2212,2026-01-26,3264.0
2212,2026-02-02,3519.0
2212,2026-02-09,3530.0
2212,2026-02-16,3384.0
2212,2026-02-23,3509.0
2212,2026-03-02,3364.0
2212,2026-03-09,3171.0
2212,2026-03-16,3210.0
2212,2026-03-23,3483.0
2212,2026-03-30,3629.0
2212,2026-04-06,3267.0
2212,2026-04-13,3255.0
2212,2026-04-20,3172.0
2212,2026-04-27,3244.0
2212,2026-05-04,3215.0
2212,2026-05-11,3111.0
2212,2026-05-18,3160.0
2212,2026-05-25,3132.0
2212,2026-06-01,3058.0
2212,2026-06-08,3130.0
2212,2026-06-15,3088.0
2212,2026-06-22,3206.0
2212,2026-06-29,3224.0
2212,2026-07-06,3176.0
2212,2026-07-13,3372.0
2212,2026-07-20,3359.0
2212,2026-07-27,3359.0
2217,2025-08-04,1568.13
2217,2025-08-11,1536.43
2217,2025-08-18,1544.35
2217,2025-08-25,1510.67
2217,2025-09-01,1533.46
2217,2025-09-08,1570.11
2217,2025-09-15,1563.18
2217,2025-09-22,1599.83
2217,2025-09-29,1529.5
2217,2025-10-06,1506.71
2217,2025-10-13,1520.58
2217,2025-10-20,1545.35
2217,2025-10-27,1510.67
2217,2025-11-03,1491.85
2217,2025-11-10,1505.72
2217,2025-11-17,1535.44
2217,2025-11-24,1542.37
2217,2025-12-01,1518.6
2217,2025-12-08,1474.02
2217,2025-12-15,1501.76
2217,2025-12-22,1524.54
2217,2025-12-29,1527.51
2217,2026-01-05,1540.39
2217,2026-01-12,1559.21
2217,2026-01-19,1575.06
2217,2026-01-26,1549.21
2217,2026-02-02,1487.4
2217,2026-02-09,1485.4
2217,2026-02-16,1495.37
2217,2026-02-23,1535.25
2217,2026-03-02,1502.35
2217,2026-03-09,1502.35
2217,2026-03-16,1489.39
2217,2026-03-23,1519.3
2217,2026-03-30,1514.31
2217,2026-04-06,1520.3
2217,2026-04-13,1515.31
2217,2026-04-20,1465.47
2217,2026-04-27,1471.45
2217,2026-05-04,1472.44
2217,2026-05-11,1510.33
2217,2026-05-18,1500.36
2217,2026-05-25,1485.4
2217,2026-06-01,1470.45
2217,2026-06-08,1499.36
2217,2026-06-15,1516.31
2217,2026-06-22,1523.29
2217,2026-06-29,1544.22
2217,2026-07-06,1555.19
2217,2026-07-13,1584.1
2217,2026-07-20,1598.06
2217,2026-07-27,1500.0
2229,2025-08-04,2691.47
2229,2025-08-11,2644.49
2229,2025-08-18,2702.24
2229,2025-08-25,2618.56
2229,2025-09-01,2691.47
2229,2025-09-08,2668.96
2229,2025-09-15,2952.79
2229,2025-09-22,2887.21
2229,2025-09-29,2759.98
2229,2025-10-06,2820.17
2229,2025-10-13,2840.24
2229,2025-10-20,2850.02
2229,2025-10-27,2805.0
2229,2025-11-03,2878.41
2229,2025-11-10,2897.0
2229,2025-11-17,2890.15
2229,2025-11-24,2912.17
2229,2025-12-01,2819.19
2229,2025-12-08,2810.38
2229,2025-12-15,2900.43
2229,2025-12-22,2971.38
2229,2025-12-29,2926.36
2229,2026-01-05,2916.58
2229,2026-01-12,2958.66
2229,2026-01-19,2985.09
2229,2026-01-26,2951.81
2229,2026-02-02,2955.72
2229,2026-02-09,3009.55
2229,2026-02-16,2963.55
2229,2026-02-23,3023.26
2229,2026-03-02,3103.51
2229,2026-03-09,3003.68
2229,2026-03-16,3002.7
2229,2026-03-23,3035.0
2229,2026-03-30,3137.0
2229,2026-04-06,3100.0
2229,2026-04-13,3035.0
2229,2026-04-20,3015.0
2229,2026-04-27,2954.0
2229,2026-05-04,2904.5
2229,2026-05-11,2904.5
2229,2026-05-18,2973.0
2229,2026-05-25,2904.0
2229,2026-06-01,2824.5
2229,2026-06-08,2846.5
2229,2026-06-15,2797.5
2229,2026-06-22,2897.5
2229,2026-06-29,2972.5
2229,2026-07-06,2959.0
2229,2026-07-13,3003.0
2229,2026-07-20,2940.5
2229,2026-07-27,2904.0
2270,2025-08-04,2723.55
2270,2025-08-11,2658.56
2270,2025-08-18,2893.29
2270,2025-08-25,2752.65
2270,2025-09-01,2929.17
2270,2025-09-08,2892.32
2270,2025-09-15,2958.27
2270,2025-09-22,2938.87
2270,2025-09-29,2765.26
2270,2025-10-06,2780.77
2270,2025-10-13,2842.85
2270,2025-10-20,2858.37
2270,2025-10-27,2739.07
2270,2025-11-03,2780.77
2270,2025-11-10,2863.22
2270,2025-11-17,2943.72
2270,2025-11-24,2967.97
2270,2025-12-01,2905.89
2270,2025-12-08,2977.67
2270,2025-12-15,3161.95
2270,2025-12-22,3157.11
2270,2025-12-29,3137.71
2270,2026-01-05,3239.55
2270,2026-01-12,3244.4
2270,2026-01-19,3346.24
2270,2026-01-26,3254.1
2270,2026-02-02,3365.64
2270,2026-02-09,3355.94
2270,2026-02-16,3370.49
2270,2026-02-23,3394.74
2270,2026-03-02,3215.3
2270,2026-03-09,3142.56
2270,2026-03-16,3118.31
2270,2026-03-23,3225.0
2270,2026-03-30,3295.0
2270,2026-04-06,3290.0
2270,2026-04-13,3310.0
2270,2026-04-20,3170.0
2270,2026-04-27,3180.0
2270,2026-05-04,3175.0
2270,2026-05-11,3420.0
2270,2026-05-18,3375.0
2270,2026-05-25,3495.0
2270,2026-06-01,3480.0
2270,2026-06-08,3615.0
2270,2026-06-15,3650.0
2270,2026-06-22,3685.0
2270,2026-06-29,3640.0
2270,2026-07-06,3665.0
2270,2026-07-13,3680.0
2270,2026-07-20,3795.0
2270,2026-07-27,3765.0
2354,2025-08-04,648.11
2354,2025-08-11,665.63
2354,2025-08-18,674.39
2354,2025-08-25,670.55
2354,2025-09-01,663.64
2354,2025-09-08,660.68
2354,2025-09-15,727.83
2354,2025-09-22,728.82
2354,2025-09-29,677.47
2354,2025-10-06,697.22
2354,2025-10-13,665.62
2354,2025-10-20,674.5
2354,2025-10-27,649.82
2354,2025-11-03,638.95
2354,2025-11-10,643.89
2354,2025-11-17,606.36
2354,2025-11-24,636.98
2354,2025-12-01,691.29
2354,2025-12-08,696.23
2354,2025-12-15,735.73
2354,2025-12-22,807.83
2354,2025-12-29,812.76
2354,2026-01-05,847.33
2354,2026-01-12,838.44
2354,2026-01-19,838.44
2354,2026-01-26,783.14
2354,2026-02-02,759.44
2354,2026-02-09,782.15
2354,2026-02-16,786.1
2354,2026-02-23,830.0
2354,2026-03-02,794.0
2354,2026-03-09,779.0
2354,2026-03-16,771.0
2354,2026-03-23,792.0
2354,2026-03-30,873.0
2354,2026-04-06,831.0
2354,2026-04-13,905.0
2354,2026-04-20,922.0
2354,2026-04-27,898.0
2354,2026-05-04,947.0
2354,2026-05-11,888.0
2354,2026-05-18,974.0
2354,2026-05-25,986.0
2354,2026-06-01,965.0
2354,2026-06-08,884.0
2354,2026-06-15,900.0
2354,2026-06-22,773.0
2354,2026-06-29,846.0
2354,2026-07-06,833.0
2354,2026-07-13,1059.0
2354,2026-07-20,1600.0
2354,2026-07-27,1235.0
2371,2025-08-04,2767.8
2371,2025-08-11,2817.19
2371,2025-08-18,2781.98
2371,2025-08-25,2693.96
2371,2025-09-01,2625.99
2371,2025-09-08,2643.1
2371,2025-09-15,2588.82
2371,2025-09-22,2539.92
2371,2025-09-29,2427.34
2371,2025-10-06,2516.22
2371,2025-10-13,2523.63
2371,2025-10-20,2694.96
2371,2025-10-27,2714.71
2371,2025-11-03,2435.24
2371,2025-11-10,2449.07
2371,2025-11-17,2387.84
2371,2025-11-24,2275.26
2371,2025-12-01,2262.43
2371,2025-12-08,2193.79
2371,2025-12-15,2196.26
2371,2025-12-22,2325.63
2371,2025-12-29,2283.17
2371,2026-01-05,2309.33
2371,2026-01-12,2269.34
2371,2026-01-19,2218.98
2371,2026-01-26,2083.68
2371,2026-02-02,1823.96
2371,2026-02-09,1623.99
2371,2026-02-16,1652.63
2371,2026-02-23,1700.03
2371,2026-03-02,1789.4
2371,2026-03-09,1871.37
2371,2026-03-16,1900.5
2371,2026-03-23,1979.5
2371,2026-03-30,2225.5
2371,2026-04-06,1990.0
2371,2026-04-13,2144.5
2371,2026-04-20,2750.0
2371,2026-04-27,2581.5
2371,2026-05-04,2914.5
2371,2026-05-11,3528.0
2371,2026-05-18,3412.0
2371,2026-05-25,3340.0
2371,2026-06-01,3336.0
2371,2026-06-08,3307.0
2371,2026-06-15,3321.0
2371,2026-06-22,3310.0
2371,2026-06-29,3564.0
2371,2026-07-06,3630.0
2371,2026-07-13,3615.0
2371,2026-07-20,3673.0
2371,2026-07-27,3690.0
2433,2025-08-04,1164.79
2433,2025-08-11,1136.13
2433,2025-08-18,1161.39
2433,2025-08-25,1150.7
2433,2025-09-01,1171.59
2433,2025-09-08,1200.25
2433,2025-09-15,1165.76
2433,2025-09-22,1160.91
2433,2025-09-29,1123.49
2433,2025-10-06,1098.38
2433,2025-10-13,1094.93
2433,2025-10-20,1117.58
2433,2025-10-27,1097.89
2433,2025-11-03,1122.01
2433,2025-11-10,1137.27
2433,2025-11-17,1156.97
2433,2025-11-24,1161.89
2433,2025-12-01,1117.09
2433,2025-12-08,1137.27
2433,2025-12-15,1158.94
2433,2025-12-22,1176.66
2433,2025-12-29,1148.6
2433,2026-01-05,1182.08
2433,2026-01-12,1175.67
2433,2026-01-19,1183.06
2433,2026-01-26,1137.27
2433,2026-02-02,1121.03
2433,2026-02-09,1147.12
2433,2026-02-16,1107.73
2433,2026-02-23,1153.03
2433,2026-03-02,1076.72
2433,2026-03-09,1021.08
2433,2026-03-16,1003.85
2433,2026-03-23,1026.5
2433,2026-03-30,1045.5
2433,2026-04-06,1064.0
2433,2026-04-13,1090.0
2433,2026-04-20,1050.0
2433,2026-04-27,1042.0
2433,2026-05-04,1042.5
2433,2026-05-11,1110.5
2433,2026-05-18,1174.5
2433,2026-05-25,1119.0
2433,2026-06-01,1145.0
2433,2026-06-08,1148.5
2433,2026-06-15,1092.0
2433,2026-06-22,1115.0
2433,2026-06-29,1172.5
2433,2026-07-06,1200.5
2433,2026-07-13,1268.5
2433,2026-07-20,1244.0
2433,2026-07-27,1302.5
2436,2025-08-04,464.01
2436,2025-08-11,444.29
2436,2025-08-18,452.67
2436,2025-08-25,457.11
2436,2025-09-01,464.5
2436,2025-09-08,446.26
2436,2025-09-15,457.11
2436,2025-09-22,449.22
2436,2025-09-29,435.9
2436,2025-10-06,422.1
2436,2025-10-13,414.7
2436,2025-10-20,422.59
2436,2025-10-27,417.66
2436,2025-11-03,413.22
2436,2025-11-10,423.08
2436,2025-11-17,419.14
2436,2025-11-24,424.07
2436,2025-12-01,495.08
2436,2025-12-08,477.32
2436,2025-12-15,477.32
2436,2025-12-22,500.5
2436,2025-12-29,495.5
2436,2026-01-05,497.5
2436,2026-01-12,512.5
2436,2026-01-19,520.5
2436,2026-01-26,505.0
2436,2026-02-02,499.5
2436,2026-02-09,510.5
2436,2026-02-16,512.5
2436,2026-02-23,512.0
2436,2026-03-02,519.5
2436,2026-03-09,502.5
2436,2026-03-16,500.0
2436,2026-03-23,497.5
2436,2026-03-30,508.5
2436,2026-04-06,500.0
2436,2026-04-13,493.5
2436,2026-04-20,482.5
2436,2026-04-27,499.5
2436,2026-05-04,509.0
2436,2026-05-11,511.5
2436,2026-05-18,505.5
2436,2026-05-25,526.0
2436,2026-06-01,520.0
2436,2026-06-08,507.5
2436,2026-06-15,513.0
2436,2026-06-22,519.0
2436,2026-06-29,610.0
2436,2026-07-06,609.0
2436,2026-07-13,601.0
2436,2026-07-20,595.0
2436,2026-07-27,636.0
2492,2025-08-04,432.67
2492,2025-08-11,400.22
2492,2025-08-18,367.77
2492,2025-08-25,366.79
2492,2025-09-01,350.07
2492,2025-09-08,348.1
2492,2025-09-15,345.15
2492,2025-09-22,338.27
2492,2025-09-29,314.67
2492,2025-10-06,316.64
2492,2025-10-13,310.74
2492,2025-10-20,324.5
2492,2025-10-27,322.54
2492,2025-11-03,329.42
2492,2025-11-10,338.27
2492,2025-11-17,346.14
2492,2025-11-24,353.02
2492,2025-12-01,367.77
2492,2025-12-08,392.35
2492,2025-12-15,395.3
2492,2025-12-22,421.86
2492,2025-12-29,420.08
2492,2026-01-05,418.1
2492,2026-01-12,447.82
2492,2026-01-19,456.74
2492,2026-01-26,447.82
2492,2026-02-02,378.47
2492,2026-02-09,361.63
2492,2026-02-16,365.59
2492,2026-02-23,399.28
2492,2026-03-02,416.12
2492,2026-03-09,395.31
2492,2026-03-16,396.3
2492,2026-03-23,426.03
2492,2026-03-30,466.65
2492,2026-04-06,424.04
2492,2026-04-13,464.67
2492,2026-04-20,437.92
2492,2026-04-27,394.32
2492,2026-05-04,417.11
2492,2026-05-11,390.36
2492,2026-05-18,372.53
2492,2026-05-25,387.39
2492,2026-06-01,366.58
2492,2026-06-08,360.64
2492,2026-06-15,399.28
2492,2026-06-22,352.71
2492,2026-06-29,479.0
2492,2026-07-06,490.0
2492,2026-07-13,489.0
2492,2026-07-20,521.0
2492,2026-07-27,569.0
2501,2025-08-04,1379.78
2501,2025-08-11,1410.54
2501,2025-08-18,1451.49
2501,2025-08-25,1477.15
2501,2025-09-01,1461.87
2501,2025-09-08,1459.52
2501,2025-09-15,1455.41
2501,2025-09-22,1482.44
2501,2025-09-29,1417.2
2501,2025-10-06,1453.64
2501,2025-10-13,1485.38
2501,2025-10-20,1480.87
2501,2025-10-27,1449.72
2501,2025-11-03,1471.47
2501,2025-11-10,1579.02
2501,2025-11-17,1587.25
2501,2025-11-24,1587.06
2501,2025-12-01,1552.77
2501,2025-12-08,1586.47
2501,2025-12-15,1587.06
2501,2025-12-22,1620.36
2501,2025-12-29,1669.68
2501,2026-01-05,1472.6
2501,2026-01-12,1553.32
2501,2026-01-19,1677.6
2501,2026-01-26,1623.13
2501,2026-02-02,1690.97
2501,2026-02-09,1862.3
2501,2026-02-16,1717.71
2501,2026-02-23,1757.82
2501,2026-03-02,1649.87
2501,2026-03-09,1596.39
2501,2026-03-16,1579.56
2501,2026-03-23,1668.69
2501,2026-03-30,1758.31
2501,2026-04-06,1822.19
2501,2026-04-13,1867.74
2501,2026-04-20,1692.46
2501,2026-04-27,1741.97
2501,2026-05-04,1750.88
2501,2026-05-11,1576.09
2501,2026-05-18,1673.14
2501,2026-05-25,1577.58
2501,2026-06-01,1565.2
2501,2026-06-08,1657.3
2501,2026-06-15,1780.59
2501,2026-06-22,2046.0
2501,2026-06-29,1898.5
2501,2026-07-06,1993.5
2501,2026-07-13,2045.0
2501,2026-07-20,1996.0
2501,2026-07-27,2011.5
2503,2025-08-04,2039.98
2503,2025-08-11,2090.01
2503,2025-08-18,2158.01
2503,2025-08-25,2074.47
2503,2025-09-01,2191.04
2503,2025-09-08,2089.04
2503,2025-09-15,2120.61
2503,2025-09-22,2161.41
2503,2025-09-29,2058.93
2503,2025-10-06,2090.98
2503,2025-10-13,2124.5
2503,2025-10-20,2158.01
2503,2025-10-27,2102.64
2503,2025-11-03,2148.78
2503,2025-11-10,2323.64
2503,2025-11-17,2379.01
2503,2025-11-24,2383.38
2503,2025-12-01,2273.61
2503,2025-12-08,2253.21
2503,2025-12-15,2332.38
2503,2025-12-22,2318.78
2503,2025-12-29,2316.81
2503,2026-01-05,2338.02
2503,2026-01-12,2367.13
2503,2026-01-19,2422.88
2503,2026-01-26,2360.22
2503,2026-02-02,2437.68
2503,2026-02-09,2557.07
2503,2026-02-16,2603.45
2503,2026-02-23,2671.04
2503,2026-03-02,2554.61
2503,2026-03-09,2567.43
2503,2026-03-16,2442.12
2503,2026-03-23,2475.18
2503,2026-03-30,2506.26
2503,2026-04-06,2600.49
2503,2026-04-13,2558.06
2503,2026-04-20,2473.2
2503,2026-04-27,2464.82
2503,2026-05-04,2463.34
2503,2026-05-11,2588.16
2503,2026-05-18,2684.36
2503,2026-05-25,2682.39
2503,2026-06-01,2572.86
2503,2026-06-08,2684.36
2503,2026-06-15,2735.67
2503,2026-06-22,2822.5
2503,2026-06-29,2813.5
2503,2026-07-06,2837.0
2503,2026-07-13,2909.0
2503,2026-07-20,2908.0
2503,2026-07-27,2953.0
2579,2025-08-04,2569.39
2579,2025-08-11,2545.82
2579,2025-08-18,2588.54
2579,2025-08-25,2526.67
2579,2025-09-01,2685.75
2579,2025-09-08,2625.85
2579,2025-09-15,2612.1
2579,2025-09-22,2663.66
2579,2025-09-29,2507.03
2579,2025-10-06,2487.39
2579,2025-10-13,2452.04
2579,2025-10-20,2511.94
2579,2025-10-27,2419.14
2579,2025-11-03,2550.24
2579,2025-11-10,2638.62
2579,2025-11-17,2838.45
2579,2025-11-24,2834.03
2579,2025-12-01,2761.86
2579,2025-12-08,2905.72
2579,2025-12-15,3080.52
2579,2025-12-22,3148.27
2579,2025-12-29,3143.31
2579,2026-01-05,3264.32
2579,2026-01-12,3280.19
2579,2026-01-19,3333.76
2579,2026-01-26,3402.2
2579,2026-02-02,3494.44
2579,2026-02-09,3525.19
2579,2026-02-16,4039.99
2579,2026-02-23,4090.57
2579,2026-03-02,4149.09
2579,2026-03-09,4017.17
2579,2026-03-16,3720.6
2579,2026-03-23,3625.37
2579,2026-03-30,3372.44
2579,2026-04-06,3583.71
2579,2026-04-13,3430.96
2579,2026-04-20,3378.39
2579,2026-04-27,3256.39
2579,2026-05-04,3252.42
2579,2026-05-11,3376.41
2579,2026-05-18,3486.51
2579,2026-05-25,3508.33
2579,2026-06-01,3469.65
2579,2026-06-08,3637.28
2579,2026-06-15,3849.54
2579,2026-06-22,4283.0
2579,2026-06-29,4421.0
2579,2026-07-06,4104.0
2579,2026-07-13,4289.0
2579,2026-07-20,4258.0
2579,2026-07-27,3828.0
2590,2025-08-04,2703.51
2590,2025-08-11,2619.43
2590,2025-08-18,2694.61
2590,2025-08-25,2439.39
2590,2025-09-01,2551.17
2590,2025-09-08,2544.25
2590,2025-09-15,2550.18
2590,2025-09-22,2569.97
2590,2025-09-29,2468.08
2590,2025-10-06,2498.74
2590,2025-10-13,2483.91
2590,2025-10-20,2473.03
2590,2025-10-27,2399.82
2590,2025-11-03,2426.53
2590,2025-11-10,2413.67
2590,2025-11-17,2483.91
2590,2025-11-24,2520.51
2590,2025-12-01,2485.89
2590,2025-12-08,2474.01
2590,2025-12-15,2456.21
2590,2025-12-22,2487.86
2590,2025-12-29,2503.69
2590,2026-01-05,2491.82
2590,2026-01-12,2630.31
2590,2026-01-19,2516.9
2590,2026-01-26,2448.26
2590,2026-02-02,2521.87
2590,2026-02-09,2535.8
2590,2026-02-16,2521.87
2590,2026-02-23,2586.54
2590,2026-03-02,2776.55
2590,2026-03-09,2697.96
2590,2026-03-16,2646.23
2590,2026-03-23,2656.18
2590,2026-03-30,2659.16
2590,2026-04-06,2727.8
2590,2026-04-13,2682.04
2590,2026-04-20,2541.77
2590,2026-04-27,2480.09
2590,2026-05-04,2505.96
2590,2026-05-11,2610.41
2590,2026-05-18,2537.79
2590,2026-05-25,2669.11
2590,2026-06-01,2501.98
2590,2026-06-08,2528.84
2590,2026-06-15,2573.6
2590,2026-06-22,2618.37
2590,2026-06-29,2678.06
2590,2026-07-06,2749.69
2590,2026-07-13,2904.0
2590,2026-07-20,2947.0
2590,2026-07-27,3010.0
2613,2025-08-04,1989.17
2613,2025-08-11,1951.48
2613,2025-08-18,2034.6
2613,2025-08-25,1964.04
2613,2025-09-01,2009.47
2613,2025-09-08,2002.71
2613,2025-09-15,2014.3
2613,2025-09-22,2052.0
2613,2025-09-29,1993.03
2613,2025-10-06,1969.45
2613,2025-10-13,1982.22
2613,2025-10-20,2014.66
2613,2025-10-27,1982.22
2613,2025-11-03,1957.66
2613,2025-11-10,1960.6
2613,2025-11-17,1981.24
2613,2025-11-24,2001.88
2613,2025-12-01,1934.07
2613,2025-12-08,1916.38
2613,2025-12-15,1945.86
2613,2025-12-22,1974.36
2613,2025-12-29,1968.47
2613,2026-01-05,2000.9
2613,2026-01-12,2007.78
2613,2026-01-19,2003.84
2613,2026-01-26,1992.05
2613,2026-02-02,2003.84
2613,2026-02-09,2021.53
2613,2026-02-16,2003.84
2613,2026-02-23,2059.86
2613,2026-03-02,2009.74
2613,2026-03-09,1957.66
2613,2026-03-16,1959.62
2613,2026-03-23,1995.0
2613,2026-03-30,2055.0
2613,2026-04-06,2057.0
2613,2026-04-13,2036.0
2613,2026-04-20,1960.0
2613,2026-04-27,1962.0
2613,2026-05-04,1946.0
2613,2026-05-11,1993.0
2613,2026-05-18,1994.0
2613,2026-05-25,1977.0
2613,2026-06-01,1975.0
2613,2026-06-08,2075.0
2613,2026-06-15,2023.0
2613,2026-06-22,2053.0
2613,2026-06-29,2066.0
2613,2026-07-06,2096.0
2613,2026-07-13,2103.0
2613,2026-07-20,2067.0
2613,2026-07-27,2086.0
2666,2025-08-04,151.0
2666,2025-08-11,151.97
2666,2025-08-18,154.9
2666,2025-08-25,153.92
2666,2025-09-01,159.77
2666,2025-09-08,156.85
2666,2025-09-15,159.77
2666,2025-09-22,157.82
2666,2025-09-29,159.77
2666,2025-10-06,156.85
2666,2025-10-13,153.92
2666,2025-10-20,153.92
2666,2025-10-27,151.97
2666,2025-11-03,154.9
2666,2025-11-10,156.85
2666,2025-11-17,151.0
2666,2025-11-24,153.92
2666,2025-12-01,151.97
2666,2025-12-08,150.03
2666,2025-12-15,151.0
2666,2025-12-22,153.92
2666,2025-12-29,155.87
2666,2026-01-05,161.72
2666,2026-01-12,160.74
2666,2026-01-19,168.54
2666,2026-01-26,166.59
2666,2026-02-02,174.38
2666,2026-02-09,172.43
2666,2026-02-16,166.59
2666,2026-02-23,172.43
2666,2026-03-02,164.64
2666,2026-03-09,161.72
2666,2026-03-16,156.85
2666,2026-03-23,151.0
2666,2026-03-30,157.0
2666,2026-04-06,166.0
2666,2026-04-13,164.0
2666,2026-04-20,167.0
2666,2026-04-27,169.0
2666,2026-05-04,163.0
2666,2026-05-11,161.0
2666,2026-05-18,159.0
2666,2026-05-25,160.0
2666,2026-06-01,157.0
2666,2026-06-08,157.0
2666,2026-06-15,167.0
2666,2026-06-22,170.0
2666,2026-06-29,168.0
2666,2026-07-06,176.0
2666,2026-07-13,175.0
2666,2026-07-20,189.0
2666,2026-07-27,194.0
2674,2025-08-04,1660.29
2674,2025-08-11,1678.5
2674,2025-08-18,1733.1
2674,2025-08-25,1717.78
2674,2025-09-01,1747.47
2674,2025-09-08,1740.77
2674,2025-09-15,1756.1
2674,2025-09-22,1799.21
2674,2025-09-29,1728.31
2674,2025-10-06,1740.77
2674,2025-10-13,1727.36
2674,2025-10-20,1759.93
2674,2025-10-27,1731.19
2674,2025-11-03,1767.59
2674,2025-11-10,1825.08
2674,2025-11-17,1810.71
2674,2025-11-24,1820.29
2674,2025-12-01,1806.87
2674,2025-12-08,1871.06
2674,2025-12-15,1899.8
2674,2025-12-22,1950.58
2674,2025-12-29,1918.96
2674,2026-01-05,1943.87
2674,2026-01-12,2009.02
2674,2026-01-19,1976.45
2674,2026-01-26,1946.75
2674,2026-02-02,1954.41
2674,2026-02-09,1932.38
2674,2026-02-16,2027.22
2674,2026-02-23,2011.9
2674,2026-03-02,1953.45
2674,2026-03-09,1926.63
2674,2026-03-16,1904.59
2674,2026-03-23,1941.0
2674,2026-03-30,2037.0
2674,2026-04-06,2051.0
2674,2026-04-13,2086.0
2674,2026-04-20,2008.0
2674,2026-04-27,2018.0
2674,2026-05-04,2023.0
2674,2026-05-11,2402.0
2674,2026-05-18,2492.0
2674,2026-05-25,2421.0
2674,2026-06-01,2364.0
2674,2026-06-08,2615.0
2674,2026-06-15,2537.0
2674,2026-06-22,2615.0
2674,2026-06-29,2632.0
2674,2026-07-06,2693.0
2674,2026-07-13,2747.0
2674,2026-07-20,2818.0
2674,2026-07-27,2901.0
2681,2025-08-04,1618.42
2681,2025-08-11,1621.36
2681,2025-08-18,1639.01
2681,2025-08-25,1627.24
2681,2025-09-01,1630.18
2681,2025-09-08,1675.28
2681,2025-09-15,1638.03
2681,2025-09-22,1687.04
2681,2025-09-29,1613.78
2681,2025-10-06,1624.67
2681,2025-10-13,1625.66
2681,2025-10-20,1641.5
2681,2025-10-27,1598.93
2681,2025-11-03,1646.45
2681,2025-11-10,1752.38
2681,2025-11-17,1704.86
2681,2025-11-24,1673.18
2681,2025-12-01,1671.2
2681,2025-12-08,1733.57
2681,2025-12-15,1796.94
2681,2025-12-22,1875.15
2681,2025-12-29,1858.32
2681,2026-01-05,1873.17
2681,2026-01-12,1899.9
2681,2026-01-19,1870.2
2681,2026-01-26,1800.9
2681,2026-02-02,1682.09
2681,2026-02-09,1663.28
2681,2026-02-16,1711.79
2681,2026-02-23,1781.09
2681,2026-03-02,1740.5
2681,2026-03-09,1689.02
2681,2026-03-16,1653.38
2681,2026-03-23,1691.0
2681,2026-03-30,1779.0
2681,2026-04-06,1830.0
2681,2026-04-13,1952.0
2681,2026-04-20,1860.0
2681,2026-04-27,1819.0
2681,2026-05-04,1850.0
2681,2026-05-11,2023.0
2681,2026-05-18,2009.0
2681,2026-05-25,2120.0
2681,2026-06-01,2031.0
2681,2026-06-08,2106.0
2681,2026-06-15,2116.0
2681,2026-06-22,2034.0
2681,2026-06-29,2040.0
2681,2026-07-06,1987.0
2681,2026-07-13,2025.0
2681,2026-07-20,2089.0
2681,2026-07-27,2090.0
2705,2025-08-04,5344.24
2705,2025-08-11,5344.24
2705,2025-08-18,5364.18
2705,2025-08-25,5443.94
2705,2025-09-01,5573.56
2705,2025-09-08,5713.15
2705,2025-09-15,5792.91
2705,2025-09-22,5862.71
2705,2025-09-29,5513.74
2705,2025-10-06,5503.76
2705,2025-10-13,5573.56
2705,2025-10-20,5683.24
2705,2025-10-27,5623.41
2705,2025-11-03,5812.85
2705,2025-11-10,5703.18
2705,2025-11-17,5723.12
2705,2025-11-24,5753.03
2705,2025-12-01,5772.97
2705,2025-12-08,5822.82
2705,2025-12-15,5812.85
2705,2025-12-22,5812.85
2705,2025-12-29,5892.62
2705,2026-01-05,6032.21
2705,2026-01-12,6381.18
2705,2026-01-19,6391.15
2705,2026-01-26,6530.74
2705,2026-02-02,6570.62
2705,2026-02-09,6780.0
2705,2026-02-16,7158.88
2705,2026-02-23,7537.76
2705,2026-03-02,7338.35
2705,2026-03-09,7009.32
2705,2026-03-16,6919.59
2705,2026-03-23,6780.0
2705,2026-03-30,6790.0
2705,2026-04-06,6930.0
2705,2026-04-13,6970.0
2705,2026-04-20,6890.0
2705,2026-04-27,6850.0
2705,2026-05-04,6750.0
2705,2026-05-11,7290.0
2705,2026-05-18,7890.0
2705,2026-05-25,7740.0
2705,2026-06-01,7000.0
2705,2026-06-08,7690.0
2705,2026-06-15,7050.0
2705,2026-06-22,7500.0
2705,2026-06-29,7700.0
2705,2026-07-06,8040.0
2705,2026-07-13,8050.0
2705,2026-07-20,8100.0
2705,2026-07-27,8580.0
2737,2025-08-04,5760.14
2737,2025-08-11,5913.24
2737,2025-08-18,5941.94
2737,2025-08-25,5989.78
2737,2025-09-01,6066.33
2737,2025-09-08,6267.27
2737,2025-09-15,6420.36
2737,2025-09-22,6496.91
2737,2025-09-29,6611.73
2737,2025-10-06,6831.8
2737,2025-10-13,6870.07
2737,2025-10-20,7233.67
2737,2025-10-27,9032.52
2737,2025-11-03,9558.78
2737,2025-11-10,10381.66
2737,2025-11-17,10075.47
2737,2025-11-24,11194.96
2737,2025-12-01,11166.26
2737,2025-12-08,11194.96
2737,2025-12-15,11204.53
2737,2025-12-22,12333.6
2737,2025-12-29,12658.92
2737,2026-01-05,12036.98
2737,2026-01-12,13060.79
2737,2026-01-19,13979.35
2737,2026-01-26,11233.24
2737,2026-02-02,11635.11
2737,2026-02-09,11922.16
2737,2026-02-16,12869.42
2737,2026-02-23,13395.68
2737,2026-03-02,12046.55
2737,2026-03-09,11816.91
2737,2026-03-16,11807.34
2737,2026-03-23,11970.0
2737,2026-03-30,11960.0
2737,2026-04-06,12100.0
2737,2026-04-13,11800.0
2737,2026-04-20,14620.0
2737,2026-04-27,15070.0
2737,2026-05-04,16420.0
2737,2026-05-11,14600.0
2737,2026-05-18,14990.0
2737,2026-05-25,13990.0
2737,2026-06-01,14680.0
2737,2026-06-08,14490.0
2737,2026-06-15,16130.0
2737,2026-06-22,18470.0
2737,2026-06-29,16730.0
2737,2026-07-06,15690.0
2737,2026-07-13,15120.0
2737,2026-07-20,16520.0
2737,2026-07-27,21150.0
2767,2025-08-04,2330.32
2767,2025-08-11,2222.71
2767,2025-08-18,2018.91
2767,2025-08-25,2015.1
2767,2025-09-01,2176.99
2767,2025-09-08,2133.19
2767,2025-09-15,2105.57
2767,2025-09-22,2164.61
2767,2025-09-29,2216.04
2767,2025-10-06,2236.04
2767,2025-10-13,2132.24
2767,2025-10-20,2120.81
2767,2025-10-27,2068.43
2767,2025-11-03,1890.35
2767,2025-11-10,1911.3
2767,2025-11-17,1818.92
2767,2025-11-24,1900.82
2767,2025-12-01,1779.88
2767,2025-12-08,1761.78
2767,2025-12-15,1760.83
2767,2025-12-22,1767.5
2767,2025-12-29,1766.55
2767,2026-01-05,1714.17
2767,2026-01-12,1695.12
2767,2026-01-19,1762.74
2767,2026-01-26,1745.6
2767,2026-02-02,1689.41
2767,2026-02-09,1549.42
2767,2026-02-16,1453.23
2767,2026-02-23,1478.95
2767,2026-03-02,1435.14
2767,2026-03-09,1426.57
2767,2026-03-16,1383.72
2767,2026-03-23,1398.0
2767,2026-03-30,1459.0
2767,2026-04-06,1453.0
2767,2026-04-13,1480.0
2767,2026-04-20,1431.0
2767,2026-04-27,1389.0
2767,2026-05-04,1425.0
2767,2026-05-11,1463.0
2767,2026-05-18,1406.0
2767,2026-05-25,1383.0
2767,2026-06-01,1378.0
2767,2026-06-08,1364.0
2767,2026-06-15,1338.0
2767,2026-06-22,1380.0
2767,2026-06-29,1378.0
2767,2026-07-06,1435.0
2767,2026-07-13,1467.0
2767,2026-07-20,1475.0
2767,2026-07-27,2410.0
2788,2025-08-04,332.94
2788,2025-08-11,334.88
2788,2025-08-18,335.85
2788,2025-08-25,352.35
2788,2025-09-01,364.0
2788,2025-09-08,357.21
2788,2025-09-15,341.68
2788,2025-09-22,341.68
2788,2025-09-29,337.79
2788,2025-10-06,332.94
2788,2025-10-13,331.97
2788,2025-10-20,338.77
2788,2025-10-27,331.0
2788,2025-11-03,339.74
2788,2025-11-10,331.97
2788,2025-11-17,331.0
2788,2025-11-24,332.94
2788,2025-12-01,332.94
2788,2025-12-08,331.0
2788,2025-12-15,329.06
2788,2025-12-22,331.0
2788,2025-12-29,337.0
2788,2026-01-05,341.0
2788,2026-01-12,347.0
2788,2026-01-19,360.0
2788,2026-01-26,350.0
2788,2026-02-02,343.0
2788,2026-02-09,350.0
2788,2026-02-16,356.0
2788,2026-02-23,361.0
2788,2026-03-02,356.0
2788,2026-03-09,350.0
2788,2026-03-16,347.0
2788,2026-03-23,343.0
2788,2026-03-30,345.0
2788,2026-04-06,348.0
2788,2026-04-13,352.0
2788,2026-04-20,342.0
2788,2026-04-27,339.0
2788,2026-05-04,335.0
2788,2026-05-11,347.0
2788,2026-05-18,377.0
2788,2026-05-25,378.0
2788,2026-06-01,378.0
2788,2026-06-08,369.0
2788,2026-06-15,366.0
2788,2026-06-22,361.0
2788,2026-06-29,379.0
2788,2026-07-06,385.0
2788,2026-07-13,381.0
2788,2026-07-20,382.0
2788,2026-07-27,390.0
2801,2025-08-04,1285.88
2801,2025-08-11,1300.61
2801,2025-08-18,1281.95
2801,2025-08-25,1248.08
2801,2025-09-01,1281.46
2801,2025-09-08,1275.57
2801,2025-09-15,1267.72
2801,2025-09-22,1271.15
2801,2025-09-29,1233.55
2801,2025-10-06,1267.19
2801,2025-10-13,1277.09
2801,2025-10-20,1251.36
2801,2025-10-27,1213.26
2801,2025-11-03,1354.28
2801,2025-11-10,1360.71
2801,2025-11-17,1423.55
2801,2025-11-24,1415.14
2801,2025-12-01,1378.52
2801,2025-12-08,1420.09
2801,2025-12-15,1442.35
2801,2025-12-22,1410.19
2801,2025-12-29,1407.22
2801,2026-01-05,1381.49
2801,2026-01-12,1374.57
2801,2026-01-19,1427.02
2801,2026-01-26,1376.05
2801,2026-02-02,1385.95
2801,2026-02-09,1475.51
2801,2026-02-16,1467.59
2801,2026-02-23,1484.41
2801,2026-03-02,1392.87
2801,2026-03-09,1300.84
2801,2026-03-16,1322.61
2801,2026-03-23,1428.5
2801,2026-03-30,1558.0
2801,2026-04-06,1523.0
2801,2026-04-13,1484.0
2801,2026-04-20,1434.0
2801,2026-04-27,1434.0
2801,2026-05-04,1386.5
2801,2026-05-11,1408.0
2801,2026-05-18,1425.5
2801,2026-05-25,1393.0
2801,2026-06-01,1437.0
2801,2026-06-08,1629.0
2801,2026-06-15,1540.0
2801,2026-06-22,1633.5
2801,2026-06-29,1631.5
2801,2026-07-06,1619.0
2801,2026-07-13,1667.0
2801,2026-07-20,1613.0
2801,2026-07-27,1647.5
2805,2025-08-04,3121.4
2805,2025-08-11,3047.32
2805,2025-08-18,3126.34
2805,2025-08-25,3368.35
2805,2025-09-01,3353.53
2805,2025-09-08,3432.55
2805,2025-09-15,3328.84
2805,2025-09-22,3437.49
2805,2025-09-29,3287.3
2805,2025-10-06,3232.6
2805,2025-10-13,3242.54
2805,2025-10-20,3242.54
2805,2025-10-27,3317.14
2805,2025-11-03,3327.09
2805,2025-11-10,3396.71
2805,2025-11-17,3481.26
2805,2025-11-24,3555.85
2805,2025-12-01,3501.15
2805,2025-12-08,3680.19
2805,2025-12-15,3918.9
2805,2025-12-22,3908.95
2805,2025-12-29,4008.42
2805,2026-01-05,3918.9
2805,2026-01-12,4028.31
2805,2026-01-19,4386.38
2805,2026-01-26,4346.6
2805,2026-02-02,4431.14
2805,2026-02-09,4341.62
2805,2026-02-16,4421.2
2805,2026-02-23,4600.23
2805,2026-03-02,4550.5
2805,2026-03-09,4421.2
2805,2026-03-16,4530.61
2805,2026-03-23,4829.0
2805,2026-03-30,4995.0
2805,2026-04-06,5080.0
2805,2026-04-13,4720.0
2805,2026-04-20,4560.0
2805,2026-04-27,4550.0
2805,2026-05-04,4450.0
2805,2026-05-11,4960.0
2805,2026-05-18,5350.0
2805,2026-05-25,5630.0
2805,2026-06-01,4920.0
2805,2026-06-08,5190.0
2805,2026-06-15,5360.0
2805,2026-06-22,5240.0
2805,2026-06-29,5430.0
2805,2026-07-06,5810.0
2805,2026-07-13,5980.0
2805,2026-07-20,6300.0
2805,2026-07-27,6600.0
2809,2025-08-04,4192.26
2809,2025-08-11,4114.44
2809,2025-08-18,4184.38
2809,2025-08-25,4075.04
2809,2025-09-01,4192.26
2809,2025-09-08,4116.41
2809,2025-09-15,4090.8
2809,2025-09-22,4192.26
2809,2025-09-29,4028.74
2809,2025-10-06,4106.56
2809,2025-10-13,4192.26
2809,2025-10-20,4215.9
2809,2025-10-27,4208.02
2809,2025-11-03,4218.85
2809,2025-11-10,4253.33
2809,2025-11-17,4262.19
2809,2025-11-24,4370.61
2809,2025-12-01,4173.16
2809,2025-12-08,4274.37
2809,2025-12-15,4368.63
2809,2025-12-22,4316.04
2809,2025-12-29,4292.23
2809,2026-01-05,4173.16
2809,2026-01-12,4194.0
2809,2026-01-19,4315.05
2809,2026-01-26,4301.16
2809,2026-02-02,4571.03
2809,2026-02-09,4565.08
2809,2026-02-16,4427.17
2809,2026-02-23,4443.04
2809,2026-03-02,4350.77
2809,2026-03-09,4258.49
2809,2026-03-16,4217.81
2809,2026-03-23,4088.83
2809,2026-03-30,4068.98
2809,2026-04-06,3849.71
2809,2026-04-13,3914.2
2809,2026-04-20,3911.23
2809,2026-04-27,4117.6
2809,2026-05-04,3963.81
2809,2026-05-11,4032.27
2809,2026-05-18,4125.54
2809,2026-05-25,4027.0
2809,2026-06-01,3960.0
2809,2026-06-08,4184.0
2809,2026-06-15,4144.0
2809,2026-06-22,4397.0
2809,2026-06-29,4416.0
2809,2026-07-06,4380.0
2809,2026-07-13,4630.0
2809,2026-07-20,4475.0
2809,2026-07-27,4553.0
2810,2025-08-04,2777.08
2810,2025-08-11,2764.86
2810,2025-08-18,2793.68
2810,2025-08-25,2766.82
2810,2025-09-01,2853.77
2810,2025-09-08,2865.49
2810,2025-09-15,2873.31
2810,2025-09-22,2892.85
2810,2025-09-29,2827.35
2810,2025-10-06,2839.66
2810,2025-10-13,2862.31
2810,2025-10-20,2860.34
2810,2025-10-27,2843.6
2810,2025-11-03,2867.24
2810,2025-11-10,2863.3
2810,2025-11-17,2881.03
2810,2025-11-24,2882.01
2810,2025-12-01,2822.42
2810,2025-12-08,2840.65
2810,2025-12-15,2857.39
2810,2025-12-22,2840.15
2810,2025-12-29,2835.23
2810,2026-01-05,2856.9
2810,2026-01-12,2908.12
2810,2026-01-19,3002.18
2810,2026-01-26,2949.48
2810,2026-02-02,3041.58
2810,2026-02-09,3054.38
2810,2026-02-16,3009.08
2810,2026-02-23,3040.59
2810,2026-03-02,3006.12
2810,2026-03-09,2947.51
2810,2026-03-16,2966.72
2810,2026-03-23,3014.0
2810,2026-03-30,3105.0
2810,2026-04-06,3073.0
2810,2026-04-13,3086.0
2810,2026-04-20,3008.0
2810,2026-04-27,3004.0
2810,2026-05-04,2959.5
2810,2026-05-11,3368.0
2810,2026-05-18,3506.0
2810,2026-05-25,3417.0
2810,2026-06-01,3439.0
2810,2026-06-08,3526.0
2810,2026-06-15,3576.0
2810,2026-06-22,3674.0
2810,2026-06-29,3850.0
2810,2026-07-06,3829.0
2810,2026-07-13,3900.0
2810,2026-07-20,3919.0
2810,2026-07-27,3873.0
2871,2025-08-04,1662.79
2871,2025-08-11,1662.79
2871,2025-08-18,1697.4
2871,2025-08-25,1654.5
2871,2025-09-01,1656.45
2871,2025-09-08,1679.85
2871,2025-09-15,1708.61
2871,2025-09-22,1716.9
2871,2025-09-29,1710.97
2871,2025-10-06,1723.82
2871,2025-10-13,1747.03
2871,2025-10-20,1767.28
2871,2025-10-27,1799.88
2871,2025-11-03,1827.54
2871,2025-11-10,1847.3
2871,2025-11-17,1879.9
2871,2025-11-24,1923.36
2871,2025-12-01,1814.21
2871,2025-12-08,1825.07
2871,2025-12-15,1879.4
2871,2025-12-22,1841.87
2871,2025-12-29,1843.35
2871,2026-01-05,1804.82
2871,2026-01-12,1786.05
2871,2026-01-19,1858.17
2871,2026-01-26,1888.79
2871,2026-02-02,1976.71
2871,2026-02-09,2033.51
2871,2026-02-16,2053.76
2871,2026-02-23,2098.71
2871,2026-03-02,2034.0
2871,2026-03-09,1932.75
2871,2026-03-16,1950.53
2871,2026-03-23,1953.0
2871,2026-03-30,2010.5
2871,2026-04-06,1940.5
2871,2026-04-13,1924.5
2871,2026-04-20,1883.0
2871,2026-04-27,1891.0
2871,2026-05-04,1888.0
2871,2026-05-11,1858.0
2871,2026-05-18,1820.5
2871,2026-05-25,1822.0
2871,2026-06-01,1935.0
2871,2026-06-08,2130.5
2871,2026-06-15,2047.0
2871,2026-06-22,2190.0
2871,2026-06-29,2164.0
2871,2026-07-06,2134.0
2871,2026-07-13,2135.5
2871,2026-07-20,2150.0
2871,2026-07-27,2203.5
2892,2025-08-04,3456.09
2892,2025-08-11,3456.09
2892,2025-08-18,3412.83
2892,2025-08-25,3379.18
2892,2025-09-01,3557.04
2892,2025-09-08,3547.42
2892,2025-09-15,3508.97
2892,2025-09-22,3504.16
2892,2025-09-29,3376.74
2892,2025-10-06,3406.14
2892,2025-10-13,3425.75
2892,2025-10-20,3518.86
2892,2025-10-27,3460.05
2892,2025-11-03,3499.26
2892,2025-11-10,3464.95
2892,2025-11-17,3474.76
2892,2025-11-24,3533.57
2892,2025-12-01,3533.57
2892,2025-12-08,3548.27
2892,2025-12-15,3906.04
2892,2025-12-22,4028.56
2892,2025-12-29,3959.95
2892,2026-01-05,4028.56
2892,2026-01-12,4043.26
2892,2026-01-19,4082.47
2892,2026-01-26,3734.5
2892,2026-02-02,3734.5
2892,2026-02-09,3768.81
2892,2026-02-16,3866.83
2892,2026-02-23,3901.14
2892,2026-03-02,3763.91
2892,2026-03-09,3705.1
2892,2026-03-16,3660.99
2892,2026-03-23,3710.0
2892,2026-03-30,3865.0
2892,2026-04-06,3810.0
2892,2026-04-13,3885.0
2892,2026-04-20,3890.0
2892,2026-04-27,3815.0
2892,2026-05-04,3940.0
2892,2026-05-11,4010.0
2892,2026-05-18,3980.0
2892,2026-05-25,4035.0
2892,2026-06-01,4030.0
2892,2026-06-08,3950.0
2892,2026-06-15,3890.0
2892,2026-06-22,4155.0
2892,2026-06-29,4210.0
2892,2026-07-06,4400.0
2892,2026-07-13,4290.0
2892,2026-07-20,4555.0
2892,2026-07-27,4445.0
2914,2025-08-04,4564.59
2914,2025-08-11,4533.06
2914,2025-08-18,4615.23
2914,2025-08-25,4479.55
2914,2025-09-01,4531.14
2914,2025-09-08,4533.06
2914,2025-09-15,4557.9
2914,2025-09-22,4703.14
2914,2025-09-29,4709.83
2914,2025-10-06,4685.94
2914,2025-10-13,4784.36
2914,2025-10-20,4749.96
2914,2025-10-27,5126.44
2914,2025-11-03,5301.3
2914,2025-11-10,5432.21
2914,2025-11-17,5513.43
2914,2025-11-24,5606.12
2914,2025-12-01,5485.72
2914,2025-12-08,5513.43
2914,2025-12-15,5517.26
2914,2025-12-22,5502.92
2914,2025-12-29,5513.68
2914,2026-01-05,5647.61
2914,2026-01-12,5670.09
2914,2026-01-19,5521.5
2914,2026-01-26,5456.0
2914,2026-02-02,5903.74
2914,2026-02-09,5950.66
2914,2026-02-16,5761.01
2914,2026-02-23,5852.9
2914,2026-03-02,5586.02
2914,2026-03-09,5583.09
2914,2026-03-16,5716.04
2914,2026-03-23,5844.11
2914,2026-03-30,5968.26
2914,2026-04-06,5839.22
2914,2026-04-13,5670.09
2914,2026-04-20,5698.44
2914,2026-04-27,5754.17
2914,2026-05-04,5639.79
2914,2026-05-11,6159.87
2914,2026-05-18,5996.61
2914,2026-05-25,6028.87
2914,2026-06-01,5839.22
2914,2026-06-08,6038.65
2914,2026-06-15,5938.93
2914,2026-06-22,5936.0
2914,2026-06-29,6057.0
2914,2026-07-06,6117.0
2914,2026-07-13,6347.0
2914,2026-07-20,6461.0
2914,2026-07-27,7135.0
2922,2025-08-04,2004.82
2922,2025-08-11,1987.05
2922,2025-08-18,1987.05
2922,2025-08-25,1970.27
2922,2025-09-01,1973.23
2922,2025-09-08,1983.1
2922,2025-09-15,1993.96
2922,2025-09-22,2013.7
2922,2025-09-29,1967.01
2922,2025-10-06,1958.07
2922,2025-10-13,1974.96
2922,2025-10-20,1987.88
2922,2025-10-27,1933.24
2922,2025-11-03,1935.22
2922,2025-11-10,1920.32
2922,2025-11-17,1926.28
2922,2025-11-24,1953.1
2922,2025-12-01,1900.45
2922,2025-12-08,1868.66
2922,2025-12-15,1884.56
2922,2025-12-22,1890.52
2922,2025-12-29,1891.51
2922,2026-01-05,1913.37
2922,2026-01-12,1909.39
2922,2026-01-19,1889.52
2922,2026-01-26,1872.64
2922,2026-02-02,1909.39
2922,2026-02-09,1920.32
2922,2026-02-16,1921.31
2922,2026-02-23,1959.07
2922,2026-03-02,1930.26
2922,2026-03-09,1922.31
2922,2026-03-16,1929.26
2922,2026-03-23,1969.0
2922,2026-03-30,1898.0
2922,2026-04-06,1895.0
2922,2026-04-13,1903.0
2922,2026-04-20,1865.0
2922,2026-04-27,1858.0
2922,2026-05-04,1869.0
2922,2026-05-11,1900.0
2922,2026-05-18,1881.0
2922,2026-05-25,1889.0
2922,2026-06-01,1870.0
2922,2026-06-08,1906.0
2922,2026-06-15,1923.0
2922,2026-06-22,1919.0
2922,2026-06-29,1952.0
2922,2026-07-06,1980.0
2922,2026-07-13,2000.0
2922,2026-07-20,1984.0
2922,2026-07-27,1971.0
2999,2025-08-04,583.15
2999,2025-08-11,589.05
2999,2025-08-18,599.87
2999,2025-08-25,496.0
2999,2025-09-01,472.0
2999,2025-09-08,470.0
2999,2025-09-15,481.0
2999,2025-09-22,459.0
2999,2025-09-29,439.0
2999,2025-10-06,442.0
2999,2025-10-13,414.0
2999,2025-10-20,425.0
2999,2025-10-27,424.0
2999,2025-11-03,434.0
2999,2025-11-10,432.0
2999,2025-11-17,428.0
2999,2025-11-24,432.0
2999,2025-12-01,451.0
2999,2025-12-08,450.0
2999,2025-12-15,446.0
2999,2025-12-22,456.0
2999,2025-12-29,463.0
2999,2026-01-05,490.0
2999,2026-01-12,475.0
2999,2026-01-19,493.0
2999,2026-01-26,484.0
2999,2026-02-02,485.0
2999,2026-02-09,482.0
2999,2026-02-16,474.0
2999,2026-02-23,467.0
2999,2026-03-02,461.0
2999,2026-03-09,455.0
2999,2026-03-16,473.0
2999,2026-03-23,477.0
2999,2026-03-30,511.0
2999,2026-04-06,500.0
2999,2026-04-13,576.0
2999,2026-04-20,572.0
2999,2026-04-27,571.0
2999,2026-05-04,572.0
2999,2026-05-11,571.0
2999,2026-05-18,560.0
2999,2026-05-25,566.0
2999,2026-06-01,569.0
2999,2026-06-08,572.0
2999,2026-06-15,573.0
2999,2026-06-22,580.0
2999,2026-06-29,603.0
2999,2026-07-06,595.0
2999,2026-07-13,629.0
2999,2026-07-20,628.0
2999,2026-07-27,641.0
3075,2025-08-04,1559.98
3075,2025-08-11,1574.85
3075,2025-08-18,1596.67
3075,2025-08-25,1550.06
3075,2025-09-01,1557.99
3075,2025-09-08,1552.04
3075,2025-09-15,1562.95
3075,2025-09-22,1576.84
3075,2025-09-29,1558.99
3075,2025-10-06,1547.08
3075,2025-10-13,1520.31
3075,2025-10-20,1507.42
3075,2025-10-27,1512.37
3075,2025-11-03,1504.44
3075,2025-11-10,1507.42
3075,2025-11-17,1500.47
3075,2025-11-24,1511.38
3075,2025-12-01,1521.3
3075,2025-12-08,1535.18
3075,2025-12-15,1540.14
3075,2025-12-22,1534.19
3075,2025-12-29,1564.94
3075,2026-01-05,1596.67
3075,2026-01-12,1636.34
3075,2026-01-19,1635.35
3075,2026-01-26,1611.55
3075,2026-02-02,1644.27
3075,2026-02-09,1642.29
3075,2026-02-16,1658.16
3075,2026-02-23,1616.0
3075,2026-03-02,1611.0
3075,2026-03-09,1600.0
3075,2026-03-16,1597.0
3075,2026-03-23,1582.0
3075,2026-03-30,1594.0
3075,2026-04-06,1605.0
3075,2026-04-13,1603.0
3075,2026-04-20,1597.0
3075,2026-04-27,1610.0
3075,2026-05-04,1617.0
3075,2026-05-11,1604.0
3075,2026-05-18,1597.0
3075,2026-05-25,1601.0
3075,2026-06-01,1600.0
3075,2026-06-08,1606.0
3075,2026-06-15,1615.0
3075,2026-06-22,1633.0
3075,2026-06-29,1647.0
3075,2026-07-06,1665.0
3075,2026-07-13,1693.0
3075,2026-07-20,1705.0
3075,2026-07-27,1722.0
3087,2025-08-04,2557.11
3087,2025-08-11,2519.88
3087,2025-08-18,2548.29
3087,2025-08-25,2541.37
3087,2025-09-01,2629.48
3087,2025-09-08,2615.62
3087,2025-09-15,2649.28
3087,2025-09-22,2695.82
3087,2025-09-29,2555.23
3087,2025-10-06,2591.86
3087,2025-10-13,2472.07
3087,2025-10-20,2433.46
3087,2025-10-27,2380.0
3087,2025-11-03,2408.71
3087,2025-11-10,2445.34
3087,2025-11-17,2482.96
3087,2025-11-24,2537.41
3087,2025-12-01,2492.86
3087,2025-12-08,2520.58
3087,2025-12-15,2548.3
3087,2025-12-22,2583.94
3087,2025-12-29,2572.06
3087,2026-01-05,2605.72
3087,2026-01-12,2700.77
3087,2026-01-19,2798.78
3087,2026-01-26,2791.85
3087,2026-02-02,2863.13
3087,2026-02-09,2926.49
3087,2026-02-16,2945.3
3087,2026-02-23,2996.0
3087,2026-03-02,2910.0
3087,2026-03-09,2887.0
3087,2026-03-16,2920.0
3087,2026-03-23,2994.0
3087,2026-03-30,3010.0
3087,2026-04-06,2998.0
3087,2026-04-13,2888.0
3087,2026-04-20,2762.0
3087,2026-04-27,2761.0
3087,2026-05-04,2759.0
3087,2026-05-11,2868.0
3087,2026-05-18,2830.0
3087,2026-05-25,2663.0
3087,2026-06-01,2575.0
3087,2026-06-08,2677.0
3087,2026-06-15,2647.0
3087,2026-06-22,2690.0
3087,2026-06-29,2740.0
3087,2026-07-06,2756.0
3087,2026-07-13,2958.0
3087,2026-07-20,3090.0
3087,2026-07-27,3195.0
3091,2025-08-04,1915.39
3091,2025-08-11,1900.58
3091,2025-08-18,1898.11
3091,2025-08-25,1870.96
3091,2025-09-01,1945.01
3091,2025-09-08,1967.22
3091,2025-09-15,1972.16
3091,2025-09-22,1979.56
3091,2025-09-29,1848.74
3091,2025-10-06,1841.34
3091,2025-10-13,1875.89
3091,2025-10-20,1873.43
3091,2025-10-27,1848.74
3091,2025-11-03,1851.21
3091,2025-11-10,1910.45
3091,2025-11-17,1927.73
3091,2025-11-24,1967.22
3091,2025-12-01,1925.26
3091,2025-12-08,1930.2
3091,2025-12-15,1935.13
3091,2025-12-22,1952.41
3091,2025-12-29,1875.6
3091,2026-01-05,1912.77
3091,2026-01-12,1942.5
3091,2026-01-19,1927.63
3091,2026-01-26,1897.9
3091,2026-02-02,1925.16
3091,2026-02-09,1962.32
3091,2026-02-16,1952.41
3091,2026-02-23,2088.68
3091,2026-03-02,2108.5
3091,2026-03-09,2113.46
3091,2026-03-16,2101.07
3091,2026-03-23,2272.03
3091,2026-03-30,2224.96
3091,2026-04-06,2202.66
3091,2026-04-13,2170.45
3091,2026-04-20,2039.13
3091,2026-04-27,2051.52
3091,2026-05-04,2058.95
3091,2026-05-11,2078.77
3091,2026-05-18,2130.8
3091,2026-05-25,2088.68
3091,2026-06-01,2039.13
3091,2026-06-08,2155.58
3091,2026-06-15,2289.38
3091,2026-06-22,2220.0
3091,2026-06-29,2206.0
3091,2026-07-06,2249.0
3091,2026-07-13,2403.0
3091,2026-07-20,2540.0
3091,2026-07-27,2694.0
3097,2025-08-04,4079.23
3097,2025-08-11,4292.36
3097,2025-08-18,4332.02
3097,2025-08-25,4153.58
3097,2025-09-01,4327.06
3097,2025-09-08,4302.28
3097,2025-09-15,4356.8
3097,2025-09-22,4480.71
3097,2025-09-29,4183.32
3097,2025-10-06,3975.15
3097,2025-10-13,3925.58
3097,2025-10-20,3895.84
3097,2025-10-27,3821.49
3097,2025-11-03,3885.93
3097,2025-11-10,4203.15
3097,2025-11-17,4272.54
3097,2025-11-24,4396.45
3097,2025-12-01,4346.89
3097,2025-12-08,4317.15
3097,2025-12-15,4460.89
3097,2025-12-22,4505.5
3097,2025-12-29,4390.99
3097,2026-01-05,4376.06
3097,2026-01-12,4400.95
3097,2026-01-19,4331.25
3097,2026-01-26,4137.09
3097,2026-02-02,4226.7
3097,2026-02-09,4839.05
3097,2026-02-16,4988.41
3097,2026-02-23,4988.41
3097,2026-03-02,5217.41
3097,2026-03-09,4878.88
3097,2026-03-16,4774.33
3097,2026-03-23,4794.25
3097,2026-03-30,4789.27
3097,2026-04-06,4450.73
3097,2026-04-13,4386.01
3097,2026-04-20,4196.83
3097,2026-04-27,4281.47
3097,2026-05-04,4186.88
3097,2026-05-11,4769.35
3097,2026-05-18,4858.97
3097,2026-05-25,5008.32
3097,2026-06-01,4610.04
3097,2026-06-08,4709.61
3097,2026-06-15,4620.0
3097,2026-06-22,4620.0
3097,2026-06-29,4740.0
3097,2026-07-06,4985.0
3097,2026-07-13,5200.0
3097,2026-07-20,4975.0
3097,2026-07-27,5480.0
3107,2025-08-04,2945.99
3107,2025-08-11,2963.38
3107,2025-08-18,3141.1
3107,2025-08-25,3035.82
3107,2025-09-01,3002.01
3107,2025-09-08,3031.95
3107,2025-09-15,2868.24
3107,2025-09-22,2934.4
3107,2025-09-29,2834.23
3107,2025-10-06,2789.55
3107,2025-10-13,2756.16
3107,2025-10-20,2840.12
3107,2025-10-27,2833.25
3107,2025-11-03,2730.13
3107,2025-11-10,2830.79
3107,2025-11-17,2954.04
3107,2025-11-24,2987.43
3107,2025-12-01,2841.1
3107,2025-12-08,2927.03
3107,2025-12-15,3013.95
3107,2025-12-22,3027.7
3107,2025-12-29,3025.73
3107,2026-01-05,3050.28
3107,2026-01-12,3124.92
3107,2026-01-19,3057.16
3107,2026-01-26,2981.54
3107,2026-02-02,3100.37
3107,2026-02-09,3052.25
3107,2026-02-16,2972.7
3107,2026-02-23,3142.6
3107,2026-03-02,2958.95
3107,2026-03-09,2853.87
3107,2026-03-16,2915.25
3107,2026-03-23,3011.0
3107,2026-03-30,3183.0
3107,2026-04-06,3098.0
3107,2026-04-13,3166.0
3107,2026-04-20,3134.0
3107,2026-04-27,3202.0
3107,2026-05-04,3403.0
3107,2026-05-11,3450.0
3107,2026-05-18,3485.0
3107,2026-05-25,3422.0
3107,2026-06-01,3513.0
3107,2026-06-08,3411.0
3107,2026-06-15,3333.0
3107,2026-06-22,3420.0
3107,2026-06-29,3504.0
3107,2026-07-06,3392.0
3107,2026-07-13,3392.0
3107,2026-07-20,3512.0
3107,2026-07-27,3576.0
3131,2025-08-04,2752.14
3131,2025-08-11,2709.16
3131,2025-08-18,2705.34
3131,2025-08-25,3065.36
3131,2025-09-01,2969.86
3131,2025-09-08,3199.05
3131,2025-09-15,3151.3
3131,2025-09-22,3199.05
3131,2025-09-29,3165.62
3131,2025-10-06,3194.27
3131,2025-10-13,2974.64
3131,2025-10-20,3070.13
3131,2025-10-27,3347.06
3131,2025-11-03,3318.41
3131,2025-11-10,2627.99
3131,2025-11-17,2520.08
3131,2025-11-24,2593.62
3131,2025-12-01,2561.15
3131,2025-12-08,2616.53
3131,2025-12-15,2559.24
3131,2025-12-22,2746.41
3131,2025-12-29,2767.41
3131,2026-01-05,2797.02
3131,2026-01-12,2826.62
3131,2026-01-19,2874.37
3131,2026-01-26,2898.24
3131,2026-02-02,2847.63
3131,2026-02-09,2776.01
3131,2026-02-16,2825.67
3131,2026-02-23,2950.76
3131,2026-03-02,2801.79
3131,2026-03-09,2674.79
3131,2026-03-16,2700.57
3131,2026-03-23,2755.0
3131,2026-03-30,2695.0
3131,2026-04-06,2731.0
3131,2026-04-13,2779.0
3131,2026-04-20,2744.0
3131,2026-04-27,2857.0
3131,2026-05-04,3055.0
3131,2026-05-11,3125.0
3131,2026-05-18,3200.0
3131,2026-05-25,3455.0
3131,2026-06-01,3655.0
3131,2026-06-08,3350.0
3131,2026-06-15,3615.0
3131,2026-06-22,3555.0
3131,2026-06-29,4025.0
3131,2026-07-06,3635.0
3131,2026-07-13,3375.0
3131,2026-07-20,3515.0
3131,2026-07-27,4100.0
3132,2025-08-04,2066.53
3132,2025-08-11,1999.67
3132,2025-08-18,1969.14
3132,2025-08-25,1966.24
3132,2025-09-01,1993.85
3132,2025-09-08,2088.82
3132,2025-09-15,2046.18
3132,2025-09-22,2042.31
3132,2025-09-29,1975.79
3132,2025-10-06,1974.81
3132,2025-10-13,2028.51
3132,2025-10-20,2176.82
3132,2025-10-27,2166.96
3132,2025-11-03,2236.93
3132,2025-11-10,2297.04
3132,2025-11-17,2189.63
3132,2025-11-24,2286.2
3132,2025-12-01,2318.23
3132,2025-12-08,2510.88
3132,2025-12-15,2374.89
3132,2025-12-22,2379.82
3132,2025-12-29,2357.65
3132,2026-01-05,2440.91
3132,2026-01-12,2552.27
3132,2026-01-19,2602.53
3132,2026-01-26,2609.42
3132,2026-02-02,2490.68
3132,2026-02-09,2606.47
3132,2026-02-16,2590.7
3132,2026-02-23,2728.17
3132,2026-03-02,2426.63
3132,2026-03-09,2254.67
3132,2026-03-16,2337.94
3132,2026-03-23,2367.5
3132,2026-03-30,2289.5
3132,2026-04-06,2299.0
3132,2026-04-13,2378.0
3132,2026-04-20,2535.5
3132,2026-04-27,2594.0
3132,2026-05-04,2765.0
3132,2026-05-11,3241.0
3132,2026-05-18,3227.0
3132,2026-05-25,3110.0
3132,2026-06-01,3493.0
3132,2026-06-08,3170.0
3132,2026-06-15,3350.0
3132,2026-06-22,3184.0
3132,2026-06-29,3175.0
3132,2026-07-06,3256.0
3132,2026-07-13,3201.0
3132,2026-07-20,3378.0
3132,2026-07-27,3295.0
3151,2025-08-04,1199.59
3151,2025-08-11,1211.0
3151,2025-08-18,1219.56
3151,2025-08-25,1191.98
3151,2025-09-01,1230.98
3151,2025-09-08,1245.25
3151,2025-09-15,1262.37
3151,2025-09-22,1286.16
3151,2025-09-29,1263.71
3151,2025-10-06,1268.59
3151,2025-10-13,1262.74
3151,2025-10-20,1253.95
3151,2025-10-27,1213.94
3151,2025-11-03,1207.11
3151,2025-11-10,1228.58
3151,2025-11-17,1254.93
3151,2025-11-24,1292.01
3151,2025-12-01,1252.0
3151,2025-12-08,1287.13
3151,2025-12-15,1322.26
3151,2025-12-22,1345.68
3151,2025-12-29,1336.9
3151,2026-01-05,1410.09
3151,2026-01-12,1415.94
3151,2026-01-19,1424.72
3151,2026-01-26,1368.13
3151,2026-02-02,1378.86
3151,2026-02-09,1339.83
3151,2026-02-16,1364.22
3151,2026-02-23,1454.0
3151,2026-03-02,1398.38
3151,2026-03-09,1389.59
3151,2026-03-16,1408.14
3151,2026-03-23,1454.0
3151,2026-03-30,1467.0
3151,2026-04-06,1505.0
3151,2026-04-13,1504.0
3151,2026-04-20,1420.0
3151,2026-04-27,1397.0
3151,2026-05-04,1399.0
3151,2026-05-11,1441.0
3151,2026-05-18,1561.0
3151,2026-05-25,1640.0
3151,2026-06-01,1544.0
3151,2026-06-08,1554.0
3151,2026-06-15,1522.0
3151,2026-06-22,1520.0
3151,2026-06-29,1526.0
3151,2026-07-06,1560.0
3151,2026-07-13,1635.0
3151,2026-07-20,1661.0
3151,2026-07-27,1676.0
3179,2025-08-04,1115.38
3179,2025-08-11,1094.24
3179,2025-08-18,1146.12
3179,2025-08-25,1176.86
3179,2025-09-01,1200.88
3179,2025-09-08,1208.56
3179,2025-09-15,1202.8
3179,2025-09-22,1206.64
3179,2025-09-29,1201.84
3179,2025-10-06,1225.86
3179,2025-10-13,1224.9
3179,2025-10-20,1266.21
3179,2025-10-27,1222.97
3179,2025-11-03,1205.68
3179,2025-11-10,1155.72
3179,2025-11-17,1186.47
3179,2025-11-24,1183.59
3179,2025-12-01,1127.86
3179,2025-12-08,1056.77
3179,2025-12-15,1077.91
3179,2025-12-22,1108.65
3179,2025-12-29,1104.81
3179,2026-01-05,1100.0
3179,2026-01-12,1157.65
3179,2026-01-19,1164.37
3179,2026-01-26,1112.49
3179,2026-02-02,1159.57
3179,2026-02-09,1214.33
3179,2026-02-16,1278.69
3179,2026-02-23,1308.48
3179,2026-03-02,1232.58
3179,2026-03-09,1189.35
3179,2026-03-16,1166.29
3179,2026-03-23,1149.0
3179,2026-03-30,1102.0
3179,2026-04-06,1201.0
3179,2026-04-13,1124.0
3179,2026-04-20,1079.0
3179,2026-04-27,1092.0
3179,2026-05-04,1085.0
3179,2026-05-11,1017.0
3179,2026-05-18,1080.0
3179,2026-05-25,1061.0
3179,2026-06-01,1056.0
3179,2026-06-08,1091.0
3179,2026-06-15,1121.0
3179,2026-06-22,1083.0
3179,2026-06-29,1057.0
3179,2026-07-06,1066.0
3179,2026-07-13,1096.0
3179,2026-07-20,1240.0
3179,2026-07-27,1355.0
3191,2025-08-04,2086.77
3191,2025-08-11,2080.99
3191,2025-08-18,2101.2
3191,2025-08-25,2050.21
3191,2025-09-01,2111.78
3191,2025-09-08,2109.86
3191,2025-09-15,2096.39
3191,2025-09-22,2139.68
3191,2025-09-29,2033.85
3191,2025-10-06,2013.65
3191,2025-10-13,2018.46
3191,2025-10-20,2037.7
3191,2025-10-27,1962.66
3191,2025-11-03,1966.51
3191,2025-11-10,1993.44
3191,2025-11-17,2045.4
3191,2025-11-24,2082.92
3191,2025-12-01,2062.71
3191,2025-12-08,2045.4
3191,2025-12-15,2111.12
3191,2025-12-22,2120.93
3191,2025-12-29,2089.54
3191,2026-01-05,2094.44
3191,2026-01-12,2105.23
3191,2026-01-19,2104.25
3191,2026-01-26,2086.6
3191,2026-02-02,2124.85
3191,2026-02-09,2164.09
3191,2026-02-16,2123.87
3191,2026-02-23,2165.08
3191,2026-03-02,2067.96
3191,2026-03-09,2018.91
3191,2026-03-16,2034.6
3191,2026-03-23,2088.56
3191,2026-03-30,2118.97
3191,2026-04-06,2134.66
3191,2026-04-13,2170.96
3191,2026-04-20,2023.81
3191,2026-04-27,2004.19
3191,2026-05-04,2057.17
3191,2026-05-11,2094.44
3191,2026-05-18,2152.32
3191,2026-05-25,2190.58
3191,2026-06-01,2169.0
3191,2026-06-08,2206.28
3191,2026-06-15,2233.0
3191,2026-06-22,2230.0
3191,2026-06-29,2245.0
3191,2026-07-06,2242.0
3191,2026-07-13,2300.0
3191,2026-07-20,2315.0
3191,2026-07-27,2493.0
3393,2025-08-04,2539.87
3393,2025-08-11,2447.88
3393,2025-08-18,2499.09
3393,2025-08-25,2492.45
3393,2025-09-01,2477.28
3393,2025-09-08,2495.3
3393,2025-09-15,2647.04
3393,2025-09-22,2671.7
3393,2025-09-29,2640.76
3393,2025-10-06,2722.95
3393,2025-10-13,2654.3
3393,2025-10-20,2725.85
3393,2025-10-27,2670.74
3393,2025-11-03,2596.28
3393,2025-11-10,2560.5
3393,2025-11-17,2523.76
3393,2025-11-24,2524.73
3393,2025-12-01,2543.1
3393,2025-12-08,2576.94
3393,2025-12-15,2618.52
3393,2025-12-22,2738.42
3393,2025-12-29,2785.8
3393,2026-01-05,2818.68
3393,2026-01-12,2915.38
3393,2026-01-19,2853.49
3393,2026-01-26,2720.05
3393,2026-02-02,2664.93
3393,2026-02-09,2585.64
3393,2026-02-16,2844.79
3393,2026-02-23,2987.9
3393,2026-03-02,2852.52
3393,2026-03-09,2738.42
3393,2026-03-16,2632.06
3393,2026-03-23,2663.0
3393,2026-03-30,2740.0
3393,2026-04-06,2797.0
3393,2026-04-13,2834.0
3393,2026-04-20,2757.0
3393,2026-04-27,2742.0
3393,2026-05-04,2770.0
3393,2026-05-11,2700.0
3393,2026-05-18,3005.0
3393,2026-05-25,2982.0
3393,2026-06-01,2911.0
3393,2026-06-08,2865.0
3393,2026-06-15,2945.0
3393,2026-06-22,2988.0
3393,2026-06-29,3100.0
3393,2026-07-06,3085.0
3393,2026-07-13,3065.0
3393,2026-07-20,3045.0
3393,2026-07-27,3080.0
3480,2025-08-04,3979.03
3480,2025-08-11,3799.05
3480,2025-08-18,3852.56
3480,2025-08-25,3799.05
3480,2025-09-01,3682.31
3480,2025-09-08,3769.86
3480,2025-09-15,3794.19
3480,2025-09-22,4013.08
3480,2025-09-29,3813.64
3480,2025-10-06,3769.86
3480,2025-10-13,3910.93
3480,2025-10-20,3896.34
3480,2025-10-27,3645.0
3480,2025-11-03,3575.0
3480,2025-11-10,3680.0
3480,2025-11-17,3715.0
3480,2025-11-24,3710.0
3480,2025-12-01,3425.0
3480,2025-12-08,3515.0
3480,2025-12-15,3590.0
3480,2025-12-22,3560.0
3480,2025-12-29,3570.0
3480,2026-01-05,3440.0
3480,2026-01-12,3335.0
3480,2026-01-19,3245.0
3480,2026-01-26,3235.0
3480,2026-02-02,3330.0
3480,2026-02-09,3425.0
3480,2026-02-16,3400.0
3480,2026-02-23,3500.0
3480,2026-03-02,3510.0
3480,2026-03-09,3410.0
3480,2026-03-16,3370.0
3480,2026-03-23,4755.0
3480,2026-03-30,4975.0
3480,2026-04-06,5260.0
3480,2026-04-13,5150.0
3480,2026-04-20,5060.0
3480,2026-04-27,5300.0
3480,2026-05-04,5430.0
3480,2026-05-11,5270.0
3480,2026-05-18,6250.0
3480,2026-05-25,6700.0
3480,2026-06-01,6790.0
3480,2026-06-08,6930.0
3480,2026-06-15,8980.0
3480,2026-06-22,8980.0
3480,2026-06-29,8980.0
3480,2026-07-06,8990.0
3480,2026-07-13,8980.0
3480,2026-07-20,8980.0
3480,2026-07-27,8960.0
3561,2025-08-04,1438.12
3561,2025-08-11,1440.09
3561,2025-08-18,1441.08
3561,2025-08-25,1472.66
3561,2025-09-01,1540.77
3561,2025-09-08,1534.85
3561,2025-09-15,1529.91
3561,2025-09-22,1539.78
3561,2025-09-29,1388.78
3561,2025-10-06,1381.83
3561,2025-10-13,1422.56
3561,2025-10-20,1446.4
3561,2025-10-27,1404.68
3561,2025-11-03,1400.71
3561,2025-11-10,1366.93
3561,2025-11-17,1339.11
3561,2025-11-24,1352.03
3561,2025-12-01,1312.29
3561,2025-12-08,1328.19
3561,2025-12-15,1365.94
3561,2025-12-22,1402.69
3561,2025-12-29,1402.69
3561,2026-01-05,1441.44
3561,2026-01-12,1431.5
3561,2026-01-19,1428.52
3561,2026-01-26,1426.53
3561,2026-02-02,1458.32
3561,2026-02-09,1519.91
3561,2026-02-16,1509.98
3561,2026-02-23,1507.0
3561,2026-03-02,1483.16
3561,2026-03-09,1520.91
3561,2026-03-16,1527.86
3561,2026-03-23,1507.0
3561,2026-03-30,1469.0
3561,2026-04-06,1467.0
3561,2026-04-13,1459.0
3561,2026-04-20,1463.0
3561,2026-04-27,1484.0
3561,2026-05-04,1467.0
3561,2026-05-11,1437.0
3561,2026-05-18,1447.0
3561,2026-05-25,1486.0
3561,2026-06-01,1485.0
3561,2026-06-08,1529.0
3561,2026-06-15,1515.0
3561,2026-06-22,1540.0
3561,2026-06-29,1546.0
3561,2026-07-06,1537.0
3561,2026-07-13,1618.0
3561,2026-07-20,1612.0
3561,2026-07-27,1645.0
3563,2025-08-04,3893.4
3563,2025-08-11,4199.6
3563,2025-08-18,4245.9
3563,2025-08-25,4245.4
3563,2025-09-01,3949.66
3563,2025-09-08,3892.91
3563,2025-09-15,3931.24
3563,2025-09-22,4105.5
3563,2025-09-29,3545.0
3563,2025-10-06,3463.5
3563,2025-10-13,3554.5
3563,2025-10-20,3661.0
3563,2025-10-27,3757.5
3563,2025-11-03,4009.0
3563,2025-11-10,3919.0
3563,2025-11-17,3416.5
3563,2025-11-24,3515.0
3563,2025-12-01,3803.5
3563,2025-12-08,3835.0
3563,2025-12-15,3840.0
3563,2025-12-22,3913.0
3563,2025-12-29,3956.5
3563,2026-01-05,4371.0
3563,2026-01-12,4209.5
3563,2026-01-19,4438.0
3563,2026-01-26,4235.5
3563,2026-02-02,4716.5
3563,2026-02-09,4670.0
3563,2026-02-16,4657.0
3563,2026-02-23,5032.5
3563,2026-03-02,4630.0
3563,2026-03-09,4820.0
3563,2026-03-16,4755.0
3563,2026-03-23,4876.5
3563,2026-03-30,4875.5
3563,2026-04-06,4794.0
3563,2026-04-13,4628.0
3563,2026-04-20,4559.5
3563,2026-04-27,4581.0
3563,2026-05-04,5150.0
3563,2026-05-11,5170.0
3563,2026-05-18,5412.5
3563,2026-05-25,5437.5
3563,2026-06-01,4943.5
3563,2026-06-08,4993.5
3563,2026-06-15,4625.0
3563,2026-06-22,4984.5
3563,2026-06-29,4643.0
3563,2026-07-06,4806.0
3563,2026-07-13,5409.0
3563,2026-07-20,5428.0
3563,2026-07-27,5559.0
3708,2025-08-04,1363.99
3708,2025-08-11,1344.65
3708,2025-08-18,1349.48
3708,2025-08-25,1370.44
3708,2025-09-01,1388.18
3708,2025-09-08,1446.22
3708,2025-09-15,1463.96
3708,2025-09-22,1546.18
3708,2025-09-29,1528.86
3708,2025-10-06,1449.42
3708,2025-10-13,1477.86
3708,2025-10-20,1524.93
3708,2025-10-27,1455.31
3708,2025-11-03,1455.31
3708,2025-11-10,1479.82
3708,2025-11-17,1458.25
3708,2025-11-24,1504.34
3708,2025-12-01,1455.31
3708,2025-12-08,1493.55
3708,2025-12-15,1526.89
3708,2025-12-22,1549.45
3708,2025-12-29,1549.45
3708,2026-01-05,1654.38
3708,2026-01-12,1657.32
3708,2026-01-19,1676.94
3708,2026-01-26,1621.04
3708,2026-02-02,1609.27
3708,2026-02-09,1645.56
3708,2026-02-16,1635.75
3708,2026-02-23,1659.28
3708,2026-03-02,1587.7
3708,2026-03-09,1576.91
3708,2026-03-16,1576.91
3708,2026-03-23,1623.0
3708,2026-03-30,1616.0
3708,2026-04-06,1612.0
3708,2026-04-13,1610.0
3708,2026-04-20,1565.0
3708,2026-04-27,1601.0
3708,2026-05-04,1636.0
3708,2026-05-11,1714.0
3708,2026-05-18,1725.0
3708,2026-05-25,1794.0
3708,2026-06-01,1772.0
3708,2026-06-08,1814.0
3708,2026-06-15,1839.0
3708,2026-06-22,1856.0
3708,2026-06-29,1958.0
3708,2026-07-06,1953.0
3708,2026-07-13,2050.0
3708,2026-07-20,2126.0
3708,2026-07-27,2086.0
3769,2025-08-04,8389.25
3769,2025-08-11,8004.12
3769,2025-08-18,8069.95
3769,2025-08-25,8347.0
3769,2025-09-01,8163.28
3769,2025-09-08,8275.28
3769,2025-09-15,8233.04
3769,2025-09-22,8067.0
3769,2025-09-29,8243.0
3769,2025-10-06,8559.0
3769,2025-10-13,8113.0
3769,2025-10-20,8555.0
3769,2025-10-27,8427.0
3769,2025-11-03,8473.0
3769,2025-11-10,9944.0
3769,2025-11-17,9844.0
3769,2025-11-24,10040.0
3769,2025-12-01,10150.0
3769,2025-12-08,9756.0
3769,2025-12-15,9991.0
3769,2025-12-22,9994.0
3769,2025-12-29,9753.0
3769,2026-01-05,9945.0
3769,2026-01-12,9764.0
3769,2026-01-19,9493.0
3769,2026-01-26,8936.0
3769,2026-02-02,8434.0
3769,2026-02-09,7636.0
3769,2026-02-16,7444.0
3769,2026-02-23,8091.0
3769,2026-03-02,8170.0
3769,2026-03-09,7647.0
3769,2026-03-16,7746.0
3769,2026-03-23,8171.0
3769,2026-03-30,8542.0
3769,2026-04-06,8498.0
3769,2026-04-13,9071.0
3769,2026-04-20,7969.0
3769,2026-04-27,7823.0
3769,2026-05-04,7731.0
3769,2026-05-11,7274.0
3769,2026-05-18,8853.0
3769,2026-05-25,8759.0
3769,2026-06-01,8007.0
3769,2026-06-08,8288.0
3769,2026-06-15,8247.0
3769,2026-06-22,8904.0
3769,2026-06-29,9720.0
3769,2026-07-06,9753.0
3769,2026-07-13,9892.0
3769,2026-07-20,9381.0
3769,2026-07-27,9881.0
3774,2025-08-04,2773.59
3774,2025-08-11,2877.48
3774,2025-08-18,2900.63
3774,2025-08-25,2736.17
3774,2025-09-01,2694.32
3774,2025-09-08,2777.04
3774,2025-09-15,2712.04
3774,2025-09-22,2622.92
3774,2025-09-29,2528.18
3774,2025-10-06,2606.55
3774,2025-10-13,2637.31
3774,2025-10-20,2703.77
3774,2025-10-27,2759.33
3774,2025-11-03,2879.36
3774,2025-11-10,2771.23
3774,2025-11-17,2866.46
3774,2025-11-24,2850.1
3774,2025-12-01,2764.29
3774,2025-12-08,2799.01
3774,2025-12-15,2835.71
3774,2025-12-22,2760.81
3774,2025-12-29,2743.45
3774,2026-01-05,2689.39
3774,2026-01-12,2620.94
3774,2026-01-19,2617.47
3774,2026-01-26,2473.13
3774,2026-02-02,2168.57
3774,2026-02-09,2141.79
3774,2026-02-16,2220.16
3774,2026-02-23,2259.84
3774,2026-03-02,2235.53
3774,2026-03-09,2314.9
3774,2026-03-16,2418.56
3774,2026-03-23,2426.5
3774,2026-03-30,2529.5
3774,2026-04-06,2535.0
3774,2026-04-13,2733.0
3774,2026-04-20,2778.0
3774,2026-04-27,2749.0
3774,2026-05-04,2975.5
3774,2026-05-11,3035.0
3774,2026-05-18,3064.0
3774,2026-05-25,3102.0
3774,2026-06-01,3224.0
3774,2026-06-08,2971.5
3774,2026-06-15,2998.0
3774,2026-06-22,3124.0
3774,2026-06-29,3309.0
3774,2026-07-06,3479.0
3774,2026-07-13,3486.0
3774,2026-07-20,3413.0
3774,2026-07-27,3503.0
3851,2025-08-04,914.52
3851,2025-08-11,874.76
3851,2025-08-18,846.93
3851,2025-08-25,876.75
3851,2025-09-01,874.76
3851,2025-09-08,861.84
3851,2025-09-15,861.84
3851,2025-09-22,842.95
3851,2025-09-29,854.88
3851,2025-10-06,824.07
3851,2025-10-13,832.02
3851,2025-10-20,825.06
3851,2025-10-27,830.03
3851,2025-11-03,814.12
3851,2025-11-10,815.12
3851,2025-11-17,801.2
3851,2025-11-24,804.18
3851,2025-12-01,802.2
3851,2025-12-08,791.26
3851,2025-12-15,781.32
3851,2025-12-22,784.3
3851,2025-12-29,805.18
3851,2026-01-05,805.18
3851,2026-01-12,820.09
3851,2026-01-19,824.07
3851,2026-01-26,823.07
3851,2026-02-02,803.19
3851,2026-02-09,800.21
3851,2026-02-16,820.09
3851,2026-02-23,823.07
3851,2026-03-02,830.03
3851,2026-03-09,837.98
3851,2026-03-16,843.95
3851,2026-03-23,835.0
3851,2026-03-30,843.0
3851,2026-04-06,843.0
3851,2026-04-13,848.0
3851,2026-04-20,849.0
3851,2026-04-27,841.0
3851,2026-05-04,825.0
3851,2026-05-11,830.0
3851,2026-05-18,830.0
3851,2026-05-25,825.0
3851,2026-06-01,826.0
3851,2026-06-08,810.0
3851,2026-06-15,820.0
3851,2026-06-22,829.0
3851,2026-06-29,836.0
3851,2026-07-06,858.0
3851,2026-07-13,896.0
3851,2026-07-20,901.0
3851,2026-07-27,1063.0
3946,2025-08-04,3270.82
3946,2025-08-11,3256.37
3946,2025-08-18,3203.38
3946,2025-08-25,3193.75
3946,2025-09-01,3294.91
3946,2025-09-08,3299.73
3946,2025-09-15,3299.73
3946,2025-09-22,3453.87
3946,2025-09-29,3272.35
3946,2025-10-06,3198.76
3946,2025-10-13,3198.76
3946,2025-10-20,3345.94
3946,2025-10-27,3233.1
3946,2025-11-03,3218.38
3946,2025-11-10,3291.97
3946,2025-11-17,3306.69
3946,2025-11-24,3390.09
3946,2025-12-01,3291.97
3946,2025-12-08,3296.88
3946,2025-12-15,3321.41
3946,2025-12-22,3414.62
3946,2025-12-29,3463.69
3946,2026-01-05,3522.56
3946,2026-01-12,3576.52
3946,2026-01-19,3512.75
3946,2026-01-26,3399.91
3946,2026-02-02,3458.78
3946,2026-02-09,3581.43
3946,2026-02-16,3556.9
3946,2026-02-23,3630.49
3946,2026-03-02,3399.91
3946,2026-03-09,3306.69
3946,2026-03-16,3311.6
3946,2026-03-23,3395.0
3946,2026-03-30,3405.0
3946,2026-04-06,3405.0
3946,2026-04-13,3415.0
3946,2026-04-20,3495.0
3946,2026-04-27,3530.0
3946,2026-05-04,3880.0
3946,2026-05-11,3945.0
3946,2026-05-18,3995.0
3946,2026-05-25,3975.0
3946,2026-06-01,3710.0
3946,2026-06-08,3845.0
3946,2026-06-15,3780.0
3946,2026-06-22,3910.0
3946,2026-06-29,4005.0
3946,2026-07-06,4115.0
3946,2026-07-13,4325.0
3946,2026-07-20,4480.0
3946,2026-07-27,4515.0
3950,2025-08-04,1125.61
3950,2025-08-11,1105.22
3950,2025-08-18,1132.41
3950,2025-08-25,1147.95
3950,2025-09-01,1135.33
3950,2025-09-08,1131.44
3950,2025-09-15,1167.38
3950,2025-09-22,1169.32
3950,2025-09-29,1164.46
3950,2025-10-06,1180.0
3950,2025-10-13,1194.57
3950,2025-10-20,1204.28
3950,2025-10-27,1166.4
3950,2025-11-03,1170.29
3950,2025-11-10,1222.73
3950,2025-11-17,1222.73
3950,2025-11-24,1266.44
3950,2025-12-01,1220.79
3950,2025-12-08,1223.7
3950,2025-12-15,1231.47
3950,2025-12-22,1273.24
3950,2025-12-29,1275.21
3950,2026-01-05,1284.1
3950,2026-01-12,1290.03
3950,2026-01-19,1291.02
3950,2026-01-26,1279.16
3950,2026-02-02,1297.93
3950,2026-02-09,1331.51
3950,2026-02-16,1276.2
3950,2026-02-23,1321.64
3950,2026-03-02,1321.64
3950,2026-03-09,1303.86
3950,2026-03-16,1312.75
3950,2026-03-23,1308.79
3950,2026-03-30,1334.48
3950,2026-04-06,1340.4
3950,2026-04-13,1337.44
3950,2026-04-20,1275.21
3950,2026-04-27,1290.03
3950,2026-05-04,1314.72
3950,2026-05-11,1307.81
3950,2026-05-18,1321.64
3950,2026-05-25,1278.17
3950,2026-06-01,1226.81
3950,2026-06-08,1304.84
3950,2026-06-15,1343.37
3950,2026-06-22,1373.0
3950,2026-06-29,1358.0
3950,2026-07-06,1343.0
3950,2026-07-13,1421.0
3950,2026-07-20,1448.0
3950,2026-07-27,1451.0
3974,2025-08-04,490.81
3974,2025-08-11,491.79
3974,2025-08-18,504.48
3974,2025-08-25,565.95
3974,2025-09-01,565.95
3974,2025-09-08,558.14
3974,2025-09-15,617.67
3974,2025-09-22,613.76
3974,2025-09-29,563.02
3974,2025-10-06,561.07
3974,2025-10-13,540.58
3974,2025-10-20,555.22
3974,2025-10-27,498.93
3974,2025-11-03,495.96
3974,2025-11-10,520.66
3974,2025-11-17,511.77
3974,2025-11-24,516.71
3974,2025-12-01,515.72
3974,2025-12-08,535.48
3974,2025-12-15,559.19
3974,2025-12-22,560.18
3974,2025-12-29,563.14
3974,2026-01-05,569.07
3974,2026-01-12,569.07
3974,2026-01-19,566.11
3974,2026-01-26,564.13
3974,2026-02-02,569.07
3974,2026-02-09,575.0
3974,2026-02-16,577.96
3974,2026-02-23,579.94
3974,2026-03-02,580.93
3974,2026-03-09,582.9
3974,2026-03-16,578.95
3974,2026-03-23,578.95
3974,2026-03-30,610.57
3974,2026-04-06,607.6
3974,2026-04-13,581.92
3974,2026-04-20,574.01
3974,2026-04-27,579.0
3974,2026-05-04,578.0
3974,2026-05-11,576.0
3974,2026-05-18,560.0
3974,2026-05-25,559.0
3974,2026-06-01,535.0
3974,2026-06-08,534.0
3974,2026-06-15,525.0
3974,2026-06-22,528.0
3974,2026-06-29,592.0
3974,2026-07-06,606.0
3974,2026-07-13,596.0
3974,2026-07-20,615.0
3974,2026-07-27,667.0
4052,2025-08-04,366.0
4052,2025-08-11,371.0
4052,2025-08-18,351.0
4052,2025-08-25,349.0
4052,2025-09-01,351.0
4052,2025-09-08,354.0
4052,2025-09-15,353.0
4052,2025-09-22,355.0
4052,2025-09-29,343.0
4052,2025-10-06,335.0
4052,2025-10-13,330.0
4052,2025-10-20,333.0
4052,2025-10-27,315.0
4052,2025-11-03,316.0
4052,2025-11-10,330.0
4052,2025-11-17,313.0
4052,2025-11-24,309.0
4052,2025-12-01,300.0
4052,2025-12-08,297.0
4052,2025-12-15,283.0
4052,2025-12-22,288.0
4052,2025-12-29,294.0
4052,2026-01-05,297.0
4052,2026-01-12,300.0
4052,2026-01-19,293.0
4052,2026-01-26,288.0
4052,2026-02-02,291.0
4052,2026-02-09,281.0
4052,2026-02-16,290.0
4052,2026-02-23,288.0
4052,2026-03-02,328.0
4052,2026-03-09,321.0
4052,2026-03-16,303.0
4052,2026-03-23,310.0
4052,2026-03-30,306.0
4052,2026-04-06,297.0
4052,2026-04-13,292.0
4052,2026-04-20,291.0
4052,2026-04-27,284.0
4052,2026-05-04,287.0
4052,2026-05-11,266.0
4052,2026-05-18,256.0
4052,2026-05-25,258.0
4052,2026-06-01,259.0
4052,2026-06-08,248.0
4052,2026-06-15,230.0
4052,2026-06-22,223.0
4052,2026-06-29,238.0
4052,2026-07-06,239.0
4052,2026-07-13,235.0
4052,2026-07-20,321.0
4052,2026-07-27,342.0
4118,2025-08-04,4303.85
4118,2025-08-11,4153.28
4118,2025-08-18,4216.98
4118,2025-08-25,4174.51
4118,2025-09-01,4207.33
4118,2025-09-08,4212.16
4118,2025-09-15,4145.56
4118,2025-09-22,4182.23
4118,2025-09-29,4144.87
4118,2025-10-06,4123.23
4118,2025-10-13,4136.02
4118,2025-10-20,4297.29
4118,2025-10-27,4187.15
4118,2025-11-03,4225.5
4118,2025-11-10,4155.68
4118,2025-11-17,4136.02
4118,2025-11-24,4316.96
4118,2025-12-01,4137.0
4118,2025-12-08,4310.07
4118,2025-12-15,4287.45
4118,2025-12-22,4318.92
4118,2025-12-29,4321.87
4118,2026-01-05,4440.86
4118,2026-01-12,4610.0
4118,2026-01-19,4643.43
4118,2026-01-26,4603.11
4118,2026-02-02,4874.52
4118,2026-02-09,4875.5
4118,2026-02-16,5017.11
4118,2026-02-23,5191.16
4118,2026-03-02,4877.47
4118,2026-03-09,4854.85
4118,2026-03-16,4684.73
4118,2026-03-23,4728.0
4118,2026-03-30,4976.0
4118,2026-04-06,5147.0
4118,2026-04-13,4964.0
4118,2026-04-20,4817.0
4118,2026-04-27,4921.0
4118,2026-05-04,4943.0
4118,2026-05-11,5355.0
4118,2026-05-18,5338.0
4118,2026-05-25,5521.0
4118,2026-06-01,5488.0
4118,2026-06-08,5568.0
4118,2026-06-15,5730.0
4118,2026-06-22,5775.0
4118,2026-06-29,5747.0
4118,2026-07-06,5626.0
4118,2026-07-13,5589.0
4118,2026-07-20,5841.0
4118,2026-07-27,5718.0
4188,2025-08-04,760.84
4188,2025-08-11,765.76
4188,2025-08-18,802.25
4188,2025-08-25,815.18
4188,2025-09-01,847.61
4188,2025-09-08,853.69
4188,2025-09-15,854.37
4188,2025-09-22,850.41
4188,2025-09-29,821.61
4188,2025-10-06,808.14
4188,2025-10-13,802.73
4188,2025-10-20,848.25
4188,2025-10-27,792.41
4188,2025-11-03,819.05
4188,2025-11-10,850.02
4188,2025-11-17,832.03
4188,2025-11-24,866.33
4188,2025-12-01,835.17
4188,2025-12-08,887.76
4188,2025-12-15,880.59
4188,2025-12-22,898.87
4188,2025-12-29,899.56
4188,2026-01-05,937.21
4188,2026-01-12,998.26
4188,2026-01-19,1006.12
4188,2026-01-26,1002.68
4188,2026-02-02,1040.03
4188,2026-02-09,1091.64
4188,2026-02-16,1098.52
4188,2026-02-23,1140.79
4188,2026-03-02,1019.88
4188,2026-03-09,908.8
4188,2026-03-16,891.79
4188,2026-03-23,926.2
4188,2026-03-30,921.0
4188,2026-04-06,984.1
4188,2026-04-13,988.9
4188,2026-04-20,911.4
4188,2026-04-27,898.0
4188,2026-05-04,922.4
4188,2026-05-11,1016.5
4188,2026-05-18,1027.5
4188,2026-05-25,1147.0
4188,2026-06-01,1063.0
4188,2026-06-08,1080.5
4188,2026-06-15,1092.5
4188,2026-06-22,1094.5
4188,2026-06-29,1163.0
4188,2026-07-06,1161.5
4188,2026-07-13,1168.0
4188,2026-07-20,1189.0
4188,2026-07-27,1188.0
4189,2025-08-04,2673.07
4189,2025-08-11,2640.39
4189,2025-08-18,2671.15
4189,2025-08-25,2699.98
4189,2025-09-01,2720.17
4189,2025-09-08,2747.08
4189,2025-09-15,2692.29
4189,2025-09-22,2699.98
4189,2025-09-29,2619.24
4189,2025-10-06,2613.47
4189,2025-10-13,2582.72
4189,2025-10-20,2706.71
4189,2025-10-27,2651.92
4189,2025-11-03,2319.35
4189,2025-11-10,2316.47
4189,2025-11-17,2258.8
4189,2025-11-24,2376.06
4189,2025-12-01,2330.89
4189,2025-12-08,2387.6
4189,2025-12-15,2401.05
4189,2025-12-22,2427.0
4189,2025-12-29,2431.42
4189,2026-01-05,2401.97
4189,2026-01-12,2503.08
4189,2026-01-19,2566.88
4189,2026-01-26,2495.23
4189,2026-02-02,2694.49
4189,2026-02-09,2934.0
4189,2026-02-16,2932.04
4189,2026-02-23,3057.68
4189,2026-03-02,2944.8
4189,2026-03-09,2760.26
4189,2026-03-16,2725.9
4189,2026-03-23,2713.14
4189,2026-03-30,2721.97
4189,2026-04-06,2859.4
4189,2026-04-13,2726.88
4189,2026-04-20,2647.37
4189,2026-04-27,2707.25
4189,2026-05-04,2692.53
4189,2026-05-11,2643.45
4189,2026-05-18,2663.08
4189,2026-05-25,2726.88
4189,2026-06-01,2614.0
4189,2026-06-08,2617.93
4189,2026-06-15,2748.48
4189,2026-06-22,2934.0
4189,2026-06-29,2982.0
4189,2026-07-06,2941.0
4189,2026-07-13,2991.0
4189,2026-07-20,3070.0
4189,2026-07-27,3305.0
4196,2025-08-04,1463.0
4196,2025-08-11,1415.0
4196,2025-08-18,1428.0
4196,2025-08-25,1476.0
4196,2025-09-01,1471.0
4196,2025-09-08,1485.0
4196,2025-09-15,1464.0
4196,2025-09-22,1399.0
4196,2025-09-29,1094.0
4196,2025-10-06,1113.0
4196,2025-10-13,1144.0
4196,2025-10-20,1158.0
4196,2025-10-27,1113.0
4196,2025-11-03,1114.0
4196,2025-11-10,1132.0
4196,2025-11-17,1143.0
4196,2025-11-24,1164.0
4196,2025-12-01,1178.0
4196,2025-12-08,1172.0
4196,2025-12-15,1158.0
4196,2025-12-22,1156.0
4196,2025-12-29,1166.0
4196,2026-01-05,1220.0
4196,2026-01-12,1218.0
4196,2026-01-19,1220.0
4196,2026-01-26,1287.0
4196,2026-02-02,1345.0
4196,2026-02-09,1349.0
4196,2026-02-16,1339.0
4196,2026-02-23,1354.0
4196,2026-03-02,1390.0
4196,2026-03-09,1439.0
4196,2026-03-16,1428.0
4196,2026-03-23,1423.0
4196,2026-03-30,1430.0
4196,2026-04-06,1446.0
4196,2026-04-13,1447.0
4196,2026-04-20,1437.0
4196,2026-04-27,1428.0
4196,2026-05-04,1424.0
4196,2026-05-11,1432.0
4196,2026-05-18,1450.0
4196,2026-05-25,1479.0
4196,2026-06-01,1575.0
4196,2026-06-08,1674.0
4196,2026-06-15,1699.0
4196,2026-06-22,1696.0
4196,2026-06-29,1695.0
4196,2026-07-06,1697.0
4196,2026-07-13,1686.0
4196,2026-07-20,1727.0
4196,2026-07-27,1853.0
4212,2025-08-04,2159.37
4212,2025-08-11,2129.36
4212,2025-08-18,2136.14
4212,2025-08-25,2114.84
4212,2025-09-01,2135.17
4212,2025-09-08,2124.52
4212,2025-09-15,2126.46
4212,2025-09-22,2172.92
4212,2025-09-29,2077.5
4212,2025-10-06,2036.19
4212,2025-10-13,2034.22
4212,2025-10-20,2114.88
4212,2025-10-27,2030.29
4212,2025-11-03,2040.12
4212,2025-11-10,2094.23
4212,2025-11-17,2070.62
4212,2025-11-24,2123.74
4212,2025-12-01,2031.27
4212,2025-12-08,2123.74
4212,2025-12-15,2119.8
4212,2025-12-22,2101.11
4212,2025-12-29,2096.19
4212,2026-01-05,2094.23
4212,2026-01-12,2126.69
4212,2026-01-19,2137.51
4212,2026-01-26,2044.06
4212,2026-02-02,2198.49
4212,2026-02-09,2212.26
4212,2026-02-16,2221.12
4212,2026-02-23,2443.43
4212,2026-03-02,2405.06
4212,2026-03-09,2322.44
4212,2026-03-16,2206.36
4212,2026-03-23,2168.0
4212,2026-03-30,2218.0
4212,2026-04-06,2254.0
4212,2026-04-13,2250.0
4212,2026-04-20,2107.0
4212,2026-04-27,2099.0
4212,2026-05-04,2218.0
4212,2026-05-11,2161.0
4212,2026-05-18,2123.0
4212,2026-05-25,2128.0
4212,2026-06-01,2139.0
4212,2026-06-08,2300.0
4212,2026-06-15,2373.0
4212,2026-06-22,2560.0
4212,2026-06-29,2650.0
4212,2026-07-06,2653.0
4212,2026-07-13,2605.0
4212,2026-07-20,2645.0
4212,2026-07-27,2951.0
4220,2025-08-04,1143.52
4220,2025-08-11,1153.17
4220,2025-08-18,1176.33
4220,2025-08-25,1136.77
4220,2025-09-01,1172.47
4220,2025-09-08,1191.77
4220,2025-09-15,1217.82
4220,2025-09-22,1236.16
4220,2025-09-29,1202.83
4220,2025-10-06,1195.97
4220,2025-10-13,1212.63
4220,2025-10-20,1254.79
4220,2025-10-27,1371.44
4220,2025-11-03,1301.84
4220,2025-11-10,1347.91
4220,2025-11-17,1371.44
4220,2025-11-24,1449.87
4220,2025-12-01,1399.87
4220,2025-12-08,1475.35
4220,2025-12-15,1505.74
4220,2025-12-22,1493.0
4220,2025-12-29,1504.76
4220,2026-01-05,1518.49
4220,2026-01-12,1583.19
4220,2026-01-19,1592.01
4220,2026-01-26,1631.22
4220,2026-02-02,1695.92
4220,2026-02-09,1717.49
4220,2026-02-16,1696.9
4220,2026-02-23,1807.68
4220,2026-03-02,1754.74
4220,2026-03-09,1689.06
4220,2026-03-16,1668.47
4220,2026-03-23,1692.0
4220,2026-03-30,1723.0
4220,2026-04-06,1767.0
4220,2026-04-13,1742.0
4220,2026-04-20,1645.0
4220,2026-04-27,1662.0
4220,2026-05-04,1679.0
4220,2026-05-11,1681.0
4220,2026-05-18,1562.0
4220,2026-05-25,1580.0
4220,2026-06-01,1603.0
4220,2026-06-08,1611.0
4220,2026-06-15,1713.0
4220,2026-06-22,1679.0
4220,2026-06-29,1756.0
4220,2026-07-06,1795.0
4220,2026-07-13,1776.0
4220,2026-07-20,1823.0
4220,2026-07-27,2216.0
4324,2025-08-04,3155.0
4324,2025-08-11,2752.5
4324,2025-08-18,2772.0
4324,2025-08-25,2924.0
4324,2025-09-01,3098.0
4324,2025-09-08,3177.0
4324,2025-09-15,3282.0
4324,2025-09-22,3299.0
4324,2025-09-29,3098.0
4324,2025-10-06,3096.0
4324,2025-10-13,3030.0
4324,2025-10-20,3135.0
4324,2025-10-27,3044.0
4324,2025-11-03,3123.0
4324,2025-11-10,3261.0
4324,2025-11-17,3505.0
4324,2025-11-24,3545.0
4324,2025-12-01,3413.0
4324,2025-12-08,3339.0
4324,2025-12-15,3409.0
4324,2025-12-22,3372.0
4324,2025-12-29,3324.0
4324,2026-01-05,3469.0
4324,2026-01-12,3198.0
4324,2026-01-19,3128.0
4324,2026-01-26,2992.5
4324,2026-02-02,2840.0
4324,2026-02-09,2952.5
4324,2026-02-16,2831.0
4324,2026-02-23,2925.5
4324,2026-03-02,2900.0
4324,2026-03-09,2775.0
4324,2026-03-16,2770.0
4324,2026-03-23,2722.5
4324,2026-03-30,2757.0
4324,2026-04-06,2865.5
4324,2026-04-13,3127.0
4324,2026-04-20,3004.0
4324,2026-04-27,2967.0
4324,2026-05-04,3045.0
4324,2026-05-11,3035.0
4324,2026-05-18,3049.0
4324,2026-05-25,3006.0
4324,2026-06-01,3097.0
4324,2026-06-08,3070.0
4324,2026-06-15,2976.0
4324,2026-06-22,3053.0
4324,2026-06-29,3243.0
4324,2026-07-06,3324.0
4324,2026-07-13,3506.0
4324,2026-07-20,3382.0
4324,2026-07-27,3545.0
4326,2025-08-04,1866.34
4326,2025-08-11,1835.2
4326,2025-08-18,1792.38
4326,2025-08-25,1729.13
4326,2025-09-01,1775.84
4326,2025-09-08,1681.45
4326,2025-09-15,1689.24
4326,2025-09-22,1725.24
4326,2025-09-29,1588.04
4326,2025-10-06,1653.23
4326,2025-10-13,1654.21
4326,2025-10-20,1664.91
4326,2025-10-27,1660.05
4326,2025-11-03,1623.07
4326,2025-11-10,1663.94
4326,2025-11-17,1688.26
4326,2025-11-24,1679.51
4326,2025-12-01,1663.94
4326,2025-12-08,1713.56
4326,2025-12-15,1751.51
4326,2025-12-22,1775.84
4326,2025-12-29,1743.3
4326,2026-01-05,1735.41
4326,2026-01-12,1763.02
4326,2026-01-19,1708.79
4326,2026-01-26,1668.36
4326,2026-02-02,1633.85
4326,2026-02-09,1603.29
4326,2026-02-16,1626.95
4326,2026-02-23,1676.25
4326,2026-03-02,1677.24
4326,2026-03-09,1676.25
4326,2026-03-16,1657.52
4326,2026-03-23,1694.0
4326,2026-03-30,1686.11
4326,2026-04-06,1645.68
4326,2026-04-13,1632.87
4326,2026-04-20,1592.44
4326,2026-04-27,1630.89
4326,2026-05-04,1701.89
4326,2026-05-11,1725.55
4326,2026-05-18,1695.97
4326,2026-05-25,1678.22
4326,2026-06-01,1678.22
4326,2026-06-08,1679.21
4326,2026-06-15,1718.65
4326,2026-06-22,1694.0
4326,2026-06-29,1759.0
4326,2026-07-06,1878.0
4326,2026-07-13,1889.0
4326,2026-07-20,1962.0
4326,2026-07-27,1915.0
4417,2025-08-04,3341.57
4417,2025-08-11,3119.46
4417,2025-08-18,3045.42
4417,2025-08-25,3346.5
4417,2025-09-01,3109.58
4417,2025-09-08,3158.94
4417,2025-09-15,3307.02
4417,2025-09-22,3109.58
4417,2025-09-29,3081.16
4417,2025-10-06,3403.67
4417,2025-10-13,3502.9
4417,2025-10-20,4098.29
4417,2025-10-27,3676.56
4417,2025-11-03,3468.17
4417,2025-11-10,3512.82
4417,2025-11-17,3329.24
4417,2025-11-24,3438.4
4417,2025-12-01,3249.86
4417,2025-12-08,3046.43
4417,2025-12-15,2871.78
4417,2025-12-22,3215.13
4417,2025-12-29,3175.43
4417,2026-01-05,3438.4
4417,2026-01-12,3532.67
4417,2026-01-19,3130.78
4417,2026-01-26,2932.32
4417,2026-02-02,2688.2
4417,2026-02-09,2657.44
4417,2026-02-16,2738.81
4417,2026-02-23,2655.46
4417,2026-03-02,2490.73
4417,2026-03-09,2390.51
4417,2026-03-16,2440.12
4417,2026-03-23,2357.76
4417,2026-03-30,2510.0
4417,2026-04-06,2482.0
4417,2026-04-13,2514.0
4417,2026-04-20,2479.0
4417,2026-04-27,2682.0
4417,2026-05-04,2909.0
4417,2026-05-11,2809.0
4417,2026-05-18,3260.0
4417,2026-05-25,3435.0
4417,2026-06-01,3060.0
4417,2026-06-08,2968.0
4417,2026-06-15,3255.0
4417,2026-06-22,3310.0
4417,2026-06-29,4210.0
4417,2026-07-06,3980.0
4417,2026-07-13,4360.0
4417,2026-07-20,4230.0
4417,2026-07-27,4580.0
4434,2025-08-04,2186.04
4434,2025-08-11,2196.89
4434,2025-08-18,2078.51
4434,2025-08-25,2049.9
4434,2025-09-01,2013.4
4434,2025-09-08,2006.5
4434,2025-09-15,2018.34
4434,2025-09-22,2001.57
4434,2025-09-29,1941.39
4434,2025-10-06,2004.53
4434,2025-10-13,1769.74
4434,2025-10-20,1814.14
4434,2025-10-27,1824.0
4434,2025-11-03,1766.78
4434,2025-11-10,1738.18
4434,2025-11-17,1839.78
4434,2025-11-24,1801.31
4434,2025-12-01,1741.14
4434,2025-12-08,1781.58
4434,2025-12-15,1756.92
4434,2025-12-22,1790.46
4434,2025-12-29,1793.42
4434,2026-01-05,1956.19
4434,2026-01-12,1989.73
4434,2026-01-19,2039.05
4434,2026-01-26,1983.81
4434,2026-02-02,1931.53
4434,2026-02-09,1872.34
4434,2026-02-16,1826.96
4434,2026-02-23,2062.0
4434,2026-03-02,2088.0
4434,2026-03-09,2031.0
4434,2026-03-16,1990.0
4434,2026-03-23,1973.0
4434,2026-03-30,1964.0
4434,2026-04-06,1947.0
4434,2026-04-13,2031.0
4434,2026-04-20,2020.0
4434,2026-04-27,2013.0
4434,2026-05-04,2022.0
4434,2026-05-11,2024.0
4434,2026-05-18,2115.0
4434,2026-05-25,2022.0
4434,2026-06-01,2079.0
4434,2026-06-08,2000.0
4434,2026-06-15,1937.0
4434,2026-06-22,1905.0
4434,2026-06-29,1987.0
4434,2026-07-06,2014.0
4434,2026-07-13,1772.0
4434,2026-07-20,1889.0
4434,2026-07-27,2358.0
4441,2025-08-04,1139.23
4441,2025-08-11,1225.29
4441,2025-08-18,1247.78
4441,2025-08-25,1273.2
4441,2025-09-01,1247.78
4441,2025-09-08,1099.14
4441,2025-09-15,1025.8
4441,2025-09-22,1056.11
4441,2025-09-29,1003.31
4441,2025-10-06,998.42
4441,2025-10-13,930.94
4441,2025-10-20,978.86
4441,2025-10-27,930.0
4441,2025-11-03,922.0
4441,2025-11-10,979.0
4441,2025-11-17,1059.0
4441,2025-11-24,1040.0
4441,2025-12-01,1026.0
4441,2025-12-08,1182.0
4441,2025-12-15,1233.0
4441,2025-12-22,1263.0
4441,2025-12-29,1299.0
4441,2026-01-05,1307.0
4441,2026-01-12,1272.0
4441,2026-01-19,1235.0
4441,2026-01-26,1214.0
4441,2026-02-02,1160.0
4441,2026-02-09,1206.0
4441,2026-02-16,1411.0
4441,2026-02-23,1395.0
4441,2026-03-02,1400.0
4441,2026-03-09,1395.0
4441,2026-03-16,1417.0
4441,2026-03-23,1431.0
4441,2026-03-30,1400.0
4441,2026-04-06,1418.0
4441,2026-04-13,1434.0
4441,2026-04-20,1355.0
4441,2026-04-27,1306.0
4441,2026-05-04,1284.0
4441,2026-05-11,1262.0
4441,2026-05-18,1268.0
4441,2026-05-25,1190.0
4441,2026-06-01,1111.0
4441,2026-06-08,1264.0
4441,2026-06-15,1344.0
4441,2026-06-22,1330.0
4441,2026-06-29,1420.0
4441,2026-07-06,1443.0
4441,2026-07-13,1504.0
4441,2026-07-20,1646.0
4441,2026-07-27,1680.0
4443,2025-08-04,1893.98
4443,2025-08-11,1847.06
4443,2025-08-18,1902.97
4443,2025-08-25,1916.94
4443,2025-09-01,1906.96
4443,2025-09-08,1939.91
4443,2025-09-15,1937.91
4443,2025-09-22,1907.96
4443,2025-09-29,1822.1
4443,2025-10-06,1805.12
4443,2025-10-13,1740.23
4443,2025-10-20,1810.11
4443,2025-10-27,1820.1
4443,2025-11-03,1743.22
4443,2025-11-10,1748.21
4443,2025-11-17,1699.29
4443,2025-11-24,1683.32
4443,2025-12-01,1637.39
4443,2025-12-08,1679.32
4443,2025-12-15,1734.24
4443,2025-12-22,1776.17
4443,2025-12-29,1731.24
4443,2026-01-05,1791.15
4443,2026-01-12,1914.95
4443,2026-01-19,1659.36
4443,2026-01-26,1492.62
4443,2026-02-02,1148.17
4443,2026-02-09,1085.27
4443,2026-02-16,1103.24
4443,2026-02-23,1172.13
4443,2026-03-02,1238.03
4443,2026-03-09,1146.17
4443,2026-03-16,1110.23
4443,2026-03-23,1139.18
4443,2026-03-30,1214.06
4443,2026-04-06,1237.03
4443,2026-04-13,1333.87
4443,2026-04-20,1264.98
4443,2026-04-27,1248.01
4443,2026-05-04,1316.9
4443,2026-05-11,1305.92
4443,2026-05-18,1467.66
4443,2026-05-25,1679.0
4443,2026-06-01,1603.0
4443,2026-06-08,1435.0
4443,2026-06-15,1438.0
4443,2026-06-22,1383.0
4443,2026-06-29,1716.0
4443,2026-07-06,1723.0
4443,2026-07-13,1827.0
4443,2026-07-20,1787.0
4443,2026-07-27,1989.0
4463,2025-08-04,1267.66
4463,2025-08-11,1259.01
4463,2025-08-18,1268.62
4463,2025-08-25,1318.59
4463,2025-09-01,1348.39
4463,2025-09-08,1397.4
4463,2025-09-15,1367.61
4463,2025-09-22,1408.93
4463,2025-09-29,1401.24
4463,2025-10-06,1448.34
4463,2025-10-13,1422.39
4463,2025-10-20,1422.39
4463,2025-10-27,1394.52
4463,2025-11-03,1437.77
4463,2025-11-10,1433.92
4463,2025-11-17,1459.87
4463,2025-11-24,1535.79
4463,2025-12-01,1520.42
4463,2025-12-08,1526.18
4463,2025-12-15,1547.33
4463,2025-12-22,1554.06
4463,2025-12-29,1520.76
4463,2026-01-05,1509.99
4463,2026-01-12,1551.12
4463,2026-01-19,1633.37
4463,2026-01-26,1578.54
4463,2026-02-02,1593.22
4463,2026-02-09,1658.83
4463,2026-02-16,1778.3
4463,2026-02-23,1751.86
4463,2026-03-02,1732.28
4463,2026-03-09,1698.0
4463,2026-03-16,1646.1
4463,2026-03-23,1641.21
4463,2026-03-30,1639.25
4463,2026-04-06,1627.5
4463,2026-04-13,1630.44
4463,2026-04-20,1570.7
4463,2026-04-27,1863.5
4463,2026-05-04,1783.2
4463,2026-05-11,1799.84
4463,2026-05-18,1743.05
4463,2026-05-25,1719.55
4463,2026-06-01,1687.23
4463,2026-06-08,1664.71
4463,2026-06-15,1666.67
4463,2026-06-22,1651.0
4463,2026-06-29,1707.0
4463,2026-07-06,1712.0
4463,2026-07-13,1735.0
4463,2026-07-20,1773.0
4463,2026-07-27,2006.0
4526,2025-08-04,2809.83
4526,2025-08-11,2797.31
4526,2025-08-18,2836.8
4526,2025-08-25,2814.65
4526,2025-09-01,2867.63
4526,2025-09-08,2857.03
4526,2025-09-15,2873.41
4526,2025-09-22,2899.42
4526,2025-09-29,2769.9
4526,2025-10-06,2752.24
4526,2025-10-13,2779.71
4526,2025-10-20,2796.39
4526,2025-10-27,2745.37
4526,2025-11-03,2798.35
4526,2025-11-10,2791.49
4526,2025-11-17,2860.17
4526,2025-11-24,2900.4
4526,2025-12-01,2770.88
4526,2025-12-08,2810.13
4526,2025-12-15,2910.21
4526,2025-12-22,2925.91
4526,2025-12-29,2911.19
4526,2026-01-05,2933.76
4526,2026-01-12,2987.72
4526,2026-01-19,3071.13
4526,2026-01-26,3046.6
4526,2026-02-02,3144.71
4526,2026-02-09,3002.44
4526,2026-02-16,2943.57
4526,2026-02-23,3041.69
4526,2026-03-02,2939.65
4526,2026-03-09,2826.81
4526,2026-03-16,2820.92
4526,2026-03-23,2869.0
4526,2026-03-30,2943.0
4526,2026-04-06,2925.0
4526,2026-04-13,2864.0
4526,2026-04-20,2740.0
4526,2026-04-27,2770.0
4526,2026-05-04,2699.0
4526,2026-05-11,2825.0
4526,2026-05-18,2803.0
4526,2026-05-25,2806.0
4526,2026-06-01,2913.0
4526,2026-06-08,2995.0
4526,2026-06-15,2988.0
4526,2026-06-22,3080.0
4526,2026-06-29,3095.0
4526,2026-07-06,3135.0
4526,2026-07-13,3155.0
4526,2026-07-20,3120.0
4526,2026-07-27,3210.0
4613,2025-08-04,2122.24
4613,2025-08-11,2361.77
4613,2025-08-18,2436.35
4613,2025-08-25,2381.85
4613,2025-09-01,2402.4
4613,2025-09-08,2408.62
4613,2025-09-15,2373.72
4613,2025-09-22,2375.63
4613,2025-09-29,2410.34
4613,2025-10-06,2411.81
4613,2025-10-13,2456.79
4613,2025-10-20,2506.17
4613,2025-10-27,2419.14
4613,2025-11-03,2354.61
4613,2025-11-10,2297.89
4613,2025-11-17,2293.98
4613,2025-11-24,2348.25
4613,2025-12-01,2306.69
4613,2025-12-08,2356.56
4613,2025-12-15,2399.1
4613,2025-12-22,2416.21
4613,2025-12-29,2420.12
4613,2026-01-05,2443.1
4613,2026-01-12,2481.73
4613,2026-01-19,2510.08
4613,2026-01-26,2411.81
4613,2026-02-02,2575.11
4613,2026-02-09,2707.6
4613,2026-02-16,2668.0
4613,2026-02-23,2702.71
4613,2026-03-02,2551.15
4613,2026-03-09,2445.55
4613,2026-03-16,2366.34
4613,2026-03-23,2425.5
4613,2026-03-30,2490.0
4613,2026-04-06,2492.0
4613,2026-04-13,2408.5
4613,2026-04-20,2375.5
4613,2026-04-27,2328.0
4613,2026-05-04,2344.0
4613,2026-05-11,2300.0
4613,2026-05-18,2337.0
4613,2026-05-25,2450.5
4613,2026-06-01,2401.5
4613,2026-06-08,2469.0
4613,2026-06-15,2623.0
4613,2026-06-22,2630.5
4613,2026-06-29,2756.5
4613,2026-07-06,2675.5
4613,2026-07-13,2666.0
4613,2026-07-20,2661.5
4613,2026-07-27,2832.0
4665,2025-08-04,3896.52
4665,2025-08-11,3822.65
4665,2025-08-18,3845.0
4665,2025-08-25,3818.76
4665,2025-09-01,3849.86
4665,2025-09-08,3806.12
4665,2025-09-15,3781.83
4665,2025-09-22,3873.19
4665,2025-09-29,3721.61
4665,2025-10-06,3687.16
4665,2025-10-13,3665.5
4665,2025-10-20,3682.24
4665,2025-10-27,3658.61
4665,2025-11-03,3729.48
4665,2025-11-10,3892.87
4665,2025-11-17,3954.89
4665,2025-11-24,3969.65
4665,2025-12-01,4049.38
4665,2025-12-08,4200.96
4665,2025-12-15,4301.36
4665,2025-12-22,4236.39
4665,2025-12-29,4188.16
4665,2026-01-05,4231.47
4665,2026-01-12,4293.48
4665,2026-01-19,4350.57
4665,2026-01-26,4179.3
4665,2026-02-02,4258.05
4665,2026-02-09,4239.35
4665,2026-02-16,4160.6
4665,2026-02-23,4255.09
4665,2026-03-02,4194.07
4665,2026-03-09,4152.73
4665,2026-03-16,4204.9
4665,2026-03-23,4261.0
4665,2026-03-30,4210.0
4665,2026-04-06,4163.0
4665,2026-04-13,4136.0
4665,2026-04-20,3940.0
4665,2026-04-27,3915.0
4665,2026-05-04,3933.0
4665,2026-05-11,3975.0
4665,2026-05-18,4156.0
4665,2026-05-25,4015.0
4665,2026-06-01,4100.0
4665,2026-06-08,4285.0
4665,2026-06-15,4168.0
4665,2026-06-22,4296.0
4665,2026-06-29,4389.0
4665,2026-07-06,4469.0
4665,2026-07-13,4538.0
4665,2026-07-20,4466.0
4665,2026-07-27,4447.0
4668,2025-08-04,740.55
4668,2025-08-11,743.44
4668,2025-08-18,755.96
4668,2025-08-25,730.51
4668,2025-09-01,723.65
4668,2025-09-08,729.53
4668,2025-09-15,716.79
4668,2025-09-22,728.55
4668,2025-09-29,694.23
4668,2025-10-06,694.23
4668,2025-10-13,713.84
4668,2025-10-20,713.84
4668,2025-10-27,690.31
4668,2025-11-03,696.19
4668,2025-11-10,706.0
4668,2025-11-17,709.92
4668,2025-11-24,711.88
4668,2025-12-01,698.16
4668,2025-12-08,691.29
4668,2025-12-15,694.23
4668,2025-12-22,700.12
4668,2025-12-29,705.02
4668,2026-01-05,714.83
4668,2026-01-12,716.79
4668,2026-01-19,708.94
4668,2026-01-26,696.19
4668,2026-02-02,706.98
4668,2026-02-09,707.96
4668,2026-02-16,704.04
4668,2026-02-23,718.0
4668,2026-03-02,709.0
4668,2026-03-09,704.0
4668,2026-03-16,705.0
4668,2026-03-23,716.0
4668,2026-03-30,710.0
4668,2026-04-06,713.0
4668,2026-04-13,703.0
4668,2026-04-20,676.0
4668,2026-04-27,683.0
4668,2026-05-04,680.0
4668,2026-05-11,688.0
4668,2026-05-18,682.0
4668,2026-05-25,687.0
4668,2026-06-01,678.0
4668,2026-06-08,682.0
4668,2026-06-15,686.0
4668,2026-06-22,684.0
4668,2026-06-29,697.0
4668,2026-07-06,709.0
4668,2026-07-13,786.0
4668,2026-07-20,782.0
4668,2026-07-27,778.0
4722,2025-08-04,2349.05
4722,2025-08-11,2289.71
4722,2025-08-18,2282.9
4722,2025-08-25,2225.51
4722,2025-09-01,2131.16
4722,2025-09-08,2219.68
4722,2025-09-15,2227.46
4722,2025-09-22,2270.26
4722,2025-09-29,2164.23
4722,2025-10-06,2154.51
4722,2025-10-13,2073.77
4722,2025-10-20,2129.22
4722,2025-10-27,2116.57
4722,2025-11-03,2076.69
4722,2025-11-10,2055.29
4722,2025-11-17,2024.17
4722,2025-11-24,1996.93
4722,2025-12-01,1905.5
4722,2025-12-08,1902.58
4722,2025-12-15,1921.06
4722,2025-12-22,1946.35
4722,2025-12-29,1951.27
4722,2026-01-05,1975.87
4722,2026-01-12,1955.21
4722,2026-01-19,1930.61
4722,2026-01-26,1865.66
4722,2026-02-02,1753.49
4722,2026-02-09,1722.0
4722,2026-02-16,1767.26
4722,2026-02-23,1789.9
4722,2026-03-02,1678.7
4722,2026-03-09,1612.78
4722,2026-03-16,1575.38
4722,2026-03-23,1580.3
4722,2026-03-30,1594.08
4722,2026-04-06,1592.11
4722,2026-04-13,1664.93
4722,2026-04-20,1621.63
4722,2026-04-27,1518.31
4722,2026-05-04,1536.02
4722,2026-05-11,1532.09
4722,2026-05-18,1531.1
4722,2026-05-25,1568.5
4722,2026-06-01,1528.15
4722,2026-06-08,1474.03
4722,2026-06-15,1447.46
4722,2026-06-22,1476.0
4722,2026-06-29,1677.0
4722,2026-07-06,1730.0
4722,2026-07-13,2161.0
4722,2026-07-20,2210.0
4722,2026-07-27,2445.0
4743,2025-08-04,1469.77
4743,2025-08-11,1390.76
4743,2025-08-18,1407.89
4743,2025-08-25,1378.38
4743,2025-09-01,1386.0
4743,2025-09-08,1429.79
4743,2025-09-15,1441.21
4743,2025-09-22,1457.39
4743,2025-09-29,1452.54
4743,2025-10-06,1447.68
4743,2025-10-13,1439.91
4743,2025-10-20,1475.84
4743,2025-10-27,1480.69
4743,2025-11-03,1477.78
4743,2025-11-10,1611.77
4743,2025-11-17,1624.39
4743,2025-11-24,1621.48
4743,2025-12-01,1587.5
4743,2025-12-08,1597.21
4743,2025-12-15,1611.77
4743,2025-12-22,1644.78
4743,2025-12-29,1665.17
4743,2026-01-05,1663.23
4743,2026-01-12,1696.24
4743,2026-01-19,1703.04
4743,2026-01-26,1648.67
4743,2026-02-02,1616.63
4743,2026-02-09,1655.46
4743,2026-02-16,1641.87
4743,2026-02-23,1691.39
4743,2026-03-02,1633.13
4743,2026-03-09,1607.89
4743,2026-03-16,1626.34
4743,2026-03-23,1671.0
4743,2026-03-30,1692.0
4743,2026-04-06,1674.0
4743,2026-04-13,1719.0
4743,2026-04-20,1703.0
4743,2026-04-27,1713.0
4743,2026-05-04,1707.0
4743,2026-05-11,1644.0
4743,2026-05-18,1637.0
4743,2026-05-25,1664.0
4743,2026-06-01,1631.0
4743,2026-06-08,1614.0
4743,2026-06-15,1608.0
4743,2026-06-22,1592.0
4743,2026-06-29,1641.0
4743,2026-07-06,1690.0
4743,2026-07-13,1656.0
4743,2026-07-20,1683.0
4743,2026-07-27,1722.0
4746,2025-08-04,4119.69
4746,2025-08-11,3967.11
4746,2025-08-18,3967.11
4746,2025-08-25,3776.39
4746,2025-09-01,3819.3
4746,2025-09-08,3924.2
4746,2025-09-15,3814.53
4746,2025-09-22,3905.13
4746,2025-09-29,3733.47
4746,2025-10-06,3714.4
4746,2025-10-13,3733.47
4746,2025-10-20,3776.39
4746,2025-10-27,3657.18
4746,2025-11-03,3819.3
4746,2025-11-10,3981.42
4746,2025-11-17,3976.65
4746,2025-11-24,4010.03
4746,2025-12-01,3919.43
4746,2025-12-08,3838.37
4746,2025-12-15,3819.3
4746,2025-12-22,3843.14
4746,2025-12-29,3961.29
4746,2026-01-05,4245.64
4746,2026-01-12,4407.43
4746,2026-01-19,4353.5
4746,2026-01-26,4132.88
4746,2026-02-02,4083.86
4746,2026-02-09,4211.33
4746,2026-02-16,4167.2
4746,2026-02-23,4348.6
4746,2026-03-02,4181.91
4746,2026-03-09,4211.33
4746,2026-03-16,4206.42
4746,2026-03-23,4191.71
4746,2026-03-30,4142.69
4746,2026-04-06,4431.94
4746,2026-04-13,4407.43
4746,2026-04-20,4319.18
4746,2026-04-27,4235.84
4746,2026-05-04,4044.64
4746,2026-05-11,3946.59
4746,2026-05-18,4123.08
4746,2026-05-25,4226.03
4746,2026-06-01,4142.69
4746,2026-06-08,4118.18
4746,2026-06-15,4167.2
4746,2026-06-22,4353.5
4746,2026-06-29,4485.0
4746,2026-07-06,4740.0
4746,2026-07-13,4780.0
4746,2026-07-20,4825.0
4746,2026-07-27,5020.0
4762,2025-08-04,1315.77
4762,2025-08-11,1324.49
4762,2025-08-18,1331.26
4762,2025-08-25,1376.77
4762,2025-09-01,1359.34
4762,2025-09-08,1373.86
4762,2025-09-15,1363.21
4762,2025-09-22,1378.7
4762,2025-09-29,1379.2
4762,2025-10-06,1383.13
4762,2025-10-13,1391.0
4762,2025-10-20,1390.02
4762,2025-10-27,1404.77
4762,2025-11-03,1374.28
4762,2025-11-10,1396.9
4762,2025-11-17,1380.18
4762,2025-11-24,1386.08
4762,2025-12-01,1357.55
4762,2025-12-08,1400.84
4762,2025-12-15,1391.98
4762,2025-12-22,1397.89
4762,2025-12-29,1498.23
4762,2026-01-05,1479.54
4762,2026-01-12,1480.52
4762,2026-01-19,1496.26
4762,2026-01-26,1513.97
4762,2026-02-02,1513.97
4762,2026-02-09,1512.0
4762,2026-02-16,1501.18
4762,2026-02-23,1523.8
4762,2026-03-02,1488.39
4762,2026-03-09,1510.03
4762,2026-03-16,1510.03
4762,2026-03-23,1512.0
4762,2026-03-30,1517.0
4762,2026-04-06,1517.0
4762,2026-04-13,1512.0
4762,2026-04-20,1480.0
4762,2026-04-27,1548.0
4762,2026-05-04,1551.0
4762,2026-05-11,1512.0
4762,2026-05-18,1542.0
4762,2026-05-25,1548.0
4762,2026-06-01,1569.0
4762,2026-06-08,1604.0
4762,2026-06-15,1583.0
4762,2026-06-22,1663.0
4762,2026-06-29,1767.0
4762,2026-07-06,1771.0
4762,2026-07-13,1650.0
4762,2026-07-20,1894.0
4762,2026-07-27,2035.0
4768,2025-08-04,3021.52
4768,2025-08-11,2978.91
4768,2025-08-18,3024.42
4768,2025-08-25,2936.3
4768,2025-09-01,2948.89
4768,2025-09-08,3087.37
4768,2025-09-15,3028.3
4768,2025-09-22,3018.61
4768,2025-09-29,2945.01
4768,2025-10-06,2894.65
4768,2025-10-13,2882.06
4768,2025-10-20,2994.4
4768,2025-10-27,2953.73
4768,2025-11-03,2924.68
4768,2025-11-10,2905.31
4768,2025-11-17,3013.77
4768,2025-11-24,2989.56
4768,2025-12-01,3058.32
4768,2025-12-08,3204.55
4768,2025-12-15,3201.65
4768,2025-12-22,3176.47
4768,2025-12-29,3173.52
4768,2026-01-05,3138.17
4768,2026-01-12,3166.65
4768,2026-01-19,3164.69
4768,2026-01-26,3006.6
4768,2026-02-02,2957.5
4768,2026-02-09,2968.3
4768,2026-02-16,2985.0
4768,2026-02-23,3092.03
4768,2026-03-02,3011.51
4768,2026-03-09,2897.61
4768,2026-03-16,2881.9
4768,2026-03-23,2959.47
4768,2026-03-30,3020.35
4768,2026-04-06,2928.05
4768,2026-04-13,2992.85
4768,2026-04-20,2917.25
4768,2026-04-27,2802.36
4768,2026-05-04,2983.03
4768,2026-05-11,2850.48
4768,2026-05-18,2831.82
4768,2026-05-25,2836.73
4768,2026-06-01,2904.97
4768,2026-06-08,2799.42
4768,2026-06-15,2716.45
4768,2026-06-22,2713.5
4768,2026-06-29,2853.0
4768,2026-07-06,2893.5
4768,2026-07-13,3015.0
4768,2026-07-20,3026.0
4768,2026-07-27,3274.0
4901,2025-08-04,3406.28
4901,2025-08-11,3515.94
4901,2025-08-18,3526.71
4901,2025-08-25,3437.61
4901,2025-09-01,3531.61
4901,2025-09-08,3564.9
4901,2025-09-15,3479.71
4901,2025-09-22,3649.1
4901,2025-09-29,3585.84
4901,2025-10-06,3499.85
4901,2025-10-13,3444.5
4901,2025-10-20,3500.84
4901,2025-10-27,3538.4
4901,2025-11-03,3360.49
4901,2025-11-10,3268.57
4901,2025-11-17,3267.58
4901,2025-11-24,3320.96
4901,2025-12-01,3212.23
4901,2025-12-08,3424.74
4901,2025-12-15,3321.94
4901,2025-12-22,3331.83
4901,2025-12-29,3305.14
4901,2026-01-05,3261.65
4901,2026-01-12,3401.02
4901,2026-01-19,3202.35
4901,2026-01-26,3051.13
4901,2026-02-02,2988.86
4901,2026-02-09,2997.76
4901,2026-02-16,2965.14
4901,2026-02-23,3206.3
4901,2026-03-02,2966.13
4901,2026-03-09,2977.99
4901,2026-03-16,2910.78
4901,2026-03-23,2977.0
4901,2026-03-30,3112.0
4901,2026-04-06,3116.0
4901,2026-04-13,3166.0
4901,2026-04-20,2896.0
4901,2026-04-27,2875.5
4901,2026-05-04,3023.0
4901,2026-05-11,3110.0
4901,2026-05-18,3181.0
4901,2026-05-25,3322.0
4901,2026-06-01,3528.0
4901,2026-06-08,3401.0
4901,2026-06-15,3383.0
4901,2026-06-22,3436.0
4901,2026-06-29,3621.0
4901,2026-07-06,3586.0
4901,2026-07-13,3633.0
4901,2026-07-20,3626.0
4901,2026-07-27,3772.0
4919,2025-08-04,2495.86
4919,2025-08-11,2389.53
4919,2025-08-18,2438.83
4919,2025-08-25,2414.66
4919,2025-09-01,2429.16
4919,2025-09-08,2427.23
4919,2025-09-15,2392.43
4919,2025-09-22,2447.53
4919,2025-09-29,2368.26
4919,2025-10-06,2338.3
4919,2025-10-13,2314.13
4919,2025-10-20,2310.26
4919,2025-10-27,2238.73
4919,2025-11-03,2302.53
4919,2025-11-10,2324.76
4919,2025-11-17,2483.29
4919,2025-11-24,2456.23
4919,2025-12-01,2351.83
4919,2025-12-08,2404.03
4919,2025-12-15,2388.56
4919,2025-12-22,2458.16
4919,2025-12-29,2399.05
4919,2026-01-05,2389.19
4919,2026-01-12,2428.6
4919,2026-01-19,2540.92
4919,2026-01-26,2499.54
4919,2026-02-02,2618.75
4919,2026-02-09,2680.82
4919,2026-02-16,2675.9
4919,2026-02-23,2769.49
4919,2026-03-02,2692.65
4919,2026-03-09,2639.44
4919,2026-03-16,2637.47
4919,2026-03-23,2688.7
4919,2026-03-30,2703.48
4919,2026-04-06,2720.23
4919,2026-04-13,2691.66
4919,2026-04-20,2545.85
4919,2026-04-27,2498.55
4919,2026-05-04,2478.85
4919,2026-05-11,2503.48
4919,2026-05-18,2657.18
4919,2026-05-25,2612.84
4919,2026-06-01,2535.99
4919,2026-06-08,2703.48
4919,2026-06-15,2594.12
4919,2026-06-22,2669.0
4919,2026-06-29,2764.0
4919,2026-07-06,2774.0
4919,2026-07-13,2834.0
4919,2026-07-20,2785.0
4919,2026-07-27,2781.0
4928,2025-08-04,4534.03
4928,2025-08-11,4400.82
4928,2025-08-18,4429.36
4928,2025-08-25,4372.27
4928,2025-09-01,4410.33
4928,2025-09-08,4405.57
4928,2025-09-15,4443.64
4928,2025-09-22,4515.0
4928,2025-09-29,4350.0
4928,2025-10-06,4290.0
4928,2025-10-13,4410.0
4928,2025-10-20,4405.0
4928,2025-10-27,4375.0
4928,2025-11-03,4435.0
4928,2025-11-10,4520.0
4928,2025-11-17,4635.0
4928,2025-11-24,4635.0
4928,2025-12-01,4590.0
4928,2025-12-08,4570.0
4928,2025-12-15,4555.0
4928,2025-12-22,4640.0
4928,2025-12-29,4580.0
4928,2026-01-05,4645.0
4928,2026-01-12,4675.0
4928,2026-01-19,4755.0
4928,2026-01-26,4665.0
4928,2026-02-02,4620.0
4928,2026-02-09,4640.0
4928,2026-02-16,4610.0
4928,2026-02-23,4715.0
4928,2026-03-02,4600.0
4928,2026-03-09,4560.0
4928,2026-03-16,4540.0
4928,2026-03-23,4520.0
4928,2026-03-30,4545.0
4928,2026-04-06,4450.0
4928,2026-04-13,4480.0
4928,2026-04-20,4395.0
4928,2026-04-27,4380.0
4928,2026-05-04,4415.0
4928,2026-05-11,4280.0
4928,2026-05-18,4355.0
4928,2026-05-25,4370.0
4928,2026-06-01,4205.0
4928,2026-06-08,4325.0
4928,2026-06-15,4250.0
4928,2026-06-22,4365.0
4928,2026-06-29,4470.0
4928,2026-07-06,4530.0
4928,2026-07-13,4605.0
4928,2026-07-20,4635.0
4928,2026-07-27,4970.0
5108,2025-08-04,3166.35
5108,2025-08-11,3172.64
5108,2025-08-18,3239.36
5108,2025-08-25,3239.84
5108,2025-09-01,3365.55
5108,2025-09-08,3381.99
5108,2025-09-15,3393.59
5108,2025-09-22,3371.35
5108,2025-09-29,3308.5
5108,2025-10-06,3299.31
5108,2025-10-13,3150.4
5108,2025-10-20,3273.69
5108,2025-10-27,3270.3
5108,2025-11-03,3318.17
5108,2025-11-10,3536.22
5108,2025-11-17,3491.74
5108,2025-11-24,3540.57
5108,2025-12-01,3384.41
5108,2025-12-08,3533.32
5108,2025-12-15,3473.37
5108,2025-12-22,3481.1
5108,2025-12-29,3453.1
5108,2026-01-05,3415.76
5108,2026-01-12,3476.68
5108,2026-01-19,3483.56
5108,2026-01-26,3424.6
5108,2026-02-02,3675.18
5108,2026-02-09,3750.85
5108,2026-02-16,3557.26
5108,2026-02-23,3730.21
5108,2026-03-02,3414.77
5108,2026-03-09,3291.94
5108,2026-03-16,3214.31
5108,2026-03-23,3268.36
5108,2026-03-30,3279.17
5108,2026-04-06,3380.38
5108,2026-04-13,3311.59
5108,2026-04-20,3228.07
5108,2026-04-27,3175.0
5108,2026-05-04,3227.08
5108,2026-05-11,3328.3
5108,2026-05-18,3255.58
5108,2026-05-25,3383.33
5108,2026-06-01,3321.42
5108,2026-06-08,3337.14
5108,2026-06-15,3366.62
5108,2026-06-22,3402.0
5108,2026-06-29,3515.0
5108,2026-07-06,3569.0
5108,2026-07-13,3729.0
5108,2026-07-20,3716.0
5108,2026-07-27,3965.0
5195,2025-08-04,1799.34
5195,2025-08-11,1811.61
5195,2025-08-18,1852.18
5195,2025-08-25,1891.81
5195,2025-09-01,1922.0
5195,2025-09-08,1942.76
5195,2025-09-15,1935.21
5195,2025-09-22,1943.7
5195,2025-09-29,1890.78
5195,2025-10-06,1848.44
5195,2025-10-13,1872.5
5195,2025-10-20,1931.19
5195,2025-10-27,1864.8
5195,2025-11-03,1898.48
5195,2025-11-10,1881.16
5195,2025-11-17,1895.59
5195,2025-11-24,1987.0
5195,2025-12-01,1912.91
5195,2025-12-08,1926.38
5195,2025-12-15,1941.78
5195,2025-12-22,1961.02
5195,2025-12-29,1970.64
5195,2026-01-05,2003.36
5195,2026-01-12,2061.09
5195,2026-01-19,2038.0
5195,2026-01-26,1947.55
5195,2026-02-02,1998.55
5195,2026-02-09,2230.45
5195,2026-02-16,2240.07
5195,2026-02-23,2297.8
5195,2026-03-02,2113.05
5195,2026-03-09,1988.93
5195,2026-03-16,1999.51
5195,2026-03-23,2038.0
5195,2026-03-30,2087.0
5195,2026-04-06,2149.0
5195,2026-04-13,2146.0
5195,2026-04-20,2025.0
5195,2026-04-27,2023.0
5195,2026-05-04,2039.0
5195,2026-05-11,2209.0
5195,2026-05-18,2241.0
5195,2026-05-25,2242.0
5195,2026-06-01,2200.0
5195,2026-06-08,2180.0
5195,2026-06-15,2241.0
5195,2026-06-22,2221.0
5195,2026-06-29,2231.0
5195,2026-07-06,2240.0
5195,2026-07-13,2226.0
5195,2026-07-20,2309.0
5195,2026-07-27,2423.0
5242,2025-08-04,1568.0
5242,2025-08-11,1570.0
5242,2025-08-18,1550.0
5242,2025-08-25,1493.0
5242,2025-09-01,1533.0
5242,2025-09-08,1529.0
5242,2025-09-15,1509.0
5242,2025-09-22,1535.0
5242,2025-09-29,1396.0
5242,2025-10-06,1352.0
5242,2025-10-13,1350.0
5242,2025-10-20,1372.0
5242,2025-10-27,1275.0
5242,2025-11-03,1267.0
5242,2025-11-10,1265.0
5242,2025-11-17,1201.0
5242,2025-11-24,1192.0
5242,2025-12-01,1118.0
5242,2025-12-08,1097.0
5242,2025-12-15,1070.0
5242,2025-12-22,1021.0
5242,2025-12-29,1039.0
5242,2026-01-05,1061.0
5242,2026-01-12,1074.0
5242,2026-01-19,1083.0
5242,2026-01-26,1045.0
5242,2026-02-02,1195.0
5242,2026-02-09,1090.0
5242,2026-02-16,1077.0
5242,2026-02-23,1044.0
5242,2026-03-02,1008.0
5242,2026-03-09,1019.0
5242,2026-03-16,1034.0
5242,2026-03-23,1036.0
5242,2026-03-30,1041.0
5242,2026-04-06,1038.0
5242,2026-04-13,1038.0
5242,2026-04-20,1033.0
5242,2026-04-27,1049.0
5242,2026-05-04,1028.0
5242,2026-05-11,1043.0
5242,2026-05-18,975.0
5242,2026-05-25,970.0
5242,2026-06-01,915.0
5242,2026-06-08,868.0
5242,2026-06-15,828.0
5242,2026-06-22,815.0
5242,2026-06-29,907.0
5242,2026-07-06,879.0
5242,2026-07-13,1230.0
5242,2026-07-20,2209.0
5242,2026-07-27,2382.0
5444,2025-08-04,8752.71
5444,2025-08-11,8692.98
5444,2025-08-18,9117.85
5444,2025-08-25,9338.48
5444,2025-09-01,9773.94
5444,2025-09-08,9529.23
5444,2025-09-15,9317.28
5444,2025-09-22,9269.11
5444,2025-09-29,9058.56
5444,2025-10-06,9385.21
5444,2025-10-13,9268.13
5444,2025-10-20,9211.06
5444,2025-10-27,9575.1
5444,2025-11-03,9282.88
5444,2025-11-10,9602.64
5444,2025-11-17,9741.37
5444,2025-11-24,10276.6
5444,2025-12-01,10035.55
5444,2025-12-08,10483.21
5444,2025-12-15,10473.38
5444,2025-12-22,10616.04
5444,2025-12-29,10517.65
5444,2026-01-05,11048.94
5444,2026-01-12,11727.82
5444,2026-01-19,11609.75
5444,2026-01-26,10980.07
5444,2026-02-02,12337.82
5444,2026-02-09,11245.72
5444,2026-02-16,12549.36
5444,2026-02-23,12795.33
5444,2026-03-02,11919.68
5444,2026-03-09,11781.93
5444,2026-03-16,11890.16
5444,2026-03-23,12205.0
5444,2026-03-30,12205.0
5444,2026-04-06,12280.0
5444,2026-04-13,11955.0
5444,2026-04-20,12045.0
5444,2026-04-27,12120.0
5444,2026-05-04,12060.0
5444,2026-05-11,11975.0
5444,2026-05-18,11465.0
5444,2026-05-25,11785.0
5444,2026-06-01,11685.0
5444,2026-06-08,11950.0
5444,2026-06-15,12380.0
5444,2026-06-22,12150.0
5444,2026-06-29,12480.0
5444,2026-07-06,12410.0
5444,2026-07-13,12785.0
5444,2026-07-20,13140.0
5444,2026-07-27,13500.0
5458,2025-08-04,905.66
5458,2025-08-11,904.69
5458,2025-08-18,897.96
5458,2025-08-25,909.51
5458,2025-09-01,919.13
5458,2025-09-08,903.73
5458,2025-09-15,928.76
5458,2025-09-22,935.49
5458,2025-09-29,938.38
5458,2025-10-06,938.38
5458,2025-10-13,945.12
5458,2025-10-20,960.52
5458,2025-10-27,925.87
5458,2025-11-03,943.19
5458,2025-11-10,934.53
5458,2025-11-17,912.39
5458,2025-11-24,922.98
5458,2025-12-01,925.87
5458,2025-12-08,914.32
5458,2025-12-15,949.93
5458,2025-12-22,989.39
5458,2025-12-29,986.5
5458,2026-01-05,1030.77
5458,2026-01-12,1150.12
5458,2026-01-19,1098.15
5458,2026-01-26,1004.79
5458,2026-02-02,1068.31
5458,2026-02-09,1077.93
5458,2026-02-16,1050.02
5458,2026-02-23,1030.77
5458,2026-03-02,1055.8
5458,2026-03-09,1049.06
5458,2026-03-16,1031.74
5458,2026-03-23,1025.0
5458,2026-03-30,1035.0
5458,2026-04-06,1024.0
5458,2026-04-13,1033.0
5458,2026-04-20,1031.0
5458,2026-04-27,1049.0
5458,2026-05-04,1033.0
5458,2026-05-11,1172.0
5458,2026-05-18,1193.0
5458,2026-05-25,1221.0
5458,2026-06-01,1209.0
5458,2026-06-08,1225.0
5458,2026-06-15,1269.0
5458,2026-06-22,1240.0
5458,2026-06-29,1220.0
5458,2026-07-06,1215.0
5458,2026-07-13,1215.0
5458,2026-07-20,1234.0
5458,2026-07-27,1345.0
5660,2025-08-04,1305.17
5660,2025-08-11,1317.59
5660,2025-08-18,1331.92
5660,2025-08-25,1311.86
5660,2025-09-01,1317.59
5660,2025-09-08,1321.41
5660,2025-09-15,1313.77
5660,2025-09-22,1301.35
5660,2025-09-29,1281.88
5660,2025-10-06,1275.07
5660,2025-10-13,1270.2
5660,2025-10-20,1327.63
5660,2025-10-27,1283.83
5660,2025-11-03,1302.32
5660,2025-11-10,1275.07
5660,2025-11-17,1282.85
5660,2025-11-24,1285.77
5660,2025-12-01,1280.91
5660,2025-12-08,1284.8
5660,2025-12-15,1310.11
5660,2025-12-22,1304.27
5660,2025-12-29,1339.31
5660,2026-01-05,1375.32
5660,2026-01-12,1431.77
5660,2026-01-19,1430.8
5660,2026-01-26,1437.61
5660,2026-02-02,1453.19
5660,2026-02-09,1432.75
5660,2026-02-16,1443.45
5660,2026-02-23,1486.28
5660,2026-03-02,1423.01
5660,2026-03-09,1404.52
5660,2026-03-16,1422.04
5660,2026-03-23,1460.0
5660,2026-03-30,1455.0
5660,2026-04-06,1482.0
5660,2026-04-13,1479.0
5660,2026-04-20,1509.0
5660,2026-04-27,1525.0
5660,2026-05-04,1531.0
5660,2026-05-11,1792.0
5660,2026-05-18,1808.0
5660,2026-05-25,1850.0
5660,2026-06-01,1792.0
5660,2026-06-08,1833.0
5660,2026-06-15,1835.0
5660,2026-06-22,1752.0
5660,2026-06-29,1786.0
5660,2026-07-06,1733.0
5660,2026-07-13,1795.0
5660,2026-07-20,1866.0
5660,2026-07-27,1943.0
575A,2026-06-01,1509.0
575A,2026-06-08,1414.0
575A,2026-06-15,1421.0
575A,2026-06-22,1360.0
575A,2026-06-29,1489.0
575A,2026-07-06,1517.0
575A,2026-07-13,1800.0
575A,2026-07-20,1811.0
575A,2026-07-27,1795.0
5830,2025-08-04,1885.01
5830,2025-08-11,1962.17
5830,2025-08-18,2000.75
5830,2025-08-25,2006.12
5830,2025-09-01,1978.78
5830,2025-09-08,2018.82
5830,2025-09-15,2074.49
5830,2025-09-22,2188.28
5830,2025-09-29,2162.54
5830,2025-10-06,2086.81
5830,2025-10-13,2070.97
5830,2025-10-20,2166.99
5830,2025-10-27,2382.8
5830,2025-11-03,2296.18
5830,2025-11-10,2354.59
5830,2025-11-17,2353.6
5830,2025-11-24,2541.19
5830,2025-12-01,2533.77
5830,2025-12-08,2541.69
5830,2025-12-15,2574.85
5830,2025-12-22,2522.38
5830,2025-12-29,2525.85
5830,2026-01-05,2681.27
5830,2026-01-12,2847.58
5830,2026-01-19,2806.5
5830,2026-01-26,2842.14
5830,2026-02-02,3128.23
5830,2026-02-09,3491.54
5830,2026-02-16,3456.89
5830,2026-02-23,3359.88
5830,2026-03-02,3028.25
5830,2026-03-09,2920.84
5830,2026-03-16,2899.06
5830,2026-03-23,2954.0
5830,2026-03-30,3071.0
5830,2026-04-06,3180.0
5830,2026-04-13,3181.0
5830,2026-04-20,2895.5
5830,2026-04-27,3015.0
5830,2026-05-04,3085.0
5830,2026-05-11,3162.0
5830,2026-05-18,3115.0
5830,2026-05-25,3054.0
5830,2026-06-01,3064.0
5830,2026-06-08,3075.0
5830,2026-06-15,3071.0
5830,2026-06-22,3181.0
5830,2026-06-29,3335.0
5830,2026-07-06,3259.0
5830,2026-07-13,3229.0
5830,2026-07-20,3556.0
5830,2026-07-27,3634.0
5831,2025-08-04,1793.41
5831,2025-08-11,1872.2
5831,2025-08-18,1910.39
5831,2025-08-25,1905.56
5831,2025-09-01,1876.55
5831,2025-09-08,1930.69
5831,2025-09-15,1909.42
5831,2025-09-22,1988.7
5831,2025-09-29,2000.03
5831,2025-10-06,1944.36
5831,2025-10-13,1934.01
5831,2025-10-20,1991.17
5831,2025-10-27,2044.87
5831,2025-11-03,2070.5
5831,2025-11-10,2104.5
5831,2025-11-17,2187.28
5831,2025-11-24,2229.65
5831,2025-12-01,2328.2
5831,2025-12-08,2394.72
5831,2025-12-15,2408.02
5831,2025-12-22,2381.91
5831,2025-12-29,2396.69
5831,2026-01-05,2532.69
5831,2026-01-12,2602.66
5831,2026-01-19,2512.98
5831,2026-01-26,2481.44
5831,2026-02-02,2734.22
5831,2026-02-09,3001.78
5831,2026-02-16,3073.72
5831,2026-02-23,3098.35
5831,2026-03-02,2737.18
5831,2026-03-09,2572.11
5831,2026-03-16,2521.85
5831,2026-03-23,2783.0
5831,2026-03-30,2755.0
5831,2026-04-06,2864.0
5831,2026-04-13,2803.0
5831,2026-04-20,2674.5
5831,2026-04-27,2762.0
5831,2026-05-04,2762.0
5831,2026-05-11,2915.5
5831,2026-05-18,2997.0
5831,2026-05-25,2871.0
5831,2026-06-01,2896.5
5831,2026-06-08,3052.0
5831,2026-06-15,3026.0
5831,2026-06-22,3032.0
5831,2026-06-29,3232.0
5831,2026-07-06,3279.0
5831,2026-07-13,3148.0
5831,2026-07-20,3380.0
5831,2026-07-27,3180.0
5845,2025-08-04,790.97
5845,2025-08-11,859.13
5845,2025-08-18,847.61
5845,2025-08-25,854.33
5845,2025-09-01,895.61
5845,2025-09-08,897.53
5845,2025-09-15,894.65
5845,2025-09-22,895.61
5845,2025-09-29,876.41
5845,2025-10-06,879.29
5845,2025-10-13,866.81
5845,2025-10-20,869.69
5845,2025-10-27,866.81
5845,2025-11-03,868.73
5845,2025-11-10,879.29
5845,2025-11-17,890.81
5845,2025-11-24,916.72
5845,2025-12-01,923.44
5845,2025-12-08,935.92
5845,2025-12-15,971.44
5845,2025-12-22,976.24
5845,2025-12-29,963.76
5845,2026-01-05,959.92
5845,2026-01-12,967.6
5845,2026-01-19,956.08
5845,2026-01-26,968.56
5845,2026-02-02,963.76
5845,2026-02-09,974.32
5845,2026-02-16,1012.72
5845,2026-02-23,1015.6
5845,2026-03-02,978.16
5845,2026-03-09,968.56
5845,2026-03-16,956.08
5845,2026-03-23,958.0
5845,2026-03-30,988.0
5845,2026-04-06,995.0
5845,2026-04-13,990.0
5845,2026-04-20,980.0
5845,2026-04-27,966.0
5845,2026-05-04,970.0
5845,2026-05-11,1026.0
5845,2026-05-18,1011.0
5845,2026-05-25,1001.0
5845,2026-06-01,995.0
5845,2026-06-08,994.0
5845,2026-06-15,994.0
5845,2026-06-22,996.0
5845,2026-06-29,1020.0
5845,2026-07-06,1019.0
5845,2026-07-13,1016.0
5845,2026-07-20,1011.0
5845,2026-07-27,1171.0
5889,2025-08-04,2132.71
5889,2025-08-11,2101.91
5889,2025-08-18,2043.2
5889,2025-08-25,2011.44
5889,2025-09-01,1997.01
5889,2025-09-08,2298.24
5889,2025-09-15,2166.39
5889,2025-09-22,2147.14
5889,2025-09-29,2028.77
5889,2025-10-06,2023.96
5889,2025-10-13,1987.38
5889,2025-10-20,2133.67
5889,2025-10-27,1934.45
5889,2025-11-03,1949.85
5889,2025-11-10,1946.96
5889,2025-11-17,1828.59
5889,2025-11-24,1867.08
5889,2025-12-01,1900.77
5889,2025-12-08,1971.02
5889,2025-12-15,1903.65
5889,2025-12-22,1950.81
5889,2025-12-29,1953.7
5889,2026-01-05,1966.21
5889,2026-01-12,1946.0
5889,2026-01-19,1961.4
5889,2026-01-26,1974.96
5889,2026-02-02,1950.39
5889,2026-02-09,1940.56
5889,2026-02-16,1883.54
5889,2026-02-23,1964.15
5889,2026-03-02,1917.95
5889,2026-03-09,1848.15
5889,2026-03-16,2040.83
5889,2026-03-23,2092.93
5889,2026-03-30,2054.59
5889,2026-04-06,2077.2
5889,2026-04-13,2103.74
5889,2026-04-20,2192.22
5889,2026-04-27,2190.25
5889,2026-05-04,2208.93
5889,2026-05-11,2154.86
5889,2026-05-18,2172.56
5889,2026-05-25,2056.56
5889,2026-06-01,2051.64
5889,2026-06-08,2133.23
5889,2026-06-15,2279.71
5889,2026-06-22,2151.91
5889,2026-06-29,2362.29
5889,2026-07-06,2410.46
5889,2026-07-13,2283.64
5889,2026-07-20,2345.58
5889,2026-07-27,2521.0
5971,2025-08-04,5711.05
5971,2025-08-11,5829.82
5971,2025-08-18,5918.9
5971,2025-08-25,5899.11
5971,2025-09-01,5948.6
5971,2025-09-08,6354.41
5971,2025-09-15,6176.25
5971,2025-09-22,6483.08
5971,2025-09-29,7027.46
5971,2025-10-06,6582.06
5971,2025-10-13,6898.79
5971,2025-10-20,6839.4
5971,2025-10-27,7037.36
5971,2025-11-03,6671.14
5971,2025-11-10,6908.68
5971,2025-11-17,6908.68
5971,2025-11-24,6878.99
5971,2025-12-01,6878.99
5971,2025-12-08,6908.68
5971,2025-12-15,7324.39
5971,2025-12-22,7433.27
5971,2025-12-29,7522.35
5971,2026-01-05,7344.19
5971,2026-01-12,7076.95
5971,2026-01-19,7076.95
5971,2026-01-26,7096.74
5971,2026-02-02,7146.23
5971,2026-02-09,7265.01
5971,2026-02-16,7373.88
5971,2026-02-23,7581.74
5971,2026-03-02,7324.39
5971,2026-03-09,7393.68
5971,2026-03-16,7641.12
5971,2026-03-23,7601.53
5971,2026-03-30,7789.59
5971,2026-04-06,7680.71
5971,2026-04-13,7730.2
5971,2026-04-20,7730.2
5971,2026-04-27,7270.0
5971,2026-05-04,7350.0
5971,2026-05-11,7100.0
5971,2026-05-18,7010.0
5971,2026-05-25,6950.0
5971,2026-06-01,6950.0
5971,2026-06-08,7010.0
5971,2026-06-15,7550.0
5971,2026-06-22,8080.0
5971,2026-06-29,8190.0
5971,2026-07-06,8060.0
5971,2026-07-13,8120.0
5971,2026-07-20,8120.0
5971,2026-07-27,8290.0
603A,2026-07-27,700.0
604A,2026-07-27,954.0
6080,2025-08-04,2943.96
6080,2025-08-11,2955.77
6080,2025-08-18,2975.44
6080,2025-08-25,3088.56
6080,2025-09-01,3177.08
6080,2025-09-08,3142.65
6080,2025-09-15,3132.82
6080,2025-09-22,3127.9
6080,2025-09-29,3155.0
6080,2025-10-06,3120.0
6080,2025-10-13,3210.0
6080,2025-10-20,3270.0
6080,2025-10-27,2955.0
6080,2025-11-03,3090.0
6080,2025-11-10,3170.0
6080,2025-11-17,3300.0
6080,2025-11-24,3360.0
6080,2025-12-01,3260.0
6080,2025-12-08,3290.0
6080,2025-12-15,3400.0
6080,2025-12-22,3405.0
6080,2025-12-29,3370.0
6080,2026-01-05,3490.0
6080,2026-01-12,3500.0
6080,2026-01-19,3425.0
6080,2026-01-26,3145.0
6080,2026-02-02,3415.0
6080,2026-02-09,3380.0
6080,2026-02-16,3495.0
6080,2026-02-23,3740.0
6080,2026-03-02,3495.0
6080,2026-03-09,3400.0
6080,2026-03-16,3155.0
6080,2026-03-23,3100.0
6080,2026-03-30,3080.0
6080,2026-04-06,3235.0
6080,2026-04-13,3350.0
6080,2026-04-20,3170.0
6080,2026-04-27,3275.0
6080,2026-05-04,3400.0
6080,2026-05-11,3370.0
6080,2026-05-18,3600.0
6080,2026-05-25,3440.0
6080,2026-06-01,3480.0
6080,2026-06-08,3465.0
6080,2026-06-15,3580.0
6080,2026-06-22,3390.0
6080,2026-06-29,3575.0
6080,2026-07-06,3610.0
6080,2026-07-13,3660.0
6080,2026-07-20,3735.0
6080,2026-07-27,3885.0
6098,2025-08-04,8473.83
6098,2025-08-11,8925.27
6098,2025-08-18,8733.93
6098,2025-08-25,8549.57
6098,2025-09-01,8431.97
6098,2025-09-08,8451.9
6098,2025-09-15,7902.79
6098,2025-09-22,8214.72
6098,2025-09-29,7866.89
6098,2025-10-06,8106.43
6098,2025-10-13,7401.78
6098,2025-10-20,7914.79
6098,2025-10-27,7693.22
6098,2025-11-03,8470.73
6098,2025-11-10,8087.46
6098,2025-11-17,7693.22
6098,2025-11-24,7990.65
6098,2025-12-01,8233.18
6098,2025-12-08,8296.06
6098,2025-12-15,8832.03
6098,2025-12-22,9082.55
6098,2025-12-29,8830.04
6098,2026-01-05,9314.11
6098,2026-01-12,9173.38
6098,2026-01-19,8571.53
6098,2026-01-26,8084.47
6098,2026-02-02,7048.46
6098,2026-02-09,6144.2
6098,2026-02-16,6271.95
6098,2026-02-23,6852.83
6098,2026-03-02,6988.57
6098,2026-03-09,6501.51
6098,2026-03-16,6319.86
6098,2026-03-23,6506.5
6098,2026-03-30,6942.0
6098,2026-04-06,7117.0
6098,2026-04-13,7524.0
6098,2026-04-20,7308.0
6098,2026-04-27,7361.0
6098,2026-05-04,7822.0
6098,2026-05-11,7825.0
6098,2026-05-18,9789.0
6098,2026-05-25,10570.0
6098,2026-06-01,10595.0
6098,2026-06-08,10790.0
6098,2026-06-15,10865.0
6098,2026-06-22,11040.0
6098,2026-06-29,11920.0
6098,2026-07-06,12240.0
6098,2026-07-13,12820.0
6098,2026-07-20,12055.0
6098,2026-07-27,12550.0
6178,2025-08-04,1407.55
6178,2025-08-11,1475.94
6178,2025-08-18,1499.71
6178,2025-08-25,1468.18
6178,2025-09-01,1493.88
6178,2025-09-08,1501.65
6178,2025-09-15,1448.78
6178,2025-09-22,1452.17
6178,2025-09-29,1396.43
6178,2025-10-06,1408.77
6178,2025-10-13,1382.13
6178,2025-10-20,1430.47
6178,2025-10-27,1427.02
6178,2025-11-03,1408.27
6178,2025-11-10,1441.81
6178,2025-11-17,1430.47
6178,2025-11-24,1514.32
6178,2025-12-01,1521.72
6178,2025-12-08,1594.73
6178,2025-12-15,1584.37
6178,2025-12-22,1610.51
6178,2025-12-29,1628.27
6178,2026-01-05,1758.0
6178,2026-01-12,1848.26
6178,2026-01-19,1805.84
6178,2026-01-26,1829.52
6178,2026-02-02,1950.86
6178,2026-02-09,2016.47
6178,2026-02-16,1984.9
6178,2026-02-23,2008.58
6178,2026-03-02,1858.62
6178,2026-03-09,1756.52
6178,2026-03-16,1784.14
6178,2026-03-23,1831.0
6178,2026-03-30,1827.0
6178,2026-04-06,1856.0
6178,2026-04-13,1872.5
6178,2026-04-20,1779.5
6178,2026-04-27,1811.5
6178,2026-05-04,1855.5
6178,2026-05-11,1957.0
6178,2026-05-18,2116.0
6178,2026-05-25,2068.0
6178,2026-06-01,2122.5
6178,2026-06-08,2318.0
6178,2026-06-15,2240.5
6178,2026-06-22,2161.0
6178,2026-06-29,2271.5
6178,2026-07-06,2319.5
6178,2026-07-13,2329.0
6178,2026-07-20,2485.5
6178,2026-07-27,2382.0
6194,2025-08-04,754.96
6194,2025-08-11,780.92
6194,2025-08-18,751.11
6194,2025-08-25,753.03
6194,2025-09-01,780.92
6194,2025-09-08,779.0
6194,2025-09-15,774.19
6194,2025-09-22,779.0
6194,2025-09-29,743.0
6194,2025-10-06,749.0
6194,2025-10-13,717.0
6194,2025-10-20,713.0
6194,2025-10-27,700.0
6194,2025-11-03,695.0
6194,2025-11-10,683.0
6194,2025-11-17,670.0
6194,2025-11-24,659.0
6194,2025-12-01,621.0
6194,2025-12-08,628.0
6194,2025-12-15,667.0
6194,2025-12-22,702.0
6194,2025-12-29,710.0
6194,2026-01-05,721.0
6194,2026-01-12,706.0
6194,2026-01-19,705.0
6194,2026-01-26,693.0
6194,2026-02-02,688.0
6194,2026-02-09,718.0
6194,2026-02-16,696.0
6194,2026-02-23,738.0
6194,2026-03-02,744.0
6194,2026-03-09,700.0
6194,2026-03-16,667.0
6194,2026-03-23,669.0
6194,2026-03-30,668.0
6194,2026-04-06,660.0
6194,2026-04-13,666.0
6194,2026-04-20,653.0
6194,2026-04-27,646.0
6194,2026-05-04,662.0
6194,2026-05-11,715.0
6194,2026-05-18,712.0
6194,2026-05-25,690.0
6194,2026-06-01,683.0
6194,2026-06-08,705.0
6194,2026-06-15,700.0
6194,2026-06-22,693.0
6194,2026-06-29,704.0
6194,2026-07-06,805.0
6194,2026-07-13,823.0
6194,2026-07-20,822.0
6194,2026-07-27,861.0
6237,2025-08-04,2613.95
6237,2025-08-11,2456.59
6237,2025-08-18,2395.39
6237,2025-08-25,2397.33
6237,2025-09-01,2362.36
6237,2025-09-08,2538.18
6237,2025-09-15,2596.46
6237,2025-09-22,2605.21
6237,2025-09-29,2462.49
6237,2025-10-06,2471.35
6237,2025-10-13,2479.23
6237,2025-10-20,2594.38
6237,2025-10-27,2512.69
6237,2025-11-03,2530.41
6237,2025-11-10,2507.77
6237,2025-11-17,2414.27
6237,2025-11-24,2520.56
6237,2025-12-01,2555.01
6237,2025-12-08,2530.41
6237,2025-12-15,2581.58
6237,2025-12-22,2565.84
6237,2025-12-29,2578.63
6237,2026-01-05,2549.11
6237,2026-01-12,2821.73
6237,2026-01-19,2620.95
6237,2026-01-26,2629.81
6237,2026-02-02,2660.32
6237,2026-02-09,2681.97
6237,2026-02-16,2796.14
6237,2026-02-23,2908.34
6237,2026-03-02,2618.0
6237,2026-03-09,2525.48
6237,2026-03-16,2473.32
6237,2026-03-23,2618.0
6237,2026-03-30,2614.0
6237,2026-04-06,2764.0
6237,2026-04-13,2681.0
6237,2026-04-20,2652.0
6237,2026-04-27,2681.0
6237,2026-05-04,2741.0
6237,2026-05-11,2939.0
6237,2026-05-18,3300.0
6237,2026-05-25,3375.0
6237,2026-06-01,3140.0
6237,2026-06-08,3085.0
6237,2026-06-15,3560.0
6237,2026-06-22,3585.0
6237,2026-06-29,4150.0
6237,2026-07-06,4505.0
6237,2026-07-13,4405.0
6237,2026-07-20,4990.0
6237,2026-07-27,5150.0
6306,2025-08-04,738.57
6306,2025-08-11,742.37
6306,2025-08-18,742.37
6306,2025-08-25,770.89
6306,2025-09-01,766.14
6306,2025-09-08,760.43
6306,2025-09-15,758.53
6306,2025-09-22,756.63
6306,2025-09-29,732.35
6306,2025-10-06,737.21
6306,2025-10-13,744.01
6306,2025-10-20,761.49
6306,2025-10-27,743.03
6306,2025-11-03,731.38
6306,2025-11-10,742.06
6306,2025-11-17,735.26
6306,2025-11-24,749.83
6306,2025-12-01,730.41
6306,2025-12-08,740.12
6306,2025-12-15,764.4
6306,2025-12-22,796.45
6306,2025-12-29,768.29
6306,2026-01-05,790.63
6306,2026-01-12,810.05
6306,2026-01-19,794.51
6306,2026-01-26,791.6
6306,2026-02-02,811.02
6306,2026-02-09,841.13
6306,2026-02-16,831.42
6306,2026-02-23,851.82
6306,2026-03-02,790.63
6306,2026-03-09,772.17
6306,2026-03-16,778.0
6306,2026-03-23,778.0
6306,2026-03-30,788.0
6306,2026-04-06,796.0
6306,2026-04-13,805.0
6306,2026-04-20,799.0
6306,2026-04-27,799.0
6306,2026-05-04,802.0
6306,2026-05-11,842.0
6306,2026-05-18,844.0
6306,2026-05-25,855.0
6306,2026-06-01,866.0
6306,2026-06-08,844.0
6306,2026-06-15,914.0
6306,2026-06-22,912.0
6306,2026-06-29,945.0
6306,2026-07-06,951.0
6306,2026-07-13,932.0
6306,2026-07-20,960.0
6306,2026-07-27,982.0
6316,2025-08-04,2174.26
6316,2025-08-11,2138.48
6316,2025-08-18,2196.51
6316,2025-08-25,2224.56
6316,2025-09-01,2259.38
6316,2025-09-08,2254.54
6316,2025-09-15,2281.62
6316,2025-09-22,2359.0
6316,2025-09-29,2173.0
6316,2025-10-06,2158.0
6316,2025-10-13,2139.0
6316,2025-10-20,2199.0
6316,2025-10-27,2175.0
6316,2025-11-03,2123.0
6316,2025-11-10,2107.0
6316,2025-11-17,2132.0
6316,2025-11-24,2166.0
6316,2025-12-01,2169.0
6316,2025-12-08,2147.0
6316,2025-12-15,2195.0
6316,2025-12-22,2308.0
6316,2025-12-29,2300.0
6316,2026-01-05,2283.0
6316,2026-01-12,2328.0
6316,2026-01-19,2389.0
6316,2026-01-26,2376.0
6316,2026-02-02,2335.0
6316,2026-02-09,2376.0
6316,2026-02-16,2412.0
6316,2026-02-23,2477.0
6316,2026-03-02,2392.0
6316,2026-03-09,2331.0
6316,2026-03-16,2311.0
6316,2026-03-23,2315.0
6316,2026-03-30,2279.0
6316,2026-04-06,2335.0
6316,2026-04-13,2369.0
6316,2026-04-20,2363.0
6316,2026-04-27,2370.0
6316,2026-05-04,2428.0
6316,2026-05-11,2435.0
6316,2026-05-18,2487.0
6316,2026-05-25,2521.0
6316,2026-06-01,2464.0
6316,2026-06-08,2488.0
6316,2026-06-15,2519.0
6316,2026-06-22,2558.0
6316,2026-06-29,2765.0
6316,2026-07-06,2628.0
6316,2026-07-13,2630.0
6316,2026-07-20,2757.0
6316,2026-07-27,2677.0
6337,2025-08-04,1682.47
6337,2025-08-11,1693.05
6337,2025-08-18,1677.66
6337,2025-08-25,1768.09
6337,2025-09-01,1795.98
6337,2025-09-08,1977.8
6337,2025-09-15,1967.21
6337,2025-09-22,1934.51
6337,2025-09-29,1952.78
6337,2025-10-06,1918.15
6337,2025-10-13,1881.6
6337,2025-10-20,1864.28
6337,2025-10-27,2021.08
6337,2025-11-03,2005.69
6337,2025-11-10,1983.57
6337,2025-11-17,1902.76
6337,2025-11-24,1943.16
6337,2025-12-01,1944.13
6337,2025-12-08,1955.67
6337,2025-12-15,1948.94
6337,2025-12-22,1972.02
6337,2025-12-29,1990.3
6337,2026-01-05,2099.96
6337,2026-01-12,2230.79
6337,2026-01-19,2404.91
6337,2026-01-26,2845.49
6337,2026-02-02,2677.14
6337,2026-02-09,2740.63
6337,2026-02-16,2720.43
6337,2026-02-23,2782.96
6337,2026-03-02,2568.44
6337,2026-03-09,2443.39
6337,2026-03-16,2556.9
6337,2026-03-23,2529.0
6337,2026-03-30,2423.0
6337,2026-04-06,2703.0
6337,2026-04-13,2739.0
6337,2026-04-20,2752.0
6337,2026-04-27,2841.0
6337,2026-05-04,2963.0
6337,2026-05-11,2504.0
6337,2026-05-18,2484.0
6337,2026-05-25,2548.0
6337,2026-06-01,2756.0
6337,2026-06-08,2426.0
6337,2026-06-15,2604.0
6337,2026-06-22,2537.0
6337,2026-06-29,2502.0
6337,2026-07-06,2396.0
6337,2026-07-13,2198.0
6337,2026-07-20,2340.0
6337,2026-07-27,3135.0
6349,2025-08-04,1453.3
6349,2025-08-11,1438.0
6349,2025-08-18,1456.17
6349,2025-08-25,1476.25
6349,2025-09-01,1484.85
6349,2025-09-08,1459.99
6349,2025-09-15,1453.3
6349,2025-09-22,1481.98
6349,2025-09-29,1457.53
6349,2025-10-06,1449.7
6349,2025-10-13,1455.57
6349,2025-10-20,1492.74
6349,2025-10-27,1419.38
6349,2025-11-03,1414.49
6349,2025-11-10,1449.7
6349,2025-11-17,1449.7
6349,2025-11-24,1555.35
6349,2025-12-01,1494.7
6349,2025-12-08,1526.0
6349,2025-12-15,1502.53
6349,2025-12-22,1553.39
6349,2025-12-29,1551.44
6349,2026-01-05,1564.15
6349,2026-01-12,1609.15
6349,2026-01-19,1597.41
6349,2026-01-26,1636.54
6349,2026-02-02,1701.1
6349,2026-02-09,1689.36
6349,2026-02-16,1697.19
6349,2026-02-23,1778.38
6349,2026-03-02,1657.08
6349,2026-03-09,1591.54
6349,2026-03-16,1571.98
6349,2026-03-23,1571.0
6349,2026-03-30,1615.0
6349,2026-04-06,1636.0
6349,2026-04-13,1619.0
6349,2026-04-20,1551.0
6349,2026-04-27,1506.0
6349,2026-05-04,1565.0
6349,2026-05-11,1502.0
6349,2026-05-18,1454.0
6349,2026-05-25,1480.0
6349,2026-06-01,1477.0
6349,2026-06-08,1454.0
6349,2026-06-15,1492.0
6349,2026-06-22,1509.0
6349,2026-06-29,1519.0
6349,2026-07-06,1603.0
6349,2026-07-13,1606.0
6349,2026-07-20,1651.0
6349,2026-07-27,1865.0
6364,2025-08-04,2013.33
6364,2025-08-11,1954.51
6364,2025-08-18,1976.69
6364,2025-08-25,2028.76
6364,2025-09-01,1964.16
6364,2025-09-08,1941.01
6364,2025-09-15,1916.91
6364,2025-09-22,1937.16
6364,2025-09-29,1915.73
6364,2025-10-06,1905.02
6364,2025-10-13,1940.08
6364,2025-10-20,1939.1
6364,2025-10-27,1875.8
6364,2025-11-03,1844.63
6364,2025-11-10,1807.62
6364,2025-11-17,1803.73
6364,2025-11-24,1863.14
6364,2025-12-01,1723.86
6364,2025-12-08,1692.7
6364,2025-12-15,1714.13
6364,2025-12-22,1763.8
6364,2025-12-29,1776.46
6364,2026-01-05,1801.78
6364,2026-01-12,1877.75
6364,2026-01-19,1795.94
6364,2026-01-26,1879.69
6364,2026-02-02,2060.85
6364,2026-02-09,2017.02
6364,2026-02-16,2058.9
6364,2026-02-23,2199.14
6364,2026-03-02,2085.19
6364,2026-03-09,1987.8
6364,2026-03-16,1980.01
6364,2026-03-23,1943.0
6364,2026-03-30,1971.0
6364,2026-04-06,2025.0
6364,2026-04-13,1975.0
6364,2026-04-20,1989.0
6364,2026-04-27,2044.0
6364,2026-05-04,2115.0
6364,2026-05-11,1662.0
6364,2026-05-18,1677.0
6364,2026-05-25,1681.0
6364,2026-06-01,1654.0
6364,2026-06-08,1702.0
6364,2026-06-15,1946.0
6364,2026-06-22,1885.0
6364,2026-06-29,1900.0
6364,2026-07-06,1915.0
6364,2026-07-13,1867.0
6364,2026-07-20,1988.0
6364,2026-07-27,2546.0
6379,2025-08-04,1776.63
6379,2025-08-11,1727.41
6379,2025-08-18,1783.25
6379,2025-08-25,1802.18
6379,2025-09-01,1827.74
6379,2025-09-08,1822.06
6379,2025-09-15,1804.08
6379,2025-09-22,1839.1
6379,2025-09-29,1814.87
6379,2025-10-06,1804.21
6379,2025-10-13,1853.63
6379,2025-10-20,1901.11
6379,2025-10-27,1857.51
6379,2025-11-03,1879.79
6379,2025-11-10,2164.67
6379,2025-11-17,2192.77
6379,2025-11-24,2299.36
6379,2025-12-01,2345.87
6379,2025-12-08,2274.16
6379,2025-12-15,2292.57
6379,2025-12-22,2296.45
6379,2025-12-29,2357.49
6379,2026-01-05,2415.63
6379,2026-01-12,2471.83
6379,2026-01-19,2479.58
6379,2026-01-26,2441.79
6379,2026-02-02,2544.5
6379,2026-02-09,2530.94
6379,2026-02-16,2497.99
6379,2026-02-23,2547.41
6379,2026-03-02,2382.69
6379,2026-03-09,2306.14
6379,2026-03-16,2273.19
6379,2026-03-23,2248.0
6379,2026-03-30,2312.0
6379,2026-04-06,2337.0
6379,2026-04-13,2322.0
6379,2026-04-20,2234.0
6379,2026-04-27,2297.0
6379,2026-05-04,2285.0
6379,2026-05-11,2310.0
6379,2026-05-18,2329.0
6379,2026-05-25,2235.0
6379,2026-06-01,2156.0
6379,2026-06-08,2232.0
6379,2026-06-15,2241.0
6379,2026-06-22,2239.0
6379,2026-06-29,2343.0
6379,2026-07-06,2434.0
6379,2026-07-13,2488.0
6379,2026-07-20,2619.0
6379,2026-07-27,2911.0
6381,2025-08-04,1494.73
6381,2025-08-11,1463.45
6381,2025-08-18,1488.09
6381,2025-08-25,1501.36
6381,2025-09-01,1513.68
6381,2025-09-08,1539.28
6381,2025-09-15,1529.8
6381,2025-09-22,1546.86
6381,2025-09-29,1511.86
6381,2025-10-06,1497.27
6381,2025-10-13,1482.69
6381,2025-10-20,1538.11
6381,2025-10-27,1476.86
6381,2025-11-03,1470.05
6381,2025-11-10,1458.38
6381,2025-11-17,1485.61
6381,2025-11-24,1525.47
6381,2025-12-01,1493.38
6381,2025-12-08,1554.64
6381,2025-12-15,1554.64
6381,2025-12-22,1572.14
6381,2025-12-29,1588.67
6381,2026-01-05,1661.58
6381,2026-01-12,1690.75
6381,2026-01-19,1657.7
6381,2026-01-26,1607.14
6381,2026-02-02,1711.17
6381,2026-02-09,1656.72
6381,2026-02-16,1705.34
6381,2026-02-23,1705.34
6381,2026-03-02,1615.89
6381,2026-03-09,1570.19
6381,2026-03-16,1593.53
6381,2026-03-23,1612.0
6381,2026-03-30,1620.0
6381,2026-04-06,1652.0
6381,2026-04-13,1630.0
6381,2026-04-20,1588.0
6381,2026-04-27,1591.0
6381,2026-05-04,1629.0
6381,2026-05-11,1674.0
6381,2026-05-18,1656.0
6381,2026-05-25,1631.0
6381,2026-06-01,1620.0
6381,2026-06-08,1610.0
6381,2026-06-15,1697.0
6381,2026-06-22,1683.0
6381,2026-06-29,1753.0
6381,2026-07-06,1760.0
6381,2026-07-13,1720.0
6381,2026-07-20,1769.0
6381,2026-07-27,1803.0
6448,2025-08-04,2459.89
6448,2025-08-11,2431.94
6448,2025-08-18,2460.86
6448,2025-08-25,2417.96
6448,2025-09-01,2521.11
6448,2025-09-08,2534.61
6448,2025-09-15,2448.81
6448,2025-09-22,2487.37
6448,2025-09-29,2429.86
6448,2025-10-06,2498.68
6448,2025-10-13,2539.48
6448,2025-10-20,2636.32
6448,2025-10-27,2585.2
6448,2025-11-03,2567.99
6448,2025-11-10,2976.0
6448,2025-11-17,2912.58
6448,2025-11-24,3072.35
6448,2025-12-01,3025.16
6448,2025-12-08,3047.77
6448,2025-12-15,3066.45
6448,2025-12-22,3070.38
6448,2025-12-29,3069.4
6448,2026-01-05,3121.5
6448,2026-01-12,3236.53
6448,2026-01-19,3179.51
6448,2026-01-26,3089.06
6448,2026-02-02,3209.0
6448,2026-02-09,3054.65
6448,2026-02-16,3045.8
6448,2026-02-23,3177.54
6448,2026-03-02,3021.22
6448,2026-03-09,2902.75
6448,2026-03-16,2876.7
6448,2026-03-23,2917.5
6448,2026-03-30,2977.5
6448,2026-04-06,3055.0
6448,2026-04-13,3097.0
6448,2026-04-20,2895.0
6448,2026-04-27,2980.0
6448,2026-05-04,3225.0
6448,2026-05-11,3527.0
6448,2026-05-18,3488.0
6448,2026-05-25,3753.0
6448,2026-06-01,3786.0
6448,2026-06-08,3772.0
6448,2026-06-15,3777.0
6448,2026-06-22,3752.0
6448,2026-06-29,3779.0
6448,2026-07-06,3735.0
6448,2026-07-13,3810.0
6448,2026-07-20,3941.0
6448,2026-07-27,4011.0
6454,2025-08-04,1383.97
6454,2025-08-11,1391.31
6454,2025-08-18,1383.97
6454,2025-08-25,1386.42
6454,2025-09-01,1398.65
6454,2025-09-08,1410.87
6454,2025-09-15,1379.08
6454,2025-09-22,1374.19
6454,2025-09-29,1364.41
6454,2025-10-06,1347.3
6454,2025-10-13,1325.29
6454,2025-10-20,1366.86
6454,2025-10-27,1366.86
6454,2025-11-03,1535.58
6454,2025-11-10,1577.14
6454,2025-11-17,1594.26
6454,2025-11-24,1679.84
6454,2025-12-01,1635.83
6454,2025-12-08,1626.05
6454,2025-12-15,1643.16
6454,2025-12-22,1660.28
6454,2025-12-29,1689.62
6454,2026-01-05,1662.73
6454,2026-01-12,1689.62
6454,2026-01-19,1628.49
6454,2026-01-26,1599.15
6454,2026-02-02,1564.92
6454,2026-02-09,1626.05
6454,2026-02-16,1638.27
6454,2026-02-23,1701.85
6454,2026-03-02,1662.73
6454,2026-03-09,1714.07
6454,2026-03-16,1689.62
6454,2026-03-23,1650.5
6454,2026-03-30,1673.0
6454,2026-04-06,1654.0
6454,2026-04-13,1723.0
6454,2026-04-20,1691.0
6454,2026-04-27,1796.0
6454,2026-05-04,1795.0
6454,2026-05-11,1772.0
6454,2026-05-18,1631.0
6454,2026-05-25,1659.0
6454,2026-06-01,1628.0
6454,2026-06-08,1647.0
6454,2026-06-15,1661.0
6454,2026-06-22,1709.0
6454,2026-06-29,1703.0
6454,2026-07-06,1710.0
6454,2026-07-13,1712.0
6454,2026-07-20,1714.0
6454,2026-07-27,1843.0
6457,2025-08-04,3636.48
6457,2025-08-11,3627.73
6457,2025-08-18,3765.69
6457,2025-08-25,3725.86
6457,2025-09-01,3661.74
6457,2025-09-08,3687.97
6457,2025-09-15,3634.53
6457,2025-09-22,3616.07
6457,2025-09-29,3559.85
6457,2025-10-06,3556.89
6457,2025-10-13,3542.1
6457,2025-10-20,3674.27
6457,2025-10-27,3638.76
6457,2025-11-03,3623.97
6457,2025-11-10,3763.04
6457,2025-11-17,3825.19
6457,2025-11-24,3871.55
6457,2025-12-01,3955.39
6457,2025-12-08,3999.78
6457,2025-12-15,3935.66
6457,2025-12-22,3910.02
6457,2025-12-29,3907.06
6457,2026-01-05,4057.97
6457,2026-01-12,4240.45
6457,2026-01-19,4078.69
6457,2026-01-26,3966.24
6457,2026-02-02,4082.63
6457,2026-02-09,4030.35
6457,2026-02-16,3925.8
6457,2026-02-23,4101.37
6457,2026-03-02,3928.76
6457,2026-03-09,3921.85
6457,2026-03-16,3973.14
6457,2026-03-23,4056.0
6457,2026-03-30,4304.0
6457,2026-04-06,4112.0
6457,2026-04-13,4257.0
6457,2026-04-20,4001.0
6457,2026-04-27,4043.0
6457,2026-05-04,4117.0
6457,2026-05-11,4408.0
6457,2026-05-18,4073.0
6457,2026-05-25,4088.0
6457,2026-06-01,3980.0
6457,2026-06-08,3924.0
6457,2026-06-15,4003.0
6457,2026-06-22,3872.0
6457,2026-06-29,4065.0
6457,2026-07-06,4215.0
6457,2026-07-13,4137.0
6457,2026-07-20,4416.0
6457,2026-07-27,4571.0
6463,2025-08-04,1061.64
6463,2025-08-11,1073.1
6463,2025-08-18,1098.9
6463,2025-08-25,1133.78
6463,2025-09-01,1166.75
6463,2025-09-08,1161.97
6463,2025-09-15,1170.57
6463,2025-09-22,1176.31
6463,2025-09-29,1172.4
6463,2025-10-06,1159.72
6463,2025-10-13,1156.8
6463,2025-10-20,1218.25
6463,2025-10-27,1184.11
6463,2025-11-03,1178.26
6463,2025-11-10,1209.47
6463,2025-11-17,1201.66
6463,2025-11-24,1254.34
6463,2025-12-01,1251.41
6463,2025-12-08,1262.14
6463,2025-12-15,1268.97
6463,2025-12-22,1261.16
6463,2025-12-29,1259.21
6463,2026-01-05,1314.81
6463,2026-01-12,1367.48
6463,2026-01-19,1351.87
6463,2026-01-26,1307.98
6463,2026-02-02,1355.77
6463,2026-02-09,1346.02
6463,2026-02-16,1340.17
6463,2026-02-23,1375.28
6463,2026-03-02,1253.36
6463,2026-03-09,1181.18
6463,2026-03-16,1171.43
6463,2026-03-23,1228.0
6463,2026-03-30,1281.0
6463,2026-04-06,1296.0
6463,2026-04-13,1273.0
6463,2026-04-20,1232.0
6463,2026-04-27,1226.0
6463,2026-05-04,1248.0
6463,2026-05-11,1319.0
6463,2026-05-18,1295.0
6463,2026-05-25,1399.0
6463,2026-06-01,1444.0
6463,2026-06-08,1412.0
6463,2026-06-15,1424.0
6463,2026-06-22,1402.0
6463,2026-06-29,1417.0
6463,2026-07-06,1405.0
6463,2026-07-13,1400.0
6463,2026-07-20,1413.0
6463,2026-07-27,1496.0
6473,2025-08-04,1323.57
6473,2025-08-11,1338.49
6473,2025-08-18,1369.79
6473,2025-08-25,1399.16
6473,2025-09-01,1459.34
6473,2025-09-08,1456.46
6473,2025-09-15,1458.38
6473,2025-09-22,1474.75
6473,2025-09-29,1436.45
6473,2025-10-06,1420.73
6473,2025-10-13,1402.56
6473,2025-10-20,1504.22
6473,2025-10-27,1521.9
6473,2025-11-03,1592.12
6473,2025-11-10,1584.76
6473,2025-11-17,1546.45
6473,2025-11-24,1667.26
6473,2025-12-01,1639.76
6473,2025-12-08,1733.07
6473,2025-12-15,1732.08
6473,2025-12-22,1685.43
6473,2025-12-29,1704.09
6473,2026-01-05,1770.88
6473,2026-01-12,1916.73
6473,2026-01-19,1867.63
6473,2026-01-26,1787.09
6473,2026-02-02,1874.5
6473,2026-02-09,2002.18
6473,2026-02-16,2009.55
6473,2026-02-23,2110.72
6473,2026-03-02,1871.06
6473,2026-03-09,1718.82
6473,2026-03-16,1640.25
6473,2026-03-23,1654.0
6473,2026-03-30,1697.5
6473,2026-04-06,1765.0
6473,2026-04-13,1750.0
6473,2026-04-20,1682.0
6473,2026-04-27,1867.0
6473,2026-05-04,1924.5
6473,2026-05-11,2027.0
6473,2026-05-18,1931.0
6473,2026-05-25,2166.0
6473,2026-06-01,2106.5
6473,2026-06-08,1991.5
6473,2026-06-15,2057.5
6473,2026-06-22,2029.0
6473,2026-06-29,2131.0
6473,2026-07-06,2110.0
6473,2026-07-13,2039.5
6473,2026-07-20,2025.5
6473,2026-07-27,2216.0
6517,2025-08-04,2982.99
6517,2025-08-11,2875.31
6517,2025-08-18,2919.93
6517,2025-08-25,2759.87
6517,2025-09-01,2762.78
6517,2025-09-08,2830.68
6517,2025-09-15,2853.97
6517,2025-09-22,2939.33
6517,2025-09-29,2804.43
6517,2025-10-06,2757.16
6517,2025-10-13,2831.02
6517,2025-10-20,2973.8
6517,2025-10-27,2829.05
6517,2025-11-03,2857.6
6517,2025-11-10,3047.65
6517,2025-11-17,3067.34
6517,2025-11-24,3269.21
6517,2025-12-01,3106.73
6517,2025-12-08,3298.75
6517,2025-12-15,3274.13
6517,2025-12-22,3323.37
6517,2025-12-29,3530.15
6517,2026-01-05,3495.69
6517,2026-01-12,3638.47
6517,2026-01-19,3638.47
6517,2026-01-26,3608.93
6517,2026-02-02,3623.7
6517,2026-02-09,3687.71
6517,2026-02-16,3781.25
6517,2026-02-23,3835.41
6517,2026-03-02,3668.01
6517,2026-03-09,3608.93
6517,2026-03-16,3584.31
6517,2026-03-23,3540.0
6517,2026-03-30,3475.0
6517,2026-04-06,3530.0
6517,2026-04-13,3530.0
6517,2026-04-20,3525.0
6517,2026-04-27,3645.0
6517,2026-05-04,3750.0
6517,2026-05-11,3810.0
6517,2026-05-18,3680.0
6517,2026-05-25,3570.0
6517,2026-06-01,3575.0
6517,2026-06-08,3630.0
6517,2026-06-15,3760.0
6517,2026-06-22,3620.0
6517,2026-06-29,3690.0
6517,2026-07-06,3550.0
6517,2026-07-13,3485.0
6517,2026-07-20,3610.0
6517,2026-07-27,4015.0
6545,2025-08-04,676.59
6545,2025-08-11,626.79
6545,2025-08-18,618.01
6545,2025-08-25,618.98
6545,2025-09-01,615.08
6545,2025-09-08,620.94
6545,2025-09-15,639.49
6545,2025-09-22,636.56
6545,2025-09-29,619.96
6545,2025-10-06,620.94
6545,2025-10-13,620.94
6545,2025-10-20,625.82
6545,2025-10-27,619.96
6545,2025-11-03,613.13
6545,2025-11-10,616.06
6545,2025-11-17,591.65
6545,2025-11-24,603.36
6545,2025-12-01,604.34
6545,2025-12-08,622.89
6545,2025-12-15,624.84
6545,2025-12-22,617.03
6545,2025-12-29,639.49
6545,2026-01-05,658.04
6545,2026-01-12,681.47
6545,2026-01-19,684.4
6545,2026-01-26,677.56
6545,2026-02-02,683.42
6545,2026-02-09,668.78
6545,2026-02-16,711.73
6545,2026-02-23,738.09
6545,2026-03-02,743.95
6545,2026-03-09,799.6
6545,2026-03-16,770.31
6545,2026-03-23,742.0
6545,2026-03-30,758.0
6545,2026-04-06,746.0
6545,2026-04-13,741.0
6545,2026-04-20,715.0
6545,2026-04-27,717.0
6545,2026-05-04,710.0
6545,2026-05-11,733.0
6545,2026-05-18,721.0
6545,2026-05-25,717.0
6545,2026-06-01,709.0
6545,2026-06-08,700.0
6545,2026-06-15,701.0
6545,2026-06-22,713.0
6545,2026-06-29,745.0
6545,2026-07-06,793.0
6545,2026-07-13,795.0
6545,2026-07-20,837.0
6545,2026-07-27,871.0
6570,2025-08-04,1074.51
6570,2025-08-11,1176.47
6570,2025-08-18,1256.86
6570,2025-08-25,1251.96
6570,2025-09-01,1275.49
6570,2025-09-08,1263.73
6570,2025-09-15,1310.78
6570,2025-09-22,1284.31
6570,2025-09-29,1209.58
6570,2025-10-06,1166.03
6570,2025-10-13,1198.69
6570,2025-10-20,1254.12
6570,2025-10-27,1176.92
6570,2025-11-03,1155.14
6570,2025-11-10,1153.16
6570,2025-11-17,1066.05
6570,2025-11-24,1128.41
6570,2025-12-01,1094.76
6570,2025-12-08,1092.78
6570,2025-12-15,1227.4
6570,2025-12-22,1197.7
6570,2025-12-29,1188.79
6570,2026-01-05,1229.38
6570,2026-01-12,1237.3
6570,2026-01-19,1225.42
6570,2026-01-26,1180.88
6570,2026-02-02,1216.51
6570,2026-02-09,1251.15
6570,2026-02-16,1262.04
6570,2026-02-23,1264.02
6570,2026-03-02,1295.7
6570,2026-03-09,1301.64
6570,2026-03-16,1268.97
6570,2026-03-23,1217.5
6570,2026-03-30,1212.0
6570,2026-04-06,1221.0
6570,2026-04-13,1270.0
6570,2026-04-20,1228.0
6570,2026-04-27,1232.0
6570,2026-05-04,1256.0
6570,2026-05-11,1599.0
6570,2026-05-18,1692.0
6570,2026-05-25,1653.0
6570,2026-06-01,1640.0
6570,2026-06-08,1612.0
6570,2026-06-15,1787.0
6570,2026-06-22,1908.0
6570,2026-06-29,1882.0
6570,2026-07-06,1900.0
6570,2026-07-13,1929.0
6570,2026-07-20,2005.0
6570,2026-07-27,2106.0
6654,2025-08-04,1034.68
6654,2025-08-11,1027.88
6654,2025-08-18,1021.08
6654,2025-08-25,1045.37
6654,2025-09-01,1049.25
6654,2025-09-08,1037.59
6654,2025-09-15,1053.14
6654,2025-09-22,1070.63
6654,2025-09-29,1045.37
6654,2025-10-06,1062.85
6654,2025-10-13,1053.14
6654,2025-10-20,1073.54
6654,2025-10-27,1071.6
6654,2025-11-03,1060.91
6654,2025-11-10,1064.8
6654,2025-11-17,1056.05
6654,2025-11-24,1064.8
6654,2025-12-01,1066.74
6654,2025-12-08,1068.68
6654,2025-12-15,1069.65
6654,2025-12-22,1074.51
6654,2025-12-29,1088.11
6654,2026-01-05,1099.77
6654,2026-01-12,1094.91
6654,2026-01-19,1095.89
6654,2026-01-26,1048.62
6654,2026-02-02,1080.16
6654,2026-02-09,1086.07
6654,2026-02-16,1088.04
6654,2026-02-23,1098.88
6654,2026-03-02,1080.16
6654,2026-03-09,1056.51
6654,2026-03-16,1058.48
6654,2026-03-23,1063.4
6654,2026-03-30,1059.46
6654,2026-04-06,1074.25
6654,2026-04-13,1078.19
6654,2026-04-20,1071.29
6654,2026-04-27,1064.39
6654,2026-05-04,1067.35
6654,2026-05-11,1055.52
6654,2026-05-18,1064.39
6654,2026-05-25,1078.19
6654,2026-06-01,1045.66
6654,2026-06-08,1048.62
6654,2026-06-15,1065.38
6654,2026-06-22,1076.22
6654,2026-06-29,1118.6
6654,2026-07-06,1115.64
6654,2026-07-13,1097.9
6654,2026-07-20,1092.97
6654,2026-07-27,1111.0
6737,2025-08-04,2098.07
6737,2025-08-11,2082.85
6737,2025-08-18,2138.01
6737,2025-08-25,2134.21
6737,2025-09-01,2173.2
6737,2025-09-08,2167.5
6737,2025-09-15,2130.4
6737,2025-09-22,2177.96
6737,2025-09-29,2070.77
6737,2025-10-06,2078.56
6737,2025-10-13,2124.36
6737,2025-10-20,2144.83
6737,2025-10-27,2134.11
6737,2025-11-03,2132.16
6737,2025-11-10,2106.82
6737,2025-11-17,2148.72
6737,2025-11-24,2192.58
6737,2025-12-01,2100.97
6737,2025-12-08,2143.85
6737,2025-12-15,2171.14
6737,2025-12-22,2181.86
6737,2025-12-29,2179.91
6737,2026-01-05,2214.99
6737,2026-01-12,2285.15
6737,2026-01-19,2308.54
6737,2026-01-26,2105.85
6737,2026-02-02,2131.18
6737,2026-02-09,2130.21
6737,2026-02-16,2205.24
6737,2026-02-23,2244.22
6737,2026-03-02,2162.37
6737,2026-03-09,2086.36
6737,2026-03-16,2090.26
6737,2026-03-23,2100.0
6737,2026-03-30,2126.0
6737,2026-04-06,2125.0
6737,2026-04-13,2154.0
6737,2026-04-20,2068.0
6737,2026-04-27,2056.0
6737,2026-05-04,2203.0
6737,2026-05-11,2378.0
6737,2026-05-18,2557.0
6737,2026-05-25,2636.0
6737,2026-06-01,2635.0
6737,2026-06-08,2496.0
6737,2026-06-15,2489.0
6737,2026-06-22,2342.0
6737,2026-06-29,2520.0
6737,2026-07-06,2677.0
6737,2026-07-13,2610.0
6737,2026-07-20,2775.0
6737,2026-07-27,2896.0
6995,2025-08-04,2446.79
6995,2025-08-11,2467.92
6995,2025-08-18,2531.32
6995,2025-08-25,2536.13
6995,2025-09-01,2654.29
6995,2025-09-08,2667.74
6995,2025-09-15,2593.77
6995,2025-09-22,2654.29
6995,2025-09-29,2574.89
6995,2025-10-06,2534.71
6995,2025-10-13,2560.19
6995,2025-10-20,2640.57
6995,2025-10-27,2722.9
6995,2025-11-03,2809.15
6995,2025-11-10,2852.28
6995,2025-11-17,2764.07
6995,2025-11-24,2913.05
6995,2025-12-01,2912.07
6995,2025-12-08,3048.31
6995,2025-12-15,3077.72
6995,2025-12-22,3043.41
6995,2025-12-29,3053.21
6995,2026-01-05,3136.53
6995,2026-01-12,3239.45
6995,2026-01-19,3234.55
6995,2026-01-26,3067.92
6995,2026-02-02,3131.63
6995,2026-02-09,3244.35
6995,2026-02-16,3200.24
6995,2026-02-23,3298.26
6995,2026-03-02,3077.72
6995,2026-03-09,2934.61
6995,2026-03-16,2879.73
6995,2026-03-23,2965.0
6995,2026-03-30,3010.0
6995,2026-04-06,3035.0
6995,2026-04-13,3020.0
6995,2026-04-20,2843.0
6995,2026-04-27,2840.0
6995,2026-05-04,2964.0
6995,2026-05-11,2978.0
6995,2026-05-18,2783.0
6995,2026-05-25,2930.0
6995,2026-06-01,2898.0
6995,2026-06-08,2890.0
6995,2026-06-15,2973.0
6995,2026-06-22,3010.0
6995,2026-06-29,3075.0
6995,2026-07-06,3025.0
6995,2026-07-13,3085.0
6995,2026-07-20,3170.0
6995,2026-07-27,3175.0
7058,2025-08-04,2561.78
7058,2025-08-11,2663.87
7058,2025-08-18,2696.62
7058,2025-08-25,2729.36
7058,2025-09-01,2764.99
7058,2025-09-08,2764.03
7058,2025-09-15,2773.66
7058,2025-09-22,2729.36
7058,2025-09-29,2696.62
7058,2025-10-06,2764.03
7058,2025-10-13,2764.03
7058,2025-10-20,2740.92
7058,2025-10-27,2658.09
7058,2025-11-03,2676.39
7058,2025-11-10,2734.18
7058,2025-11-17,2865.15
7058,2025-11-24,2894.05
7058,2025-12-01,2874.78
7058,2025-12-08,2782.33
7058,2025-12-15,2866.12
7058,2025-12-22,2843.0
7058,2025-12-29,2821.82
7058,2026-01-05,2937.38
7058,2026-01-12,2932.57
7058,2026-01-19,2885.38
7058,2026-01-26,2863.23
7058,2026-02-02,2773.66
7058,2026-02-09,2860.34
7058,2026-02-16,2903.68
7058,2026-02-23,3033.69
7058,2026-03-02,2922.94
7058,2026-03-09,2855.52
7058,2026-03-16,2888.27
7058,2026-03-23,2865.15
7058,2026-03-30,2860.34
7058,2026-04-06,2862.26
7058,2026-04-13,2966.28
7058,2026-04-20,2913.31
7058,2026-04-27,2918.12
7058,2026-05-04,2918.12
7058,2026-05-11,2908.49
7058,2026-05-18,2908.49
7058,2026-05-25,2894.05
7058,2026-06-01,2922.94
7058,2026-06-08,2851.67
7058,2026-06-15,2937.38
7058,2026-06-22,2908.49
7058,2026-06-29,3004.8
7058,2026-07-06,3052.95
7058,2026-07-13,3077.03
7058,2026-07-20,3067.4
7058,2026-07-27,2973.0
7083,2025-08-04,946.65
7083,2025-08-11,941.72
7083,2025-08-18,941.72
7083,2025-08-25,898.33
7083,2025-09-01,888.47
7083,2025-09-08,894.39
7083,2025-09-15,872.69
7083,2025-09-22,874.67
7083,2025-09-29,863.82
7083,2025-10-06,869.74
7083,2025-10-13,857.9
7083,2025-10-20,859.87
7083,2025-10-27,848.04
7083,2025-11-03,816.49
7083,2025-11-10,858.89
7083,2025-11-17,844.1
7083,2025-11-24,876.0
7083,2025-12-01,880.0
7083,2025-12-08,868.0
7083,2025-12-15,838.0
7083,2025-12-22,823.0
7083,2025-12-29,873.0
7083,2026-01-05,891.0
7083,2026-01-12,903.0
7083,2026-01-19,838.0
7083,2026-01-26,848.0
7083,2026-02-02,841.0
7083,2026-02-09,832.0
7083,2026-02-16,819.0
7083,2026-02-23,825.0
7083,2026-03-02,801.0
7083,2026-03-09,753.0
7083,2026-03-16,748.0
7083,2026-03-23,755.0
7083,2026-03-30,725.0
7083,2026-04-06,727.0
7083,2026-04-13,711.0
7083,2026-04-20,709.0
7083,2026-04-27,709.0
7083,2026-05-04,707.0
7083,2026-05-11,728.0
7083,2026-05-18,766.0
7083,2026-05-25,766.0
7083,2026-06-01,734.0
7083,2026-06-08,747.0
7083,2026-06-15,916.0
7083,2026-06-22,1000.0
7083,2026-06-29,984.0
7083,2026-07-06,991.0
7083,2026-07-13,1030.0
7083,2026-07-20,1072.0
7083,2026-07-27,1058.0
7126,2025-08-04,1455.81
7126,2025-08-11,1469.39
7126,2025-08-18,1463.57
7126,2025-08-25,1476.17
7126,2025-09-01,1491.69
7126,2025-09-08,1488.78
7126,2025-09-15,1464.54
7126,2025-09-22,1449.02
7126,2025-09-29,1426.71
7126,2025-10-06,1427.68
7126,2025-10-13,1391.79
7126,2025-10-20,1416.04
7126,2025-10-27,1408.28
7126,2025-11-03,1356.88
7126,2025-11-10,1328.75
7126,2025-11-17,1292.86
7126,2025-11-24,1294.8
7126,2025-12-01,1309.35
7126,2025-12-08,1323.9
7126,2025-12-15,1346.21
7126,2025-12-22,1406.34
7126,2025-12-29,1424.77
7126,2026-01-05,1425.74
7126,2026-01-12,1477.14
7126,2026-01-19,1493.63
7126,2026-01-26,1477.14
7126,2026-02-02,1460.66
7126,2026-02-09,1474.23
7126,2026-02-16,1505.27
7126,2026-02-23,1518.85
7126,2026-03-02,1466.48
7126,2026-03-09,1463.57
7126,2026-03-16,1456.78
7126,2026-03-23,1483.93
7126,2026-03-30,1480.05
7126,2026-04-06,1493.63
7126,2026-04-13,1508.18
7126,2026-04-20,1503.33
7126,2026-04-27,1502.36
7126,2026-05-04,1502.36
7126,2026-05-11,1483.93
7126,2026-05-18,1481.99
7126,2026-05-25,1478.11
7126,2026-06-01,1461.63
7126,2026-06-08,1445.14
7126,2026-06-15,1482.96
7126,2026-06-22,1464.54
7126,2026-06-29,1495.57
7126,2026-07-06,1483.93
7126,2026-07-13,1496.54
7126,2026-07-20,1493.63
7126,2026-07-27,1409.0
7128,2025-08-04,2324.06
7128,2025-08-11,2219.9
7128,2025-08-18,2176.9
7128,2025-08-25,2175.94
7128,2025-09-01,2215.12
7128,2025-09-08,2222.77
7128,2025-09-15,2253.35
7128,2025-09-22,2255.26
7128,2025-09-29,2191.23
7128,2025-10-06,2177.85
7128,2025-10-13,2156.83
7128,2025-10-20,2197.92
7128,2025-10-27,2160.65
7128,2025-11-03,2143.45
7128,2025-11-10,2110.96
7128,2025-11-17,2107.14
7128,2025-11-24,2162.56
7128,2025-12-01,2127.21
7128,2025-12-08,2186.45
7128,2025-12-15,2172.12
7128,2025-12-22,2205.57
7128,2025-12-29,2221.34
7128,2026-01-05,2297.26
7128,2026-01-12,2401.77
7128,2026-01-19,2303.18
7128,2026-01-26,2250.92
7128,2026-02-02,2297.26
7128,2026-02-09,2301.2
7128,2026-02-16,2248.95
7128,2026-02-23,2320.92
7128,2026-03-02,2230.22
7128,2026-03-09,2171.06
7128,2026-03-16,2156.27
7128,2026-03-23,2174.02
7128,2026-03-30,2231.2
7128,2026-04-06,2225.29
7128,2026-04-13,2173.03
7128,2026-04-20,2128.66
7128,2026-04-27,2125.71
7128,2026-05-04,2124.72
7128,2026-05-11,2044.86
7128,2026-05-18,2055.7
7128,2026-05-25,2056.69
7128,2026-06-01,2013.31
7128,2026-06-08,2008.38
7128,2026-06-15,2035.0
7128,2026-06-22,2105.0
7128,2026-06-29,2186.0
7128,2026-07-06,2515.0
7128,2026-07-13,2558.0
7128,2026-07-20,2692.0
7128,2026-07-27,2865.0
7175,2025-08-04,1027.59
7175,2025-08-11,1014.35
7175,2025-08-18,1034.21
7175,2025-08-25,1051.22
7175,2025-09-01,1068.24
7175,2025-09-08,1081.47
7175,2025-09-15,1089.98
7175,2025-09-22,1100.38
7175,2025-09-29,1097.49
7175,2025-10-06,1088.84
7175,2025-10-13,1079.22
7175,2025-10-20,1106.15
7175,2025-10-27,1091.72
7175,2025-11-03,1078.26
7175,2025-11-10,1103.27
7175,2025-11-17,1085.95
7175,2025-11-24,1098.46
7175,2025-12-01,1097.49
7175,2025-12-08,1161.94
7175,2025-12-15,1154.24
7175,2025-12-22,1195.6
7175,2025-12-29,1180.22
7175,2026-01-05,1240.81
7175,2026-01-12,1256.2
7175,2026-01-19,1245.62
7175,2026-01-26,1250.43
7175,2026-02-02,1255.24
7175,2026-02-09,1322.57
7175,2026-02-16,1328.34
7175,2026-02-23,1348.54
7175,2026-03-02,1294.68
7175,2026-03-09,1280.25
7175,2026-03-16,1275.44
7175,2026-03-23,1337.0
7175,2026-03-30,1301.0
7175,2026-04-06,1315.0
7175,2026-04-13,1349.0
7175,2026-04-20,1405.0
7175,2026-04-27,1350.0
7175,2026-05-04,1338.0
7175,2026-05-11,1344.0
7175,2026-05-18,1340.0
7175,2026-05-25,1362.0
7175,2026-06-01,1341.0
7175,2026-06-08,1320.0
7175,2026-06-15,1333.0
7175,2026-06-22,1365.0
7175,2026-06-29,1404.0
7175,2026-07-06,1430.0
7175,2026-07-13,1495.0
7175,2026-07-20,1720.0
7175,2026-07-27,1708.0
7180,2025-08-04,789.45
7180,2025-08-11,844.5
7180,2025-08-18,861.52
7180,2025-08-25,852.38
7180,2025-09-01,853.45
7180,2025-09-08,857.82
7180,2025-09-15,834.38
7180,2025-09-22,889.24
7180,2025-09-29,859.44
7180,2025-10-06,839.22
7180,2025-10-13,820.08
7180,2025-10-20,850.27
7180,2025-10-27,871.87
7180,2025-11-03,876.41
7180,2025-11-10,884.9
7180,2025-11-17,900.19
7180,2025-11-24,949.62
7180,2025-12-01,952.08
7180,2025-12-08,989.58
7180,2025-12-15,987.6
7180,2025-12-22,992.04
7180,2025-12-29,1004.38
7180,2026-01-05,1071.47
7180,2026-01-12,1149.9
7180,2026-01-19,1152.86
7180,2026-01-26,1140.04
7180,2026-02-02,1280.63
7180,2026-02-09,1316.15
7180,2026-02-16,1300.36
7180,2026-02-23,1320.09
7180,2026-03-02,1215.02
7180,2026-03-09,1157.3
7180,2026-03-16,1144.48
7180,2026-03-23,1179.5
7180,2026-03-30,1228.5
7180,2026-04-06,1295.0
7180,2026-04-13,1315.0
7180,2026-04-20,1243.0
7180,2026-04-27,1265.0
7180,2026-05-04,1259.0
7180,2026-05-11,1417.5
7180,2026-05-18,1453.5
7180,2026-05-25,1382.0
7180,2026-06-01,1416.5
7180,2026-06-08,1445.0
7180,2026-06-15,1439.5
7180,2026-06-22,1436.5
7180,2026-06-29,1512.5
7180,2026-07-06,1517.5
7180,2026-07-13,1483.0
7180,2026-07-20,1604.5
7180,2026-07-27,1484.5
7181,2025-08-04,1317.72
7181,2025-08-11,1355.65
7181,2025-08-18,1371.54
7181,2025-08-25,1344.31
7181,2025-09-01,1361.17
7181,2025-09-08,1387.75
7181,2025-09-15,1329.07
7181,2025-09-22,1353.71
7181,2025-09-29,1342.85
7181,2025-10-06,1361.28
7181,2025-10-13,1330.67
7181,2025-10-20,1319.81
7181,2025-10-27,1313.88
7181,2025-11-03,1311.91
7181,2025-11-10,1365.23
7181,2025-11-17,1399.46
7181,2025-11-24,1430.07
7181,2025-12-01,1441.92
7181,2025-12-08,1455.08
7181,2025-12-15,1504.45
7181,2025-12-22,1532.76
7181,2025-12-29,1550.86
7181,2026-01-05,1656.51
7181,2026-01-12,1705.88
7181,2026-01-19,1569.95
7181,2026-01-26,1571.59
7181,2026-02-02,1649.6
7181,2026-02-09,1685.47
7181,2026-02-16,1632.15
7181,2026-02-23,1679.22
7181,2026-03-02,1559.74
7181,2026-03-09,1512.35
7181,2026-03-16,1549.87
7181,2026-03-23,1618.0
7181,2026-03-30,1619.5
7181,2026-04-06,1595.5
7181,2026-04-13,1600.5
7181,2026-04-20,1495.5
7181,2026-04-27,1531.0
7181,2026-05-04,1558.5
7181,2026-05-11,1648.0
7181,2026-05-18,1526.5
7181,2026-05-25,1429.5
7181,2026-06-01,1422.5
7181,2026-06-08,1541.0
7181,2026-06-15,1525.0
7181,2026-06-22,1491.5
7181,2026-06-29,1613.0
7181,2026-07-06,1612.5
7181,2026-07-13,1610.5
7181,2026-07-20,1769.0
7181,2026-07-27,1771.0
7184,2025-08-04,1135.76
7184,2025-08-11,1180.77
7184,2025-08-18,1193.22
7184,2025-08-25,1247.8
7184,2025-09-01,1218.12
7184,2025-09-08,1266.96
7184,2025-09-15,1216.2
7184,2025-09-22,1287.07
7184,2025-09-29,1477.78
7184,2025-10-06,1437.68
7184,2025-10-13,1389.76
7184,2025-10-20,1446.48
7184,2025-10-27,1424.97
7184,2025-11-03,1386.82
7184,2025-11-10,1537.44
7184,2025-11-17,1560.91
7184,2025-11-24,1670.45
7184,2025-12-01,1686.09
7184,2025-12-08,1737.93
7184,2025-12-15,1742.82
7184,2025-12-22,1748.69
7184,2025-12-29,1775.09
7184,2026-01-05,1898.32
7184,2026-01-12,2100.77
7184,2026-01-19,2369.73
7184,2026-01-26,2174.12
7184,2026-02-02,2679.76
7184,2026-02-09,2656.28
7184,2026-02-16,2534.03
7184,2026-02-23,2664.11
7184,2026-03-02,2349.19
7184,2026-03-09,2401.02
7184,2026-03-16,2452.86
7184,2026-03-23,2491.0
7184,2026-03-30,2447.0
7184,2026-04-06,2602.0
7184,2026-04-13,2755.0
7184,2026-04-20,2486.0
7184,2026-04-27,2566.0
7184,2026-05-04,2570.0
7184,2026-05-11,2695.0
7184,2026-05-18,2700.0
7184,2026-05-25,2498.0
7184,2026-06-01,2490.0
7184,2026-06-08,2497.0
7184,2026-06-15,2400.0
7184,2026-06-22,2436.0
7184,2026-06-29,2671.0
7184,2026-07-06,2677.0
7184,2026-07-13,2685.0
7184,2026-07-20,3065.0
7184,2026-07-27,2911.0
7186,2025-08-04,1042.5
7186,2025-08-11,1143.01
7186,2025-08-18,1113.39
7186,2025-08-25,1092.99
7186,2025-09-01,1085.71
7186,2025-09-08,1097.85
7186,2025-09-15,1082.8
7186,2025-09-22,1134.27
7186,2025-09-29,1112.59
7186,2025-10-06,1085.98
7186,2025-10-13,1058.39
7186,2025-10-20,1089.43
7186,2025-10-27,1104.7
7186,2025-11-03,1101.25
7186,2025-11-10,1210.64
7186,2025-11-17,1207.68
7186,2025-11-24,1216.55
7186,2025-12-01,1239.22
7186,2025-12-08,1272.23
7186,2025-12-15,1279.62
7186,2025-12-22,1272.72
7186,2025-12-29,1274.7
7186,2026-01-05,1330.87
7186,2026-01-12,1405.27
7186,2026-01-19,1390.49
7186,2026-01-26,1383.59
7186,2026-02-02,1527.47
7186,2026-02-09,1656.56
7186,2026-02-16,1673.81
7186,2026-02-23,1665.43
7186,2026-03-02,1522.05
7186,2026-03-09,1424.98
7186,2026-03-16,1364.86
7186,2026-03-23,1423.5
7186,2026-03-30,1468.5
7186,2026-04-06,1544.5
7186,2026-04-13,1510.5
7186,2026-04-20,1424.0
7186,2026-04-27,1486.5
7186,2026-05-04,1489.5
7186,2026-05-11,1594.0
7186,2026-05-18,1668.0
7186,2026-05-25,1623.5
7186,2026-06-01,1647.0
7186,2026-06-08,1720.0
7186,2026-06-15,1750.5
7186,2026-06-22,1713.5
7186,2026-06-29,1848.0
7186,2026-07-06,1870.0
7186,2026-07-13,1794.0
7186,2026-07-20,1951.5
7186,2026-07-27,1839.0
7189,2025-08-04,2316.31
7189,2025-08-11,2375.11
7189,2025-08-18,2436.8
7189,2025-08-25,2397.28
7189,2025-09-01,2385.71
7189,2025-09-08,2400.17
7189,2025-09-15,2329.81
7189,2025-09-22,2452.22
7189,2025-09-29,2374.7
7189,2025-10-06,2363.91
7189,2025-10-13,2317.79
7189,2025-10-20,2494.42
7189,2025-10-27,2588.62
7189,2025-11-03,2626.89
7189,2025-11-10,2840.32
7189,2025-11-17,2818.24
7189,2025-11-24,2909.5
7189,2025-12-01,2963.47
7189,2025-12-08,2953.66
7189,2025-12-15,3106.74
7189,2025-12-22,3085.15
7189,2025-12-29,3150.9
7189,2026-01-05,3345.19
7189,2026-01-12,3640.56
7189,2026-01-19,3637.61
7189,2026-01-26,3660.18
7189,2026-02-02,4081.15
7189,2026-02-09,4227.36
7189,2026-02-16,4336.29
7189,2026-02-23,4370.63
7189,2026-03-02,4043.86
7189,2026-03-09,3844.66
7189,2026-03-16,3795.6
7189,2026-03-23,3827.0
7189,2026-03-30,4008.0
7189,2026-04-06,4217.0
7189,2026-04-13,4185.0
7189,2026-04-20,3812.0
7189,2026-04-27,3908.0
7189,2026-05-04,3946.0
7189,2026-05-11,4050.0
7189,2026-05-18,4097.0
7189,2026-05-25,3953.0
7189,2026-06-01,4008.0
7189,2026-06-08,4169.0
7189,2026-06-15,4072.0
7189,2026-06-22,4204.0
7189,2026-06-29,4282.0
7189,2026-07-06,4340.0
7189,2026-07-13,4106.0
7189,2026-07-20,4441.0
7189,2026-07-27,4268.0
7219,2025-08-04,2135.77
7219,2025-08-11,2182.42
7219,2025-08-18,2214.48
7219,2025-08-25,2156.0
7219,2025-09-01,2153.0
7219,2025-09-08,2185.0
7219,2025-09-15,2179.0
7219,2025-09-22,2169.0
7219,2025-09-29,2197.0
7219,2025-10-06,2247.0
7219,2025-10-13,2175.0
7219,2025-10-20,2180.0
7219,2025-10-27,2188.0
7219,2025-11-03,2205.0
7219,2025-11-10,2202.0
7219,2025-11-17,2249.0
7219,2025-11-24,2244.0
7219,2025-12-01,2215.0
7219,2025-12-08,2225.0
7219,2025-12-15,2226.0
7219,2025-12-22,2245.0
7219,2025-12-29,2260.0
7219,2026-01-05,2242.0
7219,2026-01-12,2192.0
7219,2026-01-19,2238.0
7219,2026-01-26,2191.0
7219,2026-02-02,2220.0
7219,2026-02-09,2222.0
7219,2026-02-16,2231.0
7219,2026-02-23,2255.0
7219,2026-03-02,2343.0
7219,2026-03-09,2320.0
7219,2026-03-16,2309.0
7219,2026-03-23,2286.0
7219,2026-03-30,2292.0
7219,2026-04-06,2310.0
7219,2026-04-13,2302.0
7219,2026-04-20,2217.0
7219,2026-04-27,2258.0
7219,2026-05-04,2270.0
7219,2026-05-11,2300.0
7219,2026-05-18,2290.0
7219,2026-05-25,2345.0
7219,2026-06-01,2321.0
7219,2026-06-08,2264.0
7219,2026-06-15,2297.0
7219,2026-06-22,2284.0
7219,2026-06-29,2305.0
7219,2026-07-06,2330.0
7219,2026-07-13,2420.0
7219,2026-07-20,2520.0
7219,2026-07-27,2625.0
7272,2025-08-04,1049.68
7272,2025-08-11,1055.99
7272,2025-08-18,1054.54
7272,2025-08-25,1047.73
7272,2025-09-01,1088.07
7272,2025-09-08,1090.98
7272,2025-09-15,1074.95
7272,2025-09-22,1090.01
7272,2025-09-29,1071.06
7272,2025-10-06,1069.11
7272,2025-10-13,1053.08
7272,2025-10-20,1099.73
7272,2025-10-27,1083.69
7272,2025-11-03,1102.65
7272,2025-11-10,1084.18
7272,2025-11-17,1086.12
7272,2025-11-24,1099.73
7272,2025-12-01,1106.53
7272,2025-12-08,1170.19
7272,2025-12-15,1135.21
7272,2025-12-22,1156.59
7272,2025-12-29,1136.49
7272,2026-01-05,1210.01
7272,2026-01-12,1242.84
7272,2026-01-19,1178.64
7272,2026-01-26,1140.41
7272,2026-02-02,1075.72
7272,2026-02-09,1161.49
7272,2026-02-16,1208.54
7272,2026-02-23,1218.34
7272,2026-03-02,1124.24
7272,2026-03-09,1085.04
7272,2026-03-16,1079.15
7272,2026-03-23,1116.89
7272,2026-03-30,1160.51
7272,2026-04-06,1158.06
7272,2026-04-13,1118.85
7272,2026-04-20,1069.35
7272,2026-04-27,1067.88
7272,2026-05-04,1093.86
7272,2026-05-11,1299.2
7272,2026-05-18,1204.62
7272,2026-05-25,1284.99
7272,2026-06-01,1199.71
7272,2026-06-08,1167.86
7272,2026-06-15,1212.46
7272,2026-06-22,1235.0
7272,2026-06-29,1249.0
7272,2026-07-06,1243.5
7272,2026-07-13,1273.5
7272,2026-07-20,1278.0
7272,2026-07-27,1343.0
7282,2025-08-04,3372.44
7282,2025-08-11,3299.98
7282,2025-08-18,3429.43
7282,2025-08-25,3483.53
7282,2025-09-01,3681.57
7282,2025-09-08,3633.27
7282,2025-09-15,3584.0
7282,2025-09-22,3664.18
7282,2025-09-29,3533.98
7282,2025-10-06,3577.06
7282,2025-10-13,3545.73
7282,2025-10-20,3683.76
7282,2025-10-27,3501.68
7282,2025-11-03,3751.31
7282,2025-11-10,3753.26
7282,2025-11-17,3373.44
7282,2025-11-24,3494.82
7282,2025-12-01,3389.1
7282,2025-12-08,3719.98
7282,2025-12-15,3963.74
7282,2025-12-22,3832.56
7282,2025-12-29,3859.97
7282,2026-01-05,3967.65
7282,2026-01-12,4243.71
7282,2026-01-19,4258.4
7282,2026-01-26,4102.75
7282,2026-02-02,4908.42
7282,2026-02-09,4985.75
7282,2026-02-16,4781.15
7282,2026-02-23,4983.8
7282,2026-03-02,4589.28
7282,2026-03-09,4264.27
7282,2026-03-16,4080.23
7282,2026-03-23,4091.0
7282,2026-03-30,4120.0
7282,2026-04-06,4264.0
7282,2026-04-13,4257.0
7282,2026-04-20,4022.0
7282,2026-04-27,4538.0
7282,2026-05-04,4659.0
7282,2026-05-11,4771.0
7282,2026-05-18,4593.0
7282,2026-05-25,4827.0
7282,2026-06-01,4716.0
7282,2026-06-08,4577.0
7282,2026-06-15,5027.0
7282,2026-06-22,5225.0
7282,2026-06-29,5230.0
7282,2026-07-06,5084.0
7282,2026-07-13,4920.0
7282,2026-07-20,5011.0
7282,2026-07-27,5562.0
7283,2025-08-04,1766.84
7283,2025-08-11,1853.17
7283,2025-08-18,1909.77
7283,2025-08-25,1881.95
7283,2025-09-01,1932.79
7283,2025-09-08,1863.72
7283,2025-09-15,1825.36
7283,2025-09-22,1852.21
7283,2025-09-29,1894.26
7283,2025-10-06,1934.36
7283,2025-10-13,1980.32
7283,2025-10-20,2105.5
7283,2025-10-27,2049.76
7283,2025-11-03,2029.22
7283,2025-11-10,2010.64
7283,2025-11-17,2082.03
7283,2025-11-24,2144.62
7283,2025-12-01,2081.05
7283,2025-12-08,2171.02
7283,2025-12-15,2247.3
7283,2025-12-22,2205.25
7283,2025-12-29,2185.69
7283,2026-01-05,2224.81
7283,2026-01-12,2274.68
7283,2026-01-19,2219.92
7283,2026-01-26,2146.57
7283,2026-02-02,2147.55
7283,2026-02-09,2167.11
7283,2026-02-16,2180.8
7283,2026-02-23,2245.34
7283,2026-03-02,2027.26
7283,2026-03-09,1897.2
7283,2026-03-16,1859.06
7283,2026-03-23,1906.0
7283,2026-03-30,1882.0
7283,2026-04-06,1925.0
7283,2026-04-13,1935.0
7283,2026-04-20,1832.0
7283,2026-04-27,1750.0
7283,2026-05-04,1734.0
7283,2026-05-11,1787.0
7283,2026-05-18,1760.0
7283,2026-05-25,1906.0
7283,2026-06-01,1897.0
7283,2026-06-08,1809.0
7283,2026-06-15,1786.0
7283,2026-06-22,1909.0
7283,2026-06-29,2147.0
7283,2026-07-06,2401.0
7283,2026-07-13,2249.0
7283,2026-07-20,2293.0
7283,2026-07-27,2404.0
7309,2025-08-04,16145.46
7309,2025-08-11,16468.76
7309,2025-08-18,16444.27
7309,2025-08-25,16096.47
7309,2025-09-01,16527.54
7309,2025-09-08,15729.08
7309,2025-09-15,15631.12
7309,2025-09-22,16473.66
7309,2025-09-29,16708.79
7309,2025-10-06,17115.36
7309,2025-10-13,17218.23
7309,2025-10-20,17521.94
7309,2025-10-27,15876.04
7309,2025-11-03,15748.68
7309,2025-11-10,15792.77
7309,2025-11-17,14935.53
7309,2025-11-24,16160.15
7309,2025-12-01,16243.43
7309,2025-12-08,16356.09
7309,2025-12-15,16375.69
7309,2025-12-22,16360.99
7309,2025-12-29,16365.45
7309,2026-01-05,16548.55
7309,2026-01-12,16890.01
7309,2026-01-19,17003.83
7309,2026-01-26,17449.22
7309,2026-02-02,18236.06
7309,2026-02-09,16583.19
7309,2026-02-16,16706.91
7309,2026-02-23,16588.14
7309,2026-03-02,16108.11
7309,2026-03-09,16113.06
7309,2026-03-16,16172.45
7309,2026-03-23,16127.91
7309,2026-03-30,16850.42
7309,2026-04-06,16449.57
7309,2026-04-13,16840.52
7309,2026-04-20,16449.57
7309,2026-04-27,16474.32
7309,2026-05-04,17117.65
7309,2026-05-11,16850.42
7309,2026-05-18,16716.8
7309,2026-05-25,16335.75
7309,2026-06-01,15504.37
7309,2026-06-08,16598.04
7309,2026-06-15,17028.58
7309,2026-06-22,17518.5
7309,2026-06-29,17540.0
7309,2026-07-06,16975.0
7309,2026-07-13,18755.0
7309,2026-07-20,18570.0
7309,2026-07-27,20125.0
7322,2025-08-04,840.08
7322,2025-08-11,854.63
7322,2025-08-18,880.09
7322,2025-08-25,874.02
7322,2025-09-01,853.42
7322,2025-09-08,853.42
7322,2025-09-15,840.08
7322,2025-09-22,878.87
7322,2025-09-29,860.12
7322,2025-10-06,866.29
7322,2025-10-13,874.92
7322,2025-10-20,898.37
7322,2025-10-27,900.84
7322,2025-11-03,920.58
7322,2025-11-10,942.8
7322,2025-11-17,950.2
7322,2025-11-24,1009.43
7322,2025-12-01,1004.5
7322,2025-12-08,1010.67
7322,2025-12-15,1042.75
7322,2025-12-22,1043.99
7322,2025-12-29,1087.18
7322,2026-01-05,1148.88
7322,2026-01-12,1229.09
7322,2026-01-19,1263.64
7322,2026-01-26,1234.03
7322,2026-02-02,1377.17
7322,2026-02-09,1505.51
7322,2026-02-16,1510.45
7322,2026-02-23,1557.34
7322,2026-03-02,1515.38
7322,2026-03-09,1495.64
7322,2026-03-16,1503.04
7322,2026-03-23,1545.0
7322,2026-03-30,1516.0
7322,2026-04-06,1646.0
7322,2026-04-13,1680.0
7322,2026-04-20,1529.0
7322,2026-04-27,1634.0
7322,2026-05-04,1659.0
7322,2026-05-11,1697.0
7322,2026-05-18,1711.0
7322,2026-05-25,1598.0
7322,2026-06-01,1612.0
7322,2026-06-08,1751.0
7322,2026-06-15,1660.0
7322,2026-06-22,1721.0
7322,2026-06-29,1825.0
7322,2026-07-06,1799.0
7322,2026-07-13,1775.0
7322,2026-07-20,1997.0
7322,2026-07-27,1910.0
7327,2025-08-04,1260.58
7327,2025-08-11,1270.22
7327,2025-08-18,1281.46
7327,2025-08-25,1278.25
7327,2025-09-01,1300.73
7327,2025-09-08,1318.39
7327,2025-09-15,1294.31
7327,2025-09-22,1371.39
7327,2025-09-29,1399.54
7327,2025-10-06,1400.52
7327,2025-10-13,1417.22
7327,2025-10-20,1432.93
7327,2025-10-27,1461.42
7327,2025-11-03,1457.49
7327,2025-11-10,1472.22
7327,2025-11-17,1502.67
7327,2025-11-24,1590.07
7327,2025-12-01,1622.49
7327,2025-12-08,1602.84
7327,2025-12-15,1619.54
7327,2025-12-22,1594.0
7327,2025-12-29,1598.91
7327,2026-01-05,1712.84
7327,2026-01-12,1780.61
7327,2026-01-19,1819.89
7327,2026-01-26,1804.18
7327,2026-02-02,1868.02
7327,2026-02-09,1997.66
7327,2026-02-16,1962.3
7327,2026-02-23,2004.54
7327,2026-03-02,2011.41
7327,2026-03-09,1936.77
7327,2026-03-16,1931.86
7327,2026-03-23,1979.0
7327,2026-03-30,1937.0
7327,2026-04-06,2015.0
7327,2026-04-13,1996.0
7327,2026-04-20,1841.0
7327,2026-04-27,1944.0
7327,2026-05-04,1977.0
7327,2026-05-11,2030.0
7327,2026-05-18,2115.0
7327,2026-05-25,2020.0
7327,2026-06-01,2046.0
7327,2026-06-08,2104.0
7327,2026-06-15,2076.0
7327,2026-06-22,2131.0
7327,2026-06-29,2211.0
7327,2026-07-06,2246.0
7327,2026-07-13,2202.0
7327,2026-07-20,2365.0
7327,2026-07-27,2308.0
7337,2025-08-04,1306.44
7337,2025-08-11,1362.88
7337,2025-08-18,1361.43
7337,2025-08-25,1364.81
7337,2025-09-01,1363.36
7337,2025-09-08,1374.46
7337,2025-09-15,1351.78
7337,2025-09-22,1414.02
7337,2025-09-29,1381.09
7337,2025-10-06,1360.94
7337,2025-10-13,1337.84
7337,2025-10-20,1369.78
7337,2025-10-27,1415.49
7337,2025-11-03,1431.22
7337,2025-11-10,1452.85
7337,2025-11-17,1463.17
7337,2025-11-24,1522.15
7337,2025-12-01,1519.69
7337,2025-12-08,1546.72
7337,2025-12-15,1580.63
7337,2025-12-22,1541.31
7337,2025-12-29,1554.58
7337,2026-01-05,1631.26
7337,2026-01-12,1704.0
7337,2026-01-19,1697.61
7337,2026-01-26,1717.27
7337,2026-02-02,1861.27
7337,2026-02-09,1906.49
7337,2026-02-16,1891.75
7337,2026-02-23,1903.54
7337,2026-03-02,1818.52
7337,2026-03-09,1799.84
7337,2026-03-16,1750.69
7337,2026-03-23,1790.5
7337,2026-03-30,1810.0
7337,2026-04-06,1928.5
7337,2026-04-13,1923.5
7337,2026-04-20,1791.5
7337,2026-04-27,1842.5
7337,2026-05-04,1857.5
7337,2026-05-11,2053.5
7337,2026-05-18,2082.0
7337,2026-05-25,2017.5
7337,2026-06-01,2022.5
7337,2026-06-08,2081.5
7337,2026-06-15,2080.5
7337,2026-06-22,2100.5
7337,2026-06-29,2198.5
7337,2026-07-06,2199.0
7337,2026-07-13,2131.0
7337,2026-07-20,2304.0
7337,2026-07-27,2204.5
7350,2025-08-04,3423.84
7350,2025-08-11,3500.99
7350,2025-08-18,3544.39
7350,2025-08-25,3582.97
7350,2025-09-01,3515.46
7350,2025-09-08,3500.99
7350,2025-09-15,3549.22
7350,2025-09-22,3756.57
7350,2025-09-29,3682.92
7350,2025-10-06,3619.08
7350,2025-10-13,3569.97
7350,2025-10-20,3732.02
7350,2025-10-27,3776.22
7350,2025-11-03,3835.14
7350,2025-11-10,4247.63
7350,2025-11-17,4242.72
7350,2025-11-24,4561.91
7350,2025-12-01,4517.71
7350,2025-12-08,4522.62
7350,2025-12-15,4620.83
7350,2025-12-22,4620.83
7350,2025-12-29,4679.76
7350,2026-01-05,4876.18
7350,2026-01-12,5126.62
7350,2026-01-19,5303.4
7350,2026-01-26,5156.08
7350,2026-02-02,5598.03
7350,2026-02-09,5735.53
7350,2026-02-16,5794.45
7350,2026-02-23,5902.49
7350,2026-03-02,5460.54
7350,2026-03-09,5313.22
7350,2026-03-16,5352.5
7350,2026-03-23,5490.0
7350,2026-03-30,5380.0
7350,2026-04-06,5720.0
7350,2026-04-13,5910.0
7350,2026-04-20,5500.0
7350,2026-04-27,5590.0
7350,2026-05-04,5700.0
7350,2026-05-11,5910.0
7350,2026-05-18,6150.0
7350,2026-05-25,6170.0
7350,2026-06-01,6190.0
7350,2026-06-08,6470.0
7350,2026-06-15,6250.0
7350,2026-06-22,6330.0
7350,2026-06-29,6630.0
7350,2026-07-06,6760.0
7350,2026-07-13,6830.0
7350,2026-07-20,7360.0
7350,2026-07-27,7350.0
7381,2025-08-04,567.43
7381,2025-08-11,608.24
7381,2025-08-18,612.12
7381,2025-08-25,599.49
7381,2025-09-01,612.12
7381,2025-09-08,624.75
7381,2025-09-15,609.21
7381,2025-09-22,651.96
7381,2025-09-29,649.0
7381,2025-10-06,633.19
7381,2025-10-13,628.25
7381,2025-10-20,651.96
7381,2025-10-27,650.97
7381,2025-11-03,638.13
7381,2025-11-10,641.09
7381,2025-11-17,641.09
7381,2025-11-24,693.45
7381,2025-12-01,700.36
7381,2025-12-08,705.3
7381,2025-12-15,706.29
7381,2025-12-22,785.31
7381,2025-12-29,798.16
7381,2026-01-05,889.04
7381,2026-01-12,969.05
7381,2026-01-19,964.11
7381,2026-01-26,913.73
7381,2026-02-02,930.52
7381,2026-02-09,968.06
7381,2026-02-16,1000.66
7381,2026-02-23,1041.16
7381,2026-03-02,1008.56
7381,2026-03-09,952.26
7381,2026-03-16,952.26
7381,2026-03-23,973.0
7381,2026-03-30,985.0
7381,2026-04-06,1024.0
7381,2026-04-13,1015.0
7381,2026-04-20,924.0
7381,2026-04-27,963.0
7381,2026-05-04,1014.0
7381,2026-05-11,1044.0
7381,2026-05-18,1056.0
7381,2026-05-25,1037.0
7381,2026-06-01,1034.0
7381,2026-06-08,989.0
7381,2026-06-15,961.0
7381,2026-06-22,978.0
7381,2026-06-29,1043.0
7381,2026-07-06,1034.0
7381,2026-07-13,1072.0
7381,2026-07-20,1156.0
7381,2026-07-27,1107.0
7384,2025-08-04,1546.05
7384,2025-08-11,1649.71
7384,2025-08-18,1713.27
7384,2025-08-25,1672.2
7384,2025-09-01,1656.55
7384,2025-09-08,1679.05
7384,2025-09-15,1665.36
7384,2025-09-22,1713.27
7384,2025-09-29,1672.6
7384,2025-10-06,1651.76
7384,2025-10-13,1655.73
7384,2025-10-20,1682.52
7384,2025-10-27,1718.23
7384,2025-11-03,1710.3
7384,2025-11-10,1748.99
7384,2025-11-17,1666.65
7384,2025-11-24,1740.06
7384,2025-12-01,1723.19
7384,2025-12-08,1778.75
7384,2025-12-15,1809.5
7384,2025-12-22,2063.47
7384,2025-12-29,2161.68
7384,2026-01-05,2321.4
7384,2026-01-12,2395.8
7384,2026-01-19,2751.95
7384,2026-01-26,2654.73
7384,2026-02-02,2886.87
7384,2026-02-09,2793.62
7384,2026-02-16,2837.27
7384,2026-02-23,2957.3
7384,2026-03-02,3010.87
7384,2026-03-09,3035.68
7384,2026-03-16,3045.6
7384,2026-03-23,3120.0
7384,2026-03-30,3160.0
7384,2026-04-06,3250.0
7384,2026-04-13,3790.0
7384,2026-04-20,3435.0
7384,2026-04-27,3525.0
7384,2026-05-04,3580.0
7384,2026-05-11,3445.0
7384,2026-05-18,3820.0
7384,2026-05-25,3915.0
7384,2026-06-01,3960.0
7384,2026-06-08,3550.0
7384,2026-06-15,3445.0
7384,2026-06-22,3555.0
7384,2026-06-29,4055.0
7384,2026-07-06,4065.0
7384,2026-07-13,3860.0
7384,2026-07-20,4330.0
7384,2026-07-27,4000.0
7389,2025-08-04,553.85
7389,2025-08-11,574.08
7389,2025-08-18,577.19
7389,2025-08-25,569.41
7389,2025-09-01,593.14
7389,2025-09-08,597.02
7389,2025-09-15,590.22
7389,2025-09-22,615.5
7389,2025-09-29,646.13
7389,2025-10-06,721.21
7389,2025-10-13,732.08
7389,2025-10-20,738.01
7389,2025-10-27,785.43
7389,2025-11-03,813.09
7389,2025-11-10,830.87
7389,2025-11-17,845.69
7389,2025-11-24,917.82
7389,2025-12-01,937.57
7389,2025-12-08,910.9
7389,2025-12-15,931.65
7389,2025-12-22,896.08
7389,2025-12-29,908.92
7389,2026-01-05,977.09
7389,2026-01-12,1086.76
7389,2026-01-19,1112.44
7389,2026-01-26,1080.83
7389,2026-02-02,1165.79
7389,2026-02-09,1252.73
7389,2026-02-16,1234.95
7389,2026-02-23,1304.11
7389,2026-03-02,1185.55
7389,2026-03-09,1185.55
7389,2026-03-16,1250.76
7389,2026-03-23,1395.0
7389,2026-03-30,1432.0
7389,2026-04-06,1588.0
7389,2026-04-13,1640.0
7389,2026-04-20,1459.0
7389,2026-04-27,1478.0
7389,2026-05-04,1499.0
7389,2026-05-11,1522.0
7389,2026-05-18,1413.0
7389,2026-05-25,1357.0
7389,2026-06-01,1346.0
7389,2026-06-08,1367.0
7389,2026-06-15,1355.0
7389,2026-06-22,1384.0
7389,2026-06-29,1483.0
7389,2026-07-06,1498.0
7389,2026-07-13,1687.0
7389,2026-07-20,1828.0
7389,2026-07-27,1737.0
7417,2025-08-04,1255.82
7417,2025-08-11,1297.81
7417,2025-08-18,1293.99
7417,2025-08-25,1258.68
7417,2025-09-01,1268.22
7417,2025-09-08,1288.26
7417,2025-09-15,1271.09
7417,2025-09-22,1293.99
7417,2025-09-29,1268.03
7417,2025-10-06,1288.22
7417,2025-10-13,1287.26
7417,2025-10-20,1313.22
7417,2025-10-27,1291.11
7417,2025-11-03,1275.72
7417,2025-11-10,1349.75
7417,2025-11-17,1358.4
7417,2025-11-24,1359.36
7417,2025-12-01,1364.17
7417,2025-12-08,1358.4
7417,2025-12-15,1370.9
7417,2025-12-22,1366.09
7417,2025-12-29,1382.43
7417,2026-01-05,1446.85
7417,2026-01-12,1449.73
7417,2026-01-19,1451.65
7417,2026-01-26,1440.12
7417,2026-02-02,1458.38
7417,2026-02-09,1470.88
7417,2026-02-16,1509.33
7417,2026-02-23,1523.75
7417,2026-03-02,1503.57
7417,2026-03-09,1451.65
7417,2026-03-16,1444.92
7417,2026-03-23,1443.0
7417,2026-03-30,1455.0
7417,2026-04-06,1441.0
7417,2026-04-13,1425.0
7417,2026-04-20,1425.0
7417,2026-04-27,1433.0
7417,2026-05-04,1488.0
7417,2026-05-11,1502.0
7417,2026-05-18,1480.0
7417,2026-05-25,1492.0
7417,2026-06-01,1442.0
7417,2026-06-08,1456.0
7417,2026-06-15,1472.0
7417,2026-06-22,1470.0
7417,2026-06-29,1640.0
7417,2026-07-06,1843.0
7417,2026-07-13,1777.0
7417,2026-07-20,1861.0
7417,2026-07-27,1948.0
7433,2025-08-04,3625.71
7433,2025-08-11,3659.06
7433,2025-08-18,3711.47
7433,2025-08-25,3768.64
7433,2025-09-01,3863.93
7433,2025-09-08,3844.87
7433,2025-09-15,3849.64
7433,2025-09-22,3882.99
7433,2025-09-29,3726.69
7433,2025-10-06,3663.19
7433,2025-10-13,3682.73
7433,2025-10-20,3731.57
7433,2025-10-27,3770.65
7433,2025-11-03,3726.69
7433,2025-11-10,3751.11
7433,2025-11-17,3756.0
7433,2025-11-24,3829.26
7433,2025-12-01,3785.3
7433,2025-12-08,3790.19
7433,2025-12-15,3775.53
7433,2025-12-22,3824.38
7433,2025-12-29,3824.38
7433,2026-01-05,3853.68
7433,2026-01-12,3907.41
7433,2026-01-19,3917.18
7433,2026-01-26,4053.94
7433,2026-02-02,4190.69
7433,2026-02-09,4234.65
7433,2026-02-16,4220.0
7433,2026-02-23,4332.34
7433,2026-03-02,4127.2
7433,2026-03-09,4093.01
7433,2026-03-16,4073.47
7433,2026-03-23,4220.0
7433,2026-03-30,4230.0
7433,2026-04-06,4280.0
7433,2026-04-13,4235.0
7433,2026-04-20,4145.0
7433,2026-04-27,4165.0
7433,2026-05-04,4205.0
7433,2026-05-11,4570.0
7433,2026-05-18,4535.0
7433,2026-05-25,4545.0
7433,2026-06-01,4575.0
7433,2026-06-08,4475.0
7433,2026-06-15,4530.0
7433,2026-06-22,4550.0
7433,2026-06-29,4635.0
7433,2026-07-06,4590.0
7433,2026-07-13,4400.0
7433,2026-07-20,4590.0
7433,2026-07-27,4940.0
7442,2025-08-04,407.78
7442,2025-08-11,410.71
7442,2025-08-18,411.69
7442,2025-08-25,405.83
7442,2025-09-01,401.93
7442,2025-09-08,401.93
7442,2025-09-15,403.88
7442,2025-09-22,406.81
7442,2025-09-29,401.93
7442,2025-10-06,404.86
7442,2025-10-13,403.88
7442,2025-10-20,404.86
7442,2025-10-27,401.93
7442,2025-11-03,392.18
7442,2025-11-10,395.1
7442,2025-11-17,395.1
7442,2025-11-24,403.88
7442,2025-12-01,404.86
7442,2025-12-08,406.81
7442,2025-12-15,410.71
7442,2025-12-22,431.2
7442,2025-12-29,434.12
7442,2026-01-05,461.44
7442,2026-01-12,469.24
7442,2026-01-19,468.27
7442,2026-01-26,469.24
7442,2026-02-02,476.07
7442,2026-02-09,477.05
7442,2026-02-16,470.22
7442,2026-02-23,475.1
7442,2026-03-02,461.44
7442,2026-03-09,450.71
7442,2026-03-16,453.64
7442,2026-03-23,479.0
7442,2026-03-30,457.0
7442,2026-04-06,451.0
7442,2026-04-13,454.0
7442,2026-04-20,448.0
7442,2026-04-27,445.0
7442,2026-05-04,455.0
7442,2026-05-11,446.0
7442,2026-05-18,445.0
7442,2026-05-25,450.0
7442,2026-06-01,458.0
7442,2026-06-08,483.0
7442,2026-06-15,479.0
7442,2026-06-22,463.0
7442,2026-06-29,476.0
7442,2026-07-06,478.0
7442,2026-07-13,482.0
7442,2026-07-20,489.0
7442,2026-07-27,498.0
7458,2025-08-04,1660.03
7458,2025-08-11,1635.99
7458,2025-08-18,1697.05
7458,2025-08-25,1623.01
7458,2025-09-01,1663.39
7458,2025-09-08,1668.2
7458,2025-09-15,1637.91
7458,2025-09-22,1668.68
7458,2025-09-29,1600.76
7458,2025-10-06,1585.13
7458,2025-10-13,1598.32
7458,2025-10-20,1597.83
7458,2025-10-27,1540.66
7458,2025-11-03,1548.97
7458,2025-11-10,1558.74
7458,2025-11-17,1611.51
7458,2025-11-24,1644.25
7458,2025-12-01,1570.47
7458,2025-12-08,1614.44
7458,2025-12-15,1639.85
7458,2025-12-22,1655.98
7458,2025-12-29,1646.69
7458,2026-01-05,1669.17
7458,2026-01-12,1655.49
7458,2026-01-19,1664.28
7458,2026-01-26,1633.5
7458,2026-02-02,1662.33
7458,2026-02-09,1656.47
7458,2026-02-16,1628.61
7458,2026-02-23,1697.02
7458,2026-03-02,1650.6
7458,2026-03-09,1619.82
7458,2026-03-16,1629.1
7458,2026-03-23,1676.5
7458,2026-03-30,1735.0
7458,2026-04-06,1729.0
7458,2026-04-13,1741.5
7458,2026-04-20,1638.0
7458,2026-04-27,1619.0
7458,2026-05-04,1612.5
7458,2026-05-11,1696.5
7458,2026-05-18,1736.0
7458,2026-05-25,1632.5
7458,2026-06-01,1642.0
7458,2026-06-08,1693.0
7458,2026-06-15,1650.5
7458,2026-06-22,1672.5
7458,2026-06-29,1728.5
7458,2026-07-06,1747.0
7458,2026-07-13,1792.5
7458,2026-07-20,1762.0
7458,2026-07-27,1810.5
7459,2025-08-04,2523.12
7459,2025-08-11,2506.03
7459,2025-08-18,2621.74
7459,2025-08-25,2552.41
7459,2025-09-01,2621.74
7459,2025-09-08,2632.97
7459,2025-09-15,2532.88
7459,2025-09-22,2573.41
7459,2025-09-29,2503.23
7459,2025-10-06,2496.31
7459,2025-10-13,2501.74
7459,2025-10-20,2539.8
7459,2025-10-27,2480.99
7459,2025-11-03,2554.63
7459,2025-11-10,2615.91
7459,2025-11-17,2639.63
7459,2025-11-24,2694.99
7459,2025-12-01,2620.85
7459,2025-12-08,2724.64
7459,2025-12-15,2771.59
7459,2025-12-22,2760.72
7459,2025-12-29,2737.98
7459,2026-01-05,2814.09
7459,2026-01-12,2832.38
7459,2026-01-19,2889.21
7459,2026-01-26,2766.65
7459,2026-02-02,2821.01
7459,2026-02-09,2900.09
7459,2026-02-16,2886.25
7459,2026-02-23,3031.55
7459,2026-03-02,2903.05
7459,2026-03-09,2762.69
7459,2026-03-16,2835.84
7459,2026-03-23,2907.5
7459,2026-03-30,3010.0
7459,2026-04-06,2893.0
7459,2026-04-13,2805.5
7459,2026-04-20,2778.5
7459,2026-04-27,2815.0
7459,2026-05-04,2772.5
7459,2026-05-11,2809.5
7459,2026-05-18,2797.5
7459,2026-05-25,2747.0
7459,2026-06-01,2672.5
7459,2026-06-08,2638.0
7459,2026-06-15,2591.5
7459,2026-06-22,2625.5
7459,2026-06-29,2645.5
7459,2026-07-06,2636.0
7459,2026-07-13,2848.5
7459,2026-07-20,2876.5
7459,2026-07-27,2883.0
7460,2025-08-04,1049.67
7460,2025-08-11,1136.07
7460,2025-08-18,1083.27
7460,2025-08-25,1041.67
7460,2025-09-01,1040.07
7460,2025-09-08,1043.27
7460,2025-09-15,992.06
7460,2025-09-22,1020.87
7460,2025-09-29,988.35
7460,2025-10-06,973.07
7460,2025-10-13,1011.11
7460,2025-10-20,1024.12
7460,2025-10-27,1006.23
7460,2025-11-03,1025.74
7460,2025-11-10,1116.77
7460,2025-11-17,1040.37
7460,2025-11-24,1027.37
7460,2025-12-01,1061.5
7460,2025-12-08,1064.76
7460,2025-12-15,1074.51
7460,2025-12-22,1141.16
7460,2025-12-29,1124.9
7460,2026-01-05,1144.41
7460,2026-01-12,1180.17
7460,2026-01-19,1160.67
7460,2026-01-26,1092.39
7460,2026-02-02,1141.16
7460,2026-02-09,1349.23
7460,2026-02-16,1371.99
7460,2026-02-23,1458.15
7460,2026-03-02,1445.14
7460,2026-03-09,1415.88
7460,2026-03-16,1404.5
7460,2026-03-23,1398.0
7460,2026-03-30,1348.33
7460,2026-04-06,1350.0
7460,2026-04-13,1311.67
7460,2026-04-20,1286.67
7460,2026-04-27,1298.33
7460,2026-05-04,1321.67
7460,2026-05-11,1453.33
7460,2026-05-18,1500.0
7460,2026-05-25,1491.67
7460,2026-06-01,1500.0
7460,2026-06-08,1596.67
7460,2026-06-15,1585.0
7460,2026-06-22,1635.0
7460,2026-06-29,1690.0
7460,2026-07-06,1732.0
7460,2026-07-13,1659.0
7460,2026-07-20,1770.0
7460,2026-07-27,1823.0
7462,2025-08-04,216.06
7462,2025-08-11,217.03
7462,2025-08-18,205.38
7462,2025-08-25,233.05
7462,2025-09-01,233.05
7462,2025-09-08,232.57
7462,2025-09-15,237.91
7462,2025-09-22,235.0
7462,2025-09-29,221.75
7462,2025-10-06,218.32
7462,2025-10-13,216.84
7462,2025-10-20,217.34
7462,2025-10-27,219.3
7462,2025-11-03,219.79
7462,2025-11-10,235.49
7462,2025-11-17,245.3
7462,2025-11-24,257.07
7462,2025-12-01,264.43
7462,2025-12-08,250.7
7462,2025-12-15,257.56
7462,2025-12-22,267.87
7462,2025-12-29,281.11
7462,2026-01-05,286.02
7462,2026-01-12,298.77
7462,2026-01-19,294.36
7462,2026-01-26,295.34
7462,2026-02-02,293.87
7462,2026-02-09,292.89
7462,2026-02-16,305.64
7462,2026-02-23,302.7
7462,2026-03-02,297.79
7462,2026-03-09,300.25
7462,2026-03-16,296.32
7462,2026-03-23,287.0
7462,2026-03-30,268.5
7462,2026-04-06,270.0
7462,2026-04-13,288.0
7462,2026-04-20,317.5
7462,2026-04-27,297.5
7462,2026-05-04,275.5
7462,2026-05-11,312.5
7462,2026-05-18,312.5
7462,2026-05-25,305.5
7462,2026-06-01,313.0
7462,2026-06-08,325.0
7462,2026-06-15,328.5
7462,2026-06-22,338.5
7462,2026-06-29,319.0
7462,2026-07-06,360.0
7462,2026-07-13,395.0
7462,2026-07-20,419.0
7462,2026-07-27,402.0
7466,2025-08-04,1197.4
7466,2025-08-11,1142.05
7466,2025-08-18,1173.13
7466,2025-08-25,1131.85
7466,2025-09-01,1148.85
7466,2025-09-08,1153.22
7466,2025-09-15,1147.39
7466,2025-09-22,1161.96
7466,2025-09-29,1125.03
7466,2025-10-06,1125.03
7466,2025-10-13,1118.63
7466,2025-10-20,1150.63
7466,2025-10-27,1103.37
7466,2025-11-03,1121.09
7466,2025-11-10,1119.61
7466,2025-11-17,1145.22
7466,2025-11-24,1164.91
7466,2025-12-01,1140.79
7466,2025-12-08,1139.8
7466,2025-12-15,1142.26
7466,2025-12-22,1155.56
7466,2025-12-29,1167.37
7466,2026-01-05,1186.57
7466,2026-01-12,1195.93
7466,2026-01-19,1172.3
7466,2026-01-26,1142.26
7466,2026-02-02,1177.71
7466,2026-02-09,1285.54
7466,2026-02-16,1306.71
7466,2026-02-23,1345.11
7466,2026-03-02,1280.12
7466,2026-03-09,1286.03
7466,2026-03-16,1268.31
7466,2026-03-23,1288.0
7466,2026-03-30,1267.0
7466,2026-04-06,1321.0
7466,2026-04-13,1325.0
7466,2026-04-20,1270.0
7466,2026-04-27,1261.0
7466,2026-05-04,1246.0
7466,2026-05-11,1212.0
7466,2026-05-18,1238.0
7466,2026-05-25,1249.0
7466,2026-06-01,1238.0
7466,2026-06-08,1214.0
7466,2026-06-15,1266.0
7466,2026-06-22,1269.0
7466,2026-06-29,1313.0
7466,2026-07-06,1376.0
7466,2026-07-13,1346.0
7466,2026-07-20,1350.0
7466,2026-07-27,1387.0
7504,2025-08-04,2789.96
7504,2025-08-11,2795.74
7504,2025-08-18,2791.89
7504,2025-08-25,2789.96
7504,2025-09-01,2833.3
7504,2025-09-08,2811.15
7504,2025-09-15,2868.93
7504,2025-09-22,2918.05
7504,2025-09-29,2768.81
7504,2025-10-06,2768.81
7504,2025-10-13,2826.74
7504,2025-10-20,2863.06
7504,2025-10-27,2804.15
7504,2025-11-03,2792.37
7504,2025-11-10,2896.45
7504,2025-11-17,2897.43
7504,2025-11-24,2920.01
7504,2025-12-01,2838.52
7504,2025-12-08,2828.7
7504,2025-12-15,2876.81
7504,2025-12-22,2960.27
7504,2025-12-29,2921.98
7504,2026-01-05,2979.9
7504,2026-01-12,3063.36
7504,2026-01-19,3097.73
7504,2026-01-26,2950.45
7504,2026-02-02,3004.45
7504,2026-02-09,3195.91
7504,2026-02-16,3220.46
7504,2026-02-23,3392.28
7504,2026-03-02,3205.73
7504,2026-03-09,3092.82
7504,2026-03-16,3068.27
7504,2026-03-23,3137.0
7504,2026-03-30,3095.0
7504,2026-04-06,3015.0
7504,2026-04-13,2977.0
7504,2026-04-20,2901.0
7504,2026-04-27,2974.0
7504,2026-05-04,3005.0
7504,2026-05-11,2872.0
7504,2026-05-18,2826.0
7504,2026-05-25,2848.0
7504,2026-06-01,2795.0
7504,2026-06-08,2984.0
7504,2026-06-15,3085.0
7504,2026-06-22,3315.0
7504,2026-06-29,3640.0
7504,2026-07-06,3845.0
7504,2026-07-13,3575.0
7504,2026-07-20,3830.0
7504,2026-07-27,4140.0
7581,2025-08-04,5360.97
7581,2025-08-11,5420.65
7581,2025-08-18,5540.0
7581,2025-08-25,5330.0
7581,2025-09-01,5180.0
7581,2025-09-08,5140.0
7581,2025-09-15,4965.0
7581,2025-09-22,5000.0
7581,2025-09-29,4885.0
7581,2025-10-06,4825.0
7581,2025-10-13,5500.0
7581,2025-10-20,5330.0
7581,2025-10-27,5040.0
7581,2025-11-03,5370.0
7581,2025-11-10,5500.0
7581,2025-11-17,5400.0
7581,2025-11-24,5840.0
7581,2025-12-01,5530.0
7581,2025-12-08,5340.0
7581,2025-12-15,5460.0
7581,2025-12-22,5510.0
7581,2025-12-29,5480.0
7581,2026-01-05,6290.0
7581,2026-01-12,6390.0
7581,2026-01-19,6270.0
7581,2026-01-26,6270.0
7581,2026-02-02,6580.0
7581,2026-02-09,6670.0
7581,2026-02-16,6930.0
7581,2026-02-23,7010.0
7581,2026-03-02,6760.0
7581,2026-03-09,6660.0
7581,2026-03-16,6670.0
7581,2026-03-23,6770.0
7581,2026-03-30,6700.0
7581,2026-04-06,5600.0
7581,2026-04-13,5280.0
7581,2026-04-20,5100.0
7581,2026-04-27,5050.0
7581,2026-05-04,5180.0
7581,2026-05-11,5130.0
7581,2026-05-18,5270.0
7581,2026-05-25,5340.0
7581,2026-06-01,5120.0
7581,2026-06-08,5340.0
7581,2026-06-15,5210.0
7581,2026-06-22,5340.0
7581,2026-06-29,5470.0
7581,2026-07-06,5640.0
7581,2026-07-13,7600.0
7581,2026-07-20,7430.0
7581,2026-07-27,7880.0
7616,2025-08-04,2002.39
7616,2025-08-11,1928.58
7616,2025-08-18,1950.02
7616,2025-08-25,1948.03
7616,2025-09-01,1894.66
7616,2025-09-08,1888.68
7616,2025-09-15,1908.13
7616,2025-09-22,1880.2
7616,2025-09-29,1743.55
7616,2025-10-06,1720.11
7616,2025-10-13,1716.12
7616,2025-10-20,1718.61
7616,2025-10-27,1667.24
7616,2025-11-03,1670.73
7616,2025-11-10,1733.57
7616,2025-11-17,1724.1
7616,2025-11-24,1755.52
7616,2025-12-01,1726.09
7616,2025-12-08,1727.09
7616,2025-12-15,1730.08
7616,2025-12-22,1760.51
7616,2025-12-29,1754.52
7616,2026-01-05,1766.49
7616,2026-01-12,1782.45
7616,2026-01-19,1769.98
7616,2026-01-26,1763.0
7616,2026-02-02,1825.34
7616,2026-02-09,1861.75
7616,2026-02-16,1819.36
7616,2026-02-23,1870.23
7616,2026-03-02,1864.74
7616,2026-03-09,1893.17
7616,2026-03-16,1907.13
7616,2026-03-23,1958.5
7616,2026-03-30,1994.5
7616,2026-04-06,1932.0
7616,2026-04-13,1892.5
7616,2026-04-20,1846.0
7616,2026-04-27,1882.0
7616,2026-05-04,1844.0
7616,2026-05-11,1865.5
7616,2026-05-18,1862.0
7616,2026-05-25,1790.5
7616,2026-06-01,1756.0
7616,2026-06-08,1843.0
7616,2026-06-15,1689.5
7616,2026-06-22,1801.5
7616,2026-06-29,1835.5
7616,2026-07-06,1887.0
7616,2026-07-13,1987.0
7616,2026-07-20,1943.0
7616,2026-07-27,2057.5
7682,2025-08-04,3933.68
7682,2025-08-11,3903.81
7682,2025-08-18,3858.99
7682,2025-08-25,3918.74
7682,2025-09-01,3913.76
7682,2025-09-08,3908.79
7682,2025-09-15,3943.64
7682,2025-09-22,3948.62
7682,2025-09-29,3903.81
7682,2025-10-06,3913.76
7682,2025-10-13,3913.76
7682,2025-10-20,3873.93
7682,2025-10-27,3844.05
7682,2025-11-03,3878.91
7682,2025-11-10,3854.01
7682,2025-11-17,3854.01
7682,2025-11-24,3893.85
7682,2025-12-01,3883.89
7682,2025-12-08,3923.72
7682,2025-12-15,3908.79
7682,2025-12-22,3893.85
7682,2025-12-29,3973.52
7682,2026-01-05,3978.5
7682,2026-01-12,4083.06
7682,2026-01-19,4048.21
7682,2026-01-26,4038.25
7682,2026-02-02,4008.37
7682,2026-02-09,4043.23
7682,2026-02-16,4073.1
7682,2026-02-23,4068.12
7682,2026-03-02,4023.31
7682,2026-03-09,4063.14
7682,2026-03-16,4048.21
7682,2026-03-23,4038.25
7682,2026-03-30,4068.12
7682,2026-04-06,4093.02
7682,2026-04-13,4083.06
7682,2026-04-20,4003.39
7682,2026-04-27,4028.29
7682,2026-05-04,4043.23
7682,2026-05-11,4018.33
7682,2026-05-18,4043.23
7682,2026-05-25,4048.21
7682,2026-06-01,4053.19
7682,2026-06-08,4043.23
7682,2026-06-15,3978.5
7682,2026-06-22,4013.35
7682,2026-06-29,4043.23
7682,2026-07-06,4038.25
7682,2026-07-13,4053.19
7682,2026-07-20,4063.14
7682,2026-07-27,3925.0
7716,2025-08-04,1896.02
7716,2025-08-11,1980.92
7716,2025-08-18,2052.15
7716,2025-08-25,2057.03
7716,2025-09-01,2058.01
7716,2025-09-08,2003.36
7716,2025-09-15,1977.99
7716,2025-09-22,2003.36
7716,2025-09-29,2043.37
7716,2025-10-06,2058.98
7716,2025-10-13,2037.51
7716,2025-10-20,2113.63
7716,2025-10-27,1993.6
7716,2025-11-03,1937.0
7716,2025-11-10,2039.47
7716,2025-11-17,1993.6
7716,2025-11-24,1956.52
7716,2025-12-01,1956.52
7716,2025-12-08,1944.81
7716,2025-12-15,1925.29
7716,2025-12-22,1912.61
7716,2025-12-29,1961.12
7716,2026-01-05,2002.7
7716,2026-01-12,2101.69
7716,2026-01-19,2204.65
7716,2026-01-26,2140.3
7716,2026-02-02,2211.58
7716,2026-02-09,2394.72
7716,2026-02-16,2583.8
7716,2026-02-23,2694.68
7716,2026-03-02,2766.95
7716,2026-03-09,2734.28
7716,2026-03-16,2745.17
7716,2026-03-23,2707.55
7716,2026-03-30,2772.89
7716,2026-04-06,2836.24
7716,2026-04-13,2792.69
7716,2026-04-20,2754.08
7716,2026-04-27,2757.05
7716,2026-05-04,2731.31
7716,2026-05-11,2963.95
7716,2026-05-18,3014.44
7716,2026-05-25,3019.39
7716,2026-06-01,3019.39
7716,2026-06-08,2984.74
7716,2026-06-15,2937.22
7716,2026-06-22,2959.0
7716,2026-06-29,3005.0
7716,2026-07-06,3030.0
7716,2026-07-13,3050.0
7716,2026-07-20,3060.0
7716,2026-07-27,3035.0
7740,2025-08-04,894.62
7740,2025-08-11,922.43
7740,2025-08-18,959.82
7740,2025-08-25,978.04
7740,2025-09-01,995.3
7740,2025-09-08,996.26
7740,2025-09-15,1002.97
7740,2025-09-22,1019.27
7740,2025-09-29,1004.89
7740,2025-10-06,1028.86
7740,2025-10-13,1005.85
7740,2025-10-20,1062.42
7740,2025-10-27,1051.87
7740,2025-11-03,979.96
7740,2025-11-10,1001.05
7740,2025-11-17,986.67
7740,2025-11-24,1006.81
7740,2025-12-01,989.55
7740,2025-12-08,991.46
7740,2025-12-15,995.3
7740,2025-12-22,1012.56
7740,2025-12-29,1016.74
7740,2026-01-05,1034.44
7740,2026-01-12,1055.09
7740,2026-01-19,1044.27
7740,2026-01-26,1010.84
7740,2026-02-02,1009.85
7740,2026-02-09,995.11
7740,2026-02-16,1007.89
7740,2026-02-23,1035.42
7740,2026-03-02,993.14
7740,2026-03-09,979.37
7740,2026-03-16,978.39
7740,2026-03-23,1001.01
7740,2026-03-30,1009.85
7740,2026-04-06,1034.44
7740,2026-04-13,1086.55
7740,2026-04-20,1064.92
7740,2026-04-27,1051.15
7740,2026-05-04,1004.94
7740,2026-05-11,1054.1
7740,2026-05-18,1010.84
7740,2026-05-25,1036.4
7740,2026-06-01,1031.49
7740,2026-06-08,1001.99
7740,2026-06-15,1213.4
7740,2026-06-22,1178.0
7740,2026-06-29,1142.0
7740,2026-07-06,1143.0
7740,2026-07-13,1127.0
7740,2026-07-20,1116.0
7740,2026-07-27,1438.0
7752,2025-08-04,1289.73
7752,2025-08-11,1308.66
7752,2025-08-18,1286.34
7752,2025-08-25,1276.63
7752,2025-09-01,1322.26
7752,2025-09-08,1347.01
7752,2025-09-15,1290.22
7752,2025-09-22,1313.03
7752,2025-09-29,1281.99
7752,2025-10-06,1329.29
7752,2025-10-13,1308.6
7752,2025-10-20,1340.13
7752,2025-10-27,1304.66
7752,2025-11-03,1308.11
7752,2025-11-10,1359.84
7752,2025-11-17,1364.27
7752,2025-11-24,1380.53
7752,2025-12-01,1343.58
7752,2025-12-08,1363.78
7752,2025-12-15,1345.06
7752,2025-12-22,1346.54
7752,2025-12-29,1353.93
7752,2026-01-05,1397.78
7752,2026-01-12,1460.35
7752,2026-01-19,1381.52
7752,2026-01-26,1342.1
7752,2026-02-02,1480.55
7752,2026-02-09,1442.61
7752,2026-02-16,1427.83
7752,2026-02-23,1448.52
7752,2026-03-02,1353.43
7752,2026-03-09,1327.81
7752,2026-03-16,1338.65
7752,2026-03-23,1349.0
7752,2026-03-30,1355.0
7752,2026-04-06,1342.0
7752,2026-04-13,1406.0
7752,2026-04-20,1297.0
7752,2026-04-27,1300.5
7752,2026-05-04,1342.0
7752,2026-05-11,1421.5
7752,2026-05-18,1457.0
7752,2026-05-25,1458.5
7752,2026-06-01,1512.0
7752,2026-06-08,1438.0
7752,2026-06-15,1477.0
7752,2026-06-22,1414.0
7752,2026-06-29,1441.5
7752,2026-07-06,1497.0
7752,2026-07-13,1501.0
7752,2026-07-20,1556.5
7752,2026-07-27,1579.5
7823,2025-08-04,787.46
7823,2025-08-11,776.86
7823,2025-08-18,783.6
7823,2025-08-25,786.5
7823,2025-09-01,783.6
7823,2025-09-08,779.75
7823,2025-09-15,776.86
7823,2025-09-22,789.39
7823,2025-09-29,794.29
7823,2025-10-06,782.52
7823,2025-10-13,789.39
7823,2025-10-20,797.23
7823,2025-10-27,827.63
7823,2025-11-03,807.04
7823,2025-11-10,794.29
7823,2025-11-17,812.92
7823,2025-11-24,812.92
7823,2025-12-01,791.35
7823,2025-12-08,794.29
7823,2025-12-15,790.37
7823,2025-12-22,796.25
7823,2025-12-29,792.33
7823,2026-01-05,787.43
7823,2026-01-12,797.23
7823,2026-01-19,802.14
7823,2026-01-26,808.02
7823,2026-02-02,812.92
7823,2026-02-09,820.77
7823,2026-02-16,794.29
7823,2026-02-23,805.08
7823,2026-03-02,792.33
7823,2026-03-09,791.35
7823,2026-03-16,817.83
7823,2026-03-23,809.0
7823,2026-03-30,821.0
7823,2026-04-06,826.0
7823,2026-04-13,826.0
7823,2026-04-20,810.0
7823,2026-04-27,807.0
7823,2026-05-04,808.0
7823,2026-05-11,812.0
7823,2026-05-18,810.0
7823,2026-05-25,810.0
7823,2026-06-01,829.0
7823,2026-06-08,870.0
7823,2026-06-15,859.0
7823,2026-06-22,845.0
7823,2026-06-29,859.0
7823,2026-07-06,869.0
7823,2026-07-13,863.0
7823,2026-07-20,855.0
7823,2026-07-27,884.0
7839,2025-08-04,1777.9
7839,2025-08-11,1802.08
7839,2025-08-18,1791.44
7839,2025-08-25,1792.41
7839,2025-09-01,1790.48
7839,2025-09-08,1785.64
7839,2025-09-15,1783.71
7839,2025-09-22,1775.0
7839,2025-09-29,1700.0
7839,2025-10-06,1675.0
7839,2025-10-13,1675.0
7839,2025-10-20,1695.0
7839,2025-10-27,1639.0
7839,2025-11-03,1690.0
7839,2025-11-10,1745.0
7839,2025-11-17,1829.0
7839,2025-11-24,1860.0
7839,2025-12-01,1850.0
7839,2025-12-08,1843.0
7839,2025-12-15,1785.0
7839,2025-12-22,1798.0
7839,2025-12-29,1777.0
7839,2026-01-05,1819.0
7839,2026-01-12,1816.0
7839,2026-01-19,1799.0
7839,2026-01-26,1775.0
7839,2026-02-02,1726.0
7839,2026-02-09,1714.0
7839,2026-02-16,1704.0
7839,2026-02-23,1800.0
7839,2026-03-02,1678.0
7839,2026-03-09,1618.0
7839,2026-03-16,1605.0
7839,2026-03-23,1652.0
7839,2026-03-30,1717.0
7839,2026-04-06,1677.0
7839,2026-04-13,1717.0
7839,2026-04-20,1620.0
7839,2026-04-27,1850.0
7839,2026-05-04,1815.0
7839,2026-05-11,1794.0
7839,2026-05-18,1670.0
7839,2026-05-25,1746.0
7839,2026-06-01,1871.0
7839,2026-06-08,1824.0
7839,2026-06-15,1797.0
7839,2026-06-22,1774.0
7839,2026-06-29,1841.0
7839,2026-07-06,1826.0
7839,2026-07-13,1874.0
7839,2026-07-20,1897.0
7839,2026-07-27,1951.0
7846,2025-08-04,1525.35
7846,2025-08-11,1472.98
7846,2025-08-18,1507.79
7846,2025-08-25,1469.08
7846,2025-09-01,1481.44
7846,2025-09-08,1517.55
7846,2025-09-15,1593.34
7846,2025-09-22,1565.69
7846,2025-09-29,1522.1
7846,2025-10-06,1529.26
7846,2025-10-13,1524.7
7846,2025-10-20,1521.12
7846,2025-10-27,1515.92
7846,2025-11-03,1518.85
7846,2025-11-10,1550.73
7846,2025-11-17,1545.2
7846,2025-11-24,1594.97
7846,2025-12-01,1532.18
7846,2025-12-08,1558.21
7846,2025-12-15,1572.52
7846,2025-12-22,1626.52
7846,2025-12-29,1604.46
7846,2026-01-05,1586.68
7846,2026-01-12,1614.01
7846,2026-01-19,1631.46
7846,2026-01-26,1598.87
7846,2026-02-02,1643.31
7846,2026-02-09,1633.11
7846,2026-02-16,1595.24
7846,2026-02-23,1606.77
7846,2026-03-02,1504.7
7846,2026-03-09,1493.83
7846,2026-03-16,1520.17
7846,2026-03-23,1571.21
7846,2026-03-30,1602.49
7846,2026-04-06,1627.84
7846,2026-04-13,1586.35
7846,2026-04-20,1579.44
7846,2026-04-27,1580.43
7846,2026-05-04,1563.96
7846,2026-05-11,1535.65
7846,2026-05-18,1629.16
7846,2026-05-25,1638.38
7846,2026-06-01,1605.12
7846,2026-06-08,1626.85
7846,2026-06-15,1625.21
7846,2026-06-22,1695.67
7846,2026-06-29,1724.5
7846,2026-07-06,1768.0
7846,2026-07-13,1803.0
7846,2026-07-20,1778.0
7846,2026-07-27,1813.5
7856,2025-08-04,1536.18
7856,2025-08-11,1539.05
7856,2025-08-18,1586.04
7856,2025-08-25,1572.62
7856,2025-09-01,1602.34
7856,2025-09-08,1627.27
7856,2025-09-15,1643.58
7856,2025-09-22,1645.49
7856,2025-09-29,1602.34
7856,2025-10-06,1599.47
7856,2025-10-13,1616.73
7856,2025-10-20,1651.25
7856,2025-10-27,1577.5
7856,2025-11-03,1536.37
7856,2025-11-10,1552.04
7856,2025-11-17,1553.02
7856,2025-11-24,1563.79
7856,2025-12-01,1572.6
7856,2025-12-08,1609.81
7856,2025-12-15,1618.62
7856,2025-12-22,1654.85
7856,2025-12-29,1656.81
7856,2026-01-05,1677.38
7856,2026-01-12,1695.0
7856,2026-01-19,1680.31
7856,2026-01-26,1665.63
7856,2026-02-02,1688.15
7856,2026-02-09,1733.19
7856,2026-02-16,1742.98
7856,2026-02-23,1816.42
7856,2026-03-02,1752.77
7856,2026-03-09,1672.48
7856,2026-03-16,1672.48
7856,2026-03-23,1702.84
7856,2026-03-30,1729.27
7856,2026-04-06,1705.77
7856,2026-04-13,1704.79
7856,2026-04-20,1651.92
7856,2026-04-27,1643.0
7856,2026-05-04,1652.0
7856,2026-05-11,1717.0
7856,2026-05-18,1672.0
7856,2026-05-25,1652.0
7856,2026-06-01,1670.0
7856,2026-06-08,1698.0
7856,2026-06-15,1729.0
7856,2026-06-22,1754.0
7856,2026-06-29,1734.0
7856,2026-07-06,1761.0
7856,2026-07-13,1777.0
7856,2026-07-20,1778.0
7856,2026-07-27,1781.0
7860,2025-08-04,1215.17
7860,2025-08-11,1214.21
7860,2025-08-18,1239.19
7860,2025-08-25,1219.97
7860,2025-09-01,1260.32
7860,2025-09-08,1237.27
7860,2025-09-15,1220.93
7860,2025-09-22,1246.87
7860,2025-09-29,1211.61
7860,2025-10-06,1200.84
7860,2025-10-13,1187.12
7860,2025-10-20,1201.82
7860,2025-10-27,1183.21
7860,2025-11-03,1207.69
7860,2025-11-10,1185.16
7860,2025-11-17,1209.65
7860,2025-11-24,1188.1
7860,2025-12-01,1135.21
7860,2025-12-08,1147.94
7860,2025-12-15,1158.72
7860,2025-12-22,1244.91
7860,2025-12-29,1241.97
7860,2026-01-05,1222.38
7860,2026-01-12,1198.88
7860,2026-01-19,1206.71
7860,2026-01-26,1171.45
7860,2026-02-02,1151.86
7860,2026-02-09,1187.12
7860,2026-02-16,1196.92
7860,2026-02-23,1186.14
7860,2026-03-02,1188.1
7860,2026-03-09,1177.33
7860,2026-03-16,1165.57
7860,2026-03-23,1193.0
7860,2026-03-30,1203.0
7860,2026-04-06,1197.0
7860,2026-04-13,1218.0
7860,2026-04-20,1177.0
7860,2026-04-27,1179.0
7860,2026-05-04,1182.0
7860,2026-05-11,1178.0
7860,2026-05-18,1189.0
7860,2026-05-25,1205.0
7860,2026-06-01,1182.0
7860,2026-06-08,1197.0
7860,2026-06-15,1185.0
7860,2026-06-22,1189.0
7860,2026-06-29,1206.0
7860,2026-07-06,1256.0
7860,2026-07-13,1275.0
7860,2026-07-20,1263.0
7860,2026-07-27,1320.0
7867,2025-08-04,3280.66
7867,2025-08-11,3452.91
7867,2025-08-18,3430.4
7867,2025-08-25,3314.91
7867,2025-09-01,3249.34
7867,2025-09-08,3159.3
7867,2025-09-15,3059.47
7867,2025-09-22,3183.76
7867,2025-09-29,3120.5
7867,2025-10-06,3272.72
7867,2025-10-13,3119.51
7867,2025-10-20,3114.57
7867,2025-10-27,3139.28
7867,2025-11-03,3177.83
7867,2025-11-10,2957.41
7867,2025-11-17,2887.23
7867,2025-11-24,2860.54
7867,2025-12-01,2739.46
7867,2025-12-08,2701.9
7867,2025-12-15,2688.55
7867,2025-12-22,2718.21
7867,2025-12-29,2725.62
7867,2026-01-05,2841.76
7867,2026-01-12,2843.25
7867,2026-01-19,2814.09
7867,2026-01-26,2693.5
7867,2026-02-02,2698.44
7867,2026-02-09,2762.69
7867,2026-02-16,2691.03
7867,2026-02-23,2840.77
7867,2026-03-02,2751.82
7867,2026-03-09,2767.63
7867,2026-03-16,2722.16
7867,2026-03-23,2736.0
7867,2026-03-30,2750.5
7867,2026-04-06,2708.0
7867,2026-04-13,2753.5
7867,2026-04-20,2610.0
7867,2026-04-27,2532.0
7867,2026-05-04,2630.0
7867,2026-05-11,2789.5
7867,2026-05-18,2983.0
7867,2026-05-25,3159.0
7867,2026-06-01,3063.0
7867,2026-06-08,2925.5
7867,2026-06-15,2925.5
7867,2026-06-22,3200.0
7867,2026-06-29,3259.0
7867,2026-07-06,3322.0
7867,2026-07-13,3531.0
7867,2026-07-20,3417.0
7867,2026-07-27,3627.0
7893,2025-08-04,1086.98
7893,2025-08-11,1071.57
7893,2025-08-18,1070.6
7893,2025-08-25,1061.93
7893,2025-09-01,1072.53
7893,2025-09-08,1096.62
7893,2025-09-15,1097.58
7893,2025-09-22,1125.53
7893,2025-09-29,1073.57
7893,2025-10-06,1071.61
7893,2025-10-13,1076.51
7893,2025-10-20,1089.25
7893,2025-10-27,1072.59
7893,2025-11-03,1061.8
7893,2025-11-10,1172.59
7893,2025-11-17,1188.28
7893,2025-11-24,1163.77
7893,2025-12-01,1128.47
7893,2025-12-08,1120.63
7893,2025-12-15,1129.45
7893,2025-12-22,1129.45
7893,2025-12-29,1123.57
7893,2026-01-05,1137.3
7893,2026-01-12,1142.2
7893,2026-01-19,1131.41
7893,2026-01-26,1134.35
7893,2026-02-02,1151.02
7893,2026-02-09,1161.81
7893,2026-02-16,1136.31
7893,2026-02-23,1158.86
7893,2026-03-02,1134.35
7893,2026-03-09,1098.08
7893,2026-03-16,1088.27
7893,2026-03-23,1102.0
7893,2026-03-30,1122.0
7893,2026-04-06,1126.0
7893,2026-04-13,1104.0
7893,2026-04-20,1061.0
7893,2026-04-27,1071.0
7893,2026-05-04,1068.0
7893,2026-05-11,1096.0
7893,2026-05-18,1072.0
7893,2026-05-25,1056.0
7893,2026-06-01,1046.0
7893,2026-06-08,1038.0
7893,2026-06-15,1066.0
7893,2026-06-22,1086.0
7893,2026-06-29,1101.0
7893,2026-07-06,1142.0
7893,2026-07-13,1161.0
7893,2026-07-20,1160.0
7893,2026-07-27,1185.0
7951,2025-08-04,961.97
7951,2025-08-11,932.4
7951,2025-08-18,974.85
7951,2025-08-25,953.97
7951,2025-09-01,975.63
7951,2025-09-08,990.95
7951,2025-09-15,972.22
7951,2025-09-22,983.14
7951,2025-09-29,997.97
7951,2025-10-06,1001.43
7951,2025-10-13,963.87
7951,2025-10-20,998.47
7951,2025-10-27,963.77
7951,2025-11-03,1028.12
7951,2025-11-10,1052.84
7951,2025-11-17,1051.85
7951,2025-11-24,1068.16
7951,2025-12-01,1054.32
7951,2025-12-08,1075.08
7951,2025-12-15,1073.6
7951,2025-12-22,1073.11
7951,2025-12-29,1080.03
7951,2026-01-05,1110.67
7951,2026-01-12,1162.08
7951,2026-01-19,1147.25
7951,2026-01-26,1105.73
7951,2026-02-02,1179.38
7951,2026-02-09,1176.91
7951,2026-02-16,1181.85
7951,2026-02-23,1197.17
7951,2026-03-02,1115.61
7951,2026-03-09,1096.83
7951,2026-03-16,1094.85
7951,2026-03-23,1125.5
7951,2026-03-30,1156.0
7951,2026-04-06,1200.5
7951,2026-04-13,1209.0
7951,2026-04-20,1117.5
7951,2026-04-27,1109.5
7951,2026-05-04,1116.5
7951,2026-05-11,1135.0
7951,2026-05-18,1123.0
7951,2026-05-25,1156.0
7951,2026-06-01,1097.0
7951,2026-06-08,1102.5
7951,2026-06-15,1115.0
7951,2026-06-22,1144.0
7951,2026-06-29,1163.5
7951,2026-07-06,1180.5
7951,2026-07-13,1226.0
7951,2026-07-20,1203.5
7951,2026-07-27,1243.5
7952,2025-08-04,2495.39
7952,2025-08-11,2466.38
7952,2025-08-18,2523.43
7952,2025-08-25,2495.39
7952,2025-09-01,2470.25
7952,2025-09-08,2548.56
7952,2025-09-15,2527.29
7952,2025-09-22,2555.33
7952,2025-09-29,2457.68
7952,2025-10-06,2513.76
7952,2025-10-13,2510.86
7952,2025-10-20,2517.62
7952,2025-10-27,2507.96
7952,2025-11-03,2494.42
7952,2025-11-10,2479.92
7952,2025-11-17,2380.33
7952,2025-11-24,2400.64
7952,2025-12-01,2377.43
7952,2025-12-08,2346.5
7952,2025-12-15,2528.26
7952,2025-12-22,2646.21
7952,2025-12-29,2654.91
7952,2026-01-05,2845.38
7952,2026-01-12,2818.31
7952,2026-01-19,2694.55
7952,2026-01-26,2612.37
7952,2026-02-02,2747.73
7952,2026-02-09,2855.05
7952,2026-02-16,2854.08
7952,2026-02-23,2875.35
7952,2026-03-02,2759.33
7952,2026-03-09,2687.79
7952,2026-03-16,2630.74
7952,2026-03-23,2769.0
7952,2026-03-30,3005.0
7952,2026-04-06,3030.0
7952,2026-04-13,3050.0
7952,2026-04-20,2786.0
7952,2026-04-27,2769.0
7952,2026-05-04,2740.0
7952,2026-05-11,3120.0
7952,2026-05-18,2950.0
7952,2026-05-25,3300.0
7952,2026-06-01,3140.0
7952,2026-06-08,3020.0
7952,2026-06-15,3295.0
7952,2026-06-22,3320.0
7952,2026-06-29,3265.0
7952,2026-07-06,3205.0
7952,2026-07-13,3205.0
7952,2026-07-20,3265.0
7952,2026-07-27,3480.0
7957,2025-08-04,1731.18
7957,2025-08-11,1493.74
7957,2025-08-18,1507.36
7957,2025-08-25,1469.41
7957,2025-09-01,1457.73
7957,2025-09-08,1463.57
7957,2025-09-15,1459.68
7957,2025-09-22,1486.92
7957,2025-09-29,1502.49
7957,2025-10-06,1488.87
7957,2025-10-13,1466.49
7957,2025-10-20,1485.95
7957,2025-10-27,1464.54
7957,2025-11-03,1420.75
7957,2025-11-10,1445.08
7957,2025-11-17,1440.22
7957,2025-11-24,1455.79
7957,2025-12-01,1465.52
7957,2025-12-08,1449.95
7957,2025-12-15,1430.48
7957,2025-12-22,1448.0
7957,2025-12-29,1473.0
7957,2026-01-05,1449.0
7957,2026-01-12,1445.0
7957,2026-01-19,1455.0
7957,2026-01-26,1444.0
7957,2026-02-02,1456.0
7957,2026-02-09,1470.0
7957,2026-02-16,1431.0
7957,2026-02-23,1489.0
7957,2026-03-02,1449.0
7957,2026-03-09,1459.0
7957,2026-03-16,1440.0
7957,2026-03-23,1410.0
7957,2026-03-30,1390.0
7957,2026-04-06,1393.0
7957,2026-04-13,1380.0
7957,2026-04-20,1416.0
7957,2026-04-27,1382.0
7957,2026-05-04,1387.0
7957,2026-05-11,1391.0
7957,2026-05-18,1629.0
7957,2026-05-25,1642.0
7957,2026-06-01,1658.0
7957,2026-06-08,1624.0
7957,2026-06-15,1625.0
7957,2026-06-22,1681.0
7957,2026-06-29,1785.0
7957,2026-07-06,1829.0
7957,2026-07-13,1853.0
7957,2026-07-20,1950.0
7957,2026-07-27,2110.0
7976,2025-08-04,2008.47
7976,2025-08-11,1977.18
7976,2025-08-18,2029.01
7976,2025-08-25,1937.09
7976,2025-09-01,2081.81
7976,2025-09-08,2124.83
7976,2025-09-15,2160.04
7976,2025-09-22,2176.66
7976,2025-09-29,2122.88
7976,2025-10-06,2131.68
7976,2025-10-13,2125.81
7976,2025-10-20,2110.17
7976,2025-10-27,2002.61
7976,2025-11-03,2087.68
7976,2025-11-10,2090.61
7976,2025-11-17,2079.85
7976,2025-11-24,2102.34
7976,2025-12-01,2087.68
7976,2025-12-08,2169.81
7976,2025-12-15,2129.72
7976,2025-12-22,2174.7
7976,2025-12-29,2153.93
7976,2026-01-05,2204.39
7976,2026-01-12,2284.53
7976,2026-01-19,2325.09
7976,2026-01-26,2265.73
7976,2026-02-02,2307.28
7976,2026-02-09,2157.88
7976,2026-02-16,2252.87
7976,2026-02-23,2426.01
7976,2026-03-02,2283.54
7976,2026-03-09,2289.47
7976,2026-03-16,2319.16
7976,2026-03-23,2384.46
7976,2026-03-30,2412.16
7976,2026-04-06,2436.9
7976,2026-04-13,2462.62
7976,2026-04-20,2342.9
7976,2026-04-27,2520.01
7976,2026-05-04,2494.28
7976,2026-05-11,2531.88
7976,2026-05-18,2572.44
7976,2026-05-25,2595.2
7976,2026-06-01,2461.63
7976,2026-06-08,2581.35
7976,2026-06-15,2521.98
7976,2026-06-22,2660.5
7976,2026-06-29,2690.0
7976,2026-07-06,2696.0
7976,2026-07-13,2688.0
7976,2026-07-20,2610.0
7976,2026-07-27,2771.0
7981,2025-08-04,2614.42
7981,2025-08-11,2573.2
7981,2025-08-18,2558.82
7981,2025-08-25,2537.73
7981,2025-09-01,2578.95
7981,2025-09-08,2546.36
7981,2025-09-15,2506.09
7981,2025-09-22,2577.99
7981,2025-09-29,2450.02
7981,2025-10-06,2421.69
7981,2025-10-13,2422.67
7981,2025-10-20,2497.89
7981,2025-10-27,2434.39
7981,2025-11-03,2493.98
7981,2025-11-10,2522.31
7981,2025-11-17,2638.56
7981,2025-11-24,2705.96
7981,2025-12-01,2696.2
7981,2025-12-08,2768.49
7981,2025-12-15,2853.47
7981,2025-12-22,2855.43
7981,2025-12-29,2848.59
7981,2026-01-05,2907.2
7981,2026-01-12,3003.91
7981,2026-01-19,2994.15
7981,2026-01-26,2877.9
7981,2026-02-02,2945.3
7981,2026-02-09,2910.13
7981,2026-02-16,2930.65
7981,2026-02-23,2969.72
7981,2026-03-02,2764.58
7981,2026-03-09,2736.25
7981,2026-03-16,2751.88
7981,2026-03-23,2789.0
7981,2026-03-30,2797.0
7981,2026-04-06,2932.0
7981,2026-04-13,2720.0
7981,2026-04-20,2648.0
7981,2026-04-27,3070.0
7981,2026-05-04,3050.0
7981,2026-05-11,2990.0
7981,2026-05-18,2912.0
7981,2026-05-25,2969.0
7981,2026-06-01,2967.0
7981,2026-06-08,2967.0
7981,2026-06-15,3030.0
7981,2026-06-22,3100.0
7981,2026-06-29,3095.0
7981,2026-07-06,3055.0
7981,2026-07-13,3055.0
7981,2026-07-20,3135.0
7981,2026-07-27,3020.0
7989,2025-08-04,1732.0
7989,2025-08-11,1729.13
7989,2025-08-18,1721.49
7989,2025-08-25,1732.95
7989,2025-09-01,1764.48
7989,2025-09-08,1810.34
7989,2025-09-15,1867.65
7989,2025-09-22,1884.85
7989,2025-09-29,1805.56
7989,2025-10-06,1786.45
7989,2025-10-13,1779.77
7989,2025-10-20,1838.99
7989,2025-10-27,1808.42
7989,2025-11-03,1863.83
7989,2025-11-10,1882.94
7989,2025-11-17,1888.67
7989,2025-11-24,1901.09
7989,2025-12-01,1843.77
7989,2025-12-08,1874.34
7989,2025-12-15,1860.97
7989,2025-12-22,1872.43
7989,2025-12-29,1936.15
7989,2026-01-05,1915.57
7989,2026-01-12,1957.72
7989,2026-01-19,1945.96
7989,2026-01-26,1894.0
7989,2026-02-02,1958.7
7989,2026-02-09,2468.47
7989,2026-02-16,2494.94
7989,2026-02-23,2573.37
7989,2026-03-02,2498.86
7989,2026-03-09,2492.98
7989,2026-03-16,2497.88
7989,2026-03-23,2531.21
7989,2026-03-30,2485.14
7989,2026-04-06,2563.56
7989,2026-04-13,2536.11
7989,2026-04-20,2535.13
7989,2026-04-27,2485.14
7989,2026-05-04,2447.89
7989,2026-05-11,2485.14
7989,2026-05-18,2422.4
7989,2026-05-25,2406.71
7989,2026-06-01,2413.57
7989,2026-06-08,2387.1
7989,2026-06-15,2444.94
7989,2026-06-22,2492.0
7989,2026-06-29,2540.0
7989,2026-07-06,2515.0
7989,2026-07-13,2532.0
7989,2026-07-20,2594.0
7989,2026-07-27,2635.0
8011,2025-08-04,3135.15
8011,2025-08-11,3043.64
8011,2025-08-18,3115.88
8011,2025-08-25,3092.11
8011,2025-09-01,3269.37
8011,2025-09-08,3377.69
8011,2025-09-15,3397.39
8011,2025-09-22,3471.24
8011,2025-09-29,3298.91
8011,2025-10-06,3185.66
8011,2025-10-13,3269.37
8011,2025-10-20,3392.46
8011,2025-10-27,3131.5
8011,2025-11-03,3175.82
8011,2025-11-10,3293.99
8011,2025-11-17,3412.16
8011,2025-11-24,3333.38
8011,2025-12-01,3550.02
8011,2025-12-08,3559.87
8011,2025-12-15,3766.67
8011,2025-12-22,3737.12
8011,2025-12-29,3830.68
8011,2026-01-05,4012.85
8011,2026-01-12,4155.64
8011,2026-01-19,4111.33
8011,2026-01-26,4318.13
8011,2026-02-02,4204.88
8011,2026-02-09,4549.54
8011,2026-02-16,4332.9
8011,2026-02-23,4335.0
8011,2026-03-02,4085.0
8011,2026-03-09,3985.0
8011,2026-03-16,3880.0
8011,2026-03-23,3975.0
8011,2026-03-30,4005.0
8011,2026-04-06,4015.0
8011,2026-04-13,4030.0
8011,2026-04-20,3825.0
8011,2026-04-27,3925.0
8011,2026-05-04,3680.0
8011,2026-05-11,3825.0
8011,2026-05-18,3710.0
8011,2026-05-25,3725.0
8011,2026-06-01,3660.0
8011,2026-06-08,3790.0
8011,2026-06-15,3990.0
8011,2026-06-22,3950.0
8011,2026-06-29,4375.0
8011,2026-07-06,4235.0
8011,2026-07-13,4190.0
8011,2026-07-20,4625.0
8011,2026-07-27,4900.0
8037,2025-08-04,2657.85
8037,2025-08-11,2751.4
8037,2025-08-18,2766.83
8037,2025-08-25,2740.79
8037,2025-09-01,2809.26
8037,2025-09-08,2816.97
8037,2025-09-15,2851.69
8037,2025-09-22,2922.09
8037,2025-09-29,2823.06
8037,2025-10-06,2775.99
8037,2025-10-13,2805.41
8037,2025-10-20,2966.22
8037,2025-10-27,2861.3
8037,2025-11-03,2927.0
8037,2025-11-10,2786.77
8037,2025-11-17,2756.38
8037,2025-11-24,2851.49
8037,2025-12-01,2786.77
8037,2025-12-08,2836.78
8037,2025-12-15,2951.51
8037,2025-12-22,2934.84
8037,2025-12-29,2961.32
8037,2026-01-05,3128.01
8037,2026-01-12,3240.78
8037,2026-01-19,3186.85
8037,2026-01-26,3020.15
8037,2026-02-02,3162.33
8037,2026-02-09,3196.65
8037,2026-02-16,3211.36
8037,2026-02-23,3329.03
8037,2026-03-02,3103.5
8037,2026-03-09,3010.34
8037,2026-03-16,3083.89
8037,2026-03-23,3280.0
8037,2026-03-30,3450.0
8037,2026-04-06,3425.0
8037,2026-04-13,3295.0
8037,2026-04-20,3185.0
8037,2026-04-27,3220.0
8037,2026-05-04,3345.0
8037,2026-05-11,3335.0
8037,2026-05-18,3565.0
8037,2026-05-25,3605.0
8037,2026-06-01,3440.0
8037,2026-06-08,3430.0
8037,2026-06-15,3490.0
8037,2026-06-22,3455.0
8037,2026-06-29,3545.0
8037,2026-07-06,3640.0
8037,2026-07-13,3630.0
8037,2026-07-20,3720.0
8037,2026-07-27,3895.0
8043,2025-08-04,1201.33
8043,2025-08-11,1153.93
8043,2025-08-18,1187.78
8043,2025-08-25,1155.86
8043,2025-09-01,1170.37
8043,2025-09-08,1170.37
8043,2025-09-15,1180.05
8043,2025-09-22,1200.36
8043,2025-09-29,1126.85
8043,2025-10-06,1111.37
8043,2025-10-13,1121.04
8043,2025-10-20,1145.22
8043,2025-10-27,1122.98
8043,2025-11-03,1136.52
8043,2025-11-10,1150.06
8043,2025-11-17,1172.31
8043,2025-11-24,1211.0
8043,2025-12-01,1157.8
8043,2025-12-08,1186.82
8043,2025-12-15,1226.47
8043,2025-12-22,1209.06
8043,2025-12-29,1213.9
8043,2026-01-05,1234.21
8043,2026-01-12,1276.77
8043,2026-01-19,1275.8
8043,2026-01-26,1276.77
8043,2026-02-02,1305.79
8043,2026-02-09,1309.66
8043,2026-02-16,1299.02
8043,2026-02-23,1329.97
8043,2026-03-02,1265.16
8043,2026-03-09,1224.54
8043,2026-03-16,1222.6
8043,2026-03-23,1270.0
8043,2026-03-30,1278.0
8043,2026-04-06,1241.0
8043,2026-04-13,1205.0
8043,2026-04-20,1135.0
8043,2026-04-27,1138.0
8043,2026-05-04,1118.0
8043,2026-05-11,1148.0
8043,2026-05-18,1127.0
8043,2026-05-25,1175.0
8043,2026-06-01,1150.0
8043,2026-06-08,1171.0
8043,2026-06-15,1186.0
8043,2026-06-22,1191.0
8043,2026-06-29,1232.0
8043,2026-07-06,1287.0
8043,2026-07-13,1291.0
8043,2026-07-20,1299.0
8043,2026-07-27,1347.0
8065,2025-08-04,1644.34
8065,2025-08-11,1608.72
8065,2025-08-18,1632.79
8065,2025-08-25,1665.52
8065,2025-09-01,1680.93
8065,2025-09-08,1669.37
8065,2025-09-15,1662.63
8065,2025-09-22,1874.43
8065,2025-09-29,1950.04
8065,2025-10-06,2014.84
8065,2025-10-13,2030.55
8065,2025-10-20,2116.96
8065,2025-10-27,2115.0
8065,2025-11-03,2049.21
8065,2025-11-10,2080.63
8065,2025-11-17,2138.56
8065,2025-11-24,2200.42
8065,2025-12-01,2106.16
8065,2025-12-08,2180.78
8065,2025-12-15,2166.06
8065,2025-12-22,2203.37
8065,2025-12-29,2212.2
8065,2026-01-05,2295.67
8065,2026-01-12,2360.47
8065,2026-01-19,2322.18
8065,2026-01-26,2303.52
8065,2026-02-02,2340.83
8065,2026-02-09,2392.87
8065,2026-02-16,2387.96
8065,2026-02-23,2464.55
8065,2026-03-02,2319.23
8065,2026-03-09,2284.86
8065,2026-03-16,2420.37
8065,2026-03-23,2386.0
8065,2026-03-30,2412.0
8065,2026-04-06,2471.0
8065,2026-04-13,2736.0
8065,2026-04-20,2712.0
8065,2026-04-27,2774.0
8065,2026-05-04,3125.0
8065,2026-05-11,3120.0
8065,2026-05-18,3095.0
8065,2026-05-25,3240.0
8065,2026-06-01,3295.0
8065,2026-06-08,3150.0
8065,2026-06-15,3165.0
8065,2026-06-22,2875.0
8065,2026-06-29,2879.0
8065,2026-07-06,2990.0
8065,2026-07-13,2979.0
8065,2026-07-20,3030.0
8065,2026-07-27,3250.0
8079,2025-08-04,4073.72
8079,2025-08-11,4083.54
8079,2025-08-18,4019.73
8079,2025-08-25,3985.38
8079,2025-09-01,4088.45
8079,2025-09-08,4152.25
8079,2025-09-15,4137.53
8079,2025-09-22,4211.15
8079,2025-09-29,4054.09
8079,2025-10-06,4054.09
8079,2025-10-13,4147.34
8079,2025-10-20,4176.79
8079,2025-10-27,3895.95
8079,2025-11-03,3871.23
8079,2025-11-10,3989.89
8079,2025-11-17,4034.39
8079,2025-11-24,4049.22
8079,2025-12-01,3935.5
8079,2025-12-08,3965.17
8079,2025-12-15,4004.72
8079,2025-12-22,4029.44
8079,2025-12-29,4014.61
8079,2026-01-05,4029.44
8079,2026-01-12,4103.6
8079,2026-01-19,4039.33
8079,2026-01-26,4024.5
8079,2026-02-02,4073.94
8079,2026-02-09,4103.6
8079,2026-02-16,3999.78
8079,2026-02-23,4073.94
8079,2026-03-02,3955.28
8079,2026-03-09,3940.45
8079,2026-03-16,4138.21
8079,2026-03-23,4192.6
8079,2026-03-30,4172.82
8079,2026-04-06,4202.48
8079,2026-04-13,4172.82
8079,2026-04-20,4103.6
8079,2026-04-27,4055.0
8079,2026-05-04,3980.0
8079,2026-05-11,4010.0
8079,2026-05-18,4020.0
8079,2026-05-25,4010.0
8079,2026-06-01,3940.0
8079,2026-06-08,4155.0
8079,2026-06-15,4220.0
8079,2026-06-22,4115.0
8079,2026-06-29,4090.0
8079,2026-07-06,4190.0
8079,2026-07-13,4350.0
8079,2026-07-20,4405.0
8079,2026-07-27,4415.0
8084,2025-08-04,2904.97
8084,2025-08-11,2938.52
8084,2025-08-18,2938.52
8084,2025-08-25,2952.91
8084,2025-09-01,3020.02
8084,2025-09-08,3053.57
8084,2025-09-15,3043.99
8084,2025-09-22,3053.57
8084,2025-09-29,2987.94
8084,2025-10-06,2914.46
8084,2025-10-13,2958.55
8084,2025-10-20,3046.72
8084,2025-10-27,3134.88
8084,2025-11-03,2978.14
8084,2025-11-10,3090.8
8084,2025-11-17,3134.88
8084,2025-11-24,3208.36
8084,2025-12-01,3257.34
8084,2025-12-08,3409.19
8084,2025-12-15,3423.88
8084,2025-12-22,3477.76
8084,2025-12-29,3536.54
8084,2026-01-05,3551.24
8084,2026-01-12,3712.88
8084,2026-01-19,3761.86
8084,2026-01-26,3605.12
8084,2026-02-02,3531.64
8084,2026-02-09,3590.42
8084,2026-02-16,3477.76
8084,2026-02-23,3644.3
8084,2026-03-02,3399.39
8084,2026-03-09,3262.24
8084,2026-03-16,3286.73
8084,2026-03-23,3370.0
8084,2026-03-30,3340.0
8084,2026-04-06,3310.0
8084,2026-04-13,3500.0
8084,2026-04-20,3425.0
8084,2026-04-27,3545.0
8084,2026-05-04,3550.0
8084,2026-05-11,3575.0
8084,2026-05-18,3680.0
8084,2026-05-25,3790.0
8084,2026-06-01,3980.0
8084,2026-06-08,3930.0
8084,2026-06-15,3895.0
8084,2026-06-22,3925.0
8084,2026-06-29,4010.0
8084,2026-07-06,3920.0
8084,2026-07-13,3790.0
8084,2026-07-20,3870.0
8084,2026-07-27,4360.0
8133,2025-08-04,2014.84
8133,2025-08-11,1915.16
8133,2025-08-18,1873.55
8133,2025-08-25,1873.55
8133,2025-09-01,1902.58
8133,2025-09-08,1918.07
8133,2025-09-15,1919.03
8133,2025-09-22,1985.81
8133,2025-09-29,1930.78
8133,2025-10-06,1860.04
8133,2025-10-13,1862.0
8133,2025-10-20,1892.46
8133,2025-10-27,1789.29
8133,2025-11-03,1786.34
8133,2025-11-10,1815.82
8133,2025-11-17,1828.59
8133,2025-11-24,1862.98
8133,2025-12-01,1739.18
8133,2025-12-08,1802.06
8133,2025-12-15,1858.07
8133,2025-12-22,1867.9
8133,2025-12-29,1864.95
8133,2026-01-05,1922.92
8133,2026-01-12,1989.74
8133,2026-01-19,2008.41
8133,2026-01-26,1878.71
8133,2026-02-02,1888.53
8133,2026-02-09,1913.1
8133,2026-02-16,1928.82
8133,2026-02-23,2048.69
8133,2026-03-02,1970.09
8133,2026-03-09,1933.73
8133,2026-03-16,1929.8
8133,2026-03-23,1975.0
8133,2026-03-30,2039.0
8133,2026-04-06,2004.0
8133,2026-04-13,1983.0
8133,2026-04-20,1887.0
8133,2026-04-27,1957.0
8133,2026-05-04,2021.0
8133,2026-05-11,2049.0
8133,2026-05-18,1979.0
8133,2026-05-25,1952.0
8133,2026-06-01,1950.0
8133,2026-06-08,2000.0
8133,2026-06-15,1982.0
8133,2026-06-22,2017.0
8133,2026-06-29,2022.0
8133,2026-07-06,2039.0
8133,2026-07-13,2053.0
8133,2026-07-20,2070.0
8133,2026-07-27,2170.0
8142,2025-08-04,1135.91
8142,2025-08-11,1124.71
8142,2025-08-18,1155.11
8142,2025-08-25,1132.71
8142,2025-09-01,1148.71
8142,2025-09-08,1086.32
8142,2025-09-15,1089.52
8142,2025-09-22,1116.72
8142,2025-09-29,1055.92
8142,2025-10-06,1065.52
8142,2025-10-13,1052.72
8142,2025-10-20,1084.72
8142,2025-10-27,1062.32
8142,2025-11-03,1059.12
8142,2025-11-10,1078.32
8142,2025-11-17,1108.72
8142,2025-11-24,1126.31
8142,2025-12-01,1100.72
8142,2025-12-08,1214.31
8142,2025-12-15,1219.11
8142,2025-12-22,1239.91
8142,2025-12-29,1247.91
8142,2026-01-05,1263.9
8142,2026-01-12,1265.5
8142,2026-01-19,1276.7
8142,2026-01-26,1251.0
8142,2026-02-02,1256.87
8142,2026-02-09,1314.63
8142,2026-02-16,1286.24
8142,2026-02-23,1326.37
8142,2026-03-02,1294.07
8142,2026-03-09,1283.3
8142,2026-03-16,1294.07
8142,2026-03-23,1321.48
8142,2026-03-30,1330.29
8142,2026-04-06,1316.58
8142,2026-04-13,1343.01
8142,2026-04-20,1330.29
8142,2026-04-27,1348.89
8142,2026-05-04,1344.97
8142,2026-05-11,1297.99
8142,2026-05-18,1302.88
8142,2026-05-25,1297.01
8142,2026-06-01,1254.92
8142,2026-06-08,1275.47
8142,2026-06-15,1275.47
8142,2026-06-22,1322.46
8142,2026-06-29,1334.2
8142,2026-07-06,1312.67
8142,2026-07-13,1333.23
8142,2026-07-20,1338.12
8142,2026-07-27,1355.0
8157,2025-08-04,3160.72
8157,2025-08-11,3069.03
8157,2025-08-18,3131.77
8157,2025-08-25,3083.51
8157,2025-09-01,3049.73
8157,2025-09-08,3160.72
8157,2025-09-15,3223.45
8157,2025-09-22,3377.87
8157,2025-09-29,3142.89
8157,2025-10-06,3005.81
8157,2025-10-13,2981.34
8157,2025-10-20,3206.53
8157,2025-10-27,3093.93
8157,2025-11-03,2976.44
8157,2025-11-10,3137.99
8157,2025-11-17,3186.95
8157,2025-11-24,3177.15
8157,2025-12-01,3049.87
8157,2025-12-08,3108.62
8157,2025-12-15,3201.63
8157,2025-12-22,3417.03
8157,2025-12-29,3412.14
8157,2026-01-05,3392.55
8157,2026-01-12,3519.84
8157,2026-01-19,3485.57
8157,2026-01-26,3563.9
8157,2026-02-02,3617.75
8157,2026-02-09,3656.91
8157,2026-02-16,3901.68
8157,2026-02-23,4087.71
8157,2026-03-02,3842.94
8157,2026-03-09,3583.48
8157,2026-03-16,3539.42
8157,2026-03-23,3559.0
8157,2026-03-30,3540.0
8157,2026-04-06,3510.0
8157,2026-04-13,3560.0
8157,2026-04-20,3490.0
8157,2026-04-27,3460.0
8157,2026-05-04,3630.0
8157,2026-05-11,3950.0
8157,2026-05-18,4140.0
8157,2026-05-25,4090.0
8157,2026-06-01,4065.0
8157,2026-06-08,3930.0
8157,2026-06-15,4030.0
8157,2026-06-22,3930.0
8157,2026-06-29,3955.0
8157,2026-07-06,4055.0
8157,2026-07-13,3895.0
8157,2026-07-20,3995.0
8157,2026-07-27,3820.0
8159,2025-08-04,2780.83
8159,2025-08-11,2749.9
8159,2025-08-18,2904.56
8159,2025-08-25,2818.53
8159,2025-09-01,2899.72
8159,2025-09-08,2889.09
8159,2025-09-15,2849.46
8159,2025-09-22,2870.73
8159,2025-09-29,2769.46
8159,2025-10-06,2679.02
8159,2025-10-13,2678.03
8159,2025-10-20,2813.7
8159,2025-10-27,2787.16
8159,2025-11-03,2765.53
8159,2025-11-10,2823.54
8159,2025-11-17,2873.68
8159,2025-11-24,2926.76
8159,2025-12-01,2921.85
8159,2025-12-08,2978.87
8159,2025-12-15,3013.28
8159,2025-12-22,2998.53
8159,2025-12-29,3023.11
8159,2026-01-05,3131.25
8159,2026-01-12,3101.76
8159,2026-01-19,3067.35
8159,2026-01-26,2993.62
8159,2026-02-02,3072.27
8159,2026-02-09,3234.48
8159,2026-02-16,3327.88
8159,2026-02-23,3347.54
8159,2026-03-02,3018.19
8159,2026-03-09,2847.13
8159,2026-03-16,2822.55
8159,2026-03-23,2913.0
8159,2026-03-30,2915.0
8159,2026-04-06,2918.0
8159,2026-04-13,2921.0
8159,2026-04-20,2831.0
8159,2026-04-27,2885.0
8159,2026-05-04,3020.0
8159,2026-05-11,3085.0
8159,2026-05-18,3020.0
8159,2026-05-25,3205.0
8159,2026-06-01,3280.0
8159,2026-06-08,3040.0
8159,2026-06-15,3095.0
8159,2026-06-22,3185.0
8159,2026-06-29,3380.0
8159,2026-07-06,3365.0
8159,2026-07-13,3205.0
8159,2026-07-20,3365.0
8159,2026-07-27,3460.0
8163,2025-08-04,1294.92
8163,2025-08-11,1286.98
8163,2025-08-18,1283.01
8163,2025-08-25,1279.04
8163,2025-09-01,1277.05
8163,2025-09-08,1257.21
8163,2025-09-15,1258.2
8163,2025-09-22,1283.01
8163,2025-09-29,1198.66
8163,2025-10-06,1183.78
8163,2025-10-13,1193.7
8163,2025-10-20,1156.0
8163,2025-10-27,1138.14
8163,2025-11-03,1156.99
8163,2025-11-10,1183.78
8163,2025-11-17,1210.57
8163,2025-11-24,1208.59
8163,2025-12-01,1197.67
8163,2025-12-08,1194.7
8163,2025-12-15,1203.63
8163,2025-12-22,1208.59
8163,2025-12-29,1199.66
8163,2026-01-05,1225.46
8163,2026-01-12,1250.26
8163,2026-01-19,1226.45
8163,2026-01-26,1235.38
8163,2026-02-02,1274.08
8163,2026-02-09,1256.22
8163,2026-02-16,1241.33
8163,2026-02-23,1260.19
8163,2026-03-02,1241.33
8163,2026-03-09,1233.39
8163,2026-03-16,1252.25
8163,2026-03-23,1284.0
8163,2026-03-30,1258.0
8163,2026-04-06,1231.0
8163,2026-04-13,1206.0
8163,2026-04-20,1169.0
8163,2026-04-27,1196.0
8163,2026-05-04,1198.0
8163,2026-05-11,1190.0
8163,2026-05-18,1178.0
8163,2026-05-25,1169.0
8163,2026-06-01,1155.0
8163,2026-06-08,1187.0
8163,2026-06-15,1200.0
8163,2026-06-22,1223.0
8163,2026-06-29,1242.0
8163,2026-07-06,1264.0
8163,2026-07-13,1293.0
8163,2026-07-20,1328.0
8163,2026-07-27,1434.0
8200,2025-08-04,2314.93
8200,2025-08-11,2287.09
8200,2025-08-18,2318.91
8200,2025-08-25,2254.07
8200,2025-09-01,2256.06
8200,2025-09-08,2299.93
8200,2025-09-15,2280.99
8200,2025-09-22,2364.73
8200,2025-09-29,2251.08
8200,2025-10-06,2249.09
8200,2025-10-13,2312.89
8200,2025-10-20,2218.18
8200,2025-10-27,2216.19
8200,2025-11-03,2213.2
8200,2025-11-10,2251.08
8200,2025-11-17,2281.98
8200,2025-11-24,2327.84
8200,2025-12-01,2273.01
8200,2025-12-08,2287.97
8200,2025-12-15,2292.95
8200,2025-12-22,2302.92
8200,2025-12-29,2281.98
8200,2026-01-05,2303.92
8200,2026-01-12,2242.11
8200,2026-01-19,2246.09
8200,2026-01-26,2247.09
8200,2026-02-02,2256.06
8200,2026-02-09,2297.94
8200,2026-02-16,2265.04
8200,2026-02-23,2248.0
8200,2026-03-02,2218.0
8200,2026-03-09,2200.0
8200,2026-03-16,2238.0
8200,2026-03-23,2282.0
8200,2026-03-30,2308.0
8200,2026-04-06,2276.0
8200,2026-04-13,2236.0
8200,2026-04-20,2202.0
8200,2026-04-27,2219.0
8200,2026-05-04,2195.0
8200,2026-05-11,2152.0
8200,2026-05-18,2135.0
8200,2026-05-25,2098.0
8200,2026-06-01,2030.0
8200,2026-06-08,2115.0
8200,2026-06-15,2081.0
8200,2026-06-22,2154.0
8200,2026-06-29,2181.0
8200,2026-07-06,2201.0
8200,2026-07-13,2302.0
8200,2026-07-20,2294.0
8200,2026-07-27,2341.0
8218,2025-08-04,3163.0
8218,2025-08-11,3133.49
8218,2025-08-18,3202.36
8218,2025-08-25,3276.14
8218,2025-09-01,3266.31
8218,2025-09-08,3315.5
8218,2025-09-15,3256.47
8218,2025-09-22,3281.06
8218,2025-09-29,3065.76
8218,2025-10-06,3050.88
8218,2025-10-13,3080.65
8218,2025-10-20,3135.22
8218,2025-10-27,3184.82
8218,2025-11-03,3184.82
8218,2025-11-10,3234.43
8218,2025-11-17,3348.53
8218,2025-11-24,3467.59
8218,2025-12-01,3358.45
8218,2025-12-08,3403.1
8218,2025-12-15,3457.67
8218,2025-12-22,3442.78
8218,2025-12-29,3393.18
8218,2026-01-05,3442.78
8218,2026-01-12,3497.35
8218,2026-01-19,3497.35
8218,2026-01-26,3274.12
8218,2026-02-02,3363.41
8218,2026-02-09,3507.27
8218,2026-02-16,3576.73
8218,2026-02-23,3636.25
8218,2026-03-02,3373.33
8218,2026-03-09,3427.9
8218,2026-03-16,3457.67
8218,2026-03-23,3542.0
8218,2026-03-30,3650.0
8218,2026-04-06,3690.0
8218,2026-04-13,3610.0
8218,2026-04-20,3445.0
8218,2026-04-27,3345.0
8218,2026-05-04,3375.0
8218,2026-05-11,3505.0
8218,2026-05-18,3500.0
8218,2026-05-25,3465.0
8218,2026-06-01,3485.0
8218,2026-06-08,3555.0
8218,2026-06-15,3515.0
8218,2026-06-22,3560.0
8218,2026-06-29,3475.0
8218,2026-07-06,3460.0
8218,2026-07-13,3525.0
8218,2026-07-20,3495.0
8218,2026-07-27,3860.0
8242,2025-08-04,2037.36
8242,2025-08-11,2054.52
8242,2025-08-18,2073.64
8242,2025-08-25,2043.73
8242,2025-09-01,2188.38
8242,2025-09-08,2203.09
8242,2025-09-15,2186.91
8242,2025-09-22,2227.12
8242,2025-09-29,2122.64
8242,2025-10-06,2011.73
8242,2025-10-13,2042.43
8242,2025-10-20,2068.18
8242,2025-10-27,2068.18
8242,2025-11-03,2081.55
8242,2025-11-10,2144.43
8242,2025-11-17,2127.1
8242,2025-11-24,2152.85
8242,2025-12-01,2063.23
8242,2025-12-08,2064.22
8242,2025-12-15,2097.39
8242,2025-12-22,2042.93
8242,2025-12-29,2034.51
8242,2026-01-05,2089.47
8242,2026-01-12,2117.2
8242,2026-01-19,2166.71
8242,2026-01-26,2091.45
8242,2026-02-02,2310.3
8242,2026-02-09,2422.2
8242,2026-02-16,2463.79
8242,2026-02-23,2427.65
8242,2026-03-02,2295.44
8242,2026-03-09,2250.39
8242,2026-03-16,2290.49
8242,2026-03-23,2442.5
8242,2026-03-30,2563.5
8242,2026-04-06,2547.5
8242,2026-04-13,2475.0
8242,2026-04-20,2318.5
8242,2026-04-27,2274.0
8242,2026-05-04,2316.0
8242,2026-05-11,2517.0
8242,2026-05-18,2574.5
8242,2026-05-25,2496.0
8242,2026-06-01,2529.5
8242,2026-06-08,2627.0
8242,2026-06-15,2574.0
8242,2026-06-22,2871.5
8242,2026-06-29,2870.0
8242,2026-07-06,2797.0
8242,2026-07-13,2838.5
8242,2026-07-20,2763.5
8242,2026-07-27,2863.5
8283,2025-08-04,4337.66
8283,2025-08-11,4292.81
8283,2025-08-18,4516.08
8283,2025-08-25,4417.6
8283,2025-09-01,4549.22
8283,2025-09-08,4597.0
8283,2025-09-15,4542.4
8283,2025-09-22,4617.47
8283,2025-09-29,4532.6
8283,2025-10-06,4465.5
8283,2025-10-13,4496.09
8283,2025-10-20,4631.29
8283,2025-10-27,4488.2
8283,2025-11-03,4388.52
8283,2025-11-10,4491.16
8283,2025-11-17,4633.26
8283,2025-11-24,4638.2
8283,2025-12-01,4595.76
8283,2025-12-08,4730.96
8283,2025-12-15,4797.08
8283,2025-12-22,4751.68
8283,2025-12-29,4760.57
8283,2026-01-05,4866.16
8283,2026-01-12,4882.94
8283,2026-01-19,4953.0
8283,2026-01-26,4770.43
8283,2026-02-02,4905.63
8283,2026-02-09,4800.04
8283,2026-02-16,4850.37
8283,2026-02-23,4991.49
8283,2026-03-02,4730.96
8283,2026-03-09,4565.17
8283,2026-03-16,4571.09
8283,2026-03-23,4728.0
8283,2026-03-30,4937.0
8283,2026-04-06,4773.0
8283,2026-04-13,4667.0
8283,2026-04-20,4612.0
8283,2026-04-27,4645.0
8283,2026-05-04,4659.0
8283,2026-05-11,6631.0
8283,2026-05-18,6630.0
8283,2026-05-25,6630.0
8283,2026-06-01,6632.0
8283,2026-06-08,6637.0
8283,2026-06-15,6639.0
8283,2026-06-22,6638.0
8283,2026-06-29,6642.0
8283,2026-07-06,6646.0
8283,2026-07-13,6607.0
8283,2026-07-20,6620.0
8283,2026-07-27,6620.0
8304,2025-08-04,2220.64
8304,2025-08-11,2319.91
8304,2025-08-18,2286.66
8304,2025-08-25,2208.11
8304,2025-09-01,2187.87
8304,2025-09-08,2205.22
8304,2025-09-15,2274.61
8304,2025-09-22,2304.01
8304,2025-09-29,2286.5
8304,2025-10-06,2201.38
8304,2025-10-13,2144.96
8304,2025-10-20,2174.14
8304,2025-10-27,2145.44
8304,2025-11-03,2178.03
8304,2025-11-10,2374.53
8304,2025-11-17,2245.15
8304,2025-11-24,2349.24
8304,2025-12-01,2333.68
8304,2025-12-08,2297.2
8304,2025-12-15,2413.93
8304,2025-12-22,2432.41
8304,2025-12-29,2462.35
8304,2026-01-05,2521.23
8304,2026-01-12,2588.95
8304,2026-01-19,2479.52
8304,2026-01-26,2455.48
8304,2026-02-02,2743.52
8304,2026-02-09,2761.18
8304,2026-02-16,2823.99
8304,2026-02-23,2772.47
8304,2026-03-02,2549.2
8304,2026-03-09,2441.74
8304,2026-03-16,2438.3
8304,2026-03-23,2579.13
8304,2026-03-30,2616.78
8304,2026-04-06,2662.36
8304,2026-04-13,2638.09
8304,2026-04-20,2600.93
8304,2026-04-27,2502.84
8304,2026-05-04,2576.66
8304,2026-05-11,2695.06
8304,2026-05-18,2767.89
8304,2026-05-25,2646.01
8304,2026-06-01,2598.45
8304,2026-06-08,2719.33
8304,2026-06-15,2765.41
8304,2026-06-22,2701.5
8304,2026-06-29,2830.0
8304,2026-07-06,2907.5
8304,2026-07-13,2883.0
8304,2026-07-20,3034.0
8304,2026-07-27,3038.0
8306,2025-08-04,2058.96
8306,2025-08-11,2295.36
8306,2025-08-18,2215.11
8306,2025-08-25,2184.17
8306,2025-09-01,2193.35
8306,2025-09-08,2213.17
8306,2025-09-15,2263.93
8306,2025-09-22,2315.18
8306,2025-09-29,2269.55
8306,2025-10-06,2242.08
8306,2025-10-13,2190.56
8306,2025-10-20,2192.04
8306,2025-10-27,2286.23
8306,2025-11-03,2271.02
8306,2025-11-10,2404.96
8306,2025-11-17,2340.2
8306,2025-11-24,2377.98
8306,2025-12-01,2481.98
8306,2025-12-08,2452.06
8306,2025-12-15,2403.49
8306,2025-12-22,2438.81
8306,2025-12-29,2446.17
8306,2026-01-05,2592.37
8306,2026-01-12,2933.83
8306,2026-01-19,2782.24
8306,2026-01-26,2751.82
8306,2026-02-02,2896.06
8306,2026-02-09,2946.59
8306,2026-02-16,2886.74
8306,2026-02-23,2912.74
8306,2026-03-02,2707.66
8306,2026-03-09,2606.11
8306,2026-03-16,2635.54
8306,2026-03-23,2664.0
8306,2026-03-30,2761.5
8306,2026-04-06,2842.0
8306,2026-04-13,2870.0
8306,2026-04-20,2755.5
8306,2026-04-27,2798.0
8306,2026-05-04,2806.5
8306,2026-05-11,2929.0
8306,2026-05-18,3091.0
8306,2026-05-25,2999.0
8306,2026-06-01,3219.0
8306,2026-06-08,3162.0
8306,2026-06-15,3278.0
8306,2026-06-22,3245.0
8306,2026-06-29,3326.0
8306,2026-07-06,3461.0
8306,2026-07-13,3473.0
8306,2026-07-20,3754.0
8306,2026-07-27,3571.0
8309,2025-08-04,973.1
8309,2025-08-11,1033.44
8309,2025-08-18,1038.25
8309,2025-08-25,1014.21
8309,2025-09-01,1021.66
8309,2025-09-08,1031.03
8309,2025-09-15,1029.83
8309,2025-09-22,1052.19
8309,2025-09-29,1013.99
8309,2025-10-06,1010.56
8309,2025-10-13,989.99
8309,2025-10-20,1008.85
8309,2025-10-27,1036.03
8309,2025-11-03,1035.54
8309,2025-11-10,1068.84
8309,2025-11-17,1073.98
8309,2025-11-24,1107.04
8309,2025-12-01,1113.9
8309,2025-12-08,1146.22
8309,2025-12-15,1151.36
8309,2025-12-22,1160.91
8309,2025-12-29,1169.72
8309,2026-01-05,1212.82
8309,2026-01-12,1261.3
8309,2026-01-19,1235.59
8309,2026-01-26,1253.22
8309,2026-02-02,1324.48
8309,2026-02-09,1405.53
8309,2026-02-16,1342.85
8309,2026-02-23,1342.6
8309,2026-03-02,1270.85
8309,2026-03-09,1212.58
8309,2026-03-16,1233.39
8309,2026-03-23,1252.0
8309,2026-03-30,1280.75
8309,2026-04-06,1334.0
8309,2026-04-13,1344.0
8309,2026-04-20,1280.0
8309,2026-04-27,1332.0
8309,2026-05-04,1351.5
8309,2026-05-11,1405.75
8309,2026-05-18,1403.5
8309,2026-05-25,1368.5
8309,2026-06-01,1457.0
8309,2026-06-08,1490.25
8309,2026-06-15,1515.75
8309,2026-06-22,1493.0
8309,2026-06-29,1581.5
8309,2026-07-06,1639.5
8309,2026-07-13,1612.5
8309,2026-07-20,1703.0
8309,2026-07-27,1654.0
8316,2025-08-04,3723.28
8316,2025-08-11,4123.55
8316,2025-08-18,3990.13
8316,2025-08-25,3913.75
8316,2025-09-01,3948.55
8316,2025-09-08,3964.02
8316,2025-09-15,4009.46
8316,2025-09-22,4102.28
8316,2025-09-29,3987.04
8316,2025-10-06,3930.9
8316,2025-10-13,3841.27
8316,2025-10-20,3972.27
8316,2025-10-27,4100.31
8316,2025-11-03,4099.32
8316,2025-11-10,4264.79
8316,2025-11-17,4382.0
8316,2025-11-24,4627.25
8316,2025-12-01,4874.47
8316,2025-12-08,4898.11
8316,2025-12-15,4944.4
8316,2025-12-22,5024.18
8316,2025-12-29,4965.09
8316,2026-01-05,5173.89
8316,2026-01-12,5541.28
8316,2026-01-19,5457.56
8316,2026-01-26,5389.6
8316,2026-02-02,5821.0
8316,2026-02-09,5970.71
8316,2026-02-16,5873.2
8316,2026-02-23,5906.69
8316,2026-03-02,5341.33
8316,2026-03-09,5031.08
8316,2026-03-16,5078.35
8316,2026-03-23,5167.0
8316,2026-03-30,5373.0
8316,2026-04-06,5536.0
8316,2026-04-13,5598.0
8316,2026-04-20,5347.0
8316,2026-04-27,5541.0
8316,2026-05-04,5546.0
8316,2026-05-11,5702.0
8316,2026-05-18,6006.0
8316,2026-05-25,5819.0
8316,2026-06-01,6230.0
8316,2026-06-08,6406.0
8316,2026-06-15,6482.0
8316,2026-06-22,6391.0
8316,2026-06-29,6672.0
8316,2026-07-06,6814.0
8316,2026-07-13,6721.0
8316,2026-07-20,7161.0
8316,2026-07-27,6814.0
8331,2025-08-04,1420.77
8331,2025-08-11,1509.2
8331,2025-08-18,1483.94
8331,2025-08-25,1481.51
8331,2025-09-01,1478.1
8331,2025-09-08,1484.42
8331,2025-09-15,1479.56
8331,2025-09-22,1559.25
8331,2025-09-29,1495.62
8331,2025-10-06,1467.5
8331,2025-10-13,1410.28
8331,2025-10-20,1459.11
8331,2025-10-27,1485.26
8331,2025-11-03,1476.38
8331,2025-11-10,1540.01
8331,2025-11-17,1561.22
8331,2025-11-24,1622.39
8331,2025-12-01,1669.74
8331,2025-12-08,1686.52
8331,2025-12-15,1719.56
8331,2025-12-22,1743.74
8331,2025-12-29,1724.5
8331,2026-01-05,1861.63
8331,2026-01-12,2039.21
8331,2026-01-19,2022.44
8331,2026-01-26,2055.98
8331,2026-02-02,2303.6
8331,2026-02-09,2362.8
8331,2026-02-16,2351.45
8331,2026-02-23,2295.71
8331,2026-03-02,2088.04
8331,2026-03-09,2008.63
8331,2026-03-16,1976.56
8331,2026-03-23,2054.5
8331,2026-03-30,2138.0
8331,2026-04-06,2212.5
8331,2026-04-13,2189.0
8331,2026-04-20,2029.0
8331,2026-04-27,2154.0
8331,2026-05-04,2154.5
8331,2026-05-11,2280.0
8331,2026-05-18,2378.5
8331,2026-05-25,2326.0
8331,2026-06-01,2380.5
8331,2026-06-08,2430.5
8331,2026-06-15,2491.0
8331,2026-06-22,2464.0
8331,2026-06-29,2665.0
8331,2026-07-06,2753.5
8331,2026-07-13,2536.0
8331,2026-07-20,2755.5
8331,2026-07-27,2627.0
8334,2025-08-04,1394.66
8334,2025-08-11,1464.4
8334,2025-08-18,1525.41
8334,2025-08-25,1503.62
8334,2025-09-01,1521.05
8334,2025-09-08,1562.7
8334,2025-09-15,1514.76
8334,2025-09-22,1640.67
8334,2025-09-29,1580.52
8334,2025-10-06,1547.98
8334,2025-10-13,1503.12
8334,2025-10-20,1561.79
8334,2025-10-27,1578.55
8334,2025-11-03,1576.58
8334,2025-11-10,1613.06
8334,2025-11-17,1622.92
8334,2025-11-24,1710.18
8334,2025-12-01,1710.67
8334,2025-12-08,1701.8
8334,2025-12-15,1746.17
8334,2025-12-22,1701.8
8334,2025-12-29,1703.28
8334,2026-01-05,1786.1
8334,2026-01-12,1909.84
8334,2026-01-19,1922.16
8334,2026-01-26,1912.3
8334,2026-02-02,2142.53
8334,2026-02-09,2199.72
8334,2026-02-16,2174.57
8334,2026-02-23,2230.28
8334,2026-03-02,2104.08
8334,2026-03-09,2071.05
8334,2026-03-16,2095.2
8334,2026-03-23,2250.0
8334,2026-03-30,2231.5
8334,2026-04-06,2269.0
8334,2026-04-13,2214.0
8334,2026-04-20,2030.0
8334,2026-04-27,2157.0
8334,2026-05-04,2164.0
8334,2026-05-11,2232.0
8334,2026-05-18,2316.0
8334,2026-05-25,2260.0
8334,2026-06-01,2262.5
8334,2026-06-08,2343.5
8334,2026-06-15,2316.5
8334,2026-06-22,2334.0
8334,2026-06-29,2419.0
8334,2026-07-06,2492.5
8334,2026-07-13,2436.5
8334,2026-07-20,2609.0
8334,2026-07-27,2538.5
8336,2025-08-04,1217.93
8336,2025-08-11,1246.93
8336,2025-08-18,1263.04
8336,2025-08-25,1245.32
8336,2025-09-01,1243.7
8336,2025-09-08,1274.31
8336,2025-09-15,1263.04
8336,2025-09-22,1317.81
8336,2025-09-29,1316.17
8336,2025-10-06,1299.74
8336,2025-10-13,1296.45
8336,2025-10-20,1317.81
8336,2025-10-27,1363.82
8336,2025-11-03,1404.9
8336,2025-11-10,1449.26
8336,2025-11-17,1459.12
8336,2025-11-24,1534.71
8336,2025-12-01,1534.71
8336,2025-12-08,1524.85
8336,2025-12-15,1569.21
8336,2025-12-22,1575.79
8336,2025-12-29,1597.15
8336,2026-01-05,1685.88
8336,2026-01-12,1814.04
8336,2026-01-19,1846.91
8336,2026-01-26,1807.47
8336,2026-02-02,1968.5
8336,2026-02-09,2014.51
8336,2026-02-16,2083.52
8336,2026-02-23,2142.68
8336,2026-03-02,2014.51
8336,2026-03-09,1945.5
8336,2026-03-16,2060.52
8336,2026-03-23,2096.67
8336,2026-03-30,2194.0
8336,2026-04-06,2408.0
8336,2026-04-13,2381.0
8336,2026-04-20,2333.0
8336,2026-04-27,2388.0
8336,2026-05-04,2390.0
8336,2026-05-11,2438.0
8336,2026-05-18,2497.0
8336,2026-05-25,2423.0
8336,2026-06-01,2431.0
8336,2026-06-08,2513.0
8336,2026-06-15,2432.0
8336,2026-06-22,2519.0
8336,2026-06-29,2584.0
8336,2026-07-06,2621.0
8336,2026-07-13,2523.0
8336,2026-07-20,2741.0
8336,2026-07-27,2577.0
8337,2025-08-04,1469.69
8337,2025-08-11,1556.26
8337,2025-08-18,1541.33
8337,2025-08-25,1507.5
8337,2025-09-01,1552.28
8337,2025-09-08,1619.94
8337,2025-09-15,1584.12
8337,2025-09-22,1753.28
8337,2025-09-29,1582.13
8337,2025-10-06,1602.03
8337,2025-10-13,1560.24
8337,2025-10-20,1645.81
8337,2025-10-27,1601.03
8337,2025-11-03,1528.4
8337,2025-11-10,1516.46
8337,2025-11-17,1537.35
8337,2025-11-24,1636.86
8337,2025-12-01,1614.97
8337,2025-12-08,1661.73
8337,2025-12-15,1706.51
8337,2025-12-22,1686.61
8337,2025-12-29,1681.63
8337,2026-01-05,1787.11
8337,2026-01-12,1885.62
8337,2026-01-19,1929.4
8337,2026-01-26,1972.19
8337,2026-02-02,2189.11
8337,2026-02-09,2361.25
8337,2026-02-16,2374.19
8337,2026-02-23,2441.85
8337,2026-03-02,2158.26
8337,2026-03-09,2027.91
8337,2026-03-16,2026.92
8337,2026-03-23,2010.0
8337,2026-03-30,2117.0
8337,2026-04-06,2163.0
8337,2026-04-13,2169.0
8337,2026-04-20,1990.0
8337,2026-04-27,2124.0
8337,2026-05-04,2147.0
8337,2026-05-11,2246.0
8337,2026-05-18,2288.0
8337,2026-05-25,2277.0
8337,2026-06-01,2353.0
8337,2026-06-08,2375.0
8337,2026-06-15,2423.0
8337,2026-06-22,2358.0
8337,2026-06-29,2614.0
8337,2026-07-06,2706.0
8337,2026-07-13,2463.0
8337,2026-07-20,2715.0
8337,2026-07-27,2612.0
8341,2025-08-04,1734.37
8341,2025-08-11,1834.91
8341,2025-08-18,1853.6
8341,2025-08-25,1839.75
8341,2025-09-01,1827.5
8341,2025-09-08,1880.03
8341,2025-09-15,1875.19
8341,2025-09-22,2016.99
8341,2025-09-29,2007.8
8341,2025-10-06,1905.73
8341,2025-10-13,1867.34
8341,2025-10-20,2045.21
8341,2025-10-27,2170.9
8341,2025-11-03,2186.0
8341,2025-11-10,2259.51
8341,2025-11-17,2266.73
8341,2025-11-24,2369.12
8341,2025-12-01,2447.88
8341,2025-12-08,2440.67
8341,2025-12-15,2502.69
8341,2025-12-22,2482.34
8341,2025-12-29,2474.8
8341,2026-01-05,2644.46
8341,2026-01-12,2849.25
8341,2026-01-19,2864.02
8341,2026-01-26,2775.08
8341,2026-02-02,2999.23
8341,2026-02-09,3160.69
8341,2026-02-16,3225.34
8341,2026-02-23,3228.29
8341,2026-03-02,3020.89
8341,2026-03-09,2980.19
8341,2026-03-16,2969.36
8341,2026-03-23,3119.67
8341,2026-03-30,3211.0
8341,2026-04-06,3262.0
8341,2026-04-13,3279.0
8341,2026-04-20,2929.5
8341,2026-04-27,3004.0
8341,2026-05-04,2987.5
8341,2026-05-11,3141.0
8341,2026-05-18,3201.0
8341,2026-05-25,3154.0
8341,2026-06-01,3174.0
8341,2026-06-08,3267.0
8341,2026-06-15,3317.0
8341,2026-06-22,3335.0
8341,2026-06-29,3519.0
8341,2026-07-06,3515.0
8341,2026-07-13,3311.0
8341,2026-07-20,3631.0
8341,2026-07-27,3495.0
8343,2025-08-04,3254.82
8343,2025-08-11,3355.64
8343,2025-08-18,3451.65
8343,2025-08-25,3384.44
8343,2025-09-01,3365.24
8343,2025-09-08,3456.45
8343,2025-09-15,3365.24
8343,2025-09-22,3451.65
8343,2025-09-29,3427.14
8343,2025-10-06,3378.11
8343,2025-10-13,3387.91
8343,2025-10-20,3505.58
8343,2025-10-27,3584.03
8343,2025-11-03,3637.96
8343,2025-11-10,3672.28
8343,2025-11-17,3672.28
8343,2025-11-24,3799.76
8343,2025-12-01,3868.4
8343,2025-12-08,3843.88
8343,2025-12-15,3888.01
8343,2025-12-22,3897.82
8343,2025-12-29,3946.84
8343,2026-01-05,4226.31
8343,2026-01-12,4549.9
8343,2026-01-19,4633.25
8343,2026-01-26,4971.55
8343,2026-02-02,5314.76
8343,2026-02-09,5383.4
8343,2026-02-16,5442.23
8343,2026-02-23,5501.07
8343,2026-03-02,5099.03
8343,2026-03-09,4902.91
8343,2026-03-16,4902.91
8343,2026-03-23,5050.0
8343,2026-03-30,5100.0
8343,2026-04-06,5490.0
8343,2026-04-13,5820.0
8343,2026-04-20,5220.0
8343,2026-04-27,5390.0
8343,2026-05-04,5480.0
8343,2026-05-11,5790.0
8343,2026-05-18,6140.0
8343,2026-05-25,5990.0
8343,2026-06-01,5920.0
8343,2026-06-08,6350.0
8343,2026-06-15,6170.0
8343,2026-06-22,6800.0
8343,2026-06-29,7060.0
8343,2026-07-06,7140.0
8343,2026-07-13,6830.0
8343,2026-07-20,7670.0
8343,2026-07-27,7260.0
8345,2025-08-04,869.2
8345,2025-08-11,883.59
8345,2025-08-18,909.96
8345,2025-08-25,894.38
8345,2025-09-01,902.77
8345,2025-09-08,917.15
8345,2025-09-15,897.97
8345,2025-09-22,925.55
8345,2025-09-29,920.87
8345,2025-10-06,914.73
8345,2025-10-13,952.84
8345,2025-10-20,962.68
8345,2025-10-27,995.87
8345,2025-11-03,992.18
8345,2025-11-10,1168.0
8345,2025-11-17,1152.02
8345,2025-11-24,1215.95
8345,2025-12-01,1214.72
8345,2025-12-08,1229.47
8345,2025-12-15,1236.85
8345,2025-12-22,1258.98
8345,2025-12-29,1278.65
8345,2026-01-05,1372.09
8345,2026-01-12,1504.87
8345,2026-01-19,1544.22
8345,2026-01-26,1499.96
8345,2026-02-02,1627.82
8345,2026-02-09,1664.71
8345,2026-02-16,1686.84
8345,2026-02-23,1745.85
8345,2026-03-02,1652.41
8345,2026-03-09,1583.56
8345,2026-03-16,1583.56
8345,2026-03-23,1677.0
8345,2026-03-30,1661.0
8345,2026-04-06,1802.0
8345,2026-04-13,2030.0
8345,2026-04-20,1821.0
8345,2026-04-27,1956.0
8345,2026-05-04,1940.0
8345,2026-05-11,1877.0
8345,2026-05-18,1955.0
8345,2026-05-25,1867.0
8345,2026-06-01,1907.0
8345,2026-06-08,2067.0
8345,2026-06-15,1941.0
8345,2026-06-22,2030.0
8345,2026-06-29,2161.0
8345,2026-07-06,2083.0
8345,2026-07-13,2058.0
8345,2026-07-20,2270.0
8345,2026-07-27,2155.0
8346,2025-08-04,375.44
8346,2025-08-11,390.96
8346,2025-08-18,390.96
8346,2025-08-25,386.11
8346,2025-09-01,403.57
8346,2025-09-08,421.03
8346,2025-09-15,414.24
8346,2025-09-22,442.38
8346,2025-09-29,427.6
8346,2025-10-06,426.61
8346,2025-10-13,433.51
8346,2025-10-20,446.32
8346,2025-10-27,449.27
8346,2025-11-03,450.26
8346,2025-11-10,467.99
8346,2025-11-17,468.98
8346,2025-11-24,501.49
8346,2025-12-01,509.37
8346,2025-12-08,512.33
8346,2025-12-15,529.08
8346,2025-12-22,523.17
8346,2025-12-29,533.02
8346,2026-01-05,550.76
8346,2026-01-12,603.96
8346,2026-01-19,599.03
8346,2026-01-26,592.14
8346,2026-02-02,669.97
8346,2026-02-09,724.16
8346,2026-02-16,703.47
8346,2026-02-23,716.28
8346,2026-03-02,653.22
8346,2026-03-09,622.68
8346,2026-03-16,651.25
8346,2026-03-23,668.0
8346,2026-03-30,681.0
8346,2026-04-06,701.0
8346,2026-04-13,704.0
8346,2026-04-20,650.0
8346,2026-04-27,666.0
8346,2026-05-04,693.0
8346,2026-05-11,705.0
8346,2026-05-18,773.0
8346,2026-05-25,752.0
8346,2026-06-01,750.0
8346,2026-06-08,777.0
8346,2026-06-15,751.0
8346,2026-06-22,774.0
8346,2026-06-29,818.0
8346,2026-07-06,820.0
8346,2026-07-13,813.0
8346,2026-07-20,904.0
8346,2026-07-27,860.0
8354,2025-08-04,4086.12
8354,2025-08-11,4309.37
8354,2025-08-18,4364.45
8354,2025-08-25,4314.2
8354,2025-09-01,4307.43
8354,2025-09-08,4341.26
8354,2025-09-15,4209.82
8354,2025-09-22,4377.98
8354,2025-09-29,4264.72
8354,2025-10-06,4261.76
8354,2025-10-13,4180.01
8354,2025-10-20,4264.72
8354,2025-10-27,4417.38
8354,2025-11-03,4391.77
8354,2025-11-10,4478.44
8354,2025-11-17,4598.61
8354,2025-11-24,4734.52
8354,2025-12-01,4806.42
8354,2025-12-08,4965.98
8354,2025-12-15,5016.21
8354,2025-12-22,4979.77
8354,2025-12-29,4990.6
8354,2026-01-05,5260.47
8354,2026-01-12,5585.5
8354,2026-01-19,5539.21
8354,2026-01-26,5516.55
8354,2026-02-02,6762.48
8354,2026-02-09,7022.5
8354,2026-02-16,6704.37
8354,2026-02-23,6739.83
8354,2026-03-02,6075.0
8354,2026-03-09,6007.05
8354,2026-03-16,5997.2
8354,2026-03-23,6206.0
8354,2026-03-30,6320.0
8354,2026-04-06,6556.0
8354,2026-04-13,6520.0
8354,2026-04-20,6090.0
8354,2026-04-27,6415.0
8354,2026-05-04,6371.0
8354,2026-05-11,6612.0
8354,2026-05-18,6657.0
8354,2026-05-25,6556.0
8354,2026-06-01,6797.0
8354,2026-06-08,6867.0
8354,2026-06-15,6974.0
8354,2026-06-22,6861.0
8354,2026-06-29,7221.0
8354,2026-07-06,7286.0
8354,2026-07-13,7081.0
8354,2026-07-20,7646.0
8354,2026-07-27,7360.0
8358,2025-08-04,1425.76
8358,2025-08-11,1502.23
8358,2025-08-18,1450.93
8358,2025-08-25,1436.41
8358,2025-09-01,1470.29
8358,2025-09-08,1492.55
8358,2025-09-15,1460.61
8358,2025-09-22,1526.43
8358,2025-09-29,1544.1
8358,2025-10-06,1464.58
8358,2025-10-13,1427.28
8358,2025-10-20,1482.25
8358,2025-10-27,1512.68
8358,2025-11-03,1492.07
8358,2025-11-10,1532.32
8358,2025-11-17,1551.95
8358,2025-11-24,1650.11
8358,2025-12-01,1650.11
8358,2025-12-08,1674.65
8358,2025-12-15,1698.21
8358,2025-12-22,1671.71
8358,2025-12-29,1677.6
8358,2026-01-05,1757.11
8358,2026-01-12,1897.48
8358,2026-01-19,1946.56
8358,2026-01-26,1903.37
8358,2026-02-02,2016.26
8358,2026-02-09,2074.17
8358,2026-02-16,2108.53
8358,2026-02-23,2083.99
8358,2026-03-02,1922.02
8358,2026-03-09,1869.01
8358,2026-03-16,1874.9
8358,2026-03-23,2030.0
8358,2026-03-30,2091.0
8358,2026-04-06,2270.0
8358,2026-04-13,2290.0
8358,2026-04-20,2253.0
8358,2026-04-27,2266.0
8358,2026-05-04,2217.0
8358,2026-05-11,2336.0
8358,2026-05-18,2370.0
8358,2026-05-25,2317.0
8358,2026-06-01,2266.0
8358,2026-06-08,2354.0
8358,2026-06-15,2397.0
8358,2026-06-22,2384.0
8358,2026-06-29,2540.0
8358,2026-07-06,2569.0
8358,2026-07-13,2545.0
8358,2026-07-20,2745.0
8358,2026-07-27,2605.0
8359,2025-08-04,1358.21
8359,2025-08-11,1406.13
8359,2025-08-18,1395.0
8359,2025-08-25,1399.84
8359,2025-09-01,1393.55
8359,2025-09-08,1445.82
8359,2025-09-15,1437.11
8359,2025-09-22,1519.4
8359,2025-09-29,1453.21
8359,2025-10-06,1425.26
8359,2025-10-13,1388.98
8359,2025-10-20,1443.4
8359,2025-10-27,1523.32
8359,2025-11-03,1528.71
8359,2025-11-10,1537.05
8359,2025-11-17,1543.91
8359,2025-11-24,1640.99
8359,2025-12-01,1676.78
8359,2025-12-08,1640.01
8359,2025-12-15,1666.48
8359,2025-12-22,1643.93
8359,2025-12-29,1664.52
8359,2026-01-05,1762.58
8359,2026-01-12,1889.56
8359,2026-01-19,1915.55
8359,2026-01-26,1887.6
8359,2026-02-02,2051.85
8359,2026-02-09,2040.08
8359,2026-02-16,2050.87
8359,2026-02-23,2039.1
8359,2026-03-02,1922.41
8359,2026-03-09,1904.76
8359,2026-03-16,1921.92
8359,2026-03-23,2019.0
8359,2026-03-30,2027.5
8359,2026-04-06,2105.5
8359,2026-04-13,2104.0
8359,2026-04-20,2027.5
8359,2026-04-27,2094.5
8359,2026-05-04,2201.5
8359,2026-05-11,2388.0
8359,2026-05-18,2335.0
8359,2026-05-25,2323.5
8359,2026-06-01,2380.5
8359,2026-06-08,2342.5
8359,2026-06-15,2347.0
8359,2026-06-22,2387.0
8359,2026-06-29,2529.5
8359,2026-07-06,2551.0
8359,2026-07-13,2456.5
8359,2026-07-20,2674.0
8359,2026-07-27,2508.0
8360,2025-08-04,2876.69
8360,2025-08-11,2944.49
8360,2025-08-18,3051.04
8360,2025-08-25,2997.76
8360,2025-09-01,3002.61
8360,2025-09-08,3080.09
8360,2025-09-15,3021.98
8360,2025-09-22,3147.89
8360,2025-09-29,3107.45
8360,2025-10-06,3127.18
8360,2025-10-13,3127.18
8360,2025-10-20,3151.84
8360,2025-10-27,3240.62
8360,2025-11-03,3319.54
8360,2025-11-10,3418.19
8360,2025-11-17,3437.92
8360,2025-11-24,3719.07
8360,2025-12-01,3867.05
8360,2025-12-08,3802.93
8360,2025-12-15,3931.17
8360,2025-12-22,3857.18
8360,2025-12-29,3985.43
8360,2026-01-05,4232.05
8360,2026-01-12,4774.62
8360,2026-01-19,4828.88
8360,2026-01-26,4666.1
8360,2026-02-02,5188.95
8360,2026-02-09,5267.86
8360,2026-02-16,5346.78
8360,2026-02-23,5435.57
8360,2026-03-02,5011.38
8360,2026-03-09,4754.89
8360,2026-03-16,4833.81
8360,2026-03-23,5258.0
8360,2026-03-30,5400.0
8360,2026-04-06,5870.0
8360,2026-04-13,5840.0
8360,2026-04-20,5170.0
8360,2026-04-27,5390.0
8360,2026-05-04,5370.0
8360,2026-05-11,5990.0
8360,2026-05-18,5970.0
8360,2026-05-25,5870.0
8360,2026-06-01,5920.0
8360,2026-06-08,6120.0
8360,2026-06-15,5800.0
8360,2026-06-22,6150.0
8360,2026-06-29,6480.0
8360,2026-07-06,6510.0
8360,2026-07-13,6190.0
8360,2026-07-20,7090.0
8360,2026-07-27,6440.0
8361,2025-08-04,2951.75
8361,2025-08-11,2985.68
8361,2025-08-18,3077.77
8361,2025-08-25,3043.84
8361,2025-09-01,3072.92
8361,2025-09-08,3203.79
8361,2025-09-15,3189.25
8361,2025-09-22,3378.28
8361,2025-09-29,3333.96
8361,2025-10-06,3471.85
8361,2025-10-13,3457.07
8361,2025-10-20,3629.43
8361,2025-10-27,3634.36
8361,2025-11-03,3668.83
8361,2025-11-10,3678.68
8361,2025-11-17,3742.7
8361,2025-11-24,4151.44
8361,2025-12-01,4323.8
8361,2025-12-08,4249.93
8361,2025-12-15,4560.18
8361,2025-12-22,4638.98
8361,2025-12-29,4619.28
8361,2026-01-05,5141.29
8361,2026-01-12,5594.35
8361,2026-01-19,5771.63
8361,2026-01-26,5545.1
8361,2026-02-02,6017.87
8361,2026-02-09,6205.0
8361,2026-02-16,6392.13
8361,2026-02-23,6736.86
8361,2026-03-02,6313.34
8361,2026-03-09,5929.22
8361,2026-03-16,6008.02
8361,2026-03-23,6205.0
8361,2026-03-30,6290.0
8361,2026-04-06,6910.0
8361,2026-04-13,7100.0
8361,2026-04-20,6780.0
8361,2026-04-27,7040.0
8361,2026-05-04,7090.0
8361,2026-05-11,7410.0
8361,2026-05-18,7750.0
8361,2026-05-25,7220.0
8361,2026-06-01,7280.0
8361,2026-06-08,7370.0
8361,2026-06-15,7090.0
8361,2026-06-22,7320.0
8361,2026-06-29,7850.0
8361,2026-07-06,7860.0
8361,2026-07-13,7350.0
8361,2026-07-20,8120.0
8361,2026-07-27,7210.0
8367,2025-08-04,894.16
8367,2025-08-11,952.1
8367,2025-08-18,973.34
8367,2025-08-25,959.82
8367,2025-09-01,949.2
8367,2025-09-08,962.72
8367,2025-09-15,951.13
8367,2025-09-22,988.79
8367,2025-09-29,955.34
8367,2025-10-06,945.5
8367,2025-10-13,950.42
8367,2025-10-20,982.89
8367,2025-10-27,1009.45
8367,2025-11-03,1023.23
8367,2025-11-10,1040.94
8367,2025-11-17,1046.84
8367,2025-11-24,1113.74
8367,2025-12-01,1135.39
8367,2025-12-08,1137.35
8367,2025-12-15,1157.03
8367,2025-12-22,1151.13
8367,2025-12-29,1172.77
8367,2026-01-05,1221.97
8367,2026-01-12,1322.32
8367,2026-01-19,1340.03
8367,2026-01-26,1310.52
8367,2026-02-02,1414.81
8367,2026-02-09,1473.84
8367,2026-02-16,1473.84
8367,2026-02-23,1505.32
8367,2026-03-02,1442.35
8367,2026-03-09,1395.13
8367,2026-03-16,1403.0
8367,2026-03-23,1464.0
8367,2026-03-30,1466.0
8367,2026-04-06,1526.0
8367,2026-04-13,1561.0
8367,2026-04-20,1448.0
8367,2026-04-27,1466.0
8367,2026-05-04,1619.0
8367,2026-05-11,1655.0
8367,2026-05-18,1762.0
8367,2026-05-25,1686.0
8367,2026-06-01,1672.0
8367,2026-06-08,1780.0
8367,2026-06-15,1726.0
8367,2026-06-22,1756.0
8367,2026-06-29,1850.0
8367,2026-07-06,1859.0
8367,2026-07-13,1791.0
8367,2026-07-20,1922.0
8367,2026-07-27,1720.0
8370,2025-08-04,2705.7
8370,2025-08-11,2815.32
8370,2025-08-18,2821.08
8370,2025-08-25,2795.12
8370,2025-09-01,2829.74
8370,2025-09-08,2918.2
8370,2025-09-15,2839.35
8370,2025-09-22,2873.97
8370,2025-09-29,2796.51
8370,2025-10-06,2768.07
8370,2025-10-13,2778.86
8370,2025-10-20,2923.98
8370,2025-10-27,2941.63
8370,2025-11-03,3005.36
8370,2025-11-10,2921.03
8370,2025-11-17,2892.6
8370,2025-11-24,3010.26
8370,2025-12-01,3049.49
8370,2025-12-08,3083.8
8370,2025-12-15,3191.66
8370,2025-12-22,3181.86
8370,2025-12-29,3196.57
8370,2026-01-05,3333.84
8370,2026-01-12,3500.53
8370,2026-01-19,3637.81
8370,2026-01-26,3696.64
8370,2026-02-02,4005.51
8370,2026-02-09,4083.96
8370,2026-02-16,4186.91
8370,2026-02-23,4201.62
8370,2026-03-02,3995.71
8370,2026-03-09,3789.79
8370,2026-03-16,3819.21
8370,2026-03-23,3981.0
8370,2026-03-30,4020.0
8370,2026-04-06,4210.0
8370,2026-04-13,4140.0
8370,2026-04-20,3885.0
8370,2026-04-27,4155.0
8370,2026-05-04,4200.0
8370,2026-05-11,4405.0
8370,2026-05-18,4525.0
8370,2026-05-25,4240.0
8370,2026-06-01,4320.0
8370,2026-06-08,4515.0
8370,2026-06-15,4430.0
8370,2026-06-22,4460.0
8370,2026-06-29,4550.0
8370,2026-07-06,4605.0
8370,2026-07-13,4550.0
8370,2026-07-20,4945.0
8370,2026-07-27,4690.0
8377,2025-08-04,3332.21
8377,2025-08-11,3473.99
8377,2025-08-18,3524.83
8377,2025-08-25,3664.65
8377,2025-09-01,3647.05
8377,2025-09-08,3781.0
8377,2025-09-15,3649.98
8377,2025-09-22,3799.58
8377,2025-09-29,3686.81
8377,2025-10-06,3647.24
8377,2025-10-13,3480.07
8377,2025-10-20,3549.31
8377,2025-10-27,3738.25
8377,2025-11-03,4071.62
8377,2025-11-10,4165.59
8377,2025-11-17,4352.55
8377,2025-11-24,4393.11
8377,2025-12-01,4414.88
8377,2025-12-08,4395.09
8377,2025-12-15,4517.75
8377,2025-12-22,4565.24
8377,2025-12-29,4540.51
8377,2026-01-05,4915.42
8377,2026-01-12,5325.94
8377,2026-01-19,5298.25
8377,2026-01-26,5242.85
8377,2026-02-02,5832.42
8377,2026-02-09,6136.11
8377,2026-02-16,6163.81
8377,2026-02-23,6183.6
8377,2026-03-02,5965.97
8377,2026-03-09,5686.02
8377,2026-03-16,5693.93
8377,2026-03-23,5963.0
8377,2026-03-30,6203.0
8377,2026-04-06,6271.0
8377,2026-04-13,6301.0
8377,2026-04-20,5602.0
8377,2026-04-27,5939.0
8377,2026-05-04,6077.0
8377,2026-05-11,6454.0
8377,2026-05-18,6787.0
8377,2026-05-25,6456.0
8377,2026-06-01,6429.0
8377,2026-06-08,6505.0
8377,2026-06-15,6415.0
8377,2026-06-22,6703.0
8377,2026-06-29,7270.0
8377,2026-07-06,7510.0
8377,2026-07-13,6966.0
8377,2026-07-20,7714.0
8377,2026-07-27,7469.0
8381,2025-08-04,1263.02
8381,2025-08-11,1312.11
8381,2025-08-18,1309.23
8381,2025-08-25,1297.68
8381,2025-09-01,1310.19
8381,2025-09-08,1318.85
8381,2025-09-15,1321.74
8381,2025-09-22,1371.8
8381,2025-09-29,1304.05
8381,2025-10-06,1302.08
8381,2025-10-13,1290.3
8381,2025-10-20,1320.74
8381,2025-10-27,1330.56
8381,2025-11-03,1336.45
8381,2025-11-10,1376.71
8381,2025-11-17,1374.75
8381,2025-11-24,1426.79
8381,2025-12-01,1430.72
8381,2025-12-08,1425.81
8381,2025-12-15,1451.34
8381,2025-12-22,1435.63
8381,2025-12-29,1462.14
8381,2026-01-05,1547.57
8381,2026-01-12,1596.67
8381,2026-01-19,1583.9
8381,2026-01-26,1549.54
8381,2026-02-02,1655.59
8381,2026-02-09,1720.4
8381,2026-02-16,1732.18
8381,2026-02-23,1738.07
8381,2026-03-02,1561.32
8381,2026-03-09,1660.5
8381,2026-03-16,1609.44
8381,2026-03-23,1742.0
8381,2026-03-30,1863.0
8381,2026-04-06,1985.0
8381,2026-04-13,1998.0
8381,2026-04-20,1793.0
8381,2026-04-27,1866.0
8381,2026-05-04,1887.0
8381,2026-05-11,1969.0
8381,2026-05-18,2113.0
8381,2026-05-25,2063.0
8381,2026-06-01,2094.0
8381,2026-06-08,2159.0
8381,2026-06-15,2186.0
8381,2026-06-22,2227.0
8381,2026-06-29,2391.0
8381,2026-07-06,2428.0
8381,2026-07-13,2341.0
8381,2026-07-20,2511.0
8381,2026-07-27,2336.0
8386,2025-08-04,1218.51
8386,2025-08-11,1208.86
8386,2025-08-18,1218.51
8386,2025-08-25,1204.04
8386,2025-09-01,1202.83
8386,2025-09-08,1228.17
8386,2025-09-15,1194.39
8386,2025-09-22,1259.53
8386,2025-09-29,1220.85
8386,2025-10-06,1222.08
8386,2025-10-13,1219.62
8386,2025-10-20,1251.65
8386,2025-10-27,1330.49
8386,2025-11-03,1411.8
8386,2025-11-10,1446.3
8386,2025-11-17,1473.4
8386,2025-11-24,1532.53
8386,2025-12-01,1530.07
8386,2025-12-08,1539.92
8386,2025-12-15,1591.66
8386,2025-12-22,1594.13
8386,2025-12-29,1640.94
8386,2026-01-05,1732.1
8386,2026-01-12,1921.82
8386,2026-01-19,2064.73
8386,2026-01-26,2057.34
8386,2026-02-02,2325.9
8386,2026-02-09,2365.32
8386,2026-02-16,2340.68
8386,2026-02-23,2407.21
8386,2026-03-02,2180.53
8386,2026-03-09,2101.69
8386,2026-03-16,2089.37
8386,2026-03-23,2148.5
8386,2026-03-30,2205.0
8386,2026-04-06,2322.0
8386,2026-04-13,2445.0
8386,2026-04-20,2275.0
8386,2026-04-27,2371.0
8386,2026-05-04,2360.0
8386,2026-05-11,2467.0
8386,2026-05-18,2559.0
8386,2026-05-25,2485.0
8386,2026-06-01,2438.0
8386,2026-06-08,2521.0
8386,2026-06-15,2388.0
8386,2026-06-22,2560.0
8386,2026-06-29,2669.0
8386,2026-07-06,2651.0
8386,2026-07-13,2628.0
8386,2026-07-20,2966.0
8386,2026-07-27,2846.0
8387,2025-08-04,1250.46
8387,2025-08-11,1323.05
8387,2025-08-18,1387.9
8387,2025-08-25,1380.16
8387,2025-09-01,1391.77
8387,2025-09-08,1415.0
8387,2025-09-15,1383.06
8387,2025-09-22,1425.64
8387,2025-09-29,1397.03
8387,2025-10-06,1378.29
8387,2025-10-13,1376.31
8387,2025-10-20,1400.98
8387,2025-10-27,1435.51
8387,2025-11-03,1471.03
8387,2025-11-10,1495.69
8387,2025-11-17,1507.53
8387,2025-11-24,1642.7
8387,2025-12-01,1627.9
8387,2025-12-08,1635.79
8387,2025-12-15,1694.99
8387,2025-12-22,1708.8
8387,2025-12-29,1734.45
8387,2026-01-05,1866.66
8387,2026-01-12,1951.51
8387,2026-01-19,2011.69
8387,2026-01-26,2007.74
8387,2026-02-02,2284.98
8387,2026-02-09,2309.64
8387,2026-02-16,2375.75
8387,2026-02-23,2420.14
8387,2026-03-02,2272.15
8387,2026-03-09,2253.41
8387,2026-03-16,2273.14
8387,2026-03-23,2357.0
8387,2026-03-30,2361.0
8387,2026-04-06,2477.0
8387,2026-04-13,2700.0
8387,2026-04-20,2489.0
8387,2026-04-27,2548.0
8387,2026-05-04,2552.0
8387,2026-05-11,2694.0
8387,2026-05-18,2826.0
8387,2026-05-25,2749.0
8387,2026-06-01,2750.0
8387,2026-06-08,2893.0
8387,2026-06-15,2750.0
8387,2026-06-22,2942.0
8387,2026-06-29,3140.0
8387,2026-07-06,3135.0
8387,2026-07-13,3095.0
8387,2026-07-20,3465.0
8387,2026-07-27,3330.0
8388,2025-08-04,3235.07
8388,2025-08-11,3366.02
8388,2025-08-18,3375.72
8388,2025-08-25,3366.02
8388,2025-09-01,3366.02
8388,2025-09-08,3463.03
8388,2025-09-15,3424.22
8388,2025-09-22,3560.03
8388,2025-09-29,3584.68
8388,2025-10-06,3495.93
8388,2025-10-13,3495.93
8388,2025-10-20,3545.24
8388,2025-10-27,3589.61
8388,2025-11-03,3643.85
8388,2025-11-10,3772.05
8388,2025-11-17,3860.81
8388,2025-11-24,4092.55
8388,2025-12-01,4161.59
8388,2025-12-08,4171.45
8388,2025-12-15,4289.79
8388,2025-12-22,4230.62
8388,2025-12-29,4324.3
8388,2026-01-05,4546.19
8388,2026-01-12,4916.0
8388,2026-01-19,4989.96
8388,2026-01-26,5118.16
8388,2026-02-02,5581.65
8388,2026-02-09,5709.85
8388,2026-02-16,5729.58
8388,2026-02-23,5907.08
8388,2026-03-02,5552.07
8388,2026-03-09,5384.42
8388,2026-03-16,5650.68
8388,2026-03-23,5877.5
8388,2026-03-30,6120.0
8388,2026-04-06,6510.0
8388,2026-04-13,6630.0
8388,2026-04-20,6170.0
8388,2026-04-27,6270.0
8388,2026-05-04,6160.0
8388,2026-05-11,6720.0
8388,2026-05-18,6870.0
8388,2026-05-25,6700.0
8388,2026-06-01,6750.0
8388,2026-06-08,6990.0
8388,2026-06-15,6820.0
8388,2026-06-22,7070.0
8388,2026-06-29,7540.0
8388,2026-07-06,7530.0
8388,2026-07-13,7630.0
8388,2026-07-20,8680.0
8388,2026-07-27,8340.0
8392,2025-08-04,910.66
8392,2025-08-11,942.84
8392,2025-08-18,980.86
8392,2025-08-25,954.54
8392,2025-09-01,948.69
8392,2025-09-08,976.96
8392,2025-09-15,960.39
8392,2025-09-22,998.41
8392,2025-09-29,1001.39
8392,2025-10-06,955.78
8392,2025-10-13,961.73
8392,2025-10-20,993.46
8392,2025-10-27,1009.32
8392,2025-11-03,1029.15
8392,2025-11-10,1064.84
8392,2025-11-17,1048.98
8392,2025-11-24,1156.06
8392,2025-12-01,1221.5
8392,2025-12-08,1219.51
8392,2025-12-15,1259.17
8392,2025-12-22,1237.36
8392,2025-12-29,1286.93
8392,2026-01-05,1384.1
8392,2026-01-12,1487.21
8392,2026-01-19,1598.26
8392,2026-01-26,1622.05
8392,2026-02-02,1867.94
8392,2026-02-09,1895.7
8392,2026-02-16,1917.51
8392,2026-02-23,1988.9
8392,2026-03-02,1963.12
8392,2026-03-09,1873.89
8392,2026-03-16,1893.72
8392,2026-03-23,1977.0
8392,2026-03-30,1873.0
8392,2026-04-06,2110.0
8392,2026-04-13,2164.0
8392,2026-04-20,1980.0
8392,2026-04-27,2103.0
8392,2026-05-04,2132.0
8392,2026-05-11,2209.0
8392,2026-05-18,2258.0
8392,2026-05-25,2254.0
8392,2026-06-01,2241.0
8392,2026-06-08,2390.0
8392,2026-06-15,2264.0
8392,2026-06-22,2336.0
8392,2026-06-29,2547.0
8392,2026-07-06,2509.0
8392,2026-07-13,2443.0
8392,2026-07-20,2790.0
8392,2026-07-27,2565.0
8393,2025-08-04,832.67
8393,2025-08-11,852.06
8393,2025-08-18,871.45
8393,2025-08-25,854.0
8393,2025-09-01,848.18
8393,2025-09-08,872.42
8393,2025-09-15,859.82
8393,2025-09-22,896.65
8393,2025-09-29,886.76
8393,2025-10-06,864.03
8393,2025-10-13,872.92
8393,2025-10-20,906.54
8393,2025-10-27,917.41
8393,2025-11-03,1008.36
8393,2025-11-10,1028.13
8393,2025-11-17,1020.22
8393,2025-11-24,1126.99
8393,2025-12-01,1178.4
8393,2025-12-08,1190.26
8393,2025-12-15,1227.83
8393,2025-12-22,1235.74
8393,2025-12-29,1293.07
8393,2026-01-05,1399.84
8393,2026-01-12,1494.75
8393,2026-01-19,1583.72
8393,2026-01-26,1536.27
8393,2026-02-02,1743.87
8393,2026-02-09,1872.39
8393,2026-02-16,1874.37
8393,2026-02-23,1921.82
8393,2026-03-02,1832.84
8393,2026-03-09,1741.89
8393,2026-03-16,1779.46
8393,2026-03-23,1906.0
8393,2026-03-30,1844.0
8393,2026-04-06,2017.0
8393,2026-04-13,2117.0
8393,2026-04-20,1929.0
8393,2026-04-27,1955.0
8393,2026-05-04,1952.0
8393,2026-05-11,1996.0
8393,2026-05-18,2050.0
8393,2026-05-25,1856.0
8393,2026-06-01,1943.0
8393,2026-06-08,2130.0
8393,2026-06-15,1998.0
8393,2026-06-22,2124.0
8393,2026-06-29,2222.0
8393,2026-07-06,2194.0
8393,2026-07-13,2147.0
8393,2026-07-20,2478.0
8393,2026-07-27,2339.0
8395,2025-08-04,2563.69
8395,2025-08-11,2678.37
8395,2025-08-18,2812.48
8395,2025-08-25,2836.78
8395,2025-09-01,2863.02
8395,2025-09-08,2964.09
8395,2025-09-15,2964.09
8395,2025-09-22,2998.1
8395,2025-09-29,2998.1
8395,2025-10-06,2993.16
8395,2025-10-13,3037.61
8395,2025-10-20,3111.7
8395,2025-10-27,3166.03
8395,2025-11-03,3175.91
8395,2025-11-10,3304.33
8395,2025-11-17,3353.72
8395,2025-11-24,3571.05
8395,2025-12-01,3694.53
8395,2025-12-08,3724.16
8395,2025-12-15,3832.83
8395,2025-12-22,3877.28
8395,2025-12-29,4000.76
8395,2026-01-05,4262.54
8395,2026-01-12,4519.38
8395,2026-01-19,4623.1
8395,2026-01-26,4534.19
8395,2026-02-02,4949.09
8395,2026-02-09,4998.48
8395,2026-02-16,5018.24
8395,2026-02-23,5117.02
8395,2026-03-02,4756.46
8395,2026-03-09,4608.28
8395,2026-03-16,4672.49
8395,2026-03-23,4875.0
8395,2026-03-30,4910.0
8395,2026-04-06,5240.0
8395,2026-04-13,5370.0
8395,2026-04-20,5050.0
8395,2026-04-27,5080.0
8395,2026-05-04,5080.0
8395,2026-05-11,5220.0
8395,2026-05-18,5290.0
8395,2026-05-25,5210.0
8395,2026-06-01,5280.0
8395,2026-06-08,5530.0
8395,2026-06-15,5130.0
8395,2026-06-22,5220.0
8395,2026-06-29,5470.0
8395,2026-07-06,5590.0
8395,2026-07-13,5340.0
8395,2026-07-20,5910.0
8395,2026-07-27,5600.0
8399,2025-08-04,1187.61
8399,2025-08-11,1256.46
8399,2025-08-18,1283.23
8399,2025-08-25,1266.98
8399,2025-09-01,1301.4
8399,2025-09-08,1372.16
8399,2025-09-15,1370.25
8399,2025-09-22,1416.15
8399,2025-09-29,1408.35
8399,2025-10-06,1380.11
8399,2025-10-13,1369.39
8399,2025-10-20,1530.1
8399,2025-10-27,1465.82
8399,2025-11-03,1480.43
8399,2025-11-10,1538.86
8399,2025-11-17,1571.98
8399,2025-11-24,1758.01
8399,2025-12-01,1728.79
8399,2025-12-08,1712.23
8399,2025-12-15,1784.3
8399,2025-12-22,1785.28
8399,2025-12-29,1801.84
8399,2026-01-05,1956.7
8399,2026-01-12,2101.82
8399,2026-01-19,2216.74
8399,2026-01-26,2142.72
8399,2026-02-02,2327.78
8399,2026-02-09,2402.77
8399,2026-02-16,2397.9
8399,2026-02-23,2389.14
8399,2026-03-02,2267.39
8399,2026-03-09,2210.9
8399,2026-03-16,2216.74
8399,2026-03-23,2282.0
8399,2026-03-30,2304.0
8399,2026-04-06,2409.0
8399,2026-04-13,2513.0
8399,2026-04-20,2455.0
8399,2026-04-27,2499.0
8399,2026-05-04,2466.0
8399,2026-05-11,2577.0
8399,2026-05-18,2603.0
8399,2026-05-25,2506.0
8399,2026-06-01,2461.0
8399,2026-06-08,2579.0
8399,2026-06-15,2478.0
8399,2026-06-22,2541.0
8399,2026-06-29,2651.0
8399,2026-07-06,2755.0
8399,2026-07-13,2729.0
8399,2026-07-20,2999.0
8399,2026-07-27,2943.0
8410,2025-08-04,261.56
8410,2025-08-11,259.83
8410,2025-08-18,281.85
8410,2025-08-25,279.16
8410,2025-09-01,277.14
8410,2025-09-08,277.43
8410,2025-09-15,278.48
8410,2025-09-22,278.97
8410,2025-09-29,284.06
8410,2025-10-06,277.2
8410,2025-10-13,274.16
8410,2025-10-20,281.71
8410,2025-10-27,277.5
8410,2025-11-03,274.55
8410,2025-11-10,283.87
8410,2025-11-17,282.69
8410,2025-11-24,283.96
8410,2025-12-01,285.24
8410,2025-12-08,293.86
8410,2025-12-15,295.24
8410,2025-12-22,297.2
8410,2025-12-29,299.06
8410,2026-01-05,298.96
8410,2026-01-12,299.06
8410,2026-01-19,291.12
8410,2026-01-26,291.41
8410,2026-02-02,302.59
8410,2026-02-09,295.04
8410,2026-02-16,289.85
8410,2026-02-23,294.94
8410,2026-03-02,277.3
8410,2026-03-09,263.28
8410,2026-03-16,266.22
8410,2026-03-23,272.3
8410,2026-03-30,274.9
8410,2026-04-06,270.7
8410,2026-04-13,270.3
8410,2026-04-20,264.3
8410,2026-04-27,267.0
8410,2026-05-04,271.4
8410,2026-05-11,272.1
8410,2026-05-18,271.9
8410,2026-05-25,270.1
8410,2026-06-01,276.1
8410,2026-06-08,289.6
8410,2026-06-15,276.7
8410,2026-06-22,277.5
8410,2026-06-29,288.8
8410,2026-07-06,290.2
8410,2026-07-13,302.8
8410,2026-07-20,310.6
8410,2026-07-27,318.6
8418,2025-08-04,1725.18
8418,2025-08-11,1731.48
8418,2025-08-18,1756.71
8418,2025-08-25,1725.66
8418,2025-09-01,1722.75
8418,2025-09-08,1753.8
8418,2025-09-15,1710.62
8418,2025-09-22,1805.71
8418,2025-09-29,1754.37
8418,2025-10-06,1684.77
8418,2025-10-13,1645.77
8418,2025-10-20,1722.29
8418,2025-10-27,1744.99
8418,2025-11-03,1749.93
8418,2025-11-10,1781.03
8418,2025-11-17,1773.62
8418,2025-11-24,2012.05
8418,2025-12-01,2025.38
8418,2025-12-08,2093.5
8418,2025-12-15,2080.17
8418,2025-12-22,2057.96
8418,2025-12-29,2095.97
8418,2026-01-05,2213.45
8418,2026-01-12,2323.04
8418,2026-01-19,2437.07
8418,2026-01-26,2424.73
8418,2026-02-02,2628.6
8418,2026-02-09,2731.27
8418,2026-02-16,2695.24
8418,2026-02-23,2716.96
8418,2026-03-02,2550.6
8418,2026-03-09,2469.15
8418,2026-03-16,2418.8
8418,2026-03-23,2481.0
8418,2026-03-30,2595.5
8418,2026-04-06,2698.5
8418,2026-04-13,2769.5
8418,2026-04-20,2553.5
8418,2026-04-27,2640.0
8418,2026-05-04,2640.0
8418,2026-05-11,2813.0
8418,2026-05-18,2863.0
8418,2026-05-25,2740.5
8418,2026-06-01,2731.0
8418,2026-06-08,2920.0
8418,2026-06-15,2859.5
8418,2026-06-22,2876.5
8418,2026-06-29,2987.0
8418,2026-07-06,2972.5
8418,2026-07-13,2902.0
8418,2026-07-20,3121.0
8418,2026-07-27,2976.0
8439,2025-08-04,1751.22
8439,2025-08-11,1767.55
8439,2025-08-18,1798.77
8439,2025-08-25,1780.04
8439,2025-09-01,1827.11
8439,2025-09-08,1870.34
8439,2025-09-15,1882.83
8439,2025-09-22,1870.82
8439,2025-09-29,1788.61
8439,2025-10-06,1782.74
8439,2025-10-13,1746.52
8439,2025-10-20,1823.35
8439,2025-10-27,1783.22
8439,2025-11-03,1813.08
8439,2025-11-10,1881.59
8439,2025-11-17,1899.69
8439,2025-11-24,1933.46
8439,2025-12-01,1884.03
8439,2025-12-08,1966.24
8439,2025-12-15,2004.9
8439,2025-12-22,1991.69
8439,2025-12-29,1985.33
8439,2026-01-05,2046.5
8439,2026-01-12,2080.27
8439,2026-01-19,2120.39
8439,2026-01-26,2104.73
8439,2026-02-02,2157.09
8439,2026-02-09,2185.97
8439,2026-02-16,2189.88
8439,2026-02-23,2234.41
8439,2026-03-02,2114.03
8439,2026-03-09,2019.1
8439,2026-03-16,2046.99
8439,2026-03-23,2023.5
8439,2026-03-30,2070.5
8439,2026-04-06,2090.5
8439,2026-04-13,2105.0
8439,2026-04-20,2098.0
8439,2026-04-27,2167.0
8439,2026-05-04,2197.0
8439,2026-05-11,2294.0
8439,2026-05-18,2403.5
8439,2026-05-25,2362.0
8439,2026-06-01,2393.5
8439,2026-06-08,2394.0
8439,2026-06-15,2435.5
8439,2026-06-22,2491.5
8439,2026-06-29,2495.0
8439,2026-07-06,2530.0
8439,2026-07-13,2609.5
8439,2026-07-20,2669.5
8439,2026-07-27,2623.0
8511,2025-08-04,1761.97
8511,2025-08-11,1791.67
8511,2025-08-18,1753.35
8511,2025-08-25,1764.85
8511,2025-09-01,1803.17
8511,2025-09-08,1825.21
8511,2025-09-15,1798.38
8511,2025-09-22,1816.58
8511,2025-09-29,1745.13
8511,2025-10-06,1751.99
8511,2025-10-13,1769.6
8511,2025-10-20,1751.01
8511,2025-10-27,1734.37
8511,2025-11-03,1739.26
8511,2025-11-10,1762.75
8511,2025-11-17,1826.37
8511,2025-11-24,1898.8
8511,2025-12-01,1913.48
8511,2025-12-08,1912.5
8511,2025-12-15,1944.8
8511,2025-12-22,1987.87
8511,2025-12-29,1981.02
8511,2026-01-05,2050.51
8511,2026-01-12,2150.34
8511,2026-01-19,2133.7
8511,2026-01-26,2080.85
8511,2026-02-02,2142.51
8511,2026-02-09,2200.26
8511,2026-02-16,2220.81
8511,2026-02-23,2322.6
8511,2026-03-02,2203.19
8511,2026-03-09,2099.45
8511,2026-03-16,2100.42
8511,2026-03-23,2120.0
8511,2026-03-30,2197.0
8511,2026-04-06,2276.0
8511,2026-04-13,2280.0
8511,2026-04-20,2165.0
8511,2026-04-27,2154.0
8511,2026-05-04,2189.0
8511,2026-05-11,2304.0
8511,2026-05-18,2340.0
8511,2026-05-25,2286.0
8511,2026-06-01,2282.0
8511,2026-06-08,2316.0
8511,2026-06-15,2326.0
8511,2026-06-22,2297.0
8511,2026-06-29,2340.0
8511,2026-07-06,2376.0
8511,2026-07-13,2368.0
8511,2026-07-20,2451.0
8511,2026-07-27,2388.0
8522,2025-08-04,2958.99
8522,2025-08-11,3091.15
8522,2025-08-18,3094.37
8522,2025-08-25,3271.65
8522,2025-09-01,3368.35
8522,2025-09-08,3345.79
8522,2025-09-15,3255.53
8522,2025-09-22,3368.35
8522,2025-09-29,3316.03
8522,2025-10-06,3379.79
8522,2025-10-13,3379.79
8522,2025-10-20,3634.87
8522,2025-10-27,3860.52
8522,2025-11-03,3909.57
8522,2025-11-10,3939.01
8522,2025-11-17,3924.29
8522,2025-11-24,4292.19
8522,2025-12-01,4341.25
8522,2025-12-08,4351.06
8522,2025-12-15,4419.73
8522,2025-12-22,4238.23
8522,2025-12-29,4272.57
8522,2026-01-05,4552.18
8522,2026-01-12,4758.2
8522,2026-01-19,4993.66
8522,2026-01-26,4797.44
8522,2026-02-02,5484.2
8522,2026-02-09,5631.36
8522,2026-02-16,5405.71
8522,2026-02-23,5817.76
8522,2026-03-02,5484.2
8522,2026-03-09,5258.55
8522,2026-03-16,5287.98
8522,2026-03-23,6220.0
8522,2026-03-30,5800.0
8522,2026-04-06,5880.0
8522,2026-04-13,5990.0
8522,2026-04-20,5690.0
8522,2026-04-27,5780.0
8522,2026-05-04,5830.0
8522,2026-05-11,6150.0
8522,2026-05-18,6060.0
8522,2026-05-25,5860.0
8522,2026-06-01,5840.0
8522,2026-06-08,5970.0
8522,2026-06-15,5800.0
8522,2026-06-22,5910.0
8522,2026-06-29,6300.0
8522,2026-07-06,6460.0
8522,2026-07-13,6260.0
8522,2026-07-20,6890.0
8522,2026-07-27,6510.0
8524,2025-08-04,635.01
8524,2025-08-11,673.72
8524,2025-08-18,675.66
8524,2025-08-25,677.6
8524,2025-09-01,698.89
8524,2025-09-08,699.86
8524,2025-09-15,693.08
8524,2025-09-22,717.28
8524,2025-09-29,698.24
8524,2025-10-06,685.55
8524,2025-10-13,670.9
8524,2025-10-20,706.05
8524,2025-10-27,705.08
8524,2025-11-03,715.82
8524,2025-11-10,723.63
8524,2025-11-17,732.42
8524,2025-11-24,806.64
8524,2025-12-01,814.45
8524,2025-12-08,806.64
8524,2025-12-15,832.03
8524,2025-12-22,821.29
8524,2025-12-29,834.57
8524,2026-01-05,908.39
8524,2026-01-12,945.79
8524,2026-01-19,926.1
8524,2026-01-26,906.42
8524,2026-02-02,961.53
8524,2026-02-09,997.95
8524,2026-02-16,1031.41
8524,2026-02-23,1080.62
8524,2026-03-02,987.12
8524,2026-03-09,932.01
8524,2026-03-16,916.26
8524,2026-03-23,956.61
8524,2026-03-30,990.87
8524,2026-04-06,1035.54
8524,2026-04-13,1038.52
8524,2026-04-20,923.35
8524,2026-04-27,982.92
8524,2026-05-04,973.99
8524,2026-05-11,987.89
8524,2026-05-18,999.8
8524,2026-05-25,966.04
8524,2026-06-01,985.9
8524,2026-06-08,1012.71
8524,2026-06-15,1009.73
8524,2026-06-22,1111.0
8524,2026-06-29,1141.0
8524,2026-07-06,1170.0
8524,2026-07-13,1114.0
8524,2026-07-20,1217.0
8524,2026-07-27,1157.0
8541,2025-08-04,1072.44
8541,2025-08-11,1129.6
8541,2025-08-18,1187.73
8541,2025-08-25,1169.32
8541,2025-09-01,1186.76
8541,2025-09-08,1189.67
8541,2025-09-15,1159.63
8541,2025-09-22,1195.48
8541,2025-09-29,1162.08
8541,2025-10-06,1133.59
8541,2025-10-13,1135.56
8541,2025-10-20,1202.36
8541,2025-10-27,1227.9
8541,2025-11-03,1227.9
8541,2025-11-10,1234.77
8541,2025-11-17,1242.63
8541,2025-11-24,1293.71
8541,2025-12-01,1341.85
8541,2025-12-08,1369.35
8541,2025-12-15,1382.12
8541,2025-12-22,1443.02
8541,2025-12-29,1463.65
8541,2026-01-05,1541.26
8541,2026-01-12,1639.49
8541,2026-01-19,1710.21
8541,2026-01-26,1667.97
8541,2026-02-02,1786.83
8541,2026-02-09,1918.47
8541,2026-02-16,1874.26
8541,2026-02-23,1859.53
8541,2026-03-02,1705.3
8541,2026-03-09,1587.42
8541,2026-03-16,1553.04
8541,2026-03-23,1611.0
8541,2026-03-30,1609.0
8541,2026-04-06,1721.0
8541,2026-04-13,1836.0
8541,2026-04-20,1722.0
8541,2026-04-27,1790.0
8541,2026-05-04,1857.0
8541,2026-05-11,1913.0
8541,2026-05-18,1984.0
8541,2026-05-25,1934.0
8541,2026-06-01,1992.0
8541,2026-06-08,2044.0
8541,2026-06-15,1945.0
8541,2026-06-22,2053.0
8541,2026-06-29,2210.0
8541,2026-07-06,2239.0
8541,2026-07-13,2317.0
8541,2026-07-20,2794.0
8541,2026-07-27,2781.0
8544,2025-08-04,1134.12
8544,2025-08-11,1188.68
8544,2025-08-18,1200.37
8544,2025-08-25,1180.89
8544,2025-09-01,1188.68
8544,2025-09-08,1214.99
8544,2025-09-15,1208.17
8544,2025-09-22,1250.06
8544,2025-09-29,1226.33
8544,2025-10-06,1242.15
8544,2025-10-13,1234.24
8544,2025-10-20,1254.02
8544,2025-10-27,1285.67
8544,2025-11-03,1306.43
8544,2025-11-10,1414.23
8544,2025-11-17,1427.09
8544,2025-11-24,1520.05
8544,2025-12-01,1625.87
8544,2025-12-08,1639.72
8544,2025-12-15,1609.06
8544,2025-12-22,1601.15
8544,2025-12-29,1645.65
8544,2026-01-05,1713.89
8544,2026-01-12,1828.61
8544,2026-01-19,1863.23
8544,2026-01-26,1832.57
8544,2026-02-02,2004.65
8544,2026-02-09,2123.33
8544,2026-02-16,2127.28
8544,2026-02-23,2227.17
8544,2026-03-02,2035.31
8544,2026-03-09,1981.9
8544,2026-03-16,1987.84
8544,2026-03-23,2063.0
8544,2026-03-30,2181.0
8544,2026-04-06,2263.0
8544,2026-04-13,2257.0
8544,2026-04-20,2105.0
8544,2026-04-27,2117.0
8544,2026-05-04,2111.0
8544,2026-05-11,2368.0
8544,2026-05-18,2480.0
8544,2026-05-25,2581.0
8544,2026-06-01,2429.0
8544,2026-06-08,2524.0
8544,2026-06-15,2421.0
8544,2026-06-22,2471.0
8544,2026-06-29,2638.0
8544,2026-07-06,2591.0
8544,2026-07-13,2469.0
8544,2026-07-20,2844.0
8544,2026-07-27,2650.0
8551,2025-08-04,3320.07
8551,2025-08-11,3521.29
8551,2025-08-18,3593.15
8551,2025-08-25,3636.27
8551,2025-09-01,3698.55
8551,2025-09-08,3703.34
8551,2025-09-15,3645.85
8551,2025-09-22,3808.74
8551,2025-09-29,3646.25
8551,2025-10-06,3553.26
8551,2025-10-13,3519.0
8551,2025-10-20,3665.82
8551,2025-10-27,3695.19
8551,2025-11-03,3675.61
8551,2025-11-10,4023.11
8551,2025-11-17,4116.1
8551,2025-11-24,4287.4
8551,2025-12-01,4204.2
8551,2025-12-08,4199.3
8551,2025-12-15,4238.46
8551,2025-12-22,4292.29
8551,2025-12-29,4424.44
8551,2026-01-05,4644.68
8551,2026-01-12,4904.08
8551,2026-01-19,4972.6
8551,2026-01-26,4585.95
8551,2026-02-02,4889.4
8551,2026-02-09,5119.43
8551,2026-02-16,5099.85
8551,2026-02-23,5187.95
8551,2026-03-02,4757.25
8551,2026-03-09,4561.48
8551,2026-03-16,4507.64
8551,2026-03-23,4630.0
8551,2026-03-30,4675.0
8551,2026-04-06,4900.0
8551,2026-04-13,5040.0
8551,2026-04-20,4660.0
8551,2026-04-27,4755.0
8551,2026-05-04,4785.0
8551,2026-05-11,5240.0
8551,2026-05-18,5500.0
8551,2026-05-25,5440.0
8551,2026-06-01,5320.0
8551,2026-06-08,5410.0
8551,2026-06-15,5200.0
8551,2026-06-22,5260.0
8551,2026-06-29,5680.0
8551,2026-07-06,5700.0
8551,2026-07-13,6030.0
8551,2026-07-20,6790.0
8551,2026-07-27,6650.0
8566,2025-08-04,5382.28
8566,2025-08-11,5508.35
8566,2025-08-18,5605.33
8566,2025-08-25,5469.56
8566,2025-09-01,5615.02
8566,2025-09-08,5682.91
8566,2025-09-15,5750.79
8566,2025-09-22,5886.56
8566,2025-09-29,5610.94
8566,2025-10-06,5650.31
8566,2025-10-13,5709.38
8566,2025-10-20,5709.38
8566,2025-10-27,5571.56
8566,2025-11-03,5473.12
8566,2025-11-10,5571.56
8566,2025-11-17,5670.0
8566,2025-11-24,5729.06
8566,2025-12-01,5591.25
8566,2025-12-08,5670.0
8566,2025-12-15,5660.16
8566,2025-12-22,5729.06
8566,2025-12-29,5748.75
8566,2026-01-05,5935.78
8566,2026-01-12,6004.69
8566,2026-01-19,5955.47
8566,2026-01-26,5896.41
8566,2026-02-02,5827.5
8566,2026-02-09,6083.44
8566,2026-02-16,6063.75
8566,2026-02-23,6309.84
8566,2026-03-02,6053.91
8566,2026-03-09,5866.88
8566,2026-03-16,5916.09
8566,2026-03-23,5985.0
8566,2026-03-30,5930.0
8566,2026-04-06,6020.0
8566,2026-04-13,6170.0
8566,2026-04-20,6030.0
8566,2026-04-27,6120.0
8566,2026-05-04,5960.0
8566,2026-05-11,6300.0
8566,2026-05-18,6000.0
8566,2026-05-25,6040.0
8566,2026-06-01,6000.0
8566,2026-06-08,6200.0
8566,2026-06-15,6150.0
8566,2026-06-22,6050.0
8566,2026-06-29,6240.0
8566,2026-07-06,6430.0
8566,2026-07-13,6580.0
8566,2026-07-20,6690.0
8566,2026-07-27,6720.0
8591,2025-08-04,3560.48
8591,2025-08-11,3678.03
8591,2025-08-18,3686.71
8591,2025-08-25,3690.56
8591,2025-09-01,3734.89
8591,2025-09-08,3806.19
8591,2025-09-15,3843.77
8591,2025-09-22,3815.83
8591,2025-09-29,3706.04
8591,2025-10-06,3724.79
8591,2025-10-13,3654.72
8591,2025-10-20,3730.71
8591,2025-10-27,3710.97
8591,2025-11-03,3779.07
8591,2025-11-10,3986.33
8591,2025-11-17,4023.84
8591,2025-11-24,4187.67
8591,2025-12-01,4225.18
8591,2025-12-08,4394.94
8591,2025-12-15,4405.79
8591,2025-12-22,4503.5
8591,2025-12-29,4494.62
8591,2026-01-05,4638.72
8591,2026-01-12,4780.84
8591,2026-01-19,4723.59
8591,2026-01-26,4632.79
8591,2026-02-02,4868.68
8591,2026-02-09,5372.03
8591,2026-02-16,5339.46
8591,2026-02-23,5470.72
8591,2026-03-02,4996.0
8591,2026-03-09,4715.7
8591,2026-03-16,4674.25
8591,2026-03-23,4718.66
8591,2026-03-30,4704.0
8591,2026-04-06,4879.0
8591,2026-04-13,5010.0
8591,2026-04-20,4846.0
8591,2026-04-27,5209.0
8591,2026-05-04,5277.0
8591,2026-05-11,5772.0
8591,2026-05-18,6230.0
8591,2026-05-25,6237.0
8591,2026-06-01,6113.0
8591,2026-06-08,6092.0
8591,2026-06-15,6325.0
8591,2026-06-22,6140.0
8591,2026-06-29,6331.0
8591,2026-07-06,6469.0
8591,2026-07-13,6203.0
8591,2026-07-20,6535.0
8591,2026-07-27,6410.0
8596,2025-08-04,1263.59
8596,2025-08-11,1300.05
8596,2025-08-18,1337.47
8596,2025-08-25,1362.42
8596,2025-09-01,1391.2
8596,2025-09-08,1403.67
8596,2025-09-15,1348.03
8596,2025-09-22,1366.26
8596,2025-09-29,1310.47
8596,2025-10-06,1318.3
8596,2025-10-13,1333.96
8596,2025-10-20,1348.64
8596,2025-10-27,1298.73
8596,2025-11-03,1267.41
8596,2025-11-10,1278.17
8596,2025-11-17,1281.11
8596,2025-11-24,1344.72
8596,2025-12-01,1286.98
8596,2025-12-08,1279.15
8596,2025-12-15,1325.15
8596,2025-12-22,1374.09
8596,2025-12-29,1378.0
8596,2026-01-05,1412.25
8596,2026-01-12,1441.62
8596,2026-01-19,1394.64
8596,2026-01-26,1407.36
8596,2026-02-02,1463.15
8596,2026-02-09,1496.42
8596,2026-02-16,1479.78
8596,2026-02-23,1485.66
8596,2026-03-02,1431.83
8596,2026-03-09,1397.57
8596,2026-03-16,1377.02
8596,2026-03-23,1378.0
8596,2026-03-30,1402.0
8596,2026-04-06,1413.0
8596,2026-04-13,1410.0
8596,2026-04-20,1398.0
8596,2026-04-27,1390.0
8596,2026-05-04,1417.0
8596,2026-05-11,1443.0
8596,2026-05-18,1445.0
8596,2026-05-25,1425.0
8596,2026-06-01,1393.0
8596,2026-06-08,1419.0
8596,2026-06-15,1444.0
8596,2026-06-22,1430.0
8596,2026-06-29,1467.0
8596,2026-07-06,1461.0
8596,2026-07-13,1450.0
8596,2026-07-20,1508.0
8596,2026-07-27,1579.0
8600,2025-08-04,598.96
8600,2025-08-11,622.14
8600,2025-08-18,637.6
8600,2025-08-25,614.42
8600,2025-09-01,629.87
8600,2025-09-08,634.7
8600,2025-09-15,639.53
8600,2025-09-22,662.72
8600,2025-09-29,647.95
8600,2025-10-06,645.98
8600,2025-10-13,639.09
8600,2025-10-20,667.64
8600,2025-10-27,672.57
8600,2025-11-03,694.23
8600,2025-11-10,685.37
8600,2025-11-17,692.26
8600,2025-11-24,736.57
8600,2025-12-01,738.54
8600,2025-12-08,743.47
8600,2025-12-15,751.34
8600,2025-12-22,753.31
8600,2025-12-29,772.02
8600,2026-01-05,798.61
8600,2026-01-12,854.74
8600,2026-01-19,860.65
8600,2026-01-26,859.66
8600,2026-02-02,917.76
8600,2026-02-09,949.27
8600,2026-02-16,961.09
8600,2026-02-23,967.98
8600,2026-03-02,884.28
8600,2026-03-09,845.88
8600,2026-03-16,838.98
8600,2026-03-23,838.0
8600,2026-03-30,888.0
8600,2026-04-06,924.0
8600,2026-04-13,939.0
8600,2026-04-20,866.0
8600,2026-04-27,892.0
8600,2026-05-04,889.0
8600,2026-05-11,878.0
8600,2026-05-18,888.0
8600,2026-05-25,876.0
8600,2026-06-01,852.0
8600,2026-06-08,890.0
8600,2026-06-15,861.0
8600,2026-06-22,876.0
8600,2026-06-29,895.0
8600,2026-07-06,910.0
8600,2026-07-13,908.0
8600,2026-07-20,1024.0
8600,2026-07-27,997.0
8609,2025-08-04,622.31
8609,2025-08-11,638.36
8609,2025-08-18,632.69
8609,2025-08-25,645.92
8609,2025-09-01,644.03
8609,2025-09-08,650.64
8609,2025-09-15,657.25
8609,2025-09-22,660.08
8609,2025-09-29,633.64
8609,2025-10-06,637.42
8609,2025-10-13,646.86
8609,2025-10-20,653.47
8609,2025-10-27,653.47
8609,2025-11-03,640.25
8609,2025-11-10,674.24
8609,2025-11-17,677.08
8609,2025-11-24,682.74
8609,2025-12-01,678.97
8609,2025-12-08,695.96
8609,2025-12-15,691.24
8609,2025-12-22,711.07
8609,2025-12-29,710.13
8609,2026-01-05,748.85
8609,2026-01-12,827.22
8609,2026-01-19,820.61
8609,2026-01-26,834.78
8609,2026-02-02,879.16
8609,2026-02-09,900.88
8609,2026-02-16,902.77
8609,2026-02-23,941.49
8609,2026-03-02,827.22
8609,2026-03-09,802.67
8609,2026-03-16,825.34
8609,2026-03-23,848.0
8609,2026-03-30,866.0
8609,2026-04-06,903.0
8609,2026-04-13,911.0
8609,2026-04-20,883.0
8609,2026-04-27,905.0
8609,2026-05-04,890.0
8609,2026-05-11,930.0
8609,2026-05-18,918.0
8609,2026-05-25,941.0
8609,2026-06-01,938.0
8609,2026-06-08,941.0
8609,2026-06-15,949.0
8609,2026-06-22,959.0
8609,2026-06-29,997.0
8609,2026-07-06,1016.0
8609,2026-07-13,1022.0
8609,2026-07-20,1056.0
8609,2026-07-27,1115.0
8613,2025-08-04,879.66
8613,2025-08-11,890.85
8613,2025-08-18,887.12
8613,2025-08-25,896.45
8613,2025-09-01,909.51
8613,2025-09-08,904.85
8613,2025-09-15,914.17
8613,2025-09-22,914.17
8613,2025-09-29,889.1
8613,2025-10-06,900.67
8613,2025-10-13,910.32
8613,2025-10-20,901.64
8613,2025-10-27,894.89
8613,2025-11-03,893.92
8613,2025-11-10,916.1
8613,2025-11-17,922.85
8613,2025-11-24,943.1
8613,2025-12-01,932.5
8613,2025-12-08,945.03
8613,2025-12-15,956.6
8613,2025-12-22,981.68
8613,2025-12-29,978.78
8613,2026-01-05,1010.61
8613,2026-01-12,1036.64
8613,2026-01-19,1032.79
8613,2026-01-26,1019.29
8613,2026-02-02,1036.64
8613,2026-02-09,1048.21
8613,2026-02-16,1042.43
8613,2026-02-23,1078.11
8613,2026-03-02,1007.71
8613,2026-03-09,974.93
8613,2026-03-16,1026.04
8613,2026-03-23,1027.0
8613,2026-03-30,1047.0
8613,2026-04-06,1060.0
8613,2026-04-13,1077.0
8613,2026-04-20,1024.0
8613,2026-04-27,1047.0
8613,2026-05-04,1031.0
8613,2026-05-11,1063.0
8613,2026-05-18,1063.0
8613,2026-05-25,1037.0
8613,2026-06-01,1054.0
8613,2026-06-08,1057.0
8613,2026-06-15,1040.0
8613,2026-06-22,1056.0
8613,2026-06-29,1080.0
8613,2026-07-06,1119.0
8613,2026-07-13,1141.0
8613,2026-07-20,1136.0
8613,2026-07-27,1216.0
8616,2025-08-04,523.73
8616,2025-08-11,538.59
8616,2025-08-18,548.8
8616,2025-08-25,543.23
8616,2025-09-01,549.73
8616,2025-09-08,548.8
8616,2025-09-15,551.59
8616,2025-09-22,570.16
8616,2025-09-29,549.94
8616,2025-10-06,557.64
8616,2025-10-13,557.64
8616,2025-10-20,556.68
8616,2025-10-27,550.9
8616,2025-11-03,568.23
8616,2025-11-10,589.42
8616,2025-11-17,597.13
8616,2025-11-24,623.13
8616,2025-12-01,619.28
8616,2025-12-08,647.21
8616,2025-12-15,641.43
8616,2025-12-22,659.73
8616,2025-12-29,661.66
8616,2026-01-05,689.59
8616,2026-01-12,724.26
8616,2026-01-19,715.59
8616,2026-01-26,712.7
8616,2026-02-02,726.18
8616,2026-02-09,738.7
8616,2026-02-16,744.48
8616,2026-02-23,799.38
8616,2026-03-02,732.93
8616,2026-03-09,714.63
8616,2026-03-16,720.41
8616,2026-03-23,731.0
8616,2026-03-30,737.0
8616,2026-04-06,750.0
8616,2026-04-13,755.0
8616,2026-04-20,716.0
8616,2026-04-27,688.0
8616,2026-05-04,692.0
8616,2026-05-11,710.0
8616,2026-05-18,704.0
8616,2026-05-25,694.0
8616,2026-06-01,709.0
8616,2026-06-08,728.0
8616,2026-06-15,740.0
8616,2026-06-22,764.0
8616,2026-06-29,766.0
8616,2026-07-06,776.0
8616,2026-07-13,778.0
8616,2026-07-20,812.0
8616,2026-07-27,802.0
8622,2025-08-04,492.52
8622,2025-08-11,503.75
8622,2025-08-18,514.05
8622,2025-08-25,516.86
8622,2025-09-01,520.61
8622,2025-09-08,515.93
8622,2025-09-15,535.59
8622,2025-09-22,539.33
8622,2025-09-29,507.61
8622,2025-10-06,509.53
8622,2025-10-13,510.49
8622,2025-10-20,504.72
8622,2025-10-27,493.19
8622,2025-11-03,494.15
8622,2025-11-10,508.57
8622,2025-11-17,507.61
8622,2025-11-24,515.3
8622,2025-12-01,510.49
8622,2025-12-08,524.91
8622,2025-12-15,521.07
8622,2025-12-22,541.26
8622,2025-12-29,532.6
8622,2026-01-05,547.99
8622,2026-01-12,576.83
8622,2026-01-19,577.79
8622,2026-01-26,577.79
8622,2026-02-02,593.17
8622,2026-02-09,606.63
8622,2026-02-16,605.67
8622,2026-02-23,657.58
8622,2026-03-02,691.23
8622,2026-03-09,703.73
8622,2026-03-16,704.69
8622,2026-03-23,697.0
8622,2026-03-30,707.0
8622,2026-04-06,709.0
8622,2026-04-13,715.0
8622,2026-04-20,667.0
8622,2026-04-27,652.0
8622,2026-05-04,653.0
8622,2026-05-11,652.0
8622,2026-05-18,652.0
8622,2026-05-25,632.0
8622,2026-06-01,639.0
8622,2026-06-08,658.0
8622,2026-06-15,658.0
8622,2026-06-22,657.0
8622,2026-06-29,672.0
8622,2026-07-06,697.0
8622,2026-07-13,713.0
8622,2026-07-20,780.0
8622,2026-07-27,815.0
8630,2025-08-04,4576.16
8630,2025-08-11,4650.02
8630,2025-08-18,4584.91
8630,2025-08-25,4622.81
8630,2025-09-01,4638.36
8630,2025-09-08,4616.98
8630,2025-09-15,4553.81
8630,2025-09-22,4501.34
8630,2025-09-29,4398.61
8630,2025-10-06,4760.14
8630,2025-10-13,4491.46
8630,2025-10-20,4556.65
8630,2025-10-27,4650.49
8630,2025-11-03,4579.37
8630,2025-11-10,4627.77
8630,2025-11-17,4966.58
8630,2025-11-24,4892.5
8630,2025-12-01,4943.86
8630,2025-12-08,5136.48
8630,2025-12-15,5198.71
8630,2025-12-22,5238.22
8630,2025-12-29,5270.82
8630,2026-01-05,5564.19
8630,2026-01-12,5647.17
8630,2026-01-19,5462.45
8630,2026-01-26,5251.07
8630,2026-02-02,5737.06
8630,2026-02-09,5893.13
8630,2026-02-16,5831.88
8630,2026-02-23,6168.72
8630,2026-03-02,5933.62
8630,2026-03-09,5757.8
8630,2026-03-16,5779.53
8630,2026-03-23,6065.0
8630,2026-03-30,6017.0
8630,2026-04-06,5976.0
8630,2026-04-13,5898.0
8630,2026-04-20,5837.0
8630,2026-04-27,5705.0
8630,2026-05-04,5762.0
8630,2026-05-11,6100.0
8630,2026-05-18,5676.0
8630,2026-05-25,5958.0
8630,2026-06-01,5898.0
8630,2026-06-08,6149.0
8630,2026-06-15,6342.0
8630,2026-06-22,6126.0
8630,2026-06-29,6635.0
8630,2026-07-06,6513.0
8630,2026-07-13,6630.0
8630,2026-07-20,7051.0
8630,2026-07-27,7113.0
8697,2025-08-04,1494.26
8697,2025-08-11,1619.91
8697,2025-08-18,1575.94
8697,2025-08-25,1496.68
8697,2025-09-01,1481.7
8697,2025-09-08,1520.36
8697,2025-09-15,1510.69
8697,2025-09-22,1633.44
8697,2025-09-29,1654.05
8697,2025-10-06,1716.83
8697,2025-10-13,1717.81
8697,2025-10-20,1732.04
8697,2025-10-27,1696.72
8697,2025-11-03,1708.98
8697,2025-11-10,1755.09
8697,2025-11-17,1717.32
8697,2025-11-24,1757.55
8697,2025-12-01,1704.08
8697,2025-12-08,1705.06
8697,2025-12-15,1632.95
8697,2025-12-22,1665.33
8697,2025-12-29,1644.24
8697,2026-01-05,1730.57
8697,2026-01-12,1747.25
8697,2026-01-19,1729.59
8697,2026-01-26,1655.03
8697,2026-02-02,1617.26
8697,2026-02-09,1787.96
8697,2026-02-16,1841.43
8697,2026-02-23,2095.03
8697,2026-03-02,2003.3
8697,2026-03-09,1819.35
8697,2026-03-16,1807.09
8697,2026-03-23,1863.5
8697,2026-03-30,1886.5
8697,2026-04-06,1948.5
8697,2026-04-13,1900.0
8697,2026-04-20,1835.5
8697,2026-04-27,1862.0
8697,2026-05-04,1861.5
8697,2026-05-11,1767.5
8697,2026-05-18,1980.5
8697,2026-05-25,1951.0
8697,2026-06-01,2004.0
8697,2026-06-08,2121.5
8697,2026-06-15,2125.5
8697,2026-06-22,2012.0
8697,2026-06-29,2179.0
8697,2026-07-06,2176.5
8697,2026-07-13,2142.0
8697,2026-07-20,2222.0
8697,2026-07-27,2192.5
8700,2025-08-04,1535.22
8700,2025-08-11,1554.15
8700,2025-08-18,1556.04
8700,2025-08-25,1554.15
8700,2025-09-01,1552.25
8700,2025-09-08,1529.54
8700,2025-09-15,1533.32
8700,2025-09-22,1548.47
8700,2025-09-29,1540.89
8700,2025-10-06,1550.36
8700,2025-10-13,1538.06
8700,2025-10-20,1542.79
8700,2025-10-27,1538.06
8700,2025-11-03,1516.29
8700,2025-11-10,1512.5
8700,2025-11-17,1546.57
8700,2025-11-24,1552.25
8700,2025-12-01,1557.93
8700,2025-12-08,1565.5
8700,2025-12-15,1553.2
8700,2025-12-22,1561.72
8700,2025-12-29,1591.06
8700,2026-01-05,1614.72
8700,2026-01-12,1636.49
8700,2026-01-19,1684.76
8700,2026-01-26,1693.28
8700,2026-02-02,1678.14
8700,2026-02-09,1684.76
8700,2026-02-16,1691.39
8700,2026-02-23,1690.44
8700,2026-03-02,1646.9
8700,2026-03-09,1651.63
8700,2026-03-16,1642.17
8700,2026-03-23,1769.0
8700,2026-03-30,1756.0
8700,2026-04-06,1814.0
8700,2026-04-13,1795.0
8700,2026-04-20,1763.0
8700,2026-04-27,1746.0
8700,2026-05-04,1769.0
8700,2026-05-11,1745.0
8700,2026-05-18,1746.0
8700,2026-05-25,1751.0
8700,2026-06-01,1721.0
8700,2026-06-08,1744.0
8700,2026-06-15,1745.0
8700,2026-06-22,1750.0
8700,2026-06-29,1780.0
8700,2026-07-06,1843.0
8700,2026-07-13,1853.0
8700,2026-07-20,1987.0
8700,2026-07-27,1975.0
8708,2025-08-04,1245.27
8708,2025-08-11,1282.14
8708,2025-08-18,1282.14
8708,2025-08-25,1307.03
8708,2025-09-01,1324.54
8708,2025-09-08,1304.26
8708,2025-09-15,1317.17
8708,2025-09-22,1318.09
8708,2025-09-29,1256.09
8708,2025-10-06,1235.11
8708,2025-10-13,1262.77
8708,2025-10-20,1249.42
8708,2025-10-27,1246.56
8708,2025-11-03,1205.54
8708,2025-11-10,1277.08
8708,2025-11-17,1275.17
8708,2025-11-24,1285.66
8708,2025-12-01,1274.21
8708,2025-12-08,1276.12
8708,2025-12-15,1312.36
8708,2025-12-22,1352.42
8708,2025-12-29,1333.35
8708,2026-01-05,1356.24
8708,2026-01-12,1385.8
8708,2026-01-19,1378.17
8708,2026-01-26,1351.47
8708,2026-02-02,1366.73
8708,2026-02-09,1395.34
8708,2026-02-16,1410.6
8708,2026-02-23,1476.41
8708,2026-03-02,1389.62
8708,2026-03-09,1411.55
8708,2026-03-16,1411.55
8708,2026-03-23,1423.0
8708,2026-03-30,1532.0
8708,2026-04-06,1618.0
8708,2026-04-13,1631.0
8708,2026-04-20,1409.0
8708,2026-04-27,1439.0
8708,2026-05-04,1456.0
8708,2026-05-11,1479.0
8708,2026-05-18,1495.0
8708,2026-05-25,1420.0
8708,2026-06-01,1434.0
8708,2026-06-08,1473.0
8708,2026-06-15,1466.0
8708,2026-06-22,1461.0
8708,2026-06-29,1554.0
8708,2026-07-06,1584.0
8708,2026-07-13,1592.0
8708,2026-07-20,1649.0
8708,2026-07-27,1707.0
8714,2025-08-04,625.42
8714,2025-08-11,659.3
8714,2025-08-18,637.03
8714,2025-08-25,627.35
8714,2025-09-01,619.61
8714,2025-09-08,619.61
8714,2025-09-15,605.08
8714,2025-09-22,629.29
8714,2025-09-29,635.68
8714,2025-10-06,628.8
8714,2025-10-13,628.8
8714,2025-10-20,636.67
8714,2025-10-27,654.38
8714,2025-11-03,661.27
8714,2025-11-10,689.81
8714,2025-11-17,722.28
8714,2025-11-24,769.51
8714,2025-12-01,770.5
8714,2025-12-08,761.64
8714,2025-12-15,771.48
8714,2025-12-22,762.62
8714,2025-12-29,778.37
8714,2026-01-05,810.84
8714,2026-01-12,849.22
8714,2026-01-19,849.22
8714,2026-01-26,802.97
8714,2026-02-02,879.72
8714,2026-02-09,906.29
8714,2026-02-16,922.04
8714,2026-02-23,908.26
8714,2026-03-02,829.54
8714,2026-03-09,781.32
8714,2026-03-16,774.43
8714,2026-03-23,893.5
8714,2026-03-30,915.0
8714,2026-04-06,999.0
8714,2026-04-13,936.0
8714,2026-04-20,898.0
8714,2026-04-27,917.0
8714,2026-05-04,914.0
8714,2026-05-11,955.0
8714,2026-05-18,971.0
8714,2026-05-25,964.0
8714,2026-06-01,993.0
8714,2026-06-08,1009.0
8714,2026-06-15,979.0
8714,2026-06-22,975.0
8714,2026-06-29,1016.0
8714,2026-07-06,1010.0
8714,2026-07-13,985.0
8714,2026-07-20,1047.0
8714,2026-07-27,946.0
8725,2025-08-04,3223.16
8725,2025-08-11,3448.32
8725,2025-08-18,3478.98
8725,2025-08-25,3317.05
8725,2025-09-01,3349.63
8725,2025-09-08,3345.8
8725,2025-09-15,3267.23
8725,2025-09-22,3270.11
8725,2025-09-29,3209.81
8725,2025-10-06,3302.95
8725,2025-10-13,3194.13
8725,2025-10-20,3197.07
8725,2025-10-27,3123.54
8725,2025-11-03,3137.26
8725,2025-11-10,3280.4
8725,2025-11-17,3366.67
8725,2025-11-24,3397.07
8725,2025-12-01,3450.99
8725,2025-12-08,3644.13
8725,2025-12-15,3677.46
8725,2025-12-22,3554.91
8725,2025-12-29,3610.79
8725,2026-01-05,3775.5
8725,2026-01-12,3977.46
8725,2026-01-19,3901.97
8725,2026-01-26,3854.91
8725,2026-02-02,4077.46
8725,2026-02-09,4107.85
8725,2026-02-16,4235.3
8725,2026-02-23,4290.21
8725,2026-03-02,4041.19
8725,2026-03-09,3912.75
8725,2026-03-16,3949.03
8725,2026-03-23,4125.5
8725,2026-03-30,4136.0
8725,2026-04-06,4077.0
8725,2026-04-13,4055.0
8725,2026-04-20,3946.0
8725,2026-04-27,3996.0
8725,2026-05-04,3978.0
8725,2026-05-11,4391.0
8725,2026-05-18,4245.0
8725,2026-05-25,4287.0
8725,2026-06-01,4325.0
8725,2026-06-08,4597.0
8725,2026-06-15,4551.0
8725,2026-06-22,4241.0
8725,2026-06-29,4454.0
8725,2026-07-06,4428.0
8725,2026-07-13,4483.0
8725,2026-07-20,4898.0
8725,2026-07-27,4924.0
8750,2025-08-04,1161.2
8750,2025-08-11,1207.73
8750,2025-08-18,1222.6
8750,2025-08-25,1176.55
8750,2025-09-01,1171.28
8750,2025-09-08,1189.02
8750,2025-09-15,1134.82
8750,2025-09-22,1146.82
8750,2025-09-29,1083.67
8750,2025-10-06,1104.23
8750,2025-10-13,1063.12
8750,2025-10-20,1071.44
8750,2025-10-27,1062.14
8750,2025-11-03,1067.03
8750,2025-11-10,1193.31
8750,2025-11-17,1210.45
8750,2025-11-24,1192.83
8750,2025-12-01,1195.27
8750,2025-12-08,1247.65
8750,2025-12-15,1282.4
8750,2025-12-22,1268.69
8750,2025-12-29,1276.03
8750,2026-01-05,1339.18
8750,2026-01-12,1384.21
8750,2026-01-19,1324.49
8750,2026-01-26,1324.0
8750,2026-02-02,1406.23
8750,2026-02-09,1456.65
8750,2026-02-16,1529.09
8750,2026-02-23,1577.05
8750,2026-03-02,1507.55
8750,2026-03-09,1391.06
8750,2026-03-16,1370.5
8750,2026-03-23,1417.0
8750,2026-03-30,1472.5
8750,2026-04-06,1482.0
8750,2026-04-13,1459.5
8750,2026-04-20,1410.5
8750,2026-04-27,1423.0
8750,2026-05-04,1438.5
8750,2026-05-11,1618.0
8750,2026-05-18,1650.5
8750,2026-05-25,1636.0
8750,2026-06-01,1662.5
8750,2026-06-08,1753.5
8750,2026-06-15,1814.5
8750,2026-06-22,1726.5
8750,2026-06-29,1843.0
8750,2026-07-06,1861.0
8750,2026-07-13,1799.0
8750,2026-07-20,1925.0
8750,2026-07-27,1918.5
8766,2025-08-04,6052.9
8766,2025-08-11,6432.54
8766,2025-08-18,6359.9
8766,2025-08-25,6199.14
8766,2025-09-01,6267.9
8766,2025-09-08,6254.34
8766,2025-09-15,6126.5
8766,2025-09-22,6078.08
8766,2025-09-29,6057.88
8766,2025-10-06,6233.22
8766,2025-10-13,5885.51
8766,2025-10-20,5852.02
8766,2025-10-27,5695.4
8766,2025-11-03,5751.54
8766,2025-11-10,5833.3
8766,2025-11-17,5458.01
8766,2025-11-24,5426.49
8766,2025-12-01,5446.19
8766,2025-12-08,5678.65
8766,2025-12-15,5864.82
8766,2025-12-22,5716.08
8766,2025-12-29,5729.87
8766,2026-01-05,5865.81
8766,2026-01-12,5944.61
8766,2026-01-19,5772.23
8766,2026-01-26,5641.22
8766,2026-02-02,5950.52
8766,2026-02-09,6202.68
8766,2026-02-16,6378.02
8766,2026-02-23,6429.24
8766,2026-03-02,6076.6
8766,2026-03-09,5816.55
8766,2026-03-16,5941.65
8766,2026-03-23,7398.5
8766,2026-03-30,7243.0
8766,2026-04-06,7095.0
8766,2026-04-13,6933.0
8766,2026-04-20,7176.0
8766,2026-04-27,7093.0
8766,2026-05-04,7030.0
8766,2026-05-11,7568.0
8766,2026-05-18,7381.0
8766,2026-05-25,7111.0
8766,2026-06-01,6996.0
8766,2026-06-08,7325.0
8766,2026-06-15,7194.0
8766,2026-06-22,6903.0
8766,2026-06-29,7584.0
8766,2026-07-06,7609.0
8766,2026-07-13,7526.0
8766,2026-07-20,8116.0
8766,2026-07-27,8114.0
8795,2025-08-04,3753.98
8795,2025-08-11,3855.44
8795,2025-08-18,3820.66
8795,2025-08-25,3728.86
8795,2025-09-01,3801.33
8795,2025-09-08,3807.13
8795,2025-09-15,3535.61
8795,2025-09-22,3506.62
8795,2025-09-29,3409.29
8795,2025-10-06,3462.38
8795,2025-10-13,3298.21
8795,2025-10-20,3326.72
8795,2025-10-27,3264.78
8795,2025-11-03,3194.0
8795,2025-11-10,3273.63
8795,2025-11-17,3310.99
8795,2025-11-24,3335.56
8795,2025-12-01,3424.04
8795,2025-12-08,3437.8
8795,2025-12-15,3561.67
8795,2025-12-22,3584.28
8795,2025-12-29,3553.8
8795,2026-01-05,3747.47
8795,2026-01-12,3911.64
8795,2026-01-19,3727.81
8795,2026-01-26,3738.62
8795,2026-02-02,3997.17
8795,2026-02-09,4040.43
8795,2026-02-16,3944.08
8795,2026-02-23,4142.67
8795,2026-03-02,3880.18
8795,2026-03-09,3649.16
8795,2026-03-16,3671.77
8795,2026-03-23,3949.0
8795,2026-03-30,4152.0
8795,2026-04-06,4024.0
8795,2026-04-13,4000.0
8795,2026-04-20,3680.0
8795,2026-04-27,3782.0
8795,2026-05-04,3878.0
8795,2026-05-11,3949.0
8795,2026-05-18,4118.0
8795,2026-05-25,4194.0
8795,2026-06-01,4390.0
8795,2026-06-08,4712.0
8795,2026-06-15,4894.0
8795,2026-06-22,4682.0
8795,2026-06-29,4954.0
8795,2026-07-06,4916.0
8795,2026-07-13,4793.0
8795,2026-07-20,5104.0
8795,2026-07-27,5088.0
8935,2025-08-04,1313.12
8935,2025-08-11,1340.0
8935,2025-08-18,1416.79
8935,2025-08-25,1392.79
8935,2025-09-01,1562.69
8935,2025-09-08,1536.77
8935,2025-09-15,1520.45
8935,2025-09-22,1553.09
8935,2025-09-29,1493.51
8935,2025-10-06,1458.34
8935,2025-10-13,1473.97
8935,2025-10-20,1536.49
8935,2025-10-27,1474.95
8935,2025-11-03,1383.13
8935,2025-11-10,1418.29
8935,2025-11-17,1446.62
8935,2025-11-24,1433.92
8935,2025-12-01,1368.48
8935,2025-12-08,1359.69
8935,2025-12-15,1374.34
8935,2025-12-22,1411.46
8935,2025-12-29,1414.39
8935,2026-01-05,1468.11
8935,2026-01-12,1507.18
8935,2026-01-19,1469.09
8935,2026-01-26,1430.99
8935,2026-02-02,1666.4
8935,2026-02-09,1780.68
8935,2026-02-16,1829.52
8935,2026-02-23,1902.78
8935,2026-03-02,1771.89
8935,2026-03-09,1680.07
8935,2026-03-16,1636.12
8935,2026-03-23,1599.0
8935,2026-03-30,1591.0
8935,2026-04-06,1615.0
8935,2026-04-13,1546.0
8935,2026-04-20,1504.0
8935,2026-04-27,1489.0
8935,2026-05-04,1484.0
8935,2026-05-11,1703.0
8935,2026-05-18,1798.0
8935,2026-05-25,1867.0
8935,2026-06-01,1786.0
8935,2026-06-08,1752.0
8935,2026-06-15,1756.0
8935,2026-06-22,1749.0
8935,2026-06-29,1788.0
8935,2026-07-06,1826.0
8935,2026-07-13,1781.0
8935,2026-07-20,1832.0
8935,2026-07-27,1910.0
9001,2025-08-04,2523.49
9001,2025-08-11,2559.09
9001,2025-08-18,2615.18
9001,2025-08-25,2613.23
9001,2025-09-01,2694.68
9001,2025-09-08,2651.27
9001,2025-09-15,2632.25
9001,2025-09-22,2692.24
9001,2025-09-29,2587.12
9001,2025-10-06,2496.31
9001,2025-10-13,2501.74
9001,2025-10-20,2534.31
9001,2025-10-27,2451.4
9001,2025-11-03,2479.53
9001,2025-11-10,2514.08
9001,2025-11-17,2563.43
9001,2025-11-24,2592.55
9001,2025-12-01,2510.62
9001,2025-12-08,2526.91
9001,2025-12-15,2561.95
9001,2025-12-22,2620.19
9001,2025-12-29,2606.37
9001,2026-01-05,2653.25
9001,2026-01-12,2704.58
9001,2026-01-19,2728.27
9001,2026-01-26,2691.75
9001,2026-02-02,2923.71
9001,2026-02-09,2972.08
9001,2026-02-16,3018.47
9001,2026-02-23,3105.33
9001,2026-03-02,2930.62
9001,2026-03-09,2829.94
9001,2026-03-16,2839.32
9001,2026-03-23,2863.5
9001,2026-03-30,2950.0
9001,2026-04-06,2942.5
9001,2026-04-13,2877.5
9001,2026-04-20,2775.0
9001,2026-04-27,2857.5
9001,2026-05-04,2830.5
9001,2026-05-11,2828.5
9001,2026-05-18,2788.5
9001,2026-05-25,2783.0
9001,2026-06-01,2832.0
9001,2026-06-08,2839.0
9001,2026-06-15,2862.0
9001,2026-06-22,2924.0
9001,2026-06-29,2902.0
9001,2026-07-06,2915.5
9001,2026-07-13,3054.0
9001,2026-07-20,3012.0
9001,2026-07-27,3096.0
9006,2025-08-04,1572.11
9006,2025-08-11,1540.08
9006,2025-08-18,1549.79
9006,2025-08-25,1504.16
9006,2025-09-01,1527.94
9006,2025-09-08,1536.2
9006,2025-09-15,1494.94
9006,2025-09-22,1514.84
9006,2025-09-29,1447.35
9006,2025-10-06,1422.72
9006,2025-10-13,1403.01
9006,2025-10-20,1404.98
9006,2025-10-27,1415.82
9006,2025-11-03,1452.27
9006,2025-11-10,1496.61
9006,2025-11-17,1500.55
9006,2025-11-24,1506.46
9006,2025-12-01,1469.02
9006,2025-12-08,1471.49
9006,2025-12-15,1504.0
9006,2025-12-22,1515.82
9006,2025-12-29,1510.9
9006,2026-01-05,1528.14
9006,2026-01-12,1532.57
9006,2026-01-19,1525.68
9006,2026-01-26,1497.6
9006,2026-02-02,1568.54
9006,2026-02-09,1506.46
9006,2026-02-16,1517.3
9006,2026-02-23,1541.44
9006,2026-03-02,1479.37
9006,2026-03-09,1461.63
9006,2026-03-16,1475.43
9006,2026-03-23,1537.5
9006,2026-03-30,1605.5
9006,2026-04-06,1583.0
9006,2026-04-13,1550.0
9006,2026-04-20,1554.0
9006,2026-04-27,1536.5
9006,2026-05-04,1514.0
9006,2026-05-11,1578.0
9006,2026-05-18,1527.5
9006,2026-05-25,1509.0
9006,2026-06-01,1450.5
9006,2026-06-08,1488.0
9006,2026-06-15,1448.5
9006,2026-06-22,1447.0
9006,2026-06-29,1502.0
9006,2026-07-06,1543.5
9006,2026-07-13,1589.0
9006,2026-07-20,1557.5
9006,2026-07-27,1557.0
9007,2025-08-04,1673.69
9007,2025-08-11,1653.85
9007,2025-08-18,1694.98
9007,2025-08-25,1631.11
9007,2025-09-01,1686.27
9007,2025-09-08,1665.94
9007,2025-09-15,1662.07
9007,2025-09-22,1667.4
9007,2025-09-29,1604.06
9007,2025-10-06,1585.4
9007,2025-10-13,1574.6
9007,2025-10-20,1610.93
9007,2025-10-27,1600.62
9007,2025-11-03,1605.53
9007,2025-11-10,1621.24
9007,2025-11-17,1742.03
9007,2025-11-24,1737.61
9007,2025-12-01,1629.1
9007,2025-12-08,1662.0
9007,2025-12-15,1678.69
9007,2025-12-22,1700.29
9007,2025-12-29,1677.22
9007,2026-01-05,1679.18
9007,2026-01-12,1666.41
9007,2026-01-19,1666.41
9007,2026-01-26,1627.14
9007,2026-02-02,1671.82
9007,2026-02-09,1689.98
9007,2026-02-16,1712.57
9007,2026-02-23,1760.19
9007,2026-03-02,1635.97
9007,2026-03-09,1602.09
9007,2026-03-16,1624.68
9007,2026-03-23,1634.5
9007,2026-03-30,1707.5
9007,2026-04-06,1704.5
9007,2026-04-13,1645.5
9007,2026-04-20,1587.5
9007,2026-04-27,1595.0
9007,2026-05-04,1582.5
9007,2026-05-11,1704.0
9007,2026-05-18,1660.5
9007,2026-05-25,1617.5
9007,2026-06-01,1664.0
9007,2026-06-08,1682.5
9007,2026-06-15,1617.5
9007,2026-06-22,1657.5
9007,2026-06-29,1677.5
9007,2026-07-06,1699.5
9007,2026-07-13,1757.0
9007,2026-07-20,1733.5
9007,2026-07-27,1765.5
9008,2025-08-04,722.12
9008,2025-08-11,727.57
9008,2025-08-18,726.59
9008,2025-08-25,721.73
9008,2025-09-01,752.27
9008,2025-09-08,759.46
9008,2025-09-15,756.54
9008,2025-09-22,773.27
9008,2025-09-29,760.06
9008,2025-10-06,752.37
9008,2025-10-13,740.53
9008,2025-10-20,746.25
9008,2025-10-27,721.21
9008,2025-11-03,720.02
9008,2025-11-10,758.08
9008,2025-11-17,787.47
9008,2025-11-24,803.44
9008,2025-12-01,769.92
9008,2025-12-08,792.2
9008,2025-12-15,792.0
9008,2025-12-22,803.64
9008,2025-12-29,799.5
9008,2026-01-05,805.61
9008,2026-01-12,790.03
9008,2026-01-19,778.0
9008,2026-01-26,760.65
9008,2026-02-02,783.13
9008,2026-02-09,803.84
9008,2026-02-16,812.91
9008,2026-02-23,827.7
9008,2026-03-02,785.1
9008,2026-03-09,761.44
9008,2026-03-16,764.59
9008,2026-03-23,778.2
9008,2026-03-30,809.4
9008,2026-04-06,804.0
9008,2026-04-13,793.0
9008,2026-04-20,754.5
9008,2026-04-27,748.1
9008,2026-05-04,747.0
9008,2026-05-11,775.5
9008,2026-05-18,751.1
9008,2026-05-25,737.9
9008,2026-06-01,730.4
9008,2026-06-08,739.7
9008,2026-06-15,747.9
9008,2026-06-22,739.4
9008,2026-06-29,748.2
9008,2026-07-06,746.0
9008,2026-07-13,790.4
9008,2026-07-20,784.0
9008,2026-07-27,809.8
9010,2025-08-04,2071.15
9010,2025-08-11,2087.93
9010,2025-08-18,2066.21
9010,2025-08-25,2112.61
9010,2025-09-01,2343.61
9010,2025-09-08,2373.23
9010,2025-09-15,2578.57
9010,2025-09-22,2592.39
9010,2025-09-29,2533.16
9010,2025-10-06,2482.81
9010,2025-10-13,2424.56
9010,2025-10-20,2448.26
9010,2025-10-27,2448.26
9010,2025-11-03,2300.18
9010,2025-11-10,2166.9
9010,2025-11-17,2072.13
9010,2025-11-24,2090.89
9010,2025-12-01,1974.4
9010,2025-12-08,1951.69
9010,2025-12-15,2011.91
9010,2025-12-22,2086.94
9010,2025-12-29,2047.45
9010,2026-01-05,2078.06
9010,2026-01-12,2101.75
9010,2026-01-19,2114.58
9010,2026-01-26,2023.76
9010,2026-02-02,2085.95
9010,2026-02-09,2145.19
9010,2026-02-16,2229.1
9010,2026-02-23,2363.36
9010,2026-03-02,2366.32
9010,2026-03-09,2396.92
9010,2026-03-16,2432.46
9010,2026-03-23,2468.0
9010,2026-03-30,2487.0
9010,2026-04-06,2449.0
9010,2026-04-13,2385.0
9010,2026-04-20,2264.0
9010,2026-04-27,2287.0
9010,2026-05-04,2359.0
9010,2026-05-11,2084.0
9010,2026-05-18,2141.0
9010,2026-05-25,2045.0
9010,2026-06-01,2086.0
9010,2026-06-08,2400.0
9010,2026-06-15,2503.0
9010,2026-06-22,2522.0
9010,2026-06-29,2532.0
9010,2026-07-06,2509.0
9010,2026-07-13,2638.0
9010,2026-07-20,2637.0
9010,2026-07-27,2745.0
9042,2025-08-04,4269.21
9042,2025-08-11,4282.9
9042,2025-08-18,4356.25
9042,2025-08-25,4267.25
9042,2025-09-01,4319.09
9042,2025-09-08,4314.2
9042,2025-09-15,4293.66
9042,2025-09-22,4386.57
9042,2025-09-29,4349.98
9042,2025-10-06,4203.59
9042,2025-10-13,4446.91
9042,2025-10-20,4415.26
9042,2025-10-27,4090.84
9042,2025-11-03,3906.87
9042,2025-11-10,3929.62
9042,2025-11-17,3900.93
9042,2025-11-24,3878.19
9042,2025-12-01,3800.05
9042,2025-12-08,3857.41
9042,2025-12-15,3890.05
9042,2025-12-22,3926.65
9042,2025-12-29,3899.94
9042,2026-01-05,4036.44
9042,2026-01-12,4085.89
9042,2026-01-19,4188.76
9042,2026-01-26,4268.87
9042,2026-02-02,4391.52
9042,2026-02-09,4571.53
9042,2026-02-16,4507.24
9042,2026-02-23,4505.26
9042,2026-03-02,4166.01
9042,2026-03-09,4099.74
9042,2026-03-16,4104.68
9042,2026-03-23,4529.0
9042,2026-03-30,4797.0
9042,2026-04-06,4760.0
9042,2026-04-13,4811.0
9042,2026-04-20,4459.0
9042,2026-04-27,4427.0
9042,2026-05-04,4500.0
9042,2026-05-11,4787.0
9042,2026-05-18,4704.0
9042,2026-05-25,4683.0
9042,2026-06-01,4438.0
9042,2026-06-08,4639.0
9042,2026-06-15,4329.0
9042,2026-06-22,4139.0
9042,2026-06-29,4449.0
9042,2026-07-06,4602.0
9042,2026-07-13,4679.0
9042,2026-07-20,4719.0
9042,2026-07-27,4715.0
9048,2025-08-04,1607.3
9048,2025-08-11,1631.25
9048,2025-08-18,1636.63
9048,2025-08-25,1645.42
9048,2025-09-01,1698.69
9048,2025-09-08,1713.84
9048,2025-09-15,1706.02
9048,2025-09-22,1793.01
9048,2025-09-29,1701.62
9048,2025-10-06,1688.43
9048,2025-10-13,1677.19
9048,2025-10-20,1681.59
9048,2025-10-27,1646.4
9048,2025-11-03,1609.26
9048,2025-11-10,1559.41
9048,2025-11-17,1583.36
9048,2025-11-24,1608.28
9048,2025-12-01,1548.66
9048,2025-12-08,1581.89
9048,2025-12-15,1594.6
9048,2025-12-22,1638.09
9048,2025-12-29,1643.96
9048,2026-01-05,1676.7
9048,2026-01-12,1671.32
9048,2026-01-19,1700.64
9048,2026-01-26,1688.43
9048,2026-02-02,1750.98
9048,2026-02-09,1771.99
9048,2026-02-16,1763.69
9048,2026-02-23,1802.29
9048,2026-03-02,1736.81
9048,2026-03-09,1701.62
9048,2026-03-16,1694.78
9048,2026-03-23,1728.5
9048,2026-03-30,1807.5
9048,2026-04-06,1783.5
9048,2026-04-13,1760.5
9048,2026-04-20,1756.0
9048,2026-04-27,1772.0
9048,2026-05-04,1760.0
9048,2026-05-11,1817.5
9048,2026-05-18,1857.5
9048,2026-05-25,1798.5
9048,2026-06-01,1830.0
9048,2026-06-08,1838.0
9048,2026-06-15,1794.0
9048,2026-06-22,1830.0
9048,2026-06-29,1840.5
9048,2026-07-06,1859.5
9048,2026-07-13,1921.0
9048,2026-07-20,1914.5
9048,2026-07-27,1895.0
9069,2025-08-04,1999.63
9069,2025-08-11,1969.42
9069,2025-08-18,1982.09
9069,2025-08-25,1969.42
9069,2025-09-01,1991.83
9069,2025-09-08,2058.1
9069,2025-09-15,2026.91
9069,2025-09-22,2054.2
9069,2025-09-29,1964.46
9069,2025-10-06,1995.03
9069,2025-10-13,2002.92
9069,2025-10-20,2039.4
9069,2025-10-27,1984.18
9069,2025-11-03,2003.9
9069,2025-11-10,1736.16
9069,2025-11-17,1842.17
9069,2025-11-24,1922.54
9069,2025-12-01,1836.25
9069,2025-12-08,1840.2
9069,2025-12-15,1906.27
9069,2025-12-22,1937.34
9069,2025-12-29,1926.49
9069,2026-01-05,1998.48
9069,2026-01-12,2107.45
9069,2026-01-19,2043.84
9069,2026-01-26,1896.9
9069,2026-02-02,1938.82
9069,2026-02-09,1916.63
9069,2026-02-16,1899.86
9069,2026-02-23,1941.77
9069,2026-03-02,1840.69
9069,2026-03-09,1769.19
9069,2026-03-16,1768.21
9069,2026-03-23,1783.0
9069,2026-03-30,1867.0
9069,2026-04-06,1876.0
9069,2026-04-13,1886.0
9069,2026-04-20,1854.5
9069,2026-04-27,1828.0
9069,2026-05-04,1869.0
9069,2026-05-11,2031.5
9069,2026-05-18,1966.5
9069,2026-05-25,1906.5
9069,2026-06-01,1907.5
9069,2026-06-08,1922.5
9069,2026-06-15,1883.5
9069,2026-06-22,1921.5
9069,2026-06-29,1974.0
9069,2026-07-06,2052.0
9069,2026-07-13,2195.0
9069,2026-07-20,2187.5
9069,2026-07-27,2205.5
9081,2025-08-04,3678.68
9081,2025-08-11,3629.9
9081,2025-08-18,3605.5
9081,2025-08-25,3595.74
9081,2025-09-01,3571.35
9081,2025-09-08,3698.2
9081,2025-09-15,3781.14
9081,2025-09-22,3766.5
9081,2025-09-29,3608.54
9081,2025-10-06,3495.0
9081,2025-10-13,3524.62
9081,2025-10-20,3569.05
9081,2025-10-27,3465.38
9081,2025-11-03,3435.76
9081,2025-11-10,3485.13
9081,2025-11-17,3559.17
9081,2025-11-24,3643.09
9081,2025-12-01,3593.73
9081,2025-12-08,3707.27
9081,2025-12-15,3598.67
9081,2025-12-22,3682.58
9081,2025-12-29,3702.33
9081,2026-01-05,3751.69
9081,2026-01-12,3801.06
9081,2026-01-19,3712.2
9081,2026-01-26,3623.35
9081,2026-02-02,3564.11
9081,2026-02-09,3608.54
9081,2026-02-16,3598.67
9081,2026-02-23,3648.03
9081,2026-03-02,3559.17
9081,2026-03-09,3495.0
9081,2026-03-16,3652.97
9081,2026-03-23,3495.0
9081,2026-03-30,3570.0
9081,2026-04-06,3585.0
9081,2026-04-13,3540.0
9081,2026-04-20,3400.0
9081,2026-04-27,3285.0
9081,2026-05-04,3255.0
9081,2026-05-11,3255.0
9081,2026-05-18,3290.0
9081,2026-05-25,3320.0
9081,2026-06-01,3385.0
9081,2026-06-08,3520.0
9081,2026-06-15,3505.0
9081,2026-06-22,3570.0
9081,2026-06-29,3570.0
9081,2026-07-06,3650.0
9081,2026-07-13,3785.0
9081,2026-07-20,3865.0
9081,2026-07-27,3870.0
9274,2025-08-04,755.85
9274,2025-08-11,741.48
9274,2025-08-18,775.97
9274,2025-08-25,785.55
9274,2025-09-01,813.33
9274,2025-09-08,784.59
9274,2025-09-15,771.18
9274,2025-09-22,781.71
9274,2025-09-29,750.37
9274,2025-10-06,733.71
9274,2025-10-13,753.31
9274,2025-10-20,784.65
9274,2025-10-27,747.43
9274,2025-11-03,761.14
9274,2025-11-10,764.08
9274,2025-11-17,707.27
9274,2025-11-24,734.69
9274,2025-12-01,711.18
9274,2025-12-08,747.43
9274,2025-12-15,777.8
9274,2025-12-22,789.55
9274,2025-12-29,807.18
9274,2026-01-05,845.39
9274,2026-01-12,865.96
9274,2026-01-19,857.14
9274,2026-01-26,864.98
9274,2026-02-02,900.24
9274,2026-02-09,893.39
9274,2026-02-16,888.49
9274,2026-02-23,915.92
9274,2026-03-02,891.43
9274,2026-03-09,859.1
9274,2026-03-16,849.31
9274,2026-03-23,864.0
9274,2026-03-30,903.0
9274,2026-04-06,915.0
9274,2026-04-13,976.0
9274,2026-04-20,941.0
9274,2026-04-27,974.0
9274,2026-05-04,997.0
9274,2026-05-11,971.0
9274,2026-05-18,1007.0
9274,2026-05-25,1010.0
9274,2026-06-01,935.0
9274,2026-06-08,949.0
9274,2026-06-15,1018.0
9274,2026-06-22,1009.0
9274,2026-06-29,1032.0
9274,2026-07-06,1032.0
9274,2026-07-13,1047.0
9274,2026-07-20,1088.0
9274,2026-07-27,1110.0
9278,2025-08-04,1477.77
9278,2025-08-11,1469.89
9278,2025-08-18,1477.77
9278,2025-08-25,1486.63
9278,2025-09-01,1536.88
9278,2025-09-08,1548.7
9278,2025-09-15,1512.25
9278,2025-09-22,1538.85
9278,2025-09-29,1456.09
9278,2025-10-06,1439.34
9278,2025-10-13,1392.06
9278,2025-10-20,1370.38
9278,2025-10-27,1305.36
9278,2025-11-03,1320.14
9278,2025-11-10,1367.43
9278,2025-11-17,1383.19
9278,2025-11-24,1386.15
9278,2025-12-01,1368.41
9278,2025-12-08,1379.25
9278,2025-12-15,1389.1
9278,2025-12-22,1465.94
9278,2025-12-29,1447.23
9278,2026-01-05,1506.34
9278,2026-01-12,1613.72
9278,2026-01-19,1614.71
9278,2026-01-26,1561.51
9278,2026-02-02,1598.94
9278,2026-02-09,1624.56
9278,2026-02-16,1850.16
9278,2026-02-23,1884.65
9278,2026-03-02,1806.82
9278,2026-03-09,1755.59
9278,2026-03-16,1719.14
9278,2026-03-23,1792.04
9278,2026-03-30,1864.94
9278,2026-04-06,1860.02
9278,2026-04-13,2137.84
9278,2026-04-20,1980.21
9278,2026-04-27,1990.06
9278,2026-05-04,1987.1
9278,2026-05-11,2019.61
9278,2026-05-18,2055.08
9278,2026-05-25,2001.0
9278,2026-06-01,1910.0
9278,2026-06-08,1954.0
9278,2026-06-15,1952.0
9278,2026-06-22,1935.0
9278,2026-06-29,1979.0
9278,2026-07-06,2084.0
9278,2026-07-13,2481.0
9278,2026-07-20,2598.0
9278,2026-07-27,2816.0
9279,2025-08-04,3354.2
9279,2025-08-11,3324.38
9279,2025-08-18,3070.96
9279,2025-08-25,3036.17
9279,2025-09-01,2981.51
9279,2025-09-08,3115.68
9279,2025-09-15,3652.35
9279,2025-09-22,3463.52
9279,2025-09-29,3314.45
9279,2025-10-06,3369.11
9279,2025-10-13,3418.8
9279,2025-10-20,3339.29
9279,2025-10-27,3220.7
9279,2025-11-03,3215.71
9279,2025-11-10,3330.38
9279,2025-11-17,3275.54
9279,2025-11-24,3300.47
9279,2025-12-01,3165.86
9279,2025-12-08,3086.09
9279,2025-12-15,3300.47
9279,2025-12-22,3430.1
9279,2025-12-29,3350.33
9279,2026-01-05,3794.04
9279,2026-01-12,3838.91
9279,2026-01-19,3804.02
9279,2026-01-26,3664.42
9279,2026-02-02,3818.97
9279,2026-02-09,3868.83
9279,2026-02-16,3908.71
9279,2026-02-23,4202.86
9279,2026-03-02,4118.11
9279,2026-03-09,3868.83
9279,2026-03-16,4462.12
9279,2026-03-23,4801.14
9279,2026-03-30,4566.81
9279,2026-04-06,4671.51
9279,2026-04-13,4487.04
9279,2026-04-20,4506.99
9279,2026-04-27,4280.0
9279,2026-05-04,4370.0
9279,2026-05-11,4360.0
9279,2026-05-18,4190.0
9279,2026-05-25,4125.0
9279,2026-06-01,3845.0
9279,2026-06-08,4180.0
9279,2026-06-15,4130.0
9279,2026-06-22,3970.0
9279,2026-06-29,4285.0
9279,2026-07-06,4370.0
9279,2026-07-13,4835.0
9279,2026-07-20,4790.0
9279,2026-07-27,5130.0
9301,2025-08-04,1188.16
9301,2025-08-11,1176.52
9301,2025-08-18,1210.98
9301,2025-08-25,1193.5
9301,2025-09-01,1189.62
9301,2025-09-08,1198.36
9301,2025-09-15,1162.44
9301,2025-09-22,1175.06
9301,2025-09-29,1143.03
9301,2025-10-06,1116.43
9301,2025-10-13,1123.33
9301,2025-10-20,1121.85
9301,2025-10-27,1102.63
9301,2025-11-03,1088.35
9301,2025-11-10,1084.9
9301,2025-11-17,1106.58
9301,2025-11-24,1154.37
9301,2025-12-01,1123.82
9301,2025-12-08,1164.71
9301,2025-12-15,1177.52
9301,2025-12-22,1181.46
9301,2025-12-29,1179.99
9301,2026-01-05,1248.96
9301,2026-01-12,1328.78
9301,2026-01-19,1330.75
9301,2026-01-26,1300.2
9301,2026-02-02,1286.41
9301,2026-02-09,1327.3
9301,2026-02-16,1349.96
9301,2026-02-23,1412.04
9301,2026-03-02,1384.94
9301,2026-03-09,1332.72
9301,2026-03-16,1335.68
9301,2026-03-23,1347.5
9301,2026-03-30,1422.5
9301,2026-04-06,1396.0
9301,2026-04-13,1411.0
9301,2026-04-20,1390.5
9301,2026-04-27,1409.0
9301,2026-05-04,1427.5
9301,2026-05-11,1425.0
9301,2026-05-18,1504.5
9301,2026-05-25,1501.5
9301,2026-06-01,1507.0
9301,2026-06-08,1424.5
9301,2026-06-15,1481.0
9301,2026-06-22,1509.5
9301,2026-06-29,1582.0
9301,2026-07-06,1572.0
9301,2026-07-13,1561.5
9301,2026-07-20,1617.5
9301,2026-07-27,1603.0
9308,2025-08-04,1333.44
9308,2025-08-11,1512.29
9308,2025-08-18,1595.75
9308,2025-08-25,1601.72
9308,2025-09-01,1626.56
9308,2025-09-08,1598.74
9308,2025-09-15,1603.7
9308,2025-09-22,1660.34
9308,2025-09-29,1625.5
9308,2025-10-06,1592.65
9308,2025-10-13,1568.76
9308,2025-10-20,1599.62
9308,2025-10-27,1559.8
9308,2025-11-03,1550.84
9308,2025-11-10,1415.47
9308,2025-11-17,1391.58
9308,2025-11-24,1451.3
9308,2025-12-01,1452.3
9308,2025-12-08,1356.74
9308,2025-12-15,1340.81
9308,2025-12-22,1361.72
9308,2025-12-29,1365.7
9308,2026-01-05,1380.63
9308,2026-01-12,1365.7
9308,2026-01-19,1328.87
9308,2026-01-26,1289.05
9308,2026-02-02,1287.06
9308,2026-02-09,1500.08
9308,2026-02-16,1538.9
9308,2026-02-23,1640.43
9308,2026-03-02,1631.47
9308,2026-03-09,1598.62
9308,2026-03-16,1589.67
9308,2026-03-23,1502.07
9308,2026-03-30,1535.0
9308,2026-04-06,1541.0
9308,2026-04-13,1593.0
9308,2026-04-20,1452.0
9308,2026-04-27,1516.0
9308,2026-05-04,1531.0
9308,2026-05-11,1614.0
9308,2026-05-18,1554.0
9308,2026-05-25,1618.0
9308,2026-06-01,1542.0
9308,2026-06-08,1529.0
9308,2026-06-15,1505.0
9308,2026-06-22,1440.0
9308,2026-06-29,1467.0
9308,2026-07-06,1588.0
9308,2026-07-13,1656.0
9308,2026-07-20,1736.0
9308,2026-07-27,1890.0
9365,2025-08-04,1296.14
9365,2025-08-11,1357.16
9365,2025-08-18,1388.16
9365,2025-08-25,1377.51
9365,2025-09-01,1432.72
9365,2025-09-08,1424.97
9365,2025-09-15,1416.26
9365,2025-09-22,1416.26
9365,2025-09-29,1414.32
9365,2025-10-06,1395.91
9365,2025-10-13,1369.76
9365,2025-10-20,1390.1
9365,2025-10-27,1412.38
9365,2025-11-03,1406.57
9365,2025-11-10,1418.19
9365,2025-11-17,1416.26
9365,2025-11-24,1432.72
9365,2025-12-01,1442.41
9365,2025-12-08,1516.03
9365,2025-12-15,1485.03
9365,2025-12-22,1484.07
9365,2025-12-29,1455.97
9365,2026-01-05,1494.72
9365,2026-01-12,1523.78
9365,2026-01-19,1538.31
9365,2026-01-26,1548.97
9365,2026-02-02,1566.41
9365,2026-02-09,1637.12
9365,2026-02-16,1608.06
9365,2026-02-23,1632.28
9365,2026-03-02,1574.16
9365,2026-03-09,1535.41
9365,2026-03-16,1540.25
9365,2026-03-23,1548.0
9365,2026-03-30,1567.0
9365,2026-04-06,1597.0
9365,2026-04-13,1586.0
9365,2026-04-20,1551.0
9365,2026-04-27,1505.0
9365,2026-05-04,1501.0
9365,2026-05-11,1509.0
9365,2026-05-18,1483.0
9365,2026-05-25,1495.0
9365,2026-06-01,1480.0
9365,2026-06-08,1500.0
9365,2026-06-15,1505.0
9365,2026-06-22,1506.0
9365,2026-06-29,1575.0
9365,2026-07-06,1605.0
9365,2026-07-13,1580.0
9365,2026-07-20,1700.0
9365,2026-07-27,1685.0
9433,2025-08-04,2499.51
9433,2025-08-11,2548.94
9433,2025-08-18,2593.52
9433,2025-08-25,2471.89
9433,2025-09-01,2445.23
9433,2025-09-08,2418.58
9433,2025-09-15,2393.38
9433,2025-09-22,2367.7
9433,2025-09-29,2311.54
9433,2025-10-06,2319.91
9433,2025-10-13,2333.21
9433,2025-10-20,2398.25
9433,2025-10-27,2425.34
9433,2025-11-03,2542.59
9433,2025-11-10,2610.58
9433,2025-11-17,2678.57
9433,2025-11-24,2649.99
9433,2025-12-01,2635.71
9433,2025-12-08,2644.57
9433,2025-12-15,2669.7
9433,2025-12-22,2710.1
9433,2025-12-29,2668.71
9433,2026-01-05,2640.63
9433,2026-01-12,2609.1
9433,2026-01-19,2627.33
9433,2026-01-26,2568.21
9433,2026-02-02,2757.88
9433,2026-02-09,2654.43
9433,2026-02-16,2577.57
9433,2026-02-23,2631.76
9433,2026-03-02,2629.3
9433,2026-03-09,2593.34
9433,2026-03-16,2627.82
9433,2026-03-23,2683.0
9433,2026-03-30,2745.0
9433,2026-04-06,2582.0
9433,2026-04-13,2590.5
9433,2026-04-20,2565.0
9433,2026-04-27,2548.0
9433,2026-05-04,2528.5
9433,2026-05-11,2724.0
9433,2026-05-18,2709.5
9433,2026-05-25,2738.5
9433,2026-06-01,2651.5
9433,2026-06-08,2769.0
9433,2026-06-15,2721.5
9433,2026-06-22,2681.0
9433,2026-06-29,2702.5
9433,2026-07-06,2790.5
9433,2026-07-13,2868.0
9433,2026-07-20,2922.5
9433,2026-07-27,2921.0
9436,2025-08-04,2572.47
9436,2025-08-11,2606.71
9436,2025-08-18,2562.69
9436,2025-08-25,2459.99
9436,2025-09-01,2513.79
9436,2025-09-08,2567.58
9436,2025-09-15,2567.58
9436,2025-09-22,2606.71
9436,2025-09-29,2590.87
9436,2025-10-06,2601.76
9436,2025-10-13,2596.81
9436,2025-10-20,2626.51
9436,2025-10-27,2547.31
9436,2025-11-03,2579.98
9436,2025-11-10,2712.64
9436,2025-11-17,2739.37
9436,2025-11-24,2776.99
9436,2025-12-01,2735.41
9436,2025-12-08,2778.97
9436,2025-12-15,2767.09
9436,2025-12-22,2776.0
9436,2025-12-29,2803.72
9436,2026-01-05,2823.52
9436,2026-01-12,2910.64
9436,2026-01-19,3103.69
9436,2026-01-26,3207.65
9436,2026-02-02,3247.25
9436,2026-02-09,3187.85
9436,2026-02-16,3272.0
9436,2026-02-23,3321.5
9436,2026-03-02,3351.2
9436,2026-03-09,3375.95
9436,2026-03-16,3395.75
9436,2026-03-23,3470.0
9436,2026-03-30,3510.0
9436,2026-04-06,3425.0
9436,2026-04-13,3410.0
9436,2026-04-20,3375.0
9436,2026-04-27,3285.0
9436,2026-05-04,3185.0
9436,2026-05-11,3395.0
9436,2026-05-18,3570.0
9436,2026-05-25,3550.0
9436,2026-06-01,3665.0
9436,2026-06-08,3740.0
9436,2026-06-15,3650.0
9436,2026-06-22,3685.0
9436,2026-06-29,3845.0
9436,2026-07-06,3745.0
9436,2026-07-13,3735.0
9436,2026-07-20,3825.0
9436,2026-07-27,3870.0
9449,2025-08-04,3916.59
9449,2025-08-11,3763.44
9449,2025-08-18,3856.32
9449,2025-08-25,3907.7
9449,2025-09-01,3793.09
9449,2025-09-08,3911.65
9449,2025-09-15,3770.36
9449,2025-09-22,3647.84
9449,2025-09-29,3427.44
9449,2025-10-06,3457.16
9449,2025-10-13,3344.23
9449,2025-10-20,3466.07
9449,2025-10-27,3418.52
9449,2025-11-03,3357.11
9449,2025-11-10,3568.1
9449,2025-11-17,3579.0
9449,2025-11-24,3973.25
9449,2025-12-01,3839.52
9449,2025-12-08,3847.45
9449,2025-12-15,3886.08
9449,2025-12-22,3967.31
9449,2025-12-29,3888.99
9449,2026-01-05,3965.42
9449,2026-01-12,4057.73
9449,2026-01-19,4020.02
9449,2026-01-26,3822.49
9449,2026-02-02,3523.72
9449,2026-02-09,3134.62
9449,2026-02-16,2908.31
9449,2026-02-23,2974.81
9449,2026-03-02,2886.47
9449,2026-03-09,2789.2
9449,2026-03-16,2806.57
9449,2026-03-23,2842.3
9449,2026-03-30,2997.5
9449,2026-04-06,2964.5
9449,2026-04-13,3276.0
9449,2026-04-20,3153.0
9449,2026-04-27,3045.0
9449,2026-05-04,3183.0
9449,2026-05-11,3079.0
9449,2026-05-18,3396.0
9449,2026-05-25,3285.0
9449,2026-06-01,3230.0
9449,2026-06-08,3083.0
9449,2026-06-15,3000.0
9449,2026-06-22,3283.0
9449,2026-06-29,3609.0
9449,2026-07-06,3908.0
9449,2026-07-13,4056.0
9449,2026-07-20,3916.0
9449,2026-07-27,4254.0
9450,2025-08-04,699.72
9450,2025-08-11,726.67
9450,2025-08-18,726.67
9450,2025-08-25,691.06
9450,2025-09-01,680.47
9450,2025-09-08,695.87
9450,2025-09-15,719.94
9450,2025-09-22,711.27
9450,2025-09-29,668.92
9450,2025-10-06,659.3
9450,2025-10-13,673.74
9450,2025-10-20,674.7
9450,2025-10-27,668.92
9450,2025-11-03,665.07
9450,2025-11-10,657.37
9450,2025-11-17,655.45
9450,2025-11-24,664.11
9450,2025-12-01,642.94
9450,2025-12-08,640.05
9450,2025-12-15,640.05
9450,2025-12-22,654.49
9450,2025-12-29,666.76
9450,2026-01-05,674.62
9450,2026-01-12,678.55
9450,2026-01-19,672.65
9450,2026-01-26,676.58
9450,2026-02-02,680.51
9450,2026-02-09,677.56
9450,2026-02-16,672.65
9450,2026-02-23,687.38
9450,2026-03-02,672.65
9450,2026-03-09,669.71
9450,2026-03-16,694.26
9450,2026-03-23,701.13
9450,2026-03-30,713.9
9450,2026-04-06,700.15
9450,2026-04-13,718.81
9450,2026-04-20,700.15
9450,2026-04-27,695.24
9450,2026-05-04,694.26
9450,2026-05-11,685.42
9450,2026-05-18,689.35
9450,2026-05-25,682.47
9450,2026-06-01,718.81
9450,2026-06-08,731.57
9450,2026-06-15,719.79
9450,2026-06-22,735.5
9450,2026-06-29,754.0
9450,2026-07-06,778.0
9450,2026-07-13,765.0
9450,2026-07-20,765.0
9450,2026-07-27,784.0
9605,2025-08-04,5406.69
9605,2025-08-11,5267.55
9605,2025-08-18,5217.86
9605,2025-08-25,5058.84
9605,2025-09-01,5197.98
9605,2025-09-08,5287.43
9605,2025-09-15,5257.61
9605,2025-09-22,5406.69
9605,2025-09-29,5432.56
9605,2025-10-06,5432.56
9605,2025-10-13,5243.52
9605,2025-10-20,5422.61
9605,2025-10-27,5452.46
9605,2025-11-03,5482.31
9605,2025-11-10,5810.65
9605,2025-11-17,5681.31
9605,2025-11-24,5750.95
9605,2025-12-01,5631.56
9605,2025-12-08,5621.61
9605,2025-12-15,5492.26
9605,2025-12-22,5482.31
9605,2025-12-29,5432.56
9605,2026-01-05,5661.41
9605,2026-01-12,5571.86
9605,2026-01-19,5611.66
9605,2026-01-26,5591.76
9605,2026-02-02,5571.86
9605,2026-02-09,5701.21
9605,2026-02-16,5372.86
9605,2026-02-23,5372.86
9605,2026-03-02,5542.01
9605,2026-03-09,5721.11
9605,2026-03-16,5721.11
9605,2026-03-23,5940.0
9605,2026-03-30,5950.0
9605,2026-04-06,5860.0
9605,2026-04-13,5820.0
9605,2026-04-20,5740.0
9605,2026-04-27,5760.0
9605,2026-05-04,5870.0
9605,2026-05-11,5970.0
9605,2026-05-18,5550.0
9605,2026-05-25,5900.0
9605,2026-06-01,5550.0
9605,2026-06-08,5710.0
9605,2026-06-15,5780.0
9605,2026-06-22,5690.0
9605,2026-06-29,5720.0
9605,2026-07-06,5740.0
9605,2026-07-13,5840.0
9605,2026-07-20,5890.0
9605,2026-07-27,6040.0
9619,2025-08-04,1683.67
9619,2025-08-11,1698.1
9619,2025-08-18,1727.93
9619,2025-08-25,1730.81
9619,2025-09-01,1776.99
9619,2025-09-08,1914.57
9619,2025-09-15,1923.23
9619,2025-09-22,1985.77
9619,2025-09-29,1940.68
9619,2025-10-06,1937.74
9619,2025-10-13,1931.86
9619,2025-10-20,1990.67
9619,2025-10-27,1974.99
9619,2025-11-03,1965.18
9619,2025-11-10,2000.47
9619,2025-11-17,2036.73
9619,2025-11-24,2054.38
9619,2025-12-01,1990.67
9619,2025-12-08,2058.3
9619,2025-12-15,2060.26
9619,2025-12-22,2068.1
9619,2025-12-29,2085.74
9619,2026-01-05,2106.32
9619,2026-01-12,2104.36
9619,2026-01-19,2085.74
9619,2026-01-26,2066.14
9619,2026-02-02,2091.62
9619,2026-02-09,2149.45
9619,2026-02-16,2116.13
9619,2026-02-23,2142.59
9619,2026-03-02,2059.28
9619,2026-03-09,2029.87
9619,2026-03-16,2022.03
9619,2026-03-23,2073.0
9619,2026-03-30,2136.0
9619,2026-04-06,2120.0
9619,2026-04-13,2156.0
9619,2026-04-20,2150.0
9619,2026-04-27,2149.0
9619,2026-05-04,2132.0
9619,2026-05-11,2134.0
9619,2026-05-18,2134.0
9619,2026-05-25,2138.0
9619,2026-06-01,2122.0
9619,2026-06-08,2193.0
9619,2026-06-15,2214.0
9619,2026-06-22,2218.0
9619,2026-06-29,2223.0
9619,2026-07-06,2285.0
9619,2026-07-13,2357.0
9619,2026-07-20,2377.0
9619,2026-07-27,2370.0
9702,2025-08-04,1453.44
9702,2025-08-11,1488.32
9702,2025-08-18,1549.37
9702,2025-08-25,1647.23
9702,2025-09-01,1623.98
9702,2025-09-08,1731.53
9702,2025-09-15,1743.16
9702,2025-09-22,1779.98
9702,2025-09-29,1756.73
9702,2025-10-06,1767.39
9702,2025-10-13,1697.62
9702,2025-10-20,1744.13
9702,2025-10-27,1740.26
9702,2025-11-03,1712.16
9702,2025-11-10,1632.7
9702,2025-11-17,1667.58
9702,2025-11-24,1644.33
9702,2025-12-01,1635.61
9702,2025-12-08,1623.01
9702,2025-12-15,1651.11
9702,2025-12-22,1717.0
9702,2025-12-29,1733.0
9702,2026-01-05,1772.0
9702,2026-01-12,1811.0
9702,2026-01-19,1810.0
9702,2026-01-26,1814.0
9702,2026-02-02,1769.0
9702,2026-02-09,1815.0
9702,2026-02-16,1854.0
9702,2026-02-23,1999.0
9702,2026-03-02,2006.0
9702,2026-03-09,2018.0
9702,2026-03-16,1996.0
9702,2026-03-23,2057.0
9702,2026-03-30,1991.0
9702,2026-04-06,2040.0
9702,2026-04-13,2093.0
9702,2026-04-20,2087.0
9702,2026-04-27,2138.0
9702,2026-05-04,2183.0
9702,2026-05-11,2274.0
9702,2026-05-18,2296.0
9702,2026-05-25,2300.0
9702,2026-06-01,2367.0
9702,2026-06-08,2317.0
9702,2026-06-15,2344.0
9702,2026-06-22,2295.0
9702,2026-06-29,2300.0
9702,2026-07-06,2236.0
9702,2026-07-13,2187.0
9702,2026-07-20,2277.0
9702,2026-07-27,2362.0
9706,2025-08-04,4879.91
9706,2025-08-11,4900.53
9706,2025-08-18,5061.49
9706,2025-08-25,4985.91
9706,2025-09-01,4818.08
9706,2025-09-08,4720.91
9706,2025-09-15,4641.42
9706,2025-09-22,4709.14
9706,2025-09-29,4554.58
9706,2025-10-06,4727.96
9706,2025-10-13,4842.89
9706,2025-10-20,4921.16
9706,2025-10-27,4751.74
9706,2025-11-03,4725.98
9706,2025-11-10,5130.21
9706,2025-11-17,4590.24
9706,2025-11-24,4485.22
9706,2025-12-01,4379.21
9706,2025-12-08,4196.91
9706,2025-12-15,4397.04
9706,2025-12-22,4441.63
9706,2025-12-29,4345.52
9706,2026-01-05,4577.36
9706,2026-01-12,4767.59
9706,2026-01-19,4730.93
9706,2026-01-26,4787.41
9706,2026-02-02,5292.7
9706,2026-02-09,5522.56
9706,2026-02-16,5284.78
9706,2026-02-23,5284.78
9706,2026-03-02,5037.08
9706,2026-03-09,4954.85
9706,2026-03-16,4918.19
9706,2026-03-23,5368.0
9706,2026-03-30,5507.0
9706,2026-04-06,5440.0
9706,2026-04-13,5164.0
9706,2026-04-20,5056.0
9706,2026-04-27,5002.0
9706,2026-05-04,5096.0
9706,2026-05-11,5037.0
9706,2026-05-18,4908.0
9706,2026-05-25,4832.0
9706,2026-06-01,4641.0
9706,2026-06-08,4701.0
9706,2026-06-15,4657.0
9706,2026-06-22,4909.0
9706,2026-06-29,5239.0
9706,2026-07-06,5301.0
9706,2026-07-13,5354.0
9706,2026-07-20,5296.0
9706,2026-07-27,5667.0
9735,2025-08-04,5691.83
9735,2025-08-11,5653.51
9735,2025-08-18,5542.46
9735,2025-08-25,5353.78
9735,2025-09-01,5440.26
9735,2025-09-08,5445.17
9735,2025-09-15,5482.52
9735,2025-09-22,5469.74
9735,2025-09-29,5309.1
9735,2025-10-06,5271.42
9735,2025-10-13,5097.89
9735,2025-10-20,5162.34
9735,2025-10-27,5169.28
9735,2025-11-03,5193.08
9735,2025-11-10,5231.75
9735,2025-11-17,5433.05
9735,2025-11-24,5234.73
9735,2025-12-01,5280.34
9735,2025-12-08,5480.65
9735,2025-12-15,5600.63
9735,2025-12-22,5579.81
9735,2025-12-29,5526.26
9735,2026-01-05,5613.52
9735,2026-01-12,5773.17
9735,2026-01-19,5786.06
9735,2026-01-26,5611.54
9735,2026-02-02,5912.0
9735,2026-02-09,6024.05
9735,2026-02-16,5934.81
9735,2026-02-23,5987.36
9735,2026-03-02,5903.08
9735,2026-03-09,5956.62
9735,2026-03-16,5926.87
9735,2026-03-23,5912.0
9735,2026-03-30,6123.0
9735,2026-04-06,6053.0
9735,2026-04-13,6061.0
9735,2026-04-20,5670.0
9735,2026-04-27,5730.0
9735,2026-05-04,5647.0
9735,2026-05-11,6163.0
9735,2026-05-18,6356.0
9735,2026-05-25,6350.0
9735,2026-06-01,6309.0
9735,2026-06-08,6549.0
9735,2026-06-15,6458.0
9735,2026-06-22,6398.0
9735,2026-06-29,6573.0
9735,2026-07-06,6622.0
9735,2026-07-13,6745.0
9735,2026-07-20,6802.0
9735,2026-07-27,6882.0
9769,2025-08-04,2304.1
9769,2025-08-11,2209.33
9769,2025-08-18,2201.68
9769,2025-08-25,2209.33
9769,2025-09-01,2243.79
9769,2025-09-08,2216.03
9769,2025-09-15,2225.61
9769,2025-09-22,2265.81
9769,2025-09-29,2252.12
9769,2025-10-06,2255.05
9769,2025-10-13,2269.72
9769,2025-10-20,2251.14
9769,2025-10-27,2221.81
9769,2025-11-03,2198.34
9769,2025-11-10,2250.17
9769,2025-11-17,2264.83
9769,2025-11-24,2295.15
9769,2025-12-01,2245.28
9769,2025-12-08,2304.93
9769,2025-12-15,2327.42
9769,2025-12-22,2305.91
9769,2025-12-29,2332.31
9769,2026-01-05,2403.7
9769,2026-01-12,2409.56
9769,2026-01-19,2381.2
9769,2026-01-26,2350.89
9769,2026-02-02,2370.45
9769,2026-02-09,2417.39
9769,2026-02-16,2386.09
9769,2026-02-23,2398.81
9769,2026-03-02,2371.43
9769,2026-03-09,2319.6
9769,2026-03-16,2322.53
9769,2026-03-23,2346.0
9769,2026-03-30,2386.0
9769,2026-04-06,2374.0
9769,2026-04-13,2368.0
9769,2026-04-20,2296.0
9769,2026-04-27,2273.0
9769,2026-05-04,2289.0
9769,2026-05-11,2301.0
9769,2026-05-18,2583.0
9769,2026-05-25,2530.0
9769,2026-06-01,2504.0
9769,2026-06-08,2516.0
9769,2026-06-15,2546.0
9769,2026-06-22,2508.0
9769,2026-06-29,2502.0
9769,2026-07-06,2553.0
9769,2026-07-13,2567.0
9769,2026-07-20,2624.0
9769,2026-07-27,2693.0
9828,2025-08-04,3375.09
9828,2025-08-11,3365.31
9828,2025-08-18,3321.28
9828,2025-08-25,3360.41
9828,2025-09-01,3463.13
9828,2025-09-08,3453.35
9828,2025-09-15,3424.0
9828,2025-09-22,3443.57
9828,2025-09-29,3221.24
9828,2025-10-06,3092.79
9828,2025-10-13,3102.67
9828,2025-10-20,3013.74
9828,2025-10-27,2993.98
9828,2025-11-03,2935.68
9828,2025-11-10,3023.62
9828,2025-11-17,3038.44
9828,2025-11-24,3073.03
9828,2025-12-01,3008.8
9828,2025-12-08,3013.74
9828,2025-12-15,3068.09
9828,2025-12-22,3087.85
9828,2025-12-29,3073.03
9828,2026-01-05,3102.67
9828,2026-01-12,3166.9
9828,2026-01-19,3112.55
9828,2026-01-26,3073.03
9828,2026-02-02,2930.74
9828,2026-02-09,2889.24
9828,2026-02-16,2869.48
9828,2026-02-23,2974.22
9828,2026-03-02,2921.85
9828,2026-03-09,2867.5
9828,2026-03-16,2881.33
9828,2026-03-23,2909.0
9828,2026-03-30,2888.0
9828,2026-04-06,2817.0
9828,2026-04-13,2870.0
9828,2026-04-20,2762.0
9828,2026-04-27,2780.0
9828,2026-05-04,2827.0
9828,2026-05-11,2704.0
9828,2026-05-18,2798.0
9828,2026-05-25,2797.0
9828,2026-06-01,2751.0
9828,2026-06-08,2805.0
9828,2026-06-15,2840.0
9828,2026-06-22,3050.0
9828,2026-06-29,3145.0
9828,2026-07-06,3300.0
9828,2026-07-13,3465.0
9828,2026-07-20,3370.0
9828,2026-07-27,3535.0
9831,2025-08-04,439.31
9831,2025-08-11,442.51
9831,2025-08-18,453.85
9831,2025-08-25,450.16
9831,2025-09-01,474.77
9831,2025-09-08,479.43
9831,2025-09-15,463.53
9831,2025-09-22,481.75
9831,2025-09-29,454.81
9831,2025-10-06,447.35
9831,2025-10-13,449.58
9831,2025-10-20,461.11
9831,2025-10-27,449.0
9831,2025-11-03,443.48
9831,2025-11-10,451.04
9831,2025-11-17,453.85
9831,2025-11-24,463.73
9831,2025-12-01,452.2
9831,2025-12-08,470.22
9831,2025-12-15,479.72
9831,2025-12-22,500.55
9831,2025-12-29,503.36
9831,2026-01-05,516.24
9831,2026-01-12,519.83
9831,2026-01-19,527.19
9831,2026-01-26,525.26
9831,2026-02-02,530.68
9831,2026-02-09,536.69
9831,2026-02-16,552.19
9831,2026-02-23,562.56
9831,2026-03-02,540.47
9831,2026-03-09,521.28
9831,2026-03-16,522.83
9831,2026-03-23,530.1
9831,2026-03-30,541.2
9831,2026-04-06,545.6
9831,2026-04-13,539.8
9831,2026-04-20,522.9
9831,2026-04-27,531.6
9831,2026-05-04,542.0
9831,2026-05-11,572.0
9831,2026-05-18,606.5
9831,2026-05-25,624.5
9831,2026-06-01,654.3
9831,2026-06-08,679.4
9831,2026-06-15,675.3
9831,2026-06-22,656.1
9831,2026-06-29,642.3
9831,2026-07-06,650.4
9831,2026-07-13,698.6
9831,2026-07-20,724.5
9831,2026-07-27,713.1
9861,2025-08-04,3397.09
9861,2025-08-11,3341.46
9861,2025-08-18,3403.05
9861,2025-08-25,3167.88
9861,2025-09-01,3096.14
9861,2025-09-08,3054.28
9861,2025-09-15,3085.17
9861,2025-09-22,3089.16
9861,2025-09-29,3009.44
9861,2025-10-06,3184.83
9861,2025-10-13,3183.83
9861,2025-10-20,3096.14
9861,2025-10-27,3031.36
9861,2025-11-03,2995.49
9861,2025-11-10,3023.39
9861,2025-11-17,3114.07
9861,2025-11-24,3154.93
9861,2025-12-01,3032.36
9861,2025-12-08,3008.44
9861,2025-12-15,3050.3
9861,2025-12-22,3088.16
9861,2025-12-29,3060.26
9861,2026-01-05,3022.4
9861,2026-01-12,3067.24
9861,2026-01-19,3040.33
9861,2026-01-26,3045.31
9861,2026-02-02,3071.22
9861,2026-02-09,3119.06
9861,2026-02-16,3127.03
9861,2026-02-23,3093.0
9861,2026-03-02,3100.0
9861,2026-03-09,3150.0
9861,2026-03-16,3196.0
9861,2026-03-23,3340.0
9861,2026-03-30,3394.0
9861,2026-04-06,3434.0
9861,2026-04-13,3325.0
9861,2026-04-20,3265.0
9861,2026-04-27,3182.0
9861,2026-05-04,3209.0
9861,2026-05-11,3161.0
9861,2026-05-18,3233.0
9861,2026-05-25,3187.0
9861,2026-06-01,3075.0
9861,2026-06-08,3141.0
9861,2026-06-15,3017.0
9861,2026-06-22,3060.0
9861,2026-06-29,3198.0
9861,2026-07-06,3406.0
9861,2026-07-13,3652.0
9861,2026-07-20,3612.0
9861,2026-07-27,3843.0
9882,2025-08-04,1558.04
9882,2025-08-11,1594.63
9882,2025-08-18,1604.26
9882,2025-08-25,1595.59
9882,2025-09-01,1644.7
9882,2025-09-08,1643.74
9882,2025-09-15,1651.44
9882,2025-09-22,1670.7
9882,2025-09-29,1567.88
9882,2025-10-06,1553.19
9882,2025-10-13,1555.14
9882,2025-10-20,1599.21
9882,2025-10-27,1521.85
9882,2025-11-03,1478.76
9882,2025-11-10,1542.41
9882,2025-11-17,1617.82
9882,2025-11-24,1633.49
9882,2025-12-01,1579.63
9882,2025-12-08,1600.19
9882,2025-12-15,1630.55
9882,2025-12-22,1618.8
9882,2025-12-29,1606.07
9882,2026-01-05,1629.57
9882,2026-01-12,1609.01
9882,2026-01-19,1674.62
9882,2026-01-26,1652.1
9882,2026-02-02,1616.84
9882,2026-02-09,1644.26
9882,2026-02-16,1681.48
9882,2026-02-23,1722.61
9882,2026-03-02,1637.41
9882,2026-03-09,1547.31
9882,2026-03-16,1510.1
9882,2026-03-23,1562.0
9882,2026-03-30,1546.0
9882,2026-04-06,1596.0
9882,2026-04-13,1561.0
9882,2026-04-20,1520.0
9882,2026-04-27,1506.0
9882,2026-05-04,1497.0
9882,2026-05-11,1637.0
9882,2026-05-18,1630.0
9882,2026-05-25,1655.0
9882,2026-06-01,1663.0
9882,2026-06-08,1733.0
9882,2026-06-15,1773.0
9882,2026-06-22,1763.0
9882,2026-06-29,1780.0
9882,2026-07-06,1820.0
9882,2026-07-13,1821.0
9882,2026-07-20,1787.0
9882,2026-07-27,1809.0
9888,2025-08-04,811.62
9888,2025-08-11,787.32
9888,2025-08-18,789.27
9888,2025-08-25,795.1
9888,2025-09-01,793.15
9888,2025-09-08,798.01
9888,2025-09-15,794.13
9888,2025-09-22,778.57
9888,2025-09-29,744.9
9888,2025-10-06,744.9
9888,2025-10-13,739.94
9888,2025-10-20,757.77
9888,2025-10-27,753.81
9888,2025-11-03,745.89
9888,2025-11-10,742.91
9888,2025-11-17,741.92
9888,2025-11-24,747.87
9888,2025-12-01,732.02
9888,2025-12-08,720.13
9888,2025-12-15,719.14
9888,2025-12-22,754.8
9888,2025-12-29,779.57
9888,2026-01-05,827.11
9888,2026-01-12,840.98
9888,2026-01-19,843.95
9888,2026-01-26,833.06
9888,2026-02-02,819.19
9888,2026-02-09,826.12
9888,2026-02-16,840.98
9888,2026-02-23,868.72
9888,2026-03-02,865.74
9888,2026-03-09,839.99
9888,2026-03-16,797.4
9888,2026-03-23,734.0
9888,2026-03-30,722.0
9888,2026-04-06,739.0
9888,2026-04-13,726.0
9888,2026-04-20,708.0
9888,2026-04-27,714.0
9888,2026-05-04,712.0
9888,2026-05-11,850.0
9888,2026-05-18,890.0
9888,2026-05-25,914.0
9888,2026-06-01,994.0
9888,2026-06-08,933.0
9888,2026-06-15,995.0
9888,2026-06-22,970.0
9888,2026-06-29,990.0
9888,2026-07-06,988.0
9888,2026-07-13,987.0
9888,2026-07-20,1024.0
9888,2026-07-27,1025.0
9889,2025-08-04,1324.85
9889,2025-08-11,1332.59
9889,2025-08-18,1330.66
9889,2025-08-25,1330.66
9889,2025-09-01,1303.56
9889,2025-09-08,1331.62
9889,2025-09-15,1304.53
9889,2025-09-22,1309.37
9889,2025-09-29,1222.14
9889,2025-10-06,1218.22
9889,2025-10-13,1178.04
9889,2025-10-20,1227.04
9889,2025-10-27,1269.18
9889,2025-11-03,1256.44
9889,2025-11-10,1315.25
9889,2025-11-17,1417.17
9889,2025-11-24,1549.48
9889,2025-12-01,1539.68
9889,2025-12-08,1590.64
9889,2025-12-15,1614.17
9889,2025-12-22,1564.18
9889,2025-12-29,1565.16
9889,2026-01-05,1591.62
9889,2026-01-12,1628.87
9889,2026-01-19,1626.91
9889,2026-01-26,1456.37
9889,2026-02-02,1352.49
9889,2026-02-09,1294.66
9889,2026-02-16,1316.23
9889,2026-02-23,1327.01
9889,2026-03-02,1295.64
9889,2026-03-09,1311.33
9889,2026-03-16,1249.58
9889,2026-03-23,1229.0
9889,2026-03-30,1230.0
9889,2026-04-06,1232.0
9889,2026-04-13,1309.0
9889,2026-04-20,1211.0
9889,2026-04-27,1200.0
9889,2026-05-04,1235.0
9889,2026-05-11,1192.0
9889,2026-05-18,1209.0
9889,2026-05-25,1189.0
9889,2026-06-01,1194.0
9889,2026-06-08,1166.0
9889,2026-06-15,1164.0
9889,2026-06-22,1212.0
9889,2026-06-29,1332.0
9889,2026-07-06,1409.0
9889,2026-07-13,1427.0
9889,2026-07-20,1450.0
9889,2026-07-27,1616.0
9900,2025-08-04,1784.16
9900,2025-08-11,1874.56
9900,2025-08-18,1872.57
9900,2025-08-25,1875.55
9900,2025-09-01,1885.49
9900,2025-09-08,1849.72
9900,2025-09-15,1861.64
9900,2025-09-22,1946.08
9900,2025-09-29,1783.16
9900,2025-10-06,1730.51
9900,2025-10-13,1750.38
9900,2025-10-20,1704.69
9900,2025-10-27,1658.99
9900,2025-11-03,1718.59
9900,2025-11-10,1716.61
9900,2025-11-17,1808.0
9900,2025-11-24,1840.78
9900,2025-12-01,1812.97
9900,2025-12-08,1860.65
9900,2025-12-15,1878.53
9900,2025-12-22,1862.64
9900,2025-12-29,1885.49
9900,2026-01-05,1888.47
9900,2026-01-12,1917.27
9900,2026-01-19,1920.26
9900,2026-01-26,1917.27
9900,2026-02-02,1960.98
9900,2026-02-09,1923.24
9900,2026-02-16,1868.6
9900,2026-02-23,1886.48
9900,2026-03-02,1840.78
9900,2026-03-09,1768.26
9900,2026-03-16,1779.19
9900,2026-03-23,1808.0
9900,2026-03-30,1848.0
9900,2026-04-06,1835.0
9900,2026-04-13,1795.0
9900,2026-04-20,1716.0
9900,2026-04-27,1727.0
9900,2026-05-04,1704.0
9900,2026-05-11,1754.0
9900,2026-05-18,1717.0
9900,2026-05-25,1672.0
9900,2026-06-01,1529.0
9900,2026-06-08,1620.0
9900,2026-06-15,1578.0
9900,2026-06-22,1613.0
9900,2026-06-29,1646.0
9900,2026-07-06,1753.0
9900,2026-07-13,1794.0
9900,2026-07-20,1921.0
9900,2026-07-27,2075.0
9902,2025-08-04,2824.0
9902,2025-08-11,2800.64
9902,2025-08-18,2784.09
9902,2025-08-25,2733.47
9902,2025-09-01,2754.89
9902,2025-09-08,2767.54
9902,2025-09-15,2713.03
9902,2025-09-22,2774.35
9902,2025-09-29,2632.43
9902,2025-10-06,2592.03
9902,2025-10-13,2542.75
9902,2025-10-20,2508.25
9902,2025-10-27,2449.12
9902,2025-11-03,2393.93
9902,2025-11-10,2376.19
9902,2025-11-17,2471.79
9902,2025-11-24,2525.99
9902,2025-12-01,2496.43
9902,2025-12-08,2438.28
9902,2025-12-15,2449.12
9902,2025-12-22,2507.27
9902,2025-12-29,2513.18
9902,2026-01-05,2539.79
9902,2026-01-12,2627.51
9902,2026-01-19,2538.81
9902,2026-01-26,2483.61
9902,2026-02-02,2457.99
9902,2026-02-09,2434.34
9902,2026-02-16,2458.97
9902,2026-02-23,2523.04
9902,2026-03-02,2361.4
9902,2026-03-09,2352.53
9902,2026-03-16,2378.16
9902,2026-03-23,2389.0
9902,2026-03-30,2443.0
9902,2026-04-06,2435.0
9902,2026-04-13,2438.0
9902,2026-04-20,2336.0
9902,2026-04-27,2350.0
9902,2026-05-04,2545.0
9902,2026-05-11,2565.0
9902,2026-05-18,2573.0
9902,2026-05-25,2525.0
9902,2026-06-01,2504.0
9902,2026-06-08,2562.0
9902,2026-06-15,2528.0
9902,2026-06-22,2553.0
9902,2026-06-29,2677.0
9902,2026-07-06,2750.0
9902,2026-07-13,2791.0
9902,2026-07-20,2819.0
9902,2026-07-27,3085.0
9934,2025-08-04,2048.01
9934,2025-08-11,1998.29
9934,2025-08-18,2003.6
9934,2025-08-25,2007.46
9934,2025-09-01,2024.84
9934,2025-09-08,2076.02
9934,2025-09-15,2101.12
9934,2025-09-22,2100.16
9934,2025-09-29,2036.86
9934,2025-10-06,2030.48
9934,2025-10-13,2034.4
9934,2025-10-20,2097.21
9934,2025-10-27,2229.21
9934,2025-11-03,2226.26
9934,2025-11-10,2292.51
9934,2025-11-17,2319.99
9934,2025-11-24,2458.85
9934,2025-12-01,2421.07
9934,2025-12-08,2464.25
9934,2025-12-15,2467.68
9934,2025-12-22,2496.63
9934,2025-12-29,2502.03
9934,2026-01-05,2541.29
9934,2026-01-12,2619.31
9934,2026-01-19,2634.52
9934,2026-01-26,2525.09
9934,2026-02-02,2632.07
9934,2026-02-09,2697.33
9934,2026-02-16,2735.11
9934,2026-02-23,2821.96
9934,2026-03-02,2620.29
9934,2026-03-09,2552.57
9934,2026-03-16,2569.26
9934,2026-03-23,2635.5
9934,2026-03-30,2685.5
9934,2026-04-06,2799.5
9934,2026-04-13,2723.0
9934,2026-04-20,2607.0
9934,2026-04-27,2644.5
9934,2026-05-04,2649.5
9934,2026-05-11,2829.0
9934,2026-05-18,2723.5
9934,2026-05-25,2780.0
9934,2026-06-01,2729.5
9934,2026-06-08,2694.0
9934,2026-06-15,2735.0
9934,2026-06-22,2702.5
9934,2026-06-29,2779.5
9934,2026-07-06,2708.5
9934,2026-07-13,2743.0
9934,2026-07-20,2793.0
9934,2026-07-27,2862.5
9997,2025-08-04,930.4
9997,2025-08-11,929.44
9997,2025-08-18,1006.33
9997,2025-08-25,965.96
9997,2025-09-01,995.76
9997,2025-09-08,999.6
9997,2025-09-15,1015.94
9997,2025-09-22,1031.32
9997,2025-09-29,967.96
9997,2025-10-06,961.13
9997,2025-10-13,971.86
9997,2025-10-20,990.38
9997,2025-10-27,991.35
9997,2025-11-03,1004.02
9997,2025-11-10,1028.39
9997,2025-11-17,952.36
9997,2025-11-24,979.65
9997,2025-12-01,950.41
9997,2025-12-08,943.59
9997,2025-12-15,965.03
9997,2025-12-22,963.08
9997,2025-12-29,970.88
9997,2026-01-05,973.81
9997,2026-01-12,987.45
9997,2026-01-19,962.11
9997,2026-01-26,948.46
9997,2026-02-02,929.94
9997,2026-02-09,951.39
9997,2026-02-16,950.41
9997,2026-02-23,964.06
9997,2026-03-02,916.29
9997,2026-03-09,889.0
9997,2026-03-16,875.35
9997,2026-03-23,889.0
9997,2026-03-30,877.0
9997,2026-04-06,883.0
9997,2026-04-13,861.0
9997,2026-04-20,833.0
9997,2026-04-27,835.0
9997,2026-05-04,891.0
9997,2026-05-11,930.0
9997,2026-05-18,921.0
9997,2026-05-25,925.0
9997,2026-06-01,951.0
9997,2026-06-08,941.0
9997,2026-06-15,945.0
9997,2026-06-22,946.0
9997,2026-06-29,961.0
9997,2026-07-06,1023.0
9997,2026-07-13,1063.0
9997,2026-07-20,1074.0
9997,2026-07-27,1074.0
