code,date,close
1379,2025-09-08,1879.06
1379,2025-09-15,1870.31
1379,2025-09-22,1889.76
1379,2025-09-29,1811.59
1379,2025-10-06,1824.29
1379,2025-10-13,1833.08
1379,2025-10-20,1846.76
1379,2025-10-27,1782.27
1379,2025-11-03,1835.04
1379,2025-11-10,1866.3
1379,2025-11-17,1993.33
1379,2025-11-24,2053.91
1379,2025-12-01,1957.18
1379,2025-12-08,1976.72
1379,2025-12-15,2012.87
1379,2025-12-22,1970.86
1379,2025-12-29,1977.7
1379,2026-01-05,1978.67
1379,2026-01-12,1981.6
1379,2026-01-19,1963.04
1379,2026-01-26,1934.7
1379,2026-02-02,1988.44
1379,2026-02-09,1975.74
1379,2026-02-16,1935.68
1379,2026-02-23,1965.97
1379,2026-03-02,1928.84
1379,2026-03-09,1877.05
1379,2026-03-16,1873.14
1379,2026-03-23,1922.0
1379,2026-03-30,1933.0
1379,2026-04-06,1930.0
1379,2026-04-13,1908.0
1379,2026-04-20,1834.0
1379,2026-04-27,1826.0
1379,2026-05-04,1856.0
1379,2026-05-11,1896.0
1379,2026-05-18,1881.0
1379,2026-05-25,1820.0
1379,2026-06-01,1826.0
1379,2026-06-08,1898.0
1379,2026-06-15,1886.0
1379,2026-06-22,1837.0
1379,2026-06-29,1887.0
1379,2026-07-06,1915.0
1379,2026-07-13,1924.0
1379,2026-07-20,1936.0
1379,2026-07-27,1952.0
1379,2026-08-03,1924.0
1379,2026-08-10,1994.0
1379,2026-08-17,2112.0
1379,2026-08-24,2116.0
1939,2025-09-08,1321.1
1939,2025-09-15,1305.83
1939,2025-09-22,1323.01
1939,2025-09-29,1290.76
1939,2025-10-06,1285.88
1939,2025-10-13,1317.15
1939,2025-10-20,1346.46
1939,2025-10-27,1375.77
1939,2025-11-03,1354.28
1939,2025-11-10,1408.02
1939,2025-11-17,1421.7
1939,2025-11-24,1474.46
1939,2025-12-01,1419.74
1939,2025-12-08,1444.17
1939,2025-12-15,1475.44
1939,2025-12-22,1496.93
1939,2025-12-29,1522.34
1939,2026-01-05,1561.42
1939,2026-01-12,1667.93
1939,2026-01-19,1690.4
1939,2026-01-26,1635.68
1939,2026-02-02,1913.18
1939,2026-02-09,1956.18
1939,2026-02-16,1964.97
1939,2026-02-23,2063.66
1939,2026-03-02,1900.48
1939,2026-03-09,1914.16
1939,2026-03-16,1922.95
1939,2026-03-23,1921.0
1939,2026-03-30,1923.0
1939,2026-04-06,1982.0
1939,2026-04-13,1913.0
1939,2026-04-20,1970.0
1939,2026-04-27,2020.0
1939,2026-05-04,2045.0
1939,2026-05-11,2014.0
1939,2026-05-18,1909.0
1939,2026-05-25,1955.0
1939,2026-06-01,1852.0
1939,2026-06-08,1881.0
1939,2026-06-15,1984.0
1939,2026-06-22,2063.0
1939,2026-06-29,2006.0
1939,2026-07-06,2000.0
1939,2026-07-13,1932.0
1939,2026-07-20,1990.0
1939,2026-07-27,2007.0
1939,2026-08-03,2081.0
1939,2026-08-10,2125.0
1939,2026-08-17,2120.0
1939,2026-08-24,2179.0
2060,2025-09-08,1103.69
2060,2025-09-15,1103.69
2060,2025-09-22,1117.16
2060,2025-09-29,1056.4
2060,2025-10-06,1017.21
2060,2025-10-13,1032.89
2060,2025-10-20,1044.65
2060,2025-10-27,997.61
2060,2025-11-03,983.89
2060,2025-11-10,986.83
2060,2025-11-17,1022.11
2060,2025-11-24,1005.45
2060,2025-12-01,998.59
2060,2025-12-08,991.73
2060,2025-12-15,1031.91
2060,2025-12-22,1034.85
2060,2025-12-29,1037.79
2060,2026-01-05,1060.32
2060,2026-01-12,1070.12
2060,2026-01-19,1068.16
2060,2026-01-26,1088.74
2060,2026-02-02,1174.98
2060,2026-02-09,1237.7
2060,2026-02-16,1230.84
2060,2026-02-23,1306.3
2060,2026-03-02,1239.66
2060,2026-03-09,1179.88
2060,2026-03-16,1167.14
2060,2026-03-23,1198.5
2060,2026-03-30,1170.0
2060,2026-04-06,1144.0
2060,2026-04-13,1125.0
2060,2026-04-20,1085.0
2060,2026-04-27,1102.0
2060,2026-05-04,1092.0
2060,2026-05-11,1253.0
2060,2026-05-18,1188.0
2060,2026-05-25,1200.0
2060,2026-06-01,1167.0
2060,2026-06-08,1211.0
2060,2026-06-15,1205.0
2060,2026-06-22,1219.0
2060,2026-06-29,1258.0
2060,2026-07-06,1261.0
2060,2026-07-13,1284.0
2060,2026-07-20,1283.0
2060,2026-07-27,1284.0
2060,2026-08-03,1273.0
2060,2026-08-10,1410.0
2060,2026-08-17,1435.0
2060,2026-08-24,1408.0
2114,2025-09-08,564.03
2114,2025-09-15,560.63
2114,2025-09-22,558.2
2114,2025-09-29,532.63
2114,2025-10-06,522.79
2114,2025-10-13,519.35
2114,2025-10-20,524.27
2114,2025-10-27,516.89
2114,2025-11-03,516.89
2114,2025-11-10,519.84
2114,2025-11-17,520.33
2114,2025-11-24,563.12
2114,2025-12-01,550.34
2114,2025-12-08,558.2
2114,2025-12-15,572.96
2114,2025-12-22,594.6
2114,2025-12-29,606.89
2114,2026-01-05,594.11
2114,2026-01-12,607.88
2114,2026-01-19,625.58
2114,2026-01-26,621.65
2114,2026-02-02,644.27
2114,2026-02-09,654.11
2114,2026-02-16,654.11
2114,2026-02-23,662.96
2114,2026-03-02,653.12
2114,2026-03-09,642.3
2114,2026-03-16,646.24
2114,2026-03-23,630.5
2114,2026-03-30,639.0
2114,2026-04-06,626.0
2114,2026-04-13,617.0
2114,2026-04-20,608.0
2114,2026-04-27,610.0
2114,2026-05-04,615.0
2114,2026-05-11,615.0
2114,2026-05-18,616.0
2114,2026-05-25,617.0
2114,2026-06-01,610.0
2114,2026-06-08,611.0
2114,2026-06-15,612.0
2114,2026-06-22,614.0
2114,2026-06-29,625.0
2114,2026-07-06,634.0
2114,2026-07-13,628.0
2114,2026-07-20,639.0
2114,2026-07-27,636.0
2114,2026-08-03,627.0
2114,2026-08-10,643.0
2114,2026-08-17,649.0
2114,2026-08-24,669.0
2122,2025-09-08,920.84
2122,2025-09-15,1365.66
2122,2025-09-22,1193.0
2122,2025-09-29,1225.0
2122,2025-10-06,1224.0
2122,2025-10-13,1200.0
2122,2025-10-20,1233.0
2122,2025-10-27,1248.0
2122,2025-11-03,1214.0
2122,2025-11-10,1234.0
2122,2025-11-17,1200.0
2122,2025-11-24,1203.0
2122,2025-12-01,1178.0
2122,2025-12-08,1150.0
2122,2025-12-15,1155.0
2122,2025-12-22,1149.0
2122,2025-12-29,1199.0
2122,2026-01-05,1225.0
2122,2026-01-12,1243.0
2122,2026-01-19,1277.0
2122,2026-01-26,1219.0
2122,2026-02-02,1235.0
2122,2026-02-09,1250.0
2122,2026-02-16,1278.0
2122,2026-02-23,1335.0
2122,2026-03-02,1312.0
2122,2026-03-09,1320.0
2122,2026-03-16,1321.0
2122,2026-03-23,1290.0
2122,2026-03-30,1216.0
2122,2026-04-06,1245.0
2122,2026-04-13,1269.0
2122,2026-04-20,1259.0
2122,2026-04-27,1252.0
2122,2026-05-04,1276.0
2122,2026-05-11,1250.0
2122,2026-05-18,1280.0
2122,2026-05-25,1248.0
2122,2026-06-01,1240.0
2122,2026-06-08,1255.0
2122,2026-06-15,1261.0
2122,2026-06-22,1282.0
2122,2026-06-29,1338.0
2122,2026-07-06,1394.0
2122,2026-07-13,1394.0
2122,2026-07-20,1399.0
2122,2026-07-27,1401.0
2122,2026-08-03,1401.0
2122,2026-08-10,1401.0
2122,2026-08-17,1422.0
2122,2026-08-24,1465.0
2146,2025-09-08,170.17
2146,2025-09-15,170.91
2146,2025-09-22,173.34
2146,2025-09-29,172.11
2146,2025-10-06,173.31
2146,2025-10-13,172.55
2146,2025-10-20,174.38
2146,2025-10-27,173.44
2146,2025-11-03,174.83
2146,2025-11-10,168.45
2146,2025-11-17,170.6
2146,2025-11-24,176.97
2146,2025-12-01,171.92
2146,2025-12-08,180.57
2146,2025-12-15,183.41
2146,2025-12-22,187.57
2146,2025-12-29,190.83
2146,2026-01-05,196.58
2146,2026-01-12,208.09
2146,2026-01-19,209.05
2146,2026-01-26,197.54
2146,2026-02-02,203.29
2146,2026-02-09,192.75
2146,2026-02-16,193.7
2146,2026-02-23,206.17
2146,2026-03-02,200.42
2146,2026-03-09,186.99
2146,2026-03-16,187.95
2146,2026-03-23,194.66
2146,2026-03-30,192.71
2146,2026-04-06,188.79
2146,2026-04-13,185.86
2146,2026-04-20,179.01
2146,2026-04-27,178.03
2146,2026-05-04,179.99
2146,2026-05-11,178.03
2146,2026-05-18,170.21
2146,2026-05-25,175.1
2146,2026-06-01,173.14
2146,2026-06-08,170.21
2146,2026-06-15,171.19
2146,2026-06-22,169.23
2146,2026-06-29,177.0
2146,2026-07-06,179.0
2146,2026-07-13,181.0
2146,2026-07-20,181.0
2146,2026-07-27,184.0
2146,2026-08-03,183.0
2146,2026-08-10,223.0
2146,2026-08-17,231.0
2146,2026-08-24,235.0
2170,2025-09-08,527.44
2170,2025-09-15,517.74
2170,2025-09-22,527.44
2170,2025-09-29,497.25
2170,2025-10-06,498.23
2170,2025-10-13,486.5
2170,2025-10-20,497.25
2170,2025-10-27,481.62
2170,2025-11-03,481.62
2170,2025-11-10,477.71
2170,2025-11-17,483.57
2170,2025-11-24,499.2
2170,2025-12-01,478.69
2170,2025-12-08,483.57
2170,2025-12-15,496.27
2170,2025-12-22,499.2
2170,2025-12-29,503.24
2170,2026-01-05,518.01
2170,2026-01-12,519.98
2170,2026-01-19,519.98
2170,2026-01-26,495.36
2170,2026-02-02,492.41
2170,2026-02-09,553.47
2170,2026-02-16,508.16
2170,2026-02-23,553.47
2170,2026-03-02,548.54
2170,2026-03-09,547.56
2170,2026-03-16,528.85
2170,2026-03-23,535.74
2170,2026-03-30,602.32
2170,2026-04-06,576.52
2170,2026-04-13,546.75
2170,2026-04-20,520.95
2170,2026-04-27,564.61
2170,2026-05-04,569.58
2170,2026-05-11,527.9
2170,2026-05-18,545.76
2170,2026-05-25,558.66
2170,2026-06-01,558.66
2170,2026-06-08,546.75
2170,2026-06-15,540.8
2170,2026-06-22,527.9
2170,2026-06-29,565.0
2170,2026-07-06,585.0
2170,2026-07-13,597.0
2170,2026-07-20,597.0
2170,2026-07-27,633.0
2170,2026-08-03,640.0
2170,2026-08-10,607.0
2170,2026-08-17,704.0
2170,2026-08-24,718.0
2181,2025-09-08,275.94
2181,2025-09-15,266.01
2181,2025-09-22,263.15
2181,2025-09-29,256.62
2181,2025-10-06,258.96
2181,2025-10-13,251.55
2181,2025-10-20,254.87
2181,2025-10-27,249.31
2181,2025-11-03,251.16
2181,2025-11-10,270.65
2181,2025-11-17,280.49
2181,2025-11-24,273.67
2181,2025-12-01,268.7
2181,2025-12-08,273.47
2181,2025-12-15,283.41
2181,2025-12-22,284.68
2181,2025-12-29,283.12
2181,2026-01-05,285.17
2181,2026-01-12,275.91
2181,2026-01-19,274.16
2181,2026-01-26,263.44
2181,2026-02-02,262.08
2181,2026-02-09,252.82
2181,2026-02-16,234.31
2181,2026-02-23,243.37
2181,2026-03-02,237.52
2181,2026-03-09,228.56
2181,2026-03-16,221.25
2181,2026-03-23,227.1
2181,2026-03-30,238.1
2181,2026-04-06,238.9
2181,2026-04-13,241.0
2181,2026-04-20,236.7
2181,2026-04-27,232.7
2181,2026-05-04,236.5
2181,2026-05-11,236.3
2181,2026-05-18,241.2
2181,2026-05-25,242.4
2181,2026-06-01,239.2
2181,2026-06-08,244.2
2181,2026-06-15,238.0
2181,2026-06-22,243.1
2181,2026-06-29,254.2
2181,2026-07-06,255.3
2181,2026-07-13,266.1
2181,2026-07-20,259.9
2181,2026-07-27,263.8
2181,2026-08-03,263.3
2181,2026-08-10,287.9
2181,2026-08-17,291.5
2181,2026-08-24,298.9
2212,2025-09-08,3286.02
2212,2025-09-15,3285.04
2212,2025-09-22,3314.51
2212,2025-09-29,3092.5
2212,2025-10-06,3085.62
2212,2025-10-13,3091.51
2212,2025-10-20,3110.18
2212,2025-10-27,2966.75
2212,2025-11-03,3146.53
2212,2025-11-10,3128.84
2212,2025-11-17,3199.57
2212,2025-11-24,3218.24
2212,2025-12-01,3109.2
2212,2025-12-08,3185.82
2212,2025-12-15,3377.38
2212,2025-12-22,3343.0
2212,2025-12-29,3293.0
2212,2026-01-05,3309.0
2212,2026-01-12,3338.0
2212,2026-01-19,3443.0
2212,2026-01-26,3264.0
2212,2026-02-02,3519.0
2212,2026-02-09,3530.0
2212,2026-02-16,3384.0
2212,2026-02-23,3509.0
2212,2026-03-02,3364.0
2212,2026-03-09,3171.0
2212,2026-03-16,3210.0
2212,2026-03-23,3483.0
2212,2026-03-30,3629.0
2212,2026-04-06,3267.0
2212,2026-04-13,3255.0
2212,2026-04-20,3172.0
2212,2026-04-27,3244.0
2212,2026-05-04,3215.0
2212,2026-05-11,3111.0
2212,2026-05-18,3160.0
2212,2026-05-25,3132.0
2212,2026-06-01,3058.0
2212,2026-06-08,3130.0
2212,2026-06-15,3088.0
2212,2026-06-22,3206.0
2212,2026-06-29,3224.0
2212,2026-07-06,3176.0
2212,2026-07-13,3372.0
2212,2026-07-20,3359.0
2212,2026-07-27,3359.0
2212,2026-08-03,3544.0
2212,2026-08-10,3544.0
2212,2026-08-17,3612.0
2212,2026-08-24,3645.0
2222,2025-09-08,1776.78
2222,2025-09-15,1780.71
2222,2025-09-22,1848.97
2222,2025-09-29,1774.81
2222,2025-10-06,1787.58
2222,2025-10-13,1827.85
2222,2025-10-20,1832.27
2222,2025-10-27,1815.58
2222,2025-11-03,1961.43
2222,2025-11-10,1903.97
2222,2025-11-17,1743.38
2222,2025-11-24,1808.7
2222,2025-12-01,1768.43
2222,2025-12-08,1786.6
2222,2025-12-15,1781.69
2222,2025-12-22,1812.14
2222,2025-12-29,1800.35
2222,2026-01-05,1820.98
2222,2026-01-12,1783.65
2222,2026-01-19,1786.6
2222,2026-01-26,1756.15
2222,2026-02-02,1984.02
2222,2026-02-09,1943.75
2222,2026-02-16,1942.77
2222,2026-02-23,1952.1
2222,2026-03-02,1895.13
2222,2026-03-09,1892.19
2222,2026-03-16,1924.11
2222,2026-03-23,1930.0
2222,2026-03-30,1895.5
2222,2026-04-06,1842.0
2222,2026-04-13,1991.5
2222,2026-04-20,2008.5
2222,2026-04-27,1972.0
2222,2026-05-04,1971.5
2222,2026-05-11,2121.5
2222,2026-05-18,2004.5
2222,2026-05-25,2085.0
2222,2026-06-01,2153.5
2222,2026-06-08,2342.5
2222,2026-06-15,2324.0
2222,2026-06-22,2421.5
2222,2026-06-29,2545.0
2222,2026-07-06,2608.5
2222,2026-07-13,2598.5
2222,2026-07-20,2434.0
2222,2026-07-27,2543.0
2222,2026-08-03,2609.0
2222,2026-08-10,2746.0
2222,2026-08-17,2680.5
2222,2026-08-24,2748.0
2354,2025-09-08,653.93
2354,2025-09-15,720.4
2354,2025-09-22,721.38
2354,2025-09-29,670.55
2354,2025-10-06,690.1
2354,2025-10-13,658.82
2354,2025-10-20,667.62
2354,2025-10-27,643.18
2354,2025-11-03,632.43
2354,2025-11-10,637.32
2354,2025-11-17,600.17
2354,2025-11-24,630.47
2354,2025-12-01,684.23
2354,2025-12-08,689.12
2354,2025-12-15,728.22
2354,2025-12-22,799.58
2354,2025-12-29,804.46
2354,2026-01-05,838.68
2354,2026-01-12,829.88
2354,2026-01-19,829.88
2354,2026-01-26,775.14
2354,2026-02-02,751.68
2354,2026-02-09,774.16
2354,2026-02-16,778.07
2354,2026-02-23,821.52
2354,2026-03-02,785.89
2354,2026-03-09,771.05
2354,2026-03-16,763.13
2354,2026-03-23,783.91
2354,2026-03-30,864.09
2354,2026-04-06,822.51
2354,2026-04-13,895.76
2354,2026-04-20,912.59
2354,2026-04-27,888.83
2354,2026-05-04,937.33
2354,2026-05-11,878.93
2354,2026-05-18,964.05
2354,2026-05-25,975.93
2354,2026-06-01,955.15
2354,2026-06-08,874.97
2354,2026-06-15,890.81
2354,2026-06-22,765.11
2354,2026-06-29,837.36
2354,2026-07-06,824.49
2354,2026-07-13,1048.19
2354,2026-07-20,1583.66
2354,2026-07-27,1222.39
2354,2026-08-03,1269.9
2354,2026-08-10,1367.89
2354,2026-08-17,1311.47
2354,2026-08-24,1499.0
2384,2025-09-08,3593.86
2384,2025-09-15,3545.03
2384,2025-09-22,3623.16
2384,2025-09-29,3476.67
2384,2025-10-06,3427.84
2384,2025-10-13,3383.89
2384,2025-10-20,3379.01
2384,2025-10-27,3310.65
2384,2025-11-03,3359.48
2384,2025-11-10,3598.75
2384,2025-11-17,3491.32
2384,2025-11-24,3681.76
2384,2025-12-01,3613.39
2384,2025-12-08,3676.87
2384,2025-12-15,3715.94
2384,2025-12-22,3755.0
2384,2025-12-29,3780.0
2384,2026-01-05,3895.0
2384,2026-01-12,3930.0
2384,2026-01-19,3920.0
2384,2026-01-26,3855.0
2384,2026-02-02,3915.0
2384,2026-02-09,4055.0
2384,2026-02-16,4155.0
2384,2026-02-23,4270.0
2384,2026-03-02,4045.0
2384,2026-03-09,3940.0
2384,2026-03-16,4045.0
2384,2026-03-23,4345.0
2384,2026-03-30,4285.0
2384,2026-04-06,4255.0
2384,2026-04-13,4155.0
2384,2026-04-20,4055.0
2384,2026-04-27,4200.0
2384,2026-05-04,4510.0
2384,2026-05-11,4485.0
2384,2026-05-18,4865.0
2384,2026-05-25,4885.0
2384,2026-06-01,4540.0
2384,2026-06-08,4525.0
2384,2026-06-15,4255.0
2384,2026-06-22,4260.0
2384,2026-06-29,4315.0
2384,2026-07-06,4155.0
2384,2026-07-13,4560.0
2384,2026-07-20,4415.0
2384,2026-07-27,4460.0
2384,2026-08-03,4600.0
2384,2026-08-10,4865.0
2384,2026-08-17,5190.0
2384,2026-08-24,5170.0
2429,2025-09-08,2499.63
2429,2025-09-15,2455.86
2429,2025-09-22,2521.52
2429,2025-09-29,2369.28
2429,2025-10-06,2375.94
2429,2025-10-13,2380.69
2429,2025-10-20,2463.48
2429,2025-10-27,2389.26
2429,2025-11-03,2441.59
2429,2025-11-10,2501.54
2429,2025-11-17,2489.17
2429,2025-11-24,2518.66
2429,2025-12-01,2481.55
2429,2025-12-08,2482.51
2429,2025-12-15,2514.86
2429,2025-12-22,2541.5
2429,2025-12-29,2594.0
2429,2026-01-05,2774.0
2429,2026-01-12,2847.0
2429,2026-01-19,2647.0
2429,2026-01-26,2527.0
2429,2026-02-02,2557.0
2429,2026-02-09,2573.0
2429,2026-02-16,2808.0
2429,2026-02-23,2856.0
2429,2026-03-02,2798.0
2429,2026-03-09,2677.0
2429,2026-03-16,2659.0
2429,2026-03-23,2668.0
2429,2026-03-30,2621.0
2429,2026-04-06,2647.0
2429,2026-04-13,2627.0
2429,2026-04-20,2542.0
2429,2026-04-27,2526.0
2429,2026-05-04,2571.0
2429,2026-05-11,2406.0
2429,2026-05-18,2410.0
2429,2026-05-25,2418.0
2429,2026-06-01,2357.0
2429,2026-06-08,2367.0
2429,2026-06-15,2470.0
2429,2026-06-22,2430.0
2429,2026-06-29,2502.0
2429,2026-07-06,2561.0
2429,2026-07-13,2604.0
2429,2026-07-20,2706.0
2429,2026-07-27,2657.0
2429,2026-08-03,2690.0
2429,2026-08-10,2750.0
2429,2026-08-17,2866.0
2429,2026-08-24,2853.0
2489,2025-09-08,300.84
2489,2025-09-15,314.51
2489,2025-09-22,318.42
2489,2025-09-29,286.18
2489,2025-10-06,287.16
2489,2025-10-13,278.37
2489,2025-10-20,293.02
2489,2025-10-27,285.21
2489,2025-11-03,288.14
2489,2025-11-10,292.04
2489,2025-11-17,268.6
2489,2025-11-24,269.58
2489,2025-12-01,251.02
2489,2025-12-08,249.07
2489,2025-12-15,269.58
2489,2025-12-22,269.58
2489,2025-12-29,264.0
2489,2026-01-05,270.0
2489,2026-01-12,264.0
2489,2026-01-19,275.0
2489,2026-01-26,263.0
2489,2026-02-02,257.0
2489,2026-02-09,288.0
2489,2026-02-16,282.0
2489,2026-02-23,290.0
2489,2026-03-02,278.0
2489,2026-03-09,268.0
2489,2026-03-16,269.0
2489,2026-03-23,279.0
2489,2026-03-30,271.0
2489,2026-04-06,280.0
2489,2026-04-13,282.0
2489,2026-04-20,278.0
2489,2026-04-27,286.0
2489,2026-05-04,294.0
2489,2026-05-11,286.0
2489,2026-05-18,272.0
2489,2026-05-25,265.0
2489,2026-06-01,272.0
2489,2026-06-08,264.0
2489,2026-06-15,286.0
2489,2026-06-22,284.0
2489,2026-06-29,297.0
2489,2026-07-06,303.0
2489,2026-07-13,309.0
2489,2026-07-20,304.0
2489,2026-07-27,317.0
2489,2026-08-03,311.0
2489,2026-08-10,376.0
2489,2026-08-17,380.0
2489,2026-08-24,419.0
2492,2025-09-08,348.1
2492,2025-09-15,345.15
2492,2025-09-22,338.27
2492,2025-09-29,314.67
2492,2025-10-06,316.64
2492,2025-10-13,310.74
2492,2025-10-20,324.5
2492,2025-10-27,322.54
2492,2025-11-03,329.42
2492,2025-11-10,338.27
2492,2025-11-17,346.14
2492,2025-11-24,353.02
2492,2025-12-01,367.77
2492,2025-12-08,392.35
2492,2025-12-15,395.3
2492,2025-12-22,421.86
2492,2025-12-29,420.08
2492,2026-01-05,418.1
2492,2026-01-12,447.82
2492,2026-01-19,456.74
2492,2026-01-26,447.82
2492,2026-02-02,378.47
2492,2026-02-09,361.63
2492,2026-02-16,365.59
2492,2026-02-23,399.28
2492,2026-03-02,416.12
2492,2026-03-09,395.31
2492,2026-03-16,396.3
2492,2026-03-23,426.03
2492,2026-03-30,466.65
2492,2026-04-06,424.04
2492,2026-04-13,464.67
2492,2026-04-20,437.92
2492,2026-04-27,394.32
2492,2026-05-04,417.11
2492,2026-05-11,390.36
2492,2026-05-18,372.53
2492,2026-05-25,387.39
2492,2026-06-01,366.58
2492,2026-06-08,360.64
2492,2026-06-15,399.28
2492,2026-06-22,352.71
2492,2026-06-29,479.0
2492,2026-07-06,490.0
2492,2026-07-13,489.0
2492,2026-07-20,521.0
2492,2026-07-27,569.0
2492,2026-08-03,585.0
2492,2026-08-10,614.0
2492,2026-08-17,590.0
2492,2026-08-24,685.0
2597,2025-09-08,963.78
2597,2025-09-15,970.72
2597,2025-09-22,984.6
2597,2025-09-29,996.5
2597,2025-10-06,993.52
2597,2025-10-13,1002.45
2597,2025-10-20,1002.45
2597,2025-10-27,1006.41
2597,2025-11-03,1006.41
2597,2025-11-10,1028.23
2597,2025-11-17,1059.96
2597,2025-11-24,1100.61
2597,2025-12-01,1121.43
2597,2025-12-08,1099.62
2597,2025-12-15,1130.36
2597,2025-12-22,1172.0
2597,2025-12-29,1055.0
2597,2026-01-05,1025.0
2597,2026-01-12,1033.0
2597,2026-01-19,1023.0
2597,2026-01-26,1037.0
2597,2026-02-02,1027.0
2597,2026-02-09,1047.0
2597,2026-02-16,1050.0
2597,2026-02-23,1070.0
2597,2026-03-02,1051.0
2597,2026-03-09,1048.0
2597,2026-03-16,1073.0
2597,2026-03-23,1076.0
2597,2026-03-30,1086.0
2597,2026-04-06,1094.0
2597,2026-04-13,1093.0
2597,2026-04-20,1072.0
2597,2026-04-27,1066.0
2597,2026-05-04,1060.0
2597,2026-05-11,1065.0
2597,2026-05-18,1073.0
2597,2026-05-25,1079.0
2597,2026-06-01,1078.0
2597,2026-06-08,1085.0
2597,2026-06-15,1078.0
2597,2026-06-22,1106.0
2597,2026-06-29,1120.0
2597,2026-07-06,1159.0
2597,2026-07-13,1127.0
2597,2026-07-20,1138.0
2597,2026-07-27,1155.0
2597,2026-08-03,1178.0
2597,2026-08-10,1164.0
2597,2026-08-17,1192.0
2597,2026-08-24,1217.0
2613,2025-09-08,2002.71
2613,2025-09-15,2014.3
2613,2025-09-22,2052.0
2613,2025-09-29,1993.03
2613,2025-10-06,1969.45
2613,2025-10-13,1982.22
2613,2025-10-20,2014.66
2613,2025-10-27,1982.22
2613,2025-11-03,1957.66
2613,2025-11-10,1960.6
2613,2025-11-17,1981.24
2613,2025-11-24,2001.88
2613,2025-12-01,1934.07
2613,2025-12-08,1916.38
2613,2025-12-15,1945.86
2613,2025-12-22,1974.36
2613,2025-12-29,1968.47
2613,2026-01-05,2000.9
2613,2026-01-12,2007.78
2613,2026-01-19,2003.84
2613,2026-01-26,1992.05
2613,2026-02-02,2003.84
2613,2026-02-09,2021.53
2613,2026-02-16,2003.84
2613,2026-02-23,2059.86
2613,2026-03-02,2009.74
2613,2026-03-09,1957.66
2613,2026-03-16,1959.62
2613,2026-03-23,1995.0
2613,2026-03-30,2055.0
2613,2026-04-06,2057.0
2613,2026-04-13,2036.0
2613,2026-04-20,1960.0
2613,2026-04-27,1962.0
2613,2026-05-04,1946.0
2613,2026-05-11,1993.0
2613,2026-05-18,1994.0
2613,2026-05-25,1977.0
2613,2026-06-01,1975.0
2613,2026-06-08,2075.0
2613,2026-06-15,2023.0
2613,2026-06-22,2053.0
2613,2026-06-29,2066.0
2613,2026-07-06,2096.0
2613,2026-07-13,2103.0
2613,2026-07-20,2067.0
2613,2026-07-27,2086.0
2613,2026-08-03,2068.0
2613,2026-08-10,2141.0
2613,2026-08-17,2226.0
2613,2026-08-24,2272.0
2654,2025-09-08,396.88
2654,2025-09-15,397.85
2654,2025-09-22,405.65
2654,2025-09-29,354.95
2654,2025-10-06,356.9
2654,2025-10-13,357.87
2654,2025-10-20,356.9
2654,2025-10-27,351.04
2654,2025-11-03,365.67
2654,2025-11-10,374.45
2654,2025-11-17,374.45
2654,2025-11-24,384.2
2654,2025-12-01,379.32
2654,2025-12-08,380.3
2654,2025-12-15,383.22
2654,2025-12-22,379.32
2654,2025-12-29,379.32
2654,2026-01-05,384.2
2654,2026-01-12,383.22
2654,2026-01-19,390.05
2654,2026-01-26,389.07
2654,2026-02-02,389.07
2654,2026-02-09,396.88
2654,2026-02-16,392.0
2654,2026-02-23,399.8
2654,2026-03-02,396.88
2654,2026-03-09,392.0
2654,2026-03-16,399.8
2654,2026-03-23,392.0
2654,2026-03-30,400.0
2654,2026-04-06,401.0
2654,2026-04-13,404.0
2654,2026-04-20,400.0
2654,2026-04-27,396.0
2654,2026-05-04,400.0
2654,2026-05-11,395.0
2654,2026-05-18,396.0
2654,2026-05-25,398.0
2654,2026-06-01,390.0
2654,2026-06-08,390.0
2654,2026-06-15,394.0
2654,2026-06-22,390.0
2654,2026-06-29,399.0
2654,2026-07-06,401.0
2654,2026-07-13,398.0
2654,2026-07-20,400.0
2654,2026-07-27,406.0
2654,2026-08-03,410.0
2654,2026-08-10,416.0
2654,2026-08-17,426.0
2654,2026-08-24,425.0
2681,2025-09-08,1675.28
2681,2025-09-15,1638.03
2681,2025-09-22,1687.04
2681,2025-09-29,1613.78
2681,2025-10-06,1624.67
2681,2025-10-13,1625.66
2681,2025-10-20,1641.5
2681,2025-10-27,1598.93
2681,2025-11-03,1646.45
2681,2025-11-10,1752.38
2681,2025-11-17,1704.86
2681,2025-11-24,1673.18
2681,2025-12-01,1671.2
2681,2025-12-08,1733.57
2681,2025-12-15,1796.94
2681,2025-12-22,1875.15
2681,2025-12-29,1858.32
2681,2026-01-05,1873.17
2681,2026-01-12,1899.9
2681,2026-01-19,1870.2
2681,2026-01-26,1800.9
2681,2026-02-02,1682.09
2681,2026-02-09,1663.28
2681,2026-02-16,1711.79
2681,2026-02-23,1781.09
2681,2026-03-02,1740.5
2681,2026-03-09,1689.02
2681,2026-03-16,1653.38
2681,2026-03-23,1691.0
2681,2026-03-30,1779.0
2681,2026-04-06,1830.0
2681,2026-04-13,1952.0
2681,2026-04-20,1860.0
2681,2026-04-27,1819.0
2681,2026-05-04,1850.0
2681,2026-05-11,2023.0
2681,2026-05-18,2009.0
2681,2026-05-25,2120.0
2681,2026-06-01,2031.0
2681,2026-06-08,2106.0
2681,2026-06-15,2116.0
2681,2026-06-22,2034.0
2681,2026-06-29,2040.0
2681,2026-07-06,1987.0
2681,2026-07-13,2025.0
2681,2026-07-20,2089.0
2681,2026-07-27,2090.0
2681,2026-08-03,2319.0
2681,2026-08-10,2349.0
2681,2026-08-17,2352.0
2681,2026-08-24,2398.0
269A,2025-09-08,2618.0
269A,2025-09-15,2706.0
269A,2025-09-22,2621.0
269A,2025-09-29,2450.0
269A,2025-10-06,2333.0
269A,2025-10-13,2194.0
269A,2025-10-20,2257.0
269A,2025-10-27,2333.0
269A,2025-11-03,2368.0
269A,2025-11-10,2535.0
269A,2025-11-17,2250.0
269A,2025-11-24,2354.0
269A,2025-12-01,2354.0
269A,2025-12-08,2300.0
269A,2025-12-15,2033.0
269A,2025-12-22,2055.0
269A,2025-12-29,1996.0
269A,2026-01-05,2144.0
269A,2026-01-12,2253.0
269A,2026-01-19,2175.0
269A,2026-01-26,2085.0
269A,2026-02-02,2023.0
269A,2026-02-09,2442.0
269A,2026-02-16,2324.0
269A,2026-02-23,2405.0
269A,2026-03-02,2388.0
269A,2026-03-09,2257.0
269A,2026-03-16,2182.0
269A,2026-03-23,2110.0
269A,2026-03-30,2121.0
269A,2026-04-06,2151.0
269A,2026-04-13,2415.0
269A,2026-04-20,2372.0
269A,2026-04-27,2312.0
269A,2026-05-04,2597.0
269A,2026-05-11,2648.0
269A,2026-05-18,2599.0
269A,2026-05-25,2441.0
269A,2026-06-01,2288.0
269A,2026-06-08,2122.0
269A,2026-06-15,2260.0
269A,2026-06-22,2205.0
269A,2026-06-29,2236.0
269A,2026-07-06,2227.0
269A,2026-07-13,2259.0
269A,2026-07-20,2398.0
269A,2026-07-27,2554.0
269A,2026-08-03,2520.0
269A,2026-08-10,2436.0
269A,2026-08-17,2685.0
269A,2026-08-24,2730.0
2705,2025-09-08,5713.15
2705,2025-09-15,5792.91
2705,2025-09-22,5862.71
2705,2025-09-29,5513.74
2705,2025-10-06,5503.76
2705,2025-10-13,5573.56
2705,2025-10-20,5683.24
2705,2025-10-27,5623.41
2705,2025-11-03,5812.85
2705,2025-11-10,5703.18
2705,2025-11-17,5723.12
2705,2025-11-24,5753.03
2705,2025-12-01,5772.97
2705,2025-12-08,5822.82
2705,2025-12-15,5812.85
2705,2025-12-22,5812.85
2705,2025-12-29,5892.62
2705,2026-01-05,6032.21
2705,2026-01-12,6381.18
2705,2026-01-19,6391.15
2705,2026-01-26,6530.74
2705,2026-02-02,6570.62
2705,2026-02-09,6780.0
2705,2026-02-16,7158.88
2705,2026-02-23,7537.76
2705,2026-03-02,7338.35
2705,2026-03-09,7009.32
2705,2026-03-16,6919.59
2705,2026-03-23,6780.0
2705,2026-03-30,6790.0
2705,2026-04-06,6930.0
2705,2026-04-13,6970.0
2705,2026-04-20,6890.0
2705,2026-04-27,6850.0
2705,2026-05-04,6750.0
2705,2026-05-11,7290.0
2705,2026-05-18,7890.0
2705,2026-05-25,7740.0
2705,2026-06-01,7000.0
2705,2026-06-08,7690.0
2705,2026-06-15,7050.0
2705,2026-06-22,7500.0
2705,2026-06-29,7700.0
2705,2026-07-06,8040.0
2705,2026-07-13,8050.0
2705,2026-07-20,8100.0
2705,2026-07-27,8580.0
2705,2026-08-03,8530.0
2705,2026-08-10,8440.0
2705,2026-08-17,9240.0
2705,2026-08-24,9560.0
2737,2025-09-08,6267.27
2737,2025-09-15,6420.36
2737,2025-09-22,6496.91
2737,2025-09-29,6611.73
2737,2025-10-06,6831.8
2737,2025-10-13,6870.07
2737,2025-10-20,7233.67
2737,2025-10-27,9032.52
2737,2025-11-03,9558.78
2737,2025-11-10,10381.66
2737,2025-11-17,10075.47
2737,2025-11-24,11194.96
2737,2025-12-01,11166.26
2737,2025-12-08,11194.96
2737,2025-12-15,11204.53
2737,2025-12-22,12333.6
2737,2025-12-29,12658.92
2737,2026-01-05,12036.98
2737,2026-01-12,13060.79
2737,2026-01-19,13979.35
2737,2026-01-26,11233.24
2737,2026-02-02,11635.11
2737,2026-02-09,11922.16
2737,2026-02-16,12869.42
2737,2026-02-23,13395.68
2737,2026-03-02,12046.55
2737,2026-03-09,11816.91
2737,2026-03-16,11807.34
2737,2026-03-23,11970.0
2737,2026-03-30,11960.0
2737,2026-04-06,12100.0
2737,2026-04-13,11800.0
2737,2026-04-20,14620.0
2737,2026-04-27,15070.0
2737,2026-05-04,16420.0
2737,2026-05-11,14600.0
2737,2026-05-18,14990.0
2737,2026-05-25,13990.0
2737,2026-06-01,14680.0
2737,2026-06-08,14490.0
2737,2026-06-15,16130.0
2737,2026-06-22,18470.0
2737,2026-06-29,16730.0
2737,2026-07-06,15690.0
2737,2026-07-13,15120.0
2737,2026-07-20,16520.0
2737,2026-07-27,21150.0
2737,2026-08-03,28800.0
2737,2026-08-10,31400.0
2737,2026-08-17,28350.0
2737,2026-08-24,31950.0
2767,2025-09-08,2133.19
2767,2025-09-15,2105.57
2767,2025-09-22,2164.61
2767,2025-09-29,2216.04
2767,2025-10-06,2236.04
2767,2025-10-13,2132.24
2767,2025-10-20,2120.81
2767,2025-10-27,2068.43
2767,2025-11-03,1890.35
2767,2025-11-10,1911.3
2767,2025-11-17,1818.92
2767,2025-11-24,1900.82
2767,2025-12-01,1779.88
2767,2025-12-08,1761.78
2767,2025-12-15,1760.83
2767,2025-12-22,1767.5
2767,2025-12-29,1766.55
2767,2026-01-05,1714.17
2767,2026-01-12,1695.12
2767,2026-01-19,1762.74
2767,2026-01-26,1745.6
2767,2026-02-02,1689.41
2767,2026-02-09,1549.42
2767,2026-02-16,1453.23
2767,2026-02-23,1478.95
2767,2026-03-02,1435.14
2767,2026-03-09,1426.57
2767,2026-03-16,1383.72
2767,2026-03-23,1398.0
2767,2026-03-30,1459.0
2767,2026-04-06,1453.0
2767,2026-04-13,1480.0
2767,2026-04-20,1431.0
2767,2026-04-27,1389.0
2767,2026-05-04,1425.0
2767,2026-05-11,1463.0
2767,2026-05-18,1406.0
2767,2026-05-25,1383.0
2767,2026-06-01,1378.0
2767,2026-06-08,1364.0
2767,2026-06-15,1338.0
2767,2026-06-22,1380.0
2767,2026-06-29,1378.0
2767,2026-07-06,1435.0
2767,2026-07-13,1467.0
2767,2026-07-20,1475.0
2767,2026-07-27,2410.0
2767,2026-08-03,2508.0
2767,2026-08-10,2473.0
2767,2026-08-17,2540.0
2767,2026-08-24,2605.0
2782,2025-09-08,3113.2
2782,2025-09-15,3044.67
2782,2025-09-22,3078.94
2782,2025-09-29,3004.69
2782,2025-10-06,3069.04
2782,2025-10-13,3029.44
2782,2025-10-20,3004.69
2782,2025-10-27,2906.68
2782,2025-11-03,3093.79
2782,2025-11-10,3108.64
2782,2025-11-17,3192.79
2782,2025-11-24,3237.34
2782,2025-12-01,3108.64
2782,2025-12-08,3465.04
2782,2025-12-15,3583.85
2782,2025-12-22,3445.24
2782,2025-12-29,3445.24
2782,2026-01-05,3623.45
2782,2026-01-12,3757.1
2782,2026-01-19,3801.65
2782,2026-01-26,3653.15
2782,2026-02-02,4088.75
2782,2026-02-09,4202.6
2782,2026-02-16,4281.8
2782,2026-02-23,4296.65
2782,2026-03-02,3984.8
2782,2026-03-09,4207.55
2782,2026-03-16,4014.5
2782,2026-03-23,3965.0
2782,2026-03-30,3785.0
2782,2026-04-06,3370.0
2782,2026-04-13,3550.0
2782,2026-04-20,3440.0
2782,2026-04-27,3455.0
2782,2026-05-04,3360.0
2782,2026-05-11,3600.0
2782,2026-05-18,3685.0
2782,2026-05-25,3795.0
2782,2026-06-01,3725.0
2782,2026-06-08,3555.0
2782,2026-06-15,3680.0
2782,2026-06-22,3715.0
2782,2026-06-29,3580.0
2782,2026-07-06,3625.0
2782,2026-07-13,3730.0
2782,2026-07-20,3805.0
2782,2026-07-27,3850.0
2782,2026-08-03,4160.0
2782,2026-08-10,4090.0
2782,2026-08-17,4250.0
2782,2026-08-24,4440.0
278A,2025-09-08,4090.0
278A,2025-09-15,3905.0
278A,2025-09-22,3585.0
278A,2025-09-29,3045.0
278A,2025-10-06,3225.0
278A,2025-10-13,3080.0
278A,2025-10-20,3360.0
278A,2025-10-27,3085.0
278A,2025-11-03,3185.0
278A,2025-11-10,3120.0
278A,2025-11-17,3075.0
278A,2025-11-24,3100.0
278A,2025-12-01,2806.0
278A,2025-12-08,2339.0
278A,2025-12-15,2134.0
278A,2025-12-22,2137.0
278A,2025-12-29,2082.0
278A,2026-01-05,3000.0
278A,2026-01-12,2663.0
278A,2026-01-19,2663.0
278A,2026-01-26,2675.0
278A,2026-02-02,2747.0
278A,2026-02-09,2638.0
278A,2026-02-16,2424.0
278A,2026-02-23,2560.0
278A,2026-03-02,2554.0
278A,2026-03-09,2688.0
278A,2026-03-16,2940.0
278A,2026-03-23,4100.0
278A,2026-03-30,4490.0
278A,2026-04-06,4960.0
278A,2026-04-13,6480.0
278A,2026-04-20,7840.0
278A,2026-04-27,10770.0
278A,2026-05-04,13400.0
278A,2026-05-11,12190.0
278A,2026-05-18,11320.0
278A,2026-05-25,9690.0
278A,2026-06-01,8190.0
278A,2026-06-08,8100.0
278A,2026-06-15,7920.0
278A,2026-06-22,7650.0
278A,2026-06-29,8410.0
278A,2026-07-06,10860.0
278A,2026-07-13,13770.0
278A,2026-07-20,12690.0
278A,2026-07-27,10540.0
278A,2026-08-03,12070.0
278A,2026-08-10,12100.0
278A,2026-08-17,13960.0
278A,2026-08-24,21620.0
2805,2025-09-08,3432.55
2805,2025-09-15,3328.84
2805,2025-09-22,3437.49
2805,2025-09-29,3287.3
2805,2025-10-06,3232.6
2805,2025-10-13,3242.54
2805,2025-10-20,3242.54
2805,2025-10-27,3317.14
2805,2025-11-03,3327.09
2805,2025-11-10,3396.71
2805,2025-11-17,3481.26
2805,2025-11-24,3555.85
2805,2025-12-01,3501.15
2805,2025-12-08,3680.19
2805,2025-12-15,3918.9
2805,2025-12-22,3908.95
2805,2025-12-29,4008.42
2805,2026-01-05,3918.9
2805,2026-01-12,4028.31
2805,2026-01-19,4386.38
2805,2026-01-26,4346.6
2805,2026-02-02,4431.14
2805,2026-02-09,4341.62
2805,2026-02-16,4421.2
2805,2026-02-23,4600.23
2805,2026-03-02,4550.5
2805,2026-03-09,4421.2
2805,2026-03-16,4530.61
2805,2026-03-23,4829.0
2805,2026-03-30,4995.0
2805,2026-04-06,5080.0
2805,2026-04-13,4720.0
2805,2026-04-20,4560.0
2805,2026-04-27,4550.0
2805,2026-05-04,4450.0
2805,2026-05-11,4960.0
2805,2026-05-18,5350.0
2805,2026-05-25,5630.0
2805,2026-06-01,4920.0
2805,2026-06-08,5190.0
2805,2026-06-15,5360.0
2805,2026-06-22,5240.0
2805,2026-06-29,5430.0
2805,2026-07-06,5810.0
2805,2026-07-13,5980.0
2805,2026-07-20,6300.0
2805,2026-07-27,6600.0
2805,2026-08-03,6890.0
2805,2026-08-10,6680.0
2805,2026-08-17,6800.0
2805,2026-08-24,7120.0
2814,2025-09-08,3162.82
2814,2025-09-15,3290.91
2814,2025-09-22,3473.19
2814,2025-09-29,3252.08
2814,2025-10-06,3138.06
2814,2025-10-13,3133.11
2814,2025-10-20,3068.66
2814,2025-10-27,3053.79
2814,2025-11-03,3108.32
2814,2025-11-10,3143.02
2814,2025-11-17,3058.74
2814,2025-11-24,3232.26
2814,2025-12-01,3192.6
2814,2025-12-08,3271.91
2814,2025-12-15,3485.08
2814,2025-12-22,3495.0
2814,2025-12-29,3207.47
2814,2026-01-05,3053.79
2814,2026-01-12,3108.32
2814,2026-01-19,3133.11
2814,2026-01-26,3103.36
2814,2026-02-02,3177.72
2814,2026-02-09,3192.6
2814,2026-02-16,3187.64
2814,2026-02-23,3271.91
2814,2026-03-02,3177.72
2814,2026-03-09,3207.47
2814,2026-03-16,3202.51
2814,2026-03-23,3262.0
2814,2026-03-30,3160.0
2814,2026-04-06,3125.0
2814,2026-04-13,3120.0
2814,2026-04-20,3080.0
2814,2026-04-27,3080.0
2814,2026-05-04,3060.0
2814,2026-05-11,3115.0
2814,2026-05-18,3070.0
2814,2026-05-25,3025.0
2814,2026-06-01,3090.0
2814,2026-06-08,3110.0
2814,2026-06-15,3090.0
2814,2026-06-22,3040.0
2814,2026-06-29,3085.0
2814,2026-07-06,3070.0
2814,2026-07-13,3095.0
2814,2026-07-20,3090.0
2814,2026-07-27,3085.0
2814,2026-08-03,3145.0
2814,2026-08-10,3205.0
2814,2026-08-17,3455.0
2814,2026-08-24,3480.0
2877,2025-09-08,732.19
2877,2025-09-15,735.14
2877,2025-09-22,729.24
2877,2025-09-29,726.29
2877,2025-10-06,722.35
2877,2025-10-13,725.3
2877,2025-10-20,736.13
2877,2025-10-27,733.17
2877,2025-11-03,721.37
2877,2025-11-10,728.25
2877,2025-11-17,728.25
2877,2025-11-24,726.29
2877,2025-12-01,728.25
2877,2025-12-08,726.29
2877,2025-12-15,730.22
2877,2025-12-22,724.32
2877,2025-12-29,728.25
2877,2026-01-05,733.17
2877,2026-01-12,734.16
2877,2026-01-19,731.21
2877,2026-01-26,729.24
2877,2026-02-02,731.21
2877,2026-02-09,736.13
2877,2026-02-16,738.1
2877,2026-02-23,747.94
2877,2026-03-02,744.98
2877,2026-03-09,744.98
2877,2026-03-16,746.95
2877,2026-03-23,744.0
2877,2026-03-30,742.0
2877,2026-04-06,747.0
2877,2026-04-13,736.0
2877,2026-04-20,743.0
2877,2026-04-27,731.0
2877,2026-05-04,736.0
2877,2026-05-11,733.0
2877,2026-05-18,740.0
2877,2026-05-25,731.0
2877,2026-06-01,734.0
2877,2026-06-08,735.0
2877,2026-06-15,747.0
2877,2026-06-22,737.0
2877,2026-06-29,740.0
2877,2026-07-06,742.0
2877,2026-07-13,744.0
2877,2026-07-20,745.0
2877,2026-07-27,740.0
2877,2026-08-03,739.0
2877,2026-08-10,736.0
2877,2026-08-17,746.0
2877,2026-08-24,744.0
296A,2025-09-08,643.97
296A,2025-09-15,643.02
296A,2025-09-22,630.58
296A,2025-09-29,616.43
296A,2025-10-06,605.7
296A,2025-10-13,631.06
296A,2025-10-20,648.62
296A,2025-10-27,658.37
296A,2025-11-03,650.57
296A,2025-11-10,675.93
296A,2025-11-17,687.64
296A,2025-11-24,696.41
296A,2025-12-01,680.81
296A,2025-12-08,695.44
296A,2025-12-15,736.4
296A,2025-12-22,704.22
296A,2025-12-29,702.27
296A,2026-01-05,698.36
296A,2026-01-12,707.14
296A,2026-01-19,719.82
296A,2026-01-26,685.68
296A,2026-02-02,685.68
296A,2026-02-09,651.55
296A,2026-02-16,651.55
296A,2026-02-23,670.08
296A,2026-03-02,645.69
296A,2026-03-09,635.94
296A,2026-03-16,731.53
296A,2026-03-23,792.0
296A,2026-03-30,823.0
296A,2026-04-06,812.0
296A,2026-04-13,819.0
296A,2026-04-20,760.0
296A,2026-04-27,749.0
296A,2026-05-04,767.0
296A,2026-05-11,772.0
296A,2026-05-18,765.0
296A,2026-05-25,747.0
296A,2026-06-01,759.0
296A,2026-06-08,754.0
296A,2026-06-15,769.0
296A,2026-06-22,756.0
296A,2026-06-29,749.0
296A,2026-07-06,741.0
296A,2026-07-13,751.0
296A,2026-07-20,919.0
296A,2026-07-27,857.0
296A,2026-08-03,873.0
296A,2026-08-10,928.0
296A,2026-08-17,1087.0
296A,2026-08-24,1161.0
3054,2025-09-08,295.9
3054,2025-09-15,296.87
3054,2025-09-22,300.76
3054,2025-09-29,294.92
3054,2025-10-06,299.79
3054,2025-10-13,301.74
3054,2025-10-20,310.5
3054,2025-10-27,308.55
3054,2025-11-03,307.58
3054,2025-11-10,311.47
3054,2025-11-17,290.05
3054,2025-11-24,285.19
3054,2025-12-01,273.51
3054,2025-12-08,274.48
3054,2025-12-15,276.43
3054,2025-12-22,285.19
3054,2025-12-29,281.74
3054,2026-01-05,281.74
3054,2026-01-12,287.65
3054,2026-01-19,296.52
3054,2026-01-26,288.64
3054,2026-02-02,275.83
3054,2026-02-09,280.76
3054,2026-02-16,264.01
3054,2026-02-23,273.86
3054,2026-03-02,264.99
3054,2026-03-09,254.16
3054,2026-03-16,250.22
3054,2026-03-23,246.28
3054,2026-03-30,254.16
3054,2026-04-06,252.19
3054,2026-04-13,252.19
3054,2026-04-20,264.99
3054,2026-04-27,260.07
3054,2026-05-04,257.11
3054,2026-05-11,243.32
3054,2026-05-18,233.47
3054,2026-05-25,232.49
3054,2026-06-01,230.51
3054,2026-06-08,227.56
3054,2026-06-15,228.54
3054,2026-06-22,231.5
3054,2026-06-29,244.0
3054,2026-07-06,240.0
3054,2026-07-13,240.0
3054,2026-07-20,243.0
3054,2026-07-27,241.0
3054,2026-08-03,238.0
3054,2026-08-10,240.0
3054,2026-08-17,370.0
3054,2026-08-24,374.0
3076,2025-09-08,2649.51
3076,2025-09-15,2688.7
3076,2025-09-22,2695.39
3076,2025-09-29,2586.42
3076,2025-10-06,2527.16
3076,2025-10-13,2570.18
3076,2025-10-20,2619.88
3076,2025-10-27,2561.57
3076,2025-11-03,2526.21
3076,2025-11-10,2540.55
3076,2025-11-17,2579.73
3076,2025-11-24,2657.15
3076,2025-12-01,2674.36
3076,2025-12-08,2642.82
3076,2025-12-15,2686.78
3076,2025-12-22,2747.96
3076,2025-12-29,2755.75
3076,2026-01-05,2761.6
3076,2026-01-12,2770.37
3076,2026-01-19,2728.47
3076,2026-01-26,2595.94
3076,2026-02-02,2640.77
3076,2026-02-09,2654.41
3076,2026-02-16,2741.14
3076,2026-02-23,2848.32
3076,2026-03-02,2791.81
3076,2026-03-09,2789.86
3076,2026-03-16,2776.22
3076,2026-03-23,2733.34
3076,2026-03-30,2685.59
3076,2026-04-06,2726.52
3076,2026-04-13,2723.59
3076,2026-04-20,2648.56
3076,2026-04-27,2589.12
3076,2026-05-04,2649.54
3076,2026-05-11,2662.2
3076,2026-05-18,2764.52
3076,2026-05-25,2738.21
3076,2026-06-01,2656.36
3076,2026-06-08,2625.18
3076,2026-06-15,2683.64
3076,2026-06-22,2670.0
3076,2026-06-29,2685.0
3076,2026-07-06,2673.0
3076,2026-07-13,2685.0
3076,2026-07-20,2732.0
3076,2026-07-27,2950.0
3076,2026-08-03,2973.0
3076,2026-08-10,2960.0
3076,2026-08-17,2933.0
3076,2026-08-24,2994.0
3077,2025-09-08,405.0
3077,2025-09-15,402.0
3077,2025-09-22,398.0
3077,2025-09-29,371.0
3077,2025-10-06,377.0
3077,2025-10-13,358.0
3077,2025-10-20,363.0
3077,2025-10-27,353.0
3077,2025-11-03,605.0
3077,2025-11-10,604.0
3077,2025-11-17,542.0
3077,2025-11-24,476.0
3077,2025-12-01,443.0
3077,2025-12-08,436.0
3077,2025-12-15,479.0
3077,2025-12-22,467.0
3077,2025-12-29,501.0
3077,2026-01-05,519.0
3077,2026-01-12,539.0
3077,2026-01-19,521.0
3077,2026-01-26,491.0
3077,2026-02-02,473.0
3077,2026-02-09,474.0
3077,2026-02-16,518.0
3077,2026-02-23,558.0
3077,2026-03-02,563.0
3077,2026-03-09,548.0
3077,2026-03-16,533.0
3077,2026-03-23,630.0
3077,2026-03-30,768.0
3077,2026-04-06,850.0
3077,2026-04-13,742.0
3077,2026-04-20,755.0
3077,2026-04-27,773.0
3077,2026-05-04,781.0
3077,2026-05-11,765.0
3077,2026-05-18,830.0
3077,2026-05-25,795.0
3077,2026-06-01,757.0
3077,2026-06-08,722.0
3077,2026-06-15,704.0
3077,2026-06-22,733.0
3077,2026-06-29,812.0
3077,2026-07-06,827.0
3077,2026-07-13,865.0
3077,2026-07-20,906.0
3077,2026-07-27,899.0
3077,2026-08-03,848.0
3077,2026-08-10,885.0
3077,2026-08-17,1021.0
3077,2026-08-24,1216.0
3087,2025-09-08,2592.51
3087,2025-09-15,2625.87
3087,2025-09-22,2671.99
3087,2025-09-29,2532.65
3087,2025-10-06,2568.96
3087,2025-10-13,2450.23
3087,2025-10-20,2411.96
3087,2025-10-27,2358.97
3087,2025-11-03,2387.43
3087,2025-11-10,2423.73
3087,2025-11-17,2461.02
3087,2025-11-24,2514.99
3087,2025-12-01,2470.83
3087,2025-12-08,2498.31
3087,2025-12-15,2525.78
3087,2025-12-22,2561.11
3087,2025-12-29,2549.34
3087,2026-01-05,2582.7
3087,2026-01-12,2676.9
3087,2026-01-19,2774.05
3087,2026-01-26,2767.18
3087,2026-02-02,2837.83
3087,2026-02-09,2900.63
3087,2026-02-16,2919.27
3087,2026-02-23,2969.53
3087,2026-03-02,2884.29
3087,2026-03-09,2861.49
3087,2026-03-16,2894.2
3087,2026-03-23,2967.54
3087,2026-03-30,2983.4
3087,2026-04-06,2971.51
3087,2026-04-13,2862.48
3087,2026-04-20,2737.59
3087,2026-04-27,2736.6
3087,2026-05-04,2734.62
3087,2026-05-11,2842.66
3087,2026-05-18,2804.99
3087,2026-05-25,2639.47
3087,2026-06-01,2552.25
3087,2026-06-08,2653.34
3087,2026-06-15,2623.61
3087,2026-06-22,2666.23
3087,2026-06-29,2715.79
3087,2026-07-06,2731.65
3087,2026-07-13,2931.86
3087,2026-07-20,3062.7
3087,2026-07-27,3166.77
3087,2026-08-03,3087.47
3087,2026-08-10,3176.68
3087,2026-08-17,3260.93
3087,2026-08-24,3410.0
3091,2025-09-08,1976.08
3091,2025-09-15,1981.04
3091,2025-09-22,1988.48
3091,2025-09-29,1857.07
3091,2025-10-06,1849.63
3091,2025-10-13,1884.34
3091,2025-10-20,1881.86
3091,2025-10-27,1857.07
3091,2025-11-03,1859.55
3091,2025-11-10,1919.06
3091,2025-11-17,1936.41
3091,2025-11-24,1976.08
3091,2025-12-01,1933.93
3091,2025-12-08,1938.89
3091,2025-12-15,1943.85
3091,2025-12-22,1961.21
3091,2025-12-29,1884.05
3091,2026-01-05,1921.38
3091,2026-01-12,1951.25
3091,2026-01-19,1936.32
3091,2026-01-26,1906.45
3091,2026-02-02,1933.83
3091,2026-02-09,1971.16
3091,2026-02-16,1961.21
3091,2026-02-23,2098.09
3091,2026-03-02,2118.0
3091,2026-03-09,2122.98
3091,2026-03-16,2110.54
3091,2026-03-23,2282.27
3091,2026-03-30,2234.98
3091,2026-04-06,2212.58
3091,2026-04-13,2180.22
3091,2026-04-20,2048.31
3091,2026-04-27,2060.76
3091,2026-05-04,2068.23
3091,2026-05-11,2088.14
3091,2026-05-18,2140.4
3091,2026-05-25,2098.09
3091,2026-06-01,2048.31
3091,2026-06-08,2165.29
3091,2026-06-15,2299.69
3091,2026-06-22,2230.0
3091,2026-06-29,2206.0
3091,2026-07-06,2249.0
3091,2026-07-13,2403.0
3091,2026-07-20,2540.0
3091,2026-07-27,2694.0
3091,2026-08-03,2569.0
3091,2026-08-10,2619.0
3091,2026-08-17,2752.0
3091,2026-08-24,2840.0
3097,2025-09-08,4299.48
3097,2025-09-15,4353.97
3097,2025-09-22,4477.8
3097,2025-09-29,4180.6
3097,2025-10-06,3972.56
3097,2025-10-13,3923.03
3097,2025-10-20,3893.31
3097,2025-10-27,3819.01
3097,2025-11-03,3883.4
3097,2025-11-10,4200.42
3097,2025-11-17,4269.76
3097,2025-11-24,4393.6
3097,2025-12-01,4344.06
3097,2025-12-08,4314.34
3097,2025-12-15,4457.99
3097,2025-12-22,4502.57
3097,2025-12-29,4388.14
3097,2026-01-05,4373.21
3097,2026-01-12,4398.09
3097,2026-01-19,4328.44
3097,2026-01-26,4134.4
3097,2026-02-02,4223.96
3097,2026-02-09,4835.91
3097,2026-02-16,4985.17
3097,2026-02-23,4985.17
3097,2026-03-02,5214.03
3097,2026-03-09,4875.71
3097,2026-03-16,4771.23
3097,2026-03-23,4791.13
3097,2026-03-30,4786.16
3097,2026-04-06,4447.84
3097,2026-04-13,4383.17
3097,2026-04-20,4194.11
3097,2026-04-27,4278.69
3097,2026-05-04,4184.16
3097,2026-05-11,4766.26
3097,2026-05-18,4855.81
3097,2026-05-25,5005.07
3097,2026-06-01,4607.05
3097,2026-06-08,4706.55
3097,2026-06-15,4617.0
3097,2026-06-22,4617.0
3097,2026-06-29,4740.0
3097,2026-07-06,4985.0
3097,2026-07-13,5200.0
3097,2026-07-20,4975.0
3097,2026-07-27,5480.0
3097,2026-08-03,5510.0
3097,2026-08-10,5660.0
3097,2026-08-17,5670.0
3097,2026-08-24,5890.0
3167,2025-09-08,1028.38
3167,2025-09-15,1023.54
3167,2025-09-22,1046.78
3167,2025-09-29,984.8
3167,2025-10-06,982.83
3167,2025-10-13,987.75
3167,2025-10-20,1012.35
3167,2025-10-27,1004.48
3167,2025-11-03,1018.25
3167,2025-11-10,1025.14
3167,2025-11-17,1048.75
3167,2025-11-24,1063.51
3167,2025-12-01,1028.09
3167,2025-12-08,1036.94
3167,2025-12-15,1057.6
3167,2025-12-22,1062.52
3167,2025-12-29,1063.51
3167,2026-01-05,1061.54
3167,2026-01-12,1119.58
3167,2026-01-19,1148.11
3167,2026-01-26,1129.42
3167,2026-02-02,1160.9
3167,2026-02-09,1184.51
3167,2026-02-16,1185.5
3167,2026-02-23,1192.39
3167,2026-03-02,1154.02
3167,2026-03-09,1141.23
3167,2026-03-16,1138.28
3167,2026-03-23,1155.0
3167,2026-03-30,1172.0
3167,2026-04-06,1178.0
3167,2026-04-13,1187.0
3167,2026-04-20,1142.0
3167,2026-04-27,1133.0
3167,2026-05-04,1129.0
3167,2026-05-11,1130.0
3167,2026-05-18,1133.0
3167,2026-05-25,1105.0
3167,2026-06-01,1083.0
3167,2026-06-08,1124.0
3167,2026-06-15,1105.0
3167,2026-06-22,1143.0
3167,2026-06-29,1148.0
3167,2026-07-06,1149.0
3167,2026-07-13,1149.0
3167,2026-07-20,1140.0
3167,2026-07-27,1162.0
3167,2026-08-03,1219.0
3167,2026-08-10,1232.0
3167,2026-08-17,1263.0
3167,2026-08-24,1295.0
3176,2025-09-08,795.8
3176,2025-09-15,795.8
3176,2025-09-22,804.48
3176,2025-09-29,775.03
3176,2025-10-06,748.53
3176,2025-10-13,760.31
3176,2025-10-20,786.32
3176,2025-10-27,779.94
3176,2025-11-03,785.34
3176,2025-11-10,749.51
3176,2025-11-17,743.62
3176,2025-11-24,757.36
3176,2025-12-01,730.37
3176,2025-12-08,723.98
3176,2025-12-15,724.48
3176,2025-12-22,734.78
3176,2025-12-29,732.82
3176,2026-01-05,753.93
3176,2026-01-12,767.67
3176,2026-01-19,772.09
3176,2026-01-26,778.96
3176,2026-02-02,873.2
3176,2026-02-09,887.92
3176,2026-02-16,905.59
3176,2026-02-23,924.74
3176,2026-03-02,849.64
3176,2026-03-09,797.12
3176,2026-03-16,814.79
3176,2026-03-23,803.5
3176,2026-03-30,811.0
3176,2026-04-06,819.0
3176,2026-04-13,802.5
3176,2026-04-20,773.0
3176,2026-04-27,789.5
3176,2026-05-04,784.5
3176,2026-05-11,793.0
3176,2026-05-18,812.0
3176,2026-05-25,790.0
3176,2026-06-01,761.0
3176,2026-06-08,765.0
3176,2026-06-15,763.5
3176,2026-06-22,778.0
3176,2026-06-29,793.0
3176,2026-07-06,815.0
3176,2026-07-13,815.0
3176,2026-07-20,842.0
3176,2026-07-27,865.0
3176,2026-08-03,1069.0
3176,2026-08-10,1170.0
3176,2026-08-17,1115.0
3176,2026-08-24,1193.0
3177,2025-09-08,3282.09
3177,2025-09-15,3286.91
3177,2025-09-22,3306.19
3177,2025-09-29,3257.99
3177,2025-10-06,3243.54
3177,2025-10-13,3229.08
3177,2025-10-20,3296.55
3177,2025-10-27,3248.36
3177,2025-11-03,3248.36
3177,2025-11-10,3277.27
3177,2025-11-17,3339.93
3177,2025-11-24,3339.93
3177,2025-12-01,3277.27
3177,2025-12-08,3335.11
3177,2025-12-15,3335.11
3177,2025-12-22,3344.75
3177,2025-12-29,3441.14
3177,2026-01-05,3441.14
3177,2026-01-12,3667.65
3177,2026-01-19,3662.83
3177,2026-01-26,3614.64
3177,2026-02-02,3725.49
3177,2026-02-09,3807.42
3177,2026-02-16,3711.03
3177,2026-02-23,3685.0
3177,2026-03-02,3600.0
3177,2026-03-09,3550.0
3177,2026-03-16,3415.0
3177,2026-03-23,3465.0
3177,2026-03-30,3435.0
3177,2026-04-06,3515.0
3177,2026-04-13,3605.0
3177,2026-04-20,3675.0
3177,2026-04-27,3625.0
3177,2026-05-04,3505.0
3177,2026-05-11,3505.0
3177,2026-05-18,3575.0
3177,2026-05-25,3405.0
3177,2026-06-01,3290.0
3177,2026-06-08,3440.0
3177,2026-06-15,3410.0
3177,2026-06-22,3545.0
3177,2026-06-29,3530.0
3177,2026-07-06,3595.0
3177,2026-07-13,3880.0
3177,2026-07-20,4085.0
3177,2026-07-27,4075.0
3177,2026-08-03,4190.0
3177,2026-08-10,4235.0
3177,2026-08-17,4310.0
3177,2026-08-24,4420.0
3232,2025-09-08,526.92
3232,2025-09-15,543.39
3232,2025-09-22,547.26
3232,2025-09-29,514.84
3232,2025-10-06,511.89
3232,2025-10-13,518.77
3232,2025-10-20,550.21
3232,2025-10-27,528.59
3232,2025-11-03,522.7
3232,2025-11-10,521.72
3232,2025-11-17,521.72
3232,2025-11-24,534.49
3232,2025-12-01,522.7
3232,2025-12-08,527.61
3232,2025-12-15,525.65
3232,2025-12-22,530.56
3232,2025-12-29,530.56
3232,2026-01-05,541.37
3232,2026-01-12,555.12
3232,2026-01-19,561.02
3232,2026-01-26,543.33
3232,2026-02-02,575.76
3232,2026-02-09,572.81
3232,2026-02-16,575.76
3232,2026-02-23,597.37
3232,2026-03-02,570.84
3232,2026-03-09,551.19
3232,2026-03-16,553.16
3232,2026-03-23,562.0
3232,2026-03-30,559.0
3232,2026-04-06,551.0
3232,2026-04-13,547.0
3232,2026-04-20,531.0
3232,2026-04-27,525.0
3232,2026-05-04,527.0
3232,2026-05-11,520.0
3232,2026-05-18,520.0
3232,2026-05-25,519.0
3232,2026-06-01,522.0
3232,2026-06-08,524.0
3232,2026-06-15,526.0
3232,2026-06-22,526.0
3232,2026-06-29,544.0
3232,2026-07-06,547.0
3232,2026-07-13,536.0
3232,2026-07-20,550.0
3232,2026-07-27,554.0
3232,2026-08-03,546.0
3232,2026-08-10,553.0
3232,2026-08-17,572.0
3232,2026-08-24,623.0
325A,2025-09-08,1476.67
325A,2025-09-15,1535.0
325A,2025-09-22,1528.33
325A,2025-09-29,1506.67
325A,2025-10-06,1630.0
325A,2025-10-13,1255.0
325A,2025-10-20,1373.33
325A,2025-10-27,1351.67
325A,2025-11-03,1351.67
325A,2025-11-10,1440.0
325A,2025-11-17,1355.0
325A,2025-11-24,1405.0
325A,2025-12-01,1353.33
325A,2025-12-08,1316.67
325A,2025-12-15,1336.67
325A,2025-12-22,1433.33
325A,2025-12-29,1400.0
325A,2026-01-05,1616.67
325A,2026-01-12,1453.33
325A,2026-01-19,1353.33
325A,2026-01-26,1323.33
325A,2026-02-02,1253.33
325A,2026-02-09,1316.67
325A,2026-02-16,1375.0
325A,2026-02-23,1445.0
325A,2026-03-02,1315.0
325A,2026-03-09,1256.67
325A,2026-03-16,1158.33
325A,2026-03-23,1146.67
325A,2026-03-30,1153.33
325A,2026-04-06,1215.0
325A,2026-04-13,1463.33
325A,2026-04-20,1316.67
325A,2026-04-27,1306.67
325A,2026-05-04,1325.0
325A,2026-05-11,1180.0
325A,2026-05-18,1196.67
325A,2026-05-25,1160.0
325A,2026-06-01,1331.67
325A,2026-06-08,1233.33
325A,2026-06-15,1346.67
325A,2026-06-22,1378.33
325A,2026-06-29,1350.0
325A,2026-07-06,1400.0
325A,2026-07-13,1633.0
325A,2026-07-20,1672.0
325A,2026-07-27,1522.0
325A,2026-08-03,1488.0
325A,2026-08-10,1585.0
325A,2026-08-17,1824.0
325A,2026-08-24,1766.0
3276,2025-09-08,1272.0
3276,2025-09-15,1264.19
3276,2025-09-22,1309.1
3276,2025-09-29,1230.02
3276,2025-10-06,1242.71
3276,2025-10-13,1246.62
3276,2025-10-20,1267.12
3276,2025-10-27,1223.19
3276,2025-11-03,1222.21
3276,2025-11-10,1236.86
3276,2025-11-17,1251.5
3276,2025-11-24,1265.17
3276,2025-12-01,1224.17
3276,2025-12-08,1227.09
3276,2025-12-15,1257.36
3276,2025-12-22,1272.0
3276,2025-12-29,1290.0
3276,2026-01-05,1292.0
3276,2026-01-12,1294.0
3276,2026-01-19,1291.0
3276,2026-01-26,1280.0
3276,2026-02-02,1289.0
3276,2026-02-09,1332.0
3276,2026-02-16,1352.0
3276,2026-02-23,1375.0
3276,2026-03-02,1341.0
3276,2026-03-09,1330.0
3276,2026-03-16,1321.0
3276,2026-03-23,1328.0
3276,2026-03-30,1322.0
3276,2026-04-06,1329.0
3276,2026-04-13,1316.0
3276,2026-04-20,1292.0
3276,2026-04-27,1298.0
3276,2026-05-04,1281.0
3276,2026-05-11,1353.0
3276,2026-05-18,1323.0
3276,2026-05-25,1329.0
3276,2026-06-01,1315.0
3276,2026-06-08,1303.0
3276,2026-06-15,1310.0
3276,2026-06-22,1310.0
3276,2026-06-29,1329.0
3276,2026-07-06,1587.0
3276,2026-07-13,1781.0
3276,2026-07-20,1794.0
3276,2026-07-27,1822.0
3276,2026-08-03,2244.0
3276,2026-08-10,2245.0
3276,2026-08-17,2244.0
3276,2026-08-24,2249.0
336A,2025-09-08,1049.0
336A,2025-09-15,1111.0
336A,2025-09-22,1161.0
336A,2025-09-29,993.0
336A,2025-10-06,990.0
336A,2025-10-13,970.0
336A,2025-10-20,982.0
336A,2025-10-27,907.0
336A,2025-11-03,890.0
336A,2025-11-10,839.0
336A,2025-11-17,770.0
336A,2025-11-24,727.0
336A,2025-12-01,650.0
336A,2025-12-08,553.0
336A,2025-12-15,571.0
336A,2025-12-22,576.0
336A,2025-12-29,590.0
336A,2026-01-05,615.0
336A,2026-01-12,664.0
336A,2026-01-19,654.0
336A,2026-01-26,566.0
336A,2026-02-02,587.0
336A,2026-02-09,559.0
336A,2026-02-16,707.0
336A,2026-02-23,801.0
336A,2026-03-02,784.0
336A,2026-03-09,721.0
336A,2026-03-16,683.0
336A,2026-03-23,615.0
336A,2026-03-30,658.0
336A,2026-04-06,687.0
336A,2026-04-13,741.0
336A,2026-04-20,689.0
336A,2026-04-27,672.0
336A,2026-05-04,715.0
336A,2026-05-11,747.0
336A,2026-05-18,981.0
336A,2026-05-25,883.0
336A,2026-06-01,869.0
336A,2026-06-08,778.0
336A,2026-06-15,727.0
336A,2026-06-22,739.0
336A,2026-06-29,877.0
336A,2026-07-06,880.0
336A,2026-07-13,883.0
336A,2026-07-20,803.0
336A,2026-07-27,812.0
336A,2026-08-03,792.0
336A,2026-08-10,805.0
336A,2026-08-17,833.0
336A,2026-08-24,1051.0
3399,2025-09-08,3842.61
3399,2025-09-15,3351.12
3399,2025-09-22,3326.29
3399,2025-09-29,3013.52
3399,2025-10-06,2914.23
3399,2025-10-13,2846.71
3399,2025-10-20,2811.96
3399,2025-10-27,2661.03
3399,2025-11-03,2719.62
3399,2025-11-10,2946.0
3399,2025-11-17,2871.53
3399,2025-11-24,2846.71
3399,2025-12-01,2770.26
3399,2025-12-08,2897.35
3399,2025-12-15,2988.7
3399,2025-12-22,2935.08
3399,2025-12-29,3033.38
3399,2026-01-05,3212.11
3399,2026-01-12,3102.88
3399,2026-01-19,3207.14
3399,2026-01-26,3290.0
3399,2026-02-02,3540.0
3399,2026-02-09,3715.0
3399,2026-02-16,3655.0
3399,2026-02-23,4000.0
3399,2026-03-02,3855.0
3399,2026-03-09,3395.0
3399,2026-03-16,3590.0
3399,2026-03-23,3520.0
3399,2026-03-30,3550.0
3399,2026-04-06,3535.0
3399,2026-04-13,3145.0
3399,2026-04-20,3100.0
3399,2026-04-27,3030.0
3399,2026-05-04,3000.0
3399,2026-05-11,3075.0
3399,2026-05-18,2957.0
3399,2026-05-25,3175.0
3399,2026-06-01,3150.0
3399,2026-06-08,3255.0
3399,2026-06-15,3510.0
3399,2026-06-22,3245.0
3399,2026-06-29,3365.0
3399,2026-07-06,3370.0
3399,2026-07-13,3715.0
3399,2026-07-20,3675.0
3399,2026-07-27,3480.0
3399,2026-08-03,3580.0
3399,2026-08-10,3780.0
3399,2026-08-17,3830.0
3399,2026-08-24,4050.0
3537,2025-09-08,1677.4
3537,2025-09-15,1683.23
3537,2025-09-22,1715.26
3537,2025-09-29,1528.88
3537,2025-10-06,1527.91
3537,2025-10-13,1524.03
3537,2025-10-20,1520.15
3537,2025-10-27,1495.88
3537,2025-11-03,1460.93
3537,2025-11-10,1480.35
3537,2025-11-17,1492.97
3537,2025-11-24,1539.56
3537,2025-12-01,1530.82
3537,2025-12-08,1516.26
3537,2025-12-15,1514.32
3537,2025-12-22,1504.61
3537,2025-12-29,1509.47
3537,2026-01-05,1509.47
3537,2026-01-12,1519.18
3537,2026-01-19,1530.82
3537,2026-01-26,1525.97
3537,2026-02-02,1535.68
3537,2026-02-09,1547.33
3537,2026-02-16,1560.92
3537,2026-02-23,1573.54
3537,2026-03-02,1537.62
3537,2026-03-09,1528.88
3537,2026-03-16,1530.82
3537,2026-03-23,1525.0
3537,2026-03-30,1560.0
3537,2026-04-06,1570.0
3537,2026-04-13,1572.0
3537,2026-04-20,1580.0
3537,2026-04-27,1600.0
3537,2026-05-04,1602.0
3537,2026-05-11,1620.0
3537,2026-05-18,1650.0
3537,2026-05-25,1638.0
3537,2026-06-01,1608.0
3537,2026-06-08,1604.0
3537,2026-06-15,1600.0
3537,2026-06-22,1619.0
3537,2026-06-29,1630.0
3537,2026-07-06,1646.0
3537,2026-07-13,1649.0
3537,2026-07-20,1670.0
3537,2026-07-27,1669.0
3537,2026-08-03,1743.0
3537,2026-08-10,1729.0
3537,2026-08-17,1716.0
3537,2026-08-24,1717.0
3623,2025-09-08,1086.12
3623,2025-09-15,1119.24
3623,2025-09-22,1109.5
3623,2025-09-29,1090.99
3623,2025-10-06,1113.39
3623,2025-10-13,1108.52
3623,2025-10-20,1088.07
3623,2025-10-27,1033.52
3623,2025-11-03,1029.62
3623,2025-11-10,1068.58
3623,2025-11-17,966.3
3623,2025-11-24,1003.32
3623,2025-12-01,974.1
3623,2025-12-08,971.17
3623,2025-12-15,969.23
3623,2025-12-22,970.2
3623,2025-12-29,991.0
3623,2026-01-05,999.0
3623,2026-01-12,1002.0
3623,2026-01-19,999.0
3623,2026-01-26,979.0
3623,2026-02-02,984.0
3623,2026-02-09,1009.0
3623,2026-02-16,1123.0
3623,2026-02-23,1154.0
3623,2026-03-02,1104.0
3623,2026-03-09,1068.0
3623,2026-03-16,1054.0
3623,2026-03-23,1054.0
3623,2026-03-30,1054.0
3623,2026-04-06,1078.0
3623,2026-04-13,1111.0
3623,2026-04-20,1086.0
3623,2026-04-27,1084.0
3623,2026-05-04,1082.0
3623,2026-05-11,1026.0
3623,2026-05-18,1022.0
3623,2026-05-25,1019.0
3623,2026-06-01,996.0
3623,2026-06-08,1001.0
3623,2026-06-15,1002.0
3623,2026-06-22,1050.0
3623,2026-06-29,1051.0
3623,2026-07-06,1033.0
3623,2026-07-13,1011.0
3623,2026-07-20,1000.0
3623,2026-07-27,1035.0
3623,2026-08-03,1053.0
3623,2026-08-10,1034.0
3623,2026-08-17,1222.0
3623,2026-08-24,1277.0
3633,2025-09-08,1602.2
3633,2025-09-15,1931.25
3633,2025-09-22,1959.95
3633,2025-09-29,1937.95
3633,2025-10-06,2010.64
3633,2025-10-13,1989.6
3633,2025-10-20,1969.51
3633,2025-10-27,1952.3
3633,2025-11-03,1965.69
3633,2025-11-10,2113.95
3633,2025-11-17,2112.04
3633,2025-11-24,2204.82
3633,2025-12-01,2146.47
3633,2025-12-08,2099.6
3633,2025-12-15,2239.26
3633,2025-12-22,2443.0
3633,2025-12-29,2232.0
3633,2026-01-05,2214.0
3633,2026-01-12,2200.0
3633,2026-01-19,2165.0
3633,2026-01-26,2064.0
3633,2026-02-02,2064.0
3633,2026-02-09,2038.0
3633,2026-02-16,2016.0
3633,2026-02-23,2049.0
3633,2026-03-02,1981.0
3633,2026-03-09,1917.0
3633,2026-03-16,1902.0
3633,2026-03-23,1922.0
3633,2026-03-30,1861.0
3633,2026-04-06,1912.0
3633,2026-04-13,1920.0
3633,2026-04-20,1900.0
3633,2026-04-27,1895.0
3633,2026-05-04,1880.0
3633,2026-05-11,1829.0
3633,2026-05-18,1690.0
3633,2026-05-25,1647.0
3633,2026-06-01,1694.0
3633,2026-06-08,1569.0
3633,2026-06-15,1600.0
3633,2026-06-22,1658.0
3633,2026-06-29,1698.0
3633,2026-07-06,1722.0
3633,2026-07-13,1722.0
3633,2026-07-20,1734.0
3633,2026-07-27,1730.0
3633,2026-08-03,1786.0
3633,2026-08-10,2200.0
3633,2026-08-17,2404.0
3633,2026-08-24,2609.0
3708,2025-09-08,1446.22
3708,2025-09-15,1463.96
3708,2025-09-22,1546.18
3708,2025-09-29,1528.86
3708,2025-10-06,1449.42
3708,2025-10-13,1477.86
3708,2025-10-20,1524.93
3708,2025-10-27,1455.31
3708,2025-11-03,1455.31
3708,2025-11-10,1479.82
3708,2025-11-17,1458.25
3708,2025-11-24,1504.34
3708,2025-12-01,1455.31
3708,2025-12-08,1493.55
3708,2025-12-15,1526.89
3708,2025-12-22,1549.45
3708,2025-12-29,1549.45
3708,2026-01-05,1654.38
3708,2026-01-12,1657.32
3708,2026-01-19,1676.94
3708,2026-01-26,1621.04
3708,2026-02-02,1609.27
3708,2026-02-09,1645.56
3708,2026-02-16,1635.75
3708,2026-02-23,1659.28
3708,2026-03-02,1587.7
3708,2026-03-09,1576.91
3708,2026-03-16,1576.91
3708,2026-03-23,1623.0
3708,2026-03-30,1616.0
3708,2026-04-06,1612.0
3708,2026-04-13,1610.0
3708,2026-04-20,1565.0
3708,2026-04-27,1601.0
3708,2026-05-04,1636.0
3708,2026-05-11,1714.0
3708,2026-05-18,1725.0
3708,2026-05-25,1794.0
3708,2026-06-01,1772.0
3708,2026-06-08,1814.0
3708,2026-06-15,1839.0
3708,2026-06-22,1856.0
3708,2026-06-29,1958.0
3708,2026-07-06,1953.0
3708,2026-07-13,2050.0
3708,2026-07-20,2126.0
3708,2026-07-27,2086.0
3708,2026-08-03,2050.0
3708,2026-08-10,2141.0
3708,2026-08-17,2174.0
3708,2026-08-24,2191.0
3762,2025-09-08,2098.17
3762,2025-09-15,2049.54
3762,2025-09-22,2126.38
3762,2025-09-29,2066.47
3762,2025-10-06,2115.58
3762,2025-10-13,2017.36
3762,2025-10-20,2208.89
3762,2025-10-27,2146.03
3762,2025-11-03,2020.31
3762,2025-11-10,2024.24
3762,2025-11-17,2142.1
3762,2025-11-24,2135.22
3762,2025-12-01,2290.41
3762,2025-12-08,2233.44
3762,2025-12-15,2293.35
3762,2025-12-22,2339.51
3762,2025-12-29,2295.32
3762,2026-01-05,2354.25
3762,2026-01-12,2268.8
3762,2026-01-19,2278.62
3762,2026-01-26,2076.29
3762,2026-02-02,1892.63
3762,2026-02-09,1841.56
3762,2026-02-16,1855.31
3762,2026-02-23,1887.72
3762,2026-03-02,1813.07
3762,2026-03-09,1710.93
3762,2026-03-16,1628.43
3762,2026-03-23,1707.0
3762,2026-03-30,1811.0
3762,2026-04-06,1753.0
3762,2026-04-13,1840.0
3762,2026-04-20,1835.0
3762,2026-04-27,1748.0
3762,2026-05-04,1815.0
3762,2026-05-11,1793.0
3762,2026-05-18,1887.0
3762,2026-05-25,1819.0
3762,2026-06-01,1875.0
3762,2026-06-08,1779.0
3762,2026-06-15,1668.0
3762,2026-06-22,1669.0
3762,2026-06-29,1814.0
3762,2026-07-06,1871.0
3762,2026-07-13,1903.0
3762,2026-07-20,1885.0
3762,2026-07-27,2042.0
3762,2026-08-03,2284.0
3762,2026-08-10,2379.0
3762,2026-08-17,2388.0
3762,2026-08-24,2455.0
3793,2025-09-08,476.0
3793,2025-09-15,470.0
3793,2025-09-22,473.0
3793,2025-09-29,459.0
3793,2025-10-06,455.0
3793,2025-10-13,452.0
3793,2025-10-20,464.0
3793,2025-10-27,460.0
3793,2025-11-03,450.0
3793,2025-11-10,455.0
3793,2025-11-17,434.0
3793,2025-11-24,446.0
3793,2025-12-01,415.0
3793,2025-12-08,415.0
3793,2025-12-15,410.0
3793,2025-12-22,396.0
3793,2025-12-29,400.0
3793,2026-01-05,417.0
3793,2026-01-12,436.0
3793,2026-01-19,431.0
3793,2026-01-26,449.0
3793,2026-02-02,407.0
3793,2026-02-09,398.0
3793,2026-02-16,412.0
3793,2026-02-23,409.0
3793,2026-03-02,403.0
3793,2026-03-09,403.0
3793,2026-03-16,400.0
3793,2026-03-23,403.0
3793,2026-03-30,401.0
3793,2026-04-06,408.0
3793,2026-04-13,432.0
3793,2026-04-20,408.0
3793,2026-04-27,405.0
3793,2026-05-04,414.0
3793,2026-05-11,459.0
3793,2026-05-18,440.0
3793,2026-05-25,420.0
3793,2026-06-01,417.0
3793,2026-06-08,393.0
3793,2026-06-15,398.0
3793,2026-06-22,393.0
3793,2026-06-29,417.0
3793,2026-07-06,418.0
3793,2026-07-13,417.0
3793,2026-07-20,425.0
3793,2026-07-27,440.0
3793,2026-08-03,456.0
3793,2026-08-10,463.0
3793,2026-08-17,491.0
3793,2026-08-24,521.0
3843,2025-09-08,1600.01
3843,2025-09-15,1597.09
3843,2025-09-22,1639.89
3843,2025-09-29,1529.0
3843,2025-10-06,1506.63
3843,2025-10-13,1562.07
3843,2025-10-20,1552.35
3843,2025-10-27,1545.54
3843,2025-11-03,1539.7
3843,2025-11-10,1519.28
3843,2025-11-17,1550.4
3843,2025-11-24,1548.46
3843,2025-12-01,1523.17
3843,2025-12-08,1531.92
3843,2025-12-15,1588.33
3843,2025-12-22,1615.57
3843,2025-12-29,1647.67
3843,2026-01-05,1659.34
3843,2026-01-12,1677.82
3843,2026-01-19,1671.98
3843,2026-01-26,1601.95
3843,2026-02-02,1561.1
3843,2026-02-09,1531.92
3843,2026-02-16,1505.66
3843,2026-02-23,1556.24
3843,2026-03-02,1549.43
3843,2026-03-09,1509.55
3843,2026-03-16,1439.52
3843,2026-03-23,1452.16
3843,2026-03-30,1499.82
3843,2026-04-06,1506.63
3843,2026-04-13,1507.61
3843,2026-04-20,1448.27
3843,2026-04-27,1403.0
3843,2026-05-04,1405.0
3843,2026-05-11,1414.0
3843,2026-05-18,1369.0
3843,2026-05-25,1433.0
3843,2026-06-01,1441.0
3843,2026-06-08,1440.0
3843,2026-06-15,1483.0
3843,2026-06-22,1467.0
3843,2026-06-29,1502.0
3843,2026-07-06,1583.0
3843,2026-07-13,1579.0
3843,2026-07-20,1566.0
3843,2026-07-27,1562.0
3843,2026-08-03,1593.0
3843,2026-08-10,1695.0
3843,2026-08-17,1697.0
3843,2026-08-24,1786.0
3851,2025-09-08,861.84
3851,2025-09-15,861.84
3851,2025-09-22,842.95
3851,2025-09-29,854.88
3851,2025-10-06,824.07
3851,2025-10-13,832.02
3851,2025-10-20,825.06
3851,2025-10-27,830.03
3851,2025-11-03,814.12
3851,2025-11-10,815.12
3851,2025-11-17,801.2
3851,2025-11-24,804.18
3851,2025-12-01,802.2
3851,2025-12-08,791.26
3851,2025-12-15,781.32
3851,2025-12-22,784.3
3851,2025-12-29,805.18
3851,2026-01-05,805.18
3851,2026-01-12,820.09
3851,2026-01-19,824.07
3851,2026-01-26,823.07
3851,2026-02-02,803.19
3851,2026-02-09,800.21
3851,2026-02-16,820.09
3851,2026-02-23,823.07
3851,2026-03-02,830.03
3851,2026-03-09,837.98
3851,2026-03-16,843.95
3851,2026-03-23,835.0
3851,2026-03-30,843.0
3851,2026-04-06,843.0
3851,2026-04-13,848.0
3851,2026-04-20,849.0
3851,2026-04-27,841.0
3851,2026-05-04,825.0
3851,2026-05-11,830.0
3851,2026-05-18,830.0
3851,2026-05-25,825.0
3851,2026-06-01,826.0
3851,2026-06-08,810.0
3851,2026-06-15,820.0
3851,2026-06-22,829.0
3851,2026-06-29,836.0
3851,2026-07-06,858.0
3851,2026-07-13,896.0
3851,2026-07-20,901.0
3851,2026-07-27,1063.0
3851,2026-08-03,1057.0
3851,2026-08-10,1180.0
3851,2026-08-17,1238.0
3851,2026-08-24,1232.0
3907,2025-09-08,985.68
3907,2025-09-15,973.83
3907,2025-09-22,1034.07
3907,2025-09-29,965.93
3907,2025-10-06,957.04
3907,2025-10-13,857.28
3907,2025-10-20,849.38
3907,2025-10-27,893.83
3907,2025-11-03,868.15
3907,2025-11-10,847.41
3907,2025-11-17,769.38
3907,2025-11-24,796.0
3907,2025-12-01,774.0
3907,2025-12-08,755.0
3907,2025-12-15,742.0
3907,2025-12-22,738.0
3907,2025-12-29,769.0
3907,2026-01-05,794.0
3907,2026-01-12,736.0
3907,2026-01-19,725.0
3907,2026-01-26,712.0
3907,2026-02-02,709.0
3907,2026-02-09,692.0
3907,2026-02-16,688.0
3907,2026-02-23,684.0
3907,2026-03-02,692.0
3907,2026-03-09,698.0
3907,2026-03-16,680.0
3907,2026-03-23,673.0
3907,2026-03-30,688.0
3907,2026-04-06,686.0
3907,2026-04-13,602.0
3907,2026-04-20,592.0
3907,2026-04-27,569.0
3907,2026-05-04,579.0
3907,2026-05-11,952.0
3907,2026-05-18,1270.0
3907,2026-05-25,1397.0
3907,2026-06-01,1235.0
3907,2026-06-08,930.0
3907,2026-06-15,849.0
3907,2026-06-22,943.0
3907,2026-06-29,899.0
3907,2026-07-06,928.0
3907,2026-07-13,654.0
3907,2026-07-20,1110.0
3907,2026-07-27,1004.0
3907,2026-08-03,1673.0
3907,2026-08-10,1595.0
3907,2026-08-17,1746.0
3907,2026-08-24,2635.0
3932,2025-09-08,2792.39
3932,2025-09-15,2692.55
3932,2025-09-22,2683.92
3932,2025-09-29,2635.94
3932,2025-10-06,2615.37
3932,2025-10-13,2548.79
3932,2025-10-20,2567.39
3932,2025-10-27,2575.23
3932,2025-11-03,2597.75
3932,2025-11-10,2596.77
3932,2025-11-17,2565.44
3932,2025-11-24,2631.04
3932,2025-12-01,2527.25
3932,2025-12-08,2582.08
3932,2025-12-15,2678.04
3932,2025-12-22,2608.52
3932,2025-12-29,2596.77
3932,2026-01-05,2606.56
3932,2026-01-12,2620.27
3932,2026-01-19,2609.5
3932,2026-01-26,2493.96
3932,2026-02-02,2449.89
3932,2026-02-09,2659.44
3932,2026-02-16,2991.38
3932,2026-02-23,3015.86
3932,2026-03-02,2991.38
3932,2026-03-09,3045.23
3932,2026-03-16,2962.0
3932,2026-03-23,2821.0
3932,2026-03-30,2824.0
3932,2026-04-06,2785.0
3932,2026-04-13,2896.0
3932,2026-04-20,2808.0
3932,2026-04-27,2726.0
3932,2026-05-04,2811.0
3932,2026-05-11,2994.0
3932,2026-05-18,3320.0
3932,2026-05-25,3160.0
3932,2026-06-01,3065.0
3932,2026-06-08,2914.0
3932,2026-06-15,2827.0
3932,2026-06-22,2874.0
3932,2026-06-29,3085.0
3932,2026-07-06,2915.0
3932,2026-07-13,2882.0
3932,2026-07-20,2905.0
3932,2026-07-27,3050.0
3932,2026-08-03,3200.0
3932,2026-08-10,3360.0
3932,2026-08-17,3730.0
3932,2026-08-24,3870.0
3950,2025-09-08,1131.44
3950,2025-09-15,1167.38
3950,2025-09-22,1169.32
3950,2025-09-29,1164.46
3950,2025-10-06,1180.0
3950,2025-10-13,1194.57
3950,2025-10-20,1204.28
3950,2025-10-27,1166.4
3950,2025-11-03,1170.29
3950,2025-11-10,1222.73
3950,2025-11-17,1222.73
3950,2025-11-24,1266.44
3950,2025-12-01,1220.79
3950,2025-12-08,1223.7
3950,2025-12-15,1231.47
3950,2025-12-22,1273.24
3950,2025-12-29,1275.21
3950,2026-01-05,1284.1
3950,2026-01-12,1290.03
3950,2026-01-19,1291.02
3950,2026-01-26,1279.16
3950,2026-02-02,1297.93
3950,2026-02-09,1331.51
3950,2026-02-16,1276.2
3950,2026-02-23,1321.64
3950,2026-03-02,1321.64
3950,2026-03-09,1303.86
3950,2026-03-16,1312.75
3950,2026-03-23,1308.79
3950,2026-03-30,1334.48
3950,2026-04-06,1340.4
3950,2026-04-13,1337.44
3950,2026-04-20,1275.21
3950,2026-04-27,1290.03
3950,2026-05-04,1314.72
3950,2026-05-11,1307.81
3950,2026-05-18,1321.64
3950,2026-05-25,1278.17
3950,2026-06-01,1226.81
3950,2026-06-08,1304.84
3950,2026-06-15,1343.37
3950,2026-06-22,1373.0
3950,2026-06-29,1358.0
3950,2026-07-06,1343.0
3950,2026-07-13,1421.0
3950,2026-07-20,1448.0
3950,2026-07-27,1451.0
3950,2026-08-03,1457.0
3950,2026-08-10,1467.0
3950,2026-08-17,1509.0
3950,2026-08-24,1527.0
3989,2025-09-08,1010.12
3989,2025-09-15,988.49
3989,2025-09-22,979.08
3989,2025-09-29,955.61
3989,2025-10-06,940.94
3989,2025-10-13,885.19
3989,2025-10-20,894.97
3989,2025-10-27,914.53
3989,2025-11-03,916.48
3989,2025-11-10,909.64
3989,2025-11-17,1017.23
3989,2025-11-24,1027.99
3989,2025-12-01,1090.59
3989,2025-12-08,1175.68
3989,2025-12-15,1181.55
3989,2025-12-22,1170.79
3989,2025-12-29,1159.05
3989,2026-01-05,1181.55
3989,2026-01-12,1188.4
3989,2026-01-19,1190.35
3989,2026-01-26,1137.54
3989,2026-02-02,1093.52
3989,2026-02-09,1101.35
3989,2026-02-16,1113.08
3989,2026-02-23,1206.98
3989,2026-03-02,1230.46
3989,2026-03-09,1244.15
3989,2026-03-16,1155.14
3989,2026-03-23,1228.5
3989,2026-03-30,1195.0
3989,2026-04-06,1200.0
3989,2026-04-13,1185.0
3989,2026-04-20,1220.0
3989,2026-04-27,1151.0
3989,2026-05-04,1124.0
3989,2026-05-11,1104.0
3989,2026-05-18,1006.0
3989,2026-05-25,987.0
3989,2026-06-01,1007.0
3989,2026-06-08,980.0
3989,2026-06-15,1015.0
3989,2026-06-22,995.0
3989,2026-06-29,1423.0
3989,2026-07-06,1429.0
3989,2026-07-13,1414.0
3989,2026-07-20,1402.0
3989,2026-07-27,1340.0
3989,2026-08-03,1396.0
3989,2026-08-10,1481.0
3989,2026-08-17,1539.0
3989,2026-08-24,1595.0
4097,2025-09-08,1042.07
4097,2025-09-15,1019.9
4097,2025-09-22,1034.36
4097,2025-09-29,999.0
4097,2025-10-06,990.16
4097,2025-10-13,999.98
4097,2025-10-20,1024.54
4097,2025-10-27,1009.81
4097,2025-11-03,1026.5
4097,2025-11-10,1034.36
4097,2025-11-17,1028.47
4097,2025-11-24,1045.17
4097,2025-12-01,1021.59
4097,2025-12-08,1044.19
4097,2025-12-15,1011.77
4097,2025-12-22,1035.35
4097,2025-12-29,1028.47
4097,2026-01-05,1120.81
4097,2026-01-12,1143.4
4097,2026-01-19,1113.93
4097,2026-01-26,1101.16
4097,2026-02-02,1113.93
4097,2026-02-09,1136.52
4097,2026-02-16,1090.35
4097,2026-02-23,1119.82
4097,2026-03-02,1074.64
4097,2026-03-09,1086.42
4097,2026-03-16,1102.14
4097,2026-03-23,1110.0
4097,2026-03-30,1114.0
4097,2026-04-06,1100.0
4097,2026-04-13,1090.0
4097,2026-04-20,1100.0
4097,2026-04-27,1100.0
4097,2026-05-04,1100.0
4097,2026-05-11,1120.0
4097,2026-05-18,1076.0
4097,2026-05-25,1101.0
4097,2026-06-01,1086.0
4097,2026-06-08,1092.0
4097,2026-06-15,1137.0
4097,2026-06-22,1108.0
4097,2026-06-29,1116.0
4097,2026-07-06,1135.0
4097,2026-07-13,1115.0
4097,2026-07-20,1115.0
4097,2026-07-27,1071.0
4097,2026-08-03,1091.0
4097,2026-08-10,1200.0
4097,2026-08-17,1177.0
4097,2026-08-24,1212.0
4175,2025-09-08,1936.0
4175,2025-09-15,2230.0
4175,2025-09-22,2268.0
4175,2025-09-29,2260.0
4175,2025-10-06,2208.0
4175,2025-10-13,2030.0
4175,2025-10-20,2063.0
4175,2025-10-27,2050.0
4175,2025-11-03,2059.0
4175,2025-11-10,2010.0
4175,2025-11-17,1836.0
4175,2025-11-24,1920.0
4175,2025-12-01,1829.0
4175,2025-12-08,1780.0
4175,2025-12-15,1938.0
4175,2025-12-22,1929.0
4175,2025-12-29,1878.0
4175,2026-01-05,1900.0
4175,2026-01-12,1899.0
4175,2026-01-19,1809.0
4175,2026-01-26,1821.0
4175,2026-02-02,1835.0
4175,2026-02-09,1876.0
4175,2026-02-16,1846.0
4175,2026-02-23,1855.0
4175,2026-03-02,1807.0
4175,2026-03-09,1905.0
4175,2026-03-16,1983.0
4175,2026-03-23,2074.0
4175,2026-03-30,2008.0
4175,2026-04-06,2070.0
4175,2026-04-13,2069.0
4175,2026-04-20,1993.0
4175,2026-04-27,1861.0
4175,2026-05-04,1905.0
4175,2026-05-11,1671.0
4175,2026-05-18,2082.0
4175,2026-05-25,2204.0
4175,2026-06-01,2157.0
4175,2026-06-08,1994.0
4175,2026-06-15,1869.0
4175,2026-06-22,2238.0
4175,2026-06-29,2498.0
4175,2026-07-06,2545.0
4175,2026-07-13,2749.0
4175,2026-07-20,2615.0
4175,2026-07-27,2809.0
4175,2026-08-03,2747.0
4175,2026-08-10,2798.0
4175,2026-08-17,2770.0
4175,2026-08-24,2871.0
4196,2025-09-08,1485.0
4196,2025-09-15,1464.0
4196,2025-09-22,1399.0
4196,2025-09-29,1094.0
4196,2025-10-06,1113.0
4196,2025-10-13,1144.0
4196,2025-10-20,1158.0
4196,2025-10-27,1113.0
4196,2025-11-03,1114.0
4196,2025-11-10,1132.0
4196,2025-11-17,1143.0
4196,2025-11-24,1164.0
4196,2025-12-01,1178.0
4196,2025-12-08,1172.0
4196,2025-12-15,1158.0
4196,2025-12-22,1156.0
4196,2025-12-29,1166.0
4196,2026-01-05,1220.0
4196,2026-01-12,1218.0
4196,2026-01-19,1220.0
4196,2026-01-26,1287.0
4196,2026-02-02,1345.0
4196,2026-02-09,1349.0
4196,2026-02-16,1339.0
4196,2026-02-23,1354.0
4196,2026-03-02,1390.0
4196,2026-03-09,1439.0
4196,2026-03-16,1428.0
4196,2026-03-23,1423.0
4196,2026-03-30,1430.0
4196,2026-04-06,1446.0
4196,2026-04-13,1447.0
4196,2026-04-20,1437.0
4196,2026-04-27,1428.0
4196,2026-05-04,1424.0
4196,2026-05-11,1432.0
4196,2026-05-18,1450.0
4196,2026-05-25,1479.0
4196,2026-06-01,1575.0
4196,2026-06-08,1674.0
4196,2026-06-15,1699.0
4196,2026-06-22,1696.0
4196,2026-06-29,1695.0
4196,2026-07-06,1697.0
4196,2026-07-13,1686.0
4196,2026-07-20,1727.0
4196,2026-07-27,1853.0
4196,2026-08-03,1937.0
4196,2026-08-10,2010.0
4196,2026-08-17,1999.0
4196,2026-08-24,2128.0
4205,2025-09-08,1661.49
4205,2025-09-15,1595.43
4205,2025-09-22,1620.8
4205,2025-09-29,1585.59
4205,2025-10-06,1594.39
4205,2025-10-13,1596.35
4205,2025-10-20,1644.28
4205,2025-10-27,1548.91
4205,2025-11-03,1581.19
4205,2025-11-10,1655.04
4205,2025-11-17,1664.82
4205,2025-11-24,1745.52
4205,2025-12-01,1681.94
4205,2025-12-08,1736.71
4205,2025-12-15,1750.9
4205,2025-12-22,1757.25
4205,2025-12-29,1750.41
4205,2026-01-05,1806.16
4205,2026-01-12,1903.49
4205,2026-01-19,1930.39
4205,2026-01-26,1845.29
4205,2026-02-02,1925.01
4205,2026-02-09,1941.64
4205,2026-02-16,1987.61
4205,2026-02-23,2094.23
4205,2026-03-02,1934.79
4205,2026-03-09,1825.72
4205,2026-03-16,1775.84
4205,2026-03-23,1791.0
4205,2026-03-30,1761.5
4205,2026-04-06,1815.0
4205,2026-04-13,1819.5
4205,2026-04-20,1742.0
4205,2026-04-27,1882.5
4205,2026-05-04,1958.5
4205,2026-05-11,2245.0
4205,2026-05-18,2105.0
4205,2026-05-25,2189.5
4205,2026-06-01,2154.5
4205,2026-06-08,2264.0
4205,2026-06-15,2334.0
4205,2026-06-22,2396.0
4205,2026-06-29,2307.0
4205,2026-07-06,2249.0
4205,2026-07-13,2220.5
4205,2026-07-20,2215.0
4205,2026-07-27,2261.0
4205,2026-08-03,2428.5
4205,2026-08-10,2455.0
4205,2026-08-17,2399.5
4205,2026-08-24,2400.5
421A,2025-10-06,2848.0
421A,2025-10-13,2886.0
421A,2025-10-20,2837.0
421A,2025-10-27,2733.0
421A,2025-11-03,2602.0
421A,2025-11-10,3450.0
421A,2025-11-17,3035.0
421A,2025-11-24,3520.0
421A,2025-12-01,3250.0
421A,2025-12-08,2744.0
421A,2025-12-15,2974.0
421A,2025-12-22,3035.0
421A,2025-12-29,3050.0
421A,2026-01-05,2854.0
421A,2026-01-12,2893.0
421A,2026-01-19,2851.0
421A,2026-01-26,2678.0
421A,2026-02-02,2454.0
421A,2026-02-09,2519.0
421A,2026-02-16,1997.0
421A,2026-02-23,2150.0
421A,2026-03-02,2299.0
421A,2026-03-09,2187.0
421A,2026-03-16,2087.0
421A,2026-03-23,2102.0
421A,2026-03-30,2075.0
421A,2026-04-06,2153.0
421A,2026-04-13,2390.0
421A,2026-04-20,2114.0
421A,2026-04-27,2119.0
421A,2026-05-04,2304.0
421A,2026-05-11,2424.0
421A,2026-05-18,2470.0
421A,2026-05-25,2842.0
421A,2026-06-01,3120.0
421A,2026-06-08,3310.0
421A,2026-06-15,3225.0
421A,2026-06-22,3175.0
421A,2026-06-29,3725.0
421A,2026-07-06,3955.0
421A,2026-07-13,4015.0
421A,2026-07-20,3815.0
421A,2026-07-27,3430.0
421A,2026-08-03,3420.0
421A,2026-08-10,3900.0
421A,2026-08-17,4125.0
421A,2026-08-24,4320.0
4326,2025-09-08,1681.45
4326,2025-09-15,1689.24
4326,2025-09-22,1725.24
4326,2025-09-29,1588.04
4326,2025-10-06,1653.23
4326,2025-10-13,1654.21
4326,2025-10-20,1664.91
4326,2025-10-27,1660.05
4326,2025-11-03,1623.07
4326,2025-11-10,1663.94
4326,2025-11-17,1688.26
4326,2025-11-24,1679.51
4326,2025-12-01,1663.94
4326,2025-12-08,1713.56
4326,2025-12-15,1751.51
4326,2025-12-22,1775.84
4326,2025-12-29,1743.3
4326,2026-01-05,1735.41
4326,2026-01-12,1763.02
4326,2026-01-19,1708.79
4326,2026-01-26,1668.36
4326,2026-02-02,1633.85
4326,2026-02-09,1603.29
4326,2026-02-16,1626.95
4326,2026-02-23,1676.25
4326,2026-03-02,1677.24
4326,2026-03-09,1676.25
4326,2026-03-16,1657.52
4326,2026-03-23,1694.0
4326,2026-03-30,1686.11
4326,2026-04-06,1645.68
4326,2026-04-13,1632.87
4326,2026-04-20,1592.44
4326,2026-04-27,1630.89
4326,2026-05-04,1701.89
4326,2026-05-11,1725.55
4326,2026-05-18,1695.97
4326,2026-05-25,1678.22
4326,2026-06-01,1678.22
4326,2026-06-08,1679.21
4326,2026-06-15,1718.65
4326,2026-06-22,1694.0
4326,2026-06-29,1759.0
4326,2026-07-06,1878.0
4326,2026-07-13,1889.0
4326,2026-07-20,1962.0
4326,2026-07-27,1915.0
4326,2026-08-03,1891.0
4326,2026-08-10,1924.0
4326,2026-08-17,1925.0
4326,2026-08-24,2032.0
4373,2025-09-08,1107.46
4373,2025-09-15,1086.68
4373,2025-09-22,1070.79
4373,2025-09-29,995.0
4373,2025-10-06,1020.67
4373,2025-10-13,960.77
4373,2025-10-20,959.55
4373,2025-10-27,1051.23
4373,2025-11-03,1003.56
4373,2025-11-10,1076.9
4373,2025-11-17,1083.01
4373,2025-11-24,1075.68
4373,2025-12-01,1052.21
4373,2025-12-08,1042.43
4373,2025-12-15,1059.05
4373,2025-12-22,1029.71
4373,2025-12-29,1027.76
4373,2026-01-05,991.58
4373,2026-01-12,966.15
4373,2026-01-19,928.01
4373,2026-01-26,937.79
4373,2026-02-02,833.16
4373,2026-02-09,782.31
4373,2026-02-16,815.56
4373,2026-02-23,843.92
4373,2026-03-02,812.62
4373,2026-03-09,805.78
4373,2026-03-16,804.8
4373,2026-03-23,796.0
4373,2026-03-30,832.0
4373,2026-04-06,816.0
4373,2026-04-13,944.0
4373,2026-04-20,917.0
4373,2026-04-27,921.0
4373,2026-05-04,937.0
4373,2026-05-11,951.0
4373,2026-05-18,1037.0
4373,2026-05-25,1064.0
4373,2026-06-01,1092.0
4373,2026-06-08,990.0
4373,2026-06-15,931.0
4373,2026-06-22,911.0
4373,2026-06-29,1018.0
4373,2026-07-06,1046.0
4373,2026-07-13,1074.0
4373,2026-07-20,1047.0
4373,2026-07-27,1131.0
4373,2026-08-03,1094.0
4373,2026-08-10,1172.0
4373,2026-08-17,1166.0
4373,2026-08-24,1259.0
4394,2025-09-08,398.23
4394,2025-09-15,399.2
4394,2025-09-22,397.26
4394,2025-09-29,405.01
4394,2025-10-06,397.26
4394,2025-10-13,389.02
4394,2025-10-20,391.45
4394,2025-10-27,393.38
4394,2025-11-03,391.45
4394,2025-11-10,387.57
4394,2025-11-17,380.79
4394,2025-11-24,382.29
4394,2025-12-01,378.32
4394,2025-12-08,373.34
4394,2025-12-15,366.88
4394,2025-12-22,381.8
4394,2025-12-29,384.78
4394,2026-01-05,402.18
4394,2026-01-12,384.28
4394,2026-01-19,395.72
4394,2026-01-26,388.26
4394,2026-02-02,387.26
4394,2026-02-09,387.26
4394,2026-02-16,387.26
4394,2026-02-23,392.24
4394,2026-03-02,387.76
4394,2026-03-09,386.27
4394,2026-03-16,385.77
4394,2026-03-23,383.29
4394,2026-03-30,391.24
4394,2026-04-06,423.55
4394,2026-04-13,423.55
4394,2026-04-20,426.54
4394,2026-04-27,429.52
4394,2026-05-04,437.97
4394,2026-05-11,433.5
4394,2026-05-18,426.54
4394,2026-05-25,414.0
4394,2026-06-01,396.0
4394,2026-06-08,397.0
4394,2026-06-15,385.0
4394,2026-06-22,393.0
4394,2026-06-29,450.0
4394,2026-07-06,546.0
4394,2026-07-13,545.0
4394,2026-07-20,552.0
4394,2026-07-27,557.0
4394,2026-08-03,541.0
4394,2026-08-10,547.0
4394,2026-08-17,556.0
4394,2026-08-24,636.0
4431,2025-09-08,3304.37
4431,2025-09-15,3131.24
4431,2025-09-22,2951.18
4431,2025-09-29,2849.28
4431,2025-10-06,2745.4
4431,2025-10-13,2725.61
4431,2025-10-20,2915.57
4431,2025-10-27,2816.63
4431,2025-11-03,2739.46
4431,2025-11-10,2822.57
4431,2025-11-17,2789.92
4431,2025-11-24,2835.43
4431,2025-12-01,2860.16
4431,2025-12-08,2794.87
4431,2025-12-15,2920.51
4431,2025-12-22,3022.41
4431,2025-12-29,3022.41
4431,2026-01-05,3061.99
4431,2026-01-12,3007.57
4431,2026-01-19,2852.25
4431,2026-01-26,2705.83
4431,2026-02-02,2404.08
4431,2026-02-09,2188.41
4431,2026-02-16,2560.39
4431,2026-02-23,2513.9
4431,2026-03-02,2436.73
4431,2026-03-09,2419.91
4431,2026-03-16,2008.35
4431,2026-03-23,2195.33
4431,2026-03-30,2197.31
4431,2026-04-06,2204.23
4431,2026-04-13,2485.21
4431,2026-04-20,2475.31
4431,2026-04-27,2439.0
4431,2026-05-04,2405.0
4431,2026-05-11,2180.0
4431,2026-05-18,2304.0
4431,2026-05-25,2319.0
4431,2026-06-01,2492.0
4431,2026-06-08,2399.0
4431,2026-06-15,2408.0
4431,2026-06-22,2641.0
4431,2026-06-29,2935.0
4431,2026-07-06,2841.0
4431,2026-07-13,3000.0
4431,2026-07-20,2900.0
4431,2026-07-27,3190.0
4431,2026-08-03,3200.0
4431,2026-08-10,3435.0
4431,2026-08-17,3395.0
4431,2026-08-24,3735.0
4434,2025-09-08,1994.22
4434,2025-09-15,2005.99
4434,2025-09-22,1989.32
4434,2025-09-29,1929.51
4434,2025-10-06,1992.26
4434,2025-10-13,1758.92
4434,2025-10-20,1803.04
4434,2025-10-27,1812.84
4434,2025-11-03,1755.98
4434,2025-11-10,1727.54
4434,2025-11-17,1828.53
4434,2025-11-24,1790.29
4434,2025-12-01,1730.48
4434,2025-12-08,1770.68
4434,2025-12-15,1746.17
4434,2025-12-22,1779.51
4434,2025-12-29,1782.45
4434,2026-01-05,1944.22
4434,2026-01-12,1977.56
4434,2026-01-19,2026.58
4434,2026-01-26,1971.67
4434,2026-02-02,1919.71
4434,2026-02-09,1860.88
4434,2026-02-16,1815.78
4434,2026-02-23,2049.39
4434,2026-03-02,2075.23
4434,2026-03-09,2018.58
4434,2026-03-16,1977.83
4434,2026-03-23,1960.93
4434,2026-03-30,1951.99
4434,2026-04-06,1935.09
4434,2026-04-13,2018.58
4434,2026-04-20,2007.64
4434,2026-04-27,2000.69
4434,2026-05-04,2009.63
4434,2026-05-11,2011.62
4434,2026-05-18,2102.06
4434,2026-05-25,2009.63
4434,2026-06-01,2066.28
4434,2026-06-08,1987.77
4434,2026-06-15,1925.15
4434,2026-06-22,1893.35
4434,2026-06-29,1974.84
4434,2026-07-06,2001.68
4434,2026-07-13,1761.16
4434,2026-07-20,1877.44
4434,2026-07-27,2343.57
4434,2026-08-03,2387.31
4434,2026-08-10,2489.68
4434,2026-08-17,2431.04
4434,2026-08-24,2522.0
4440,2025-09-08,1285.47
4440,2025-09-15,1218.49
4440,2025-09-22,1287.44
4440,2025-09-29,1209.63
4440,2025-10-06,1165.3
4440,2025-10-13,1116.05
4440,2025-10-20,1152.49
4440,2025-10-27,1066.8
4440,2025-11-03,1041.18
4440,2025-11-10,1038.23
4440,2025-11-17,1012.62
4440,2025-11-24,1047.09
4440,2025-12-01,1060.89
4440,2025-12-08,1049.06
4440,2025-12-15,1113.09
4440,2025-12-22,1071.72
4440,2025-12-29,1119.0
4440,2026-01-05,1457.86
4440,2026-01-12,1443.08
4440,2026-01-19,1602.66
4440,2026-01-26,1530.75
4440,2026-02-02,1403.68
4440,2026-02-09,1356.4
4440,2026-02-16,1414.51
4440,2026-02-23,1512.03
4440,2026-03-02,1512.03
4440,2026-03-09,1470.66
4440,2026-03-16,1491.35
4440,2026-03-23,1517.94
4440,2026-03-30,1571.13
4440,2026-04-06,1536.66
4440,2026-04-13,1268.73
4440,2026-04-20,1175.15
4440,2026-04-27,1164.31
4440,2026-05-04,1172.19
4440,2026-05-11,1136.73
4440,2026-05-18,1104.23
4440,2026-05-25,1103.24
4440,2026-06-01,1079.6
4440,2026-06-08,1042.17
4440,2026-06-15,1090.44
4440,2026-06-22,1096.35
4440,2026-06-29,1118.02
4440,2026-07-06,1120.97
4440,2026-07-13,1107.18
4440,2026-07-20,1136.73
4440,2026-07-27,1126.88
4440,2026-08-03,1121.96
4440,2026-08-10,1180.07
4440,2026-08-17,1152.49
4440,2026-08-24,1485.0
4443,2025-09-08,1939.91
4443,2025-09-15,1937.91
4443,2025-09-22,1907.96
4443,2025-09-29,1822.1
4443,2025-10-06,1805.12
4443,2025-10-13,1740.23
4443,2025-10-20,1810.11
4443,2025-10-27,1820.1
4443,2025-11-03,1743.22
4443,2025-11-10,1748.21
4443,2025-11-17,1699.29
4443,2025-11-24,1683.32
4443,2025-12-01,1637.39
4443,2025-12-08,1679.32
4443,2025-12-15,1734.24
4443,2025-12-22,1776.17
4443,2025-12-29,1731.24
4443,2026-01-05,1791.15
4443,2026-01-12,1914.95
4443,2026-01-19,1659.36
4443,2026-01-26,1492.62
4443,2026-02-02,1148.17
4443,2026-02-09,1085.27
4443,2026-02-16,1103.24
4443,2026-02-23,1172.13
4443,2026-03-02,1238.03
4443,2026-03-09,1146.17
4443,2026-03-16,1110.23
4443,2026-03-23,1139.18
4443,2026-03-30,1214.06
4443,2026-04-06,1237.03
4443,2026-04-13,1333.87
4443,2026-04-20,1264.98
4443,2026-04-27,1248.01
4443,2026-05-04,1316.9
4443,2026-05-11,1305.92
4443,2026-05-18,1467.66
4443,2026-05-25,1679.0
4443,2026-06-01,1603.0
4443,2026-06-08,1435.0
4443,2026-06-15,1438.0
4443,2026-06-22,1383.0
4443,2026-06-29,1716.0
4443,2026-07-06,1723.0
4443,2026-07-13,1827.0
4443,2026-07-20,1787.0
4443,2026-07-27,1989.0
4443,2026-08-03,1900.0
4443,2026-08-10,2106.0
4443,2026-08-17,2231.0
4443,2026-08-24,2315.0
4588,2025-09-08,621.0
4588,2025-09-15,631.0
4588,2025-09-22,622.0
4588,2025-09-29,678.0
4588,2025-10-06,803.0
4588,2025-10-13,700.0
4588,2025-10-20,711.0
4588,2025-10-27,748.0
4588,2025-11-03,851.0
4588,2025-11-10,1043.0
4588,2025-11-17,986.0
4588,2025-11-24,1174.0
4588,2025-12-01,923.0
4588,2025-12-08,1061.0
4588,2025-12-15,859.0
4588,2025-12-22,1101.0
4588,2025-12-29,1384.0
4588,2026-01-05,1519.0
4588,2026-01-12,1943.0
4588,2026-01-19,1808.0
4588,2026-01-26,1739.0
4588,2026-02-02,1873.0
4588,2026-02-09,2440.0
4588,2026-02-16,2215.0
4588,2026-02-23,2730.0
4588,2026-03-02,3150.0
4588,2026-03-09,2702.0
4588,2026-03-16,2246.0
4588,2026-03-23,2338.0
4588,2026-03-30,2266.0
4588,2026-04-06,2501.0
4588,2026-04-13,2860.0
4588,2026-04-20,2978.0
4588,2026-04-27,2717.0
4588,2026-05-04,2918.0
4588,2026-05-11,2680.0
4588,2026-05-18,2797.0
4588,2026-05-25,2765.0
4588,2026-06-01,2614.0
4588,2026-06-08,2467.0
4588,2026-06-15,2591.0
4588,2026-06-22,2733.0
4588,2026-06-29,2680.0
4588,2026-07-06,2575.0
4588,2026-07-13,2351.0
4588,2026-07-20,2469.0
4588,2026-07-27,2665.0
4588,2026-08-03,2848.0
4588,2026-08-10,3250.0
4588,2026-08-17,3380.0
4588,2026-08-24,4810.0
4611,2025-09-08,1253.42
4611,2025-09-15,1241.96
4611,2025-09-22,1254.37
4611,2025-09-29,1219.03
4611,2025-10-06,1205.65
4611,2025-10-13,1214.25
4611,2025-10-20,1234.31
4611,2025-10-27,1212.34
4611,2025-11-03,1176.99
4611,2025-11-10,1220.94
4611,2025-11-17,1228.58
4611,2025-11-24,1303.1
4611,2025-12-01,1234.31
4611,2025-12-08,1243.87
4611,2025-12-15,1249.6
4611,2025-12-22,1269.66
4611,2025-12-29,1286.86
4611,2026-01-05,1291.63
4611,2026-01-12,1346.09
4611,2026-01-19,1353.73
4611,2026-01-26,1314.56
4611,2026-02-02,1370.93
4611,2026-02-09,1385.26
4611,2026-02-16,1395.77
4611,2026-02-23,1427.29
4611,2026-03-02,1323.16
4611,2026-03-09,1249.6
4611,2026-03-16,1225.71
4611,2026-03-23,1241.0
4611,2026-03-30,1252.0
4611,2026-04-06,1304.0
4611,2026-04-13,1262.0
4611,2026-04-20,1229.0
4611,2026-04-27,1242.0
4611,2026-05-04,1260.0
4611,2026-05-11,1206.0
4611,2026-05-18,1259.0
4611,2026-05-25,1288.0
4611,2026-06-01,1280.0
4611,2026-06-08,1300.0
4611,2026-06-15,1305.0
4611,2026-06-22,1340.0
4611,2026-06-29,1374.0
4611,2026-07-06,1410.0
4611,2026-07-13,1353.0
4611,2026-07-20,1358.0
4611,2026-07-27,1399.0
4611,2026-08-03,1441.0
4611,2026-08-10,1524.0
4611,2026-08-17,1503.0
4611,2026-08-24,1589.0
4635,2025-09-08,1329.57
4635,2025-09-15,1276.0
4635,2025-09-22,1339.13
4635,2025-09-29,1343.03
4635,2025-10-06,1356.67
4635,2025-10-13,1362.52
4635,2025-10-20,1440.49
4635,2025-10-27,1372.27
4635,2025-11-03,1321.59
4635,2025-11-10,1307.94
4635,2025-11-17,1304.05
4635,2025-11-24,1419.05
4635,2025-12-01,1374.22
4635,2025-12-08,1389.81
4635,2025-12-15,1413.2
4635,2025-12-22,1461.93
4635,2025-12-29,1398.58
4635,2026-01-05,1437.57
4635,2026-01-12,1515.54
4635,2026-01-19,1484.35
4635,2026-01-26,1438.54
4635,2026-02-02,1486.3
4635,2026-02-09,1753.35
4635,2026-02-16,1729.96
4635,2026-02-23,1778.69
4635,2026-03-02,1608.13
4635,2026-03-09,1523.34
4635,2026-03-16,1460.96
4635,2026-03-23,1421.0
4635,2026-03-30,1370.0
4635,2026-04-06,1391.0
4635,2026-04-13,1350.0
4635,2026-04-20,1317.0
4635,2026-04-27,1309.0
4635,2026-05-04,1300.0
4635,2026-05-11,1250.0
4635,2026-05-18,1228.0
4635,2026-05-25,1260.0
4635,2026-06-01,1239.0
4635,2026-06-08,1239.0
4635,2026-06-15,1323.0
4635,2026-06-22,1330.0
4635,2026-06-29,1384.0
4635,2026-07-06,1367.0
4635,2026-07-13,1370.0
4635,2026-07-20,1412.0
4635,2026-07-27,1399.0
4635,2026-08-03,2048.0
4635,2026-08-10,2092.0
4635,2026-08-17,2092.0
4635,2026-08-24,2090.0
4667,2025-09-08,1402.04
4667,2025-09-15,1497.07
4667,2025-09-22,1566.64
4667,2025-09-29,1479.44
4667,2025-10-06,1530.38
4667,2025-10-13,1490.21
4667,2025-10-20,1546.06
4667,2025-10-27,1450.04
4667,2025-11-03,1461.8
4667,2025-11-10,1759.65
4667,2025-11-17,1889.96
4667,2025-11-24,1783.16
4667,2025-12-01,1887.02
4667,2025-12-08,1844.89
4667,2025-12-15,1903.67
4667,2025-12-22,1900.73
4667,2025-12-29,1922.29
4667,2026-01-05,2059.45
4667,2026-01-12,2252.47
4667,2026-01-19,2185.84
4667,2026-01-26,2086.89
4667,2026-02-02,1963.44
4667,2026-02-09,2033.0
4667,2026-02-16,1958.54
4667,2026-02-23,2096.68
4667,2026-03-02,1897.79
4667,2026-03-09,1866.44
4667,2026-03-16,1845.87
4667,2026-03-23,1791.0
4667,2026-03-30,1780.0
4667,2026-04-06,1740.0
4667,2026-04-13,1768.0
4667,2026-04-20,1685.0
4667,2026-04-27,1666.0
4667,2026-05-04,1602.0
4667,2026-05-11,1513.0
4667,2026-05-18,1624.0
4667,2026-05-25,1711.0
4667,2026-06-01,1680.0
4667,2026-06-08,1725.0
4667,2026-06-15,1864.0
4667,2026-06-22,1978.0
4667,2026-06-29,2170.0
4667,2026-07-06,2117.0
4667,2026-07-13,1957.0
4667,2026-07-20,1871.0
4667,2026-07-27,1818.0
4667,2026-08-03,1746.0
4667,2026-08-10,2017.0
4667,2026-08-17,2105.0
4667,2026-08-24,2661.0
4671,2025-09-08,2519.65
4671,2025-09-15,2450.03
4671,2025-09-22,2514.88
4671,2025-09-29,2444.06
4671,2025-10-06,2421.59
4671,2025-10-13,2481.18
4671,2025-10-20,2487.04
4671,2025-10-27,2424.53
4671,2025-11-03,2451.88
4671,2025-11-10,2498.77
4671,2025-11-17,2512.44
4671,2025-11-24,2508.53
4671,2025-12-01,2489.0
4671,2025-12-08,2528.07
4671,2025-12-15,2558.35
4671,2025-12-22,2605.24
4671,2025-12-29,2618.92
4671,2026-01-05,2668.74
4671,2026-01-12,2686.32
4671,2026-01-19,2661.9
4671,2026-01-26,2615.01
4671,2026-02-02,2613.06
4671,2026-02-09,2651.15
4671,2026-02-16,2617.94
4671,2026-02-23,2666.78
4671,2026-03-02,2615.99
4671,2026-03-09,2565.19
4671,2026-03-16,2551.51
4671,2026-03-23,2636.5
4671,2026-03-30,2631.0
4671,2026-04-06,2620.0
4671,2026-04-13,2604.0
4671,2026-04-20,2552.0
4671,2026-04-27,2512.0
4671,2026-05-04,2512.0
4671,2026-05-11,2587.0
4671,2026-05-18,2521.0
4671,2026-05-25,2565.0
4671,2026-06-01,2545.0
4671,2026-06-08,2573.0
4671,2026-06-15,2572.0
4671,2026-06-22,2542.0
4671,2026-06-29,2617.0
4671,2026-07-06,2682.0
4671,2026-07-13,2700.0
4671,2026-07-20,2672.0
4671,2026-07-27,2651.0
4671,2026-08-03,2690.0
4671,2026-08-10,2834.0
4671,2026-08-17,2824.0
4671,2026-08-24,2916.0
4746,2025-09-08,3924.2
4746,2025-09-15,3814.53
4746,2025-09-22,3905.13
4746,2025-09-29,3733.47
4746,2025-10-06,3714.4
4746,2025-10-13,3733.47
4746,2025-10-20,3776.39
4746,2025-10-27,3657.18
4746,2025-11-03,3819.3
4746,2025-11-10,3981.42
4746,2025-11-17,3976.65
4746,2025-11-24,4010.03
4746,2025-12-01,3919.43
4746,2025-12-08,3838.37
4746,2025-12-15,3819.3
4746,2025-12-22,3843.14
4746,2025-12-29,3961.29
4746,2026-01-05,4245.64
4746,2026-01-12,4407.43
4746,2026-01-19,4353.5
4746,2026-01-26,4132.88
4746,2026-02-02,4083.86
4746,2026-02-09,4211.33
4746,2026-02-16,4167.2
4746,2026-02-23,4348.6
4746,2026-03-02,4181.91
4746,2026-03-09,4211.33
4746,2026-03-16,4206.42
4746,2026-03-23,4191.71
4746,2026-03-30,4142.69
4746,2026-04-06,4431.94
4746,2026-04-13,4407.43
4746,2026-04-20,4319.18
4746,2026-04-27,4235.84
4746,2026-05-04,4044.64
4746,2026-05-11,3946.59
4746,2026-05-18,4123.08
4746,2026-05-25,4226.03
4746,2026-06-01,4142.69
4746,2026-06-08,4118.18
4746,2026-06-15,4167.2
4746,2026-06-22,4353.5
4746,2026-06-29,4485.0
4746,2026-07-06,4740.0
4746,2026-07-13,4780.0
4746,2026-07-20,4825.0
4746,2026-07-27,5020.0
4746,2026-08-03,6600.0
4746,2026-08-10,6500.0
4746,2026-08-17,6670.0
4746,2026-08-24,6840.0
4768,2025-09-08,3081.68
4768,2025-09-15,3022.72
4768,2025-09-22,3013.05
4768,2025-09-29,2939.59
4768,2025-10-06,2889.32
4768,2025-10-13,2876.75
4768,2025-10-20,2988.89
4768,2025-10-27,2948.29
4768,2025-11-03,2919.29
4768,2025-11-10,2899.95
4768,2025-11-17,3008.22
4768,2025-11-24,2984.05
4768,2025-12-01,3052.68
4768,2025-12-08,3198.65
4768,2025-12-15,3195.75
4768,2025-12-22,3170.62
4768,2025-12-29,3167.68
4768,2026-01-05,3132.39
4768,2026-01-12,3160.82
4768,2026-01-19,3158.85
4768,2026-01-26,3001.06
4768,2026-02-02,2952.05
4768,2026-02-09,2962.84
4768,2026-02-16,2979.5
4768,2026-02-23,3086.33
4768,2026-03-02,3005.96
4768,2026-03-09,2892.27
4768,2026-03-16,2876.59
4768,2026-03-23,2954.01
4768,2026-03-30,3014.78
4768,2026-04-06,2922.65
4768,2026-04-13,2987.34
4768,2026-04-20,2911.87
4768,2026-04-27,2797.2
4768,2026-05-04,2977.54
4768,2026-05-11,2845.22
4768,2026-05-18,2826.6
4768,2026-05-25,2831.5
4768,2026-06-01,2899.62
4768,2026-06-08,2794.26
4768,2026-06-15,2711.44
4768,2026-06-22,2708.5
4768,2026-06-29,2853.0
4768,2026-07-06,2893.5
4768,2026-07-13,3015.0
4768,2026-07-20,3026.0
4768,2026-07-27,3274.0
4768,2026-08-03,3443.0
4768,2026-08-10,3536.0
4768,2026-08-17,3478.0
4768,2026-08-24,3652.0
4972,2025-09-08,1910.43
4972,2025-09-15,1884.05
4972,2025-09-22,2015.97
4972,2025-09-29,1990.56
4972,2025-10-06,2032.58
4972,2025-10-13,2071.67
4972,2025-10-20,2188.94
4972,2025-10-27,2335.52
4972,2025-11-03,2366.79
4972,2025-11-10,2383.4
4972,2025-11-17,2444.96
4972,2025-11-24,2565.16
4972,2025-12-01,2519.23
4972,2025-12-08,2623.79
4972,2025-12-15,2565.16
4972,2025-12-22,2565.16
4972,2025-12-29,2578.84
4972,2026-01-05,2640.4
4972,2026-01-12,2681.45
4972,2026-01-19,2716.63
4972,2026-01-26,2754.74
4972,2026-02-02,2891.55
4972,2026-02-09,2891.55
4972,2026-02-16,3092.85
4972,2026-02-23,3215.0
4972,2026-03-02,3200.34
4972,2026-03-09,3180.8
4972,2026-03-16,3171.03
4972,2026-03-23,3215.0
4972,2026-03-30,3385.0
4972,2026-04-06,3515.0
4972,2026-04-13,3340.0
4972,2026-04-20,3395.0
4972,2026-04-27,3280.0
4972,2026-05-04,3330.0
4972,2026-05-11,3355.0
4972,2026-05-18,3405.0
4972,2026-05-25,3445.0
4972,2026-06-01,3505.0
4972,2026-06-08,3500.0
4972,2026-06-15,3370.0
4972,2026-06-22,3205.0
4972,2026-06-29,3545.0
4972,2026-07-06,3515.0
4972,2026-07-13,3330.0
4972,2026-07-20,3795.0
4972,2026-07-27,3090.0
4972,2026-08-03,3345.0
4972,2026-08-10,3345.0
4972,2026-08-17,3345.0
4972,2026-08-24,3660.0
4997,2025-09-08,968.97
4997,2025-09-15,989.23
4997,2025-09-22,987.3
4997,2025-09-29,952.15
4997,2025-10-06,934.57
4997,2025-10-13,914.06
4997,2025-10-20,914.06
4997,2025-10-27,843.75
4997,2025-11-03,847.66
4997,2025-11-10,864.26
4997,2025-11-17,867.19
4997,2025-11-24,868.16
4997,2025-12-01,880.86
4997,2025-12-08,970.7
4997,2025-12-15,995.12
4997,2025-12-22,982.42
4997,2025-12-29,990.23
4997,2026-01-05,994.14
4997,2026-01-12,1012.7
4997,2026-01-19,1005.86
4997,2026-01-26,990.23
4997,2026-02-02,1034.18
4997,2026-02-09,998.05
4997,2026-02-16,993.16
4997,2026-02-23,1066.41
4997,2026-03-02,989.26
4997,2026-03-09,990.23
4997,2026-03-16,984.38
4997,2026-03-23,1000.0
4997,2026-03-30,1031.0
4997,2026-04-06,1021.0
4997,2026-04-13,1017.0
4997,2026-04-20,1003.0
4997,2026-04-27,999.0
4997,2026-05-04,964.0
4997,2026-05-11,986.0
4997,2026-05-18,976.0
4997,2026-05-25,1057.0
4997,2026-06-01,1017.0
4997,2026-06-08,1028.0
4997,2026-06-15,1004.0
4997,2026-06-22,1022.0
4997,2026-06-29,1033.0
4997,2026-07-06,1014.0
4997,2026-07-13,987.0
4997,2026-07-20,1085.0
4997,2026-07-27,1077.0
4997,2026-08-03,1132.0
4997,2026-08-10,1178.0
4997,2026-08-17,1219.0
4997,2026-08-24,1236.0
5018,2025-09-08,1298.7
5018,2025-09-15,1306.49
5018,2025-09-22,1352.21
5018,2025-09-29,1332.75
5018,2025-10-06,1336.64
5018,2025-10-13,1293.84
5018,2025-10-20,1324.97
5018,2025-10-27,1329.83
5018,2025-11-03,1324.0
5018,2025-11-10,1330.81
5018,2025-11-17,1328.86
5018,2025-11-24,1365.83
5018,2025-12-01,1351.24
5018,2025-12-08,1360.96
5018,2025-12-15,1378.47
5018,2025-12-22,1438.79
5018,2025-12-29,1490.35
5018,2026-01-05,1498.13
5018,2026-01-12,1752.03
5018,2026-01-19,1903.79
5018,2026-01-26,1840.56
5018,2026-02-02,1904.77
5018,2026-02-09,2004.96
5018,2026-02-16,2080.84
5018,2026-02-23,2155.99
5018,2026-03-02,2061.05
5018,2026-03-09,1940.39
5018,2026-03-16,1860.28
5018,2026-03-23,1825.67
5018,2026-03-30,1796.0
5018,2026-04-06,1833.58
5018,2026-04-13,1733.69
5018,2026-04-20,1658.53
5018,2026-04-27,1676.33
5018,2026-05-04,1724.79
5018,2026-05-11,1701.06
5018,2026-05-18,1650.62
5018,2026-05-25,1949.29
5018,2026-06-01,1876.11
5018,2026-06-08,1755.45
5018,2026-06-15,1910.72
5018,2026-06-22,1790.07
5018,2026-06-29,1897.87
5018,2026-07-06,2294.45
5018,2026-07-13,2056.1
5018,2026-07-20,2069.95
5018,2026-07-27,2141.16
5018,2026-08-03,2183.68
5018,2026-08-10,2194.56
5018,2026-08-17,2230.17
5018,2026-08-24,2351.0
5302,2025-09-08,4073.34
5302,2025-09-15,4135.56
5302,2025-09-22,4197.79
5302,2025-09-29,4092.48
5302,2025-10-06,4130.78
5302,2025-10-13,4121.2
5302,2025-10-20,4169.07
5302,2025-10-27,4154.71
5302,2025-11-03,4193.0
5302,2025-11-10,4274.37
5302,2025-11-17,4264.8
5302,2025-11-24,4312.66
5302,2025-12-01,4250.44
5302,2025-12-08,4274.37
5302,2025-12-15,4236.08
5302,2025-12-22,4317.45
5302,2025-12-29,4322.35
5302,2026-01-05,4366.4
5302,2026-01-12,4488.78
5302,2026-01-19,4503.46
5302,2026-01-26,4503.46
5302,2026-02-02,4660.1
5302,2026-02-09,4713.95
5302,2026-02-16,4767.8
5302,2026-02-23,4944.02
5302,2026-03-02,4581.78
5302,2026-03-09,4542.62
5302,2026-03-16,4518.15
5302,2026-03-23,4459.41
5302,2026-03-30,4542.62
5302,2026-04-06,4718.85
5302,2026-04-13,4694.37
5302,2026-04-20,4611.15
5302,2026-04-27,4665.0
5302,2026-05-04,4753.11
5302,2026-05-11,4816.75
5302,2026-05-18,4616.05
5302,2026-05-25,4640.52
5302,2026-06-01,4699.27
5302,2026-06-08,4571.99
5302,2026-06-15,4596.47
5302,2026-06-22,4665.0
5302,2026-06-29,4860.0
5302,2026-07-06,4730.0
5302,2026-07-13,4630.0
5302,2026-07-20,4670.0
5302,2026-07-27,4735.0
5302,2026-08-03,5040.0
5302,2026-08-10,5060.0
5302,2026-08-17,4880.0
5302,2026-08-24,5190.0
5458,2025-09-08,903.73
5458,2025-09-15,928.76
5458,2025-09-22,935.49
5458,2025-09-29,938.38
5458,2025-10-06,938.38
5458,2025-10-13,945.12
5458,2025-10-20,960.52
5458,2025-10-27,925.87
5458,2025-11-03,943.19
5458,2025-11-10,934.53
5458,2025-11-17,912.39
5458,2025-11-24,922.98
5458,2025-12-01,925.87
5458,2025-12-08,914.32
5458,2025-12-15,949.93
5458,2025-12-22,989.39
5458,2025-12-29,986.5
5458,2026-01-05,1030.77
5458,2026-01-12,1150.12
5458,2026-01-19,1098.15
5458,2026-01-26,1004.79
5458,2026-02-02,1068.31
5458,2026-02-09,1077.93
5458,2026-02-16,1050.02
5458,2026-02-23,1030.77
5458,2026-03-02,1055.8
5458,2026-03-09,1049.06
5458,2026-03-16,1031.74
5458,2026-03-23,1025.0
5458,2026-03-30,1035.0
5458,2026-04-06,1024.0
5458,2026-04-13,1033.0
5458,2026-04-20,1031.0
5458,2026-04-27,1049.0
5458,2026-05-04,1033.0
5458,2026-05-11,1172.0
5458,2026-05-18,1193.0
5458,2026-05-25,1221.0
5458,2026-06-01,1209.0
5458,2026-06-08,1225.0
5458,2026-06-15,1269.0
5458,2026-06-22,1240.0
5458,2026-06-29,1220.0
5458,2026-07-06,1215.0
5458,2026-07-13,1215.0
5458,2026-07-20,1234.0
5458,2026-07-27,1345.0
5458,2026-08-03,1419.0
5458,2026-08-10,1420.0
5458,2026-08-17,1364.0
5458,2026-08-24,1395.0
545A,2026-03-30,921.0
545A,2026-04-06,948.0
545A,2026-04-13,922.0
545A,2026-04-20,892.0
545A,2026-04-27,888.0
545A,2026-05-04,863.0
545A,2026-05-11,907.0
545A,2026-05-18,870.0
545A,2026-05-25,870.0
545A,2026-06-01,851.0
545A,2026-06-08,822.0
545A,2026-06-15,867.0
545A,2026-06-22,885.0
545A,2026-06-29,919.0
545A,2026-07-06,920.0
545A,2026-07-13,918.0
545A,2026-07-20,916.0
545A,2026-07-27,928.0
545A,2026-08-03,926.0
545A,2026-08-10,936.0
545A,2026-08-17,984.0
545A,2026-08-24,1002.0
558A,2026-04-20,3245.0
558A,2026-04-27,3290.0
558A,2026-05-04,3340.0
558A,2026-05-11,3805.0
558A,2026-05-18,4340.0
558A,2026-05-25,5270.0
558A,2026-06-01,4805.0
558A,2026-06-08,4440.0
558A,2026-06-15,4080.0
558A,2026-06-22,4435.0
558A,2026-06-29,4540.0
558A,2026-07-06,4415.0
558A,2026-07-13,4485.0
558A,2026-07-20,4350.0
558A,2026-07-27,4400.0
558A,2026-08-03,4510.0
558A,2026-08-10,5040.0
558A,2026-08-17,5570.0
558A,2026-08-24,5950.0
581A,2026-06-15,2298.0
581A,2026-06-22,2185.0
581A,2026-06-29,2376.0
581A,2026-07-06,2408.0
581A,2026-07-13,2794.0
581A,2026-07-20,2998.0
581A,2026-07-27,2815.0
581A,2026-08-03,3290.0
581A,2026-08-10,3600.0
581A,2026-08-17,3640.0
581A,2026-08-24,4445.0
5831,2025-09-08,1930.69
5831,2025-09-15,1909.42
5831,2025-09-22,1988.7
5831,2025-09-29,2000.03
5831,2025-10-06,1944.36
5831,2025-10-13,1934.01
5831,2025-10-20,1991.17
5831,2025-10-27,2044.87
5831,2025-11-03,2070.5
5831,2025-11-10,2104.5
5831,2025-11-17,2187.28
5831,2025-11-24,2229.65
5831,2025-12-01,2328.2
5831,2025-12-08,2394.72
5831,2025-12-15,2408.02
5831,2025-12-22,2381.91
5831,2025-12-29,2396.69
5831,2026-01-05,2532.69
5831,2026-01-12,2602.66
5831,2026-01-19,2512.98
5831,2026-01-26,2481.44
5831,2026-02-02,2734.22
5831,2026-02-09,3001.78
5831,2026-02-16,3073.72
5831,2026-02-23,3098.35
5831,2026-03-02,2737.18
5831,2026-03-09,2572.11
5831,2026-03-16,2521.85
5831,2026-03-23,2783.0
5831,2026-03-30,2755.0
5831,2026-04-06,2864.0
5831,2026-04-13,2803.0
5831,2026-04-20,2674.5
5831,2026-04-27,2762.0
5831,2026-05-04,2762.0
5831,2026-05-11,2915.5
5831,2026-05-18,2997.0
5831,2026-05-25,2871.0
5831,2026-06-01,2896.5
5831,2026-06-08,3052.0
5831,2026-06-15,3026.0
5831,2026-06-22,3032.0
5831,2026-06-29,3232.0
5831,2026-07-06,3279.0
5831,2026-07-13,3148.0
5831,2026-07-20,3380.0
5831,2026-07-27,3180.0
5831,2026-08-03,3413.0
5831,2026-08-10,3513.0
5831,2026-08-17,3450.0
5831,2026-08-24,3650.0
5889,2025-09-08,2298.24
5889,2025-09-15,2166.39
5889,2025-09-22,2147.14
5889,2025-09-29,2028.77
5889,2025-10-06,2023.96
5889,2025-10-13,1987.38
5889,2025-10-20,2133.67
5889,2025-10-27,1934.45
5889,2025-11-03,1949.85
5889,2025-11-10,1946.96
5889,2025-11-17,1828.59
5889,2025-11-24,1867.08
5889,2025-12-01,1900.77
5889,2025-12-08,1971.02
5889,2025-12-15,1903.65
5889,2025-12-22,1950.81
5889,2025-12-29,1953.7
5889,2026-01-05,1966.21
5889,2026-01-12,1946.0
5889,2026-01-19,1961.4
5889,2026-01-26,1974.96
5889,2026-02-02,1950.39
5889,2026-02-09,1940.56
5889,2026-02-16,1883.54
5889,2026-02-23,1964.15
5889,2026-03-02,1917.95
5889,2026-03-09,1848.15
5889,2026-03-16,2040.83
5889,2026-03-23,2092.93
5889,2026-03-30,2054.59
5889,2026-04-06,2077.2
5889,2026-04-13,2103.74
5889,2026-04-20,2192.22
5889,2026-04-27,2190.25
5889,2026-05-04,2208.93
5889,2026-05-11,2154.86
5889,2026-05-18,2172.56
5889,2026-05-25,2056.56
5889,2026-06-01,2051.64
5889,2026-06-08,2133.23
5889,2026-06-15,2279.71
5889,2026-06-22,2151.91
5889,2026-06-29,2362.29
5889,2026-07-06,2410.46
5889,2026-07-13,2283.64
5889,2026-07-20,2345.58
5889,2026-07-27,2521.0
5889,2026-08-03,2469.0
5889,2026-08-10,2608.0
5889,2026-08-17,2627.0
5889,2026-08-24,2666.0
593A,2026-07-20,1102.0
593A,2026-07-27,1011.0
593A,2026-08-03,911.0
593A,2026-08-10,998.0
593A,2026-08-17,1057.0
593A,2026-08-24,1999.0
5971,2025-09-08,6354.41
5971,2025-09-15,6176.25
5971,2025-09-22,6483.08
5971,2025-09-29,7027.46
5971,2025-10-06,6582.06
5971,2025-10-13,6898.79
5971,2025-10-20,6839.4
5971,2025-10-27,7037.36
5971,2025-11-03,6671.14
5971,2025-11-10,6908.68
5971,2025-11-17,6908.68
5971,2025-11-24,6878.99
5971,2025-12-01,6878.99
5971,2025-12-08,6908.68
5971,2025-12-15,7324.39
5971,2025-12-22,7433.27
5971,2025-12-29,7522.35
5971,2026-01-05,7344.19
5971,2026-01-12,7076.95
5971,2026-01-19,7076.95
5971,2026-01-26,7096.74
5971,2026-02-02,7146.23
5971,2026-02-09,7265.01
5971,2026-02-16,7373.88
5971,2026-02-23,7581.74
5971,2026-03-02,7324.39
5971,2026-03-09,7393.68
5971,2026-03-16,7641.12
5971,2026-03-23,7601.53
5971,2026-03-30,7789.59
5971,2026-04-06,7680.71
5971,2026-04-13,7730.2
5971,2026-04-20,7730.2
5971,2026-04-27,7270.0
5971,2026-05-04,7350.0
5971,2026-05-11,7100.0
5971,2026-05-18,7010.0
5971,2026-05-25,6950.0
5971,2026-06-01,6950.0
5971,2026-06-08,7010.0
5971,2026-06-15,7550.0
5971,2026-06-22,8080.0
5971,2026-06-29,8190.0
5971,2026-07-06,8060.0
5971,2026-07-13,8120.0
5971,2026-07-20,8120.0
5971,2026-07-27,8290.0
5971,2026-08-03,8040.0
5971,2026-08-10,8160.0
5971,2026-08-17,7820.0
5971,2026-08-24,8600.0
6027,2025-09-08,3610.0
6027,2025-09-15,3370.0
6027,2025-09-22,3310.0
6027,2025-09-29,3045.0
6027,2025-10-06,3020.0
6027,2025-10-13,3035.0
6027,2025-10-20,3105.0
6027,2025-10-27,3050.0
6027,2025-11-03,2891.0
6027,2025-11-10,2891.0
6027,2025-11-17,2880.0
6027,2025-11-24,2943.0
6027,2025-12-01,3135.0
6027,2025-12-08,3010.0
6027,2025-12-15,2994.0
6027,2025-12-22,3185.0
6027,2025-12-29,3150.0
6027,2026-01-05,3270.0
6027,2026-01-12,3380.0
6027,2026-01-19,3040.0
6027,2026-01-26,2902.0
6027,2026-02-02,2500.0
6027,2026-02-09,2435.0
6027,2026-02-16,2307.0
6027,2026-02-23,2439.0
6027,2026-03-02,2801.0
6027,2026-03-09,2765.0
6027,2026-03-16,2850.0
6027,2026-03-23,2894.0
6027,2026-03-30,2835.0
6027,2026-04-06,2565.0
6027,2026-04-13,2583.0
6027,2026-04-20,2525.0
6027,2026-04-27,2520.0
6027,2026-05-04,2720.0
6027,2026-05-11,2710.0
6027,2026-05-18,2548.0
6027,2026-05-25,2406.0
6027,2026-06-01,2289.0
6027,2026-06-08,2106.0
6027,2026-06-15,2236.0
6027,2026-06-22,2050.0
6027,2026-06-29,2390.0
6027,2026-07-06,2374.0
6027,2026-07-13,2390.0
6027,2026-07-20,2199.0
6027,2026-07-27,2312.0
6027,2026-08-03,2388.0
6027,2026-08-10,3750.0
6027,2026-08-17,4475.0
6027,2026-08-24,5110.0
603A,2026-07-27,700.0
603A,2026-08-03,799.0
603A,2026-08-10,851.0
603A,2026-08-17,876.0
603A,2026-08-24,1038.0
6058,2025-09-08,1120.35
6058,2025-09-15,1118.4
6058,2025-09-22,1110.59
6058,2025-09-29,1064.72
6058,2025-10-06,1069.6
6058,2025-10-13,1147.67
6058,2025-10-20,1167.19
6058,2025-10-27,1133.03
6058,2025-11-03,1088.14
6058,2025-11-10,1123.28
6058,2025-11-17,1136.94
6058,2025-11-24,1122.3
6058,2025-12-01,1093.02
6058,2025-12-08,1089.12
6058,2025-12-15,1131.08
6058,2025-12-22,1156.46
6058,2025-12-29,1173.05
6058,2026-01-05,1233.55
6058,2026-01-12,1440.45
6058,2026-01-19,1492.17
6058,2026-01-26,1422.88
6058,2026-02-02,1452.16
6058,2026-02-09,1374.08
6058,2026-02-16,1321.39
6058,2026-02-23,1437.0
6058,2026-03-02,1384.0
6058,2026-03-09,1333.0
6058,2026-03-16,1289.0
6058,2026-03-23,1274.0
6058,2026-03-30,1288.0
6058,2026-04-06,1282.0
6058,2026-04-13,1190.0
6058,2026-04-20,1155.0
6058,2026-04-27,1267.0
6058,2026-05-04,1284.0
6058,2026-05-11,1259.0
6058,2026-05-18,1292.0
6058,2026-05-25,1408.0
6058,2026-06-01,1407.0
6058,2026-06-08,1472.0
6058,2026-06-15,1626.0
6058,2026-06-22,1685.0
6058,2026-06-29,1893.0
6058,2026-07-06,1982.0
6058,2026-07-13,1669.0
6058,2026-07-20,1750.0
6058,2026-07-27,1776.0
6058,2026-08-03,1848.0
6058,2026-08-10,1849.0
6058,2026-08-17,1900.0
6058,2026-08-24,2047.0
6087,2025-09-08,3289.48
6087,2025-09-15,3323.44
6087,2025-09-22,3338.0
6087,2025-09-29,3075.0
6087,2025-10-06,3110.0
6087,2025-10-13,3100.0
6087,2025-10-20,3115.0
6087,2025-10-27,3115.0
6087,2025-11-03,3135.0
6087,2025-11-10,3175.0
6087,2025-11-17,3195.0
6087,2025-11-24,3215.0
6087,2025-12-01,3340.0
6087,2025-12-08,3305.0
6087,2025-12-15,3305.0
6087,2025-12-22,3370.0
6087,2025-12-29,3360.0
6087,2026-01-05,3380.0
6087,2026-01-12,3405.0
6087,2026-01-19,3395.0
6087,2026-01-26,3380.0
6087,2026-02-02,3400.0
6087,2026-02-09,3405.0
6087,2026-02-16,3420.0
6087,2026-02-23,3460.0
6087,2026-03-02,3440.0
6087,2026-03-09,3435.0
6087,2026-03-16,3450.0
6087,2026-03-23,3485.0
6087,2026-03-30,3375.0
6087,2026-04-06,3390.0
6087,2026-04-13,3410.0
6087,2026-04-20,3390.0
6087,2026-04-27,3405.0
6087,2026-05-04,3410.0
6087,2026-05-11,3400.0
6087,2026-05-18,3400.0
6087,2026-05-25,3405.0
6087,2026-06-01,3395.0
6087,2026-06-08,3335.0
6087,2026-06-15,3330.0
6087,2026-06-22,3320.0
6087,2026-06-29,3375.0
6087,2026-07-06,3450.0
6087,2026-07-13,3440.0
6087,2026-07-20,3435.0
6087,2026-07-27,3465.0
6087,2026-08-03,3470.0
6087,2026-08-10,3505.0
6087,2026-08-17,3525.0
6087,2026-08-24,3535.0
6098,2025-09-08,8451.9
6098,2025-09-15,7902.79
6098,2025-09-22,8214.72
6098,2025-09-29,7866.89
6098,2025-10-06,8106.43
6098,2025-10-13,7401.78
6098,2025-10-20,7914.79
6098,2025-10-27,7693.22
6098,2025-11-03,8470.73
6098,2025-11-10,8087.46
6098,2025-11-17,7693.22
6098,2025-11-24,7990.65
6098,2025-12-01,8233.18
6098,2025-12-08,8296.06
6098,2025-12-15,8832.03
6098,2025-12-22,9082.55
6098,2025-12-29,8830.04
6098,2026-01-05,9314.11
6098,2026-01-12,9173.38
6098,2026-01-19,8571.53
6098,2026-01-26,8084.47
6098,2026-02-02,7048.46
6098,2026-02-09,6144.2
6098,2026-02-16,6271.95
6098,2026-02-23,6852.83
6098,2026-03-02,6988.57
6098,2026-03-09,6501.51
6098,2026-03-16,6319.86
6098,2026-03-23,6506.5
6098,2026-03-30,6942.0
6098,2026-04-06,7117.0
6098,2026-04-13,7524.0
6098,2026-04-20,7308.0
6098,2026-04-27,7361.0
6098,2026-05-04,7822.0
6098,2026-05-11,7825.0
6098,2026-05-18,9789.0
6098,2026-05-25,10570.0
6098,2026-06-01,10595.0
6098,2026-06-08,10790.0
6098,2026-06-15,10865.0
6098,2026-06-22,11040.0
6098,2026-06-29,11920.0
6098,2026-07-06,12240.0
6098,2026-07-13,12820.0
6098,2026-07-20,12055.0
6098,2026-07-27,12550.0
6098,2026-08-03,13165.0
6098,2026-08-10,16455.0
6098,2026-08-17,15900.0
6098,2026-08-24,17800.0
6176,2025-09-08,802.57
6176,2025-09-15,791.05
6176,2025-09-22,784.33
6176,2025-09-29,747.4
6176,2025-10-06,752.26
6176,2025-10-13,726.02
6176,2025-10-20,742.54
6176,2025-10-27,753.23
6176,2025-11-03,758.09
6176,2025-11-10,772.67
6176,2025-11-17,797.94
6176,2025-11-24,775.58
6176,2025-12-01,768.78
6176,2025-12-08,698.8
6176,2025-12-15,690.06
6176,2025-12-22,688.11
6176,2025-12-29,679.37
6176,2026-01-05,690.06
6176,2026-01-12,685.2
6176,2026-01-19,680.34
6176,2026-01-26,691.03
6176,2026-02-02,687.14
6176,2026-02-09,709.49
6176,2026-02-16,710.47
6176,2026-02-23,751.29
6176,2026-03-02,973.85
6176,2026-03-09,918.46
6176,2026-03-16,901.93
6176,2026-03-23,865.0
6176,2026-03-30,835.0
6176,2026-04-06,881.0
6176,2026-04-13,913.0
6176,2026-04-20,882.0
6176,2026-04-27,900.0
6176,2026-05-04,929.0
6176,2026-05-11,947.0
6176,2026-05-18,982.0
6176,2026-05-25,936.0
6176,2026-06-01,898.0
6176,2026-06-08,919.0
6176,2026-06-15,884.0
6176,2026-06-22,872.0
6176,2026-06-29,911.0
6176,2026-07-06,939.0
6176,2026-07-13,913.0
6176,2026-07-20,914.0
6176,2026-07-27,907.0
6176,2026-08-03,907.0
6176,2026-08-10,985.0
6176,2026-08-17,997.0
6176,2026-08-24,1050.0
6193,2025-09-08,1095.76
6193,2025-09-15,1142.07
6193,2025-09-22,1096.74
6193,2025-09-29,1042.55
6193,2025-10-06,1044.52
6193,2025-10-13,1064.23
6193,2025-10-20,1087.88
6193,2025-10-27,1052.4
6193,2025-11-03,1041.56
6193,2025-11-10,1041.56
6193,2025-11-17,985.39
6193,2025-11-24,1007.07
6193,2025-12-01,990.32
6193,2025-12-08,982.44
6193,2025-12-15,984.41
6193,2025-12-22,975.54
6193,2025-12-29,990.32
6193,2026-01-05,1006.09
6193,2026-01-12,1010.03
6193,2026-01-19,1023.82
6193,2026-01-26,1005.1
6193,2026-02-02,993.28
6193,2026-02-09,980.47
6193,2026-02-16,985.39
6193,2026-02-23,992.29
6193,2026-03-02,1007.07
6193,2026-03-09,1021.85
6193,2026-03-16,1014.96
6193,2026-03-23,1012.0
6193,2026-03-30,977.0
6193,2026-04-06,994.0
6193,2026-04-13,997.0
6193,2026-04-20,977.0
6193,2026-04-27,958.0
6193,2026-05-04,959.0
6193,2026-05-11,938.0
6193,2026-05-18,943.0
6193,2026-05-25,965.0
6193,2026-06-01,997.0
6193,2026-06-08,978.0
6193,2026-06-15,994.0
6193,2026-06-22,988.0
6193,2026-06-29,1009.0
6193,2026-07-06,1030.0
6193,2026-07-13,1026.0
6193,2026-07-20,1030.0
6193,2026-07-27,1032.0
6193,2026-08-03,1034.0
6193,2026-08-10,1093.0
6193,2026-08-17,1134.0
6193,2026-08-24,1188.0
6345,2025-09-08,1321.34
6345,2025-09-15,1327.08
6345,2025-09-22,1348.13
6345,2025-09-29,1304.13
6345,2025-10-06,1293.38
6345,2025-10-13,1324.66
6345,2025-10-20,1353.01
6345,2025-10-27,1260.14
6345,2025-11-03,1280.67
6345,2025-11-10,1286.54
6345,2025-11-17,1285.56
6345,2025-11-24,1300.22
6345,2025-12-01,1273.83
6345,2025-12-08,1289.47
6345,2025-12-15,1311.96
6345,2025-12-22,1333.46
6345,2025-12-29,1338.35
6345,2026-01-05,1357.9
6345,2026-01-12,1396.03
6345,2026-01-19,1365.72
6345,2026-01-26,1332.49
6345,2026-02-02,1326.62
6345,2026-02-09,1367.68
6345,2026-02-16,1372.57
6345,2026-02-23,1433.18
6345,2026-03-02,1365.72
6345,2026-03-09,1334.44
6345,2026-03-16,1311.96
6345,2026-03-23,1310.0
6345,2026-03-30,1333.0
6345,2026-04-06,1398.0
6345,2026-04-13,1381.0
6345,2026-04-20,1346.0
6345,2026-04-27,1386.0
6345,2026-05-04,1388.0
6345,2026-05-11,1406.0
6345,2026-05-18,1330.0
6345,2026-05-25,1398.0
6345,2026-06-01,1341.0
6345,2026-06-08,1350.0
6345,2026-06-15,1364.0
6345,2026-06-22,1359.0
6345,2026-06-29,1378.0
6345,2026-07-06,1403.0
6345,2026-07-13,1390.0
6345,2026-07-20,1423.0
6345,2026-07-27,1451.0
6345,2026-08-03,1414.0
6345,2026-08-10,1419.0
6345,2026-08-17,1435.0
6345,2026-08-24,1454.0
6351,2025-09-08,1974.55
6351,2025-09-15,2004.13
6351,2025-09-22,2026.31
6351,2025-09-29,2001.51
6351,2025-10-06,1952.88
6351,2025-10-13,1984.64
6351,2025-10-20,2001.51
6351,2025-10-27,1931.05
6351,2025-11-03,1948.91
6351,2025-11-10,2101.73
6351,2025-11-17,2174.17
6351,2025-11-24,2274.39
6351,2025-12-01,2114.63
6351,2025-12-08,2158.29
6351,2025-12-15,2103.72
6351,2025-12-22,2093.79
6351,2025-12-29,2122.57
6351,2026-01-05,2158.29
6351,2026-01-12,2378.59
6351,2026-01-19,2251.57
6351,2026-01-26,2165.24
6351,2026-02-02,2275.39
6351,2026-02-09,2211.88
6351,2026-02-16,2186.08
6351,2026-02-23,2209.89
6351,2026-03-02,2009.45
6351,2026-03-09,1944.94
6351,2026-03-16,2049.14
6351,2026-03-23,2067.0
6351,2026-03-30,2319.0
6351,2026-04-06,2393.0
6351,2026-04-13,2259.0
6351,2026-04-20,2167.0
6351,2026-04-27,2187.0
6351,2026-05-04,2159.0
6351,2026-05-11,2021.0
6351,2026-05-18,2060.0
6351,2026-05-25,2120.0
6351,2026-06-01,2102.0
6351,2026-06-08,2102.0
6351,2026-06-15,2281.0
6351,2026-06-22,2271.0
6351,2026-06-29,2430.0
6351,2026-07-06,2268.0
6351,2026-07-13,2217.0
6351,2026-07-20,2171.0
6351,2026-07-27,2227.0
6351,2026-08-03,2442.0
6351,2026-08-10,2413.0
6351,2026-08-17,2347.0
6351,2026-08-24,2441.0
6381,2025-09-08,1539.28
6381,2025-09-15,1529.8
6381,2025-09-22,1546.86
6381,2025-09-29,1511.86
6381,2025-10-06,1497.27
6381,2025-10-13,1482.69
6381,2025-10-20,1538.11
6381,2025-10-27,1476.86
6381,2025-11-03,1470.05
6381,2025-11-10,1458.38
6381,2025-11-17,1485.61
6381,2025-11-24,1525.47
6381,2025-12-01,1493.38
6381,2025-12-08,1554.64
6381,2025-12-15,1554.64
6381,2025-12-22,1572.14
6381,2025-12-29,1588.67
6381,2026-01-05,1661.58
6381,2026-01-12,1690.75
6381,2026-01-19,1657.7
6381,2026-01-26,1607.14
6381,2026-02-02,1711.17
6381,2026-02-09,1656.72
6381,2026-02-16,1705.34
6381,2026-02-23,1705.34
6381,2026-03-02,1615.89
6381,2026-03-09,1570.19
6381,2026-03-16,1593.53
6381,2026-03-23,1612.0
6381,2026-03-30,1620.0
6381,2026-04-06,1652.0
6381,2026-04-13,1630.0
6381,2026-04-20,1588.0
6381,2026-04-27,1591.0
6381,2026-05-04,1629.0
6381,2026-05-11,1674.0
6381,2026-05-18,1656.0
6381,2026-05-25,1631.0
6381,2026-06-01,1620.0
6381,2026-06-08,1610.0
6381,2026-06-15,1697.0
6381,2026-06-22,1683.0
6381,2026-06-29,1753.0
6381,2026-07-06,1760.0
6381,2026-07-13,1720.0
6381,2026-07-20,1769.0
6381,2026-07-27,1803.0
6381,2026-08-03,1890.0
6381,2026-08-10,1955.0
6381,2026-08-17,1951.0
6381,2026-08-24,1966.0
6396,2025-09-08,3229.33
6396,2025-09-15,3224.39
6396,2025-09-22,3308.33
6396,2025-09-29,3515.72
6396,2025-10-06,3446.59
6396,2025-10-13,3407.09
6396,2025-10-20,3476.22
6396,2025-10-27,3486.09
6396,2025-11-03,3495.97
6396,2025-11-10,3392.28
6396,2025-11-17,3461.41
6396,2025-11-24,3481.16
6396,2025-12-01,3535.47
6396,2025-12-08,3871.24
6396,2025-12-15,3940.37
6396,2025-12-22,4221.83
6396,2025-12-29,4167.51
6396,2026-01-05,4305.77
6396,2026-01-12,4266.27
6396,2026-01-19,4152.7
6396,2026-01-26,4152.7
6396,2026-02-02,4281.08
6396,2026-02-09,4379.84
6396,2026-02-16,4463.78
6396,2026-02-23,4478.59
6396,2026-03-02,4448.97
6396,2026-03-09,4078.63
6396,2026-03-16,3989.75
6396,2026-03-23,3970.0
6396,2026-03-30,3750.0
6396,2026-04-06,3660.0
6396,2026-04-13,3800.0
6396,2026-04-20,3800.0
6396,2026-04-27,3810.0
6396,2026-05-04,3960.0
6396,2026-05-11,4000.0
6396,2026-05-18,3915.0
6396,2026-05-25,3985.0
6396,2026-06-01,3865.0
6396,2026-06-08,3865.0
6396,2026-06-15,3965.0
6396,2026-06-22,3930.0
6396,2026-06-29,3930.0
6396,2026-07-06,4020.0
6396,2026-07-13,3955.0
6396,2026-07-20,4250.0
6396,2026-07-27,4280.0
6396,2026-08-03,4650.0
6396,2026-08-10,4640.0
6396,2026-08-17,4500.0
6396,2026-08-24,4700.0
6448,2025-09-08,2534.61
6448,2025-09-15,2448.81
6448,2025-09-22,2487.37
6448,2025-09-29,2429.86
6448,2025-10-06,2498.68
6448,2025-10-13,2539.48
6448,2025-10-20,2636.32
6448,2025-10-27,2585.2
6448,2025-11-03,2567.99
6448,2025-11-10,2976.0
6448,2025-11-17,2912.58
6448,2025-11-24,3072.35
6448,2025-12-01,3025.16
6448,2025-12-08,3047.77
6448,2025-12-15,3066.45
6448,2025-12-22,3070.38
6448,2025-12-29,3069.4
6448,2026-01-05,3121.5
6448,2026-01-12,3236.53
6448,2026-01-19,3179.51
6448,2026-01-26,3089.06
6448,2026-02-02,3209.0
6448,2026-02-09,3054.65
6448,2026-02-16,3045.8
6448,2026-02-23,3177.54
6448,2026-03-02,3021.22
6448,2026-03-09,2902.75
6448,2026-03-16,2876.7
6448,2026-03-23,2917.5
6448,2026-03-30,2977.5
6448,2026-04-06,3055.0
6448,2026-04-13,3097.0
6448,2026-04-20,2895.0
6448,2026-04-27,2980.0
6448,2026-05-04,3225.0
6448,2026-05-11,3527.0
6448,2026-05-18,3488.0
6448,2026-05-25,3753.0
6448,2026-06-01,3786.0
6448,2026-06-08,3772.0
6448,2026-06-15,3777.0
6448,2026-06-22,3752.0
6448,2026-06-29,3779.0
6448,2026-07-06,3735.0
6448,2026-07-13,3810.0
6448,2026-07-20,3941.0
6448,2026-07-27,4011.0
6448,2026-08-03,4561.0
6448,2026-08-10,4744.0
6448,2026-08-17,4608.0
6448,2026-08-24,4844.0
6463,2025-09-08,1161.97
6463,2025-09-15,1170.57
6463,2025-09-22,1176.31
6463,2025-09-29,1172.4
6463,2025-10-06,1159.72
6463,2025-10-13,1156.8
6463,2025-10-20,1218.25
6463,2025-10-27,1184.11
6463,2025-11-03,1178.26
6463,2025-11-10,1209.47
6463,2025-11-17,1201.66
6463,2025-11-24,1254.34
6463,2025-12-01,1251.41
6463,2025-12-08,1262.14
6463,2025-12-15,1268.97
6463,2025-12-22,1261.16
6463,2025-12-29,1259.21
6463,2026-01-05,1314.81
6463,2026-01-12,1367.48
6463,2026-01-19,1351.87
6463,2026-01-26,1307.98
6463,2026-02-02,1355.77
6463,2026-02-09,1346.02
6463,2026-02-16,1340.17
6463,2026-02-23,1375.28
6463,2026-03-02,1253.36
6463,2026-03-09,1181.18
6463,2026-03-16,1171.43
6463,2026-03-23,1228.0
6463,2026-03-30,1281.0
6463,2026-04-06,1296.0
6463,2026-04-13,1273.0
6463,2026-04-20,1232.0
6463,2026-04-27,1226.0
6463,2026-05-04,1248.0
6463,2026-05-11,1319.0
6463,2026-05-18,1295.0
6463,2026-05-25,1399.0
6463,2026-06-01,1444.0
6463,2026-06-08,1412.0
6463,2026-06-15,1424.0
6463,2026-06-22,1402.0
6463,2026-06-29,1417.0
6463,2026-07-06,1405.0
6463,2026-07-13,1400.0
6463,2026-07-20,1413.0
6463,2026-07-27,1496.0
6463,2026-08-03,1480.0
6463,2026-08-10,1553.0
6463,2026-08-17,1560.0
6463,2026-08-24,1597.0
6523,2025-09-08,980.25
6523,2025-09-15,962.96
6523,2025-09-22,968.72
6523,2025-09-29,932.41
6523,2025-10-06,1013.87
6523,2025-10-13,1020.74
6523,2025-10-20,1028.59
6523,2025-10-27,990.31
6523,2025-11-03,1008.96
6523,2025-11-10,949.09
6523,2025-11-17,971.67
6523,2025-11-24,1007.98
6523,2025-12-01,1048.22
6523,2025-12-08,1063.93
6523,2025-12-15,1098.28
6523,2025-12-22,1107.11
6523,2025-12-29,1091.41
6523,2026-01-05,1156.19
6523,2026-01-12,1157.17
6523,2026-01-19,1147.35
6523,2026-01-26,1063.93
6523,2026-02-02,1069.81
6523,2026-02-09,1001.11
6523,2026-02-16,1024.67
6523,2026-02-23,1079.63
6523,2026-03-02,1013.87
6523,2026-03-09,965.78
6523,2026-03-16,981.48
6523,2026-03-23,1113.0
6523,2026-03-30,1115.0
6523,2026-04-06,1076.0
6523,2026-04-13,1064.0
6523,2026-04-20,1000.0
6523,2026-04-27,1005.0
6523,2026-05-04,1007.0
6523,2026-05-11,963.0
6523,2026-05-18,1071.0
6523,2026-05-25,1105.0
6523,2026-06-01,1090.0
6523,2026-06-08,1070.0
6523,2026-06-15,1043.0
6523,2026-06-22,1012.0
6523,2026-06-29,1035.0
6523,2026-07-06,1051.0
6523,2026-07-13,1095.0
6523,2026-07-20,1079.0
6523,2026-07-27,1100.0
6523,2026-08-03,1311.0
6523,2026-08-10,1415.0
6523,2026-08-17,1473.0
6523,2026-08-24,1540.0
6676,2025-09-08,1779.93
6676,2025-09-15,1719.22
6676,2025-09-22,1738.65
6676,2025-09-29,1748.52
6676,2025-10-06,1743.58
6676,2025-10-13,1731.24
6676,2025-10-20,1790.51
6676,2025-10-27,1713.95
6676,2025-11-03,1758.4
6676,2025-11-10,2422.74
6676,2025-11-17,2395.58
6676,2025-11-24,2489.42
6676,2025-12-01,2375.82
6676,2025-12-08,2338.77
6676,2025-12-15,2395.58
6676,2025-12-22,2422.74
6676,2025-12-29,2398.05
6676,2026-01-05,2479.54
6676,2026-01-12,2410.39
6676,2026-01-19,2331.36
6676,2026-01-26,2217.76
6676,2026-02-02,2291.85
6676,2026-02-09,2677.12
6676,2026-02-16,2479.54
6676,2026-02-23,2607.97
6676,2026-03-02,2430.15
6676,2026-03-09,2422.74
6676,2026-03-16,2437.56
6676,2026-03-23,2442.5
6676,2026-03-30,2421.0
6676,2026-04-06,2470.0
6676,2026-04-13,2536.0
6676,2026-04-20,2466.0
6676,2026-04-27,2417.0
6676,2026-05-04,2525.0
6676,2026-05-11,2541.0
6676,2026-05-18,2354.0
6676,2026-05-25,2324.0
6676,2026-06-01,2352.0
6676,2026-06-08,2541.0
6676,2026-06-15,2767.0
6676,2026-06-22,2422.0
6676,2026-06-29,2540.0
6676,2026-07-06,2643.0
6676,2026-07-13,2584.0
6676,2026-07-20,2712.0
6676,2026-07-27,2741.0
6676,2026-08-03,2894.0
6676,2026-08-10,2882.0
6676,2026-08-17,2942.0
6676,2026-08-24,3085.0
6750,2025-09-08,1805.13
6750,2025-09-15,1835.13
6750,2025-09-22,1849.65
6750,2025-09-29,1802.55
6750,2025-10-06,1771.15
6750,2025-10-13,1765.26
6750,2025-10-20,1846.71
6750,2025-10-27,1770.17
6750,2025-11-03,1779.0
6750,2025-11-10,1752.51
6750,2025-11-17,1761.34
6750,2025-11-24,1755.45
6750,2025-12-01,1707.37
6750,2025-12-08,1728.96
6750,2025-12-15,1746.62
6750,2025-12-22,1707.37
6750,2025-12-29,1689.71
6750,2026-01-05,1654.38
6750,2026-01-12,1675.97
6750,2026-01-19,1664.19
6750,2026-01-26,1615.13
6750,2026-02-02,1623.96
6750,2026-02-09,1629.85
6750,2026-02-16,1750.54
6750,2026-02-23,1760.36
6750,2026-03-02,1715.22
6750,2026-03-09,1663.21
6750,2026-03-16,1615.13
6750,2026-03-23,1622.0
6750,2026-03-30,1635.0
6750,2026-04-06,1633.0
6750,2026-04-13,1647.0
6750,2026-04-20,1600.0
6750,2026-04-27,1605.0
6750,2026-05-04,1626.0
6750,2026-05-11,1606.0
6750,2026-05-18,1665.0
6750,2026-05-25,1696.0
6750,2026-06-01,1740.0
6750,2026-06-08,1750.0
6750,2026-06-15,1749.0
6750,2026-06-22,1800.0
6750,2026-06-29,1804.0
6750,2026-07-06,1819.0
6750,2026-07-13,1785.0
6750,2026-07-20,1835.0
6750,2026-07-27,1861.0
6750,2026-08-03,1848.0
6750,2026-08-10,1928.0
6750,2026-08-17,1938.0
6750,2026-08-24,2007.0
6810,2025-09-08,2121.49
6810,2025-09-15,2080.46
6810,2025-09-22,2122.47
6810,2025-09-29,2102.7
6810,2025-10-06,2096.77
6810,2025-10-13,2091.83
6810,2025-10-20,2184.72
6810,2025-10-27,2212.38
6810,2025-11-03,2102.7
6810,2025-11-10,2119.5
6810,2025-11-17,2125.43
6810,2025-11-24,2199.54
6810,2025-12-01,2166.93
6810,2025-12-08,2410.01
6810,2025-12-15,2415.93
6810,2025-12-22,2399.14
6810,2025-12-29,2371.47
6810,2026-01-05,2337.87
6810,2026-01-12,2411.98
6810,2026-01-19,2423.84
6810,2026-01-26,2188.67
6810,2026-02-02,2162.98
6810,2026-02-09,2173.85
6810,2026-02-16,2199.54
6810,2026-02-23,2264.75
6810,2026-03-02,2064.17
6810,2026-03-09,2020.69
6810,2026-03-16,1998.95
6810,2026-03-23,2078.0
6810,2026-03-30,2151.0
6810,2026-04-06,2211.0
6810,2026-04-13,2113.0
6810,2026-04-20,2148.0
6810,2026-04-27,1997.0
6810,2026-05-04,1953.0
6810,2026-05-11,1914.0
6810,2026-05-18,1884.0
6810,2026-05-25,1942.0
6810,2026-06-01,2062.0
6810,2026-06-08,2135.0
6810,2026-06-15,2259.0
6810,2026-06-22,2148.0
6810,2026-06-29,2153.0
6810,2026-07-06,2087.0
6810,2026-07-13,2025.0
6810,2026-07-20,2118.0
6810,2026-07-27,2070.0
6810,2026-08-03,2429.0
6810,2026-08-10,2442.0
6810,2026-08-17,2333.0
6810,2026-08-24,2507.0
6942,2025-09-08,1256.0
6942,2025-09-15,1277.0
6942,2025-09-22,1290.0
6942,2025-09-29,1150.0
6942,2025-10-06,1193.0
6942,2025-10-13,1200.0
6942,2025-10-20,1200.0
6942,2025-10-27,1198.0
6942,2025-11-03,1204.0
6942,2025-11-10,1200.0
6942,2025-11-17,1199.0
6942,2025-11-24,1207.0
6942,2025-12-01,1200.0
6942,2025-12-08,1197.0
6942,2025-12-15,1200.0
6942,2025-12-22,1204.0
6942,2025-12-29,1206.0
6942,2026-01-05,1210.0
6942,2026-01-12,1210.0
6942,2026-01-19,1229.0
6942,2026-01-26,1255.0
6942,2026-02-02,1270.0
6942,2026-02-09,1283.0
6942,2026-02-16,1284.0
6942,2026-02-23,1316.0
6942,2026-03-02,1365.0
6942,2026-03-09,1356.0
6942,2026-03-16,1365.0
6942,2026-03-23,1371.0
6942,2026-03-30,1254.0
6942,2026-04-06,1289.0
6942,2026-04-13,1270.0
6942,2026-04-20,1280.0
6942,2026-04-27,1280.0
6942,2026-05-04,1290.0
6942,2026-05-11,1296.0
6942,2026-05-18,1316.0
6942,2026-05-25,1307.0
6942,2026-06-01,1304.0
6942,2026-06-08,1310.0
6942,2026-06-15,1310.0
6942,2026-06-22,1316.0
6942,2026-06-29,1348.0
6942,2026-07-06,1350.0
6942,2026-07-13,1352.0
6942,2026-07-20,1369.0
6942,2026-07-27,1375.0
6942,2026-08-03,1380.0
6942,2026-08-10,1370.0
6942,2026-08-17,1383.0
6942,2026-08-24,1434.0
6952,2025-09-08,1217.68
6952,2025-09-15,1182.39
6952,2025-09-22,1201.72
6952,2025-09-29,1193.35
6952,2025-10-06,1205.17
6952,2025-10-13,1193.35
6952,2025-10-20,1222.4
6952,2025-10-27,1190.89
6952,2025-11-03,1201.23
6952,2025-11-10,1218.46
6952,2025-11-17,1211.57
6952,2025-11-24,1271.63
6952,2025-12-01,1253.42
6952,2025-12-08,1256.86
6952,2025-12-15,1228.8
6952,2025-12-22,1242.09
6952,2025-12-29,1250.46
6952,2026-01-05,1273.6
6952,2026-01-12,1323.32
6952,2026-01-19,1300.18
6952,2026-01-26,1484.8
6952,2026-02-02,1544.37
6952,2026-02-09,1574.89
6952,2026-02-16,1579.82
6952,2026-02-23,1547.32
6952,2026-03-02,1376.98
6952,2026-03-09,1396.18
6952,2026-03-16,1423.26
6952,2026-03-23,1440.0
6952,2026-03-30,1570.5
6952,2026-04-06,1655.0
6952,2026-04-13,1747.5
6952,2026-04-20,1640.5
6952,2026-04-27,1572.0
6952,2026-05-04,1653.5
6952,2026-05-11,1694.0
6952,2026-05-18,1624.0
6952,2026-05-25,1789.5
6952,2026-06-01,1835.5
6952,2026-06-08,1750.0
6952,2026-06-15,1906.5
6952,2026-06-22,1990.5
6952,2026-06-29,1865.5
6952,2026-07-06,1875.0
6952,2026-07-13,1799.5
6952,2026-07-20,1720.5
6952,2026-07-27,1764.5
6952,2026-08-03,2201.5
6952,2026-08-10,2456.0
6952,2026-08-17,2312.0
6952,2026-08-24,2404.5
6998,2025-09-08,1338.91
6998,2025-09-15,1341.82
6998,2025-09-22,1334.06
6998,2025-09-29,1347.89
6998,2025-10-06,1322.2
6998,2025-10-13,1381.49
6998,2025-10-20,1472.4
6998,2025-10-27,1474.38
6998,2025-11-03,1428.92
6998,2025-11-10,1335.05
6998,2025-11-17,1338.01
6998,2025-11-24,1359.75
6998,2025-12-01,1407.18
6998,2025-12-08,1393.35
6998,2025-12-15,1400.27
6998,2025-12-22,1467.46
6998,2025-12-29,1490.19
6998,2026-01-05,1595.93
6998,2026-01-12,1714.51
6998,2026-01-19,1925.98
6998,2026-01-26,2198.72
6998,2026-02-02,1887.44
6998,2026-02-09,1923.02
6998,2026-02-16,2034.68
6998,2026-02-23,2158.21
6998,2026-03-02,2253.08
6998,2026-03-09,2233.31
6998,2026-03-16,2267.9
6998,2026-03-23,2092.0
6998,2026-03-30,2074.0
6998,2026-04-06,2128.0
6998,2026-04-13,2074.0
6998,2026-04-20,1957.0
6998,2026-04-27,1931.0
6998,2026-05-04,2049.0
6998,2026-05-11,1998.0
6998,2026-05-18,1892.0
6998,2026-05-25,2150.0
6998,2026-06-01,2199.0
6998,2026-06-08,1898.0
6998,2026-06-15,2353.0
6998,2026-06-22,2045.0
6998,2026-06-29,2089.0
6998,2026-07-06,2011.0
6998,2026-07-13,1897.0
6998,2026-07-20,1900.0
6998,2026-07-27,1904.0
6998,2026-08-03,3120.0
6998,2026-08-10,3270.0
6998,2026-08-17,3180.0
6998,2026-08-24,3110.0
7075,2025-09-08,800.98
7075,2025-09-15,799.99
7075,2025-09-22,804.93
7075,2025-09-29,724.93
7075,2025-10-06,748.63
7075,2025-10-13,740.73
7075,2025-10-20,762.46
7075,2025-10-27,758.51
7075,2025-11-03,753.57
7075,2025-11-10,758.51
7075,2025-11-17,719.0
7075,2025-11-24,738.75
7075,2025-12-01,722.95
7075,2025-12-08,714.06
7075,2025-12-15,730.85
7075,2025-12-22,746.66
7075,2025-12-29,760.48
7075,2026-01-05,754.56
7075,2026-01-12,754.56
7075,2026-01-19,761.47
7075,2026-01-26,765.42
7075,2026-02-02,783.2
7075,2026-02-09,796.04
7075,2026-02-16,791.1
7075,2026-02-23,796.04
7075,2026-03-02,773.32
7075,2026-03-09,761.47
7075,2026-03-16,819.74
7075,2026-03-23,799.0
7075,2026-03-30,786.0
7075,2026-04-06,783.0
7075,2026-04-13,773.0
7075,2026-04-20,772.0
7075,2026-04-27,784.0
7075,2026-05-04,782.0
7075,2026-05-11,791.0
7075,2026-05-18,797.0
7075,2026-05-25,774.0
7075,2026-06-01,773.0
7075,2026-06-08,766.0
7075,2026-06-15,777.0
7075,2026-06-22,794.0
7075,2026-06-29,803.0
7075,2026-07-06,815.0
7075,2026-07-13,811.0
7075,2026-07-20,820.0
7075,2026-07-27,814.0
7075,2026-08-03,853.0
7075,2026-08-10,853.0
7075,2026-08-17,857.0
7075,2026-08-24,870.0
7119,2025-09-08,1305.89
7119,2025-09-15,1385.12
7119,2025-09-22,1437.95
7119,2025-09-29,1306.5
7119,2025-10-06,1329.24
7119,2025-10-13,1327.26
7119,2025-10-20,1345.05
7119,2025-10-27,1322.32
7119,2025-11-03,1327.26
7119,2025-11-10,1342.08
7119,2025-11-17,1233.37
7119,2025-11-24,1301.56
7119,2025-12-01,1284.76
7119,2025-12-08,1287.73
7119,2025-12-15,1253.14
7119,2025-12-22,1263.02
7119,2025-12-29,1273.89
7119,2026-01-05,1314.41
7119,2026-01-12,1316.39
7119,2026-01-19,1324.29
7119,2026-01-26,1328.25
7119,2026-02-02,1327.26
7119,2026-02-09,1340.11
7119,2026-02-16,1327.26
7119,2026-02-23,1345.05
7119,2026-03-02,1384.58
7119,2026-03-09,1529.86
7119,2026-03-16,1607.93
7119,2026-03-23,1602.0
7119,2026-03-30,1590.0
7119,2026-04-06,1657.0
7119,2026-04-13,1554.0
7119,2026-04-20,1522.0
7119,2026-04-27,1517.0
7119,2026-05-04,1549.0
7119,2026-05-11,1501.0
7119,2026-05-18,1560.0
7119,2026-05-25,1581.0
7119,2026-06-01,1615.0
7119,2026-06-08,1593.0
7119,2026-06-15,1640.0
7119,2026-06-22,1625.0
7119,2026-06-29,1680.0
7119,2026-07-06,1683.0
7119,2026-07-13,1669.0
7119,2026-07-20,1674.0
7119,2026-07-27,1686.0
7119,2026-08-03,1711.0
7119,2026-08-10,1716.0
7119,2026-08-17,1724.0
7119,2026-08-24,1736.0
7167,2025-09-08,904.88
7167,2025-09-15,885.68
7167,2025-09-22,935.3
7167,2025-09-29,915.26
7167,2025-10-06,907.26
7167,2025-10-13,875.37
7167,2025-10-20,900.25
7167,2025-10-27,949.72
7167,2025-11-03,936.49
7167,2025-11-10,966.8
7167,2025-11-17,946.86
7167,2025-11-24,1006.59
7167,2025-12-01,1020.41
7167,2025-12-08,1038.68
7167,2025-12-15,1054.97
7167,2025-12-22,1025.84
7167,2025-12-29,1024.86
7167,2026-01-05,1087.06
7167,2026-01-12,1151.23
7167,2026-01-19,1132.97
7167,2026-01-26,1148.77
7167,2026-02-02,1257.87
7167,2026-02-09,1298.35
7167,2026-02-16,1303.28
7167,2026-02-23,1325.99
7167,2026-03-02,1239.6
7167,2026-03-09,1166.04
7167,2026-03-16,1183.32
7167,2026-03-23,1247.5
7167,2026-03-30,1286.0
7167,2026-04-06,1353.5
7167,2026-04-13,1343.5
7167,2026-04-20,1222.0
7167,2026-04-27,1296.0
7167,2026-05-04,1313.5
7167,2026-05-11,1377.5
7167,2026-05-18,1396.5
7167,2026-05-25,1329.5
7167,2026-06-01,1357.5
7167,2026-06-08,1402.0
7167,2026-06-15,1411.0
7167,2026-06-22,1407.5
7167,2026-06-29,1509.0
7167,2026-07-06,1539.5
7167,2026-07-13,1427.0
7167,2026-07-20,1541.0
7167,2026-07-27,1497.0
7167,2026-08-03,1580.0
7167,2026-08-10,1658.5
7167,2026-08-17,1648.5
7167,2026-08-24,1700.5
7177,2025-09-08,945.86
7177,2025-09-15,923.14
7177,2025-09-22,928.82
7177,2025-09-29,891.2
7177,2025-10-06,879.67
7177,2025-10-13,892.16
7177,2025-10-20,881.59
7177,2025-10-27,865.24
7177,2025-11-03,872.94
7177,2025-11-10,892.16
7177,2025-11-17,895.05
7177,2025-11-24,889.28
7177,2025-12-01,867.17
7177,2025-12-08,873.9
7177,2025-12-15,846.02
7177,2025-12-22,861.4
7177,2025-12-29,848.28
7177,2026-01-05,849.25
7177,2026-01-12,861.86
7177,2026-01-19,856.04
7177,2026-01-26,862.84
7177,2026-02-02,852.16
7177,2026-02-09,849.25
7177,2026-02-16,884.19
7177,2026-02-23,925.92
7177,2026-03-02,901.66
7177,2026-03-09,877.39
7177,2026-03-16,890.98
7177,2026-03-23,885.16
7177,2026-03-30,914.41
7177,2026-04-06,915.4
7177,2026-04-13,993.24
7177,2026-04-20,1036.6
7177,2026-04-27,1030.69
7177,2026-05-04,1079.95
7177,2026-05-11,1011.96
7177,2026-05-18,1140.06
7177,2026-05-25,1134.15
7177,2026-06-01,1025.76
7177,2026-06-08,989.3
7177,2026-06-15,951.86
7177,2026-06-22,972.55
7177,2026-06-29,1029.0
7177,2026-07-06,1067.0
7177,2026-07-13,1042.0
7177,2026-07-20,1043.0
7177,2026-07-27,1088.0
7177,2026-08-03,1088.0
7177,2026-08-10,1102.0
7177,2026-08-17,1126.0
7177,2026-08-24,1205.0
7213,2025-09-08,441.75
7213,2025-09-15,438.9
7213,2025-09-22,436.05
7213,2025-09-29,431.3
7213,2025-10-06,423.7
7213,2025-10-13,419.9
7213,2025-10-20,418.95
7213,2025-10-27,418.95
7213,2025-11-03,419.9
7213,2025-11-10,423.7
7213,2025-11-17,419.9
7213,2025-11-24,421.8
7213,2025-12-01,419.9
7213,2025-12-08,418.95
7213,2025-12-15,417.05
7213,2025-12-22,412.3
7213,2025-12-29,417.05
7213,2026-01-05,425.6
7213,2026-01-12,427.5
7213,2026-01-19,427.5
7213,2026-01-26,427.5
7213,2026-02-02,430.35
7213,2026-02-09,444.6
7213,2026-02-16,454.1
7213,2026-02-23,456.0
7213,2026-03-02,454.1
7213,2026-03-09,452.2
7213,2026-03-16,451.25
7213,2026-03-23,456.0
7213,2026-03-30,467.0
7213,2026-04-06,464.0
7213,2026-04-13,471.0
7213,2026-04-20,473.0
7213,2026-04-27,502.0
7213,2026-05-04,490.0
7213,2026-05-11,535.0
7213,2026-05-18,580.0
7213,2026-05-25,584.0
7213,2026-06-01,574.0
7213,2026-06-08,567.0
7213,2026-06-15,586.0
7213,2026-06-22,583.0
7213,2026-06-29,612.0
7213,2026-07-06,624.0
7213,2026-07-13,617.0
7213,2026-07-20,614.0
7213,2026-07-27,618.0
7213,2026-08-03,637.0
7213,2026-08-10,670.0
7213,2026-08-17,664.0
7213,2026-08-24,673.0
7246,2025-09-08,628.15
7246,2025-09-15,620.53
7246,2025-09-22,631.95
7246,2025-09-29,622.2
7246,2025-10-06,622.2
7246,2025-10-13,616.35
7246,2025-10-20,640.73
7246,2025-10-27,638.78
7246,2025-11-03,638.78
7246,2025-11-10,712.9
7246,2025-11-17,742.15
7246,2025-11-24,772.39
7246,2025-12-01,813.35
7246,2025-12-08,789.94
7246,2025-12-15,786.04
7246,2025-12-22,791.89
7246,2025-12-29,791.89
7246,2026-01-05,831.88
7246,2026-01-12,852.36
7246,2026-01-19,879.66
7246,2026-01-26,851.38
7246,2026-02-02,877.71
7246,2026-02-09,929.4
7246,2026-02-16,941.1
7246,2026-02-23,981.09
7246,2026-03-02,880.64
7246,2026-03-09,823.1
7246,2026-03-16,808.47
7246,2026-03-23,827.0
7246,2026-03-30,827.0
7246,2026-04-06,825.0
7246,2026-04-13,821.0
7246,2026-04-20,796.0
7246,2026-04-27,779.0
7246,2026-05-04,783.0
7246,2026-05-11,792.0
7246,2026-05-18,802.0
7246,2026-05-25,837.0
7246,2026-06-01,819.0
7246,2026-06-08,806.0
7246,2026-06-15,791.0
7246,2026-06-22,790.0
7246,2026-06-29,804.0
7246,2026-07-06,808.0
7246,2026-07-13,806.0
7246,2026-07-20,826.0
7246,2026-07-27,863.0
7246,2026-08-03,948.0
7246,2026-08-10,984.0
7246,2026-08-17,984.0
7246,2026-08-24,997.0
7322,2025-09-08,853.42
7322,2025-09-15,840.08
7322,2025-09-22,878.87
7322,2025-09-29,860.12
7322,2025-10-06,866.29
7322,2025-10-13,874.92
7322,2025-10-20,898.37
7322,2025-10-27,900.84
7322,2025-11-03,920.58
7322,2025-11-10,942.8
7322,2025-11-17,950.2
7322,2025-11-24,1009.43
7322,2025-12-01,1004.5
7322,2025-12-08,1010.67
7322,2025-12-15,1042.75
7322,2025-12-22,1043.99
7322,2025-12-29,1087.18
7322,2026-01-05,1148.88
7322,2026-01-12,1229.09
7322,2026-01-19,1263.64
7322,2026-01-26,1234.03
7322,2026-02-02,1377.17
7322,2026-02-09,1505.51
7322,2026-02-16,1510.45
7322,2026-02-23,1557.34
7322,2026-03-02,1515.38
7322,2026-03-09,1495.64
7322,2026-03-16,1503.04
7322,2026-03-23,1545.0
7322,2026-03-30,1516.0
7322,2026-04-06,1646.0
7322,2026-04-13,1680.0
7322,2026-04-20,1529.0
7322,2026-04-27,1634.0
7322,2026-05-04,1659.0
7322,2026-05-11,1697.0
7322,2026-05-18,1711.0
7322,2026-05-25,1598.0
7322,2026-06-01,1612.0
7322,2026-06-08,1751.0
7322,2026-06-15,1660.0
7322,2026-06-22,1721.0
7322,2026-06-29,1825.0
7322,2026-07-06,1799.0
7322,2026-07-13,1775.0
7322,2026-07-20,1997.0
7322,2026-07-27,1910.0
7322,2026-08-03,1901.0
7322,2026-08-10,2077.0
7322,2026-08-17,2012.0
7322,2026-08-24,2152.0
7327,2025-09-08,1318.39
7327,2025-09-15,1294.31
7327,2025-09-22,1371.39
7327,2025-09-29,1399.54
7327,2025-10-06,1400.52
7327,2025-10-13,1417.22
7327,2025-10-20,1432.93
7327,2025-10-27,1461.42
7327,2025-11-03,1457.49
7327,2025-11-10,1472.22
7327,2025-11-17,1502.67
7327,2025-11-24,1590.07
7327,2025-12-01,1622.49
7327,2025-12-08,1602.84
7327,2025-12-15,1619.54
7327,2025-12-22,1594.0
7327,2025-12-29,1598.91
7327,2026-01-05,1712.84
7327,2026-01-12,1780.61
7327,2026-01-19,1819.89
7327,2026-01-26,1804.18
7327,2026-02-02,1868.02
7327,2026-02-09,1997.66
7327,2026-02-16,1962.3
7327,2026-02-23,2004.54
7327,2026-03-02,2011.41
7327,2026-03-09,1936.77
7327,2026-03-16,1931.86
7327,2026-03-23,1979.0
7327,2026-03-30,1937.0
7327,2026-04-06,2015.0
7327,2026-04-13,1996.0
7327,2026-04-20,1841.0
7327,2026-04-27,1944.0
7327,2026-05-04,1977.0
7327,2026-05-11,2030.0
7327,2026-05-18,2115.0
7327,2026-05-25,2020.0
7327,2026-06-01,2046.0
7327,2026-06-08,2104.0
7327,2026-06-15,2076.0
7327,2026-06-22,2131.0
7327,2026-06-29,2211.0
7327,2026-07-06,2246.0
7327,2026-07-13,2202.0
7327,2026-07-20,2365.0
7327,2026-07-27,2308.0
7327,2026-08-03,2372.0
7327,2026-08-10,2500.0
7327,2026-08-17,2465.0
7327,2026-08-24,2586.0
7337,2025-09-08,1374.46
7337,2025-09-15,1351.78
7337,2025-09-22,1414.02
7337,2025-09-29,1381.09
7337,2025-10-06,1360.94
7337,2025-10-13,1337.84
7337,2025-10-20,1369.78
7337,2025-10-27,1415.49
7337,2025-11-03,1431.22
7337,2025-11-10,1452.85
7337,2025-11-17,1463.17
7337,2025-11-24,1522.15
7337,2025-12-01,1519.69
7337,2025-12-08,1546.72
7337,2025-12-15,1580.63
7337,2025-12-22,1541.31
7337,2025-12-29,1554.58
7337,2026-01-05,1631.26
7337,2026-01-12,1704.0
7337,2026-01-19,1697.61
7337,2026-01-26,1717.27
7337,2026-02-02,1861.27
7337,2026-02-09,1906.49
7337,2026-02-16,1891.75
7337,2026-02-23,1903.54
7337,2026-03-02,1818.52
7337,2026-03-09,1799.84
7337,2026-03-16,1750.69
7337,2026-03-23,1790.5
7337,2026-03-30,1810.0
7337,2026-04-06,1928.5
7337,2026-04-13,1923.5
7337,2026-04-20,1791.5
7337,2026-04-27,1842.5
7337,2026-05-04,1857.5
7337,2026-05-11,2053.5
7337,2026-05-18,2082.0
7337,2026-05-25,2017.5
7337,2026-06-01,2022.5
7337,2026-06-08,2081.5
7337,2026-06-15,2080.5
7337,2026-06-22,2100.5
7337,2026-06-29,2198.5
7337,2026-07-06,2199.0
7337,2026-07-13,2131.0
7337,2026-07-20,2304.0
7337,2026-07-27,2204.5
7337,2026-08-03,2268.0
7337,2026-08-10,2364.5
7337,2026-08-17,2300.5
7337,2026-08-24,2378.0
7354,2025-09-08,293.0
7354,2025-09-15,292.02
7354,2025-09-22,302.77
7354,2025-09-29,286.16
7354,2025-10-06,277.37
7354,2025-10-13,262.72
7354,2025-10-20,267.61
7354,2025-10-27,261.75
7354,2025-11-03,261.75
7354,2025-11-10,270.54
7354,2025-11-17,280.3
7354,2025-11-24,293.0
7354,2025-12-01,293.0
7354,2025-12-08,290.07
7354,2025-12-15,291.05
7354,2025-12-22,293.0
7354,2025-12-29,291.0
7354,2026-01-05,298.0
7354,2026-01-12,311.0
7354,2026-01-19,322.0
7354,2026-01-26,313.0
7354,2026-02-02,311.0
7354,2026-02-09,292.0
7354,2026-02-16,345.0
7354,2026-02-23,347.0
7354,2026-03-02,311.0
7354,2026-03-09,287.0
7354,2026-03-16,295.0
7354,2026-03-23,307.0
7354,2026-03-30,310.0
7354,2026-04-06,312.0
7354,2026-04-13,327.0
7354,2026-04-20,301.0
7354,2026-04-27,299.0
7354,2026-05-04,308.0
7354,2026-05-11,304.0
7354,2026-05-18,273.0
7354,2026-05-25,273.0
7354,2026-06-01,298.0
7354,2026-06-08,304.0
7354,2026-06-15,308.0
7354,2026-06-22,311.0
7354,2026-06-29,329.0
7354,2026-07-06,352.0
7354,2026-07-13,350.0
7354,2026-07-20,340.0
7354,2026-07-27,346.0
7354,2026-08-03,349.0
7354,2026-08-10,362.0
7354,2026-08-17,379.0
7354,2026-08-24,379.0
7389,2025-09-08,597.02
7389,2025-09-15,590.22
7389,2025-09-22,615.5
7389,2025-09-29,646.13
7389,2025-10-06,721.21
7389,2025-10-13,732.08
7389,2025-10-20,738.01
7389,2025-10-27,785.43
7389,2025-11-03,813.09
7389,2025-11-10,830.87
7389,2025-11-17,845.69
7389,2025-11-24,917.82
7389,2025-12-01,937.57
7389,2025-12-08,910.9
7389,2025-12-15,931.65
7389,2025-12-22,896.08
7389,2025-12-29,908.92
7389,2026-01-05,977.09
7389,2026-01-12,1086.76
7389,2026-01-19,1112.44
7389,2026-01-26,1080.83
7389,2026-02-02,1165.79
7389,2026-02-09,1252.73
7389,2026-02-16,1234.95
7389,2026-02-23,1304.11
7389,2026-03-02,1185.55
7389,2026-03-09,1185.55
7389,2026-03-16,1250.76
7389,2026-03-23,1395.0
7389,2026-03-30,1432.0
7389,2026-04-06,1588.0
7389,2026-04-13,1640.0
7389,2026-04-20,1459.0
7389,2026-04-27,1478.0
7389,2026-05-04,1499.0
7389,2026-05-11,1522.0
7389,2026-05-18,1413.0
7389,2026-05-25,1357.0
7389,2026-06-01,1346.0
7389,2026-06-08,1367.0
7389,2026-06-15,1355.0
7389,2026-06-22,1384.0
7389,2026-06-29,1483.0
7389,2026-07-06,1498.0
7389,2026-07-13,1687.0
7389,2026-07-20,1828.0
7389,2026-07-27,1737.0
7389,2026-08-03,1622.0
7389,2026-08-10,1868.0
7389,2026-08-17,1803.0
7389,2026-08-24,1958.0
7458,2025-09-08,1668.2
7458,2025-09-15,1637.91
7458,2025-09-22,1668.68
7458,2025-09-29,1600.76
7458,2025-10-06,1585.13
7458,2025-10-13,1598.32
7458,2025-10-20,1597.83
7458,2025-10-27,1540.66
7458,2025-11-03,1548.97
7458,2025-11-10,1558.74
7458,2025-11-17,1611.51
7458,2025-11-24,1644.25
7458,2025-12-01,1570.47
7458,2025-12-08,1614.44
7458,2025-12-15,1639.85
7458,2025-12-22,1655.98
7458,2025-12-29,1646.69
7458,2026-01-05,1669.17
7458,2026-01-12,1655.49
7458,2026-01-19,1664.28
7458,2026-01-26,1633.5
7458,2026-02-02,1662.33
7458,2026-02-09,1656.47
7458,2026-02-16,1628.61
7458,2026-02-23,1697.02
7458,2026-03-02,1650.6
7458,2026-03-09,1619.82
7458,2026-03-16,1629.1
7458,2026-03-23,1676.5
7458,2026-03-30,1735.0
7458,2026-04-06,1729.0
7458,2026-04-13,1741.5
7458,2026-04-20,1638.0
7458,2026-04-27,1619.0
7458,2026-05-04,1612.5
7458,2026-05-11,1696.5
7458,2026-05-18,1736.0
7458,2026-05-25,1632.5
7458,2026-06-01,1642.0
7458,2026-06-08,1693.0
7458,2026-06-15,1650.5
7458,2026-06-22,1672.5
7458,2026-06-29,1728.5
7458,2026-07-06,1747.0
7458,2026-07-13,1792.5
7458,2026-07-20,1762.0
7458,2026-07-27,1810.5
7458,2026-08-03,1840.0
7458,2026-08-10,1825.0
7458,2026-08-17,1872.5
7458,2026-08-24,1893.0
7466,2025-09-08,1153.22
7466,2025-09-15,1147.39
7466,2025-09-22,1161.96
7466,2025-09-29,1125.03
7466,2025-10-06,1125.03
7466,2025-10-13,1118.63
7466,2025-10-20,1150.63
7466,2025-10-27,1103.37
7466,2025-11-03,1121.09
7466,2025-11-10,1119.61
7466,2025-11-17,1145.22
7466,2025-11-24,1164.91
7466,2025-12-01,1140.79
7466,2025-12-08,1139.8
7466,2025-12-15,1142.26
7466,2025-12-22,1155.56
7466,2025-12-29,1167.37
7466,2026-01-05,1186.57
7466,2026-01-12,1195.93
7466,2026-01-19,1172.3
7466,2026-01-26,1142.26
7466,2026-02-02,1177.71
7466,2026-02-09,1285.54
7466,2026-02-16,1306.71
7466,2026-02-23,1345.11
7466,2026-03-02,1280.12
7466,2026-03-09,1286.03
7466,2026-03-16,1268.31
7466,2026-03-23,1288.0
7466,2026-03-30,1267.0
7466,2026-04-06,1321.0
7466,2026-04-13,1325.0
7466,2026-04-20,1270.0
7466,2026-04-27,1261.0
7466,2026-05-04,1246.0
7466,2026-05-11,1212.0
7466,2026-05-18,1238.0
7466,2026-05-25,1249.0
7466,2026-06-01,1238.0
7466,2026-06-08,1214.0
7466,2026-06-15,1266.0
7466,2026-06-22,1269.0
7466,2026-06-29,1313.0
7466,2026-07-06,1376.0
7466,2026-07-13,1346.0
7466,2026-07-20,1350.0
7466,2026-07-27,1387.0
7466,2026-08-03,1356.0
7466,2026-08-10,1400.0
7466,2026-08-17,1470.0
7466,2026-08-24,1454.0
7482,2025-09-08,1246.53
7482,2025-09-15,1244.61
7482,2025-09-22,1257.06
7482,2025-09-29,1245.33
7482,2025-10-06,1238.49
7482,2025-10-13,1269.77
7482,2025-10-20,1288.34
7482,2025-10-27,1260.97
7482,2025-11-03,1256.08
7482,2025-11-10,1280.52
7482,2025-11-17,1295.18
7482,2025-11-24,1295.18
7482,2025-12-01,1274.66
7482,2025-12-08,1314.73
7482,2025-12-15,1322.55
7482,2025-12-22,1333.31
7482,2025-12-29,1325.49
7482,2026-01-05,1362.63
7482,2026-01-12,1383.16
7482,2026-01-19,1372.41
7482,2026-01-26,1352.86
7482,2026-02-02,1383.16
7482,2026-02-09,1422.26
7482,2026-02-16,1414.44
7482,2026-02-23,1461.36
7482,2026-03-02,1382.18
7482,2026-03-09,1371.43
7482,2026-03-16,1368.5
7482,2026-03-23,1390.0
7482,2026-03-30,1394.0
7482,2026-04-06,1395.0
7482,2026-04-13,1354.0
7482,2026-04-20,1302.0
7482,2026-04-27,1296.0
7482,2026-05-04,1293.0
7482,2026-05-11,1335.0
7482,2026-05-18,1298.0
7482,2026-05-25,1292.0
7482,2026-06-01,1291.0
7482,2026-06-08,1303.0
7482,2026-06-15,1369.0
7482,2026-06-22,1336.0
7482,2026-06-29,1342.0
7482,2026-07-06,1376.0
7482,2026-07-13,1377.0
7482,2026-07-20,1379.0
7482,2026-07-27,1377.0
7482,2026-08-03,1392.0
7482,2026-08-10,1466.0
7482,2026-08-17,1498.0
7482,2026-08-24,1542.0
7552,2025-09-08,3137.39
7552,2025-09-15,3001.82
7552,2025-09-22,3447.25
7552,2025-09-29,3279.63
7552,2025-10-06,3245.62
7552,2025-10-13,3138.72
7552,2025-10-20,3172.74
7552,2025-10-27,3056.13
7552,2025-11-03,3095.0
7552,2025-11-10,3041.55
7552,2025-11-17,3031.83
7552,2025-11-24,3153.3
7552,2025-12-01,2939.52
7552,2025-12-08,2915.22
7552,2025-12-15,2813.19
7552,2025-12-22,2847.2
7552,2025-12-29,2861.78
7552,2026-01-05,2821.94
7552,2026-01-12,2856.92
7552,2026-01-19,2834.57
7552,2026-01-26,2685.89
7552,2026-02-02,2637.31
7552,2026-02-09,2635.36
7552,2026-02-16,2798.62
7552,2026-02-23,3095.0
7552,2026-03-02,3080.42
7552,2026-03-09,2905.51
7552,2026-03-16,2766.55
7552,2026-03-23,2751.0
7552,2026-03-30,2718.0
7552,2026-04-06,2747.0
7552,2026-04-13,2798.0
7552,2026-04-20,2685.0
7552,2026-04-27,2670.0
7552,2026-05-04,2631.0
7552,2026-05-11,2647.0
7552,2026-05-18,2710.0
7552,2026-05-25,2775.0
7552,2026-06-01,2748.0
7552,2026-06-08,2711.0
7552,2026-06-15,2744.0
7552,2026-06-22,2903.0
7552,2026-06-29,2990.0
7552,2026-07-06,3110.0
7552,2026-07-13,3105.0
7552,2026-07-20,3040.0
7552,2026-07-27,3315.0
7552,2026-08-03,3390.0
7552,2026-08-10,3480.0
7552,2026-08-17,3695.0
7552,2026-08-24,3755.0
7616,2025-09-08,1888.68
7616,2025-09-15,1908.13
7616,2025-09-22,1880.2
7616,2025-09-29,1743.55
7616,2025-10-06,1720.11
7616,2025-10-13,1716.12
7616,2025-10-20,1718.61
7616,2025-10-27,1667.24
7616,2025-11-03,1670.73
7616,2025-11-10,1733.57
7616,2025-11-17,1724.1
7616,2025-11-24,1755.52
7616,2025-12-01,1726.09
7616,2025-12-08,1727.09
7616,2025-12-15,1730.08
7616,2025-12-22,1760.51
7616,2025-12-29,1754.52
7616,2026-01-05,1766.49
7616,2026-01-12,1782.45
7616,2026-01-19,1769.98
7616,2026-01-26,1763.0
7616,2026-02-02,1825.34
7616,2026-02-09,1861.75
7616,2026-02-16,1819.36
7616,2026-02-23,1870.23
7616,2026-03-02,1864.74
7616,2026-03-09,1893.17
7616,2026-03-16,1907.13
7616,2026-03-23,1958.5
7616,2026-03-30,1994.5
7616,2026-04-06,1932.0
7616,2026-04-13,1892.5
7616,2026-04-20,1846.0
7616,2026-04-27,1882.0
7616,2026-05-04,1844.0
7616,2026-05-11,1865.5
7616,2026-05-18,1862.0
7616,2026-05-25,1790.5
7616,2026-06-01,1756.0
7616,2026-06-08,1843.0
7616,2026-06-15,1689.5
7616,2026-06-22,1801.5
7616,2026-06-29,1835.5
7616,2026-07-06,1887.0
7616,2026-07-13,1987.0
7616,2026-07-20,1943.0
7616,2026-07-27,2057.5
7616,2026-08-03,2039.5
7616,2026-08-10,2059.5
7616,2026-08-17,2050.5
7616,2026-08-24,2143.0
7630,2025-09-08,925.89
7630,2025-09-15,937.69
7630,2025-09-22,952.43
7630,2025-09-29,909.19
7630,2025-10-06,920.98
7630,2025-10-13,919.01
7630,2025-10-20,900.34
7630,2025-10-27,884.61
7630,2025-11-03,897.39
7630,2025-11-10,899.36
7630,2025-11-17,912.13
7630,2025-11-24,925.89
7630,2025-12-01,901.32
7630,2025-12-08,900.34
7630,2025-12-15,926.88
7630,2025-12-22,912.13
7630,2025-12-29,896.41
7630,2026-01-05,903.29
7630,2026-01-12,910.17
7630,2026-01-19,893.46
7630,2026-01-26,881.66
7630,2026-02-02,902.3
7630,2026-02-09,910.17
7630,2026-02-16,906.24
7630,2026-02-23,899.32
7630,2026-03-02,890.4
7630,2026-03-09,895.36
7630,2026-03-16,898.33
7630,2026-03-23,923.12
7630,2026-03-30,917.17
7630,2026-04-06,878.5
7630,2026-04-13,876.52
7630,2026-04-20,850.74
7630,2026-04-27,848.75
7630,2026-05-04,862.63
7630,2026-05-11,866.6
7630,2026-05-18,884.45
7630,2026-05-25,877.51
7630,2026-06-01,842.8
7630,2026-06-08,892.38
7630,2026-06-15,862.63
7630,2026-06-22,862.63
7630,2026-06-29,894.36
7630,2026-07-06,892.38
7630,2026-07-13,902.3
7630,2026-07-20,898.33
7630,2026-07-27,926.09
7630,2026-08-03,909.24
7630,2026-08-10,929.07
7630,2026-08-17,938.98
7630,2026-08-24,941.0
7743,2025-09-08,535.82
7743,2025-09-15,536.8
7743,2025-09-22,532.9
7743,2025-09-29,517.28
7743,2025-10-06,521.18
7743,2025-10-13,522.16
7743,2025-10-20,543.63
7743,2025-10-27,554.37
7743,2025-11-03,568.03
7743,2025-11-10,555.34
7743,2025-11-17,571.94
7743,2025-11-24,573.89
7743,2025-12-01,558.27
7743,2025-12-08,556.32
7743,2025-12-15,551.44
7743,2025-12-22,549.49
7743,2025-12-29,561.2
7743,2026-01-05,569.01
7743,2026-01-12,602.19
7743,2026-01-19,575.84
7743,2026-01-26,564.13
7743,2026-02-02,577.79
7743,2026-02-09,511.42
7743,2026-02-16,519.23
7743,2026-02-23,553.39
7743,2026-03-02,525.09
7743,2026-03-09,611.95
7743,2026-03-16,557.3
7743,2026-03-23,610.0
7743,2026-03-30,611.0
7743,2026-04-06,603.0
7743,2026-04-13,581.0
7743,2026-04-20,534.0
7743,2026-04-27,537.0
7743,2026-05-04,545.0
7743,2026-05-11,505.0
7743,2026-05-18,517.0
7743,2026-05-25,500.0
7743,2026-06-01,488.0
7743,2026-06-08,485.0
7743,2026-06-15,488.0
7743,2026-06-22,502.0
7743,2026-06-29,512.0
7743,2026-07-06,514.0
7743,2026-07-13,509.0
7743,2026-07-20,515.0
7743,2026-07-27,535.0
7743,2026-08-03,522.0
7743,2026-08-10,533.0
7743,2026-08-17,534.0
7743,2026-08-24,735.0
7803,2025-09-08,328.82
7803,2025-09-15,331.3
7803,2025-09-22,324.36
7803,2025-09-29,314.95
7803,2025-10-06,305.05
7803,2025-10-13,291.18
7803,2025-10-20,294.16
7803,2025-10-27,285.24
7803,2025-11-03,284.25
7803,2025-11-10,285.24
7803,2025-11-17,331.79
7803,2025-11-24,332.78
7803,2025-12-01,293.16
7803,2025-12-08,297.13
7803,2025-12-15,301.09
7803,2025-12-22,297.13
7803,2025-12-29,293.16
7803,2026-01-05,305.05
7803,2026-01-12,303.07
7803,2026-01-19,298.12
7803,2026-01-26,279.3
7803,2026-02-02,268.4
7803,2026-02-09,272.37
7803,2026-02-16,263.45
7803,2026-02-23,282.27
7803,2026-03-02,286.23
7803,2026-03-09,270.39
7803,2026-03-16,259.49
7803,2026-03-23,254.54
7803,2026-03-30,257.51
7803,2026-04-06,256.52
7803,2026-04-13,259.49
7803,2026-04-20,249.59
7803,2026-04-27,249.59
7803,2026-05-04,258.5
7803,2026-05-11,250.58
7803,2026-05-18,247.61
7803,2026-05-25,253.55
7803,2026-06-01,259.49
7803,2026-06-08,284.25
7803,2026-06-15,259.49
7803,2026-06-22,258.5
7803,2026-06-29,308.0
7803,2026-07-06,350.0
7803,2026-07-13,415.0
7803,2026-07-20,367.0
7803,2026-07-27,377.0
7803,2026-08-03,383.0
7803,2026-08-10,394.0
7803,2026-08-17,401.0
7803,2026-08-24,438.0
7832,2025-09-08,4932.5
7832,2025-09-15,4759.5
7832,2025-09-22,4846.99
7832,2025-09-29,4773.91
7832,2025-10-06,4761.07
7832,2025-10-13,4604.04
7832,2025-10-20,4747.24
7832,2025-10-27,4742.3
7832,2025-11-03,4503.31
7832,2025-11-10,4549.73
7832,2025-11-17,4487.51
7832,2025-11-24,4520.1
7832,2025-12-01,4268.27
7832,2025-12-08,4228.77
7832,2025-12-15,4164.58
7832,2025-12-22,4173.46
7832,2025-12-29,4120.14
7832,2026-01-05,4156.68
7832,2026-01-12,4120.14
7832,2026-01-19,4055.94
7832,2026-01-26,3960.15
7832,2026-02-02,4142.85
7832,2026-02-09,3960.15
7832,2026-02-16,3979.9
7832,2026-02-23,4191.24
7832,2026-03-02,4074.71
7832,2026-03-09,4210.99
7832,2026-03-16,4125.07
7832,2026-03-23,3972.0
7832,2026-03-30,3977.0
7832,2026-04-06,3854.0
7832,2026-04-13,3935.0
7832,2026-04-20,3744.0
7832,2026-04-27,3608.0
7832,2026-05-04,3637.0
7832,2026-05-11,3709.0
7832,2026-05-18,3704.0
7832,2026-05-25,3641.0
7832,2026-06-01,3751.0
7832,2026-06-08,3666.0
7832,2026-06-15,3591.0
7832,2026-06-22,3698.0
7832,2026-06-29,3916.0
7832,2026-07-06,4017.0
7832,2026-07-13,4189.0
7832,2026-07-20,4111.0
7832,2026-07-27,4609.0
7832,2026-08-03,5398.0
7832,2026-08-10,5435.0
7832,2026-08-17,5484.0
7832,2026-08-24,5687.0
7846,2025-09-08,1517.55
7846,2025-09-15,1593.34
7846,2025-09-22,1565.69
7846,2025-09-29,1522.1
7846,2025-10-06,1529.26
7846,2025-10-13,1524.7
7846,2025-10-20,1521.12
7846,2025-10-27,1515.92
7846,2025-11-03,1518.85
7846,2025-11-10,1550.73
7846,2025-11-17,1545.2
7846,2025-11-24,1594.97
7846,2025-12-01,1532.18
7846,2025-12-08,1558.21
7846,2025-12-15,1572.52
7846,2025-12-22,1626.52
7846,2025-12-29,1604.46
7846,2026-01-05,1586.68
7846,2026-01-12,1614.01
7846,2026-01-19,1631.46
7846,2026-01-26,1598.87
7846,2026-02-02,1643.31
7846,2026-02-09,1633.11
7846,2026-02-16,1595.24
7846,2026-02-23,1606.77
7846,2026-03-02,1504.7
7846,2026-03-09,1493.83
7846,2026-03-16,1520.17
7846,2026-03-23,1571.21
7846,2026-03-30,1602.49
7846,2026-04-06,1627.84
7846,2026-04-13,1586.35
7846,2026-04-20,1579.44
7846,2026-04-27,1580.43
7846,2026-05-04,1563.96
7846,2026-05-11,1535.65
7846,2026-05-18,1629.16
7846,2026-05-25,1638.38
7846,2026-06-01,1605.12
7846,2026-06-08,1626.85
7846,2026-06-15,1625.21
7846,2026-06-22,1695.67
7846,2026-06-29,1724.5
7846,2026-07-06,1768.0
7846,2026-07-13,1803.0
7846,2026-07-20,1778.0
7846,2026-07-27,1813.5
7846,2026-08-03,2004.5
7846,2026-08-10,1983.0
7846,2026-08-17,1991.5
7846,2026-08-24,2071.5
7867,2025-09-08,3159.3
7867,2025-09-15,3059.47
7867,2025-09-22,3183.76
7867,2025-09-29,3120.5
7867,2025-10-06,3272.72
7867,2025-10-13,3119.51
7867,2025-10-20,3114.57
7867,2025-10-27,3139.28
7867,2025-11-03,3177.83
7867,2025-11-10,2957.41
7867,2025-11-17,2887.23
7867,2025-11-24,2860.54
7867,2025-12-01,2739.46
7867,2025-12-08,2701.9
7867,2025-12-15,2688.55
7867,2025-12-22,2718.21
7867,2025-12-29,2725.62
7867,2026-01-05,2841.76
7867,2026-01-12,2843.25
7867,2026-01-19,2814.09
7867,2026-01-26,2693.5
7867,2026-02-02,2698.44
7867,2026-02-09,2762.69
7867,2026-02-16,2691.03
7867,2026-02-23,2840.77
7867,2026-03-02,2751.82
7867,2026-03-09,2767.63
7867,2026-03-16,2722.16
7867,2026-03-23,2736.0
7867,2026-03-30,2750.5
7867,2026-04-06,2708.0
7867,2026-04-13,2753.5
7867,2026-04-20,2610.0
7867,2026-04-27,2532.0
7867,2026-05-04,2630.0
7867,2026-05-11,2789.5
7867,2026-05-18,2983.0
7867,2026-05-25,3159.0
7867,2026-06-01,3063.0
7867,2026-06-08,2925.5
7867,2026-06-15,2925.5
7867,2026-06-22,3200.0
7867,2026-06-29,3259.0
7867,2026-07-06,3322.0
7867,2026-07-13,3531.0
7867,2026-07-20,3417.0
7867,2026-07-27,3627.0
7867,2026-08-03,3602.0
7867,2026-08-10,3598.0
7867,2026-08-17,3641.0
7867,2026-08-24,3727.0
7976,2025-09-08,2124.83
7976,2025-09-15,2160.04
7976,2025-09-22,2176.66
7976,2025-09-29,2122.88
7976,2025-10-06,2131.68
7976,2025-10-13,2125.81
7976,2025-10-20,2110.17
7976,2025-10-27,2002.61
7976,2025-11-03,2087.68
7976,2025-11-10,2090.61
7976,2025-11-17,2079.85
7976,2025-11-24,2102.34
7976,2025-12-01,2087.68
7976,2025-12-08,2169.81
7976,2025-12-15,2129.72
7976,2025-12-22,2174.7
7976,2025-12-29,2153.93
7976,2026-01-05,2204.39
7976,2026-01-12,2284.53
7976,2026-01-19,2325.09
7976,2026-01-26,2265.73
7976,2026-02-02,2307.28
7976,2026-02-09,2157.88
7976,2026-02-16,2252.87
7976,2026-02-23,2426.01
7976,2026-03-02,2283.54
7976,2026-03-09,2289.47
7976,2026-03-16,2319.16
7976,2026-03-23,2384.46
7976,2026-03-30,2412.16
7976,2026-04-06,2436.9
7976,2026-04-13,2462.62
7976,2026-04-20,2342.9
7976,2026-04-27,2520.01
7976,2026-05-04,2494.28
7976,2026-05-11,2531.88
7976,2026-05-18,2572.44
7976,2026-05-25,2595.2
7976,2026-06-01,2461.63
7976,2026-06-08,2581.35
7976,2026-06-15,2521.98
7976,2026-06-22,2660.5
7976,2026-06-29,2690.0
7976,2026-07-06,2696.0
7976,2026-07-13,2688.0
7976,2026-07-20,2610.0
7976,2026-07-27,2771.0
7976,2026-08-03,2934.0
7976,2026-08-10,2897.0
7976,2026-08-17,2971.0
7976,2026-08-24,3065.0
8037,2025-09-08,2816.97
8037,2025-09-15,2851.69
8037,2025-09-22,2922.09
8037,2025-09-29,2823.06
8037,2025-10-06,2775.99
8037,2025-10-13,2805.41
8037,2025-10-20,2966.22
8037,2025-10-27,2861.3
8037,2025-11-03,2927.0
8037,2025-11-10,2786.77
8037,2025-11-17,2756.38
8037,2025-11-24,2851.49
8037,2025-12-01,2786.77
8037,2025-12-08,2836.78
8037,2025-12-15,2951.51
8037,2025-12-22,2934.84
8037,2025-12-29,2961.32
8037,2026-01-05,3128.01
8037,2026-01-12,3240.78
8037,2026-01-19,3186.85
8037,2026-01-26,3020.15
8037,2026-02-02,3162.33
8037,2026-02-09,3196.65
8037,2026-02-16,3211.36
8037,2026-02-23,3329.03
8037,2026-03-02,3103.5
8037,2026-03-09,3010.34
8037,2026-03-16,3083.89
8037,2026-03-23,3280.0
8037,2026-03-30,3450.0
8037,2026-04-06,3425.0
8037,2026-04-13,3295.0
8037,2026-04-20,3185.0
8037,2026-04-27,3220.0
8037,2026-05-04,3345.0
8037,2026-05-11,3335.0
8037,2026-05-18,3565.0
8037,2026-05-25,3605.0
8037,2026-06-01,3440.0
8037,2026-06-08,3430.0
8037,2026-06-15,3490.0
8037,2026-06-22,3455.0
8037,2026-06-29,3545.0
8037,2026-07-06,3640.0
8037,2026-07-13,3630.0
8037,2026-07-20,3720.0
8037,2026-07-27,3895.0
8037,2026-08-03,4150.0
8037,2026-08-10,4335.0
8037,2026-08-17,4355.0
8037,2026-08-24,4585.0
8043,2025-09-08,1170.37
8043,2025-09-15,1180.05
8043,2025-09-22,1200.36
8043,2025-09-29,1126.85
8043,2025-10-06,1111.37
8043,2025-10-13,1121.04
8043,2025-10-20,1145.22
8043,2025-10-27,1122.98
8043,2025-11-03,1136.52
8043,2025-11-10,1150.06
8043,2025-11-17,1172.31
8043,2025-11-24,1211.0
8043,2025-12-01,1157.8
8043,2025-12-08,1186.82
8043,2025-12-15,1226.47
8043,2025-12-22,1209.06
8043,2025-12-29,1213.9
8043,2026-01-05,1234.21
8043,2026-01-12,1276.77
8043,2026-01-19,1275.8
8043,2026-01-26,1276.77
8043,2026-02-02,1305.79
8043,2026-02-09,1309.66
8043,2026-02-16,1299.02
8043,2026-02-23,1329.97
8043,2026-03-02,1265.16
8043,2026-03-09,1224.54
8043,2026-03-16,1222.6
8043,2026-03-23,1270.0
8043,2026-03-30,1278.0
8043,2026-04-06,1241.0
8043,2026-04-13,1205.0
8043,2026-04-20,1135.0
8043,2026-04-27,1138.0
8043,2026-05-04,1118.0
8043,2026-05-11,1148.0
8043,2026-05-18,1127.0
8043,2026-05-25,1175.0
8043,2026-06-01,1150.0
8043,2026-06-08,1171.0
8043,2026-06-15,1186.0
8043,2026-06-22,1191.0
8043,2026-06-29,1232.0
8043,2026-07-06,1287.0
8043,2026-07-13,1291.0
8043,2026-07-20,1299.0
8043,2026-07-27,1347.0
8043,2026-08-03,1365.0
8043,2026-08-10,1507.0
8043,2026-08-17,1521.0
8043,2026-08-24,1554.0
8050,2025-09-08,3309.48
8050,2025-09-15,3171.99
8050,2025-09-22,3196.54
8050,2025-09-29,3290.71
8050,2025-10-06,3389.82
8050,2025-10-13,3300.62
8050,2025-10-20,3498.85
8050,2025-10-27,3523.63
8050,2025-11-03,3503.81
8050,2025-11-10,3578.15
8050,2025-11-17,3449.29
8050,2025-11-24,3632.66
8050,2025-12-01,3573.19
8050,2025-12-08,3761.51
8050,2025-12-15,3736.74
8050,2025-12-22,3642.57
8050,2025-12-29,3607.88
8050,2026-01-05,3553.37
8050,2026-01-12,3756.56
8050,2026-01-19,3716.91
8050,2026-01-26,3816.03
8050,2026-02-02,3915.15
8050,2026-02-09,5471.29
8050,2026-02-16,5684.4
8050,2026-02-23,6566.54
8050,2026-03-02,6289.01
8050,2026-03-09,6254.32
8050,2026-03-16,5932.19
8050,2026-03-23,5897.5
8050,2026-03-30,5880.0
8050,2026-04-06,6300.0
8050,2026-04-13,6530.0
8050,2026-04-20,6060.0
8050,2026-04-27,5800.0
8050,2026-05-04,5960.0
8050,2026-05-11,6500.0
8050,2026-05-18,6290.0
8050,2026-05-25,7070.0
8050,2026-06-01,6750.0
8050,2026-06-08,7000.0
8050,2026-06-15,7540.0
8050,2026-06-22,7860.0
8050,2026-06-29,8060.0
8050,2026-07-06,7510.0
8050,2026-07-13,7420.0
8050,2026-07-20,7320.0
8050,2026-07-27,7940.0
8050,2026-08-03,9170.0
8050,2026-08-10,11210.0
8050,2026-08-17,10530.0
8050,2026-08-24,11340.0
8059,2025-09-08,2689.28
8059,2025-09-15,2714.24
8059,2025-09-22,2705.6
8059,2025-09-29,2637.16
8059,2025-10-06,2624.45
8059,2025-10-13,2595.11
8059,2025-10-20,2647.91
8059,2025-10-27,2556.98
8059,2025-11-03,2774.05
8059,2025-11-10,2732.98
8059,2025-11-17,2736.89
8059,2025-11-24,2908.99
8059,2025-12-01,2771.12
8059,2025-12-08,2829.79
8059,2025-12-15,2878.68
8059,2025-12-22,2914.85
8059,2025-12-29,2962.77
8059,2026-01-05,3045.88
8059,2026-01-12,3226.78
8059,2026-01-19,3153.44
8059,2026-01-26,3109.44
8059,2026-02-02,3324.56
8059,2026-02-09,3407.67
8059,2026-02-16,3397.89
8059,2026-02-23,3500.56
8059,2026-03-02,3334.34
8059,2026-03-09,3187.66
8059,2026-03-16,3236.55
8059,2026-03-23,3261.0
8059,2026-03-30,3360.0
8059,2026-04-06,3405.0
8059,2026-04-13,3330.0
8059,2026-04-20,3285.0
8059,2026-04-27,3220.0
8059,2026-05-04,3175.0
8059,2026-05-11,2955.0
8059,2026-05-18,2902.0
8059,2026-05-25,3115.0
8059,2026-06-01,3040.0
8059,2026-06-08,2982.0
8059,2026-06-15,3090.0
8059,2026-06-22,3025.0
8059,2026-06-29,3175.0
8059,2026-07-06,3330.0
8059,2026-07-13,3305.0
8059,2026-07-20,3465.0
8059,2026-07-27,3190.0
8059,2026-08-03,3490.0
8059,2026-08-10,3585.0
8059,2026-08-17,3640.0
8059,2026-08-24,3790.0
8066,2025-09-08,2068.54
8066,2025-09-15,2103.05
8066,2025-09-22,2103.05
8066,2025-09-29,2183.26
8066,2025-10-06,2239.99
8066,2025-10-13,2191.08
8066,2025-10-20,2226.3
8066,2025-10-27,2269.34
8066,2025-11-03,2306.51
8066,2025-11-10,2327.05
8066,2025-11-17,2323.14
8066,2025-11-24,2332.92
8066,2025-12-01,2166.63
8066,2025-12-08,2216.52
8066,2025-12-15,2296.73
8066,2025-12-22,2215.54
8066,2025-12-29,2248.8
8066,2026-01-05,2210.65
8066,2026-01-12,2208.69
8066,2026-01-19,2166.63
8066,2026-01-26,2328.03
8066,2026-02-02,2445.41
8066,2026-02-09,2688.97
8066,2026-02-16,2553.98
8066,2026-02-23,2787.76
8066,2026-03-02,2581.37
8066,2026-03-09,2521.7
8066,2026-03-16,2419.97
8066,2026-03-23,2374.0
8066,2026-03-30,2359.0
8066,2026-04-06,2359.0
8066,2026-04-13,2370.0
8066,2026-04-20,2397.0
8066,2026-04-27,2666.0
8066,2026-05-04,2740.0
8066,2026-05-11,2718.0
8066,2026-05-18,2574.0
8066,2026-05-25,2481.0
8066,2026-06-01,2447.0
8066,2026-06-08,2491.0
8066,2026-06-15,2509.0
8066,2026-06-22,2507.0
8066,2026-06-29,2679.0
8066,2026-07-06,2751.0
8066,2026-07-13,2813.0
8066,2026-07-20,2785.0
8066,2026-07-27,2897.0
8066,2026-08-03,3145.0
8066,2026-08-10,3230.0
8066,2026-08-17,3115.0
8066,2026-08-24,3480.0
8095,2025-09-08,498.85
8095,2025-09-15,500.78
8095,2025-09-22,518.11
8095,2025-09-29,497.89
8095,2025-10-06,471.89
8095,2025-10-13,457.44
8095,2025-10-20,465.15
8095,2025-10-27,450.7
8095,2025-11-03,450.7
8095,2025-11-10,462.26
8095,2025-11-17,457.44
8095,2025-11-24,468.2
8095,2025-12-01,447.59
8095,2025-12-08,456.42
8095,2025-12-15,468.2
8095,2025-12-22,477.04
8095,2025-12-29,474.09
8095,2026-01-05,476.06
8095,2026-01-12,475.07
8095,2026-01-19,478.02
8095,2026-01-26,469.18
8095,2026-02-02,472.13
8095,2026-02-09,477.04
8095,2026-02-16,489.8
8095,2026-02-23,500.59
8095,2026-03-02,474.09
8095,2026-03-09,462.31
8095,2026-03-16,463.3
8095,2026-03-23,475.07
8095,2026-03-30,474.09
8095,2026-04-06,471.15
8095,2026-04-13,482.93
8095,2026-04-20,476.06
8095,2026-04-27,472.13
8095,2026-05-04,472.13
8095,2026-05-11,471.15
8095,2026-05-18,478.02
8095,2026-05-25,483.0
8095,2026-06-01,485.0
8095,2026-06-08,494.0
8095,2026-06-15,508.0
8095,2026-06-22,508.0
8095,2026-06-29,500.0
8095,2026-07-06,525.0
8095,2026-07-13,510.0
8095,2026-07-20,516.0
8095,2026-07-27,505.0
8095,2026-08-03,521.0
8095,2026-08-10,539.0
8095,2026-08-17,538.0
8095,2026-08-24,536.0
8098,2025-09-08,3456.17
8098,2025-09-15,3374.0
8098,2025-09-22,3470.67
8098,2025-09-29,3370.3
8098,2025-10-06,3345.7
8098,2025-10-13,3360.46
8098,2025-10-20,3478.54
8098,2025-10-27,3399.82
8098,2025-11-03,3399.82
8098,2025-11-10,3503.15
8098,2025-11-17,3532.67
8098,2025-11-24,3645.83
8098,2025-12-01,3508.07
8098,2025-12-08,3601.55
8098,2025-12-15,3675.35
8098,2025-12-22,3665.51
8098,2025-12-29,3685.19
8098,2026-01-05,3754.07
8098,2026-01-12,3950.88
8098,2026-01-19,3955.8
8098,2026-01-26,3847.56
8098,2026-02-02,3886.92
8098,2026-02-09,4044.36
8098,2026-02-16,4142.76
8098,2026-02-23,4285.45
8098,2026-03-02,4088.64
8098,2026-03-09,3891.84
8098,2026-03-16,3911.52
8098,2026-03-23,4005.0
8098,2026-03-30,4050.0
8098,2026-04-06,4120.0
8098,2026-04-13,4065.0
8098,2026-04-20,3880.0
8098,2026-04-27,3915.0
8098,2026-05-04,3920.0
8098,2026-05-11,4020.0
8098,2026-05-18,3880.0
8098,2026-05-25,3830.0
8098,2026-06-01,3780.0
8098,2026-06-08,3845.0
8098,2026-06-15,3830.0
8098,2026-06-22,3910.0
8098,2026-06-29,3940.0
8098,2026-07-06,3920.0
8098,2026-07-13,3955.0
8098,2026-07-20,4030.0
8098,2026-07-27,3965.0
8098,2026-08-03,4050.0
8098,2026-08-10,4190.0
8098,2026-08-17,4225.0
8098,2026-08-24,4365.0
8137,2025-09-08,2551.94
8137,2025-09-15,2582.64
8137,2025-09-22,2613.33
8137,2025-09-29,2573.11
8137,2025-10-06,2560.36
8137,2025-10-13,2588.81
8137,2025-10-20,2681.02
8137,2025-10-27,2630.01
8137,2025-11-03,2747.73
8137,2025-11-10,2748.71
8137,2025-11-17,2807.57
8137,2025-11-24,2873.3
8137,2025-12-01,2835.04
8137,2025-12-08,2828.17
8137,2025-12-15,2817.38
8137,2025-12-22,2864.47
8137,2025-12-29,2911.55
8137,2026-01-05,2942.94
8137,2026-01-12,3060.66
8137,2026-01-19,3021.42
8137,2026-01-26,2942.94
8137,2026-02-02,3119.52
8137,2026-02-09,3188.19
8137,2026-02-16,3247.05
8137,2026-02-23,3413.82
8137,2026-03-02,3232.33
8137,2026-03-09,3109.71
8137,2026-03-16,3099.9
8137,2026-03-23,3198.0
8137,2026-03-30,3135.0
8137,2026-04-06,3110.0
8137,2026-04-13,3210.0
8137,2026-04-20,3215.0
8137,2026-04-27,3185.0
8137,2026-05-04,3255.0
8137,2026-05-11,3680.0
8137,2026-05-18,3740.0
8137,2026-05-25,3850.0
8137,2026-06-01,3870.0
8137,2026-06-08,3645.0
8137,2026-06-15,3795.0
8137,2026-06-22,3605.0
8137,2026-06-29,3865.0
8137,2026-07-06,3870.0
8137,2026-07-13,3655.0
8137,2026-07-20,3840.0
8137,2026-07-27,3605.0
8137,2026-08-03,3970.0
8137,2026-08-10,4180.0
8137,2026-08-17,3960.0
8137,2026-08-24,4210.0
8150,2025-09-08,2661.84
8150,2025-09-15,2660.91
8150,2025-09-22,2665.59
8150,2025-09-29,2583.98
8150,2025-10-06,2539.38
8150,2025-10-13,2531.78
8150,2025-10-20,2610.55
8150,2025-10-27,2774.71
8150,2025-11-03,2813.62
8150,2025-11-10,2870.56
8150,2025-11-17,2865.81
8150,2025-11-24,2941.73
8150,2025-12-01,2889.54
8150,2025-12-08,2955.96
8150,2025-12-15,2899.03
8150,2025-12-22,2970.2
8150,2025-12-29,2970.2
8150,2026-01-05,2993.92
8150,2026-01-12,3098.3
8150,2026-01-19,3050.86
8150,2026-01-26,2965.45
8150,2026-02-02,2932.24
8150,2026-02-09,2955.96
8150,2026-02-16,2970.2
8150,2026-02-23,3074.58
8150,2026-03-02,2899.03
8150,2026-03-09,2811.72
8150,2026-03-16,2799.39
8150,2026-03-23,2788.0
8150,2026-03-30,2744.0
8150,2026-04-06,2777.0
8150,2026-04-13,2786.0
8150,2026-04-20,2665.0
8150,2026-04-27,2691.0
8150,2026-05-04,2745.0
8150,2026-05-11,2597.0
8150,2026-05-18,2811.0
8150,2026-05-25,2811.0
8150,2026-06-01,2854.0
8150,2026-06-08,2712.0
8150,2026-06-15,2757.0
8150,2026-06-22,2719.0
8150,2026-06-29,2809.0
8150,2026-07-06,2859.0
8150,2026-07-13,2781.0
8150,2026-07-20,2882.0
8150,2026-07-27,2907.0
8150,2026-08-03,3055.0
8150,2026-08-10,3130.0
8150,2026-08-17,3105.0
8150,2026-08-24,3295.0
8163,2025-09-08,1257.21
8163,2025-09-15,1258.2
8163,2025-09-22,1283.01
8163,2025-09-29,1198.66
8163,2025-10-06,1183.78
8163,2025-10-13,1193.7
8163,2025-10-20,1156.0
8163,2025-10-27,1138.14
8163,2025-11-03,1156.99
8163,2025-11-10,1183.78
8163,2025-11-17,1210.57
8163,2025-11-24,1208.59
8163,2025-12-01,1197.67
8163,2025-12-08,1194.7
8163,2025-12-15,1203.63
8163,2025-12-22,1208.59
8163,2025-12-29,1199.66
8163,2026-01-05,1225.46
8163,2026-01-12,1250.26
8163,2026-01-19,1226.45
8163,2026-01-26,1235.38
8163,2026-02-02,1274.08
8163,2026-02-09,1256.22
8163,2026-02-16,1241.33
8163,2026-02-23,1260.19
8163,2026-03-02,1241.33
8163,2026-03-09,1233.39
8163,2026-03-16,1252.25
8163,2026-03-23,1284.0
8163,2026-03-30,1258.0
8163,2026-04-06,1231.0
8163,2026-04-13,1206.0
8163,2026-04-20,1169.0
8163,2026-04-27,1196.0
8163,2026-05-04,1198.0
8163,2026-05-11,1190.0
8163,2026-05-18,1178.0
8163,2026-05-25,1169.0
8163,2026-06-01,1155.0
8163,2026-06-08,1187.0
8163,2026-06-15,1200.0
8163,2026-06-22,1223.0
8163,2026-06-29,1242.0
8163,2026-07-06,1264.0
8163,2026-07-13,1293.0
8163,2026-07-20,1328.0
8163,2026-07-27,1434.0
8163,2026-08-03,1515.0
8163,2026-08-10,1480.0
8163,2026-08-17,1531.0
8163,2026-08-24,1577.0
8173,2025-09-08,2472.22
8173,2025-09-15,2516.59
8173,2025-09-22,2589.9
8173,2025-09-29,2467.04
8173,2025-10-06,2464.09
8173,2025-10-13,2609.55
8173,2025-10-20,2664.59
8173,2025-10-27,2626.26
8173,2025-11-03,2560.41
8173,2025-11-10,2546.65
8173,2025-11-17,2626.26
8173,2025-11-24,2670.49
8173,2025-12-01,2578.1
8173,2025-12-08,2584.98
8173,2025-12-15,2609.55
8173,2025-12-22,2668.53
8173,2025-12-29,2666.56
8173,2026-01-05,2647.89
8173,2026-01-12,2682.29
8173,2026-01-19,2671.47
8173,2026-01-26,2698.01
8173,2026-02-02,2685.24
8173,2026-02-09,2726.52
8173,2026-02-16,2752.07
8173,2026-02-23,2793.35
8173,2026-03-02,2771.73
8173,2026-03-09,2733.4
8173,2026-03-16,2720.62
8173,2026-03-23,2871.0
8173,2026-03-30,2900.0
8173,2026-04-06,2988.0
8173,2026-04-13,2886.0
8173,2026-04-20,2902.0
8173,2026-04-27,2990.0
8173,2026-05-04,2921.0
8173,2026-05-11,2975.0
8173,2026-05-18,3070.0
8173,2026-05-25,3070.0
8173,2026-06-01,3460.0
8173,2026-06-08,3785.0
8173,2026-06-15,3830.0
8173,2026-06-22,3925.0
8173,2026-06-29,3655.0
8173,2026-07-06,3470.0
8173,2026-07-13,3565.0
8173,2026-07-20,3770.0
8173,2026-07-27,3945.0
8173,2026-08-03,4050.0
8173,2026-08-10,4130.0
8173,2026-08-17,4295.0
8173,2026-08-24,4330.0
8207,2025-09-08,292.0
8207,2025-09-15,291.0
8207,2025-09-22,294.0
8207,2025-09-29,276.0
8207,2025-10-06,276.0
8207,2025-10-13,276.0
8207,2025-10-20,277.0
8207,2025-10-27,277.0
8207,2025-11-03,276.0
8207,2025-11-10,278.0
8207,2025-11-17,279.0
8207,2025-11-24,280.0
8207,2025-12-01,282.0
8207,2025-12-08,283.0
8207,2025-12-15,283.0
8207,2025-12-22,284.0
8207,2025-12-29,286.0
8207,2026-01-05,292.0
8207,2026-01-12,292.0
8207,2026-01-19,292.0
8207,2026-01-26,291.0
8207,2026-02-02,291.0
8207,2026-02-09,291.0
8207,2026-02-16,291.0
8207,2026-02-23,298.0
8207,2026-03-02,297.0
8207,2026-03-09,298.0
8207,2026-03-16,298.0
8207,2026-03-23,300.0
8207,2026-03-30,288.0
8207,2026-04-06,287.0
8207,2026-04-13,286.0
8207,2026-04-20,286.0
8207,2026-04-27,285.0
8207,2026-05-04,285.0
8207,2026-05-11,282.0
8207,2026-05-18,281.0
8207,2026-05-25,282.0
8207,2026-06-01,282.0
8207,2026-06-08,283.0
8207,2026-06-15,285.0
8207,2026-06-22,283.0
8207,2026-06-29,288.0
8207,2026-07-06,293.0
8207,2026-07-13,293.0
8207,2026-07-20,293.0
8207,2026-07-27,294.0
8207,2026-08-03,293.0
8207,2026-08-10,295.0
8207,2026-08-17,296.0
8207,2026-08-24,303.0
8242,2025-09-08,2203.09
8242,2025-09-15,2186.91
8242,2025-09-22,2227.12
8242,2025-09-29,2122.64
8242,2025-10-06,2011.73
8242,2025-10-13,2042.43
8242,2025-10-20,2068.18
8242,2025-10-27,2068.18
8242,2025-11-03,2081.55
8242,2025-11-10,2144.43
8242,2025-11-17,2127.1
8242,2025-11-24,2152.85
8242,2025-12-01,2063.23
8242,2025-12-08,2064.22
8242,2025-12-15,2097.39
8242,2025-12-22,2042.93
8242,2025-12-29,2034.51
8242,2026-01-05,2089.47
8242,2026-01-12,2117.2
8242,2026-01-19,2166.71
8242,2026-01-26,2091.45
8242,2026-02-02,2310.3
8242,2026-02-09,2422.2
8242,2026-02-16,2463.79
8242,2026-02-23,2427.65
8242,2026-03-02,2295.44
8242,2026-03-09,2250.39
8242,2026-03-16,2290.49
8242,2026-03-23,2442.5
8242,2026-03-30,2563.5
8242,2026-04-06,2547.5
8242,2026-04-13,2475.0
8242,2026-04-20,2318.5
8242,2026-04-27,2274.0
8242,2026-05-04,2316.0
8242,2026-05-11,2517.0
8242,2026-05-18,2574.5
8242,2026-05-25,2496.0
8242,2026-06-01,2529.5
8242,2026-06-08,2627.0
8242,2026-06-15,2574.0
8242,2026-06-22,2871.5
8242,2026-06-29,2870.0
8242,2026-07-06,2797.0
8242,2026-07-13,2838.5
8242,2026-07-20,2763.5
8242,2026-07-27,2863.5
8242,2026-08-03,2791.0
8242,2026-08-10,2867.5
8242,2026-08-17,2954.0
8242,2026-08-24,3037.0
8334,2025-09-08,1562.7
8334,2025-09-15,1514.76
8334,2025-09-22,1640.67
8334,2025-09-29,1580.52
8334,2025-10-06,1547.98
8334,2025-10-13,1503.12
8334,2025-10-20,1561.79
8334,2025-10-27,1578.55
8334,2025-11-03,1576.58
8334,2025-11-10,1613.06
8334,2025-11-17,1622.92
8334,2025-11-24,1710.18
8334,2025-12-01,1710.67
8334,2025-12-08,1701.8
8334,2025-12-15,1746.17
8334,2025-12-22,1701.8
8334,2025-12-29,1703.28
8334,2026-01-05,1786.1
8334,2026-01-12,1909.84
8334,2026-01-19,1922.16
8334,2026-01-26,1912.3
8334,2026-02-02,2142.53
8334,2026-02-09,2199.72
8334,2026-02-16,2174.57
8334,2026-02-23,2230.28
8334,2026-03-02,2104.08
8334,2026-03-09,2071.05
8334,2026-03-16,2095.2
8334,2026-03-23,2250.0
8334,2026-03-30,2231.5
8334,2026-04-06,2269.0
8334,2026-04-13,2214.0
8334,2026-04-20,2030.0
8334,2026-04-27,2157.0
8334,2026-05-04,2164.0
8334,2026-05-11,2232.0
8334,2026-05-18,2316.0
8334,2026-05-25,2260.0
8334,2026-06-01,2262.5
8334,2026-06-08,2343.5
8334,2026-06-15,2316.5
8334,2026-06-22,2334.0
8334,2026-06-29,2419.0
8334,2026-07-06,2492.5
8334,2026-07-13,2436.5
8334,2026-07-20,2609.0
8334,2026-07-27,2538.5
8334,2026-08-03,2595.0
8334,2026-08-10,2765.0
8334,2026-08-17,2701.0
8334,2026-08-24,2830.5
8341,2025-09-08,1880.03
8341,2025-09-15,1875.19
8341,2025-09-22,2016.99
8341,2025-09-29,2007.8
8341,2025-10-06,1905.73
8341,2025-10-13,1867.34
8341,2025-10-20,2045.21
8341,2025-10-27,2170.9
8341,2025-11-03,2186.0
8341,2025-11-10,2259.51
8341,2025-11-17,2266.73
8341,2025-11-24,2369.12
8341,2025-12-01,2447.88
8341,2025-12-08,2440.67
8341,2025-12-15,2502.69
8341,2025-12-22,2482.34
8341,2025-12-29,2474.8
8341,2026-01-05,2644.46
8341,2026-01-12,2849.25
8341,2026-01-19,2864.02
8341,2026-01-26,2775.08
8341,2026-02-02,2999.23
8341,2026-02-09,3160.69
8341,2026-02-16,3225.34
8341,2026-02-23,3228.29
8341,2026-03-02,3020.89
8341,2026-03-09,2980.19
8341,2026-03-16,2969.36
8341,2026-03-23,3119.67
8341,2026-03-30,3211.0
8341,2026-04-06,3262.0
8341,2026-04-13,3279.0
8341,2026-04-20,2929.5
8341,2026-04-27,3004.0
8341,2026-05-04,2987.5
8341,2026-05-11,3141.0
8341,2026-05-18,3201.0
8341,2026-05-25,3154.0
8341,2026-06-01,3174.0
8341,2026-06-08,3267.0
8341,2026-06-15,3317.0
8341,2026-06-22,3335.0
8341,2026-06-29,3519.0
8341,2026-07-06,3515.0
8341,2026-07-13,3311.0
8341,2026-07-20,3631.0
8341,2026-07-27,3495.0
8341,2026-08-03,3661.0
8341,2026-08-10,3837.0
8341,2026-08-17,3736.0
8341,2026-08-24,3950.0
8368,2025-09-08,867.64
8368,2025-09-15,857.92
8368,2025-09-22,893.9
8368,2025-09-29,891.93
8368,2025-10-06,884.04
8368,2025-10-13,918.57
8368,2025-10-20,920.54
8368,2025-10-27,942.25
8368,2025-11-03,938.3
8368,2025-11-10,956.06
8368,2025-11-17,980.73
8368,2025-11-24,1029.08
8368,2025-12-01,1035.98
8368,2025-12-08,1077.42
8368,2025-12-15,1111.95
8368,2025-12-22,1107.02
8368,2025-12-29,1130.7
8368,2026-01-05,1194.83
8368,2026-01-12,1313.23
8368,2026-01-19,1464.19
8368,2026-01-26,1384.27
8368,2026-02-02,1498.72
8368,2026-02-09,1536.21
8368,2026-02-16,1536.21
8368,2026-02-23,1677.3
8368,2026-03-02,1553.97
8368,2026-03-09,1507.6
8368,2026-03-16,1483.92
8368,2026-03-23,1552.0
8368,2026-03-30,1596.0
8368,2026-04-06,1805.0
8368,2026-04-13,1887.0
8368,2026-04-20,1692.0
8368,2026-04-27,1811.0
8368,2026-05-04,1809.0
8368,2026-05-11,1953.0
8368,2026-05-18,1972.0
8368,2026-05-25,1906.0
8368,2026-06-01,1924.0
8368,2026-06-08,1945.0
8368,2026-06-15,1890.0
8368,2026-06-22,1960.0
8368,2026-06-29,2081.0
8368,2026-07-06,2064.0
8368,2026-07-13,1924.0
8368,2026-07-20,2080.0
8368,2026-07-27,2017.0
8368,2026-08-03,2121.0
8368,2026-08-10,2308.0
8368,2026-08-17,2256.0
8368,2026-08-24,2443.0
8387,2025-09-08,1415.0
8387,2025-09-15,1383.06
8387,2025-09-22,1425.64
8387,2025-09-29,1397.03
8387,2025-10-06,1378.29
8387,2025-10-13,1376.31
8387,2025-10-20,1400.98
8387,2025-10-27,1435.51
8387,2025-11-03,1471.03
8387,2025-11-10,1495.69
8387,2025-11-17,1507.53
8387,2025-11-24,1642.7
8387,2025-12-01,1627.9
8387,2025-12-08,1635.79
8387,2025-12-15,1694.99
8387,2025-12-22,1708.8
8387,2025-12-29,1734.45
8387,2026-01-05,1866.66
8387,2026-01-12,1951.51
8387,2026-01-19,2011.69
8387,2026-01-26,2007.74
8387,2026-02-02,2284.98
8387,2026-02-09,2309.64
8387,2026-02-16,2375.75
8387,2026-02-23,2420.14
8387,2026-03-02,2272.15
8387,2026-03-09,2253.41
8387,2026-03-16,2273.14
8387,2026-03-23,2357.0
8387,2026-03-30,2361.0
8387,2026-04-06,2477.0
8387,2026-04-13,2700.0
8387,2026-04-20,2489.0
8387,2026-04-27,2548.0
8387,2026-05-04,2552.0
8387,2026-05-11,2694.0
8387,2026-05-18,2826.0
8387,2026-05-25,2749.0
8387,2026-06-01,2750.0
8387,2026-06-08,2893.0
8387,2026-06-15,2750.0
8387,2026-06-22,2942.0
8387,2026-06-29,3140.0
8387,2026-07-06,3135.0
8387,2026-07-13,3095.0
8387,2026-07-20,3465.0
8387,2026-07-27,3330.0
8387,2026-08-03,3515.0
8387,2026-08-10,3545.0
8387,2026-08-17,3370.0
8387,2026-08-24,3615.0
8388,2025-09-08,3463.03
8388,2025-09-15,3424.22
8388,2025-09-22,3560.03
8388,2025-09-29,3584.68
8388,2025-10-06,3495.93
8388,2025-10-13,3495.93
8388,2025-10-20,3545.24
8388,2025-10-27,3589.61
8388,2025-11-03,3643.85
8388,2025-11-10,3772.05
8388,2025-11-17,3860.81
8388,2025-11-24,4092.55
8388,2025-12-01,4161.59
8388,2025-12-08,4171.45
8388,2025-12-15,4289.79
8388,2025-12-22,4230.62
8388,2025-12-29,4324.3
8388,2026-01-05,4546.19
8388,2026-01-12,4916.0
8388,2026-01-19,4989.96
8388,2026-01-26,5118.16
8388,2026-02-02,5581.65
8388,2026-02-09,5709.85
8388,2026-02-16,5729.58
8388,2026-02-23,5907.08
8388,2026-03-02,5552.07
8388,2026-03-09,5384.42
8388,2026-03-16,5650.68
8388,2026-03-23,5877.5
8388,2026-03-30,6120.0
8388,2026-04-06,6510.0
8388,2026-04-13,6630.0
8388,2026-04-20,6170.0
8388,2026-04-27,6270.0
8388,2026-05-04,6160.0
8388,2026-05-11,6720.0
8388,2026-05-18,6870.0
8388,2026-05-25,6700.0
8388,2026-06-01,6750.0
8388,2026-06-08,6990.0
8388,2026-06-15,6820.0
8388,2026-06-22,7070.0
8388,2026-06-29,7540.0
8388,2026-07-06,7530.0
8388,2026-07-13,7630.0
8388,2026-07-20,8680.0
8388,2026-07-27,8340.0
8388,2026-08-03,8930.0
8388,2026-08-10,9320.0
8388,2026-08-17,9000.0
8388,2026-08-24,10200.0
8392,2025-09-08,976.96
8392,2025-09-15,960.39
8392,2025-09-22,998.41
8392,2025-09-29,1001.39
8392,2025-10-06,955.78
8392,2025-10-13,961.73
8392,2025-10-20,993.46
8392,2025-10-27,1009.32
8392,2025-11-03,1029.15
8392,2025-11-10,1064.84
8392,2025-11-17,1048.98
8392,2025-11-24,1156.06
8392,2025-12-01,1221.5
8392,2025-12-08,1219.51
8392,2025-12-15,1259.17
8392,2025-12-22,1237.36
8392,2025-12-29,1286.93
8392,2026-01-05,1384.1
8392,2026-01-12,1487.21
8392,2026-01-19,1598.26
8392,2026-01-26,1622.05
8392,2026-02-02,1867.94
8392,2026-02-09,1895.7
8392,2026-02-16,1917.51
8392,2026-02-23,1988.9
8392,2026-03-02,1963.12
8392,2026-03-09,1873.89
8392,2026-03-16,1893.72
8392,2026-03-23,1977.0
8392,2026-03-30,1873.0
8392,2026-04-06,2110.0
8392,2026-04-13,2164.0
8392,2026-04-20,1980.0
8392,2026-04-27,2103.0
8392,2026-05-04,2132.0
8392,2026-05-11,2209.0
8392,2026-05-18,2258.0
8392,2026-05-25,2254.0
8392,2026-06-01,2241.0
8392,2026-06-08,2390.0
8392,2026-06-15,2264.0
8392,2026-06-22,2336.0
8392,2026-06-29,2547.0
8392,2026-07-06,2509.0
8392,2026-07-13,2443.0
8392,2026-07-20,2790.0
8392,2026-07-27,2565.0
8392,2026-08-03,2712.0
8392,2026-08-10,2843.0
8392,2026-08-17,2763.0
8392,2026-08-24,2902.0
8393,2025-09-08,872.42
8393,2025-09-15,859.82
8393,2025-09-22,896.65
8393,2025-09-29,886.76
8393,2025-10-06,864.03
8393,2025-10-13,872.92
8393,2025-10-20,906.54
8393,2025-10-27,917.41
8393,2025-11-03,1008.36
8393,2025-11-10,1028.13
8393,2025-11-17,1020.22
8393,2025-11-24,1126.99
8393,2025-12-01,1178.4
8393,2025-12-08,1190.26
8393,2025-12-15,1227.83
8393,2025-12-22,1235.74
8393,2025-12-29,1293.07
8393,2026-01-05,1399.84
8393,2026-01-12,1494.75
8393,2026-01-19,1583.72
8393,2026-01-26,1536.27
8393,2026-02-02,1743.87
8393,2026-02-09,1872.39
8393,2026-02-16,1874.37
8393,2026-02-23,1921.82
8393,2026-03-02,1832.84
8393,2026-03-09,1741.89
8393,2026-03-16,1779.46
8393,2026-03-23,1906.0
8393,2026-03-30,1844.0
8393,2026-04-06,2017.0
8393,2026-04-13,2117.0
8393,2026-04-20,1929.0
8393,2026-04-27,1955.0
8393,2026-05-04,1952.0
8393,2026-05-11,1996.0
8393,2026-05-18,2050.0
8393,2026-05-25,1856.0
8393,2026-06-01,1943.0
8393,2026-06-08,2130.0
8393,2026-06-15,1998.0
8393,2026-06-22,2124.0
8393,2026-06-29,2222.0
8393,2026-07-06,2194.0
8393,2026-07-13,2147.0
8393,2026-07-20,2478.0
8393,2026-07-27,2339.0
8393,2026-08-03,2389.0
8393,2026-08-10,2497.0
8393,2026-08-17,2440.0
8393,2026-08-24,2544.0
8522,2025-09-08,3345.79
8522,2025-09-15,3255.53
8522,2025-09-22,3368.35
8522,2025-09-29,3316.03
8522,2025-10-06,3379.79
8522,2025-10-13,3379.79
8522,2025-10-20,3634.87
8522,2025-10-27,3860.52
8522,2025-11-03,3909.57
8522,2025-11-10,3939.01
8522,2025-11-17,3924.29
8522,2025-11-24,4292.19
8522,2025-12-01,4341.25
8522,2025-12-08,4351.06
8522,2025-12-15,4419.73
8522,2025-12-22,4238.23
8522,2025-12-29,4272.57
8522,2026-01-05,4552.18
8522,2026-01-12,4758.2
8522,2026-01-19,4993.66
8522,2026-01-26,4797.44
8522,2026-02-02,5484.2
8522,2026-02-09,5631.36
8522,2026-02-16,5405.71
8522,2026-02-23,5817.76
8522,2026-03-02,5484.2
8522,2026-03-09,5258.55
8522,2026-03-16,5287.98
8522,2026-03-23,6220.0
8522,2026-03-30,5800.0
8522,2026-04-06,5880.0
8522,2026-04-13,5990.0
8522,2026-04-20,5690.0
8522,2026-04-27,5780.0
8522,2026-05-04,5830.0
8522,2026-05-11,6150.0
8522,2026-05-18,6060.0
8522,2026-05-25,5860.0
8522,2026-06-01,5840.0
8522,2026-06-08,5970.0
8522,2026-06-15,5800.0
8522,2026-06-22,5910.0
8522,2026-06-29,6300.0
8522,2026-07-06,6460.0
8522,2026-07-13,6260.0
8522,2026-07-20,6890.0
8522,2026-07-27,6510.0
8522,2026-08-03,6450.0
8522,2026-08-10,6870.0
8522,2026-08-17,6980.0
8522,2026-08-24,7180.0
8551,2025-09-08,3703.34
8551,2025-09-15,3645.85
8551,2025-09-22,3808.74
8551,2025-09-29,3646.25
8551,2025-10-06,3553.26
8551,2025-10-13,3519.0
8551,2025-10-20,3665.82
8551,2025-10-27,3695.19
8551,2025-11-03,3675.61
8551,2025-11-10,4023.11
8551,2025-11-17,4116.1
8551,2025-11-24,4287.4
8551,2025-12-01,4204.2
8551,2025-12-08,4199.3
8551,2025-12-15,4238.46
8551,2025-12-22,4292.29
8551,2025-12-29,4424.44
8551,2026-01-05,4644.68
8551,2026-01-12,4904.08
8551,2026-01-19,4972.6
8551,2026-01-26,4585.95
8551,2026-02-02,4889.4
8551,2026-02-09,5119.43
8551,2026-02-16,5099.85
8551,2026-02-23,5187.95
8551,2026-03-02,4757.25
8551,2026-03-09,4561.48
8551,2026-03-16,4507.64
8551,2026-03-23,4630.0
8551,2026-03-30,4675.0
8551,2026-04-06,4900.0
8551,2026-04-13,5040.0
8551,2026-04-20,4660.0
8551,2026-04-27,4755.0
8551,2026-05-04,4785.0
8551,2026-05-11,5240.0
8551,2026-05-18,5500.0
8551,2026-05-25,5440.0
8551,2026-06-01,5320.0
8551,2026-06-08,5410.0
8551,2026-06-15,5200.0
8551,2026-06-22,5260.0
8551,2026-06-29,5680.0
8551,2026-07-06,5700.0
8551,2026-07-13,6030.0
8551,2026-07-20,6790.0
8551,2026-07-27,6650.0
8551,2026-08-03,6710.0
8551,2026-08-10,7380.0
8551,2026-08-17,7490.0
8551,2026-08-24,8080.0
8566,2025-09-08,5682.91
8566,2025-09-15,5750.79
8566,2025-09-22,5886.56
8566,2025-09-29,5610.94
8566,2025-10-06,5650.31
8566,2025-10-13,5709.38
8566,2025-10-20,5709.38
8566,2025-10-27,5571.56
8566,2025-11-03,5473.12
8566,2025-11-10,5571.56
8566,2025-11-17,5670.0
8566,2025-11-24,5729.06
8566,2025-12-01,5591.25
8566,2025-12-08,5670.0
8566,2025-12-15,5660.16
8566,2025-12-22,5729.06
8566,2025-12-29,5748.75
8566,2026-01-05,5935.78
8566,2026-01-12,6004.69
8566,2026-01-19,5955.47
8566,2026-01-26,5896.41
8566,2026-02-02,5827.5
8566,2026-02-09,6083.44
8566,2026-02-16,6063.75
8566,2026-02-23,6309.84
8566,2026-03-02,6053.91
8566,2026-03-09,5866.88
8566,2026-03-16,5916.09
8566,2026-03-23,5985.0
8566,2026-03-30,5930.0
8566,2026-04-06,6020.0
8566,2026-04-13,6170.0
8566,2026-04-20,6030.0
8566,2026-04-27,6120.0
8566,2026-05-04,5960.0
8566,2026-05-11,6300.0
8566,2026-05-18,6000.0
8566,2026-05-25,6040.0
8566,2026-06-01,6000.0
8566,2026-06-08,6200.0
8566,2026-06-15,6150.0
8566,2026-06-22,6050.0
8566,2026-06-29,6240.0
8566,2026-07-06,6430.0
8566,2026-07-13,6580.0
8566,2026-07-20,6690.0
8566,2026-07-27,6720.0
8566,2026-08-03,6630.0
8566,2026-08-10,6620.0
8566,2026-08-17,6760.0
8566,2026-08-24,6880.0
8616,2025-09-08,548.8
8616,2025-09-15,551.59
8616,2025-09-22,570.16
8616,2025-09-29,549.94
8616,2025-10-06,557.64
8616,2025-10-13,557.64
8616,2025-10-20,556.68
8616,2025-10-27,550.9
8616,2025-11-03,568.23
8616,2025-11-10,589.42
8616,2025-11-17,597.13
8616,2025-11-24,623.13
8616,2025-12-01,619.28
8616,2025-12-08,647.21
8616,2025-12-15,641.43
8616,2025-12-22,659.73
8616,2025-12-29,661.66
8616,2026-01-05,689.59
8616,2026-01-12,724.26
8616,2026-01-19,715.59
8616,2026-01-26,712.7
8616,2026-02-02,726.18
8616,2026-02-09,738.7
8616,2026-02-16,744.48
8616,2026-02-23,799.38
8616,2026-03-02,732.93
8616,2026-03-09,714.63
8616,2026-03-16,720.41
8616,2026-03-23,731.0
8616,2026-03-30,737.0
8616,2026-04-06,750.0
8616,2026-04-13,755.0
8616,2026-04-20,716.0
8616,2026-04-27,688.0
8616,2026-05-04,692.0
8616,2026-05-11,710.0
8616,2026-05-18,704.0
8616,2026-05-25,694.0
8616,2026-06-01,709.0
8616,2026-06-08,728.0
8616,2026-06-15,740.0
8616,2026-06-22,764.0
8616,2026-06-29,766.0
8616,2026-07-06,776.0
8616,2026-07-13,778.0
8616,2026-07-20,812.0
8616,2026-07-27,802.0
8616,2026-08-03,822.0
8616,2026-08-10,837.0
8616,2026-08-17,853.0
8616,2026-08-24,920.0
8876,2025-09-08,1712.27
8876,2025-09-15,1748.45
8876,2025-09-22,1771.61
8876,2025-09-29,1631.21
8876,2025-10-06,1633.14
8876,2025-10-13,1616.74
8876,2025-10-20,1621.08
8876,2025-10-27,1599.85
8876,2025-11-03,1597.92
8876,2025-11-10,1715.16
8876,2025-11-17,1664.99
8876,2025-11-24,1654.86
8876,2025-12-01,1615.78
8876,2025-12-08,1623.49
8876,2025-12-15,1665.47
8876,2025-12-22,1677.05
8876,2025-12-29,1655.34
8876,2026-01-05,1692.49
8876,2026-01-12,1731.57
8876,2026-01-19,1747.01
8876,2026-01-26,1690.56
8876,2026-02-02,1724.81
8876,2026-02-09,1772.58
8876,2026-02-16,1785.6
8876,2026-02-23,1858.46
8876,2026-03-02,1860.87
8876,2026-03-09,1852.67
8876,2026-03-16,1891.26
8876,2026-03-23,1898.5
8876,2026-03-30,1998.0
8876,2026-04-06,1945.0
8876,2026-04-13,1974.0
8876,2026-04-20,1958.0
8876,2026-04-27,1927.0
8876,2026-05-04,1916.0
8876,2026-05-11,2034.5
8876,2026-05-18,1970.5
8876,2026-05-25,1841.5
8876,2026-06-01,1804.0
8876,2026-06-08,1816.0
8876,2026-06-15,1781.5
8876,2026-06-22,1887.0
8876,2026-06-29,2058.0
8876,2026-07-06,2089.0
8876,2026-07-13,2013.0
8876,2026-07-20,2000.5
8876,2026-07-27,2014.0
8876,2026-08-03,2132.5
8876,2026-08-10,2161.0
8876,2026-08-17,2162.0
8876,2026-08-24,2179.0
8897,2025-09-08,379.61
8897,2025-09-15,376.76
8897,2025-09-22,381.51
8897,2025-09-29,369.98
8897,2025-10-06,367.09
8897,2025-10-13,371.9
8897,2025-10-20,369.98
8897,2025-10-27,365.17
8897,2025-11-03,369.01
8897,2025-11-10,370.94
8897,2025-11-17,369.98
8897,2025-11-24,371.9
8897,2025-12-01,360.37
8897,2025-12-08,362.29
8897,2025-12-15,366.13
8897,2025-12-22,370.94
8897,2025-12-29,371.9
8897,2026-01-05,380.55
8897,2026-01-12,384.39
8897,2026-01-19,377.66
8897,2026-01-26,378.62
8897,2026-02-02,382.47
8897,2026-02-09,397.84
8897,2026-02-16,394.96
8897,2026-02-23,406.49
8897,2026-03-02,397.84
8897,2026-03-09,392.08
8897,2026-03-16,391.12
8897,2026-03-23,394.0
8897,2026-03-30,421.0
8897,2026-04-06,426.0
8897,2026-04-13,424.0
8897,2026-04-20,401.0
8897,2026-04-27,398.0
8897,2026-05-04,401.0
8897,2026-05-11,394.0
8897,2026-05-18,422.0
8897,2026-05-25,414.0
8897,2026-06-01,410.0
8897,2026-06-08,411.0
8897,2026-06-15,404.0
8897,2026-06-22,401.0
8897,2026-06-29,404.0
8897,2026-07-06,411.0
8897,2026-07-13,411.0
8897,2026-07-20,410.0
8897,2026-07-27,411.0
8897,2026-08-03,411.0
8897,2026-08-10,459.0
8897,2026-08-17,457.0
8897,2026-08-24,462.0
8935,2025-09-08,1536.77
8935,2025-09-15,1520.45
8935,2025-09-22,1553.09
8935,2025-09-29,1493.51
8935,2025-10-06,1458.34
8935,2025-10-13,1473.97
8935,2025-10-20,1536.49
8935,2025-10-27,1474.95
8935,2025-11-03,1383.13
8935,2025-11-10,1418.29
8935,2025-11-17,1446.62
8935,2025-11-24,1433.92
8935,2025-12-01,1368.48
8935,2025-12-08,1359.69
8935,2025-12-15,1374.34
8935,2025-12-22,1411.46
8935,2025-12-29,1414.39
8935,2026-01-05,1468.11
8935,2026-01-12,1507.18
8935,2026-01-19,1469.09
8935,2026-01-26,1430.99
8935,2026-02-02,1666.4
8935,2026-02-09,1780.68
8935,2026-02-16,1829.52
8935,2026-02-23,1902.78
8935,2026-03-02,1771.89
8935,2026-03-09,1680.07
8935,2026-03-16,1636.12
8935,2026-03-23,1599.0
8935,2026-03-30,1591.0
8935,2026-04-06,1615.0
8935,2026-04-13,1546.0
8935,2026-04-20,1504.0
8935,2026-04-27,1489.0
8935,2026-05-04,1484.0
8935,2026-05-11,1703.0
8935,2026-05-18,1798.0
8935,2026-05-25,1867.0
8935,2026-06-01,1786.0
8935,2026-06-08,1752.0
8935,2026-06-15,1756.0
8935,2026-06-22,1749.0
8935,2026-06-29,1788.0
8935,2026-07-06,1826.0
8935,2026-07-13,1781.0
8935,2026-07-20,1832.0
8935,2026-07-27,1910.0
8935,2026-08-03,1922.0
8935,2026-08-10,2024.0
8935,2026-08-17,2038.0
8935,2026-08-24,2073.0
9244,2025-09-08,1252.0
9244,2025-09-15,1245.0
9244,2025-09-22,1271.0
9244,2025-09-29,972.0
9244,2025-10-06,955.0
9244,2025-10-13,950.0
9244,2025-10-20,988.0
9244,2025-10-27,951.0
9244,2025-11-03,912.0
9244,2025-11-10,974.0
9244,2025-11-17,868.0
9244,2025-11-24,895.0
9244,2025-12-01,871.0
9244,2025-12-08,873.0
9244,2025-12-15,913.0
9244,2025-12-22,904.0
9244,2025-12-29,931.0
9244,2026-01-05,968.0
9244,2026-01-12,1009.0
9244,2026-01-19,1028.0
9244,2026-01-26,1014.0
9244,2026-02-02,999.0
9244,2026-02-09,1056.0
9244,2026-02-16,1014.0
9244,2026-02-23,1020.0
9244,2026-03-02,986.0
9244,2026-03-09,950.0
9244,2026-03-16,945.0
9244,2026-03-23,1023.0
9244,2026-03-30,997.0
9244,2026-04-06,1010.0
9244,2026-04-13,1029.0
9244,2026-04-20,1019.0
9244,2026-04-27,1048.0
9244,2026-05-04,1033.0
9244,2026-05-11,971.0
9244,2026-05-18,1063.0
9244,2026-05-25,1049.0
9244,2026-06-01,1043.0
9244,2026-06-08,1008.0
9244,2026-06-15,1020.0
9244,2026-06-22,1164.0
9244,2026-06-29,1240.0
9244,2026-07-06,1270.0
9244,2026-07-13,1196.0
9244,2026-07-20,1178.0
9244,2026-07-27,1271.0
9244,2026-08-03,1283.0
9244,2026-08-10,1205.0
9244,2026-08-17,1267.0
9244,2026-08-24,1386.0
9251,2025-09-08,953.73
9251,2025-09-15,1179.99
9251,2025-09-22,1305.05
9251,2025-09-29,1273.55
9251,2025-10-06,1247.77
9251,2025-10-13,1240.13
9251,2025-10-20,1256.36
9251,2025-10-27,1097.0
9251,2025-11-03,1067.0
9251,2025-11-10,1092.0
9251,2025-11-17,1087.0
9251,2025-11-24,1112.0
9251,2025-12-01,1100.0
9251,2025-12-08,1102.0
9251,2025-12-15,1155.0
9251,2025-12-22,1183.0
9251,2025-12-29,1204.0
9251,2026-01-05,1233.0
9251,2026-01-12,1209.0
9251,2026-01-19,1207.0
9251,2026-01-26,1208.0
9251,2026-02-02,1206.0
9251,2026-02-09,1223.0
9251,2026-02-16,1250.0
9251,2026-02-23,1275.0
9251,2026-03-02,1278.0
9251,2026-03-09,1255.0
9251,2026-03-16,1274.0
9251,2026-03-23,1258.0
9251,2026-03-30,1240.0
9251,2026-04-06,1219.0
9251,2026-04-13,1216.0
9251,2026-04-20,1201.0
9251,2026-04-27,1202.0
9251,2026-05-04,1208.0
9251,2026-05-11,1196.0
9251,2026-05-18,1202.0
9251,2026-05-25,1205.0
9251,2026-06-01,1211.0
9251,2026-06-08,1204.0
9251,2026-06-15,1254.0
9251,2026-06-22,1276.0
9251,2026-06-29,1326.0
9251,2026-07-06,1324.0
9251,2026-07-13,1340.0
9251,2026-07-20,1332.0
9251,2026-07-27,1367.0
9251,2026-08-03,1383.0
9251,2026-08-10,1402.0
9251,2026-08-17,1500.0
9251,2026-08-24,1580.0
9278,2025-09-08,1548.7
9278,2025-09-15,1512.25
9278,2025-09-22,1538.85
9278,2025-09-29,1456.09
9278,2025-10-06,1439.34
9278,2025-10-13,1392.06
9278,2025-10-20,1370.38
9278,2025-10-27,1305.36
9278,2025-11-03,1320.14
9278,2025-11-10,1367.43
9278,2025-11-17,1383.19
9278,2025-11-24,1386.15
9278,2025-12-01,1368.41
9278,2025-12-08,1379.25
9278,2025-12-15,1389.1
9278,2025-12-22,1465.94
9278,2025-12-29,1447.23
9278,2026-01-05,1506.34
9278,2026-01-12,1613.72
9278,2026-01-19,1614.71
9278,2026-01-26,1561.51
9278,2026-02-02,1598.94
9278,2026-02-09,1624.56
9278,2026-02-16,1850.16
9278,2026-02-23,1884.65
9278,2026-03-02,1806.82
9278,2026-03-09,1755.59
9278,2026-03-16,1719.14
9278,2026-03-23,1792.04
9278,2026-03-30,1864.94
9278,2026-04-06,1860.02
9278,2026-04-13,2137.84
9278,2026-04-20,1980.21
9278,2026-04-27,1990.06
9278,2026-05-04,1987.1
9278,2026-05-11,2019.61
9278,2026-05-18,2055.08
9278,2026-05-25,2001.0
9278,2026-06-01,1910.0
9278,2026-06-08,1954.0
9278,2026-06-15,1952.0
9278,2026-06-22,1935.0
9278,2026-06-29,1979.0
9278,2026-07-06,2084.0
9278,2026-07-13,2481.0
9278,2026-07-20,2598.0
9278,2026-07-27,2816.0
9278,2026-08-03,2959.0
9278,2026-08-10,2926.0
9278,2026-08-17,2955.0
9278,2026-08-24,3100.0
9340,2025-09-08,689.55
9340,2025-09-15,685.7
9340,2025-09-22,677.99
9340,2025-09-29,672.21
9340,2025-10-06,654.88
9340,2025-10-13,631.77
9340,2025-10-20,651.03
9340,2025-10-27,646.21
9340,2025-11-03,643.32
9340,2025-11-10,656.81
9340,2025-11-17,656.81
9340,2025-11-24,670.29
9340,2025-12-01,708.81
9340,2025-12-08,707.85
9340,2025-12-15,692.44
9340,2025-12-22,684.73
9340,2025-12-29,687.68
9340,2026-01-05,716.13
9340,2026-01-12,706.32
9340,2026-01-19,716.13
9340,2026-01-26,707.3
9340,2026-02-02,713.18
9340,2026-02-09,734.76
9340,2026-02-16,697.49
9340,2026-02-23,697.49
9340,2026-03-02,686.7
9340,2026-03-09,671.0
9340,2026-03-16,671.98
9340,2026-03-23,678.85
9340,2026-03-30,666.1
9340,2026-04-06,674.92
9340,2026-04-13,675.9
9340,2026-04-20,674.92
9340,2026-04-27,671.0
9340,2026-05-04,666.1
9340,2026-05-11,683.75
9340,2026-05-18,657.27
9340,2026-05-25,651.38
9340,2026-06-01,657.27
9340,2026-06-08,663.15
9340,2026-06-15,675.9
9340,2026-06-22,671.0
9340,2026-06-29,697.0
9340,2026-07-06,689.0
9340,2026-07-13,700.0
9340,2026-07-20,705.0
9340,2026-07-27,730.0
9340,2026-08-03,711.0
9340,2026-08-10,707.0
9340,2026-08-17,703.0
9340,2026-08-24,770.0
9432,2025-09-08,156.16
9432,2025-09-15,152.78
9432,2025-09-22,153.84
9432,2025-09-29,152.02
9432,2025-10-06,150.25
9432,2025-10-13,155.66
9432,2025-10-20,157.14
9432,2025-10-27,155.76
9432,2025-11-03,148.68
9432,2025-11-10,148.68
9432,2025-11-17,151.63
9432,2025-11-24,153.2
9432,2025-12-01,151.33
9432,2025-12-08,152.91
9432,2025-12-15,154.38
9432,2025-12-22,156.15
9432,2025-12-29,155.07
9432,2026-01-05,156.45
9432,2026-01-12,154.48
9432,2026-01-19,154.88
9432,2026-01-26,152.32
9432,2026-02-02,149.96
9432,2026-02-09,152.02
9432,2026-02-16,148.48
9432,2026-02-23,150.75
9432,2026-03-02,148.58
9432,2026-03-09,152.12
9432,2026-03-16,155.96
9432,2026-03-23,156.35
9432,2026-03-30,157.8
9432,2026-04-06,153.1
9432,2026-04-13,154.0
9432,2026-04-20,151.5
9432,2026-04-27,152.0
9432,2026-05-04,150.2
9432,2026-05-11,151.8
9432,2026-05-18,152.6
9432,2026-05-25,149.5
9432,2026-06-01,146.0
9432,2026-06-08,148.0
9432,2026-06-15,144.4
9432,2026-06-22,144.3
9432,2026-06-29,146.1
9432,2026-07-06,147.6
9432,2026-07-13,151.1
9432,2026-07-20,151.3
9432,2026-07-27,152.4
9432,2026-08-03,158.5
9432,2026-08-10,162.7
9432,2026-08-17,166.1
9432,2026-08-24,168.6
9436,2025-09-08,2567.58
9436,2025-09-15,2567.58
9436,2025-09-22,2606.71
9436,2025-09-29,2590.87
9436,2025-10-06,2601.76
9436,2025-10-13,2596.81
9436,2025-10-20,2626.51
9436,2025-10-27,2547.31
9436,2025-11-03,2579.98
9436,2025-11-10,2712.64
9436,2025-11-17,2739.37
9436,2025-11-24,2776.99
9436,2025-12-01,2735.41
9436,2025-12-08,2778.97
9436,2025-12-15,2767.09
9436,2025-12-22,2776.0
9436,2025-12-29,2803.72
9436,2026-01-05,2823.52
9436,2026-01-12,2910.64
9436,2026-01-19,3103.69
9436,2026-01-26,3207.65
9436,2026-02-02,3247.25
9436,2026-02-09,3187.85
9436,2026-02-16,3272.0
9436,2026-02-23,3321.5
9436,2026-03-02,3351.2
9436,2026-03-09,3375.95
9436,2026-03-16,3395.75
9436,2026-03-23,3470.0
9436,2026-03-30,3510.0
9436,2026-04-06,3425.0
9436,2026-04-13,3410.0
9436,2026-04-20,3375.0
9436,2026-04-27,3285.0
9436,2026-05-04,3185.0
9436,2026-05-11,3395.0
9436,2026-05-18,3570.0
9436,2026-05-25,3550.0
9436,2026-06-01,3665.0
9436,2026-06-08,3740.0
9436,2026-06-15,3650.0
9436,2026-06-22,3685.0
9436,2026-06-29,3845.0
9436,2026-07-06,3745.0
9436,2026-07-13,3735.0
9436,2026-07-20,3825.0
9436,2026-07-27,3870.0
9436,2026-08-03,4135.0
9436,2026-08-10,4000.0
9436,2026-08-17,4000.0
9436,2026-08-24,4110.0
9507,2025-09-08,1346.56
9507,2025-09-15,1301.55
9507,2025-09-22,1326.72
9507,2025-09-29,1355.31
9507,2025-10-06,1366.16
9507,2025-10-13,1375.03
9507,2025-10-20,1368.63
9507,2025-10-27,1358.76
9507,2025-11-03,1380.95
9507,2025-11-10,1420.89
9507,2025-11-17,1455.4
9507,2025-11-24,1541.18
9507,2025-12-01,1466.74
9507,2025-12-08,1449.48
9507,2025-12-15,1485.96
9507,2025-12-22,1518.01
9507,2025-12-29,1528.86
9507,2026-01-05,1542.17
9507,2026-01-12,1551.04
9507,2026-01-19,1556.47
9507,2026-01-26,1544.14
9507,2026-02-02,1606.75
9507,2026-02-09,1683.17
9507,2026-02-16,1733.95
9507,2026-02-23,1746.28
9507,2026-03-02,1597.39
9507,2026-03-09,1691.55
9507,2026-03-16,1697.47
9507,2026-03-23,1766.0
9507,2026-03-30,1827.5
9507,2026-04-06,1836.0
9507,2026-04-13,1791.0
9507,2026-04-20,1663.5
9507,2026-04-27,1541.0
9507,2026-05-04,1518.0
9507,2026-05-11,1541.5
9507,2026-05-18,1483.0
9507,2026-05-25,1458.0
9507,2026-06-01,1417.0
9507,2026-06-08,1468.5
9507,2026-06-15,1453.0
9507,2026-06-22,1478.0
9507,2026-06-29,1485.0
9507,2026-07-06,1490.5
9507,2026-07-13,1505.0
9507,2026-07-20,1548.0
9507,2026-07-27,1666.0
9507,2026-08-03,1720.5
9507,2026-08-10,1798.5
9507,2026-08-17,1889.5
9507,2026-08-24,1926.0
9508,2025-09-08,1530.68
9508,2025-09-15,1466.15
9508,2025-09-22,1484.1
9508,2025-09-29,1460.43
9508,2025-10-06,1464.37
9508,2025-10-13,1477.2
9508,2025-10-20,1511.23
9508,2025-10-27,1494.46
9508,2025-11-03,1533.92
9508,2025-11-10,1564.0
9508,2025-11-17,1614.81
9508,2025-11-24,1718.38
9508,2025-12-01,1597.05
9508,2025-12-08,1609.87
9508,2025-12-15,1654.76
9508,2025-12-22,1666.1
9508,2025-12-29,1656.24
9508,2026-01-05,1694.71
9508,2026-01-12,1746.5
9508,2026-01-19,1729.73
9508,2026-01-26,1699.15
9508,2026-02-02,1768.2
9508,2026-02-09,1837.74
9508,2026-02-16,1918.63
9508,2026-02-23,1986.7
9508,2026-03-02,1758.33
9508,2026-03-09,1746.5
9508,2026-03-16,1740.08
9508,2026-03-23,1819.0
9508,2026-03-30,1911.0
9508,2026-04-06,1819.0
9508,2026-04-13,1789.0
9508,2026-04-20,1713.5
9508,2026-04-27,1708.5
9508,2026-05-04,1751.5
9508,2026-05-11,1785.0
9508,2026-05-18,1671.0
9508,2026-05-25,1639.0
9508,2026-06-01,1643.0
9508,2026-06-08,1637.5
9508,2026-06-15,1637.0
9508,2026-06-22,1664.0
9508,2026-06-29,1703.5
9508,2026-07-06,1713.5
9508,2026-07-13,1767.5
9508,2026-07-20,1781.5
9508,2026-07-27,1779.0
9508,2026-08-03,1794.5
9508,2026-08-10,1872.5
9508,2026-08-17,1963.5
9508,2026-08-24,1968.0
9633,2025-09-08,1383.49
9633,2025-09-15,1383.49
9633,2025-09-22,1412.15
9633,2025-09-29,1383.49
9633,2025-10-06,1387.44
9633,2025-10-13,1382.5
9633,2025-10-20,1392.38
9633,2025-10-27,1430.92
9633,2025-11-03,1403.25
9633,2025-11-10,1404.24
9633,2025-11-17,1433.89
9633,2025-11-24,1408.2
9633,2025-12-01,1414.12
9633,2025-12-08,1417.09
9633,2025-12-15,1418.08
9633,2025-12-22,1469.46
9633,2025-12-29,1507.02
9633,2026-01-05,1474.41
9633,2026-01-12,1468.48
9633,2026-01-19,1475.39
9633,2026-01-26,1481.32
9633,2026-02-02,1481.32
9633,2026-02-09,1485.28
9633,2026-02-16,1508.99
9633,2026-02-23,1569.27
9633,2026-03-02,1606.83
9633,2026-03-09,1679.95
9633,2026-03-16,1677.98
9633,2026-03-23,1676.0
9633,2026-03-30,1647.0
9633,2026-04-06,1601.0
9633,2026-04-13,1578.0
9633,2026-04-20,1550.0
9633,2026-04-27,1570.0
9633,2026-05-04,1579.0
9633,2026-05-11,1633.0
9633,2026-05-18,1616.0
9633,2026-05-25,1672.0
9633,2026-06-01,1643.0
9633,2026-06-08,1659.0
9633,2026-06-15,1608.0
9633,2026-06-22,1617.0
9633,2026-06-29,1625.0
9633,2026-07-06,1631.0
9633,2026-07-13,1635.0
9633,2026-07-20,1638.0
9633,2026-07-27,1633.0
9633,2026-08-03,1646.0
9633,2026-08-10,1722.0
9633,2026-08-17,1836.0
9633,2026-08-24,1980.0
9644,2025-09-08,691.74
9644,2025-09-15,706.19
9644,2025-09-22,712.94
9644,2025-09-29,640.47
9644,2025-10-06,639.49
9644,2025-10-13,653.2
9644,2025-10-20,667.89
9644,2025-10-27,682.58
9644,2025-11-03,670.83
9644,2025-11-10,683.56
9644,2025-11-17,686.5
9644,2025-11-24,687.48
9644,2025-12-01,687.48
9644,2025-12-08,689.43
9644,2025-12-15,706.08
9644,2025-12-22,710.0
9644,2025-12-29,720.77
9644,2026-01-05,746.23
9644,2026-01-12,753.09
9644,2026-01-19,739.38
9644,2026-01-26,727.63
9644,2026-02-02,730.57
9644,2026-02-09,714.9
9644,2026-02-16,703.14
9644,2026-02-23,732.52
9644,2026-03-02,710.98
9644,2026-03-09,697.27
9644,2026-03-16,696.29
9644,2026-03-23,710.0
9644,2026-03-30,716.0
9644,2026-04-06,723.0
9644,2026-04-13,713.0
9644,2026-04-20,716.0
9644,2026-04-27,721.0
9644,2026-05-04,724.0
9644,2026-05-11,732.0
9644,2026-05-18,721.0
9644,2026-05-25,720.0
9644,2026-06-01,715.0
9644,2026-06-08,723.0
9644,2026-06-15,738.0
9644,2026-06-22,734.0
9644,2026-06-29,761.0
9644,2026-07-06,766.0
9644,2026-07-13,752.0
9644,2026-07-20,747.0
9644,2026-07-27,766.0
9644,2026-08-03,750.0
9644,2026-08-10,774.0
9644,2026-08-17,776.0
9644,2026-08-24,782.0
9692,2025-09-08,2348.67
9692,2025-09-15,2298.45
9692,2025-09-22,2348.67
9692,2025-09-29,2196.08
9692,2025-10-06,2204.77
9692,2025-10-13,2163.25
9692,2025-10-20,2216.36
9692,2025-10-27,2088.89
9692,2025-11-03,2090.82
9692,2025-11-10,2119.79
9692,2025-11-17,2143.93
9692,2025-11-24,2180.63
9692,2025-12-01,2149.73
9692,2025-12-08,2267.55
9692,2025-12-15,2339.98
9692,2025-12-22,2361.22
9692,2025-12-29,2358.33
9692,2026-01-05,2302.31
9692,2026-01-12,2375.71
9692,2026-01-19,2280.1
9692,2026-01-26,2164.46
9692,2026-02-02,1965.9
9692,2026-02-09,1941.33
9692,2026-02-16,1922.65
9692,2026-02-23,1962.95
9692,2026-03-02,1932.48
9692,2026-03-09,1968.85
9692,2026-03-16,1931.5
9692,2026-03-23,1920.68
9692,2026-03-30,1947.22
9692,2026-04-06,1945.26
9692,2026-04-13,2009.15
9692,2026-04-20,1937.39
9692,2026-04-27,1896.11
9692,2026-05-04,1938.38
9692,2026-05-11,1913.8
9692,2026-05-18,1913.8
9692,2026-05-25,2005.22
9692,2026-06-01,2034.71
9692,2026-06-08,2028.81
9692,2026-06-15,2063.21
9692,2026-06-22,2023.89
9692,2026-06-29,2114.32
9692,2026-07-06,2158.56
9692,2026-07-13,2140.86
9692,2026-07-20,2190.99
9692,2026-07-27,2239.0
9692,2026-08-03,2235.0
9692,2026-08-10,2410.0
9692,2026-08-17,2395.0
9692,2026-08-24,2555.0
9722,2025-09-08,2071.01
9722,2025-09-15,2065.04
9722,2025-09-22,2124.72
9722,2025-09-29,2043.16
9722,2025-10-06,2188.39
9722,2025-10-13,2244.09
9722,2025-10-20,2212.26
9722,2025-10-27,2224.2
9722,2025-11-03,2168.49
9722,2025-11-10,2250.06
9722,2025-11-17,2104.83
9722,2025-11-24,2315.71
9722,2025-12-01,2246.08
9722,2025-12-08,2395.29
9722,2025-12-15,2506.7
9722,2025-12-22,2638.0
9722,2025-12-29,2640.0
9722,2026-01-05,2717.0
9722,2026-01-12,2710.0
9722,2026-01-19,2716.0
9722,2026-01-26,2488.0
9722,2026-02-02,2552.0
9722,2026-02-09,2356.0
9722,2026-02-16,2321.0
9722,2026-02-23,2355.0
9722,2026-03-02,2248.0
9722,2026-03-09,2094.0
9722,2026-03-16,1977.0
9722,2026-03-23,2060.0
9722,2026-03-30,2128.0
9722,2026-04-06,2319.0
9722,2026-04-13,2244.0
9722,2026-04-20,2065.0
9722,2026-04-27,1988.0
9722,2026-05-04,2013.0
9722,2026-05-11,1905.0
9722,2026-05-18,1848.0
9722,2026-05-25,1870.0
9722,2026-06-01,1805.0
9722,2026-06-08,1757.0
9722,2026-06-15,1855.0
9722,2026-06-22,1852.0
9722,2026-06-29,1951.0
9722,2026-07-06,1878.0
9722,2026-07-13,1909.0
9722,2026-07-20,1929.0
9722,2026-07-27,2016.0
9722,2026-08-03,2235.0
9722,2026-08-10,2333.0
9722,2026-08-17,2651.0
9722,2026-08-24,3005.0
9780,2025-09-08,826.35
9780,2025-09-15,836.01
9780,2025-09-22,836.01
9780,2025-09-29,852.71
9780,2025-10-06,834.04
9780,2025-10-13,813.41
9780,2025-10-20,839.94
9780,2025-10-27,828.15
9780,2025-11-03,816.36
9780,2025-11-10,840.92
9780,2025-11-17,828.15
9780,2025-11-24,828.15
9780,2025-12-01,836.99
9780,2025-12-08,854.67
9780,2025-12-15,876.29
9780,2025-12-22,864.5
9780,2025-12-29,866.46
9780,2026-01-05,884.15
9780,2026-01-12,912.63
9780,2026-01-19,903.79
9780,2026-01-26,896.92
9780,2026-02-02,908.7
9780,2026-02-09,987.3
9780,2026-02-16,979.44
9780,2026-02-23,1008.91
9780,2026-03-02,982.38
9780,2026-03-09,948.0
9780,2026-03-16,938.18
9780,2026-03-23,948.0
9780,2026-03-30,970.0
9780,2026-04-06,971.0
9780,2026-04-13,961.0
9780,2026-04-20,943.0
9780,2026-04-27,941.0
9780,2026-05-04,948.0
9780,2026-05-11,925.0
9780,2026-05-18,897.0
9780,2026-05-25,908.0
9780,2026-06-01,901.0
9780,2026-06-08,898.0
9780,2026-06-15,891.0
9780,2026-06-22,891.0
9780,2026-06-29,915.0
9780,2026-07-06,933.0
9780,2026-07-13,925.0
9780,2026-07-20,918.0
9780,2026-07-27,916.0
9780,2026-08-03,948.0
9780,2026-08-10,1015.0
9780,2026-08-17,1100.0
9780,2026-08-24,1133.0
9888,2025-09-08,798.01
9888,2025-09-15,794.13
9888,2025-09-22,778.57
9888,2025-09-29,744.9
9888,2025-10-06,744.9
9888,2025-10-13,739.94
9888,2025-10-20,757.77
9888,2025-10-27,753.81
9888,2025-11-03,745.89
9888,2025-11-10,742.91
9888,2025-11-17,741.92
9888,2025-11-24,747.87
9888,2025-12-01,732.02
9888,2025-12-08,720.13
9888,2025-12-15,719.14
9888,2025-12-22,754.8
9888,2025-12-29,779.57
9888,2026-01-05,827.11
9888,2026-01-12,840.98
9888,2026-01-19,843.95
9888,2026-01-26,833.06
9888,2026-02-02,819.19
9888,2026-02-09,826.12
9888,2026-02-16,840.98
9888,2026-02-23,868.72
9888,2026-03-02,865.74
9888,2026-03-09,839.99
9888,2026-03-16,797.4
9888,2026-03-23,734.0
9888,2026-03-30,722.0
9888,2026-04-06,739.0
9888,2026-04-13,726.0
9888,2026-04-20,708.0
9888,2026-04-27,714.0
9888,2026-05-04,712.0
9888,2026-05-11,850.0
9888,2026-05-18,890.0
9888,2026-05-25,914.0
9888,2026-06-01,994.0
9888,2026-06-08,933.0
9888,2026-06-15,995.0
9888,2026-06-22,970.0
9888,2026-06-29,990.0
9888,2026-07-06,988.0
9888,2026-07-13,987.0
9888,2026-07-20,1024.0
9888,2026-07-27,1025.0
9888,2026-08-03,1124.0
9888,2026-08-10,1284.0
9888,2026-08-17,1212.0
9888,2026-08-24,1274.0
9908,2025-09-08,1995.81
9908,2025-09-15,1989.1
9908,2025-09-22,2038.95
9908,2025-09-29,2013.51
9908,2025-10-06,2007.64
9908,2025-10-13,1987.1
9908,2025-10-20,1994.92
9908,2025-10-27,1993.94
9908,2025-11-03,1988.07
9908,2025-11-10,2004.71
9908,2025-11-17,2000.79
9908,2025-11-24,2018.4
9908,2025-12-01,2025.25
9908,2025-12-08,2143.64
9908,2025-12-15,2157.33
9908,2025-12-22,2240.5
9908,2025-12-29,2220.93
9908,2026-01-05,2309.96
9908,2026-01-12,2387.25
9908,2026-01-19,2362.79
9908,2026-01-26,2307.03
9908,2026-02-02,2493.9
9908,2026-02-09,2589.78
9908,2026-02-16,2519.34
9908,2026-02-23,2623.04
9908,2026-03-02,2533.03
9908,2026-03-09,2525.21
9908,2026-03-16,2428.35
9908,2026-03-23,2444.0
9908,2026-03-30,2476.0
9908,2026-04-06,2476.0
9908,2026-04-13,2446.0
9908,2026-04-20,2363.0
9908,2026-04-27,2403.0
9908,2026-05-04,2542.0
9908,2026-05-11,2518.0
9908,2026-05-18,2458.0
9908,2026-05-25,2536.0
9908,2026-06-01,2550.0
9908,2026-06-08,2428.0
9908,2026-06-15,2510.0
9908,2026-06-22,2567.0
9908,2026-06-29,2697.0
9908,2026-07-06,2658.0
9908,2026-07-13,2630.0
9908,2026-07-20,2617.0
9908,2026-07-27,2645.0
9908,2026-08-03,2688.0
9908,2026-08-10,2740.0
9908,2026-08-17,2711.0
9908,2026-08-24,2871.0
9928,2025-09-08,1800.88
9928,2025-09-15,1922.62
9928,2025-09-22,1877.21
9928,2025-09-29,1750.65
9928,2025-10-06,1744.85
9928,2025-10-13,1720.7
9928,2025-10-20,1754.51
9928,2025-10-27,1704.27
9928,2025-11-03,1774.8
9928,2025-11-10,1805.72
9928,2025-11-17,1797.02
9928,2025-11-24,1821.17
9928,2025-12-01,1780.6
9928,2025-12-08,1790.26
9928,2025-12-15,1826.0
9928,2025-12-22,1915.86
9928,2025-12-29,1921.65
9928,2026-01-05,1929.38
9928,2026-01-12,1951.6
9928,2026-01-19,1905.23
9928,2026-01-26,1865.62
9928,2026-02-02,1737.12
9928,2026-02-09,1652.1
9928,2026-02-16,1684.95
9928,2026-02-23,1741.95
9928,2026-03-02,1697.51
9928,2026-03-09,1660.79
9928,2026-03-16,1664.66
9928,2026-03-23,1712.0
9928,2026-03-30,1792.0
9928,2026-04-06,1772.0
9928,2026-04-13,1805.0
9928,2026-04-20,1739.0
9928,2026-04-27,1700.0
9928,2026-05-04,1723.0
9928,2026-05-11,1710.0
9928,2026-05-18,1735.0
9928,2026-05-25,1694.0
9928,2026-06-01,1736.0
9928,2026-06-08,1747.0
9928,2026-06-15,1727.0
9928,2026-06-22,1749.0
9928,2026-06-29,1774.0
9928,2026-07-06,1817.0
9928,2026-07-13,1813.0
9928,2026-07-20,1796.0
9928,2026-07-27,1823.0
9928,2026-08-03,1835.0
9928,2026-08-10,1923.0
9928,2026-08-17,1955.0
9928,2026-08-24,2070.0
9934,2025-09-08,2076.02
9934,2025-09-15,2101.12
9934,2025-09-22,2100.16
9934,2025-09-29,2036.86
9934,2025-10-06,2030.48
9934,2025-10-13,2034.4
9934,2025-10-20,2097.21
9934,2025-10-27,2229.21
9934,2025-11-03,2226.26
9934,2025-11-10,2292.51
9934,2025-11-17,2319.99
9934,2025-11-24,2458.85
9934,2025-12-01,2421.07
9934,2025-12-08,2464.25
9934,2025-12-15,2467.68
9934,2025-12-22,2496.63
9934,2025-12-29,2502.03
9934,2026-01-05,2541.29
9934,2026-01-12,2619.31
9934,2026-01-19,2634.52
9934,2026-01-26,2525.09
9934,2026-02-02,2632.07
9934,2026-02-09,2697.33
9934,2026-02-16,2735.11
9934,2026-02-23,2821.96
9934,2026-03-02,2620.29
9934,2026-03-09,2552.57
9934,2026-03-16,2569.26
9934,2026-03-23,2635.5
9934,2026-03-30,2685.5
9934,2026-04-06,2799.5
9934,2026-04-13,2723.0
9934,2026-04-20,2607.0
9934,2026-04-27,2644.5
9934,2026-05-04,2649.5
9934,2026-05-11,2829.0
9934,2026-05-18,2723.5
9934,2026-05-25,2780.0
9934,2026-06-01,2729.5
9934,2026-06-08,2694.0
9934,2026-06-15,2735.0
9934,2026-06-22,2702.5
9934,2026-06-29,2779.5
9934,2026-07-06,2708.5
9934,2026-07-13,2743.0
9934,2026-07-20,2793.0
9934,2026-07-27,2862.5
9934,2026-08-03,3006.0
9934,2026-08-10,3051.0
9934,2026-08-17,2966.0
9934,2026-08-24,3062.0
