code,date,close
1914,2025-09-08,628.97
1914,2025-09-15,617.46
1914,2025-09-22,627.05
1914,2025-09-29,605.96
1914,2025-10-06,599.24
1914,2025-10-13,606.91
1914,2025-10-20,613.63
1914,2025-10-27,606.91
1914,2025-11-03,608.83
1914,2025-11-10,630.88
1914,2025-11-17,630.88
1914,2025-11-24,633.76
1914,2025-12-01,611.71
1914,2025-12-08,622.26
1914,2025-12-15,616.5
1914,2025-12-22,626.09
1914,2025-12-29,635.68
1914,2026-01-05,652.94
1914,2026-01-12,659.65
1914,2026-01-19,662.52
1914,2026-01-26,641.43
1914,2026-02-02,651.98
1914,2026-02-09,672.11
1914,2026-02-16,704.71
1914,2026-02-23,716.22
1914,2026-03-02,703.75
1914,2026-03-09,680.74
1914,2026-03-16,687.45
1914,2026-03-23,698.0
1914,2026-03-30,693.0
1914,2026-04-06,707.0
1914,2026-04-13,716.0
1914,2026-04-20,730.0
1914,2026-04-27,740.0
1914,2026-05-04,733.0
1914,2026-05-11,686.0
1914,2026-05-18,688.0
1914,2026-05-25,711.0
1914,2026-06-01,676.0
1914,2026-06-08,661.0
1914,2026-06-15,663.0
1914,2026-06-22,652.0
1914,2026-06-29,679.0
1914,2026-07-06,700.0
1914,2026-07-13,684.0
1914,2026-07-20,699.0
1914,2026-07-27,729.0
1914,2026-08-03,720.0
1914,2026-08-10,733.0
1914,2026-08-17,745.0
1914,2026-08-24,790.0
1914,2026-08-31,836.0
1939,2025-09-08,1321.1
1939,2025-09-15,1305.83
1939,2025-09-22,1323.01
1939,2025-09-29,1290.76
1939,2025-10-06,1285.88
1939,2025-10-13,1317.15
1939,2025-10-20,1346.46
1939,2025-10-27,1375.77
1939,2025-11-03,1354.28
1939,2025-11-10,1408.02
1939,2025-11-17,1421.7
1939,2025-11-24,1474.46
1939,2025-12-01,1419.74
1939,2025-12-08,1444.17
1939,2025-12-15,1475.44
1939,2025-12-22,1496.93
1939,2025-12-29,1522.34
1939,2026-01-05,1561.42
1939,2026-01-12,1667.93
1939,2026-01-19,1690.4
1939,2026-01-26,1635.68
1939,2026-02-02,1913.18
1939,2026-02-09,1956.18
1939,2026-02-16,1964.97
1939,2026-02-23,2063.66
1939,2026-03-02,1900.48
1939,2026-03-09,1914.16
1939,2026-03-16,1922.95
1939,2026-03-23,1921.0
1939,2026-03-30,1923.0
1939,2026-04-06,1982.0
1939,2026-04-13,1913.0
1939,2026-04-20,1970.0
1939,2026-04-27,2020.0
1939,2026-05-04,2045.0
1939,2026-05-11,2014.0
1939,2026-05-18,1909.0
1939,2026-05-25,1955.0
1939,2026-06-01,1852.0
1939,2026-06-08,1881.0
1939,2026-06-15,1984.0
1939,2026-06-22,2063.0
1939,2026-06-29,2006.0
1939,2026-07-06,2000.0
1939,2026-07-13,1932.0
1939,2026-07-20,1990.0
1939,2026-07-27,2007.0
1939,2026-08-03,2081.0
1939,2026-08-10,2125.0
1939,2026-08-17,2120.0
1939,2026-08-24,2179.0
1939,2026-08-31,2305.0
2004,2025-09-08,2986.38
2004,2025-09-15,3000.85
2004,2025-09-22,3053.92
2004,2025-09-29,2946.08
2004,2025-10-06,2941.18
2004,2025-10-13,2975.49
2004,2025-10-20,3019.61
2004,2025-10-27,2885.29
2004,2025-11-03,2937.25
2004,2025-11-10,2946.08
2004,2025-11-17,2990.2
2004,2025-11-24,3044.12
2004,2025-12-01,2799.02
2004,2025-12-08,2811.76
2004,2025-12-15,2815.69
2004,2025-12-22,2941.18
2004,2025-12-29,2955.88
2004,2026-01-05,3024.51
2004,2026-01-12,3068.63
2004,2026-01-19,3171.57
2004,2026-01-26,3088.24
2004,2026-02-02,3210.78
2004,2026-02-09,3299.02
2004,2026-02-16,3318.63
2004,2026-02-23,3357.84
2004,2026-03-02,3269.61
2004,2026-03-09,3191.18
2004,2026-03-16,3196.08
2004,2026-03-23,3250.0
2004,2026-03-30,3255.0
2004,2026-04-06,3180.0
2004,2026-04-13,3210.0
2004,2026-04-20,3070.0
2004,2026-04-27,3010.0
2004,2026-05-04,3010.0
2004,2026-05-11,3160.0
2004,2026-05-18,3160.0
2004,2026-05-25,3180.0
2004,2026-06-01,3175.0
2004,2026-06-08,3315.0
2004,2026-06-15,3285.0
2004,2026-06-22,3400.0
2004,2026-06-29,3375.0
2004,2026-07-06,3485.0
2004,2026-07-13,3540.0
2004,2026-07-20,3475.0
2004,2026-07-27,3550.0
2004,2026-08-03,3540.0
2004,2026-08-10,3605.0
2004,2026-08-17,3745.0
2004,2026-08-24,3755.0
2004,2026-08-31,3870.0
2109,2025-09-08,3184.71
2109,2025-09-15,3189.52
2109,2025-09-22,3218.38
2109,2025-09-29,3090.82
2109,2025-10-06,3071.2
2109,2025-10-13,3110.45
2109,2025-10-20,3144.79
2109,2025-10-27,2977.98
2109,2025-11-03,3061.39
2109,2025-11-10,3159.51
2109,2025-11-17,3238.01
2109,2025-11-24,3257.63
2109,2025-12-01,3144.79
2109,2025-12-08,3134.98
2109,2025-12-15,3193.85
2109,2025-12-22,3247.82
2109,2025-12-29,3267.44
2109,2026-01-05,3311.6
2109,2026-01-12,3341.03
2109,2026-01-19,3414.62
2109,2026-01-26,3291.97
2109,2026-02-02,3350.85
2109,2026-02-09,3448.97
2109,2026-02-16,3395.0
2109,2026-02-23,3483.31
2109,2026-03-02,3360.66
2109,2026-03-09,3316.5
2109,2026-03-16,3301.78
2109,2026-03-23,3395.0
2109,2026-03-30,3470.0
2109,2026-04-06,3515.0
2109,2026-04-13,3450.0
2109,2026-04-20,3335.0
2109,2026-04-27,3300.0
2109,2026-05-04,3255.0
2109,2026-05-11,3290.0
2109,2026-05-18,3285.0
2109,2026-05-25,3250.0
2109,2026-06-01,3210.0
2109,2026-06-08,3230.0
2109,2026-06-15,3220.0
2109,2026-06-22,3225.0
2109,2026-06-29,3295.0
2109,2026-07-06,3315.0
2109,2026-07-13,3355.0
2109,2026-07-20,3370.0
2109,2026-07-27,3430.0
2109,2026-08-03,3465.0
2109,2026-08-10,3515.0
2109,2026-08-17,3660.0
2109,2026-08-24,3665.0
2109,2026-08-31,3825.0
2269,2025-09-08,3051.42
2269,2025-09-15,3036.87
2269,2025-09-22,3057.24
2269,2025-09-29,2974.86
2269,2025-10-06,2909.24
2269,2025-10-13,2968.94
2269,2025-10-20,2958.58
2269,2025-10-27,2923.55
2269,2025-11-03,3044.91
2269,2025-11-10,3141.61
2269,2025-11-17,3137.66
2269,2025-11-24,3324.14
2269,2025-12-01,3189.95
2269,2025-12-08,3240.27
2269,2025-12-15,3375.45
2269,2025-12-22,3470.17
2269,2025-12-29,3438.6
2269,2026-01-05,3494.84
2269,2026-01-12,3499.77
2269,2026-01-19,3631.99
2269,2026-01-26,3574.76
2269,2026-02-02,3750.39
2269,2026-02-09,3809.59
2269,2026-02-16,3806.63
2269,2026-02-23,3973.38
2269,2026-03-02,3808.61
2269,2026-03-09,3878.66
2269,2026-03-16,3876.69
2269,2026-03-23,3890.5
2269,2026-03-30,3977.0
2269,2026-04-06,3903.0
2269,2026-04-13,3814.0
2269,2026-04-20,3731.0
2269,2026-04-27,3714.0
2269,2026-05-04,3670.0
2269,2026-05-11,3701.0
2269,2026-05-18,3713.0
2269,2026-05-25,3768.0
2269,2026-06-01,3674.0
2269,2026-06-08,3727.0
2269,2026-06-15,3581.0
2269,2026-06-22,3786.0
2269,2026-06-29,3818.0
2269,2026-07-06,3771.0
2269,2026-07-13,3812.0
2269,2026-07-20,3743.0
2269,2026-07-27,3789.0
2269,2026-08-03,4110.0
2269,2026-08-10,4248.0
2269,2026-08-17,4351.0
2269,2026-08-24,4471.0
2269,2026-08-31,4541.0
2479,2025-09-08,227.86
2479,2025-09-15,229.76
2479,2025-09-22,237.35
2479,2025-09-29,229.76
2479,2025-10-06,235.46
2479,2025-10-13,230.71
2479,2025-10-20,237.35
2479,2025-10-27,233.56
2479,2025-11-03,222.16
2479,2025-11-10,222.16
2479,2025-11-17,222.16
2479,2025-11-24,225.01
2479,2025-12-01,223.11
2479,2025-12-08,222.16
2479,2025-12-15,228.81
2479,2025-12-22,226.91
2479,2025-12-29,226.91
2479,2026-01-05,238.3
2479,2026-01-12,240.2
2479,2026-01-19,241.15
2479,2026-01-26,241.15
2479,2026-02-02,230.71
2479,2026-02-09,233.56
2479,2026-02-16,237.35
2479,2026-02-23,244.95
2479,2026-03-02,235.46
2479,2026-03-09,228.81
2479,2026-03-16,236.4
2479,2026-03-23,244.0
2479,2026-03-30,237.0
2479,2026-04-06,239.0
2479,2026-04-13,238.0
2479,2026-04-20,238.0
2479,2026-04-27,236.0
2479,2026-05-04,237.0
2479,2026-05-11,238.0
2479,2026-05-18,243.0
2479,2026-05-25,237.0
2479,2026-06-01,236.0
2479,2026-06-08,228.0
2479,2026-06-15,223.0
2479,2026-06-22,227.0
2479,2026-06-29,241.0
2479,2026-07-06,238.0
2479,2026-07-13,236.0
2479,2026-07-20,240.0
2479,2026-07-27,243.0
2479,2026-08-03,237.0
2479,2026-08-10,247.0
2479,2026-08-17,245.0
2479,2026-08-24,246.0
2479,2026-08-31,260.0
2602,2025-09-08,1706.89
2602,2025-09-15,1710.11
2602,2025-09-22,1719.79
2602,2025-09-29,1667.28
2602,2025-10-06,1670.56
2602,2025-10-13,1680.41
2602,2025-10-20,1706.67
2602,2025-10-27,1670.56
2602,2025-11-03,1654.15
2602,2025-11-10,1683.69
2602,2025-11-17,1716.51
2602,2025-11-24,1739.49
2602,2025-12-01,1654.15
2602,2025-12-08,1680.41
2602,2025-12-15,1719.79
2602,2025-12-22,1736.21
2602,2025-12-29,1723.08
2602,2026-01-05,1749.33
2602,2026-01-12,1785.44
2602,2026-01-19,1847.79
2602,2026-01-26,1847.79
2602,2026-02-02,1890.46
2602,2026-02-09,1926.56
2602,2026-02-16,1939.69
2602,2026-02-23,2002.05
2602,2026-03-02,1939.69
2602,2026-03-09,1877.33
2602,2026-03-16,1890.46
2602,2026-03-23,1920.0
2602,2026-03-30,1925.0
2602,2026-04-06,1925.0
2602,2026-04-13,1884.0
2602,2026-04-20,1800.0
2602,2026-04-27,1798.0
2602,2026-05-04,1797.0
2602,2026-05-11,1805.0
2602,2026-05-18,1738.0
2602,2026-05-25,1753.0
2602,2026-06-01,1743.0
2602,2026-06-08,1804.0
2602,2026-06-15,1794.0
2602,2026-06-22,1858.0
2602,2026-06-29,1858.0
2602,2026-07-06,1873.0
2602,2026-07-13,1943.0
2602,2026-07-20,1950.0
2602,2026-07-27,1906.0
2602,2026-08-03,1924.0
2602,2026-08-10,2016.0
2602,2026-08-17,2067.0
2602,2026-08-24,2046.0
2602,2026-08-31,2097.0
2612,2025-09-08,1224.24
2612,2025-09-15,1227.49
2612,2025-09-22,1225.87
2612,2025-09-29,1212.88
2612,2025-10-06,1214.5
2612,2025-10-13,1233.99
2612,2025-10-20,1243.73
2612,2025-10-27,1238.86
2612,2025-11-03,1240.48
2612,2025-11-10,1251.85
2612,2025-11-17,1246.98
2612,2025-11-24,1264.84
2612,2025-12-01,1259.96
2612,2025-12-08,1269.71
2612,2025-12-15,1268.08
2612,2025-12-22,1276.2
2612,2025-12-29,1298.93
2612,2026-01-05,1297.31
2612,2026-01-12,1300.56
2612,2026-01-19,1302.18
2612,2026-01-26,1302.18
2612,2026-02-02,1445.06
2612,2026-02-09,1471.04
2612,2026-02-16,1579.83
2612,2026-02-23,1704.85
2612,2026-03-02,1646.4
2612,2026-03-09,1639.9
2612,2026-03-16,1662.63
2612,2026-03-23,1724.33
2612,2026-03-30,1588.0
2612,2026-04-06,1588.0
2612,2026-04-13,1621.0
2612,2026-04-20,1569.0
2612,2026-04-27,1580.0
2612,2026-05-04,1567.0
2612,2026-05-11,1480.0
2612,2026-05-18,1492.0
2612,2026-05-25,1489.0
2612,2026-06-01,1527.0
2612,2026-06-08,1620.0
2612,2026-06-15,1686.0
2612,2026-06-22,1744.0
2612,2026-06-29,1954.0
2612,2026-07-06,1815.0
2612,2026-07-13,1760.0
2612,2026-07-20,1789.0
2612,2026-07-27,1786.0
2612,2026-08-03,1742.0
2612,2026-08-10,1744.0
2612,2026-08-17,1751.0
2612,2026-08-24,1789.0
2612,2026-08-31,2441.0
2654,2025-09-08,396.88
2654,2025-09-15,397.85
2654,2025-09-22,405.65
2654,2025-09-29,354.95
2654,2025-10-06,356.9
2654,2025-10-13,357.87
2654,2025-10-20,356.9
2654,2025-10-27,351.04
2654,2025-11-03,365.67
2654,2025-11-10,374.45
2654,2025-11-17,374.45
2654,2025-11-24,384.2
2654,2025-12-01,379.32
2654,2025-12-08,380.3
2654,2025-12-15,383.22
2654,2025-12-22,379.32
2654,2025-12-29,379.32
2654,2026-01-05,384.2
2654,2026-01-12,383.22
2654,2026-01-19,390.05
2654,2026-01-26,389.07
2654,2026-02-02,389.07
2654,2026-02-09,396.88
2654,2026-02-16,392.0
2654,2026-02-23,399.8
2654,2026-03-02,396.88
2654,2026-03-09,392.0
2654,2026-03-16,399.8
2654,2026-03-23,392.0
2654,2026-03-30,400.0
2654,2026-04-06,401.0
2654,2026-04-13,404.0
2654,2026-04-20,400.0
2654,2026-04-27,396.0
2654,2026-05-04,400.0
2654,2026-05-11,395.0
2654,2026-05-18,396.0
2654,2026-05-25,398.0
2654,2026-06-01,390.0
2654,2026-06-08,390.0
2654,2026-06-15,394.0
2654,2026-06-22,390.0
2654,2026-06-29,399.0
2654,2026-07-06,401.0
2654,2026-07-13,398.0
2654,2026-07-20,400.0
2654,2026-07-27,406.0
2654,2026-08-03,410.0
2654,2026-08-10,416.0
2654,2026-08-17,426.0
2654,2026-08-24,425.0
2654,2026-08-31,436.0
2805,2025-09-08,3432.55
2805,2025-09-15,3328.84
2805,2025-09-22,3437.49
2805,2025-09-29,3287.3
2805,2025-10-06,3232.6
2805,2025-10-13,3242.54
2805,2025-10-20,3242.54
2805,2025-10-27,3317.14
2805,2025-11-03,3327.09
2805,2025-11-10,3396.71
2805,2025-11-17,3481.26
2805,2025-11-24,3555.85
2805,2025-12-01,3501.15
2805,2025-12-08,3680.19
2805,2025-12-15,3918.9
2805,2025-12-22,3908.95
2805,2025-12-29,4008.42
2805,2026-01-05,3918.9
2805,2026-01-12,4028.31
2805,2026-01-19,4386.38
2805,2026-01-26,4346.6
2805,2026-02-02,4431.14
2805,2026-02-09,4341.62
2805,2026-02-16,4421.2
2805,2026-02-23,4600.23
2805,2026-03-02,4550.5
2805,2026-03-09,4421.2
2805,2026-03-16,4530.61
2805,2026-03-23,4829.0
2805,2026-03-30,4995.0
2805,2026-04-06,5080.0
2805,2026-04-13,4720.0
2805,2026-04-20,4560.0
2805,2026-04-27,4550.0
2805,2026-05-04,4450.0
2805,2026-05-11,4960.0
2805,2026-05-18,5350.0
2805,2026-05-25,5630.0
2805,2026-06-01,4920.0
2805,2026-06-08,5190.0
2805,2026-06-15,5360.0
2805,2026-06-22,5240.0
2805,2026-06-29,5430.0
2805,2026-07-06,5810.0
2805,2026-07-13,5980.0
2805,2026-07-20,6300.0
2805,2026-07-27,6600.0
2805,2026-08-03,6890.0
2805,2026-08-10,6680.0
2805,2026-08-17,6800.0
2805,2026-08-24,7120.0
2805,2026-08-31,7260.0
3083,2025-09-08,756.06
3083,2025-09-15,800.48
3083,2025-09-22,843.91
3083,2025-09-29,801.47
3083,2025-10-06,778.77
3083,2025-10-13,681.05
3083,2025-10-20,727.44
3083,2025-10-27,766.92
3083,2025-11-03,736.32
3083,2025-11-10,654.4
3083,2025-11-17,644.53
3083,2025-11-24,655.39
3083,2025-12-01,665.26
3083,2025-12-08,659.34
3083,2025-12-15,750.14
3083,2025-12-22,740.27
3083,2025-12-29,739.29
3083,2026-01-05,799.49
3083,2026-01-12,811.34
3083,2026-01-19,797.52
3083,2026-01-26,758.04
3083,2026-02-02,720.53
3083,2026-02-09,702.77
3083,2026-02-16,716.58
3083,2026-02-23,818.0
3083,2026-03-02,812.0
3083,2026-03-09,890.0
3083,2026-03-16,1047.0
3083,2026-03-23,1126.0
3083,2026-03-30,1200.0
3083,2026-04-06,1310.0
3083,2026-04-13,1222.0
3083,2026-04-20,1071.0
3083,2026-04-27,1152.0
3083,2026-05-04,1162.0
3083,2026-05-11,1118.0
3083,2026-05-18,1075.0
3083,2026-05-25,1036.0
3083,2026-06-01,1000.0
3083,2026-06-08,992.0
3083,2026-06-15,992.0
3083,2026-06-22,995.0
3083,2026-06-29,1015.0
3083,2026-07-06,999.0
3083,2026-07-13,887.0
3083,2026-07-20,962.0
3083,2026-07-27,975.0
3083,2026-08-03,979.0
3083,2026-08-10,954.0
3083,2026-08-17,958.0
3083,2026-08-24,1101.0
3083,2026-08-31,1349.0
3167,2025-09-08,1028.38
3167,2025-09-15,1023.54
3167,2025-09-22,1046.78
3167,2025-09-29,984.8
3167,2025-10-06,982.83
3167,2025-10-13,987.75
3167,2025-10-20,1012.35
3167,2025-10-27,1004.48
3167,2025-11-03,1018.25
3167,2025-11-10,1025.14
3167,2025-11-17,1048.75
3167,2025-11-24,1063.51
3167,2025-12-01,1028.09
3167,2025-12-08,1036.94
3167,2025-12-15,1057.6
3167,2025-12-22,1062.52
3167,2025-12-29,1063.51
3167,2026-01-05,1061.54
3167,2026-01-12,1119.58
3167,2026-01-19,1148.11
3167,2026-01-26,1129.42
3167,2026-02-02,1160.9
3167,2026-02-09,1184.51
3167,2026-02-16,1185.5
3167,2026-02-23,1192.39
3167,2026-03-02,1154.02
3167,2026-03-09,1141.23
3167,2026-03-16,1138.28
3167,2026-03-23,1155.0
3167,2026-03-30,1172.0
3167,2026-04-06,1178.0
3167,2026-04-13,1187.0
3167,2026-04-20,1142.0
3167,2026-04-27,1133.0
3167,2026-05-04,1129.0
3167,2026-05-11,1130.0
3167,2026-05-18,1133.0
3167,2026-05-25,1105.0
3167,2026-06-01,1083.0
3167,2026-06-08,1124.0
3167,2026-06-15,1105.0
3167,2026-06-22,1143.0
3167,2026-06-29,1148.0
3167,2026-07-06,1149.0
3167,2026-07-13,1149.0
3167,2026-07-20,1140.0
3167,2026-07-27,1162.0
3167,2026-08-03,1219.0
3167,2026-08-10,1232.0
3167,2026-08-17,1263.0
3167,2026-08-24,1295.0
3167,2026-08-31,1332.0
336A,2025-09-08,1049.0
336A,2025-09-15,1111.0
336A,2025-09-22,1161.0
336A,2025-09-29,993.0
336A,2025-10-06,990.0
336A,2025-10-13,970.0
336A,2025-10-20,982.0
336A,2025-10-27,907.0
336A,2025-11-03,890.0
336A,2025-11-10,839.0
336A,2025-11-17,770.0
336A,2025-11-24,727.0
336A,2025-12-01,650.0
336A,2025-12-08,553.0
336A,2025-12-15,571.0
336A,2025-12-22,576.0
336A,2025-12-29,590.0
336A,2026-01-05,615.0
336A,2026-01-12,664.0
336A,2026-01-19,654.0
336A,2026-01-26,566.0
336A,2026-02-02,587.0
336A,2026-02-09,559.0
336A,2026-02-16,707.0
336A,2026-02-23,801.0
336A,2026-03-02,784.0
336A,2026-03-09,721.0
336A,2026-03-16,683.0
336A,2026-03-23,615.0
336A,2026-03-30,658.0
336A,2026-04-06,687.0
336A,2026-04-13,741.0
336A,2026-04-20,689.0
336A,2026-04-27,672.0
336A,2026-05-04,715.0
336A,2026-05-11,747.0
336A,2026-05-18,981.0
336A,2026-05-25,883.0
336A,2026-06-01,869.0
336A,2026-06-08,778.0
336A,2026-06-15,727.0
336A,2026-06-22,739.0
336A,2026-06-29,877.0
336A,2026-07-06,880.0
336A,2026-07-13,883.0
336A,2026-07-20,803.0
336A,2026-07-27,812.0
336A,2026-08-03,792.0
336A,2026-08-10,805.0
336A,2026-08-17,833.0
336A,2026-08-24,1051.0
336A,2026-08-31,1779.0
3435,2025-09-08,1242.7
3435,2025-09-15,1237.85
3435,2025-09-22,1255.3
3435,2025-09-29,1217.49
3435,2025-10-06,1214.59
3435,2025-10-13,1201.99
3435,2025-10-20,1202.95
3435,2025-10-27,1199.08
3435,2025-11-03,1192.29
3435,2025-11-10,1215.56
3435,2025-11-17,1203.92
3435,2025-11-24,1217.49
3435,2025-12-01,1245.61
3435,2025-12-08,1267.9
3435,2025-12-15,1281.47
3435,2025-12-22,1281.47
3435,2025-12-29,1281.47
3435,2026-01-05,1317.34
3435,2026-01-12,1314.43
3435,2026-01-19,1347.39
3435,2026-01-26,1336.72
3435,2026-02-02,1332.85
3435,2026-02-09,1357.08
3435,2026-02-16,1424.93
3435,2026-02-23,1423.0
3435,2026-03-02,1427.84
3435,2026-03-09,1357.08
3435,2026-03-16,1356.11
3435,2026-03-23,1328.0
3435,2026-03-30,1332.0
3435,2026-04-06,1320.0
3435,2026-04-13,1317.0
3435,2026-04-20,1328.0
3435,2026-04-27,1328.0
3435,2026-05-04,1325.0
3435,2026-05-11,1377.0
3435,2026-05-18,1317.0
3435,2026-05-25,1365.0
3435,2026-06-01,1351.0
3435,2026-06-08,1390.0
3435,2026-06-15,1381.0
3435,2026-06-22,1428.0
3435,2026-06-29,1424.0
3435,2026-07-06,1414.0
3435,2026-07-13,1399.0
3435,2026-07-20,1404.0
3435,2026-07-27,1411.0
3435,2026-08-03,1460.0
3435,2026-08-10,1465.0
3435,2026-08-17,1453.0
3435,2026-08-24,1479.0
3435,2026-08-31,1491.0
4005,2025-09-08,474.35
4005,2025-09-15,456.06
4005,2025-09-22,454.69
4005,2025-09-29,468.0
4005,2025-10-06,454.79
4005,2025-10-13,448.68
4005,2025-10-20,468.89
4005,2025-10-27,447.1
4005,2025-11-03,425.62
4005,2025-11-10,458.34
4005,2025-11-17,470.66
4005,2025-11-24,470.17
4005,2025-12-01,454.0
4005,2025-12-08,450.75
4005,2025-12-15,433.5
4005,2025-12-22,436.16
4005,2025-12-29,439.22
4005,2026-01-05,451.64
4005,2026-01-12,493.23
4005,2026-01-19,472.34
4005,2026-01-26,463.27
4005,2026-02-02,527.54
4005,2026-02-09,554.25
4005,2026-02-16,559.87
4005,2026-02-23,561.54
4005,2026-03-02,500.23
4005,2026-03-09,491.76
4005,2026-03-16,476.08
4005,2026-03-23,516.2
4005,2026-03-30,528.9
4005,2026-04-06,530.6
4005,2026-04-13,529.1
4005,2026-04-20,506.3
4005,2026-04-27,512.9
4005,2026-05-04,508.1
4005,2026-05-11,623.6
4005,2026-05-18,585.8
4005,2026-05-25,610.2
4005,2026-06-01,584.0
4005,2026-06-08,553.9
4005,2026-06-15,542.8
4005,2026-06-22,509.3
4005,2026-06-29,554.0
4005,2026-07-06,537.2
4005,2026-07-13,523.7
4005,2026-07-20,538.6
4005,2026-07-27,521.3
4005,2026-08-03,509.4
4005,2026-08-10,530.5
4005,2026-08-17,559.8
4005,2026-08-24,555.9
4005,2026-08-31,626.7
4188,2025-09-08,853.69
4188,2025-09-15,854.37
4188,2025-09-22,850.41
4188,2025-09-29,821.61
4188,2025-10-06,808.14
4188,2025-10-13,802.73
4188,2025-10-20,848.25
4188,2025-10-27,792.41
4188,2025-11-03,819.05
4188,2025-11-10,850.02
4188,2025-11-17,832.03
4188,2025-11-24,866.33
4188,2025-12-01,835.17
4188,2025-12-08,887.76
4188,2025-12-15,880.59
4188,2025-12-22,898.87
4188,2025-12-29,899.56
4188,2026-01-05,937.21
4188,2026-01-12,998.26
4188,2026-01-19,1006.12
4188,2026-01-26,1002.68
4188,2026-02-02,1040.03
4188,2026-02-09,1091.64
4188,2026-02-16,1098.52
4188,2026-02-23,1140.79
4188,2026-03-02,1019.88
4188,2026-03-09,908.8
4188,2026-03-16,891.79
4188,2026-03-23,926.2
4188,2026-03-30,921.0
4188,2026-04-06,984.1
4188,2026-04-13,988.9
4188,2026-04-20,911.4
4188,2026-04-27,898.0
4188,2026-05-04,922.4
4188,2026-05-11,1016.5
4188,2026-05-18,1027.5
4188,2026-05-25,1147.0
4188,2026-06-01,1063.0
4188,2026-06-08,1080.5
4188,2026-06-15,1092.5
4188,2026-06-22,1094.5
4188,2026-06-29,1163.0
4188,2026-07-06,1161.5
4188,2026-07-13,1168.0
4188,2026-07-20,1189.0
4188,2026-07-27,1188.0
4188,2026-08-03,1219.0
4188,2026-08-10,1208.5
4188,2026-08-17,1147.5
4188,2026-08-24,1183.5
4188,2026-08-31,1283.0
4249,2025-09-08,2430.72
4249,2025-09-15,2458.44
4249,2025-09-22,2584.62
4249,2025-09-29,2473.77
4249,2025-10-06,2393.69
4249,2025-10-13,2365.37
4249,2025-10-20,2452.28
4249,2025-10-27,2292.12
4249,2025-11-03,2296.03
4249,2025-11-10,2225.71
4249,2025-11-17,2263.8
4249,2025-11-24,2354.62
4249,2025-12-01,2244.26
4249,2025-12-08,2252.08
4249,2025-12-15,2212.04
4249,2025-12-22,2373.18
4249,2025-12-29,2436.66
4249,2026-01-05,2393.69
4249,2026-01-12,2480.61
4249,2026-01-19,2462.05
4249,2026-01-26,2371.22
4249,2026-02-02,2439.59
4249,2026-02-09,2449.35
4249,2026-02-16,2467.91
4249,2026-02-23,2599.75
4249,2026-03-02,2465.96
4249,2026-03-09,2390.76
4249,2026-03-16,2401.5
4249,2026-03-23,2401.5
4249,2026-03-30,2426.0
4249,2026-04-06,2392.0
4249,2026-04-13,2364.0
4249,2026-04-20,2418.0
4249,2026-04-27,2449.0
4249,2026-05-04,2472.0
4249,2026-05-11,2517.0
4249,2026-05-18,2425.0
4249,2026-05-25,2378.0
4249,2026-06-01,2336.0
4249,2026-06-08,2325.0
4249,2026-06-15,2319.0
4249,2026-06-22,2340.0
4249,2026-06-29,2403.0
4249,2026-07-06,2411.0
4249,2026-07-13,2450.0
4249,2026-07-20,2486.0
4249,2026-07-27,2516.0
4249,2026-08-03,2833.0
4249,2026-08-10,2935.0
4249,2026-08-17,2909.0
4249,2026-08-24,2955.0
4249,2026-08-31,2996.0
428A,2025-10-06,617.38
428A,2025-10-13,717.63
428A,2025-10-20,701.75
428A,2025-10-27,673.96
428A,2025-11-03,679.91
428A,2025-11-10,684.88
428A,2025-11-17,676.94
428A,2025-11-24,683.88
428A,2025-12-01,676.94
428A,2025-12-08,673.96
428A,2025-12-15,733.51
428A,2025-12-22,767.26
428A,2025-12-29,818.88
428A,2026-01-05,824.83
428A,2026-01-12,853.62
428A,2026-01-19,885.38
428A,2026-01-26,863.54
428A,2026-02-02,830.79
428A,2026-02-09,831.78
428A,2026-02-16,832.77
428A,2026-02-23,806.96
428A,2026-03-02,803.99
428A,2026-03-09,804.98
428A,2026-03-16,803.99
428A,2026-03-23,831.78
428A,2026-03-30,876.44
428A,2026-04-06,874.46
428A,2026-04-13,901.26
428A,2026-04-20,899.27
428A,2026-04-27,937.98
428A,2026-05-04,991.58
428A,2026-05-11,1024.34
428A,2026-05-18,1040.22
428A,2026-05-25,1268.51
428A,2026-06-01,1180.17
428A,2026-06-08,1213.92
428A,2026-06-15,1177.2
428A,2026-06-22,1216.9
428A,2026-06-29,1260.57
428A,2026-07-06,1221.86
428A,2026-07-13,1375.71
428A,2026-07-20,1317.15
428A,2026-07-27,1349.9
428A,2026-08-03,1373.73
428A,2026-08-10,1390.6
428A,2026-08-17,1425.34
428A,2026-08-24,1371.0
428A,2026-08-31,1574.0
4394,2025-09-08,398.23
4394,2025-09-15,399.2
4394,2025-09-22,397.26
4394,2025-09-29,405.01
4394,2025-10-06,397.26
4394,2025-10-13,389.02
4394,2025-10-20,391.45
4394,2025-10-27,393.38
4394,2025-11-03,391.45
4394,2025-11-10,387.57
4394,2025-11-17,380.79
4394,2025-11-24,382.29
4394,2025-12-01,378.32
4394,2025-12-08,373.34
4394,2025-12-15,366.88
4394,2025-12-22,381.8
4394,2025-12-29,384.78
4394,2026-01-05,402.18
4394,2026-01-12,384.28
4394,2026-01-19,395.72
4394,2026-01-26,388.26
4394,2026-02-02,387.26
4394,2026-02-09,387.26
4394,2026-02-16,387.26
4394,2026-02-23,392.24
4394,2026-03-02,387.76
4394,2026-03-09,386.27
4394,2026-03-16,385.77
4394,2026-03-23,383.29
4394,2026-03-30,391.24
4394,2026-04-06,423.55
4394,2026-04-13,423.55
4394,2026-04-20,426.54
4394,2026-04-27,429.52
4394,2026-05-04,437.97
4394,2026-05-11,433.5
4394,2026-05-18,426.54
4394,2026-05-25,414.0
4394,2026-06-01,396.0
4394,2026-06-08,397.0
4394,2026-06-15,385.0
4394,2026-06-22,393.0
4394,2026-06-29,450.0
4394,2026-07-06,546.0
4394,2026-07-13,545.0
4394,2026-07-20,552.0
4394,2026-07-27,557.0
4394,2026-08-03,541.0
4394,2026-08-10,547.0
4394,2026-08-17,556.0
4394,2026-08-24,636.0
4394,2026-08-31,727.0
4440,2025-09-08,1285.47
4440,2025-09-15,1218.49
4440,2025-09-22,1287.44
4440,2025-09-29,1209.63
4440,2025-10-06,1165.3
4440,2025-10-13,1116.05
4440,2025-10-20,1152.49
4440,2025-10-27,1066.8
4440,2025-11-03,1041.18
4440,2025-11-10,1038.23
4440,2025-11-17,1012.62
4440,2025-11-24,1047.09
4440,2025-12-01,1060.89
4440,2025-12-08,1049.06
4440,2025-12-15,1113.09
4440,2025-12-22,1071.72
4440,2025-12-29,1119.0
4440,2026-01-05,1457.86
4440,2026-01-12,1443.08
4440,2026-01-19,1602.66
4440,2026-01-26,1530.75
4440,2026-02-02,1403.68
4440,2026-02-09,1356.4
4440,2026-02-16,1414.51
4440,2026-02-23,1512.03
4440,2026-03-02,1512.03
4440,2026-03-09,1470.66
4440,2026-03-16,1491.35
4440,2026-03-23,1517.94
4440,2026-03-30,1571.13
4440,2026-04-06,1536.66
4440,2026-04-13,1268.73
4440,2026-04-20,1175.15
4440,2026-04-27,1164.31
4440,2026-05-04,1172.19
4440,2026-05-11,1136.73
4440,2026-05-18,1104.23
4440,2026-05-25,1103.24
4440,2026-06-01,1079.6
4440,2026-06-08,1042.17
4440,2026-06-15,1090.44
4440,2026-06-22,1096.35
4440,2026-06-29,1118.02
4440,2026-07-06,1120.97
4440,2026-07-13,1107.18
4440,2026-07-20,1136.73
4440,2026-07-27,1126.88
4440,2026-08-03,1121.96
4440,2026-08-10,1180.07
4440,2026-08-17,1152.49
4440,2026-08-24,1485.0
4440,2026-08-31,2033.0
4629,2025-09-08,1517.28
4629,2025-09-15,1578.75
4629,2025-09-22,1605.09
4629,2025-09-29,1569.97
4629,2025-10-06,1498.74
4629,2025-10-13,1498.74
4629,2025-10-20,1525.08
4629,2025-10-27,1500.69
4629,2025-11-03,1497.76
4629,2025-11-10,1580.7
4629,2025-11-17,1539.72
4629,2025-11-24,1542.65
4629,2025-12-01,1537.77
4629,2025-12-08,1533.87
4629,2025-12-15,1545.57
4629,2025-12-22,1549.48
4629,2025-12-29,1567.04
4629,2026-01-05,1649.98
4629,2026-01-12,1705.6
4629,2026-01-19,1703.64
4629,2026-01-26,1657.78
4629,2026-02-02,1685.11
4629,2026-02-09,1769.02
4629,2026-02-16,1730.96
4629,2026-02-23,1753.41
4629,2026-03-02,1668.52
4629,2026-03-09,1656.81
4629,2026-03-16,1655.83
4629,2026-03-23,1810.0
4629,2026-03-30,1865.0
4629,2026-04-06,2109.0
4629,2026-04-13,2150.0
4629,2026-04-20,2001.0
4629,2026-04-27,1964.0
4629,2026-05-04,1925.0
4629,2026-05-11,1830.0
4629,2026-05-18,2055.0
4629,2026-05-25,1988.0
4629,2026-06-01,1927.0
4629,2026-06-08,1839.0
4629,2026-06-15,1988.0
4629,2026-06-22,1852.0
4629,2026-06-29,1821.0
4629,2026-07-06,1811.0
4629,2026-07-13,1842.0
4629,2026-07-20,1911.0
4629,2026-07-27,1930.0
4629,2026-08-03,2045.0
4629,2026-08-10,2150.0
4629,2026-08-17,2104.0
4629,2026-08-24,2166.0
4629,2026-08-31,2260.0
4667,2025-09-08,1402.04
4667,2025-09-15,1497.07
4667,2025-09-22,1566.64
4667,2025-09-29,1479.44
4667,2025-10-06,1530.38
4667,2025-10-13,1490.21
4667,2025-10-20,1546.06
4667,2025-10-27,1450.04
4667,2025-11-03,1461.8
4667,2025-11-10,1759.65
4667,2025-11-17,1889.96
4667,2025-11-24,1783.16
4667,2025-12-01,1887.02
4667,2025-12-08,1844.89
4667,2025-12-15,1903.67
4667,2025-12-22,1900.73
4667,2025-12-29,1922.29
4667,2026-01-05,2059.45
4667,2026-01-12,2252.47
4667,2026-01-19,2185.84
4667,2026-01-26,2086.89
4667,2026-02-02,1963.44
4667,2026-02-09,2033.0
4667,2026-02-16,1958.54
4667,2026-02-23,2096.68
4667,2026-03-02,1897.79
4667,2026-03-09,1866.44
4667,2026-03-16,1845.87
4667,2026-03-23,1791.0
4667,2026-03-30,1780.0
4667,2026-04-06,1740.0
4667,2026-04-13,1768.0
4667,2026-04-20,1685.0
4667,2026-04-27,1666.0
4667,2026-05-04,1602.0
4667,2026-05-11,1513.0
4667,2026-05-18,1624.0
4667,2026-05-25,1711.0
4667,2026-06-01,1680.0
4667,2026-06-08,1725.0
4667,2026-06-15,1864.0
4667,2026-06-22,1978.0
4667,2026-06-29,2170.0
4667,2026-07-06,2117.0
4667,2026-07-13,1957.0
4667,2026-07-20,1871.0
4667,2026-07-27,1818.0
4667,2026-08-03,1746.0
4667,2026-08-10,2017.0
4667,2026-08-17,2105.0
4667,2026-08-24,2661.0
4667,2026-08-31,3670.0
5033,2025-09-08,868.0
5033,2025-09-15,880.0
5033,2025-09-22,861.0
5033,2025-09-29,839.0
5033,2025-10-06,807.0
5033,2025-10-13,815.0
5033,2025-10-20,809.0
5033,2025-10-27,771.0
5033,2025-11-03,757.0
5033,2025-11-10,817.0
5033,2025-11-17,765.0
5033,2025-11-24,783.0
5033,2025-12-01,804.0
5033,2025-12-08,794.0
5033,2025-12-15,765.0
5033,2025-12-22,750.0
5033,2025-12-29,741.0
5033,2026-01-05,760.0
5033,2026-01-12,751.0
5033,2026-01-19,760.0
5033,2026-01-26,733.0
5033,2026-02-02,728.0
5033,2026-02-09,743.0
5033,2026-02-16,746.0
5033,2026-02-23,760.0
5033,2026-03-02,750.0
5033,2026-03-09,740.0
5033,2026-03-16,749.0
5033,2026-03-23,690.0
5033,2026-03-30,754.0
5033,2026-04-06,747.0
5033,2026-04-13,759.0
5033,2026-04-20,739.0
5033,2026-04-27,748.0
5033,2026-05-04,761.0
5033,2026-05-11,676.0
5033,2026-05-18,719.0
5033,2026-05-25,722.0
5033,2026-06-01,770.0
5033,2026-06-08,713.0
5033,2026-06-15,821.0
5033,2026-06-22,898.0
5033,2026-06-29,890.0
5033,2026-07-06,899.0
5033,2026-07-13,930.0
5033,2026-07-20,884.0
5033,2026-07-27,849.0
5033,2026-08-03,815.0
5033,2026-08-10,859.0
5033,2026-08-17,858.0
5033,2026-08-24,953.0
5033,2026-08-31,1142.0
5401,2025-09-08,585.26
5401,2025-09-15,571.78
5401,2025-09-22,559.72
5401,2025-09-29,593.53
5401,2025-10-06,587.45
5401,2025-10-13,589.61
5401,2025-10-20,612.34
5401,2025-10-27,623.51
5401,2025-11-03,597.45
5401,2025-11-10,610.68
5401,2025-11-17,610.48
5401,2025-11-24,619.2
5401,2025-12-01,609.11
5401,2025-12-08,619.3
5401,2025-12-15,596.07
5401,2025-12-22,622.14
5401,2025-12-29,628.9
5401,2026-01-05,632.63
5401,2026-01-12,652.71
5401,2026-01-19,658.4
5401,2026-01-26,632.92
5401,2026-02-02,663.1
5401,2026-02-09,634.98
5401,2026-02-16,660.36
5401,2026-02-23,623.22
5401,2026-03-02,591.67
5401,2026-03-09,581.28
5401,2026-03-16,580.79
5401,2026-03-23,585.1
5401,2026-03-30,585.0
5401,2026-04-06,600.2
5401,2026-04-13,595.0
5401,2026-04-20,573.1
5401,2026-04-27,571.9
5401,2026-05-04,570.9
5401,2026-05-11,559.9
5401,2026-05-18,553.5
5401,2026-05-25,566.6
5401,2026-06-01,547.0
5401,2026-06-08,551.6
5401,2026-06-15,559.8
5401,2026-06-22,543.3
5401,2026-06-29,548.2
5401,2026-07-06,550.2
5401,2026-07-13,585.6
5401,2026-07-20,616.9
5401,2026-07-27,649.6
5401,2026-08-03,697.5
5401,2026-08-10,676.3
5401,2026-08-17,659.4
5401,2026-08-24,677.0
5401,2026-08-31,704.6
5589,2025-09-08,2458.5
5589,2025-09-15,2436.11
5589,2025-09-22,2470.18
5589,2025-09-29,2434.16
5589,2025-10-06,2479.92
5589,2025-10-13,2487.71
5589,2025-10-20,2468.24
5589,2025-10-27,2492.58
5589,2025-11-03,2466.29
5589,2025-11-10,2473.1
5589,2025-11-17,2448.76
5589,2025-11-24,2463.37
5589,2025-12-01,2466.29
5589,2025-12-08,2455.58
5589,2025-12-15,2434.16
5589,2025-12-22,2440.0
5589,2025-12-29,2500.0
5589,2026-01-05,2540.0
5589,2026-01-12,2560.0
5589,2026-01-19,2587.0
5589,2026-01-26,2645.0
5589,2026-02-02,2625.0
5589,2026-02-09,2580.0
5589,2026-02-16,2561.0
5589,2026-02-23,2528.0
5589,2026-03-02,2568.0
5589,2026-03-09,2519.0
5589,2026-03-16,2571.0
5589,2026-03-23,2530.0
5589,2026-03-30,2636.0
5589,2026-04-06,2663.0
5589,2026-04-13,2667.0
5589,2026-04-20,2670.0
5589,2026-04-27,2675.0
5589,2026-05-04,2670.0
5589,2026-05-11,2708.0
5589,2026-05-18,2859.0
5589,2026-05-25,2813.0
5589,2026-06-01,2770.0
5589,2026-06-08,2768.0
5589,2026-06-15,2767.0
5589,2026-06-22,2704.0
5589,2026-06-29,2729.0
5589,2026-07-06,2728.0
5589,2026-07-13,2665.0
5589,2026-07-20,2683.0
5589,2026-07-27,2691.0
5589,2026-08-03,2750.0
5589,2026-08-10,2849.0
5589,2026-08-17,2836.0
5589,2026-08-24,2941.0
5589,2026-08-31,2950.0
5901,2025-09-08,3476.21
5901,2025-09-15,3324.95
5901,2025-09-22,3342.29
5901,2025-09-29,3217.89
5901,2025-10-06,3212.01
5901,2025-10-13,3288.42
5901,2025-10-20,3383.43
5901,2025-10-27,3390.29
5901,2025-11-03,3321.72
5901,2025-11-10,3541.14
5901,2025-11-17,3427.51
5901,2025-11-24,3648.9
5901,2025-12-01,3718.45
5901,2025-12-08,3788.98
5901,2025-12-15,3784.08
5901,2025-12-22,3711.59
5901,2025-12-29,3747.83
5901,2026-01-05,3763.51
5901,2026-01-12,3889.87
5901,2026-01-19,3887.91
5901,2026-01-26,3795.83
5901,2026-02-02,3959.42
5901,2026-02-09,3832.08
5901,2026-02-16,3835.02
5901,2026-02-23,3996.64
5901,2026-03-02,3755.67
5901,2026-03-09,3722.36
5901,2026-03-16,3613.63
5901,2026-03-23,3596.0
5901,2026-03-30,3468.0
5901,2026-04-06,3474.0
5901,2026-04-13,3353.0
5901,2026-04-20,3220.0
5901,2026-04-27,3438.0
5901,2026-05-04,3531.0
5901,2026-05-11,3706.0
5901,2026-05-18,3996.0
5901,2026-05-25,3890.0
5901,2026-06-01,3772.0
5901,2026-06-08,3933.0
5901,2026-06-15,4127.0
5901,2026-06-22,4167.0
5901,2026-06-29,4111.0
5901,2026-07-06,4027.0
5901,2026-07-13,4053.0
5901,2026-07-20,4097.0
5901,2026-07-27,4072.0
5901,2026-08-03,4325.0
5901,2026-08-10,4419.0
5901,2026-08-17,4448.0
5901,2026-08-24,4513.0
5901,2026-08-31,4574.0
593A,2026-07-20,1102.0
593A,2026-07-27,1011.0
593A,2026-08-03,911.0
593A,2026-08-10,998.0
593A,2026-08-17,1057.0
593A,2026-08-24,1999.0
593A,2026-08-31,3570.0
5962,2025-09-08,1581.1
5962,2025-09-15,1553.38
5962,2025-09-22,1725.45
5962,2025-09-29,1699.64
5962,2025-10-06,1625.07
5962,2025-10-13,1605.95
5962,2025-10-20,1756.04
5962,2025-10-27,1815.3
5962,2025-11-03,1740.74
5962,2025-11-10,1749.34
5962,2025-11-17,1782.8
5962,2025-11-24,1781.85
5962,2025-12-01,1768.46
5962,2025-12-08,1769.42
5962,2025-12-15,1701.55
5962,2025-12-22,1701.55
5962,2025-12-29,1690.08
5962,2026-01-05,1678.61
5962,2026-01-12,1687.21
5962,2026-01-19,1713.97
5962,2026-01-26,1691.99
5962,2026-02-02,1696.77
5962,2026-02-09,1880.31
5962,2026-02-16,1958.69
5962,2026-02-23,1978.77
5962,2026-03-02,1975.9
5962,2026-03-09,1910.9
5962,2026-03-16,1969.21
5962,2026-03-23,1952.0
5962,2026-03-30,2021.0
5962,2026-04-06,2000.0
5962,2026-04-13,2005.0
5962,2026-04-20,1996.0
5962,2026-04-27,1869.0
5962,2026-05-04,1894.0
5962,2026-05-11,1750.0
5962,2026-05-18,1720.0
5962,2026-05-25,1758.0
5962,2026-06-01,1667.0
5962,2026-06-08,1663.0
5962,2026-06-15,1915.0
5962,2026-06-22,1884.0
5962,2026-06-29,2050.0
5962,2026-07-06,1987.0
5962,2026-07-13,1959.0
5962,2026-07-20,1950.0
5962,2026-07-27,2005.0
5962,2026-08-03,1966.0
5962,2026-08-10,1990.0
5962,2026-08-17,1995.0
5962,2026-08-24,2013.0
5962,2026-08-31,2150.0
6087,2025-09-08,3289.48
6087,2025-09-15,3323.44
6087,2025-09-22,3338.0
6087,2025-09-29,3075.0
6087,2025-10-06,3110.0
6087,2025-10-13,3100.0
6087,2025-10-20,3115.0
6087,2025-10-27,3115.0
6087,2025-11-03,3135.0
6087,2025-11-10,3175.0
6087,2025-11-17,3195.0
6087,2025-11-24,3215.0
6087,2025-12-01,3340.0
6087,2025-12-08,3305.0
6087,2025-12-15,3305.0
6087,2025-12-22,3370.0
6087,2025-12-29,3360.0
6087,2026-01-05,3380.0
6087,2026-01-12,3405.0
6087,2026-01-19,3395.0
6087,2026-01-26,3380.0
6087,2026-02-02,3400.0
6087,2026-02-09,3405.0
6087,2026-02-16,3420.0
6087,2026-02-23,3460.0
6087,2026-03-02,3440.0
6087,2026-03-09,3435.0
6087,2026-03-16,3450.0
6087,2026-03-23,3485.0
6087,2026-03-30,3375.0
6087,2026-04-06,3390.0
6087,2026-04-13,3410.0
6087,2026-04-20,3390.0
6087,2026-04-27,3405.0
6087,2026-05-04,3410.0
6087,2026-05-11,3400.0
6087,2026-05-18,3400.0
6087,2026-05-25,3405.0
6087,2026-06-01,3395.0
6087,2026-06-08,3335.0
6087,2026-06-15,3330.0
6087,2026-06-22,3320.0
6087,2026-06-29,3375.0
6087,2026-07-06,3450.0
6087,2026-07-13,3440.0
6087,2026-07-20,3435.0
6087,2026-07-27,3465.0
6087,2026-08-03,3470.0
6087,2026-08-10,3505.0
6087,2026-08-17,3525.0
6087,2026-08-24,3535.0
6087,2026-08-31,3570.0
6178,2025-09-08,1501.65
6178,2025-09-15,1448.78
6178,2025-09-22,1452.17
6178,2025-09-29,1396.43
6178,2025-10-06,1408.77
6178,2025-10-13,1382.13
6178,2025-10-20,1430.47
6178,2025-10-27,1427.02
6178,2025-11-03,1408.27
6178,2025-11-10,1441.81
6178,2025-11-17,1430.47
6178,2025-11-24,1514.32
6178,2025-12-01,1521.72
6178,2025-12-08,1594.73
6178,2025-12-15,1584.37
6178,2025-12-22,1610.51
6178,2025-12-29,1628.27
6178,2026-01-05,1758.0
6178,2026-01-12,1848.26
6178,2026-01-19,1805.84
6178,2026-01-26,1829.52
6178,2026-02-02,1950.86
6178,2026-02-09,2016.47
6178,2026-02-16,1984.9
6178,2026-02-23,2008.58
6178,2026-03-02,1858.62
6178,2026-03-09,1756.52
6178,2026-03-16,1784.14
6178,2026-03-23,1831.0
6178,2026-03-30,1827.0
6178,2026-04-06,1856.0
6178,2026-04-13,1872.5
6178,2026-04-20,1779.5
6178,2026-04-27,1811.5
6178,2026-05-04,1855.5
6178,2026-05-11,1957.0
6178,2026-05-18,2116.0
6178,2026-05-25,2068.0
6178,2026-06-01,2122.5
6178,2026-06-08,2318.0
6178,2026-06-15,2240.5
6178,2026-06-22,2161.0
6178,2026-06-29,2271.5
6178,2026-07-06,2319.5
6178,2026-07-13,2329.0
6178,2026-07-20,2485.5
6178,2026-07-27,2382.0
6178,2026-08-03,2414.0
6178,2026-08-10,2376.0
6178,2026-08-17,2336.0
6178,2026-08-24,2432.5
6178,2026-08-31,2552.0
6250,2025-09-08,2445.57
6250,2025-09-15,2498.99
6250,2025-09-22,2522.3
6250,2025-09-29,2457.23
6250,2025-10-06,2502.87
6250,2025-10-13,2598.05
6250,2025-10-20,2609.71
6250,2025-10-27,2508.7
6250,2025-11-03,2492.19
6250,2025-11-10,2524.24
6250,2025-11-17,2551.44
6250,2025-11-24,2632.05
6250,2025-12-01,2621.36
6250,2025-12-08,2694.21
6250,2025-12-15,2822.41
6250,2025-12-22,2903.99
6250,2025-12-29,2930.62
6250,2026-01-05,3076.56
6250,2026-01-12,3283.63
6250,2026-01-19,3308.28
6250,2026-01-26,3165.3
6250,2026-02-02,3436.47
6250,2026-02-09,3559.73
6250,2026-02-16,3707.65
6250,2026-02-23,3786.53
6250,2026-03-02,3673.13
6250,2026-03-09,3574.53
6250,2026-03-16,3544.94
6250,2026-03-23,3515.36
6250,2026-03-30,3707.65
6250,2026-04-06,3954.16
6250,2026-04-13,3766.81
6250,2026-04-20,3752.02
6250,2026-04-27,3830.91
6250,2026-05-04,4013.33
6250,2026-05-11,3761.88
6250,2026-05-18,3530.15
6250,2026-05-25,3860.49
6250,2026-06-01,3599.18
6250,2026-06-08,3589.32
6250,2026-06-15,3766.81
6250,2026-06-22,3895.0
6250,2026-06-29,3935.0
6250,2026-07-06,3780.0
6250,2026-07-13,3680.0
6250,2026-07-20,3840.0
6250,2026-07-27,3875.0
6250,2026-08-03,4350.0
6250,2026-08-10,4280.0
6250,2026-08-17,4045.0
6250,2026-08-24,4285.0
6250,2026-08-31,4480.0
6316,2025-09-08,2254.54
6316,2025-09-15,2281.62
6316,2025-09-22,2359.0
6316,2025-09-29,2173.0
6316,2025-10-06,2158.0
6316,2025-10-13,2139.0
6316,2025-10-20,2199.0
6316,2025-10-27,2175.0
6316,2025-11-03,2123.0
6316,2025-11-10,2107.0
6316,2025-11-17,2132.0
6316,2025-11-24,2166.0
6316,2025-12-01,2169.0
6316,2025-12-08,2147.0
6316,2025-12-15,2195.0
6316,2025-12-22,2308.0
6316,2025-12-29,2300.0
6316,2026-01-05,2283.0
6316,2026-01-12,2328.0
6316,2026-01-19,2389.0
6316,2026-01-26,2376.0
6316,2026-02-02,2335.0
6316,2026-02-09,2376.0
6316,2026-02-16,2412.0
6316,2026-02-23,2477.0
6316,2026-03-02,2392.0
6316,2026-03-09,2331.0
6316,2026-03-16,2311.0
6316,2026-03-23,2315.0
6316,2026-03-30,2279.0
6316,2026-04-06,2335.0
6316,2026-04-13,2369.0
6316,2026-04-20,2363.0
6316,2026-04-27,2370.0
6316,2026-05-04,2428.0
6316,2026-05-11,2435.0
6316,2026-05-18,2487.0
6316,2026-05-25,2521.0
6316,2026-06-01,2464.0
6316,2026-06-08,2488.0
6316,2026-06-15,2519.0
6316,2026-06-22,2558.0
6316,2026-06-29,2765.0
6316,2026-07-06,2628.0
6316,2026-07-13,2630.0
6316,2026-07-20,2757.0
6316,2026-07-27,2677.0
6316,2026-08-03,2765.0
6316,2026-08-10,2857.0
6316,2026-08-17,2871.0
6316,2026-08-24,3030.0
6316,2026-08-31,2999.0
6351,2025-09-08,1974.55
6351,2025-09-15,2004.13
6351,2025-09-22,2026.31
6351,2025-09-29,2001.51
6351,2025-10-06,1952.88
6351,2025-10-13,1984.64
6351,2025-10-20,2001.51
6351,2025-10-27,1931.05
6351,2025-11-03,1948.91
6351,2025-11-10,2101.73
6351,2025-11-17,2174.17
6351,2025-11-24,2274.39
6351,2025-12-01,2114.63
6351,2025-12-08,2158.29
6351,2025-12-15,2103.72
6351,2025-12-22,2093.79
6351,2025-12-29,2122.57
6351,2026-01-05,2158.29
6351,2026-01-12,2378.59
6351,2026-01-19,2251.57
6351,2026-01-26,2165.24
6351,2026-02-02,2275.39
6351,2026-02-09,2211.88
6351,2026-02-16,2186.08
6351,2026-02-23,2209.89
6351,2026-03-02,2009.45
6351,2026-03-09,1944.94
6351,2026-03-16,2049.14
6351,2026-03-23,2067.0
6351,2026-03-30,2319.0
6351,2026-04-06,2393.0
6351,2026-04-13,2259.0
6351,2026-04-20,2167.0
6351,2026-04-27,2187.0
6351,2026-05-04,2159.0
6351,2026-05-11,2021.0
6351,2026-05-18,2060.0
6351,2026-05-25,2120.0
6351,2026-06-01,2102.0
6351,2026-06-08,2102.0
6351,2026-06-15,2281.0
6351,2026-06-22,2271.0
6351,2026-06-29,2430.0
6351,2026-07-06,2268.0
6351,2026-07-13,2217.0
6351,2026-07-20,2171.0
6351,2026-07-27,2227.0
6351,2026-08-03,2442.0
6351,2026-08-10,2413.0
6351,2026-08-17,2347.0
6351,2026-08-24,2441.0
6351,2026-08-31,2600.0
6396,2025-09-08,3229.33
6396,2025-09-15,3224.39
6396,2025-09-22,3308.33
6396,2025-09-29,3515.72
6396,2025-10-06,3446.59
6396,2025-10-13,3407.09
6396,2025-10-20,3476.22
6396,2025-10-27,3486.09
6396,2025-11-03,3495.97
6396,2025-11-10,3392.28
6396,2025-11-17,3461.41
6396,2025-11-24,3481.16
6396,2025-12-01,3535.47
6396,2025-12-08,3871.24
6396,2025-12-15,3940.37
6396,2025-12-22,4221.83
6396,2025-12-29,4167.51
6396,2026-01-05,4305.77
6396,2026-01-12,4266.27
6396,2026-01-19,4152.7
6396,2026-01-26,4152.7
6396,2026-02-02,4281.08
6396,2026-02-09,4379.84
6396,2026-02-16,4463.78
6396,2026-02-23,4478.59
6396,2026-03-02,4448.97
6396,2026-03-09,4078.63
6396,2026-03-16,3989.75
6396,2026-03-23,3970.0
6396,2026-03-30,3750.0
6396,2026-04-06,3660.0
6396,2026-04-13,3800.0
6396,2026-04-20,3800.0
6396,2026-04-27,3810.0
6396,2026-05-04,3960.0
6396,2026-05-11,4000.0
6396,2026-05-18,3915.0
6396,2026-05-25,3985.0
6396,2026-06-01,3865.0
6396,2026-06-08,3865.0
6396,2026-06-15,3965.0
6396,2026-06-22,3930.0
6396,2026-06-29,3930.0
6396,2026-07-06,4020.0
6396,2026-07-13,3955.0
6396,2026-07-20,4250.0
6396,2026-07-27,4280.0
6396,2026-08-03,4650.0
6396,2026-08-10,4640.0
6396,2026-08-17,4500.0
6396,2026-08-24,4700.0
6396,2026-08-31,4700.0
6463,2025-09-08,1161.97
6463,2025-09-15,1170.57
6463,2025-09-22,1176.3
6463,2025-09-29,1172.4
6463,2025-10-06,1159.72
6463,2025-10-13,1156.8
6463,2025-10-20,1218.25
6463,2025-10-27,1184.11
6463,2025-11-03,1178.26
6463,2025-11-10,1209.47
6463,2025-11-17,1201.66
6463,2025-11-24,1254.34
6463,2025-12-01,1251.41
6463,2025-12-08,1262.14
6463,2025-12-15,1268.97
6463,2025-12-22,1261.16
6463,2025-12-29,1259.21
6463,2026-01-05,1314.81
6463,2026-01-12,1367.48
6463,2026-01-19,1351.87
6463,2026-01-26,1307.98
6463,2026-02-02,1355.77
6463,2026-02-09,1346.02
6463,2026-02-16,1340.17
6463,2026-02-23,1375.28
6463,2026-03-02,1253.36
6463,2026-03-09,1181.18
6463,2026-03-16,1171.43
6463,2026-03-23,1228.0
6463,2026-03-30,1281.0
6463,2026-04-06,1296.0
6463,2026-04-13,1273.0
6463,2026-04-20,1232.0
6463,2026-04-27,1226.0
6463,2026-05-04,1248.0
6463,2026-05-11,1319.0
6463,2026-05-18,1295.0
6463,2026-05-25,1399.0
6463,2026-06-01,1444.0
6463,2026-06-08,1412.0
6463,2026-06-15,1424.0
6463,2026-06-22,1402.0
6463,2026-06-29,1417.0
6463,2026-07-06,1405.0
6463,2026-07-13,1400.0
6463,2026-07-20,1413.0
6463,2026-07-27,1496.0
6463,2026-08-03,1480.0
6463,2026-08-10,1553.0
6463,2026-08-17,1560.0
6463,2026-08-24,1597.0
6463,2026-08-31,1633.0
6730,2025-09-08,1141.32
6730,2025-09-15,1154.62
6730,2025-09-22,1260.1
6730,2025-09-29,1191.68
6730,2025-10-06,1146.07
6730,2025-10-13,1166.97
6730,2025-10-20,1250.6
6730,2025-10-27,1314.27
6730,2025-11-03,1204.04
6730,2025-11-10,1222.09
6730,2025-11-17,1191.68
6730,2025-11-24,1237.3
6730,2025-12-01,1210.69
6730,2025-12-08,1151.77
6730,2025-12-15,1159.37
6730,2025-12-22,1171.73
6730,2025-12-29,1147.97
6730,2026-01-05,1177.43
6730,2026-01-12,1220.19
6730,2026-01-19,1202.14
6730,2026-01-26,1161.27
6730,2026-02-02,1212.59
6730,2026-02-09,1164.12
6730,2026-02-16,1178.38
6730,2026-02-23,1216.39
6730,2026-03-02,1117.56
6730,2026-03-09,1092.85
6730,2026-03-16,1097.6
6730,2026-03-23,1090.0
6730,2026-03-30,1112.0
6730,2026-04-06,1149.0
6730,2026-04-13,1143.0
6730,2026-04-20,1145.0
6730,2026-04-27,1155.0
6730,2026-05-04,1147.0
6730,2026-05-11,1058.0
6730,2026-05-18,1077.0
6730,2026-05-25,1190.0
6730,2026-06-01,1217.0
6730,2026-06-08,1155.0
6730,2026-06-15,1182.0
6730,2026-06-22,1108.0
6730,2026-06-29,1209.0
6730,2026-07-06,1172.0
6730,2026-07-13,1096.0
6730,2026-07-20,1118.0
6730,2026-07-27,1101.0
6730,2026-08-03,1081.0
6730,2026-08-10,1105.0
6730,2026-08-17,1199.0
6730,2026-08-24,1200.0
6730,2026-08-31,1288.0
6904,2025-09-08,459.7
6904,2025-09-15,464.62
6904,2025-09-22,465.61
6904,2025-09-29,454.78
6904,2025-10-06,455.77
6904,2025-10-13,455.77
6904,2025-10-20,463.64
6904,2025-10-27,459.7
6904,2025-11-03,468.56
6904,2025-11-10,460.69
6904,2025-11-17,457.73
6904,2025-11-24,455.77
6904,2025-12-01,454.78
6904,2025-12-08,449.86
6904,2025-12-15,448.88
6904,2025-12-22,451.83
6904,2025-12-29,454.78
6904,2026-01-05,469.55
6904,2026-01-12,480.38
6904,2026-01-19,484.31
6904,2026-01-26,479.39
6904,2026-02-02,477.42
6904,2026-02-09,471.52
6904,2026-02-16,486.28
6904,2026-02-23,491.2
6904,2026-03-02,474.47
6904,2026-03-09,478.41
6904,2026-03-16,487.27
6904,2026-03-23,472.5
6904,2026-03-30,467.0
6904,2026-04-06,464.0
6904,2026-04-13,461.0
6904,2026-04-20,464.0
6904,2026-04-27,463.0
6904,2026-05-04,463.0
6904,2026-05-11,454.0
6904,2026-05-18,452.0
6904,2026-05-25,449.0
6904,2026-06-01,441.0
6904,2026-06-08,445.0
6904,2026-06-15,443.0
6904,2026-06-22,442.0
6904,2026-06-29,446.0
6904,2026-07-06,449.0
6904,2026-07-13,449.0
6904,2026-07-20,448.0
6904,2026-07-27,450.0
6904,2026-08-03,449.0
6904,2026-08-10,540.0
6904,2026-08-17,572.0
6904,2026-08-24,560.0
6904,2026-08-31,631.0
6942,2025-09-08,1256.0
6942,2025-09-15,1277.0
6942,2025-09-22,1290.0
6942,2025-09-29,1150.0
6942,2025-10-06,1193.0
6942,2025-10-13,1200.0
6942,2025-10-20,1200.0
6942,2025-10-27,1198.0
6942,2025-11-03,1204.0
6942,2025-11-10,1200.0
6942,2025-11-17,1199.0
6942,2025-11-24,1207.0
6942,2025-12-01,1200.0
6942,2025-12-08,1197.0
6942,2025-12-15,1200.0
6942,2025-12-22,1204.0
6942,2025-12-29,1206.0
6942,2026-01-05,1210.0
6942,2026-01-12,1210.0
6942,2026-01-19,1229.0
6942,2026-01-26,1255.0
6942,2026-02-02,1270.0
6942,2026-02-09,1283.0
6942,2026-02-16,1284.0
6942,2026-02-23,1316.0
6942,2026-03-02,1365.0
6942,2026-03-09,1356.0
6942,2026-03-16,1365.0
6942,2026-03-23,1371.0
6942,2026-03-30,1254.0
6942,2026-04-06,1289.0
6942,2026-04-13,1270.0
6942,2026-04-20,1280.0
6942,2026-04-27,1280.0
6942,2026-05-04,1290.0
6942,2026-05-11,1296.0
6942,2026-05-18,1316.0
6942,2026-05-25,1307.0
6942,2026-06-01,1304.0
6942,2026-06-08,1310.0
6942,2026-06-15,1310.0
6942,2026-06-22,1316.0
6942,2026-06-29,1348.0
6942,2026-07-06,1350.0
6942,2026-07-13,1352.0
6942,2026-07-20,1369.0
6942,2026-07-27,1375.0
6942,2026-08-03,1380.0
6942,2026-08-10,1370.0
6942,2026-08-17,1383.0
6942,2026-08-24,1434.0
6942,2026-08-31,1446.0
6998,2025-09-08,1338.91
6998,2025-09-15,1341.82
6998,2025-09-22,1334.06
6998,2025-09-29,1347.89
6998,2025-10-06,1322.2
6998,2025-10-13,1381.49
6998,2025-10-20,1472.4
6998,2025-10-27,1474.38
6998,2025-11-03,1428.92
6998,2025-11-10,1335.05
6998,2025-11-17,1338.01
6998,2025-11-24,1359.75
6998,2025-12-01,1407.18
6998,2025-12-08,1393.35
6998,2025-12-15,1400.27
6998,2025-12-22,1467.46
6998,2025-12-29,1490.19
6998,2026-01-05,1595.93
6998,2026-01-12,1714.51
6998,2026-01-19,1925.98
6998,2026-01-26,2198.72
6998,2026-02-02,1887.44
6998,2026-02-09,1923.02
6998,2026-02-16,2034.68
6998,2026-02-23,2158.21
6998,2026-03-02,2253.08
6998,2026-03-09,2233.31
6998,2026-03-16,2267.9
6998,2026-03-23,2092.0
6998,2026-03-30,2074.0
6998,2026-04-06,2128.0
6998,2026-04-13,2074.0
6998,2026-04-20,1957.0
6998,2026-04-27,1931.0
6998,2026-05-04,2049.0
6998,2026-05-11,1998.0
6998,2026-05-18,1892.0
6998,2026-05-25,2150.0
6998,2026-06-01,2199.0
6998,2026-06-08,1898.0
6998,2026-06-15,2353.0
6998,2026-06-22,2045.0
6998,2026-06-29,2089.0
6998,2026-07-06,2011.0
6998,2026-07-13,1897.0
6998,2026-07-20,1900.0
6998,2026-07-27,1904.0
6998,2026-08-03,3120.0
6998,2026-08-10,3270.0
6998,2026-08-17,3180.0
6998,2026-08-24,3110.0
6998,2026-08-31,3585.0
7075,2025-09-08,800.98
7075,2025-09-15,799.99
7075,2025-09-22,804.93
7075,2025-09-29,724.93
7075,2025-10-06,748.63
7075,2025-10-13,740.73
7075,2025-10-20,762.46
7075,2025-10-27,758.51
7075,2025-11-03,753.57
7075,2025-11-10,758.51
7075,2025-11-17,719.0
7075,2025-11-24,738.75
7075,2025-12-01,722.95
7075,2025-12-08,714.06
7075,2025-12-15,730.85
7075,2025-12-22,746.66
7075,2025-12-29,760.48
7075,2026-01-05,754.56
7075,2026-01-12,754.56
7075,2026-01-19,761.47
7075,2026-01-26,765.42
7075,2026-02-02,783.2
7075,2026-02-09,796.04
7075,2026-02-16,791.1
7075,2026-02-23,796.04
7075,2026-03-02,773.32
7075,2026-03-09,761.47
7075,2026-03-16,819.74
7075,2026-03-23,799.0
7075,2026-03-30,786.0
7075,2026-04-06,783.0
7075,2026-04-13,773.0
7075,2026-04-20,772.0
7075,2026-04-27,784.0
7075,2026-05-04,782.0
7075,2026-05-11,791.0
7075,2026-05-18,797.0
7075,2026-05-25,774.0
7075,2026-06-01,773.0
7075,2026-06-08,766.0
7075,2026-06-15,777.0
7075,2026-06-22,794.0
7075,2026-06-29,803.0
7075,2026-07-06,815.0
7075,2026-07-13,811.0
7075,2026-07-20,820.0
7075,2026-07-27,814.0
7075,2026-08-03,853.0
7075,2026-08-10,853.0
7075,2026-08-17,857.0
7075,2026-08-24,870.0
7075,2026-08-31,941.0
7119,2025-09-08,1305.89
7119,2025-09-15,1385.12
7119,2025-09-22,1437.95
7119,2025-09-29,1306.5
7119,2025-10-06,1329.24
7119,2025-10-13,1327.26
7119,2025-10-20,1345.05
7119,2025-10-27,1322.32
7119,2025-11-03,1327.26
7119,2025-11-10,1342.08
7119,2025-11-17,1233.37
7119,2025-11-24,1301.56
7119,2025-12-01,1284.76
7119,2025-12-08,1287.73
7119,2025-12-15,1253.14
7119,2025-12-22,1263.02
7119,2025-12-29,1273.89
7119,2026-01-05,1314.41
7119,2026-01-12,1316.39
7119,2026-01-19,1324.29
7119,2026-01-26,1328.25
7119,2026-02-02,1327.26
7119,2026-02-09,1340.11
7119,2026-02-16,1327.26
7119,2026-02-23,1345.05
7119,2026-03-02,1384.58
7119,2026-03-09,1529.86
7119,2026-03-16,1607.93
7119,2026-03-23,1602.0
7119,2026-03-30,1590.0
7119,2026-04-06,1657.0
7119,2026-04-13,1554.0
7119,2026-04-20,1522.0
7119,2026-04-27,1517.0
7119,2026-05-04,1549.0
7119,2026-05-11,1501.0
7119,2026-05-18,1560.0
7119,2026-05-25,1581.0
7119,2026-06-01,1615.0
7119,2026-06-08,1593.0
7119,2026-06-15,1640.0
7119,2026-06-22,1625.0
7119,2026-06-29,1680.0
7119,2026-07-06,1683.0
7119,2026-07-13,1669.0
7119,2026-07-20,1674.0
7119,2026-07-27,1686.0
7119,2026-08-03,1711.0
7119,2026-08-10,1716.0
7119,2026-08-17,1724.0
7119,2026-08-24,1736.0
7119,2026-08-31,1875.0
7167,2025-09-08,904.88
7167,2025-09-15,885.68
7167,2025-09-22,935.3
7167,2025-09-29,915.26
7167,2025-10-06,907.26
7167,2025-10-13,875.37
7167,2025-10-20,900.25
7167,2025-10-27,949.72
7167,2025-11-03,936.49
7167,2025-11-10,966.8
7167,2025-11-17,946.86
7167,2025-11-24,1006.59
7167,2025-12-01,1020.41
7167,2025-12-08,1038.68
7167,2025-12-15,1054.97
7167,2025-12-22,1025.84
7167,2025-12-29,1024.86
7167,2026-01-05,1087.06
7167,2026-01-12,1151.23
7167,2026-01-19,1132.97
7167,2026-01-26,1148.77
7167,2026-02-02,1257.87
7167,2026-02-09,1298.35
7167,2026-02-16,1303.28
7167,2026-02-23,1325.99
7167,2026-03-02,1239.6
7167,2026-03-09,1166.04
7167,2026-03-16,1183.32
7167,2026-03-23,1247.5
7167,2026-03-30,1286.0
7167,2026-04-06,1353.5
7167,2026-04-13,1343.5
7167,2026-04-20,1222.0
7167,2026-04-27,1296.0
7167,2026-05-04,1313.5
7167,2026-05-11,1377.5
7167,2026-05-18,1396.5
7167,2026-05-25,1329.5
7167,2026-06-01,1357.5
7167,2026-06-08,1402.0
7167,2026-06-15,1411.0
7167,2026-06-22,1407.5
7167,2026-06-29,1509.0
7167,2026-07-06,1539.5
7167,2026-07-13,1427.0
7167,2026-07-20,1541.0
7167,2026-07-27,1497.0
7167,2026-08-03,1580.0
7167,2026-08-10,1658.5
7167,2026-08-17,1648.5
7167,2026-08-24,1700.5
7167,2026-08-31,1702.0
7180,2025-09-08,857.82
7180,2025-09-15,834.38
7180,2025-09-22,889.24
7180,2025-09-29,859.44
7180,2025-10-06,839.22
7180,2025-10-13,820.08
7180,2025-10-20,850.27
7180,2025-10-27,871.87
7180,2025-11-03,876.41
7180,2025-11-10,884.9
7180,2025-11-17,900.19
7180,2025-11-24,949.62
7180,2025-12-01,952.08
7180,2025-12-08,989.58
7180,2025-12-15,987.6
7180,2025-12-22,992.04
7180,2025-12-29,1004.38
7180,2026-01-05,1071.47
7180,2026-01-12,1149.9
7180,2026-01-19,1152.86
7180,2026-01-26,1140.04
7180,2026-02-02,1280.63
7180,2026-02-09,1316.15
7180,2026-02-16,1300.36
7180,2026-02-23,1320.09
7180,2026-03-02,1215.02
7180,2026-03-09,1157.3
7180,2026-03-16,1144.48
7180,2026-03-23,1179.5
7180,2026-03-30,1228.5
7180,2026-04-06,1295.0
7180,2026-04-13,1315.0
7180,2026-04-20,1243.0
7180,2026-04-27,1265.0
7180,2026-05-04,1259.0
7180,2026-05-11,1417.5
7180,2026-05-18,1453.5
7180,2026-05-25,1382.0
7180,2026-06-01,1416.5
7180,2026-06-08,1445.0
7180,2026-06-15,1439.5
7180,2026-06-22,1436.5
7180,2026-06-29,1512.5
7180,2026-07-06,1517.5
7180,2026-07-13,1483.0
7180,2026-07-20,1604.5
7180,2026-07-27,1484.5
7180,2026-08-03,1489.5
7180,2026-08-10,1547.5
7180,2026-08-17,1507.0
7180,2026-08-24,1565.5
7180,2026-08-31,1620.0
7189,2025-09-08,2400.17
7189,2025-09-15,2329.81
7189,2025-09-22,2452.22
7189,2025-09-29,2374.7
7189,2025-10-06,2363.91
7189,2025-10-13,2317.79
7189,2025-10-20,2494.42
7189,2025-10-27,2588.62
7189,2025-11-03,2626.89
7189,2025-11-10,2840.32
7189,2025-11-17,2818.24
7189,2025-11-24,2909.5
7189,2025-12-01,2963.47
7189,2025-12-08,2953.66
7189,2025-12-15,3106.74
7189,2025-12-22,3085.15
7189,2025-12-29,3150.9
7189,2026-01-05,3345.19
7189,2026-01-12,3640.56
7189,2026-01-19,3637.61
7189,2026-01-26,3660.18
7189,2026-02-02,4081.15
7189,2026-02-09,4227.36
7189,2026-02-16,4336.29
7189,2026-02-23,4370.63
7189,2026-03-02,4043.86
7189,2026-03-09,3844.66
7189,2026-03-16,3795.6
7189,2026-03-23,3827.0
7189,2026-03-30,4008.0
7189,2026-04-06,4217.0
7189,2026-04-13,4185.0
7189,2026-04-20,3812.0
7189,2026-04-27,3908.0
7189,2026-05-04,3946.0
7189,2026-05-11,4050.0
7189,2026-05-18,4097.0
7189,2026-05-25,3953.0
7189,2026-06-01,4008.0
7189,2026-06-08,4169.0
7189,2026-06-15,4072.0
7189,2026-06-22,4204.0
7189,2026-06-29,4282.0
7189,2026-07-06,4340.0
7189,2026-07-13,4106.0
7189,2026-07-20,4441.0
7189,2026-07-27,4268.0
7189,2026-08-03,4532.0
7189,2026-08-10,4771.0
7189,2026-08-17,4663.0
7189,2026-08-24,4839.0
7189,2026-08-31,5013.0
7246,2025-09-08,628.15
7246,2025-09-15,620.53
7246,2025-09-22,631.95
7246,2025-09-29,622.2
7246,2025-10-06,622.2
7246,2025-10-13,616.35
7246,2025-10-20,640.73
7246,2025-10-27,638.78
7246,2025-11-03,638.78
7246,2025-11-10,712.9
7246,2025-11-17,742.15
7246,2025-11-24,772.39
7246,2025-12-01,813.35
7246,2025-12-08,789.94
7246,2025-12-15,786.04
7246,2025-12-22,791.89
7246,2025-12-29,791.89
7246,2026-01-05,831.88
7246,2026-01-12,852.36
7246,2026-01-19,879.66
7246,2026-01-26,851.38
7246,2026-02-02,877.71
7246,2026-02-09,929.4
7246,2026-02-16,941.1
7246,2026-02-23,981.09
7246,2026-03-02,880.64
7246,2026-03-09,823.1
7246,2026-03-16,808.47
7246,2026-03-23,827.0
7246,2026-03-30,827.0
7246,2026-04-06,825.0
7246,2026-04-13,821.0
7246,2026-04-20,796.0
7246,2026-04-27,779.0
7246,2026-05-04,783.0
7246,2026-05-11,792.0
7246,2026-05-18,802.0
7246,2026-05-25,837.0
7246,2026-06-01,819.0
7246,2026-06-08,806.0
7246,2026-06-15,791.0
7246,2026-06-22,790.0
7246,2026-06-29,804.0
7246,2026-07-06,808.0
7246,2026-07-13,806.0
7246,2026-07-20,826.0
7246,2026-07-27,863.0
7246,2026-08-03,948.0
7246,2026-08-10,984.0
7246,2026-08-17,984.0
7246,2026-08-24,997.0
7246,2026-08-31,1037.0
7327,2025-09-08,1318.39
7327,2025-09-15,1294.31
7327,2025-09-22,1371.39
7327,2025-09-29,1399.54
7327,2025-10-06,1400.52
7327,2025-10-13,1417.22
7327,2025-10-20,1432.93
7327,2025-10-27,1461.42
7327,2025-11-03,1457.49
7327,2025-11-10,1472.22
7327,2025-11-17,1502.67
7327,2025-11-24,1590.07
7327,2025-12-01,1622.49
7327,2025-12-08,1602.84
7327,2025-12-15,1619.54
7327,2025-12-22,1594.0
7327,2025-12-29,1598.91
7327,2026-01-05,1712.84
7327,2026-01-12,1780.61
7327,2026-01-19,1819.89
7327,2026-01-26,1804.18
7327,2026-02-02,1868.02
7327,2026-02-09,1997.66
7327,2026-02-16,1962.3
7327,2026-02-23,2004.54
7327,2026-03-02,2011.41
7327,2026-03-09,1936.77
7327,2026-03-16,1931.86
7327,2026-03-23,1979.0
7327,2026-03-30,1937.0
7327,2026-04-06,2015.0
7327,2026-04-13,1996.0
7327,2026-04-20,1841.0
7327,2026-04-27,1944.0
7327,2026-05-04,1977.0
7327,2026-05-11,2030.0
7327,2026-05-18,2115.0
7327,2026-05-25,2020.0
7327,2026-06-01,2046.0
7327,2026-06-08,2104.0
7327,2026-06-15,2076.0
7327,2026-06-22,2131.0
7327,2026-06-29,2211.0
7327,2026-07-06,2246.0
7327,2026-07-13,2202.0
7327,2026-07-20,2365.0
7327,2026-07-27,2308.0
7327,2026-08-03,2372.0
7327,2026-08-10,2500.0
7327,2026-08-17,2465.0
7327,2026-08-24,2586.0
7327,2026-08-31,2652.0
7337,2025-09-08,1374.46
7337,2025-09-15,1351.78
7337,2025-09-22,1414.02
7337,2025-09-29,1381.09
7337,2025-10-06,1360.94
7337,2025-10-13,1337.84
7337,2025-10-20,1369.78
7337,2025-10-27,1415.49
7337,2025-11-03,1431.22
7337,2025-11-10,1452.85
7337,2025-11-17,1463.17
7337,2025-11-24,1522.15
7337,2025-12-01,1519.69
7337,2025-12-08,1546.72
7337,2025-12-15,1580.63
7337,2025-12-22,1541.31
7337,2025-12-29,1554.58
7337,2026-01-05,1631.26
7337,2026-01-12,1704.0
7337,2026-01-19,1697.61
7337,2026-01-26,1717.27
7337,2026-02-02,1861.27
7337,2026-02-09,1906.49
7337,2026-02-16,1891.75
7337,2026-02-23,1903.54
7337,2026-03-02,1818.52
7337,2026-03-09,1799.84
7337,2026-03-16,1750.69
7337,2026-03-23,1790.5
7337,2026-03-30,1810.0
7337,2026-04-06,1928.5
7337,2026-04-13,1923.5
7337,2026-04-20,1791.5
7337,2026-04-27,1842.5
7337,2026-05-04,1857.5
7337,2026-05-11,2053.5
7337,2026-05-18,2082.0
7337,2026-05-25,2017.5
7337,2026-06-01,2022.5
7337,2026-06-08,2081.5
7337,2026-06-15,2080.5
7337,2026-06-22,2100.5
7337,2026-06-29,2198.5
7337,2026-07-06,2199.0
7337,2026-07-13,2131.0
7337,2026-07-20,2304.0
7337,2026-07-27,2204.5
7337,2026-08-03,2268.0
7337,2026-08-10,2364.5
7337,2026-08-17,2300.5
7337,2026-08-24,2378.0
7337,2026-08-31,2409.5
7371,2025-09-08,713.07
7371,2025-09-15,741.98
7371,2025-09-22,733.31
7371,2025-09-29,683.2
7371,2025-10-06,649.47
7371,2025-10-13,629.24
7371,2025-10-20,645.62
7371,2025-10-27,612.86
7371,2025-11-03,650.44
7371,2025-11-10,659.11
7371,2025-11-17,638.87
7371,2025-11-24,662.96
7371,2025-12-01,631.17
7371,2025-12-08,641.77
7371,2025-12-15,626.35
7371,2025-12-22,635.02
7371,2025-12-29,638.87
7371,2026-01-05,658.15
7371,2026-01-12,666.82
7371,2026-01-19,682.24
7371,2026-01-26,676.46
7371,2026-02-02,649.47
7371,2026-02-09,658.15
7371,2026-02-16,642.73
7371,2026-02-23,710.18
7371,2026-03-02,710.18
7371,2026-03-09,678.38
7371,2026-03-16,678.38
7371,2026-03-23,668.75
7371,2026-03-30,662.0
7371,2026-04-06,662.96
7371,2026-04-13,667.78
7371,2026-04-20,660.07
7371,2026-04-27,649.47
7371,2026-05-04,651.4
7371,2026-05-11,661.04
7371,2026-05-18,678.38
7371,2026-05-25,698.62
7371,2026-06-01,693.8
7371,2026-06-08,723.67
7371,2026-06-15,730.42
7371,2026-06-22,715.0
7371,2026-06-29,719.0
7371,2026-07-06,724.0
7371,2026-07-13,719.0
7371,2026-07-20,719.0
7371,2026-07-27,747.0
7371,2026-08-03,754.0
7371,2026-08-10,761.0
7371,2026-08-17,751.0
7371,2026-08-24,780.0
7371,2026-08-31,815.0
7380,2025-09-08,1072.08
7380,2025-09-15,1054.66
7380,2025-09-22,1091.43
7380,2025-09-29,1055.97
7380,2025-10-06,1055.97
7380,2025-10-13,1061.88
7380,2025-10-20,1091.43
7380,2025-10-27,1107.19
7380,2025-11-03,1132.8
7380,2025-11-10,1168.26
7380,2025-11-17,1205.69
7380,2025-11-24,1225.39
7380,2025-12-01,1258.88
7380,2025-12-08,1294.35
7380,2025-12-15,1319.96
7380,2025-12-22,1345.57
7380,2025-12-29,1418.46
7380,2026-01-05,1461.8
7380,2026-01-12,1591.83
7380,2026-01-19,1676.54
7380,2026-01-26,1615.47
7380,2026-02-02,1780.96
7380,2026-02-09,1802.63
7380,2026-02-16,1946.44
7380,2026-02-23,2029.19
7380,2026-03-02,1869.61
7380,2026-03-09,1784.9
7380,2026-03-16,1741.56
7380,2026-03-23,1844.0
7380,2026-03-30,1870.0
7380,2026-04-06,2055.0
7380,2026-04-13,2116.0
7380,2026-04-20,1999.0
7380,2026-04-27,2059.0
7380,2026-05-04,2060.0
7380,2026-05-11,2045.0
7380,2026-05-18,2151.0
7380,2026-05-25,2116.0
7380,2026-06-01,2095.0
7380,2026-06-08,2197.0
7380,2026-06-15,2179.0
7380,2026-06-22,2290.0
7380,2026-06-29,2461.0
7380,2026-07-06,2464.0
7380,2026-07-13,2312.0
7380,2026-07-20,2562.0
7380,2026-07-27,2366.0
7380,2026-08-03,2416.0
7380,2026-08-10,2582.0
7380,2026-08-17,2512.0
7380,2026-08-24,2617.0
7380,2026-08-31,2664.0
7384,2025-09-08,1679.05
7384,2025-09-15,1665.36
7384,2025-09-22,1713.27
7384,2025-09-29,1672.6
7384,2025-10-06,1651.76
7384,2025-10-13,1655.73
7384,2025-10-20,1682.52
7384,2025-10-27,1718.23
7384,2025-11-03,1710.3
7384,2025-11-10,1748.99
7384,2025-11-17,1666.65
7384,2025-11-24,1740.06
7384,2025-12-01,1723.19
7384,2025-12-08,1778.75
7384,2025-12-15,1809.5
7384,2025-12-22,2063.47
7384,2025-12-29,2161.68
7384,2026-01-05,2321.4
7384,2026-01-12,2395.8
7384,2026-01-19,2751.95
7384,2026-01-26,2654.73
7384,2026-02-02,2886.87
7384,2026-02-09,2793.62
7384,2026-02-16,2837.27
7384,2026-02-23,2957.3
7384,2026-03-02,3010.87
7384,2026-03-09,3035.68
7384,2026-03-16,3045.6
7384,2026-03-23,3120.0
7384,2026-03-30,3160.0
7384,2026-04-06,3250.0
7384,2026-04-13,3790.0
7384,2026-04-20,3435.0
7384,2026-04-27,3525.0
7384,2026-05-04,3580.0
7384,2026-05-11,3445.0
7384,2026-05-18,3820.0
7384,2026-05-25,3915.0
7384,2026-06-01,3960.0
7384,2026-06-08,3550.0
7384,2026-06-15,3445.0
7384,2026-06-22,3555.0
7384,2026-06-29,4055.0
7384,2026-07-06,4065.0
7384,2026-07-13,3860.0
7384,2026-07-20,4330.0
7384,2026-07-27,4000.0
7384,2026-08-03,4315.0
7384,2026-08-10,4625.0
7384,2026-08-17,4480.0
7384,2026-08-24,4650.0
7384,2026-08-31,4850.0
7389,2025-09-08,597.02
7389,2025-09-15,590.22
7389,2025-09-22,615.5
7389,2025-09-29,646.13
7389,2025-10-06,721.21
7389,2025-10-13,732.08
7389,2025-10-20,738.01
7389,2025-10-27,785.43
7389,2025-11-03,813.09
7389,2025-11-10,830.87
7389,2025-11-17,845.69
7389,2025-11-24,917.82
7389,2025-12-01,937.57
7389,2025-12-08,910.9
7389,2025-12-15,931.65
7389,2025-12-22,896.08
7389,2025-12-29,908.92
7389,2026-01-05,977.09
7389,2026-01-12,1086.76
7389,2026-01-19,1112.44
7389,2026-01-26,1080.83
7389,2026-02-02,1165.79
7389,2026-02-09,1252.73
7389,2026-02-16,1234.95
7389,2026-02-23,1304.11
7389,2026-03-02,1185.55
7389,2026-03-09,1185.55
7389,2026-03-16,1250.76
7389,2026-03-23,1395.0
7389,2026-03-30,1432.0
7389,2026-04-06,1588.0
7389,2026-04-13,1640.0
7389,2026-04-20,1459.0
7389,2026-04-27,1478.0
7389,2026-05-04,1499.0
7389,2026-05-11,1522.0
7389,2026-05-18,1413.0
7389,2026-05-25,1357.0
7389,2026-06-01,1346.0
7389,2026-06-08,1367.0
7389,2026-06-15,1355.0
7389,2026-06-22,1384.0
7389,2026-06-29,1483.0
7389,2026-07-06,1498.0
7389,2026-07-13,1687.0
7389,2026-07-20,1828.0
7389,2026-07-27,1737.0
7389,2026-08-03,1622.0
7389,2026-08-10,1868.0
7389,2026-08-17,1803.0
7389,2026-08-24,1958.0
7389,2026-08-31,1988.0
7624,2025-09-08,137.08
7624,2025-09-15,137.08
7624,2025-09-22,137.08
7624,2025-09-29,134.17
7624,2025-10-06,134.17
7624,2025-10-13,133.19
7624,2025-10-20,136.11
7624,2025-10-27,133.19
7624,2025-11-03,135.14
7624,2025-11-10,136.11
7624,2025-11-17,133.19
7624,2025-11-24,136.11
7624,2025-12-01,135.14
7624,2025-12-08,135.14
7624,2025-12-15,137.08
7624,2025-12-22,131.25
7624,2025-12-29,129.31
7624,2026-01-05,138.06
7624,2026-01-12,138.06
7624,2026-01-19,140.0
7624,2026-01-26,135.14
7624,2026-02-02,137.08
7624,2026-02-09,140.0
7624,2026-02-16,140.0
7624,2026-02-23,144.0
7624,2026-03-02,139.0
7624,2026-03-09,136.0
7624,2026-03-16,136.0
7624,2026-03-23,134.0
7624,2026-03-30,133.0
7624,2026-04-06,133.0
7624,2026-04-13,133.0
7624,2026-04-20,133.0
7624,2026-04-27,134.0
7624,2026-05-04,134.0
7624,2026-05-11,134.0
7624,2026-05-18,133.0
7624,2026-05-25,135.0
7624,2026-06-01,134.0
7624,2026-06-08,132.0
7624,2026-06-15,136.0
7624,2026-06-22,138.0
7624,2026-06-29,142.0
7624,2026-07-06,141.0
7624,2026-07-13,140.0
7624,2026-07-20,139.0
7624,2026-07-27,139.0
7624,2026-08-03,140.0
7624,2026-08-10,145.0
7624,2026-08-17,152.0
7624,2026-08-24,153.0
7624,2026-08-31,154.0
7743,2025-09-08,535.82
7743,2025-09-15,536.8
7743,2025-09-22,532.9
7743,2025-09-29,517.28
7743,2025-10-06,521.18
7743,2025-10-13,522.16
7743,2025-10-20,543.63
7743,2025-10-27,554.37
7743,2025-11-03,568.03
7743,2025-11-10,555.34
7743,2025-11-17,571.94
7743,2025-11-24,573.89
7743,2025-12-01,558.27
7743,2025-12-08,556.32
7743,2025-12-15,551.44
7743,2025-12-22,549.49
7743,2025-12-29,561.2
7743,2026-01-05,569.01
7743,2026-01-12,602.19
7743,2026-01-19,575.84
7743,2026-01-26,564.13
7743,2026-02-02,577.79
7743,2026-02-09,511.42
7743,2026-02-16,519.23
7743,2026-02-23,553.39
7743,2026-03-02,525.09
7743,2026-03-09,611.95
7743,2026-03-16,557.3
7743,2026-03-23,610.0
7743,2026-03-30,611.0
7743,2026-04-06,603.0
7743,2026-04-13,581.0
7743,2026-04-20,534.0
7743,2026-04-27,537.0
7743,2026-05-04,545.0
7743,2026-05-11,505.0
7743,2026-05-18,517.0
7743,2026-05-25,500.0
7743,2026-06-01,488.0
7743,2026-06-08,485.0
7743,2026-06-15,488.0
7743,2026-06-22,502.0
7743,2026-06-29,512.0
7743,2026-07-06,514.0
7743,2026-07-13,509.0
7743,2026-07-20,515.0
7743,2026-07-27,535.0
7743,2026-08-03,522.0
7743,2026-08-10,533.0
7743,2026-08-17,534.0
7743,2026-08-24,735.0
7743,2026-08-31,792.0
7846,2025-09-08,1517.55
7846,2025-09-15,1593.34
7846,2025-09-22,1565.69
7846,2025-09-29,1522.1
7846,2025-10-06,1529.26
7846,2025-10-13,1524.7
7846,2025-10-20,1521.12
7846,2025-10-27,1515.92
7846,2025-11-03,1518.85
7846,2025-11-10,1550.73
7846,2025-11-17,1545.2
7846,2025-11-24,1594.97
7846,2025-12-01,1532.18
7846,2025-12-08,1558.21
7846,2025-12-15,1572.52
7846,2025-12-22,1626.52
7846,2025-12-29,1604.46
7846,2026-01-05,1586.68
7846,2026-01-12,1614.01
7846,2026-01-19,1631.46
7846,2026-01-26,1598.87
7846,2026-02-02,1643.31
7846,2026-02-09,1633.11
7846,2026-02-16,1595.24
7846,2026-02-23,1606.77
7846,2026-03-02,1504.7
7846,2026-03-09,1493.83
7846,2026-03-16,1520.17
7846,2026-03-23,1571.21
7846,2026-03-30,1602.49
7846,2026-04-06,1627.84
7846,2026-04-13,1586.35
7846,2026-04-20,1579.44
7846,2026-04-27,1580.43
7846,2026-05-04,1563.96
7846,2026-05-11,1535.65
7846,2026-05-18,1629.16
7846,2026-05-25,1638.38
7846,2026-06-01,1605.12
7846,2026-06-08,1626.85
7846,2026-06-15,1625.21
7846,2026-06-22,1695.67
7846,2026-06-29,1724.5
7846,2026-07-06,1768.0
7846,2026-07-13,1803.0
7846,2026-07-20,1778.0
7846,2026-07-27,1813.5
7846,2026-08-03,2004.5
7846,2026-08-10,1983.0
7846,2026-08-17,1991.5
7846,2026-08-24,2071.5
7846,2026-08-31,2126.0
7947,2025-09-08,2538.29
7947,2025-09-15,2548.0
7947,2025-09-22,2541.2
7947,2025-09-29,2466.99
7947,2025-10-06,2434.56
7947,2025-10-13,2466.01
7947,2025-10-20,2508.27
7947,2025-10-27,2462.08
7947,2025-11-03,2520.07
7947,2025-11-10,2593.78
7947,2025-11-17,2603.61
7947,2025-11-24,2660.62
7947,2025-12-01,2619.34
7947,2025-12-08,2567.24
7947,2025-12-15,2570.19
7947,2025-12-22,2607.54
7947,2025-12-29,2584.94
7947,2026-01-05,2586.9
7947,2026-01-12,2560.36
7947,2026-01-19,2708.78
7947,2026-01-26,2591.82
7947,2026-02-02,2692.07
7947,2026-02-09,2746.13
7947,2026-02-16,2726.47
7947,2026-02-23,2774.63
7947,2026-03-02,2523.02
7947,2026-03-09,2329.39
7947,2026-03-16,2294.99
7947,2026-03-23,2380.5
7947,2026-03-30,2345.0
7947,2026-04-06,2420.0
7947,2026-04-13,2402.0
7947,2026-04-20,2360.0
7947,2026-04-27,2366.0
7947,2026-05-04,2367.0
7947,2026-05-11,2341.0
7947,2026-05-18,2326.0
7947,2026-05-25,2390.0
7947,2026-06-01,2376.0
7947,2026-06-08,2525.0
7947,2026-06-15,2600.0
7947,2026-06-22,2628.0
7947,2026-06-29,2627.0
7947,2026-07-06,2519.0
7947,2026-07-13,2540.0
7947,2026-07-20,2512.0
7947,2026-07-27,2523.0
7947,2026-08-03,2709.0
7947,2026-08-10,2725.0
7947,2026-08-17,2782.0
7947,2026-08-24,2774.0
7947,2026-08-31,2866.0
8066,2025-09-08,2068.54
8066,2025-09-15,2103.05
8066,2025-09-22,2103.05
8066,2025-09-29,2183.26
8066,2025-10-06,2239.99
8066,2025-10-13,2191.08
8066,2025-10-20,2226.3
8066,2025-10-27,2269.34
8066,2025-11-03,2306.51
8066,2025-11-10,2327.05
8066,2025-11-17,2323.14
8066,2025-11-24,2332.92
8066,2025-12-01,2166.63
8066,2025-12-08,2216.52
8066,2025-12-15,2296.73
8066,2025-12-22,2215.54
8066,2025-12-29,2248.8
8066,2026-01-05,2210.65
8066,2026-01-12,2208.69
8066,2026-01-19,2166.63
8066,2026-01-26,2328.03
8066,2026-02-02,2445.41
8066,2026-02-09,2688.97
8066,2026-02-16,2553.98
8066,2026-02-23,2787.76
8066,2026-03-02,2581.37
8066,2026-03-09,2521.7
8066,2026-03-16,2419.97
8066,2026-03-23,2374.0
8066,2026-03-30,2359.0
8066,2026-04-06,2359.0
8066,2026-04-13,2370.0
8066,2026-04-20,2397.0
8066,2026-04-27,2666.0
8066,2026-05-04,2740.0
8066,2026-05-11,2718.0
8066,2026-05-18,2574.0
8066,2026-05-25,2481.0
8066,2026-06-01,2447.0
8066,2026-06-08,2491.0
8066,2026-06-15,2509.0
8066,2026-06-22,2507.0
8066,2026-06-29,2679.0
8066,2026-07-06,2751.0
8066,2026-07-13,2813.0
8066,2026-07-20,2785.0
8066,2026-07-27,2897.0
8066,2026-08-03,3145.0
8066,2026-08-10,3230.0
8066,2026-08-17,3115.0
8066,2026-08-24,3480.0
8066,2026-08-31,3590.0
8098,2025-09-08,3456.17
8098,2025-09-15,3374.0
8098,2025-09-22,3470.67
8098,2025-09-29,3370.3
8098,2025-10-06,3345.7
8098,2025-10-13,3360.46
8098,2025-10-20,3478.54
8098,2025-10-27,3399.82
8098,2025-11-03,3399.82
8098,2025-11-10,3503.15
8098,2025-11-17,3532.67
8098,2025-11-24,3645.83
8098,2025-12-01,3508.07
8098,2025-12-08,3601.55
8098,2025-12-15,3675.35
8098,2025-12-22,3665.51
8098,2025-12-29,3685.19
8098,2026-01-05,3754.07
8098,2026-01-12,3950.88
8098,2026-01-19,3955.8
8098,2026-01-26,3847.56
8098,2026-02-02,3886.92
8098,2026-02-09,4044.36
8098,2026-02-16,4142.76
8098,2026-02-23,4285.45
8098,2026-03-02,4088.64
8098,2026-03-09,3891.84
8098,2026-03-16,3911.52
8098,2026-03-23,4005.0
8098,2026-03-30,4050.0
8098,2026-04-06,4120.0
8098,2026-04-13,4065.0
8098,2026-04-20,3880.0
8098,2026-04-27,3915.0
8098,2026-05-04,3920.0
8098,2026-05-11,4020.0
8098,2026-05-18,3880.0
8098,2026-05-25,3830.0
8098,2026-06-01,3780.0
8098,2026-06-08,3845.0
8098,2026-06-15,3830.0
8098,2026-06-22,3910.0
8098,2026-06-29,3940.0
8098,2026-07-06,3920.0
8098,2026-07-13,3955.0
8098,2026-07-20,4030.0
8098,2026-07-27,3965.0
8098,2026-08-03,4050.0
8098,2026-08-10,4190.0
8098,2026-08-17,4225.0
8098,2026-08-24,4365.0
8098,2026-08-31,4535.0
8133,2025-09-08,1918.07
8133,2025-09-15,1919.03
8133,2025-09-22,1985.81
8133,2025-09-29,1930.78
8133,2025-10-06,1860.04
8133,2025-10-13,1862.0
8133,2025-10-20,1892.46
8133,2025-10-27,1789.29
8133,2025-11-03,1786.34
8133,2025-11-10,1815.82
8133,2025-11-17,1828.59
8133,2025-11-24,1862.98
8133,2025-12-01,1739.18
8133,2025-12-08,1802.06
8133,2025-12-15,1858.07
8133,2025-12-22,1867.9
8133,2025-12-29,1864.95
8133,2026-01-05,1922.92
8133,2026-01-12,1989.74
8133,2026-01-19,2008.41
8133,2026-01-26,1878.71
8133,2026-02-02,1888.53
8133,2026-02-09,1913.1
8133,2026-02-16,1928.82
8133,2026-02-23,2048.69
8133,2026-03-02,1970.09
8133,2026-03-09,1933.73
8133,2026-03-16,1929.8
8133,2026-03-23,1975.0
8133,2026-03-30,2039.0
8133,2026-04-06,2004.0
8133,2026-04-13,1983.0
8133,2026-04-20,1887.0
8133,2026-04-27,1957.0
8133,2026-05-04,2021.0
8133,2026-05-11,2049.0
8133,2026-05-18,1979.0
8133,2026-05-25,1952.0
8133,2026-06-01,1950.0
8133,2026-06-08,2000.0
8133,2026-06-15,1982.0
8133,2026-06-22,2017.0
8133,2026-06-29,2022.0
8133,2026-07-06,2039.0
8133,2026-07-13,2053.0
8133,2026-07-20,2070.0
8133,2026-07-27,2170.0
8133,2026-08-03,2111.0
8133,2026-08-10,2145.0
8133,2026-08-17,2230.0
8133,2026-08-24,2243.0
8133,2026-08-31,2340.0
8158,2025-09-08,1049.4
8158,2025-09-15,1049.4
8158,2025-09-22,1059.0
8158,2025-09-29,1007.17
8158,2025-10-06,981.75
8158,2025-10-13,972.95
8158,2025-10-20,977.84
8158,2025-10-27,977.84
8158,2025-11-03,984.68
8158,2025-11-10,997.4
8158,2025-11-17,995.44
8158,2025-11-24,1006.2
8158,2025-12-01,992.51
8158,2025-12-08,1009.13
8158,2025-12-15,1027.71
8158,2025-12-22,1056.07
8158,2025-12-29,1059.0
8158,2026-01-05,1096.16
8158,2026-01-12,1141.14
8158,2026-01-19,1141.14
8158,2026-01-26,1142.12
8158,2026-02-02,1139.18
8158,2026-02-09,1163.63
8158,2026-02-16,1157.76
8158,2026-02-23,1198.83
8158,2026-03-02,1118.65
8158,2026-03-09,1078.56
8158,2026-03-16,1053.13
8158,2026-03-23,1059.0
8158,2026-03-30,1045.0
8158,2026-04-06,1037.0
8158,2026-04-13,1024.0
8158,2026-04-20,1007.0
8158,2026-04-27,1020.0
8158,2026-05-04,1045.0
8158,2026-05-11,1074.0
8158,2026-05-18,1087.0
8158,2026-05-25,1083.0
8158,2026-06-01,1115.0
8158,2026-06-08,1107.0
8158,2026-06-15,1119.0
8158,2026-06-22,1111.0
8158,2026-06-29,1143.0
8158,2026-07-06,1152.0
8158,2026-07-13,1159.0
8158,2026-07-20,1183.0
8158,2026-07-27,1206.0
8158,2026-08-03,1327.0
8158,2026-08-10,1318.0
8158,2026-08-17,1336.0
8158,2026-08-24,1324.0
8158,2026-08-31,1390.0
8308,2025-09-08,1493.46
8308,2025-09-15,1465.94
8308,2025-09-22,1540.14
8308,2025-09-29,1471.2
8308,2025-10-06,1478.14
8308,2025-10-13,1391.34
8308,2025-10-20,1429.53
8308,2025-10-27,1481.61
8308,2025-11-03,1495.5
8308,2025-11-10,1578.83
8308,2025-11-17,1547.59
8308,2025-11-24,1576.85
8308,2025-12-01,1557.51
8308,2025-12-08,1541.63
8308,2025-12-15,1546.59
8308,2025-12-22,1490.05
8308,2025-12-29,1481.12
8308,2026-01-05,1613.06
8308,2026-01-12,1781.21
8308,2026-01-19,1802.54
8308,2026-01-26,1775.26
8308,2026-02-02,1997.97
8308,2026-02-09,2124.95
8308,2026-02-16,1964.74
8308,2026-02-23,1895.3
8308,2026-03-02,1796.59
8308,2026-03-09,1733.59
8308,2026-03-16,1753.43
8308,2026-03-23,1807.5
8308,2026-03-30,1823.0
8308,2026-04-06,1888.5
8308,2026-04-13,1966.0
8308,2026-04-20,1820.5
8308,2026-04-27,1927.0
8308,2026-05-04,1940.0
8308,2026-05-11,2042.0
8308,2026-05-18,2139.5
8308,2026-05-25,2039.5
8308,2026-06-01,2118.0
8308,2026-06-08,2147.0
8308,2026-06-15,2196.0
8308,2026-06-22,2102.0
8308,2026-06-29,2245.5
8308,2026-07-06,2335.5
8308,2026-07-13,2224.5
8308,2026-07-20,2365.5
8308,2026-07-27,2191.5
8308,2026-08-03,2313.0
8308,2026-08-10,2454.0
8308,2026-08-17,2378.0
8308,2026-08-24,2512.5
8308,2026-08-31,2550.0
8334,2025-09-08,1562.7
8334,2025-09-15,1514.76
8334,2025-09-22,1640.67
8334,2025-09-29,1580.52
8334,2025-10-06,1547.98
8334,2025-10-13,1503.12
8334,2025-10-20,1561.79
8334,2025-10-27,1578.55
8334,2025-11-03,1576.58
8334,2025-11-10,1613.06
8334,2025-11-17,1622.92
8334,2025-11-24,1710.18
8334,2025-12-01,1710.67
8334,2025-12-08,1701.8
8334,2025-12-15,1746.17
8334,2025-12-22,1701.8
8334,2025-12-29,1703.28
8334,2026-01-05,1786.1
8334,2026-01-12,1909.84
8334,2026-01-19,1922.16
8334,2026-01-26,1912.3
8334,2026-02-02,2142.53
8334,2026-02-09,2199.72
8334,2026-02-16,2174.57
8334,2026-02-23,2230.28
8334,2026-03-02,2104.08
8334,2026-03-09,2071.05
8334,2026-03-16,2095.2
8334,2026-03-23,2250.0
8334,2026-03-30,2231.5
8334,2026-04-06,2269.0
8334,2026-04-13,2214.0
8334,2026-04-20,2030.0
8334,2026-04-27,2157.0
8334,2026-05-04,2164.0
8334,2026-05-11,2232.0
8334,2026-05-18,2316.0
8334,2026-05-25,2260.0
8334,2026-06-01,2262.5
8334,2026-06-08,2343.5
8334,2026-06-15,2316.5
8334,2026-06-22,2334.0
8334,2026-06-29,2419.0
8334,2026-07-06,2492.5
8334,2026-07-13,2436.5
8334,2026-07-20,2609.0
8334,2026-07-27,2538.5
8334,2026-08-03,2595.0
8334,2026-08-10,2765.0
8334,2026-08-17,2701.0
8334,2026-08-24,2830.5
8334,2026-08-31,2910.0
8336,2025-09-08,1274.31
8336,2025-09-15,1263.04
8336,2025-09-22,1317.81
8336,2025-09-29,1316.17
8336,2025-10-06,1299.74
8336,2025-10-13,1296.45
8336,2025-10-20,1317.81
8336,2025-10-27,1363.82
8336,2025-11-03,1404.9
8336,2025-11-10,1449.26
8336,2025-11-17,1459.12
8336,2025-11-24,1534.71
8336,2025-12-01,1534.71
8336,2025-12-08,1524.85
8336,2025-12-15,1569.21
8336,2025-12-22,1575.79
8336,2025-12-29,1597.15
8336,2026-01-05,1685.88
8336,2026-01-12,1814.04
8336,2026-01-19,1846.91
8336,2026-01-26,1807.47
8336,2026-02-02,1968.5
8336,2026-02-09,2014.51
8336,2026-02-16,2083.52
8336,2026-02-23,2142.68
8336,2026-03-02,2014.51
8336,2026-03-09,1945.5
8336,2026-03-16,2060.52
8336,2026-03-23,2096.67
8336,2026-03-30,2194.0
8336,2026-04-06,2408.0
8336,2026-04-13,2381.0
8336,2026-04-20,2333.0
8336,2026-04-27,2388.0
8336,2026-05-04,2390.0
8336,2026-05-11,2438.0
8336,2026-05-18,2497.0
8336,2026-05-25,2423.0
8336,2026-06-01,2431.0
8336,2026-06-08,2513.0
8336,2026-06-15,2432.0
8336,2026-06-22,2519.0
8336,2026-06-29,2584.0
8336,2026-07-06,2621.0
8336,2026-07-13,2523.0
8336,2026-07-20,2741.0
8336,2026-07-27,2577.0
8336,2026-08-03,2654.0
8336,2026-08-10,2775.0
8336,2026-08-17,2691.0
8336,2026-08-24,2795.0
8336,2026-08-31,2843.0
8341,2025-09-08,1880.03
8341,2025-09-15,1875.19
8341,2025-09-22,2016.99
8341,2025-09-29,2007.8
8341,2025-10-06,1905.73
8341,2025-10-13,1867.34
8341,2025-10-20,2045.21
8341,2025-10-27,2170.9
8341,2025-11-03,2186.0
8341,2025-11-10,2259.51
8341,2025-11-17,2266.73
8341,2025-11-24,2369.12
8341,2025-12-01,2447.88
8341,2025-12-08,2440.67
8341,2025-12-15,2502.69
8341,2025-12-22,2482.34
8341,2025-12-29,2474.8
8341,2026-01-05,2644.46
8341,2026-01-12,2849.25
8341,2026-01-19,2864.02
8341,2026-01-26,2775.08
8341,2026-02-02,2999.23
8341,2026-02-09,3160.69
8341,2026-02-16,3225.34
8341,2026-02-23,3228.29
8341,2026-03-02,3020.89
8341,2026-03-09,2980.19
8341,2026-03-16,2969.36
8341,2026-03-23,3119.67
8341,2026-03-30,3211.0
8341,2026-04-06,3262.0
8341,2026-04-13,3279.0
8341,2026-04-20,2929.5
8341,2026-04-27,3004.0
8341,2026-05-04,2987.5
8341,2026-05-11,3141.0
8341,2026-05-18,3201.0
8341,2026-05-25,3154.0
8341,2026-06-01,3174.0
8341,2026-06-08,3267.0
8341,2026-06-15,3317.0
8341,2026-06-22,3335.0
8341,2026-06-29,3519.0
8341,2026-07-06,3515.0
8341,2026-07-13,3311.0
8341,2026-07-20,3631.0
8341,2026-07-27,3495.0
8341,2026-08-03,3661.0
8341,2026-08-10,3837.0
8341,2026-08-17,3736.0
8341,2026-08-24,3950.0
8341,2026-08-31,4031.0
8354,2025-09-08,4341.26
8354,2025-09-15,4209.82
8354,2025-09-22,4377.98
8354,2025-09-29,4264.72
8354,2025-10-06,4261.76
8354,2025-10-13,4180.01
8354,2025-10-20,4264.72
8354,2025-10-27,4417.38
8354,2025-11-03,4391.77
8354,2025-11-10,4478.44
8354,2025-11-17,4598.61
8354,2025-11-24,4734.52
8354,2025-12-01,4806.42
8354,2025-12-08,4965.98
8354,2025-12-15,5016.21
8354,2025-12-22,4979.77
8354,2025-12-29,4990.6
8354,2026-01-05,5260.47
8354,2026-01-12,5585.5
8354,2026-01-19,5539.21
8354,2026-01-26,5516.55
8354,2026-02-02,6762.48
8354,2026-02-09,7022.5
8354,2026-02-16,6704.37
8354,2026-02-23,6739.83
8354,2026-03-02,6075.0
8354,2026-03-09,6007.05
8354,2026-03-16,5997.2
8354,2026-03-23,6206.0
8354,2026-03-30,6320.0
8354,2026-04-06,6556.0
8354,2026-04-13,6520.0
8354,2026-04-20,6090.0
8354,2026-04-27,6415.0
8354,2026-05-04,6371.0
8354,2026-05-11,6612.0
8354,2026-05-18,6657.0
8354,2026-05-25,6556.0
8354,2026-06-01,6797.0
8354,2026-06-08,6867.0
8354,2026-06-15,6974.0
8354,2026-06-22,6861.0
8354,2026-06-29,7221.0
8354,2026-07-06,7286.0
8354,2026-07-13,7081.0
8354,2026-07-20,7646.0
8354,2026-07-27,7360.0
8354,2026-08-03,7544.0
8354,2026-08-10,7730.0
8354,2026-08-17,7564.0
8354,2026-08-24,7846.0
8354,2026-08-31,7933.0
8359,2025-09-08,1445.82
8359,2025-09-15,1437.11
8359,2025-09-22,1519.4
8359,2025-09-29,1453.21
8359,2025-10-06,1425.26
8359,2025-10-13,1388.98
8359,2025-10-20,1443.4
8359,2025-10-27,1523.32
8359,2025-11-03,1528.71
8359,2025-11-10,1537.05
8359,2025-11-17,1543.91
8359,2025-11-24,1640.99
8359,2025-12-01,1676.78
8359,2025-12-08,1640.01
8359,2025-12-15,1666.48
8359,2025-12-22,1643.93
8359,2025-12-29,1664.52
8359,2026-01-05,1762.58
8359,2026-01-12,1889.56
8359,2026-01-19,1915.55
8359,2026-01-26,1887.6
8359,2026-02-02,2051.85
8359,2026-02-09,2040.08
8359,2026-02-16,2050.87
8359,2026-02-23,2039.1
8359,2026-03-02,1922.41
8359,2026-03-09,1904.76
8359,2026-03-16,1921.92
8359,2026-03-23,2019.0
8359,2026-03-30,2027.5
8359,2026-04-06,2105.5
8359,2026-04-13,2104.0
8359,2026-04-20,2027.5
8359,2026-04-27,2094.5
8359,2026-05-04,2201.5
8359,2026-05-11,2388.0
8359,2026-05-18,2335.0
8359,2026-05-25,2323.5
8359,2026-06-01,2380.5
8359,2026-06-08,2342.5
8359,2026-06-15,2347.0
8359,2026-06-22,2387.0
8359,2026-06-29,2529.5
8359,2026-07-06,2551.0
8359,2026-07-13,2456.5
8359,2026-07-20,2674.0
8359,2026-07-27,2508.0
8359,2026-08-03,2607.0
8359,2026-08-10,2698.0
8359,2026-08-17,2581.0
8359,2026-08-24,2697.5
8359,2026-08-31,2745.0
8362,2025-09-08,1941.21
8362,2025-09-15,1929.65
8362,2025-09-22,2078.08
8362,2025-09-29,2060.5
8362,2025-10-06,2008.71
8362,2025-10-13,1997.97
8362,2025-10-20,2070.27
8362,2025-10-27,2124.0
8362,2025-11-03,2136.7
8362,2025-11-10,2146.47
8362,2025-11-17,2155.27
8362,2025-11-24,2351.64
8362,2025-12-01,2353.6
8362,2025-12-08,2323.31
8362,2025-12-15,2387.79
8362,2025-12-22,2469.86
8362,2025-12-29,2531.41
8362,2026-01-05,2681.87
8362,2026-01-12,2775.66
8362,2026-01-19,2812.79
8362,2026-01-26,2846.98
8362,2026-02-02,3165.48
8362,2026-02-09,3326.69
8362,2026-02-16,3341.34
8362,2026-02-23,3448.81
8362,2026-03-02,3292.49
8362,2026-03-09,3189.91
8362,2026-03-16,3272.95
8362,2026-03-23,3356.0
8362,2026-03-30,3345.0
8362,2026-04-06,3555.0
8362,2026-04-13,3875.0
8362,2026-04-20,3460.0
8362,2026-04-27,3765.0
8362,2026-05-04,3940.0
8362,2026-05-11,4450.0
8362,2026-05-18,4645.0
8362,2026-05-25,4590.0
8362,2026-06-01,5390.0
8362,2026-06-08,5340.0
8362,2026-06-15,4960.0
8362,2026-06-22,5440.0
8362,2026-06-29,6010.0
8362,2026-07-06,5760.0
8362,2026-07-13,5630.0
8362,2026-07-20,6180.0
8362,2026-07-27,5680.0
8362,2026-08-03,6180.0
8362,2026-08-10,6720.0
8362,2026-08-17,6860.0
8362,2026-08-24,7210.0
8362,2026-08-31,7100.0
8367,2025-09-08,962.72
8367,2025-09-15,951.13
8367,2025-09-22,988.79
8367,2025-09-29,955.34
8367,2025-10-06,945.5
8367,2025-10-13,950.42
8367,2025-10-20,982.89
8367,2025-10-27,1009.45
8367,2025-11-03,1023.23
8367,2025-11-10,1040.94
8367,2025-11-17,1046.84
8367,2025-11-24,1113.74
8367,2025-12-01,1135.39
8367,2025-12-08,1137.35
8367,2025-12-15,1157.03
8367,2025-12-22,1151.13
8367,2025-12-29,1172.77
8367,2026-01-05,1221.97
8367,2026-01-12,1322.32
8367,2026-01-19,1340.03
8367,2026-01-26,1310.52
8367,2026-02-02,1414.81
8367,2026-02-09,1473.84
8367,2026-02-16,1473.84
8367,2026-02-23,1505.32
8367,2026-03-02,1442.35
8367,2026-03-09,1395.13
8367,2026-03-16,1403.0
8367,2026-03-23,1464.0
8367,2026-03-30,1466.0
8367,2026-04-06,1526.0
8367,2026-04-13,1561.0
8367,2026-04-20,1448.0
8367,2026-04-27,1466.0
8367,2026-05-04,1619.0
8367,2026-05-11,1655.0
8367,2026-05-18,1762.0
8367,2026-05-25,1686.0
8367,2026-06-01,1672.0
8367,2026-06-08,1780.0
8367,2026-06-15,1726.0
8367,2026-06-22,1756.0
8367,2026-06-29,1850.0
8367,2026-07-06,1859.0
8367,2026-07-13,1791.0
8367,2026-07-20,1922.0
8367,2026-07-27,1720.0
8367,2026-08-03,1808.0
8367,2026-08-10,1941.0
8367,2026-08-17,1872.0
8367,2026-08-24,1956.0
8367,2026-08-31,1983.0
8370,2025-09-08,2918.2
8370,2025-09-15,2839.35
8370,2025-09-22,2873.97
8370,2025-09-29,2796.51
8370,2025-10-06,2768.07
8370,2025-10-13,2778.86
8370,2025-10-20,2923.98
8370,2025-10-27,2941.63
8370,2025-11-03,3005.36
8370,2025-11-10,2921.03
8370,2025-11-17,2892.6
8370,2025-11-24,3010.26
8370,2025-12-01,3049.49
8370,2025-12-08,3083.8
8370,2025-12-15,3191.66
8370,2025-12-22,3181.86
8370,2025-12-29,3196.57
8370,2026-01-05,3333.84
8370,2026-01-12,3500.53
8370,2026-01-19,3637.81
8370,2026-01-26,3696.64
8370,2026-02-02,4005.51
8370,2026-02-09,4083.96
8370,2026-02-16,4186.91
8370,2026-02-23,4201.62
8370,2026-03-02,3995.71
8370,2026-03-09,3789.79
8370,2026-03-16,3819.21
8370,2026-03-23,3981.0
8370,2026-03-30,4020.0
8370,2026-04-06,4210.0
8370,2026-04-13,4140.0
8370,2026-04-20,3885.0
8370,2026-04-27,4155.0
8370,2026-05-04,4200.0
8370,2026-05-11,4405.0
8370,2026-05-18,4525.0
8370,2026-05-25,4240.0
8370,2026-06-01,4320.0
8370,2026-06-08,4515.0
8370,2026-06-15,4430.0
8370,2026-06-22,4460.0
8370,2026-06-29,4550.0
8370,2026-07-06,4605.0
8370,2026-07-13,4550.0
8370,2026-07-20,4945.0
8370,2026-07-27,4690.0
8370,2026-08-03,4845.0
8370,2026-08-10,5070.0
8370,2026-08-17,4885.0
8370,2026-08-24,5100.0
8370,2026-08-31,5130.0
8387,2025-09-08,1415.0
8387,2025-09-15,1383.06
8387,2025-09-22,1425.64
8387,2025-09-29,1397.03
8387,2025-10-06,1378.29
8387,2025-10-13,1376.31
8387,2025-10-20,1400.98
8387,2025-10-27,1435.51
8387,2025-11-03,1471.03
8387,2025-11-10,1495.69
8387,2025-11-17,1507.53
8387,2025-11-24,1642.7
8387,2025-12-01,1627.9
8387,2025-12-08,1635.79
8387,2025-12-15,1694.99
8387,2025-12-22,1708.8
8387,2025-12-29,1734.45
8387,2026-01-05,1866.66
8387,2026-01-12,1951.51
8387,2026-01-19,2011.69
8387,2026-01-26,2007.74
8387,2026-02-02,2284.98
8387,2026-02-09,2309.64
8387,2026-02-16,2375.75
8387,2026-02-23,2420.14
8387,2026-03-02,2272.15
8387,2026-03-09,2253.41
8387,2026-03-16,2273.14
8387,2026-03-23,2357.0
8387,2026-03-30,2361.0
8387,2026-04-06,2477.0
8387,2026-04-13,2700.0
8387,2026-04-20,2489.0
8387,2026-04-27,2548.0
8387,2026-05-04,2552.0
8387,2026-05-11,2694.0
8387,2026-05-18,2826.0
8387,2026-05-25,2749.0
8387,2026-06-01,2750.0
8387,2026-06-08,2893.0
8387,2026-06-15,2750.0
8387,2026-06-22,2942.0
8387,2026-06-29,3140.0
8387,2026-07-06,3135.0
8387,2026-07-13,3095.0
8387,2026-07-20,3465.0
8387,2026-07-27,3330.0
8387,2026-08-03,3515.0
8387,2026-08-10,3545.0
8387,2026-08-17,3370.0
8387,2026-08-24,3615.0
8387,2026-08-31,3705.0
8410,2025-09-08,277.43
8410,2025-09-15,278.48
8410,2025-09-22,278.97
8410,2025-09-29,284.06
8410,2025-10-06,277.2
8410,2025-10-13,274.16
8410,2025-10-20,281.71
8410,2025-10-27,277.5
8410,2025-11-03,274.55
8410,2025-11-10,283.87
8410,2025-11-17,282.69
8410,2025-11-24,283.96
8410,2025-12-01,285.24
8410,2025-12-08,293.86
8410,2025-12-15,295.24
8410,2025-12-22,297.2
8410,2025-12-29,299.06
8410,2026-01-05,298.96
8410,2026-01-12,299.06
8410,2026-01-19,291.12
8410,2026-01-26,291.41
8410,2026-02-02,302.59
8410,2026-02-09,295.04
8410,2026-02-16,289.85
8410,2026-02-23,294.94
8410,2026-03-02,277.3
8410,2026-03-09,263.28
8410,2026-03-16,266.22
8410,2026-03-23,272.3
8410,2026-03-30,274.9
8410,2026-04-06,270.7
8410,2026-04-13,270.3
8410,2026-04-20,264.3
8410,2026-04-27,267.0
8410,2026-05-04,271.4
8410,2026-05-11,272.1
8410,2026-05-18,271.9
8410,2026-05-25,270.1
8410,2026-06-01,276.1
8410,2026-06-08,289.6
8410,2026-06-15,276.7
8410,2026-06-22,277.5
8410,2026-06-29,288.8
8410,2026-07-06,290.2
8410,2026-07-13,302.8
8410,2026-07-20,310.6
8410,2026-07-27,318.6
8410,2026-08-03,325.0
8410,2026-08-10,336.1
8410,2026-08-17,332.5
8410,2026-08-24,338.7
8410,2026-08-31,342.2
8411,2025-09-08,4737.23
8411,2025-09-15,4720.67
8411,2025-09-22,4955.53
8411,2025-09-29,4745.45
8411,2025-10-06,4701.95
8411,2025-10-13,4517.07
8411,2025-10-20,4829.48
8411,2025-10-27,5090.48
8411,2025-11-03,4988.65
8411,2025-11-10,5239.76
8411,2025-11-17,5104.32
8411,2025-11-24,5410.8
8411,2025-12-01,5598.64
8411,2025-12-08,5655.98
8411,2025-12-15,5562.06
8411,2025-12-22,5602.59
8411,2025-12-29,5635.22
8411,2026-01-05,6124.59
8411,2026-01-12,6771.16
8411,2026-01-19,6654.5
8411,2026-01-26,6705.91
8411,2026-02-02,7263.5
8411,2026-02-09,7593.7
8411,2026-02-16,7093.45
8411,2026-02-23,7069.73
8411,2026-03-02,6477.53
8411,2026-03-09,6066.26
8411,2026-03-16,6080.1
8411,2026-03-23,6306.5
8411,2026-03-30,6468.0
8411,2026-04-06,6786.0
8411,2026-04-13,6768.0
8411,2026-04-20,6427.0
8411,2026-04-27,6704.0
8411,2026-05-04,6771.0
8411,2026-05-11,6912.0
8411,2026-05-18,7457.0
8411,2026-05-25,7195.0
8411,2026-06-01,7716.0
8411,2026-06-08,7563.0
8411,2026-06-15,7884.0
8411,2026-06-22,7794.0
8411,2026-06-29,8078.0
8411,2026-07-06,8307.0
8411,2026-07-13,7930.0
8411,2026-07-20,8652.0
8411,2026-07-27,8167.0
8411,2026-08-03,8446.0
8411,2026-08-10,8620.0
8411,2026-08-17,8110.0
8411,2026-08-24,8486.0
8411,2026-08-31,8731.0
8439,2025-09-08,1870.34
8439,2025-09-15,1882.83
8439,2025-09-22,1870.82
8439,2025-09-29,1788.61
8439,2025-10-06,1782.74
8439,2025-10-13,1746.52
8439,2025-10-20,1823.35
8439,2025-10-27,1783.22
8439,2025-11-03,1813.08
8439,2025-11-10,1881.59
8439,2025-11-17,1899.69
8439,2025-11-24,1933.46
8439,2025-12-01,1884.03
8439,2025-12-08,1966.24
8439,2025-12-15,2004.9
8439,2025-12-22,1991.69
8439,2025-12-29,1985.33
8439,2026-01-05,2046.5
8439,2026-01-12,2080.27
8439,2026-01-19,2120.39
8439,2026-01-26,2104.73
8439,2026-02-02,2157.09
8439,2026-02-09,2185.97
8439,2026-02-16,2189.88
8439,2026-02-23,2234.41
8439,2026-03-02,2114.03
8439,2026-03-09,2019.1
8439,2026-03-16,2046.99
8439,2026-03-23,2023.5
8439,2026-03-30,2070.5
8439,2026-04-06,2090.5
8439,2026-04-13,2105.0
8439,2026-04-20,2098.0
8439,2026-04-27,2167.0
8439,2026-05-04,2197.0
8439,2026-05-11,2294.0
8439,2026-05-18,2403.5
8439,2026-05-25,2362.0
8439,2026-06-01,2393.5
8439,2026-06-08,2394.0
8439,2026-06-15,2435.5
8439,2026-06-22,2491.5
8439,2026-06-29,2495.0
8439,2026-07-06,2530.0
8439,2026-07-13,2609.5
8439,2026-07-20,2669.5
8439,2026-07-27,2623.0
8439,2026-08-03,2523.0
8439,2026-08-10,2547.5
8439,2026-08-17,2557.0
8439,2026-08-24,2696.5
8439,2026-08-31,2755.0
8537,2025-09-08,1706.92
8537,2025-09-15,1635.04
8537,2025-09-22,1690.63
8537,2025-09-29,1663.25
8537,2025-10-06,1645.65
8537,2025-10-13,1629.02
8537,2025-10-20,1693.56
8537,2025-10-27,1706.27
8537,2025-11-03,1685.74
8537,2025-11-10,1684.76
8537,2025-11-17,1674.98
8537,2025-11-24,1811.87
8537,2025-12-01,1912.59
8537,2025-12-08,1908.68
8537,2025-12-15,1909.65
8537,2025-12-22,2043.61
8537,2025-12-29,2023.08
8537,2026-01-05,2275.35
8537,2026-01-12,2406.38
8537,2026-01-19,2436.69
8537,2026-01-26,2316.42
8537,2026-02-02,2461.14
8537,2026-02-09,2546.2
8537,2026-02-16,2829.77
8537,2026-02-23,2832.7
8537,2026-03-02,2576.52
8537,2026-03-09,2447.45
8537,2026-03-16,2417.13
8537,2026-03-23,2379.0
8537,2026-03-30,2375.0
8537,2026-04-06,2539.0
8537,2026-04-13,2617.0
8537,2026-04-20,2393.0
8537,2026-04-27,2506.0
8537,2026-05-04,2592.0
8537,2026-05-11,2740.0
8537,2026-05-18,2981.0
8537,2026-05-25,2834.0
8537,2026-06-01,2807.0
8537,2026-06-08,2841.0
8537,2026-06-15,2721.0
8537,2026-06-22,2740.0
8537,2026-06-29,2843.0
8537,2026-07-06,2721.0
8537,2026-07-13,2633.0
8537,2026-07-20,2889.0
8537,2026-07-27,2592.0
8537,2026-08-03,2695.0
8537,2026-08-10,2945.0
8537,2026-08-17,2978.0
8537,2026-08-24,3055.0
8537,2026-08-31,3120.0
8604,2025-09-08,1052.02
8604,2025-09-15,1043.88
8604,2025-09-22,1073.08
8604,2025-09-29,1026.98
8604,2025-10-06,1039.73
8604,2025-10-13,1024.04
8604,2025-10-20,1028.94
8604,2025-10-27,1080.93
8604,2025-11-03,1069.65
8604,2025-11-10,1126.05
8604,2025-11-17,1098.09
8604,2025-11-24,1154.98
8604,2025-12-01,1176.07
8604,2025-12-08,1282.99
8604,2025-12-15,1237.87
8604,2025-12-22,1286.91
8604,2025-12-29,1276.12
8604,2026-01-05,1380.58
8604,2026-01-12,1448.75
8604,2026-01-19,1397.75
8604,2026-01-26,1385.98
8604,2026-02-02,1343.8
8604,2026-02-09,1414.42
8604,2026-02-16,1377.64
8604,2026-02-23,1424.72
8604,2026-03-02,1222.66
8604,2026-03-09,1158.42
8604,2026-03-16,1195.2
8604,2026-03-23,1231.0
8604,2026-03-30,1261.0
8604,2026-04-06,1305.0
8604,2026-04-13,1334.0
8604,2026-04-20,1312.0
8604,2026-04-27,1220.0
8604,2026-05-04,1228.5
8604,2026-05-11,1273.0
8604,2026-05-18,1287.0
8604,2026-05-25,1285.0
8604,2026-06-01,1361.0
8604,2026-06-08,1364.5
8604,2026-06-15,1408.5
8604,2026-06-22,1423.5
8604,2026-06-29,1471.5
8604,2026-07-06,1543.0
8604,2026-07-13,1520.0
8604,2026-07-20,1600.0
8604,2026-07-27,1520.0
8604,2026-08-03,1562.0
8604,2026-08-10,1570.0
8604,2026-08-17,1535.0
8604,2026-08-24,1642.0
8604,2026-08-31,1632.0
8725,2025-09-08,3345.8
8725,2025-09-15,3267.23
8725,2025-09-22,3270.11
8725,2025-09-29,3209.81
8725,2025-10-06,3302.95
8725,2025-10-13,3194.13
8725,2025-10-20,3197.07
8725,2025-10-27,3123.54
8725,2025-11-03,3137.26
8725,2025-11-10,3280.4
8725,2025-11-17,3366.67
8725,2025-11-24,3397.07
8725,2025-12-01,3450.99
8725,2025-12-08,3644.13
8725,2025-12-15,3677.46
8725,2025-12-22,3554.91
8725,2025-12-29,3610.79
8725,2026-01-05,3775.5
8725,2026-01-12,3977.46
8725,2026-01-19,3901.97
8725,2026-01-26,3854.91
8725,2026-02-02,4077.46
8725,2026-02-09,4107.85
8725,2026-02-16,4235.3
8725,2026-02-23,4290.21
8725,2026-03-02,4041.19
8725,2026-03-09,3912.75
8725,2026-03-16,3949.03
8725,2026-03-23,4125.5
8725,2026-03-30,4136.0
8725,2026-04-06,4077.0
8725,2026-04-13,4055.0
8725,2026-04-20,3946.0
8725,2026-04-27,3996.0
8725,2026-05-04,3978.0
8725,2026-05-11,4391.0
8725,2026-05-18,4245.0
8725,2026-05-25,4287.0
8725,2026-06-01,4325.0
8725,2026-06-08,4597.0
8725,2026-06-15,4551.0
8725,2026-06-22,4241.0
8725,2026-06-29,4454.0
8725,2026-07-06,4428.0
8725,2026-07-13,4483.0
8725,2026-07-20,4898.0
8725,2026-07-27,4924.0
8725,2026-08-03,4850.0
8725,2026-08-10,4836.0
8725,2026-08-17,4945.0
8725,2026-08-24,5114.0
8725,2026-08-31,5211.0
8739,2025-09-08,1532.41
8739,2025-09-15,1513.34
8739,2025-09-22,1555.3
8739,2025-09-29,1479.01
8739,2025-10-06,1570.55
8739,2025-10-13,1479.96
8739,2025-10-20,1499.99
8739,2025-10-27,1484.73
8739,2025-11-03,1405.58
8739,2025-11-10,1428.47
8739,2025-11-17,1424.65
8739,2025-11-24,1443.73
8739,2025-12-01,1414.17
8739,2025-12-08,1379.84
8739,2025-12-15,1430.38
8739,2025-12-22,1525.73
8739,2025-12-29,1544.81
8739,2026-01-05,1610.6
8739,2026-01-12,1679.26
8739,2026-01-19,1627.77
8739,2026-01-26,1568.65
8739,2026-02-02,1930.05
8739,2026-02-09,1916.7
8739,2026-02-16,1966.29
8739,2026-02-23,2026.37
8739,2026-03-02,1904.31
8739,2026-03-09,1832.79
8739,2026-03-16,1830.88
8739,2026-03-23,1849.0
8739,2026-03-30,1918.0
8739,2026-04-06,1984.0
8739,2026-04-13,1968.0
8739,2026-04-20,1908.0
8739,2026-04-27,1914.0
8739,2026-05-04,2039.0
8739,2026-05-11,2137.0
8739,2026-05-18,2155.0
8739,2026-05-25,2126.0
8739,2026-06-01,2173.0
8739,2026-06-08,2145.0
8739,2026-06-15,2140.0
8739,2026-06-22,2161.0
8739,2026-06-29,2299.0
8739,2026-07-06,2256.0
8739,2026-07-13,2240.0
8739,2026-07-20,2227.0
8739,2026-07-27,2255.0
8739,2026-08-03,2472.0
8739,2026-08-10,2524.0
8739,2026-08-17,2538.0
8739,2026-08-24,2626.0
8739,2026-08-31,2628.0
8876,2025-09-08,1712.27
8876,2025-09-15,1748.45
8876,2025-09-22,1771.61
8876,2025-09-29,1631.21
8876,2025-10-06,1633.14
8876,2025-10-13,1616.74
8876,2025-10-20,1621.08
8876,2025-10-27,1599.85
8876,2025-11-03,1597.92
8876,2025-11-10,1715.16
8876,2025-11-17,1664.99
8876,2025-11-24,1654.86
8876,2025-12-01,1615.78
8876,2025-12-08,1623.49
8876,2025-12-15,1665.47
8876,2025-12-22,1677.05
8876,2025-12-29,1655.34
8876,2026-01-05,1692.49
8876,2026-01-12,1731.57
8876,2026-01-19,1747.01
8876,2026-01-26,1690.56
8876,2026-02-02,1724.81
8876,2026-02-09,1772.58
8876,2026-02-16,1785.6
8876,2026-02-23,1858.46
8876,2026-03-02,1860.87
8876,2026-03-09,1852.67
8876,2026-03-16,1891.26
8876,2026-03-23,1898.5
8876,2026-03-30,1998.0
8876,2026-04-06,1945.0
8876,2026-04-13,1974.0
8876,2026-04-20,1958.0
8876,2026-04-27,1927.0
8876,2026-05-04,1916.0
8876,2026-05-11,2034.5
8876,2026-05-18,1970.5
8876,2026-05-25,1841.5
8876,2026-06-01,1804.0
8876,2026-06-08,1816.0
8876,2026-06-15,1781.5
8876,2026-06-22,1887.0
8876,2026-06-29,2058.0
8876,2026-07-06,2089.0
8876,2026-07-13,2013.0
8876,2026-07-20,2000.5
8876,2026-07-27,2014.0
8876,2026-08-03,2132.5
8876,2026-08-10,2161.0
8876,2026-08-17,2162.0
8876,2026-08-24,2179.0
8876,2026-08-31,2292.0
9432,2025-09-08,156.16
9432,2025-09-15,152.78
9432,2025-09-22,153.84
9432,2025-09-29,152.02
9432,2025-10-06,150.25
9432,2025-10-13,155.66
9432,2025-10-20,157.14
9432,2025-10-27,155.76
9432,2025-11-03,148.68
9432,2025-11-10,148.68
9432,2025-11-17,151.63
9432,2025-11-24,153.2
9432,2025-12-01,151.33
9432,2025-12-08,152.91
9432,2025-12-15,154.38
9432,2025-12-22,156.15
9432,2025-12-29,155.07
9432,2026-01-05,156.45
9432,2026-01-12,154.48
9432,2026-01-19,154.88
9432,2026-01-26,152.32
9432,2026-02-02,149.96
9432,2026-02-09,152.02
9432,2026-02-16,148.48
9432,2026-02-23,150.75
9432,2026-03-02,148.58
9432,2026-03-09,152.12
9432,2026-03-16,155.96
9432,2026-03-23,156.35
9432,2026-03-30,157.8
9432,2026-04-06,153.1
9432,2026-04-13,154.0
9432,2026-04-20,151.5
9432,2026-04-27,152.0
9432,2026-05-04,150.2
9432,2026-05-11,151.8
9432,2026-05-18,152.6
9432,2026-05-25,149.5
9432,2026-06-01,146.0
9432,2026-06-08,148.0
9432,2026-06-15,144.4
9432,2026-06-22,144.3
9432,2026-06-29,146.1
9432,2026-07-06,147.6
9432,2026-07-13,151.1
9432,2026-07-20,151.3
9432,2026-07-27,152.4
9432,2026-08-03,158.5
9432,2026-08-10,162.7
9432,2026-08-17,166.1
9432,2026-08-24,168.6
9432,2026-08-31,173.2
9503,2025-09-08,2214.08
9503,2025-09-15,2107.4
9503,2025-09-22,2140.38
9503,2025-09-29,2069.1
9503,2025-10-06,2160.04
9503,2025-10-13,2223.46
9503,2025-10-20,2239.19
9503,2025-10-27,2367.0
9503,2025-11-03,2335.05
9503,2025-11-10,2478.59
9503,2025-11-17,2499.73
9503,2025-11-24,2624.1
9503,2025-12-01,2438.28
9503,2025-12-08,2436.31
9503,2025-12-15,2463.84
9503,2025-12-22,2414.19
9503,2025-12-29,2413.7
9503,2026-01-05,2433.86
9503,2026-01-12,2489.41
9503,2026-01-19,2484.49
9503,2026-01-26,2426.48
9503,2026-02-02,2541.02
9503,2026-02-09,2699.31
9503,2026-02-16,2636.88
9503,2026-02-23,2775.51
9503,2026-03-02,2487.44
9503,2026-03-09,2541.02
9503,2026-03-16,2538.56
9503,2026-03-23,2630.0
9503,2026-03-30,2694.0
9503,2026-04-06,2593.5
9503,2026-04-13,2501.0
9503,2026-04-20,2458.0
9503,2026-04-27,2404.0
9503,2026-05-04,2408.5
9503,2026-05-11,2333.5
9503,2026-05-18,2255.0
9503,2026-05-25,2335.5
9503,2026-06-01,2341.0
9503,2026-06-08,2316.0
9503,2026-06-15,2325.5
9503,2026-06-22,2271.5
9503,2026-06-29,2275.5
9503,2026-07-06,2268.0
9503,2026-07-13,2297.0
9503,2026-07-20,2366.5
9503,2026-07-27,2440.5
9503,2026-08-03,2384.5
9503,2026-08-10,2401.0
9503,2026-08-17,2610.0
9503,2026-08-24,2612.5
9503,2026-08-31,3026.0
9506,2025-09-08,1121.06
9506,2025-09-15,1073.24
9506,2025-09-22,1086.28
9506,2025-09-29,1056.78
9506,2025-10-06,1087.76
9506,2025-10-13,1035.14
9506,2025-10-20,1084.31
9506,2025-10-27,1038.58
9506,2025-11-03,1038.58
9506,2025-11-10,1061.2
9506,2025-11-17,1069.07
9506,2025-11-24,1132.51
9506,2025-12-01,1079.89
9506,2025-12-08,1086.28
9506,2025-12-15,1113.82
9506,2025-12-22,1129.56
9506,2025-12-29,1133.98
9506,2026-01-05,1137.42
9506,2026-01-12,1158.57
9506,2026-01-19,1148.73
9506,2026-01-26,1097.59
9506,2026-02-02,1150.7
9506,2026-02-09,1178.73
9506,2026-02-16,1279.54
9506,2026-02-23,1274.13
9506,2026-03-02,1131.52
9506,2026-03-09,1133.0
9506,2026-03-16,1124.64
9506,2026-03-23,1192.5
9506,2026-03-30,1190.5
9506,2026-04-06,1164.0
9506,2026-04-13,1178.0
9506,2026-04-20,1128.5
9506,2026-04-27,1064.0
9506,2026-05-04,1055.5
9506,2026-05-11,1051.5
9506,2026-05-18,1011.0
9506,2026-05-25,1006.5
9506,2026-06-01,993.3
9506,2026-06-08,1019.5
9506,2026-06-15,1049.0
9506,2026-06-22,1042.0
9506,2026-06-29,1069.0
9506,2026-07-06,1089.5
9506,2026-07-13,1127.0
9506,2026-07-20,1142.0
9506,2026-07-27,1180.5
9506,2026-08-03,1217.0
9506,2026-08-10,1254.0
9506,2026-08-17,1330.5
9506,2026-08-24,1303.5
9506,2026-08-31,1376.0
9507,2025-09-08,1346.56
9507,2025-09-15,1301.55
9507,2025-09-22,1326.72
9507,2025-09-29,1355.31
9507,2025-10-06,1366.16
9507,2025-10-13,1375.03
9507,2025-10-20,1368.63
9507,2025-10-27,1358.76
9507,2025-11-03,1380.95
9507,2025-11-10,1420.89
9507,2025-11-17,1455.4
9507,2025-11-24,1541.18
9507,2025-12-01,1466.74
9507,2025-12-08,1449.48
9507,2025-12-15,1485.96
9507,2025-12-22,1518.01
9507,2025-12-29,1528.86
9507,2026-01-05,1542.17
9507,2026-01-12,1551.04
9507,2026-01-19,1556.47
9507,2026-01-26,1544.14
9507,2026-02-02,1606.75
9507,2026-02-09,1683.17
9507,2026-02-16,1733.95
9507,2026-02-23,1746.28
9507,2026-03-02,1597.39
9507,2026-03-09,1691.55
9507,2026-03-16,1697.47
9507,2026-03-23,1766.0
9507,2026-03-30,1827.5
9507,2026-04-06,1836.0
9507,2026-04-13,1791.0
9507,2026-04-20,1663.5
9507,2026-04-27,1541.0
9507,2026-05-04,1518.0
9507,2026-05-11,1541.5
9507,2026-05-18,1483.0
9507,2026-05-25,1458.0
9507,2026-06-01,1417.0
9507,2026-06-08,1468.5
9507,2026-06-15,1453.0
9507,2026-06-22,1478.0
9507,2026-06-29,1485.0
9507,2026-07-06,1490.5
9507,2026-07-13,1505.0
9507,2026-07-20,1548.0
9507,2026-07-27,1666.0
9507,2026-08-03,1720.5
9507,2026-08-10,1798.5
9507,2026-08-17,1889.5
9507,2026-08-24,1926.0
9507,2026-08-31,2123.5
9508,2025-09-08,1530.68
9508,2025-09-15,1466.15
9508,2025-09-22,1484.1
9508,2025-09-29,1460.43
9508,2025-10-06,1464.37
9508,2025-10-13,1477.2
9508,2025-10-20,1511.23
9508,2025-10-27,1494.46
9508,2025-11-03,1533.92
9508,2025-11-10,1564.0
9508,2025-11-17,1614.81
9508,2025-11-24,1718.38
9508,2025-12-01,1597.05
9508,2025-12-08,1609.87
9508,2025-12-15,1654.76
9508,2025-12-22,1666.1
9508,2025-12-29,1656.24
9508,2026-01-05,1694.71
9508,2026-01-12,1746.5
9508,2026-01-19,1729.73
9508,2026-01-26,1699.15
9508,2026-02-02,1768.2
9508,2026-02-09,1837.74
9508,2026-02-16,1918.63
9508,2026-02-23,1986.7
9508,2026-03-02,1758.33
9508,2026-03-09,1746.5
9508,2026-03-16,1740.08
9508,2026-03-23,1819.0
9508,2026-03-30,1911.0
9508,2026-04-06,1819.0
9508,2026-04-13,1789.0
9508,2026-04-20,1713.5
9508,2026-04-27,1708.5
9508,2026-05-04,1751.5
9508,2026-05-11,1785.0
9508,2026-05-18,1671.0
9508,2026-05-25,1639.0
9508,2026-06-01,1643.0
9508,2026-06-08,1637.5
9508,2026-06-15,1637.0
9508,2026-06-22,1664.0
9508,2026-06-29,1703.5
9508,2026-07-06,1713.5
9508,2026-07-13,1767.5
9508,2026-07-20,1781.5
9508,2026-07-27,1779.0
9508,2026-08-03,1794.5
9508,2026-08-10,1872.5
9508,2026-08-17,1963.5
9508,2026-08-24,1968.0
9508,2026-08-31,2210.0
9534,2025-09-08,649.1
9534,2025-09-15,641.35
9534,2025-09-22,668.48
9534,2025-09-29,668.97
9534,2025-10-06,661.09
9534,2025-10-13,671.92
9534,2025-10-20,679.81
9534,2025-10-27,667.98
9534,2025-11-03,699.51
9534,2025-11-10,711.33
9534,2025-11-17,740.89
9534,2025-11-24,739.91
9534,2025-12-01,703.45
9534,2025-12-08,709.36
9534,2025-12-15,736.95
9534,2025-12-22,737.94
9534,2025-12-29,748.77
9534,2026-01-05,792.12
9534,2026-01-12,798.03
9534,2026-01-19,808.87
9534,2026-01-26,810.84
9534,2026-02-02,851.24
9534,2026-02-09,899.51
9534,2026-02-16,857.15
9534,2026-02-23,901.48
9534,2026-03-02,878.82
9534,2026-03-09,865.03
9534,2026-03-16,885.72
9534,2026-03-23,867.0
9534,2026-03-30,881.0
9534,2026-04-06,875.0
9534,2026-04-13,906.0
9534,2026-04-20,921.0
9534,2026-04-27,785.0
9534,2026-05-04,801.0
9534,2026-05-11,784.0
9534,2026-05-18,766.0
9534,2026-05-25,754.0
9534,2026-06-01,756.0
9534,2026-06-08,745.0
9534,2026-06-15,757.0
9534,2026-06-22,754.0
9534,2026-06-29,755.0
9534,2026-07-06,765.0
9534,2026-07-13,776.0
9534,2026-07-20,775.0
9534,2026-07-27,772.0
9534,2026-08-03,773.0
9534,2026-08-10,786.0
9534,2026-08-17,822.0
9534,2026-08-24,845.0
9534,2026-08-31,942.0
9535,2025-09-08,375.54
9535,2025-09-15,374.57
9535,2025-09-22,382.34
9535,2025-09-29,367.55
9535,2025-10-06,360.66
9535,2025-10-13,361.64
9535,2025-10-20,362.63
9535,2025-10-27,358.69
9535,2025-11-03,360.66
9535,2025-11-10,362.63
9535,2025-11-17,365.58
9535,2025-11-24,369.53
9535,2025-12-01,360.66
9535,2025-12-08,360.66
9535,2025-12-15,363.61
9535,2025-12-22,373.47
9535,2025-12-29,375.44
9535,2026-01-05,365.58
9535,2026-01-12,367.55
9535,2026-01-19,365.58
9535,2026-01-26,362.63
9535,2026-02-02,364.6
9535,2026-02-09,372.48
9535,2026-02-16,378.39
9535,2026-02-23,380.36
9535,2026-03-02,378.39
9535,2026-03-09,374.45
9535,2026-03-16,373.47
9535,2026-03-23,405.0
9535,2026-03-30,394.0
9535,2026-04-06,390.0
9535,2026-04-13,400.0
9535,2026-04-20,400.0
9535,2026-04-27,394.0
9535,2026-05-04,405.0
9535,2026-05-11,414.0
9535,2026-05-18,404.0
9535,2026-05-25,396.0
9535,2026-06-01,393.0
9535,2026-06-08,394.0
9535,2026-06-15,396.0
9535,2026-06-22,386.0
9535,2026-06-29,398.0
9535,2026-07-06,422.0
9535,2026-07-13,422.0
9535,2026-07-20,420.0
9535,2026-07-27,428.0
9535,2026-08-03,405.0
9535,2026-08-10,415.0
9535,2026-08-17,424.0
9535,2026-08-24,428.0
9535,2026-08-31,434.0
9639,2025-09-08,1978.63
9639,2025-09-15,1969.98
9639,2025-09-22,1989.2
9639,2025-09-29,2008.8
9639,2025-10-06,2006.84
9639,2025-10-13,1983.32
9639,2025-10-20,2001.94
9639,2025-10-27,1966.66
9639,2025-11-03,1955.88
9639,2025-11-10,1958.82
9639,2025-11-17,1958.82
9639,2025-11-24,1971.56
9639,2025-12-01,1970.58
9639,2025-12-08,1988.22
9639,2025-12-15,2061.71
9639,2025-12-22,2052.89
9639,2025-12-29,2085.23
9639,2026-01-05,2071.51
9639,2026-01-12,2093.07
9639,2026-01-19,2091.11
9639,2026-01-26,2084.25
9639,2026-02-02,2104.83
9639,2026-02-09,2113.65
9639,2026-02-16,2190.08
9639,2026-02-23,2227.32
9639,2026-03-02,2221.44
9639,2026-03-09,2191.06
9639,2026-03-16,2167.54
9639,2026-03-23,2194.0
9639,2026-03-30,2148.0
9639,2026-04-06,2163.0
9639,2026-04-13,2170.0
9639,2026-04-20,2160.0
9639,2026-04-27,2155.0
9639,2026-05-04,2130.0
9639,2026-05-11,2178.0
9639,2026-05-18,2149.0
9639,2026-05-25,2148.0
9639,2026-06-01,2139.0
9639,2026-06-08,2150.0
9639,2026-06-15,2222.0
9639,2026-06-22,2262.0
9639,2026-06-29,2289.0
9639,2026-07-06,2293.0
9639,2026-07-13,2259.0
9639,2026-07-20,2264.0
9639,2026-07-27,2304.0
9639,2026-08-03,2363.0
9639,2026-08-10,2345.0
9639,2026-08-17,2326.0
9639,2026-08-24,2341.0
9639,2026-08-31,2384.0
