code,date,close
1379,2025-09-01,1849.9
1379,2025-09-08,1879.06
1379,2025-09-15,1870.31
1379,2025-09-22,1889.76
1379,2025-09-29,1811.59
1379,2025-10-06,1824.29
1379,2025-10-13,1833.08
1379,2025-10-20,1846.76
1379,2025-10-27,1782.27
1379,2025-11-03,1835.04
1379,2025-11-10,1866.3
1379,2025-11-17,1993.33
1379,2025-11-24,2053.91
1379,2025-12-01,1957.18
1379,2025-12-08,1976.72
1379,2025-12-15,2012.87
1379,2025-12-22,1970.86
1379,2025-12-29,1977.7
1379,2026-01-05,1978.67
1379,2026-01-12,1981.6
1379,2026-01-19,1963.04
1379,2026-01-26,1934.7
1379,2026-02-02,1988.44
1379,2026-02-09,1975.74
1379,2026-02-16,1935.68
1379,2026-02-23,1965.97
1379,2026-03-02,1928.84
1379,2026-03-09,1877.05
1379,2026-03-16,1873.14
1379,2026-03-23,1922.0
1379,2026-03-30,1933.0
1379,2026-04-06,1930.0
1379,2026-04-13,1908.0
1379,2026-04-20,1834.0
1379,2026-04-27,1826.0
1379,2026-05-04,1856.0
1379,2026-05-11,1896.0
1379,2026-05-18,1881.0
1379,2026-05-25,1820.0
1379,2026-06-01,1826.0
1379,2026-06-08,1898.0
1379,2026-06-15,1886.0
1379,2026-06-22,1837.0
1379,2026-06-29,1887.0
1379,2026-07-06,1915.0
1379,2026-07-13,1924.0
1379,2026-07-20,1936.0
1379,2026-07-27,1952.0
1379,2026-08-03,1924.0
1379,2026-08-10,1994.0
1379,2026-08-17,2112.0
1379,2026-08-24,2121.0
1773,2025-09-01,87.95
1773,2025-09-08,88.95
1773,2025-09-15,92.95
1773,2025-09-22,93.95
1773,2025-09-29,96.0
1773,2025-10-06,97.0
1773,2025-10-13,89.0
1773,2025-10-20,88.0
1773,2025-10-27,92.0
1773,2025-11-03,92.0
1773,2025-11-10,92.0
1773,2025-11-17,88.0
1773,2025-11-24,86.0
1773,2025-12-01,82.0
1773,2025-12-08,79.0
1773,2025-12-15,80.0
1773,2025-12-22,80.0
1773,2025-12-29,79.0
1773,2026-01-05,80.0
1773,2026-01-12,85.0
1773,2026-01-19,90.0
1773,2026-01-26,81.0
1773,2026-02-02,82.0
1773,2026-02-09,78.0
1773,2026-02-16,80.0
1773,2026-02-23,79.0
1773,2026-03-02,76.0
1773,2026-03-09,68.0
1773,2026-03-16,71.0
1773,2026-03-23,69.0
1773,2026-03-30,69.0
1773,2026-04-06,77.0
1773,2026-04-13,78.0
1773,2026-04-20,77.0
1773,2026-04-27,77.0
1773,2026-05-04,84.0
1773,2026-05-11,80.0
1773,2026-05-18,81.0
1773,2026-05-25,78.0
1773,2026-06-01,80.0
1773,2026-06-08,79.0
1773,2026-06-15,83.0
1773,2026-06-22,78.0
1773,2026-06-29,80.0
1773,2026-07-06,79.0
1773,2026-07-13,77.0
1773,2026-07-20,79.0
1773,2026-07-27,77.0
1773,2026-08-03,77.0
1773,2026-08-10,84.0
1773,2026-08-17,95.0
1773,2026-08-24,100.0
1879,2025-09-01,1852.41
1879,2025-09-08,1869.79
1879,2025-09-15,1785.77
1879,2025-09-22,1813.78
1879,2025-09-29,1768.63
1879,2025-10-06,1750.96
1879,2025-10-13,1785.31
1879,2025-10-20,1801.02
1879,2025-10-27,1740.17
1879,2025-11-03,1772.56
1879,2025-11-10,1785.31
1879,2025-11-17,1849.11
1879,2025-11-24,1930.57
1879,2025-12-01,1852.06
1879,2025-12-08,1908.98
1879,2025-12-15,1990.44
1879,2025-12-22,1986.52
1879,2025-12-29,1997.31
1879,2026-01-05,2025.78
1879,2026-01-12,2101.35
1879,2026-01-19,2065.04
1879,2026-01-26,1958.06
1879,2026-02-02,2033.63
1879,2026-02-09,2026.76
1879,2026-02-16,2021.85
1879,2026-02-23,2160.24
1879,2026-03-02,1987.5
1879,2026-03-09,1958.06
1879,2026-03-16,1937.44
1879,2026-03-23,1961.0
1879,2026-03-30,1963.0
1879,2026-04-06,2019.0
1879,2026-04-13,1953.0
1879,2026-04-20,1924.0
1879,2026-04-27,1934.0
1879,2026-05-04,1928.0
1879,2026-05-11,2256.0
1879,2026-05-18,2280.0
1879,2026-05-25,2262.0
1879,2026-06-01,2210.0
1879,2026-06-08,2241.0
1879,2026-06-15,2199.0
1879,2026-06-22,2097.0
1879,2026-06-29,2119.0
1879,2026-07-06,2094.0
1879,2026-07-13,2034.0
1879,2026-07-20,2061.0
1879,2026-07-27,2112.0
1879,2026-08-03,2243.0
1879,2026-08-10,2293.0
1879,2026-08-17,2319.0
1879,2026-08-24,2343.0
1914,2025-09-01,644.31
1914,2025-09-08,628.97
1914,2025-09-15,617.46
1914,2025-09-22,627.05
1914,2025-09-29,605.96
1914,2025-10-06,599.24
1914,2025-10-13,606.91
1914,2025-10-20,613.63
1914,2025-10-27,606.91
1914,2025-11-03,608.83
1914,2025-11-10,630.88
1914,2025-11-17,630.88
1914,2025-11-24,633.76
1914,2025-12-01,611.71
1914,2025-12-08,622.26
1914,2025-12-15,616.5
1914,2025-12-22,626.09
1914,2025-12-29,635.68
1914,2026-01-05,652.94
1914,2026-01-12,659.65
1914,2026-01-19,662.52
1914,2026-01-26,641.43
1914,2026-02-02,651.98
1914,2026-02-09,672.11
1914,2026-02-16,704.71
1914,2026-02-23,716.22
1914,2026-03-02,703.75
1914,2026-03-09,680.74
1914,2026-03-16,687.45
1914,2026-03-23,698.0
1914,2026-03-30,693.0
1914,2026-04-06,707.0
1914,2026-04-13,716.0
1914,2026-04-20,730.0
1914,2026-04-27,740.0
1914,2026-05-04,733.0
1914,2026-05-11,686.0
1914,2026-05-18,688.0
1914,2026-05-25,711.0
1914,2026-06-01,676.0
1914,2026-06-08,661.0
1914,2026-06-15,663.0
1914,2026-06-22,652.0
1914,2026-06-29,679.0
1914,2026-07-06,700.0
1914,2026-07-13,684.0
1914,2026-07-20,699.0
1914,2026-07-27,729.0
1914,2026-08-03,720.0
1914,2026-08-10,733.0
1914,2026-08-17,745.0
1914,2026-08-24,793.0
1939,2025-09-01,1331.6
1939,2025-09-08,1321.1
1939,2025-09-15,1305.83
1939,2025-09-22,1323.01
1939,2025-09-29,1290.76
1939,2025-10-06,1285.88
1939,2025-10-13,1317.15
1939,2025-10-20,1346.46
1939,2025-10-27,1375.77
1939,2025-11-03,1354.28
1939,2025-11-10,1408.02
1939,2025-11-17,1421.7
1939,2025-11-24,1474.46
1939,2025-12-01,1419.74
1939,2025-12-08,1444.17
1939,2025-12-15,1475.44
1939,2025-12-22,1496.93
1939,2025-12-29,1522.34
1939,2026-01-05,1561.42
1939,2026-01-12,1667.93
1939,2026-01-19,1690.4
1939,2026-01-26,1635.68
1939,2026-02-02,1913.18
1939,2026-02-09,1956.18
1939,2026-02-16,1964.97
1939,2026-02-23,2063.66
1939,2026-03-02,1900.48
1939,2026-03-09,1914.16
1939,2026-03-16,1922.95
1939,2026-03-23,1921.0
1939,2026-03-30,1923.0
1939,2026-04-06,1982.0
1939,2026-04-13,1913.0
1939,2026-04-20,1970.0
1939,2026-04-27,2020.0
1939,2026-05-04,2045.0
1939,2026-05-11,2014.0
1939,2026-05-18,1909.0
1939,2026-05-25,1955.0
1939,2026-06-01,1852.0
1939,2026-06-08,1881.0
1939,2026-06-15,1984.0
1939,2026-06-22,2063.0
1939,2026-06-29,2006.0
1939,2026-07-06,2000.0
1939,2026-07-13,1932.0
1939,2026-07-20,1990.0
1939,2026-07-27,2007.0
1939,2026-08-03,2081.0
1939,2026-08-10,2125.0
1939,2026-08-17,2120.0
1939,2026-08-24,2183.0
2121,2025-09-01,3144.65
2121,2025-09-08,3197.38
2121,2025-09-15,3163.82
2121,2025-09-22,3082.33
2121,2025-09-29,3155.6
2121,2025-10-06,3062.79
2121,2025-10-13,2984.64
2121,2025-10-20,3092.1
2121,2025-10-27,3043.25
2121,2025-11-03,2979.75
2121,2025-11-10,2945.56
2121,2025-11-17,2830.27
2121,2025-11-24,2830.27
2121,2025-12-01,2710.11
2121,2025-12-08,2681.78
2121,2025-12-15,2645.63
2121,2025-12-22,2662.24
2121,2025-12-29,2664.19
2121,2026-01-05,2716.95
2121,2026-01-12,2682.75
2121,2026-01-19,2699.36
2121,2026-01-26,2654.42
2121,2026-02-02,2556.72
2121,2026-02-09,2542.07
2121,2026-02-16,2554.77
2121,2026-02-23,2623.16
2121,2026-03-02,2565.52
2121,2026-03-09,2586.03
2121,2026-03-16,2555.75
2121,2026-03-23,2545.0
2121,2026-03-30,2540.0
2121,2026-04-06,2528.0
2121,2026-04-13,2645.0
2121,2026-04-20,2520.0
2121,2026-04-27,2595.0
2121,2026-05-04,2603.0
2121,2026-05-11,2662.0
2121,2026-05-18,2676.0
2121,2026-05-25,2643.0
2121,2026-06-01,2694.0
2121,2026-06-08,2667.0
2121,2026-06-15,2588.0
2121,2026-06-22,2619.0
2121,2026-06-29,2813.0
2121,2026-07-06,2933.0
2121,2026-07-13,2958.0
2121,2026-07-20,2827.0
2121,2026-07-27,2896.0
2121,2026-08-03,3275.0
2121,2026-08-10,3325.0
2121,2026-08-17,3530.0
2121,2026-08-24,3585.0
2170,2025-09-01,538.1
2170,2025-09-08,527.44
2170,2025-09-15,517.74
2170,2025-09-22,527.44
2170,2025-09-29,497.25
2170,2025-10-06,498.23
2170,2025-10-13,486.5
2170,2025-10-20,497.25
2170,2025-10-27,481.62
2170,2025-11-03,481.62
2170,2025-11-10,477.71
2170,2025-11-17,483.57
2170,2025-11-24,499.2
2170,2025-12-01,478.69
2170,2025-12-08,483.57
2170,2025-12-15,496.27
2170,2025-12-22,499.2
2170,2025-12-29,503.24
2170,2026-01-05,518.01
2170,2026-01-12,519.98
2170,2026-01-19,519.98
2170,2026-01-26,495.36
2170,2026-02-02,492.41
2170,2026-02-09,553.47
2170,2026-02-16,508.16
2170,2026-02-23,553.47
2170,2026-03-02,548.54
2170,2026-03-09,547.56
2170,2026-03-16,528.85
2170,2026-03-23,535.74
2170,2026-03-30,602.32
2170,2026-04-06,576.52
2170,2026-04-13,546.75
2170,2026-04-20,520.95
2170,2026-04-27,564.61
2170,2026-05-04,569.58
2170,2026-05-11,527.9
2170,2026-05-18,545.76
2170,2026-05-25,558.66
2170,2026-06-01,558.66
2170,2026-06-08,546.75
2170,2026-06-15,540.8
2170,2026-06-22,527.9
2170,2026-06-29,565.0
2170,2026-07-06,585.0
2170,2026-07-13,597.0
2170,2026-07-20,597.0
2170,2026-07-27,633.0
2170,2026-08-03,640.0
2170,2026-08-10,607.0
2170,2026-08-17,704.0
2170,2026-08-24,715.0
2384,2025-09-01,3598.75
2384,2025-09-08,3593.86
2384,2025-09-15,3545.03
2384,2025-09-22,3623.16
2384,2025-09-29,3476.67
2384,2025-10-06,3427.84
2384,2025-10-13,3383.89
2384,2025-10-20,3379.01
2384,2025-10-27,3310.65
2384,2025-11-03,3359.48
2384,2025-11-10,3598.75
2384,2025-11-17,3491.32
2384,2025-11-24,3681.76
2384,2025-12-01,3613.39
2384,2025-12-08,3676.87
2384,2025-12-15,3715.94
2384,2025-12-22,3755.0
2384,2025-12-29,3780.0
2384,2026-01-05,3895.0
2384,2026-01-12,3930.0
2384,2026-01-19,3920.0
2384,2026-01-26,3855.0
2384,2026-02-02,3915.0
2384,2026-02-09,4055.0
2384,2026-02-16,4155.0
2384,2026-02-23,4270.0
2384,2026-03-02,4045.0
2384,2026-03-09,3940.0
2384,2026-03-16,4045.0
2384,2026-03-23,4345.0
2384,2026-03-30,4285.0
2384,2026-04-06,4255.0
2384,2026-04-13,4155.0
2384,2026-04-20,4055.0
2384,2026-04-27,4200.0
2384,2026-05-04,4510.0
2384,2026-05-11,4485.0
2384,2026-05-18,4865.0
2384,2026-05-25,4885.0
2384,2026-06-01,4540.0
2384,2026-06-08,4525.0
2384,2026-06-15,4255.0
2384,2026-06-22,4260.0
2384,2026-06-29,4315.0
2384,2026-07-06,4155.0
2384,2026-07-13,4560.0
2384,2026-07-20,4415.0
2384,2026-07-27,4460.0
2384,2026-08-03,4600.0
2384,2026-08-10,4865.0
2384,2026-08-17,5190.0
2384,2026-08-24,5210.0
2464,2025-09-01,338.34
2464,2025-09-08,337.37
2464,2025-09-15,341.24
2464,2025-09-22,345.12
2464,2025-09-29,341.24
2464,2025-10-06,339.31
2464,2025-10-13,340.27
2464,2025-10-20,337.37
2464,2025-10-27,336.4
2464,2025-11-03,336.4
2464,2025-11-10,337.37
2464,2025-11-17,337.37
2464,2025-11-24,332.52
2464,2025-12-01,329.61
2464,2025-12-08,325.73
2464,2025-12-15,323.79
2464,2025-12-22,325.73
2464,2025-12-29,328.64
2464,2026-01-05,328.64
2464,2026-01-12,326.7
2464,2026-01-19,330.58
2464,2026-01-26,330.58
2464,2026-02-02,330.58
2464,2026-02-09,327.67
2464,2026-02-16,331.55
2464,2026-02-23,333.49
2464,2026-03-02,336.4
2464,2026-03-09,338.34
2464,2026-03-16,334.46
2464,2026-03-23,349.0
2464,2026-03-30,345.0
2464,2026-04-06,344.0
2464,2026-04-13,340.0
2464,2026-04-20,338.0
2464,2026-04-27,339.0
2464,2026-05-04,340.0
2464,2026-05-11,335.0
2464,2026-05-18,334.0
2464,2026-05-25,321.0
2464,2026-06-01,317.0
2464,2026-06-08,315.0
2464,2026-06-15,311.0
2464,2026-06-22,319.0
2464,2026-06-29,317.0
2464,2026-07-06,320.0
2464,2026-07-13,332.0
2464,2026-07-20,334.0
2464,2026-07-27,329.0
2464,2026-08-03,327.0
2464,2026-08-10,349.0
2464,2026-08-17,363.0
2464,2026-08-24,377.0
2484,2025-09-01,174.0
2484,2025-09-08,167.0
2484,2025-09-15,160.0
2484,2025-09-22,169.0
2484,2025-09-29,171.0
2484,2025-10-06,163.0
2484,2025-10-13,159.0
2484,2025-10-20,158.0
2484,2025-10-27,147.0
2484,2025-11-03,149.0
2484,2025-11-10,146.0
2484,2025-11-17,140.0
2484,2025-11-24,146.0
2484,2025-12-01,142.0
2484,2025-12-08,141.0
2484,2025-12-15,140.0
2484,2025-12-22,131.0
2484,2025-12-29,131.0
2484,2026-01-05,139.0
2484,2026-01-12,133.0
2484,2026-01-19,140.0
2484,2026-01-26,135.0
2484,2026-02-02,134.0
2484,2026-02-09,130.0
2484,2026-02-16,128.0
2484,2026-02-23,143.0
2484,2026-03-02,137.0
2484,2026-03-09,138.0
2484,2026-03-16,133.0
2484,2026-03-23,131.0
2484,2026-03-30,128.0
2484,2026-04-06,126.0
2484,2026-04-13,119.0
2484,2026-04-20,120.0
2484,2026-04-27,123.0
2484,2026-05-04,128.0
2484,2026-05-11,121.0
2484,2026-05-18,120.0
2484,2026-05-25,119.0
2484,2026-06-01,122.0
2484,2026-06-08,119.0
2484,2026-06-15,116.0
2484,2026-06-22,116.0
2484,2026-06-29,124.0
2484,2026-07-06,127.0
2484,2026-07-13,124.0
2484,2026-07-20,137.0
2484,2026-07-27,135.0
2484,2026-08-03,145.0
2484,2026-08-10,143.0
2484,2026-08-17,156.0
2484,2026-08-24,175.0
2489,2025-09-01,297.91
2489,2025-09-08,300.84
2489,2025-09-15,314.51
2489,2025-09-22,318.42
2489,2025-09-29,286.18
2489,2025-10-06,287.16
2489,2025-10-13,278.37
2489,2025-10-20,293.02
2489,2025-10-27,285.21
2489,2025-11-03,288.14
2489,2025-11-10,292.04
2489,2025-11-17,268.6
2489,2025-11-24,269.58
2489,2025-12-01,251.02
2489,2025-12-08,249.07
2489,2025-12-15,269.58
2489,2025-12-22,269.58
2489,2025-12-29,264.0
2489,2026-01-05,270.0
2489,2026-01-12,264.0
2489,2026-01-19,275.0
2489,2026-01-26,263.0
2489,2026-02-02,257.0
2489,2026-02-09,288.0
2489,2026-02-16,282.0
2489,2026-02-23,290.0
2489,2026-03-02,278.0
2489,2026-03-09,268.0
2489,2026-03-16,269.0
2489,2026-03-23,279.0
2489,2026-03-30,271.0
2489,2026-04-06,280.0
2489,2026-04-13,282.0
2489,2026-04-20,278.0
2489,2026-04-27,286.0
2489,2026-05-04,294.0
2489,2026-05-11,286.0
2489,2026-05-18,272.0
2489,2026-05-25,265.0
2489,2026-06-01,272.0
2489,2026-06-08,264.0
2489,2026-06-15,286.0
2489,2026-06-22,284.0
2489,2026-06-29,297.0
2489,2026-07-06,303.0
2489,2026-07-13,309.0
2489,2026-07-20,304.0
2489,2026-07-27,317.0
2489,2026-08-03,311.0
2489,2026-08-10,376.0
2489,2026-08-17,380.0
2489,2026-08-24,403.0
2613,2025-09-01,2009.47
2613,2025-09-08,2002.71
2613,2025-09-15,2014.3
2613,2025-09-22,2052.0
2613,2025-09-29,1993.03
2613,2025-10-06,1969.45
2613,2025-10-13,1982.22
2613,2025-10-20,2014.66
2613,2025-10-27,1982.22
2613,2025-11-03,1957.66
2613,2025-11-10,1960.6
2613,2025-11-17,1981.24
2613,2025-11-24,2001.88
2613,2025-12-01,1934.07
2613,2025-12-08,1916.38
2613,2025-12-15,1945.86
2613,2025-12-22,1974.36
2613,2025-12-29,1968.47
2613,2026-01-05,2000.9
2613,2026-01-12,2007.78
2613,2026-01-19,2003.84
2613,2026-01-26,1992.05
2613,2026-02-02,2003.84
2613,2026-02-09,2021.53
2613,2026-02-16,2003.84
2613,2026-02-23,2059.86
2613,2026-03-02,2009.74
2613,2026-03-09,1957.66
2613,2026-03-16,1959.62
2613,2026-03-23,1995.0
2613,2026-03-30,2055.0
2613,2026-04-06,2057.0
2613,2026-04-13,2036.0
2613,2026-04-20,1960.0
2613,2026-04-27,1962.0
2613,2026-05-04,1946.0
2613,2026-05-11,1993.0
2613,2026-05-18,1994.0
2613,2026-05-25,1977.0
2613,2026-06-01,1975.0
2613,2026-06-08,2075.0
2613,2026-06-15,2023.0
2613,2026-06-22,2053.0
2613,2026-06-29,2066.0
2613,2026-07-06,2096.0
2613,2026-07-13,2103.0
2613,2026-07-20,2067.0
2613,2026-07-27,2086.0
2613,2026-08-03,2068.0
2613,2026-08-10,2141.0
2613,2026-08-17,2226.0
2613,2026-08-24,2267.0
2681,2025-09-01,1630.18
2681,2025-09-08,1675.28
2681,2025-09-15,1638.03
2681,2025-09-22,1687.04
2681,2025-09-29,1613.78
2681,2025-10-06,1624.67
2681,2025-10-13,1625.66
2681,2025-10-20,1641.5
2681,2025-10-27,1598.93
2681,2025-11-03,1646.45
2681,2025-11-10,1752.38
2681,2025-11-17,1704.86
2681,2025-11-24,1673.18
2681,2025-12-01,1671.2
2681,2025-12-08,1733.57
2681,2025-12-15,1796.94
2681,2025-12-22,1875.15
2681,2025-12-29,1858.32
2681,2026-01-05,1873.17
2681,2026-01-12,1899.9
2681,2026-01-19,1870.2
2681,2026-01-26,1800.9
2681,2026-02-02,1682.09
2681,2026-02-09,1663.28
2681,2026-02-16,1711.79
2681,2026-02-23,1781.09
2681,2026-03-02,1740.5
2681,2026-03-09,1689.02
2681,2026-03-16,1653.38
2681,2026-03-23,1691.0
2681,2026-03-30,1779.0
2681,2026-04-06,1830.0
2681,2026-04-13,1952.0
2681,2026-04-20,1860.0
2681,2026-04-27,1819.0
2681,2026-05-04,1850.0
2681,2026-05-11,2023.0
2681,2026-05-18,2009.0
2681,2026-05-25,2120.0
2681,2026-06-01,2031.0
2681,2026-06-08,2106.0
2681,2026-06-15,2116.0
2681,2026-06-22,2034.0
2681,2026-06-29,2040.0
2681,2026-07-06,1987.0
2681,2026-07-13,2025.0
2681,2026-07-20,2089.0
2681,2026-07-27,2090.0
2681,2026-08-03,2319.0
2681,2026-08-10,2349.0
2681,2026-08-17,2352.0
2681,2026-08-24,2388.0
2788,2025-09-01,364.0
2788,2025-09-08,357.21
2788,2025-09-15,341.68
2788,2025-09-22,341.68
2788,2025-09-29,337.79
2788,2025-10-06,332.94
2788,2025-10-13,331.97
2788,2025-10-20,338.77
2788,2025-10-27,331.0
2788,2025-11-03,339.74
2788,2025-11-10,331.97
2788,2025-11-17,331.0
2788,2025-11-24,332.94
2788,2025-12-01,332.94
2788,2025-12-08,331.0
2788,2025-12-15,329.06
2788,2025-12-22,331.0
2788,2025-12-29,337.0
2788,2026-01-05,341.0
2788,2026-01-12,347.0
2788,2026-01-19,360.0
2788,2026-01-26,350.0
2788,2026-02-02,343.0
2788,2026-02-09,350.0
2788,2026-02-16,356.0
2788,2026-02-23,361.0
2788,2026-03-02,356.0
2788,2026-03-09,350.0
2788,2026-03-16,347.0
2788,2026-03-23,343.0
2788,2026-03-30,345.0
2788,2026-04-06,348.0
2788,2026-04-13,352.0
2788,2026-04-20,342.0
2788,2026-04-27,339.0
2788,2026-05-04,335.0
2788,2026-05-11,347.0
2788,2026-05-18,377.0
2788,2026-05-25,378.0
2788,2026-06-01,378.0
2788,2026-06-08,369.0
2788,2026-06-15,366.0
2788,2026-06-22,361.0
2788,2026-06-29,379.0
2788,2026-07-06,385.0
2788,2026-07-13,381.0
2788,2026-07-20,382.0
2788,2026-07-27,390.0
2788,2026-08-03,405.0
2788,2026-08-10,400.0
2788,2026-08-17,413.0
2788,2026-08-24,434.0
278A,2025-09-01,4465.0
278A,2025-09-08,4090.0
278A,2025-09-15,3905.0
278A,2025-09-22,3585.0
278A,2025-09-29,3045.0
278A,2025-10-06,3225.0
278A,2025-10-13,3080.0
278A,2025-10-20,3360.0
278A,2025-10-27,3085.0
278A,2025-11-03,3185.0
278A,2025-11-10,3120.0
278A,2025-11-17,3075.0
278A,2025-11-24,3100.0
278A,2025-12-01,2806.0
278A,2025-12-08,2339.0
278A,2025-12-15,2134.0
278A,2025-12-22,2137.0
278A,2025-12-29,2082.0
278A,2026-01-05,3000.0
278A,2026-01-12,2663.0
278A,2026-01-19,2663.0
278A,2026-01-26,2675.0
278A,2026-02-02,2747.0
278A,2026-02-09,2638.0
278A,2026-02-16,2424.0
278A,2026-02-23,2560.0
278A,2026-03-02,2554.0
278A,2026-03-09,2688.0
278A,2026-03-16,2940.0
278A,2026-03-23,4100.0
278A,2026-03-30,4490.0
278A,2026-04-06,4960.0
278A,2026-04-13,6480.0
278A,2026-04-20,7840.0
278A,2026-04-27,10770.0
278A,2026-05-04,13400.0
278A,2026-05-11,12190.0
278A,2026-05-18,11320.0
278A,2026-05-25,9690.0
278A,2026-06-01,8190.0
278A,2026-06-08,8100.0
278A,2026-06-15,7920.0
278A,2026-06-22,7650.0
278A,2026-06-29,8410.0
278A,2026-07-06,10860.0
278A,2026-07-13,13770.0
278A,2026-07-20,12690.0
278A,2026-07-27,10540.0
278A,2026-08-03,12070.0
278A,2026-08-10,12100.0
278A,2026-08-17,13960.0
278A,2026-08-24,19230.0
2798,2025-09-01,2901.0
2798,2025-09-08,2912.0
2798,2025-09-15,2901.0
2798,2025-09-22,2930.0
2798,2025-09-29,2926.0
2798,2025-10-06,2914.0
2798,2025-10-13,2910.0
2798,2025-10-20,2915.0
2798,2025-10-27,2929.0
2798,2025-11-03,2901.0
2798,2025-11-10,2906.0
2798,2025-11-17,2897.0
2798,2025-11-24,2919.0
2798,2025-12-01,2907.0
2798,2025-12-08,2921.0
2798,2025-12-15,2936.0
2798,2025-12-22,2946.0
2798,2025-12-29,2974.0
2798,2026-01-05,2995.0
2798,2026-01-12,3010.0
2798,2026-01-19,2995.0
2798,2026-01-26,2983.0
2798,2026-02-02,3005.0
2798,2026-02-09,3010.0
2798,2026-02-16,3015.0
2798,2026-02-23,2910.0
2798,2026-03-02,2907.0
2798,2026-03-09,2938.0
2798,2026-03-16,2915.0
2798,2026-03-23,2924.0
2798,2026-03-30,2948.0
2798,2026-04-06,2959.0
2798,2026-04-13,2968.0
2798,2026-04-20,2975.0
2798,2026-04-27,2989.0
2798,2026-05-04,2993.0
2798,2026-05-11,2993.0
2798,2026-05-18,2985.0
2798,2026-05-25,2999.0
2798,2026-06-01,2988.0
2798,2026-06-08,2988.0
2798,2026-06-15,2990.0
2798,2026-06-22,2980.0
2798,2026-06-29,2998.0
2798,2026-07-06,3010.0
2798,2026-07-13,3015.0
2798,2026-07-20,3025.0
2798,2026-07-27,3020.0
2798,2026-08-03,3045.0
2798,2026-08-10,3065.0
2798,2026-08-17,3055.0
2798,2026-08-24,3080.0
2805,2025-09-01,3353.53
2805,2025-09-08,3432.55
2805,2025-09-15,3328.84
2805,2025-09-22,3437.49
2805,2025-09-29,3287.3
2805,2025-10-06,3232.6
2805,2025-10-13,3242.54
2805,2025-10-20,3242.54
2805,2025-10-27,3317.14
2805,2025-11-03,3327.09
2805,2025-11-10,3396.71
2805,2025-11-17,3481.26
2805,2025-11-24,3555.85
2805,2025-12-01,3501.15
2805,2025-12-08,3680.19
2805,2025-12-15,3918.9
2805,2025-12-22,3908.95
2805,2025-12-29,4008.42
2805,2026-01-05,3918.9
2805,2026-01-12,4028.31
2805,2026-01-19,4386.38
2805,2026-01-26,4346.6
2805,2026-02-02,4431.14
2805,2026-02-09,4341.62
2805,2026-02-16,4421.2
2805,2026-02-23,4600.23
2805,2026-03-02,4550.5
2805,2026-03-09,4421.2
2805,2026-03-16,4530.61
2805,2026-03-23,4829.0
2805,2026-03-30,4995.0
2805,2026-04-06,5080.0
2805,2026-04-13,4720.0
2805,2026-04-20,4560.0
2805,2026-04-27,4550.0
2805,2026-05-04,4450.0
2805,2026-05-11,4960.0
2805,2026-05-18,5350.0
2805,2026-05-25,5630.0
2805,2026-06-01,4920.0
2805,2026-06-08,5190.0
2805,2026-06-15,5360.0
2805,2026-06-22,5240.0
2805,2026-06-29,5430.0
2805,2026-07-06,5810.0
2805,2026-07-13,5980.0
2805,2026-07-20,6300.0
2805,2026-07-27,6600.0
2805,2026-08-03,6890.0
2805,2026-08-10,6680.0
2805,2026-08-17,6800.0
2805,2026-08-24,7050.0
296A,2025-09-01,630.58
296A,2025-09-08,643.97
296A,2025-09-15,643.02
296A,2025-09-22,630.58
296A,2025-09-29,616.43
296A,2025-10-06,605.7
296A,2025-10-13,631.06
296A,2025-10-20,648.62
296A,2025-10-27,658.37
296A,2025-11-03,650.57
296A,2025-11-10,675.93
296A,2025-11-17,687.64
296A,2025-11-24,696.41
296A,2025-12-01,680.81
296A,2025-12-08,695.44
296A,2025-12-15,736.4
296A,2025-12-22,704.22
296A,2025-12-29,702.27
296A,2026-01-05,698.36
296A,2026-01-12,707.14
296A,2026-01-19,719.82
296A,2026-01-26,685.68
296A,2026-02-02,685.68
296A,2026-02-09,651.55
296A,2026-02-16,651.55
296A,2026-02-23,670.08
296A,2026-03-02,645.69
296A,2026-03-09,635.94
296A,2026-03-16,731.53
296A,2026-03-23,792.0
296A,2026-03-30,823.0
296A,2026-04-06,812.0
296A,2026-04-13,819.0
296A,2026-04-20,760.0
296A,2026-04-27,749.0
296A,2026-05-04,767.0
296A,2026-05-11,772.0
296A,2026-05-18,765.0
296A,2026-05-25,747.0
296A,2026-06-01,759.0
296A,2026-06-08,754.0
296A,2026-06-15,769.0
296A,2026-06-22,756.0
296A,2026-06-29,749.0
296A,2026-07-06,741.0
296A,2026-07-13,751.0
296A,2026-07-20,919.0
296A,2026-07-27,857.0
296A,2026-08-03,873.0
296A,2026-08-10,928.0
296A,2026-08-17,1087.0
296A,2026-08-24,1145.0
3087,2025-09-01,2629.48
3087,2025-09-08,2615.62
3087,2025-09-15,2649.28
3087,2025-09-22,2695.82
3087,2025-09-29,2555.23
3087,2025-10-06,2591.86
3087,2025-10-13,2472.07
3087,2025-10-20,2433.46
3087,2025-10-27,2380.0
3087,2025-11-03,2408.71
3087,2025-11-10,2445.34
3087,2025-11-17,2482.96
3087,2025-11-24,2537.41
3087,2025-12-01,2492.86
3087,2025-12-08,2520.58
3087,2025-12-15,2548.3
3087,2025-12-22,2583.94
3087,2025-12-29,2572.06
3087,2026-01-05,2605.72
3087,2026-01-12,2700.77
3087,2026-01-19,2798.78
3087,2026-01-26,2791.85
3087,2026-02-02,2863.13
3087,2026-02-09,2926.49
3087,2026-02-16,2945.3
3087,2026-02-23,2996.0
3087,2026-03-02,2910.0
3087,2026-03-09,2887.0
3087,2026-03-16,2920.0
3087,2026-03-23,2994.0
3087,2026-03-30,3010.0
3087,2026-04-06,2998.0
3087,2026-04-13,2888.0
3087,2026-04-20,2762.0
3087,2026-04-27,2761.0
3087,2026-05-04,2759.0
3087,2026-05-11,2868.0
3087,2026-05-18,2830.0
3087,2026-05-25,2663.0
3087,2026-06-01,2575.0
3087,2026-06-08,2677.0
3087,2026-06-15,2647.0
3087,2026-06-22,2690.0
3087,2026-06-29,2740.0
3087,2026-07-06,2756.0
3087,2026-07-13,2958.0
3087,2026-07-20,3090.0
3087,2026-07-27,3195.0
3087,2026-08-03,3115.0
3087,2026-08-10,3205.0
3087,2026-08-17,3290.0
3087,2026-08-24,3395.0
3232,2025-09-01,531.76
3232,2025-09-08,526.92
3232,2025-09-15,543.39
3232,2025-09-22,547.26
3232,2025-09-29,514.84
3232,2025-10-06,511.89
3232,2025-10-13,518.77
3232,2025-10-20,550.21
3232,2025-10-27,528.59
3232,2025-11-03,522.7
3232,2025-11-10,521.72
3232,2025-11-17,521.72
3232,2025-11-24,534.49
3232,2025-12-01,522.7
3232,2025-12-08,527.61
3232,2025-12-15,525.65
3232,2025-12-22,530.56
3232,2025-12-29,530.56
3232,2026-01-05,541.37
3232,2026-01-12,555.12
3232,2026-01-19,561.02
3232,2026-01-26,543.33
3232,2026-02-02,575.76
3232,2026-02-09,572.81
3232,2026-02-16,575.76
3232,2026-02-23,597.37
3232,2026-03-02,570.84
3232,2026-03-09,551.19
3232,2026-03-16,553.16
3232,2026-03-23,562.0
3232,2026-03-30,559.0
3232,2026-04-06,551.0
3232,2026-04-13,547.0
3232,2026-04-20,531.0
3232,2026-04-27,525.0
3232,2026-05-04,527.0
3232,2026-05-11,520.0
3232,2026-05-18,520.0
3232,2026-05-25,519.0
3232,2026-06-01,522.0
3232,2026-06-08,524.0
3232,2026-06-15,526.0
3232,2026-06-22,526.0
3232,2026-06-29,544.0
3232,2026-07-06,547.0
3232,2026-07-13,536.0
3232,2026-07-20,550.0
3232,2026-07-27,554.0
3232,2026-08-03,546.0
3232,2026-08-10,553.0
3232,2026-08-17,572.0
3232,2026-08-24,613.0
3276,2025-09-01,1239.79
3276,2025-09-08,1272.0
3276,2025-09-15,1264.19
3276,2025-09-22,1309.1
3276,2025-09-29,1230.02
3276,2025-10-06,1242.71
3276,2025-10-13,1246.62
3276,2025-10-20,1267.12
3276,2025-10-27,1223.19
3276,2025-11-03,1222.21
3276,2025-11-10,1236.86
3276,2025-11-17,1251.5
3276,2025-11-24,1265.17
3276,2025-12-01,1224.17
3276,2025-12-08,1227.09
3276,2025-12-15,1257.36
3276,2025-12-22,1272.0
3276,2025-12-29,1290.0
3276,2026-01-05,1292.0
3276,2026-01-12,1294.0
3276,2026-01-19,1291.0
3276,2026-01-26,1280.0
3276,2026-02-02,1289.0
3276,2026-02-09,1332.0
3276,2026-02-16,1352.0
3276,2026-02-23,1375.0
3276,2026-03-02,1341.0
3276,2026-03-09,1330.0
3276,2026-03-16,1321.0
3276,2026-03-23,1328.0
3276,2026-03-30,1322.0
3276,2026-04-06,1329.0
3276,2026-04-13,1316.0
3276,2026-04-20,1292.0
3276,2026-04-27,1298.0
3276,2026-05-04,1281.0
3276,2026-05-11,1353.0
3276,2026-05-18,1323.0
3276,2026-05-25,1329.0
3276,2026-06-01,1315.0
3276,2026-06-08,1303.0
3276,2026-06-15,1310.0
3276,2026-06-22,1310.0
3276,2026-06-29,1329.0
3276,2026-07-06,1587.0
3276,2026-07-13,1781.0
3276,2026-07-20,1794.0
3276,2026-07-27,1822.0
3276,2026-08-03,2244.0
3276,2026-08-10,2245.0
3276,2026-08-17,2244.0
3276,2026-08-24,2246.0
3467,2025-09-01,2115.92
3467,2025-09-08,2229.86
3467,2025-09-15,2215.5
3467,2025-09-22,2276.77
3467,2025-09-29,2156.14
3467,2025-10-06,2131.24
3467,2025-10-13,2171.45
3467,2025-10-20,2180.07
3467,2025-10-27,2167.62
3467,2025-11-03,2148.48
3467,2025-11-10,2213.58
3467,2025-11-17,2158.05
3467,2025-11-24,2216.45
3467,2025-12-01,2230.82
3467,2025-12-08,2288.26
3467,2025-12-15,2300.71
3467,2025-12-22,2316.98
3467,2025-12-29,2373.47
3467,2026-01-05,2433.79
3467,2026-01-12,2435.71
3467,2026-01-19,2464.43
3467,2026-01-26,2448.15
3467,2026-02-02,2520.92
3467,2026-02-09,2611.87
3467,2026-02-16,2725.81
3467,2026-02-23,2723.89
3467,2026-03-02,2632.94
3467,2026-03-09,2681.77
3467,2026-03-16,2687.51
3467,2026-03-23,2654.0
3467,2026-03-30,2519.0
3467,2026-04-06,2502.0
3467,2026-04-13,2380.0
3467,2026-04-20,2309.0
3467,2026-04-27,2252.0
3467,2026-05-04,2244.0
3467,2026-05-11,2625.0
3467,2026-05-18,2545.0
3467,2026-05-25,2526.0
3467,2026-06-01,2479.0
3467,2026-06-08,2440.0
3467,2026-06-15,2468.0
3467,2026-06-22,2500.0
3467,2026-06-29,2653.0
3467,2026-07-06,2673.0
3467,2026-07-13,2690.0
3467,2026-07-20,2761.0
3467,2026-07-27,2753.0
3467,2026-08-03,2723.0
3467,2026-08-10,2864.0
3467,2026-08-17,2845.0
3467,2026-08-24,2970.0
3623,2025-09-01,1130.93
3623,2025-09-08,1086.12
3623,2025-09-15,1119.24
3623,2025-09-22,1109.5
3623,2025-09-29,1090.99
3623,2025-10-06,1113.39
3623,2025-10-13,1108.52
3623,2025-10-20,1088.07
3623,2025-10-27,1033.52
3623,2025-11-03,1029.62
3623,2025-11-10,1068.58
3623,2025-11-17,966.3
3623,2025-11-24,1003.32
3623,2025-12-01,974.1
3623,2025-12-08,971.17
3623,2025-12-15,969.23
3623,2025-12-22,970.2
3623,2025-12-29,991.0
3623,2026-01-05,999.0
3623,2026-01-12,1002.0
3623,2026-01-19,999.0
3623,2026-01-26,979.0
3623,2026-02-02,984.0
3623,2026-02-09,1009.0
3623,2026-02-16,1123.0
3623,2026-02-23,1154.0
3623,2026-03-02,1104.0
3623,2026-03-09,1068.0
3623,2026-03-16,1054.0
3623,2026-03-23,1054.0
3623,2026-03-30,1054.0
3623,2026-04-06,1078.0
3623,2026-04-13,1111.0
3623,2026-04-20,1086.0
3623,2026-04-27,1084.0
3623,2026-05-04,1082.0
3623,2026-05-11,1026.0
3623,2026-05-18,1022.0
3623,2026-05-25,1019.0
3623,2026-06-01,996.0
3623,2026-06-08,1001.0
3623,2026-06-15,1002.0
3623,2026-06-22,1050.0
3623,2026-06-29,1051.0
3623,2026-07-06,1033.0
3623,2026-07-13,1011.0
3623,2026-07-20,1000.0
3623,2026-07-27,1035.0
3623,2026-08-03,1053.0
3623,2026-08-10,1034.0
3623,2026-08-17,1222.0
3623,2026-08-24,1294.0
3793,2025-09-01,481.0
3793,2025-09-08,476.0
3793,2025-09-15,470.0
3793,2025-09-22,473.0
3793,2025-09-29,459.0
3793,2025-10-06,455.0
3793,2025-10-13,452.0
3793,2025-10-20,464.0
3793,2025-10-27,460.0
3793,2025-11-03,450.0
3793,2025-11-10,455.0
3793,2025-11-17,434.0
3793,2025-11-24,446.0
3793,2025-12-01,415.0
3793,2025-12-08,415.0
3793,2025-12-15,410.0
3793,2025-12-22,396.0
3793,2025-12-29,400.0
3793,2026-01-05,417.0
3793,2026-01-12,436.0
3793,2026-01-19,431.0
3793,2026-01-26,449.0
3793,2026-02-02,407.0
3793,2026-02-09,398.0
3793,2026-02-16,412.0
3793,2026-02-23,409.0
3793,2026-03-02,403.0
3793,2026-03-09,403.0
3793,2026-03-16,400.0
3793,2026-03-23,403.0
3793,2026-03-30,401.0
3793,2026-04-06,408.0
3793,2026-04-13,432.0
3793,2026-04-20,408.0
3793,2026-04-27,405.0
3793,2026-05-04,414.0
3793,2026-05-11,459.0
3793,2026-05-18,440.0
3793,2026-05-25,420.0
3793,2026-06-01,417.0
3793,2026-06-08,393.0
3793,2026-06-15,398.0
3793,2026-06-22,393.0
3793,2026-06-29,417.0
3793,2026-07-06,418.0
3793,2026-07-13,417.0
3793,2026-07-20,425.0
3793,2026-07-27,440.0
3793,2026-08-03,456.0
3793,2026-08-10,463.0
3793,2026-08-17,491.0
3793,2026-08-24,506.0
3843,2025-09-01,1539.7
3843,2025-09-08,1600.01
3843,2025-09-15,1597.09
3843,2025-09-22,1639.89
3843,2025-09-29,1529.0
3843,2025-10-06,1506.63
3843,2025-10-13,1562.07
3843,2025-10-20,1552.35
3843,2025-10-27,1545.54
3843,2025-11-03,1539.7
3843,2025-11-10,1519.28
3843,2025-11-17,1550.4
3843,2025-11-24,1548.46
3843,2025-12-01,1523.17
3843,2025-12-08,1531.92
3843,2025-12-15,1588.33
3843,2025-12-22,1615.57
3843,2025-12-29,1647.67
3843,2026-01-05,1659.34
3843,2026-01-12,1677.82
3843,2026-01-19,1671.98
3843,2026-01-26,1601.95
3843,2026-02-02,1561.1
3843,2026-02-09,1531.92
3843,2026-02-16,1505.66
3843,2026-02-23,1556.24
3843,2026-03-02,1549.43
3843,2026-03-09,1509.55
3843,2026-03-16,1439.52
3843,2026-03-23,1452.16
3843,2026-03-30,1499.82
3843,2026-04-06,1506.63
3843,2026-04-13,1507.61
3843,2026-04-20,1448.27
3843,2026-04-27,1403.0
3843,2026-05-04,1405.0
3843,2026-05-11,1414.0
3843,2026-05-18,1369.0
3843,2026-05-25,1433.0
3843,2026-06-01,1441.0
3843,2026-06-08,1440.0
3843,2026-06-15,1483.0
3843,2026-06-22,1467.0
3843,2026-06-29,1502.0
3843,2026-07-06,1583.0
3843,2026-07-13,1579.0
3843,2026-07-20,1566.0
3843,2026-07-27,1562.0
3843,2026-08-03,1593.0
3843,2026-08-10,1695.0
3843,2026-08-17,1697.0
3843,2026-08-24,1784.0
3907,2025-09-01,961.98
3907,2025-09-08,985.68
3907,2025-09-15,973.83
3907,2025-09-22,1034.07
3907,2025-09-29,965.93
3907,2025-10-06,957.04
3907,2025-10-13,857.28
3907,2025-10-20,849.38
3907,2025-10-27,893.83
3907,2025-11-03,868.15
3907,2025-11-10,847.41
3907,2025-11-17,769.38
3907,2025-11-24,796.0
3907,2025-12-01,774.0
3907,2025-12-08,755.0
3907,2025-12-15,742.0
3907,2025-12-22,738.0
3907,2025-12-29,769.0
3907,2026-01-05,794.0
3907,2026-01-12,736.0
3907,2026-01-19,725.0
3907,2026-01-26,712.0
3907,2026-02-02,709.0
3907,2026-02-09,692.0
3907,2026-02-16,688.0
3907,2026-02-23,684.0
3907,2026-03-02,692.0
3907,2026-03-09,698.0
3907,2026-03-16,680.0
3907,2026-03-23,673.0
3907,2026-03-30,688.0
3907,2026-04-06,686.0
3907,2026-04-13,602.0
3907,2026-04-20,592.0
3907,2026-04-27,569.0
3907,2026-05-04,579.0
3907,2026-05-11,952.0
3907,2026-05-18,1270.0
3907,2026-05-25,1397.0
3907,2026-06-01,1235.0
3907,2026-06-08,930.0
3907,2026-06-15,849.0
3907,2026-06-22,943.0
3907,2026-06-29,899.0
3907,2026-07-06,928.0
3907,2026-07-13,654.0
3907,2026-07-20,1110.0
3907,2026-07-27,1004.0
3907,2026-08-03,1673.0
3907,2026-08-10,1595.0
3907,2026-08-17,1746.0
3907,2026-08-24,2135.0
3965,2025-09-01,889.23
3965,2025-09-08,870.66
3965,2025-09-15,858.94
3965,2025-09-22,869.69
3965,2025-09-29,794.13
3965,2025-10-06,797.09
3965,2025-10-13,790.18
3965,2025-10-20,789.19
3965,2025-10-27,786.22
3965,2025-11-03,774.37
3965,2025-11-10,797.09
3965,2025-11-17,771.41
3965,2025-11-24,782.27
3965,2025-12-01,734.86
3965,2025-12-08,758.57
3965,2025-12-15,814.87
3965,2025-12-22,794.13
3965,2025-12-29,819.81
3965,2026-01-05,821.78
3965,2026-01-12,833.64
3965,2026-01-19,845.49
3965,2026-01-26,785.24
3965,2026-02-02,790.18
3965,2026-02-09,808.94
3965,2026-02-16,839.56
3965,2026-02-23,845.49
3965,2026-03-02,842.52
3965,2026-03-09,839.56
3965,2026-03-16,829.68
3965,2026-03-23,844.5
3965,2026-03-30,838.0
3965,2026-04-06,849.0
3965,2026-04-13,839.0
3965,2026-04-20,863.0
3965,2026-04-27,852.0
3965,2026-05-04,852.0
3965,2026-05-11,870.0
3965,2026-05-18,825.0
3965,2026-05-25,822.0
3965,2026-06-01,796.0
3965,2026-06-08,824.0
3965,2026-06-15,827.0
3965,2026-06-22,824.0
3965,2026-06-29,859.0
3965,2026-07-06,860.0
3965,2026-07-13,867.0
3965,2026-07-20,866.0
3965,2026-07-27,860.0
3965,2026-08-03,877.0
3965,2026-08-10,878.0
3965,2026-08-17,880.0
3965,2026-08-24,918.0
3994,2025-09-01,6248.0
3994,2025-09-08,6192.0
3994,2025-09-15,6121.0
3994,2025-09-22,6023.0
3994,2025-09-29,5526.0
3994,2025-10-06,5508.0
3994,2025-10-13,5106.0
3994,2025-10-20,4790.0
3994,2025-10-27,4500.0
3994,2025-11-03,4271.0
3994,2025-11-10,4043.0
3994,2025-11-17,4155.0
3994,2025-11-24,4174.0
3994,2025-12-01,4093.0
3994,2025-12-08,4215.0
3994,2025-12-15,4416.0
3994,2025-12-22,4603.0
3994,2025-12-29,4668.0
3994,2026-01-05,4669.0
3994,2026-01-12,4748.0
3994,2026-01-19,4141.0
3994,2026-01-26,3903.0
3994,2026-02-02,3298.0
3994,2026-02-09,3093.0
3994,2026-02-16,3052.0
3994,2026-02-23,3190.0
3994,2026-03-02,3698.0
3994,2026-03-09,3216.0
3994,2026-03-16,3091.0
3994,2026-03-23,3582.0
3994,2026-03-30,3683.0
3994,2026-04-06,3607.0
3994,2026-04-13,5000.0
3994,2026-04-20,4921.0
3994,2026-04-27,4721.0
3994,2026-05-04,4736.0
3994,2026-05-11,4415.0
3994,2026-05-18,4311.0
3994,2026-05-25,4343.0
3994,2026-06-01,4238.0
3994,2026-06-08,3868.0
3994,2026-06-15,4227.0
3994,2026-06-22,4016.0
3994,2026-06-29,4538.0
3994,2026-07-06,4935.0
3994,2026-07-13,5334.0
3994,2026-07-20,5407.0
3994,2026-07-27,5455.0
3994,2026-08-03,5396.0
3994,2026-08-10,6479.0
3994,2026-08-17,6100.0
3994,2026-08-24,6428.0
4076,2025-09-01,1441.55
4076,2025-09-08,1465.64
4076,2025-09-15,1498.4
4076,2025-09-22,1535.02
4076,2025-09-29,1503.22
4076,2025-10-06,1658.36
4076,2025-10-13,1634.27
4076,2025-10-20,1625.6
4076,2025-10-27,1624.64
4076,2025-11-03,1553.33
4076,2025-11-10,1541.77
4076,2025-11-17,1575.49
4076,2025-11-24,1634.27
4076,2025-12-01,1589.95
4076,2025-12-08,1609.22
4076,2025-12-15,1640.05
4076,2025-12-22,1622.71
4076,2025-12-29,1652.58
4076,2026-01-05,1681.49
4076,2026-01-12,1703.65
4076,2026-01-19,1815.43
4076,2026-01-26,1694.02
4076,2026-02-02,1657.4
4076,2026-02-09,1619.82
4076,2026-02-16,1638.13
4076,2026-02-23,1647.76
4076,2026-03-02,1641.02
4076,2026-03-09,1638.13
4076,2026-03-16,1637.16
4076,2026-03-23,1625.6
4076,2026-03-30,1608.25
4076,2026-04-06,1704.62
4076,2026-04-13,1696.91
4076,2026-04-20,1644.87
4076,2026-04-27,1661.25
4076,2026-05-04,1709.43
4076,2026-05-11,1694.02
4076,2026-05-18,1656.43
4076,2026-05-25,1646.0
4076,2026-06-01,1623.0
4076,2026-06-08,1640.0
4076,2026-06-15,1680.0
4076,2026-06-22,1681.0
4076,2026-06-29,1693.0
4076,2026-07-06,1720.0
4076,2026-07-13,1824.0
4076,2026-07-20,1803.0
4076,2026-07-27,1818.0
4076,2026-08-03,1846.0
4076,2026-08-10,1951.0
4076,2026-08-17,1980.0
4076,2026-08-24,1990.0
4097,2025-09-01,1051.71
4097,2025-09-08,1042.07
4097,2025-09-15,1019.9
4097,2025-09-22,1034.36
4097,2025-09-29,999.0
4097,2025-10-06,990.16
4097,2025-10-13,999.98
4097,2025-10-20,1024.54
4097,2025-10-27,1009.81
4097,2025-11-03,1026.5
4097,2025-11-10,1034.36
4097,2025-11-17,1028.47
4097,2025-11-24,1045.17
4097,2025-12-01,1021.59
4097,2025-12-08,1044.19
4097,2025-12-15,1011.77
4097,2025-12-22,1035.35
4097,2025-12-29,1028.47
4097,2026-01-05,1120.81
4097,2026-01-12,1143.4
4097,2026-01-19,1113.93
4097,2026-01-26,1101.16
4097,2026-02-02,1113.93
4097,2026-02-09,1136.52
4097,2026-02-16,1090.35
4097,2026-02-23,1119.82
4097,2026-03-02,1074.64
4097,2026-03-09,1086.42
4097,2026-03-16,1102.14
4097,2026-03-23,1110.0
4097,2026-03-30,1114.0
4097,2026-04-06,1100.0
4097,2026-04-13,1090.0
4097,2026-04-20,1100.0
4097,2026-04-27,1100.0
4097,2026-05-04,1100.0
4097,2026-05-11,1120.0
4097,2026-05-18,1076.0
4097,2026-05-25,1101.0
4097,2026-06-01,1086.0
4097,2026-06-08,1092.0
4097,2026-06-15,1137.0
4097,2026-06-22,1108.0
4097,2026-06-29,1116.0
4097,2026-07-06,1135.0
4097,2026-07-13,1115.0
4097,2026-07-20,1115.0
4097,2026-07-27,1071.0
4097,2026-08-03,1091.0
4097,2026-08-10,1200.0
4097,2026-08-17,1177.0
4097,2026-08-24,1218.0
4116,2025-09-01,952.66
4116,2025-09-08,946.78
4116,2025-09-15,932.69
4116,2025-09-22,942.08
4116,2025-09-29,929.36
4116,2025-10-06,924.55
4116,2025-10-13,935.36
4116,2025-10-20,958.17
4116,2025-10-27,913.75
4116,2025-11-03,943.77
4116,2025-11-10,918.55
4116,2025-11-17,928.16
4116,2025-11-24,961.78
4116,2025-12-01,926.96
4116,2025-12-08,940.16
4116,2025-12-15,965.38
4116,2025-12-22,984.59
4116,2025-12-29,997.8
4116,2026-01-05,1032.62
4116,2026-01-12,1080.65
4116,2026-01-19,1061.44
4116,2026-01-26,1044.63
4116,2026-02-02,1074.64
4116,2026-02-09,1137.08
4116,2026-02-16,1173.1
4116,2026-02-23,1212.73
4116,2026-03-02,1150.29
4116,2026-03-09,1091.45
4116,2026-03-16,1062.64
4116,2026-03-23,1084.25
4116,2026-03-30,1102.0
4116,2026-04-06,1106.0
4116,2026-04-13,1100.0
4116,2026-04-20,1061.0
4116,2026-04-27,1074.0
4116,2026-05-04,1069.0
4116,2026-05-11,1104.0
4116,2026-05-18,1058.0
4116,2026-05-25,1054.0
4116,2026-06-01,1011.0
4116,2026-06-08,1029.0
4116,2026-06-15,1050.0
4116,2026-06-22,1058.0
4116,2026-06-29,1077.0
4116,2026-07-06,1078.0
4116,2026-07-13,1060.0
4116,2026-07-20,1078.0
4116,2026-07-27,1114.0
4116,2026-08-03,1315.0
4116,2026-08-10,1348.0
4116,2026-08-17,1356.0
4116,2026-08-24,1404.0
4286,2025-09-01,981.82
4286,2025-09-08,945.42
4286,2025-09-15,982.8
4286,2025-09-22,973.95
4286,2025-09-29,919.84
4286,2025-10-06,957.22
4286,2025-10-13,917.87
4286,2025-10-20,948.37
4286,2025-10-27,959.19
4286,2025-11-03,922.79
4286,2025-11-10,1110.69
4286,2025-11-17,1175.62
4286,2025-11-24,1175.62
4286,2025-12-01,1064.45
4286,2025-12-08,1049.7
4286,2025-12-15,1136.27
4286,2025-12-22,1092.0
4286,2025-12-29,1074.0
4286,2026-01-05,1065.0
4286,2026-01-12,1104.0
4286,2026-01-19,1070.0
4286,2026-01-26,1035.0
4286,2026-02-02,1093.0
4286,2026-02-09,1159.0
4286,2026-02-16,1153.0
4286,2026-02-23,1154.0
4286,2026-03-02,1091.0
4286,2026-03-09,1028.0
4286,2026-03-16,1016.0
4286,2026-03-23,1068.0
4286,2026-03-30,1075.0
4286,2026-04-06,1068.0
4286,2026-04-13,1160.0
4286,2026-04-20,1148.0
4286,2026-04-27,1171.0
4286,2026-05-04,1220.0
4286,2026-05-11,1220.0
4286,2026-05-18,1174.0
4286,2026-05-25,1115.0
4286,2026-06-01,1094.0
4286,2026-06-08,1074.0
4286,2026-06-15,1117.0
4286,2026-06-22,1040.0
4286,2026-06-29,1144.0
4286,2026-07-06,1111.0
4286,2026-07-13,1128.0
4286,2026-07-20,1110.0
4286,2026-07-27,1154.0
4286,2026-08-03,1084.0
4286,2026-08-10,1135.0
4286,2026-08-17,1332.0
4286,2026-08-24,1380.0
4365,2025-09-01,19250.0
4365,2025-09-08,19250.0
4365,2025-09-15,19250.0
4365,2025-09-22,19250.0
4365,2025-09-29,19250.0
4365,2025-10-06,19250.0
4365,2025-10-13,19250.0
4365,2025-10-20,19250.0
4365,2025-10-27,19250.0
4365,2025-11-03,19250.0
4365,2025-11-10,19250.0
4365,2025-11-17,19250.0
4365,2025-11-24,19250.0
4365,2025-12-01,19250.0
4365,2025-12-08,19250.0
4365,2025-12-15,19250.0
4365,2025-12-22,19250.0
4365,2025-12-29,19250.0
4365,2026-01-05,19250.0
4365,2026-01-12,19250.0
4365,2026-01-19,19250.0
4365,2026-01-26,19250.0
4365,2026-02-02,19250.0
4365,2026-02-09,19250.0
4365,2026-02-16,19250.0
4365,2026-02-23,19250.0
4365,2026-03-02,19250.0
4365,2026-03-09,19250.0
4365,2026-03-16,19250.0
4365,2026-03-23,19250.0
4365,2026-03-30,19700.0
4365,2026-04-06,19700.0
4365,2026-04-13,19700.0
4365,2026-04-20,19700.0
4365,2026-04-27,19700.0
4365,2026-05-04,19700.0
4365,2026-05-11,19700.0
4365,2026-05-18,19700.0
4365,2026-05-25,19700.0
4365,2026-06-01,20500.0
4365,2026-06-08,20360.0
4365,2026-06-15,20650.0
4365,2026-06-22,20600.0
4365,2026-06-29,20180.0
4365,2026-07-06,20050.0
4365,2026-07-13,19820.0
4365,2026-07-20,19680.0
4365,2026-07-27,19760.0
4365,2026-08-03,19910.0
4365,2026-08-10,20210.0
4365,2026-08-17,20910.0
4365,2026-08-24,22000.0
4431,2025-09-01,3180.71
4431,2025-09-08,3304.37
4431,2025-09-15,3131.24
4431,2025-09-22,2951.18
4431,2025-09-29,2849.28
4431,2025-10-06,2745.4
4431,2025-10-13,2725.61
4431,2025-10-20,2915.57
4431,2025-10-27,2816.63
4431,2025-11-03,2739.46
4431,2025-11-10,2822.57
4431,2025-11-17,2789.92
4431,2025-11-24,2835.43
4431,2025-12-01,2860.16
4431,2025-12-08,2794.87
4431,2025-12-15,2920.51
4431,2025-12-22,3022.41
4431,2025-12-29,3022.41
4431,2026-01-05,3061.99
4431,2026-01-12,3007.57
4431,2026-01-19,2852.25
4431,2026-01-26,2705.83
4431,2026-02-02,2404.08
4431,2026-02-09,2188.41
4431,2026-02-16,2560.39
4431,2026-02-23,2513.9
4431,2026-03-02,2436.73
4431,2026-03-09,2419.91
4431,2026-03-16,2008.35
4431,2026-03-23,2195.33
4431,2026-03-30,2197.31
4431,2026-04-06,2204.23
4431,2026-04-13,2485.21
4431,2026-04-20,2475.31
4431,2026-04-27,2439.0
4431,2026-05-04,2405.0
4431,2026-05-11,2180.0
4431,2026-05-18,2304.0
4431,2026-05-25,2319.0
4431,2026-06-01,2492.0
4431,2026-06-08,2399.0
4431,2026-06-15,2408.0
4431,2026-06-22,2641.0
4431,2026-06-29,2935.0
4431,2026-07-06,2841.0
4431,2026-07-13,3000.0
4431,2026-07-20,2900.0
4431,2026-07-27,3190.0
4431,2026-08-03,3200.0
4431,2026-08-10,3435.0
4431,2026-08-17,3395.0
4431,2026-08-24,3535.0
446A,2025-11-17,1467.0
446A,2025-11-24,1332.0
446A,2025-12-01,1355.0
446A,2025-12-08,1424.0
446A,2025-12-15,1464.0
446A,2025-12-22,1640.0
446A,2025-12-29,1782.0
446A,2026-01-05,1795.0
446A,2026-01-12,1579.0
446A,2026-01-19,1550.0
446A,2026-01-26,1579.0
446A,2026-02-02,1167.0
446A,2026-02-09,1110.0
446A,2026-02-16,1090.0
446A,2026-02-23,1082.0
446A,2026-03-02,1151.0
446A,2026-03-09,1231.0
446A,2026-03-16,1359.0
446A,2026-03-23,1255.0
446A,2026-03-30,1297.0
446A,2026-04-06,1358.0
446A,2026-04-13,1593.0
446A,2026-04-20,1365.0
446A,2026-04-27,1263.0
446A,2026-05-04,1367.0
446A,2026-05-11,1130.0
446A,2026-05-18,1233.0
446A,2026-05-25,1263.0
446A,2026-06-01,1391.0
446A,2026-06-08,1208.0
446A,2026-06-15,1178.0
446A,2026-06-22,1165.0
446A,2026-06-29,1325.0
446A,2026-07-06,1319.0
446A,2026-07-13,1640.0
446A,2026-07-20,1450.0
446A,2026-07-27,1573.0
446A,2026-08-03,1645.0
446A,2026-08-10,1840.0
446A,2026-08-17,1985.0
446A,2026-08-24,2005.0
4471,2025-09-01,4115.53
4471,2025-09-08,4076.98
4471,2025-09-15,4028.79
4471,2025-09-22,4096.26
4471,2025-09-29,3968.4
4471,2025-10-06,3992.99
4471,2025-10-13,3978.24
4471,2025-10-20,4214.28
4471,2025-10-27,4130.68
4471,2025-11-03,4263.45
4471,2025-11-10,4474.9
4471,2025-11-17,4440.48
4471,2025-11-24,4627.34
4471,2025-12-01,4578.17
4471,2025-12-08,4824.04
4471,2025-12-15,4858.47
4471,2025-12-22,5114.17
4471,2025-12-29,5133.84
4471,2026-01-05,5045.33
4471,2026-01-12,5438.73
4471,2026-01-19,5507.57
4471,2026-01-26,5428.89
4471,2026-02-02,5537.08
4471,2026-02-09,5812.46
4471,2026-02-16,5782.95
4471,2026-02-23,5861.63
4471,2026-03-02,5330.54
4471,2026-03-09,5153.51
4471,2026-03-16,5114.17
4471,2026-03-23,5065.0
4471,2026-03-30,4960.0
4471,2026-04-06,5220.0
4471,2026-04-13,5120.0
4471,2026-04-20,5030.0
4471,2026-04-27,4965.0
4471,2026-05-04,5130.0
4471,2026-05-11,5440.0
4471,2026-05-18,5110.0
4471,2026-05-25,5240.0
4471,2026-06-01,5180.0
4471,2026-06-08,5180.0
4471,2026-06-15,5110.0
4471,2026-06-22,5000.0
4471,2026-06-29,4920.0
4471,2026-07-06,4875.0
4471,2026-07-13,4865.0
4471,2026-07-20,4920.0
4471,2026-07-27,4865.0
4471,2026-08-03,6120.0
4471,2026-08-10,6350.0
4471,2026-08-17,6360.0
4471,2026-08-24,6520.0
4478,2025-09-01,3180.0
4478,2025-09-08,3510.0
4478,2025-09-15,3780.0
4478,2025-09-22,3765.0
4478,2025-09-29,3270.0
4478,2025-10-06,3635.0
4478,2025-10-13,3390.0
4478,2025-10-20,3475.0
4478,2025-10-27,3450.0
4478,2025-11-03,3265.0
4478,2025-11-10,3530.0
4478,2025-11-17,3140.0
4478,2025-11-24,2998.0
4478,2025-12-01,2989.0
4478,2025-12-08,2956.0
4478,2025-12-15,2964.0
4478,2025-12-22,3050.0
4478,2025-12-29,3005.0
4478,2026-01-05,3050.0
4478,2026-01-12,3055.0
4478,2026-01-19,2958.0
4478,2026-01-26,2711.0
4478,2026-02-02,2286.0
4478,2026-02-09,2136.0
4478,2026-02-16,2028.0
4478,2026-02-23,2150.0
4478,2026-03-02,2415.0
4478,2026-03-09,1999.0
4478,2026-03-16,2028.0
4478,2026-03-23,2203.0
4478,2026-03-30,1998.0
4478,2026-04-06,1959.0
4478,2026-04-13,2441.0
4478,2026-04-20,2281.0
4478,2026-04-27,2274.0
4478,2026-05-04,2435.0
4478,2026-05-11,2182.0
4478,2026-05-18,2246.0
4478,2026-05-25,2112.0
4478,2026-06-01,2155.0
4478,2026-06-08,1853.0
4478,2026-06-15,1993.0
4478,2026-06-22,1876.0
4478,2026-06-29,2124.0
4478,2026-07-06,2250.0
4478,2026-07-13,2407.0
4478,2026-07-20,2405.0
4478,2026-07-27,2599.0
4478,2026-08-03,2732.0
4478,2026-08-10,3345.0
4478,2026-08-17,3780.0
4478,2026-08-24,4230.0
4526,2025-09-01,2867.63
4526,2025-09-08,2857.03
4526,2025-09-15,2873.41
4526,2025-09-22,2899.42
4526,2025-09-29,2769.9
4526,2025-10-06,2752.24
4526,2025-10-13,2779.71
4526,2025-10-20,2796.39
4526,2025-10-27,2745.37
4526,2025-11-03,2798.35
4526,2025-11-10,2791.49
4526,2025-11-17,2860.17
4526,2025-11-24,2900.4
4526,2025-12-01,2770.88
4526,2025-12-08,2810.13
4526,2025-12-15,2910.21
4526,2025-12-22,2925.91
4526,2025-12-29,2911.19
4526,2026-01-05,2933.76
4526,2026-01-12,2987.72
4526,2026-01-19,3071.13
4526,2026-01-26,3046.6
4526,2026-02-02,3144.71
4526,2026-02-09,3002.44
4526,2026-02-16,2943.57
4526,2026-02-23,3041.69
4526,2026-03-02,2939.65
4526,2026-03-09,2826.81
4526,2026-03-16,2820.92
4526,2026-03-23,2869.0
4526,2026-03-30,2943.0
4526,2026-04-06,2925.0
4526,2026-04-13,2864.0
4526,2026-04-20,2740.0
4526,2026-04-27,2770.0
4526,2026-05-04,2699.0
4526,2026-05-11,2825.0
4526,2026-05-18,2803.0
4526,2026-05-25,2806.0
4526,2026-06-01,2913.0
4526,2026-06-08,2995.0
4526,2026-06-15,2988.0
4526,2026-06-22,3080.0
4526,2026-06-29,3095.0
4526,2026-07-06,3135.0
4526,2026-07-13,3155.0
4526,2026-07-20,3120.0
4526,2026-07-27,3210.0
4526,2026-08-03,3155.0
4526,2026-08-10,3280.0
4526,2026-08-17,3340.0
4526,2026-08-24,3435.0
4527,2025-09-01,2552.87
4527,2025-09-08,2519.5
4527,2025-09-15,2456.19
4527,2025-09-22,2505.76
4527,2025-09-29,2452.32
4527,2025-10-06,2394.42
4527,2025-10-13,2427.08
4527,2025-10-20,2433.51
4527,2025-10-27,2364.24
4527,2025-11-03,2391.95
4527,2025-11-10,2414.71
4527,2025-11-17,2533.47
4527,2025-11-24,2504.27
4527,2025-12-01,2412.73
4527,2025-12-08,2475.57
4527,2025-12-15,2546.83
4527,2025-12-22,2631.93
4527,2025-12-29,2600.76
4527,2026-01-05,2550.29
4527,2026-01-12,2572.06
4527,2026-01-19,2661.13
4527,2026-01-26,2531.49
4527,2026-02-02,2537.42
4527,2026-02-09,2487.94
4527,2026-02-16,2352.36
4527,2026-02-23,2416.69
4527,2026-03-02,2256.86
4527,2026-03-09,2370.18
4527,2026-03-16,2337.02
4527,2026-03-23,2387.0
4527,2026-03-30,2463.5
4527,2026-04-06,2461.0
4527,2026-04-13,2392.5
4527,2026-04-20,2381.5
4527,2026-04-27,2357.5
4527,2026-05-04,2366.5
4527,2026-05-11,2438.5
4527,2026-05-18,2538.5
4527,2026-05-25,2381.0
4527,2026-06-01,2400.0
4527,2026-06-08,2324.0
4527,2026-06-15,2370.0
4527,2026-06-22,2397.0
4527,2026-06-29,2405.5
4527,2026-07-06,2430.0
4527,2026-07-13,2477.5
4527,2026-07-20,2350.0
4527,2026-07-27,2388.5
4527,2026-08-03,2862.5
4527,2026-08-10,2815.5
4527,2026-08-17,2866.5
4527,2026-08-24,3082.0
4623,2025-09-01,1675.86
4623,2025-09-08,1684.55
4623,2025-09-15,1693.24
4623,2025-09-22,1690.34
4623,2025-09-29,1706.07
4623,2025-10-06,1697.22
4623,2025-10-13,1690.34
4623,2025-10-20,1694.28
4623,2025-10-27,1690.34
4623,2025-11-03,1689.36
4623,2025-11-10,1686.41
4623,2025-11-17,1692.31
4623,2025-11-24,1688.38
4623,2025-12-01,1681.5
4623,2025-12-08,1682.48
4623,2025-12-15,1685.43
4623,2025-12-22,1689.36
4623,2025-12-29,1694.28
4623,2026-01-05,1699.19
4623,2026-01-12,1710.0
4623,2026-01-19,1702.14
4623,2026-01-26,1702.14
4623,2026-02-02,1709.02
4623,2026-02-09,1712.95
4623,2026-02-16,1738.5
4623,2026-02-23,1730.64
4623,2026-03-02,1705.09
4623,2026-03-09,1695.26
4623,2026-03-16,1710.0
4623,2026-03-23,1710.0
4623,2026-03-30,1730.0
4623,2026-04-06,1732.0
4623,2026-04-13,1722.0
4623,2026-04-20,1711.0
4623,2026-04-27,1710.0
4623,2026-05-04,1706.0
4623,2026-05-11,1700.0
4623,2026-05-18,1710.0
4623,2026-05-25,1700.0
4623,2026-06-01,1701.0
4623,2026-06-08,1700.0
4623,2026-06-15,1693.0
4623,2026-06-22,1708.0
4623,2026-06-29,1725.0
4623,2026-07-06,1712.0
4623,2026-07-13,1711.0
4623,2026-07-20,1719.0
4623,2026-07-27,1721.0
4623,2026-08-03,1723.0
4623,2026-08-10,1820.0
4623,2026-08-17,1870.0
4623,2026-08-24,1892.0
4667,2025-09-01,1382.44
4667,2025-09-08,1402.04
4667,2025-09-15,1497.07
4667,2025-09-22,1566.64
4667,2025-09-29,1479.44
4667,2025-10-06,1530.38
4667,2025-10-13,1490.21
4667,2025-10-20,1546.06
4667,2025-10-27,1450.04
4667,2025-11-03,1461.8
4667,2025-11-10,1759.65
4667,2025-11-17,1889.96
4667,2025-11-24,1783.16
4667,2025-12-01,1887.02
4667,2025-12-08,1844.89
4667,2025-12-15,1903.67
4667,2025-12-22,1900.73
4667,2025-12-29,1922.29
4667,2026-01-05,2059.45
4667,2026-01-12,2252.47
4667,2026-01-19,2185.84
4667,2026-01-26,2086.89
4667,2026-02-02,1963.44
4667,2026-02-09,2033.0
4667,2026-02-16,1958.54
4667,2026-02-23,2096.68
4667,2026-03-02,1897.79
4667,2026-03-09,1866.44
4667,2026-03-16,1845.87
4667,2026-03-23,1791.0
4667,2026-03-30,1780.0
4667,2026-04-06,1740.0
4667,2026-04-13,1768.0
4667,2026-04-20,1685.0
4667,2026-04-27,1666.0
4667,2026-05-04,1602.0
4667,2026-05-11,1513.0
4667,2026-05-18,1624.0
4667,2026-05-25,1711.0
4667,2026-06-01,1680.0
4667,2026-06-08,1725.0
4667,2026-06-15,1864.0
4667,2026-06-22,1978.0
4667,2026-06-29,2170.0
4667,2026-07-06,2117.0
4667,2026-07-13,1957.0
4667,2026-07-20,1871.0
4667,2026-07-27,1818.0
4667,2026-08-03,1746.0
4667,2026-08-10,2017.0
4667,2026-08-17,2105.0
4667,2026-08-24,2200.0
4847,2025-09-01,1028.77
4847,2025-09-08,1032.62
4847,2025-09-15,1065.31
4847,2025-09-22,1057.61
4847,2025-09-29,986.47
4847,2025-10-06,999.93
4847,2025-10-13,980.7
4847,2025-10-20,1016.27
4847,2025-10-27,996.08
4847,2025-11-03,931.66
4847,2025-11-10,933.59
4847,2025-11-17,907.63
4847,2025-11-24,936.47
4847,2025-12-01,916.28
4847,2025-12-08,917.24
4847,2025-12-15,909.55
4847,2025-12-22,925.89
4847,2025-12-29,936.66
4847,2026-01-05,963.09
4847,2026-01-12,978.75
4847,2026-01-19,962.11
4847,2026-01-26,930.79
4847,2026-02-02,944.49
4847,2026-02-09,938.62
4847,2026-02-16,950.36
4847,2026-02-23,988.53
4847,2026-03-02,1001.26
4847,2026-03-09,977.77
4847,2026-03-16,959.17
4847,2026-03-23,947.43
4847,2026-03-30,953.3
4847,2026-04-06,950.36
4847,2026-04-13,967.98
4847,2026-04-20,960.15
4847,2026-04-27,949.38
4847,2026-05-04,973.85
4847,2026-05-11,902.4
4847,2026-05-18,919.04
4847,2026-05-25,918.06
4847,2026-06-01,926.87
4847,2026-06-08,920.02
4847,2026-06-15,911.21
4847,2026-06-22,921.0
4847,2026-06-29,967.0
4847,2026-07-06,954.0
4847,2026-07-13,952.0
4847,2026-07-20,1003.0
4847,2026-07-27,1000.0
4847,2026-08-03,1236.0
4847,2026-08-10,1281.0
4847,2026-08-17,1319.0
4847,2026-08-24,1354.0
4911,2025-09-01,2354.32
4911,2025-09-08,2322.47
4911,2025-09-15,2370.0
4911,2025-09-22,2476.81
4911,2025-09-29,2469.46
4911,2025-10-06,2558.15
4911,2025-10-13,2651.73
4911,2025-10-20,2672.31
4911,2025-10-27,2547.86
4911,2025-11-03,2519.44
4911,2025-11-10,2612.04
4911,2025-11-17,2156.86
4911,2025-11-24,2176.46
4911,2025-12-01,2297.97
4911,2025-12-08,2388.62
4911,2025-12-15,2302.38
4911,2025-12-22,2306.79
4911,2025-12-29,2251.44
4911,2026-01-05,2381.41
4911,2026-01-12,2639.86
4911,2026-01-19,2716.95
4911,2026-01-26,2598.35
4911,2026-02-02,2720.91
4911,2026-02-09,3262.52
4911,2026-02-16,3038.17
4911,2026-02-23,3261.53
4911,2026-03-02,3041.13
4911,2026-03-09,2976.89
4911,2026-03-16,2950.7
4911,2026-03-23,3176.53
4911,2026-03-30,3345.54
4911,2026-04-06,3327.75
4911,2026-04-13,3070.78
4911,2026-04-20,3116.24
4911,2026-04-27,3123.16
4911,2026-05-04,3347.52
4911,2026-05-11,2914.13
4911,2026-05-18,2650.74
4911,2026-05-25,2777.74
4911,2026-06-01,2549.43
4911,2026-06-08,2576.61
4911,2026-06-15,2499.52
4911,2026-06-22,2543.5
4911,2026-06-29,2769.0
4911,2026-07-06,2755.0
4911,2026-07-13,3060.0
4911,2026-07-20,3045.0
4911,2026-07-27,3154.0
4911,2026-08-03,3619.0
4911,2026-08-10,3557.0
4911,2026-08-17,3696.0
4911,2026-08-24,3699.0
4912,2025-09-01,1585.8
4912,2025-09-08,1580.9
4912,2025-09-15,1511.72
4912,2025-09-22,1548.51
4912,2025-09-29,1541.15
4912,2025-10-06,1505.83
4912,2025-10-13,1525.94
4912,2025-10-20,1527.91
4912,2025-10-27,1491.11
4912,2025-11-03,1517.6
4912,2025-11-10,1549.99
4912,2025-11-17,1639.78
4912,2025-11-24,1624.57
4912,2025-12-01,1574.03
4912,2025-12-08,1596.6
4912,2025-12-15,1668.23
4912,2025-12-22,1651.06
4912,2025-12-29,1632.74
4912,2026-01-05,1657.0
4912,2026-01-12,1656.01
4912,2026-01-19,1687.7
4912,2026-01-26,1640.67
4912,2026-02-02,1706.01
4912,2026-02-09,1814.44
4912,2026-02-16,1726.81
4912,2026-02-23,1820.38
4912,2026-03-02,1732.75
4912,2026-03-09,1688.19
4912,2026-03-16,1614.92
4912,2026-03-23,1635.71
4912,2026-03-30,1640.17
4912,2026-04-06,1614.43
4912,2026-04-13,1608.98
4912,2026-04-20,1590.66
4912,2026-04-27,1505.51
4912,2026-05-04,1526.3
4912,2026-05-11,1529.77
4912,2026-05-18,1585.22
4912,2026-05-25,1603.54
4912,2026-06-01,1572.84
4912,2026-06-08,1655.02
4912,2026-06-15,1625.81
4912,2026-06-22,1707.5
4912,2026-06-29,1722.5
4912,2026-07-06,1671.5
4912,2026-07-13,1711.0
4912,2026-07-20,1659.5
4912,2026-07-27,1708.0
4912,2026-08-03,1797.5
4912,2026-08-10,1905.5
4912,2026-08-17,1894.0
4912,2026-08-24,1889.5
5027,2025-09-01,761.58
5027,2025-09-08,744.63
5027,2025-09-15,748.62
5027,2025-09-22,731.67
5027,2025-09-29,726.69
5027,2025-10-06,695.79
5027,2025-10-13,672.86
5027,2025-10-20,690.8
5027,2025-10-27,690.8
5027,2025-11-03,657.91
5027,2025-11-10,729.68
5027,2025-11-17,601.09
5027,2025-11-24,613.05
5027,2025-12-01,540.28
5027,2025-12-08,518.35
5027,2025-12-15,623.02
5027,2025-12-22,629.0
5027,2025-12-29,607.0
5027,2026-01-05,609.0
5027,2026-01-12,651.0
5027,2026-01-19,630.0
5027,2026-01-26,671.0
5027,2026-02-02,677.0
5027,2026-02-09,642.0
5027,2026-02-16,473.0
5027,2026-02-23,518.0
5027,2026-03-02,505.0
5027,2026-03-09,499.0
5027,2026-03-16,434.0
5027,2026-03-23,420.0
5027,2026-03-30,399.0
5027,2026-04-06,398.0
5027,2026-04-13,409.0
5027,2026-04-20,391.0
5027,2026-04-27,386.0
5027,2026-05-04,421.0
5027,2026-05-11,482.0
5027,2026-05-18,504.0
5027,2026-05-25,498.0
5027,2026-06-01,483.0
5027,2026-06-08,430.0
5027,2026-06-15,443.0
5027,2026-06-22,414.0
5027,2026-06-29,526.0
5027,2026-07-06,545.0
5027,2026-07-13,535.0
5027,2026-07-20,523.0
5027,2026-07-27,557.0
5027,2026-08-03,568.0
5027,2026-08-10,623.0
5027,2026-08-17,803.0
5027,2026-08-24,829.0
5589,2025-09-01,2391.32
5589,2025-09-08,2458.5
5589,2025-09-15,2436.11
5589,2025-09-22,2470.18
5589,2025-09-29,2434.16
5589,2025-10-06,2479.92
5589,2025-10-13,2487.71
5589,2025-10-20,2468.24
5589,2025-10-27,2492.58
5589,2025-11-03,2466.29
5589,2025-11-10,2473.1
5589,2025-11-17,2448.76
5589,2025-11-24,2463.37
5589,2025-12-01,2466.29
5589,2025-12-08,2455.58
5589,2025-12-15,2434.16
5589,2025-12-22,2440.0
5589,2025-12-29,2500.0
5589,2026-01-05,2540.0
5589,2026-01-12,2560.0
5589,2026-01-19,2587.0
5589,2026-01-26,2645.0
5589,2026-02-02,2625.0
5589,2026-02-09,2580.0
5589,2026-02-16,2561.0
5589,2026-02-23,2528.0
5589,2026-03-02,2568.0
5589,2026-03-09,2519.0
5589,2026-03-16,2571.0
5589,2026-03-23,2530.0
5589,2026-03-30,2636.0
5589,2026-04-06,2663.0
5589,2026-04-13,2667.0
5589,2026-04-20,2670.0
5589,2026-04-27,2675.0
5589,2026-05-04,2670.0
5589,2026-05-11,2708.0
5589,2026-05-18,2859.0
5589,2026-05-25,2813.0
5589,2026-06-01,2770.0
5589,2026-06-08,2768.0
5589,2026-06-15,2767.0
5589,2026-06-22,2704.0
5589,2026-06-29,2729.0
5589,2026-07-06,2728.0
5589,2026-07-13,2665.0
5589,2026-07-20,2683.0
5589,2026-07-27,2691.0
5589,2026-08-03,2750.0
5589,2026-08-10,2849.0
5589,2026-08-17,2836.0
5589,2026-08-24,2929.0
581A,2026-06-15,2298.0
581A,2026-06-22,2185.0
581A,2026-06-29,2376.0
581A,2026-07-06,2408.0
581A,2026-07-13,2794.0
581A,2026-07-20,2998.0
581A,2026-07-27,2815.0
581A,2026-08-03,3290.0
581A,2026-08-10,3600.0
581A,2026-08-17,3640.0
581A,2026-08-24,4150.0
5831,2025-09-01,1876.55
5831,2025-09-08,1930.69
5831,2025-09-15,1909.42
5831,2025-09-22,1988.7
5831,2025-09-29,2000.03
5831,2025-10-06,1944.36
5831,2025-10-13,1934.01
5831,2025-10-20,1991.17
5831,2025-10-27,2044.87
5831,2025-11-03,2070.5
5831,2025-11-10,2104.5
5831,2025-11-17,2187.28
5831,2025-11-24,2229.65
5831,2025-12-01,2328.2
5831,2025-12-08,2394.72
5831,2025-12-15,2408.02
5831,2025-12-22,2381.91
5831,2025-12-29,2396.69
5831,2026-01-05,2532.69
5831,2026-01-12,2602.66
5831,2026-01-19,2512.98
5831,2026-01-26,2481.44
5831,2026-02-02,2734.22
5831,2026-02-09,3001.78
5831,2026-02-16,3073.72
5831,2026-02-23,3098.35
5831,2026-03-02,2737.18
5831,2026-03-09,2572.11
5831,2026-03-16,2521.85
5831,2026-03-23,2783.0
5831,2026-03-30,2755.0
5831,2026-04-06,2864.0
5831,2026-04-13,2803.0
5831,2026-04-20,2674.5
5831,2026-04-27,2762.0
5831,2026-05-04,2762.0
5831,2026-05-11,2915.5
5831,2026-05-18,2997.0
5831,2026-05-25,2871.0
5831,2026-06-01,2896.5
5831,2026-06-08,3052.0
5831,2026-06-15,3026.0
5831,2026-06-22,3032.0
5831,2026-06-29,3232.0
5831,2026-07-06,3279.0
5831,2026-07-13,3148.0
5831,2026-07-20,3380.0
5831,2026-07-27,3180.0
5831,2026-08-03,3413.0
5831,2026-08-10,3513.0
5831,2026-08-17,3450.0
5831,2026-08-24,3618.0
5900,2025-09-01,839.0
5900,2025-09-08,830.21
5900,2025-09-15,810.68
5900,2025-09-22,820.44
5900,2025-09-29,812.63
5900,2025-10-06,812.63
5900,2025-10-13,791.14
5900,2025-10-20,804.81
5900,2025-10-27,795.05
5900,2025-11-03,796.02
5900,2025-11-10,829.23
5900,2025-11-17,808.72
5900,2025-11-24,819.47
5900,2025-12-01,813.61
5900,2025-12-08,826.3
5900,2025-12-15,817.51
5900,2025-12-22,835.09
5900,2025-12-29,849.74
5900,2026-01-05,830.21
5900,2026-01-12,839.98
5900,2026-01-19,830.21
5900,2026-01-26,825.33
5900,2026-02-02,833.14
5900,2026-02-09,857.56
5900,2026-02-16,856.58
5900,2026-02-23,829.0
5900,2026-03-02,818.0
5900,2026-03-09,814.0
5900,2026-03-16,818.0
5900,2026-03-23,813.0
5900,2026-03-30,801.0
5900,2026-04-06,809.0
5900,2026-04-13,815.0
5900,2026-04-20,811.0
5900,2026-04-27,781.0
5900,2026-05-04,791.0
5900,2026-05-11,792.0
5900,2026-05-18,791.0
5900,2026-05-25,814.0
5900,2026-06-01,816.0
5900,2026-06-08,843.0
5900,2026-06-15,841.0
5900,2026-06-22,844.0
5900,2026-06-29,858.0
5900,2026-07-06,839.0
5900,2026-07-13,830.0
5900,2026-07-20,853.0
5900,2026-07-27,855.0
5900,2026-08-03,847.0
5900,2026-08-10,870.0
5900,2026-08-17,877.0
5900,2026-08-24,899.0
5901,2025-09-01,3457.91
5901,2025-09-08,3476.21
5901,2025-09-15,3324.95
5901,2025-09-22,3342.29
5901,2025-09-29,3217.89
5901,2025-10-06,3212.01
5901,2025-10-13,3288.42
5901,2025-10-20,3383.43
5901,2025-10-27,3390.29
5901,2025-11-03,3321.72
5901,2025-11-10,3541.14
5901,2025-11-17,3427.51
5901,2025-11-24,3648.9
5901,2025-12-01,3718.45
5901,2025-12-08,3788.98
5901,2025-12-15,3784.08
5901,2025-12-22,3711.59
5901,2025-12-29,3747.83
5901,2026-01-05,3763.51
5901,2026-01-12,3889.87
5901,2026-01-19,3887.91
5901,2026-01-26,3795.83
5901,2026-02-02,3959.42
5901,2026-02-09,3832.08
5901,2026-02-16,3835.02
5901,2026-02-23,3996.64
5901,2026-03-02,3755.67
5901,2026-03-09,3722.36
5901,2026-03-16,3613.63
5901,2026-03-23,3596.0
5901,2026-03-30,3468.0
5901,2026-04-06,3474.0
5901,2026-04-13,3353.0
5901,2026-04-20,3220.0
5901,2026-04-27,3438.0
5901,2026-05-04,3531.0
5901,2026-05-11,3706.0
5901,2026-05-18,3996.0
5901,2026-05-25,3890.0
5901,2026-06-01,3772.0
5901,2026-06-08,3933.0
5901,2026-06-15,4127.0
5901,2026-06-22,4167.0
5901,2026-06-29,4111.0
5901,2026-07-06,4027.0
5901,2026-07-13,4053.0
5901,2026-07-20,4097.0
5901,2026-07-27,4072.0
5901,2026-08-03,4325.0
5901,2026-08-10,4419.0
5901,2026-08-17,4448.0
5901,2026-08-24,4506.0
5902,2025-09-01,2100.38
5902,2025-09-08,2219.41
5902,2025-09-15,2201.17
5902,2025-09-22,2196.37
5902,2025-09-29,2141.9
5902,2025-10-06,2115.64
5902,2025-10-13,2144.82
5902,2025-10-20,2173.03
5902,2025-10-27,2094.24
5902,2025-11-03,2101.05
5902,2025-11-10,2201.24
5902,2025-11-17,2182.76
5902,2025-11-24,2254.74
5902,2025-12-01,2209.02
5902,2025-12-08,2205.13
5902,2025-12-15,2215.83
5902,2025-12-22,2274.19
5902,2025-12-29,2311.15
5902,2026-01-05,2349.09
5902,2026-01-12,2355.9
5902,2026-01-19,2335.47
5902,2026-01-26,2272.25
5902,2026-02-02,2350.06
5902,2026-02-09,2273.22
5902,2026-02-16,2298.51
5902,2026-02-23,2451.22
5902,2026-03-02,2388.0
5902,2026-03-09,2319.91
5902,2026-03-16,2286.84
5902,2026-03-23,2281.0
5902,2026-03-30,2285.0
5902,2026-04-06,2273.0
5902,2026-04-13,2260.0
5902,2026-04-20,2190.0
5902,2026-04-27,2150.0
5902,2026-05-04,2160.0
5902,2026-05-11,2234.0
5902,2026-05-18,2235.0
5902,2026-05-25,2240.0
5902,2026-06-01,2289.0
5902,2026-06-08,2356.0
5902,2026-06-15,2360.0
5902,2026-06-22,2343.0
5902,2026-06-29,2374.0
5902,2026-07-06,2335.0
5902,2026-07-13,2353.0
5902,2026-07-20,2372.0
5902,2026-07-27,2386.0
5902,2026-08-03,2385.0
5902,2026-08-10,2585.0
5902,2026-08-17,2744.0
5902,2026-08-24,2856.0
593A,2026-07-20,1102.0
593A,2026-07-27,1011.0
593A,2026-08-03,911.0
593A,2026-08-10,998.0
593A,2026-08-17,1057.0
593A,2026-08-24,1599.0
5971,2025-09-01,5948.6
5971,2025-09-08,6354.41
5971,2025-09-15,6176.25
5971,2025-09-22,6483.08
5971,2025-09-29,7027.46
5971,2025-10-06,6582.06
5971,2025-10-13,6898.79
5971,2025-10-20,6839.4
5971,2025-10-27,7037.36
5971,2025-11-03,6671.14
5971,2025-11-10,6908.68
5971,2025-11-17,6908.68
5971,2025-11-24,6878.99
5971,2025-12-01,6878.99
5971,2025-12-08,6908.68
5971,2025-12-15,7324.39
5971,2025-12-22,7433.27
5971,2025-12-29,7522.35
5971,2026-01-05,7344.19
5971,2026-01-12,7076.95
5971,2026-01-19,7076.95
5971,2026-01-26,7096.74
5971,2026-02-02,7146.23
5971,2026-02-09,7265.01
5971,2026-02-16,7373.88
5971,2026-02-23,7581.74
5971,2026-03-02,7324.39
5971,2026-03-09,7393.68
5971,2026-03-16,7641.12
5971,2026-03-23,7601.53
5971,2026-03-30,7789.59
5971,2026-04-06,7680.71
5971,2026-04-13,7730.2
5971,2026-04-20,7730.2
5971,2026-04-27,7270.0
5971,2026-05-04,7350.0
5971,2026-05-11,7100.0
5971,2026-05-18,7010.0
5971,2026-05-25,6950.0
5971,2026-06-01,6950.0
5971,2026-06-08,7010.0
5971,2026-06-15,7550.0
5971,2026-06-22,8080.0
5971,2026-06-29,8190.0
5971,2026-07-06,8060.0
5971,2026-07-13,8120.0
5971,2026-07-20,8120.0
5971,2026-07-27,8290.0
5971,2026-08-03,8040.0
5971,2026-08-10,8160.0
5971,2026-08-17,7820.0
5971,2026-08-24,8370.0
5982,2025-09-01,3496.24
5982,2025-09-08,3584.75
5982,2025-09-15,3633.93
5982,2025-09-22,3633.93
5982,2025-09-29,3496.24
5982,2025-10-06,3560.17
5982,2025-10-13,3447.07
5982,2025-10-20,3510.99
5982,2025-10-27,3417.56
5982,2025-11-03,3447.07
5982,2025-11-10,3451.98
5982,2025-11-17,3540.5
5982,2025-11-24,3540.5
5982,2025-12-01,3535.58
5982,2025-12-08,3540.5
5982,2025-12-15,3648.68
5982,2025-12-22,3643.76
5982,2025-12-29,3638.84
5982,2026-01-05,3688.02
5982,2026-01-12,3683.1
5982,2026-01-19,3688.02
5982,2026-01-26,3638.84
5982,2026-02-02,3815.87
5982,2026-02-09,3997.81
5982,2026-02-16,3992.89
5982,2026-02-23,4105.0
5982,2026-03-02,3970.0
5982,2026-03-09,3925.0
5982,2026-03-16,3940.0
5982,2026-03-23,4115.0
5982,2026-03-30,3935.0
5982,2026-04-06,4005.0
5982,2026-04-13,3980.0
5982,2026-04-20,3810.0
5982,2026-04-27,3670.0
5982,2026-05-04,3650.0
5982,2026-05-11,3605.0
5982,2026-05-18,3640.0
5982,2026-05-25,3625.0
5982,2026-06-01,3410.0
5982,2026-06-08,3800.0
5982,2026-06-15,3770.0
5982,2026-06-22,3800.0
5982,2026-06-29,3925.0
5982,2026-07-06,4050.0
5982,2026-07-13,3920.0
5982,2026-07-20,3935.0
5982,2026-07-27,4060.0
5982,2026-08-03,4090.0
5982,2026-08-10,4085.0
5982,2026-08-17,4150.0
5982,2026-08-24,4225.0
6027,2025-09-01,3725.0
6027,2025-09-08,3610.0
6027,2025-09-15,3370.0
6027,2025-09-22,3310.0
6027,2025-09-29,3045.0
6027,2025-10-06,3020.0
6027,2025-10-13,3035.0
6027,2025-10-20,3105.0
6027,2025-10-27,3050.0
6027,2025-11-03,2891.0
6027,2025-11-10,2891.0
6027,2025-11-17,2880.0
6027,2025-11-24,2943.0
6027,2025-12-01,3135.0
6027,2025-12-08,3010.0
6027,2025-12-15,2994.0
6027,2025-12-22,3185.0
6027,2025-12-29,3150.0
6027,2026-01-05,3270.0
6027,2026-01-12,3380.0
6027,2026-01-19,3040.0
6027,2026-01-26,2902.0
6027,2026-02-02,2500.0
6027,2026-02-09,2435.0
6027,2026-02-16,2307.0
6027,2026-02-23,2439.0
6027,2026-03-02,2801.0
6027,2026-03-09,2765.0
6027,2026-03-16,2850.0
6027,2026-03-23,2894.0
6027,2026-03-30,2835.0
6027,2026-04-06,2565.0
6027,2026-04-13,2583.0
6027,2026-04-20,2525.0
6027,2026-04-27,2520.0
6027,2026-05-04,2720.0
6027,2026-05-11,2710.0
6027,2026-05-18,2548.0
6027,2026-05-25,2406.0
6027,2026-06-01,2289.0
6027,2026-06-08,2106.0
6027,2026-06-15,2236.0
6027,2026-06-22,2050.0
6027,2026-06-29,2390.0
6027,2026-07-06,2374.0
6027,2026-07-13,2390.0
6027,2026-07-20,2199.0
6027,2026-07-27,2312.0
6027,2026-08-03,2388.0
6027,2026-08-10,3750.0
6027,2026-08-17,4475.0
6027,2026-08-24,5140.0
6058,2025-09-01,1126.2
6058,2025-09-08,1120.35
6058,2025-09-15,1118.4
6058,2025-09-22,1110.59
6058,2025-09-29,1064.72
6058,2025-10-06,1069.6
6058,2025-10-13,1147.67
6058,2025-10-20,1167.19
6058,2025-10-27,1133.03
6058,2025-11-03,1088.14
6058,2025-11-10,1123.28
6058,2025-11-17,1136.94
6058,2025-11-24,1122.3
6058,2025-12-01,1093.02
6058,2025-12-08,1089.12
6058,2025-12-15,1131.08
6058,2025-12-22,1156.46
6058,2025-12-29,1173.05
6058,2026-01-05,1233.55
6058,2026-01-12,1440.45
6058,2026-01-19,1492.17
6058,2026-01-26,1422.88
6058,2026-02-02,1452.16
6058,2026-02-09,1374.08
6058,2026-02-16,1321.39
6058,2026-02-23,1437.0
6058,2026-03-02,1384.0
6058,2026-03-09,1333.0
6058,2026-03-16,1289.0
6058,2026-03-23,1274.0
6058,2026-03-30,1288.0
6058,2026-04-06,1282.0
6058,2026-04-13,1190.0
6058,2026-04-20,1155.0
6058,2026-04-27,1267.0
6058,2026-05-04,1284.0
6058,2026-05-11,1259.0
6058,2026-05-18,1292.0
6058,2026-05-25,1408.0
6058,2026-06-01,1407.0
6058,2026-06-08,1472.0
6058,2026-06-15,1626.0
6058,2026-06-22,1685.0
6058,2026-06-29,1893.0
6058,2026-07-06,1982.0
6058,2026-07-13,1669.0
6058,2026-07-20,1750.0
6058,2026-07-27,1776.0
6058,2026-08-03,1848.0
6058,2026-08-10,1849.0
6058,2026-08-17,1900.0
6058,2026-08-24,2056.0
6080,2025-09-01,3177.08
6080,2025-09-08,3142.65
6080,2025-09-15,3132.82
6080,2025-09-22,3127.9
6080,2025-09-29,3155.0
6080,2025-10-06,3120.0
6080,2025-10-13,3210.0
6080,2025-10-20,3270.0
6080,2025-10-27,2955.0
6080,2025-11-03,3090.0
6080,2025-11-10,3170.0
6080,2025-11-17,3300.0
6080,2025-11-24,3360.0
6080,2025-12-01,3260.0
6080,2025-12-08,3290.0
6080,2025-12-15,3400.0
6080,2025-12-22,3405.0
6080,2025-12-29,3370.0
6080,2026-01-05,3490.0
6080,2026-01-12,3500.0
6080,2026-01-19,3425.0
6080,2026-01-26,3145.0
6080,2026-02-02,3415.0
6080,2026-02-09,3380.0
6080,2026-02-16,3495.0
6080,2026-02-23,3740.0
6080,2026-03-02,3495.0
6080,2026-03-09,3400.0
6080,2026-03-16,3155.0
6080,2026-03-23,3100.0
6080,2026-03-30,3080.0
6080,2026-04-06,3235.0
6080,2026-04-13,3350.0
6080,2026-04-20,3170.0
6080,2026-04-27,3275.0
6080,2026-05-04,3400.0
6080,2026-05-11,3370.0
6080,2026-05-18,3600.0
6080,2026-05-25,3440.0
6080,2026-06-01,3480.0
6080,2026-06-08,3465.0
6080,2026-06-15,3580.0
6080,2026-06-22,3390.0
6080,2026-06-29,3575.0
6080,2026-07-06,3610.0
6080,2026-07-13,3660.0
6080,2026-07-20,3735.0
6080,2026-07-27,3885.0
6080,2026-08-03,4020.0
6080,2026-08-10,4085.0
6080,2026-08-17,4130.0
6080,2026-08-24,4255.0
6098,2025-09-01,8431.97
6098,2025-09-08,8451.9
6098,2025-09-15,7902.79
6098,2025-09-22,8214.72
6098,2025-09-29,7866.89
6098,2025-10-06,8106.43
6098,2025-10-13,7401.78
6098,2025-10-20,7914.79
6098,2025-10-27,7693.22
6098,2025-11-03,8470.73
6098,2025-11-10,8087.46
6098,2025-11-17,7693.22
6098,2025-11-24,7990.65
6098,2025-12-01,8233.18
6098,2025-12-08,8296.06
6098,2025-12-15,8832.03
6098,2025-12-22,9082.55
6098,2025-12-29,8830.04
6098,2026-01-05,9314.11
6098,2026-01-12,9173.38
6098,2026-01-19,8571.53
6098,2026-01-26,8084.47
6098,2026-02-02,7048.46
6098,2026-02-09,6144.2
6098,2026-02-16,6271.95
6098,2026-02-23,6852.83
6098,2026-03-02,6988.57
6098,2026-03-09,6501.51
6098,2026-03-16,6319.86
6098,2026-03-23,6506.5
6098,2026-03-30,6942.0
6098,2026-04-06,7117.0
6098,2026-04-13,7524.0
6098,2026-04-20,7308.0
6098,2026-04-27,7361.0
6098,2026-05-04,7822.0
6098,2026-05-11,7825.0
6098,2026-05-18,9789.0
6098,2026-05-25,10570.0
6098,2026-06-01,10595.0
6098,2026-06-08,10790.0
6098,2026-06-15,10865.0
6098,2026-06-22,11040.0
6098,2026-06-29,11920.0
6098,2026-07-06,12240.0
6098,2026-07-13,12820.0
6098,2026-07-20,12055.0
6098,2026-07-27,12550.0
6098,2026-08-03,13165.0
6098,2026-08-10,16455.0
6098,2026-08-17,15900.0
6098,2026-08-24,16970.0
6291,2025-09-01,1183.5
6291,2025-09-08,1183.5
6291,2025-09-15,1187.31
6291,2025-09-22,1197.81
6291,2025-09-29,1195.9
6291,2025-10-06,1195.9
6291,2025-10-13,1185.41
6291,2025-10-20,1208.31
6291,2025-10-27,1210.22
6291,2025-11-03,1210.22
6291,2025-11-10,1251.26
6291,2025-11-17,1200.68
6291,2025-11-24,1235.04
6291,2025-12-01,1175.86
6291,2025-12-08,1158.68
6291,2025-12-15,1152.95
6291,2025-12-22,1152.0
6291,2025-12-29,1159.0
6291,2026-01-05,1219.0
6291,2026-01-12,1232.0
6291,2026-01-19,1231.0
6291,2026-01-26,1232.0
6291,2026-02-02,1321.0
6291,2026-02-09,1330.0
6291,2026-02-16,1266.0
6291,2026-02-23,1337.0
6291,2026-03-02,1246.0
6291,2026-03-09,1260.0
6291,2026-03-16,1266.0
6291,2026-03-23,1258.0
6291,2026-03-30,1225.0
6291,2026-04-06,1277.0
6291,2026-04-13,1257.0
6291,2026-04-20,1227.0
6291,2026-04-27,1224.0
6291,2026-05-04,1320.0
6291,2026-05-11,1308.0
6291,2026-05-18,1217.0
6291,2026-05-25,1251.0
6291,2026-06-01,1258.0
6291,2026-06-08,1268.0
6291,2026-06-15,1300.0
6291,2026-06-22,1304.0
6291,2026-06-29,1300.0
6291,2026-07-06,1350.0
6291,2026-07-13,1255.0
6291,2026-07-20,1326.0
6291,2026-07-27,1339.0
6291,2026-08-03,1343.0
6291,2026-08-10,1365.0
6291,2026-08-17,1352.0
6291,2026-08-24,1403.0
6349,2025-09-01,1484.85
6349,2025-09-08,1459.99
6349,2025-09-15,1453.3
6349,2025-09-22,1481.98
6349,2025-09-29,1457.53
6349,2025-10-06,1449.7
6349,2025-10-13,1455.57
6349,2025-10-20,1492.74
6349,2025-10-27,1419.38
6349,2025-11-03,1414.49
6349,2025-11-10,1449.7
6349,2025-11-17,1449.7
6349,2025-11-24,1555.35
6349,2025-12-01,1494.7
6349,2025-12-08,1526.0
6349,2025-12-15,1502.53
6349,2025-12-22,1553.39
6349,2025-12-29,1551.44
6349,2026-01-05,1564.15
6349,2026-01-12,1609.15
6349,2026-01-19,1597.41
6349,2026-01-26,1636.54
6349,2026-02-02,1701.1
6349,2026-02-09,1689.36
6349,2026-02-16,1697.19
6349,2026-02-23,1778.38
6349,2026-03-02,1657.08
6349,2026-03-09,1591.54
6349,2026-03-16,1571.98
6349,2026-03-23,1571.0
6349,2026-03-30,1615.0
6349,2026-04-06,1636.0
6349,2026-04-13,1619.0
6349,2026-04-20,1551.0
6349,2026-04-27,1506.0
6349,2026-05-04,1565.0
6349,2026-05-11,1502.0
6349,2026-05-18,1454.0
6349,2026-05-25,1480.0
6349,2026-06-01,1477.0
6349,2026-06-08,1454.0
6349,2026-06-15,1492.0
6349,2026-06-22,1509.0
6349,2026-06-29,1519.0
6349,2026-07-06,1603.0
6349,2026-07-13,1606.0
6349,2026-07-20,1651.0
6349,2026-07-27,1865.0
6349,2026-08-03,1902.0
6349,2026-08-10,1916.0
6349,2026-08-17,2024.0
6349,2026-08-24,2030.0
6463,2025-09-01,1166.75
6463,2025-09-08,1161.97
6463,2025-09-15,1170.57
6463,2025-09-22,1176.31
6463,2025-09-29,1172.4
6463,2025-10-06,1159.72
6463,2025-10-13,1156.8
6463,2025-10-20,1218.25
6463,2025-10-27,1184.11
6463,2025-11-03,1178.26
6463,2025-11-10,1209.47
6463,2025-11-17,1201.66
6463,2025-11-24,1254.34
6463,2025-12-01,1251.41
6463,2025-12-08,1262.14
6463,2025-12-15,1268.97
6463,2025-12-22,1261.16
6463,2025-12-29,1259.21
6463,2026-01-05,1314.81
6463,2026-01-12,1367.48
6463,2026-01-19,1351.87
6463,2026-01-26,1307.98
6463,2026-02-02,1355.77
6463,2026-02-09,1346.02
6463,2026-02-16,1340.17
6463,2026-02-23,1375.28
6463,2026-03-02,1253.36
6463,2026-03-09,1181.18
6463,2026-03-16,1171.43
6463,2026-03-23,1228.0
6463,2026-03-30,1281.0
6463,2026-04-06,1296.0
6463,2026-04-13,1273.0
6463,2026-04-20,1232.0
6463,2026-04-27,1226.0
6463,2026-05-04,1248.0
6463,2026-05-11,1319.0
6463,2026-05-18,1295.0
6463,2026-05-25,1399.0
6463,2026-06-01,1444.0
6463,2026-06-08,1412.0
6463,2026-06-15,1424.0
6463,2026-06-22,1402.0
6463,2026-06-29,1417.0
6463,2026-07-06,1405.0
6463,2026-07-13,1400.0
6463,2026-07-20,1413.0
6463,2026-07-27,1496.0
6463,2026-08-03,1480.0
6463,2026-08-10,1553.0
6463,2026-08-17,1560.0
6463,2026-08-24,1589.0
6737,2025-09-01,2173.2
6737,2025-09-08,2167.5
6737,2025-09-15,2130.4
6737,2025-09-22,2177.96
6737,2025-09-29,2070.77
6737,2025-10-06,2078.56
6737,2025-10-13,2124.36
6737,2025-10-20,2144.83
6737,2025-10-27,2134.11
6737,2025-11-03,2132.16
6737,2025-11-10,2106.82
6737,2025-11-17,2148.72
6737,2025-11-24,2192.58
6737,2025-12-01,2100.97
6737,2025-12-08,2143.85
6737,2025-12-15,2171.14
6737,2025-12-22,2181.86
6737,2025-12-29,2179.91
6737,2026-01-05,2214.99
6737,2026-01-12,2285.15
6737,2026-01-19,2308.54
6737,2026-01-26,2105.85
6737,2026-02-02,2131.18
6737,2026-02-09,2130.21
6737,2026-02-16,2205.24
6737,2026-02-23,2244.22
6737,2026-03-02,2162.37
6737,2026-03-09,2086.36
6737,2026-03-16,2090.26
6737,2026-03-23,2100.0
6737,2026-03-30,2126.0
6737,2026-04-06,2125.0
6737,2026-04-13,2154.0
6737,2026-04-20,2068.0
6737,2026-04-27,2056.0
6737,2026-05-04,2203.0
6737,2026-05-11,2378.0
6737,2026-05-18,2557.0
6737,2026-05-25,2636.0
6737,2026-06-01,2635.0
6737,2026-06-08,2496.0
6737,2026-06-15,2489.0
6737,2026-06-22,2342.0
6737,2026-06-29,2520.0
6737,2026-07-06,2677.0
6737,2026-07-13,2610.0
6737,2026-07-20,2775.0
6737,2026-07-27,2896.0
6737,2026-08-03,2969.0
6737,2026-08-10,3000.0
6737,2026-08-17,3005.0
6737,2026-08-24,3075.0
6820,2025-09-01,2849.46
6820,2025-09-08,2963.52
6820,2025-09-15,2919.65
6820,2025-09-22,2968.39
6820,2025-09-29,3027.37
6820,2025-10-06,2992.97
6820,2025-10-13,2973.31
6820,2025-10-20,2963.48
6820,2025-10-27,3086.34
6820,2025-11-03,3169.89
6820,2025-11-10,2761.0
6820,2025-11-17,2709.89
6820,2025-11-24,2762.97
6820,2025-12-01,2730.53
6820,2025-12-08,2799.33
6820,2025-12-15,2786.55
6820,2025-12-22,2818.01
6820,2025-12-29,2862.24
6820,2026-01-05,2932.03
6820,2026-01-12,3056.86
6820,2026-01-19,3007.71
6820,2026-01-26,2935.96
6820,2026-02-02,2928.09
6820,2026-02-09,3007.71
6820,2026-02-16,3091.26
6820,2026-02-23,3135.49
6820,2026-03-02,3042.11
6820,2026-03-09,2978.22
6820,2026-03-16,2958.56
6820,2026-03-23,2876.0
6820,2026-03-30,3050.0
6820,2026-04-06,3040.0
6820,2026-04-13,3250.0
6820,2026-04-20,3145.0
6820,2026-04-27,3035.0
6820,2026-05-04,3050.0
6820,2026-05-11,2980.0
6820,2026-05-18,3020.0
6820,2026-05-25,3115.0
6820,2026-06-01,3010.0
6820,2026-06-08,2993.0
6820,2026-06-15,2945.0
6820,2026-06-22,3060.0
6820,2026-06-29,3240.0
6820,2026-07-06,3320.0
6820,2026-07-13,3260.0
6820,2026-07-20,3300.0
6820,2026-07-27,3285.0
6820,2026-08-03,3340.0
6820,2026-08-10,3500.0
6820,2026-08-17,3530.0
6820,2026-08-24,3745.0
6942,2025-09-01,1247.0
6942,2025-09-08,1256.0
6942,2025-09-15,1277.0
6942,2025-09-22,1290.0
6942,2025-09-29,1150.0
6942,2025-10-06,1193.0
6942,2025-10-13,1200.0
6942,2025-10-20,1200.0
6942,2025-10-27,1198.0
6942,2025-11-03,1204.0
6942,2025-11-10,1200.0
6942,2025-11-17,1199.0
6942,2025-11-24,1207.0
6942,2025-12-01,1200.0
6942,2025-12-08,1197.0
6942,2025-12-15,1200.0
6942,2025-12-22,1204.0
6942,2025-12-29,1206.0
6942,2026-01-05,1210.0
6942,2026-01-12,1210.0
6942,2026-01-19,1229.0
6942,2026-01-26,1255.0
6942,2026-02-02,1270.0
6942,2026-02-09,1283.0
6942,2026-02-16,1284.0
6942,2026-02-23,1316.0
6942,2026-03-02,1365.0
6942,2026-03-09,1356.0
6942,2026-03-16,1365.0
6942,2026-03-23,1371.0
6942,2026-03-30,1254.0
6942,2026-04-06,1289.0
6942,2026-04-13,1270.0
6942,2026-04-20,1280.0
6942,2026-04-27,1280.0
6942,2026-05-04,1290.0
6942,2026-05-11,1296.0
6942,2026-05-18,1316.0
6942,2026-05-25,1307.0
6942,2026-06-01,1304.0
6942,2026-06-08,1310.0
6942,2026-06-15,1310.0
6942,2026-06-22,1316.0
6942,2026-06-29,1348.0
6942,2026-07-06,1350.0
6942,2026-07-13,1352.0
6942,2026-07-20,1369.0
6942,2026-07-27,1375.0
6942,2026-08-03,1380.0
6942,2026-08-10,1370.0
6942,2026-08-17,1383.0
6942,2026-08-24,1406.0
7175,2025-09-01,1068.24
7175,2025-09-08,1081.47
7175,2025-09-15,1089.98
7175,2025-09-22,1100.38
7175,2025-09-29,1097.49
7175,2025-10-06,1088.84
7175,2025-10-13,1079.22
7175,2025-10-20,1106.15
7175,2025-10-27,1091.72
7175,2025-11-03,1078.26
7175,2025-11-10,1103.27
7175,2025-11-17,1085.95
7175,2025-11-24,1098.46
7175,2025-12-01,1097.49
7175,2025-12-08,1161.94
7175,2025-12-15,1154.24
7175,2025-12-22,1195.6
7175,2025-12-29,1180.22
7175,2026-01-05,1240.81
7175,2026-01-12,1256.2
7175,2026-01-19,1245.62
7175,2026-01-26,1250.43
7175,2026-02-02,1255.24
7175,2026-02-09,1322.57
7175,2026-02-16,1328.34
7175,2026-02-23,1348.54
7175,2026-03-02,1294.68
7175,2026-03-09,1280.25
7175,2026-03-16,1275.44
7175,2026-03-23,1337.0
7175,2026-03-30,1301.0
7175,2026-04-06,1315.0
7175,2026-04-13,1349.0
7175,2026-04-20,1405.0
7175,2026-04-27,1350.0
7175,2026-05-04,1338.0
7175,2026-05-11,1344.0
7175,2026-05-18,1340.0
7175,2026-05-25,1362.0
7175,2026-06-01,1341.0
7175,2026-06-08,1320.0
7175,2026-06-15,1333.0
7175,2026-06-22,1365.0
7175,2026-06-29,1404.0
7175,2026-07-06,1430.0
7175,2026-07-13,1495.0
7175,2026-07-20,1720.0
7175,2026-07-27,1708.0
7175,2026-08-03,1700.0
7175,2026-08-10,1717.0
7175,2026-08-17,1859.0
7175,2026-08-24,1975.0
7177,2025-09-01,929.77
7177,2025-09-08,945.86
7177,2025-09-15,923.14
7177,2025-09-22,928.82
7177,2025-09-29,891.2
7177,2025-10-06,879.67
7177,2025-10-13,892.16
7177,2025-10-20,881.59
7177,2025-10-27,865.24
7177,2025-11-03,872.94
7177,2025-11-10,892.16
7177,2025-11-17,895.05
7177,2025-11-24,889.28
7177,2025-12-01,867.17
7177,2025-12-08,873.9
7177,2025-12-15,846.02
7177,2025-12-22,861.4
7177,2025-12-29,848.28
7177,2026-01-05,849.25
7177,2026-01-12,861.86
7177,2026-01-19,856.04
7177,2026-01-26,862.84
7177,2026-02-02,852.16
7177,2026-02-09,849.25
7177,2026-02-16,884.19
7177,2026-02-23,925.92
7177,2026-03-02,901.66
7177,2026-03-09,877.39
7177,2026-03-16,890.98
7177,2026-03-23,885.16
7177,2026-03-30,914.41
7177,2026-04-06,915.4
7177,2026-04-13,993.24
7177,2026-04-20,1036.6
7177,2026-04-27,1030.69
7177,2026-05-04,1079.95
7177,2026-05-11,1011.96
7177,2026-05-18,1140.06
7177,2026-05-25,1134.15
7177,2026-06-01,1025.76
7177,2026-06-08,989.3
7177,2026-06-15,951.86
7177,2026-06-22,972.55
7177,2026-06-29,1029.0
7177,2026-07-06,1067.0
7177,2026-07-13,1042.0
7177,2026-07-20,1043.0
7177,2026-07-27,1088.0
7177,2026-08-03,1088.0
7177,2026-08-10,1102.0
7177,2026-08-17,1126.0
7177,2026-08-24,1183.0
7184,2025-09-01,1218.12
7184,2025-09-08,1266.96
7184,2025-09-15,1216.2
7184,2025-09-22,1287.07
7184,2025-09-29,1477.78
7184,2025-10-06,1437.68
7184,2025-10-13,1389.76
7184,2025-10-20,1446.48
7184,2025-10-27,1424.97
7184,2025-11-03,1386.82
7184,2025-11-10,1537.44
7184,2025-11-17,1560.91
7184,2025-11-24,1670.45
7184,2025-12-01,1686.09
7184,2025-12-08,1737.93
7184,2025-12-15,1742.82
7184,2025-12-22,1748.69
7184,2025-12-29,1775.09
7184,2026-01-05,1898.32
7184,2026-01-12,2100.77
7184,2026-01-19,2369.73
7184,2026-01-26,2174.12
7184,2026-02-02,2679.76
7184,2026-02-09,2656.28
7184,2026-02-16,2534.03
7184,2026-02-23,2664.11
7184,2026-03-02,2349.19
7184,2026-03-09,2401.02
7184,2026-03-16,2452.86
7184,2026-03-23,2491.0
7184,2026-03-30,2447.0
7184,2026-04-06,2602.0
7184,2026-04-13,2755.0
7184,2026-04-20,2486.0
7184,2026-04-27,2566.0
7184,2026-05-04,2570.0
7184,2026-05-11,2695.0
7184,2026-05-18,2700.0
7184,2026-05-25,2498.0
7184,2026-06-01,2490.0
7184,2026-06-08,2497.0
7184,2026-06-15,2400.0
7184,2026-06-22,2436.0
7184,2026-06-29,2671.0
7184,2026-07-06,2677.0
7184,2026-07-13,2685.0
7184,2026-07-20,3065.0
7184,2026-07-27,2911.0
7184,2026-08-03,3055.0
7184,2026-08-10,3310.0
7184,2026-08-17,3175.0
7184,2026-08-24,3400.0
7482,2025-09-01,1245.57
7482,2025-09-08,1246.53
7482,2025-09-15,1244.61
7482,2025-09-22,1257.06
7482,2025-09-29,1245.33
7482,2025-10-06,1238.49
7482,2025-10-13,1269.77
7482,2025-10-20,1288.34
7482,2025-10-27,1260.97
7482,2025-11-03,1256.08
7482,2025-11-10,1280.52
7482,2025-11-17,1295.18
7482,2025-11-24,1295.18
7482,2025-12-01,1274.66
7482,2025-12-08,1314.73
7482,2025-12-15,1322.55
7482,2025-12-22,1333.31
7482,2025-12-29,1325.49
7482,2026-01-05,1362.63
7482,2026-01-12,1383.16
7482,2026-01-19,1372.41
7482,2026-01-26,1352.86
7482,2026-02-02,1383.16
7482,2026-02-09,1422.26
7482,2026-02-16,1414.44
7482,2026-02-23,1461.36
7482,2026-03-02,1382.18
7482,2026-03-09,1371.43
7482,2026-03-16,1368.5
7482,2026-03-23,1390.0
7482,2026-03-30,1394.0
7482,2026-04-06,1395.0
7482,2026-04-13,1354.0
7482,2026-04-20,1302.0
7482,2026-04-27,1296.0
7482,2026-05-04,1293.0
7482,2026-05-11,1335.0
7482,2026-05-18,1298.0
7482,2026-05-25,1292.0
7482,2026-06-01,1291.0
7482,2026-06-08,1303.0
7482,2026-06-15,1369.0
7482,2026-06-22,1336.0
7482,2026-06-29,1342.0
7482,2026-07-06,1376.0
7482,2026-07-13,1377.0
7482,2026-07-20,1379.0
7482,2026-07-27,1377.0
7482,2026-08-03,1392.0
7482,2026-08-10,1466.0
7482,2026-08-17,1498.0
7482,2026-08-24,1544.0
7504,2025-09-01,2833.3
7504,2025-09-08,2811.15
7504,2025-09-15,2868.93
7504,2025-09-22,2918.05
7504,2025-09-29,2768.81
7504,2025-10-06,2768.81
7504,2025-10-13,2826.74
7504,2025-10-20,2863.06
7504,2025-10-27,2804.15
7504,2025-11-03,2792.37
7504,2025-11-10,2896.45
7504,2025-11-17,2897.43
7504,2025-11-24,2920.01
7504,2025-12-01,2838.52
7504,2025-12-08,2828.7
7504,2025-12-15,2876.81
7504,2025-12-22,2960.27
7504,2025-12-29,2921.98
7504,2026-01-05,2979.9
7504,2026-01-12,3063.36
7504,2026-01-19,3097.73
7504,2026-01-26,2950.45
7504,2026-02-02,3004.45
7504,2026-02-09,3195.91
7504,2026-02-16,3220.46
7504,2026-02-23,3392.28
7504,2026-03-02,3205.73
7504,2026-03-09,3092.82
7504,2026-03-16,3068.27
7504,2026-03-23,3137.0
7504,2026-03-30,3095.0
7504,2026-04-06,3015.0
7504,2026-04-13,2977.0
7504,2026-04-20,2901.0
7504,2026-04-27,2974.0
7504,2026-05-04,3005.0
7504,2026-05-11,2872.0
7504,2026-05-18,2826.0
7504,2026-05-25,2848.0
7504,2026-06-01,2795.0
7504,2026-06-08,2984.0
7504,2026-06-15,3085.0
7504,2026-06-22,3315.0
7504,2026-06-29,3640.0
7504,2026-07-06,3845.0
7504,2026-07-13,3575.0
7504,2026-07-20,3830.0
7504,2026-07-27,4140.0
7504,2026-08-03,4640.0
7504,2026-08-10,4870.0
7504,2026-08-17,4950.0
7504,2026-08-24,4790.0
7550,2025-09-01,9251.02
7550,2025-09-08,9519.96
7550,2025-09-15,9780.96
7550,2025-09-22,10033.02
7550,2025-09-29,9932.44
7550,2025-10-06,10057.92
7550,2025-10-13,10102.73
7550,2025-10-20,9871.7
7550,2025-10-27,9564.98
7550,2025-11-03,9281.17
7550,2025-11-10,8932.62
7550,2025-11-17,8789.22
7550,2025-11-24,9366.81
7550,2025-12-01,9155.69
7550,2025-12-08,9298.1
7550,2025-12-15,9139.76
7550,2025-12-22,8970.47
7550,2025-12-29,8937.6
7550,2026-01-05,8711.55
7550,2026-01-12,8544.25
7550,2026-01-19,8509.4
7550,2026-01-26,8342.1
7550,2026-02-02,8973.45
7550,2026-02-09,9664.56
7550,2026-02-16,9820.91
7550,2026-02-23,9887.63
7550,2026-03-02,9790.04
7550,2026-03-09,9519.17
7550,2026-03-16,9225.4
7550,2026-03-23,9560.0
7550,2026-03-30,9537.0
7550,2026-04-06,8801.0
7550,2026-04-13,8509.0
7550,2026-04-20,8036.0
7550,2026-04-27,8680.0
7550,2026-05-04,8802.0
7550,2026-05-11,7750.0
7550,2026-05-18,7842.0
7550,2026-05-25,8052.0
7550,2026-06-01,7536.0
7550,2026-06-08,7927.0
7550,2026-06-15,7621.0
7550,2026-06-22,7931.0
7550,2026-06-29,8232.0
7550,2026-07-06,8793.0
7550,2026-07-13,9303.0
7550,2026-07-20,9127.0
7550,2026-07-27,9974.0
7550,2026-08-03,10475.0
7550,2026-08-10,11350.0
7550,2026-08-17,11480.0
7550,2026-08-24,11715.0
7752,2025-09-01,1322.26
7752,2025-09-08,1347.01
7752,2025-09-15,1290.22
7752,2025-09-22,1313.03
7752,2025-09-29,1281.99
7752,2025-10-06,1329.29
7752,2025-10-13,1308.6
7752,2025-10-20,1340.13
7752,2025-10-27,1304.66
7752,2025-11-03,1308.11
7752,2025-11-10,1359.84
7752,2025-11-17,1364.27
7752,2025-11-24,1380.53
7752,2025-12-01,1343.58
7752,2025-12-08,1363.78
7752,2025-12-15,1345.06
7752,2025-12-22,1346.54
7752,2025-12-29,1353.93
7752,2026-01-05,1397.78
7752,2026-01-12,1460.35
7752,2026-01-19,1381.52
7752,2026-01-26,1342.1
7752,2026-02-02,1480.55
7752,2026-02-09,1442.61
7752,2026-02-16,1427.83
7752,2026-02-23,1448.52
7752,2026-03-02,1353.43
7752,2026-03-09,1327.81
7752,2026-03-16,1338.65
7752,2026-03-23,1349.0
7752,2026-03-30,1355.0
7752,2026-04-06,1342.0
7752,2026-04-13,1406.0
7752,2026-04-20,1297.0
7752,2026-04-27,1300.5
7752,2026-05-04,1342.0
7752,2026-05-11,1421.5
7752,2026-05-18,1457.0
7752,2026-05-25,1458.5
7752,2026-06-01,1512.0
7752,2026-06-08,1438.0
7752,2026-06-15,1477.0
7752,2026-06-22,1414.0
7752,2026-06-29,1441.5
7752,2026-07-06,1497.0
7752,2026-07-13,1501.0
7752,2026-07-20,1556.5
7752,2026-07-27,1579.5
7752,2026-08-03,1616.0
7752,2026-08-10,1678.0
7752,2026-08-17,1642.0
7752,2026-08-24,1690.5
7846,2025-09-01,1481.44
7846,2025-09-08,1517.55
7846,2025-09-15,1593.34
7846,2025-09-22,1565.69
7846,2025-09-29,1522.1
7846,2025-10-06,1529.26
7846,2025-10-13,1524.7
7846,2025-10-20,1521.12
7846,2025-10-27,1515.92
7846,2025-11-03,1518.85
7846,2025-11-10,1550.73
7846,2025-11-17,1545.2
7846,2025-11-24,1594.97
7846,2025-12-01,1532.18
7846,2025-12-08,1558.21
7846,2025-12-15,1572.52
7846,2025-12-22,1626.52
7846,2025-12-29,1604.46
7846,2026-01-05,1586.68
7846,2026-01-12,1614.01
7846,2026-01-19,1631.46
7846,2026-01-26,1598.87
7846,2026-02-02,1643.31
7846,2026-02-09,1633.11
7846,2026-02-16,1595.24
7846,2026-02-23,1606.77
7846,2026-03-02,1504.7
7846,2026-03-09,1493.83
7846,2026-03-16,1520.17
7846,2026-03-23,1571.21
7846,2026-03-30,1602.49
7846,2026-04-06,1627.84
7846,2026-04-13,1586.35
7846,2026-04-20,1579.44
7846,2026-04-27,1580.43
7846,2026-05-04,1563.96
7846,2026-05-11,1535.65
7846,2026-05-18,1629.16
7846,2026-05-25,1638.38
7846,2026-06-01,1605.12
7846,2026-06-08,1626.85
7846,2026-06-15,1625.21
7846,2026-06-22,1695.67
7846,2026-06-29,1724.5
7846,2026-07-06,1768.0
7846,2026-07-13,1803.0
7846,2026-07-20,1778.0
7846,2026-07-27,1813.5
7846,2026-08-03,2004.5
7846,2026-08-10,1983.0
7846,2026-08-17,1991.5
7846,2026-08-24,2036.5
7919,2025-09-01,193.86
7919,2025-09-08,194.82
7919,2025-09-15,195.78
7919,2025-09-22,200.61
7919,2025-09-29,193.29
7919,2025-10-06,189.38
7919,2025-10-13,183.52
7919,2025-10-20,187.43
7919,2025-10-27,184.5
7919,2025-11-03,186.45
7919,2025-11-10,187.43
7919,2025-11-17,185.48
7919,2025-11-24,188.4
7919,2025-12-01,187.43
7919,2025-12-08,189.38
7919,2025-12-15,199.14
7919,2025-12-22,199.14
7919,2025-12-29,201.1
7919,2026-01-05,208.9
7919,2026-01-12,210.86
7919,2026-01-19,216.71
7919,2026-01-26,195.24
7919,2026-02-02,204.02
7919,2026-02-09,204.02
7919,2026-02-16,205.0
7919,2026-02-23,206.95
7919,2026-03-02,206.95
7919,2026-03-09,208.9
7919,2026-03-16,205.0
7919,2026-03-23,205.0
7919,2026-03-30,206.0
7919,2026-04-06,205.0
7919,2026-04-13,207.0
7919,2026-04-20,205.0
7919,2026-04-27,201.0
7919,2026-05-04,200.0
7919,2026-05-11,194.0
7919,2026-05-18,189.0
7919,2026-05-25,190.0
7919,2026-06-01,190.0
7919,2026-06-08,191.0
7919,2026-06-15,192.0
7919,2026-06-22,189.0
7919,2026-06-29,191.0
7919,2026-07-06,198.0
7919,2026-07-13,197.0
7919,2026-07-20,200.0
7919,2026-07-27,208.0
7919,2026-08-03,208.0
7919,2026-08-10,216.0
7919,2026-08-17,224.0
7919,2026-08-24,227.0
7928,2025-09-01,588.17
7928,2025-09-08,596.11
7928,2025-09-15,592.14
7928,2025-09-22,586.19
7928,2025-09-29,586.19
7928,2025-10-06,576.27
7928,2025-10-13,575.28
7928,2025-10-20,578.25
7928,2025-10-27,573.29
7928,2025-11-03,572.3
7928,2025-11-10,577.26
7928,2025-11-17,577.26
7928,2025-11-24,583.21
7928,2025-12-01,578.25
7928,2025-12-08,576.27
7928,2025-12-15,572.3
7928,2025-12-22,577.26
7928,2025-12-29,584.2
7928,2026-01-05,587.18
7928,2026-01-12,609.0
7928,2026-01-19,611.98
7928,2026-01-26,594.12
7928,2026-02-02,607.02
7928,2026-02-09,609.99
7928,2026-02-16,606.02
7928,2026-02-23,618.0
7928,2026-03-02,601.0
7928,2026-03-09,599.0
7928,2026-03-16,615.0
7928,2026-03-23,610.0
7928,2026-03-30,621.0
7928,2026-04-06,614.0
7928,2026-04-13,620.0
7928,2026-04-20,610.0
7928,2026-04-27,604.0
7928,2026-05-04,607.0
7928,2026-05-11,608.0
7928,2026-05-18,608.0
7928,2026-05-25,600.0
7928,2026-06-01,600.0
7928,2026-06-08,596.0
7928,2026-06-15,612.0
7928,2026-06-22,610.0
7928,2026-06-29,621.0
7928,2026-07-06,639.0
7928,2026-07-13,620.0
7928,2026-07-20,630.0
7928,2026-07-27,632.0
7928,2026-08-03,638.0
7928,2026-08-10,651.0
7928,2026-08-17,654.0
7928,2026-08-24,662.0
7976,2025-09-01,2081.81
7976,2025-09-08,2124.83
7976,2025-09-15,2160.04
7976,2025-09-22,2176.66
7976,2025-09-29,2122.88
7976,2025-10-06,2131.68
7976,2025-10-13,2125.81
7976,2025-10-20,2110.17
7976,2025-10-27,2002.61
7976,2025-11-03,2087.68
7976,2025-11-10,2090.61
7976,2025-11-17,2079.85
7976,2025-11-24,2102.34
7976,2025-12-01,2087.68
7976,2025-12-08,2169.81
7976,2025-12-15,2129.72
7976,2025-12-22,2174.7
7976,2025-12-29,2153.93
7976,2026-01-05,2204.39
7976,2026-01-12,2284.53
7976,2026-01-19,2325.09
7976,2026-01-26,2265.73
7976,2026-02-02,2307.28
7976,2026-02-09,2157.88
7976,2026-02-16,2252.87
7976,2026-02-23,2426.01
7976,2026-03-02,2283.54
7976,2026-03-09,2289.47
7976,2026-03-16,2319.16
7976,2026-03-23,2384.46
7976,2026-03-30,2412.16
7976,2026-04-06,2436.9
7976,2026-04-13,2462.62
7976,2026-04-20,2342.9
7976,2026-04-27,2520.01
7976,2026-05-04,2494.28
7976,2026-05-11,2531.88
7976,2026-05-18,2572.44
7976,2026-05-25,2595.2
7976,2026-06-01,2461.63
7976,2026-06-08,2581.35
7976,2026-06-15,2521.98
7976,2026-06-22,2660.5
7976,2026-06-29,2690.0
7976,2026-07-06,2696.0
7976,2026-07-13,2688.0
7976,2026-07-20,2610.0
7976,2026-07-27,2771.0
7976,2026-08-03,2934.0
7976,2026-08-10,2897.0
7976,2026-08-17,2971.0
7976,2026-08-24,3045.0
8037,2025-09-01,2809.26
8037,2025-09-08,2816.97
8037,2025-09-15,2851.69
8037,2025-09-22,2922.09
8037,2025-09-29,2823.06
8037,2025-10-06,2775.99
8037,2025-10-13,2805.41
8037,2025-10-20,2966.22
8037,2025-10-27,2861.3
8037,2025-11-03,2927.0
8037,2025-11-10,2786.77
8037,2025-11-17,2756.38
8037,2025-11-24,2851.49
8037,2025-12-01,2786.77
8037,2025-12-08,2836.78
8037,2025-12-15,2951.51
8037,2025-12-22,2934.84
8037,2025-12-29,2961.32
8037,2026-01-05,3128.01
8037,2026-01-12,3240.78
8037,2026-01-19,3186.85
8037,2026-01-26,3020.15
8037,2026-02-02,3162.33
8037,2026-02-09,3196.65
8037,2026-02-16,3211.36
8037,2026-02-23,3329.03
8037,2026-03-02,3103.5
8037,2026-03-09,3010.34
8037,2026-03-16,3083.89
8037,2026-03-23,3280.0
8037,2026-03-30,3450.0
8037,2026-04-06,3425.0
8037,2026-04-13,3295.0
8037,2026-04-20,3185.0
8037,2026-04-27,3220.0
8037,2026-05-04,3345.0
8037,2026-05-11,3335.0
8037,2026-05-18,3565.0
8037,2026-05-25,3605.0
8037,2026-06-01,3440.0
8037,2026-06-08,3430.0
8037,2026-06-15,3490.0
8037,2026-06-22,3455.0
8037,2026-06-29,3545.0
8037,2026-07-06,3640.0
8037,2026-07-13,3630.0
8037,2026-07-20,3720.0
8037,2026-07-27,3895.0
8037,2026-08-03,4150.0
8037,2026-08-10,4335.0
8037,2026-08-17,4355.0
8037,2026-08-24,4550.0
8043,2025-09-01,1170.37
8043,2025-09-08,1170.37
8043,2025-09-15,1180.05
8043,2025-09-22,1200.36
8043,2025-09-29,1126.85
8043,2025-10-06,1111.37
8043,2025-10-13,1121.04
8043,2025-10-20,1145.22
8043,2025-10-27,1122.98
8043,2025-11-03,1136.52
8043,2025-11-10,1150.06
8043,2025-11-17,1172.31
8043,2025-11-24,1211.0
8043,2025-12-01,1157.8
8043,2025-12-08,1186.82
8043,2025-12-15,1226.47
8043,2025-12-22,1209.06
8043,2025-12-29,1213.9
8043,2026-01-05,1234.21
8043,2026-01-12,1276.77
8043,2026-01-19,1275.8
8043,2026-01-26,1276.77
8043,2026-02-02,1305.79
8043,2026-02-09,1309.66
8043,2026-02-16,1299.02
8043,2026-02-23,1329.97
8043,2026-03-02,1265.16
8043,2026-03-09,1224.54
8043,2026-03-16,1222.6
8043,2026-03-23,1270.0
8043,2026-03-30,1278.0
8043,2026-04-06,1241.0
8043,2026-04-13,1205.0
8043,2026-04-20,1135.0
8043,2026-04-27,1138.0
8043,2026-05-04,1118.0
8043,2026-05-11,1148.0
8043,2026-05-18,1127.0
8043,2026-05-25,1175.0
8043,2026-06-01,1150.0
8043,2026-06-08,1171.0
8043,2026-06-15,1186.0
8043,2026-06-22,1191.0
8043,2026-06-29,1232.0
8043,2026-07-06,1287.0
8043,2026-07-13,1291.0
8043,2026-07-20,1299.0
8043,2026-07-27,1347.0
8043,2026-08-03,1365.0
8043,2026-08-10,1507.0
8043,2026-08-17,1521.0
8043,2026-08-24,1552.0
8051,2025-09-01,1349.16
8051,2025-09-08,1331.84
8051,2025-09-15,1332.8
8051,2025-09-22,1361.67
8051,2025-09-29,1336.29
8051,2025-10-06,1368.5
8051,2025-10-13,1394.86
8051,2025-10-20,1411.45
8051,2025-10-27,1394.86
8051,2025-11-03,1402.67
8051,2025-11-10,1421.21
8051,2025-11-17,1443.66
8051,2025-11-24,1476.85
8051,2025-12-01,1417.31
8051,2025-12-08,1443.66
8051,2025-12-15,1432.92
8051,2025-12-22,1446.59
8051,2025-12-29,1449.52
8051,2026-01-05,1460.26
8051,2026-01-12,1472.95
8051,2026-01-19,1444.64
8051,2026-01-26,1390.95
8051,2026-02-02,1420.24
8051,2026-02-09,1471.97
8051,2026-02-16,1471.97
8051,2026-02-23,1499.3
8051,2026-03-02,1432.92
8051,2026-03-09,1410.47
8051,2026-03-16,1383.14
8051,2026-03-23,1389.0
8051,2026-03-30,1557.0
8051,2026-04-06,1637.0
8051,2026-04-13,1545.0
8051,2026-04-20,1520.0
8051,2026-04-27,1534.0
8051,2026-05-04,1568.0
8051,2026-05-11,1735.0
8051,2026-05-18,1724.0
8051,2026-05-25,1737.0
8051,2026-06-01,1677.0
8051,2026-06-08,1772.0
8051,2026-06-15,1784.0
8051,2026-06-22,1674.0
8051,2026-06-29,1739.0
8051,2026-07-06,1723.0
8051,2026-07-13,1728.0
8051,2026-07-20,1745.0
8051,2026-07-27,1776.0
8051,2026-08-03,1812.0
8051,2026-08-10,1965.0
8051,2026-08-17,1898.0
8051,2026-08-24,1977.0
8059,2025-09-01,2611.51
8059,2025-09-08,2689.28
8059,2025-09-15,2714.24
8059,2025-09-22,2705.6
8059,2025-09-29,2637.16
8059,2025-10-06,2624.45
8059,2025-10-13,2595.11
8059,2025-10-20,2647.91
8059,2025-10-27,2556.98
8059,2025-11-03,2774.05
8059,2025-11-10,2732.98
8059,2025-11-17,2736.89
8059,2025-11-24,2908.99
8059,2025-12-01,2771.12
8059,2025-12-08,2829.79
8059,2025-12-15,2878.68
8059,2025-12-22,2914.85
8059,2025-12-29,2962.77
8059,2026-01-05,3045.88
8059,2026-01-12,3226.78
8059,2026-01-19,3153.44
8059,2026-01-26,3109.44
8059,2026-02-02,3324.56
8059,2026-02-09,3407.67
8059,2026-02-16,3397.89
8059,2026-02-23,3500.56
8059,2026-03-02,3334.34
8059,2026-03-09,3187.66
8059,2026-03-16,3236.55
8059,2026-03-23,3261.0
8059,2026-03-30,3360.0
8059,2026-04-06,3405.0
8059,2026-04-13,3330.0
8059,2026-04-20,3285.0
8059,2026-04-27,3220.0
8059,2026-05-04,3175.0
8059,2026-05-11,2955.0
8059,2026-05-18,2902.0
8059,2026-05-25,3115.0
8059,2026-06-01,3040.0
8059,2026-06-08,2982.0
8059,2026-06-15,3090.0
8059,2026-06-22,3025.0
8059,2026-06-29,3175.0
8059,2026-07-06,3330.0
8059,2026-07-13,3305.0
8059,2026-07-20,3465.0
8059,2026-07-27,3190.0
8059,2026-08-03,3490.0
8059,2026-08-10,3585.0
8059,2026-08-17,3640.0
8059,2026-08-24,3770.0
8066,2025-09-01,2079.09
8066,2025-09-08,2068.54
8066,2025-09-15,2103.05
8066,2025-09-22,2103.05
8066,2025-09-29,2183.26
8066,2025-10-06,2239.99
8066,2025-10-13,2191.08
8066,2025-10-20,2226.3
8066,2025-10-27,2269.34
8066,2025-11-03,2306.51
8066,2025-11-10,2327.05
8066,2025-11-17,2323.14
8066,2025-11-24,2332.92
8066,2025-12-01,2166.63
8066,2025-12-08,2216.52
8066,2025-12-15,2296.73
8066,2025-12-22,2215.54
8066,2025-12-29,2248.8
8066,2026-01-05,2210.65
8066,2026-01-12,2208.69
8066,2026-01-19,2166.63
8066,2026-01-26,2328.03
8066,2026-02-02,2445.41
8066,2026-02-09,2688.97
8066,2026-02-16,2553.98
8066,2026-02-23,2787.76
8066,2026-03-02,2581.37
8066,2026-03-09,2521.7
8066,2026-03-16,2419.97
8066,2026-03-23,2374.0
8066,2026-03-30,2359.0
8066,2026-04-06,2359.0
8066,2026-04-13,2370.0
8066,2026-04-20,2397.0
8066,2026-04-27,2666.0
8066,2026-05-04,2740.0
8066,2026-05-11,2718.0
8066,2026-05-18,2574.0
8066,2026-05-25,2481.0
8066,2026-06-01,2447.0
8066,2026-06-08,2491.0
8066,2026-06-15,2509.0
8066,2026-06-22,2507.0
8066,2026-06-29,2679.0
8066,2026-07-06,2751.0
8066,2026-07-13,2813.0
8066,2026-07-20,2785.0
8066,2026-07-27,2897.0
8066,2026-08-03,3145.0
8066,2026-08-10,3230.0
8066,2026-08-17,3115.0
8066,2026-08-24,3510.0
8104,2025-09-01,562.7
8104,2025-09-08,560.78
8104,2025-09-15,560.78
8104,2025-09-22,567.49
8104,2025-09-29,565.57
8104,2025-10-06,560.78
8104,2025-10-13,564.61
8104,2025-10-20,564.61
8104,2025-10-27,566.53
8104,2025-11-03,558.86
8104,2025-11-10,556.95
8104,2025-11-17,532.98
8104,2025-11-24,575.16
8104,2025-12-01,575.16
8104,2025-12-08,584.75
8104,2025-12-15,577.08
8104,2025-12-22,613.5
8104,2025-12-29,613.5
8104,2026-01-05,597.21
8104,2026-01-12,619.25
8104,2026-01-19,605.83
8104,2026-01-26,612.54
8104,2026-02-02,618.3
8104,2026-02-09,593.37
8104,2026-02-16,595.29
8104,2026-02-23,597.21
8104,2026-03-02,590.5
8104,2026-03-09,578.04
8104,2026-03-16,586.66
8104,2026-03-23,602.0
8104,2026-03-30,572.0
8104,2026-04-06,586.0
8104,2026-04-13,572.0
8104,2026-04-20,575.0
8104,2026-04-27,570.0
8104,2026-05-04,575.0
8104,2026-05-11,571.0
8104,2026-05-18,610.0
8104,2026-05-25,628.0
8104,2026-06-01,633.0
8104,2026-06-08,618.0
8104,2026-06-15,656.0
8104,2026-06-22,650.0
8104,2026-06-29,688.0
8104,2026-07-06,681.0
8104,2026-07-13,672.0
8104,2026-07-20,698.0
8104,2026-07-27,692.0
8104,2026-08-03,675.0
8104,2026-08-10,690.0
8104,2026-08-17,693.0
8104,2026-08-24,730.0
8117,2025-09-01,1785.63
8117,2025-09-08,1785.63
8117,2025-09-15,1759.52
8117,2025-09-22,1825.26
8117,2025-09-29,1780.17
8117,2025-10-06,1769.39
8117,2025-10-13,1807.62
8117,2025-10-20,1831.14
8117,2025-10-27,1761.55
8117,2025-11-03,1773.31
8117,2025-11-10,1734.1
8117,2025-11-17,1705.67
8117,2025-11-24,1850.75
8117,2025-12-01,1788.01
8117,2025-12-08,1787.03
8117,2025-12-15,1792.91
8117,2025-12-22,1808.6
8117,2025-12-29,1846.83
8117,2026-01-05,1847.81
8117,2026-01-12,1934.07
8117,2026-01-19,2094.84
8117,2026-01-26,2048.76
8117,2026-02-02,2044.84
8117,2026-02-09,2185.02
8117,2026-02-16,2186.0
8117,2026-02-23,2225.21
8117,2026-03-02,2073.27
8117,2026-03-09,1961.52
8117,2026-03-16,1882.12
8117,2026-03-23,1888.0
8117,2026-03-30,1934.0
8117,2026-04-06,1942.0
8117,2026-04-13,1845.0
8117,2026-04-20,1810.0
8117,2026-04-27,1799.0
8117,2026-05-04,1853.0
8117,2026-05-11,1984.0
8117,2026-05-18,1963.0
8117,2026-05-25,2092.0
8117,2026-06-01,2076.0
8117,2026-06-08,2030.0
8117,2026-06-15,2045.0
8117,2026-06-22,2003.0
8117,2026-06-29,2066.0
8117,2026-07-06,2115.0
8117,2026-07-13,2117.0
8117,2026-07-20,2090.0
8117,2026-07-27,2056.0
8117,2026-08-03,2184.0
8117,2026-08-10,2166.0
8117,2026-08-17,2143.0
8117,2026-08-24,2280.0
8237,2025-09-01,1329.21
8237,2025-09-08,1441.97
8237,2025-09-15,1445.97
8237,2025-09-22,1465.92
8237,2025-09-29,1492.87
8237,2025-10-06,1539.77
8237,2025-10-13,1697.44
8237,2025-10-20,1726.38
8237,2025-10-27,1724.38
8237,2025-11-03,1803.22
8237,2025-11-10,1872.07
8237,2025-11-17,1797.23
8237,2025-11-24,1993.82
8237,2025-12-01,1798.23
8237,2025-12-08,1758.31
8237,2025-12-15,1752.32
8237,2025-12-22,1860.1
8237,2025-12-29,1842.14
8237,2026-01-05,1788.25
8237,2026-01-12,1834.15
8237,2026-01-19,1896.02
8237,2026-01-26,1880.06
8237,2026-02-02,2090.61
8237,2026-02-09,2434.89
8237,2026-02-16,2639.46
8237,2026-02-23,2567.0
8237,2026-03-02,2049.0
8237,2026-03-09,1818.0
8237,2026-03-16,1922.0
8237,2026-03-23,1945.0
8237,2026-03-30,2042.0
8237,2026-04-06,2232.0
8237,2026-04-13,1993.0
8237,2026-04-20,1765.0
8237,2026-04-27,1656.0
8237,2026-05-04,1629.0
8237,2026-05-11,1525.0
8237,2026-05-18,1410.0
8237,2026-05-25,1413.0
8237,2026-06-01,1524.0
8237,2026-06-08,1573.0
8237,2026-06-15,1580.0
8237,2026-06-22,1785.0
8237,2026-06-29,1673.0
8237,2026-07-06,1728.0
8237,2026-07-13,1850.0
8237,2026-07-20,1688.0
8237,2026-07-27,1920.0
8237,2026-08-03,2174.0
8237,2026-08-10,1976.0
8237,2026-08-17,2450.0
8237,2026-08-24,3035.0
8242,2025-09-01,2188.38
8242,2025-09-08,2203.09
8242,2025-09-15,2186.91
8242,2025-09-22,2227.12
8242,2025-09-29,2122.64
8242,2025-10-06,2011.73
8242,2025-10-13,2042.43
8242,2025-10-20,2068.18
8242,2025-10-27,2068.18
8242,2025-11-03,2081.55
8242,2025-11-10,2144.43
8242,2025-11-17,2127.1
8242,2025-11-24,2152.85
8242,2025-12-01,2063.23
8242,2025-12-08,2064.22
8242,2025-12-15,2097.39
8242,2025-12-22,2042.93
8242,2025-12-29,2034.51
8242,2026-01-05,2089.47
8242,2026-01-12,2117.2
8242,2026-01-19,2166.71
8242,2026-01-26,2091.45
8242,2026-02-02,2310.3
8242,2026-02-09,2422.2
8242,2026-02-16,2463.79
8242,2026-02-23,2427.65
8242,2026-03-02,2295.44
8242,2026-03-09,2250.39
8242,2026-03-16,2290.49
8242,2026-03-23,2442.5
8242,2026-03-30,2563.5
8242,2026-04-06,2547.5
8242,2026-04-13,2475.0
8242,2026-04-20,2318.5
8242,2026-04-27,2274.0
8242,2026-05-04,2316.0
8242,2026-05-11,2517.0
8242,2026-05-18,2574.5
8242,2026-05-25,2496.0
8242,2026-06-01,2529.5
8242,2026-06-08,2627.0
8242,2026-06-15,2574.0
8242,2026-06-22,2871.5
8242,2026-06-29,2870.0
8242,2026-07-06,2797.0
8242,2026-07-13,2838.5
8242,2026-07-20,2763.5
8242,2026-07-27,2863.5
8242,2026-08-03,2791.0
8242,2026-08-10,2867.5
8242,2026-08-17,2954.0
8242,2026-08-24,3019.0
8362,2025-09-01,1936.39
8362,2025-09-08,1941.21
8362,2025-09-15,1929.65
8362,2025-09-22,2078.08
8362,2025-09-29,2060.5
8362,2025-10-06,2008.71
8362,2025-10-13,1997.97
8362,2025-10-20,2070.27
8362,2025-10-27,2124.0
8362,2025-11-03,2136.7
8362,2025-11-10,2146.47
8362,2025-11-17,2155.27
8362,2025-11-24,2351.64
8362,2025-12-01,2353.6
8362,2025-12-08,2323.31
8362,2025-12-15,2387.79
8362,2025-12-22,2469.86
8362,2025-12-29,2531.41
8362,2026-01-05,2681.87
8362,2026-01-12,2775.66
8362,2026-01-19,2812.79
8362,2026-01-26,2846.98
8362,2026-02-02,3165.48
8362,2026-02-09,3326.69
8362,2026-02-16,3341.34
8362,2026-02-23,3448.81
8362,2026-03-02,3292.49
8362,2026-03-09,3189.91
8362,2026-03-16,3272.95
8362,2026-03-23,3356.0
8362,2026-03-30,3345.0
8362,2026-04-06,3555.0
8362,2026-04-13,3875.0
8362,2026-04-20,3460.0
8362,2026-04-27,3765.0
8362,2026-05-04,3940.0
8362,2026-05-11,4450.0
8362,2026-05-18,4645.0
8362,2026-05-25,4590.0
8362,2026-06-01,5390.0
8362,2026-06-08,5340.0
8362,2026-06-15,4960.0
8362,2026-06-22,5440.0
8362,2026-06-29,6010.0
8362,2026-07-06,5760.0
8362,2026-07-13,5630.0
8362,2026-07-20,6180.0
8362,2026-07-27,5680.0
8362,2026-08-03,6180.0
8362,2026-08-10,6720.0
8362,2026-08-17,6860.0
8362,2026-08-24,7090.0
8368,2025-09-01,836.52
8368,2025-09-08,867.64
8368,2025-09-15,857.92
8368,2025-09-22,893.9
8368,2025-09-29,891.93
8368,2025-10-06,884.04
8368,2025-10-13,918.57
8368,2025-10-20,920.54
8368,2025-10-27,942.25
8368,2025-11-03,938.3
8368,2025-11-10,956.06
8368,2025-11-17,980.73
8368,2025-11-24,1029.08
8368,2025-12-01,1035.98
8368,2025-12-08,1077.42
8368,2025-12-15,1111.95
8368,2025-12-22,1107.02
8368,2025-12-29,1130.7
8368,2026-01-05,1194.83
8368,2026-01-12,1313.23
8368,2026-01-19,1464.19
8368,2026-01-26,1384.27
8368,2026-02-02,1498.72
8368,2026-02-09,1536.21
8368,2026-02-16,1536.21
8368,2026-02-23,1677.3
8368,2026-03-02,1553.97
8368,2026-03-09,1507.6
8368,2026-03-16,1483.92
8368,2026-03-23,1552.0
8368,2026-03-30,1596.0
8368,2026-04-06,1805.0
8368,2026-04-13,1887.0
8368,2026-04-20,1692.0
8368,2026-04-27,1811.0
8368,2026-05-04,1809.0
8368,2026-05-11,1953.0
8368,2026-05-18,1972.0
8368,2026-05-25,1906.0
8368,2026-06-01,1924.0
8368,2026-06-08,1945.0
8368,2026-06-15,1890.0
8368,2026-06-22,1960.0
8368,2026-06-29,2081.0
8368,2026-07-06,2064.0
8368,2026-07-13,1924.0
8368,2026-07-20,2080.0
8368,2026-07-27,2017.0
8368,2026-08-03,2121.0
8368,2026-08-10,2308.0
8368,2026-08-17,2256.0
8368,2026-08-24,2370.0
8388,2025-09-01,3366.02
8388,2025-09-08,3463.03
8388,2025-09-15,3424.22
8388,2025-09-22,3560.03
8388,2025-09-29,3584.68
8388,2025-10-06,3495.93
8388,2025-10-13,3495.93
8388,2025-10-20,3545.24
8388,2025-10-27,3589.61
8388,2025-11-03,3643.85
8388,2025-11-10,3772.05
8388,2025-11-17,3860.81
8388,2025-11-24,4092.55
8388,2025-12-01,4161.59
8388,2025-12-08,4171.45
8388,2025-12-15,4289.79
8388,2025-12-22,4230.62
8388,2025-12-29,4324.3
8388,2026-01-05,4546.19
8388,2026-01-12,4916.0
8388,2026-01-19,4989.96
8388,2026-01-26,5118.16
8388,2026-02-02,5581.65
8388,2026-02-09,5709.85
8388,2026-02-16,5729.58
8388,2026-02-23,5907.08
8388,2026-03-02,5552.07
8388,2026-03-09,5384.42
8388,2026-03-16,5650.68
8388,2026-03-23,5877.5
8388,2026-03-30,6120.0
8388,2026-04-06,6510.0
8388,2026-04-13,6630.0
8388,2026-04-20,6170.0
8388,2026-04-27,6270.0
8388,2026-05-04,6160.0
8388,2026-05-11,6720.0
8388,2026-05-18,6870.0
8388,2026-05-25,6700.0
8388,2026-06-01,6750.0
8388,2026-06-08,6990.0
8388,2026-06-15,6820.0
8388,2026-06-22,7070.0
8388,2026-06-29,7540.0
8388,2026-07-06,7530.0
8388,2026-07-13,7630.0
8388,2026-07-20,8680.0
8388,2026-07-27,8340.0
8388,2026-08-03,8930.0
8388,2026-08-10,9320.0
8388,2026-08-17,9000.0
8388,2026-08-24,9950.0
8522,2025-09-01,3368.35
8522,2025-09-08,3345.79
8522,2025-09-15,3255.53
8522,2025-09-22,3368.35
8522,2025-09-29,3316.03
8522,2025-10-06,3379.79
8522,2025-10-13,3379.79
8522,2025-10-20,3634.87
8522,2025-10-27,3860.52
8522,2025-11-03,3909.57
8522,2025-11-10,3939.01
8522,2025-11-17,3924.29
8522,2025-11-24,4292.19
8522,2025-12-01,4341.25
8522,2025-12-08,4351.06
8522,2025-12-15,4419.73
8522,2025-12-22,4238.23
8522,2025-12-29,4272.57
8522,2026-01-05,4552.18
8522,2026-01-12,4758.2
8522,2026-01-19,4993.66
8522,2026-01-26,4797.44
8522,2026-02-02,5484.2
8522,2026-02-09,5631.36
8522,2026-02-16,5405.71
8522,2026-02-23,5817.76
8522,2026-03-02,5484.2
8522,2026-03-09,5258.55
8522,2026-03-16,5287.98
8522,2026-03-23,6220.0
8522,2026-03-30,5800.0
8522,2026-04-06,5880.0
8522,2026-04-13,5990.0
8522,2026-04-20,5690.0
8522,2026-04-27,5780.0
8522,2026-05-04,5830.0
8522,2026-05-11,6150.0
8522,2026-05-18,6060.0
8522,2026-05-25,5860.0
8522,2026-06-01,5840.0
8522,2026-06-08,5970.0
8522,2026-06-15,5800.0
8522,2026-06-22,5910.0
8522,2026-06-29,6300.0
8522,2026-07-06,6460.0
8522,2026-07-13,6260.0
8522,2026-07-20,6890.0
8522,2026-07-27,6510.0
8522,2026-08-03,6450.0
8522,2026-08-10,6870.0
8522,2026-08-17,6980.0
8522,2026-08-24,7060.0
8566,2025-09-01,5615.02
8566,2025-09-08,5682.91
8566,2025-09-15,5750.79
8566,2025-09-22,5886.56
8566,2025-09-29,5610.94
8566,2025-10-06,5650.31
8566,2025-10-13,5709.38
8566,2025-10-20,5709.38
8566,2025-10-27,5571.56
8566,2025-11-03,5473.12
8566,2025-11-10,5571.56
8566,2025-11-17,5670.0
8566,2025-11-24,5729.06
8566,2025-12-01,5591.25
8566,2025-12-08,5670.0
8566,2025-12-15,5660.16
8566,2025-12-22,5729.06
8566,2025-12-29,5748.75
8566,2026-01-05,5935.78
8566,2026-01-12,6004.69
8566,2026-01-19,5955.47
8566,2026-01-26,5896.41
8566,2026-02-02,5827.5
8566,2026-02-09,6083.44
8566,2026-02-16,6063.75
8566,2026-02-23,6309.84
8566,2026-03-02,6053.91
8566,2026-03-09,5866.88
8566,2026-03-16,5916.09
8566,2026-03-23,5985.0
8566,2026-03-30,5930.0
8566,2026-04-06,6020.0
8566,2026-04-13,6170.0
8566,2026-04-20,6030.0
8566,2026-04-27,6120.0
8566,2026-05-04,5960.0
8566,2026-05-11,6300.0
8566,2026-05-18,6000.0
8566,2026-05-25,6040.0
8566,2026-06-01,6000.0
8566,2026-06-08,6200.0
8566,2026-06-15,6150.0
8566,2026-06-22,6050.0
8566,2026-06-29,6240.0
8566,2026-07-06,6430.0
8566,2026-07-13,6580.0
8566,2026-07-20,6690.0
8566,2026-07-27,6720.0
8566,2026-08-03,6630.0
8566,2026-08-10,6620.0
8566,2026-08-17,6760.0
8566,2026-08-24,6820.0
8609,2025-09-01,644.03
8609,2025-09-08,650.64
8609,2025-09-15,657.25
8609,2025-09-22,660.08
8609,2025-09-29,633.64
8609,2025-10-06,637.42
8609,2025-10-13,646.86
8609,2025-10-20,653.47
8609,2025-10-27,653.47
8609,2025-11-03,640.25
8609,2025-11-10,674.24
8609,2025-11-17,677.08
8609,2025-11-24,682.74
8609,2025-12-01,678.97
8609,2025-12-08,695.96
8609,2025-12-15,691.24
8609,2025-12-22,711.07
8609,2025-12-29,710.13
8609,2026-01-05,748.85
8609,2026-01-12,827.22
8609,2026-01-19,820.61
8609,2026-01-26,834.78
8609,2026-02-02,879.16
8609,2026-02-09,900.88
8609,2026-02-16,902.77
8609,2026-02-23,941.49
8609,2026-03-02,827.22
8609,2026-03-09,802.67
8609,2026-03-16,825.34
8609,2026-03-23,848.0
8609,2026-03-30,866.0
8609,2026-04-06,903.0
8609,2026-04-13,911.0
8609,2026-04-20,883.0
8609,2026-04-27,905.0
8609,2026-05-04,890.0
8609,2026-05-11,930.0
8609,2026-05-18,918.0
8609,2026-05-25,941.0
8609,2026-06-01,938.0
8609,2026-06-08,941.0
8609,2026-06-15,949.0
8609,2026-06-22,959.0
8609,2026-06-29,997.0
8609,2026-07-06,1016.0
8609,2026-07-13,1022.0
8609,2026-07-20,1056.0
8609,2026-07-27,1115.0
8609,2026-08-03,1115.0
8609,2026-08-10,1115.0
8609,2026-08-17,1157.0
8609,2026-08-24,1227.0
8613,2025-09-01,909.51
8613,2025-09-08,904.85
8613,2025-09-15,914.17
8613,2025-09-22,914.17
8613,2025-09-29,889.1
8613,2025-10-06,900.67
8613,2025-10-13,910.32
8613,2025-10-20,901.64
8613,2025-10-27,894.89
8613,2025-11-03,893.92
8613,2025-11-10,916.1
8613,2025-11-17,922.85
8613,2025-11-24,943.1
8613,2025-12-01,932.5
8613,2025-12-08,945.03
8613,2025-12-15,956.6
8613,2025-12-22,981.68
8613,2025-12-29,978.78
8613,2026-01-05,1010.61
8613,2026-01-12,1036.64
8613,2026-01-19,1032.79
8613,2026-01-26,1019.29
8613,2026-02-02,1036.64
8613,2026-02-09,1048.21
8613,2026-02-16,1042.43
8613,2026-02-23,1078.11
8613,2026-03-02,1007.71
8613,2026-03-09,974.93
8613,2026-03-16,1026.04
8613,2026-03-23,1027.0
8613,2026-03-30,1047.0
8613,2026-04-06,1060.0
8613,2026-04-13,1077.0
8613,2026-04-20,1024.0
8613,2026-04-27,1047.0
8613,2026-05-04,1031.0
8613,2026-05-11,1063.0
8613,2026-05-18,1063.0
8613,2026-05-25,1037.0
8613,2026-06-01,1054.0
8613,2026-06-08,1057.0
8613,2026-06-15,1040.0
8613,2026-06-22,1056.0
8613,2026-06-29,1080.0
8613,2026-07-06,1119.0
8613,2026-07-13,1141.0
8613,2026-07-20,1136.0
8613,2026-07-27,1216.0
8613,2026-08-03,1219.0
8613,2026-08-10,1219.0
8613,2026-08-17,1265.0
8613,2026-08-24,1305.0
8616,2025-09-01,549.73
8616,2025-09-08,548.8
8616,2025-09-15,551.59
8616,2025-09-22,570.16
8616,2025-09-29,549.94
8616,2025-10-06,557.64
8616,2025-10-13,557.64
8616,2025-10-20,556.68
8616,2025-10-27,550.9
8616,2025-11-03,568.23
8616,2025-11-10,589.42
8616,2025-11-17,597.13
8616,2025-11-24,623.13
8616,2025-12-01,619.28
8616,2025-12-08,647.21
8616,2025-12-15,641.43
8616,2025-12-22,659.73
8616,2025-12-29,661.66
8616,2026-01-05,689.59
8616,2026-01-12,724.26
8616,2026-01-19,715.59
8616,2026-01-26,712.7
8616,2026-02-02,726.18
8616,2026-02-09,738.7
8616,2026-02-16,744.48
8616,2026-02-23,799.38
8616,2026-03-02,732.93
8616,2026-03-09,714.63
8616,2026-03-16,720.41
8616,2026-03-23,731.0
8616,2026-03-30,737.0
8616,2026-04-06,750.0
8616,2026-04-13,755.0
8616,2026-04-20,716.0
8616,2026-04-27,688.0
8616,2026-05-04,692.0
8616,2026-05-11,710.0
8616,2026-05-18,704.0
8616,2026-05-25,694.0
8616,2026-06-01,709.0
8616,2026-06-08,728.0
8616,2026-06-15,740.0
8616,2026-06-22,764.0
8616,2026-06-29,766.0
8616,2026-07-06,776.0
8616,2026-07-13,778.0
8616,2026-07-20,812.0
8616,2026-07-27,802.0
8616,2026-08-03,822.0
8616,2026-08-10,837.0
8616,2026-08-17,853.0
8616,2026-08-24,896.0
8622,2025-09-01,520.61
8622,2025-09-08,515.93
8622,2025-09-15,535.59
8622,2025-09-22,539.33
8622,2025-09-29,507.61
8622,2025-10-06,509.53
8622,2025-10-13,510.49
8622,2025-10-20,504.72
8622,2025-10-27,493.19
8622,2025-11-03,494.15
8622,2025-11-10,508.57
8622,2025-11-17,507.61
8622,2025-11-24,515.3
8622,2025-12-01,510.49
8622,2025-12-08,524.91
8622,2025-12-15,521.07
8622,2025-12-22,541.26
8622,2025-12-29,532.6
8622,2026-01-05,547.99
8622,2026-01-12,576.83
8622,2026-01-19,577.79
8622,2026-01-26,577.79
8622,2026-02-02,593.17
8622,2026-02-09,606.63
8622,2026-02-16,605.67
8622,2026-02-23,657.58
8622,2026-03-02,691.23
8622,2026-03-09,703.73
8622,2026-03-16,704.69
8622,2026-03-23,697.0
8622,2026-03-30,707.0
8622,2026-04-06,709.0
8622,2026-04-13,715.0
8622,2026-04-20,667.0
8622,2026-04-27,652.0
8622,2026-05-04,653.0
8622,2026-05-11,652.0
8622,2026-05-18,652.0
8622,2026-05-25,632.0
8622,2026-06-01,639.0
8622,2026-06-08,658.0
8622,2026-06-15,658.0
8622,2026-06-22,657.0
8622,2026-06-29,672.0
8622,2026-07-06,697.0
8622,2026-07-13,713.0
8622,2026-07-20,780.0
8622,2026-07-27,815.0
8622,2026-08-03,849.0
8622,2026-08-10,862.0
8622,2026-08-17,920.0
8622,2026-08-24,975.0
8624,2025-09-01,755.32
8624,2025-09-08,763.67
8624,2025-09-15,808.21
8624,2025-09-22,811.92
8624,2025-09-29,800.39
8624,2025-10-06,812.88
8624,2025-10-13,807.11
8624,2025-10-20,817.68
8624,2025-10-27,816.72
8624,2025-11-03,825.37
8624,2025-11-10,878.22
8624,2025-11-17,901.28
8624,2025-11-24,946.44
8624,2025-12-01,960.85
8624,2025-12-08,1000.24
8624,2025-12-15,982.95
8624,2025-12-22,1025.23
8624,2025-12-29,1041.56
8624,2026-01-05,1058.86
8624,2026-01-12,1113.62
8624,2026-01-19,1188.57
8624,2026-01-26,1156.86
8624,2026-02-02,1268.32
8624,2026-02-09,1309.64
8624,2026-02-16,1265.44
8624,2026-02-23,1455.69
8624,2026-03-02,1386.51
8624,2026-03-09,1274.09
8624,2026-03-16,1357.68
8624,2026-03-23,1448.0
8624,2026-03-30,1492.0
8624,2026-04-06,1541.0
8624,2026-04-13,1523.0
8624,2026-04-20,1401.0
8624,2026-04-27,1291.0
8624,2026-05-04,1270.0
8624,2026-05-11,1284.0
8624,2026-05-18,1241.0
8624,2026-05-25,1295.0
8624,2026-06-01,1289.0
8624,2026-06-08,1344.0
8624,2026-06-15,1362.0
8624,2026-06-22,1368.0
8624,2026-06-29,1429.0
8624,2026-07-06,1479.0
8624,2026-07-13,1501.0
8624,2026-07-20,1550.0
8624,2026-07-27,1558.0
8624,2026-08-03,1561.0
8624,2026-08-10,1653.0
8624,2026-08-17,1705.0
8624,2026-08-24,1726.0
8628,2025-09-01,759.94
8628,2025-09-08,763.71
8628,2025-09-15,749.55
8628,2025-09-22,750.5
8628,2025-09-29,748.55
8628,2025-10-06,751.47
8628,2025-10-13,731.98
8628,2025-10-20,728.08
8628,2025-10-27,748.55
8628,2025-11-03,762.19
8628,2025-11-10,783.64
8628,2025-11-17,785.58
8628,2025-11-24,795.33
8628,2025-12-01,787.53
8628,2025-12-08,784.61
8628,2025-12-15,793.38
8628,2025-12-22,833.34
8628,2025-12-29,833.34
8628,2026-01-05,848.94
8628,2026-01-12,885.0
8628,2026-01-19,876.23
8628,2026-01-26,886.95
8628,2026-02-02,893.77
8628,2026-02-09,914.24
8628,2026-02-16,912.29
8628,2026-02-23,931.79
8628,2026-03-02,931.79
8628,2026-03-09,913.27
8628,2026-03-16,953.23
8628,2026-03-23,962.0
8628,2026-03-30,969.0
8628,2026-04-06,954.0
8628,2026-04-13,985.0
8628,2026-04-20,936.0
8628,2026-04-27,909.0
8628,2026-05-04,917.0
8628,2026-05-11,928.0
8628,2026-05-18,980.0
8628,2026-05-25,972.0
8628,2026-06-01,932.0
8628,2026-06-08,952.0
8628,2026-06-15,981.0
8628,2026-06-22,955.0
8628,2026-06-29,987.0
8628,2026-07-06,1035.0
8628,2026-07-13,1065.0
8628,2026-07-20,1107.0
8628,2026-07-27,1049.0
8628,2026-08-03,1074.0
8628,2026-08-10,1105.0
8628,2026-08-17,1109.0
8628,2026-08-24,1180.0
8704,2025-09-01,956.6
8704,2025-09-08,938.36
8704,2025-09-15,906.66
8704,2025-09-22,902.82
8704,2025-09-29,899.89
8704,2025-10-06,956.56
8704,2025-10-13,915.52
8704,2025-10-20,904.77
8704,2025-10-27,875.46
8704,2025-11-03,864.71
8704,2025-11-10,924.32
8704,2025-11-17,891.09
8704,2025-11-24,911.61
8704,2025-12-01,876.44
8704,2025-12-08,869.6
8704,2025-12-15,892.07
8704,2025-12-22,922.36
8704,2025-12-29,930.18
8704,2026-01-05,948.74
8704,2026-01-12,980.99
8704,2026-01-19,979.03
8704,2026-01-26,948.74
8704,2026-02-02,1001.5
8704,2026-02-09,1054.27
8704,2026-02-16,1076.74
8704,2026-02-23,1122.66
8704,2026-03-02,1065.01
8704,2026-03-09,1013.23
8704,2026-03-16,1006.39
8704,2026-03-23,1023.0
8704,2026-03-30,1040.0
8704,2026-04-06,1047.0
8704,2026-04-13,1044.0
8704,2026-04-20,1029.0
8704,2026-04-27,1128.0
8704,2026-05-04,1235.0
8704,2026-05-11,1169.0
8704,2026-05-18,1139.0
8704,2026-05-25,1193.0
8704,2026-06-01,1138.0
8704,2026-06-08,1154.0
8704,2026-06-15,1161.0
8704,2026-06-22,1149.0
8704,2026-06-29,1269.0
8704,2026-07-06,1246.0
8704,2026-07-13,1242.0
8704,2026-07-20,1272.0
8704,2026-07-27,1247.0
8704,2026-08-03,1297.0
8704,2026-08-10,1351.0
8704,2026-08-17,1383.0
8704,2026-08-24,1400.0
8706,2025-09-01,1512.21
8706,2025-09-08,1496.31
8706,2025-09-15,1468.25
8706,2025-09-22,1487.89
8706,2025-09-29,1413.55
8706,2025-10-06,1430.93
8706,2025-10-13,1504.31
8706,2025-10-20,1486.93
8706,2025-10-27,1472.44
8706,2025-11-03,1472.44
8706,2025-11-10,1535.2
8706,2025-11-17,1548.72
8706,2025-11-24,1582.52
8706,2025-12-01,1553.55
8706,2025-12-08,1567.07
8706,2025-12-15,1585.41
8706,2025-12-22,1639.48
8706,2025-12-29,1634.65
8706,2026-01-05,1670.38
8706,2026-01-12,1723.48
8706,2026-01-19,1714.79
8706,2026-01-26,1666.52
8706,2026-02-02,1708.04
8706,2026-02-09,1708.04
8706,2026-02-16,1735.07
8706,2026-02-23,1834.52
8706,2026-03-02,1758.24
8706,2026-03-09,1691.62
8706,2026-03-16,1687.76
8706,2026-03-23,1681.0
8706,2026-03-30,1722.0
8706,2026-04-06,1778.0
8706,2026-04-13,1655.0
8706,2026-04-20,1583.0
8706,2026-04-27,1559.0
8706,2026-05-04,1565.0
8706,2026-05-11,1567.0
8706,2026-05-18,1550.0
8706,2026-05-25,1567.0
8706,2026-06-01,1552.0
8706,2026-06-08,1547.0
8706,2026-06-15,1540.0
8706,2026-06-22,1534.0
8706,2026-06-29,1604.0
8706,2026-07-06,1658.0
8706,2026-07-13,1724.0
8706,2026-07-20,1759.0
8706,2026-07-27,1777.0
8706,2026-08-03,1803.0
8706,2026-08-10,1858.0
8706,2026-08-17,1900.0
8706,2026-08-24,1935.0
8707,2025-09-01,2531.83
8707,2025-09-08,2558.95
8707,2025-09-15,2534.64
8707,2025-09-22,2583.27
8707,2025-09-29,2554.59
8707,2025-10-06,2598.57
8707,2025-10-13,2642.55
8707,2025-10-20,2661.67
8707,2025-10-27,2699.91
8707,2025-11-03,2644.46
8707,2025-11-10,2808.9
8707,2025-11-17,2872.96
8707,2025-11-24,3002.02
8707,2025-12-01,2935.1
8707,2025-12-08,3021.15
8707,2025-12-15,3002.02
8707,2025-12-22,3116.75
8707,2025-12-29,3126.31
8707,2026-01-05,3331.86
8707,2026-01-12,3499.17
8707,2026-01-19,3451.37
8707,2026-01-26,3322.3
8707,2026-02-02,3460.93
8707,2026-02-09,3680.83
8707,2026-02-16,3771.65
8707,2026-02-23,3771.65
8707,2026-03-02,3503.95
8707,2026-03-09,3374.89
8707,2026-03-16,3432.25
8707,2026-03-23,3590.0
8707,2026-03-30,3595.0
8707,2026-04-06,3655.0
8707,2026-04-13,3810.0
8707,2026-04-20,3740.0
8707,2026-04-27,3650.0
8707,2026-05-04,3705.0
8707,2026-05-11,3640.0
8707,2026-05-18,3705.0
8707,2026-05-25,3870.0
8707,2026-06-01,3830.0
8707,2026-06-08,3940.0
8707,2026-06-15,4000.0
8707,2026-06-22,3960.0
8707,2026-06-29,4015.0
8707,2026-07-06,4185.0
8707,2026-07-13,4205.0
8707,2026-07-20,4275.0
8707,2026-07-27,4195.0
8707,2026-08-03,4305.0
8707,2026-08-10,4430.0
8707,2026-08-17,4600.0
8707,2026-08-24,4730.0
8708,2025-09-01,1324.54
8708,2025-09-08,1304.26
8708,2025-09-15,1317.17
8708,2025-09-22,1318.09
8708,2025-09-29,1256.09
8708,2025-10-06,1235.11
8708,2025-10-13,1262.77
8708,2025-10-20,1249.42
8708,2025-10-27,1246.56
8708,2025-11-03,1205.54
8708,2025-11-10,1277.08
8708,2025-11-17,1275.17
8708,2025-11-24,1285.66
8708,2025-12-01,1274.21
8708,2025-12-08,1276.12
8708,2025-12-15,1312.36
8708,2025-12-22,1352.42
8708,2025-12-29,1333.35
8708,2026-01-05,1356.24
8708,2026-01-12,1385.8
8708,2026-01-19,1378.17
8708,2026-01-26,1351.47
8708,2026-02-02,1366.73
8708,2026-02-09,1395.34
8708,2026-02-16,1410.6
8708,2026-02-23,1476.41
8708,2026-03-02,1389.62
8708,2026-03-09,1411.55
8708,2026-03-16,1411.55
8708,2026-03-23,1423.0
8708,2026-03-30,1532.0
8708,2026-04-06,1618.0
8708,2026-04-13,1631.0
8708,2026-04-20,1409.0
8708,2026-04-27,1439.0
8708,2026-05-04,1456.0
8708,2026-05-11,1479.0
8708,2026-05-18,1495.0
8708,2026-05-25,1420.0
8708,2026-06-01,1434.0
8708,2026-06-08,1473.0
8708,2026-06-15,1466.0
8708,2026-06-22,1461.0
8708,2026-06-29,1554.0
8708,2026-07-06,1584.0
8708,2026-07-13,1592.0
8708,2026-07-20,1649.0
8708,2026-07-27,1707.0
8708,2026-08-03,1699.0
8708,2026-08-10,1730.0
8708,2026-08-17,1757.0
8708,2026-08-24,1853.0
8713,2025-09-01,1534.91
8713,2025-09-08,1579.01
8713,2025-09-15,1551.21
8713,2025-09-22,1594.35
8713,2025-09-29,1544.82
8713,2025-10-06,1520.3
8713,2025-10-13,1524.22
8713,2025-10-20,1556.59
8713,2025-10-27,1623.29
8713,2025-11-03,1628.19
8713,2025-11-10,1636.04
8713,2025-11-17,1672.33
8713,2025-11-24,1715.49
8713,2025-12-01,1738.04
8713,2025-12-08,1756.68
8713,2025-12-15,1800.82
8713,2025-12-22,1835.15
8713,2025-12-29,1865.55
8713,2026-01-05,1984.24
8713,2026-01-12,2041.12
8713,2026-01-19,2022.49
8713,2026-01-26,1963.64
8713,2026-02-02,2131.36
8713,2026-02-09,2156.86
8713,2026-02-16,2142.15
8713,2026-02-23,2148.04
8713,2026-03-02,1959.71
8713,2026-03-09,1890.07
8713,2026-03-16,1873.4
8713,2026-03-23,1919.5
8713,2026-03-30,1909.0
8713,2026-04-06,1942.0
8713,2026-04-13,2023.0
8713,2026-04-20,1892.0
8713,2026-04-27,1916.0
8713,2026-05-04,1986.0
8713,2026-05-11,1944.0
8713,2026-05-18,2011.0
8713,2026-05-25,1944.0
8713,2026-06-01,1956.0
8713,2026-06-08,2038.0
8713,2026-06-15,1953.0
8713,2026-06-22,1910.0
8713,2026-06-29,2005.0
8713,2026-07-06,2034.0
8713,2026-07-13,2010.0
8713,2026-07-20,2132.0
8713,2026-07-27,2160.0
8713,2026-08-03,2454.0
8713,2026-08-10,2630.0
8713,2026-08-17,2742.0
8713,2026-08-24,2836.0
8739,2025-09-01,1504.76
8739,2025-09-08,1532.41
8739,2025-09-15,1513.34
8739,2025-09-22,1555.3
8739,2025-09-29,1479.01
8739,2025-10-06,1570.55
8739,2025-10-13,1479.96
8739,2025-10-20,1499.99
8739,2025-10-27,1484.73
8739,2025-11-03,1405.58
8739,2025-11-10,1428.47
8739,2025-11-17,1424.65
8739,2025-11-24,1443.73
8739,2025-12-01,1414.17
8739,2025-12-08,1379.84
8739,2025-12-15,1430.38
8739,2025-12-22,1525.73
8739,2025-12-29,1544.81
8739,2026-01-05,1610.6
8739,2026-01-12,1679.26
8739,2026-01-19,1627.77
8739,2026-01-26,1568.65
8739,2026-02-02,1930.05
8739,2026-02-09,1916.7
8739,2026-02-16,1966.29
8739,2026-02-23,2026.37
8739,2026-03-02,1904.31
8739,2026-03-09,1832.79
8739,2026-03-16,1830.88
8739,2026-03-23,1849.0
8739,2026-03-30,1918.0
8739,2026-04-06,1984.0
8739,2026-04-13,1968.0
8739,2026-04-20,1908.0
8739,2026-04-27,1914.0
8739,2026-05-04,2039.0
8739,2026-05-11,2137.0
8739,2026-05-18,2155.0
8739,2026-05-25,2126.0
8739,2026-06-01,2173.0
8739,2026-06-08,2145.0
8739,2026-06-15,2140.0
8739,2026-06-22,2161.0
8739,2026-06-29,2299.0
8739,2026-07-06,2256.0
8739,2026-07-13,2240.0
8739,2026-07-20,2227.0
8739,2026-07-27,2255.0
8739,2026-08-03,2472.0
8739,2026-08-10,2524.0
8739,2026-08-17,2538.0
8739,2026-08-24,2609.0
8789,2025-09-01,120.87
8789,2025-09-08,117.95
8789,2025-09-15,117.95
8789,2025-09-22,116.0
8789,2025-09-29,114.0
8789,2025-10-06,111.0
8789,2025-10-13,107.0
8789,2025-10-20,106.0
8789,2025-10-27,102.0
8789,2025-11-03,108.0
8789,2025-11-10,128.0
8789,2025-11-17,139.0
8789,2025-11-24,150.0
8789,2025-12-01,156.0
8789,2025-12-08,141.0
8789,2025-12-15,141.0
8789,2025-12-22,139.0
8789,2025-12-29,138.0
8789,2026-01-05,143.0
8789,2026-01-12,144.0
8789,2026-01-19,146.0
8789,2026-01-26,146.0
8789,2026-02-02,155.0
8789,2026-02-09,149.0
8789,2026-02-16,148.0
8789,2026-02-23,155.0
8789,2026-03-02,143.0
8789,2026-03-09,134.0
8789,2026-03-16,128.0
8789,2026-03-23,125.0
8789,2026-03-30,120.0
8789,2026-04-06,126.0
8789,2026-04-13,129.0
8789,2026-04-20,126.0
8789,2026-04-27,127.0
8789,2026-05-04,129.0
8789,2026-05-11,135.0
8789,2026-05-18,136.0
8789,2026-05-25,129.0
8789,2026-06-01,123.0
8789,2026-06-08,121.0
8789,2026-06-15,122.0
8789,2026-06-22,120.0
8789,2026-06-29,128.0
8789,2026-07-06,130.0
8789,2026-07-13,129.0
8789,2026-07-20,131.0
8789,2026-07-27,132.0
8789,2026-08-03,134.0
8789,2026-08-10,154.0
8789,2026-08-17,173.0
8789,2026-08-24,174.0
8897,2025-09-01,377.71
8897,2025-09-08,379.61
8897,2025-09-15,376.76
8897,2025-09-22,381.51
8897,2025-09-29,369.98
8897,2025-10-06,367.09
8897,2025-10-13,371.9
8897,2025-10-20,369.98
8897,2025-10-27,365.17
8897,2025-11-03,369.01
8897,2025-11-10,370.94
8897,2025-11-17,369.98
8897,2025-11-24,371.9
8897,2025-12-01,360.37
8897,2025-12-08,362.29
8897,2025-12-15,366.13
8897,2025-12-22,370.94
8897,2025-12-29,371.9
8897,2026-01-05,380.55
8897,2026-01-12,384.39
8897,2026-01-19,377.66
8897,2026-01-26,378.62
8897,2026-02-02,382.47
8897,2026-02-09,397.84
8897,2026-02-16,394.96
8897,2026-02-23,406.49
8897,2026-03-02,397.84
8897,2026-03-09,392.08
8897,2026-03-16,391.12
8897,2026-03-23,394.0
8897,2026-03-30,421.0
8897,2026-04-06,426.0
8897,2026-04-13,424.0
8897,2026-04-20,401.0
8897,2026-04-27,398.0
8897,2026-05-04,401.0
8897,2026-05-11,394.0
8897,2026-05-18,422.0
8897,2026-05-25,414.0
8897,2026-06-01,410.0
8897,2026-06-08,411.0
8897,2026-06-15,404.0
8897,2026-06-22,401.0
8897,2026-06-29,404.0
8897,2026-07-06,411.0
8897,2026-07-13,411.0
8897,2026-07-20,410.0
8897,2026-07-27,411.0
8897,2026-08-03,411.0
8897,2026-08-10,459.0
8897,2026-08-17,457.0
8897,2026-08-24,464.0
8919,2025-09-01,2652.86
8919,2025-09-08,2820.43
8919,2025-09-15,2826.28
8919,2025-09-22,2795.1
8919,2025-09-29,2665.72
8919,2025-10-06,2651.89
8919,2025-10-13,2514.61
8919,2025-10-20,2526.46
8919,2025-10-27,2478.06
8919,2025-11-03,2511.64
8919,2025-11-10,2889.92
8919,2025-11-17,3007.45
8919,2025-11-24,3150.66
8919,2025-12-01,3116.1
8919,2025-12-08,3140.79
8919,2025-12-15,3101.28
8919,2025-12-22,3145.73
8919,2025-12-29,3150.66
8919,2026-01-05,3185.23
8919,2026-01-12,3214.86
8919,2026-01-19,3130.91
8919,2026-01-26,3012.39
8919,2026-02-02,3066.71
8919,2026-02-09,3200.05
8919,2026-02-16,3471.66
8919,2026-02-23,3530.92
8919,2026-03-02,3224.74
8919,2026-03-09,3130.91
8919,2026-03-16,3195.11
8919,2026-03-23,3284.0
8919,2026-03-30,3245.0
8919,2026-04-06,3365.0
8919,2026-04-13,3110.0
8919,2026-04-20,3005.0
8919,2026-04-27,3155.0
8919,2026-05-04,3165.0
8919,2026-05-11,3580.0
8919,2026-05-18,3500.0
8919,2026-05-25,3470.0
8919,2026-06-01,3460.0
8919,2026-06-08,3370.0
8919,2026-06-15,3375.0
8919,2026-06-22,3255.0
8919,2026-06-29,3275.0
8919,2026-07-06,3235.0
8919,2026-07-13,3225.0
8919,2026-07-20,3310.0
8919,2026-07-27,3395.0
8919,2026-08-03,3350.0
8919,2026-08-10,3570.0
8919,2026-08-17,3805.0
8919,2026-08-24,3855.0
9278,2025-09-01,1536.88
9278,2025-09-08,1548.7
9278,2025-09-15,1512.25
9278,2025-09-22,1538.85
9278,2025-09-29,1456.09
9278,2025-10-06,1439.34
9278,2025-10-13,1392.06
9278,2025-10-20,1370.38
9278,2025-10-27,1305.36
9278,2025-11-03,1320.14
9278,2025-11-10,1367.43
9278,2025-11-17,1383.19
9278,2025-11-24,1386.15
9278,2025-12-01,1368.41
9278,2025-12-08,1379.25
9278,2025-12-15,1389.1
9278,2025-12-22,1465.94
9278,2025-12-29,1447.23
9278,2026-01-05,1506.34
9278,2026-01-12,1613.72
9278,2026-01-19,1614.71
9278,2026-01-26,1561.51
9278,2026-02-02,1598.94
9278,2026-02-09,1624.56
9278,2026-02-16,1850.16
9278,2026-02-23,1884.65
9278,2026-03-02,1806.82
9278,2026-03-09,1755.59
9278,2026-03-16,1719.14
9278,2026-03-23,1792.04
9278,2026-03-30,1864.94
9278,2026-04-06,1860.02
9278,2026-04-13,2137.84
9278,2026-04-20,1980.21
9278,2026-04-27,1990.06
9278,2026-05-04,1987.1
9278,2026-05-11,2019.61
9278,2026-05-18,2055.08
9278,2026-05-25,2001.0
9278,2026-06-01,1910.0
9278,2026-06-08,1954.0
9278,2026-06-15,1952.0
9278,2026-06-22,1935.0
9278,2026-06-29,1979.0
9278,2026-07-06,2084.0
9278,2026-07-13,2481.0
9278,2026-07-20,2598.0
9278,2026-07-27,2816.0
9278,2026-08-03,2959.0
9278,2026-08-10,2926.0
9278,2026-08-17,2955.0
9278,2026-08-24,3025.0
9304,2025-09-01,1077.62
9304,2025-09-08,1101.51
9304,2025-09-15,1084.79
9304,2025-09-22,1089.57
9304,2025-09-29,1096.4
9304,2025-10-06,1095.42
9304,2025-10-13,1088.59
9304,2025-10-20,1106.16
9304,2025-10-27,1080.78
9304,2025-11-03,1074.92
9304,2025-11-10,1096.4
9304,2025-11-17,1134.48
9304,2025-11-24,1155.96
9304,2025-12-01,1147.17
9304,2025-12-08,1171.58
9304,2025-12-15,1228.2
9304,2025-12-22,1247.73
9304,2025-12-29,1244.8
9304,2026-01-05,1279.95
9304,2026-01-12,1306.31
9304,2026-01-19,1291.66
9304,2026-01-26,1267.26
9304,2026-02-02,1304.36
9304,2026-02-09,1339.5
9304,2026-02-16,1356.1
9304,2026-02-23,1382.46
9304,2026-03-02,1345.36
9304,2026-03-09,1278.97
9304,2026-03-16,1279.95
9304,2026-03-23,1319.0
9304,2026-03-30,1343.0
9304,2026-04-06,1333.0
9304,2026-04-13,1333.0
9304,2026-04-20,1276.0
9304,2026-04-27,1269.0
9304,2026-05-04,1276.0
9304,2026-05-11,1422.0
9304,2026-05-18,1434.0
9304,2026-05-25,1413.0
9304,2026-06-01,1422.0
9304,2026-06-08,1494.0
9304,2026-06-15,1552.0
9304,2026-06-22,1586.0
9304,2026-06-29,1757.0
9304,2026-07-06,1869.0
9304,2026-07-13,1979.0
9304,2026-07-20,1800.0
9304,2026-07-27,1819.0
9304,2026-08-03,1901.0
9304,2026-08-10,1977.0
9304,2026-08-17,1989.0
9304,2026-08-24,2141.0
9343,2025-09-01,731.58
9343,2025-09-08,737.49
9343,2025-09-15,769.04
9343,2025-09-22,756.23
9343,2025-09-29,722.71
9343,2025-10-06,725.66
9343,2025-10-13,694.11
9343,2025-10-20,712.85
9343,2025-10-27,695.1
9343,2025-11-03,670.45
9343,2025-11-10,658.62
9343,2025-11-17,700.03
9343,2025-11-24,691.15
9343,2025-12-01,682.28
9343,2025-12-08,673.41
9343,2025-12-15,674.39
9343,2025-12-22,702.0
9343,2025-12-29,713.0
9343,2026-01-05,726.0
9343,2026-01-12,732.0
9343,2026-01-19,739.0
9343,2026-01-26,698.0
9343,2026-02-02,701.0
9343,2026-02-09,619.0
9343,2026-02-16,620.0
9343,2026-02-23,632.0
9343,2026-03-02,665.0
9343,2026-03-09,660.0
9343,2026-03-16,663.0
9343,2026-03-23,684.0
9343,2026-03-30,730.0
9343,2026-04-06,708.0
9343,2026-04-13,717.0
9343,2026-04-20,681.0
9343,2026-04-27,675.0
9343,2026-05-04,690.0
9343,2026-05-11,800.0
9343,2026-05-18,820.0
9343,2026-05-25,797.0
9343,2026-06-01,792.0
9343,2026-06-08,787.0
9343,2026-06-15,751.0
9343,2026-06-22,720.0
9343,2026-06-29,762.0
9343,2026-07-06,778.0
9343,2026-07-13,775.0
9343,2026-07-20,770.0
9343,2026-07-27,780.0
9343,2026-08-03,820.0
9343,2026-08-10,760.0
9343,2026-08-17,766.0
9343,2026-08-24,822.0
9506,2025-09-01,1102.7
9506,2025-09-08,1121.06
9506,2025-09-15,1073.24
9506,2025-09-22,1086.28
9506,2025-09-29,1056.78
9506,2025-10-06,1087.76
9506,2025-10-13,1035.14
9506,2025-10-20,1084.31
9506,2025-10-27,1038.58
9506,2025-11-03,1038.58
9506,2025-11-10,1061.2
9506,2025-11-17,1069.07
9506,2025-11-24,1132.51
9506,2025-12-01,1079.89
9506,2025-12-08,1086.28
9506,2025-12-15,1113.82
9506,2025-12-22,1129.56
9506,2025-12-29,1133.98
9506,2026-01-05,1137.42
9506,2026-01-12,1158.57
9506,2026-01-19,1148.73
9506,2026-01-26,1097.59
9506,2026-02-02,1150.7
9506,2026-02-09,1178.73
9506,2026-02-16,1279.54
9506,2026-02-23,1274.13
9506,2026-03-02,1131.52
9506,2026-03-09,1133.0
9506,2026-03-16,1124.64
9506,2026-03-23,1192.5
9506,2026-03-30,1190.5
9506,2026-04-06,1164.0
9506,2026-04-13,1178.0
9506,2026-04-20,1128.5
9506,2026-04-27,1064.0
9506,2026-05-04,1055.5
9506,2026-05-11,1051.5
9506,2026-05-18,1011.0
9506,2026-05-25,1006.5
9506,2026-06-01,993.3
9506,2026-06-08,1019.5
9506,2026-06-15,1049.0
9506,2026-06-22,1042.0
9506,2026-06-29,1069.0
9506,2026-07-06,1089.5
9506,2026-07-13,1127.0
9506,2026-07-20,1142.0
9506,2026-07-27,1180.5
9506,2026-08-03,1217.0
9506,2026-08-10,1254.0
9506,2026-08-17,1330.5
9506,2026-08-24,1319.5
9535,2025-09-01,369.72
9535,2025-09-08,375.54
9535,2025-09-15,374.57
9535,2025-09-22,382.34
9535,2025-09-29,367.55
9535,2025-10-06,360.66
9535,2025-10-13,361.64
9535,2025-10-20,362.63
9535,2025-10-27,358.69
9535,2025-11-03,360.66
9535,2025-11-10,362.63
9535,2025-11-17,365.58
9535,2025-11-24,369.53
9535,2025-12-01,360.66
9535,2025-12-08,360.66
9535,2025-12-15,363.61
9535,2025-12-22,373.47
9535,2025-12-29,375.44
9535,2026-01-05,365.58
9535,2026-01-12,367.55
9535,2026-01-19,365.58
9535,2026-01-26,362.63
9535,2026-02-02,364.6
9535,2026-02-09,372.48
9535,2026-02-16,378.39
9535,2026-02-23,380.36
9535,2026-03-02,378.39
9535,2026-03-09,374.45
9535,2026-03-16,373.47
9535,2026-03-23,405.0
9535,2026-03-30,394.0
9535,2026-04-06,390.0
9535,2026-04-13,400.0
9535,2026-04-20,400.0
9535,2026-04-27,394.0
9535,2026-05-04,405.0
9535,2026-05-11,414.0
9535,2026-05-18,404.0
9535,2026-05-25,396.0
9535,2026-06-01,393.0
9535,2026-06-08,394.0
9535,2026-06-15,396.0
9535,2026-06-22,386.0
9535,2026-06-29,398.0
9535,2026-07-06,422.0
9535,2026-07-13,422.0
9535,2026-07-20,420.0
9535,2026-07-27,428.0
9535,2026-08-03,405.0
9535,2026-08-10,415.0
9535,2026-08-17,424.0
9535,2026-08-24,432.0
9633,2025-09-01,1382.5
9633,2025-09-08,1383.49
9633,2025-09-15,1383.49
9633,2025-09-22,1412.15
9633,2025-09-29,1383.49
9633,2025-10-06,1387.44
9633,2025-10-13,1382.5
9633,2025-10-20,1392.38
9633,2025-10-27,1430.92
9633,2025-11-03,1403.25
9633,2025-11-10,1404.24
9633,2025-11-17,1433.89
9633,2025-11-24,1408.2
9633,2025-12-01,1414.12
9633,2025-12-08,1417.09
9633,2025-12-15,1418.08
9633,2025-12-22,1469.46
9633,2025-12-29,1507.02
9633,2026-01-05,1474.41
9633,2026-01-12,1468.48
9633,2026-01-19,1475.39
9633,2026-01-26,1481.32
9633,2026-02-02,1481.32
9633,2026-02-09,1485.28
9633,2026-02-16,1508.99
9633,2026-02-23,1569.27
9633,2026-03-02,1606.83
9633,2026-03-09,1679.95
9633,2026-03-16,1677.98
9633,2026-03-23,1676.0
9633,2026-03-30,1647.0
9633,2026-04-06,1601.0
9633,2026-04-13,1578.0
9633,2026-04-20,1550.0
9633,2026-04-27,1570.0
9633,2026-05-04,1579.0
9633,2026-05-11,1633.0
9633,2026-05-18,1616.0
9633,2026-05-25,1672.0
9633,2026-06-01,1643.0
9633,2026-06-08,1659.0
9633,2026-06-15,1608.0
9633,2026-06-22,1617.0
9633,2026-06-29,1625.0
9633,2026-07-06,1631.0
9633,2026-07-13,1635.0
9633,2026-07-20,1638.0
9633,2026-07-27,1633.0
9633,2026-08-03,1646.0
9633,2026-08-10,1722.0
9633,2026-08-17,1836.0
9633,2026-08-24,1928.0
9722,2025-09-01,2108.81
9722,2025-09-08,2071.01
9722,2025-09-15,2065.04
9722,2025-09-22,2124.72
9722,2025-09-29,2043.16
9722,2025-10-06,2188.39
9722,2025-10-13,2244.09
9722,2025-10-20,2212.26
9722,2025-10-27,2224.2
9722,2025-11-03,2168.49
9722,2025-11-10,2250.06
9722,2025-11-17,2104.83
9722,2025-11-24,2315.71
9722,2025-12-01,2246.08
9722,2025-12-08,2395.29
9722,2025-12-15,2506.7
9722,2025-12-22,2638.0
9722,2025-12-29,2640.0
9722,2026-01-05,2717.0
9722,2026-01-12,2710.0
9722,2026-01-19,2716.0
9722,2026-01-26,2488.0
9722,2026-02-02,2552.0
9722,2026-02-09,2356.0
9722,2026-02-16,2321.0
9722,2026-02-23,2355.0
9722,2026-03-02,2248.0
9722,2026-03-09,2094.0
9722,2026-03-16,1977.0
9722,2026-03-23,2060.0
9722,2026-03-30,2128.0
9722,2026-04-06,2319.0
9722,2026-04-13,2244.0
9722,2026-04-20,2065.0
9722,2026-04-27,1988.0
9722,2026-05-04,2013.0
9722,2026-05-11,1905.0
9722,2026-05-18,1848.0
9722,2026-05-25,1870.0
9722,2026-06-01,1805.0
9722,2026-06-08,1757.0
9722,2026-06-15,1855.0
9722,2026-06-22,1852.0
9722,2026-06-29,1951.0
9722,2026-07-06,1878.0
9722,2026-07-13,1909.0
9722,2026-07-20,1929.0
9722,2026-07-27,2016.0
9722,2026-08-03,2235.0
9722,2026-08-10,2333.0
9722,2026-08-17,2651.0
9722,2026-08-24,2880.0
9780,2025-09-01,828.29
9780,2025-09-08,826.35
9780,2025-09-15,836.01
9780,2025-09-22,836.01
9780,2025-09-29,852.71
9780,2025-10-06,834.04
9780,2025-10-13,813.41
9780,2025-10-20,839.94
9780,2025-10-27,828.15
9780,2025-11-03,816.36
9780,2025-11-10,840.92
9780,2025-11-17,828.15
9780,2025-11-24,828.15
9780,2025-12-01,836.99
9780,2025-12-08,854.67
9780,2025-12-15,876.29
9780,2025-12-22,864.5
9780,2025-12-29,866.46
9780,2026-01-05,884.15
9780,2026-01-12,912.63
9780,2026-01-19,903.79
9780,2026-01-26,896.92
9780,2026-02-02,908.7
9780,2026-02-09,987.3
9780,2026-02-16,979.44
9780,2026-02-23,1008.91
9780,2026-03-02,982.38
9780,2026-03-09,948.0
9780,2026-03-16,938.18
9780,2026-03-23,948.0
9780,2026-03-30,970.0
9780,2026-04-06,971.0
9780,2026-04-13,961.0
9780,2026-04-20,943.0
9780,2026-04-27,941.0
9780,2026-05-04,948.0
9780,2026-05-11,925.0
9780,2026-05-18,897.0
9780,2026-05-25,908.0
9780,2026-06-01,901.0
9780,2026-06-08,898.0
9780,2026-06-15,891.0
9780,2026-06-22,891.0
9780,2026-06-29,915.0
9780,2026-07-06,933.0
9780,2026-07-13,925.0
9780,2026-07-20,918.0
9780,2026-07-27,916.0
9780,2026-08-03,948.0
9780,2026-08-10,1015.0
9780,2026-08-17,1100.0
9780,2026-08-24,1150.0
9908,2025-09-01,1991.02
9908,2025-09-08,1995.81
9908,2025-09-15,1989.1
9908,2025-09-22,2038.95
9908,2025-09-29,2013.51
9908,2025-10-06,2007.64
9908,2025-10-13,1987.1
9908,2025-10-20,1994.92
9908,2025-10-27,1993.94
9908,2025-11-03,1988.07
9908,2025-11-10,2004.71
9908,2025-11-17,2000.79
9908,2025-11-24,2018.4
9908,2025-12-01,2025.25
9908,2025-12-08,2143.64
9908,2025-12-15,2157.33
9908,2025-12-22,2240.5
9908,2025-12-29,2220.93
9908,2026-01-05,2309.96
9908,2026-01-12,2387.25
9908,2026-01-19,2362.79
9908,2026-01-26,2307.03
9908,2026-02-02,2493.9
9908,2026-02-09,2589.78
9908,2026-02-16,2519.34
9908,2026-02-23,2623.04
9908,2026-03-02,2533.03
9908,2026-03-09,2525.21
9908,2026-03-16,2428.35
9908,2026-03-23,2444.0
9908,2026-03-30,2476.0
9908,2026-04-06,2476.0
9908,2026-04-13,2446.0
9908,2026-04-20,2363.0
9908,2026-04-27,2403.0
9908,2026-05-04,2542.0
9908,2026-05-11,2518.0
9908,2026-05-18,2458.0
9908,2026-05-25,2536.0
9908,2026-06-01,2550.0
9908,2026-06-08,2428.0
9908,2026-06-15,2510.0
9908,2026-06-22,2567.0
9908,2026-06-29,2697.0
9908,2026-07-06,2658.0
9908,2026-07-13,2630.0
9908,2026-07-20,2617.0
9908,2026-07-27,2645.0
9908,2026-08-03,2688.0
9908,2026-08-10,2740.0
9908,2026-08-17,2711.0
9908,2026-08-24,2813.0
