code,date,close
1438,2025-08-18,1923.7
1438,2025-08-25,1897.24
1438,2025-09-01,1939.38
1438,2025-09-08,1956.04
1438,2025-09-15,1974.66
1438,2025-09-22,1917.82
1438,2025-09-29,1905.95
1438,2025-10-06,1927.71
1438,2025-10-13,1926.72
1438,2025-10-20,1910.9
1438,2025-10-27,1880.24
1438,2025-11-03,1879.25
1438,2025-11-10,1942.55
1438,2025-11-17,1839.68
1438,2025-11-24,1829.79
1438,2025-12-01,1833.75
1438,2025-12-08,1806.05
1438,2025-12-15,1802.1
1438,2025-12-22,1764.51
1438,2025-12-29,1795.17
1438,2026-01-05,1770.45
1438,2026-01-12,1772.43
1438,2026-01-19,1774.4
1438,2026-01-26,1755.61
1438,2026-02-02,1751.66
1438,2026-02-09,1790.23
1438,2026-02-16,1859.46
1438,2026-02-23,1862.43
1438,2026-03-02,1810.01
1438,2026-03-09,1828.8
1438,2026-03-16,1818.91
1438,2026-03-23,1811.0
1438,2026-03-30,1810.0
1438,2026-04-06,1849.0
1438,2026-04-13,1869.0
1438,2026-04-20,1910.0
1438,2026-04-27,1860.0
1438,2026-05-04,1863.0
1438,2026-05-11,1950.0
1438,2026-05-18,1899.0
1438,2026-05-25,1833.0
1438,2026-06-01,1856.0
1438,2026-06-08,1831.0
1438,2026-06-15,1872.0
1438,2026-06-22,1890.0
1438,2026-06-29,1879.0
1438,2026-07-06,1896.0
1438,2026-07-13,1871.0
1438,2026-07-20,1931.0
1438,2026-07-27,1965.0
1438,2026-08-03,2145.0
1438,2026-08-10,2180.0
1899,2025-08-18,2819.18
1899,2025-08-25,2848.2
1899,2025-09-01,3186.69
1899,2025-09-08,3239.89
1899,2025-09-15,3177.02
1899,2025-09-22,3380.12
1899,2025-09-29,3225.38
1899,2025-10-06,3264.06
1899,2025-10-13,3331.76
1899,2025-10-20,3389.79
1899,2025-10-27,3326.93
1899,2025-11-03,3438.15
1899,2025-11-10,3510.68
1899,2025-11-17,3660.59
1899,2025-11-24,3849.18
1899,2025-12-01,3742.79
1899,2025-12-08,3776.64
1899,2025-12-15,3747.63
1899,2025-12-22,3825.0
1899,2025-12-29,3760.0
1899,2026-01-05,3985.0
1899,2026-01-12,4115.0
1899,2026-01-19,4125.0
1899,2026-01-26,3900.0
1899,2026-02-02,4175.0
1899,2026-02-09,3710.0
1899,2026-02-16,3680.0
1899,2026-02-23,3925.0
1899,2026-03-02,3785.0
1899,2026-03-09,3795.0
1899,2026-03-16,3965.0
1899,2026-03-23,4155.0
1899,2026-03-30,4315.0
1899,2026-04-06,4290.0
1899,2026-04-13,4105.0
1899,2026-04-20,4070.0
1899,2026-04-27,4215.0
1899,2026-05-04,4215.0
1899,2026-05-11,4090.0
1899,2026-05-18,3785.0
1899,2026-05-25,3745.0
1899,2026-06-01,3675.0
1899,2026-06-08,3620.0
1899,2026-06-15,3970.0
1899,2026-06-22,3785.0
1899,2026-06-29,3655.0
1899,2026-07-06,3760.0
1899,2026-07-13,3720.0
1899,2026-07-20,3900.0
1899,2026-07-27,3870.0
1899,2026-08-03,4440.0
1899,2026-08-10,4755.0
1939,2025-08-18,1308.69
1939,2025-08-25,1314.42
1939,2025-09-01,1331.6
1939,2025-09-08,1321.1
1939,2025-09-15,1305.83
1939,2025-09-22,1323.01
1939,2025-09-29,1290.76
1939,2025-10-06,1285.88
1939,2025-10-13,1317.15
1939,2025-10-20,1346.46
1939,2025-10-27,1375.77
1939,2025-11-03,1354.28
1939,2025-11-10,1408.02
1939,2025-11-17,1421.7
1939,2025-11-24,1474.46
1939,2025-12-01,1419.74
1939,2025-12-08,1444.17
1939,2025-12-15,1475.44
1939,2025-12-22,1496.93
1939,2025-12-29,1522.34
1939,2026-01-05,1561.42
1939,2026-01-12,1667.93
1939,2026-01-19,1690.4
1939,2026-01-26,1635.68
1939,2026-02-02,1913.18
1939,2026-02-09,1956.18
1939,2026-02-16,1964.97
1939,2026-02-23,2063.66
1939,2026-03-02,1900.48
1939,2026-03-09,1914.16
1939,2026-03-16,1922.95
1939,2026-03-23,1921.0
1939,2026-03-30,1923.0
1939,2026-04-06,1982.0
1939,2026-04-13,1913.0
1939,2026-04-20,1970.0
1939,2026-04-27,2020.0
1939,2026-05-04,2045.0
1939,2026-05-11,2014.0
1939,2026-05-18,1909.0
1939,2026-05-25,1955.0
1939,2026-06-01,1852.0
1939,2026-06-08,1881.0
1939,2026-06-15,1984.0
1939,2026-06-22,2063.0
1939,2026-06-29,2006.0
1939,2026-07-06,2000.0
1939,2026-07-13,1932.0
1939,2026-07-20,1990.0
1939,2026-07-27,2007.0
1939,2026-08-03,2081.0
1939,2026-08-10,2149.0
2060,2025-08-18,1101.77
2060,2025-08-25,1089.26
2060,2025-09-01,1111.39
2060,2025-09-08,1103.69
2060,2025-09-15,1103.69
2060,2025-09-22,1117.16
2060,2025-09-29,1056.4
2060,2025-10-06,1017.21
2060,2025-10-13,1032.89
2060,2025-10-20,1044.65
2060,2025-10-27,997.61
2060,2025-11-03,983.89
2060,2025-11-10,986.83
2060,2025-11-17,1022.11
2060,2025-11-24,1005.45
2060,2025-12-01,998.59
2060,2025-12-08,991.73
2060,2025-12-15,1031.91
2060,2025-12-22,1034.85
2060,2025-12-29,1037.79
2060,2026-01-05,1060.32
2060,2026-01-12,1070.12
2060,2026-01-19,1068.16
2060,2026-01-26,1088.74
2060,2026-02-02,1174.98
2060,2026-02-09,1237.7
2060,2026-02-16,1230.84
2060,2026-02-23,1306.3
2060,2026-03-02,1239.66
2060,2026-03-09,1179.88
2060,2026-03-16,1167.14
2060,2026-03-23,1198.5
2060,2026-03-30,1170.0
2060,2026-04-06,1144.0
2060,2026-04-13,1125.0
2060,2026-04-20,1085.0
2060,2026-04-27,1102.0
2060,2026-05-04,1092.0
2060,2026-05-11,1253.0
2060,2026-05-18,1188.0
2060,2026-05-25,1200.0
2060,2026-06-01,1167.0
2060,2026-06-08,1211.0
2060,2026-06-15,1205.0
2060,2026-06-22,1219.0
2060,2026-06-29,1258.0
2060,2026-07-06,1261.0
2060,2026-07-13,1284.0
2060,2026-07-20,1283.0
2060,2026-07-27,1284.0
2060,2026-08-03,1273.0
2060,2026-08-10,1368.0
2108,2025-08-18,2625.27
2108,2025-08-25,2618.53
2108,2025-09-01,2703.28
2108,2025-09-08,2812.1
2108,2025-09-15,2800.55
2108,2025-09-22,2805.36
2108,2025-09-29,2803.43
2108,2025-10-06,2715.8
2108,2025-10-13,2743.73
2108,2025-10-20,2903.59
2108,2025-10-27,2880.48
2108,2025-11-03,2990.27
2108,2025-11-10,3192.51
2108,2025-11-17,3491.05
2108,2025-11-24,3500.68
2108,2025-12-01,3462.16
2108,2025-12-08,3500.68
2108,2025-12-15,3505.5
2108,2025-12-22,3659.58
2108,2025-12-29,3688.48
2108,2026-01-05,3808.86
2108,2026-01-12,3895.53
2108,2026-01-19,4015.91
2108,2026-01-26,3987.02
2108,2026-02-02,4011.1
2108,2026-02-09,4237.41
2108,2026-02-16,4155.55
2108,2026-02-23,4352.98
2108,2026-03-02,4126.66
2108,2026-03-09,3972.58
2108,2026-03-16,4044.8
2108,2026-03-23,4170.0
2108,2026-03-30,4140.0
2108,2026-04-06,4020.0
2108,2026-04-13,4000.0
2108,2026-04-20,4000.0
2108,2026-04-27,4020.0
2108,2026-05-04,3975.0
2108,2026-05-11,4240.0
2108,2026-05-18,4280.0
2108,2026-05-25,4280.0
2108,2026-06-01,4315.0
2108,2026-06-08,4570.0
2108,2026-06-15,4600.0
2108,2026-06-22,4680.0
2108,2026-06-29,4975.0
2108,2026-07-06,4720.0
2108,2026-07-13,4645.0
2108,2026-07-20,4960.0
2108,2026-07-27,5040.0
2108,2026-08-03,5170.0
2108,2026-08-10,5430.0
2179,2025-08-18,748.97
2179,2025-08-25,758.7
2179,2025-09-01,765.51
2179,2025-09-08,752.86
2179,2025-09-15,748.97
2179,2025-09-22,759.67
2179,2025-09-29,775.46
2179,2025-10-06,767.56
2179,2025-10-13,772.5
2179,2025-10-20,768.55
2179,2025-10-27,767.56
2179,2025-11-03,775.46
2179,2025-11-10,768.55
2179,2025-11-17,766.58
2179,2025-11-24,797.16
2179,2025-12-01,781.38
2179,2025-12-08,783.35
2179,2025-12-15,780.39
2179,2025-12-22,777.43
2179,2025-12-29,778.42
2179,2026-01-05,799.13
2179,2026-01-12,794.2
2179,2026-01-19,813.93
2179,2026-01-26,799.13
2179,2026-02-02,804.07
2179,2026-02-09,799.13
2179,2026-02-16,803.08
2179,2026-02-23,811.96
2179,2026-03-02,806.04
2179,2026-03-09,802.09
2179,2026-03-16,804.07
2179,2026-03-23,809.0
2179,2026-03-30,770.0
2179,2026-04-06,769.0
2179,2026-04-13,760.0
2179,2026-04-20,763.0
2179,2026-04-27,753.0
2179,2026-05-04,750.0
2179,2026-05-11,790.0
2179,2026-05-18,807.0
2179,2026-05-25,805.0
2179,2026-06-01,762.0
2179,2026-06-08,775.0
2179,2026-06-15,767.0
2179,2026-06-22,784.0
2179,2026-06-29,777.0
2179,2026-07-06,794.0
2179,2026-07-13,798.0
2179,2026-07-20,801.0
2179,2026-07-27,819.0
2179,2026-08-03,823.0
2179,2026-08-10,840.0
2207,2025-08-18,2121.31
2207,2025-08-25,2087.03
2207,2025-09-01,2142.86
2207,2025-09-08,2248.63
2207,2025-09-15,2204.56
2207,2025-09-22,2232.96
2207,2025-09-29,2115.38
2207,2025-10-06,2076.85
2207,2025-10-13,2095.62
2207,2025-10-20,2104.51
2207,2025-10-27,2106.49
2207,2025-11-03,2143.05
2207,2025-11-10,2172.69
2207,2025-11-17,2171.7
2207,2025-11-24,2333.74
2207,2025-12-01,2279.39
2207,2025-12-08,2324.84
2207,2025-12-15,2322.87
2207,2025-12-22,2331.76
2207,2025-12-29,2383.14
2207,2026-01-05,2489.85
2207,2026-01-12,2471.07
2207,2026-01-19,2485.89
2207,2026-01-26,2533.32
2207,2026-02-02,2567.9
2207,2026-02-09,2537.27
2207,2026-02-16,2551.1
2207,2026-02-23,2705.24
2207,2026-03-02,2815.9
2207,2026-03-09,2834.67
2207,2026-03-16,2871.23
2207,2026-03-23,2890.0
2207,2026-03-30,3095.0
2207,2026-04-06,3070.0
2207,2026-04-13,3260.0
2207,2026-04-20,3205.0
2207,2026-04-27,3280.0
2207,2026-05-04,3275.0
2207,2026-05-11,3090.0
2207,2026-05-18,3015.0
2207,2026-05-25,3000.0
2207,2026-06-01,2943.0
2207,2026-06-08,2946.0
2207,2026-06-15,3015.0
2207,2026-06-22,3160.0
2207,2026-06-29,3195.0
2207,2026-07-06,3110.0
2207,2026-07-13,3130.0
2207,2026-07-20,3155.0
2207,2026-07-27,3195.0
2207,2026-08-03,3245.0
2207,2026-08-10,3590.0
2222,2025-08-18,1824.41
2222,2025-08-25,1792.49
2222,2025-09-01,1792.49
2222,2025-09-08,1776.78
2222,2025-09-15,1780.71
2222,2025-09-22,1848.97
2222,2025-09-29,1774.81
2222,2025-10-06,1787.58
2222,2025-10-13,1827.85
2222,2025-10-20,1832.27
2222,2025-10-27,1815.58
2222,2025-11-03,1961.43
2222,2025-11-10,1903.97
2222,2025-11-17,1743.38
2222,2025-11-24,1808.7
2222,2025-12-01,1768.43
2222,2025-12-08,1786.6
2222,2025-12-15,1781.69
2222,2025-12-22,1812.14
2222,2025-12-29,1800.35
2222,2026-01-05,1820.98
2222,2026-01-12,1783.65
2222,2026-01-19,1786.6
2222,2026-01-26,1756.15
2222,2026-02-02,1984.02
2222,2026-02-09,1943.75
2222,2026-02-16,1942.77
2222,2026-02-23,1952.1
2222,2026-03-02,1895.13
2222,2026-03-09,1892.19
2222,2026-03-16,1924.11
2222,2026-03-23,1930.0
2222,2026-03-30,1895.5
2222,2026-04-06,1842.0
2222,2026-04-13,1991.5
2222,2026-04-20,2008.5
2222,2026-04-27,1972.0
2222,2026-05-04,1971.5
2222,2026-05-11,2121.5
2222,2026-05-18,2004.5
2222,2026-05-25,2085.0
2222,2026-06-01,2153.5
2222,2026-06-08,2342.5
2222,2026-06-15,2324.0
2222,2026-06-22,2421.5
2222,2026-06-29,2545.0
2222,2026-07-06,2608.5
2222,2026-07-13,2598.5
2222,2026-07-20,2434.0
2222,2026-07-27,2543.0
2222,2026-08-03,2609.0
2222,2026-08-10,2687.5
2340,2025-08-18,487.98
2340,2025-08-25,487.98
2340,2025-09-01,494.89
2340,2025-09-08,496.87
2340,2025-09-15,495.88
2340,2025-09-22,498.84
2340,2025-09-29,472.17
2340,2025-10-06,472.17
2340,2025-10-13,472.17
2340,2025-10-20,475.13
2340,2025-10-27,474.15
2340,2025-11-03,474.15
2340,2025-11-10,478.1
2340,2025-11-17,465.26
2340,2025-11-24,471.18
2340,2025-12-01,468.22
2340,2025-12-08,469.21
2340,2025-12-15,471.18
2340,2025-12-22,472.17
2340,2025-12-29,475.13
2340,2026-01-05,481.06
2340,2026-01-12,480.07
2340,2026-01-19,480.07
2340,2026-01-26,481.06
2340,2026-02-02,480.07
2340,2026-02-09,487.98
2340,2026-02-16,485.01
2340,2026-02-23,486.0
2340,2026-03-02,484.02
2340,2026-03-09,480.07
2340,2026-03-16,480.07
2340,2026-03-23,486.0
2340,2026-03-30,485.0
2340,2026-04-06,487.0
2340,2026-04-13,486.0
2340,2026-04-20,482.0
2340,2026-04-27,482.0
2340,2026-05-04,483.0
2340,2026-05-11,480.0
2340,2026-05-18,478.0
2340,2026-05-25,477.0
2340,2026-06-01,472.0
2340,2026-06-08,473.0
2340,2026-06-15,476.0
2340,2026-06-22,483.0
2340,2026-06-29,492.0
2340,2026-07-06,495.0
2340,2026-07-13,494.0
2340,2026-07-20,499.0
2340,2026-07-27,501.0
2340,2026-08-03,511.0
2340,2026-08-10,525.0
2489,2025-08-18,286.18
2489,2025-08-25,284.23
2489,2025-09-01,297.91
2489,2025-09-08,300.84
2489,2025-09-15,314.51
2489,2025-09-22,318.42
2489,2025-09-29,286.18
2489,2025-10-06,287.16
2489,2025-10-13,278.37
2489,2025-10-20,293.02
2489,2025-10-27,285.21
2489,2025-11-03,288.14
2489,2025-11-10,292.04
2489,2025-11-17,268.6
2489,2025-11-24,269.58
2489,2025-12-01,251.02
2489,2025-12-08,249.07
2489,2025-12-15,269.58
2489,2025-12-22,269.58
2489,2025-12-29,264.0
2489,2026-01-05,270.0
2489,2026-01-12,264.0
2489,2026-01-19,275.0
2489,2026-01-26,263.0
2489,2026-02-02,257.0
2489,2026-02-09,288.0
2489,2026-02-16,282.0
2489,2026-02-23,290.0
2489,2026-03-02,278.0
2489,2026-03-09,268.0
2489,2026-03-16,269.0
2489,2026-03-23,279.0
2489,2026-03-30,271.0
2489,2026-04-06,280.0
2489,2026-04-13,282.0
2489,2026-04-20,278.0
2489,2026-04-27,286.0
2489,2026-05-04,294.0
2489,2026-05-11,286.0
2489,2026-05-18,272.0
2489,2026-05-25,265.0
2489,2026-06-01,272.0
2489,2026-06-08,264.0
2489,2026-06-15,286.0
2489,2026-06-22,284.0
2489,2026-06-29,297.0
2489,2026-07-06,303.0
2489,2026-07-13,309.0
2489,2026-07-20,304.0
2489,2026-07-27,317.0
2489,2026-08-03,311.0
2489,2026-08-10,386.0
2652,2025-08-18,324.96
2652,2025-08-25,340.91
2652,2025-09-01,331.94
2652,2025-09-08,313.0
2652,2025-09-15,315.99
2652,2025-09-22,313.0
2652,2025-09-29,319.0
2652,2025-10-06,352.0
2652,2025-10-13,356.0
2652,2025-10-20,373.0
2652,2025-10-27,375.0
2652,2025-11-03,365.0
2652,2025-11-10,349.0
2652,2025-11-17,339.0
2652,2025-11-24,339.0
2652,2025-12-01,332.0
2652,2025-12-08,334.0
2652,2025-12-15,342.0
2652,2025-12-22,330.0
2652,2025-12-29,341.0
2652,2026-01-05,352.0
2652,2026-01-12,359.0
2652,2026-01-19,350.0
2652,2026-01-26,347.0
2652,2026-02-02,344.0
2652,2026-02-09,347.0
2652,2026-02-16,349.0
2652,2026-02-23,362.0
2652,2026-03-02,355.0
2652,2026-03-09,335.0
2652,2026-03-16,332.0
2652,2026-03-23,328.0
2652,2026-03-30,329.0
2652,2026-04-06,328.0
2652,2026-04-13,332.0
2652,2026-04-20,329.0
2652,2026-04-27,342.0
2652,2026-05-04,350.0
2652,2026-05-11,346.0
2652,2026-05-18,351.0
2652,2026-05-25,349.0
2652,2026-06-01,359.0
2652,2026-06-08,394.0
2652,2026-06-15,389.0
2652,2026-06-22,404.0
2652,2026-06-29,424.0
2652,2026-07-06,446.0
2652,2026-07-13,455.0
2652,2026-07-20,431.0
2652,2026-07-27,417.0
2652,2026-08-03,449.0
2652,2026-08-10,486.0
2664,2025-08-18,2742.87
2664,2025-08-25,2713.84
2664,2025-09-01,2766.1
2664,2025-09-08,2799.98
2664,2025-09-15,2791.27
2664,2025-09-22,2851.27
2664,2025-09-29,2804.82
2664,2025-10-06,2840.63
2664,2025-10-13,2831.92
2664,2025-10-20,2855.14
2664,2025-10-27,2873.53
2664,2025-11-03,2913.22
2664,2025-11-10,2888.05
2664,2025-11-17,2966.45
2664,2025-11-24,2927.73
2664,2025-12-01,2823.21
2664,2025-12-08,2795.14
2664,2025-12-15,2859.98
2664,2025-12-22,2918.05
2664,2025-12-29,2903.54
2664,2026-01-05,2932.57
2664,2026-01-12,2927.73
2664,2026-01-19,3000.32
2664,2026-01-26,3000.32
2664,2026-02-02,3029.36
2664,2026-02-09,3029.36
2664,2026-02-16,3029.36
2664,2026-02-23,3203.57
2664,2026-03-02,3000.32
2664,2026-03-09,2923.0
2664,2026-03-16,2991.0
2664,2026-03-23,2997.0
2664,2026-03-30,3050.0
2664,2026-04-06,3030.0
2664,2026-04-13,2923.0
2664,2026-04-20,2815.0
2664,2026-04-27,3000.0
2664,2026-05-04,3045.0
2664,2026-05-11,3065.0
2664,2026-05-18,3120.0
2664,2026-05-25,3280.0
2664,2026-06-01,3350.0
2664,2026-06-08,3510.0
2664,2026-06-15,3480.0
2664,2026-06-22,3485.0
2664,2026-06-29,3390.0
2664,2026-07-06,3440.0
2664,2026-07-13,3380.0
2664,2026-07-20,3335.0
2664,2026-07-27,3325.0
2664,2026-08-03,3645.0
2664,2026-08-10,3680.0
2798,2025-08-18,2989.0
2798,2025-08-25,2898.0
2798,2025-09-01,2901.0
2798,2025-09-08,2912.0
2798,2025-09-15,2901.0
2798,2025-09-22,2930.0
2798,2025-09-29,2926.0
2798,2025-10-06,2914.0
2798,2025-10-13,2910.0
2798,2025-10-20,2915.0
2798,2025-10-27,2929.0
2798,2025-11-03,2901.0
2798,2025-11-10,2906.0
2798,2025-11-17,2897.0
2798,2025-11-24,2919.0
2798,2025-12-01,2907.0
2798,2025-12-08,2921.0
2798,2025-12-15,2936.0
2798,2025-12-22,2946.0
2798,2025-12-29,2974.0
2798,2026-01-05,2995.0
2798,2026-01-12,3010.0
2798,2026-01-19,2995.0
2798,2026-01-26,2983.0
2798,2026-02-02,3005.0
2798,2026-02-09,3010.0
2798,2026-02-16,3015.0
2798,2026-02-23,2910.0
2798,2026-03-02,2907.0
2798,2026-03-09,2938.0
2798,2026-03-16,2915.0
2798,2026-03-23,2924.0
2798,2026-03-30,2948.0
2798,2026-04-06,2959.0
2798,2026-04-13,2968.0
2798,2026-04-20,2975.0
2798,2026-04-27,2989.0
2798,2026-05-04,2993.0
2798,2026-05-11,2993.0
2798,2026-05-18,2985.0
2798,2026-05-25,2999.0
2798,2026-06-01,2988.0
2798,2026-06-08,2988.0
2798,2026-06-15,2990.0
2798,2026-06-22,2980.0
2798,2026-06-29,2998.0
2798,2026-07-06,3010.0
2798,2026-07-13,3015.0
2798,2026-07-20,3025.0
2798,2026-07-27,3020.0
2798,2026-08-03,3045.0
2798,2026-08-10,3055.0
2820,2025-08-18,4991.71
2820,2025-08-25,4633.05
2820,2025-09-01,4972.06
2820,2025-09-08,4854.14
2820,2025-09-15,5080.14
2820,2025-09-22,4962.23
2820,2025-09-29,4750.97
2820,2025-10-06,4151.57
2820,2025-10-13,4009.09
2820,2025-10-20,3974.7
2820,2025-10-27,3935.39
2820,2025-11-03,3876.43
2820,2025-11-10,4407.05
2820,2025-11-17,4303.87
2820,2025-11-24,4338.27
2820,2025-12-01,4077.87
2820,2025-12-08,4023.83
2820,2025-12-15,4623.23
2820,2025-12-22,4618.31
2820,2025-12-29,4901.51
2820,2026-01-05,4807.44
2820,2026-01-12,4614.35
2820,2026-01-19,4871.8
2820,2026-01-26,4817.34
2820,2026-02-02,5020.33
2820,2026-02-09,5188.67
2820,2026-02-16,5218.38
2820,2026-02-23,5050.04
2820,2026-03-02,5030.24
2820,2026-03-09,4653.96
2820,2026-03-16,4535.13
2820,2026-03-23,4337.09
2820,2026-03-30,4173.71
2820,2026-04-06,4297.49
2820,2026-04-13,4243.02
2820,2026-04-20,4109.35
2820,2026-04-27,4035.08
2820,2026-05-04,3827.14
2820,2026-05-11,3772.68
2820,2026-05-18,4178.66
2820,2026-05-25,4545.04
2820,2026-06-01,4238.07
2820,2026-06-08,4624.25
2820,2026-06-15,4733.18
2820,2026-06-22,4852.0
2820,2026-06-29,5060.0
2820,2026-07-06,4720.0
2820,2026-07-13,5040.0
2820,2026-07-20,4755.0
2820,2026-07-27,4975.0
2820,2026-08-03,5080.0
2820,2026-08-10,5580.0
287A,2025-08-18,861.97
287A,2025-08-25,854.48
287A,2025-09-01,847.92
287A,2025-09-08,831.99
287A,2025-09-15,830.12
287A,2025-09-22,837.61
287A,2025-09-29,818.22
287A,2025-10-06,812.41
287A,2025-10-13,827.92
287A,2025-10-20,834.7
287A,2025-10-27,843.43
287A,2025-11-03,834.7
287A,2025-11-10,853.12
287A,2025-11-17,846.34
287A,2025-11-24,847.31
287A,2025-12-01,848.28
287A,2025-12-08,850.21
287A,2025-12-15,862.82
287A,2025-12-22,885.12
287A,2025-12-29,909.35
287A,2026-01-05,932.62
287A,2026-01-12,938.44
287A,2026-01-19,969.46
287A,2026-01-26,957.82
287A,2026-02-02,981.09
287A,2026-02-09,997.57
287A,2026-02-16,1030.53
287A,2026-02-23,1088.7
287A,2026-03-02,1059.62
287A,2026-03-09,1013.08
287A,2026-03-16,986.91
287A,2026-03-23,984.0
287A,2026-03-30,962.0
287A,2026-04-06,971.0
287A,2026-04-13,972.0
287A,2026-04-20,948.0
287A,2026-04-27,944.0
287A,2026-05-04,958.0
287A,2026-05-11,951.0
287A,2026-05-18,1018.0
287A,2026-05-25,1067.0
287A,2026-06-01,1057.0
287A,2026-06-08,1006.0
287A,2026-06-15,1106.0
287A,2026-06-22,1069.0
287A,2026-06-29,1101.0
287A,2026-07-06,1109.0
287A,2026-07-13,1071.0
287A,2026-07-20,1098.0
287A,2026-07-27,1091.0
287A,2026-08-03,1141.0
287A,2026-08-10,1191.0
3040,2025-08-18,1365.47
3040,2025-08-25,1346.05
3040,2025-09-01,1343.14
3040,2025-09-08,1355.76
3040,2025-09-15,1403.35
3040,2025-09-22,1439.28
3040,2025-09-29,1405.29
3040,2025-10-06,1494.64
3040,2025-10-13,1434.43
3040,2025-10-20,1614.09
3040,2025-10-27,1667.51
3040,2025-11-03,1719.95
3040,2025-11-10,1793.76
3040,2025-11-17,1772.4
3040,2025-11-24,1845.23
3040,2025-12-01,1869.51
3040,2025-12-08,1931.67
3040,2025-12-15,1952.06
3040,2025-12-22,2031.7
3040,2025-12-29,2022.84
3040,2026-01-05,2013.98
3040,2026-01-12,2112.42
3040,2026-01-19,2015.95
3040,2026-01-26,1921.45
3040,2026-02-02,1895.86
3040,2026-02-09,1973.62
3040,2026-02-16,2054.34
3040,2026-02-23,1962.8
3040,2026-03-02,1837.78
3040,2026-03-09,1814.16
3040,2026-03-16,1775.77
3040,2026-03-23,1741.32
3040,2026-03-30,1646.82
3040,2026-04-06,1697.02
3040,2026-04-13,1734.43
3040,2026-04-20,1747.22
3040,2026-04-27,1746.24
3040,2026-05-04,1841.72
3040,2026-05-11,2017.92
3040,2026-05-18,2101.59
3040,2026-05-25,2069.1
3040,2026-06-01,2166.56
3040,2026-06-08,2041.54
3040,2026-06-15,1992.33
3040,2026-06-22,1887.0
3040,2026-06-29,1986.0
3040,2026-07-06,1988.0
3040,2026-07-13,1971.0
3040,2026-07-20,1957.0
3040,2026-07-27,1950.0
3040,2026-08-03,2006.0
3040,2026-08-10,2444.0
3131,2025-08-18,2705.34
3131,2025-08-25,3065.36
3131,2025-09-01,2969.86
3131,2025-09-08,3199.05
3131,2025-09-15,3151.3
3131,2025-09-22,3199.05
3131,2025-09-29,3165.62
3131,2025-10-06,3194.27
3131,2025-10-13,2974.64
3131,2025-10-20,3070.13
3131,2025-10-27,3347.06
3131,2025-11-03,3318.41
3131,2025-11-10,2627.99
3131,2025-11-17,2520.08
3131,2025-11-24,2593.62
3131,2025-12-01,2561.15
3131,2025-12-08,2616.53
3131,2025-12-15,2559.24
3131,2025-12-22,2746.41
3131,2025-12-29,2767.41
3131,2026-01-05,2797.02
3131,2026-01-12,2826.62
3131,2026-01-19,2874.37
3131,2026-01-26,2898.24
3131,2026-02-02,2847.63
3131,2026-02-09,2776.01
3131,2026-02-16,2825.67
3131,2026-02-23,2950.76
3131,2026-03-02,2801.79
3131,2026-03-09,2674.79
3131,2026-03-16,2700.57
3131,2026-03-23,2755.0
3131,2026-03-30,2695.0
3131,2026-04-06,2731.0
3131,2026-04-13,2779.0
3131,2026-04-20,2744.0
3131,2026-04-27,2857.0
3131,2026-05-04,3055.0
3131,2026-05-11,3125.0
3131,2026-05-18,3200.0
3131,2026-05-25,3455.0
3131,2026-06-01,3655.0
3131,2026-06-08,3350.0
3131,2026-06-15,3615.0
3131,2026-06-22,3555.0
3131,2026-06-29,4025.0
3131,2026-07-06,3635.0
3131,2026-07-13,3375.0
3131,2026-07-20,3515.0
3131,2026-07-27,4100.0
3131,2026-08-03,4455.0
3131,2026-08-10,6480.0
3173,2025-08-18,852.85
3173,2025-08-25,852.85
3173,2025-09-01,855.74
3173,2025-09-08,867.31
3173,2025-09-15,861.52
3173,2025-09-22,882.72
3173,2025-09-29,859.21
3173,2025-10-06,857.25
3173,2025-10-13,863.13
3173,2025-10-20,867.05
3173,2025-10-27,857.25
3173,2025-11-03,863.13
3173,2025-11-10,870.97
3173,2025-11-17,854.31
3173,2025-11-24,864.11
3173,2025-12-01,876.85
3173,2025-12-08,878.81
3173,2025-12-15,872.93
3173,2025-12-22,860.19
3173,2025-12-29,881.74
3173,2026-01-05,886.64
3173,2026-01-12,887.62
3173,2026-01-19,887.62
3173,2026-01-26,885.66
3173,2026-02-02,885.66
3173,2026-02-09,899.38
3173,2026-02-16,971.88
3173,2026-02-23,981.68
3173,2026-03-02,973.84
3173,2026-03-09,969.92
3173,2026-03-16,969.92
3173,2026-03-23,966.0
3173,2026-03-30,921.0
3173,2026-04-06,919.0
3173,2026-04-13,917.0
3173,2026-04-20,916.0
3173,2026-04-27,917.0
3173,2026-05-04,914.0
3173,2026-05-11,922.0
3173,2026-05-18,960.0
3173,2026-05-25,961.0
3173,2026-06-01,968.0
3173,2026-06-08,961.0
3173,2026-06-15,972.0
3173,2026-06-22,1002.0
3173,2026-06-29,1058.0
3173,2026-07-06,1048.0
3173,2026-07-13,1018.0
3173,2026-07-20,1052.0
3173,2026-07-27,1099.0
3173,2026-08-03,1228.0
3173,2026-08-10,1498.0
3176,2025-08-18,756.25
3176,2025-08-25,777.47
3176,2025-09-01,790.01
3176,2025-09-08,795.8
3176,2025-09-15,795.8
3176,2025-09-22,804.48
3176,2025-09-29,775.03
3176,2025-10-06,748.53
3176,2025-10-13,760.31
3176,2025-10-20,786.32
3176,2025-10-27,779.94
3176,2025-11-03,785.34
3176,2025-11-10,749.51
3176,2025-11-17,743.62
3176,2025-11-24,757.36
3176,2025-12-01,730.37
3176,2025-12-08,723.98
3176,2025-12-15,724.48
3176,2025-12-22,734.78
3176,2025-12-29,732.82
3176,2026-01-05,753.93
3176,2026-01-12,767.67
3176,2026-01-19,772.09
3176,2026-01-26,778.96
3176,2026-02-02,873.2
3176,2026-02-09,887.92
3176,2026-02-16,905.59
3176,2026-02-23,924.74
3176,2026-03-02,849.64
3176,2026-03-09,797.12
3176,2026-03-16,814.79
3176,2026-03-23,803.5
3176,2026-03-30,811.0
3176,2026-04-06,819.0
3176,2026-04-13,802.5
3176,2026-04-20,773.0
3176,2026-04-27,789.5
3176,2026-05-04,784.5
3176,2026-05-11,793.0
3176,2026-05-18,812.0
3176,2026-05-25,790.0
3176,2026-06-01,761.0
3176,2026-06-08,765.0
3176,2026-06-15,763.5
3176,2026-06-22,778.0
3176,2026-06-29,793.0
3176,2026-07-06,815.0
3176,2026-07-13,815.0
3176,2026-07-20,842.0
3176,2026-07-27,865.0
3176,2026-08-03,1069.0
3176,2026-08-10,1125.0
3276,2025-08-18,1269.07
3276,2025-08-25,1263.21
3276,2025-09-01,1239.79
3276,2025-09-08,1272.0
3276,2025-09-15,1264.19
3276,2025-09-22,1309.1
3276,2025-09-29,1230.02
3276,2025-10-06,1242.71
3276,2025-10-13,1246.62
3276,2025-10-20,1267.12
3276,2025-10-27,1223.19
3276,2025-11-03,1222.21
3276,2025-11-10,1236.86
3276,2025-11-17,1251.5
3276,2025-11-24,1265.17
3276,2025-12-01,1224.17
3276,2025-12-08,1227.09
3276,2025-12-15,1257.36
3276,2025-12-22,1272.0
3276,2025-12-29,1290.0
3276,2026-01-05,1292.0
3276,2026-01-12,1294.0
3276,2026-01-19,1291.0
3276,2026-01-26,1280.0
3276,2026-02-02,1289.0
3276,2026-02-09,1332.0
3276,2026-02-16,1352.0
3276,2026-02-23,1375.0
3276,2026-03-02,1341.0
3276,2026-03-09,1330.0
3276,2026-03-16,1321.0
3276,2026-03-23,1328.0
3276,2026-03-30,1322.0
3276,2026-04-06,1329.0
3276,2026-04-13,1316.0
3276,2026-04-20,1292.0
3276,2026-04-27,1298.0
3276,2026-05-04,1281.0
3276,2026-05-11,1353.0
3276,2026-05-18,1323.0
3276,2026-05-25,1329.0
3276,2026-06-01,1315.0
3276,2026-06-08,1303.0
3276,2026-06-15,1310.0
3276,2026-06-22,1310.0
3276,2026-06-29,1329.0
3276,2026-07-06,1587.0
3276,2026-07-13,1781.0
3276,2026-07-20,1794.0
3276,2026-07-27,1822.0
3276,2026-08-03,2244.0
3276,2026-08-10,2244.0
3277,2025-08-18,635.39
3277,2025-08-25,621.94
3277,2025-09-01,609.94
3277,2025-09-08,610.9
3277,2025-09-15,616.18
3277,2025-09-22,631.55
3277,2025-09-29,623.86
3277,2025-10-06,623.86
3277,2025-10-13,657.0
3277,2025-10-20,671.89
3277,2025-10-27,656.04
3277,2025-11-03,646.44
3277,2025-11-10,677.65
3277,2025-11-17,652.2
3277,2025-11-24,670.93
3277,2025-12-01,628.19
3277,2025-12-08,627.23
3277,2025-12-15,630.11
3277,2025-12-22,646.44
3277,2025-12-29,650.85
3277,2026-01-05,683.74
3277,2026-01-12,687.18
3277,2026-01-19,676.87
3277,2026-01-26,666.56
3277,2026-02-02,668.52
3277,2026-02-09,680.79
3277,2026-02-16,690.12
3277,2026-02-23,744.6
3277,2026-03-02,726.93
3277,2026-03-09,696.99
3277,2026-03-16,701.9
3277,2026-03-23,693.07
3277,2026-03-30,692.57
3277,2026-04-06,696.5
3277,2026-04-13,699.94
3277,2026-04-20,684.72
3277,2026-04-27,638.09
3277,2026-05-04,642.02
3277,2026-05-11,679.81
3277,2026-05-18,627.29
3277,2026-05-25,628.77
3277,2026-06-01,617.48
3277,2026-06-08,617.97
3277,2026-06-15,619.93
3277,2026-06-22,643.0
3277,2026-06-29,645.0
3277,2026-07-06,637.0
3277,2026-07-13,636.0
3277,2026-07-20,647.0
3277,2026-07-27,642.0
3277,2026-08-03,629.0
3277,2026-08-10,871.0
3374,2025-08-18,1916.84
3374,2025-08-25,1940.74
3374,2025-09-01,1928.31
3374,2025-09-08,1973.25
3374,2025-09-15,2061.2
3374,2025-09-22,2080.32
3374,2025-09-29,2064.07
3374,2025-10-06,2027.74
3374,2025-10-13,2057.38
3374,2025-10-20,2042.08
3374,2025-10-27,2050.68
3374,2025-11-03,2021.05
3374,2025-11-10,2017.22
3374,2025-11-17,1972.29
3374,2025-11-24,2013.4
3374,2025-12-01,2020.09
3374,2025-12-08,2008.62
3374,2025-12-15,2044.95
3374,2025-12-22,2120.47
3374,2025-12-29,2159.67
3374,2026-01-05,2194.09
3374,2026-01-12,2304.03
3374,2026-01-19,2351.83
3374,2026-01-26,2321.24
3374,2026-02-02,2408.24
3374,2026-02-09,2381.47
3374,2026-02-16,2447.44
3374,2026-02-23,2540.17
3374,2026-03-02,2449.35
3374,2026-03-09,2441.7
3374,2026-03-16,2413.02
3374,2026-03-23,2283.0
3374,2026-03-30,2401.0
3374,2026-04-06,2432.0
3374,2026-04-13,2460.0
3374,2026-04-20,2388.0
3374,2026-04-27,2812.0
3374,2026-05-04,3005.0
3374,2026-05-11,2840.0
3374,2026-05-18,3025.0
3374,2026-05-25,3055.0
3374,2026-06-01,3005.0
3374,2026-06-08,2908.0
3374,2026-06-15,3555.0
3374,2026-06-22,3390.0
3374,2026-06-29,3435.0
3374,2026-07-06,3330.0
3374,2026-07-13,3175.0
3374,2026-07-20,3360.0
3374,2026-07-27,3110.0
3374,2026-08-03,3510.0
3374,2026-08-10,4485.0
3551,2025-08-18,901.56
3551,2025-08-25,907.32
3551,2025-09-01,894.85
3551,2025-09-08,958.15
3551,2025-09-15,961.99
3551,2025-09-22,967.74
3551,2025-09-29,945.68
3551,2025-10-06,921.71
3551,2025-10-13,928.42
3551,2025-10-20,961.99
3551,2025-10-27,967.74
3551,2025-11-03,929.38
3551,2025-11-10,941.85
3551,2025-11-17,907.32
3551,2025-11-24,940.89
3551,2025-12-01,927.46
3551,2025-12-08,978.29
3551,2025-12-15,1009.94
3551,2025-12-22,1018.58
3551,2025-12-29,1041.59
3551,2026-01-05,1066.53
3551,2026-01-12,1089.55
3551,2026-01-19,1093.39
3551,2026-01-26,1071.33
3551,2026-02-02,1102.98
3551,2026-02-09,1170.12
3551,2026-02-16,1179.71
3551,2026-02-23,1193.13
3551,2026-03-02,1176.83
3551,2026-03-09,1143.26
3551,2026-03-16,1133.67
3551,2026-03-23,1079.0
3551,2026-03-30,1061.0
3551,2026-04-06,1080.0
3551,2026-04-13,1099.0
3551,2026-04-20,1079.0
3551,2026-04-27,1035.0
3551,2026-05-04,1020.0
3551,2026-05-11,1298.0
3551,2026-05-18,1339.0
3551,2026-05-25,1406.0
3551,2026-06-01,1320.0
3551,2026-06-08,1236.0
3551,2026-06-15,1400.0
3551,2026-06-22,1289.0
3551,2026-06-29,1320.0
3551,2026-07-06,1366.0
3551,2026-07-13,1431.0
3551,2026-07-20,1391.0
3551,2026-07-27,1367.0
3551,2026-08-03,1395.0
3551,2026-08-10,1585.0
3763,2025-08-18,1605.91
3763,2025-08-25,1542.65
3763,2025-09-01,1571.85
3763,2025-09-08,1608.34
3763,2025-09-15,1562.11
3763,2025-09-22,1506.15
3763,2025-09-29,1447.27
3763,2025-10-06,1459.92
3763,2025-10-13,1456.03
3763,2025-10-20,1591.31
3763,2025-10-27,1453.11
3763,2025-11-03,1458.95
3763,2025-11-10,1450.19
3763,2025-11-17,1748.01
3763,2025-11-24,1614.67
3763,2025-12-01,1556.27
3763,2025-12-08,1518.32
3763,2025-12-15,1594.23
3763,2025-12-22,1664.31
3763,2025-12-29,1673.07
3763,2026-01-05,1679.88
3763,2026-01-12,1695.45
3763,2026-01-19,1659.44
3763,2026-01-26,1566.98
3763,2026-02-02,1411.26
3763,2026-02-09,1360.65
3763,2026-02-16,1389.84
3763,2026-02-23,1450.19
3763,2026-03-02,1451.16
3763,2026-03-09,1465.76
3763,2026-03-16,1489.12
3763,2026-03-23,1457.0
3763,2026-03-30,1394.0
3763,2026-04-06,1340.0
3763,2026-04-13,1441.0
3763,2026-04-20,1520.0
3763,2026-04-27,1530.0
3763,2026-05-04,1618.0
3763,2026-05-11,1630.0
3763,2026-05-18,1561.0
3763,2026-05-25,1607.0
3763,2026-06-01,1652.0
3763,2026-06-08,1668.0
3763,2026-06-15,1705.0
3763,2026-06-22,1674.0
3763,2026-06-29,1791.0
3763,2026-07-06,1836.0
3763,2026-07-13,1823.0
3763,2026-07-20,1755.0
3763,2026-07-27,1850.0
3763,2026-08-03,1808.0
3763,2026-08-10,1927.0
3895,2025-08-18,411.44
3895,2025-08-25,416.26
3895,2025-09-01,417.22
3895,2025-09-08,418.18
3895,2025-09-15,418.18
3895,2025-09-22,419.15
3895,2025-09-29,414.33
3895,2025-10-06,412.4
3895,2025-10-13,396.98
3895,2025-10-20,403.73
3895,2025-10-27,391.2
3895,2025-11-03,386.38
3895,2025-11-10,388.31
3895,2025-11-17,389.28
3895,2025-11-24,395.06
3895,2025-12-01,392.17
3895,2025-12-08,388.31
3895,2025-12-15,390.24
3895,2025-12-22,393.13
3895,2025-12-29,398.91
3895,2026-01-05,409.51
3895,2026-01-12,409.51
3895,2026-01-19,408.55
3895,2026-01-26,416.26
3895,2026-02-02,410.47
3895,2026-02-09,418.18
3895,2026-02-16,433.6
3895,2026-02-23,445.16
3895,2026-03-02,422.04
3895,2026-03-09,419.15
3895,2026-03-16,427.82
3895,2026-03-23,423.0
3895,2026-03-30,420.0
3895,2026-04-06,420.0
3895,2026-04-13,415.0
3895,2026-04-20,413.0
3895,2026-04-27,411.0
3895,2026-05-04,420.0
3895,2026-05-11,415.0
3895,2026-05-18,409.0
3895,2026-05-25,414.0
3895,2026-06-01,412.0
3895,2026-06-08,411.0
3895,2026-06-15,410.0
3895,2026-06-22,400.0
3895,2026-06-29,408.0
3895,2026-07-06,406.0
3895,2026-07-13,404.0
3895,2026-07-20,404.0
3895,2026-07-27,404.0
3895,2026-08-03,405.0
3895,2026-08-10,489.0
3944,2025-08-18,2056.86
3944,2025-08-25,2106.81
3944,2025-09-01,2116.6
3944,2025-09-08,2142.07
3944,2025-09-15,2233.16
3944,2025-09-22,2330.13
3944,2025-09-29,2193.98
3944,2025-10-06,2301.72
3944,2025-10-13,2237.08
3944,2025-10-20,2331.11
3944,2025-10-27,2272.34
3944,2025-11-03,2326.21
3944,2025-11-10,2255.69
3944,2025-11-17,2241.0
3944,2025-11-24,2236.1
3944,2025-12-01,2311.52
3944,2025-12-08,2318.37
3944,2025-12-15,2333.06
3944,2025-12-22,2301.72
3944,2025-12-29,2326.47
3944,2026-01-05,2320.53
3944,2026-01-12,2387.85
3944,2026-01-19,2503.68
3944,2026-01-26,2586.84
3944,2026-02-02,2705.64
3944,2026-02-09,2692.77
3944,2026-02-16,2677.92
3944,2026-02-23,2671.98
3944,2026-03-02,2600.7
3944,2026-03-09,2559.12
3944,2026-03-16,2565.06
3944,2026-03-23,2348.25
3944,2026-03-30,2367.06
3944,2026-04-06,2363.1
3944,2026-04-13,2356.17
3944,2026-04-20,2326.47
3944,2026-04-27,2335.38
3944,2026-05-04,2348.25
3944,2026-05-11,2346.27
3944,2026-05-18,2376.96
3944,2026-05-25,2317.56
3944,2026-06-01,2309.64
3944,2026-06-08,2297.76
3944,2026-06-15,2327.46
3944,2026-06-22,2472.0
3944,2026-06-29,2450.0
3944,2026-07-06,2429.0
3944,2026-07-13,2415.0
3944,2026-07-20,2525.0
3944,2026-07-27,2710.0
3944,2026-08-03,2899.0
3944,2026-08-10,2980.0
3989,2025-08-18,1085.36
3989,2025-08-25,1062.79
3989,2025-09-01,976.26
3989,2025-09-08,1010.12
3989,2025-09-15,988.49
3989,2025-09-22,979.08
3989,2025-09-29,955.61
3989,2025-10-06,940.94
3989,2025-10-13,885.19
3989,2025-10-20,894.97
3989,2025-10-27,914.53
3989,2025-11-03,916.48
3989,2025-11-10,909.64
3989,2025-11-17,1017.23
3989,2025-11-24,1027.99
3989,2025-12-01,1090.59
3989,2025-12-08,1175.68
3989,2025-12-15,1181.55
3989,2025-12-22,1170.79
3989,2025-12-29,1159.05
3989,2026-01-05,1181.55
3989,2026-01-12,1188.4
3989,2026-01-19,1190.35
3989,2026-01-26,1137.54
3989,2026-02-02,1093.52
3989,2026-02-09,1101.35
3989,2026-02-16,1113.08
3989,2026-02-23,1206.98
3989,2026-03-02,1230.46
3989,2026-03-09,1244.15
3989,2026-03-16,1155.14
3989,2026-03-23,1228.5
3989,2026-03-30,1195.0
3989,2026-04-06,1200.0
3989,2026-04-13,1185.0
3989,2026-04-20,1220.0
3989,2026-04-27,1151.0
3989,2026-05-04,1124.0
3989,2026-05-11,1104.0
3989,2026-05-18,1006.0
3989,2026-05-25,987.0
3989,2026-06-01,1007.0
3989,2026-06-08,980.0
3989,2026-06-15,1015.0
3989,2026-06-22,995.0
3989,2026-06-29,1423.0
3989,2026-07-06,1429.0
3989,2026-07-13,1414.0
3989,2026-07-20,1402.0
3989,2026-07-27,1340.0
3989,2026-08-03,1396.0
3989,2026-08-10,1466.0
4052,2025-08-18,351.0
4052,2025-08-25,349.0
4052,2025-09-01,351.0
4052,2025-09-08,354.0
4052,2025-09-15,353.0
4052,2025-09-22,355.0
4052,2025-09-29,343.0
4052,2025-10-06,335.0
4052,2025-10-13,330.0
4052,2025-10-20,333.0
4052,2025-10-27,315.0
4052,2025-11-03,316.0
4052,2025-11-10,330.0
4052,2025-11-17,313.0
4052,2025-11-24,309.0
4052,2025-12-01,300.0
4052,2025-12-08,297.0
4052,2025-12-15,283.0
4052,2025-12-22,288.0
4052,2025-12-29,294.0
4052,2026-01-05,297.0
4052,2026-01-12,300.0
4052,2026-01-19,293.0
4052,2026-01-26,288.0
4052,2026-02-02,291.0
4052,2026-02-09,281.0
4052,2026-02-16,290.0
4052,2026-02-23,288.0
4052,2026-03-02,328.0
4052,2026-03-09,321.0
4052,2026-03-16,303.0
4052,2026-03-23,310.0
4052,2026-03-30,306.0
4052,2026-04-06,297.0
4052,2026-04-13,292.0
4052,2026-04-20,291.0
4052,2026-04-27,284.0
4052,2026-05-04,287.0
4052,2026-05-11,266.0
4052,2026-05-18,256.0
4052,2026-05-25,258.0
4052,2026-06-01,259.0
4052,2026-06-08,248.0
4052,2026-06-15,230.0
4052,2026-06-22,223.0
4052,2026-06-29,238.0
4052,2026-07-06,239.0
4052,2026-07-13,235.0
4052,2026-07-20,321.0
4052,2026-07-27,342.0
4052,2026-08-03,533.0
4052,2026-08-10,583.0
4076,2025-08-18,1438.66
4076,2025-08-25,1445.41
4076,2025-09-01,1441.55
4076,2025-09-08,1465.64
4076,2025-09-15,1498.4
4076,2025-09-22,1535.02
4076,2025-09-29,1503.22
4076,2025-10-06,1658.36
4076,2025-10-13,1634.27
4076,2025-10-20,1625.6
4076,2025-10-27,1624.64
4076,2025-11-03,1553.33
4076,2025-11-10,1541.77
4076,2025-11-17,1575.49
4076,2025-11-24,1634.27
4076,2025-12-01,1589.95
4076,2025-12-08,1609.22
4076,2025-12-15,1640.05
4076,2025-12-22,1622.71
4076,2025-12-29,1652.58
4076,2026-01-05,1681.49
4076,2026-01-12,1703.65
4076,2026-01-19,1815.43
4076,2026-01-26,1694.02
4076,2026-02-02,1657.4
4076,2026-02-09,1619.82
4076,2026-02-16,1638.13
4076,2026-02-23,1647.76
4076,2026-03-02,1641.02
4076,2026-03-09,1638.13
4076,2026-03-16,1637.16
4076,2026-03-23,1625.6
4076,2026-03-30,1608.25
4076,2026-04-06,1704.62
4076,2026-04-13,1696.91
4076,2026-04-20,1644.87
4076,2026-04-27,1661.25
4076,2026-05-04,1709.43
4076,2026-05-11,1694.02
4076,2026-05-18,1656.43
4076,2026-05-25,1646.0
4076,2026-06-01,1623.0
4076,2026-06-08,1640.0
4076,2026-06-15,1680.0
4076,2026-06-22,1681.0
4076,2026-06-29,1693.0
4076,2026-07-06,1720.0
4076,2026-07-13,1824.0
4076,2026-07-20,1803.0
4076,2026-07-27,1818.0
4076,2026-08-03,1846.0
4076,2026-08-10,1941.0
4114,2025-08-18,1755.86
4114,2025-08-25,1759.18
4114,2025-09-01,1806.08
4114,2025-09-08,1785.24
4114,2025-09-15,1760.6
4114,2025-09-22,1784.76
4114,2025-09-29,1767.24
4114,2025-10-06,1740.47
4114,2025-10-13,1759.45
4114,2025-10-20,1772.59
4114,2025-10-27,1740.47
4114,2025-11-03,1734.63
4114,2025-11-10,1771.62
4114,2025-11-17,1774.54
4114,2025-11-24,1819.32
4114,2025-12-01,1811.04
4114,2025-12-08,1847.06
4114,2025-12-15,1862.15
4114,2025-12-22,1921.04
4114,2025-12-29,1952.19
4114,2026-01-05,2048.07
4114,2026-01-12,2168.29
4114,2026-01-19,2197.98
4114,2026-01-26,2165.85
4114,2026-02-02,2360.05
4114,2026-02-09,2357.62
4114,2026-02-16,2386.33
4114,2026-02-23,2476.86
4114,2026-03-02,2390.71
4114,2026-03-09,2299.7
4114,2026-03-16,2263.2
4114,2026-03-23,2307.0
4114,2026-03-30,2253.5
4114,2026-04-06,2253.0
4114,2026-04-13,2204.0
4114,2026-04-20,2117.5
4114,2026-04-27,2147.5
4114,2026-05-04,2169.0
4114,2026-05-11,2097.0
4114,2026-05-18,2025.5
4114,2026-05-25,2064.0
4114,2026-06-01,2032.5
4114,2026-06-08,2074.0
4114,2026-06-15,2103.0
4114,2026-06-22,2097.0
4114,2026-06-29,2106.5
4114,2026-07-06,2070.0
4114,2026-07-13,2082.0
4114,2026-07-20,2146.5
4114,2026-07-27,2158.0
4114,2026-08-03,2446.0
4114,2026-08-10,2648.5
4116,2025-08-18,898.62
4116,2025-08-25,902.15
4116,2025-09-01,952.66
4116,2025-09-08,946.78
4116,2025-09-15,932.69
4116,2025-09-22,942.08
4116,2025-09-29,929.36
4116,2025-10-06,924.55
4116,2025-10-13,935.36
4116,2025-10-20,958.17
4116,2025-10-27,913.75
4116,2025-11-03,943.77
4116,2025-11-10,918.55
4116,2025-11-17,928.16
4116,2025-11-24,961.78
4116,2025-12-01,926.96
4116,2025-12-08,940.16
4116,2025-12-15,965.38
4116,2025-12-22,984.59
4116,2025-12-29,997.8
4116,2026-01-05,1032.62
4116,2026-01-12,1080.65
4116,2026-01-19,1061.44
4116,2026-01-26,1044.63
4116,2026-02-02,1074.64
4116,2026-02-09,1137.08
4116,2026-02-16,1173.1
4116,2026-02-23,1212.73
4116,2026-03-02,1150.29
4116,2026-03-09,1091.45
4116,2026-03-16,1062.64
4116,2026-03-23,1084.25
4116,2026-03-30,1102.0
4116,2026-04-06,1106.0
4116,2026-04-13,1100.0
4116,2026-04-20,1061.0
4116,2026-04-27,1074.0
4116,2026-05-04,1069.0
4116,2026-05-11,1104.0
4116,2026-05-18,1058.0
4116,2026-05-25,1054.0
4116,2026-06-01,1011.0
4116,2026-06-08,1029.0
4116,2026-06-15,1050.0
4116,2026-06-22,1058.0
4116,2026-06-29,1077.0
4116,2026-07-06,1078.0
4116,2026-07-13,1060.0
4116,2026-07-20,1078.0
4116,2026-07-27,1114.0
4116,2026-08-03,1315.0
4116,2026-08-10,1367.0
4118,2025-08-18,4216.98
4118,2025-08-25,4174.51
4118,2025-09-01,4207.33
4118,2025-09-08,4212.16
4118,2025-09-15,4145.56
4118,2025-09-22,4182.23
4118,2025-09-29,4144.87
4118,2025-10-06,4123.23
4118,2025-10-13,4136.02
4118,2025-10-20,4297.29
4118,2025-10-27,4187.15
4118,2025-11-03,4225.5
4118,2025-11-10,4155.68
4118,2025-11-17,4136.02
4118,2025-11-24,4316.96
4118,2025-12-01,4137.0
4118,2025-12-08,4310.07
4118,2025-12-15,4287.45
4118,2025-12-22,4318.92
4118,2025-12-29,4321.87
4118,2026-01-05,4440.86
4118,2026-01-12,4610.0
4118,2026-01-19,4643.43
4118,2026-01-26,4603.11
4118,2026-02-02,4874.52
4118,2026-02-09,4875.5
4118,2026-02-16,5017.11
4118,2026-02-23,5191.16
4118,2026-03-02,4877.47
4118,2026-03-09,4854.85
4118,2026-03-16,4684.73
4118,2026-03-23,4728.0
4118,2026-03-30,4976.0
4118,2026-04-06,5147.0
4118,2026-04-13,4964.0
4118,2026-04-20,4817.0
4118,2026-04-27,4921.0
4118,2026-05-04,4943.0
4118,2026-05-11,5355.0
4118,2026-05-18,5338.0
4118,2026-05-25,5521.0
4118,2026-06-01,5488.0
4118,2026-06-08,5568.0
4118,2026-06-15,5730.0
4118,2026-06-22,5775.0
4118,2026-06-29,5747.0
4118,2026-07-06,5626.0
4118,2026-07-13,5589.0
4118,2026-07-20,5841.0
4118,2026-07-27,5718.0
4118,2026-08-03,5972.0
4118,2026-08-10,6107.0
4188,2025-08-18,802.25
4188,2025-08-25,815.18
4188,2025-09-01,847.61
4188,2025-09-08,853.69
4188,2025-09-15,854.37
4188,2025-09-22,850.41
4188,2025-09-29,821.61
4188,2025-10-06,808.14
4188,2025-10-13,802.73
4188,2025-10-20,848.25
4188,2025-10-27,792.41
4188,2025-11-03,819.05
4188,2025-11-10,850.02
4188,2025-11-17,832.03
4188,2025-11-24,866.33
4188,2025-12-01,835.17
4188,2025-12-08,887.76
4188,2025-12-15,880.59
4188,2025-12-22,898.87
4188,2025-12-29,899.56
4188,2026-01-05,937.21
4188,2026-01-12,998.26
4188,2026-01-19,1006.12
4188,2026-01-26,1002.68
4188,2026-02-02,1040.03
4188,2026-02-09,1091.64
4188,2026-02-16,1098.52
4188,2026-02-23,1140.79
4188,2026-03-02,1019.88
4188,2026-03-09,908.8
4188,2026-03-16,891.79
4188,2026-03-23,926.2
4188,2026-03-30,921.0
4188,2026-04-06,984.1
4188,2026-04-13,988.9
4188,2026-04-20,911.4
4188,2026-04-27,898.0
4188,2026-05-04,922.4
4188,2026-05-11,1016.5
4188,2026-05-18,1027.5
4188,2026-05-25,1147.0
4188,2026-06-01,1063.0
4188,2026-06-08,1080.5
4188,2026-06-15,1092.5
4188,2026-06-22,1094.5
4188,2026-06-29,1163.0
4188,2026-07-06,1161.5
4188,2026-07-13,1168.0
4188,2026-07-20,1189.0
4188,2026-07-27,1188.0
4188,2026-08-03,1219.0
4188,2026-08-10,1227.0
4193,2025-08-18,2259.88
4193,2025-08-25,2252.02
4193,2025-09-01,2201.91
4193,2025-09-08,2166.54
4193,2025-09-15,2124.29
4193,2025-09-22,2132.15
4193,2025-09-29,2043.93
4193,2025-10-06,2037.98
4193,2025-10-13,2006.26
4193,2025-10-20,2045.91
4193,2025-10-27,1995.36
4193,2025-11-03,2025.1
4193,2025-11-10,2050.87
4193,2025-11-17,1899.21
4193,2025-11-24,2000.31
4193,2025-12-01,1976.52
4193,2025-12-08,1904.16
4193,2025-12-15,1983.46
4193,2025-12-22,1976.52
4193,2025-12-29,2025.1
4193,2026-01-05,2028.07
4193,2026-01-12,2054.83
4193,2026-01-19,2017.17
4193,2026-01-26,2035.01
4193,2026-02-02,2026.09
4193,2026-02-09,2022.12
4193,2026-02-16,2007.25
4193,2026-02-23,2039.96
4193,2026-03-02,2103.4
4193,2026-03-09,2121.25
4193,2026-03-16,2185.68
4193,2026-03-23,2149.0
4193,2026-03-30,2111.0
4193,2026-04-06,2125.0
4193,2026-04-13,2170.0
4193,2026-04-20,2143.0
4193,2026-04-27,2248.0
4193,2026-05-04,2241.0
4193,2026-05-11,2281.0
4193,2026-05-18,2221.0
4193,2026-05-25,2217.0
4193,2026-06-01,2272.0
4193,2026-06-08,2202.0
4193,2026-06-15,2215.0
4193,2026-06-22,2277.0
4193,2026-06-29,2316.0
4193,2026-07-06,2322.0
4193,2026-07-13,2299.0
4193,2026-07-20,2327.0
4193,2026-07-27,2362.0
4193,2026-08-03,2378.0
4193,2026-08-10,2095.0
4205,2025-08-18,1624.63
4205,2025-08-25,1624.63
4205,2025-09-01,1651.92
4205,2025-09-08,1661.49
4205,2025-09-15,1595.43
4205,2025-09-22,1620.8
4205,2025-09-29,1585.59
4205,2025-10-06,1594.39
4205,2025-10-13,1596.35
4205,2025-10-20,1644.28
4205,2025-10-27,1548.91
4205,2025-11-03,1581.19
4205,2025-11-10,1655.04
4205,2025-11-17,1664.82
4205,2025-11-24,1745.52
4205,2025-12-01,1681.94
4205,2025-12-08,1736.71
4205,2025-12-15,1750.9
4205,2025-12-22,1757.25
4205,2025-12-29,1750.41
4205,2026-01-05,1806.16
4205,2026-01-12,1903.49
4205,2026-01-19,1930.39
4205,2026-01-26,1845.29
4205,2026-02-02,1925.01
4205,2026-02-09,1941.64
4205,2026-02-16,1987.61
4205,2026-02-23,2094.23
4205,2026-03-02,1934.79
4205,2026-03-09,1825.72
4205,2026-03-16,1775.84
4205,2026-03-23,1791.0
4205,2026-03-30,1761.5
4205,2026-04-06,1815.0
4205,2026-04-13,1819.5
4205,2026-04-20,1742.0
4205,2026-04-27,1882.5
4205,2026-05-04,1958.5
4205,2026-05-11,2245.0
4205,2026-05-18,2105.0
4205,2026-05-25,2189.5
4205,2026-06-01,2154.5
4205,2026-06-08,2264.0
4205,2026-06-15,2334.0
4205,2026-06-22,2396.0
4205,2026-06-29,2307.0
4205,2026-07-06,2249.0
4205,2026-07-13,2220.5
4205,2026-07-20,2215.0
4205,2026-07-27,2261.0
4205,2026-08-03,2428.5
4205,2026-08-10,2457.5
4208,2025-08-18,2261.77
4208,2025-08-25,2235.97
4208,2025-09-01,2314.81
4208,2025-09-08,2304.78
4208,2025-09-15,2257.47
4208,2025-09-22,2284.71
4208,2025-09-29,2197.64
4208,2025-10-06,2177.59
4208,2025-10-13,2207.92
4208,2025-10-20,2289.6
4208,2025-10-27,2220.14
4208,2025-11-03,2220.63
4208,2025-11-10,2412.37
4208,2025-11-17,2338.02
4208,2025-11-24,2452.97
4208,2025-12-01,2422.64
4208,2025-12-08,2480.36
4208,2025-12-15,2466.66
4208,2025-12-22,2503.35
4208,2025-12-29,2515.09
4208,2026-01-05,2569.87
4208,2026-01-12,2676.99
4208,2026-01-19,2664.76
4208,2026-01-26,2612.91
4208,2026-02-02,2709.27
4208,2026-02-09,2789.98
4208,2026-02-16,2741.06
4208,2026-02-23,2825.68
4208,2026-03-02,2614.87
4208,2026-03-09,2500.41
4208,2026-03-16,2431.45
4208,2026-03-23,2474.0
4208,2026-03-30,2459.5
4208,2026-04-06,2447.0
4208,2026-04-13,2447.5
4208,2026-04-20,2351.0
4208,2026-04-27,2378.5
4208,2026-05-04,2388.0
4208,2026-05-11,2384.0
4208,2026-05-18,2992.0
4208,2026-05-25,2952.5
4208,2026-06-01,2955.0
4208,2026-06-08,3068.0
4208,2026-06-15,3205.0
4208,2026-06-22,3142.0
4208,2026-06-29,3243.0
4208,2026-07-06,3147.0
4208,2026-07-13,3208.0
4208,2026-07-20,3274.0
4208,2026-07-27,3183.0
4208,2026-08-03,3350.0
4208,2026-08-10,3607.0
4228,2025-08-18,359.63
4228,2025-08-25,356.73
4228,2025-09-01,357.69
4228,2025-09-08,357.69
4228,2025-09-15,359.63
4228,2025-09-22,362.53
4228,2025-09-29,338.36
4228,2025-10-06,335.46
4228,2025-10-13,341.26
4228,2025-10-20,359.63
4228,2025-10-27,342.23
4228,2025-11-03,330.63
4228,2025-11-10,345.13
4228,2025-11-17,343.19
4228,2025-11-24,366.39
4228,2025-12-01,375.1
4228,2025-12-08,375.1
4228,2025-12-15,393.46
4228,2025-12-22,393.46
4228,2025-12-29,386.7
4228,2026-01-05,400.23
4228,2026-01-12,414.73
4228,2026-01-19,423.43
4228,2026-01-26,407.96
4228,2026-02-02,456.3
4228,2026-02-09,470.8
4228,2026-02-16,480.47
4228,2026-02-23,526.87
4228,2026-03-02,493.04
4228,2026-03-09,443.73
4228,2026-03-16,432.13
4228,2026-03-23,436.0
4228,2026-03-30,444.0
4228,2026-04-06,460.0
4228,2026-04-13,474.0
4228,2026-04-20,423.0
4228,2026-04-27,449.0
4228,2026-05-04,476.0
4228,2026-05-11,532.0
4228,2026-05-18,511.0
4228,2026-05-25,574.0
4228,2026-06-01,556.0
4228,2026-06-08,550.0
4228,2026-06-15,546.0
4228,2026-06-22,544.0
4228,2026-06-29,547.0
4228,2026-07-06,521.0
4228,2026-07-13,509.0
4228,2026-07-20,508.0
4228,2026-07-27,530.0
4228,2026-08-03,614.0
4228,2026-08-10,643.0
4249,2025-08-18,2378.15
4249,2025-08-25,2341.83
4249,2025-09-01,2410.65
4249,2025-09-08,2430.72
4249,2025-09-15,2458.44
4249,2025-09-22,2584.62
4249,2025-09-29,2473.77
4249,2025-10-06,2393.69
4249,2025-10-13,2365.37
4249,2025-10-20,2452.28
4249,2025-10-27,2292.12
4249,2025-11-03,2296.03
4249,2025-11-10,2225.71
4249,2025-11-17,2263.8
4249,2025-11-24,2354.62
4249,2025-12-01,2244.26
4249,2025-12-08,2252.08
4249,2025-12-15,2212.04
4249,2025-12-22,2373.18
4249,2025-12-29,2436.66
4249,2026-01-05,2393.69
4249,2026-01-12,2480.61
4249,2026-01-19,2462.05
4249,2026-01-26,2371.22
4249,2026-02-02,2439.59
4249,2026-02-09,2449.35
4249,2026-02-16,2467.91
4249,2026-02-23,2599.75
4249,2026-03-02,2465.96
4249,2026-03-09,2390.76
4249,2026-03-16,2401.5
4249,2026-03-23,2401.5
4249,2026-03-30,2426.0
4249,2026-04-06,2392.0
4249,2026-04-13,2364.0
4249,2026-04-20,2418.0
4249,2026-04-27,2449.0
4249,2026-05-04,2472.0
4249,2026-05-11,2517.0
4249,2026-05-18,2425.0
4249,2026-05-25,2378.0
4249,2026-06-01,2336.0
4249,2026-06-08,2325.0
4249,2026-06-15,2319.0
4249,2026-06-22,2340.0
4249,2026-06-29,2403.0
4249,2026-07-06,2411.0
4249,2026-07-13,2450.0
4249,2026-07-20,2486.0
4249,2026-07-27,2516.0
4249,2026-08-03,2833.0
4249,2026-08-10,2900.0
4255,2025-08-18,1199.0
4255,2025-08-25,1207.0
4255,2025-09-01,1178.0
4255,2025-09-08,1205.0
4255,2025-09-15,1280.0
4255,2025-09-22,1222.0
4255,2025-09-29,1028.0
4255,2025-10-06,1069.0
4255,2025-10-13,972.0
4255,2025-10-20,1200.0
4255,2025-10-27,1062.0
4255,2025-11-03,1084.0
4255,2025-11-10,1461.0
4255,2025-11-17,1644.0
4255,2025-11-24,1798.0
4255,2025-12-01,2075.0
4255,2025-12-08,1852.0
4255,2025-12-15,1892.0
4255,2025-12-22,2202.0
4255,2025-12-29,2405.0
4255,2026-01-05,2232.0
4255,2026-01-12,2230.0
4255,2026-01-19,2126.0
4255,2026-01-26,2156.0
4255,2026-02-02,2239.0
4255,2026-02-09,2372.0
4255,2026-02-16,1950.0
4255,2026-02-23,2001.0
4255,2026-03-02,2017.0
4255,2026-03-09,2036.0
4255,2026-03-16,1957.0
4255,2026-03-23,1962.0
4255,2026-03-30,1966.0
4255,2026-04-06,2055.0
4255,2026-04-13,2140.0
4255,2026-04-20,2150.0
4255,2026-04-27,2107.0
4255,2026-05-04,1950.0
4255,2026-05-11,2226.0
4255,2026-05-18,2564.0
4255,2026-05-25,2402.0
4255,2026-06-01,2302.0
4255,2026-06-08,2451.0
4255,2026-06-15,2424.0
4255,2026-06-22,2450.0
4255,2026-06-29,2550.0
4255,2026-07-06,2500.0
4255,2026-07-13,2481.0
4255,2026-07-20,2428.0
4255,2026-07-27,2460.0
4255,2026-08-03,2548.0
4255,2026-08-10,3200.0
4258,2025-08-18,3905.31
4258,2025-08-25,3746.11
4258,2025-09-01,3457.56
4258,2025-09-08,3591.89
4258,2025-09-15,3780.93
4258,2025-09-22,3756.06
4258,2025-09-29,3611.79
4258,2025-10-06,3686.41
4258,2025-10-13,3785.91
4258,2025-10-20,4243.6
4258,2025-10-27,3691.39
4258,2025-11-03,3666.51
4258,2025-11-10,3761.03
4258,2025-11-17,3567.01
4258,2025-11-24,3472.49
4258,2025-12-01,2982.96
4258,2025-12-08,2783.96
4258,2025-12-15,2882.46
4258,2025-12-22,3119.27
4258,2025-12-29,3085.0
4258,2026-01-05,3265.0
4258,2026-01-12,3130.0
4258,2026-01-19,3060.0
4258,2026-01-26,2900.0
4258,2026-02-02,2787.0
4258,2026-02-09,3035.0
4258,2026-02-16,3425.0
4258,2026-02-23,3050.0
4258,2026-03-02,3180.0
4258,2026-03-09,3060.0
4258,2026-03-16,2946.0
4258,2026-03-23,2995.0
4258,2026-03-30,2776.0
4258,2026-04-06,2820.0
4258,2026-04-13,2935.0
4258,2026-04-20,3000.0
4258,2026-04-27,2958.0
4258,2026-05-04,3100.0
4258,2026-05-11,2795.0
4258,2026-05-18,3010.0
4258,2026-05-25,3370.0
4258,2026-06-01,3535.0
4258,2026-06-08,3145.0
4258,2026-06-15,3200.0
4258,2026-06-22,3250.0
4258,2026-06-29,4395.0
4258,2026-07-06,4380.0
4258,2026-07-13,4315.0
4258,2026-07-20,4250.0
4258,2026-07-27,4335.0
4258,2026-08-03,4760.0
4258,2026-08-10,4545.0
4599,2025-08-18,315.0
4599,2025-08-25,305.0
4599,2025-09-01,313.0
4599,2025-09-08,305.0
4599,2025-09-15,298.0
4599,2025-09-22,303.0
4599,2025-09-29,290.0
4599,2025-10-06,299.0
4599,2025-10-13,295.0
4599,2025-10-20,291.0
4599,2025-10-27,277.0
4599,2025-11-03,273.0
4599,2025-11-10,287.0
4599,2025-11-17,278.0
4599,2025-11-24,280.0
4599,2025-12-01,254.0
4599,2025-12-08,260.0
4599,2025-12-15,260.0
4599,2025-12-22,255.0
4599,2025-12-29,263.0
4599,2026-01-05,279.0
4599,2026-01-12,290.0
4599,2026-01-19,291.0
4599,2026-01-26,290.0
4599,2026-02-02,285.0
4599,2026-02-09,291.0
4599,2026-02-16,299.0
4599,2026-02-23,307.0
4599,2026-03-02,300.0
4599,2026-03-09,296.0
4599,2026-03-16,296.0
4599,2026-03-23,303.0
4599,2026-03-30,299.0
4599,2026-04-06,304.0
4599,2026-04-13,311.0
4599,2026-04-20,303.0
4599,2026-04-27,299.0
4599,2026-05-04,300.0
4599,2026-05-11,307.0
4599,2026-05-18,293.0
4599,2026-05-25,296.0
4599,2026-06-01,295.0
4599,2026-06-08,286.0
4599,2026-06-15,300.0
4599,2026-06-22,313.0
4599,2026-06-29,313.0
4599,2026-07-06,316.0
4599,2026-07-13,294.0
4599,2026-07-20,299.0
4599,2026-07-27,298.0
4599,2026-08-03,303.0
4599,2026-08-10,356.0
4611,2025-08-18,1254.37
4611,2025-08-25,1229.54
4611,2025-09-01,1256.29
4611,2025-09-08,1253.42
4611,2025-09-15,1241.96
4611,2025-09-22,1254.37
4611,2025-09-29,1219.03
4611,2025-10-06,1205.65
4611,2025-10-13,1214.25
4611,2025-10-20,1234.31
4611,2025-10-27,1212.34
4611,2025-11-03,1176.99
4611,2025-11-10,1220.94
4611,2025-11-17,1228.58
4611,2025-11-24,1303.1
4611,2025-12-01,1234.31
4611,2025-12-08,1243.87
4611,2025-12-15,1249.6
4611,2025-12-22,1269.66
4611,2025-12-29,1286.86
4611,2026-01-05,1291.63
4611,2026-01-12,1346.09
4611,2026-01-19,1353.73
4611,2026-01-26,1314.56
4611,2026-02-02,1370.93
4611,2026-02-09,1385.26
4611,2026-02-16,1395.77
4611,2026-02-23,1427.29
4611,2026-03-02,1323.16
4611,2026-03-09,1249.6
4611,2026-03-16,1225.71
4611,2026-03-23,1241.0
4611,2026-03-30,1252.0
4611,2026-04-06,1304.0
4611,2026-04-13,1262.0
4611,2026-04-20,1229.0
4611,2026-04-27,1242.0
4611,2026-05-04,1260.0
4611,2026-05-11,1206.0
4611,2026-05-18,1259.0
4611,2026-05-25,1288.0
4611,2026-06-01,1280.0
4611,2026-06-08,1300.0
4611,2026-06-15,1305.0
4611,2026-06-22,1340.0
4611,2026-06-29,1374.0
4611,2026-07-06,1410.0
4611,2026-07-13,1353.0
4611,2026-07-20,1358.0
4611,2026-07-27,1399.0
4611,2026-08-03,1441.0
4611,2026-08-10,1528.0
4623,2025-08-18,1681.65
4623,2025-08-25,1670.06
4623,2025-09-01,1675.86
4623,2025-09-08,1684.55
4623,2025-09-15,1693.24
4623,2025-09-22,1690.34
4623,2025-09-29,1706.07
4623,2025-10-06,1697.22
4623,2025-10-13,1690.34
4623,2025-10-20,1694.28
4623,2025-10-27,1690.34
4623,2025-11-03,1689.36
4623,2025-11-10,1686.41
4623,2025-11-17,1692.31
4623,2025-11-24,1688.38
4623,2025-12-01,1681.5
4623,2025-12-08,1682.48
4623,2025-12-15,1685.43
4623,2025-12-22,1689.36
4623,2025-12-29,1694.28
4623,2026-01-05,1699.19
4623,2026-01-12,1710.0
4623,2026-01-19,1702.14
4623,2026-01-26,1702.14
4623,2026-02-02,1709.02
4623,2026-02-09,1712.95
4623,2026-02-16,1738.5
4623,2026-02-23,1730.64
4623,2026-03-02,1705.09
4623,2026-03-09,1695.26
4623,2026-03-16,1710.0
4623,2026-03-23,1710.0
4623,2026-03-30,1730.0
4623,2026-04-06,1732.0
4623,2026-04-13,1722.0
4623,2026-04-20,1711.0
4623,2026-04-27,1710.0
4623,2026-05-04,1706.0
4623,2026-05-11,1700.0
4623,2026-05-18,1710.0
4623,2026-05-25,1700.0
4623,2026-06-01,1701.0
4623,2026-06-08,1700.0
4623,2026-06-15,1693.0
4623,2026-06-22,1708.0
4623,2026-06-29,1725.0
4623,2026-07-06,1712.0
4623,2026-07-13,1711.0
4623,2026-07-20,1719.0
4623,2026-07-27,1721.0
4623,2026-08-03,1723.0
4623,2026-08-10,1810.0
4631,2025-08-18,3339.41
4631,2025-08-25,3253.23
4631,2025-09-01,3443.59
4631,2025-09-08,3468.22
4631,2025-09-15,3416.13
4631,2025-09-22,3518.41
4631,2025-09-29,3470.11
4631,2025-10-06,3395.29
4631,2025-10-13,3395.29
4631,2025-10-20,3504.21
4631,2025-10-27,3439.81
4631,2025-11-03,3483.37
4631,2025-11-10,3659.53
4631,2025-11-17,3539.25
4631,2025-11-24,3673.73
4631,2025-12-01,3542.09
4631,2025-12-08,3560.08
4631,2025-12-15,3583.76
4631,2025-12-22,3589.44
4631,2025-12-29,3602.26
4631,2026-01-05,3578.6
4631,2026-01-12,3714.68
4631,2026-01-19,3724.54
4631,2026-01-26,3727.5
4631,2026-02-02,3914.86
4631,2026-02-09,4190.97
4631,2026-02-16,4254.08
4631,2026-02-23,4367.49
4631,2026-03-02,4141.67
4631,2026-03-09,3934.58
4631,2026-03-16,3790.61
4631,2026-03-23,3713.69
4631,2026-03-30,3629.88
4631,2026-04-06,3723.56
4631,2026-04-13,3694.96
4631,2026-04-20,3555.92
4631,2026-04-27,3530.28
4631,2026-05-04,3602.26
4631,2026-05-11,4140.68
4631,2026-05-18,4603.17
4631,2026-05-25,4765.88
4631,2026-06-01,4848.71
4631,2026-06-08,4751.08
4631,2026-06-15,5183.99
4631,2026-06-22,4970.0
4631,2026-06-29,4791.0
4631,2026-07-06,4660.0
4631,2026-07-13,4437.0
4631,2026-07-20,4473.0
4631,2026-07-27,4424.0
4631,2026-08-03,4678.0
4631,2026-08-10,5675.0
4634,2025-08-18,3105.26
4634,2025-08-25,2998.35
4634,2025-09-01,3076.1
4634,2025-09-08,3095.54
4634,2025-09-15,3066.38
4634,2025-09-22,3173.29
4634,2025-09-29,3037.22
4634,2025-10-06,2969.19
4634,2025-10-13,3032.37
4634,2025-10-20,3114.98
4634,2025-10-27,3056.66
4634,2025-11-03,3080.96
4634,2025-11-10,3212.17
4634,2025-11-17,3241.33
4634,2025-11-24,3333.66
4634,2025-12-01,3251.05
4634,2025-12-08,3377.39
4634,2025-12-15,3416.27
4634,2025-12-22,3401.69
4634,2025-12-29,3391.83
4634,2026-01-05,3436.2
4634,2026-01-12,3584.1
4634,2026-01-19,3633.4
4634,2026-01-26,3648.19
4634,2026-02-02,3786.23
4634,2026-02-09,3870.04
4634,2026-02-16,4101.75
4634,2026-02-23,4333.46
4634,2026-03-02,4086.96
4634,2026-03-09,3825.67
4634,2026-03-16,3677.77
4634,2026-03-23,3756.65
4634,2026-03-30,3736.93
4634,2026-04-06,3939.06
4634,2026-04-13,3924.27
4634,2026-04-20,3894.69
4634,2026-04-27,3835.53
4634,2026-05-04,3939.06
4634,2026-05-11,4062.31
4634,2026-05-18,4082.03
4634,2026-05-25,4131.33
4634,2026-06-01,4057.38
4634,2026-06-08,4017.94
4634,2026-06-15,4185.56
4634,2026-06-22,4225.0
4634,2026-06-29,4395.0
4634,2026-07-06,4350.0
4634,2026-07-13,4500.0
4634,2026-07-20,4535.0
4634,2026-07-27,4460.0
4634,2026-08-03,4760.0
4634,2026-08-10,5110.0
4635,2025-08-18,1272.18
4635,2025-08-25,1342.96
4635,2025-09-01,1329.57
4635,2025-09-08,1329.57
4635,2025-09-15,1276.0
4635,2025-09-22,1339.13
4635,2025-09-29,1343.03
4635,2025-10-06,1356.67
4635,2025-10-13,1362.52
4635,2025-10-20,1440.49
4635,2025-10-27,1372.27
4635,2025-11-03,1321.59
4635,2025-11-10,1307.94
4635,2025-11-17,1304.05
4635,2025-11-24,1419.05
4635,2025-12-01,1374.22
4635,2025-12-08,1389.81
4635,2025-12-15,1413.2
4635,2025-12-22,1461.93
4635,2025-12-29,1398.58
4635,2026-01-05,1437.57
4635,2026-01-12,1515.54
4635,2026-01-19,1484.35
4635,2026-01-26,1438.54
4635,2026-02-02,1486.3
4635,2026-02-09,1753.35
4635,2026-02-16,1729.96
4635,2026-02-23,1778.69
4635,2026-03-02,1608.13
4635,2026-03-09,1523.34
4635,2026-03-16,1460.96
4635,2026-03-23,1421.0
4635,2026-03-30,1370.0
4635,2026-04-06,1391.0
4635,2026-04-13,1350.0
4635,2026-04-20,1317.0
4635,2026-04-27,1309.0
4635,2026-05-04,1300.0
4635,2026-05-11,1250.0
4635,2026-05-18,1228.0
4635,2026-05-25,1260.0
4635,2026-06-01,1239.0
4635,2026-06-08,1239.0
4635,2026-06-15,1323.0
4635,2026-06-22,1330.0
4635,2026-06-29,1384.0
4635,2026-07-06,1367.0
4635,2026-07-13,1370.0
4635,2026-07-20,1412.0
4635,2026-07-27,1399.0
4635,2026-08-03,2048.0
4635,2026-08-10,2110.0
4674,2025-08-18,1702.22
4674,2025-08-25,1647.53
4674,2025-09-01,1588.99
4674,2025-09-08,1617.78
4674,2025-09-15,1612.98
4674,2025-09-22,1631.21
4674,2025-09-29,1599.0
4674,2025-10-06,1610.71
4674,2025-10-13,1570.69
4674,2025-10-20,1620.48
4674,2025-10-27,1586.31
4674,2025-11-03,1495.52
4674,2025-11-10,1478.93
4674,2025-11-17,1479.9
4674,2025-11-24,1497.48
4674,2025-12-01,1534.57
4674,2025-12-08,1732.74
4674,2025-12-15,1697.6
4674,2025-12-22,1711.26
4674,2025-12-29,1704.43
4674,2026-01-05,1739.57
4674,2026-01-12,1743.48
4674,2026-01-19,1702.48
4674,2026-01-26,1634.14
4674,2026-02-02,1520.9
4674,2026-02-09,1550.19
4674,2026-02-16,1498.45
4674,2026-02-23,1501.38
4674,2026-03-02,1450.62
4674,2026-03-09,1447.69
4674,2026-03-16,1405.71
4674,2026-03-23,1435.0
4674,2026-03-30,1446.0
4674,2026-04-06,1447.0
4674,2026-04-13,1454.0
4674,2026-04-20,1382.0
4674,2026-04-27,1376.0
4674,2026-05-04,1400.0
4674,2026-05-11,1538.0
4674,2026-05-18,1566.0
4674,2026-05-25,1526.0
4674,2026-06-01,1521.0
4674,2026-06-08,1454.0
4674,2026-06-15,1456.0
4674,2026-06-22,1445.0
4674,2026-06-29,1502.0
4674,2026-07-06,1546.0
4674,2026-07-13,1523.0
4674,2026-07-20,1557.0
4674,2026-07-27,1617.0
4674,2026-08-03,1805.0
4674,2026-08-10,1898.0
4848,2025-08-18,1719.45
4848,2025-08-25,1706.0
4848,2025-09-01,1709.84
4848,2025-09-08,1698.31
4848,2025-09-15,1690.63
4848,2025-09-22,1713.68
4848,2025-09-29,1671.42
4848,2025-10-06,1656.05
4848,2025-10-13,1628.19
4848,2025-10-20,1675.26
4848,2025-10-27,1625.31
4848,2025-11-03,1628.19
4848,2025-11-10,1636.84
4848,2025-11-17,1626.27
4848,2025-11-24,1645.48
4848,2025-12-01,1591.69
4848,2025-12-08,1599.37
4848,2025-12-15,1615.7
4848,2025-12-22,1638.76
4848,2025-12-29,1632.88
4848,2026-01-05,1669.11
4848,2026-01-12,1656.38
4848,2026-01-19,1723.93
4848,2026-01-26,1647.57
4848,2026-02-02,1674.98
4848,2026-02-09,1671.06
4848,2026-02-16,1600.58
4848,2026-02-23,1651.48
4848,2026-03-02,1635.82
4848,2026-03-09,1610.37
4848,2026-03-16,1619.18
4848,2026-03-23,1634.84
4848,2026-03-30,1668.13
4848,2026-04-06,1672.04
4848,2026-04-13,1659.32
4848,2026-04-20,1586.87
4848,2026-04-27,1573.17
4848,2026-05-04,1571.21
4848,2026-05-11,1498.77
4848,2026-05-18,1485.06
4848,2026-05-25,1507.58
4848,2026-06-01,1511.49
4848,2026-06-08,1506.6
4848,2026-06-15,1493.87
4848,2026-06-22,1488.0
4848,2026-06-29,1540.0
4848,2026-07-06,1602.0
4848,2026-07-13,1643.0
4848,2026-07-20,1648.0
4848,2026-07-27,1728.0
4848,2026-08-03,1680.0
4848,2026-08-10,1845.0
4997,2025-08-18,979.58
4997,2025-08-25,940.98
4997,2025-09-01,998.89
4997,2025-09-08,968.97
4997,2025-09-15,989.23
4997,2025-09-22,987.3
4997,2025-09-29,952.15
4997,2025-10-06,934.57
4997,2025-10-13,914.06
4997,2025-10-20,914.06
4997,2025-10-27,843.75
4997,2025-11-03,847.66
4997,2025-11-10,864.26
4997,2025-11-17,867.19
4997,2025-11-24,868.16
4997,2025-12-01,880.86
4997,2025-12-08,970.7
4997,2025-12-15,995.12
4997,2025-12-22,982.42
4997,2025-12-29,990.23
4997,2026-01-05,994.14
4997,2026-01-12,1012.7
4997,2026-01-19,1005.86
4997,2026-01-26,990.23
4997,2026-02-02,1034.18
4997,2026-02-09,998.05
4997,2026-02-16,993.16
4997,2026-02-23,1066.41
4997,2026-03-02,989.26
4997,2026-03-09,990.23
4997,2026-03-16,984.38
4997,2026-03-23,1000.0
4997,2026-03-30,1031.0
4997,2026-04-06,1021.0
4997,2026-04-13,1017.0
4997,2026-04-20,1003.0
4997,2026-04-27,999.0
4997,2026-05-04,964.0
4997,2026-05-11,986.0
4997,2026-05-18,976.0
4997,2026-05-25,1057.0
4997,2026-06-01,1017.0
4997,2026-06-08,1028.0
4997,2026-06-15,1004.0
4997,2026-06-22,1022.0
4997,2026-06-29,1033.0
4997,2026-07-06,1014.0
4997,2026-07-13,987.0
4997,2026-07-20,1085.0
4997,2026-07-27,1077.0
4997,2026-08-03,1132.0
4997,2026-08-10,1184.0
5142,2025-08-18,1103.1
5142,2025-08-25,1077.83
5142,2025-09-01,1108.93
5142,2025-09-08,1107.96
5142,2025-09-15,1126.42
5142,2025-09-22,1192.51
5142,2025-09-29,1165.3
5142,2025-10-06,1239.16
5142,2025-10-13,1241.1
5142,2025-10-20,1282.9
5142,2025-10-27,1220.69
5142,2025-11-03,1146.83
5142,2025-11-10,1261.51
5142,2025-11-17,1235.27
5142,2025-11-24,1245.96
5142,2025-12-01,1278.04
5142,2025-12-08,1308.16
5142,2025-12-15,1358.7
5142,2025-12-22,1420.9
5142,2025-12-29,1405.35
5142,2026-01-05,1452.98
5142,2026-01-12,1461.72
5142,2026-01-19,1457.84
5142,2026-01-26,1408.27
5142,2026-02-02,1463.67
5142,2026-02-09,1582.24
5142,2026-02-16,1608.48
5142,2026-02-23,1742.6
5142,2026-03-02,1636.66
5142,2026-03-09,1416.04
5142,2026-03-16,1415.07
5142,2026-03-23,1383.0
5142,2026-03-30,1358.0
5142,2026-04-06,1467.0
5142,2026-04-13,1502.0
5142,2026-04-20,1411.0
5142,2026-04-27,1439.0
5142,2026-05-04,1562.0
5142,2026-05-11,1246.0
5142,2026-05-18,1230.0
5142,2026-05-25,1217.0
5142,2026-06-01,1187.0
5142,2026-06-08,1138.0
5142,2026-06-15,1207.0
5142,2026-06-22,1159.0
5142,2026-06-29,1217.0
5142,2026-07-06,1214.0
5142,2026-07-13,1211.0
5142,2026-07-20,1268.0
5142,2026-07-27,1298.0
5142,2026-08-03,1689.0
5142,2026-08-10,1835.0
5208,2025-08-18,1510.58
5208,2025-08-25,1520.0
5208,2025-09-01,1573.72
5208,2025-09-08,1548.27
5208,2025-09-15,1551.1
5208,2025-09-22,1572.78
5208,2025-09-29,1526.32
5208,2025-10-06,1524.38
5208,2025-10-13,1566.0
5208,2025-10-20,1594.07
5208,2025-10-27,1575.68
5208,2025-11-03,1519.54
5208,2025-11-10,1570.84
5208,2025-11-17,1558.26
5208,2025-11-24,1646.33
5208,2025-12-01,1610.52
5208,2025-12-08,1644.4
5208,2025-12-15,1641.49
5208,2025-12-22,1655.04
5208,2025-12-29,1667.63
5208,2026-01-05,1688.92
5208,2026-01-12,1745.05
5208,2026-01-19,1765.38
5208,2026-01-26,1727.63
5208,2026-02-02,2060.58
5208,2026-02-09,2228.99
5208,2026-02-16,2468.05
5208,2026-02-23,2559.99
5208,2026-03-02,2451.59
5208,2026-03-09,2374.16
5208,2026-03-16,2347.06
5208,2026-03-23,2349.0
5208,2026-03-30,2330.0
5208,2026-04-06,2480.0
5208,2026-04-13,2503.0
5208,2026-04-20,2641.0
5208,2026-04-27,2277.0
5208,2026-05-04,2292.0
5208,2026-05-11,2357.0
5208,2026-05-18,2249.0
5208,2026-05-25,2308.0
5208,2026-06-01,2285.0
5208,2026-06-08,2311.0
5208,2026-06-15,2651.0
5208,2026-06-22,2582.0
5208,2026-06-29,2786.0
5208,2026-07-06,2507.0
5208,2026-07-13,2419.0
5208,2026-07-20,2510.0
5208,2026-07-27,2438.0
5208,2026-08-03,2750.0
5208,2026-08-10,2900.0
5458,2025-08-18,897.96
5458,2025-08-25,909.51
5458,2025-09-01,919.13
5458,2025-09-08,903.73
5458,2025-09-15,928.76
5458,2025-09-22,935.49
5458,2025-09-29,938.38
5458,2025-10-06,938.38
5458,2025-10-13,945.12
5458,2025-10-20,960.52
5458,2025-10-27,925.87
5458,2025-11-03,943.19
5458,2025-11-10,934.53
5458,2025-11-17,912.39
5458,2025-11-24,922.98
5458,2025-12-01,925.87
5458,2025-12-08,914.32
5458,2025-12-15,949.93
5458,2025-12-22,989.39
5458,2025-12-29,986.5
5458,2026-01-05,1030.77
5458,2026-01-12,1150.12
5458,2026-01-19,1098.15
5458,2026-01-26,1004.79
5458,2026-02-02,1068.31
5458,2026-02-09,1077.93
5458,2026-02-16,1050.02
5458,2026-02-23,1030.77
5458,2026-03-02,1055.8
5458,2026-03-09,1049.06
5458,2026-03-16,1031.74
5458,2026-03-23,1025.0
5458,2026-03-30,1035.0
5458,2026-04-06,1024.0
5458,2026-04-13,1033.0
5458,2026-04-20,1031.0
5458,2026-04-27,1049.0
5458,2026-05-04,1033.0
5458,2026-05-11,1172.0
5458,2026-05-18,1193.0
5458,2026-05-25,1221.0
5458,2026-06-01,1209.0
5458,2026-06-08,1225.0
5458,2026-06-15,1269.0
5458,2026-06-22,1240.0
5458,2026-06-29,1220.0
5458,2026-07-06,1215.0
5458,2026-07-13,1215.0
5458,2026-07-20,1234.0
5458,2026-07-27,1345.0
5458,2026-08-03,1419.0
5458,2026-08-10,1434.0
5830,2025-08-18,2000.75
5830,2025-08-25,2006.12
5830,2025-09-01,1978.78
5830,2025-09-08,2018.82
5830,2025-09-15,2074.49
5830,2025-09-22,2188.28
5830,2025-09-29,2162.54
5830,2025-10-06,2086.81
5830,2025-10-13,2070.97
5830,2025-10-20,2166.99
5830,2025-10-27,2382.8
5830,2025-11-03,2296.18
5830,2025-11-10,2354.59
5830,2025-11-17,2353.6
5830,2025-11-24,2541.19
5830,2025-12-01,2533.77
5830,2025-12-08,2541.69
5830,2025-12-15,2574.85
5830,2025-12-22,2522.38
5830,2025-12-29,2525.85
5830,2026-01-05,2681.27
5830,2026-01-12,2847.58
5830,2026-01-19,2806.5
5830,2026-01-26,2842.14
5830,2026-02-02,3128.23
5830,2026-02-09,3491.54
5830,2026-02-16,3456.89
5830,2026-02-23,3359.88
5830,2026-03-02,3028.25
5830,2026-03-09,2920.84
5830,2026-03-16,2899.06
5830,2026-03-23,2954.0
5830,2026-03-30,3071.0
5830,2026-04-06,3180.0
5830,2026-04-13,3181.0
5830,2026-04-20,2895.5
5830,2026-04-27,3015.0
5830,2026-05-04,3085.0
5830,2026-05-11,3162.0
5830,2026-05-18,3115.0
5830,2026-05-25,3054.0
5830,2026-06-01,3064.0
5830,2026-06-08,3075.0
5830,2026-06-15,3071.0
5830,2026-06-22,3181.0
5830,2026-06-29,3335.0
5830,2026-07-06,3259.0
5830,2026-07-13,3229.0
5830,2026-07-20,3556.0
5830,2026-07-27,3634.0
5830,2026-08-03,3813.0
5830,2026-08-10,3979.0
5831,2025-08-18,1910.39
5831,2025-08-25,1905.56
5831,2025-09-01,1876.55
5831,2025-09-08,1930.69
5831,2025-09-15,1909.42
5831,2025-09-22,1988.7
5831,2025-09-29,2000.03
5831,2025-10-06,1944.36
5831,2025-10-13,1934.01
5831,2025-10-20,1991.17
5831,2025-10-27,2044.87
5831,2025-11-03,2070.5
5831,2025-11-10,2104.5
5831,2025-11-17,2187.28
5831,2025-11-24,2229.65
5831,2025-12-01,2328.2
5831,2025-12-08,2394.72
5831,2025-12-15,2408.02
5831,2025-12-22,2381.91
5831,2025-12-29,2396.69
5831,2026-01-05,2532.69
5831,2026-01-12,2602.66
5831,2026-01-19,2512.98
5831,2026-01-26,2481.44
5831,2026-02-02,2734.22
5831,2026-02-09,3001.78
5831,2026-02-16,3073.72
5831,2026-02-23,3098.35
5831,2026-03-02,2737.18
5831,2026-03-09,2572.11
5831,2026-03-16,2521.85
5831,2026-03-23,2783.0
5831,2026-03-30,2755.0
5831,2026-04-06,2864.0
5831,2026-04-13,2803.0
5831,2026-04-20,2674.5
5831,2026-04-27,2762.0
5831,2026-05-04,2762.0
5831,2026-05-11,2915.5
5831,2026-05-18,2997.0
5831,2026-05-25,2871.0
5831,2026-06-01,2896.5
5831,2026-06-08,3052.0
5831,2026-06-15,3026.0
5831,2026-06-22,3032.0
5831,2026-06-29,3232.0
5831,2026-07-06,3279.0
5831,2026-07-13,3148.0
5831,2026-07-20,3380.0
5831,2026-07-27,3180.0
5831,2026-08-03,3413.0
5831,2026-08-10,3480.0
5832,2025-08-18,2055.96
5832,2025-08-25,2045.33
5832,2025-09-01,2041.47
5832,2025-09-08,2078.17
5832,2025-09-15,2060.3
5832,2025-09-22,2169.91
5832,2025-09-29,2116.4
5832,2025-10-06,2061.9
5832,2025-10-13,2026.07
5832,2025-10-20,2079.58
5832,2025-10-27,2111.0
5832,2025-11-03,2132.11
5832,2025-11-10,2181.2
5832,2025-11-17,2188.07
5832,2025-11-24,2290.68
5832,2025-12-01,2264.17
5832,2025-12-08,2321.6
5832,2025-12-15,2417.83
5832,2025-12-22,2403.1
5832,2025-12-29,2425.68
5832,2026-01-05,2572.96
5832,2026-01-12,2713.86
5832,2026-01-19,2753.62
5832,2026-01-26,2737.91
5832,2026-02-02,3154.71
5832,2026-02-09,3365.81
5832,2026-02-16,3287.26
5832,2026-02-23,3153.73
5832,2026-03-02,2901.88
5832,2026-03-09,2781.61
5832,2026-03-16,2777.19
5832,2026-03-23,2868.5
5832,2026-03-30,2984.5
5832,2026-04-06,3086.0
5832,2026-04-13,3009.0
5832,2026-04-20,2794.5
5832,2026-04-27,2845.5
5832,2026-05-04,2870.5
5832,2026-05-11,3033.0
5832,2026-05-18,3103.0
5832,2026-05-25,2987.5
5832,2026-06-01,2979.0
5832,2026-06-08,3099.0
5832,2026-06-15,3037.0
5832,2026-06-22,3090.0
5832,2026-06-29,3225.0
5832,2026-07-06,3235.0
5832,2026-07-13,3122.0
5832,2026-07-20,3410.0
5832,2026-07-27,3323.0
5832,2026-08-03,3385.0
5832,2026-08-10,3535.0
5844,2025-08-18,2811.28
5844,2025-08-25,2809.37
5844,2025-09-01,2777.32
5844,2025-09-08,2821.33
5844,2025-09-15,2908.39
5844,2025-09-22,3083.46
5844,2025-09-29,3041.81
5844,2025-10-06,2961.4
5844,2025-10-13,2904.25
5844,2025-10-20,3029.22
5844,2025-10-27,3026.31
5844,2025-11-03,3087.34
5844,2025-11-10,3150.31
5844,2025-11-17,3136.74
5844,2025-11-24,3293.68
5844,2025-12-01,3306.27
5844,2025-12-08,3336.3
5844,2025-12-15,3362.46
5844,2025-12-22,3328.55
5844,2025-12-29,3319.83
5844,2026-01-05,3401.21
5844,2026-01-12,3578.49
5844,2026-01-19,3654.05
5844,2026-01-26,3610.45
5844,2026-02-02,3706.36
5844,2026-02-09,3756.73
5844,2026-02-16,3582.36
5844,2026-02-23,3755.76
5844,2026-03-02,4038.63
5844,2026-03-09,4328.28
5844,2026-03-16,4258.53
5844,2026-03-23,4337.0
5844,2026-03-30,4337.0
5844,2026-04-06,4330.0
5844,2026-04-13,4393.0
5844,2026-04-20,4295.0
5844,2026-04-27,4373.0
5844,2026-05-04,4395.0
5844,2026-05-11,4413.0
5844,2026-05-18,4479.0
5844,2026-05-25,4419.0
5844,2026-06-01,4622.0
5844,2026-06-08,4462.0
5844,2026-06-15,4726.0
5844,2026-06-22,4477.0
5844,2026-06-29,4710.0
5844,2026-07-06,4654.0
5844,2026-07-13,4384.0
5844,2026-07-20,4634.0
5844,2026-07-27,4437.0
5844,2026-08-03,4668.0
5844,2026-08-10,5000.0
5845,2025-08-18,847.61
5845,2025-08-25,854.33
5845,2025-09-01,895.61
5845,2025-09-08,897.53
5845,2025-09-15,894.65
5845,2025-09-22,895.61
5845,2025-09-29,876.41
5845,2025-10-06,879.29
5845,2025-10-13,866.81
5845,2025-10-20,869.69
5845,2025-10-27,866.81
5845,2025-11-03,868.73
5845,2025-11-10,879.29
5845,2025-11-17,890.81
5845,2025-11-24,916.72
5845,2025-12-01,923.44
5845,2025-12-08,935.92
5845,2025-12-15,971.44
5845,2025-12-22,976.24
5845,2025-12-29,963.76
5845,2026-01-05,959.92
5845,2026-01-12,967.6
5845,2026-01-19,956.08
5845,2026-01-26,968.56
5845,2026-02-02,963.76
5845,2026-02-09,974.32
5845,2026-02-16,1012.72
5845,2026-02-23,1015.6
5845,2026-03-02,978.16
5845,2026-03-09,968.56
5845,2026-03-16,956.08
5845,2026-03-23,958.0
5845,2026-03-30,988.0
5845,2026-04-06,995.0
5845,2026-04-13,990.0
5845,2026-04-20,980.0
5845,2026-04-27,966.0
5845,2026-05-04,970.0
5845,2026-05-11,1026.0
5845,2026-05-18,1011.0
5845,2026-05-25,1001.0
5845,2026-06-01,995.0
5845,2026-06-08,994.0
5845,2026-06-15,994.0
5845,2026-06-22,996.0
5845,2026-06-29,1020.0
5845,2026-07-06,1019.0
5845,2026-07-13,1016.0
5845,2026-07-20,1011.0
5845,2026-07-27,1171.0
5845,2026-08-03,1208.0
5845,2026-08-10,1225.0
5889,2025-08-18,2043.2
5889,2025-08-25,2011.44
5889,2025-09-01,1997.01
5889,2025-09-08,2298.24
5889,2025-09-15,2166.39
5889,2025-09-22,2147.14
5889,2025-09-29,2028.77
5889,2025-10-06,2023.96
5889,2025-10-13,1987.38
5889,2025-10-20,2133.67
5889,2025-10-27,1934.45
5889,2025-11-03,1949.85
5889,2025-11-10,1946.96
5889,2025-11-17,1828.59
5889,2025-11-24,1867.08
5889,2025-12-01,1900.77
5889,2025-12-08,1971.02
5889,2025-12-15,1903.65
5889,2025-12-22,1950.81
5889,2025-12-29,1953.7
5889,2026-01-05,1966.21
5889,2026-01-12,1946.0
5889,2026-01-19,1961.4
5889,2026-01-26,1974.96
5889,2026-02-02,1950.39
5889,2026-02-09,1940.56
5889,2026-02-16,1883.54
5889,2026-02-23,1964.15
5889,2026-03-02,1917.95
5889,2026-03-09,1848.15
5889,2026-03-16,2040.83
5889,2026-03-23,2092.93
5889,2026-03-30,2054.59
5889,2026-04-06,2077.2
5889,2026-04-13,2103.74
5889,2026-04-20,2192.22
5889,2026-04-27,2190.25
5889,2026-05-04,2208.93
5889,2026-05-11,2154.86
5889,2026-05-18,2172.56
5889,2026-05-25,2056.56
5889,2026-06-01,2051.64
5889,2026-06-08,2133.23
5889,2026-06-15,2279.71
5889,2026-06-22,2151.91
5889,2026-06-29,2362.29
5889,2026-07-06,2410.46
5889,2026-07-13,2283.64
5889,2026-07-20,2345.58
5889,2026-07-27,2521.0
5889,2026-08-03,2469.0
5889,2026-08-10,2624.0
5997,2025-08-18,659.87
5997,2025-08-25,661.82
5997,2025-09-01,688.06
5997,2025-09-08,668.62
5997,2025-09-15,680.28
5997,2025-09-22,674.45
5997,2025-09-29,680.28
5997,2025-10-06,706.52
5997,2025-10-13,692.92
5997,2025-10-20,686.11
5997,2025-10-27,692.92
5997,2025-11-03,679.31
5997,2025-11-10,699.72
5997,2025-11-17,672.51
5997,2025-11-24,690.0
5997,2025-12-01,699.72
5997,2025-12-08,698.75
5997,2025-12-15,694.86
5997,2025-12-22,690.0
5997,2025-12-29,717.0
5997,2026-01-05,710.0
5997,2026-01-12,778.0
5997,2026-01-19,754.0
5997,2026-01-26,734.0
5997,2026-02-02,740.0
5997,2026-02-09,766.0
5997,2026-02-16,763.0
5997,2026-02-23,782.0
5997,2026-03-02,813.0
5997,2026-03-09,806.0
5997,2026-03-16,787.0
5997,2026-03-23,776.0
5997,2026-03-30,797.0
5997,2026-04-06,809.0
5997,2026-04-13,847.0
5997,2026-04-20,815.0
5997,2026-04-27,819.0
5997,2026-05-04,809.0
5997,2026-05-11,820.0
5997,2026-05-18,810.0
5997,2026-05-25,797.0
5997,2026-06-01,828.0
5997,2026-06-08,812.0
5997,2026-06-15,813.0
5997,2026-06-22,873.0
5997,2026-06-29,930.0
5997,2026-07-06,916.0
5997,2026-07-13,916.0
5997,2026-07-20,916.0
5997,2026-07-27,916.0
5997,2026-08-03,897.0
5997,2026-08-10,960.0
6087,2025-08-18,3308.89
6087,2025-08-25,3333.15
6087,2025-09-01,3265.22
6087,2025-09-08,3289.48
6087,2025-09-15,3323.44
6087,2025-09-22,3338.0
6087,2025-09-29,3075.0
6087,2025-10-06,3110.0
6087,2025-10-13,3100.0
6087,2025-10-20,3115.0
6087,2025-10-27,3115.0
6087,2025-11-03,3135.0
6087,2025-11-10,3175.0
6087,2025-11-17,3195.0
6087,2025-11-24,3215.0
6087,2025-12-01,3340.0
6087,2025-12-08,3305.0
6087,2025-12-15,3305.0
6087,2025-12-22,3370.0
6087,2025-12-29,3360.0
6087,2026-01-05,3380.0
6087,2026-01-12,3405.0
6087,2026-01-19,3395.0
6087,2026-01-26,3380.0
6087,2026-02-02,3400.0
6087,2026-02-09,3405.0
6087,2026-02-16,3420.0
6087,2026-02-23,3460.0
6087,2026-03-02,3440.0
6087,2026-03-09,3435.0
6087,2026-03-16,3450.0
6087,2026-03-23,3485.0
6087,2026-03-30,3375.0
6087,2026-04-06,3390.0
6087,2026-04-13,3410.0
6087,2026-04-20,3390.0
6087,2026-04-27,3405.0
6087,2026-05-04,3410.0
6087,2026-05-11,3400.0
6087,2026-05-18,3400.0
6087,2026-05-25,3405.0
6087,2026-06-01,3395.0
6087,2026-06-08,3335.0
6087,2026-06-15,3330.0
6087,2026-06-22,3320.0
6087,2026-06-29,3375.0
6087,2026-07-06,3450.0
6087,2026-07-13,3440.0
6087,2026-07-20,3435.0
6087,2026-07-27,3465.0
6087,2026-08-03,3470.0
6087,2026-08-10,3495.0
6098,2025-08-18,8733.93
6098,2025-08-25,8549.57
6098,2025-09-01,8431.97
6098,2025-09-08,8451.9
6098,2025-09-15,7902.79
6098,2025-09-22,8214.72
6098,2025-09-29,7866.89
6098,2025-10-06,8106.43
6098,2025-10-13,7401.78
6098,2025-10-20,7914.79
6098,2025-10-27,7693.22
6098,2025-11-03,8470.73
6098,2025-11-10,8087.46
6098,2025-11-17,7693.22
6098,2025-11-24,7990.65
6098,2025-12-01,8233.18
6098,2025-12-08,8296.06
6098,2025-12-15,8832.03
6098,2025-12-22,9082.55
6098,2025-12-29,8830.04
6098,2026-01-05,9314.11
6098,2026-01-12,9173.38
6098,2026-01-19,8571.53
6098,2026-01-26,8084.47
6098,2026-02-02,7048.46
6098,2026-02-09,6144.2
6098,2026-02-16,6271.95
6098,2026-02-23,6852.83
6098,2026-03-02,6988.57
6098,2026-03-09,6501.51
6098,2026-03-16,6319.86
6098,2026-03-23,6506.5
6098,2026-03-30,6942.0
6098,2026-04-06,7117.0
6098,2026-04-13,7524.0
6098,2026-04-20,7308.0
6098,2026-04-27,7361.0
6098,2026-05-04,7822.0
6098,2026-05-11,7825.0
6098,2026-05-18,9789.0
6098,2026-05-25,10570.0
6098,2026-06-01,10595.0
6098,2026-06-08,10790.0
6098,2026-06-15,10865.0
6098,2026-06-22,11040.0
6098,2026-06-29,11920.0
6098,2026-07-06,12240.0
6098,2026-07-13,12820.0
6098,2026-07-20,12055.0
6098,2026-07-27,12550.0
6098,2026-08-03,13165.0
6098,2026-08-10,16790.0
6138,2025-08-18,1016.45
6138,2025-08-25,1037.35
6138,2025-09-01,1025.95
6138,2025-09-08,1052.55
6138,2025-09-15,970.85
6138,2025-09-22,992.7
6138,2025-09-29,996.5
6138,2025-10-06,987.0
6138,2025-10-13,987.95
6138,2025-10-20,1012.65
6138,2025-10-27,1018.35
6138,2025-11-03,849.26
6138,2025-11-10,854.96
6138,2025-11-17,843.56
6138,2025-11-24,861.61
6138,2025-12-01,870.16
6138,2025-12-08,880.61
6138,2025-12-15,875.86
6138,2025-12-22,914.81
6138,2025-12-29,914.81
6138,2026-01-05,987.0
6138,2026-01-12,977.5
6138,2026-01-19,985.1
6138,2026-01-26,992.7
6138,2026-02-02,992.7
6138,2026-02-09,1049.7
6138,2026-02-16,1125.7
6138,2026-02-23,1149.44
6138,2026-03-02,1101.95
6138,2026-03-09,1094.35
6138,2026-03-16,1058.25
6138,2026-03-23,1044.0
6138,2026-03-30,1083.0
6138,2026-04-06,1073.0
6138,2026-04-13,1061.0
6138,2026-04-20,1076.0
6138,2026-04-27,1163.0
6138,2026-05-04,1163.0
6138,2026-05-11,1001.0
6138,2026-05-18,1015.0
6138,2026-05-25,1130.0
6138,2026-06-01,1104.0
6138,2026-06-08,1088.0
6138,2026-06-15,1108.0
6138,2026-06-22,1106.0
6138,2026-06-29,1145.0
6138,2026-07-06,1126.0
6138,2026-07-13,1168.0
6138,2026-07-20,1215.0
6138,2026-07-27,1137.0
6138,2026-08-03,1272.0
6138,2026-08-10,1933.0
6194,2025-08-18,751.11
6194,2025-08-25,753.03
6194,2025-09-01,780.92
6194,2025-09-08,779.0
6194,2025-09-15,774.19
6194,2025-09-22,779.0
6194,2025-09-29,743.0
6194,2025-10-06,749.0
6194,2025-10-13,717.0
6194,2025-10-20,713.0
6194,2025-10-27,700.0
6194,2025-11-03,695.0
6194,2025-11-10,683.0
6194,2025-11-17,670.0
6194,2025-11-24,659.0
6194,2025-12-01,621.0
6194,2025-12-08,628.0
6194,2025-12-15,667.0
6194,2025-12-22,702.0
6194,2025-12-29,710.0
6194,2026-01-05,721.0
6194,2026-01-12,706.0
6194,2026-01-19,705.0
6194,2026-01-26,693.0
6194,2026-02-02,688.0
6194,2026-02-09,718.0
6194,2026-02-16,696.0
6194,2026-02-23,738.0
6194,2026-03-02,744.0
6194,2026-03-09,700.0
6194,2026-03-16,667.0
6194,2026-03-23,669.0
6194,2026-03-30,668.0
6194,2026-04-06,660.0
6194,2026-04-13,666.0
6194,2026-04-20,653.0
6194,2026-04-27,646.0
6194,2026-05-04,662.0
6194,2026-05-11,715.0
6194,2026-05-18,712.0
6194,2026-05-25,690.0
6194,2026-06-01,683.0
6194,2026-06-08,705.0
6194,2026-06-15,700.0
6194,2026-06-22,693.0
6194,2026-06-29,704.0
6194,2026-07-06,805.0
6194,2026-07-13,823.0
6194,2026-07-20,822.0
6194,2026-07-27,861.0
6194,2026-08-03,870.0
6194,2026-08-10,892.0
6265,2025-08-18,2143.98
6265,2025-08-25,2185.08
6265,2025-09-01,2321.09
6265,2025-09-08,2317.18
6265,2025-09-15,2315.22
6265,2025-09-22,2348.49
6265,2025-09-29,2309.35
6265,2025-10-06,2282.93
6265,2025-10-13,2250.64
6265,2025-10-20,2377.85
6265,2025-10-27,2307.39
6265,2025-11-03,2331.86
6265,2025-11-10,2327.94
6265,2025-11-17,2334.79
6265,2025-11-24,2272.17
6265,2025-12-01,2314.24
6265,2025-12-08,2312.29
6265,2025-12-15,2264.34
6265,2025-12-22,2300.54
6265,2025-12-29,2348.02
6265,2026-01-05,2344.06
6265,2026-01-12,2543.85
6265,2026-01-19,2490.44
6265,2026-01-26,2463.74
6265,2026-02-02,2492.42
6265,2026-02-09,2508.25
6265,2026-02-16,2644.74
6265,2026-02-23,2739.69
6265,2026-03-02,2655.62
6265,2026-03-09,2635.83
6265,2026-03-16,2680.34
6265,2026-03-23,2645.73
6265,2026-03-30,2653.64
6265,2026-04-06,2675.4
6265,2026-04-13,2676.39
6265,2026-04-20,2902.88
6265,2026-04-27,2966.18
6265,2026-05-04,2996.84
6265,2026-05-11,3080.91
6265,2026-05-18,3140.25
6265,2026-05-25,3095.75
6265,2026-06-01,3352.9
6265,2026-06-08,3268.83
6265,2026-06-15,3654.56
6265,2026-06-22,3615.0
6265,2026-06-29,3420.0
6265,2026-07-06,3365.0
6265,2026-07-13,3135.0
6265,2026-07-20,3380.0
6265,2026-07-27,3090.0
6265,2026-08-03,3330.0
6265,2026-08-10,3490.0
6287,2025-08-18,2173.02
6287,2025-08-25,2177.86
6287,2025-09-01,2233.01
6287,2025-09-08,2201.08
6287,2025-09-15,2265.9
6287,2025-09-22,2258.16
6287,2025-09-29,2171.61
6287,2025-10-06,2156.86
6287,2025-10-13,2142.11
6287,2025-10-20,2203.09
6287,2025-10-27,2153.91
6287,2025-11-03,2187.35
6287,2025-11-10,2184.4
6287,2025-11-17,2217.84
6287,2025-11-24,2266.03
6287,2025-12-01,2208.99
6287,2025-12-08,2310.29
6287,2025-12-15,2377.17
6287,2025-12-22,2357.5
6287,2025-12-29,2361.43
6287,2026-01-05,2345.7
6287,2026-01-12,2377.17
6287,2026-01-19,2361.43
6287,2026-01-26,2277.84
6287,2026-02-02,2328.98
6287,2026-02-09,2283.74
6287,2026-02-16,2385.04
6287,2026-02-23,2458.8
6287,2026-03-02,2377.17
6287,2026-03-09,2290.62
6287,2026-03-16,2242.43
6287,2026-03-23,2268.0
6287,2026-03-30,2274.0
6287,2026-04-06,2279.0
6287,2026-04-13,2192.0
6287,2026-04-20,2078.0
6287,2026-04-27,2073.0
6287,2026-05-04,2150.0
6287,2026-05-11,2160.0
6287,2026-05-18,2244.0
6287,2026-05-25,2197.0
6287,2026-06-01,2302.0
6287,2026-06-08,2307.0
6287,2026-06-15,2290.0
6287,2026-06-22,2370.0
6287,2026-06-29,2333.0
6287,2026-07-06,2395.0
6287,2026-07-13,2447.0
6287,2026-07-20,2431.0
6287,2026-07-27,2448.0
6287,2026-08-03,2593.0
6287,2026-08-10,2920.0
6316,2025-08-18,2196.51
6316,2025-08-25,2224.56
6316,2025-09-01,2259.38
6316,2025-09-08,2254.54
6316,2025-09-15,2281.62
6316,2025-09-22,2359.0
6316,2025-09-29,2173.0
6316,2025-10-06,2158.0
6316,2025-10-13,2139.0
6316,2025-10-20,2199.0
6316,2025-10-27,2175.0
6316,2025-11-03,2123.0
6316,2025-11-10,2107.0
6316,2025-11-17,2132.0
6316,2025-11-24,2166.0
6316,2025-12-01,2169.0
6316,2025-12-08,2147.0
6316,2025-12-15,2195.0
6316,2025-12-22,2308.0
6316,2025-12-29,2300.0
6316,2026-01-05,2283.0
6316,2026-01-12,2328.0
6316,2026-01-19,2389.0
6316,2026-01-26,2376.0
6316,2026-02-02,2335.0
6316,2026-02-09,2376.0
6316,2026-02-16,2412.0
6316,2026-02-23,2477.0
6316,2026-03-02,2392.0
6316,2026-03-09,2331.0
6316,2026-03-16,2311.0
6316,2026-03-23,2315.0
6316,2026-03-30,2279.0
6316,2026-04-06,2335.0
6316,2026-04-13,2369.0
6316,2026-04-20,2363.0
6316,2026-04-27,2370.0
6316,2026-05-04,2428.0
6316,2026-05-11,2435.0
6316,2026-05-18,2487.0
6316,2026-05-25,2521.0
6316,2026-06-01,2464.0
6316,2026-06-08,2488.0
6316,2026-06-15,2519.0
6316,2026-06-22,2558.0
6316,2026-06-29,2765.0
6316,2026-07-06,2628.0
6316,2026-07-13,2630.0
6316,2026-07-20,2757.0
6316,2026-07-27,2677.0
6316,2026-08-03,2765.0
6316,2026-08-10,2910.0
6337,2025-08-18,1677.66
6337,2025-08-25,1768.09
6337,2025-09-01,1795.98
6337,2025-09-08,1977.8
6337,2025-09-15,1967.21
6337,2025-09-22,1934.51
6337,2025-09-29,1952.78
6337,2025-10-06,1918.15
6337,2025-10-13,1881.6
6337,2025-10-20,1864.28
6337,2025-10-27,2021.08
6337,2025-11-03,2005.69
6337,2025-11-10,1983.57
6337,2025-11-17,1902.76
6337,2025-11-24,1943.16
6337,2025-12-01,1944.13
6337,2025-12-08,1955.67
6337,2025-12-15,1948.94
6337,2025-12-22,1972.02
6337,2025-12-29,1990.3
6337,2026-01-05,2099.96
6337,2026-01-12,2230.79
6337,2026-01-19,2404.91
6337,2026-01-26,2845.49
6337,2026-02-02,2677.14
6337,2026-02-09,2740.63
6337,2026-02-16,2720.43
6337,2026-02-23,2782.96
6337,2026-03-02,2568.44
6337,2026-03-09,2443.39
6337,2026-03-16,2556.9
6337,2026-03-23,2529.0
6337,2026-03-30,2423.0
6337,2026-04-06,2703.0
6337,2026-04-13,2739.0
6337,2026-04-20,2752.0
6337,2026-04-27,2841.0
6337,2026-05-04,2963.0
6337,2026-05-11,2504.0
6337,2026-05-18,2484.0
6337,2026-05-25,2548.0
6337,2026-06-01,2756.0
6337,2026-06-08,2426.0
6337,2026-06-15,2604.0
6337,2026-06-22,2537.0
6337,2026-06-29,2502.0
6337,2026-07-06,2396.0
6337,2026-07-13,2198.0
6337,2026-07-20,2340.0
6337,2026-07-27,3135.0
6337,2026-08-03,3220.0
6337,2026-08-10,3530.0
6340,2025-08-18,3561.29
6340,2025-08-25,3483.24
6340,2025-09-01,3361.28
6340,2025-09-08,3327.13
6340,2025-09-15,3405.18
6340,2025-09-22,3439.33
6340,2025-09-29,3283.22
6340,2025-10-06,3302.73
6340,2025-10-13,3317.37
6340,2025-10-20,3400.3
6340,2025-10-27,3341.76
6340,2025-11-03,3097.84
6340,2025-11-10,3171.01
6340,2025-11-17,3200.29
6340,2025-11-24,3336.88
6340,2025-12-01,3292.98
6340,2025-12-08,3327.13
6340,2025-12-15,3346.64
6340,2025-12-22,3361.28
6340,2025-12-29,3403.32
6340,2026-01-05,3447.84
6340,2026-01-12,3556.67
6340,2026-01-19,3571.51
6340,2026-01-26,3482.47
6340,2026-02-02,3596.24
6340,2026-02-09,3645.71
6340,2026-02-16,3502.26
6340,2026-02-23,3685.28
6340,2026-03-02,3472.58
6340,2026-03-09,3348.91
6340,2026-03-16,3314.28
6340,2026-03-23,3388.48
6340,2026-03-30,3428.06
6340,2026-04-06,3502.26
6340,2026-04-13,3447.84
6340,2026-04-20,3324.18
6340,2026-04-27,3403.32
6340,2026-05-04,3531.94
6340,2026-05-11,3700.12
6340,2026-05-18,3779.27
6340,2026-05-25,3848.52
6340,2026-06-01,4214.58
6340,2026-06-08,3873.26
6340,2026-06-15,4194.79
6340,2026-06-22,4407.5
6340,2026-06-29,4550.0
6340,2026-07-06,4305.0
6340,2026-07-13,4140.0
6340,2026-07-20,4300.0
6340,2026-07-27,4390.0
6340,2026-08-03,4490.0
6340,2026-08-10,5110.0
6418,2025-08-18,950.27
6418,2025-08-25,967.58
6418,2025-09-01,968.55
6418,2025-09-08,958.93
6418,2025-09-15,953.16
6418,2025-09-22,974.32
6418,2025-09-29,951.75
6418,2025-10-06,933.11
6418,2025-10-13,991.0
6418,2025-10-20,988.05
6418,2025-10-27,981.19
6418,2025-11-03,975.3
6418,2025-11-10,978.24
6418,2025-11-17,975.3
6418,2025-11-24,1015.53
6418,2025-12-01,1004.73
6418,2025-12-08,991.98
6418,2025-12-15,988.05
6418,2025-12-22,1000.81
6418,2025-12-29,1008.66
6418,2026-01-05,1010.62
6418,2026-01-12,1037.11
6418,2026-01-19,1015.53
6418,2026-01-26,995.9
6418,2026-02-02,1010.62
6418,2026-02-09,1102.85
6418,2026-02-16,1184.29
6418,2026-02-23,1233.35
6418,2026-03-02,1143.08
6418,2026-03-09,1082.25
6418,2026-03-16,1043.98
6418,2026-03-23,1043.0
6418,2026-03-30,1042.0
6418,2026-04-06,1016.0
6418,2026-04-13,1011.0
6418,2026-04-20,971.0
6418,2026-04-27,976.0
6418,2026-05-04,972.0
6418,2026-05-11,902.0
6418,2026-05-18,980.0
6418,2026-05-25,977.0
6418,2026-06-01,948.0
6418,2026-06-08,971.0
6418,2026-06-15,988.0
6418,2026-06-22,984.0
6418,2026-06-29,1010.0
6418,2026-07-06,1083.0
6418,2026-07-13,1044.0
6418,2026-07-20,1056.0
6418,2026-07-27,1133.0
6418,2026-08-03,1200.0
6418,2026-08-10,1263.0
6448,2025-08-18,2460.86
6448,2025-08-25,2417.96
6448,2025-09-01,2521.11
6448,2025-09-08,2534.61
6448,2025-09-15,2448.81
6448,2025-09-22,2487.37
6448,2025-09-29,2429.86
6448,2025-10-06,2498.68
6448,2025-10-13,2539.48
6448,2025-10-20,2636.32
6448,2025-10-27,2585.2
6448,2025-11-03,2567.99
6448,2025-11-10,2976.0
6448,2025-11-17,2912.58
6448,2025-11-24,3072.35
6448,2025-12-01,3025.16
6448,2025-12-08,3047.77
6448,2025-12-15,3066.45
6448,2025-12-22,3070.38
6448,2025-12-29,3069.4
6448,2026-01-05,3121.5
6448,2026-01-12,3236.53
6448,2026-01-19,3179.51
6448,2026-01-26,3089.06
6448,2026-02-02,3209.0
6448,2026-02-09,3054.65
6448,2026-02-16,3045.8
6448,2026-02-23,3177.54
6448,2026-03-02,3021.22
6448,2026-03-09,2902.75
6448,2026-03-16,2876.7
6448,2026-03-23,2917.5
6448,2026-03-30,2977.5
6448,2026-04-06,3055.0
6448,2026-04-13,3097.0
6448,2026-04-20,2895.0
6448,2026-04-27,2980.0
6448,2026-05-04,3225.0
6448,2026-05-11,3527.0
6448,2026-05-18,3488.0
6448,2026-05-25,3753.0
6448,2026-06-01,3786.0
6448,2026-06-08,3772.0
6448,2026-06-15,3777.0
6448,2026-06-22,3752.0
6448,2026-06-29,3779.0
6448,2026-07-06,3735.0
6448,2026-07-13,3810.0
6448,2026-07-20,3941.0
6448,2026-07-27,4011.0
6448,2026-08-03,4561.0
6448,2026-08-10,4701.0
6508,2025-08-18,5901.66
6508,2025-08-25,5745.06
6508,2025-09-01,5666.76
6508,2025-09-08,5989.74
6508,2025-09-15,5813.57
6508,2025-09-22,5754.85
6508,2025-09-29,5672.96
6508,2025-10-06,5732.16
6508,2025-10-13,5860.41
6508,2025-10-20,6531.3
6508,2025-10-27,6047.87
6508,2025-11-03,5968.94
6508,2025-11-10,5949.21
6508,2025-11-17,5446.04
6508,2025-11-24,5722.29
6508,2025-12-01,5544.7
6508,2025-12-08,5633.5
6508,2025-12-15,5376.98
6508,2025-12-22,5505.24
6508,2025-12-29,5495.37
6508,2026-01-05,5761.75
6508,2026-01-12,6146.53
6508,2026-01-19,6166.26
6508,2026-01-26,5959.07
6508,2026-02-02,6570.77
6508,2026-02-09,6699.03
6508,2026-02-16,7557.37
6508,2026-02-23,7715.23
6508,2026-03-02,7271.25
6508,2026-03-09,7419.24
6508,2026-03-16,7508.04
6508,2026-03-23,8100.0
6508,2026-03-30,8040.0
6508,2026-04-06,8390.0
6508,2026-04-13,8180.0
6508,2026-04-20,8120.0
6508,2026-04-27,8460.0
6508,2026-05-04,9350.0
6508,2026-05-11,10940.0
6508,2026-05-18,11050.0
6508,2026-05-25,10070.0
6508,2026-06-01,9820.0
6508,2026-06-08,8900.0
6508,2026-06-15,10740.0
6508,2026-06-22,9750.0
6508,2026-06-29,9780.0
6508,2026-07-06,9070.0
6508,2026-07-13,8470.0
6508,2026-07-20,9020.0
6508,2026-07-27,9620.0
6508,2026-08-03,10850.0
6508,2026-08-10,11880.0
6523,2025-08-18,1000.44
6523,2025-08-25,948.54
6523,2025-09-01,1068.67
6523,2025-09-08,980.25
6523,2025-09-15,962.96
6523,2025-09-22,968.72
6523,2025-09-29,932.41
6523,2025-10-06,1013.87
6523,2025-10-13,1020.74
6523,2025-10-20,1028.59
6523,2025-10-27,990.31
6523,2025-11-03,1008.96
6523,2025-11-10,949.09
6523,2025-11-17,971.67
6523,2025-11-24,1007.98
6523,2025-12-01,1048.22
6523,2025-12-08,1063.93
6523,2025-12-15,1098.28
6523,2025-12-22,1107.11
6523,2025-12-29,1091.41
6523,2026-01-05,1156.19
6523,2026-01-12,1157.17
6523,2026-01-19,1147.35
6523,2026-01-26,1063.93
6523,2026-02-02,1069.81
6523,2026-02-09,1001.11
6523,2026-02-16,1024.67
6523,2026-02-23,1079.63
6523,2026-03-02,1013.87
6523,2026-03-09,965.78
6523,2026-03-16,981.48
6523,2026-03-23,1113.0
6523,2026-03-30,1115.0
6523,2026-04-06,1076.0
6523,2026-04-13,1064.0
6523,2026-04-20,1000.0
6523,2026-04-27,1005.0
6523,2026-05-04,1007.0
6523,2026-05-11,963.0
6523,2026-05-18,1071.0
6523,2026-05-25,1105.0
6523,2026-06-01,1090.0
6523,2026-06-08,1070.0
6523,2026-06-15,1043.0
6523,2026-06-22,1012.0
6523,2026-06-29,1035.0
6523,2026-07-06,1051.0
6523,2026-07-13,1095.0
6523,2026-07-20,1079.0
6523,2026-07-27,1100.0
6523,2026-08-03,1311.0
6523,2026-08-10,1410.0
6545,2025-08-18,618.01
6545,2025-08-25,618.98
6545,2025-09-01,615.08
6545,2025-09-08,620.94
6545,2025-09-15,639.49
6545,2025-09-22,636.56
6545,2025-09-29,619.96
6545,2025-10-06,620.94
6545,2025-10-13,620.94
6545,2025-10-20,625.82
6545,2025-10-27,619.96
6545,2025-11-03,613.13
6545,2025-11-10,616.06
6545,2025-11-17,591.65
6545,2025-11-24,603.36
6545,2025-12-01,604.34
6545,2025-12-08,622.89
6545,2025-12-15,624.84
6545,2025-12-22,617.03
6545,2025-12-29,639.49
6545,2026-01-05,658.04
6545,2026-01-12,681.47
6545,2026-01-19,684.4
6545,2026-01-26,677.56
6545,2026-02-02,683.42
6545,2026-02-09,668.78
6545,2026-02-16,711.73
6545,2026-02-23,738.09
6545,2026-03-02,743.95
6545,2026-03-09,799.6
6545,2026-03-16,770.31
6545,2026-03-23,742.0
6545,2026-03-30,758.0
6545,2026-04-06,746.0
6545,2026-04-13,741.0
6545,2026-04-20,715.0
6545,2026-04-27,717.0
6545,2026-05-04,710.0
6545,2026-05-11,733.0
6545,2026-05-18,721.0
6545,2026-05-25,717.0
6545,2026-06-01,709.0
6545,2026-06-08,700.0
6545,2026-06-15,701.0
6545,2026-06-22,713.0
6545,2026-06-29,745.0
6545,2026-07-06,793.0
6545,2026-07-13,795.0
6545,2026-07-20,837.0
6545,2026-07-27,871.0
6545,2026-08-03,876.0
6545,2026-08-10,892.0
6570,2025-08-18,1256.86
6570,2025-08-25,1251.96
6570,2025-09-01,1275.49
6570,2025-09-08,1263.73
6570,2025-09-15,1310.78
6570,2025-09-22,1284.31
6570,2025-09-29,1209.58
6570,2025-10-06,1166.03
6570,2025-10-13,1198.69
6570,2025-10-20,1254.12
6570,2025-10-27,1176.92
6570,2025-11-03,1155.14
6570,2025-11-10,1153.16
6570,2025-11-17,1066.05
6570,2025-11-24,1128.41
6570,2025-12-01,1094.76
6570,2025-12-08,1092.78
6570,2025-12-15,1227.4
6570,2025-12-22,1197.7
6570,2025-12-29,1188.79
6570,2026-01-05,1229.38
6570,2026-01-12,1237.3
6570,2026-01-19,1225.42
6570,2026-01-26,1180.88
6570,2026-02-02,1216.51
6570,2026-02-09,1251.15
6570,2026-02-16,1262.04
6570,2026-02-23,1264.02
6570,2026-03-02,1295.7
6570,2026-03-09,1301.64
6570,2026-03-16,1268.97
6570,2026-03-23,1217.5
6570,2026-03-30,1212.0
6570,2026-04-06,1221.0
6570,2026-04-13,1270.0
6570,2026-04-20,1228.0
6570,2026-04-27,1232.0
6570,2026-05-04,1256.0
6570,2026-05-11,1599.0
6570,2026-05-18,1692.0
6570,2026-05-25,1653.0
6570,2026-06-01,1640.0
6570,2026-06-08,1612.0
6570,2026-06-15,1787.0
6570,2026-06-22,1908.0
6570,2026-06-29,1882.0
6570,2026-07-06,1900.0
6570,2026-07-13,1929.0
6570,2026-07-20,2005.0
6570,2026-07-27,2106.0
6570,2026-08-03,2102.0
6570,2026-08-10,3160.0
6645,2025-08-18,3691.51
6645,2025-08-25,3700.3
6645,2025-09-01,3795.93
6645,2025-09-08,3862.28
6645,2025-09-15,3857.4
6645,2025-09-22,3996.95
6645,2025-09-29,4104.68
6645,2025-10-06,4319.15
6645,2025-10-13,4177.82
6645,2025-10-20,4390.31
6645,2025-10-27,4259.85
6645,2025-11-03,4198.57
6645,2025-11-10,3915.9
6645,2025-11-17,3726.13
6645,2025-11-24,3952.47
6645,2025-12-01,4063.17
6645,2025-12-08,4054.27
6645,2025-12-15,3852.64
6645,2025-12-22,3897.12
6645,2025-12-29,3913.92
6645,2026-01-05,3966.31
6645,2026-01-12,3999.91
6645,2026-01-19,3960.38
6645,2026-01-26,3871.42
6645,2026-02-02,4479.27
6645,2026-02-09,4687.81
6645,2026-02-16,5108.85
6645,2026-02-23,5487.4
6645,2026-03-02,4870.66
6645,2026-03-09,4479.27
6645,2026-03-16,4512.87
6645,2026-03-23,4417.0
6645,2026-03-30,4428.0
6645,2026-04-06,4672.0
6645,2026-04-13,4997.0
6645,2026-04-20,5093.0
6645,2026-04-27,5588.0
6645,2026-05-04,6247.0
6645,2026-05-11,5700.0
6645,2026-05-18,5480.0
6645,2026-05-25,5744.0
6645,2026-06-01,6162.0
6645,2026-06-08,5490.0
6645,2026-06-15,6134.0
6645,2026-06-22,5612.0
6645,2026-06-29,6056.0
6645,2026-07-06,6010.0
6645,2026-07-13,5309.0
6645,2026-07-20,5479.0
6645,2026-07-27,5430.0
6645,2026-08-03,6632.0
6645,2026-08-10,7002.0
6647,2025-08-18,1892.43
6647,2025-08-25,1832.8
6647,2025-09-01,1887.54
6647,2025-09-08,1902.2
6647,2025-09-15,1902.2
6647,2025-09-22,1929.57
6647,2025-09-29,1951.08
6647,2025-10-06,1935.44
6647,2025-10-13,1957.92
6647,2025-10-20,2084.99
6647,2025-10-27,2363.58
6647,2025-11-03,2176.88
6647,2025-11-10,2107.48
6647,2025-11-17,2072.29
6647,2025-11-24,2167.1
6647,2025-12-01,2181.76
6647,2025-12-08,2247.26
6647,2025-12-15,2188.61
6647,2025-12-22,2237.48
6647,2025-12-29,2248.23
6647,2026-01-05,2207.18
6647,2026-01-12,2190.56
6647,2026-01-19,2385.08
6647,2026-01-26,2345.01
6647,2026-02-02,2472.08
6647,2026-02-09,2570.81
6647,2026-02-16,2677.35
6647,2026-02-23,2680.29
6647,2026-03-02,2619.68
6647,2026-03-09,2637.28
6647,2026-03-16,2629.46
6647,2026-03-23,2823.0
6647,2026-03-30,2710.0
6647,2026-04-06,2777.0
6647,2026-04-13,2990.0
6647,2026-04-20,2940.0
6647,2026-04-27,2900.0
6647,2026-05-04,2921.0
6647,2026-05-11,2530.0
6647,2026-05-18,2459.0
6647,2026-05-25,2583.0
6647,2026-06-01,2580.0
6647,2026-06-08,2570.0
6647,2026-06-15,2575.0
6647,2026-06-22,2732.0
6647,2026-06-29,2726.0
6647,2026-07-06,2738.0
6647,2026-07-13,2777.0
6647,2026-07-20,2750.0
6647,2026-07-27,2900.0
6647,2026-08-03,2950.0
6647,2026-08-10,3320.0
6694,2025-08-18,606.49
6694,2025-08-25,606.49
6694,2025-09-01,606.49
6694,2025-09-08,610.29
6694,2025-09-15,611.25
6694,2025-09-22,611.25
6694,2025-09-29,612.2
6694,2025-10-06,613.15
6694,2025-10-13,604.58
6694,2025-10-20,600.77
6694,2025-10-27,596.01
6694,2025-11-03,594.11
6694,2025-11-10,598.87
6694,2025-11-17,590.3
6694,2025-11-24,600.77
6694,2025-12-01,607.44
6694,2025-12-08,603.63
6694,2025-12-15,625.53
6694,2025-12-22,636.0
6694,2025-12-29,627.0
6694,2026-01-05,630.0
6694,2026-01-12,637.0
6694,2026-01-19,645.0
6694,2026-01-26,653.0
6694,2026-02-02,658.0
6694,2026-02-09,651.0
6694,2026-02-16,646.0
6694,2026-02-23,650.0
6694,2026-03-02,637.0
6694,2026-03-09,634.0
6694,2026-03-16,652.0
6694,2026-03-23,644.0
6694,2026-03-30,640.0
6694,2026-04-06,647.0
6694,2026-04-13,645.0
6694,2026-04-20,649.0
6694,2026-04-27,636.0
6694,2026-05-04,637.0
6694,2026-05-11,647.0
6694,2026-05-18,652.0
6694,2026-05-25,640.0
6694,2026-06-01,642.0
6694,2026-06-08,641.0
6694,2026-06-15,636.0
6694,2026-06-22,634.0
6694,2026-06-29,633.0
6694,2026-07-06,638.0
6694,2026-07-13,640.0
6694,2026-07-20,637.0
6694,2026-07-27,639.0
6694,2026-08-03,645.0
6694,2026-08-10,669.0
6742,2025-08-18,519.9
6742,2025-08-25,510.29
6742,2025-09-01,515.1
6742,2025-09-08,518.94
6742,2025-09-15,507.41
6742,2025-09-22,517.02
6742,2025-09-29,494.71
6742,2025-10-06,492.77
6742,2025-10-13,491.8
6742,2025-10-20,517.99
6742,2025-10-27,513.14
6742,2025-11-03,514.11
6742,2025-11-10,540.3
6742,2025-11-17,526.72
6742,2025-11-24,535.45
6742,2025-12-01,566.49
6742,2025-12-08,586.86
6742,2025-12-15,598.5
6742,2025-12-22,583.95
6742,2025-12-29,591.71
6742,2026-01-05,600.44
6742,2026-01-12,602.38
6742,2026-01-19,632.45
6742,2026-01-26,652.82
6742,2026-02-02,704.23
6742,2026-02-09,699.38
6742,2026-02-16,759.52
6742,2026-02-23,753.7
6742,2026-03-02,693.56
6742,2026-03-09,662.52
6742,2026-03-16,639.24
6742,2026-03-23,647.0
6742,2026-03-30,640.0
6742,2026-04-06,661.0
6742,2026-04-13,701.0
6742,2026-04-20,699.0
6742,2026-04-27,716.0
6742,2026-05-04,749.0
6742,2026-05-11,766.0
6742,2026-05-18,745.0
6742,2026-05-25,754.0
6742,2026-06-01,951.0
6742,2026-06-08,946.0
6742,2026-06-15,1011.0
6742,2026-06-22,976.0
6742,2026-06-29,920.0
6742,2026-07-06,897.0
6742,2026-07-13,864.0
6742,2026-07-20,910.0
6742,2026-07-27,872.0
6742,2026-08-03,924.0
6742,2026-08-10,1069.0
6743,2025-08-18,523.35
6743,2025-08-25,530.99
6743,2025-09-01,531.94
6743,2025-09-08,589.24
6743,2025-09-15,577.78
6743,2025-09-22,584.47
6743,2025-09-29,552.95
6743,2025-10-06,553.91
6743,2025-10-13,548.18
6743,2025-10-20,552.95
6743,2025-10-27,575.87
6743,2025-11-03,587.33
6743,2025-11-10,692.38
6743,2025-11-17,673.28
6743,2025-11-24,698.11
6743,2025-12-01,730.58
6743,2025-12-08,740.13
6743,2025-12-15,756.37
6743,2025-12-22,756.37
6743,2025-12-29,775.47
6743,2026-01-05,797.44
6743,2026-01-12,790.75
6743,2026-01-19,769.74
6743,2026-01-26,756.37
6743,2026-02-02,913.95
6743,2026-02-09,817.49
6743,2026-02-16,845.19
6743,2026-02-23,847.1
6743,2026-03-02,789.8
6743,2026-03-09,778.34
6743,2026-03-16,747.78
6743,2026-03-23,743.0
6743,2026-03-30,740.0
6743,2026-04-06,782.0
6743,2026-04-13,799.0
6743,2026-04-20,795.0
6743,2026-04-27,796.0
6743,2026-05-04,807.0
6743,2026-05-11,788.0
6743,2026-05-18,845.0
6743,2026-05-25,832.0
6743,2026-06-01,847.0
6743,2026-06-08,827.0
6743,2026-06-15,853.0
6743,2026-06-22,796.0
6743,2026-06-29,820.0
6743,2026-07-06,821.0
6743,2026-07-13,833.0
6743,2026-07-20,893.0
6743,2026-07-27,892.0
6743,2026-08-03,919.0
6743,2026-08-10,1101.0
6857,2025-08-18,10728.82
6857,2025-08-25,11635.76
6857,2025-09-01,11401.55
6857,2025-09-08,13903.12
6857,2025-09-15,14969.52
6857,2025-09-22,14421.37
6857,2025-09-29,15668.67
6857,2025-10-06,17810.76
6857,2025-10-13,16847.07
6857,2025-10-20,17056.78
6857,2025-10-27,23103.55
6857,2025-11-03,19932.87
6857,2025-11-10,19503.45
6857,2025-11-17,18290.11
6857,2025-11-24,20547.03
6857,2025-12-01,20172.54
6857,2025-12-08,20756.75
6857,2025-12-15,19168.91
6857,2025-12-22,20217.48
6857,2025-12-29,19608.31
6857,2026-01-05,20227.47
6857,2026-01-12,22769.01
6857,2026-01-19,23498.02
6857,2026-01-26,25470.33
6857,2026-02-02,24496.66
6857,2026-02-09,27093.12
6857,2026-02-16,25440.37
6857,2026-02-23,26813.5
6857,2026-03-02,25675.05
6857,2026-03-09,23617.85
6857,2026-03-16,23947.4
6857,2026-03-23,22040.0
6857,2026-03-30,21555.0
6857,2026-04-06,24990.0
6857,2026-04-13,27870.0
6857,2026-04-20,29440.0
6857,2026-04-27,27815.0
6857,2026-05-04,29885.0
6857,2026-05-11,26360.0
6857,2026-05-18,26845.0
6857,2026-05-25,26170.0
6857,2026-06-01,26765.0
6857,2026-06-08,27325.0
6857,2026-06-15,31740.0
6857,2026-06-22,32440.0
6857,2026-06-29,29345.0
6857,2026-07-06,29830.0
6857,2026-07-13,27505.0
6857,2026-07-20,28945.0
6857,2026-07-27,32500.0
6857,2026-08-03,32190.0
6857,2026-08-10,35940.0
6951,2025-08-18,4656.6
6951,2025-08-25,4573.62
6951,2025-09-01,4788.39
6951,2025-09-08,4767.89
6951,2025-09-15,4778.63
6951,2025-09-22,4859.65
6951,2025-09-29,5134.95
6951,2025-10-06,5201.06
6951,2025-10-13,5090.55
6951,2025-10-20,5118.18
6951,2025-10-27,5132.98
6951,2025-11-03,5023.45
6951,2025-11-10,5071.8
6951,2025-11-17,4522.19
6951,2025-11-24,4759.01
6951,2025-12-01,4972.14
6951,2025-12-08,4864.59
6951,2025-12-15,4749.14
6951,2025-12-22,4987.93
6951,2025-12-29,4964.25
6951,2026-01-05,5080.68
6951,2026-01-12,5806.92
6951,2026-01-19,6098.0
6951,2026-01-26,6125.63
6951,2026-02-02,6063.47
6951,2026-02-09,6216.41
6951,2026-02-16,6406.85
6951,2026-02-23,6796.61
6951,2026-03-02,6318.04
6951,2026-03-09,5914.47
6951,2026-03-16,5866.12
6951,2026-03-23,5875.0
6951,2026-03-30,6077.0
6951,2026-04-06,6291.0
6951,2026-04-13,6100.0
6951,2026-04-20,6419.0
6951,2026-04-27,6211.0
6951,2026-05-04,6592.0
6951,2026-05-11,6952.0
6951,2026-05-18,6600.0
6951,2026-05-25,7114.0
6951,2026-06-01,7084.0
6951,2026-06-08,6456.0
6951,2026-06-15,7066.0
6951,2026-06-22,7343.0
6951,2026-06-29,7582.0
6951,2026-07-06,7874.0
6951,2026-07-13,8034.0
6951,2026-07-20,8194.0
6951,2026-07-27,8223.0
6951,2026-08-03,8301.0
6951,2026-08-10,9002.0
6952,2025-08-18,1157.73
6952,2025-08-25,1171.27
6952,2025-09-01,1236.53
6952,2025-09-08,1217.68
6952,2025-09-15,1182.39
6952,2025-09-22,1201.72
6952,2025-09-29,1193.35
6952,2025-10-06,1205.17
6952,2025-10-13,1193.35
6952,2025-10-20,1222.4
6952,2025-10-27,1190.89
6952,2025-11-03,1201.23
6952,2025-11-10,1218.46
6952,2025-11-17,1211.57
6952,2025-11-24,1271.63
6952,2025-12-01,1253.42
6952,2025-12-08,1256.86
6952,2025-12-15,1228.8
6952,2025-12-22,1242.09
6952,2025-12-29,1250.46
6952,2026-01-05,1273.6
6952,2026-01-12,1323.32
6952,2026-01-19,1300.18
6952,2026-01-26,1484.8
6952,2026-02-02,1544.37
6952,2026-02-09,1574.89
6952,2026-02-16,1579.82
6952,2026-02-23,1547.32
6952,2026-03-02,1376.98
6952,2026-03-09,1396.18
6952,2026-03-16,1423.26
6952,2026-03-23,1440.0
6952,2026-03-30,1570.5
6952,2026-04-06,1655.0
6952,2026-04-13,1747.5
6952,2026-04-20,1640.5
6952,2026-04-27,1572.0
6952,2026-05-04,1653.5
6952,2026-05-11,1694.0
6952,2026-05-18,1624.0
6952,2026-05-25,1789.5
6952,2026-06-01,1835.5
6952,2026-06-08,1750.0
6952,2026-06-15,1906.5
6952,2026-06-22,1990.5
6952,2026-06-29,1865.5
6952,2026-07-06,1875.0
6952,2026-07-13,1799.5
6952,2026-07-20,1720.5
6952,2026-07-27,1764.5
6952,2026-08-03,2201.5
6952,2026-08-10,2488.5
7119,2025-08-18,1165.03
7119,2025-08-25,1199.27
7119,2025-09-01,1209.05
7119,2025-09-08,1305.89
7119,2025-09-15,1385.12
7119,2025-09-22,1437.95
7119,2025-09-29,1306.5
7119,2025-10-06,1329.24
7119,2025-10-13,1327.26
7119,2025-10-20,1345.05
7119,2025-10-27,1322.32
7119,2025-11-03,1327.26
7119,2025-11-10,1342.08
7119,2025-11-17,1233.37
7119,2025-11-24,1301.56
7119,2025-12-01,1284.76
7119,2025-12-08,1287.73
7119,2025-12-15,1253.14
7119,2025-12-22,1263.02
7119,2025-12-29,1273.89
7119,2026-01-05,1314.41
7119,2026-01-12,1316.39
7119,2026-01-19,1324.29
7119,2026-01-26,1328.25
7119,2026-02-02,1327.26
7119,2026-02-09,1340.11
7119,2026-02-16,1327.26
7119,2026-02-23,1345.05
7119,2026-03-02,1384.58
7119,2026-03-09,1529.86
7119,2026-03-16,1607.93
7119,2026-03-23,1602.0
7119,2026-03-30,1590.0
7119,2026-04-06,1657.0
7119,2026-04-13,1554.0
7119,2026-04-20,1522.0
7119,2026-04-27,1517.0
7119,2026-05-04,1549.0
7119,2026-05-11,1501.0
7119,2026-05-18,1560.0
7119,2026-05-25,1581.0
7119,2026-06-01,1615.0
7119,2026-06-08,1593.0
7119,2026-06-15,1640.0
7119,2026-06-22,1625.0
7119,2026-06-29,1680.0
7119,2026-07-06,1683.0
7119,2026-07-13,1669.0
7119,2026-07-20,1674.0
7119,2026-07-27,1686.0
7119,2026-08-03,1711.0
7119,2026-08-10,1723.0
7167,2025-08-18,902.93
7167,2025-08-25,892.11
7167,2025-09-01,882.36
7167,2025-09-08,904.88
7167,2025-09-15,885.68
7167,2025-09-22,935.3
7167,2025-09-29,915.26
7167,2025-10-06,907.26
7167,2025-10-13,875.37
7167,2025-10-20,900.25
7167,2025-10-27,949.72
7167,2025-11-03,936.49
7167,2025-11-10,966.8
7167,2025-11-17,946.86
7167,2025-11-24,1006.59
7167,2025-12-01,1020.41
7167,2025-12-08,1038.68
7167,2025-12-15,1054.97
7167,2025-12-22,1025.84
7167,2025-12-29,1024.86
7167,2026-01-05,1087.06
7167,2026-01-12,1151.23
7167,2026-01-19,1132.97
7167,2026-01-26,1148.77
7167,2026-02-02,1257.87
7167,2026-02-09,1298.35
7167,2026-02-16,1303.28
7167,2026-02-23,1325.99
7167,2026-03-02,1239.6
7167,2026-03-09,1166.04
7167,2026-03-16,1183.32
7167,2026-03-23,1247.5
7167,2026-03-30,1286.0
7167,2026-04-06,1353.5
7167,2026-04-13,1343.5
7167,2026-04-20,1222.0
7167,2026-04-27,1296.0
7167,2026-05-04,1313.5
7167,2026-05-11,1377.5
7167,2026-05-18,1396.5
7167,2026-05-25,1329.5
7167,2026-06-01,1357.5
7167,2026-06-08,1402.0
7167,2026-06-15,1411.0
7167,2026-06-22,1407.5
7167,2026-06-29,1509.0
7167,2026-07-06,1539.5
7167,2026-07-13,1427.0
7167,2026-07-20,1541.0
7167,2026-07-27,1497.0
7167,2026-08-03,1580.0
7167,2026-08-10,1637.0
7184,2025-08-18,1193.22
7184,2025-08-25,1247.8
7184,2025-09-01,1218.12
7184,2025-09-08,1266.96
7184,2025-09-15,1216.2
7184,2025-09-22,1287.07
7184,2025-09-29,1477.78
7184,2025-10-06,1437.68
7184,2025-10-13,1389.76
7184,2025-10-20,1446.48
7184,2025-10-27,1424.97
7184,2025-11-03,1386.82
7184,2025-11-10,1537.44
7184,2025-11-17,1560.91
7184,2025-11-24,1670.45
7184,2025-12-01,1686.09
7184,2025-12-08,1737.93
7184,2025-12-15,1742.82
7184,2025-12-22,1748.69
7184,2025-12-29,1775.09
7184,2026-01-05,1898.32
7184,2026-01-12,2100.77
7184,2026-01-19,2369.73
7184,2026-01-26,2174.12
7184,2026-02-02,2679.76
7184,2026-02-09,2656.28
7184,2026-02-16,2534.03
7184,2026-02-23,2664.11
7184,2026-03-02,2349.19
7184,2026-03-09,2401.02
7184,2026-03-16,2452.86
7184,2026-03-23,2491.0
7184,2026-03-30,2447.0
7184,2026-04-06,2602.0
7184,2026-04-13,2755.0
7184,2026-04-20,2486.0
7184,2026-04-27,2566.0
7184,2026-05-04,2570.0
7184,2026-05-11,2695.0
7184,2026-05-18,2700.0
7184,2026-05-25,2498.0
7184,2026-06-01,2490.0
7184,2026-06-08,2497.0
7184,2026-06-15,2400.0
7184,2026-06-22,2436.0
7184,2026-06-29,2671.0
7184,2026-07-06,2677.0
7184,2026-07-13,2685.0
7184,2026-07-20,3065.0
7184,2026-07-27,2911.0
7184,2026-08-03,3055.0
7184,2026-08-10,3265.0
7189,2025-08-18,2436.8
7189,2025-08-25,2397.28
7189,2025-09-01,2385.71
7189,2025-09-08,2400.17
7189,2025-09-15,2329.81
7189,2025-09-22,2452.22
7189,2025-09-29,2374.7
7189,2025-10-06,2363.91
7189,2025-10-13,2317.79
7189,2025-10-20,2494.42
7189,2025-10-27,2588.62
7189,2025-11-03,2626.89
7189,2025-11-10,2840.32
7189,2025-11-17,2818.24
7189,2025-11-24,2909.5
7189,2025-12-01,2963.47
7189,2025-12-08,2953.66
7189,2025-12-15,3106.74
7189,2025-12-22,3085.15
7189,2025-12-29,3150.9
7189,2026-01-05,3345.19
7189,2026-01-12,3640.56
7189,2026-01-19,3637.61
7189,2026-01-26,3660.18
7189,2026-02-02,4081.15
7189,2026-02-09,4227.36
7189,2026-02-16,4336.29
7189,2026-02-23,4370.63
7189,2026-03-02,4043.86
7189,2026-03-09,3844.66
7189,2026-03-16,3795.6
7189,2026-03-23,3827.0
7189,2026-03-30,4008.0
7189,2026-04-06,4217.0
7189,2026-04-13,4185.0
7189,2026-04-20,3812.0
7189,2026-04-27,3908.0
7189,2026-05-04,3946.0
7189,2026-05-11,4050.0
7189,2026-05-18,4097.0
7189,2026-05-25,3953.0
7189,2026-06-01,4008.0
7189,2026-06-08,4169.0
7189,2026-06-15,4072.0
7189,2026-06-22,4204.0
7189,2026-06-29,4282.0
7189,2026-07-06,4340.0
7189,2026-07-13,4106.0
7189,2026-07-20,4441.0
7189,2026-07-27,4268.0
7189,2026-08-03,4532.0
7189,2026-08-10,4781.0
7217,2025-08-18,381.95
7217,2025-08-25,384.83
7217,2025-09-01,383.39
7217,2025-09-08,386.76
7217,2025-09-15,391.09
7217,2025-09-22,401.67
7217,2025-09-29,385.8
7217,2025-10-06,386.76
7217,2025-10-13,385.8
7217,2025-10-20,382.91
7217,2025-10-27,378.1
7217,2025-11-03,367.52
7217,2025-11-10,368.48
7217,2025-11-17,366.55
7217,2025-11-24,371.36
7217,2025-12-01,370.4
7217,2025-12-08,370.4
7217,2025-12-15,368.48
7217,2025-12-22,367.52
7217,2025-12-29,369.44
7217,2026-01-05,384.83
7217,2026-01-12,402.15
7217,2026-01-19,405.04
7217,2026-01-26,388.68
7217,2026-02-02,396.38
7217,2026-02-09,410.81
7217,2026-02-16,397.34
7217,2026-02-23,404.08
7217,2026-03-02,380.99
7217,2026-03-09,384.83
7217,2026-03-16,385.8
7217,2026-03-23,406.0
7217,2026-03-30,390.0
7217,2026-04-06,391.0
7217,2026-04-13,434.0
7217,2026-04-20,424.0
7217,2026-04-27,429.0
7217,2026-05-04,439.0
7217,2026-05-11,440.0
7217,2026-05-18,452.0
7217,2026-05-25,443.0
7217,2026-06-01,425.0
7217,2026-06-08,418.0
7217,2026-06-15,411.0
7217,2026-06-22,426.0
7217,2026-06-29,429.0
7217,2026-07-06,417.0
7217,2026-07-13,429.0
7217,2026-07-20,426.0
7217,2026-07-27,425.0
7217,2026-08-03,426.0
7217,2026-08-10,467.0
7327,2025-08-18,1281.46
7327,2025-08-25,1278.25
7327,2025-09-01,1300.73
7327,2025-09-08,1318.39
7327,2025-09-15,1294.31
7327,2025-09-22,1371.39
7327,2025-09-29,1399.54
7327,2025-10-06,1400.52
7327,2025-10-13,1417.22
7327,2025-10-20,1432.93
7327,2025-10-27,1461.42
7327,2025-11-03,1457.49
7327,2025-11-10,1472.22
7327,2025-11-17,1502.67
7327,2025-11-24,1590.07
7327,2025-12-01,1622.49
7327,2025-12-08,1602.84
7327,2025-12-15,1619.54
7327,2025-12-22,1594.0
7327,2025-12-29,1598.91
7327,2026-01-05,1712.84
7327,2026-01-12,1780.61
7327,2026-01-19,1819.89
7327,2026-01-26,1804.18
7327,2026-02-02,1868.02
7327,2026-02-09,1997.66
7327,2026-02-16,1962.3
7327,2026-02-23,2004.54
7327,2026-03-02,2011.41
7327,2026-03-09,1936.77
7327,2026-03-16,1931.86
7327,2026-03-23,1979.0
7327,2026-03-30,1937.0
7327,2026-04-06,2015.0
7327,2026-04-13,1996.0
7327,2026-04-20,1841.0
7327,2026-04-27,1944.0
7327,2026-05-04,1977.0
7327,2026-05-11,2030.0
7327,2026-05-18,2115.0
7327,2026-05-25,2020.0
7327,2026-06-01,2046.0
7327,2026-06-08,2104.0
7327,2026-06-15,2076.0
7327,2026-06-22,2131.0
7327,2026-06-29,2211.0
7327,2026-07-06,2246.0
7327,2026-07-13,2202.0
7327,2026-07-20,2365.0
7327,2026-07-27,2308.0
7327,2026-08-03,2372.0
7327,2026-08-10,2494.0
7350,2025-08-18,3544.39
7350,2025-08-25,3582.97
7350,2025-09-01,3515.46
7350,2025-09-08,3500.99
7350,2025-09-15,3549.22
7350,2025-09-22,3756.57
7350,2025-09-29,3682.92
7350,2025-10-06,3619.08
7350,2025-10-13,3569.97
7350,2025-10-20,3732.02
7350,2025-10-27,3776.22
7350,2025-11-03,3835.14
7350,2025-11-10,4247.63
7350,2025-11-17,4242.72
7350,2025-11-24,4561.91
7350,2025-12-01,4517.71
7350,2025-12-08,4522.62
7350,2025-12-15,4620.83
7350,2025-12-22,4620.83
7350,2025-12-29,4679.76
7350,2026-01-05,4876.18
7350,2026-01-12,5126.62
7350,2026-01-19,5303.4
7350,2026-01-26,5156.08
7350,2026-02-02,5598.03
7350,2026-02-09,5735.53
7350,2026-02-16,5794.45
7350,2026-02-23,5902.49
7350,2026-03-02,5460.54
7350,2026-03-09,5313.22
7350,2026-03-16,5352.5
7350,2026-03-23,5490.0
7350,2026-03-30,5380.0
7350,2026-04-06,5720.0
7350,2026-04-13,5910.0
7350,2026-04-20,5500.0
7350,2026-04-27,5590.0
7350,2026-05-04,5700.0
7350,2026-05-11,5910.0
7350,2026-05-18,6150.0
7350,2026-05-25,6170.0
7350,2026-06-01,6190.0
7350,2026-06-08,6470.0
7350,2026-06-15,6250.0
7350,2026-06-22,6330.0
7350,2026-06-29,6630.0
7350,2026-07-06,6760.0
7350,2026-07-13,6830.0
7350,2026-07-20,7360.0
7350,2026-07-27,7350.0
7350,2026-08-03,7610.0
7350,2026-08-10,7930.0
7354,2025-08-18,298.86
7354,2025-08-25,305.7
7354,2025-09-01,293.98
7354,2025-09-08,293.0
7354,2025-09-15,292.02
7354,2025-09-22,302.77
7354,2025-09-29,286.16
7354,2025-10-06,277.37
7354,2025-10-13,262.72
7354,2025-10-20,267.61
7354,2025-10-27,261.75
7354,2025-11-03,261.75
7354,2025-11-10,270.54
7354,2025-11-17,280.3
7354,2025-11-24,293.0
7354,2025-12-01,293.0
7354,2025-12-08,290.07
7354,2025-12-15,291.05
7354,2025-12-22,293.0
7354,2025-12-29,291.0
7354,2026-01-05,298.0
7354,2026-01-12,311.0
7354,2026-01-19,322.0
7354,2026-01-26,313.0
7354,2026-02-02,311.0
7354,2026-02-09,292.0
7354,2026-02-16,345.0
7354,2026-02-23,347.0
7354,2026-03-02,311.0
7354,2026-03-09,287.0
7354,2026-03-16,295.0
7354,2026-03-23,307.0
7354,2026-03-30,310.0
7354,2026-04-06,312.0
7354,2026-04-13,327.0
7354,2026-04-20,301.0
7354,2026-04-27,299.0
7354,2026-05-04,308.0
7354,2026-05-11,304.0
7354,2026-05-18,273.0
7354,2026-05-25,273.0
7354,2026-06-01,298.0
7354,2026-06-08,304.0
7354,2026-06-15,308.0
7354,2026-06-22,311.0
7354,2026-06-29,329.0
7354,2026-07-06,352.0
7354,2026-07-13,350.0
7354,2026-07-20,340.0
7354,2026-07-27,346.0
7354,2026-08-03,349.0
7354,2026-08-10,369.0
7358,2025-08-18,1478.64
7358,2025-08-25,1475.73
7358,2025-09-01,1405.97
7358,2025-09-08,1400.16
7358,2025-09-15,1457.32
7358,2025-09-22,1400.16
7358,2025-09-29,1373.02
7358,2025-10-06,1431.16
7358,2025-10-13,1435.04
7358,2025-10-20,1451.51
7358,2025-10-27,1406.94
7358,2025-11-03,1394.34
7358,2025-11-10,1337.17
7358,2025-11-17,1357.52
7358,2025-11-24,1326.51
7358,2025-12-01,1394.34
7358,2025-12-08,1386.59
7358,2025-12-15,1401.12
7358,2025-12-22,1405.0
7358,2025-12-29,1414.0
7358,2026-01-05,1446.0
7358,2026-01-12,1450.0
7358,2026-01-19,1402.0
7358,2026-01-26,1361.0
7358,2026-02-02,1386.0
7358,2026-02-09,1435.0
7358,2026-02-16,1406.0
7358,2026-02-23,1456.0
7358,2026-03-02,1423.0
7358,2026-03-09,1451.0
7358,2026-03-16,1440.0
7358,2026-03-23,1455.0
7358,2026-03-30,1440.0
7358,2026-04-06,1438.0
7358,2026-04-13,1421.0
7358,2026-04-20,1394.0
7358,2026-04-27,1510.0
7358,2026-05-04,1449.0
7358,2026-05-11,1385.0
7358,2026-05-18,1366.0
7358,2026-05-25,1360.0
7358,2026-06-01,1405.0
7358,2026-06-08,1372.0
7358,2026-06-15,1380.0
7358,2026-06-22,1400.0
7358,2026-06-29,1459.0
7358,2026-07-06,1492.0
7358,2026-07-13,1483.0
7358,2026-07-20,1477.0
7358,2026-07-27,1479.0
7358,2026-08-03,1467.0
7358,2026-08-10,1735.0
7380,2025-08-18,1085.62
7380,2025-08-25,1056.59
7380,2025-09-01,1060.46
7380,2025-09-08,1072.08
7380,2025-09-15,1054.66
7380,2025-09-22,1091.43
7380,2025-09-29,1055.97
7380,2025-10-06,1055.97
7380,2025-10-13,1061.88
7380,2025-10-20,1091.43
7380,2025-10-27,1107.19
7380,2025-11-03,1132.8
7380,2025-11-10,1168.26
7380,2025-11-17,1205.69
7380,2025-11-24,1225.39
7380,2025-12-01,1258.88
7380,2025-12-08,1294.35
7380,2025-12-15,1319.96
7380,2025-12-22,1345.57
7380,2025-12-29,1418.46
7380,2026-01-05,1461.8
7380,2026-01-12,1591.83
7380,2026-01-19,1676.54
7380,2026-01-26,1615.47
7380,2026-02-02,1780.96
7380,2026-02-09,1802.63
7380,2026-02-16,1946.44
7380,2026-02-23,2029.19
7380,2026-03-02,1869.61
7380,2026-03-09,1784.9
7380,2026-03-16,1741.56
7380,2026-03-23,1844.0
7380,2026-03-30,1870.0
7380,2026-04-06,2055.0
7380,2026-04-13,2116.0
7380,2026-04-20,1999.0
7380,2026-04-27,2059.0
7380,2026-05-04,2060.0
7380,2026-05-11,2045.0
7380,2026-05-18,2151.0
7380,2026-05-25,2116.0
7380,2026-06-01,2095.0
7380,2026-06-08,2197.0
7380,2026-06-15,2179.0
7380,2026-06-22,2290.0
7380,2026-06-29,2461.0
7380,2026-07-06,2464.0
7380,2026-07-13,2312.0
7380,2026-07-20,2562.0
7380,2026-07-27,2366.0
7380,2026-08-03,2416.0
7380,2026-08-10,2579.0
7381,2025-08-18,612.12
7381,2025-08-25,599.49
7381,2025-09-01,612.12
7381,2025-09-08,624.75
7381,2025-09-15,609.21
7381,2025-09-22,651.96
7381,2025-09-29,649.0
7381,2025-10-06,633.19
7381,2025-10-13,628.25
7381,2025-10-20,651.96
7381,2025-10-27,650.97
7381,2025-11-03,638.13
7381,2025-11-10,641.09
7381,2025-11-17,641.09
7381,2025-11-24,693.45
7381,2025-12-01,700.36
7381,2025-12-08,705.3
7381,2025-12-15,706.29
7381,2025-12-22,785.31
7381,2025-12-29,798.16
7381,2026-01-05,889.04
7381,2026-01-12,969.05
7381,2026-01-19,964.11
7381,2026-01-26,913.73
7381,2026-02-02,930.52
7381,2026-02-09,968.06
7381,2026-02-16,1000.66
7381,2026-02-23,1041.16
7381,2026-03-02,1008.56
7381,2026-03-09,952.26
7381,2026-03-16,952.26
7381,2026-03-23,973.0
7381,2026-03-30,985.0
7381,2026-04-06,1024.0
7381,2026-04-13,1015.0
7381,2026-04-20,924.0
7381,2026-04-27,963.0
7381,2026-05-04,1014.0
7381,2026-05-11,1044.0
7381,2026-05-18,1056.0
7381,2026-05-25,1037.0
7381,2026-06-01,1034.0
7381,2026-06-08,989.0
7381,2026-06-15,961.0
7381,2026-06-22,978.0
7381,2026-06-29,1043.0
7381,2026-07-06,1034.0
7381,2026-07-13,1072.0
7381,2026-07-20,1156.0
7381,2026-07-27,1107.0
7381,2026-08-03,1214.0
7381,2026-08-10,1257.0
7384,2025-08-18,1713.27
7384,2025-08-25,1672.2
7384,2025-09-01,1656.55
7384,2025-09-08,1679.05
7384,2025-09-15,1665.36
7384,2025-09-22,1713.27
7384,2025-09-29,1672.6
7384,2025-10-06,1651.76
7384,2025-10-13,1655.73
7384,2025-10-20,1682.52
7384,2025-10-27,1718.23
7384,2025-11-03,1710.3
7384,2025-11-10,1748.99
7384,2025-11-17,1666.65
7384,2025-11-24,1740.06
7384,2025-12-01,1723.19
7384,2025-12-08,1778.75
7384,2025-12-15,1809.5
7384,2025-12-22,2063.47
7384,2025-12-29,2161.68
7384,2026-01-05,2321.4
7384,2026-01-12,2395.8
7384,2026-01-19,2751.95
7384,2026-01-26,2654.73
7384,2026-02-02,2886.87
7384,2026-02-09,2793.62
7384,2026-02-16,2837.27
7384,2026-02-23,2957.3
7384,2026-03-02,3010.87
7384,2026-03-09,3035.68
7384,2026-03-16,3045.6
7384,2026-03-23,3120.0
7384,2026-03-30,3160.0
7384,2026-04-06,3250.0
7384,2026-04-13,3790.0
7384,2026-04-20,3435.0
7384,2026-04-27,3525.0
7384,2026-05-04,3580.0
7384,2026-05-11,3445.0
7384,2026-05-18,3820.0
7384,2026-05-25,3915.0
7384,2026-06-01,3960.0
7384,2026-06-08,3550.0
7384,2026-06-15,3445.0
7384,2026-06-22,3555.0
7384,2026-06-29,4055.0
7384,2026-07-06,4065.0
7384,2026-07-13,3860.0
7384,2026-07-20,4330.0
7384,2026-07-27,4000.0
7384,2026-08-03,4315.0
7384,2026-08-10,4585.0
7537,2025-08-18,1105.81
7537,2025-08-25,1133.62
7537,2025-09-01,1159.51
7537,2025-09-08,1197.88
7537,2025-09-15,1195.0
7537,2025-09-22,1209.39
7537,2025-09-29,1136.98
7537,2025-10-06,1067.51
7537,2025-10-13,1068.49
7537,2025-10-20,1168.29
7537,2025-10-27,1162.42
7537,2025-11-03,1111.54
7537,2025-11-10,1150.68
7537,2025-11-17,1135.02
7537,2025-11-24,1183.94
7537,2025-12-01,1169.27
7537,2025-12-08,1175.14
7537,2025-12-15,1205.47
7537,2025-12-22,1249.5
7537,2025-12-29,1274.94
7537,2026-01-05,1330.71
7537,2026-01-12,1356.16
7537,2026-01-19,1382.57
7537,2026-01-26,1340.5
7537,2026-02-02,1241.67
7537,2026-02-09,1247.55
7537,2026-02-16,1216.23
7537,2026-02-23,1247.55
7537,2026-03-02,1157.53
7537,2026-03-09,1098.82
7537,2026-03-16,1096.86
7537,2026-03-23,1136.0
7537,2026-03-30,1156.0
7537,2026-04-06,1182.0
7537,2026-04-13,1187.0
7537,2026-04-20,1171.0
7537,2026-04-27,1193.0
7537,2026-05-04,1223.0
7537,2026-05-11,1581.0
7537,2026-05-18,1586.0
7537,2026-05-25,1720.0
7537,2026-06-01,1717.0
7537,2026-06-08,1604.0
7537,2026-06-15,1742.0
7537,2026-06-22,1652.0
7537,2026-06-29,1683.0
7537,2026-07-06,1686.0
7537,2026-07-13,1611.0
7537,2026-07-20,1685.0
7537,2026-07-27,1695.0
7537,2026-08-03,1761.0
7537,2026-08-10,1844.0
7609,2025-08-18,1984.66
7609,2025-08-25,1984.66
7609,2025-09-01,1987.07
7609,2025-09-08,2097.59
7609,2025-09-15,2148.05
7609,2025-09-22,2150.45
7609,2025-09-29,2085.58
7609,2025-10-06,2049.54
7609,2025-10-13,2090.38
7609,2025-10-20,2184.09
7609,2025-10-27,2227.34
7609,2025-11-03,2160.06
7609,2025-11-10,2181.69
7609,2025-11-17,2196.1
7609,2025-11-24,2289.81
7609,2025-12-01,2263.38
7609,2025-12-08,2378.71
7609,2025-12-15,2309.03
7609,2025-12-22,2349.88
7609,2025-12-29,2391.26
7609,2026-01-05,2475.99
7609,2026-01-12,2571.57
7609,2026-01-19,2570.58
7609,2026-01-26,2497.67
7609,2026-02-02,2546.93
7609,2026-02-09,2701.62
7609,2026-02-16,2837.59
7609,2026-02-23,2970.6
7609,2026-03-02,2861.24
7609,2026-03-09,2811.97
7609,2026-03-16,2786.36
7609,2026-03-23,2823.8
7609,2026-03-30,2680.93
7609,2026-04-06,2781.43
7609,2026-04-13,2830.69
7609,2026-04-20,2848.43
7609,2026-04-27,3093.76
7609,2026-05-04,3783.45
7609,2026-05-11,3768.67
7609,2026-05-18,3561.77
7609,2026-05-25,3517.43
7609,2026-06-01,3719.41
7609,2026-06-08,3413.98
7609,2026-06-15,3842.57
7609,2026-06-22,3680.0
7609,2026-06-29,3670.0
7609,2026-07-06,3560.0
7609,2026-07-13,3300.0
7609,2026-07-20,3540.0
7609,2026-07-27,3320.0
7609,2026-08-03,4230.0
7609,2026-08-10,4585.0
7716,2025-08-18,2052.15
7716,2025-08-25,2057.03
7716,2025-09-01,2058.01
7716,2025-09-08,2003.36
7716,2025-09-15,1977.99
7716,2025-09-22,2003.36
7716,2025-09-29,2043.37
7716,2025-10-06,2058.98
7716,2025-10-13,2037.51
7716,2025-10-20,2113.63
7716,2025-10-27,1993.6
7716,2025-11-03,1937.0
7716,2025-11-10,2039.47
7716,2025-11-17,1993.6
7716,2025-11-24,1956.52
7716,2025-12-01,1956.52
7716,2025-12-08,1944.81
7716,2025-12-15,1925.29
7716,2025-12-22,1912.61
7716,2025-12-29,1961.12
7716,2026-01-05,2002.7
7716,2026-01-12,2101.69
7716,2026-01-19,2204.65
7716,2026-01-26,2140.3
7716,2026-02-02,2211.58
7716,2026-02-09,2394.72
7716,2026-02-16,2583.8
7716,2026-02-23,2694.68
7716,2026-03-02,2766.95
7716,2026-03-09,2734.28
7716,2026-03-16,2745.17
7716,2026-03-23,2707.55
7716,2026-03-30,2772.89
7716,2026-04-06,2836.24
7716,2026-04-13,2792.69
7716,2026-04-20,2754.08
7716,2026-04-27,2757.05
7716,2026-05-04,2731.31
7716,2026-05-11,2963.95
7716,2026-05-18,3014.44
7716,2026-05-25,3019.39
7716,2026-06-01,3019.39
7716,2026-06-08,2984.74
7716,2026-06-15,2937.22
7716,2026-06-22,2959.0
7716,2026-06-29,3005.0
7716,2026-07-06,3030.0
7716,2026-07-13,3050.0
7716,2026-07-20,3060.0
7716,2026-07-27,3035.0
7716,2026-08-03,3245.0
7716,2026-08-10,3345.0
7747,2025-08-18,2575.72
7747,2025-08-25,2504.61
7747,2025-09-01,2687.82
7747,2025-09-08,2656.71
7747,2025-09-15,2526.34
7747,2025-09-22,2383.63
7747,2025-09-29,2253.26
7747,2025-10-06,2330.79
7747,2025-10-13,2283.88
7747,2025-10-20,2428.57
7747,2025-10-27,2416.72
7747,2025-11-03,2373.75
7747,2025-11-10,2365.36
7747,2025-11-17,2857.2
7747,2025-11-24,2890.28
7747,2025-12-01,3023.12
7747,2025-12-08,3000.4
7747,2025-12-15,2972.75
7747,2025-12-22,2908.06
7747,2025-12-29,2901.15
7747,2026-01-05,2916.45
7747,2026-01-12,2895.71
7747,2026-01-19,2765.35
7747,2026-01-26,2538.19
7747,2026-02-02,2499.68
7747,2026-02-09,2567.82
7747,2026-02-16,2943.61
7747,2026-02-23,3324.34
7747,2026-03-02,3253.23
7747,2026-03-09,3050.77
7747,2026-03-16,3114.97
7747,2026-03-23,3313.48
7747,2026-03-30,3467.55
7747,2026-04-06,3489.28
7747,2026-04-13,3452.73
7747,2026-04-20,3313.48
7747,2026-04-27,3205.83
7747,2026-05-04,3265.09
7747,2026-05-11,3352.0
7747,2026-05-18,3634.46
7747,2026-05-25,3719.39
7747,2026-06-01,3725.32
7747,2026-06-08,3590.01
7747,2026-06-15,3448.78
7747,2026-06-22,3678.9
7747,2026-06-29,3864.0
7747,2026-07-06,3573.0
7747,2026-07-13,3569.0
7747,2026-07-20,3379.0
7747,2026-07-27,3593.0
7747,2026-08-03,3689.0
7747,2026-08-10,3912.0
7762,2025-08-18,976.56
7762,2025-08-25,978.49
7762,2025-09-01,1017.05
7762,2025-09-08,986.2
7762,2025-09-15,976.56
7762,2025-09-22,982.34
7762,2025-09-29,1025.27
7762,2025-10-06,1053.88
7762,2025-10-13,1036.12
7762,2025-10-20,1097.3
7762,2025-10-27,1057.83
7762,2025-11-03,1043.03
7762,2025-11-10,1202.89
7762,2025-11-17,1223.61
7762,2025-11-24,1273.94
7762,2025-12-01,1295.65
7762,2025-12-08,1321.3
7762,2025-12-15,1261.11
7762,2025-12-22,1253.21
7762,2025-12-29,1259.14
7762,2026-01-05,1299.59
7762,2026-01-12,1365.71
7762,2026-01-19,1388.4
7762,2026-01-26,1344.99
7762,2026-02-02,1380.51
7762,2026-02-09,1679.5
7762,2026-02-16,1704.17
7762,2026-02-23,1887.72
7762,2026-03-02,1728.84
7762,2026-03-09,1612.4
7762,2026-03-16,1680.49
7762,2026-03-23,1754.5
7762,2026-03-30,1761.0
7762,2026-04-06,1796.0
7762,2026-04-13,1855.0
7762,2026-04-20,1815.0
7762,2026-04-27,1790.0
7762,2026-05-04,1986.0
7762,2026-05-11,2256.0
7762,2026-05-18,2143.0
7762,2026-05-25,2315.0
7762,2026-06-01,2253.0
7762,2026-06-08,2179.0
7762,2026-06-15,2386.0
7762,2026-06-22,2511.0
7762,2026-06-29,2405.0
7762,2026-07-06,2331.0
7762,2026-07-13,2179.0
7762,2026-07-20,2178.0
7762,2026-07-27,2133.0
7762,2026-08-03,2393.0
7762,2026-08-10,2671.0
7912,2025-08-18,2431.99
7912,2025-08-25,2442.34
7912,2025-09-01,2572.41
7912,2025-09-08,2587.69
7912,2025-09-15,2480.77
7912,2025-09-22,2507.38
7912,2025-09-29,2504.9
7912,2025-10-06,2519.78
7912,2025-10-13,2509.86
7912,2025-10-20,2562.95
7912,2025-10-27,2559.98
7912,2025-11-03,2582.8
7912,2025-11-10,2641.85
7912,2025-11-17,2511.35
7912,2025-11-24,2620.02
7912,2025-12-01,2513.33
7912,2025-12-08,2710.33
7912,2025-12-15,2679.07
7912,2025-12-22,2696.93
7912,2025-12-29,2673.61
7912,2026-01-05,2687.5
7912,2026-01-12,2806.1
7912,2026-01-19,2832.4
7912,2026-01-26,2746.55
7912,2026-02-02,2883.01
7912,2026-02-09,3157.91
7912,2026-02-16,3068.6
7912,2026-02-23,3225.4
7912,2026-03-02,3102.34
7912,2026-03-09,2972.33
7912,2026-03-16,2898.39
7912,2026-03-23,2884.5
7912,2026-03-30,2849.5
7912,2026-04-06,3002.0
7912,2026-04-13,3019.0
7912,2026-04-20,2978.0
7912,2026-04-27,2960.5
7912,2026-05-04,3161.0
7912,2026-05-11,2910.0
7912,2026-05-18,2644.0
7912,2026-05-25,2770.5
7912,2026-06-01,2629.0
7912,2026-06-08,2572.0
7912,2026-06-15,2736.0
7912,2026-06-22,2886.0
7912,2026-06-29,3052.0
7912,2026-07-06,3168.0
7912,2026-07-13,3127.0
7912,2026-07-20,3139.0
7912,2026-07-27,2921.5
7912,2026-08-03,3030.0
7912,2026-08-10,3302.0
7928,2025-08-18,630.81
7928,2025-08-25,597.1
7928,2025-09-01,588.17
7928,2025-09-08,596.11
7928,2025-09-15,592.14
7928,2025-09-22,586.19
7928,2025-09-29,586.19
7928,2025-10-06,576.27
7928,2025-10-13,575.28
7928,2025-10-20,578.25
7928,2025-10-27,573.29
7928,2025-11-03,572.3
7928,2025-11-10,577.26
7928,2025-11-17,577.26
7928,2025-11-24,583.21
7928,2025-12-01,578.25
7928,2025-12-08,576.27
7928,2025-12-15,572.3
7928,2025-12-22,577.26
7928,2025-12-29,584.2
7928,2026-01-05,587.18
7928,2026-01-12,609.0
7928,2026-01-19,611.98
7928,2026-01-26,594.12
7928,2026-02-02,607.02
7928,2026-02-09,609.99
7928,2026-02-16,606.02
7928,2026-02-23,618.0
7928,2026-03-02,601.0
7928,2026-03-09,599.0
7928,2026-03-16,615.0
7928,2026-03-23,610.0
7928,2026-03-30,621.0
7928,2026-04-06,614.0
7928,2026-04-13,620.0
7928,2026-04-20,610.0
7928,2026-04-27,604.0
7928,2026-05-04,607.0
7928,2026-05-11,608.0
7928,2026-05-18,608.0
7928,2026-05-25,600.0
7928,2026-06-01,600.0
7928,2026-06-08,596.0
7928,2026-06-15,612.0
7928,2026-06-22,610.0
7928,2026-06-29,621.0
7928,2026-07-06,639.0
7928,2026-07-13,620.0
7928,2026-07-20,630.0
7928,2026-07-27,632.0
7928,2026-08-03,638.0
7928,2026-08-10,646.0
7942,2025-08-18,1872.17
7942,2025-08-25,1873.13
7942,2025-09-01,1900.0
7942,2025-09-08,1884.65
7942,2025-09-15,1878.89
7942,2025-09-22,1916.31
7942,2025-09-29,1878.12
7942,2025-10-06,1836.02
7942,2025-10-13,1859.52
7942,2025-10-20,1900.65
7942,2025-10-27,1848.75
7942,2025-11-03,1897.71
7942,2025-11-10,2088.65
7942,2025-11-17,2286.46
7942,2025-11-24,2306.04
7942,2025-12-01,2272.75
7942,2025-12-08,2297.23
7942,2025-12-15,2303.1
7942,2025-12-22,2371.65
7942,2025-12-29,2396.13
7942,2026-01-05,2480.34
7942,2026-01-12,2474.46
7942,2026-01-19,2522.44
7942,2026-01-26,2386.33
7942,2026-02-02,2677.16
7942,2026-02-09,2734.93
7942,2026-02-16,2726.12
7942,2026-02-23,2855.38
7942,2026-03-02,2502.86
7942,2026-03-09,2390.25
7942,2026-03-16,2386.33
7942,2026-03-23,2355.0
7942,2026-03-30,2293.0
7942,2026-04-06,2461.0
7942,2026-04-13,2434.0
7942,2026-04-20,2333.0
7942,2026-04-27,2461.0
7942,2026-05-04,2610.0
7942,2026-05-11,2585.0
7942,2026-05-18,2540.0
7942,2026-05-25,2585.0
7942,2026-06-01,2605.0
7942,2026-06-08,2592.0
7942,2026-06-15,2595.0
7942,2026-06-22,2508.0
7942,2026-06-29,2531.0
7942,2026-07-06,2450.0
7942,2026-07-13,2432.0
7942,2026-07-20,2446.0
7942,2026-07-27,2533.0
7942,2026-08-03,2980.0
7942,2026-08-10,3105.0
7952,2025-08-18,2523.43
7952,2025-08-25,2495.39
7952,2025-09-01,2470.25
7952,2025-09-08,2548.56
7952,2025-09-15,2527.29
7952,2025-09-22,2555.33
7952,2025-09-29,2457.68
7952,2025-10-06,2513.76
7952,2025-10-13,2510.86
7952,2025-10-20,2517.62
7952,2025-10-27,2507.96
7952,2025-11-03,2494.42
7952,2025-11-10,2479.92
7952,2025-11-17,2380.33
7952,2025-11-24,2400.64
7952,2025-12-01,2377.43
7952,2025-12-08,2346.5
7952,2025-12-15,2528.26
7952,2025-12-22,2646.21
7952,2025-12-29,2654.91
7952,2026-01-05,2845.38
7952,2026-01-12,2818.31
7952,2026-01-19,2694.55
7952,2026-01-26,2612.37
7952,2026-02-02,2747.73
7952,2026-02-09,2855.05
7952,2026-02-16,2854.08
7952,2026-02-23,2875.35
7952,2026-03-02,2759.33
7952,2026-03-09,2687.79
7952,2026-03-16,2630.74
7952,2026-03-23,2769.0
7952,2026-03-30,3005.0
7952,2026-04-06,3030.0
7952,2026-04-13,3050.0
7952,2026-04-20,2786.0
7952,2026-04-27,2769.0
7952,2026-05-04,2740.0
7952,2026-05-11,3120.0
7952,2026-05-18,2950.0
7952,2026-05-25,3300.0
7952,2026-06-01,3140.0
7952,2026-06-08,3020.0
7952,2026-06-15,3295.0
7952,2026-06-22,3320.0
7952,2026-06-29,3265.0
7952,2026-07-06,3205.0
7952,2026-07-13,3205.0
7952,2026-07-20,3265.0
7952,2026-07-27,3480.0
7952,2026-08-03,3560.0
7952,2026-08-10,3635.0
7957,2025-08-18,1507.36
7957,2025-08-25,1469.41
7957,2025-09-01,1457.73
7957,2025-09-08,1463.57
7957,2025-09-15,1459.68
7957,2025-09-22,1486.92
7957,2025-09-29,1502.49
7957,2025-10-06,1488.87
7957,2025-10-13,1466.49
7957,2025-10-20,1485.95
7957,2025-10-27,1464.54
7957,2025-11-03,1420.75
7957,2025-11-10,1445.08
7957,2025-11-17,1440.22
7957,2025-11-24,1455.79
7957,2025-12-01,1465.52
7957,2025-12-08,1449.95
7957,2025-12-15,1430.48
7957,2025-12-22,1448.0
7957,2025-12-29,1473.0
7957,2026-01-05,1449.0
7957,2026-01-12,1445.0
7957,2026-01-19,1455.0
7957,2026-01-26,1444.0
7957,2026-02-02,1456.0
7957,2026-02-09,1470.0
7957,2026-02-16,1431.0
7957,2026-02-23,1489.0
7957,2026-03-02,1449.0
7957,2026-03-09,1459.0
7957,2026-03-16,1440.0
7957,2026-03-23,1410.0
7957,2026-03-30,1390.0
7957,2026-04-06,1393.0
7957,2026-04-13,1380.0
7957,2026-04-20,1416.0
7957,2026-04-27,1382.0
7957,2026-05-04,1387.0
7957,2026-05-11,1391.0
7957,2026-05-18,1629.0
7957,2026-05-25,1642.0
7957,2026-06-01,1658.0
7957,2026-06-08,1624.0
7957,2026-06-15,1625.0
7957,2026-06-22,1681.0
7957,2026-06-29,1785.0
7957,2026-07-06,1829.0
7957,2026-07-13,1853.0
7957,2026-07-20,1950.0
7957,2026-07-27,2110.0
7957,2026-08-03,1958.0
7957,2026-08-10,2550.0
7979,2025-08-18,1990.24
7979,2025-08-25,1899.3
7979,2025-09-01,1886.72
7979,2025-09-08,1896.39
7979,2025-09-15,1908.97
7979,2025-09-22,1951.54
7979,2025-09-29,1881.15
7979,2025-10-06,1871.37
7979,2025-10-13,1865.5
7979,2025-10-20,1894.83
7979,2025-10-27,1852.79
7979,2025-11-03,1807.82
7979,2025-11-10,1813.68
7979,2025-11-17,1852.79
7979,2025-11-24,1830.3
7979,2025-12-01,1786.31
7979,2025-12-08,1765.77
7979,2025-12-15,1799.02
7979,2025-12-22,1758.93
7979,2025-12-29,1784.35
7979,2026-01-05,1828.35
7979,2026-01-12,1851.81
7979,2026-01-19,1844.97
7979,2026-01-26,1797.06
7979,2026-02-02,1736.44
7979,2026-02-09,1764.8
7979,2026-02-16,1761.86
7979,2026-02-23,1835.19
7979,2026-03-02,1838.13
7979,2026-03-09,1696.36
7979,2026-03-16,1651.38
7979,2026-03-23,1712.0
7979,2026-03-30,1695.0
7979,2026-04-06,1755.0
7979,2026-04-13,1715.0
7979,2026-04-20,1658.0
7979,2026-04-27,1650.0
7979,2026-05-04,1644.0
7979,2026-05-11,1723.0
7979,2026-05-18,1810.0
7979,2026-05-25,1802.0
7979,2026-06-01,1900.0
7979,2026-06-08,2063.0
7979,2026-06-15,2006.0
7979,2026-06-22,2017.0
7979,2026-06-29,2093.0
7979,2026-07-06,2086.0
7979,2026-07-13,2209.0
7979,2026-07-20,2088.0
7979,2026-07-27,2109.0
7979,2026-08-03,2277.0
7979,2026-08-10,2410.0
8011,2025-08-18,3115.88
8011,2025-08-25,3092.11
8011,2025-09-01,3269.37
8011,2025-09-08,3377.69
8011,2025-09-15,3397.39
8011,2025-09-22,3471.24
8011,2025-09-29,3298.91
8011,2025-10-06,3185.66
8011,2025-10-13,3269.37
8011,2025-10-20,3392.46
8011,2025-10-27,3131.5
8011,2025-11-03,3175.82
8011,2025-11-10,3293.99
8011,2025-11-17,3412.16
8011,2025-11-24,3333.38
8011,2025-12-01,3550.02
8011,2025-12-08,3559.87
8011,2025-12-15,3766.67
8011,2025-12-22,3737.12
8011,2025-12-29,3830.68
8011,2026-01-05,4012.85
8011,2026-01-12,4155.64
8011,2026-01-19,4111.33
8011,2026-01-26,4318.13
8011,2026-02-02,4204.88
8011,2026-02-09,4549.54
8011,2026-02-16,4332.9
8011,2026-02-23,4335.0
8011,2026-03-02,4085.0
8011,2026-03-09,3985.0
8011,2026-03-16,3880.0
8011,2026-03-23,3975.0
8011,2026-03-30,4005.0
8011,2026-04-06,4015.0
8011,2026-04-13,4030.0
8011,2026-04-20,3825.0
8011,2026-04-27,3925.0
8011,2026-05-04,3680.0
8011,2026-05-11,3825.0
8011,2026-05-18,3710.0
8011,2026-05-25,3725.0
8011,2026-06-01,3660.0
8011,2026-06-08,3790.0
8011,2026-06-15,3990.0
8011,2026-06-22,3950.0
8011,2026-06-29,4375.0
8011,2026-07-06,4235.0
8011,2026-07-13,4190.0
8011,2026-07-20,4625.0
8011,2026-07-27,4900.0
8011,2026-08-03,5120.0
8011,2026-08-10,5490.0
8037,2025-08-18,2766.83
8037,2025-08-25,2740.79
8037,2025-09-01,2809.26
8037,2025-09-08,2816.97
8037,2025-09-15,2851.69
8037,2025-09-22,2922.09
8037,2025-09-29,2823.06
8037,2025-10-06,2775.99
8037,2025-10-13,2805.41
8037,2025-10-20,2966.22
8037,2025-10-27,2861.3
8037,2025-11-03,2927.0
8037,2025-11-10,2786.77
8037,2025-11-17,2756.38
8037,2025-11-24,2851.49
8037,2025-12-01,2786.77
8037,2025-12-08,2836.78
8037,2025-12-15,2951.51
8037,2025-12-22,2934.84
8037,2025-12-29,2961.32
8037,2026-01-05,3128.01
8037,2026-01-12,3240.78
8037,2026-01-19,3186.85
8037,2026-01-26,3020.15
8037,2026-02-02,3162.33
8037,2026-02-09,3196.65
8037,2026-02-16,3211.36
8037,2026-02-23,3329.03
8037,2026-03-02,3103.5
8037,2026-03-09,3010.34
8037,2026-03-16,3083.89
8037,2026-03-23,3280.0
8037,2026-03-30,3450.0
8037,2026-04-06,3425.0
8037,2026-04-13,3295.0
8037,2026-04-20,3185.0
8037,2026-04-27,3220.0
8037,2026-05-04,3345.0
8037,2026-05-11,3335.0
8037,2026-05-18,3565.0
8037,2026-05-25,3605.0
8037,2026-06-01,3440.0
8037,2026-06-08,3430.0
8037,2026-06-15,3490.0
8037,2026-06-22,3455.0
8037,2026-06-29,3545.0
8037,2026-07-06,3640.0
8037,2026-07-13,3630.0
8037,2026-07-20,3720.0
8037,2026-07-27,3895.0
8037,2026-08-03,4150.0
8037,2026-08-10,4340.0
8043,2025-08-18,1187.78
8043,2025-08-25,1155.86
8043,2025-09-01,1170.37
8043,2025-09-08,1170.37
8043,2025-09-15,1180.05
8043,2025-09-22,1200.36
8043,2025-09-29,1126.85
8043,2025-10-06,1111.37
8043,2025-10-13,1121.04
8043,2025-10-20,1145.22
8043,2025-10-27,1122.98
8043,2025-11-03,1136.52
8043,2025-11-10,1150.06
8043,2025-11-17,1172.31
8043,2025-11-24,1211.0
8043,2025-12-01,1157.8
8043,2025-12-08,1186.82
8043,2025-12-15,1226.47
8043,2025-12-22,1209.06
8043,2025-12-29,1213.9
8043,2026-01-05,1234.21
8043,2026-01-12,1276.77
8043,2026-01-19,1275.8
8043,2026-01-26,1276.77
8043,2026-02-02,1305.79
8043,2026-02-09,1309.66
8043,2026-02-16,1299.02
8043,2026-02-23,1329.97
8043,2026-03-02,1265.16
8043,2026-03-09,1224.54
8043,2026-03-16,1222.6
8043,2026-03-23,1270.0
8043,2026-03-30,1278.0
8043,2026-04-06,1241.0
8043,2026-04-13,1205.0
8043,2026-04-20,1135.0
8043,2026-04-27,1138.0
8043,2026-05-04,1118.0
8043,2026-05-11,1148.0
8043,2026-05-18,1127.0
8043,2026-05-25,1175.0
8043,2026-06-01,1150.0
8043,2026-06-08,1171.0
8043,2026-06-15,1186.0
8043,2026-06-22,1191.0
8043,2026-06-29,1232.0
8043,2026-07-06,1287.0
8043,2026-07-13,1291.0
8043,2026-07-20,1299.0
8043,2026-07-27,1347.0
8043,2026-08-03,1365.0
8043,2026-08-10,1489.0
8065,2025-08-18,1632.79
8065,2025-08-25,1665.52
8065,2025-09-01,1680.93
8065,2025-09-08,1669.37
8065,2025-09-15,1662.63
8065,2025-09-22,1874.43
8065,2025-09-29,1950.04
8065,2025-10-06,2014.84
8065,2025-10-13,2030.55
8065,2025-10-20,2116.96
8065,2025-10-27,2115.0
8065,2025-11-03,2049.21
8065,2025-11-10,2080.63
8065,2025-11-17,2138.56
8065,2025-11-24,2200.42
8065,2025-12-01,2106.16
8065,2025-12-08,2180.78
8065,2025-12-15,2166.06
8065,2025-12-22,2203.37
8065,2025-12-29,2212.2
8065,2026-01-05,2295.67
8065,2026-01-12,2360.47
8065,2026-01-19,2322.18
8065,2026-01-26,2303.52
8065,2026-02-02,2340.83
8065,2026-02-09,2392.87
8065,2026-02-16,2387.96
8065,2026-02-23,2464.55
8065,2026-03-02,2319.23
8065,2026-03-09,2284.86
8065,2026-03-16,2420.37
8065,2026-03-23,2386.0
8065,2026-03-30,2412.0
8065,2026-04-06,2471.0
8065,2026-04-13,2736.0
8065,2026-04-20,2712.0
8065,2026-04-27,2774.0
8065,2026-05-04,3125.0
8065,2026-05-11,3120.0
8065,2026-05-18,3095.0
8065,2026-05-25,3240.0
8065,2026-06-01,3295.0
8065,2026-06-08,3150.0
8065,2026-06-15,3165.0
8065,2026-06-22,2875.0
8065,2026-06-29,2879.0
8065,2026-07-06,2990.0
8065,2026-07-13,2979.0
8065,2026-07-20,3030.0
8065,2026-07-27,3250.0
8065,2026-08-03,3595.0
8065,2026-08-10,3725.0
8066,2025-08-18,2080.04
8066,2025-08-25,2064.71
8066,2025-09-01,2079.09
8066,2025-09-08,2068.54
8066,2025-09-15,2103.05
8066,2025-09-22,2103.05
8066,2025-09-29,2183.26
8066,2025-10-06,2239.99
8066,2025-10-13,2191.08
8066,2025-10-20,2226.3
8066,2025-10-27,2269.34
8066,2025-11-03,2306.51
8066,2025-11-10,2327.05
8066,2025-11-17,2323.14
8066,2025-11-24,2332.92
8066,2025-12-01,2166.63
8066,2025-12-08,2216.52
8066,2025-12-15,2296.73
8066,2025-12-22,2215.54
8066,2025-12-29,2248.8
8066,2026-01-05,2210.65
8066,2026-01-12,2208.69
8066,2026-01-19,2166.63
8066,2026-01-26,2328.03
8066,2026-02-02,2445.41
8066,2026-02-09,2688.97
8066,2026-02-16,2553.98
8066,2026-02-23,2787.76
8066,2026-03-02,2581.37
8066,2026-03-09,2521.7
8066,2026-03-16,2419.97
8066,2026-03-23,2374.0
8066,2026-03-30,2359.0
8066,2026-04-06,2359.0
8066,2026-04-13,2370.0
8066,2026-04-20,2397.0
8066,2026-04-27,2666.0
8066,2026-05-04,2740.0
8066,2026-05-11,2718.0
8066,2026-05-18,2574.0
8066,2026-05-25,2481.0
8066,2026-06-01,2447.0
8066,2026-06-08,2491.0
8066,2026-06-15,2509.0
8066,2026-06-22,2507.0
8066,2026-06-29,2679.0
8066,2026-07-06,2751.0
8066,2026-07-13,2813.0
8066,2026-07-20,2785.0
8066,2026-07-27,2897.0
8066,2026-08-03,3145.0
8066,2026-08-10,3020.0
8154,2025-08-18,3221.92
8154,2025-08-25,3337.5
8154,2025-09-01,3419.38
8154,2025-09-08,3462.72
8154,2025-09-15,3414.56
8154,2025-09-22,3481.98
8154,2025-09-29,3393.83
8154,2025-10-06,3398.73
8154,2025-10-13,3388.93
8154,2025-10-20,3526.06
8154,2025-10-27,3501.57
8154,2025-11-03,3359.55
8154,2025-11-10,3418.32
8154,2025-11-17,3477.09
8154,2025-11-24,3677.88
8154,2025-12-01,3672.98
8154,2025-12-08,3790.51
8154,2025-12-15,3756.23
8154,2025-12-22,3810.1
8154,2025-12-29,3795.41
8154,2026-01-05,3815.0
8154,2026-01-12,3908.05
8154,2026-01-19,3927.64
8154,2026-01-26,3785.62
8154,2026-02-02,3790.51
8154,2026-02-09,4010.89
8154,2026-02-16,4094.15
8154,2026-02-23,4270.45
8154,2026-03-02,4030.48
8154,2026-03-09,3829.69
8154,2026-03-16,3780.72
8154,2026-03-23,3815.0
8154,2026-03-30,3760.0
8154,2026-04-06,3980.0
8154,2026-04-13,4115.0
8154,2026-04-20,4200.0
8154,2026-04-27,4210.0
8154,2026-05-04,4340.0
8154,2026-05-11,4200.0
8154,2026-05-18,4195.0
8154,2026-05-25,4425.0
8154,2026-06-01,4980.0
8154,2026-06-08,4475.0
8154,2026-06-15,4445.0
8154,2026-06-22,4250.0
8154,2026-06-29,4205.0
8154,2026-07-06,4260.0
8154,2026-07-13,4105.0
8154,2026-07-20,4355.0
8154,2026-07-27,4695.0
8154,2026-08-03,4845.0
8154,2026-08-10,5130.0
8159,2025-08-18,2904.56
8159,2025-08-25,2818.53
8159,2025-09-01,2899.72
8159,2025-09-08,2889.09
8159,2025-09-15,2849.46
8159,2025-09-22,2870.73
8159,2025-09-29,2769.46
8159,2025-10-06,2679.02
8159,2025-10-13,2678.03
8159,2025-10-20,2813.7
8159,2025-10-27,2787.16
8159,2025-11-03,2765.53
8159,2025-11-10,2823.54
8159,2025-11-17,2873.68
8159,2025-11-24,2926.76
8159,2025-12-01,2921.85
8159,2025-12-08,2978.87
8159,2025-12-15,3013.28
8159,2025-12-22,2998.53
8159,2025-12-29,3023.11
8159,2026-01-05,3131.25
8159,2026-01-12,3101.76
8159,2026-01-19,3067.35
8159,2026-01-26,2993.62
8159,2026-02-02,3072.27
8159,2026-02-09,3234.48
8159,2026-02-16,3327.88
8159,2026-02-23,3347.54
8159,2026-03-02,3018.19
8159,2026-03-09,2847.13
8159,2026-03-16,2822.55
8159,2026-03-23,2913.0
8159,2026-03-30,2915.0
8159,2026-04-06,2918.0
8159,2026-04-13,2921.0
8159,2026-04-20,2831.0
8159,2026-04-27,2885.0
8159,2026-05-04,3020.0
8159,2026-05-11,3085.0
8159,2026-05-18,3020.0
8159,2026-05-25,3205.0
8159,2026-06-01,3280.0
8159,2026-06-08,3040.0
8159,2026-06-15,3095.0
8159,2026-06-22,3185.0
8159,2026-06-29,3380.0
8159,2026-07-06,3365.0
8159,2026-07-13,3205.0
8159,2026-07-20,3365.0
8159,2026-07-27,3460.0
8159,2026-08-03,4105.0
8159,2026-08-10,4280.0
8304,2025-08-18,2286.66
8304,2025-08-25,2208.11
8304,2025-09-01,2187.87
8304,2025-09-08,2205.22
8304,2025-09-15,2274.61
8304,2025-09-22,2304.01
8304,2025-09-29,2286.5
8304,2025-10-06,2201.38
8304,2025-10-13,2144.96
8304,2025-10-20,2174.14
8304,2025-10-27,2145.44
8304,2025-11-03,2178.03
8304,2025-11-10,2374.53
8304,2025-11-17,2245.15
8304,2025-11-24,2349.24
8304,2025-12-01,2333.68
8304,2025-12-08,2297.2
8304,2025-12-15,2413.93
8304,2025-12-22,2432.41
8304,2025-12-29,2462.35
8304,2026-01-05,2521.23
8304,2026-01-12,2588.95
8304,2026-01-19,2479.52
8304,2026-01-26,2455.48
8304,2026-02-02,2743.52
8304,2026-02-09,2761.18
8304,2026-02-16,2823.99
8304,2026-02-23,2772.47
8304,2026-03-02,2549.2
8304,2026-03-09,2441.74
8304,2026-03-16,2438.3
8304,2026-03-23,2579.13
8304,2026-03-30,2616.78
8304,2026-04-06,2662.36
8304,2026-04-13,2638.09
8304,2026-04-20,2600.93
8304,2026-04-27,2502.84
8304,2026-05-04,2576.66
8304,2026-05-11,2695.06
8304,2026-05-18,2767.89
8304,2026-05-25,2646.01
8304,2026-06-01,2598.45
8304,2026-06-08,2719.33
8304,2026-06-15,2765.41
8304,2026-06-22,2701.5
8304,2026-06-29,2830.0
8304,2026-07-06,2907.5
8304,2026-07-13,2883.0
8304,2026-07-20,3034.0
8304,2026-07-27,3038.0
8304,2026-08-03,3259.0
8304,2026-08-10,3395.0
8308,2025-08-18,1486.09
8308,2025-08-25,1469.38
8308,2025-09-01,1451.2
8308,2025-09-08,1493.46
8308,2025-09-15,1465.94
8308,2025-09-22,1540.14
8308,2025-09-29,1471.2
8308,2025-10-06,1478.14
8308,2025-10-13,1391.34
8308,2025-10-20,1429.53
8308,2025-10-27,1481.61
8308,2025-11-03,1495.5
8308,2025-11-10,1578.83
8308,2025-11-17,1547.59
8308,2025-11-24,1576.85
8308,2025-12-01,1557.51
8308,2025-12-08,1541.63
8308,2025-12-15,1546.59
8308,2025-12-22,1490.05
8308,2025-12-29,1481.12
8308,2026-01-05,1613.06
8308,2026-01-12,1781.21
8308,2026-01-19,1802.54
8308,2026-01-26,1775.26
8308,2026-02-02,1997.97
8308,2026-02-09,2124.95
8308,2026-02-16,1964.74
8308,2026-02-23,1895.3
8308,2026-03-02,1796.59
8308,2026-03-09,1733.59
8308,2026-03-16,1753.43
8308,2026-03-23,1807.5
8308,2026-03-30,1823.0
8308,2026-04-06,1888.5
8308,2026-04-13,1966.0
8308,2026-04-20,1820.5
8308,2026-04-27,1927.0
8308,2026-05-04,1940.0
8308,2026-05-11,2042.0
8308,2026-05-18,2139.5
8308,2026-05-25,2039.5
8308,2026-06-01,2118.0
8308,2026-06-08,2147.0
8308,2026-06-15,2196.0
8308,2026-06-22,2102.0
8308,2026-06-29,2245.5
8308,2026-07-06,2335.5
8308,2026-07-13,2224.5
8308,2026-07-20,2365.5
8308,2026-07-27,2191.5
8308,2026-08-03,2313.0
8308,2026-08-10,2446.5
8331,2025-08-18,1483.94
8331,2025-08-25,1481.51
8331,2025-09-01,1478.1
8331,2025-09-08,1484.42
8331,2025-09-15,1479.56
8331,2025-09-22,1559.25
8331,2025-09-29,1495.62
8331,2025-10-06,1467.5
8331,2025-10-13,1410.28
8331,2025-10-20,1459.11
8331,2025-10-27,1485.26
8331,2025-11-03,1476.38
8331,2025-11-10,1540.01
8331,2025-11-17,1561.22
8331,2025-11-24,1622.39
8331,2025-12-01,1669.74
8331,2025-12-08,1686.52
8331,2025-12-15,1719.56
8331,2025-12-22,1743.74
8331,2025-12-29,1724.5
8331,2026-01-05,1861.63
8331,2026-01-12,2039.21
8331,2026-01-19,2022.44
8331,2026-01-26,2055.98
8331,2026-02-02,2303.6
8331,2026-02-09,2362.8
8331,2026-02-16,2351.45
8331,2026-02-23,2295.71
8331,2026-03-02,2088.04
8331,2026-03-09,2008.63
8331,2026-03-16,1976.56
8331,2026-03-23,2054.5
8331,2026-03-30,2138.0
8331,2026-04-06,2212.5
8331,2026-04-13,2189.0
8331,2026-04-20,2029.0
8331,2026-04-27,2154.0
8331,2026-05-04,2154.5
8331,2026-05-11,2280.0
8331,2026-05-18,2378.5
8331,2026-05-25,2326.0
8331,2026-06-01,2380.5
8331,2026-06-08,2430.5
8331,2026-06-15,2491.0
8331,2026-06-22,2464.0
8331,2026-06-29,2665.0
8331,2026-07-06,2753.5
8331,2026-07-13,2536.0
8331,2026-07-20,2755.5
8331,2026-07-27,2627.0
8331,2026-08-03,2666.0
8331,2026-08-10,2842.0
8334,2025-08-18,1525.41
8334,2025-08-25,1503.62
8334,2025-09-01,1521.05
8334,2025-09-08,1562.7
8334,2025-09-15,1514.76
8334,2025-09-22,1640.67
8334,2025-09-29,1580.52
8334,2025-10-06,1547.98
8334,2025-10-13,1503.12
8334,2025-10-20,1561.79
8334,2025-10-27,1578.55
8334,2025-11-03,1576.58
8334,2025-11-10,1613.06
8334,2025-11-17,1622.92
8334,2025-11-24,1710.18
8334,2025-12-01,1710.67
8334,2025-12-08,1701.8
8334,2025-12-15,1746.17
8334,2025-12-22,1701.8
8334,2025-12-29,1703.28
8334,2026-01-05,1786.1
8334,2026-01-12,1909.84
8334,2026-01-19,1922.16
8334,2026-01-26,1912.3
8334,2026-02-02,2142.53
8334,2026-02-09,2199.72
8334,2026-02-16,2174.57
8334,2026-02-23,2230.28
8334,2026-03-02,2104.08
8334,2026-03-09,2071.05
8334,2026-03-16,2095.2
8334,2026-03-23,2250.0
8334,2026-03-30,2231.5
8334,2026-04-06,2269.0
8334,2026-04-13,2214.0
8334,2026-04-20,2030.0
8334,2026-04-27,2157.0
8334,2026-05-04,2164.0
8334,2026-05-11,2232.0
8334,2026-05-18,2316.0
8334,2026-05-25,2260.0
8334,2026-06-01,2262.5
8334,2026-06-08,2343.5
8334,2026-06-15,2316.5
8334,2026-06-22,2334.0
8334,2026-06-29,2419.0
8334,2026-07-06,2492.5
8334,2026-07-13,2436.5
8334,2026-07-20,2609.0
8334,2026-07-27,2538.5
8334,2026-08-03,2595.0
8334,2026-08-10,2740.5
8341,2025-08-18,1853.6
8341,2025-08-25,1839.75
8341,2025-09-01,1827.5
8341,2025-09-08,1880.03
8341,2025-09-15,1875.19
8341,2025-09-22,2016.99
8341,2025-09-29,2007.8
8341,2025-10-06,1905.73
8341,2025-10-13,1867.34
8341,2025-10-20,2045.21
8341,2025-10-27,2170.9
8341,2025-11-03,2186.0
8341,2025-11-10,2259.51
8341,2025-11-17,2266.73
8341,2025-11-24,2369.12
8341,2025-12-01,2447.88
8341,2025-12-08,2440.67
8341,2025-12-15,2502.69
8341,2025-12-22,2482.34
8341,2025-12-29,2474.8
8341,2026-01-05,2644.46
8341,2026-01-12,2849.25
8341,2026-01-19,2864.02
8341,2026-01-26,2775.08
8341,2026-02-02,2999.23
8341,2026-02-09,3160.69
8341,2026-02-16,3225.34
8341,2026-02-23,3228.29
8341,2026-03-02,3020.89
8341,2026-03-09,2980.19
8341,2026-03-16,2969.36
8341,2026-03-23,3119.67
8341,2026-03-30,3211.0
8341,2026-04-06,3262.0
8341,2026-04-13,3279.0
8341,2026-04-20,2929.5
8341,2026-04-27,3004.0
8341,2026-05-04,2987.5
8341,2026-05-11,3141.0
8341,2026-05-18,3201.0
8341,2026-05-25,3154.0
8341,2026-06-01,3174.0
8341,2026-06-08,3267.0
8341,2026-06-15,3317.0
8341,2026-06-22,3335.0
8341,2026-06-29,3519.0
8341,2026-07-06,3515.0
8341,2026-07-13,3311.0
8341,2026-07-20,3631.0
8341,2026-07-27,3495.0
8341,2026-08-03,3661.0
8341,2026-08-10,3834.0
8343,2025-08-18,3451.65
8343,2025-08-25,3384.44
8343,2025-09-01,3365.24
8343,2025-09-08,3456.45
8343,2025-09-15,3365.24
8343,2025-09-22,3451.65
8343,2025-09-29,3427.14
8343,2025-10-06,3378.11
8343,2025-10-13,3387.91
8343,2025-10-20,3505.58
8343,2025-10-27,3584.03
8343,2025-11-03,3637.96
8343,2025-11-10,3672.28
8343,2025-11-17,3672.28
8343,2025-11-24,3799.76
8343,2025-12-01,3868.4
8343,2025-12-08,3843.88
8343,2025-12-15,3888.01
8343,2025-12-22,3897.82
8343,2025-12-29,3946.84
8343,2026-01-05,4226.31
8343,2026-01-12,4549.9
8343,2026-01-19,4633.25
8343,2026-01-26,4971.55
8343,2026-02-02,5314.76
8343,2026-02-09,5383.4
8343,2026-02-16,5442.23
8343,2026-02-23,5501.07
8343,2026-03-02,5099.03
8343,2026-03-09,4902.91
8343,2026-03-16,4902.91
8343,2026-03-23,5050.0
8343,2026-03-30,5100.0
8343,2026-04-06,5490.0
8343,2026-04-13,5820.0
8343,2026-04-20,5220.0
8343,2026-04-27,5390.0
8343,2026-05-04,5480.0
8343,2026-05-11,5790.0
8343,2026-05-18,6140.0
8343,2026-05-25,5990.0
8343,2026-06-01,5920.0
8343,2026-06-08,6350.0
8343,2026-06-15,6170.0
8343,2026-06-22,6800.0
8343,2026-06-29,7060.0
8343,2026-07-06,7140.0
8343,2026-07-13,6830.0
8343,2026-07-20,7670.0
8343,2026-07-27,7260.0
8343,2026-08-03,8030.0
8343,2026-08-10,8450.0
8344,2025-08-18,1576.81
8344,2025-08-25,1537.39
8344,2025-09-01,1545.08
8344,2025-09-08,1580.66
8344,2025-09-15,1559.51
8344,2025-09-22,1633.54
8344,2025-09-29,1612.03
8344,2025-10-06,1564.13
8344,2025-10-13,1547.51
8344,2025-10-20,1583.68
8344,2025-10-27,1641.36
8344,2025-11-03,1662.87
8344,2025-11-10,1711.75
8344,2025-11-17,1717.61
8344,2025-11-24,1824.17
8344,2025-12-01,1783.11
8344,2025-12-08,1784.09
8344,2025-12-15,1841.76
8344,2025-12-22,1859.36
8344,2025-12-29,1890.64
8344,2026-01-05,2013.82
8344,2026-01-12,2104.73
8344,2026-01-19,2142.86
8344,2026-01-26,2158.5
8344,2026-02-02,2356.95
8344,2026-02-09,2595.48
8344,2026-02-16,2627.74
8344,2026-02-23,2668.8
8344,2026-03-02,2492.83
8344,2026-03-09,2349.13
8344,2026-03-16,2332.51
8344,2026-03-23,2442.0
8344,2026-03-30,2510.0
8344,2026-04-06,2678.0
8344,2026-04-13,2786.0
8344,2026-04-20,2415.0
8344,2026-04-27,2503.0
8344,2026-05-04,2515.0
8344,2026-05-11,2655.0
8344,2026-05-18,3055.0
8344,2026-05-25,3095.0
8344,2026-06-01,3075.0
8344,2026-06-08,3495.0
8344,2026-06-15,3370.0
8344,2026-06-22,3365.0
8344,2026-06-29,3965.0
8344,2026-07-06,3690.0
8344,2026-07-13,3615.0
8344,2026-07-20,4000.0
8344,2026-07-27,3740.0
8344,2026-08-03,4230.0
8344,2026-08-10,4585.0
8345,2025-08-18,909.96
8345,2025-08-25,894.38
8345,2025-09-01,902.77
8345,2025-09-08,917.15
8345,2025-09-15,897.97
8345,2025-09-22,925.55
8345,2025-09-29,920.87
8345,2025-10-06,914.73
8345,2025-10-13,952.84
8345,2025-10-20,962.68
8345,2025-10-27,995.87
8345,2025-11-03,992.18
8345,2025-11-10,1168.0
8345,2025-11-17,1152.02
8345,2025-11-24,1215.95
8345,2025-12-01,1214.72
8345,2025-12-08,1229.47
8345,2025-12-15,1236.85
8345,2025-12-22,1258.98
8345,2025-12-29,1278.65
8345,2026-01-05,1372.09
8345,2026-01-12,1504.87
8345,2026-01-19,1544.22
8345,2026-01-26,1499.96
8345,2026-02-02,1627.82
8345,2026-02-09,1664.71
8345,2026-02-16,1686.84
8345,2026-02-23,1745.85
8345,2026-03-02,1652.41
8345,2026-03-09,1583.56
8345,2026-03-16,1583.56
8345,2026-03-23,1677.0
8345,2026-03-30,1661.0
8345,2026-04-06,1802.0
8345,2026-04-13,2030.0
8345,2026-04-20,1821.0
8345,2026-04-27,1956.0
8345,2026-05-04,1940.0
8345,2026-05-11,1877.0
8345,2026-05-18,1955.0
8345,2026-05-25,1867.0
8345,2026-06-01,1907.0
8345,2026-06-08,2067.0
8345,2026-06-15,1941.0
8345,2026-06-22,2030.0
8345,2026-06-29,2161.0
8345,2026-07-06,2083.0
8345,2026-07-13,2058.0
8345,2026-07-20,2270.0
8345,2026-07-27,2155.0
8345,2026-08-03,2358.0
8345,2026-08-10,2474.0
8346,2025-08-18,390.96
8346,2025-08-25,386.11
8346,2025-09-01,403.57
8346,2025-09-08,421.03
8346,2025-09-15,414.24
8346,2025-09-22,442.38
8346,2025-09-29,427.6
8346,2025-10-06,426.61
8346,2025-10-13,433.51
8346,2025-10-20,446.32
8346,2025-10-27,449.27
8346,2025-11-03,450.26
8346,2025-11-10,467.99
8346,2025-11-17,468.98
8346,2025-11-24,501.49
8346,2025-12-01,509.37
8346,2025-12-08,512.33
8346,2025-12-15,529.08
8346,2025-12-22,523.17
8346,2025-12-29,533.02
8346,2026-01-05,550.76
8346,2026-01-12,603.96
8346,2026-01-19,599.03
8346,2026-01-26,592.14
8346,2026-02-02,669.97
8346,2026-02-09,724.16
8346,2026-02-16,703.47
8346,2026-02-23,716.28
8346,2026-03-02,653.22
8346,2026-03-09,622.68
8346,2026-03-16,651.25
8346,2026-03-23,668.0
8346,2026-03-30,681.0
8346,2026-04-06,701.0
8346,2026-04-13,704.0
8346,2026-04-20,650.0
8346,2026-04-27,666.0
8346,2026-05-04,693.0
8346,2026-05-11,705.0
8346,2026-05-18,773.0
8346,2026-05-25,752.0
8346,2026-06-01,750.0
8346,2026-06-08,777.0
8346,2026-06-15,751.0
8346,2026-06-22,774.0
8346,2026-06-29,818.0
8346,2026-07-06,820.0
8346,2026-07-13,813.0
8346,2026-07-20,904.0
8346,2026-07-27,860.0
8346,2026-08-03,942.0
8346,2026-08-10,989.0
8358,2025-08-18,1450.93
8358,2025-08-25,1436.41
8358,2025-09-01,1470.29
8358,2025-09-08,1492.55
8358,2025-09-15,1460.61
8358,2025-09-22,1526.43
8358,2025-09-29,1544.1
8358,2025-10-06,1464.58
8358,2025-10-13,1427.28
8358,2025-10-20,1482.25
8358,2025-10-27,1512.68
8358,2025-11-03,1492.07
8358,2025-11-10,1532.32
8358,2025-11-17,1551.95
8358,2025-11-24,1650.11
8358,2025-12-01,1650.11
8358,2025-12-08,1674.65
8358,2025-12-15,1698.21
8358,2025-12-22,1671.71
8358,2025-12-29,1677.6
8358,2026-01-05,1757.11
8358,2026-01-12,1897.48
8358,2026-01-19,1946.56
8358,2026-01-26,1903.37
8358,2026-02-02,2016.26
8358,2026-02-09,2074.17
8358,2026-02-16,2108.53
8358,2026-02-23,2083.99
8358,2026-03-02,1922.02
8358,2026-03-09,1869.01
8358,2026-03-16,1874.9
8358,2026-03-23,2030.0
8358,2026-03-30,2091.0
8358,2026-04-06,2270.0
8358,2026-04-13,2290.0
8358,2026-04-20,2253.0
8358,2026-04-27,2266.0
8358,2026-05-04,2217.0
8358,2026-05-11,2336.0
8358,2026-05-18,2370.0
8358,2026-05-25,2317.0
8358,2026-06-01,2266.0
8358,2026-06-08,2354.0
8358,2026-06-15,2397.0
8358,2026-06-22,2384.0
8358,2026-06-29,2540.0
8358,2026-07-06,2569.0
8358,2026-07-13,2545.0
8358,2026-07-20,2745.0
8358,2026-07-27,2605.0
8358,2026-08-03,2735.0
8358,2026-08-10,2880.0
8360,2025-08-18,3051.04
8360,2025-08-25,2997.76
8360,2025-09-01,3002.61
8360,2025-09-08,3080.09
8360,2025-09-15,3021.98
8360,2025-09-22,3147.89
8360,2025-09-29,3107.45
8360,2025-10-06,3127.18
8360,2025-10-13,3127.18
8360,2025-10-20,3151.84
8360,2025-10-27,3240.62
8360,2025-11-03,3319.54
8360,2025-11-10,3418.19
8360,2025-11-17,3437.92
8360,2025-11-24,3719.07
8360,2025-12-01,3867.05
8360,2025-12-08,3802.93
8360,2025-12-15,3931.17
8360,2025-12-22,3857.18
8360,2025-12-29,3985.43
8360,2026-01-05,4232.05
8360,2026-01-12,4774.62
8360,2026-01-19,4828.88
8360,2026-01-26,4666.1
8360,2026-02-02,5188.95
8360,2026-02-09,5267.86
8360,2026-02-16,5346.78
8360,2026-02-23,5435.57
8360,2026-03-02,5011.38
8360,2026-03-09,4754.89
8360,2026-03-16,4833.81
8360,2026-03-23,5258.0
8360,2026-03-30,5400.0
8360,2026-04-06,5870.0
8360,2026-04-13,5840.0
8360,2026-04-20,5170.0
8360,2026-04-27,5390.0
8360,2026-05-04,5370.0
8360,2026-05-11,5990.0
8360,2026-05-18,5970.0
8360,2026-05-25,5870.0
8360,2026-06-01,5920.0
8360,2026-06-08,6120.0
8360,2026-06-15,5800.0
8360,2026-06-22,6150.0
8360,2026-06-29,6480.0
8360,2026-07-06,6510.0
8360,2026-07-13,6190.0
8360,2026-07-20,7090.0
8360,2026-07-27,6440.0
8360,2026-08-03,7070.0
8360,2026-08-10,7440.0
8362,2025-08-18,1941.21
8362,2025-08-25,1916.15
8362,2025-09-01,1936.39
8362,2025-09-08,1941.21
8362,2025-09-15,1929.65
8362,2025-09-22,2078.08
8362,2025-09-29,2060.5
8362,2025-10-06,2008.71
8362,2025-10-13,1997.97
8362,2025-10-20,2070.27
8362,2025-10-27,2124.0
8362,2025-11-03,2136.7
8362,2025-11-10,2146.47
8362,2025-11-17,2155.27
8362,2025-11-24,2351.64
8362,2025-12-01,2353.6
8362,2025-12-08,2323.31
8362,2025-12-15,2387.79
8362,2025-12-22,2469.86
8362,2025-12-29,2531.41
8362,2026-01-05,2681.87
8362,2026-01-12,2775.66
8362,2026-01-19,2812.79
8362,2026-01-26,2846.98
8362,2026-02-02,3165.48
8362,2026-02-09,3326.69
8362,2026-02-16,3341.34
8362,2026-02-23,3448.81
8362,2026-03-02,3292.49
8362,2026-03-09,3189.91
8362,2026-03-16,3272.95
8362,2026-03-23,3356.0
8362,2026-03-30,3345.0
8362,2026-04-06,3555.0
8362,2026-04-13,3875.0
8362,2026-04-20,3460.0
8362,2026-04-27,3765.0
8362,2026-05-04,3940.0
8362,2026-05-11,4450.0
8362,2026-05-18,4645.0
8362,2026-05-25,4590.0
8362,2026-06-01,5390.0
8362,2026-06-08,5340.0
8362,2026-06-15,4960.0
8362,2026-06-22,5440.0
8362,2026-06-29,6010.0
8362,2026-07-06,5760.0
8362,2026-07-13,5630.0
8362,2026-07-20,6180.0
8362,2026-07-27,5680.0
8362,2026-08-03,6180.0
8362,2026-08-10,6770.0
8368,2025-08-18,817.06
8368,2025-08-25,811.23
8368,2025-09-01,836.52
8368,2025-09-08,867.64
8368,2025-09-15,857.92
8368,2025-09-22,893.9
8368,2025-09-29,891.93
8368,2025-10-06,884.04
8368,2025-10-13,918.57
8368,2025-10-20,920.54
8368,2025-10-27,942.25
8368,2025-11-03,938.3
8368,2025-11-10,956.06
8368,2025-11-17,980.73
8368,2025-11-24,1029.08
8368,2025-12-01,1035.98
8368,2025-12-08,1077.42
8368,2025-12-15,1111.95
8368,2025-12-22,1107.02
8368,2025-12-29,1130.7
8368,2026-01-05,1194.83
8368,2026-01-12,1313.23
8368,2026-01-19,1464.19
8368,2026-01-26,1384.27
8368,2026-02-02,1498.72
8368,2026-02-09,1536.21
8368,2026-02-16,1536.21
8368,2026-02-23,1677.3
8368,2026-03-02,1553.97
8368,2026-03-09,1507.6
8368,2026-03-16,1483.92
8368,2026-03-23,1552.0
8368,2026-03-30,1596.0
8368,2026-04-06,1805.0
8368,2026-04-13,1887.0
8368,2026-04-20,1692.0
8368,2026-04-27,1811.0
8368,2026-05-04,1809.0
8368,2026-05-11,1953.0
8368,2026-05-18,1972.0
8368,2026-05-25,1906.0
8368,2026-06-01,1924.0
8368,2026-06-08,1945.0
8368,2026-06-15,1890.0
8368,2026-06-22,1960.0
8368,2026-06-29,2081.0
8368,2026-07-06,2064.0
8368,2026-07-13,1924.0
8368,2026-07-20,2080.0
8368,2026-07-27,2017.0
8368,2026-08-03,2121.0
8368,2026-08-10,2278.0
8370,2025-08-18,2821.08
8370,2025-08-25,2795.12
8370,2025-09-01,2829.74
8370,2025-09-08,2918.2
8370,2025-09-15,2839.35
8370,2025-09-22,2873.97
8370,2025-09-29,2796.51
8370,2025-10-06,2768.07
8370,2025-10-13,2778.86
8370,2025-10-20,2923.98
8370,2025-10-27,2941.63
8370,2025-11-03,3005.36
8370,2025-11-10,2921.03
8370,2025-11-17,2892.6
8370,2025-11-24,3010.26
8370,2025-12-01,3049.49
8370,2025-12-08,3083.8
8370,2025-12-15,3191.66
8370,2025-12-22,3181.86
8370,2025-12-29,3196.57
8370,2026-01-05,3333.84
8370,2026-01-12,3500.53
8370,2026-01-19,3637.81
8370,2026-01-26,3696.64
8370,2026-02-02,4005.51
8370,2026-02-09,4083.96
8370,2026-02-16,4186.91
8370,2026-02-23,4201.62
8370,2026-03-02,3995.71
8370,2026-03-09,3789.79
8370,2026-03-16,3819.21
8370,2026-03-23,3981.0
8370,2026-03-30,4020.0
8370,2026-04-06,4210.0
8370,2026-04-13,4140.0
8370,2026-04-20,3885.0
8370,2026-04-27,4155.0
8370,2026-05-04,4200.0
8370,2026-05-11,4405.0
8370,2026-05-18,4525.0
8370,2026-05-25,4240.0
8370,2026-06-01,4320.0
8370,2026-06-08,4515.0
8370,2026-06-15,4430.0
8370,2026-06-22,4460.0
8370,2026-06-29,4550.0
8370,2026-07-06,4605.0
8370,2026-07-13,4550.0
8370,2026-07-20,4945.0
8370,2026-07-27,4690.0
8370,2026-08-03,4845.0
8370,2026-08-10,5020.0
8377,2025-08-18,3524.83
8377,2025-08-25,3664.65
8377,2025-09-01,3647.05
8377,2025-09-08,3781.0
8377,2025-09-15,3649.98
8377,2025-09-22,3799.58
8377,2025-09-29,3686.81
8377,2025-10-06,3647.24
8377,2025-10-13,3480.07
8377,2025-10-20,3549.31
8377,2025-10-27,3738.25
8377,2025-11-03,4071.62
8377,2025-11-10,4165.59
8377,2025-11-17,4352.55
8377,2025-11-24,4393.11
8377,2025-12-01,4414.88
8377,2025-12-08,4395.09
8377,2025-12-15,4517.75
8377,2025-12-22,4565.24
8377,2025-12-29,4540.51
8377,2026-01-05,4915.42
8377,2026-01-12,5325.94
8377,2026-01-19,5298.25
8377,2026-01-26,5242.85
8377,2026-02-02,5832.42
8377,2026-02-09,6136.11
8377,2026-02-16,6163.81
8377,2026-02-23,6183.6
8377,2026-03-02,5965.97
8377,2026-03-09,5686.02
8377,2026-03-16,5693.93
8377,2026-03-23,5963.0
8377,2026-03-30,6203.0
8377,2026-04-06,6271.0
8377,2026-04-13,6301.0
8377,2026-04-20,5602.0
8377,2026-04-27,5939.0
8377,2026-05-04,6077.0
8377,2026-05-11,6454.0
8377,2026-05-18,6787.0
8377,2026-05-25,6456.0
8377,2026-06-01,6429.0
8377,2026-06-08,6505.0
8377,2026-06-15,6415.0
8377,2026-06-22,6703.0
8377,2026-06-29,7270.0
8377,2026-07-06,7510.0
8377,2026-07-13,6966.0
8377,2026-07-20,7714.0
8377,2026-07-27,7469.0
8377,2026-08-03,8053.0
8377,2026-08-10,8458.0
8381,2025-08-18,1309.23
8381,2025-08-25,1297.68
8381,2025-09-01,1310.19
8381,2025-09-08,1318.85
8381,2025-09-15,1321.74
8381,2025-09-22,1371.8
8381,2025-09-29,1304.05
8381,2025-10-06,1302.08
8381,2025-10-13,1290.3
8381,2025-10-20,1320.74
8381,2025-10-27,1330.56
8381,2025-11-03,1336.45
8381,2025-11-10,1376.71
8381,2025-11-17,1374.75
8381,2025-11-24,1426.79
8381,2025-12-01,1430.72
8381,2025-12-08,1425.81
8381,2025-12-15,1451.34
8381,2025-12-22,1435.63
8381,2025-12-29,1462.14
8381,2026-01-05,1547.57
8381,2026-01-12,1596.67
8381,2026-01-19,1583.9
8381,2026-01-26,1549.54
8381,2026-02-02,1655.59
8381,2026-02-09,1720.4
8381,2026-02-16,1732.18
8381,2026-02-23,1738.07
8381,2026-03-02,1561.32
8381,2026-03-09,1660.5
8381,2026-03-16,1609.44
8381,2026-03-23,1742.0
8381,2026-03-30,1863.0
8381,2026-04-06,1985.0
8381,2026-04-13,1998.0
8381,2026-04-20,1793.0
8381,2026-04-27,1866.0
8381,2026-05-04,1887.0
8381,2026-05-11,1969.0
8381,2026-05-18,2113.0
8381,2026-05-25,2063.0
8381,2026-06-01,2094.0
8381,2026-06-08,2159.0
8381,2026-06-15,2186.0
8381,2026-06-22,2227.0
8381,2026-06-29,2391.0
8381,2026-07-06,2428.0
8381,2026-07-13,2341.0
8381,2026-07-20,2511.0
8381,2026-07-27,2336.0
8381,2026-08-03,2504.0
8381,2026-08-10,2579.0
8386,2025-08-18,1218.51
8386,2025-08-25,1204.04
8386,2025-09-01,1202.83
8386,2025-09-08,1228.17
8386,2025-09-15,1194.39
8386,2025-09-22,1259.53
8386,2025-09-29,1220.85
8386,2025-10-06,1222.08
8386,2025-10-13,1219.62
8386,2025-10-20,1251.65
8386,2025-10-27,1330.49
8386,2025-11-03,1411.8
8386,2025-11-10,1446.3
8386,2025-11-17,1473.4
8386,2025-11-24,1532.53
8386,2025-12-01,1530.07
8386,2025-12-08,1539.92
8386,2025-12-15,1591.66
8386,2025-12-22,1594.13
8386,2025-12-29,1640.94
8386,2026-01-05,1732.1
8386,2026-01-12,1921.82
8386,2026-01-19,2064.73
8386,2026-01-26,2057.34
8386,2026-02-02,2325.9
8386,2026-02-09,2365.32
8386,2026-02-16,2340.68
8386,2026-02-23,2407.21
8386,2026-03-02,2180.53
8386,2026-03-09,2101.69
8386,2026-03-16,2089.37
8386,2026-03-23,2148.5
8386,2026-03-30,2205.0
8386,2026-04-06,2322.0
8386,2026-04-13,2445.0
8386,2026-04-20,2275.0
8386,2026-04-27,2371.0
8386,2026-05-04,2360.0
8386,2026-05-11,2467.0
8386,2026-05-18,2559.0
8386,2026-05-25,2485.0
8386,2026-06-01,2438.0
8386,2026-06-08,2521.0
8386,2026-06-15,2388.0
8386,2026-06-22,2560.0
8386,2026-06-29,2669.0
8386,2026-07-06,2651.0
8386,2026-07-13,2628.0
8386,2026-07-20,2966.0
8386,2026-07-27,2846.0
8386,2026-08-03,2872.0
8386,2026-08-10,3090.0
8388,2025-08-18,3375.72
8388,2025-08-25,3366.02
8388,2025-09-01,3366.02
8388,2025-09-08,3463.03
8388,2025-09-15,3424.22
8388,2025-09-22,3560.03
8388,2025-09-29,3584.68
8388,2025-10-06,3495.93
8388,2025-10-13,3495.93
8388,2025-10-20,3545.24
8388,2025-10-27,3589.61
8388,2025-11-03,3643.85
8388,2025-11-10,3772.05
8388,2025-11-17,3860.81
8388,2025-11-24,4092.55
8388,2025-12-01,4161.59
8388,2025-12-08,4171.45
8388,2025-12-15,4289.79
8388,2025-12-22,4230.62
8388,2025-12-29,4324.3
8388,2026-01-05,4546.19
8388,2026-01-12,4916.0
8388,2026-01-19,4989.96
8388,2026-01-26,5118.16
8388,2026-02-02,5581.65
8388,2026-02-09,5709.85
8388,2026-02-16,5729.58
8388,2026-02-23,5907.08
8388,2026-03-02,5552.07
8388,2026-03-09,5384.42
8388,2026-03-16,5650.68
8388,2026-03-23,5877.5
8388,2026-03-30,6120.0
8388,2026-04-06,6510.0
8388,2026-04-13,6630.0
8388,2026-04-20,6170.0
8388,2026-04-27,6270.0
8388,2026-05-04,6160.0
8388,2026-05-11,6720.0
8388,2026-05-18,6870.0
8388,2026-05-25,6700.0
8388,2026-06-01,6750.0
8388,2026-06-08,6990.0
8388,2026-06-15,6820.0
8388,2026-06-22,7070.0
8388,2026-06-29,7540.0
8388,2026-07-06,7530.0
8388,2026-07-13,7630.0
8388,2026-07-20,8680.0
8388,2026-07-27,8340.0
8388,2026-08-03,8930.0
8388,2026-08-10,9390.0
8395,2025-08-18,2812.48
8395,2025-08-25,2836.78
8395,2025-09-01,2863.02
8395,2025-09-08,2964.09
8395,2025-09-15,2964.09
8395,2025-09-22,2998.1
8395,2025-09-29,2998.1
8395,2025-10-06,2993.16
8395,2025-10-13,3037.61
8395,2025-10-20,3111.7
8395,2025-10-27,3166.03
8395,2025-11-03,3175.91
8395,2025-11-10,3304.33
8395,2025-11-17,3353.72
8395,2025-11-24,3571.05
8395,2025-12-01,3694.53
8395,2025-12-08,3724.16
8395,2025-12-15,3832.83
8395,2025-12-22,3877.28
8395,2025-12-29,4000.76
8395,2026-01-05,4262.54
8395,2026-01-12,4519.38
8395,2026-01-19,4623.1
8395,2026-01-26,4534.19
8395,2026-02-02,4949.09
8395,2026-02-09,4998.48
8395,2026-02-16,5018.24
8395,2026-02-23,5117.02
8395,2026-03-02,4756.46
8395,2026-03-09,4608.28
8395,2026-03-16,4672.49
8395,2026-03-23,4875.0
8395,2026-03-30,4910.0
8395,2026-04-06,5240.0
8395,2026-04-13,5370.0
8395,2026-04-20,5050.0
8395,2026-04-27,5080.0
8395,2026-05-04,5080.0
8395,2026-05-11,5220.0
8395,2026-05-18,5290.0
8395,2026-05-25,5210.0
8395,2026-06-01,5280.0
8395,2026-06-08,5530.0
8395,2026-06-15,5130.0
8395,2026-06-22,5220.0
8395,2026-06-29,5470.0
8395,2026-07-06,5590.0
8395,2026-07-13,5340.0
8395,2026-07-20,5910.0
8395,2026-07-27,5600.0
8395,2026-08-03,5880.0
8395,2026-08-10,6250.0
8399,2025-08-18,1283.23
8399,2025-08-25,1266.98
8399,2025-09-01,1301.4
8399,2025-09-08,1372.16
8399,2025-09-15,1370.25
8399,2025-09-22,1416.15
8399,2025-09-29,1408.35
8399,2025-10-06,1380.11
8399,2025-10-13,1369.39
8399,2025-10-20,1530.1
8399,2025-10-27,1465.82
8399,2025-11-03,1480.43
8399,2025-11-10,1538.86
8399,2025-11-17,1571.98
8399,2025-11-24,1758.01
8399,2025-12-01,1728.79
8399,2025-12-08,1712.23
8399,2025-12-15,1784.3
8399,2025-12-22,1785.28
8399,2025-12-29,1801.84
8399,2026-01-05,1956.7
8399,2026-01-12,2101.82
8399,2026-01-19,2216.74
8399,2026-01-26,2142.72
8399,2026-02-02,2327.78
8399,2026-02-09,2402.77
8399,2026-02-16,2397.9
8399,2026-02-23,2389.14
8399,2026-03-02,2267.39
8399,2026-03-09,2210.9
8399,2026-03-16,2216.74
8399,2026-03-23,2282.0
8399,2026-03-30,2304.0
8399,2026-04-06,2409.0
8399,2026-04-13,2513.0
8399,2026-04-20,2455.0
8399,2026-04-27,2499.0
8399,2026-05-04,2466.0
8399,2026-05-11,2577.0
8399,2026-05-18,2603.0
8399,2026-05-25,2506.0
8399,2026-06-01,2461.0
8399,2026-06-08,2579.0
8399,2026-06-15,2478.0
8399,2026-06-22,2541.0
8399,2026-06-29,2651.0
8399,2026-07-06,2755.0
8399,2026-07-13,2729.0
8399,2026-07-20,2999.0
8399,2026-07-27,2943.0
8399,2026-08-03,3095.0
8399,2026-08-10,3195.0
8418,2025-08-18,1756.71
8418,2025-08-25,1725.66
8418,2025-09-01,1722.75
8418,2025-09-08,1753.8
8418,2025-09-15,1710.62
8418,2025-09-22,1805.71
8418,2025-09-29,1754.37
8418,2025-10-06,1684.77
8418,2025-10-13,1645.77
8418,2025-10-20,1722.29
8418,2025-10-27,1744.99
8418,2025-11-03,1749.93
8418,2025-11-10,1781.03
8418,2025-11-17,1773.62
8418,2025-11-24,2012.05
8418,2025-12-01,2025.38
8418,2025-12-08,2093.5
8418,2025-12-15,2080.17
8418,2025-12-22,2057.96
8418,2025-12-29,2095.97
8418,2026-01-05,2213.45
8418,2026-01-12,2323.04
8418,2026-01-19,2437.07
8418,2026-01-26,2424.73
8418,2026-02-02,2628.6
8418,2026-02-09,2731.27
8418,2026-02-16,2695.24
8418,2026-02-23,2716.96
8418,2026-03-02,2550.6
8418,2026-03-09,2469.15
8418,2026-03-16,2418.8
8418,2026-03-23,2481.0
8418,2026-03-30,2595.5
8418,2026-04-06,2698.5
8418,2026-04-13,2769.5
8418,2026-04-20,2553.5
8418,2026-04-27,2640.0
8418,2026-05-04,2640.0
8418,2026-05-11,2813.0
8418,2026-05-18,2863.0
8418,2026-05-25,2740.5
8418,2026-06-01,2731.0
8418,2026-06-08,2920.0
8418,2026-06-15,2859.5
8418,2026-06-22,2876.5
8418,2026-06-29,2987.0
8418,2026-07-06,2972.5
8418,2026-07-13,2902.0
8418,2026-07-20,3121.0
8418,2026-07-27,2976.0
8418,2026-08-03,3075.0
8418,2026-08-10,3197.0
8524,2025-08-18,675.66
8524,2025-08-25,677.6
8524,2025-09-01,698.89
8524,2025-09-08,699.86
8524,2025-09-15,693.08
8524,2025-09-22,717.28
8524,2025-09-29,698.24
8524,2025-10-06,685.55
8524,2025-10-13,670.9
8524,2025-10-20,706.05
8524,2025-10-27,705.08
8524,2025-11-03,715.82
8524,2025-11-10,723.63
8524,2025-11-17,732.42
8524,2025-11-24,806.64
8524,2025-12-01,814.45
8524,2025-12-08,806.64
8524,2025-12-15,832.03
8524,2025-12-22,821.29
8524,2025-12-29,834.57
8524,2026-01-05,908.39
8524,2026-01-12,945.79
8524,2026-01-19,926.1
8524,2026-01-26,906.42
8524,2026-02-02,961.53
8524,2026-02-09,997.95
8524,2026-02-16,1031.41
8524,2026-02-23,1080.62
8524,2026-03-02,987.12
8524,2026-03-09,932.01
8524,2026-03-16,916.26
8524,2026-03-23,956.61
8524,2026-03-30,990.87
8524,2026-04-06,1035.54
8524,2026-04-13,1038.52
8524,2026-04-20,923.35
8524,2026-04-27,982.92
8524,2026-05-04,973.99
8524,2026-05-11,987.89
8524,2026-05-18,999.8
8524,2026-05-25,966.04
8524,2026-06-01,985.9
8524,2026-06-08,1012.71
8524,2026-06-15,1009.73
8524,2026-06-22,1111.0
8524,2026-06-29,1141.0
8524,2026-07-06,1170.0
8524,2026-07-13,1114.0
8524,2026-07-20,1217.0
8524,2026-07-27,1157.0
8524,2026-08-03,1221.0
8524,2026-08-10,1305.0
8541,2025-08-18,1187.73
8541,2025-08-25,1169.32
8541,2025-09-01,1186.76
8541,2025-09-08,1189.67
8541,2025-09-15,1159.63
8541,2025-09-22,1195.48
8541,2025-09-29,1162.08
8541,2025-10-06,1133.59
8541,2025-10-13,1135.56
8541,2025-10-20,1202.36
8541,2025-10-27,1227.9
8541,2025-11-03,1227.9
8541,2025-11-10,1234.77
8541,2025-11-17,1242.63
8541,2025-11-24,1293.71
8541,2025-12-01,1341.85
8541,2025-12-08,1369.35
8541,2025-12-15,1382.12
8541,2025-12-22,1443.02
8541,2025-12-29,1463.65
8541,2026-01-05,1541.26
8541,2026-01-12,1639.49
8541,2026-01-19,1710.21
8541,2026-01-26,1667.97
8541,2026-02-02,1786.83
8541,2026-02-09,1918.47
8541,2026-02-16,1874.26
8541,2026-02-23,1859.53
8541,2026-03-02,1705.3
8541,2026-03-09,1587.42
8541,2026-03-16,1553.04
8541,2026-03-23,1611.0
8541,2026-03-30,1609.0
8541,2026-04-06,1721.0
8541,2026-04-13,1836.0
8541,2026-04-20,1722.0
8541,2026-04-27,1790.0
8541,2026-05-04,1857.0
8541,2026-05-11,1913.0
8541,2026-05-18,1984.0
8541,2026-05-25,1934.0
8541,2026-06-01,1992.0
8541,2026-06-08,2044.0
8541,2026-06-15,1945.0
8541,2026-06-22,2053.0
8541,2026-06-29,2210.0
8541,2026-07-06,2239.0
8541,2026-07-13,2317.0
8541,2026-07-20,2794.0
8541,2026-07-27,2781.0
8541,2026-08-03,2853.0
8541,2026-08-10,3040.0
8550,2025-08-18,467.21
8550,2025-08-25,462.4
8550,2025-09-01,466.25
8550,2025-09-08,463.37
8550,2025-09-15,476.82
8550,2025-09-22,488.36
8550,2025-09-29,493.28
8550,2025-10-06,477.53
8550,2025-10-13,470.64
8550,2025-10-20,492.3
8550,2025-10-27,541.53
8550,2025-11-03,567.13
8550,2025-11-10,609.47
8550,2025-11-17,605.53
8550,2025-11-24,681.34
8550,2025-12-01,702.02
8550,2025-12-08,716.79
8550,2025-12-15,705.96
8550,2025-12-22,710.88
8550,2025-12-29,714.82
8550,2026-01-05,780.79
8550,2026-01-12,854.63
8550,2026-01-19,900.91
8550,2026-01-26,823.12
8550,2026-02-02,982.63
8550,2026-02-09,990.51
8550,2026-02-16,986.57
8550,2026-02-23,1001.34
8550,2026-03-02,912.72
8550,2026-03-09,885.15
8550,2026-03-16,888.11
8550,2026-03-23,895.0
8550,2026-03-30,902.0
8550,2026-04-06,953.0
8550,2026-04-13,1020.0
8550,2026-04-20,909.0
8550,2026-04-27,963.0
8550,2026-05-04,959.0
8550,2026-05-11,937.0
8550,2026-05-18,972.0
8550,2026-05-25,944.0
8550,2026-06-01,930.0
8550,2026-06-08,971.0
8550,2026-06-15,921.0
8550,2026-06-22,915.0
8550,2026-06-29,974.0
8550,2026-07-06,976.0
8550,2026-07-13,933.0
8550,2026-07-20,1028.0
8550,2026-07-27,951.0
8550,2026-08-03,1028.0
8550,2026-08-10,1080.0
8551,2025-08-18,3593.15
8551,2025-08-25,3636.27
8551,2025-09-01,3698.55
8551,2025-09-08,3703.34
8551,2025-09-15,3645.85
8551,2025-09-22,3808.74
8551,2025-09-29,3646.25
8551,2025-10-06,3553.26
8551,2025-10-13,3519.0
8551,2025-10-20,3665.82
8551,2025-10-27,3695.19
8551,2025-11-03,3675.61
8551,2025-11-10,4023.11
8551,2025-11-17,4116.1
8551,2025-11-24,4287.4
8551,2025-12-01,4204.2
8551,2025-12-08,4199.3
8551,2025-12-15,4238.46
8551,2025-12-22,4292.29
8551,2025-12-29,4424.44
8551,2026-01-05,4644.68
8551,2026-01-12,4904.08
8551,2026-01-19,4972.6
8551,2026-01-26,4585.95
8551,2026-02-02,4889.4
8551,2026-02-09,5119.43
8551,2026-02-16,5099.85
8551,2026-02-23,5187.95
8551,2026-03-02,4757.25
8551,2026-03-09,4561.48
8551,2026-03-16,4507.64
8551,2026-03-23,4630.0
8551,2026-03-30,4675.0
8551,2026-04-06,4900.0
8551,2026-04-13,5040.0
8551,2026-04-20,4660.0
8551,2026-04-27,4755.0
8551,2026-05-04,4785.0
8551,2026-05-11,5240.0
8551,2026-05-18,5500.0
8551,2026-05-25,5440.0
8551,2026-06-01,5320.0
8551,2026-06-08,5410.0
8551,2026-06-15,5200.0
8551,2026-06-22,5260.0
8551,2026-06-29,5680.0
8551,2026-07-06,5700.0
8551,2026-07-13,6030.0
8551,2026-07-20,6790.0
8551,2026-07-27,6650.0
8551,2026-08-03,6710.0
8551,2026-08-10,7240.0
8596,2025-08-18,1337.47
8596,2025-08-25,1362.42
8596,2025-09-01,1391.2
8596,2025-09-08,1403.67
8596,2025-09-15,1348.03
8596,2025-09-22,1366.26
8596,2025-09-29,1310.47
8596,2025-10-06,1318.3
8596,2025-10-13,1333.96
8596,2025-10-20,1348.64
8596,2025-10-27,1298.73
8596,2025-11-03,1267.41
8596,2025-11-10,1278.17
8596,2025-11-17,1281.11
8596,2025-11-24,1344.72
8596,2025-12-01,1286.98
8596,2025-12-08,1279.15
8596,2025-12-15,1325.15
8596,2025-12-22,1374.09
8596,2025-12-29,1378.0
8596,2026-01-05,1412.25
8596,2026-01-12,1441.62
8596,2026-01-19,1394.64
8596,2026-01-26,1407.36
8596,2026-02-02,1463.15
8596,2026-02-09,1496.42
8596,2026-02-16,1479.78
8596,2026-02-23,1485.66
8596,2026-03-02,1431.83
8596,2026-03-09,1397.57
8596,2026-03-16,1377.02
8596,2026-03-23,1378.0
8596,2026-03-30,1402.0
8596,2026-04-06,1413.0
8596,2026-04-13,1410.0
8596,2026-04-20,1398.0
8596,2026-04-27,1390.0
8596,2026-05-04,1417.0
8596,2026-05-11,1443.0
8596,2026-05-18,1445.0
8596,2026-05-25,1425.0
8596,2026-06-01,1393.0
8596,2026-06-08,1419.0
8596,2026-06-15,1444.0
8596,2026-06-22,1430.0
8596,2026-06-29,1467.0
8596,2026-07-06,1461.0
8596,2026-07-13,1450.0
8596,2026-07-20,1508.0
8596,2026-07-27,1579.0
8596,2026-08-03,1590.0
8596,2026-08-10,1669.0
8600,2025-08-18,637.6
8600,2025-08-25,614.42
8600,2025-09-01,629.87
8600,2025-09-08,634.7
8600,2025-09-15,639.53
8600,2025-09-22,662.72
8600,2025-09-29,647.95
8600,2025-10-06,645.98
8600,2025-10-13,639.09
8600,2025-10-20,667.64
8600,2025-10-27,672.57
8600,2025-11-03,694.23
8600,2025-11-10,685.37
8600,2025-11-17,692.26
8600,2025-11-24,736.57
8600,2025-12-01,738.54
8600,2025-12-08,743.47
8600,2025-12-15,751.34
8600,2025-12-22,753.31
8600,2025-12-29,772.02
8600,2026-01-05,798.61
8600,2026-01-12,854.74
8600,2026-01-19,860.65
8600,2026-01-26,859.66
8600,2026-02-02,917.76
8600,2026-02-09,949.27
8600,2026-02-16,961.09
8600,2026-02-23,967.98
8600,2026-03-02,884.28
8600,2026-03-09,845.88
8600,2026-03-16,838.98
8600,2026-03-23,838.0
8600,2026-03-30,888.0
8600,2026-04-06,924.0
8600,2026-04-13,939.0
8600,2026-04-20,866.0
8600,2026-04-27,892.0
8600,2026-05-04,889.0
8600,2026-05-11,878.0
8600,2026-05-18,888.0
8600,2026-05-25,876.0
8600,2026-06-01,852.0
8600,2026-06-08,890.0
8600,2026-06-15,861.0
8600,2026-06-22,876.0
8600,2026-06-29,895.0
8600,2026-07-06,910.0
8600,2026-07-13,908.0
8600,2026-07-20,1024.0
8600,2026-07-27,997.0
8600,2026-08-03,1078.0
8600,2026-08-10,1105.0
8616,2025-08-18,548.8
8616,2025-08-25,543.23
8616,2025-09-01,549.73
8616,2025-09-08,548.8
8616,2025-09-15,551.59
8616,2025-09-22,570.16
8616,2025-09-29,549.94
8616,2025-10-06,557.64
8616,2025-10-13,557.64
8616,2025-10-20,556.68
8616,2025-10-27,550.9
8616,2025-11-03,568.23
8616,2025-11-10,589.42
8616,2025-11-17,597.13
8616,2025-11-24,623.13
8616,2025-12-01,619.28
8616,2025-12-08,647.21
8616,2025-12-15,641.43
8616,2025-12-22,659.73
8616,2025-12-29,661.66
8616,2026-01-05,689.59
8616,2026-01-12,724.26
8616,2026-01-19,715.59
8616,2026-01-26,712.7
8616,2026-02-02,726.18
8616,2026-02-09,738.7
8616,2026-02-16,744.48
8616,2026-02-23,799.38
8616,2026-03-02,732.93
8616,2026-03-09,714.63
8616,2026-03-16,720.41
8616,2026-03-23,731.0
8616,2026-03-30,737.0
8616,2026-04-06,750.0
8616,2026-04-13,755.0
8616,2026-04-20,716.0
8616,2026-04-27,688.0
8616,2026-05-04,692.0
8616,2026-05-11,710.0
8616,2026-05-18,704.0
8616,2026-05-25,694.0
8616,2026-06-01,709.0
8616,2026-06-08,728.0
8616,2026-06-15,740.0
8616,2026-06-22,764.0
8616,2026-06-29,766.0
8616,2026-07-06,776.0
8616,2026-07-13,778.0
8616,2026-07-20,812.0
8616,2026-07-27,802.0
8616,2026-08-03,822.0
8616,2026-08-10,840.0
8713,2025-08-18,1568.47
8713,2025-08-25,1523.41
8713,2025-09-01,1534.91
8713,2025-09-08,1579.01
8713,2025-09-15,1551.21
8713,2025-09-22,1594.35
8713,2025-09-29,1544.82
8713,2025-10-06,1520.3
8713,2025-10-13,1524.22
8713,2025-10-20,1556.59
8713,2025-10-27,1623.29
8713,2025-11-03,1628.19
8713,2025-11-10,1636.04
8713,2025-11-17,1672.33
8713,2025-11-24,1715.49
8713,2025-12-01,1738.04
8713,2025-12-08,1756.68
8713,2025-12-15,1800.82
8713,2025-12-22,1835.15
8713,2025-12-29,1865.55
8713,2026-01-05,1984.24
8713,2026-01-12,2041.12
8713,2026-01-19,2022.49
8713,2026-01-26,1963.64
8713,2026-02-02,2131.36
8713,2026-02-09,2156.86
8713,2026-02-16,2142.15
8713,2026-02-23,2148.04
8713,2026-03-02,1959.71
8713,2026-03-09,1890.07
8713,2026-03-16,1873.4
8713,2026-03-23,1919.5
8713,2026-03-30,1909.0
8713,2026-04-06,1942.0
8713,2026-04-13,2023.0
8713,2026-04-20,1892.0
8713,2026-04-27,1916.0
8713,2026-05-04,1986.0
8713,2026-05-11,1944.0
8713,2026-05-18,2011.0
8713,2026-05-25,1944.0
8713,2026-06-01,1956.0
8713,2026-06-08,2038.0
8713,2026-06-15,1953.0
8713,2026-06-22,1910.0
8713,2026-06-29,2005.0
8713,2026-07-06,2034.0
8713,2026-07-13,2010.0
8713,2026-07-20,2132.0
8713,2026-07-27,2160.0
8713,2026-08-03,2454.0
8713,2026-08-10,2628.0
8714,2025-08-18,637.03
8714,2025-08-25,627.35
8714,2025-09-01,619.61
8714,2025-09-08,619.61
8714,2025-09-15,605.08
8714,2025-09-22,629.29
8714,2025-09-29,635.68
8714,2025-10-06,628.8
8714,2025-10-13,628.8
8714,2025-10-20,636.67
8714,2025-10-27,654.38
8714,2025-11-03,661.27
8714,2025-11-10,689.81
8714,2025-11-17,722.28
8714,2025-11-24,769.51
8714,2025-12-01,770.5
8714,2025-12-08,761.64
8714,2025-12-15,771.48
8714,2025-12-22,762.62
8714,2025-12-29,778.37
8714,2026-01-05,810.84
8714,2026-01-12,849.22
8714,2026-01-19,849.22
8714,2026-01-26,802.97
8714,2026-02-02,879.72
8714,2026-02-09,906.29
8714,2026-02-16,922.04
8714,2026-02-23,908.26
8714,2026-03-02,829.54
8714,2026-03-09,781.32
8714,2026-03-16,774.43
8714,2026-03-23,893.5
8714,2026-03-30,915.0
8714,2026-04-06,999.0
8714,2026-04-13,936.0
8714,2026-04-20,898.0
8714,2026-04-27,917.0
8714,2026-05-04,914.0
8714,2026-05-11,955.0
8714,2026-05-18,971.0
8714,2026-05-25,964.0
8714,2026-06-01,993.0
8714,2026-06-08,1009.0
8714,2026-06-15,979.0
8714,2026-06-22,975.0
8714,2026-06-29,1016.0
8714,2026-07-06,1010.0
8714,2026-07-13,985.0
8714,2026-07-20,1047.0
8714,2026-07-27,946.0
8714,2026-08-03,1031.0
8714,2026-08-10,1099.0
8876,2025-08-18,1752.31
8876,2025-08-25,1683.8
8876,2025-09-01,1668.85
8876,2025-09-08,1712.27
8876,2025-09-15,1748.45
8876,2025-09-22,1771.61
8876,2025-09-29,1631.21
8876,2025-10-06,1633.14
8876,2025-10-13,1616.74
8876,2025-10-20,1621.08
8876,2025-10-27,1599.85
8876,2025-11-03,1597.92
8876,2025-11-10,1715.16
8876,2025-11-17,1664.99
8876,2025-11-24,1654.86
8876,2025-12-01,1615.78
8876,2025-12-08,1623.49
8876,2025-12-15,1665.47
8876,2025-12-22,1677.05
8876,2025-12-29,1655.34
8876,2026-01-05,1692.49
8876,2026-01-12,1731.57
8876,2026-01-19,1747.01
8876,2026-01-26,1690.56
8876,2026-02-02,1724.81
8876,2026-02-09,1772.58
8876,2026-02-16,1785.6
8876,2026-02-23,1858.46
8876,2026-03-02,1860.87
8876,2026-03-09,1852.67
8876,2026-03-16,1891.26
8876,2026-03-23,1898.5
8876,2026-03-30,1998.0
8876,2026-04-06,1945.0
8876,2026-04-13,1974.0
8876,2026-04-20,1958.0
8876,2026-04-27,1927.0
8876,2026-05-04,1916.0
8876,2026-05-11,2034.5
8876,2026-05-18,1970.5
8876,2026-05-25,1841.5
8876,2026-06-01,1804.0
8876,2026-06-08,1816.0
8876,2026-06-15,1781.5
8876,2026-06-22,1887.0
8876,2026-06-29,2058.0
8876,2026-07-06,2089.0
8876,2026-07-13,2013.0
8876,2026-07-20,2000.5
8876,2026-07-27,2014.0
8876,2026-08-03,2132.5
8876,2026-08-10,2169.0
8897,2025-08-18,375.81
8897,2025-08-25,373.92
8897,2025-09-01,377.71
8897,2025-09-08,379.61
8897,2025-09-15,376.76
8897,2025-09-22,381.51
8897,2025-09-29,369.98
8897,2025-10-06,367.09
8897,2025-10-13,371.9
8897,2025-10-20,369.98
8897,2025-10-27,365.17
8897,2025-11-03,369.01
8897,2025-11-10,370.94
8897,2025-11-17,369.98
8897,2025-11-24,371.9
8897,2025-12-01,360.37
8897,2025-12-08,362.29
8897,2025-12-15,366.13
8897,2025-12-22,370.94
8897,2025-12-29,371.9
8897,2026-01-05,380.55
8897,2026-01-12,384.39
8897,2026-01-19,377.66
8897,2026-01-26,378.62
8897,2026-02-02,382.47
8897,2026-02-09,397.84
8897,2026-02-16,394.96
8897,2026-02-23,406.49
8897,2026-03-02,397.84
8897,2026-03-09,392.08
8897,2026-03-16,391.12
8897,2026-03-23,394.0
8897,2026-03-30,421.0
8897,2026-04-06,426.0
8897,2026-04-13,424.0
8897,2026-04-20,401.0
8897,2026-04-27,398.0
8897,2026-05-04,401.0
8897,2026-05-11,394.0
8897,2026-05-18,422.0
8897,2026-05-25,414.0
8897,2026-06-01,410.0
8897,2026-06-08,411.0
8897,2026-06-15,404.0
8897,2026-06-22,401.0
8897,2026-06-29,404.0
8897,2026-07-06,411.0
8897,2026-07-13,411.0
8897,2026-07-20,410.0
8897,2026-07-27,411.0
8897,2026-08-03,411.0
8897,2026-08-10,452.0
9069,2025-08-18,1982.09
9069,2025-08-25,1969.42
9069,2025-09-01,1991.83
9069,2025-09-08,2058.1
9069,2025-09-15,2026.91
9069,2025-09-22,2054.2
9069,2025-09-29,1964.46
9069,2025-10-06,1995.03
9069,2025-10-13,2002.92
9069,2025-10-20,2039.4
9069,2025-10-27,1984.18
9069,2025-11-03,2003.9
9069,2025-11-10,1736.16
9069,2025-11-17,1842.17
9069,2025-11-24,1922.54
9069,2025-12-01,1836.25
9069,2025-12-08,1840.2
9069,2025-12-15,1906.27
9069,2025-12-22,1937.34
9069,2025-12-29,1926.49
9069,2026-01-05,1998.48
9069,2026-01-12,2107.45
9069,2026-01-19,2043.84
9069,2026-01-26,1896.9
9069,2026-02-02,1938.82
9069,2026-02-09,1916.63
9069,2026-02-16,1899.86
9069,2026-02-23,1941.77
9069,2026-03-02,1840.69
9069,2026-03-09,1769.19
9069,2026-03-16,1768.21
9069,2026-03-23,1783.0
9069,2026-03-30,1867.0
9069,2026-04-06,1876.0
9069,2026-04-13,1886.0
9069,2026-04-20,1854.5
9069,2026-04-27,1828.0
9069,2026-05-04,1869.0
9069,2026-05-11,2031.5
9069,2026-05-18,1966.5
9069,2026-05-25,1906.5
9069,2026-06-01,1907.5
9069,2026-06-08,1922.5
9069,2026-06-15,1883.5
9069,2026-06-22,1921.5
9069,2026-06-29,1974.0
9069,2026-07-06,2052.0
9069,2026-07-13,2195.0
9069,2026-07-20,2187.5
9069,2026-07-27,2205.5
9069,2026-08-03,2248.0
9069,2026-08-10,2296.5
9076,2025-08-18,2222.09
9076,2025-08-25,2201.99
9076,2025-09-01,2205.82
9076,2025-09-08,2183.8
9076,2025-09-15,2134.49
9076,2025-09-22,2171.83
9076,2025-09-29,2086.93
9076,2025-10-06,2108.4
9076,2025-10-13,2116.69
9076,2025-10-20,2154.75
9076,2025-10-27,2125.48
9076,2025-11-03,2129.87
9076,2025-11-10,2164.02
9076,2025-11-17,2175.73
9076,2025-11-24,2199.16
9076,2025-12-01,2220.63
9076,2025-12-08,2275.27
9076,2025-12-15,2291.86
9076,2025-12-22,2291.86
9076,2025-12-29,2299.18
9076,2026-01-05,2342.12
9076,2026-01-12,2350.91
9076,2026-01-19,2394.82
9076,2026-01-26,2349.93
9076,2026-02-02,2411.9
9076,2026-02-09,2458.74
9076,2026-02-16,2543.64
9076,2026-02-23,2601.22
9076,2026-03-02,2545.11
9076,2026-03-09,2433.86
9076,2026-03-16,2396.77
9076,2026-03-23,2468.5
9076,2026-03-30,2491.5
9076,2026-04-06,2507.0
9076,2026-04-13,2476.0
9076,2026-04-20,2451.5
9076,2026-04-27,2391.5
9076,2026-05-04,2442.5
9076,2026-05-11,2547.0
9076,2026-05-18,2569.0
9076,2026-05-25,2724.0
9076,2026-06-01,2685.5
9076,2026-06-08,2709.0
9076,2026-06-15,2619.0
9076,2026-06-22,2619.5
9076,2026-06-29,2646.5
9076,2026-07-06,2652.5
9076,2026-07-13,2704.5
9076,2026-07-20,2705.5
9076,2026-07-27,2634.0
9076,2026-08-03,2692.0
9076,2026-08-10,2774.0
9147,2025-08-18,3169.62
9147,2025-08-25,3154.99
9147,2025-09-01,3300.3
9147,2025-09-08,3366.62
9147,2025-09-15,3316.88
9147,2025-09-22,3286.65
9147,2025-09-29,3195.95
9147,2025-10-06,3317.86
9147,2025-10-13,3262.27
9147,2025-10-20,3246.67
9147,2025-10-27,3195.95
9147,2025-11-03,3218.38
9147,2025-11-10,3253.49
9147,2025-11-17,3166.69
9147,2025-11-24,3230.09
9147,2025-12-01,3133.53
9147,2025-12-08,3187.17
9147,2025-12-15,3249.59
9147,2025-12-22,3257.39
9147,2025-12-29,3317.79
9147,2026-01-05,3419.77
9147,2026-01-12,3484.12
9147,2026-01-19,3422.74
9147,2026-01-26,3472.24
9147,2026-02-02,3639.57
9147,2026-02-09,3614.82
9147,2026-02-16,3633.63
9147,2026-02-23,3811.84
9147,2026-03-02,3734.62
9147,2026-03-09,3625.71
9147,2026-03-16,3603.92
9147,2026-03-23,3556.4
9147,2026-03-30,3733.63
9147,2026-04-06,3755.41
9147,2026-04-13,3808.87
9147,2026-04-20,3757.39
9147,2026-04-27,4080.16
9147,2026-05-04,4324.71
9147,2026-05-11,4663.32
9147,2026-05-18,4848.47
9147,2026-05-25,5206.88
9147,2026-06-01,5110.84
9147,2026-06-08,5015.79
9147,2026-06-15,5139.55
9147,2026-06-22,4995.0
9147,2026-06-29,5426.0
9147,2026-07-06,5323.0
9147,2026-07-13,5385.0
9147,2026-07-20,5493.0
9147,2026-07-27,5278.0
9147,2026-08-03,5200.0
9147,2026-08-10,5592.0
9450,2025-08-18,726.67
9450,2025-08-25,691.06
9450,2025-09-01,680.47
9450,2025-09-08,695.87
9450,2025-09-15,719.94
9450,2025-09-22,711.27
9450,2025-09-29,668.92
9450,2025-10-06,659.3
9450,2025-10-13,673.74
9450,2025-10-20,674.7
9450,2025-10-27,668.92
9450,2025-11-03,665.07
9450,2025-11-10,657.37
9450,2025-11-17,655.45
9450,2025-11-24,664.11
9450,2025-12-01,642.94
9450,2025-12-08,640.05
9450,2025-12-15,640.05
9450,2025-12-22,654.49
9450,2025-12-29,666.76
9450,2026-01-05,674.62
9450,2026-01-12,678.55
9450,2026-01-19,672.65
9450,2026-01-26,676.58
9450,2026-02-02,680.51
9450,2026-02-09,677.56
9450,2026-02-16,672.65
9450,2026-02-23,687.38
9450,2026-03-02,672.65
9450,2026-03-09,669.71
9450,2026-03-16,694.26
9450,2026-03-23,701.13
9450,2026-03-30,713.9
9450,2026-04-06,700.15
9450,2026-04-13,718.81
9450,2026-04-20,700.15
9450,2026-04-27,695.24
9450,2026-05-04,694.26
9450,2026-05-11,685.42
9450,2026-05-18,689.35
9450,2026-05-25,682.47
9450,2026-06-01,718.81
9450,2026-06-08,731.57
9450,2026-06-15,719.79
9450,2026-06-22,735.5
9450,2026-06-29,754.0
9450,2026-07-06,778.0
9450,2026-07-13,765.0
9450,2026-07-20,765.0
9450,2026-07-27,784.0
9450,2026-08-03,796.0
9450,2026-08-10,806.0
9633,2025-08-18,1330.13
9633,2025-08-25,1362.74
9633,2025-09-01,1382.5
9633,2025-09-08,1383.49
9633,2025-09-15,1383.49
9633,2025-09-22,1412.15
9633,2025-09-29,1383.49
9633,2025-10-06,1387.44
9633,2025-10-13,1382.5
9633,2025-10-20,1392.38
9633,2025-10-27,1430.92
9633,2025-11-03,1403.25
9633,2025-11-10,1404.24
9633,2025-11-17,1433.89
9633,2025-11-24,1408.2
9633,2025-12-01,1414.12
9633,2025-12-08,1417.09
9633,2025-12-15,1418.08
9633,2025-12-22,1469.46
9633,2025-12-29,1507.02
9633,2026-01-05,1474.41
9633,2026-01-12,1468.48
9633,2026-01-19,1475.39
9633,2026-01-26,1481.32
9633,2026-02-02,1481.32
9633,2026-02-09,1485.28
9633,2026-02-16,1508.99
9633,2026-02-23,1569.27
9633,2026-03-02,1606.83
9633,2026-03-09,1679.95
9633,2026-03-16,1677.98
9633,2026-03-23,1676.0
9633,2026-03-30,1647.0
9633,2026-04-06,1601.0
9633,2026-04-13,1578.0
9633,2026-04-20,1550.0
9633,2026-04-27,1570.0
9633,2026-05-04,1579.0
9633,2026-05-11,1633.0
9633,2026-05-18,1616.0
9633,2026-05-25,1672.0
9633,2026-06-01,1643.0
9633,2026-06-08,1659.0
9633,2026-06-15,1608.0
9633,2026-06-22,1617.0
9633,2026-06-29,1625.0
9633,2026-07-06,1631.0
9633,2026-07-13,1635.0
9633,2026-07-20,1638.0
9633,2026-07-27,1633.0
9633,2026-08-03,1646.0
9633,2026-08-10,1714.0
9739,2025-08-18,2554.96
9739,2025-08-25,2496.03
9739,2025-09-01,2454.21
9739,2025-09-08,2465.62
9739,2025-09-15,2428.55
9739,2025-09-22,2494.13
9739,2025-09-29,2424.64
9739,2025-10-06,2486.41
9739,2025-10-13,2483.51
9739,2025-10-20,2546.25
9739,2025-10-27,2398.57
9739,2025-11-03,2426.57
9739,2025-11-10,2387.96
9739,2025-11-17,2422.7
9739,2025-11-24,2485.44
9739,2025-12-01,2399.54
9739,2025-12-08,2393.75
9739,2025-12-15,2422.7
9739,2025-12-22,2436.22
9739,2025-12-29,2441.04
9739,2026-01-05,2466.14
9739,2026-01-12,2462.28
9739,2026-01-19,2455.52
9739,2026-01-26,2383.13
9739,2026-02-02,2402.43
9739,2026-02-09,2305.91
9739,2026-02-16,2298.19
9739,2026-02-23,2381.2
9739,2026-03-02,2270.2
9739,2026-03-09,2290.47
9739,2026-03-16,2274.06
9739,2026-03-23,2359.0
9739,2026-03-30,2506.0
9739,2026-04-06,2518.0
9739,2026-04-13,2553.0
9739,2026-04-20,2447.0
9739,2026-04-27,2450.0
9739,2026-05-04,2457.0
9739,2026-05-11,2508.0
9739,2026-05-18,2605.0
9739,2026-05-25,2538.0
9739,2026-06-01,2557.0
9739,2026-06-08,2449.0
9739,2026-06-15,2529.0
9739,2026-06-22,2542.0
9739,2026-06-29,2525.0
9739,2026-07-06,2511.0
9739,2026-07-13,2524.0
9739,2026-07-20,2529.0
9739,2026-07-27,2498.0
9739,2026-08-03,2521.0
9739,2026-08-10,2667.0
9900,2025-08-18,1878.79
9900,2025-08-25,1881.78
9900,2025-09-01,1891.74
9900,2025-09-08,1855.86
9900,2025-09-15,1867.82
9900,2025-09-22,1952.54
9900,2025-09-29,1789.08
9900,2025-10-06,1736.26
9900,2025-10-13,1756.19
9900,2025-10-20,1710.34
9900,2025-10-27,1664.49
9900,2025-11-03,1724.3
9900,2025-11-10,1722.3
9900,2025-11-17,1814.0
9900,2025-11-24,1846.89
9900,2025-12-01,1818.98
9900,2025-12-08,1866.83
9900,2025-12-15,1884.77
9900,2025-12-22,1868.82
9900,2025-12-29,1891.74
9900,2026-01-05,1894.73
9900,2026-01-12,1923.64
9900,2026-01-19,1926.63
9900,2026-01-26,1923.64
9900,2026-02-02,1967.49
9900,2026-02-09,1929.62
9900,2026-02-16,1874.8
9900,2026-02-23,1892.74
9900,2026-03-02,1846.89
9900,2026-03-09,1774.13
9900,2026-03-16,1785.1
9900,2026-03-23,1814.0
9900,2026-03-30,1848.0
9900,2026-04-06,1835.0
9900,2026-04-13,1795.0
9900,2026-04-20,1716.0
9900,2026-04-27,1727.0
9900,2026-05-04,1704.0
9900,2026-05-11,1754.0
9900,2026-05-18,1717.0
9900,2026-05-25,1672.0
9900,2026-06-01,1529.0
9900,2026-06-08,1620.0
9900,2026-06-15,1578.0
9900,2026-06-22,1613.0
9900,2026-06-29,1646.0
9900,2026-07-06,1753.0
9900,2026-07-13,1794.0
9900,2026-07-20,1921.0
9900,2026-07-27,2075.0
9900,2026-08-03,2193.0
9900,2026-08-10,2184.0
