code,date,close
2146,2025-09-01,171.72
2146,2025-09-08,170.17
2146,2025-09-15,170.91
2146,2025-09-22,173.34
2146,2025-09-29,172.11
2146,2025-10-06,173.31
2146,2025-10-13,172.55
2146,2025-10-20,174.38
2146,2025-10-27,173.44
2146,2025-11-03,174.83
2146,2025-11-10,168.45
2146,2025-11-17,170.6
2146,2025-11-24,176.97
2146,2025-12-01,171.92
2146,2025-12-08,180.57
2146,2025-12-15,183.41
2146,2025-12-22,187.57
2146,2025-12-29,190.83
2146,2026-01-05,196.58
2146,2026-01-12,208.09
2146,2026-01-19,209.05
2146,2026-01-26,197.54
2146,2026-02-02,203.29
2146,2026-02-09,192.75
2146,2026-02-16,193.7
2146,2026-02-23,206.17
2146,2026-03-02,200.42
2146,2026-03-09,186.99
2146,2026-03-16,187.95
2146,2026-03-23,194.66
2146,2026-03-30,192.71
2146,2026-04-06,188.79
2146,2026-04-13,185.86
2146,2026-04-20,179.01
2146,2026-04-27,178.03
2146,2026-05-04,179.99
2146,2026-05-11,178.03
2146,2026-05-18,170.21
2146,2026-05-25,175.1
2146,2026-06-01,173.14
2146,2026-06-08,170.21
2146,2026-06-15,171.19
2146,2026-06-22,169.23
2146,2026-06-29,177.0
2146,2026-07-06,179.0
2146,2026-07-13,181.0
2146,2026-07-20,181.0
2146,2026-07-27,184.0
2146,2026-08-03,183.0
2146,2026-08-10,223.0
2146,2026-08-17,231.0
2146,2026-08-24,235.0
2170,2025-09-01,538.1
2170,2025-09-08,527.44
2170,2025-09-15,517.74
2170,2025-09-22,527.44
2170,2025-09-29,497.25
2170,2025-10-06,498.23
2170,2025-10-13,486.5
2170,2025-10-20,497.25
2170,2025-10-27,481.62
2170,2025-11-03,481.62
2170,2025-11-10,477.71
2170,2025-11-17,483.57
2170,2025-11-24,499.2
2170,2025-12-01,478.69
2170,2025-12-08,483.57
2170,2025-12-15,496.27
2170,2025-12-22,499.2
2170,2025-12-29,503.24
2170,2026-01-05,518.01
2170,2026-01-12,519.98
2170,2026-01-19,519.98
2170,2026-01-26,495.36
2170,2026-02-02,492.41
2170,2026-02-09,553.47
2170,2026-02-16,508.16
2170,2026-02-23,553.47
2170,2026-03-02,548.54
2170,2026-03-09,547.56
2170,2026-03-16,528.85
2170,2026-03-23,535.74
2170,2026-03-30,602.32
2170,2026-04-06,576.52
2170,2026-04-13,546.75
2170,2026-04-20,520.95
2170,2026-04-27,564.61
2170,2026-05-04,569.58
2170,2026-05-11,527.9
2170,2026-05-18,545.76
2170,2026-05-25,558.66
2170,2026-06-01,558.66
2170,2026-06-08,546.75
2170,2026-06-15,540.8
2170,2026-06-22,527.9
2170,2026-06-29,565.0
2170,2026-07-06,585.0
2170,2026-07-13,597.0
2170,2026-07-20,597.0
2170,2026-07-27,633.0
2170,2026-08-03,640.0
2170,2026-08-10,607.0
2170,2026-08-17,704.0
2170,2026-08-24,718.0
2181,2025-09-01,269.07
2181,2025-09-08,275.94
2181,2025-09-15,266.01
2181,2025-09-22,263.15
2181,2025-09-29,256.62
2181,2025-10-06,258.96
2181,2025-10-13,251.55
2181,2025-10-20,254.87
2181,2025-10-27,249.31
2181,2025-11-03,251.16
2181,2025-11-10,270.65
2181,2025-11-17,280.49
2181,2025-11-24,273.67
2181,2025-12-01,268.7
2181,2025-12-08,273.47
2181,2025-12-15,283.41
2181,2025-12-22,284.68
2181,2025-12-29,283.12
2181,2026-01-05,285.17
2181,2026-01-12,275.91
2181,2026-01-19,274.16
2181,2026-01-26,263.44
2181,2026-02-02,262.08
2181,2026-02-09,252.82
2181,2026-02-16,234.31
2181,2026-02-23,243.37
2181,2026-03-02,237.52
2181,2026-03-09,228.56
2181,2026-03-16,221.25
2181,2026-03-23,227.1
2181,2026-03-30,238.1
2181,2026-04-06,238.9
2181,2026-04-13,241.0
2181,2026-04-20,236.7
2181,2026-04-27,232.7
2181,2026-05-04,236.5
2181,2026-05-11,236.3
2181,2026-05-18,241.2
2181,2026-05-25,242.4
2181,2026-06-01,239.2
2181,2026-06-08,244.2
2181,2026-06-15,238.0
2181,2026-06-22,243.1
2181,2026-06-29,254.2
2181,2026-07-06,255.3
2181,2026-07-13,266.1
2181,2026-07-20,259.9
2181,2026-07-27,263.8
2181,2026-08-03,263.3
2181,2026-08-10,287.9
2181,2026-08-17,291.5
2181,2026-08-24,298.9
2464,2025-09-01,338.34
2464,2025-09-08,337.37
2464,2025-09-15,341.24
2464,2025-09-22,345.12
2464,2025-09-29,341.24
2464,2025-10-06,339.31
2464,2025-10-13,340.27
2464,2025-10-20,337.37
2464,2025-10-27,336.4
2464,2025-11-03,336.4
2464,2025-11-10,337.37
2464,2025-11-17,337.37
2464,2025-11-24,332.52
2464,2025-12-01,329.61
2464,2025-12-08,325.73
2464,2025-12-15,323.79
2464,2025-12-22,325.73
2464,2025-12-29,328.64
2464,2026-01-05,328.64
2464,2026-01-12,326.7
2464,2026-01-19,330.58
2464,2026-01-26,330.58
2464,2026-02-02,330.58
2464,2026-02-09,327.67
2464,2026-02-16,331.55
2464,2026-02-23,333.49
2464,2026-03-02,336.4
2464,2026-03-09,338.34
2464,2026-03-16,334.46
2464,2026-03-23,349.0
2464,2026-03-30,345.0
2464,2026-04-06,344.0
2464,2026-04-13,340.0
2464,2026-04-20,338.0
2464,2026-04-27,339.0
2464,2026-05-04,340.0
2464,2026-05-11,335.0
2464,2026-05-18,334.0
2464,2026-05-25,321.0
2464,2026-06-01,317.0
2464,2026-06-08,315.0
2464,2026-06-15,311.0
2464,2026-06-22,319.0
2464,2026-06-29,317.0
2464,2026-07-06,320.0
2464,2026-07-13,332.0
2464,2026-07-20,334.0
2464,2026-07-27,329.0
2464,2026-08-03,327.0
2464,2026-08-10,349.0
2464,2026-08-17,363.0
2464,2026-08-24,379.0
2484,2025-09-01,174.0
2484,2025-09-08,167.0
2484,2025-09-15,160.0
2484,2025-09-22,169.0
2484,2025-09-29,171.0
2484,2025-10-06,163.0
2484,2025-10-13,159.0
2484,2025-10-20,158.0
2484,2025-10-27,147.0
2484,2025-11-03,149.0
2484,2025-11-10,146.0
2484,2025-11-17,140.0
2484,2025-11-24,146.0
2484,2025-12-01,142.0
2484,2025-12-08,141.0
2484,2025-12-15,140.0
2484,2025-12-22,131.0
2484,2025-12-29,131.0
2484,2026-01-05,139.0
2484,2026-01-12,133.0
2484,2026-01-19,140.0
2484,2026-01-26,135.0
2484,2026-02-02,134.0
2484,2026-02-09,130.0
2484,2026-02-16,128.0
2484,2026-02-23,143.0
2484,2026-03-02,137.0
2484,2026-03-09,138.0
2484,2026-03-16,133.0
2484,2026-03-23,131.0
2484,2026-03-30,128.0
2484,2026-04-06,126.0
2484,2026-04-13,119.0
2484,2026-04-20,120.0
2484,2026-04-27,123.0
2484,2026-05-04,128.0
2484,2026-05-11,121.0
2484,2026-05-18,120.0
2484,2026-05-25,119.0
2484,2026-06-01,122.0
2484,2026-06-08,119.0
2484,2026-06-15,116.0
2484,2026-06-22,116.0
2484,2026-06-29,124.0
2484,2026-07-06,127.0
2484,2026-07-13,124.0
2484,2026-07-20,137.0
2484,2026-07-27,135.0
2484,2026-08-03,145.0
2484,2026-08-10,143.0
2484,2026-08-17,156.0
2484,2026-08-24,185.0
2489,2025-09-01,297.91
2489,2025-09-08,300.84
2489,2025-09-15,314.51
2489,2025-09-22,318.42
2489,2025-09-29,286.18
2489,2025-10-06,287.16
2489,2025-10-13,278.37
2489,2025-10-20,293.02
2489,2025-10-27,285.21
2489,2025-11-03,288.14
2489,2025-11-10,292.04
2489,2025-11-17,268.6
2489,2025-11-24,269.58
2489,2025-12-01,251.02
2489,2025-12-08,249.07
2489,2025-12-15,269.58
2489,2025-12-22,269.58
2489,2025-12-29,264.0
2489,2026-01-05,270.0
2489,2026-01-12,264.0
2489,2026-01-19,275.0
2489,2026-01-26,263.0
2489,2026-02-02,257.0
2489,2026-02-09,288.0
2489,2026-02-16,282.0
2489,2026-02-23,290.0
2489,2026-03-02,278.0
2489,2026-03-09,268.0
2489,2026-03-16,269.0
2489,2026-03-23,279.0
2489,2026-03-30,271.0
2489,2026-04-06,280.0
2489,2026-04-13,282.0
2489,2026-04-20,278.0
2489,2026-04-27,286.0
2489,2026-05-04,294.0
2489,2026-05-11,286.0
2489,2026-05-18,272.0
2489,2026-05-25,265.0
2489,2026-06-01,272.0
2489,2026-06-08,264.0
2489,2026-06-15,286.0
2489,2026-06-22,284.0
2489,2026-06-29,297.0
2489,2026-07-06,303.0
2489,2026-07-13,309.0
2489,2026-07-20,304.0
2489,2026-07-27,317.0
2489,2026-08-03,311.0
2489,2026-08-10,376.0
2489,2026-08-17,380.0
2489,2026-08-24,419.0
2492,2025-09-01,350.07
2492,2025-09-08,348.1
2492,2025-09-15,345.15
2492,2025-09-22,338.27
2492,2025-09-29,314.67
2492,2025-10-06,316.64
2492,2025-10-13,310.74
2492,2025-10-20,324.5
2492,2025-10-27,322.54
2492,2025-11-03,329.42
2492,2025-11-10,338.27
2492,2025-11-17,346.14
2492,2025-11-24,353.02
2492,2025-12-01,367.77
2492,2025-12-08,392.35
2492,2025-12-15,395.3
2492,2025-12-22,421.86
2492,2025-12-29,420.08
2492,2026-01-05,418.1
2492,2026-01-12,447.82
2492,2026-01-19,456.74
2492,2026-01-26,447.82
2492,2026-02-02,378.47
2492,2026-02-09,361.63
2492,2026-02-16,365.59
2492,2026-02-23,399.28
2492,2026-03-02,416.12
2492,2026-03-09,395.31
2492,2026-03-16,396.3
2492,2026-03-23,426.03
2492,2026-03-30,466.65
2492,2026-04-06,424.04
2492,2026-04-13,464.67
2492,2026-04-20,437.92
2492,2026-04-27,394.32
2492,2026-05-04,417.11
2492,2026-05-11,390.36
2492,2026-05-18,372.53
2492,2026-05-25,387.39
2492,2026-06-01,366.58
2492,2026-06-08,360.64
2492,2026-06-15,399.28
2492,2026-06-22,352.71
2492,2026-06-29,479.0
2492,2026-07-06,490.0
2492,2026-07-13,489.0
2492,2026-07-20,521.0
2492,2026-07-27,569.0
2492,2026-08-03,585.0
2492,2026-08-10,614.0
2492,2026-08-17,590.0
2492,2026-08-24,685.0
2590,2025-09-01,2551.17
2590,2025-09-08,2544.25
2590,2025-09-15,2550.18
2590,2025-09-22,2569.97
2590,2025-09-29,2468.08
2590,2025-10-06,2498.74
2590,2025-10-13,2483.91
2590,2025-10-20,2473.03
2590,2025-10-27,2399.82
2590,2025-11-03,2426.53
2590,2025-11-10,2413.67
2590,2025-11-17,2483.91
2590,2025-11-24,2520.51
2590,2025-12-01,2485.89
2590,2025-12-08,2474.01
2590,2025-12-15,2456.21
2590,2025-12-22,2487.86
2590,2025-12-29,2503.69
2590,2026-01-05,2491.82
2590,2026-01-12,2630.31
2590,2026-01-19,2516.9
2590,2026-01-26,2448.26
2590,2026-02-02,2521.87
2590,2026-02-09,2535.8
2590,2026-02-16,2521.87
2590,2026-02-23,2586.54
2590,2026-03-02,2776.55
2590,2026-03-09,2697.96
2590,2026-03-16,2646.23
2590,2026-03-23,2656.18
2590,2026-03-30,2659.16
2590,2026-04-06,2727.8
2590,2026-04-13,2682.04
2590,2026-04-20,2541.77
2590,2026-04-27,2480.09
2590,2026-05-04,2505.96
2590,2026-05-11,2610.41
2590,2026-05-18,2537.79
2590,2026-05-25,2669.11
2590,2026-06-01,2501.98
2590,2026-06-08,2528.84
2590,2026-06-15,2573.6
2590,2026-06-22,2618.37
2590,2026-06-29,2678.06
2590,2026-07-06,2749.69
2590,2026-07-13,2904.0
2590,2026-07-20,2947.0
2590,2026-07-27,3010.0
2590,2026-08-03,2944.0
2590,2026-08-10,2964.0
2590,2026-08-17,3025.0
2590,2026-08-24,3090.0
2613,2025-09-01,2009.47
2613,2025-09-08,2002.71
2613,2025-09-15,2014.3
2613,2025-09-22,2052.0
2613,2025-09-29,1993.03
2613,2025-10-06,1969.45
2613,2025-10-13,1982.22
2613,2025-10-20,2014.66
2613,2025-10-27,1982.22
2613,2025-11-03,1957.66
2613,2025-11-10,1960.6
2613,2025-11-17,1981.24
2613,2025-11-24,2001.88
2613,2025-12-01,1934.07
2613,2025-12-08,1916.38
2613,2025-12-15,1945.86
2613,2025-12-22,1974.36
2613,2025-12-29,1968.47
2613,2026-01-05,2000.9
2613,2026-01-12,2007.78
2613,2026-01-19,2003.84
2613,2026-01-26,1992.05
2613,2026-02-02,2003.84
2613,2026-02-09,2021.53
2613,2026-02-16,2003.84
2613,2026-02-23,2059.86
2613,2026-03-02,2009.74
2613,2026-03-09,1957.66
2613,2026-03-16,1959.62
2613,2026-03-23,1995.0
2613,2026-03-30,2055.0
2613,2026-04-06,2057.0
2613,2026-04-13,2036.0
2613,2026-04-20,1960.0
2613,2026-04-27,1962.0
2613,2026-05-04,1946.0
2613,2026-05-11,1993.0
2613,2026-05-18,1994.0
2613,2026-05-25,1977.0
2613,2026-06-01,1975.0
2613,2026-06-08,2075.0
2613,2026-06-15,2023.0
2613,2026-06-22,2053.0
2613,2026-06-29,2066.0
2613,2026-07-06,2096.0
2613,2026-07-13,2103.0
2613,2026-07-20,2067.0
2613,2026-07-27,2086.0
2613,2026-08-03,2068.0
2613,2026-08-10,2141.0
2613,2026-08-17,2226.0
2613,2026-08-24,2272.0
2705,2025-09-01,5573.56
2705,2025-09-08,5713.15
2705,2025-09-15,5792.91
2705,2025-09-22,5862.71
2705,2025-09-29,5513.74
2705,2025-10-06,5503.76
2705,2025-10-13,5573.56
2705,2025-10-20,5683.24
2705,2025-10-27,5623.41
2705,2025-11-03,5812.85
2705,2025-11-10,5703.18
2705,2025-11-17,5723.12
2705,2025-11-24,5753.03
2705,2025-12-01,5772.97
2705,2025-12-08,5822.82
2705,2025-12-15,5812.85
2705,2025-12-22,5812.85
2705,2025-12-29,5892.62
2705,2026-01-05,6032.21
2705,2026-01-12,6381.18
2705,2026-01-19,6391.15
2705,2026-01-26,6530.74
2705,2026-02-02,6570.62
2705,2026-02-09,6780.0
2705,2026-02-16,7158.88
2705,2026-02-23,7537.76
2705,2026-03-02,7338.35
2705,2026-03-09,7009.32
2705,2026-03-16,6919.59
2705,2026-03-23,6780.0
2705,2026-03-30,6790.0
2705,2026-04-06,6930.0
2705,2026-04-13,6970.0
2705,2026-04-20,6890.0
2705,2026-04-27,6850.0
2705,2026-05-04,6750.0
2705,2026-05-11,7290.0
2705,2026-05-18,7890.0
2705,2026-05-25,7740.0
2705,2026-06-01,7000.0
2705,2026-06-08,7690.0
2705,2026-06-15,7050.0
2705,2026-06-22,7500.0
2705,2026-06-29,7700.0
2705,2026-07-06,8040.0
2705,2026-07-13,8050.0
2705,2026-07-20,8100.0
2705,2026-07-27,8580.0
2705,2026-08-03,8530.0
2705,2026-08-10,8440.0
2705,2026-08-17,9240.0
2705,2026-08-24,9560.0
2767,2025-09-01,2176.99
2767,2025-09-08,2133.19
2767,2025-09-15,2105.57
2767,2025-09-22,2164.61
2767,2025-09-29,2216.04
2767,2025-10-06,2236.04
2767,2025-10-13,2132.24
2767,2025-10-20,2120.81
2767,2025-10-27,2068.43
2767,2025-11-03,1890.35
2767,2025-11-10,1911.3
2767,2025-11-17,1818.92
2767,2025-11-24,1900.82
2767,2025-12-01,1779.88
2767,2025-12-08,1761.78
2767,2025-12-15,1760.83
2767,2025-12-22,1767.5
2767,2025-12-29,1766.55
2767,2026-01-05,1714.17
2767,2026-01-12,1695.12
2767,2026-01-19,1762.74
2767,2026-01-26,1745.6
2767,2026-02-02,1689.41
2767,2026-02-09,1549.42
2767,2026-02-16,1453.23
2767,2026-02-23,1478.95
2767,2026-03-02,1435.14
2767,2026-03-09,1426.57
2767,2026-03-16,1383.72
2767,2026-03-23,1398.0
2767,2026-03-30,1459.0
2767,2026-04-06,1453.0
2767,2026-04-13,1480.0
2767,2026-04-20,1431.0
2767,2026-04-27,1389.0
2767,2026-05-04,1425.0
2767,2026-05-11,1463.0
2767,2026-05-18,1406.0
2767,2026-05-25,1383.0
2767,2026-06-01,1378.0
2767,2026-06-08,1364.0
2767,2026-06-15,1338.0
2767,2026-06-22,1380.0
2767,2026-06-29,1378.0
2767,2026-07-06,1435.0
2767,2026-07-13,1467.0
2767,2026-07-20,1475.0
2767,2026-07-27,2410.0
2767,2026-08-03,2508.0
2767,2026-08-10,2473.0
2767,2026-08-17,2540.0
2767,2026-08-24,2605.0
2788,2025-09-01,364.0
2788,2025-09-08,357.21
2788,2025-09-15,341.68
2788,2025-09-22,341.68
2788,2025-09-29,337.79
2788,2025-10-06,332.94
2788,2025-10-13,331.97
2788,2025-10-20,338.77
2788,2025-10-27,331.0
2788,2025-11-03,339.74
2788,2025-11-10,331.97
2788,2025-11-17,331.0
2788,2025-11-24,332.94
2788,2025-12-01,332.94
2788,2025-12-08,331.0
2788,2025-12-15,329.06
2788,2025-12-22,331.0
2788,2025-12-29,337.0
2788,2026-01-05,341.0
2788,2026-01-12,347.0
2788,2026-01-19,360.0
2788,2026-01-26,350.0
2788,2026-02-02,343.0
2788,2026-02-09,350.0
2788,2026-02-16,356.0
2788,2026-02-23,361.0
2788,2026-03-02,356.0
2788,2026-03-09,350.0
2788,2026-03-16,347.0
2788,2026-03-23,343.0
2788,2026-03-30,345.0
2788,2026-04-06,348.0
2788,2026-04-13,352.0
2788,2026-04-20,342.0
2788,2026-04-27,339.0
2788,2026-05-04,335.0
2788,2026-05-11,347.0
2788,2026-05-18,377.0
2788,2026-05-25,378.0
2788,2026-06-01,378.0
2788,2026-06-08,369.0
2788,2026-06-15,366.0
2788,2026-06-22,361.0
2788,2026-06-29,379.0
2788,2026-07-06,385.0
2788,2026-07-13,381.0
2788,2026-07-20,382.0
2788,2026-07-27,390.0
2788,2026-08-03,405.0
2788,2026-08-10,400.0
2788,2026-08-17,413.0
2788,2026-08-24,439.0
278A,2025-09-01,4465.0
278A,2025-09-08,4090.0
278A,2025-09-15,3905.0
278A,2025-09-22,3585.0
278A,2025-09-29,3045.0
278A,2025-10-06,3225.0
278A,2025-10-13,3080.0
278A,2025-10-20,3360.0
278A,2025-10-27,3085.0
278A,2025-11-03,3185.0
278A,2025-11-10,3120.0
278A,2025-11-17,3075.0
278A,2025-11-24,3100.0
278A,2025-12-01,2806.0
278A,2025-12-08,2339.0
278A,2025-12-15,2134.0
278A,2025-12-22,2137.0
278A,2025-12-29,2082.0
278A,2026-01-05,3000.0
278A,2026-01-12,2663.0
278A,2026-01-19,2663.0
278A,2026-01-26,2675.0
278A,2026-02-02,2747.0
278A,2026-02-09,2638.0
278A,2026-02-16,2424.0
278A,2026-02-23,2560.0
278A,2026-03-02,2554.0
278A,2026-03-09,2688.0
278A,2026-03-16,2940.0
278A,2026-03-23,4100.0
278A,2026-03-30,4490.0
278A,2026-04-06,4960.0
278A,2026-04-13,6480.0
278A,2026-04-20,7840.0
278A,2026-04-27,10770.0
278A,2026-05-04,13400.0
278A,2026-05-11,12190.0
278A,2026-05-18,11320.0
278A,2026-05-25,9690.0
278A,2026-06-01,8190.0
278A,2026-06-08,8100.0
278A,2026-06-15,7920.0
278A,2026-06-22,7650.0
278A,2026-06-29,8410.0
278A,2026-07-06,10860.0
278A,2026-07-13,13770.0
278A,2026-07-20,12690.0
278A,2026-07-27,10540.0
278A,2026-08-03,12070.0
278A,2026-08-10,12100.0
278A,2026-08-17,13960.0
278A,2026-08-24,21620.0
296A,2025-09-01,630.58
296A,2025-09-08,643.97
296A,2025-09-15,643.02
296A,2025-09-22,630.58
296A,2025-09-29,616.43
296A,2025-10-06,605.7
296A,2025-10-13,631.06
296A,2025-10-20,648.62
296A,2025-10-27,658.37
296A,2025-11-03,650.57
296A,2025-11-10,675.93
296A,2025-11-17,687.64
296A,2025-11-24,696.41
296A,2025-12-01,680.81
296A,2025-12-08,695.44
296A,2025-12-15,736.4
296A,2025-12-22,704.22
296A,2025-12-29,702.27
296A,2026-01-05,698.36
296A,2026-01-12,707.14
296A,2026-01-19,719.82
296A,2026-01-26,685.68
296A,2026-02-02,685.68
296A,2026-02-09,651.55
296A,2026-02-16,651.55
296A,2026-02-23,670.08
296A,2026-03-02,645.69
296A,2026-03-09,635.94
296A,2026-03-16,731.53
296A,2026-03-23,792.0
296A,2026-03-30,823.0
296A,2026-04-06,812.0
296A,2026-04-13,819.0
296A,2026-04-20,760.0
296A,2026-04-27,749.0
296A,2026-05-04,767.0
296A,2026-05-11,772.0
296A,2026-05-18,765.0
296A,2026-05-25,747.0
296A,2026-06-01,759.0
296A,2026-06-08,754.0
296A,2026-06-15,769.0
296A,2026-06-22,756.0
296A,2026-06-29,749.0
296A,2026-07-06,741.0
296A,2026-07-13,751.0
296A,2026-07-20,919.0
296A,2026-07-27,857.0
296A,2026-08-03,873.0
296A,2026-08-10,928.0
296A,2026-08-17,1087.0
296A,2026-08-24,1161.0
3076,2025-09-01,2526.21
3076,2025-09-08,2649.51
3076,2025-09-15,2688.7
3076,2025-09-22,2695.39
3076,2025-09-29,2586.42
3076,2025-10-06,2527.16
3076,2025-10-13,2570.18
3076,2025-10-20,2619.88
3076,2025-10-27,2561.57
3076,2025-11-03,2526.21
3076,2025-11-10,2540.55
3076,2025-11-17,2579.73
3076,2025-11-24,2657.15
3076,2025-12-01,2674.36
3076,2025-12-08,2642.82
3076,2025-12-15,2686.78
3076,2025-12-22,2747.96
3076,2025-12-29,2755.75
3076,2026-01-05,2761.6
3076,2026-01-12,2770.37
3076,2026-01-19,2728.47
3076,2026-01-26,2595.94
3076,2026-02-02,2640.77
3076,2026-02-09,2654.41
3076,2026-02-16,2741.14
3076,2026-02-23,2848.32
3076,2026-03-02,2791.81
3076,2026-03-09,2789.86
3076,2026-03-16,2776.22
3076,2026-03-23,2733.34
3076,2026-03-30,2685.59
3076,2026-04-06,2726.52
3076,2026-04-13,2723.59
3076,2026-04-20,2648.56
3076,2026-04-27,2589.12
3076,2026-05-04,2649.54
3076,2026-05-11,2662.2
3076,2026-05-18,2764.52
3076,2026-05-25,2738.21
3076,2026-06-01,2656.36
3076,2026-06-08,2625.18
3076,2026-06-15,2683.64
3076,2026-06-22,2670.0
3076,2026-06-29,2685.0
3076,2026-07-06,2673.0
3076,2026-07-13,2685.0
3076,2026-07-20,2732.0
3076,2026-07-27,2950.0
3076,2026-08-03,2973.0
3076,2026-08-10,2960.0
3076,2026-08-17,2933.0
3076,2026-08-24,2994.0
3077,2025-09-01,423.0
3077,2025-09-08,405.0
3077,2025-09-15,402.0
3077,2025-09-22,398.0
3077,2025-09-29,371.0
3077,2025-10-06,377.0
3077,2025-10-13,358.0
3077,2025-10-20,363.0
3077,2025-10-27,353.0
3077,2025-11-03,605.0
3077,2025-11-10,604.0
3077,2025-11-17,542.0
3077,2025-11-24,476.0
3077,2025-12-01,443.0
3077,2025-12-08,436.0
3077,2025-12-15,479.0
3077,2025-12-22,467.0
3077,2025-12-29,501.0
3077,2026-01-05,519.0
3077,2026-01-12,539.0
3077,2026-01-19,521.0
3077,2026-01-26,491.0
3077,2026-02-02,473.0
3077,2026-02-09,474.0
3077,2026-02-16,518.0
3077,2026-02-23,558.0
3077,2026-03-02,563.0
3077,2026-03-09,548.0
3077,2026-03-16,533.0
3077,2026-03-23,630.0
3077,2026-03-30,768.0
3077,2026-04-06,850.0
3077,2026-04-13,742.0
3077,2026-04-20,755.0
3077,2026-04-27,773.0
3077,2026-05-04,781.0
3077,2026-05-11,765.0
3077,2026-05-18,830.0
3077,2026-05-25,795.0
3077,2026-06-01,757.0
3077,2026-06-08,722.0
3077,2026-06-15,704.0
3077,2026-06-22,733.0
3077,2026-06-29,812.0
3077,2026-07-06,827.0
3077,2026-07-13,865.0
3077,2026-07-20,906.0
3077,2026-07-27,899.0
3077,2026-08-03,848.0
3077,2026-08-10,885.0
3077,2026-08-17,1021.0
3077,2026-08-24,1216.0
3176,2025-09-01,790.01
3176,2025-09-08,795.8
3176,2025-09-15,795.8
3176,2025-09-22,804.48
3176,2025-09-29,775.03
3176,2025-10-06,748.53
3176,2025-10-13,760.31
3176,2025-10-20,786.32
3176,2025-10-27,779.94
3176,2025-11-03,785.34
3176,2025-11-10,749.51
3176,2025-11-17,743.62
3176,2025-11-24,757.36
3176,2025-12-01,730.37
3176,2025-12-08,723.98
3176,2025-12-15,724.48
3176,2025-12-22,734.78
3176,2025-12-29,732.82
3176,2026-01-05,753.93
3176,2026-01-12,767.67
3176,2026-01-19,772.09
3176,2026-01-26,778.96
3176,2026-02-02,873.2
3176,2026-02-09,887.92
3176,2026-02-16,905.59
3176,2026-02-23,924.74
3176,2026-03-02,849.64
3176,2026-03-09,797.12
3176,2026-03-16,814.79
3176,2026-03-23,803.5
3176,2026-03-30,811.0
3176,2026-04-06,819.0
3176,2026-04-13,802.5
3176,2026-04-20,773.0
3176,2026-04-27,789.5
3176,2026-05-04,784.5
3176,2026-05-11,793.0
3176,2026-05-18,812.0
3176,2026-05-25,790.0
3176,2026-06-01,761.0
3176,2026-06-08,765.0
3176,2026-06-15,763.5
3176,2026-06-22,778.0
3176,2026-06-29,793.0
3176,2026-07-06,815.0
3176,2026-07-13,815.0
3176,2026-07-20,842.0
3176,2026-07-27,865.0
3176,2026-08-03,1069.0
3176,2026-08-10,1170.0
3176,2026-08-17,1115.0
3176,2026-08-24,1193.0
3177,2025-09-01,3306.19
3177,2025-09-08,3282.09
3177,2025-09-15,3286.91
3177,2025-09-22,3306.19
3177,2025-09-29,3257.99
3177,2025-10-06,3243.54
3177,2025-10-13,3229.08
3177,2025-10-20,3296.55
3177,2025-10-27,3248.36
3177,2025-11-03,3248.36
3177,2025-11-10,3277.27
3177,2025-11-17,3339.93
3177,2025-11-24,3339.93
3177,2025-12-01,3277.27
3177,2025-12-08,3335.11
3177,2025-12-15,3335.11
3177,2025-12-22,3344.75
3177,2025-12-29,3441.14
3177,2026-01-05,3441.14
3177,2026-01-12,3667.65
3177,2026-01-19,3662.83
3177,2026-01-26,3614.64
3177,2026-02-02,3725.49
3177,2026-02-09,3807.42
3177,2026-02-16,3711.03
3177,2026-02-23,3685.0
3177,2026-03-02,3600.0
3177,2026-03-09,3550.0
3177,2026-03-16,3415.0
3177,2026-03-23,3465.0
3177,2026-03-30,3435.0
3177,2026-04-06,3515.0
3177,2026-04-13,3605.0
3177,2026-04-20,3675.0
3177,2026-04-27,3625.0
3177,2026-05-04,3505.0
3177,2026-05-11,3505.0
3177,2026-05-18,3575.0
3177,2026-05-25,3405.0
3177,2026-06-01,3290.0
3177,2026-06-08,3440.0
3177,2026-06-15,3410.0
3177,2026-06-22,3545.0
3177,2026-06-29,3530.0
3177,2026-07-06,3595.0
3177,2026-07-13,3880.0
3177,2026-07-20,4085.0
3177,2026-07-27,4075.0
3177,2026-08-03,4190.0
3177,2026-08-10,4235.0
3177,2026-08-17,4310.0
3177,2026-08-24,4420.0
3232,2025-09-01,531.76
3232,2025-09-08,526.92
3232,2025-09-15,543.39
3232,2025-09-22,547.26
3232,2025-09-29,514.84
3232,2025-10-06,511.89
3232,2025-10-13,518.77
3232,2025-10-20,550.21
3232,2025-10-27,528.59
3232,2025-11-03,522.7
3232,2025-11-10,521.72
3232,2025-11-17,521.72
3232,2025-11-24,534.49
3232,2025-12-01,522.7
3232,2025-12-08,527.61
3232,2025-12-15,525.65
3232,2025-12-22,530.56
3232,2025-12-29,530.56
3232,2026-01-05,541.37
3232,2026-01-12,555.12
3232,2026-01-19,561.02
3232,2026-01-26,543.33
3232,2026-02-02,575.76
3232,2026-02-09,572.81
3232,2026-02-16,575.76
3232,2026-02-23,597.37
3232,2026-03-02,570.84
3232,2026-03-09,551.19
3232,2026-03-16,553.16
3232,2026-03-23,562.0
3232,2026-03-30,559.0
3232,2026-04-06,551.0
3232,2026-04-13,547.0
3232,2026-04-20,531.0
3232,2026-04-27,525.0
3232,2026-05-04,527.0
3232,2026-05-11,520.0
3232,2026-05-18,520.0
3232,2026-05-25,519.0
3232,2026-06-01,522.0
3232,2026-06-08,524.0
3232,2026-06-15,526.0
3232,2026-06-22,526.0
3232,2026-06-29,544.0
3232,2026-07-06,547.0
3232,2026-07-13,536.0
3232,2026-07-20,550.0
3232,2026-07-27,554.0
3232,2026-08-03,546.0
3232,2026-08-10,553.0
3232,2026-08-17,572.0
3232,2026-08-24,623.0
3276,2025-09-01,1239.79
3276,2025-09-08,1272.0
3276,2025-09-15,1264.19
3276,2025-09-22,1309.1
3276,2025-09-29,1230.02
3276,2025-10-06,1242.71
3276,2025-10-13,1246.62
3276,2025-10-20,1267.12
3276,2025-10-27,1223.19
3276,2025-11-03,1222.21
3276,2025-11-10,1236.86
3276,2025-11-17,1251.5
3276,2025-11-24,1265.17
3276,2025-12-01,1224.17
3276,2025-12-08,1227.09
3276,2025-12-15,1257.36
3276,2025-12-22,1272.0
3276,2025-12-29,1290.0
3276,2026-01-05,1292.0
3276,2026-01-12,1294.0
3276,2026-01-19,1291.0
3276,2026-01-26,1280.0
3276,2026-02-02,1289.0
3276,2026-02-09,1332.0
3276,2026-02-16,1352.0
3276,2026-02-23,1375.0
3276,2026-03-02,1341.0
3276,2026-03-09,1330.0
3276,2026-03-16,1321.0
3276,2026-03-23,1328.0
3276,2026-03-30,1322.0
3276,2026-04-06,1329.0
3276,2026-04-13,1316.0
3276,2026-04-20,1292.0
3276,2026-04-27,1298.0
3276,2026-05-04,1281.0
3276,2026-05-11,1353.0
3276,2026-05-18,1323.0
3276,2026-05-25,1329.0
3276,2026-06-01,1315.0
3276,2026-06-08,1303.0
3276,2026-06-15,1310.0
3276,2026-06-22,1310.0
3276,2026-06-29,1329.0
3276,2026-07-06,1587.0
3276,2026-07-13,1781.0
3276,2026-07-20,1794.0
3276,2026-07-27,1822.0
3276,2026-08-03,2244.0
3276,2026-08-10,2245.0
3276,2026-08-17,2244.0
3276,2026-08-24,2249.0
3399,2025-09-01,3743.32
3399,2025-09-08,3842.61
3399,2025-09-15,3351.12
3399,2025-09-22,3326.29
3399,2025-09-29,3013.52
3399,2025-10-06,2914.23
3399,2025-10-13,2846.71
3399,2025-10-20,2811.96
3399,2025-10-27,2661.03
3399,2025-11-03,2719.62
3399,2025-11-10,2946.0
3399,2025-11-17,2871.53
3399,2025-11-24,2846.71
3399,2025-12-01,2770.26
3399,2025-12-08,2897.35
3399,2025-12-15,2988.7
3399,2025-12-22,2935.08
3399,2025-12-29,3033.38
3399,2026-01-05,3212.11
3399,2026-01-12,3102.88
3399,2026-01-19,3207.14
3399,2026-01-26,3290.0
3399,2026-02-02,3540.0
3399,2026-02-09,3715.0
3399,2026-02-16,3655.0
3399,2026-02-23,4000.0
3399,2026-03-02,3855.0
3399,2026-03-09,3395.0
3399,2026-03-16,3590.0
3399,2026-03-23,3520.0
3399,2026-03-30,3550.0
3399,2026-04-06,3535.0
3399,2026-04-13,3145.0
3399,2026-04-20,3100.0
3399,2026-04-27,3030.0
3399,2026-05-04,3000.0
3399,2026-05-11,3075.0
3399,2026-05-18,2957.0
3399,2026-05-25,3175.0
3399,2026-06-01,3150.0
3399,2026-06-08,3255.0
3399,2026-06-15,3510.0
3399,2026-06-22,3245.0
3399,2026-06-29,3365.0
3399,2026-07-06,3370.0
3399,2026-07-13,3715.0
3399,2026-07-20,3675.0
3399,2026-07-27,3480.0
3399,2026-08-03,3580.0
3399,2026-08-10,3780.0
3399,2026-08-17,3830.0
3399,2026-08-24,4050.0
3563,2025-09-01,3949.66
3563,2025-09-08,3892.91
3563,2025-09-15,3931.24
3563,2025-09-22,4105.5
3563,2025-09-29,3545.0
3563,2025-10-06,3463.5
3563,2025-10-13,3554.5
3563,2025-10-20,3661.0
3563,2025-10-27,3757.5
3563,2025-11-03,4009.0
3563,2025-11-10,3919.0
3563,2025-11-17,3416.5
3563,2025-11-24,3515.0
3563,2025-12-01,3803.5
3563,2025-12-08,3835.0
3563,2025-12-15,3840.0
3563,2025-12-22,3913.0
3563,2025-12-29,3956.5
3563,2026-01-05,4371.0
3563,2026-01-12,4209.5
3563,2026-01-19,4438.0
3563,2026-01-26,4235.5
3563,2026-02-02,4716.5
3563,2026-02-09,4670.0
3563,2026-02-16,4657.0
3563,2026-02-23,5032.5
3563,2026-03-02,4630.0
3563,2026-03-09,4820.0
3563,2026-03-16,4755.0
3563,2026-03-23,4876.5
3563,2026-03-30,4875.5
3563,2026-04-06,4794.0
3563,2026-04-13,4628.0
3563,2026-04-20,4559.5
3563,2026-04-27,4581.0
3563,2026-05-04,5150.0
3563,2026-05-11,5170.0
3563,2026-05-18,5412.5
3563,2026-05-25,5437.5
3563,2026-06-01,4943.5
3563,2026-06-08,4993.5
3563,2026-06-15,4625.0
3563,2026-06-22,4984.5
3563,2026-06-29,4643.0
3563,2026-07-06,4806.0
3563,2026-07-13,5409.0
3563,2026-07-20,5428.0
3563,2026-07-27,5559.0
3563,2026-08-03,5672.0
3563,2026-08-10,5861.0
3563,2026-08-17,5549.0
3563,2026-08-24,5990.0
3623,2025-09-01,1130.93
3623,2025-09-08,1086.12
3623,2025-09-15,1119.24
3623,2025-09-22,1109.5
3623,2025-09-29,1090.99
3623,2025-10-06,1113.39
3623,2025-10-13,1108.52
3623,2025-10-20,1088.07
3623,2025-10-27,1033.52
3623,2025-11-03,1029.62
3623,2025-11-10,1068.58
3623,2025-11-17,966.3
3623,2025-11-24,1003.32
3623,2025-12-01,974.1
3623,2025-12-08,971.17
3623,2025-12-15,969.23
3623,2025-12-22,970.2
3623,2025-12-29,991.0
3623,2026-01-05,999.0
3623,2026-01-12,1002.0
3623,2026-01-19,999.0
3623,2026-01-26,979.0
3623,2026-02-02,984.0
3623,2026-02-09,1009.0
3623,2026-02-16,1123.0
3623,2026-02-23,1154.0
3623,2026-03-02,1104.0
3623,2026-03-09,1068.0
3623,2026-03-16,1054.0
3623,2026-03-23,1054.0
3623,2026-03-30,1054.0
3623,2026-04-06,1078.0
3623,2026-04-13,1111.0
3623,2026-04-20,1086.0
3623,2026-04-27,1084.0
3623,2026-05-04,1082.0
3623,2026-05-11,1026.0
3623,2026-05-18,1022.0
3623,2026-05-25,1019.0
3623,2026-06-01,996.0
3623,2026-06-08,1001.0
3623,2026-06-15,1002.0
3623,2026-06-22,1050.0
3623,2026-06-29,1051.0
3623,2026-07-06,1033.0
3623,2026-07-13,1011.0
3623,2026-07-20,1000.0
3623,2026-07-27,1035.0
3623,2026-08-03,1053.0
3623,2026-08-10,1034.0
3623,2026-08-17,1222.0
3623,2026-08-24,1277.0
3793,2025-09-01,481.0
3793,2025-09-08,476.0
3793,2025-09-15,470.0
3793,2025-09-22,473.0
3793,2025-09-29,459.0
3793,2025-10-06,455.0
3793,2025-10-13,452.0
3793,2025-10-20,464.0
3793,2025-10-27,460.0
3793,2025-11-03,450.0
3793,2025-11-10,455.0
3793,2025-11-17,434.0
3793,2025-11-24,446.0
3793,2025-12-01,415.0
3793,2025-12-08,415.0
3793,2025-12-15,410.0
3793,2025-12-22,396.0
3793,2025-12-29,400.0
3793,2026-01-05,417.0
3793,2026-01-12,436.0
3793,2026-01-19,431.0
3793,2026-01-26,449.0
3793,2026-02-02,407.0
3793,2026-02-09,398.0
3793,2026-02-16,412.0
3793,2026-02-23,409.0
3793,2026-03-02,403.0
3793,2026-03-09,403.0
3793,2026-03-16,400.0
3793,2026-03-23,403.0
3793,2026-03-30,401.0
3793,2026-04-06,408.0
3793,2026-04-13,432.0
3793,2026-04-20,408.0
3793,2026-04-27,405.0
3793,2026-05-04,414.0
3793,2026-05-11,459.0
3793,2026-05-18,440.0
3793,2026-05-25,420.0
3793,2026-06-01,417.0
3793,2026-06-08,393.0
3793,2026-06-15,398.0
3793,2026-06-22,393.0
3793,2026-06-29,417.0
3793,2026-07-06,418.0
3793,2026-07-13,417.0
3793,2026-07-20,425.0
3793,2026-07-27,440.0
3793,2026-08-03,456.0
3793,2026-08-10,463.0
3793,2026-08-17,491.0
3793,2026-08-24,521.0
3907,2025-09-01,961.98
3907,2025-09-08,985.68
3907,2025-09-15,973.83
3907,2025-09-22,1034.07
3907,2025-09-29,965.93
3907,2025-10-06,957.04
3907,2025-10-13,857.28
3907,2025-10-20,849.38
3907,2025-10-27,893.83
3907,2025-11-03,868.15
3907,2025-11-10,847.41
3907,2025-11-17,769.38
3907,2025-11-24,796.0
3907,2025-12-01,774.0
3907,2025-12-08,755.0
3907,2025-12-15,742.0
3907,2025-12-22,738.0
3907,2025-12-29,769.0
3907,2026-01-05,794.0
3907,2026-01-12,736.0
3907,2026-01-19,725.0
3907,2026-01-26,712.0
3907,2026-02-02,709.0
3907,2026-02-09,692.0
3907,2026-02-16,688.0
3907,2026-02-23,684.0
3907,2026-03-02,692.0
3907,2026-03-09,698.0
3907,2026-03-16,680.0
3907,2026-03-23,673.0
3907,2026-03-30,688.0
3907,2026-04-06,686.0
3907,2026-04-13,602.0
3907,2026-04-20,592.0
3907,2026-04-27,569.0
3907,2026-05-04,579.0
3907,2026-05-11,952.0
3907,2026-05-18,1270.0
3907,2026-05-25,1397.0
3907,2026-06-01,1235.0
3907,2026-06-08,930.0
3907,2026-06-15,849.0
3907,2026-06-22,943.0
3907,2026-06-29,899.0
3907,2026-07-06,928.0
3907,2026-07-13,654.0
3907,2026-07-20,1110.0
3907,2026-07-27,1004.0
3907,2026-08-03,1673.0
3907,2026-08-10,1595.0
3907,2026-08-17,1746.0
3907,2026-08-24,2635.0
3932,2025-09-01,2747.27
3932,2025-09-08,2792.39
3932,2025-09-15,2692.55
3932,2025-09-22,2683.92
3932,2025-09-29,2635.94
3932,2025-10-06,2615.37
3932,2025-10-13,2548.79
3932,2025-10-20,2567.39
3932,2025-10-27,2575.23
3932,2025-11-03,2597.75
3932,2025-11-10,2596.77
3932,2025-11-17,2565.44
3932,2025-11-24,2631.04
3932,2025-12-01,2527.25
3932,2025-12-08,2582.08
3932,2025-12-15,2678.04
3932,2025-12-22,2608.52
3932,2025-12-29,2596.77
3932,2026-01-05,2606.56
3932,2026-01-12,2620.27
3932,2026-01-19,2609.5
3932,2026-01-26,2493.96
3932,2026-02-02,2449.89
3932,2026-02-09,2659.44
3932,2026-02-16,2991.38
3932,2026-02-23,3015.86
3932,2026-03-02,2991.38
3932,2026-03-09,3045.23
3932,2026-03-16,2962.0
3932,2026-03-23,2821.0
3932,2026-03-30,2824.0
3932,2026-04-06,2785.0
3932,2026-04-13,2896.0
3932,2026-04-20,2808.0
3932,2026-04-27,2726.0
3932,2026-05-04,2811.0
3932,2026-05-11,2994.0
3932,2026-05-18,3320.0
3932,2026-05-25,3160.0
3932,2026-06-01,3065.0
3932,2026-06-08,2914.0
3932,2026-06-15,2827.0
3932,2026-06-22,2874.0
3932,2026-06-29,3085.0
3932,2026-07-06,2915.0
3932,2026-07-13,2882.0
3932,2026-07-20,2905.0
3932,2026-07-27,3050.0
3932,2026-08-03,3200.0
3932,2026-08-10,3360.0
3932,2026-08-17,3730.0
3932,2026-08-24,3870.0
3950,2025-09-01,1135.33
3950,2025-09-08,1131.44
3950,2025-09-15,1167.38
3950,2025-09-22,1169.32
3950,2025-09-29,1164.46
3950,2025-10-06,1180.0
3950,2025-10-13,1194.57
3950,2025-10-20,1204.28
3950,2025-10-27,1166.4
3950,2025-11-03,1170.29
3950,2025-11-10,1222.73
3950,2025-11-17,1222.73
3950,2025-11-24,1266.44
3950,2025-12-01,1220.79
3950,2025-12-08,1223.7
3950,2025-12-15,1231.47
3950,2025-12-22,1273.24
3950,2025-12-29,1275.21
3950,2026-01-05,1284.1
3950,2026-01-12,1290.03
3950,2026-01-19,1291.02
3950,2026-01-26,1279.16
3950,2026-02-02,1297.93
3950,2026-02-09,1331.51
3950,2026-02-16,1276.2
3950,2026-02-23,1321.64
3950,2026-03-02,1321.64
3950,2026-03-09,1303.86
3950,2026-03-16,1312.75
3950,2026-03-23,1308.79
3950,2026-03-30,1334.48
3950,2026-04-06,1340.4
3950,2026-04-13,1337.44
3950,2026-04-20,1275.21
3950,2026-04-27,1290.03
3950,2026-05-04,1314.72
3950,2026-05-11,1307.81
3950,2026-05-18,1321.64
3950,2026-05-25,1278.17
3950,2026-06-01,1226.81
3950,2026-06-08,1304.84
3950,2026-06-15,1343.37
3950,2026-06-22,1373.0
3950,2026-06-29,1358.0
3950,2026-07-06,1343.0
3950,2026-07-13,1421.0
3950,2026-07-20,1448.0
3950,2026-07-27,1451.0
3950,2026-08-03,1457.0
3950,2026-08-10,1467.0
3950,2026-08-17,1509.0
3950,2026-08-24,1527.0
3965,2025-09-01,889.23
3965,2025-09-08,870.66
3965,2025-09-15,858.94
3965,2025-09-22,869.69
3965,2025-09-29,794.13
3965,2025-10-06,797.09
3965,2025-10-13,790.18
3965,2025-10-20,789.19
3965,2025-10-27,786.22
3965,2025-11-03,774.37
3965,2025-11-10,797.09
3965,2025-11-17,771.41
3965,2025-11-24,782.27
3965,2025-12-01,734.86
3965,2025-12-08,758.57
3965,2025-12-15,814.87
3965,2025-12-22,794.13
3965,2025-12-29,819.81
3965,2026-01-05,821.78
3965,2026-01-12,833.64
3965,2026-01-19,845.49
3965,2026-01-26,785.24
3965,2026-02-02,790.18
3965,2026-02-09,808.94
3965,2026-02-16,839.56
3965,2026-02-23,845.49
3965,2026-03-02,842.52
3965,2026-03-09,839.56
3965,2026-03-16,829.68
3965,2026-03-23,844.5
3965,2026-03-30,838.0
3965,2026-04-06,849.0
3965,2026-04-13,839.0
3965,2026-04-20,863.0
3965,2026-04-27,852.0
3965,2026-05-04,852.0
3965,2026-05-11,870.0
3965,2026-05-18,825.0
3965,2026-05-25,822.0
3965,2026-06-01,796.0
3965,2026-06-08,824.0
3965,2026-06-15,827.0
3965,2026-06-22,824.0
3965,2026-06-29,859.0
3965,2026-07-06,860.0
3965,2026-07-13,867.0
3965,2026-07-20,866.0
3965,2026-07-27,860.0
3965,2026-08-03,877.0
3965,2026-08-10,878.0
3965,2026-08-17,880.0
3965,2026-08-24,919.0
3994,2025-09-01,6248.0
3994,2025-09-08,6192.0
3994,2025-09-15,6121.0
3994,2025-09-22,6023.0
3994,2025-09-29,5526.0
3994,2025-10-06,5508.0
3994,2025-10-13,5106.0
3994,2025-10-20,4790.0
3994,2025-10-27,4500.0
3994,2025-11-03,4271.0
3994,2025-11-10,4043.0
3994,2025-11-17,4155.0
3994,2025-11-24,4174.0
3994,2025-12-01,4093.0
3994,2025-12-08,4215.0
3994,2025-12-15,4416.0
3994,2025-12-22,4603.0
3994,2025-12-29,4668.0
3994,2026-01-05,4669.0
3994,2026-01-12,4748.0
3994,2026-01-19,4141.0
3994,2026-01-26,3903.0
3994,2026-02-02,3298.0
3994,2026-02-09,3093.0
3994,2026-02-16,3052.0
3994,2026-02-23,3190.0
3994,2026-03-02,3698.0
3994,2026-03-09,3216.0
3994,2026-03-16,3091.0
3994,2026-03-23,3582.0
3994,2026-03-30,3683.0
3994,2026-04-06,3607.0
3994,2026-04-13,5000.0
3994,2026-04-20,4921.0
3994,2026-04-27,4721.0
3994,2026-05-04,4736.0
3994,2026-05-11,4415.0
3994,2026-05-18,4311.0
3994,2026-05-25,4343.0
3994,2026-06-01,4238.0
3994,2026-06-08,3868.0
3994,2026-06-15,4227.0
3994,2026-06-22,4016.0
3994,2026-06-29,4538.0
3994,2026-07-06,4935.0
3994,2026-07-13,5334.0
3994,2026-07-20,5407.0
3994,2026-07-27,5455.0
3994,2026-08-03,5396.0
3994,2026-08-10,6479.0
3994,2026-08-17,6100.0
3994,2026-08-24,6712.0
4076,2025-09-01,1441.55
4076,2025-09-08,1465.64
4076,2025-09-15,1498.4
4076,2025-09-22,1535.02
4076,2025-09-29,1503.22
4076,2025-10-06,1658.36
4076,2025-10-13,1634.27
4076,2025-10-20,1625.6
4076,2025-10-27,1624.64
4076,2025-11-03,1553.33
4076,2025-11-10,1541.77
4076,2025-11-17,1575.49
4076,2025-11-24,1634.27
4076,2025-12-01,1589.95
4076,2025-12-08,1609.22
4076,2025-12-15,1640.05
4076,2025-12-22,1622.71
4076,2025-12-29,1652.58
4076,2026-01-05,1681.49
4076,2026-01-12,1703.65
4076,2026-01-19,1815.43
4076,2026-01-26,1694.02
4076,2026-02-02,1657.4
4076,2026-02-09,1619.82
4076,2026-02-16,1638.13
4076,2026-02-23,1647.76
4076,2026-03-02,1641.02
4076,2026-03-09,1638.13
4076,2026-03-16,1637.16
4076,2026-03-23,1625.6
4076,2026-03-30,1608.25
4076,2026-04-06,1704.62
4076,2026-04-13,1696.91
4076,2026-04-20,1644.87
4076,2026-04-27,1661.25
4076,2026-05-04,1709.43
4076,2026-05-11,1694.02
4076,2026-05-18,1656.43
4076,2026-05-25,1646.0
4076,2026-06-01,1623.0
4076,2026-06-08,1640.0
4076,2026-06-15,1680.0
4076,2026-06-22,1681.0
4076,2026-06-29,1693.0
4076,2026-07-06,1720.0
4076,2026-07-13,1824.0
4076,2026-07-20,1803.0
4076,2026-07-27,1818.0
4076,2026-08-03,1846.0
4076,2026-08-10,1951.0
4076,2026-08-17,1980.0
4076,2026-08-24,2012.0
4097,2025-09-01,1051.71
4097,2025-09-08,1042.07
4097,2025-09-15,1019.9
4097,2025-09-22,1034.36
4097,2025-09-29,999.0
4097,2025-10-06,990.16
4097,2025-10-13,999.98
4097,2025-10-20,1024.54
4097,2025-10-27,1009.81
4097,2025-11-03,1026.5
4097,2025-11-10,1034.36
4097,2025-11-17,1028.47
4097,2025-11-24,1045.17
4097,2025-12-01,1021.59
4097,2025-12-08,1044.19
4097,2025-12-15,1011.77
4097,2025-12-22,1035.35
4097,2025-12-29,1028.47
4097,2026-01-05,1120.81
4097,2026-01-12,1143.4
4097,2026-01-19,1113.93
4097,2026-01-26,1101.16
4097,2026-02-02,1113.93
4097,2026-02-09,1136.52
4097,2026-02-16,1090.35
4097,2026-02-23,1119.82
4097,2026-03-02,1074.64
4097,2026-03-09,1086.42
4097,2026-03-16,1102.14
4097,2026-03-23,1110.0
4097,2026-03-30,1114.0
4097,2026-04-06,1100.0
4097,2026-04-13,1090.0
4097,2026-04-20,1100.0
4097,2026-04-27,1100.0
4097,2026-05-04,1100.0
4097,2026-05-11,1120.0
4097,2026-05-18,1076.0
4097,2026-05-25,1101.0
4097,2026-06-01,1086.0
4097,2026-06-08,1092.0
4097,2026-06-15,1137.0
4097,2026-06-22,1108.0
4097,2026-06-29,1116.0
4097,2026-07-06,1135.0
4097,2026-07-13,1115.0
4097,2026-07-20,1115.0
4097,2026-07-27,1071.0
4097,2026-08-03,1091.0
4097,2026-08-10,1200.0
4097,2026-08-17,1177.0
4097,2026-08-24,1212.0
4196,2025-09-01,1471.0
4196,2025-09-08,1485.0
4196,2025-09-15,1464.0
4196,2025-09-22,1399.0
4196,2025-09-29,1094.0
4196,2025-10-06,1113.0
4196,2025-10-13,1144.0
4196,2025-10-20,1158.0
4196,2025-10-27,1113.0
4196,2025-11-03,1114.0
4196,2025-11-10,1132.0
4196,2025-11-17,1143.0
4196,2025-11-24,1164.0
4196,2025-12-01,1178.0
4196,2025-12-08,1172.0
4196,2025-12-15,1158.0
4196,2025-12-22,1156.0
4196,2025-12-29,1166.0
4196,2026-01-05,1220.0
4196,2026-01-12,1218.0
4196,2026-01-19,1220.0
4196,2026-01-26,1287.0
4196,2026-02-02,1345.0
4196,2026-02-09,1349.0
4196,2026-02-16,1339.0
4196,2026-02-23,1354.0
4196,2026-03-02,1390.0
4196,2026-03-09,1439.0
4196,2026-03-16,1428.0
4196,2026-03-23,1423.0
4196,2026-03-30,1430.0
4196,2026-04-06,1446.0
4196,2026-04-13,1447.0
4196,2026-04-20,1437.0
4196,2026-04-27,1428.0
4196,2026-05-04,1424.0
4196,2026-05-11,1432.0
4196,2026-05-18,1450.0
4196,2026-05-25,1479.0
4196,2026-06-01,1575.0
4196,2026-06-08,1674.0
4196,2026-06-15,1699.0
4196,2026-06-22,1696.0
4196,2026-06-29,1695.0
4196,2026-07-06,1697.0
4196,2026-07-13,1686.0
4196,2026-07-20,1727.0
4196,2026-07-27,1853.0
4196,2026-08-03,1937.0
4196,2026-08-10,2010.0
4196,2026-08-17,1999.0
4196,2026-08-24,2128.0
421A,2025-10-06,2848.0
421A,2025-10-13,2886.0
421A,2025-10-20,2837.0
421A,2025-10-27,2733.0
421A,2025-11-03,2602.0
421A,2025-11-10,3450.0
421A,2025-11-17,3035.0
421A,2025-11-24,3520.0
421A,2025-12-01,3250.0
421A,2025-12-08,2744.0
421A,2025-12-15,2974.0
421A,2025-12-22,3035.0
421A,2025-12-29,3050.0
421A,2026-01-05,2854.0
421A,2026-01-12,2893.0
421A,2026-01-19,2851.0
421A,2026-01-26,2678.0
421A,2026-02-02,2454.0
421A,2026-02-09,2519.0
421A,2026-02-16,1997.0
421A,2026-02-23,2150.0
421A,2026-03-02,2299.0
421A,2026-03-09,2187.0
421A,2026-03-16,2087.0
421A,2026-03-23,2102.0
421A,2026-03-30,2075.0
421A,2026-04-06,2153.0
421A,2026-04-13,2390.0
421A,2026-04-20,2114.0
421A,2026-04-27,2119.0
421A,2026-05-04,2304.0
421A,2026-05-11,2424.0
421A,2026-05-18,2470.0
421A,2026-05-25,2842.0
421A,2026-06-01,3120.0
421A,2026-06-08,3310.0
421A,2026-06-15,3225.0
421A,2026-06-22,3175.0
421A,2026-06-29,3725.0
421A,2026-07-06,3955.0
421A,2026-07-13,4015.0
421A,2026-07-20,3815.0
421A,2026-07-27,3430.0
421A,2026-08-03,3420.0
421A,2026-08-10,3900.0
421A,2026-08-17,4125.0
421A,2026-08-24,4320.0
4249,2025-09-01,2410.65
4249,2025-09-08,2430.72
4249,2025-09-15,2458.44
4249,2025-09-22,2584.62
4249,2025-09-29,2473.77
4249,2025-10-06,2393.69
4249,2025-10-13,2365.37
4249,2025-10-20,2452.28
4249,2025-10-27,2292.12
4249,2025-11-03,2296.03
4249,2025-11-10,2225.71
4249,2025-11-17,2263.8
4249,2025-11-24,2354.62
4249,2025-12-01,2244.26
4249,2025-12-08,2252.08
4249,2025-12-15,2212.04
4249,2025-12-22,2373.18
4249,2025-12-29,2436.66
4249,2026-01-05,2393.69
4249,2026-01-12,2480.61
4249,2026-01-19,2462.05
4249,2026-01-26,2371.22
4249,2026-02-02,2439.59
4249,2026-02-09,2449.35
4249,2026-02-16,2467.91
4249,2026-02-23,2599.75
4249,2026-03-02,2465.96
4249,2026-03-09,2390.76
4249,2026-03-16,2401.5
4249,2026-03-23,2401.5
4249,2026-03-30,2426.0
4249,2026-04-06,2392.0
4249,2026-04-13,2364.0
4249,2026-04-20,2418.0
4249,2026-04-27,2449.0
4249,2026-05-04,2472.0
4249,2026-05-11,2517.0
4249,2026-05-18,2425.0
4249,2026-05-25,2378.0
4249,2026-06-01,2336.0
4249,2026-06-08,2325.0
4249,2026-06-15,2319.0
4249,2026-06-22,2340.0
4249,2026-06-29,2403.0
4249,2026-07-06,2411.0
4249,2026-07-13,2450.0
4249,2026-07-20,2486.0
4249,2026-07-27,2516.0
4249,2026-08-03,2833.0
4249,2026-08-10,2935.0
4249,2026-08-17,2909.0
4249,2026-08-24,2955.0
4286,2025-09-01,981.82
4286,2025-09-08,945.42
4286,2025-09-15,982.8
4286,2025-09-22,973.95
4286,2025-09-29,919.84
4286,2025-10-06,957.22
4286,2025-10-13,917.87
4286,2025-10-20,948.37
4286,2025-10-27,959.19
4286,2025-11-03,922.79
4286,2025-11-10,1110.69
4286,2025-11-17,1175.62
4286,2025-11-24,1175.62
4286,2025-12-01,1064.45
4286,2025-12-08,1049.7
4286,2025-12-15,1136.27
4286,2025-12-22,1092.0
4286,2025-12-29,1074.0
4286,2026-01-05,1065.0
4286,2026-01-12,1104.0
4286,2026-01-19,1070.0
4286,2026-01-26,1035.0
4286,2026-02-02,1093.0
4286,2026-02-09,1159.0
4286,2026-02-16,1153.0
4286,2026-02-23,1154.0
4286,2026-03-02,1091.0
4286,2026-03-09,1028.0
4286,2026-03-16,1016.0
4286,2026-03-23,1068.0
4286,2026-03-30,1075.0
4286,2026-04-06,1068.0
4286,2026-04-13,1160.0
4286,2026-04-20,1148.0
4286,2026-04-27,1171.0
4286,2026-05-04,1220.0
4286,2026-05-11,1220.0
4286,2026-05-18,1174.0
4286,2026-05-25,1115.0
4286,2026-06-01,1094.0
4286,2026-06-08,1074.0
4286,2026-06-15,1117.0
4286,2026-06-22,1040.0
4286,2026-06-29,1144.0
4286,2026-07-06,1111.0
4286,2026-07-13,1128.0
4286,2026-07-20,1110.0
4286,2026-07-27,1154.0
4286,2026-08-03,1084.0
4286,2026-08-10,1135.0
4286,2026-08-17,1332.0
4286,2026-08-24,1386.0
4365,2025-09-01,19250.0
4365,2025-09-08,19250.0
4365,2025-09-15,19250.0
4365,2025-09-22,19250.0
4365,2025-09-29,19250.0
4365,2025-10-06,19250.0
4365,2025-10-13,19250.0
4365,2025-10-20,19250.0
4365,2025-10-27,19250.0
4365,2025-11-03,19250.0
4365,2025-11-10,19250.0
4365,2025-11-17,19250.0
4365,2025-11-24,19250.0
4365,2025-12-01,19250.0
4365,2025-12-08,19250.0
4365,2025-12-15,19250.0
4365,2025-12-22,19250.0
4365,2025-12-29,19250.0
4365,2026-01-05,19250.0
4365,2026-01-12,19250.0
4365,2026-01-19,19250.0
4365,2026-01-26,19250.0
4365,2026-02-02,19250.0
4365,2026-02-09,19250.0
4365,2026-02-16,19250.0
4365,2026-02-23,19250.0
4365,2026-03-02,19250.0
4365,2026-03-09,19250.0
4365,2026-03-16,19250.0
4365,2026-03-23,19250.0
4365,2026-03-30,19700.0
4365,2026-04-06,19700.0
4365,2026-04-13,19700.0
4365,2026-04-20,19700.0
4365,2026-04-27,19700.0
4365,2026-05-04,19700.0
4365,2026-05-11,19700.0
4365,2026-05-18,19700.0
4365,2026-05-25,19700.0
4365,2026-06-01,20500.0
4365,2026-06-08,20360.0
4365,2026-06-15,20650.0
4365,2026-06-22,20600.0
4365,2026-06-29,20180.0
4365,2026-07-06,20050.0
4365,2026-07-13,19820.0
4365,2026-07-20,19680.0
4365,2026-07-27,19760.0
4365,2026-08-03,19910.0
4365,2026-08-10,20210.0
4365,2026-08-17,20910.0
4365,2026-08-24,22190.0
4373,2025-09-01,1042.67
4373,2025-09-08,1107.46
4373,2025-09-15,1086.68
4373,2025-09-22,1070.79
4373,2025-09-29,995.0
4373,2025-10-06,1020.67
4373,2025-10-13,960.77
4373,2025-10-20,959.55
4373,2025-10-27,1051.23
4373,2025-11-03,1003.56
4373,2025-11-10,1076.9
4373,2025-11-17,1083.01
4373,2025-11-24,1075.68
4373,2025-12-01,1052.21
4373,2025-12-08,1042.43
4373,2025-12-15,1059.05
4373,2025-12-22,1029.71
4373,2025-12-29,1027.76
4373,2026-01-05,991.58
4373,2026-01-12,966.15
4373,2026-01-19,928.01
4373,2026-01-26,937.79
4373,2026-02-02,833.16
4373,2026-02-09,782.31
4373,2026-02-16,815.56
4373,2026-02-23,843.92
4373,2026-03-02,812.62
4373,2026-03-09,805.78
4373,2026-03-16,804.8
4373,2026-03-23,796.0
4373,2026-03-30,832.0
4373,2026-04-06,816.0
4373,2026-04-13,944.0
4373,2026-04-20,917.0
4373,2026-04-27,921.0
4373,2026-05-04,937.0
4373,2026-05-11,951.0
4373,2026-05-18,1037.0
4373,2026-05-25,1064.0
4373,2026-06-01,1092.0
4373,2026-06-08,990.0
4373,2026-06-15,931.0
4373,2026-06-22,911.0
4373,2026-06-29,1018.0
4373,2026-07-06,1046.0
4373,2026-07-13,1074.0
4373,2026-07-20,1047.0
4373,2026-07-27,1131.0
4373,2026-08-03,1094.0
4373,2026-08-10,1172.0
4373,2026-08-17,1166.0
4373,2026-08-24,1259.0
4390,2025-09-01,2968.47
4390,2025-09-08,3027.74
4390,2025-09-15,3314.21
4390,2025-09-22,3472.27
4390,2025-09-29,3362.98
4390,2025-10-06,3069.9
4390,2025-10-13,2980.49
4390,2025-10-20,3064.94
4390,2025-10-27,2995.39
4390,2025-11-03,2863.26
4390,2025-11-10,3377.89
4390,2025-11-17,3313.31
4390,2025-11-24,3417.63
4390,2025-12-01,3174.22
4390,2025-12-08,3050.03
4390,2025-12-15,3030.16
4390,2025-12-22,3079.84
4390,2025-12-29,3010.29
4390,2026-01-05,3040.1
4390,2026-01-12,3154.35
4390,2026-01-19,3045.06
4390,2026-01-26,2931.81
4390,2026-02-02,2968.57
4390,2026-02-09,3079.84
4390,2026-02-16,3124.54
4390,2026-02-23,3238.8
4390,2026-03-02,3288.47
4390,2026-03-09,3199.06
4390,2026-03-16,3055.0
4390,2026-03-23,3055.0
4390,2026-03-30,2905.0
4390,2026-04-06,3040.0
4390,2026-04-13,3160.0
4390,2026-04-20,3160.0
4390,2026-04-27,3255.0
4390,2026-05-04,3500.0
4390,2026-05-11,3585.0
4390,2026-05-18,4005.0
4390,2026-05-25,4200.0
4390,2026-06-01,4000.0
4390,2026-06-08,3660.0
4390,2026-06-15,3470.0
4390,2026-06-22,3305.0
4390,2026-06-29,3670.0
4390,2026-07-06,3485.0
4390,2026-07-13,3440.0
4390,2026-07-20,3470.0
4390,2026-07-27,3485.0
4390,2026-08-03,3610.0
4390,2026-08-10,4045.0
4390,2026-08-17,4065.0
4390,2026-08-24,4185.0
4394,2025-09-01,398.23
4394,2025-09-08,398.23
4394,2025-09-15,399.2
4394,2025-09-22,397.26
4394,2025-09-29,405.01
4394,2025-10-06,397.26
4394,2025-10-13,389.02
4394,2025-10-20,391.45
4394,2025-10-27,393.38
4394,2025-11-03,391.45
4394,2025-11-10,387.57
4394,2025-11-17,380.79
4394,2025-11-24,382.29
4394,2025-12-01,378.32
4394,2025-12-08,373.34
4394,2025-12-15,366.88
4394,2025-12-22,381.8
4394,2025-12-29,384.78
4394,2026-01-05,402.18
4394,2026-01-12,384.28
4394,2026-01-19,395.72
4394,2026-01-26,388.26
4394,2026-02-02,387.26
4394,2026-02-09,387.26
4394,2026-02-16,387.26
4394,2026-02-23,392.24
4394,2026-03-02,387.76
4394,2026-03-09,386.27
4394,2026-03-16,385.77
4394,2026-03-23,383.29
4394,2026-03-30,391.24
4394,2026-04-06,423.55
4394,2026-04-13,423.55
4394,2026-04-20,426.54
4394,2026-04-27,429.52
4394,2026-05-04,437.97
4394,2026-05-11,433.5
4394,2026-05-18,426.54
4394,2026-05-25,414.0
4394,2026-06-01,396.0
4394,2026-06-08,397.0
4394,2026-06-15,385.0
4394,2026-06-22,393.0
4394,2026-06-29,450.0
4394,2026-07-06,546.0
4394,2026-07-13,545.0
4394,2026-07-20,552.0
4394,2026-07-27,557.0
4394,2026-08-03,541.0
4394,2026-08-10,547.0
4394,2026-08-17,556.0
4394,2026-08-24,636.0
4417,2025-09-01,3109.58
4417,2025-09-08,3158.94
4417,2025-09-15,3307.02
4417,2025-09-22,3109.58
4417,2025-09-29,3081.16
4417,2025-10-06,3403.67
4417,2025-10-13,3502.9
4417,2025-10-20,4098.29
4417,2025-10-27,3676.56
4417,2025-11-03,3468.17
4417,2025-11-10,3512.82
4417,2025-11-17,3329.24
4417,2025-11-24,3438.4
4417,2025-12-01,3249.86
4417,2025-12-08,3046.43
4417,2025-12-15,2871.78
4417,2025-12-22,3215.13
4417,2025-12-29,3175.43
4417,2026-01-05,3438.4
4417,2026-01-12,3532.67
4417,2026-01-19,3130.78
4417,2026-01-26,2932.32
4417,2026-02-02,2688.2
4417,2026-02-09,2657.44
4417,2026-02-16,2738.81
4417,2026-02-23,2655.46
4417,2026-03-02,2490.73
4417,2026-03-09,2390.51
4417,2026-03-16,2440.12
4417,2026-03-23,2357.76
4417,2026-03-30,2510.0
4417,2026-04-06,2482.0
4417,2026-04-13,2514.0
4417,2026-04-20,2479.0
4417,2026-04-27,2682.0
4417,2026-05-04,2909.0
4417,2026-05-11,2809.0
4417,2026-05-18,3260.0
4417,2026-05-25,3435.0
4417,2026-06-01,3060.0
4417,2026-06-08,2968.0
4417,2026-06-15,3255.0
4417,2026-06-22,3310.0
4417,2026-06-29,4210.0
4417,2026-07-06,3980.0
4417,2026-07-13,4360.0
4417,2026-07-20,4230.0
4417,2026-07-27,4580.0
4417,2026-08-03,4965.0
4417,2026-08-10,4760.0
4417,2026-08-17,4500.0
4417,2026-08-24,4950.0
4431,2025-09-01,3180.71
4431,2025-09-08,3304.37
4431,2025-09-15,3131.24
4431,2025-09-22,2951.18
4431,2025-09-29,2849.28
4431,2025-10-06,2745.4
4431,2025-10-13,2725.61
4431,2025-10-20,2915.57
4431,2025-10-27,2816.63
4431,2025-11-03,2739.46
4431,2025-11-10,2822.57
4431,2025-11-17,2789.92
4431,2025-11-24,2835.43
4431,2025-12-01,2860.16
4431,2025-12-08,2794.87
4431,2025-12-15,2920.51
4431,2025-12-22,3022.41
4431,2025-12-29,3022.41
4431,2026-01-05,3061.99
4431,2026-01-12,3007.57
4431,2026-01-19,2852.25
4431,2026-01-26,2705.83
4431,2026-02-02,2404.08
4431,2026-02-09,2188.41
4431,2026-02-16,2560.39
4431,2026-02-23,2513.9
4431,2026-03-02,2436.73
4431,2026-03-09,2419.91
4431,2026-03-16,2008.35
4431,2026-03-23,2195.33
4431,2026-03-30,2197.31
4431,2026-04-06,2204.23
4431,2026-04-13,2485.21
4431,2026-04-20,2475.31
4431,2026-04-27,2439.0
4431,2026-05-04,2405.0
4431,2026-05-11,2180.0
4431,2026-05-18,2304.0
4431,2026-05-25,2319.0
4431,2026-06-01,2492.0
4431,2026-06-08,2399.0
4431,2026-06-15,2408.0
4431,2026-06-22,2641.0
4431,2026-06-29,2935.0
4431,2026-07-06,2841.0
4431,2026-07-13,3000.0
4431,2026-07-20,2900.0
4431,2026-07-27,3190.0
4431,2026-08-03,3200.0
4431,2026-08-10,3435.0
4431,2026-08-17,3395.0
4431,2026-08-24,3735.0
4434,2025-09-01,2001.09
4434,2025-09-08,1994.22
4434,2025-09-15,2005.99
4434,2025-09-22,1989.32
4434,2025-09-29,1929.51
4434,2025-10-06,1992.26
4434,2025-10-13,1758.92
4434,2025-10-20,1803.04
4434,2025-10-27,1812.84
4434,2025-11-03,1755.98
4434,2025-11-10,1727.54
4434,2025-11-17,1828.53
4434,2025-11-24,1790.29
4434,2025-12-01,1730.48
4434,2025-12-08,1770.68
4434,2025-12-15,1746.17
4434,2025-12-22,1779.51
4434,2025-12-29,1782.45
4434,2026-01-05,1944.22
4434,2026-01-12,1977.56
4434,2026-01-19,2026.58
4434,2026-01-26,1971.67
4434,2026-02-02,1919.71
4434,2026-02-09,1860.88
4434,2026-02-16,1815.78
4434,2026-02-23,2049.39
4434,2026-03-02,2075.23
4434,2026-03-09,2018.58
4434,2026-03-16,1977.83
4434,2026-03-23,1960.93
4434,2026-03-30,1951.99
4434,2026-04-06,1935.09
4434,2026-04-13,2018.58
4434,2026-04-20,2007.64
4434,2026-04-27,2000.69
4434,2026-05-04,2009.63
4434,2026-05-11,2011.62
4434,2026-05-18,2102.06
4434,2026-05-25,2009.63
4434,2026-06-01,2066.28
4434,2026-06-08,1987.77
4434,2026-06-15,1925.15
4434,2026-06-22,1893.35
4434,2026-06-29,1974.84
4434,2026-07-06,2001.68
4434,2026-07-13,1761.16
4434,2026-07-20,1877.44
4434,2026-07-27,2343.57
4434,2026-08-03,2387.31
4434,2026-08-10,2489.68
4434,2026-08-17,2431.04
4434,2026-08-24,2522.0
4443,2025-09-01,1906.96
4443,2025-09-08,1939.91
4443,2025-09-15,1937.91
4443,2025-09-22,1907.96
4443,2025-09-29,1822.1
4443,2025-10-06,1805.12
4443,2025-10-13,1740.23
4443,2025-10-20,1810.11
4443,2025-10-27,1820.1
4443,2025-11-03,1743.22
4443,2025-11-10,1748.21
4443,2025-11-17,1699.29
4443,2025-11-24,1683.32
4443,2025-12-01,1637.39
4443,2025-12-08,1679.32
4443,2025-12-15,1734.24
4443,2025-12-22,1776.17
4443,2025-12-29,1731.24
4443,2026-01-05,1791.15
4443,2026-01-12,1914.95
4443,2026-01-19,1659.36
4443,2026-01-26,1492.62
4443,2026-02-02,1148.17
4443,2026-02-09,1085.27
4443,2026-02-16,1103.24
4443,2026-02-23,1172.13
4443,2026-03-02,1238.03
4443,2026-03-09,1146.17
4443,2026-03-16,1110.23
4443,2026-03-23,1139.18
4443,2026-03-30,1214.06
4443,2026-04-06,1237.03
4443,2026-04-13,1333.87
4443,2026-04-20,1264.98
4443,2026-04-27,1248.01
4443,2026-05-04,1316.9
4443,2026-05-11,1305.92
4443,2026-05-18,1467.66
4443,2026-05-25,1679.0
4443,2026-06-01,1603.0
4443,2026-06-08,1435.0
4443,2026-06-15,1438.0
4443,2026-06-22,1383.0
4443,2026-06-29,1716.0
4443,2026-07-06,1723.0
4443,2026-07-13,1827.0
4443,2026-07-20,1787.0
4443,2026-07-27,1989.0
4443,2026-08-03,1900.0
4443,2026-08-10,2106.0
4443,2026-08-17,2231.0
4443,2026-08-24,2315.0
446A,2025-11-17,1467.0
446A,2025-11-24,1332.0
446A,2025-12-01,1355.0
446A,2025-12-08,1424.0
446A,2025-12-15,1464.0
446A,2025-12-22,1640.0
446A,2025-12-29,1782.0
446A,2026-01-05,1795.0
446A,2026-01-12,1579.0
446A,2026-01-19,1550.0
446A,2026-01-26,1579.0
446A,2026-02-02,1167.0
446A,2026-02-09,1110.0
446A,2026-02-16,1090.0
446A,2026-02-23,1082.0
446A,2026-03-02,1151.0
446A,2026-03-09,1231.0
446A,2026-03-16,1359.0
446A,2026-03-23,1255.0
446A,2026-03-30,1297.0
446A,2026-04-06,1358.0
446A,2026-04-13,1593.0
446A,2026-04-20,1365.0
446A,2026-04-27,1263.0
446A,2026-05-04,1367.0
446A,2026-05-11,1130.0
446A,2026-05-18,1233.0
446A,2026-05-25,1263.0
446A,2026-06-01,1391.0
446A,2026-06-08,1208.0
446A,2026-06-15,1178.0
446A,2026-06-22,1165.0
446A,2026-06-29,1325.0
446A,2026-07-06,1319.0
446A,2026-07-13,1640.0
446A,2026-07-20,1450.0
446A,2026-07-27,1573.0
446A,2026-08-03,1645.0
446A,2026-08-10,1840.0
446A,2026-08-17,1985.0
446A,2026-08-24,2141.0
4478,2025-09-01,3180.0
4478,2025-09-08,3510.0
4478,2025-09-15,3780.0
4478,2025-09-22,3765.0
4478,2025-09-29,3270.0
4478,2025-10-06,3635.0
4478,2025-10-13,3390.0
4478,2025-10-20,3475.0
4478,2025-10-27,3450.0
4478,2025-11-03,3265.0
4478,2025-11-10,3530.0
4478,2025-11-17,3140.0
4478,2025-11-24,2998.0
4478,2025-12-01,2989.0
4478,2025-12-08,2956.0
4478,2025-12-15,2964.0
4478,2025-12-22,3050.0
4478,2025-12-29,3005.0
4478,2026-01-05,3050.0
4478,2026-01-12,3055.0
4478,2026-01-19,2958.0
4478,2026-01-26,2711.0
4478,2026-02-02,2286.0
4478,2026-02-09,2136.0
4478,2026-02-16,2028.0
4478,2026-02-23,2150.0
4478,2026-03-02,2415.0
4478,2026-03-09,1999.0
4478,2026-03-16,2028.0
4478,2026-03-23,2203.0
4478,2026-03-30,1998.0
4478,2026-04-06,1959.0
4478,2026-04-13,2441.0
4478,2026-04-20,2281.0
4478,2026-04-27,2274.0
4478,2026-05-04,2435.0
4478,2026-05-11,2182.0
4478,2026-05-18,2246.0
4478,2026-05-25,2112.0
4478,2026-06-01,2155.0
4478,2026-06-08,1853.0
4478,2026-06-15,1993.0
4478,2026-06-22,1876.0
4478,2026-06-29,2124.0
4478,2026-07-06,2250.0
4478,2026-07-13,2407.0
4478,2026-07-20,2405.0
4478,2026-07-27,2599.0
4478,2026-08-03,2732.0
4478,2026-08-10,3345.0
4478,2026-08-17,3780.0
4478,2026-08-24,4435.0
4588,2025-09-01,647.0
4588,2025-09-08,621.0
4588,2025-09-15,631.0
4588,2025-09-22,622.0
4588,2025-09-29,678.0
4588,2025-10-06,803.0
4588,2025-10-13,700.0
4588,2025-10-20,711.0
4588,2025-10-27,748.0
4588,2025-11-03,851.0
4588,2025-11-10,1043.0
4588,2025-11-17,986.0
4588,2025-11-24,1174.0
4588,2025-12-01,923.0
4588,2025-12-08,1061.0
4588,2025-12-15,859.0
4588,2025-12-22,1101.0
4588,2025-12-29,1384.0
4588,2026-01-05,1519.0
4588,2026-01-12,1943.0
4588,2026-01-19,1808.0
4588,2026-01-26,1739.0
4588,2026-02-02,1873.0
4588,2026-02-09,2440.0
4588,2026-02-16,2215.0
4588,2026-02-23,2730.0
4588,2026-03-02,3150.0
4588,2026-03-09,2702.0
4588,2026-03-16,2246.0
4588,2026-03-23,2338.0
4588,2026-03-30,2266.0
4588,2026-04-06,2501.0
4588,2026-04-13,2860.0
4588,2026-04-20,2978.0
4588,2026-04-27,2717.0
4588,2026-05-04,2918.0
4588,2026-05-11,2680.0
4588,2026-05-18,2797.0
4588,2026-05-25,2765.0
4588,2026-06-01,2614.0
4588,2026-06-08,2467.0
4588,2026-06-15,2591.0
4588,2026-06-22,2733.0
4588,2026-06-29,2680.0
4588,2026-07-06,2575.0
4588,2026-07-13,2351.0
4588,2026-07-20,2469.0
4588,2026-07-27,2665.0
4588,2026-08-03,2848.0
4588,2026-08-10,3250.0
4588,2026-08-17,3380.0
4588,2026-08-24,4810.0
4611,2025-09-01,1256.29
4611,2025-09-08,1253.42
4611,2025-09-15,1241.96
4611,2025-09-22,1254.37
4611,2025-09-29,1219.03
4611,2025-10-06,1205.65
4611,2025-10-13,1214.25
4611,2025-10-20,1234.31
4611,2025-10-27,1212.34
4611,2025-11-03,1176.99
4611,2025-11-10,1220.94
4611,2025-11-17,1228.58
4611,2025-11-24,1303.1
4611,2025-12-01,1234.31
4611,2025-12-08,1243.87
4611,2025-12-15,1249.6
4611,2025-12-22,1269.66
4611,2025-12-29,1286.86
4611,2026-01-05,1291.63
4611,2026-01-12,1346.09
4611,2026-01-19,1353.73
4611,2026-01-26,1314.56
4611,2026-02-02,1370.93
4611,2026-02-09,1385.26
4611,2026-02-16,1395.77
4611,2026-02-23,1427.29
4611,2026-03-02,1323.16
4611,2026-03-09,1249.6
4611,2026-03-16,1225.71
4611,2026-03-23,1241.0
4611,2026-03-30,1252.0
4611,2026-04-06,1304.0
4611,2026-04-13,1262.0
4611,2026-04-20,1229.0
4611,2026-04-27,1242.0
4611,2026-05-04,1260.0
4611,2026-05-11,1206.0
4611,2026-05-18,1259.0
4611,2026-05-25,1288.0
4611,2026-06-01,1280.0
4611,2026-06-08,1300.0
4611,2026-06-15,1305.0
4611,2026-06-22,1340.0
4611,2026-06-29,1374.0
4611,2026-07-06,1410.0
4611,2026-07-13,1353.0
4611,2026-07-20,1358.0
4611,2026-07-27,1399.0
4611,2026-08-03,1441.0
4611,2026-08-10,1524.0
4611,2026-08-17,1503.0
4611,2026-08-24,1589.0
4667,2025-09-01,1382.44
4667,2025-09-08,1402.04
4667,2025-09-15,1497.07
4667,2025-09-22,1566.64
4667,2025-09-29,1479.44
4667,2025-10-06,1530.38
4667,2025-10-13,1490.21
4667,2025-10-20,1546.06
4667,2025-10-27,1450.04
4667,2025-11-03,1461.8
4667,2025-11-10,1759.65
4667,2025-11-17,1889.96
4667,2025-11-24,1783.16
4667,2025-12-01,1887.02
4667,2025-12-08,1844.89
4667,2025-12-15,1903.67
4667,2025-12-22,1900.73
4667,2025-12-29,1922.29
4667,2026-01-05,2059.45
4667,2026-01-12,2252.47
4667,2026-01-19,2185.84
4667,2026-01-26,2086.89
4667,2026-02-02,1963.44
4667,2026-02-09,2033.0
4667,2026-02-16,1958.54
4667,2026-02-23,2096.68
4667,2026-03-02,1897.79
4667,2026-03-09,1866.44
4667,2026-03-16,1845.87
4667,2026-03-23,1791.0
4667,2026-03-30,1780.0
4667,2026-04-06,1740.0
4667,2026-04-13,1768.0
4667,2026-04-20,1685.0
4667,2026-04-27,1666.0
4667,2026-05-04,1602.0
4667,2026-05-11,1513.0
4667,2026-05-18,1624.0
4667,2026-05-25,1711.0
4667,2026-06-01,1680.0
4667,2026-06-08,1725.0
4667,2026-06-15,1864.0
4667,2026-06-22,1978.0
4667,2026-06-29,2170.0
4667,2026-07-06,2117.0
4667,2026-07-13,1957.0
4667,2026-07-20,1871.0
4667,2026-07-27,1818.0
4667,2026-08-03,1746.0
4667,2026-08-10,2017.0
4667,2026-08-17,2105.0
4667,2026-08-24,2661.0
4671,2025-09-01,2400.44
4671,2025-09-08,2519.65
4671,2025-09-15,2450.03
4671,2025-09-22,2514.88
4671,2025-09-29,2444.06
4671,2025-10-06,2421.59
4671,2025-10-13,2481.18
4671,2025-10-20,2487.04
4671,2025-10-27,2424.53
4671,2025-11-03,2451.88
4671,2025-11-10,2498.77
4671,2025-11-17,2512.44
4671,2025-11-24,2508.53
4671,2025-12-01,2489.0
4671,2025-12-08,2528.07
4671,2025-12-15,2558.35
4671,2025-12-22,2605.24
4671,2025-12-29,2618.92
4671,2026-01-05,2668.74
4671,2026-01-12,2686.32
4671,2026-01-19,2661.9
4671,2026-01-26,2615.01
4671,2026-02-02,2613.06
4671,2026-02-09,2651.15
4671,2026-02-16,2617.94
4671,2026-02-23,2666.78
4671,2026-03-02,2615.99
4671,2026-03-09,2565.19
4671,2026-03-16,2551.51
4671,2026-03-23,2636.5
4671,2026-03-30,2631.0
4671,2026-04-06,2620.0
4671,2026-04-13,2604.0
4671,2026-04-20,2552.0
4671,2026-04-27,2512.0
4671,2026-05-04,2512.0
4671,2026-05-11,2587.0
4671,2026-05-18,2521.0
4671,2026-05-25,2565.0
4671,2026-06-01,2545.0
4671,2026-06-08,2573.0
4671,2026-06-15,2572.0
4671,2026-06-22,2542.0
4671,2026-06-29,2617.0
4671,2026-07-06,2682.0
4671,2026-07-13,2700.0
4671,2026-07-20,2672.0
4671,2026-07-27,2651.0
4671,2026-08-03,2690.0
4671,2026-08-10,2834.0
4671,2026-08-17,2824.0
4671,2026-08-24,2916.0
4722,2025-09-01,2131.16
4722,2025-09-08,2219.68
4722,2025-09-15,2227.46
4722,2025-09-22,2270.26
4722,2025-09-29,2164.23
4722,2025-10-06,2154.51
4722,2025-10-13,2073.77
4722,2025-10-20,2129.22
4722,2025-10-27,2116.57
4722,2025-11-03,2076.69
4722,2025-11-10,2055.29
4722,2025-11-17,2024.17
4722,2025-11-24,1996.93
4722,2025-12-01,1905.5
4722,2025-12-08,1902.58
4722,2025-12-15,1921.06
4722,2025-12-22,1946.35
4722,2025-12-29,1951.27
4722,2026-01-05,1975.87
4722,2026-01-12,1955.21
4722,2026-01-19,1930.61
4722,2026-01-26,1865.66
4722,2026-02-02,1753.49
4722,2026-02-09,1722.0
4722,2026-02-16,1767.26
4722,2026-02-23,1789.9
4722,2026-03-02,1678.7
4722,2026-03-09,1612.78
4722,2026-03-16,1575.38
4722,2026-03-23,1580.3
4722,2026-03-30,1594.08
4722,2026-04-06,1592.11
4722,2026-04-13,1664.93
4722,2026-04-20,1621.63
4722,2026-04-27,1518.31
4722,2026-05-04,1536.02
4722,2026-05-11,1532.09
4722,2026-05-18,1531.1
4722,2026-05-25,1568.5
4722,2026-06-01,1528.15
4722,2026-06-08,1474.03
4722,2026-06-15,1447.46
4722,2026-06-22,1476.0
4722,2026-06-29,1677.0
4722,2026-07-06,1730.0
4722,2026-07-13,2161.0
4722,2026-07-20,2210.0
4722,2026-07-27,2445.0
4722,2026-08-03,2446.0
4722,2026-08-10,2444.0
4722,2026-08-17,2446.0
4722,2026-08-24,2451.0
4768,2025-09-01,2943.45
4768,2025-09-08,3081.68
4768,2025-09-15,3022.72
4768,2025-09-22,3013.05
4768,2025-09-29,2939.59
4768,2025-10-06,2889.32
4768,2025-10-13,2876.75
4768,2025-10-20,2988.89
4768,2025-10-27,2948.29
4768,2025-11-03,2919.29
4768,2025-11-10,2899.95
4768,2025-11-17,3008.22
4768,2025-11-24,2984.05
4768,2025-12-01,3052.68
4768,2025-12-08,3198.65
4768,2025-12-15,3195.75
4768,2025-12-22,3170.62
4768,2025-12-29,3167.68
4768,2026-01-05,3132.39
4768,2026-01-12,3160.82
4768,2026-01-19,3158.85
4768,2026-01-26,3001.06
4768,2026-02-02,2952.05
4768,2026-02-09,2962.84
4768,2026-02-16,2979.5
4768,2026-02-23,3086.33
4768,2026-03-02,3005.96
4768,2026-03-09,2892.27
4768,2026-03-16,2876.59
4768,2026-03-23,2954.01
4768,2026-03-30,3014.78
4768,2026-04-06,2922.65
4768,2026-04-13,2987.34
4768,2026-04-20,2911.87
4768,2026-04-27,2797.2
4768,2026-05-04,2977.54
4768,2026-05-11,2845.22
4768,2026-05-18,2826.6
4768,2026-05-25,2831.5
4768,2026-06-01,2899.62
4768,2026-06-08,2794.26
4768,2026-06-15,2711.44
4768,2026-06-22,2708.5
4768,2026-06-29,2853.0
4768,2026-07-06,2893.5
4768,2026-07-13,3015.0
4768,2026-07-20,3026.0
4768,2026-07-27,3274.0
4768,2026-08-03,3443.0
4768,2026-08-10,3536.0
4768,2026-08-17,3478.0
4768,2026-08-24,3652.0
4812,2025-09-01,2136.13
4812,2025-09-08,2162.3
4812,2025-09-15,2204.83
4812,2025-09-22,2165.57
4812,2025-09-29,2119.77
4812,2025-10-06,2244.08
4812,2025-10-13,2152.49
4812,2025-10-20,2276.79
4812,2025-10-27,2499.24
4812,2025-11-03,2489.43
4812,2025-11-10,2548.31
4812,2025-11-17,2643.18
4812,2025-11-24,2584.29
4812,2025-12-01,2512.32
4812,2025-12-08,2581.02
4812,2025-12-15,2518.87
4812,2025-12-22,2512.32
4812,2025-12-29,2707.46
4812,2026-01-05,2686.69
4812,2026-01-12,2541.33
4812,2026-01-19,2565.06
4812,2026-01-26,2408.83
4812,2026-02-02,2081.52
4812,2026-02-09,1804.64
4812,2026-02-16,1793.76
4812,2026-02-23,1948.02
4812,2026-03-02,1912.43
4812,2026-03-09,1908.47
4812,2026-03-16,1887.7
4812,2026-03-23,1964.83
4812,2026-03-30,1987.58
4812,2026-04-06,1989.56
4812,2026-04-13,2170.51
4812,2026-04-20,2165.57
4812,2026-04-27,2142.83
4812,2026-05-04,2128.98
4812,2026-05-11,2094.37
4812,2026-05-18,2105.25
4812,2026-05-25,2074.6
4812,2026-06-01,2133.93
4812,2026-06-08,1997.47
4812,2026-06-15,1969.78
4812,2026-06-22,1994.5
4812,2026-06-29,2732.0
4812,2026-07-06,2702.0
4812,2026-07-13,2693.0
4812,2026-07-20,2658.0
4812,2026-07-27,2687.0
4812,2026-08-03,2695.0
4812,2026-08-10,2694.0
4812,2026-08-17,2752.0
4812,2026-08-24,2908.0
4847,2025-09-01,1028.77
4847,2025-09-08,1032.62
4847,2025-09-15,1065.31
4847,2025-09-22,1057.61
4847,2025-09-29,986.47
4847,2025-10-06,999.93
4847,2025-10-13,980.7
4847,2025-10-20,1016.27
4847,2025-10-27,996.08
4847,2025-11-03,931.66
4847,2025-11-10,933.59
4847,2025-11-17,907.63
4847,2025-11-24,936.47
4847,2025-12-01,916.28
4847,2025-12-08,917.24
4847,2025-12-15,909.55
4847,2025-12-22,925.89
4847,2025-12-29,936.66
4847,2026-01-05,963.09
4847,2026-01-12,978.75
4847,2026-01-19,962.11
4847,2026-01-26,930.79
4847,2026-02-02,944.49
4847,2026-02-09,938.62
4847,2026-02-16,950.36
4847,2026-02-23,988.53
4847,2026-03-02,1001.26
4847,2026-03-09,977.77
4847,2026-03-16,959.17
4847,2026-03-23,947.43
4847,2026-03-30,953.3
4847,2026-04-06,950.36
4847,2026-04-13,967.98
4847,2026-04-20,960.15
4847,2026-04-27,949.38
4847,2026-05-04,973.85
4847,2026-05-11,902.4
4847,2026-05-18,919.04
4847,2026-05-25,918.06
4847,2026-06-01,926.87
4847,2026-06-08,920.02
4847,2026-06-15,911.21
4847,2026-06-22,921.0
4847,2026-06-29,967.0
4847,2026-07-06,954.0
4847,2026-07-13,952.0
4847,2026-07-20,1003.0
4847,2026-07-27,1000.0
4847,2026-08-03,1236.0
4847,2026-08-10,1281.0
4847,2026-08-17,1319.0
4847,2026-08-24,1398.0
5018,2025-09-01,1282.17
5018,2025-09-08,1298.7
5018,2025-09-15,1306.49
5018,2025-09-22,1352.21
5018,2025-09-29,1332.75
5018,2025-10-06,1336.64
5018,2025-10-13,1293.84
5018,2025-10-20,1324.97
5018,2025-10-27,1329.83
5018,2025-11-03,1324.0
5018,2025-11-10,1330.81
5018,2025-11-17,1328.86
5018,2025-11-24,1365.83
5018,2025-12-01,1351.24
5018,2025-12-08,1360.96
5018,2025-12-15,1378.47
5018,2025-12-22,1438.79
5018,2025-12-29,1490.35
5018,2026-01-05,1498.13
5018,2026-01-12,1752.03
5018,2026-01-19,1903.79
5018,2026-01-26,1840.56
5018,2026-02-02,1904.77
5018,2026-02-09,2004.96
5018,2026-02-16,2080.84
5018,2026-02-23,2155.99
5018,2026-03-02,2061.05
5018,2026-03-09,1940.39
5018,2026-03-16,1860.28
5018,2026-03-23,1825.67
5018,2026-03-30,1796.0
5018,2026-04-06,1833.58
5018,2026-04-13,1733.69
5018,2026-04-20,1658.53
5018,2026-04-27,1676.33
5018,2026-05-04,1724.79
5018,2026-05-11,1701.06
5018,2026-05-18,1650.62
5018,2026-05-25,1949.29
5018,2026-06-01,1876.11
5018,2026-06-08,1755.45
5018,2026-06-15,1910.72
5018,2026-06-22,1790.07
5018,2026-06-29,1897.87
5018,2026-07-06,2294.45
5018,2026-07-13,2056.1
5018,2026-07-20,2069.95
5018,2026-07-27,2141.16
5018,2026-08-03,2183.68
5018,2026-08-10,2194.56
5018,2026-08-17,2230.17
5018,2026-08-24,2351.0
5027,2025-09-01,761.58
5027,2025-09-08,744.63
5027,2025-09-15,748.62
5027,2025-09-22,731.67
5027,2025-09-29,726.69
5027,2025-10-06,695.79
5027,2025-10-13,672.86
5027,2025-10-20,690.8
5027,2025-10-27,690.8
5027,2025-11-03,657.91
5027,2025-11-10,729.68
5027,2025-11-17,601.09
5027,2025-11-24,613.05
5027,2025-12-01,540.28
5027,2025-12-08,518.35
5027,2025-12-15,623.02
5027,2025-12-22,629.0
5027,2025-12-29,607.0
5027,2026-01-05,609.0
5027,2026-01-12,651.0
5027,2026-01-19,630.0
5027,2026-01-26,671.0
5027,2026-02-02,677.0
5027,2026-02-09,642.0
5027,2026-02-16,473.0
5027,2026-02-23,518.0
5027,2026-03-02,505.0
5027,2026-03-09,499.0
5027,2026-03-16,434.0
5027,2026-03-23,420.0
5027,2026-03-30,399.0
5027,2026-04-06,398.0
5027,2026-04-13,409.0
5027,2026-04-20,391.0
5027,2026-04-27,386.0
5027,2026-05-04,421.0
5027,2026-05-11,482.0
5027,2026-05-18,504.0
5027,2026-05-25,498.0
5027,2026-06-01,483.0
5027,2026-06-08,430.0
5027,2026-06-15,443.0
5027,2026-06-22,414.0
5027,2026-06-29,526.0
5027,2026-07-06,545.0
5027,2026-07-13,535.0
5027,2026-07-20,523.0
5027,2026-07-27,557.0
5027,2026-08-03,568.0
5027,2026-08-10,623.0
5027,2026-08-17,803.0
5027,2026-08-24,814.0
5033,2025-09-01,864.0
5033,2025-09-08,868.0
5033,2025-09-15,880.0
5033,2025-09-22,861.0
5033,2025-09-29,839.0
5033,2025-10-06,807.0
5033,2025-10-13,815.0
5033,2025-10-20,809.0
5033,2025-10-27,771.0
5033,2025-11-03,757.0
5033,2025-11-10,817.0
5033,2025-11-17,765.0
5033,2025-11-24,783.0
5033,2025-12-01,804.0
5033,2025-12-08,794.0
5033,2025-12-15,765.0
5033,2025-12-22,750.0
5033,2025-12-29,741.0
5033,2026-01-05,760.0
5033,2026-01-12,751.0
5033,2026-01-19,760.0
5033,2026-01-26,733.0
5033,2026-02-02,728.0
5033,2026-02-09,743.0
5033,2026-02-16,746.0
5033,2026-02-23,760.0
5033,2026-03-02,750.0
5033,2026-03-09,740.0
5033,2026-03-16,749.0
5033,2026-03-23,690.0
5033,2026-03-30,754.0
5033,2026-04-06,747.0
5033,2026-04-13,759.0
5033,2026-04-20,739.0
5033,2026-04-27,748.0
5033,2026-05-04,761.0
5033,2026-05-11,676.0
5033,2026-05-18,719.0
5033,2026-05-25,722.0
5033,2026-06-01,770.0
5033,2026-06-08,713.0
5033,2026-06-15,821.0
5033,2026-06-22,898.0
5033,2026-06-29,890.0
5033,2026-07-06,899.0
5033,2026-07-13,930.0
5033,2026-07-20,884.0
5033,2026-07-27,849.0
5033,2026-08-03,815.0
5033,2026-08-10,859.0
5033,2026-08-17,858.0
5033,2026-08-24,953.0
5302,2025-09-01,4068.55
5302,2025-09-08,4073.34
5302,2025-09-15,4135.56
5302,2025-09-22,4197.79
5302,2025-09-29,4092.48
5302,2025-10-06,4130.78
5302,2025-10-13,4121.2
5302,2025-10-20,4169.07
5302,2025-10-27,4154.71
5302,2025-11-03,4193.0
5302,2025-11-10,4274.37
5302,2025-11-17,4264.8
5302,2025-11-24,4312.66
5302,2025-12-01,4250.44
5302,2025-12-08,4274.37
5302,2025-12-15,4236.08
5302,2025-12-22,4317.45
5302,2025-12-29,4322.35
5302,2026-01-05,4366.4
5302,2026-01-12,4488.78
5302,2026-01-19,4503.46
5302,2026-01-26,4503.46
5302,2026-02-02,4660.1
5302,2026-02-09,4713.95
5302,2026-02-16,4767.8
5302,2026-02-23,4944.02
5302,2026-03-02,4581.78
5302,2026-03-09,4542.62
5302,2026-03-16,4518.15
5302,2026-03-23,4459.41
5302,2026-03-30,4542.62
5302,2026-04-06,4718.85
5302,2026-04-13,4694.37
5302,2026-04-20,4611.15
5302,2026-04-27,4665.0
5302,2026-05-04,4753.11
5302,2026-05-11,4816.75
5302,2026-05-18,4616.05
5302,2026-05-25,4640.52
5302,2026-06-01,4699.27
5302,2026-06-08,4571.99
5302,2026-06-15,4596.47
5302,2026-06-22,4665.0
5302,2026-06-29,4860.0
5302,2026-07-06,4730.0
5302,2026-07-13,4630.0
5302,2026-07-20,4670.0
5302,2026-07-27,4735.0
5302,2026-08-03,5040.0
5302,2026-08-10,5060.0
5302,2026-08-17,4880.0
5302,2026-08-24,5190.0
545A,2026-03-30,921.0
545A,2026-04-06,948.0
545A,2026-04-13,922.0
545A,2026-04-20,892.0
545A,2026-04-27,888.0
545A,2026-05-04,863.0
545A,2026-05-11,907.0
545A,2026-05-18,870.0
545A,2026-05-25,870.0
545A,2026-06-01,851.0
545A,2026-06-08,822.0
545A,2026-06-15,867.0
545A,2026-06-22,885.0
545A,2026-06-29,919.0
545A,2026-07-06,920.0
545A,2026-07-13,918.0
545A,2026-07-20,916.0
545A,2026-07-27,928.0
545A,2026-08-03,926.0
545A,2026-08-10,936.0
545A,2026-08-17,984.0
545A,2026-08-24,1002.0
5589,2025-09-01,2391.32
5589,2025-09-08,2458.5
5589,2025-09-15,2436.11
5589,2025-09-22,2470.18
5589,2025-09-29,2434.16
5589,2025-10-06,2479.92
5589,2025-10-13,2487.71
5589,2025-10-20,2468.24
5589,2025-10-27,2492.58
5589,2025-11-03,2466.29
5589,2025-11-10,2473.1
5589,2025-11-17,2448.76
5589,2025-11-24,2463.37
5589,2025-12-01,2466.29
5589,2025-12-08,2455.58
5589,2025-12-15,2434.16
5589,2025-12-22,2440.0
5589,2025-12-29,2500.0
5589,2026-01-05,2540.0
5589,2026-01-12,2560.0
5589,2026-01-19,2587.0
5589,2026-01-26,2645.0
5589,2026-02-02,2625.0
5589,2026-02-09,2580.0
5589,2026-02-16,2561.0
5589,2026-02-23,2528.0
5589,2026-03-02,2568.0
5589,2026-03-09,2519.0
5589,2026-03-16,2571.0
5589,2026-03-23,2530.0
5589,2026-03-30,2636.0
5589,2026-04-06,2663.0
5589,2026-04-13,2667.0
5589,2026-04-20,2670.0
5589,2026-04-27,2675.0
5589,2026-05-04,2670.0
5589,2026-05-11,2708.0
5589,2026-05-18,2859.0
5589,2026-05-25,2813.0
5589,2026-06-01,2770.0
5589,2026-06-08,2768.0
5589,2026-06-15,2767.0
5589,2026-06-22,2704.0
5589,2026-06-29,2729.0
5589,2026-07-06,2728.0
5589,2026-07-13,2665.0
5589,2026-07-20,2683.0
5589,2026-07-27,2691.0
5589,2026-08-03,2750.0
5589,2026-08-10,2849.0
5589,2026-08-17,2836.0
5589,2026-08-24,2941.0
558A,2026-04-20,3245.0
558A,2026-04-27,3290.0
558A,2026-05-04,3340.0
558A,2026-05-11,3805.0
558A,2026-05-18,4340.0
558A,2026-05-25,5270.0
558A,2026-06-01,4805.0
558A,2026-06-08,4440.0
558A,2026-06-15,4080.0
558A,2026-06-22,4435.0
558A,2026-06-29,4540.0
558A,2026-07-06,4415.0
558A,2026-07-13,4485.0
558A,2026-07-20,4350.0
558A,2026-07-27,4400.0
558A,2026-08-03,4510.0
558A,2026-08-10,5040.0
558A,2026-08-17,5570.0
558A,2026-08-24,5950.0
5711,2025-09-01,2526.96
5711,2025-09-08,2518.21
5711,2025-09-15,2519.18
5711,2025-09-22,2707.35
5711,2025-09-29,2775.19
5711,2025-10-06,2839.06
5711,2025-10-13,2886.59
5711,2025-10-20,2970.76
5711,2025-10-27,2941.05
5711,2025-11-03,2839.06
5711,2025-11-10,3084.64
5711,2025-11-17,2962.84
5711,2025-11-24,3100.48
5711,2025-12-01,3190.6
5711,2025-12-08,3440.14
5711,2025-12-15,3371.81
5711,2025-12-22,3618.39
5711,2025-12-29,3634.23
5711,2026-01-05,3958.04
5711,2026-01-12,4307.6
5711,2026-01-19,4421.48
5711,2026-01-26,4404.65
5711,2026-02-02,4494.76
5711,2026-02-09,5344.4
5711,2026-02-16,5185.96
5711,2026-02-23,5947.46
5711,2026-03-02,5128.52
5711,2026-03-09,4989.89
5711,2026-03-16,5170.11
5711,2026-03-23,5080.0
5711,2026-03-30,5189.0
5711,2026-04-06,5560.0
5711,2026-04-13,5528.0
5711,2026-04-20,5261.0
5711,2026-04-27,5080.0
5711,2026-05-04,5562.0
5711,2026-05-11,5428.0
5711,2026-05-18,5038.0
5711,2026-05-25,5153.0
5711,2026-06-01,4904.0
5711,2026-06-08,4640.0
5711,2026-06-15,4836.0
5711,2026-06-22,4363.0
5711,2026-06-29,4555.0
5711,2026-07-06,4087.0
5711,2026-07-13,3970.0
5711,2026-07-20,4166.0
5711,2026-07-27,4193.0
5711,2026-08-03,5157.0
5711,2026-08-10,5170.0
5711,2026-08-17,5565.0
5711,2026-08-24,6058.0
581A,2026-06-15,2298.0
581A,2026-06-22,2185.0
581A,2026-06-29,2376.0
581A,2026-07-06,2408.0
581A,2026-07-13,2794.0
581A,2026-07-20,2998.0
581A,2026-07-27,2815.0
581A,2026-08-03,3290.0
581A,2026-08-10,3600.0
581A,2026-08-17,3640.0
581A,2026-08-24,4445.0
5831,2025-09-01,1876.55
5831,2025-09-08,1930.69
5831,2025-09-15,1909.42
5831,2025-09-22,1988.7
5831,2025-09-29,2000.03
5831,2025-10-06,1944.36
5831,2025-10-13,1934.01
5831,2025-10-20,1991.17
5831,2025-10-27,2044.87
5831,2025-11-03,2070.5
5831,2025-11-10,2104.5
5831,2025-11-17,2187.28
5831,2025-11-24,2229.65
5831,2025-12-01,2328.2
5831,2025-12-08,2394.72
5831,2025-12-15,2408.02
5831,2025-12-22,2381.91
5831,2025-12-29,2396.69
5831,2026-01-05,2532.69
5831,2026-01-12,2602.66
5831,2026-01-19,2512.98
5831,2026-01-26,2481.44
5831,2026-02-02,2734.22
5831,2026-02-09,3001.78
5831,2026-02-16,3073.72
5831,2026-02-23,3098.35
5831,2026-03-02,2737.18
5831,2026-03-09,2572.11
5831,2026-03-16,2521.85
5831,2026-03-23,2783.0
5831,2026-03-30,2755.0
5831,2026-04-06,2864.0
5831,2026-04-13,2803.0
5831,2026-04-20,2674.5
5831,2026-04-27,2762.0
5831,2026-05-04,2762.0
5831,2026-05-11,2915.5
5831,2026-05-18,2997.0
5831,2026-05-25,2871.0
5831,2026-06-01,2896.5
5831,2026-06-08,3052.0
5831,2026-06-15,3026.0
5831,2026-06-22,3032.0
5831,2026-06-29,3232.0
5831,2026-07-06,3279.0
5831,2026-07-13,3148.0
5831,2026-07-20,3380.0
5831,2026-07-27,3180.0
5831,2026-08-03,3413.0
5831,2026-08-10,3513.0
5831,2026-08-17,3450.0
5831,2026-08-24,3650.0
5889,2025-09-01,1997.01
5889,2025-09-08,2298.24
5889,2025-09-15,2166.39
5889,2025-09-22,2147.14
5889,2025-09-29,2028.77
5889,2025-10-06,2023.96
5889,2025-10-13,1987.38
5889,2025-10-20,2133.67
5889,2025-10-27,1934.45
5889,2025-11-03,1949.85
5889,2025-11-10,1946.96
5889,2025-11-17,1828.59
5889,2025-11-24,1867.08
5889,2025-12-01,1900.77
5889,2025-12-08,1971.02
5889,2025-12-15,1903.65
5889,2025-12-22,1950.81
5889,2025-12-29,1953.7
5889,2026-01-05,1966.21
5889,2026-01-12,1946.0
5889,2026-01-19,1961.4
5889,2026-01-26,1974.96
5889,2026-02-02,1950.39
5889,2026-02-09,1940.56
5889,2026-02-16,1883.54
5889,2026-02-23,1964.15
5889,2026-03-02,1917.95
5889,2026-03-09,1848.15
5889,2026-03-16,2040.83
5889,2026-03-23,2092.93
5889,2026-03-30,2054.59
5889,2026-04-06,2077.2
5889,2026-04-13,2103.74
5889,2026-04-20,2192.22
5889,2026-04-27,2190.25
5889,2026-05-04,2208.93
5889,2026-05-11,2154.86
5889,2026-05-18,2172.56
5889,2026-05-25,2056.56
5889,2026-06-01,2051.64
5889,2026-06-08,2133.23
5889,2026-06-15,2279.71
5889,2026-06-22,2151.91
5889,2026-06-29,2362.29
5889,2026-07-06,2410.46
5889,2026-07-13,2283.64
5889,2026-07-20,2345.58
5889,2026-07-27,2521.0
5889,2026-08-03,2469.0
5889,2026-08-10,2608.0
5889,2026-08-17,2627.0
5889,2026-08-24,2666.0
5900,2025-09-01,839.0
5900,2025-09-08,830.21
5900,2025-09-15,810.68
5900,2025-09-22,820.44
5900,2025-09-29,812.63
5900,2025-10-06,812.63
5900,2025-10-13,791.14
5900,2025-10-20,804.81
5900,2025-10-27,795.05
5900,2025-11-03,796.02
5900,2025-11-10,829.23
5900,2025-11-17,808.72
5900,2025-11-24,819.47
5900,2025-12-01,813.61
5900,2025-12-08,826.3
5900,2025-12-15,817.51
5900,2025-12-22,835.09
5900,2025-12-29,849.74
5900,2026-01-05,830.21
5900,2026-01-12,839.98
5900,2026-01-19,830.21
5900,2026-01-26,825.33
5900,2026-02-02,833.14
5900,2026-02-09,857.56
5900,2026-02-16,856.58
5900,2026-02-23,829.0
5900,2026-03-02,818.0
5900,2026-03-09,814.0
5900,2026-03-16,818.0
5900,2026-03-23,813.0
5900,2026-03-30,801.0
5900,2026-04-06,809.0
5900,2026-04-13,815.0
5900,2026-04-20,811.0
5900,2026-04-27,781.0
5900,2026-05-04,791.0
5900,2026-05-11,792.0
5900,2026-05-18,791.0
5900,2026-05-25,814.0
5900,2026-06-01,816.0
5900,2026-06-08,843.0
5900,2026-06-15,841.0
5900,2026-06-22,844.0
5900,2026-06-29,858.0
5900,2026-07-06,839.0
5900,2026-07-13,830.0
5900,2026-07-20,853.0
5900,2026-07-27,855.0
5900,2026-08-03,847.0
5900,2026-08-10,870.0
5900,2026-08-17,877.0
5900,2026-08-24,876.0
5901,2025-09-01,3457.91
5901,2025-09-08,3476.21
5901,2025-09-15,3324.95
5901,2025-09-22,3342.29
5901,2025-09-29,3217.89
5901,2025-10-06,3212.01
5901,2025-10-13,3288.42
5901,2025-10-20,3383.43
5901,2025-10-27,3390.29
5901,2025-11-03,3321.72
5901,2025-11-10,3541.14
5901,2025-11-17,3427.51
5901,2025-11-24,3648.9
5901,2025-12-01,3718.45
5901,2025-12-08,3788.98
5901,2025-12-15,3784.08
5901,2025-12-22,3711.59
5901,2025-12-29,3747.83
5901,2026-01-05,3763.51
5901,2026-01-12,3889.87
5901,2026-01-19,3887.91
5901,2026-01-26,3795.83
5901,2026-02-02,3959.42
5901,2026-02-09,3832.08
5901,2026-02-16,3835.02
5901,2026-02-23,3996.64
5901,2026-03-02,3755.67
5901,2026-03-09,3722.36
5901,2026-03-16,3613.63
5901,2026-03-23,3596.0
5901,2026-03-30,3468.0
5901,2026-04-06,3474.0
5901,2026-04-13,3353.0
5901,2026-04-20,3220.0
5901,2026-04-27,3438.0
5901,2026-05-04,3531.0
5901,2026-05-11,3706.0
5901,2026-05-18,3996.0
5901,2026-05-25,3890.0
5901,2026-06-01,3772.0
5901,2026-06-08,3933.0
5901,2026-06-15,4127.0
5901,2026-06-22,4167.0
5901,2026-06-29,4111.0
5901,2026-07-06,4027.0
5901,2026-07-13,4053.0
5901,2026-07-20,4097.0
5901,2026-07-27,4072.0
5901,2026-08-03,4325.0
5901,2026-08-10,4419.0
5901,2026-08-17,4448.0
5901,2026-08-24,4513.0
593A,2026-07-20,1102.0
593A,2026-07-27,1011.0
593A,2026-08-03,911.0
593A,2026-08-10,998.0
593A,2026-08-17,1057.0
593A,2026-08-24,1999.0
5971,2025-09-01,5948.6
5971,2025-09-08,6354.41
5971,2025-09-15,6176.25
5971,2025-09-22,6483.08
5971,2025-09-29,7027.46
5971,2025-10-06,6582.06
5971,2025-10-13,6898.79
5971,2025-10-20,6839.4
5971,2025-10-27,7037.36
5971,2025-11-03,6671.14
5971,2025-11-10,6908.68
5971,2025-11-17,6908.68
5971,2025-11-24,6878.99
5971,2025-12-01,6878.99
5971,2025-12-08,6908.68
5971,2025-12-15,7324.39
5971,2025-12-22,7433.27
5971,2025-12-29,7522.35
5971,2026-01-05,7344.19
5971,2026-01-12,7076.95
5971,2026-01-19,7076.95
5971,2026-01-26,7096.74
5971,2026-02-02,7146.23
5971,2026-02-09,7265.01
5971,2026-02-16,7373.88
5971,2026-02-23,7581.74
5971,2026-03-02,7324.39
5971,2026-03-09,7393.68
5971,2026-03-16,7641.12
5971,2026-03-23,7601.53
5971,2026-03-30,7789.59
5971,2026-04-06,7680.71
5971,2026-04-13,7730.2
5971,2026-04-20,7730.2
5971,2026-04-27,7270.0
5971,2026-05-04,7350.0
5971,2026-05-11,7100.0
5971,2026-05-18,7010.0
5971,2026-05-25,6950.0
5971,2026-06-01,6950.0
5971,2026-06-08,7010.0
5971,2026-06-15,7550.0
5971,2026-06-22,8080.0
5971,2026-06-29,8190.0
5971,2026-07-06,8060.0
5971,2026-07-13,8120.0
5971,2026-07-20,8120.0
5971,2026-07-27,8290.0
5971,2026-08-03,8040.0
5971,2026-08-10,8160.0
5971,2026-08-17,7820.0
5971,2026-08-24,8600.0
6027,2025-09-01,3725.0
6027,2025-09-08,3610.0
6027,2025-09-15,3370.0
6027,2025-09-22,3310.0
6027,2025-09-29,3045.0
6027,2025-10-06,3020.0
6027,2025-10-13,3035.0
6027,2025-10-20,3105.0
6027,2025-10-27,3050.0
6027,2025-11-03,2891.0
6027,2025-11-10,2891.0
6027,2025-11-17,2880.0
6027,2025-11-24,2943.0
6027,2025-12-01,3135.0
6027,2025-12-08,3010.0
6027,2025-12-15,2994.0
6027,2025-12-22,3185.0
6027,2025-12-29,3150.0
6027,2026-01-05,3270.0
6027,2026-01-12,3380.0
6027,2026-01-19,3040.0
6027,2026-01-26,2902.0
6027,2026-02-02,2500.0
6027,2026-02-09,2435.0
6027,2026-02-16,2307.0
6027,2026-02-23,2439.0
6027,2026-03-02,2801.0
6027,2026-03-09,2765.0
6027,2026-03-16,2850.0
6027,2026-03-23,2894.0
6027,2026-03-30,2835.0
6027,2026-04-06,2565.0
6027,2026-04-13,2583.0
6027,2026-04-20,2525.0
6027,2026-04-27,2520.0
6027,2026-05-04,2720.0
6027,2026-05-11,2710.0
6027,2026-05-18,2548.0
6027,2026-05-25,2406.0
6027,2026-06-01,2289.0
6027,2026-06-08,2106.0
6027,2026-06-15,2236.0
6027,2026-06-22,2050.0
6027,2026-06-29,2390.0
6027,2026-07-06,2374.0
6027,2026-07-13,2390.0
6027,2026-07-20,2199.0
6027,2026-07-27,2312.0
6027,2026-08-03,2388.0
6027,2026-08-10,3750.0
6027,2026-08-17,4475.0
6027,2026-08-24,5110.0
6058,2025-09-01,1126.2
6058,2025-09-08,1120.35
6058,2025-09-15,1118.4
6058,2025-09-22,1110.59
6058,2025-09-29,1064.72
6058,2025-10-06,1069.6
6058,2025-10-13,1147.67
6058,2025-10-20,1167.19
6058,2025-10-27,1133.03
6058,2025-11-03,1088.14
6058,2025-11-10,1123.28
6058,2025-11-17,1136.94
6058,2025-11-24,1122.3
6058,2025-12-01,1093.02
6058,2025-12-08,1089.12
6058,2025-12-15,1131.08
6058,2025-12-22,1156.46
6058,2025-12-29,1173.05
6058,2026-01-05,1233.55
6058,2026-01-12,1440.45
6058,2026-01-19,1492.17
6058,2026-01-26,1422.88
6058,2026-02-02,1452.16
6058,2026-02-09,1374.08
6058,2026-02-16,1321.39
6058,2026-02-23,1437.0
6058,2026-03-02,1384.0
6058,2026-03-09,1333.0
6058,2026-03-16,1289.0
6058,2026-03-23,1274.0
6058,2026-03-30,1288.0
6058,2026-04-06,1282.0
6058,2026-04-13,1190.0
6058,2026-04-20,1155.0
6058,2026-04-27,1267.0
6058,2026-05-04,1284.0
6058,2026-05-11,1259.0
6058,2026-05-18,1292.0
6058,2026-05-25,1408.0
6058,2026-06-01,1407.0
6058,2026-06-08,1472.0
6058,2026-06-15,1626.0
6058,2026-06-22,1685.0
6058,2026-06-29,1893.0
6058,2026-07-06,1982.0
6058,2026-07-13,1669.0
6058,2026-07-20,1750.0
6058,2026-07-27,1776.0
6058,2026-08-03,1848.0
6058,2026-08-10,1849.0
6058,2026-08-17,1900.0
6058,2026-08-24,2047.0
6087,2025-09-01,3265.22
6087,2025-09-08,3289.48
6087,2025-09-15,3323.44
6087,2025-09-22,3338.0
6087,2025-09-29,3075.0
6087,2025-10-06,3110.0
6087,2025-10-13,3100.0
6087,2025-10-20,3115.0
6087,2025-10-27,3115.0
6087,2025-11-03,3135.0
6087,2025-11-10,3175.0
6087,2025-11-17,3195.0
6087,2025-11-24,3215.0
6087,2025-12-01,3340.0
6087,2025-12-08,3305.0
6087,2025-12-15,3305.0
6087,2025-12-22,3370.0
6087,2025-12-29,3360.0
6087,2026-01-05,3380.0
6087,2026-01-12,3405.0
6087,2026-01-19,3395.0
6087,2026-01-26,3380.0
6087,2026-02-02,3400.0
6087,2026-02-09,3405.0
6087,2026-02-16,3420.0
6087,2026-02-23,3460.0
6087,2026-03-02,3440.0
6087,2026-03-09,3435.0
6087,2026-03-16,3450.0
6087,2026-03-23,3485.0
6087,2026-03-30,3375.0
6087,2026-04-06,3390.0
6087,2026-04-13,3410.0
6087,2026-04-20,3390.0
6087,2026-04-27,3405.0
6087,2026-05-04,3410.0
6087,2026-05-11,3400.0
6087,2026-05-18,3400.0
6087,2026-05-25,3405.0
6087,2026-06-01,3395.0
6087,2026-06-08,3335.0
6087,2026-06-15,3330.0
6087,2026-06-22,3320.0
6087,2026-06-29,3375.0
6087,2026-07-06,3450.0
6087,2026-07-13,3440.0
6087,2026-07-20,3435.0
6087,2026-07-27,3465.0
6087,2026-08-03,3470.0
6087,2026-08-10,3505.0
6087,2026-08-17,3525.0
6087,2026-08-24,3535.0
6098,2025-09-01,8431.97
6098,2025-09-08,8451.9
6098,2025-09-15,7902.79
6098,2025-09-22,8214.72
6098,2025-09-29,7866.89
6098,2025-10-06,8106.43
6098,2025-10-13,7401.78
6098,2025-10-20,7914.79
6098,2025-10-27,7693.22
6098,2025-11-03,8470.73
6098,2025-11-10,8087.46
6098,2025-11-17,7693.22
6098,2025-11-24,7990.65
6098,2025-12-01,8233.18
6098,2025-12-08,8296.06
6098,2025-12-15,8832.03
6098,2025-12-22,9082.55
6098,2025-12-29,8830.04
6098,2026-01-05,9314.11
6098,2026-01-12,9173.38
6098,2026-01-19,8571.53
6098,2026-01-26,8084.47
6098,2026-02-02,7048.46
6098,2026-02-09,6144.2
6098,2026-02-16,6271.95
6098,2026-02-23,6852.83
6098,2026-03-02,6988.57
6098,2026-03-09,6501.51
6098,2026-03-16,6319.86
6098,2026-03-23,6506.5
6098,2026-03-30,6942.0
6098,2026-04-06,7117.0
6098,2026-04-13,7524.0
6098,2026-04-20,7308.0
6098,2026-04-27,7361.0
6098,2026-05-04,7822.0
6098,2026-05-11,7825.0
6098,2026-05-18,9789.0
6098,2026-05-25,10570.0
6098,2026-06-01,10595.0
6098,2026-06-08,10790.0
6098,2026-06-15,10865.0
6098,2026-06-22,11040.0
6098,2026-06-29,11920.0
6098,2026-07-06,12240.0
6098,2026-07-13,12820.0
6098,2026-07-20,12055.0
6098,2026-07-27,12550.0
6098,2026-08-03,13165.0
6098,2026-08-10,16455.0
6098,2026-08-17,15900.0
6098,2026-08-24,17800.0
6176,2025-09-01,766.09
6176,2025-09-08,802.57
6176,2025-09-15,791.05
6176,2025-09-22,784.33
6176,2025-09-29,747.4
6176,2025-10-06,752.26
6176,2025-10-13,726.02
6176,2025-10-20,742.54
6176,2025-10-27,753.23
6176,2025-11-03,758.09
6176,2025-11-10,772.67
6176,2025-11-17,797.94
6176,2025-11-24,775.58
6176,2025-12-01,768.78
6176,2025-12-08,698.8
6176,2025-12-15,690.06
6176,2025-12-22,688.11
6176,2025-12-29,679.37
6176,2026-01-05,690.06
6176,2026-01-12,685.2
6176,2026-01-19,680.34
6176,2026-01-26,691.03
6176,2026-02-02,687.14
6176,2026-02-09,709.49
6176,2026-02-16,710.47
6176,2026-02-23,751.29
6176,2026-03-02,973.85
6176,2026-03-09,918.46
6176,2026-03-16,901.93
6176,2026-03-23,865.0
6176,2026-03-30,835.0
6176,2026-04-06,881.0
6176,2026-04-13,913.0
6176,2026-04-20,882.0
6176,2026-04-27,900.0
6176,2026-05-04,929.0
6176,2026-05-11,947.0
6176,2026-05-18,982.0
6176,2026-05-25,936.0
6176,2026-06-01,898.0
6176,2026-06-08,919.0
6176,2026-06-15,884.0
6176,2026-06-22,872.0
6176,2026-06-29,911.0
6176,2026-07-06,939.0
6176,2026-07-13,913.0
6176,2026-07-20,914.0
6176,2026-07-27,907.0
6176,2026-08-03,907.0
6176,2026-08-10,985.0
6176,2026-08-17,997.0
6176,2026-08-24,1050.0
6349,2025-09-01,1484.85
6349,2025-09-08,1459.99
6349,2025-09-15,1453.3
6349,2025-09-22,1481.98
6349,2025-09-29,1457.53
6349,2025-10-06,1449.7
6349,2025-10-13,1455.57
6349,2025-10-20,1492.74
6349,2025-10-27,1419.38
6349,2025-11-03,1414.49
6349,2025-11-10,1449.7
6349,2025-11-17,1449.7
6349,2025-11-24,1555.35
6349,2025-12-01,1494.7
6349,2025-12-08,1526.0
6349,2025-12-15,1502.53
6349,2025-12-22,1553.39
6349,2025-12-29,1551.44
6349,2026-01-05,1564.15
6349,2026-01-12,1609.15
6349,2026-01-19,1597.41
6349,2026-01-26,1636.54
6349,2026-02-02,1701.1
6349,2026-02-09,1689.36
6349,2026-02-16,1697.19
6349,2026-02-23,1778.38
6349,2026-03-02,1657.08
6349,2026-03-09,1591.54
6349,2026-03-16,1571.98
6349,2026-03-23,1571.0
6349,2026-03-30,1615.0
6349,2026-04-06,1636.0
6349,2026-04-13,1619.0
6349,2026-04-20,1551.0
6349,2026-04-27,1506.0
6349,2026-05-04,1565.0
6349,2026-05-11,1502.0
6349,2026-05-18,1454.0
6349,2026-05-25,1480.0
6349,2026-06-01,1477.0
6349,2026-06-08,1454.0
6349,2026-06-15,1492.0
6349,2026-06-22,1509.0
6349,2026-06-29,1519.0
6349,2026-07-06,1603.0
6349,2026-07-13,1606.0
6349,2026-07-20,1651.0
6349,2026-07-27,1865.0
6349,2026-08-03,1902.0
6349,2026-08-10,1916.0
6349,2026-08-17,2024.0
6349,2026-08-24,2066.0
6448,2025-09-01,2521.11
6448,2025-09-08,2534.61
6448,2025-09-15,2448.81
6448,2025-09-22,2487.37
6448,2025-09-29,2429.86
6448,2025-10-06,2498.68
6448,2025-10-13,2539.48
6448,2025-10-20,2636.32
6448,2025-10-27,2585.2
6448,2025-11-03,2567.99
6448,2025-11-10,2976.0
6448,2025-11-17,2912.58
6448,2025-11-24,3072.35
6448,2025-12-01,3025.16
6448,2025-12-08,3047.77
6448,2025-12-15,3066.45
6448,2025-12-22,3070.38
6448,2025-12-29,3069.4
6448,2026-01-05,3121.5
6448,2026-01-12,3236.53
6448,2026-01-19,3179.51
6448,2026-01-26,3089.06
6448,2026-02-02,3209.0
6448,2026-02-09,3054.65
6448,2026-02-16,3045.8
6448,2026-02-23,3177.54
6448,2026-03-02,3021.22
6448,2026-03-09,2902.75
6448,2026-03-16,2876.7
6448,2026-03-23,2917.5
6448,2026-03-30,2977.5
6448,2026-04-06,3055.0
6448,2026-04-13,3097.0
6448,2026-04-20,2895.0
6448,2026-04-27,2980.0
6448,2026-05-04,3225.0
6448,2026-05-11,3527.0
6448,2026-05-18,3488.0
6448,2026-05-25,3753.0
6448,2026-06-01,3786.0
6448,2026-06-08,3772.0
6448,2026-06-15,3777.0
6448,2026-06-22,3752.0
6448,2026-06-29,3779.0
6448,2026-07-06,3735.0
6448,2026-07-13,3810.0
6448,2026-07-20,3941.0
6448,2026-07-27,4011.0
6448,2026-08-03,4561.0
6448,2026-08-10,4744.0
6448,2026-08-17,4608.0
6448,2026-08-24,4844.0
6463,2025-09-01,1166.75
6463,2025-09-08,1161.97
6463,2025-09-15,1170.57
6463,2025-09-22,1176.3
6463,2025-09-29,1172.4
6463,2025-10-06,1159.72
6463,2025-10-13,1156.8
6463,2025-10-20,1218.25
6463,2025-10-27,1184.11
6463,2025-11-03,1178.26
6463,2025-11-10,1209.47
6463,2025-11-17,1201.66
6463,2025-11-24,1254.34
6463,2025-12-01,1251.41
6463,2025-12-08,1262.14
6463,2025-12-15,1268.97
6463,2025-12-22,1261.16
6463,2025-12-29,1259.21
6463,2026-01-05,1314.81
6463,2026-01-12,1367.48
6463,2026-01-19,1351.87
6463,2026-01-26,1307.98
6463,2026-02-02,1355.77
6463,2026-02-09,1346.02
6463,2026-02-16,1340.17
6463,2026-02-23,1375.28
6463,2026-03-02,1253.36
6463,2026-03-09,1181.18
6463,2026-03-16,1171.43
6463,2026-03-23,1228.0
6463,2026-03-30,1281.0
6463,2026-04-06,1296.0
6463,2026-04-13,1273.0
6463,2026-04-20,1232.0
6463,2026-04-27,1226.0
6463,2026-05-04,1248.0
6463,2026-05-11,1319.0
6463,2026-05-18,1295.0
6463,2026-05-25,1399.0
6463,2026-06-01,1444.0
6463,2026-06-08,1412.0
6463,2026-06-15,1424.0
6463,2026-06-22,1402.0
6463,2026-06-29,1417.0
6463,2026-07-06,1405.0
6463,2026-07-13,1400.0
6463,2026-07-20,1413.0
6463,2026-07-27,1496.0
6463,2026-08-03,1480.0
6463,2026-08-10,1553.0
6463,2026-08-17,1560.0
6463,2026-08-24,1597.0
6523,2025-09-01,1068.67
6523,2025-09-08,980.25
6523,2025-09-15,962.96
6523,2025-09-22,968.72
6523,2025-09-29,932.41
6523,2025-10-06,1013.87
6523,2025-10-13,1020.74
6523,2025-10-20,1028.59
6523,2025-10-27,990.31
6523,2025-11-03,1008.96
6523,2025-11-10,949.09
6523,2025-11-17,971.67
6523,2025-11-24,1007.98
6523,2025-12-01,1048.22
6523,2025-12-08,1063.93
6523,2025-12-15,1098.28
6523,2025-12-22,1107.11
6523,2025-12-29,1091.41
6523,2026-01-05,1156.19
6523,2026-01-12,1157.17
6523,2026-01-19,1147.35
6523,2026-01-26,1063.93
6523,2026-02-02,1069.81
6523,2026-02-09,1001.11
6523,2026-02-16,1024.67
6523,2026-02-23,1079.63
6523,2026-03-02,1013.87
6523,2026-03-09,965.78
6523,2026-03-16,981.48
6523,2026-03-23,1113.0
6523,2026-03-30,1115.0
6523,2026-04-06,1076.0
6523,2026-04-13,1064.0
6523,2026-04-20,1000.0
6523,2026-04-27,1005.0
6523,2026-05-04,1007.0
6523,2026-05-11,963.0
6523,2026-05-18,1071.0
6523,2026-05-25,1105.0
6523,2026-06-01,1090.0
6523,2026-06-08,1070.0
6523,2026-06-15,1043.0
6523,2026-06-22,1012.0
6523,2026-06-29,1035.0
6523,2026-07-06,1051.0
6523,2026-07-13,1095.0
6523,2026-07-20,1079.0
6523,2026-07-27,1100.0
6523,2026-08-03,1311.0
6523,2026-08-10,1415.0
6523,2026-08-17,1473.0
6523,2026-08-24,1540.0
6676,2025-09-01,1750.79
6676,2025-09-08,1779.93
6676,2025-09-15,1719.22
6676,2025-09-22,1738.65
6676,2025-09-29,1748.52
6676,2025-10-06,1743.58
6676,2025-10-13,1731.24
6676,2025-10-20,1790.51
6676,2025-10-27,1713.95
6676,2025-11-03,1758.4
6676,2025-11-10,2422.74
6676,2025-11-17,2395.58
6676,2025-11-24,2489.42
6676,2025-12-01,2375.82
6676,2025-12-08,2338.77
6676,2025-12-15,2395.58
6676,2025-12-22,2422.74
6676,2025-12-29,2398.05
6676,2026-01-05,2479.54
6676,2026-01-12,2410.39
6676,2026-01-19,2331.36
6676,2026-01-26,2217.76
6676,2026-02-02,2291.85
6676,2026-02-09,2677.12
6676,2026-02-16,2479.54
6676,2026-02-23,2607.97
6676,2026-03-02,2430.15
6676,2026-03-09,2422.74
6676,2026-03-16,2437.56
6676,2026-03-23,2442.5
6676,2026-03-30,2421.0
6676,2026-04-06,2470.0
6676,2026-04-13,2536.0
6676,2026-04-20,2466.0
6676,2026-04-27,2417.0
6676,2026-05-04,2525.0
6676,2026-05-11,2541.0
6676,2026-05-18,2354.0
6676,2026-05-25,2324.0
6676,2026-06-01,2352.0
6676,2026-06-08,2541.0
6676,2026-06-15,2767.0
6676,2026-06-22,2422.0
6676,2026-06-29,2540.0
6676,2026-07-06,2643.0
6676,2026-07-13,2584.0
6676,2026-07-20,2712.0
6676,2026-07-27,2741.0
6676,2026-08-03,2894.0
6676,2026-08-10,2882.0
6676,2026-08-17,2942.0
6676,2026-08-24,3085.0
6750,2025-09-01,1786.74
6750,2025-09-08,1805.13
6750,2025-09-15,1835.13
6750,2025-09-22,1849.65
6750,2025-09-29,1802.55
6750,2025-10-06,1771.15
6750,2025-10-13,1765.26
6750,2025-10-20,1846.71
6750,2025-10-27,1770.17
6750,2025-11-03,1779.0
6750,2025-11-10,1752.51
6750,2025-11-17,1761.34
6750,2025-11-24,1755.45
6750,2025-12-01,1707.37
6750,2025-12-08,1728.96
6750,2025-12-15,1746.62
6750,2025-12-22,1707.37
6750,2025-12-29,1689.71
6750,2026-01-05,1654.38
6750,2026-01-12,1675.97
6750,2026-01-19,1664.19
6750,2026-01-26,1615.13
6750,2026-02-02,1623.96
6750,2026-02-09,1629.85
6750,2026-02-16,1750.54
6750,2026-02-23,1760.36
6750,2026-03-02,1715.22
6750,2026-03-09,1663.21
6750,2026-03-16,1615.13
6750,2026-03-23,1622.0
6750,2026-03-30,1635.0
6750,2026-04-06,1633.0
6750,2026-04-13,1647.0
6750,2026-04-20,1600.0
6750,2026-04-27,1605.0
6750,2026-05-04,1626.0
6750,2026-05-11,1606.0
6750,2026-05-18,1665.0
6750,2026-05-25,1696.0
6750,2026-06-01,1740.0
6750,2026-06-08,1750.0
6750,2026-06-15,1749.0
6750,2026-06-22,1800.0
6750,2026-06-29,1804.0
6750,2026-07-06,1819.0
6750,2026-07-13,1785.0
6750,2026-07-20,1835.0
6750,2026-07-27,1861.0
6750,2026-08-03,1848.0
6750,2026-08-10,1928.0
6750,2026-08-17,1938.0
6750,2026-08-24,2007.0
6820,2025-09-01,2849.46
6820,2025-09-08,2963.52
6820,2025-09-15,2919.65
6820,2025-09-22,2968.39
6820,2025-09-29,3027.37
6820,2025-10-06,2992.97
6820,2025-10-13,2973.31
6820,2025-10-20,2963.48
6820,2025-10-27,3086.34
6820,2025-11-03,3169.89
6820,2025-11-10,2761.0
6820,2025-11-17,2709.89
6820,2025-11-24,2762.97
6820,2025-12-01,2730.53
6820,2025-12-08,2799.33
6820,2025-12-15,2786.55
6820,2025-12-22,2818.01
6820,2025-12-29,2862.24
6820,2026-01-05,2932.03
6820,2026-01-12,3056.86
6820,2026-01-19,3007.71
6820,2026-01-26,2935.96
6820,2026-02-02,2928.09
6820,2026-02-09,3007.71
6820,2026-02-16,3091.26
6820,2026-02-23,3135.49
6820,2026-03-02,3042.11
6820,2026-03-09,2978.22
6820,2026-03-16,2958.56
6820,2026-03-23,2876.0
6820,2026-03-30,3050.0
6820,2026-04-06,3040.0
6820,2026-04-13,3250.0
6820,2026-04-20,3145.0
6820,2026-04-27,3035.0
6820,2026-05-04,3050.0
6820,2026-05-11,2980.0
6820,2026-05-18,3020.0
6820,2026-05-25,3115.0
6820,2026-06-01,3010.0
6820,2026-06-08,2993.0
6820,2026-06-15,2945.0
6820,2026-06-22,3060.0
6820,2026-06-29,3240.0
6820,2026-07-06,3320.0
6820,2026-07-13,3260.0
6820,2026-07-20,3300.0
6820,2026-07-27,3285.0
6820,2026-08-03,3340.0
6820,2026-08-10,3500.0
6820,2026-08-17,3530.0
6820,2026-08-24,3750.0
6942,2025-09-01,1247.0
6942,2025-09-08,1256.0
6942,2025-09-15,1277.0
6942,2025-09-22,1290.0
6942,2025-09-29,1150.0
6942,2025-10-06,1193.0
6942,2025-10-13,1200.0
6942,2025-10-20,1200.0
6942,2025-10-27,1198.0
6942,2025-11-03,1204.0
6942,2025-11-10,1200.0
6942,2025-11-17,1199.0
6942,2025-11-24,1207.0
6942,2025-12-01,1200.0
6942,2025-12-08,1197.0
6942,2025-12-15,1200.0
6942,2025-12-22,1204.0
6942,2025-12-29,1206.0
6942,2026-01-05,1210.0
6942,2026-01-12,1210.0
6942,2026-01-19,1229.0
6942,2026-01-26,1255.0
6942,2026-02-02,1270.0
6942,2026-02-09,1283.0
6942,2026-02-16,1284.0
6942,2026-02-23,1316.0
6942,2026-03-02,1365.0
6942,2026-03-09,1356.0
6942,2026-03-16,1365.0
6942,2026-03-23,1371.0
6942,2026-03-30,1254.0
6942,2026-04-06,1289.0
6942,2026-04-13,1270.0
6942,2026-04-20,1280.0
6942,2026-04-27,1280.0
6942,2026-05-04,1290.0
6942,2026-05-11,1296.0
6942,2026-05-18,1316.0
6942,2026-05-25,1307.0
6942,2026-06-01,1304.0
6942,2026-06-08,1310.0
6942,2026-06-15,1310.0
6942,2026-06-22,1316.0
6942,2026-06-29,1348.0
6942,2026-07-06,1350.0
6942,2026-07-13,1352.0
6942,2026-07-20,1369.0
6942,2026-07-27,1375.0
6942,2026-08-03,1380.0
6942,2026-08-10,1370.0
6942,2026-08-17,1383.0
6942,2026-08-24,1434.0
7167,2025-09-01,882.36
7167,2025-09-08,904.88
7167,2025-09-15,885.68
7167,2025-09-22,935.3
7167,2025-09-29,915.26
7167,2025-10-06,907.26
7167,2025-10-13,875.37
7167,2025-10-20,900.25
7167,2025-10-27,949.72
7167,2025-11-03,936.49
7167,2025-11-10,966.8
7167,2025-11-17,946.86
7167,2025-11-24,1006.59
7167,2025-12-01,1020.41
7167,2025-12-08,1038.68
7167,2025-12-15,1054.97
7167,2025-12-22,1025.84
7167,2025-12-29,1024.86
7167,2026-01-05,1087.06
7167,2026-01-12,1151.23
7167,2026-01-19,1132.97
7167,2026-01-26,1148.77
7167,2026-02-02,1257.87
7167,2026-02-09,1298.35
7167,2026-02-16,1303.28
7167,2026-02-23,1325.99
7167,2026-03-02,1239.6
7167,2026-03-09,1166.04
7167,2026-03-16,1183.32
7167,2026-03-23,1247.5
7167,2026-03-30,1286.0
7167,2026-04-06,1353.5
7167,2026-04-13,1343.5
7167,2026-04-20,1222.0
7167,2026-04-27,1296.0
7167,2026-05-04,1313.5
7167,2026-05-11,1377.5
7167,2026-05-18,1396.5
7167,2026-05-25,1329.5
7167,2026-06-01,1357.5
7167,2026-06-08,1402.0
7167,2026-06-15,1411.0
7167,2026-06-22,1407.5
7167,2026-06-29,1509.0
7167,2026-07-06,1539.5
7167,2026-07-13,1427.0
7167,2026-07-20,1541.0
7167,2026-07-27,1497.0
7167,2026-08-03,1580.0
7167,2026-08-10,1658.5
7167,2026-08-17,1648.5
7167,2026-08-24,1700.5
7175,2025-09-01,1068.24
7175,2025-09-08,1081.47
7175,2025-09-15,1089.98
7175,2025-09-22,1100.38
7175,2025-09-29,1097.49
7175,2025-10-06,1088.84
7175,2025-10-13,1079.22
7175,2025-10-20,1106.15
7175,2025-10-27,1091.72
7175,2025-11-03,1078.26
7175,2025-11-10,1103.27
7175,2025-11-17,1085.95
7175,2025-11-24,1098.46
7175,2025-12-01,1097.49
7175,2025-12-08,1161.94
7175,2025-12-15,1154.24
7175,2025-12-22,1195.6
7175,2025-12-29,1180.22
7175,2026-01-05,1240.81
7175,2026-01-12,1256.2
7175,2026-01-19,1245.62
7175,2026-01-26,1250.43
7175,2026-02-02,1255.24
7175,2026-02-09,1322.57
7175,2026-02-16,1328.34
7175,2026-02-23,1348.54
7175,2026-03-02,1294.68
7175,2026-03-09,1280.25
7175,2026-03-16,1275.44
7175,2026-03-23,1337.0
7175,2026-03-30,1301.0
7175,2026-04-06,1315.0
7175,2026-04-13,1349.0
7175,2026-04-20,1405.0
7175,2026-04-27,1350.0
7175,2026-05-04,1338.0
7175,2026-05-11,1344.0
7175,2026-05-18,1340.0
7175,2026-05-25,1362.0
7175,2026-06-01,1341.0
7175,2026-06-08,1320.0
7175,2026-06-15,1333.0
7175,2026-06-22,1365.0
7175,2026-06-29,1404.0
7175,2026-07-06,1430.0
7175,2026-07-13,1495.0
7175,2026-07-20,1720.0
7175,2026-07-27,1708.0
7175,2026-08-03,1700.0
7175,2026-08-10,1717.0
7175,2026-08-17,1859.0
7175,2026-08-24,2001.0
7177,2025-09-01,929.77
7177,2025-09-08,945.86
7177,2025-09-15,923.14
7177,2025-09-22,928.82
7177,2025-09-29,891.2
7177,2025-10-06,879.67
7177,2025-10-13,892.16
7177,2025-10-20,881.59
7177,2025-10-27,865.24
7177,2025-11-03,872.94
7177,2025-11-10,892.16
7177,2025-11-17,895.05
7177,2025-11-24,889.28
7177,2025-12-01,867.17
7177,2025-12-08,873.9
7177,2025-12-15,846.02
7177,2025-12-22,861.4
7177,2025-12-29,848.28
7177,2026-01-05,849.25
7177,2026-01-12,861.86
7177,2026-01-19,856.04
7177,2026-01-26,862.84
7177,2026-02-02,852.16
7177,2026-02-09,849.25
7177,2026-02-16,884.19
7177,2026-02-23,925.92
7177,2026-03-02,901.66
7177,2026-03-09,877.39
7177,2026-03-16,890.98
7177,2026-03-23,885.16
7177,2026-03-30,914.41
7177,2026-04-06,915.4
7177,2026-04-13,993.24
7177,2026-04-20,1036.6
7177,2026-04-27,1030.69
7177,2026-05-04,1079.95
7177,2026-05-11,1011.96
7177,2026-05-18,1140.06
7177,2026-05-25,1134.15
7177,2026-06-01,1025.76
7177,2026-06-08,989.3
7177,2026-06-15,951.86
7177,2026-06-22,972.55
7177,2026-06-29,1029.0
7177,2026-07-06,1067.0
7177,2026-07-13,1042.0
7177,2026-07-20,1043.0
7177,2026-07-27,1088.0
7177,2026-08-03,1088.0
7177,2026-08-10,1102.0
7177,2026-08-17,1126.0
7177,2026-08-24,1205.0
7184,2025-09-01,1218.12
7184,2025-09-08,1266.96
7184,2025-09-15,1216.2
7184,2025-09-22,1287.07
7184,2025-09-29,1477.78
7184,2025-10-06,1437.68
7184,2025-10-13,1389.76
7184,2025-10-20,1446.48
7184,2025-10-27,1424.97
7184,2025-11-03,1386.82
7184,2025-11-10,1537.44
7184,2025-11-17,1560.91
7184,2025-11-24,1670.45
7184,2025-12-01,1686.09
7184,2025-12-08,1737.93
7184,2025-12-15,1742.82
7184,2025-12-22,1748.69
7184,2025-12-29,1775.09
7184,2026-01-05,1898.32
7184,2026-01-12,2100.77
7184,2026-01-19,2369.73
7184,2026-01-26,2174.12
7184,2026-02-02,2679.76
7184,2026-02-09,2656.28
7184,2026-02-16,2534.03
7184,2026-02-23,2664.11
7184,2026-03-02,2349.19
7184,2026-03-09,2401.02
7184,2026-03-16,2452.86
7184,2026-03-23,2491.0
7184,2026-03-30,2447.0
7184,2026-04-06,2602.0
7184,2026-04-13,2755.0
7184,2026-04-20,2486.0
7184,2026-04-27,2566.0
7184,2026-05-04,2570.0
7184,2026-05-11,2695.0
7184,2026-05-18,2700.0
7184,2026-05-25,2498.0
7184,2026-06-01,2490.0
7184,2026-06-08,2497.0
7184,2026-06-15,2400.0
7184,2026-06-22,2436.0
7184,2026-06-29,2671.0
7184,2026-07-06,2677.0
7184,2026-07-13,2685.0
7184,2026-07-20,3065.0
7184,2026-07-27,2911.0
7184,2026-08-03,3055.0
7184,2026-08-10,3310.0
7184,2026-08-17,3175.0
7184,2026-08-24,3415.0
7322,2025-09-01,853.42
7322,2025-09-08,853.42
7322,2025-09-15,840.08
7322,2025-09-22,878.87
7322,2025-09-29,860.12
7322,2025-10-06,866.29
7322,2025-10-13,874.92
7322,2025-10-20,898.37
7322,2025-10-27,900.84
7322,2025-11-03,920.58
7322,2025-11-10,942.8
7322,2025-11-17,950.2
7322,2025-11-24,1009.43
7322,2025-12-01,1004.5
7322,2025-12-08,1010.67
7322,2025-12-15,1042.75
7322,2025-12-22,1043.99
7322,2025-12-29,1087.18
7322,2026-01-05,1148.88
7322,2026-01-12,1229.09
7322,2026-01-19,1263.64
7322,2026-01-26,1234.03
7322,2026-02-02,1377.17
7322,2026-02-09,1505.51
7322,2026-02-16,1510.45
7322,2026-02-23,1557.34
7322,2026-03-02,1515.38
7322,2026-03-09,1495.64
7322,2026-03-16,1503.04
7322,2026-03-23,1545.0
7322,2026-03-30,1516.0
7322,2026-04-06,1646.0
7322,2026-04-13,1680.0
7322,2026-04-20,1529.0
7322,2026-04-27,1634.0
7322,2026-05-04,1659.0
7322,2026-05-11,1697.0
7322,2026-05-18,1711.0
7322,2026-05-25,1598.0
7322,2026-06-01,1612.0
7322,2026-06-08,1751.0
7322,2026-06-15,1660.0
7322,2026-06-22,1721.0
7322,2026-06-29,1825.0
7322,2026-07-06,1799.0
7322,2026-07-13,1775.0
7322,2026-07-20,1997.0
7322,2026-07-27,1910.0
7322,2026-08-03,1901.0
7322,2026-08-10,2077.0
7322,2026-08-17,2012.0
7322,2026-08-24,2152.0
7327,2025-09-01,1300.73
7327,2025-09-08,1318.39
7327,2025-09-15,1294.31
7327,2025-09-22,1371.39
7327,2025-09-29,1399.54
7327,2025-10-06,1400.52
7327,2025-10-13,1417.22
7327,2025-10-20,1432.93
7327,2025-10-27,1461.42
7327,2025-11-03,1457.49
7327,2025-11-10,1472.22
7327,2025-11-17,1502.67
7327,2025-11-24,1590.07
7327,2025-12-01,1622.49
7327,2025-12-08,1602.84
7327,2025-12-15,1619.54
7327,2025-12-22,1594.0
7327,2025-12-29,1598.91
7327,2026-01-05,1712.84
7327,2026-01-12,1780.61
7327,2026-01-19,1819.89
7327,2026-01-26,1804.18
7327,2026-02-02,1868.02
7327,2026-02-09,1997.66
7327,2026-02-16,1962.3
7327,2026-02-23,2004.54
7327,2026-03-02,2011.41
7327,2026-03-09,1936.77
7327,2026-03-16,1931.86
7327,2026-03-23,1979.0
7327,2026-03-30,1937.0
7327,2026-04-06,2015.0
7327,2026-04-13,1996.0
7327,2026-04-20,1841.0
7327,2026-04-27,1944.0
7327,2026-05-04,1977.0
7327,2026-05-11,2030.0
7327,2026-05-18,2115.0
7327,2026-05-25,2020.0
7327,2026-06-01,2046.0
7327,2026-06-08,2104.0
7327,2026-06-15,2076.0
7327,2026-06-22,2131.0
7327,2026-06-29,2211.0
7327,2026-07-06,2246.0
7327,2026-07-13,2202.0
7327,2026-07-20,2365.0
7327,2026-07-27,2308.0
7327,2026-08-03,2372.0
7327,2026-08-10,2500.0
7327,2026-08-17,2465.0
7327,2026-08-24,2586.0
7389,2025-09-01,593.14
7389,2025-09-08,597.02
7389,2025-09-15,590.22
7389,2025-09-22,615.5
7389,2025-09-29,646.13
7389,2025-10-06,721.21
7389,2025-10-13,732.08
7389,2025-10-20,738.01
7389,2025-10-27,785.43
7389,2025-11-03,813.09
7389,2025-11-10,830.87
7389,2025-11-17,845.69
7389,2025-11-24,917.82
7389,2025-12-01,937.57
7389,2025-12-08,910.9
7389,2025-12-15,931.65
7389,2025-12-22,896.08
7389,2025-12-29,908.92
7389,2026-01-05,977.09
7389,2026-01-12,1086.76
7389,2026-01-19,1112.44
7389,2026-01-26,1080.83
7389,2026-02-02,1165.79
7389,2026-02-09,1252.73
7389,2026-02-16,1234.95
7389,2026-02-23,1304.11
7389,2026-03-02,1185.55
7389,2026-03-09,1185.55
7389,2026-03-16,1250.76
7389,2026-03-23,1395.0
7389,2026-03-30,1432.0
7389,2026-04-06,1588.0
7389,2026-04-13,1640.0
7389,2026-04-20,1459.0
7389,2026-04-27,1478.0
7389,2026-05-04,1499.0
7389,2026-05-11,1522.0
7389,2026-05-18,1413.0
7389,2026-05-25,1357.0
7389,2026-06-01,1346.0
7389,2026-06-08,1367.0
7389,2026-06-15,1355.0
7389,2026-06-22,1384.0
7389,2026-06-29,1483.0
7389,2026-07-06,1498.0
7389,2026-07-13,1687.0
7389,2026-07-20,1828.0
7389,2026-07-27,1737.0
7389,2026-08-03,1622.0
7389,2026-08-10,1868.0
7389,2026-08-17,1803.0
7389,2026-08-24,1958.0
7550,2025-09-01,9251.02
7550,2025-09-08,9519.96
7550,2025-09-15,9780.96
7550,2025-09-22,10033.02
7550,2025-09-29,9932.44
7550,2025-10-06,10057.92
7550,2025-10-13,10102.73
7550,2025-10-20,9871.7
7550,2025-10-27,9564.98
7550,2025-11-03,9281.17
7550,2025-11-10,8932.62
7550,2025-11-17,8789.22
7550,2025-11-24,9366.81
7550,2025-12-01,9155.69
7550,2025-12-08,9298.1
7550,2025-12-15,9139.76
7550,2025-12-22,8970.47
7550,2025-12-29,8937.6
7550,2026-01-05,8711.55
7550,2026-01-12,8544.25
7550,2026-01-19,8509.4
7550,2026-01-26,8342.1
7550,2026-02-02,8973.45
7550,2026-02-09,9664.56
7550,2026-02-16,9820.91
7550,2026-02-23,9887.63
7550,2026-03-02,9790.04
7550,2026-03-09,9519.17
7550,2026-03-16,9225.4
7550,2026-03-23,9560.0
7550,2026-03-30,9537.0
7550,2026-04-06,8801.0
7550,2026-04-13,8509.0
7550,2026-04-20,8036.0
7550,2026-04-27,8680.0
7550,2026-05-04,8802.0
7550,2026-05-11,7750.0
7550,2026-05-18,7842.0
7550,2026-05-25,8052.0
7550,2026-06-01,7536.0
7550,2026-06-08,7927.0
7550,2026-06-15,7621.0
7550,2026-06-22,7931.0
7550,2026-06-29,8232.0
7550,2026-07-06,8793.0
7550,2026-07-13,9303.0
7550,2026-07-20,9127.0
7550,2026-07-27,9974.0
7550,2026-08-03,10475.0
7550,2026-08-10,11350.0
7550,2026-08-17,11480.0
7550,2026-08-24,12000.0
7743,2025-09-01,541.68
7743,2025-09-08,535.82
7743,2025-09-15,536.8
7743,2025-09-22,532.9
7743,2025-09-29,517.28
7743,2025-10-06,521.18
7743,2025-10-13,522.16
7743,2025-10-20,543.63
7743,2025-10-27,554.37
7743,2025-11-03,568.03
7743,2025-11-10,555.34
7743,2025-11-17,571.94
7743,2025-11-24,573.89
7743,2025-12-01,558.27
7743,2025-12-08,556.32
7743,2025-12-15,551.44
7743,2025-12-22,549.49
7743,2025-12-29,561.2
7743,2026-01-05,569.01
7743,2026-01-12,602.19
7743,2026-01-19,575.84
7743,2026-01-26,564.13
7743,2026-02-02,577.79
7743,2026-02-09,511.42
7743,2026-02-16,519.23
7743,2026-02-23,553.39
7743,2026-03-02,525.09
7743,2026-03-09,611.95
7743,2026-03-16,557.3
7743,2026-03-23,610.0
7743,2026-03-30,611.0
7743,2026-04-06,603.0
7743,2026-04-13,581.0
7743,2026-04-20,534.0
7743,2026-04-27,537.0
7743,2026-05-04,545.0
7743,2026-05-11,505.0
7743,2026-05-18,517.0
7743,2026-05-25,500.0
7743,2026-06-01,488.0
7743,2026-06-08,485.0
7743,2026-06-15,488.0
7743,2026-06-22,502.0
7743,2026-06-29,512.0
7743,2026-07-06,514.0
7743,2026-07-13,509.0
7743,2026-07-20,515.0
7743,2026-07-27,535.0
7743,2026-08-03,522.0
7743,2026-08-10,533.0
7743,2026-08-17,534.0
7743,2026-08-24,735.0
7803,2025-09-01,340.7
7803,2025-09-08,328.82
7803,2025-09-15,331.3
7803,2025-09-22,324.36
7803,2025-09-29,314.95
7803,2025-10-06,305.05
7803,2025-10-13,291.18
7803,2025-10-20,294.16
7803,2025-10-27,285.24
7803,2025-11-03,284.25
7803,2025-11-10,285.24
7803,2025-11-17,331.79
7803,2025-11-24,332.78
7803,2025-12-01,293.16
7803,2025-12-08,297.13
7803,2025-12-15,301.09
7803,2025-12-22,297.13
7803,2025-12-29,293.16
7803,2026-01-05,305.05
7803,2026-01-12,303.07
7803,2026-01-19,298.12
7803,2026-01-26,279.3
7803,2026-02-02,268.4
7803,2026-02-09,272.37
7803,2026-02-16,263.45
7803,2026-02-23,282.27
7803,2026-03-02,286.23
7803,2026-03-09,270.39
7803,2026-03-16,259.49
7803,2026-03-23,254.54
7803,2026-03-30,257.51
7803,2026-04-06,256.52
7803,2026-04-13,259.49
7803,2026-04-20,249.59
7803,2026-04-27,249.59
7803,2026-05-04,258.5
7803,2026-05-11,250.58
7803,2026-05-18,247.61
7803,2026-05-25,253.55
7803,2026-06-01,259.49
7803,2026-06-08,284.25
7803,2026-06-15,259.49
7803,2026-06-22,258.5
7803,2026-06-29,308.0
7803,2026-07-06,350.0
7803,2026-07-13,415.0
7803,2026-07-20,367.0
7803,2026-07-27,377.0
7803,2026-08-03,383.0
7803,2026-08-10,394.0
7803,2026-08-17,401.0
7803,2026-08-24,438.0
7832,2025-09-01,4917.76
7832,2025-09-08,4932.5
7832,2025-09-15,4759.5
7832,2025-09-22,4846.99
7832,2025-09-29,4773.91
7832,2025-10-06,4761.07
7832,2025-10-13,4604.04
7832,2025-10-20,4747.24
7832,2025-10-27,4742.3
7832,2025-11-03,4503.31
7832,2025-11-10,4549.73
7832,2025-11-17,4487.51
7832,2025-11-24,4520.1
7832,2025-12-01,4268.27
7832,2025-12-08,4228.77
7832,2025-12-15,4164.58
7832,2025-12-22,4173.46
7832,2025-12-29,4120.14
7832,2026-01-05,4156.68
7832,2026-01-12,4120.14
7832,2026-01-19,4055.94
7832,2026-01-26,3960.15
7832,2026-02-02,4142.85
7832,2026-02-09,3960.15
7832,2026-02-16,3979.9
7832,2026-02-23,4191.24
7832,2026-03-02,4074.71
7832,2026-03-09,4210.99
7832,2026-03-16,4125.07
7832,2026-03-23,3972.0
7832,2026-03-30,3977.0
7832,2026-04-06,3854.0
7832,2026-04-13,3935.0
7832,2026-04-20,3744.0
7832,2026-04-27,3608.0
7832,2026-05-04,3637.0
7832,2026-05-11,3709.0
7832,2026-05-18,3704.0
7832,2026-05-25,3641.0
7832,2026-06-01,3751.0
7832,2026-06-08,3666.0
7832,2026-06-15,3591.0
7832,2026-06-22,3698.0
7832,2026-06-29,3916.0
7832,2026-07-06,4017.0
7832,2026-07-13,4189.0
7832,2026-07-20,4111.0
7832,2026-07-27,4609.0
7832,2026-08-03,5398.0
7832,2026-08-10,5435.0
7832,2026-08-17,5484.0
7832,2026-08-24,5687.0
7839,2025-09-01,1790.48
7839,2025-09-08,1785.64
7839,2025-09-15,1783.71
7839,2025-09-22,1775.0
7839,2025-09-29,1700.0
7839,2025-10-06,1675.0
7839,2025-10-13,1675.0
7839,2025-10-20,1695.0
7839,2025-10-27,1639.0
7839,2025-11-03,1690.0
7839,2025-11-10,1745.0
7839,2025-11-17,1829.0
7839,2025-11-24,1860.0
7839,2025-12-01,1850.0
7839,2025-12-08,1843.0
7839,2025-12-15,1785.0
7839,2025-12-22,1798.0
7839,2025-12-29,1777.0
7839,2026-01-05,1819.0
7839,2026-01-12,1816.0
7839,2026-01-19,1799.0
7839,2026-01-26,1775.0
7839,2026-02-02,1726.0
7839,2026-02-09,1714.0
7839,2026-02-16,1704.0
7839,2026-02-23,1800.0
7839,2026-03-02,1678.0
7839,2026-03-09,1618.0
7839,2026-03-16,1605.0
7839,2026-03-23,1652.0
7839,2026-03-30,1717.0
7839,2026-04-06,1677.0
7839,2026-04-13,1717.0
7839,2026-04-20,1620.0
7839,2026-04-27,1850.0
7839,2026-05-04,1815.0
7839,2026-05-11,1794.0
7839,2026-05-18,1670.0
7839,2026-05-25,1746.0
7839,2026-06-01,1871.0
7839,2026-06-08,1824.0
7839,2026-06-15,1797.0
7839,2026-06-22,1774.0
7839,2026-06-29,1841.0
7839,2026-07-06,1826.0
7839,2026-07-13,1874.0
7839,2026-07-20,1897.0
7839,2026-07-27,1951.0
7839,2026-08-03,2018.0
7839,2026-08-10,2051.0
7839,2026-08-17,2077.0
7839,2026-08-24,2113.0
7846,2025-09-01,1481.44
7846,2025-09-08,1517.55
7846,2025-09-15,1593.34
7846,2025-09-22,1565.69
7846,2025-09-29,1522.1
7846,2025-10-06,1529.26
7846,2025-10-13,1524.7
7846,2025-10-20,1521.12
7846,2025-10-27,1515.92
7846,2025-11-03,1518.85
7846,2025-11-10,1550.73
7846,2025-11-17,1545.2
7846,2025-11-24,1594.97
7846,2025-12-01,1532.18
7846,2025-12-08,1558.21
7846,2025-12-15,1572.52
7846,2025-12-22,1626.52
7846,2025-12-29,1604.46
7846,2026-01-05,1586.68
7846,2026-01-12,1614.01
7846,2026-01-19,1631.46
7846,2026-01-26,1598.87
7846,2026-02-02,1643.31
7846,2026-02-09,1633.11
7846,2026-02-16,1595.24
7846,2026-02-23,1606.77
7846,2026-03-02,1504.7
7846,2026-03-09,1493.83
7846,2026-03-16,1520.17
7846,2026-03-23,1571.21
7846,2026-03-30,1602.49
7846,2026-04-06,1627.84
7846,2026-04-13,1586.35
7846,2026-04-20,1579.44
7846,2026-04-27,1580.43
7846,2026-05-04,1563.96
7846,2026-05-11,1535.65
7846,2026-05-18,1629.16
7846,2026-05-25,1638.38
7846,2026-06-01,1605.12
7846,2026-06-08,1626.85
7846,2026-06-15,1625.21
7846,2026-06-22,1695.67
7846,2026-06-29,1724.5
7846,2026-07-06,1768.0
7846,2026-07-13,1803.0
7846,2026-07-20,1778.0
7846,2026-07-27,1813.5
7846,2026-08-03,2004.5
7846,2026-08-10,1983.0
7846,2026-08-17,1991.5
7846,2026-08-24,2071.5
7919,2025-09-01,193.86
7919,2025-09-08,194.82
7919,2025-09-15,195.78
7919,2025-09-22,200.61
7919,2025-09-29,193.29
7919,2025-10-06,189.38
7919,2025-10-13,183.52
7919,2025-10-20,187.43
7919,2025-10-27,184.5
7919,2025-11-03,186.45
7919,2025-11-10,187.43
7919,2025-11-17,185.48
7919,2025-11-24,188.4
7919,2025-12-01,187.43
7919,2025-12-08,189.38
7919,2025-12-15,199.14
7919,2025-12-22,199.14
7919,2025-12-29,201.1
7919,2026-01-05,208.9
7919,2026-01-12,210.86
7919,2026-01-19,216.71
7919,2026-01-26,195.24
7919,2026-02-02,204.02
7919,2026-02-09,204.02
7919,2026-02-16,205.0
7919,2026-02-23,206.95
7919,2026-03-02,206.95
7919,2026-03-09,208.9
7919,2026-03-16,205.0
7919,2026-03-23,205.0
7919,2026-03-30,206.0
7919,2026-04-06,205.0
7919,2026-04-13,207.0
7919,2026-04-20,205.0
7919,2026-04-27,201.0
7919,2026-05-04,200.0
7919,2026-05-11,194.0
7919,2026-05-18,189.0
7919,2026-05-25,190.0
7919,2026-06-01,190.0
7919,2026-06-08,191.0
7919,2026-06-15,192.0
7919,2026-06-22,189.0
7919,2026-06-29,191.0
7919,2026-07-06,198.0
7919,2026-07-13,197.0
7919,2026-07-20,200.0
7919,2026-07-27,208.0
7919,2026-08-03,208.0
7919,2026-08-10,216.0
7919,2026-08-17,224.0
7919,2026-08-24,229.0
7976,2025-09-01,2081.81
7976,2025-09-08,2124.83
7976,2025-09-15,2160.04
7976,2025-09-22,2176.66
7976,2025-09-29,2122.88
7976,2025-10-06,2131.68
7976,2025-10-13,2125.81
7976,2025-10-20,2110.17
7976,2025-10-27,2002.61
7976,2025-11-03,2087.68
7976,2025-11-10,2090.61
7976,2025-11-17,2079.85
7976,2025-11-24,2102.34
7976,2025-12-01,2087.68
7976,2025-12-08,2169.81
7976,2025-12-15,2129.72
7976,2025-12-22,2174.7
7976,2025-12-29,2153.93
7976,2026-01-05,2204.39
7976,2026-01-12,2284.53
7976,2026-01-19,2325.09
7976,2026-01-26,2265.73
7976,2026-02-02,2307.28
7976,2026-02-09,2157.88
7976,2026-02-16,2252.87
7976,2026-02-23,2426.01
7976,2026-03-02,2283.54
7976,2026-03-09,2289.47
7976,2026-03-16,2319.16
7976,2026-03-23,2384.46
7976,2026-03-30,2412.16
7976,2026-04-06,2436.9
7976,2026-04-13,2462.62
7976,2026-04-20,2342.9
7976,2026-04-27,2520.01
7976,2026-05-04,2494.28
7976,2026-05-11,2531.88
7976,2026-05-18,2572.44
7976,2026-05-25,2595.2
7976,2026-06-01,2461.63
7976,2026-06-08,2581.35
7976,2026-06-15,2521.98
7976,2026-06-22,2660.5
7976,2026-06-29,2690.0
7976,2026-07-06,2696.0
7976,2026-07-13,2688.0
7976,2026-07-20,2610.0
7976,2026-07-27,2771.0
7976,2026-08-03,2934.0
7976,2026-08-10,2897.0
7976,2026-08-17,2971.0
7976,2026-08-24,3065.0
8015,2025-09-01,3910.98
8015,2025-09-08,3969.56
8015,2025-09-15,4018.38
8015,2025-09-22,4090.62
8015,2025-09-29,4187.64
8015,2025-10-06,4299.51
8015,2025-10-13,4220.31
8015,2025-10-20,4447.01
8015,2025-10-27,4669.76
8015,2025-11-03,4776.68
8015,2025-11-10,4997.45
8015,2025-11-17,4678.67
8015,2025-11-24,5003.39
8015,2025-12-01,4908.35
8015,2025-12-08,5152.87
8015,2025-12-15,5249.89
8015,2025-12-22,5265.73
8015,2025-12-29,5221.18
8015,2026-01-05,5486.5
8015,2026-01-12,6032.97
8015,2026-01-19,5700.34
8015,2026-01-26,5549.86
8015,2026-02-02,6270.57
8015,2026-02-09,6789.32
8015,2026-02-16,6667.55
8015,2026-02-23,6918.02
8015,2026-03-02,6230.97
8015,2026-03-09,6240.87
8015,2026-03-16,6212.16
8015,2026-03-23,6129.0
8015,2026-03-30,6081.0
8015,2026-04-06,6610.0
8015,2026-04-13,6241.0
8015,2026-04-20,6124.0
8015,2026-04-27,6868.0
8015,2026-05-04,6743.0
8015,2026-05-11,7387.0
8015,2026-05-18,6974.0
8015,2026-05-25,6930.0
8015,2026-06-01,6456.0
8015,2026-06-08,6174.0
8015,2026-06-15,6191.0
8015,2026-06-22,5958.0
8015,2026-06-29,6216.0
8015,2026-07-06,6034.0
8015,2026-07-13,6076.0
8015,2026-07-20,6425.0
8015,2026-07-27,6722.0
8015,2026-08-03,7424.0
8015,2026-08-10,7325.0
8015,2026-08-17,7226.0
8015,2026-08-24,7598.0
8037,2025-09-01,2809.26
8037,2025-09-08,2816.97
8037,2025-09-15,2851.69
8037,2025-09-22,2922.09
8037,2025-09-29,2823.06
8037,2025-10-06,2775.99
8037,2025-10-13,2805.41
8037,2025-10-20,2966.22
8037,2025-10-27,2861.3
8037,2025-11-03,2927.0
8037,2025-11-10,2786.77
8037,2025-11-17,2756.38
8037,2025-11-24,2851.49
8037,2025-12-01,2786.77
8037,2025-12-08,2836.78
8037,2025-12-15,2951.51
8037,2025-12-22,2934.84
8037,2025-12-29,2961.32
8037,2026-01-05,3128.01
8037,2026-01-12,3240.78
8037,2026-01-19,3186.85
8037,2026-01-26,3020.15
8037,2026-02-02,3162.33
8037,2026-02-09,3196.65
8037,2026-02-16,3211.36
8037,2026-02-23,3329.03
8037,2026-03-02,3103.5
8037,2026-03-09,3010.34
8037,2026-03-16,3083.89
8037,2026-03-23,3280.0
8037,2026-03-30,3450.0
8037,2026-04-06,3425.0
8037,2026-04-13,3295.0
8037,2026-04-20,3185.0
8037,2026-04-27,3220.0
8037,2026-05-04,3345.0
8037,2026-05-11,3335.0
8037,2026-05-18,3565.0
8037,2026-05-25,3605.0
8037,2026-06-01,3440.0
8037,2026-06-08,3430.0
8037,2026-06-15,3490.0
8037,2026-06-22,3455.0
8037,2026-06-29,3545.0
8037,2026-07-06,3640.0
8037,2026-07-13,3630.0
8037,2026-07-20,3720.0
8037,2026-07-27,3895.0
8037,2026-08-03,4150.0
8037,2026-08-10,4335.0
8037,2026-08-17,4355.0
8037,2026-08-24,4585.0
8043,2025-09-01,1170.37
8043,2025-09-08,1170.37
8043,2025-09-15,1180.05
8043,2025-09-22,1200.36
8043,2025-09-29,1126.85
8043,2025-10-06,1111.37
8043,2025-10-13,1121.04
8043,2025-10-20,1145.22
8043,2025-10-27,1122.98
8043,2025-11-03,1136.52
8043,2025-11-10,1150.06
8043,2025-11-17,1172.31
8043,2025-11-24,1211.0
8043,2025-12-01,1157.8
8043,2025-12-08,1186.82
8043,2025-12-15,1226.47
8043,2025-12-22,1209.06
8043,2025-12-29,1213.9
8043,2026-01-05,1234.21
8043,2026-01-12,1276.77
8043,2026-01-19,1275.8
8043,2026-01-26,1276.77
8043,2026-02-02,1305.79
8043,2026-02-09,1309.66
8043,2026-02-16,1299.02
8043,2026-02-23,1329.97
8043,2026-03-02,1265.16
8043,2026-03-09,1224.54
8043,2026-03-16,1222.6
8043,2026-03-23,1270.0
8043,2026-03-30,1278.0
8043,2026-04-06,1241.0
8043,2026-04-13,1205.0
8043,2026-04-20,1135.0
8043,2026-04-27,1138.0
8043,2026-05-04,1118.0
8043,2026-05-11,1148.0
8043,2026-05-18,1127.0
8043,2026-05-25,1175.0
8043,2026-06-01,1150.0
8043,2026-06-08,1171.0
8043,2026-06-15,1186.0
8043,2026-06-22,1191.0
8043,2026-06-29,1232.0
8043,2026-07-06,1287.0
8043,2026-07-13,1291.0
8043,2026-07-20,1299.0
8043,2026-07-27,1347.0
8043,2026-08-03,1365.0
8043,2026-08-10,1507.0
8043,2026-08-17,1521.0
8043,2026-08-24,1554.0
8059,2025-09-01,2611.51
8059,2025-09-08,2689.28
8059,2025-09-15,2714.24
8059,2025-09-22,2705.6
8059,2025-09-29,2637.16
8059,2025-10-06,2624.45
8059,2025-10-13,2595.11
8059,2025-10-20,2647.91
8059,2025-10-27,2556.98
8059,2025-11-03,2774.05
8059,2025-11-10,2732.98
8059,2025-11-17,2736.89
8059,2025-11-24,2908.99
8059,2025-12-01,2771.12
8059,2025-12-08,2829.79
8059,2025-12-15,2878.68
8059,2025-12-22,2914.85
8059,2025-12-29,2962.77
8059,2026-01-05,3045.88
8059,2026-01-12,3226.78
8059,2026-01-19,3153.44
8059,2026-01-26,3109.44
8059,2026-02-02,3324.56
8059,2026-02-09,3407.67
8059,2026-02-16,3397.89
8059,2026-02-23,3500.56
8059,2026-03-02,3334.34
8059,2026-03-09,3187.66
8059,2026-03-16,3236.55
8059,2026-03-23,3261.0
8059,2026-03-30,3360.0
8059,2026-04-06,3405.0
8059,2026-04-13,3330.0
8059,2026-04-20,3285.0
8059,2026-04-27,3220.0
8059,2026-05-04,3175.0
8059,2026-05-11,2955.0
8059,2026-05-18,2902.0
8059,2026-05-25,3115.0
8059,2026-06-01,3040.0
8059,2026-06-08,2982.0
8059,2026-06-15,3090.0
8059,2026-06-22,3025.0
8059,2026-06-29,3175.0
8059,2026-07-06,3330.0
8059,2026-07-13,3305.0
8059,2026-07-20,3465.0
8059,2026-07-27,3190.0
8059,2026-08-03,3490.0
8059,2026-08-10,3585.0
8059,2026-08-17,3640.0
8059,2026-08-24,3790.0
8150,2025-09-01,2638.45
8150,2025-09-08,2661.84
8150,2025-09-15,2660.91
8150,2025-09-22,2665.59
8150,2025-09-29,2583.98
8150,2025-10-06,2539.38
8150,2025-10-13,2531.78
8150,2025-10-20,2610.55
8150,2025-10-27,2774.71
8150,2025-11-03,2813.62
8150,2025-11-10,2870.56
8150,2025-11-17,2865.81
8150,2025-11-24,2941.73
8150,2025-12-01,2889.54
8150,2025-12-08,2955.96
8150,2025-12-15,2899.03
8150,2025-12-22,2970.2
8150,2025-12-29,2970.2
8150,2026-01-05,2993.92
8150,2026-01-12,3098.3
8150,2026-01-19,3050.86
8150,2026-01-26,2965.45
8150,2026-02-02,2932.24
8150,2026-02-09,2955.96
8150,2026-02-16,2970.2
8150,2026-02-23,3074.58
8150,2026-03-02,2899.03
8150,2026-03-09,2811.72
8150,2026-03-16,2799.39
8150,2026-03-23,2788.0
8150,2026-03-30,2744.0
8150,2026-04-06,2777.0
8150,2026-04-13,2786.0
8150,2026-04-20,2665.0
8150,2026-04-27,2691.0
8150,2026-05-04,2745.0
8150,2026-05-11,2597.0
8150,2026-05-18,2811.0
8150,2026-05-25,2811.0
8150,2026-06-01,2854.0
8150,2026-06-08,2712.0
8150,2026-06-15,2757.0
8150,2026-06-22,2719.0
8150,2026-06-29,2809.0
8150,2026-07-06,2859.0
8150,2026-07-13,2781.0
8150,2026-07-20,2882.0
8150,2026-07-27,2907.0
8150,2026-08-03,3055.0
8150,2026-08-10,3130.0
8150,2026-08-17,3105.0
8150,2026-08-24,3295.0
8207,2025-09-01,292.0
8207,2025-09-08,292.0
8207,2025-09-15,291.0
8207,2025-09-22,294.0
8207,2025-09-29,276.0
8207,2025-10-06,276.0
8207,2025-10-13,276.0
8207,2025-10-20,277.0
8207,2025-10-27,277.0
8207,2025-11-03,276.0
8207,2025-11-10,278.0
8207,2025-11-17,279.0
8207,2025-11-24,280.0
8207,2025-12-01,282.0
8207,2025-12-08,283.0
8207,2025-12-15,283.0
8207,2025-12-22,284.0
8207,2025-12-29,286.0
8207,2026-01-05,292.0
8207,2026-01-12,292.0
8207,2026-01-19,292.0
8207,2026-01-26,291.0
8207,2026-02-02,291.0
8207,2026-02-09,291.0
8207,2026-02-16,291.0
8207,2026-02-23,298.0
8207,2026-03-02,297.0
8207,2026-03-09,298.0
8207,2026-03-16,298.0
8207,2026-03-23,300.0
8207,2026-03-30,288.0
8207,2026-04-06,287.0
8207,2026-04-13,286.0
8207,2026-04-20,286.0
8207,2026-04-27,285.0
8207,2026-05-04,285.0
8207,2026-05-11,282.0
8207,2026-05-18,281.0
8207,2026-05-25,282.0
8207,2026-06-01,282.0
8207,2026-06-08,283.0
8207,2026-06-15,285.0
8207,2026-06-22,283.0
8207,2026-06-29,288.0
8207,2026-07-06,293.0
8207,2026-07-13,293.0
8207,2026-07-20,293.0
8207,2026-07-27,294.0
8207,2026-08-03,293.0
8207,2026-08-10,295.0
8207,2026-08-17,296.0
8207,2026-08-24,303.0
8237,2025-09-01,1326.58
8237,2025-09-08,1439.12
8237,2025-09-15,1443.11
8237,2025-09-22,1463.03
8237,2025-09-29,1489.92
8237,2025-10-06,1536.73
8237,2025-10-13,1694.08
8237,2025-10-20,1722.97
8237,2025-10-27,1720.97
8237,2025-11-03,1799.65
8237,2025-11-10,1868.37
8237,2025-11-17,1793.68
8237,2025-11-24,1989.88
8237,2025-12-01,1794.67
8237,2025-12-08,1754.84
8237,2025-12-15,1748.86
8237,2025-12-22,1856.42
8237,2025-12-29,1838.49
8237,2026-01-05,1784.71
8237,2026-01-12,1830.53
8237,2026-01-19,1892.27
8237,2026-01-26,1876.34
8237,2026-02-02,2086.48
8237,2026-02-09,2430.08
8237,2026-02-16,2634.24
8237,2026-02-23,2561.93
8237,2026-03-02,2044.95
8237,2026-03-09,1814.41
8237,2026-03-16,1918.2
8237,2026-03-23,1941.15
8237,2026-03-30,2037.96
8237,2026-04-06,2227.59
8237,2026-04-13,1989.06
8237,2026-04-20,1761.51
8237,2026-04-27,1652.73
8237,2026-05-04,1625.78
8237,2026-05-11,1521.99
8237,2026-05-18,1407.21
8237,2026-05-25,1410.21
8237,2026-06-01,1520.99
8237,2026-06-08,1569.89
8237,2026-06-15,1576.88
8237,2026-06-22,1781.47
8237,2026-06-29,1669.69
8237,2026-07-06,1724.58
8237,2026-07-13,1846.34
8237,2026-07-20,1684.66
8237,2026-07-27,1916.2
8237,2026-08-03,2169.7
8237,2026-08-10,1972.09
8237,2026-08-17,2445.16
8237,2026-08-24,2762.0
8334,2025-09-01,1521.05
8334,2025-09-08,1562.7
8334,2025-09-15,1514.76
8334,2025-09-22,1640.67
8334,2025-09-29,1580.52
8334,2025-10-06,1547.98
8334,2025-10-13,1503.12
8334,2025-10-20,1561.79
8334,2025-10-27,1578.55
8334,2025-11-03,1576.58
8334,2025-11-10,1613.06
8334,2025-11-17,1622.92
8334,2025-11-24,1710.18
8334,2025-12-01,1710.67
8334,2025-12-08,1701.8
8334,2025-12-15,1746.17
8334,2025-12-22,1701.8
8334,2025-12-29,1703.28
8334,2026-01-05,1786.1
8334,2026-01-12,1909.84
8334,2026-01-19,1922.16
8334,2026-01-26,1912.3
8334,2026-02-02,2142.53
8334,2026-02-09,2199.72
8334,2026-02-16,2174.57
8334,2026-02-23,2230.28
8334,2026-03-02,2104.08
8334,2026-03-09,2071.05
8334,2026-03-16,2095.2
8334,2026-03-23,2250.0
8334,2026-03-30,2231.5
8334,2026-04-06,2269.0
8334,2026-04-13,2214.0
8334,2026-04-20,2030.0
8334,2026-04-27,2157.0
8334,2026-05-04,2164.0
8334,2026-05-11,2232.0
8334,2026-05-18,2316.0
8334,2026-05-25,2260.0
8334,2026-06-01,2262.5
8334,2026-06-08,2343.5
8334,2026-06-15,2316.5
8334,2026-06-22,2334.0
8334,2026-06-29,2419.0
8334,2026-07-06,2492.5
8334,2026-07-13,2436.5
8334,2026-07-20,2609.0
8334,2026-07-27,2538.5
8334,2026-08-03,2595.0
8334,2026-08-10,2765.0
8334,2026-08-17,2701.0
8334,2026-08-24,2830.5
8341,2025-09-01,1827.5
8341,2025-09-08,1880.03
8341,2025-09-15,1875.19
8341,2025-09-22,2016.99
8341,2025-09-29,2007.8
8341,2025-10-06,1905.73
8341,2025-10-13,1867.34
8341,2025-10-20,2045.21
8341,2025-10-27,2170.9
8341,2025-11-03,2186.0
8341,2025-11-10,2259.51
8341,2025-11-17,2266.73
8341,2025-11-24,2369.12
8341,2025-12-01,2447.88
8341,2025-12-08,2440.67
8341,2025-12-15,2502.69
8341,2025-12-22,2482.34
8341,2025-12-29,2474.8
8341,2026-01-05,2644.46
8341,2026-01-12,2849.25
8341,2026-01-19,2864.02
8341,2026-01-26,2775.08
8341,2026-02-02,2999.23
8341,2026-02-09,3160.69
8341,2026-02-16,3225.34
8341,2026-02-23,3228.29
8341,2026-03-02,3020.89
8341,2026-03-09,2980.19
8341,2026-03-16,2969.36
8341,2026-03-23,3119.67
8341,2026-03-30,3211.0
8341,2026-04-06,3262.0
8341,2026-04-13,3279.0
8341,2026-04-20,2929.5
8341,2026-04-27,3004.0
8341,2026-05-04,2987.5
8341,2026-05-11,3141.0
8341,2026-05-18,3201.0
8341,2026-05-25,3154.0
8341,2026-06-01,3174.0
8341,2026-06-08,3267.0
8341,2026-06-15,3317.0
8341,2026-06-22,3335.0
8341,2026-06-29,3519.0
8341,2026-07-06,3515.0
8341,2026-07-13,3311.0
8341,2026-07-20,3631.0
8341,2026-07-27,3495.0
8341,2026-08-03,3661.0
8341,2026-08-10,3837.0
8341,2026-08-17,3736.0
8341,2026-08-24,3950.0
8344,2025-09-01,1545.08
8344,2025-09-08,1580.66
8344,2025-09-15,1559.51
8344,2025-09-22,1633.54
8344,2025-09-29,1612.03
8344,2025-10-06,1564.13
8344,2025-10-13,1547.51
8344,2025-10-20,1583.68
8344,2025-10-27,1641.36
8344,2025-11-03,1662.87
8344,2025-11-10,1711.75
8344,2025-11-17,1717.61
8344,2025-11-24,1824.17
8344,2025-12-01,1783.11
8344,2025-12-08,1784.09
8344,2025-12-15,1841.76
8344,2025-12-22,1859.36
8344,2025-12-29,1890.64
8344,2026-01-05,2013.82
8344,2026-01-12,2104.73
8344,2026-01-19,2142.86
8344,2026-01-26,2158.5
8344,2026-02-02,2356.95
8344,2026-02-09,2595.48
8344,2026-02-16,2627.74
8344,2026-02-23,2668.8
8344,2026-03-02,2492.83
8344,2026-03-09,2349.13
8344,2026-03-16,2332.51
8344,2026-03-23,2442.0
8344,2026-03-30,2510.0
8344,2026-04-06,2678.0
8344,2026-04-13,2786.0
8344,2026-04-20,2415.0
8344,2026-04-27,2503.0
8344,2026-05-04,2515.0
8344,2026-05-11,2655.0
8344,2026-05-18,3055.0
8344,2026-05-25,3095.0
8344,2026-06-01,3075.0
8344,2026-06-08,3495.0
8344,2026-06-15,3370.0
8344,2026-06-22,3365.0
8344,2026-06-29,3965.0
8344,2026-07-06,3690.0
8344,2026-07-13,3615.0
8344,2026-07-20,4000.0
8344,2026-07-27,3740.0
8344,2026-08-03,4230.0
8344,2026-08-10,4575.0
8344,2026-08-17,4365.0
8344,2026-08-24,4730.0
8345,2025-09-01,902.77
8345,2025-09-08,917.15
8345,2025-09-15,897.97
8345,2025-09-22,925.55
8345,2025-09-29,920.87
8345,2025-10-06,914.73
8345,2025-10-13,952.84
8345,2025-10-20,962.68
8345,2025-10-27,995.87
8345,2025-11-03,992.18
8345,2025-11-10,1168.0
8345,2025-11-17,1152.02
8345,2025-11-24,1215.95
8345,2025-12-01,1214.72
8345,2025-12-08,1229.47
8345,2025-12-15,1236.85
8345,2025-12-22,1258.98
8345,2025-12-29,1278.65
8345,2026-01-05,1372.09
8345,2026-01-12,1504.87
8345,2026-01-19,1544.22
8345,2026-01-26,1499.96
8345,2026-02-02,1627.82
8345,2026-02-09,1664.71
8345,2026-02-16,1686.84
8345,2026-02-23,1745.85
8345,2026-03-02,1652.41
8345,2026-03-09,1583.56
8345,2026-03-16,1583.56
8345,2026-03-23,1677.0
8345,2026-03-30,1661.0
8345,2026-04-06,1802.0
8345,2026-04-13,2030.0
8345,2026-04-20,1821.0
8345,2026-04-27,1956.0
8345,2026-05-04,1940.0
8345,2026-05-11,1877.0
8345,2026-05-18,1955.0
8345,2026-05-25,1867.0
8345,2026-06-01,1907.0
8345,2026-06-08,2067.0
8345,2026-06-15,1941.0
8345,2026-06-22,2030.0
8345,2026-06-29,2161.0
8345,2026-07-06,2083.0
8345,2026-07-13,2058.0
8345,2026-07-20,2270.0
8345,2026-07-27,2155.0
8345,2026-08-03,2358.0
8345,2026-08-10,2444.0
8345,2026-08-17,2325.0
8345,2026-08-24,2566.0
8362,2025-09-01,1936.39
8362,2025-09-08,1941.21
8362,2025-09-15,1929.65
8362,2025-09-22,2078.08
8362,2025-09-29,2060.5
8362,2025-10-06,2008.71
8362,2025-10-13,1997.97
8362,2025-10-20,2070.27
8362,2025-10-27,2124.0
8362,2025-11-03,2136.7
8362,2025-11-10,2146.47
8362,2025-11-17,2155.27
8362,2025-11-24,2351.64
8362,2025-12-01,2353.6
8362,2025-12-08,2323.31
8362,2025-12-15,2387.79
8362,2025-12-22,2469.86
8362,2025-12-29,2531.41
8362,2026-01-05,2681.87
8362,2026-01-12,2775.66
8362,2026-01-19,2812.79
8362,2026-01-26,2846.98
8362,2026-02-02,3165.48
8362,2026-02-09,3326.69
8362,2026-02-16,3341.34
8362,2026-02-23,3448.81
8362,2026-03-02,3292.49
8362,2026-03-09,3189.91
8362,2026-03-16,3272.95
8362,2026-03-23,3356.0
8362,2026-03-30,3345.0
8362,2026-04-06,3555.0
8362,2026-04-13,3875.0
8362,2026-04-20,3460.0
8362,2026-04-27,3765.0
8362,2026-05-04,3940.0
8362,2026-05-11,4450.0
8362,2026-05-18,4645.0
8362,2026-05-25,4590.0
8362,2026-06-01,5390.0
8362,2026-06-08,5340.0
8362,2026-06-15,4960.0
8362,2026-06-22,5440.0
8362,2026-06-29,6010.0
8362,2026-07-06,5760.0
8362,2026-07-13,5630.0
8362,2026-07-20,6180.0
8362,2026-07-27,5680.0
8362,2026-08-03,6180.0
8362,2026-08-10,6720.0
8362,2026-08-17,6860.0
8362,2026-08-24,7210.0
8368,2025-09-01,836.52
8368,2025-09-08,867.64
8368,2025-09-15,857.92
8368,2025-09-22,893.9
8368,2025-09-29,891.93
8368,2025-10-06,884.04
8368,2025-10-13,918.57
8368,2025-10-20,920.54
8368,2025-10-27,942.25
8368,2025-11-03,938.3
8368,2025-11-10,956.06
8368,2025-11-17,980.73
8368,2025-11-24,1029.08
8368,2025-12-01,1035.98
8368,2025-12-08,1077.42
8368,2025-12-15,1111.95
8368,2025-12-22,1107.02
8368,2025-12-29,1130.7
8368,2026-01-05,1194.83
8368,2026-01-12,1313.23
8368,2026-01-19,1464.19
8368,2026-01-26,1384.27
8368,2026-02-02,1498.72
8368,2026-02-09,1536.21
8368,2026-02-16,1536.21
8368,2026-02-23,1677.3
8368,2026-03-02,1553.97
8368,2026-03-09,1507.6
8368,2026-03-16,1483.92
8368,2026-03-23,1552.0
8368,2026-03-30,1596.0
8368,2026-04-06,1805.0
8368,2026-04-13,1887.0
8368,2026-04-20,1692.0
8368,2026-04-27,1811.0
8368,2026-05-04,1809.0
8368,2026-05-11,1953.0
8368,2026-05-18,1972.0
8368,2026-05-25,1906.0
8368,2026-06-01,1924.0
8368,2026-06-08,1945.0
8368,2026-06-15,1890.0
8368,2026-06-22,1960.0
8368,2026-06-29,2081.0
8368,2026-07-06,2064.0
8368,2026-07-13,1924.0
8368,2026-07-20,2080.0
8368,2026-07-27,2017.0
8368,2026-08-03,2121.0
8368,2026-08-10,2308.0
8368,2026-08-17,2256.0
8368,2026-08-24,2443.0
8370,2025-09-01,2829.74
8370,2025-09-08,2918.2
8370,2025-09-15,2839.35
8370,2025-09-22,2873.97
8370,2025-09-29,2796.51
8370,2025-10-06,2768.07
8370,2025-10-13,2778.86
8370,2025-10-20,2923.98
8370,2025-10-27,2941.63
8370,2025-11-03,3005.36
8370,2025-11-10,2921.03
8370,2025-11-17,2892.6
8370,2025-11-24,3010.26
8370,2025-12-01,3049.49
8370,2025-12-08,3083.8
8370,2025-12-15,3191.66
8370,2025-12-22,3181.86
8370,2025-12-29,3196.57
8370,2026-01-05,3333.84
8370,2026-01-12,3500.53
8370,2026-01-19,3637.81
8370,2026-01-26,3696.64
8370,2026-02-02,4005.51
8370,2026-02-09,4083.96
8370,2026-02-16,4186.91
8370,2026-02-23,4201.62
8370,2026-03-02,3995.71
8370,2026-03-09,3789.79
8370,2026-03-16,3819.21
8370,2026-03-23,3981.0
8370,2026-03-30,4020.0
8370,2026-04-06,4210.0
8370,2026-04-13,4140.0
8370,2026-04-20,3885.0
8370,2026-04-27,4155.0
8370,2026-05-04,4200.0
8370,2026-05-11,4405.0
8370,2026-05-18,4525.0
8370,2026-05-25,4240.0
8370,2026-06-01,4320.0
8370,2026-06-08,4515.0
8370,2026-06-15,4430.0
8370,2026-06-22,4460.0
8370,2026-06-29,4550.0
8370,2026-07-06,4605.0
8370,2026-07-13,4550.0
8370,2026-07-20,4945.0
8370,2026-07-27,4690.0
8370,2026-08-03,4845.0
8370,2026-08-10,5070.0
8370,2026-08-17,4885.0
8370,2026-08-24,5100.0
8388,2025-09-01,3366.02
8388,2025-09-08,3463.03
8388,2025-09-15,3424.22
8388,2025-09-22,3560.03
8388,2025-09-29,3584.68
8388,2025-10-06,3495.93
8388,2025-10-13,3495.93
8388,2025-10-20,3545.24
8388,2025-10-27,3589.61
8388,2025-11-03,3643.85
8388,2025-11-10,3772.05
8388,2025-11-17,3860.81
8388,2025-11-24,4092.55
8388,2025-12-01,4161.59
8388,2025-12-08,4171.45
8388,2025-12-15,4289.79
8388,2025-12-22,4230.62
8388,2025-12-29,4324.3
8388,2026-01-05,4546.19
8388,2026-01-12,4916.0
8388,2026-01-19,4989.96
8388,2026-01-26,5118.16
8388,2026-02-02,5581.65
8388,2026-02-09,5709.85
8388,2026-02-16,5729.58
8388,2026-02-23,5907.08
8388,2026-03-02,5552.07
8388,2026-03-09,5384.42
8388,2026-03-16,5650.68
8388,2026-03-23,5877.5
8388,2026-03-30,6120.0
8388,2026-04-06,6510.0
8388,2026-04-13,6630.0
8388,2026-04-20,6170.0
8388,2026-04-27,6270.0
8388,2026-05-04,6160.0
8388,2026-05-11,6720.0
8388,2026-05-18,6870.0
8388,2026-05-25,6700.0
8388,2026-06-01,6750.0
8388,2026-06-08,6990.0
8388,2026-06-15,6820.0
8388,2026-06-22,7070.0
8388,2026-06-29,7540.0
8388,2026-07-06,7530.0
8388,2026-07-13,7630.0
8388,2026-07-20,8680.0
8388,2026-07-27,8340.0
8388,2026-08-03,8930.0
8388,2026-08-10,9320.0
8388,2026-08-17,9000.0
8388,2026-08-24,10200.0
8522,2025-09-01,3368.35
8522,2025-09-08,3345.79
8522,2025-09-15,3255.53
8522,2025-09-22,3368.35
8522,2025-09-29,3316.03
8522,2025-10-06,3379.79
8522,2025-10-13,3379.79
8522,2025-10-20,3634.87
8522,2025-10-27,3860.52
8522,2025-11-03,3909.57
8522,2025-11-10,3939.01
8522,2025-11-17,3924.29
8522,2025-11-24,4292.19
8522,2025-12-01,4341.25
8522,2025-12-08,4351.06
8522,2025-12-15,4419.73
8522,2025-12-22,4238.23
8522,2025-12-29,4272.57
8522,2026-01-05,4552.18
8522,2026-01-12,4758.2
8522,2026-01-19,4993.66
8522,2026-01-26,4797.44
8522,2026-02-02,5484.2
8522,2026-02-09,5631.36
8522,2026-02-16,5405.71
8522,2026-02-23,5817.76
8522,2026-03-02,5484.2
8522,2026-03-09,5258.55
8522,2026-03-16,5287.98
8522,2026-03-23,6220.0
8522,2026-03-30,5800.0
8522,2026-04-06,5880.0
8522,2026-04-13,5990.0
8522,2026-04-20,5690.0
8522,2026-04-27,5780.0
8522,2026-05-04,5830.0
8522,2026-05-11,6150.0
8522,2026-05-18,6060.0
8522,2026-05-25,5860.0
8522,2026-06-01,5840.0
8522,2026-06-08,5970.0
8522,2026-06-15,5800.0
8522,2026-06-22,5910.0
8522,2026-06-29,6300.0
8522,2026-07-06,6460.0
8522,2026-07-13,6260.0
8522,2026-07-20,6890.0
8522,2026-07-27,6510.0
8522,2026-08-03,6450.0
8522,2026-08-10,6870.0
8522,2026-08-17,6980.0
8522,2026-08-24,7180.0
8551,2025-09-01,3698.55
8551,2025-09-08,3703.34
8551,2025-09-15,3645.85
8551,2025-09-22,3808.74
8551,2025-09-29,3646.25
8551,2025-10-06,3553.26
8551,2025-10-13,3519.0
8551,2025-10-20,3665.82
8551,2025-10-27,3695.19
8551,2025-11-03,3675.61
8551,2025-11-10,4023.11
8551,2025-11-17,4116.1
8551,2025-11-24,4287.4
8551,2025-12-01,4204.2
8551,2025-12-08,4199.3
8551,2025-12-15,4238.46
8551,2025-12-22,4292.29
8551,2025-12-29,4424.44
8551,2026-01-05,4644.68
8551,2026-01-12,4904.08
8551,2026-01-19,4972.6
8551,2026-01-26,4585.95
8551,2026-02-02,4889.4
8551,2026-02-09,5119.43
8551,2026-02-16,5099.85
8551,2026-02-23,5187.95
8551,2026-03-02,4757.25
8551,2026-03-09,4561.48
8551,2026-03-16,4507.64
8551,2026-03-23,4630.0
8551,2026-03-30,4675.0
8551,2026-04-06,4900.0
8551,2026-04-13,5040.0
8551,2026-04-20,4660.0
8551,2026-04-27,4755.0
8551,2026-05-04,4785.0
8551,2026-05-11,5240.0
8551,2026-05-18,5500.0
8551,2026-05-25,5440.0
8551,2026-06-01,5320.0
8551,2026-06-08,5410.0
8551,2026-06-15,5200.0
8551,2026-06-22,5260.0
8551,2026-06-29,5680.0
8551,2026-07-06,5700.0
8551,2026-07-13,6030.0
8551,2026-07-20,6790.0
8551,2026-07-27,6650.0
8551,2026-08-03,6710.0
8551,2026-08-10,7380.0
8551,2026-08-17,7490.0
8551,2026-08-24,8080.0
8566,2025-09-01,5615.02
8566,2025-09-08,5682.91
8566,2025-09-15,5750.79
8566,2025-09-22,5886.56
8566,2025-09-29,5610.94
8566,2025-10-06,5650.31
8566,2025-10-13,5709.38
8566,2025-10-20,5709.38
8566,2025-10-27,5571.56
8566,2025-11-03,5473.12
8566,2025-11-10,5571.56
8566,2025-11-17,5670.0
8566,2025-11-24,5729.06
8566,2025-12-01,5591.25
8566,2025-12-08,5670.0
8566,2025-12-15,5660.16
8566,2025-12-22,5729.06
8566,2025-12-29,5748.75
8566,2026-01-05,5935.78
8566,2026-01-12,6004.69
8566,2026-01-19,5955.47
8566,2026-01-26,5896.41
8566,2026-02-02,5827.5
8566,2026-02-09,6083.44
8566,2026-02-16,6063.75
8566,2026-02-23,6309.84
8566,2026-03-02,6053.91
8566,2026-03-09,5866.88
8566,2026-03-16,5916.09
8566,2026-03-23,5985.0
8566,2026-03-30,5930.0
8566,2026-04-06,6020.0
8566,2026-04-13,6170.0
8566,2026-04-20,6030.0
8566,2026-04-27,6120.0
8566,2026-05-04,5960.0
8566,2026-05-11,6300.0
8566,2026-05-18,6000.0
8566,2026-05-25,6040.0
8566,2026-06-01,6000.0
8566,2026-06-08,6200.0
8566,2026-06-15,6150.0
8566,2026-06-22,6050.0
8566,2026-06-29,6240.0
8566,2026-07-06,6430.0
8566,2026-07-13,6580.0
8566,2026-07-20,6690.0
8566,2026-07-27,6720.0
8566,2026-08-03,6630.0
8566,2026-08-10,6620.0
8566,2026-08-17,6760.0
8566,2026-08-24,6880.0
8596,2025-09-01,1391.2
8596,2025-09-08,1403.67
8596,2025-09-15,1348.03
8596,2025-09-22,1366.26
8596,2025-09-29,1310.47
8596,2025-10-06,1318.3
8596,2025-10-13,1333.96
8596,2025-10-20,1348.64
8596,2025-10-27,1298.73
8596,2025-11-03,1267.41
8596,2025-11-10,1278.17
8596,2025-11-17,1281.11
8596,2025-11-24,1344.72
8596,2025-12-01,1286.98
8596,2025-12-08,1279.15
8596,2025-12-15,1325.15
8596,2025-12-22,1374.09
8596,2025-12-29,1378.0
8596,2026-01-05,1412.25
8596,2026-01-12,1441.62
8596,2026-01-19,1394.64
8596,2026-01-26,1407.36
8596,2026-02-02,1463.15
8596,2026-02-09,1496.42
8596,2026-02-16,1479.78
8596,2026-02-23,1485.66
8596,2026-03-02,1431.83
8596,2026-03-09,1397.57
8596,2026-03-16,1377.02
8596,2026-03-23,1378.0
8596,2026-03-30,1402.0
8596,2026-04-06,1413.0
8596,2026-04-13,1410.0
8596,2026-04-20,1398.0
8596,2026-04-27,1390.0
8596,2026-05-04,1417.0
8596,2026-05-11,1443.0
8596,2026-05-18,1445.0
8596,2026-05-25,1425.0
8596,2026-06-01,1393.0
8596,2026-06-08,1419.0
8596,2026-06-15,1444.0
8596,2026-06-22,1430.0
8596,2026-06-29,1467.0
8596,2026-07-06,1461.0
8596,2026-07-13,1450.0
8596,2026-07-20,1508.0
8596,2026-07-27,1579.0
8596,2026-08-03,1590.0
8596,2026-08-10,1664.0
8596,2026-08-17,1626.0
8596,2026-08-24,1629.0
8604,2025-09-01,1018.52
8604,2025-09-08,1052.02
8604,2025-09-15,1043.88
8604,2025-09-22,1073.08
8604,2025-09-29,1026.98
8604,2025-10-06,1039.73
8604,2025-10-13,1024.04
8604,2025-10-20,1028.94
8604,2025-10-27,1080.93
8604,2025-11-03,1069.65
8604,2025-11-10,1126.05
8604,2025-11-17,1098.09
8604,2025-11-24,1154.98
8604,2025-12-01,1176.07
8604,2025-12-08,1282.99
8604,2025-12-15,1237.87
8604,2025-12-22,1286.91
8604,2025-12-29,1276.12
8604,2026-01-05,1380.58
8604,2026-01-12,1448.75
8604,2026-01-19,1397.75
8604,2026-01-26,1385.98
8604,2026-02-02,1343.8
8604,2026-02-09,1414.42
8604,2026-02-16,1377.64
8604,2026-02-23,1424.72
8604,2026-03-02,1222.66
8604,2026-03-09,1158.42
8604,2026-03-16,1195.2
8604,2026-03-23,1231.0
8604,2026-03-30,1261.0
8604,2026-04-06,1305.0
8604,2026-04-13,1334.0
8604,2026-04-20,1312.0
8604,2026-04-27,1220.0
8604,2026-05-04,1228.5
8604,2026-05-11,1273.0
8604,2026-05-18,1287.0
8604,2026-05-25,1285.0
8604,2026-06-01,1361.0
8604,2026-06-08,1364.5
8604,2026-06-15,1408.5
8604,2026-06-22,1423.5
8604,2026-06-29,1471.5
8604,2026-07-06,1543.0
8604,2026-07-13,1520.0
8604,2026-07-20,1600.0
8604,2026-07-27,1520.0
8604,2026-08-03,1562.0
8604,2026-08-10,1570.0
8604,2026-08-17,1535.0
8604,2026-08-24,1642.0
8609,2025-09-01,644.03
8609,2025-09-08,650.64
8609,2025-09-15,657.25
8609,2025-09-22,660.08
8609,2025-09-29,633.64
8609,2025-10-06,637.42
8609,2025-10-13,646.86
8609,2025-10-20,653.47
8609,2025-10-27,653.47
8609,2025-11-03,640.25
8609,2025-11-10,674.24
8609,2025-11-17,677.08
8609,2025-11-24,682.74
8609,2025-12-01,678.97
8609,2025-12-08,695.96
8609,2025-12-15,691.24
8609,2025-12-22,711.07
8609,2025-12-29,710.13
8609,2026-01-05,748.85
8609,2026-01-12,827.22
8609,2026-01-19,820.61
8609,2026-01-26,834.78
8609,2026-02-02,879.16
8609,2026-02-09,900.88
8609,2026-02-16,902.77
8609,2026-02-23,941.49
8609,2026-03-02,827.22
8609,2026-03-09,802.67
8609,2026-03-16,825.34
8609,2026-03-23,848.0
8609,2026-03-30,866.0
8609,2026-04-06,903.0
8609,2026-04-13,911.0
8609,2026-04-20,883.0
8609,2026-04-27,905.0
8609,2026-05-04,890.0
8609,2026-05-11,930.0
8609,2026-05-18,918.0
8609,2026-05-25,941.0
8609,2026-06-01,938.0
8609,2026-06-08,941.0
8609,2026-06-15,949.0
8609,2026-06-22,959.0
8609,2026-06-29,997.0
8609,2026-07-06,1016.0
8609,2026-07-13,1022.0
8609,2026-07-20,1056.0
8609,2026-07-27,1115.0
8609,2026-08-03,1115.0
8609,2026-08-10,1115.0
8609,2026-08-17,1157.0
8609,2026-08-24,1254.0
8613,2025-09-01,909.51
8613,2025-09-08,904.85
8613,2025-09-15,914.17
8613,2025-09-22,914.17
8613,2025-09-29,889.1
8613,2025-10-06,900.67
8613,2025-10-13,910.32
8613,2025-10-20,901.64
8613,2025-10-27,894.89
8613,2025-11-03,893.92
8613,2025-11-10,916.1
8613,2025-11-17,922.85
8613,2025-11-24,943.1
8613,2025-12-01,932.5
8613,2025-12-08,945.03
8613,2025-12-15,956.6
8613,2025-12-22,981.68
8613,2025-12-29,978.78
8613,2026-01-05,1010.61
8613,2026-01-12,1036.64
8613,2026-01-19,1032.79
8613,2026-01-26,1019.29
8613,2026-02-02,1036.64
8613,2026-02-09,1048.21
8613,2026-02-16,1042.43
8613,2026-02-23,1078.11
8613,2026-03-02,1007.71
8613,2026-03-09,974.93
8613,2026-03-16,1026.04
8613,2026-03-23,1027.0
8613,2026-03-30,1047.0
8613,2026-04-06,1060.0
8613,2026-04-13,1077.0
8613,2026-04-20,1024.0
8613,2026-04-27,1047.0
8613,2026-05-04,1031.0
8613,2026-05-11,1063.0
8613,2026-05-18,1063.0
8613,2026-05-25,1037.0
8613,2026-06-01,1054.0
8613,2026-06-08,1057.0
8613,2026-06-15,1040.0
8613,2026-06-22,1056.0
8613,2026-06-29,1080.0
8613,2026-07-06,1119.0
8613,2026-07-13,1141.0
8613,2026-07-20,1136.0
8613,2026-07-27,1216.0
8613,2026-08-03,1219.0
8613,2026-08-10,1219.0
8613,2026-08-17,1265.0
8613,2026-08-24,1326.0
8616,2025-09-01,549.73
8616,2025-09-08,548.8
8616,2025-09-15,551.59
8616,2025-09-22,570.16
8616,2025-09-29,549.94
8616,2025-10-06,557.64
8616,2025-10-13,557.64
8616,2025-10-20,556.68
8616,2025-10-27,550.9
8616,2025-11-03,568.23
8616,2025-11-10,589.42
8616,2025-11-17,597.13
8616,2025-11-24,623.13
8616,2025-12-01,619.28
8616,2025-12-08,647.21
8616,2025-12-15,641.43
8616,2025-12-22,659.73
8616,2025-12-29,661.66
8616,2026-01-05,689.59
8616,2026-01-12,724.26
8616,2026-01-19,715.59
8616,2026-01-26,712.7
8616,2026-02-02,726.18
8616,2026-02-09,738.7
8616,2026-02-16,744.48
8616,2026-02-23,799.38
8616,2026-03-02,732.93
8616,2026-03-09,714.63
8616,2026-03-16,720.41
8616,2026-03-23,731.0
8616,2026-03-30,737.0
8616,2026-04-06,750.0
8616,2026-04-13,755.0
8616,2026-04-20,716.0
8616,2026-04-27,688.0
8616,2026-05-04,692.0
8616,2026-05-11,710.0
8616,2026-05-18,704.0
8616,2026-05-25,694.0
8616,2026-06-01,709.0
8616,2026-06-08,728.0
8616,2026-06-15,740.0
8616,2026-06-22,764.0
8616,2026-06-29,766.0
8616,2026-07-06,776.0
8616,2026-07-13,778.0
8616,2026-07-20,812.0
8616,2026-07-27,802.0
8616,2026-08-03,822.0
8616,2026-08-10,837.0
8616,2026-08-17,853.0
8616,2026-08-24,920.0
8617,2025-09-01,504.15
8617,2025-09-08,506.11
8617,2025-09-15,507.1
8617,2025-09-22,494.34
8617,2025-09-29,493.36
8617,2025-10-06,489.44
8617,2025-10-13,473.75
8617,2025-10-20,467.86
8617,2025-10-27,463.94
8617,2025-11-03,453.15
8617,2025-11-10,452.17
8617,2025-11-17,457.07
8617,2025-11-24,464.92
8617,2025-12-01,467.86
8617,2025-12-08,462.96
8617,2025-12-15,431.57
8617,2025-12-22,449.23
8617,2025-12-29,446.28
8617,2026-01-05,465.9
8617,2026-01-12,492.38
8617,2026-01-19,504.15
8617,2026-01-26,526.71
8617,2026-02-02,543.39
8617,2026-02-09,547.31
8617,2026-02-16,559.08
8617,2026-02-23,587.52
8617,2026-03-02,541.43
8617,2026-03-09,521.81
8617,2026-03-16,547.31
8617,2026-03-23,512.0
8617,2026-03-30,506.0
8617,2026-04-06,535.0
8617,2026-04-13,553.0
8617,2026-04-20,560.0
8617,2026-04-27,547.0
8617,2026-05-04,540.0
8617,2026-05-11,521.0
8617,2026-05-18,524.0
8617,2026-05-25,524.0
8617,2026-06-01,539.0
8617,2026-06-08,527.0
8617,2026-06-15,528.0
8617,2026-06-22,539.0
8617,2026-06-29,546.0
8617,2026-07-06,567.0
8617,2026-07-13,572.0
8617,2026-07-20,556.0
8617,2026-07-27,556.0
8617,2026-08-03,555.0
8617,2026-08-10,585.0
8617,2026-08-17,591.0
8617,2026-08-24,642.0
8622,2025-09-01,520.61
8622,2025-09-08,515.93
8622,2025-09-15,535.59
8622,2025-09-22,539.33
8622,2025-09-29,507.61
8622,2025-10-06,509.53
8622,2025-10-13,510.49
8622,2025-10-20,504.72
8622,2025-10-27,493.19
8622,2025-11-03,494.15
8622,2025-11-10,508.57
8622,2025-11-17,507.61
8622,2025-11-24,515.3
8622,2025-12-01,510.49
8622,2025-12-08,524.91
8622,2025-12-15,521.07
8622,2025-12-22,541.26
8622,2025-12-29,532.6
8622,2026-01-05,547.99
8622,2026-01-12,576.83
8622,2026-01-19,577.79
8622,2026-01-26,577.79
8622,2026-02-02,593.17
8622,2026-02-09,606.63
8622,2026-02-16,605.67
8622,2026-02-23,657.58
8622,2026-03-02,691.23
8622,2026-03-09,703.73
8622,2026-03-16,704.69
8622,2026-03-23,697.0
8622,2026-03-30,707.0
8622,2026-04-06,709.0
8622,2026-04-13,715.0
8622,2026-04-20,667.0
8622,2026-04-27,652.0
8622,2026-05-04,653.0
8622,2026-05-11,652.0
8622,2026-05-18,652.0
8622,2026-05-25,632.0
8622,2026-06-01,639.0
8622,2026-06-08,658.0
8622,2026-06-15,658.0
8622,2026-06-22,657.0
8622,2026-06-29,672.0
8622,2026-07-06,697.0
8622,2026-07-13,713.0
8622,2026-07-20,780.0
8622,2026-07-27,815.0
8622,2026-08-03,849.0
8622,2026-08-10,862.0
8622,2026-08-17,920.0
8622,2026-08-24,998.0
8624,2025-09-01,755.32
8624,2025-09-08,763.67
8624,2025-09-15,808.21
8624,2025-09-22,811.92
8624,2025-09-29,800.39
8624,2025-10-06,812.88
8624,2025-10-13,807.11
8624,2025-10-20,817.68
8624,2025-10-27,816.72
8624,2025-11-03,825.37
8624,2025-11-10,878.22
8624,2025-11-17,901.28
8624,2025-11-24,946.44
8624,2025-12-01,960.85
8624,2025-12-08,1000.24
8624,2025-12-15,982.95
8624,2025-12-22,1025.23
8624,2025-12-29,1041.56
8624,2026-01-05,1058.86
8624,2026-01-12,1113.62
8624,2026-01-19,1188.57
8624,2026-01-26,1156.86
8624,2026-02-02,1268.32
8624,2026-02-09,1309.64
8624,2026-02-16,1265.44
8624,2026-02-23,1455.69
8624,2026-03-02,1386.51
8624,2026-03-09,1274.09
8624,2026-03-16,1357.68
8624,2026-03-23,1448.0
8624,2026-03-30,1492.0
8624,2026-04-06,1541.0
8624,2026-04-13,1523.0
8624,2026-04-20,1401.0
8624,2026-04-27,1291.0
8624,2026-05-04,1270.0
8624,2026-05-11,1284.0
8624,2026-05-18,1241.0
8624,2026-05-25,1295.0
8624,2026-06-01,1289.0
8624,2026-06-08,1344.0
8624,2026-06-15,1362.0
8624,2026-06-22,1368.0
8624,2026-06-29,1429.0
8624,2026-07-06,1479.0
8624,2026-07-13,1501.0
8624,2026-07-20,1550.0
8624,2026-07-27,1558.0
8624,2026-08-03,1561.0
8624,2026-08-10,1653.0
8624,2026-08-17,1705.0
8624,2026-08-24,1789.0
8628,2025-09-01,759.94
8628,2025-09-08,763.71
8628,2025-09-15,749.55
8628,2025-09-22,750.5
8628,2025-09-29,748.55
8628,2025-10-06,751.47
8628,2025-10-13,731.98
8628,2025-10-20,728.08
8628,2025-10-27,748.55
8628,2025-11-03,762.19
8628,2025-11-10,783.64
8628,2025-11-17,785.58
8628,2025-11-24,795.33
8628,2025-12-01,787.53
8628,2025-12-08,784.61
8628,2025-12-15,793.38
8628,2025-12-22,833.34
8628,2025-12-29,833.34
8628,2026-01-05,848.94
8628,2026-01-12,885.0
8628,2026-01-19,876.23
8628,2026-01-26,886.95
8628,2026-02-02,893.77
8628,2026-02-09,914.24
8628,2026-02-16,912.29
8628,2026-02-23,931.79
8628,2026-03-02,931.79
8628,2026-03-09,913.27
8628,2026-03-16,953.23
8628,2026-03-23,962.0
8628,2026-03-30,969.0
8628,2026-04-06,954.0
8628,2026-04-13,985.0
8628,2026-04-20,936.0
8628,2026-04-27,909.0
8628,2026-05-04,917.0
8628,2026-05-11,928.0
8628,2026-05-18,980.0
8628,2026-05-25,972.0
8628,2026-06-01,932.0
8628,2026-06-08,952.0
8628,2026-06-15,981.0
8628,2026-06-22,955.0
8628,2026-06-29,987.0
8628,2026-07-06,1035.0
8628,2026-07-13,1065.0
8628,2026-07-20,1107.0
8628,2026-07-27,1049.0
8628,2026-08-03,1074.0
8628,2026-08-10,1105.0
8628,2026-08-17,1109.0
8628,2026-08-24,1211.0
8700,2025-09-01,1552.25
8700,2025-09-08,1529.54
8700,2025-09-15,1533.32
8700,2025-09-22,1548.47
8700,2025-09-29,1540.89
8700,2025-10-06,1550.36
8700,2025-10-13,1538.06
8700,2025-10-20,1542.79
8700,2025-10-27,1538.06
8700,2025-11-03,1516.29
8700,2025-11-10,1512.5
8700,2025-11-17,1546.57
8700,2025-11-24,1552.25
8700,2025-12-01,1557.93
8700,2025-12-08,1565.5
8700,2025-12-15,1553.2
8700,2025-12-22,1561.72
8700,2025-12-29,1591.06
8700,2026-01-05,1614.72
8700,2026-01-12,1636.49
8700,2026-01-19,1684.76
8700,2026-01-26,1693.28
8700,2026-02-02,1678.14
8700,2026-02-09,1684.76
8700,2026-02-16,1691.39
8700,2026-02-23,1690.44
8700,2026-03-02,1646.9
8700,2026-03-09,1651.63
8700,2026-03-16,1642.17
8700,2026-03-23,1769.0
8700,2026-03-30,1756.0
8700,2026-04-06,1814.0
8700,2026-04-13,1795.0
8700,2026-04-20,1763.0
8700,2026-04-27,1746.0
8700,2026-05-04,1769.0
8700,2026-05-11,1745.0
8700,2026-05-18,1746.0
8700,2026-05-25,1751.0
8700,2026-06-01,1721.0
8700,2026-06-08,1744.0
8700,2026-06-15,1745.0
8700,2026-06-22,1750.0
8700,2026-06-29,1780.0
8700,2026-07-06,1843.0
8700,2026-07-13,1853.0
8700,2026-07-20,1987.0
8700,2026-07-27,1975.0
8700,2026-08-03,1952.0
8700,2026-08-10,1964.0
8700,2026-08-17,1950.0
8700,2026-08-24,2221.0
8706,2025-09-01,1512.21
8706,2025-09-08,1496.31
8706,2025-09-15,1468.25
8706,2025-09-22,1487.89
8706,2025-09-29,1413.55
8706,2025-10-06,1430.93
8706,2025-10-13,1504.31
8706,2025-10-20,1486.93
8706,2025-10-27,1472.44
8706,2025-11-03,1472.44
8706,2025-11-10,1535.2
8706,2025-11-17,1548.72
8706,2025-11-24,1582.52
8706,2025-12-01,1553.55
8706,2025-12-08,1567.07
8706,2025-12-15,1585.41
8706,2025-12-22,1639.48
8706,2025-12-29,1634.65
8706,2026-01-05,1670.38
8706,2026-01-12,1723.48
8706,2026-01-19,1714.79
8706,2026-01-26,1666.52
8706,2026-02-02,1708.04
8706,2026-02-09,1708.04
8706,2026-02-16,1735.07
8706,2026-02-23,1834.52
8706,2026-03-02,1758.24
8706,2026-03-09,1691.62
8706,2026-03-16,1687.76
8706,2026-03-23,1681.0
8706,2026-03-30,1722.0
8706,2026-04-06,1778.0
8706,2026-04-13,1655.0
8706,2026-04-20,1583.0
8706,2026-04-27,1559.0
8706,2026-05-04,1565.0
8706,2026-05-11,1567.0
8706,2026-05-18,1550.0
8706,2026-05-25,1567.0
8706,2026-06-01,1552.0
8706,2026-06-08,1547.0
8706,2026-06-15,1540.0
8706,2026-06-22,1534.0
8706,2026-06-29,1604.0
8706,2026-07-06,1658.0
8706,2026-07-13,1724.0
8706,2026-07-20,1759.0
8706,2026-07-27,1777.0
8706,2026-08-03,1803.0
8706,2026-08-10,1858.0
8706,2026-08-17,1900.0
8706,2026-08-24,1970.0
8707,2025-09-01,2531.83
8707,2025-09-08,2558.95
8707,2025-09-15,2534.64
8707,2025-09-22,2583.27
8707,2025-09-29,2554.59
8707,2025-10-06,2598.57
8707,2025-10-13,2642.55
8707,2025-10-20,2661.67
8707,2025-10-27,2699.91
8707,2025-11-03,2644.46
8707,2025-11-10,2808.9
8707,2025-11-17,2872.96
8707,2025-11-24,3002.02
8707,2025-12-01,2935.1
8707,2025-12-08,3021.15
8707,2025-12-15,3002.02
8707,2025-12-22,3116.75
8707,2025-12-29,3126.31
8707,2026-01-05,3331.86
8707,2026-01-12,3499.17
8707,2026-01-19,3451.37
8707,2026-01-26,3322.3
8707,2026-02-02,3460.93
8707,2026-02-09,3680.83
8707,2026-02-16,3771.65
8707,2026-02-23,3771.65
8707,2026-03-02,3503.95
8707,2026-03-09,3374.89
8707,2026-03-16,3432.25
8707,2026-03-23,3590.0
8707,2026-03-30,3595.0
8707,2026-04-06,3655.0
8707,2026-04-13,3810.0
8707,2026-04-20,3740.0
8707,2026-04-27,3650.0
8707,2026-05-04,3705.0
8707,2026-05-11,3640.0
8707,2026-05-18,3705.0
8707,2026-05-25,3870.0
8707,2026-06-01,3830.0
8707,2026-06-08,3940.0
8707,2026-06-15,4000.0
8707,2026-06-22,3960.0
8707,2026-06-29,4015.0
8707,2026-07-06,4185.0
8707,2026-07-13,4205.0
8707,2026-07-20,4275.0
8707,2026-07-27,4195.0
8707,2026-08-03,4305.0
8707,2026-08-10,4430.0
8707,2026-08-17,4600.0
8707,2026-08-24,4795.0
8708,2025-09-01,1324.54
8708,2025-09-08,1304.26
8708,2025-09-15,1317.17
8708,2025-09-22,1318.09
8708,2025-09-29,1256.09
8708,2025-10-06,1235.11
8708,2025-10-13,1262.77
8708,2025-10-20,1249.42
8708,2025-10-27,1246.56
8708,2025-11-03,1205.54
8708,2025-11-10,1277.08
8708,2025-11-17,1275.17
8708,2025-11-24,1285.66
8708,2025-12-01,1274.21
8708,2025-12-08,1276.12
8708,2025-12-15,1312.36
8708,2025-12-22,1352.42
8708,2025-12-29,1333.35
8708,2026-01-05,1356.24
8708,2026-01-12,1385.8
8708,2026-01-19,1378.17
8708,2026-01-26,1351.47
8708,2026-02-02,1366.73
8708,2026-02-09,1395.34
8708,2026-02-16,1410.6
8708,2026-02-23,1476.41
8708,2026-03-02,1389.62
8708,2026-03-09,1411.55
8708,2026-03-16,1411.55
8708,2026-03-23,1423.0
8708,2026-03-30,1532.0
8708,2026-04-06,1618.0
8708,2026-04-13,1631.0
8708,2026-04-20,1409.0
8708,2026-04-27,1439.0
8708,2026-05-04,1456.0
8708,2026-05-11,1479.0
8708,2026-05-18,1495.0
8708,2026-05-25,1420.0
8708,2026-06-01,1434.0
8708,2026-06-08,1473.0
8708,2026-06-15,1466.0
8708,2026-06-22,1461.0
8708,2026-06-29,1554.0
8708,2026-07-06,1584.0
8708,2026-07-13,1592.0
8708,2026-07-20,1649.0
8708,2026-07-27,1707.0
8708,2026-08-03,1699.0
8708,2026-08-10,1730.0
8708,2026-08-17,1757.0
8708,2026-08-24,1890.0
8713,2025-09-01,1534.91
8713,2025-09-08,1579.01
8713,2025-09-15,1551.21
8713,2025-09-22,1594.35
8713,2025-09-29,1544.82
8713,2025-10-06,1520.3
8713,2025-10-13,1524.22
8713,2025-10-20,1556.59
8713,2025-10-27,1623.29
8713,2025-11-03,1628.19
8713,2025-11-10,1636.04
8713,2025-11-17,1672.33
8713,2025-11-24,1715.49
8713,2025-12-01,1738.04
8713,2025-12-08,1756.68
8713,2025-12-15,1800.82
8713,2025-12-22,1835.15
8713,2025-12-29,1865.55
8713,2026-01-05,1984.24
8713,2026-01-12,2041.12
8713,2026-01-19,2022.49
8713,2026-01-26,1963.64
8713,2026-02-02,2131.36
8713,2026-02-09,2156.86
8713,2026-02-16,2142.15
8713,2026-02-23,2148.04
8713,2026-03-02,1959.71
8713,2026-03-09,1890.07
8713,2026-03-16,1873.4
8713,2026-03-23,1919.5
8713,2026-03-30,1909.0
8713,2026-04-06,1942.0
8713,2026-04-13,2023.0
8713,2026-04-20,1892.0
8713,2026-04-27,1916.0
8713,2026-05-04,1986.0
8713,2026-05-11,1944.0
8713,2026-05-18,2011.0
8713,2026-05-25,1944.0
8713,2026-06-01,1956.0
8713,2026-06-08,2038.0
8713,2026-06-15,1953.0
8713,2026-06-22,1910.0
8713,2026-06-29,2005.0
8713,2026-07-06,2034.0
8713,2026-07-13,2010.0
8713,2026-07-20,2132.0
8713,2026-07-27,2160.0
8713,2026-08-03,2454.0
8713,2026-08-10,2630.0
8713,2026-08-17,2742.0
8713,2026-08-24,2878.0
8739,2025-09-01,1504.76
8739,2025-09-08,1532.41
8739,2025-09-15,1513.34
8739,2025-09-22,1555.3
8739,2025-09-29,1479.01
8739,2025-10-06,1570.55
8739,2025-10-13,1479.96
8739,2025-10-20,1499.99
8739,2025-10-27,1484.73
8739,2025-11-03,1405.58
8739,2025-11-10,1428.47
8739,2025-11-17,1424.65
8739,2025-11-24,1443.73
8739,2025-12-01,1414.17
8739,2025-12-08,1379.84
8739,2025-12-15,1430.38
8739,2025-12-22,1525.73
8739,2025-12-29,1544.81
8739,2026-01-05,1610.6
8739,2026-01-12,1679.26
8739,2026-01-19,1627.77
8739,2026-01-26,1568.65
8739,2026-02-02,1930.05
8739,2026-02-09,1916.7
8739,2026-02-16,1966.29
8739,2026-02-23,2026.37
8739,2026-03-02,1904.31
8739,2026-03-09,1832.79
8739,2026-03-16,1830.88
8739,2026-03-23,1849.0
8739,2026-03-30,1918.0
8739,2026-04-06,1984.0
8739,2026-04-13,1968.0
8739,2026-04-20,1908.0
8739,2026-04-27,1914.0
8739,2026-05-04,2039.0
8739,2026-05-11,2137.0
8739,2026-05-18,2155.0
8739,2026-05-25,2126.0
8739,2026-06-01,2173.0
8739,2026-06-08,2145.0
8739,2026-06-15,2140.0
8739,2026-06-22,2161.0
8739,2026-06-29,2299.0
8739,2026-07-06,2256.0
8739,2026-07-13,2240.0
8739,2026-07-20,2227.0
8739,2026-07-27,2255.0
8739,2026-08-03,2472.0
8739,2026-08-10,2524.0
8739,2026-08-17,2538.0
8739,2026-08-24,2626.0
8789,2025-09-01,120.87
8789,2025-09-08,117.95
8789,2025-09-15,117.95
8789,2025-09-22,116.0
8789,2025-09-29,114.0
8789,2025-10-06,111.0
8789,2025-10-13,107.0
8789,2025-10-20,106.0
8789,2025-10-27,102.0
8789,2025-11-03,108.0
8789,2025-11-10,128.0
8789,2025-11-17,139.0
8789,2025-11-24,150.0
8789,2025-12-01,156.0
8789,2025-12-08,141.0
8789,2025-12-15,141.0
8789,2025-12-22,139.0
8789,2025-12-29,138.0
8789,2026-01-05,143.0
8789,2026-01-12,144.0
8789,2026-01-19,146.0
8789,2026-01-26,146.0
8789,2026-02-02,155.0
8789,2026-02-09,149.0
8789,2026-02-16,148.0
8789,2026-02-23,155.0
8789,2026-03-02,143.0
8789,2026-03-09,134.0
8789,2026-03-16,128.0
8789,2026-03-23,125.0
8789,2026-03-30,120.0
8789,2026-04-06,126.0
8789,2026-04-13,129.0
8789,2026-04-20,126.0
8789,2026-04-27,127.0
8789,2026-05-04,129.0
8789,2026-05-11,135.0
8789,2026-05-18,136.0
8789,2026-05-25,129.0
8789,2026-06-01,123.0
8789,2026-06-08,121.0
8789,2026-06-15,122.0
8789,2026-06-22,120.0
8789,2026-06-29,128.0
8789,2026-07-06,130.0
8789,2026-07-13,129.0
8789,2026-07-20,131.0
8789,2026-07-27,132.0
8789,2026-08-03,134.0
8789,2026-08-10,154.0
8789,2026-08-17,173.0
8789,2026-08-24,173.0
8897,2025-09-01,377.71
8897,2025-09-08,379.61
8897,2025-09-15,376.76
8897,2025-09-22,381.51
8897,2025-09-29,369.98
8897,2025-10-06,367.09
8897,2025-10-13,371.9
8897,2025-10-20,369.98
8897,2025-10-27,365.17
8897,2025-11-03,369.01
8897,2025-11-10,370.94
8897,2025-11-17,369.98
8897,2025-11-24,371.9
8897,2025-12-01,360.37
8897,2025-12-08,362.29
8897,2025-12-15,366.13
8897,2025-12-22,370.94
8897,2025-12-29,371.9
8897,2026-01-05,380.55
8897,2026-01-12,384.39
8897,2026-01-19,377.66
8897,2026-01-26,378.62
8897,2026-02-02,382.47
8897,2026-02-09,397.84
8897,2026-02-16,394.96
8897,2026-02-23,406.49
8897,2026-03-02,397.84
8897,2026-03-09,392.08
8897,2026-03-16,391.12
8897,2026-03-23,394.0
8897,2026-03-30,421.0
8897,2026-04-06,426.0
8897,2026-04-13,424.0
8897,2026-04-20,401.0
8897,2026-04-27,398.0
8897,2026-05-04,401.0
8897,2026-05-11,394.0
8897,2026-05-18,422.0
8897,2026-05-25,414.0
8897,2026-06-01,410.0
8897,2026-06-08,411.0
8897,2026-06-15,404.0
8897,2026-06-22,401.0
8897,2026-06-29,404.0
8897,2026-07-06,411.0
8897,2026-07-13,411.0
8897,2026-07-20,410.0
8897,2026-07-27,411.0
8897,2026-08-03,411.0
8897,2026-08-10,459.0
8897,2026-08-17,457.0
8897,2026-08-24,462.0
8919,2025-09-01,2652.86
8919,2025-09-08,2820.43
8919,2025-09-15,2826.28
8919,2025-09-22,2795.1
8919,2025-09-29,2665.72
8919,2025-10-06,2651.89
8919,2025-10-13,2514.61
8919,2025-10-20,2526.46
8919,2025-10-27,2478.06
8919,2025-11-03,2511.64
8919,2025-11-10,2889.92
8919,2025-11-17,3007.45
8919,2025-11-24,3150.66
8919,2025-12-01,3116.1
8919,2025-12-08,3140.79
8919,2025-12-15,3101.28
8919,2025-12-22,3145.73
8919,2025-12-29,3150.66
8919,2026-01-05,3185.23
8919,2026-01-12,3214.86
8919,2026-01-19,3130.91
8919,2026-01-26,3012.39
8919,2026-02-02,3066.71
8919,2026-02-09,3200.05
8919,2026-02-16,3471.66
8919,2026-02-23,3530.92
8919,2026-03-02,3224.74
8919,2026-03-09,3130.91
8919,2026-03-16,3195.11
8919,2026-03-23,3284.0
8919,2026-03-30,3245.0
8919,2026-04-06,3365.0
8919,2026-04-13,3110.0
8919,2026-04-20,3005.0
8919,2026-04-27,3155.0
8919,2026-05-04,3165.0
8919,2026-05-11,3580.0
8919,2026-05-18,3500.0
8919,2026-05-25,3470.0
8919,2026-06-01,3460.0
8919,2026-06-08,3370.0
8919,2026-06-15,3375.0
8919,2026-06-22,3255.0
8919,2026-06-29,3275.0
8919,2026-07-06,3235.0
8919,2026-07-13,3225.0
8919,2026-07-20,3310.0
8919,2026-07-27,3395.0
8919,2026-08-03,3350.0
8919,2026-08-10,3570.0
8919,2026-08-17,3805.0
8919,2026-08-24,3835.0
8935,2025-09-01,1562.69
8935,2025-09-08,1536.77
8935,2025-09-15,1520.45
8935,2025-09-22,1553.09
8935,2025-09-29,1493.51
8935,2025-10-06,1458.34
8935,2025-10-13,1473.97
8935,2025-10-20,1536.49
8935,2025-10-27,1474.95
8935,2025-11-03,1383.13
8935,2025-11-10,1418.29
8935,2025-11-17,1446.62
8935,2025-11-24,1433.92
8935,2025-12-01,1368.48
8935,2025-12-08,1359.69
8935,2025-12-15,1374.34
8935,2025-12-22,1411.46
8935,2025-12-29,1414.39
8935,2026-01-05,1468.11
8935,2026-01-12,1507.18
8935,2026-01-19,1469.09
8935,2026-01-26,1430.99
8935,2026-02-02,1666.4
8935,2026-02-09,1780.68
8935,2026-02-16,1829.52
8935,2026-02-23,1902.78
8935,2026-03-02,1771.89
8935,2026-03-09,1680.07
8935,2026-03-16,1636.12
8935,2026-03-23,1599.0
8935,2026-03-30,1591.0
8935,2026-04-06,1615.0
8935,2026-04-13,1546.0
8935,2026-04-20,1504.0
8935,2026-04-27,1489.0
8935,2026-05-04,1484.0
8935,2026-05-11,1703.0
8935,2026-05-18,1798.0
8935,2026-05-25,1867.0
8935,2026-06-01,1786.0
8935,2026-06-08,1752.0
8935,2026-06-15,1756.0
8935,2026-06-22,1749.0
8935,2026-06-29,1788.0
8935,2026-07-06,1826.0
8935,2026-07-13,1781.0
8935,2026-07-20,1832.0
8935,2026-07-27,1910.0
8935,2026-08-03,1922.0
8935,2026-08-10,2024.0
8935,2026-08-17,2038.0
8935,2026-08-24,2073.0
9236,2025-09-01,1299.0
9236,2025-09-08,1297.0
9236,2025-09-15,1178.0
9236,2025-09-22,1140.0
9236,2025-09-29,1028.0
9236,2025-10-06,1021.0
9236,2025-10-13,1007.0
9236,2025-10-20,1019.0
9236,2025-10-27,1005.0
9236,2025-11-03,1030.0
9236,2025-11-10,1027.0
9236,2025-11-17,1070.0
9236,2025-11-24,1078.0
9236,2025-12-01,1015.0
9236,2025-12-08,980.0
9236,2025-12-15,982.0
9236,2025-12-22,990.0
9236,2025-12-29,1004.0
9236,2026-01-05,1026.0
9236,2026-01-12,1007.0
9236,2026-01-19,1049.0
9236,2026-01-26,1011.0
9236,2026-02-02,1001.0
9236,2026-02-09,993.0
9236,2026-02-16,1010.0
9236,2026-02-23,1000.0
9236,2026-03-02,1008.0
9236,2026-03-09,988.0
9236,2026-03-16,1001.0
9236,2026-03-23,1015.0
9236,2026-03-30,1015.0
9236,2026-04-06,1240.0
9236,2026-04-13,1126.0
9236,2026-04-20,1252.0
9236,2026-04-27,1150.0
9236,2026-05-04,1200.0
9236,2026-05-11,1190.0
9236,2026-05-18,1185.0
9236,2026-05-25,1185.0
9236,2026-06-01,989.0
9236,2026-06-08,1104.0
9236,2026-06-15,1000.0
9236,2026-06-22,1015.0
9236,2026-06-29,1025.0
9236,2026-07-06,1026.0
9236,2026-07-13,1025.0
9236,2026-07-20,1080.0
9236,2026-07-27,1235.0
9236,2026-08-03,1172.0
9236,2026-08-10,1304.0
9236,2026-08-17,1299.0
9236,2026-08-24,1401.0
9251,2025-09-01,948.0
9251,2025-09-08,953.73
9251,2025-09-15,1179.99
9251,2025-09-22,1305.05
9251,2025-09-29,1273.55
9251,2025-10-06,1247.77
9251,2025-10-13,1240.13
9251,2025-10-20,1256.36
9251,2025-10-27,1097.0
9251,2025-11-03,1067.0
9251,2025-11-10,1092.0
9251,2025-11-17,1087.0
9251,2025-11-24,1112.0
9251,2025-12-01,1100.0
9251,2025-12-08,1102.0
9251,2025-12-15,1155.0
9251,2025-12-22,1183.0
9251,2025-12-29,1204.0
9251,2026-01-05,1233.0
9251,2026-01-12,1209.0
9251,2026-01-19,1207.0
9251,2026-01-26,1208.0
9251,2026-02-02,1206.0
9251,2026-02-09,1223.0
9251,2026-02-16,1250.0
9251,2026-02-23,1275.0
9251,2026-03-02,1278.0
9251,2026-03-09,1255.0
9251,2026-03-16,1274.0
9251,2026-03-23,1258.0
9251,2026-03-30,1240.0
9251,2026-04-06,1219.0
9251,2026-04-13,1216.0
9251,2026-04-20,1201.0
9251,2026-04-27,1202.0
9251,2026-05-04,1208.0
9251,2026-05-11,1196.0
9251,2026-05-18,1202.0
9251,2026-05-25,1205.0
9251,2026-06-01,1211.0
9251,2026-06-08,1204.0
9251,2026-06-15,1254.0
9251,2026-06-22,1276.0
9251,2026-06-29,1326.0
9251,2026-07-06,1324.0
9251,2026-07-13,1340.0
9251,2026-07-20,1332.0
9251,2026-07-27,1367.0
9251,2026-08-03,1383.0
9251,2026-08-10,1402.0
9251,2026-08-17,1500.0
9251,2026-08-24,1580.0
9278,2025-09-01,1536.88
9278,2025-09-08,1548.7
9278,2025-09-15,1512.25
9278,2025-09-22,1538.85
9278,2025-09-29,1456.09
9278,2025-10-06,1439.34
9278,2025-10-13,1392.06
9278,2025-10-20,1370.38
9278,2025-10-27,1305.36
9278,2025-11-03,1320.14
9278,2025-11-10,1367.43
9278,2025-11-17,1383.19
9278,2025-11-24,1386.15
9278,2025-12-01,1368.41
9278,2025-12-08,1379.25
9278,2025-12-15,1389.1
9278,2025-12-22,1465.94
9278,2025-12-29,1447.23
9278,2026-01-05,1506.34
9278,2026-01-12,1613.72
9278,2026-01-19,1614.71
9278,2026-01-26,1561.51
9278,2026-02-02,1598.94
9278,2026-02-09,1624.56
9278,2026-02-16,1850.16
9278,2026-02-23,1884.65
9278,2026-03-02,1806.82
9278,2026-03-09,1755.59
9278,2026-03-16,1719.14
9278,2026-03-23,1792.04
9278,2026-03-30,1864.94
9278,2026-04-06,1860.02
9278,2026-04-13,2137.84
9278,2026-04-20,1980.21
9278,2026-04-27,1990.06
9278,2026-05-04,1987.1
9278,2026-05-11,2019.61
9278,2026-05-18,2055.08
9278,2026-05-25,2001.0
9278,2026-06-01,1910.0
9278,2026-06-08,1954.0
9278,2026-06-15,1952.0
9278,2026-06-22,1935.0
9278,2026-06-29,1979.0
9278,2026-07-06,2084.0
9278,2026-07-13,2481.0
9278,2026-07-20,2598.0
9278,2026-07-27,2816.0
9278,2026-08-03,2959.0
9278,2026-08-10,2926.0
9278,2026-08-17,2955.0
9278,2026-08-24,3100.0
9304,2025-09-01,1077.62
9304,2025-09-08,1101.51
9304,2025-09-15,1084.79
9304,2025-09-22,1089.57
9304,2025-09-29,1096.4
9304,2025-10-06,1095.42
9304,2025-10-13,1088.59
9304,2025-10-20,1106.16
9304,2025-10-27,1080.78
9304,2025-11-03,1074.92
9304,2025-11-10,1096.4
9304,2025-11-17,1134.48
9304,2025-11-24,1155.96
9304,2025-12-01,1147.17
9304,2025-12-08,1171.58
9304,2025-12-15,1228.2
9304,2025-12-22,1247.73
9304,2025-12-29,1244.8
9304,2026-01-05,1279.95
9304,2026-01-12,1306.31
9304,2026-01-19,1291.66
9304,2026-01-26,1267.26
9304,2026-02-02,1304.36
9304,2026-02-09,1339.5
9304,2026-02-16,1356.1
9304,2026-02-23,1382.46
9304,2026-03-02,1345.36
9304,2026-03-09,1278.97
9304,2026-03-16,1279.95
9304,2026-03-23,1319.0
9304,2026-03-30,1343.0
9304,2026-04-06,1333.0
9304,2026-04-13,1333.0
9304,2026-04-20,1276.0
9304,2026-04-27,1269.0
9304,2026-05-04,1276.0
9304,2026-05-11,1422.0
9304,2026-05-18,1434.0
9304,2026-05-25,1413.0
9304,2026-06-01,1422.0
9304,2026-06-08,1494.0
9304,2026-06-15,1552.0
9304,2026-06-22,1586.0
9304,2026-06-29,1757.0
9304,2026-07-06,1869.0
9304,2026-07-13,1979.0
9304,2026-07-20,1800.0
9304,2026-07-27,1819.0
9304,2026-08-03,1901.0
9304,2026-08-10,1977.0
9304,2026-08-17,1989.0
9304,2026-08-24,2180.0
9340,2025-09-01,692.44
9340,2025-09-08,689.55
9340,2025-09-15,685.7
9340,2025-09-22,677.99
9340,2025-09-29,672.21
9340,2025-10-06,654.88
9340,2025-10-13,631.77
9340,2025-10-20,651.03
9340,2025-10-27,646.21
9340,2025-11-03,643.32
9340,2025-11-10,656.81
9340,2025-11-17,656.81
9340,2025-11-24,670.29
9340,2025-12-01,708.81
9340,2025-12-08,707.85
9340,2025-12-15,692.44
9340,2025-12-22,684.73
9340,2025-12-29,687.68
9340,2026-01-05,716.13
9340,2026-01-12,706.32
9340,2026-01-19,716.13
9340,2026-01-26,707.3
9340,2026-02-02,713.18
9340,2026-02-09,734.76
9340,2026-02-16,697.49
9340,2026-02-23,697.49
9340,2026-03-02,686.7
9340,2026-03-09,671.0
9340,2026-03-16,671.98
9340,2026-03-23,678.85
9340,2026-03-30,666.1
9340,2026-04-06,674.92
9340,2026-04-13,675.9
9340,2026-04-20,674.92
9340,2026-04-27,671.0
9340,2026-05-04,666.1
9340,2026-05-11,683.75
9340,2026-05-18,657.27
9340,2026-05-25,651.38
9340,2026-06-01,657.27
9340,2026-06-08,663.15
9340,2026-06-15,675.9
9340,2026-06-22,671.0
9340,2026-06-29,697.0
9340,2026-07-06,689.0
9340,2026-07-13,700.0
9340,2026-07-20,705.0
9340,2026-07-27,730.0
9340,2026-08-03,711.0
9340,2026-08-10,707.0
9340,2026-08-17,703.0
9340,2026-08-24,770.0
9343,2025-09-01,731.58
9343,2025-09-08,737.49
9343,2025-09-15,769.04
9343,2025-09-22,756.23
9343,2025-09-29,722.71
9343,2025-10-06,725.66
9343,2025-10-13,694.11
9343,2025-10-20,712.85
9343,2025-10-27,695.1
9343,2025-11-03,670.45
9343,2025-11-10,658.62
9343,2025-11-17,700.03
9343,2025-11-24,691.15
9343,2025-12-01,682.28
9343,2025-12-08,673.41
9343,2025-12-15,674.39
9343,2025-12-22,702.0
9343,2025-12-29,713.0
9343,2026-01-05,726.0
9343,2026-01-12,732.0
9343,2026-01-19,739.0
9343,2026-01-26,698.0
9343,2026-02-02,701.0
9343,2026-02-09,619.0
9343,2026-02-16,620.0
9343,2026-02-23,632.0
9343,2026-03-02,665.0
9343,2026-03-09,660.0
9343,2026-03-16,663.0
9343,2026-03-23,684.0
9343,2026-03-30,730.0
9343,2026-04-06,708.0
9343,2026-04-13,717.0
9343,2026-04-20,681.0
9343,2026-04-27,675.0
9343,2026-05-04,690.0
9343,2026-05-11,800.0
9343,2026-05-18,820.0
9343,2026-05-25,797.0
9343,2026-06-01,792.0
9343,2026-06-08,787.0
9343,2026-06-15,751.0
9343,2026-06-22,720.0
9343,2026-06-29,762.0
9343,2026-07-06,778.0
9343,2026-07-13,775.0
9343,2026-07-20,770.0
9343,2026-07-27,780.0
9343,2026-08-03,820.0
9343,2026-08-10,760.0
9343,2026-08-17,766.0
9343,2026-08-24,840.0
9633,2025-09-01,1382.5
9633,2025-09-08,1383.49
9633,2025-09-15,1383.49
9633,2025-09-22,1412.15
9633,2025-09-29,1383.49
9633,2025-10-06,1387.44
9633,2025-10-13,1382.5
9633,2025-10-20,1392.38
9633,2025-10-27,1430.92
9633,2025-11-03,1403.25
9633,2025-11-10,1404.24
9633,2025-11-17,1433.89
9633,2025-11-24,1408.2
9633,2025-12-01,1414.12
9633,2025-12-08,1417.09
9633,2025-12-15,1418.08
9633,2025-12-22,1469.46
9633,2025-12-29,1507.02
9633,2026-01-05,1474.41
9633,2026-01-12,1468.48
9633,2026-01-19,1475.39
9633,2026-01-26,1481.32
9633,2026-02-02,1481.32
9633,2026-02-09,1485.28
9633,2026-02-16,1508.99
9633,2026-02-23,1569.27
9633,2026-03-02,1606.83
9633,2026-03-09,1679.95
9633,2026-03-16,1677.98
9633,2026-03-23,1676.0
9633,2026-03-30,1647.0
9633,2026-04-06,1601.0
9633,2026-04-13,1578.0
9633,2026-04-20,1550.0
9633,2026-04-27,1570.0
9633,2026-05-04,1579.0
9633,2026-05-11,1633.0
9633,2026-05-18,1616.0
9633,2026-05-25,1672.0
9633,2026-06-01,1643.0
9633,2026-06-08,1659.0
9633,2026-06-15,1608.0
9633,2026-06-22,1617.0
9633,2026-06-29,1625.0
9633,2026-07-06,1631.0
9633,2026-07-13,1635.0
9633,2026-07-20,1638.0
9633,2026-07-27,1633.0
9633,2026-08-03,1646.0
9633,2026-08-10,1722.0
9633,2026-08-17,1836.0
9633,2026-08-24,1980.0
9644,2025-09-01,689.82
9644,2025-09-08,691.74
9644,2025-09-15,706.19
9644,2025-09-22,712.94
9644,2025-09-29,640.47
9644,2025-10-06,639.49
9644,2025-10-13,653.2
9644,2025-10-20,667.89
9644,2025-10-27,682.58
9644,2025-11-03,670.83
9644,2025-11-10,683.56
9644,2025-11-17,686.5
9644,2025-11-24,687.48
9644,2025-12-01,687.48
9644,2025-12-08,689.43
9644,2025-12-15,706.08
9644,2025-12-22,710.0
9644,2025-12-29,720.77
9644,2026-01-05,746.23
9644,2026-01-12,753.09
9644,2026-01-19,739.38
9644,2026-01-26,727.63
9644,2026-02-02,730.57
9644,2026-02-09,714.9
9644,2026-02-16,703.14
9644,2026-02-23,732.52
9644,2026-03-02,710.98
9644,2026-03-09,697.27
9644,2026-03-16,696.29
9644,2026-03-23,710.0
9644,2026-03-30,716.0
9644,2026-04-06,723.0
9644,2026-04-13,713.0
9644,2026-04-20,716.0
9644,2026-04-27,721.0
9644,2026-05-04,724.0
9644,2026-05-11,732.0
9644,2026-05-18,721.0
9644,2026-05-25,720.0
9644,2026-06-01,715.0
9644,2026-06-08,723.0
9644,2026-06-15,738.0
9644,2026-06-22,734.0
9644,2026-06-29,761.0
9644,2026-07-06,766.0
9644,2026-07-13,752.0
9644,2026-07-20,747.0
9644,2026-07-27,766.0
9644,2026-08-03,750.0
9644,2026-08-10,774.0
9644,2026-08-17,776.0
9644,2026-08-24,782.0
9706,2025-09-01,4818.08
9706,2025-09-08,4720.91
9706,2025-09-15,4641.42
9706,2025-09-22,4709.14
9706,2025-09-29,4554.58
9706,2025-10-06,4727.96
9706,2025-10-13,4842.89
9706,2025-10-20,4921.16
9706,2025-10-27,4751.74
9706,2025-11-03,4725.98
9706,2025-11-10,5130.21
9706,2025-11-17,4590.24
9706,2025-11-24,4485.22
9706,2025-12-01,4379.21
9706,2025-12-08,4196.91
9706,2025-12-15,4397.04
9706,2025-12-22,4441.63
9706,2025-12-29,4345.52
9706,2026-01-05,4577.36
9706,2026-01-12,4767.59
9706,2026-01-19,4730.93
9706,2026-01-26,4787.41
9706,2026-02-02,5292.7
9706,2026-02-09,5522.56
9706,2026-02-16,5284.78
9706,2026-02-23,5284.78
9706,2026-03-02,5037.08
9706,2026-03-09,4954.85
9706,2026-03-16,4918.19
9706,2026-03-23,5368.0
9706,2026-03-30,5507.0
9706,2026-04-06,5440.0
9706,2026-04-13,5164.0
9706,2026-04-20,5056.0
9706,2026-04-27,5002.0
9706,2026-05-04,5096.0
9706,2026-05-11,5037.0
9706,2026-05-18,4908.0
9706,2026-05-25,4832.0
9706,2026-06-01,4641.0
9706,2026-06-08,4701.0
9706,2026-06-15,4657.0
9706,2026-06-22,4909.0
9706,2026-06-29,5239.0
9706,2026-07-06,5301.0
9706,2026-07-13,5354.0
9706,2026-07-20,5296.0
9706,2026-07-27,5667.0
9706,2026-08-03,5728.0
9706,2026-08-10,5661.0
9706,2026-08-17,5683.0
9706,2026-08-24,5998.0
9722,2025-09-01,2108.81
9722,2025-09-08,2071.01
9722,2025-09-15,2065.04
9722,2025-09-22,2124.72
9722,2025-09-29,2043.16
9722,2025-10-06,2188.39
9722,2025-10-13,2244.09
9722,2025-10-20,2212.26
9722,2025-10-27,2224.2
9722,2025-11-03,2168.49
9722,2025-11-10,2250.06
9722,2025-11-17,2104.83
9722,2025-11-24,2315.71
9722,2025-12-01,2246.08
9722,2025-12-08,2395.29
9722,2025-12-15,2506.7
9722,2025-12-22,2638.0
9722,2025-12-29,2640.0
9722,2026-01-05,2717.0
9722,2026-01-12,2710.0
9722,2026-01-19,2716.0
9722,2026-01-26,2488.0
9722,2026-02-02,2552.0
9722,2026-02-09,2356.0
9722,2026-02-16,2321.0
9722,2026-02-23,2355.0
9722,2026-03-02,2248.0
9722,2026-03-09,2094.0
9722,2026-03-16,1977.0
9722,2026-03-23,2060.0
9722,2026-03-30,2128.0
9722,2026-04-06,2319.0
9722,2026-04-13,2244.0
9722,2026-04-20,2065.0
9722,2026-04-27,1988.0
9722,2026-05-04,2013.0
9722,2026-05-11,1905.0
9722,2026-05-18,1848.0
9722,2026-05-25,1870.0
9722,2026-06-01,1805.0
9722,2026-06-08,1757.0
9722,2026-06-15,1855.0
9722,2026-06-22,1852.0
9722,2026-06-29,1951.0
9722,2026-07-06,1878.0
9722,2026-07-13,1909.0
9722,2026-07-20,1929.0
9722,2026-07-27,2016.0
9722,2026-08-03,2235.0
9722,2026-08-10,2333.0
9722,2026-08-17,2651.0
9722,2026-08-24,3005.0
9739,2025-09-01,2454.21
9739,2025-09-08,2465.62
9739,2025-09-15,2428.55
9739,2025-09-22,2494.13
9739,2025-09-29,2424.64
9739,2025-10-06,2486.41
9739,2025-10-13,2483.51
9739,2025-10-20,2546.25
9739,2025-10-27,2398.57
9739,2025-11-03,2426.57
9739,2025-11-10,2387.96
9739,2025-11-17,2422.7
9739,2025-11-24,2485.44
9739,2025-12-01,2399.54
9739,2025-12-08,2393.75
9739,2025-12-15,2422.7
9739,2025-12-22,2436.22
9739,2025-12-29,2441.04
9739,2026-01-05,2466.14
9739,2026-01-12,2462.28
9739,2026-01-19,2455.52
9739,2026-01-26,2383.13
9739,2026-02-02,2402.43
9739,2026-02-09,2305.91
9739,2026-02-16,2298.19
9739,2026-02-23,2381.2
9739,2026-03-02,2270.2
9739,2026-03-09,2290.47
9739,2026-03-16,2274.06
9739,2026-03-23,2359.0
9739,2026-03-30,2506.0
9739,2026-04-06,2518.0
9739,2026-04-13,2553.0
9739,2026-04-20,2447.0
9739,2026-04-27,2450.0
9739,2026-05-04,2457.0
9739,2026-05-11,2508.0
9739,2026-05-18,2605.0
9739,2026-05-25,2538.0
9739,2026-06-01,2557.0
9739,2026-06-08,2449.0
9739,2026-06-15,2529.0
9739,2026-06-22,2542.0
9739,2026-06-29,2525.0
9739,2026-07-06,2511.0
9739,2026-07-13,2524.0
9739,2026-07-20,2529.0
9739,2026-07-27,2498.0
9739,2026-08-03,2521.0
9739,2026-08-10,2740.0
9739,2026-08-17,2714.0
9739,2026-08-24,2805.0
9780,2025-09-01,828.29
9780,2025-09-08,826.35
9780,2025-09-15,836.01
9780,2025-09-22,836.01
9780,2025-09-29,852.71
9780,2025-10-06,834.04
9780,2025-10-13,813.41
9780,2025-10-20,839.94
9780,2025-10-27,828.15
9780,2025-11-03,816.36
9780,2025-11-10,840.92
9780,2025-11-17,828.15
9780,2025-11-24,828.15
9780,2025-12-01,836.99
9780,2025-12-08,854.67
9780,2025-12-15,876.29
9780,2025-12-22,864.5
9780,2025-12-29,866.46
9780,2026-01-05,884.15
9780,2026-01-12,912.63
9780,2026-01-19,903.79
9780,2026-01-26,896.92
9780,2026-02-02,908.7
9780,2026-02-09,987.3
9780,2026-02-16,979.44
9780,2026-02-23,1008.91
9780,2026-03-02,982.38
9780,2026-03-09,948.0
9780,2026-03-16,938.18
9780,2026-03-23,948.0
9780,2026-03-30,970.0
9780,2026-04-06,971.0
9780,2026-04-13,961.0
9780,2026-04-20,943.0
9780,2026-04-27,941.0
9780,2026-05-04,948.0
9780,2026-05-11,925.0
9780,2026-05-18,897.0
9780,2026-05-25,908.0
9780,2026-06-01,901.0
9780,2026-06-08,898.0
9780,2026-06-15,891.0
9780,2026-06-22,891.0
9780,2026-06-29,915.0
9780,2026-07-06,933.0
9780,2026-07-13,925.0
9780,2026-07-20,918.0
9780,2026-07-27,916.0
9780,2026-08-03,948.0
9780,2026-08-10,1015.0
9780,2026-08-17,1100.0
9780,2026-08-24,1133.0
9908,2025-09-01,1991.02
9908,2025-09-08,1995.81
9908,2025-09-15,1989.1
9908,2025-09-22,2038.95
9908,2025-09-29,2013.51
9908,2025-10-06,2007.64
9908,2025-10-13,1987.1
9908,2025-10-20,1994.92
9908,2025-10-27,1993.94
9908,2025-11-03,1988.07
9908,2025-11-10,2004.71
9908,2025-11-17,2000.79
9908,2025-11-24,2018.4
9908,2025-12-01,2025.25
9908,2025-12-08,2143.64
9908,2025-12-15,2157.33
9908,2025-12-22,2240.5
9908,2025-12-29,2220.93
9908,2026-01-05,2309.96
9908,2026-01-12,2387.25
9908,2026-01-19,2362.79
9908,2026-01-26,2307.03
9908,2026-02-02,2493.9
9908,2026-02-09,2589.78
9908,2026-02-16,2519.34
9908,2026-02-23,2623.04
9908,2026-03-02,2533.03
9908,2026-03-09,2525.21
9908,2026-03-16,2428.35
9908,2026-03-23,2444.0
9908,2026-03-30,2476.0
9908,2026-04-06,2476.0
9908,2026-04-13,2446.0
9908,2026-04-20,2363.0
9908,2026-04-27,2403.0
9908,2026-05-04,2542.0
9908,2026-05-11,2518.0
9908,2026-05-18,2458.0
9908,2026-05-25,2536.0
9908,2026-06-01,2550.0
9908,2026-06-08,2428.0
9908,2026-06-15,2510.0
9908,2026-06-22,2567.0
9908,2026-06-29,2697.0
9908,2026-07-06,2658.0
9908,2026-07-13,2630.0
9908,2026-07-20,2617.0
9908,2026-07-27,2645.0
9908,2026-08-03,2688.0
9908,2026-08-10,2740.0
9908,2026-08-17,2711.0
9908,2026-08-24,2871.0
9928,2025-09-01,1783.49
9928,2025-09-08,1800.88
9928,2025-09-15,1922.62
9928,2025-09-22,1877.21
9928,2025-09-29,1750.65
9928,2025-10-06,1744.85
9928,2025-10-13,1720.7
9928,2025-10-20,1754.51
9928,2025-10-27,1704.27
9928,2025-11-03,1774.8
9928,2025-11-10,1805.72
9928,2025-11-17,1797.02
9928,2025-11-24,1821.17
9928,2025-12-01,1780.6
9928,2025-12-08,1790.26
9928,2025-12-15,1826.0
9928,2025-12-22,1915.86
9928,2025-12-29,1921.65
9928,2026-01-05,1929.38
9928,2026-01-12,1951.6
9928,2026-01-19,1905.23
9928,2026-01-26,1865.62
9928,2026-02-02,1737.12
9928,2026-02-09,1652.1
9928,2026-02-16,1684.95
9928,2026-02-23,1741.95
9928,2026-03-02,1697.51
9928,2026-03-09,1660.79
9928,2026-03-16,1664.66
9928,2026-03-23,1712.0
9928,2026-03-30,1792.0
9928,2026-04-06,1772.0
9928,2026-04-13,1805.0
9928,2026-04-20,1739.0
9928,2026-04-27,1700.0
9928,2026-05-04,1723.0
9928,2026-05-11,1710.0
9928,2026-05-18,1735.0
9928,2026-05-25,1694.0
9928,2026-06-01,1736.0
9928,2026-06-08,1747.0
9928,2026-06-15,1727.0
9928,2026-06-22,1749.0
9928,2026-06-29,1774.0
9928,2026-07-06,1817.0
9928,2026-07-13,1813.0
9928,2026-07-20,1796.0
9928,2026-07-27,1823.0
9928,2026-08-03,1835.0
9928,2026-08-10,1923.0
9928,2026-08-17,1955.0
9928,2026-08-24,2070.0
